This file contains any messages produced by compilers while
running configure, to aid debugging if configure makes a mistake.

It was created by GNU patch configure 2.8, which was
generated by GNU Autoconf 2.72.  Invocation command line was

  $ ./configure --prefix=/usr

## --------- ##
## Platform. ##
## --------- ##

hostname = nobara-laptop
uname -m = x86_64
uname -r = 7.1.4-200.nobara.fc44.x86_64
uname -s = Linux
uname -v = #1 SMP PREEMPT_DYNAMIC Mon Jul 20 03:39:43 UTC 2026

/usr/bin/uname -p = unknown
/bin/uname -X     = unknown

/bin/arch              = x86_64
/usr/bin/arch -k       = unknown
/usr/convex/getsysinfo = unknown
/usr/bin/hostinfo      = unknown
/bin/machine           = unknown
/usr/bin/oslevel       = unknown
/bin/universe          = unknown

PATH: /home/sonakrie/.local/bin/
PATH: /home/sonakrie/bin/
PATH: /usr/local/sbin/
PATH: /usr/local/bin/
PATH: /usr/sbin/
PATH: /usr/bin/
PATH: /sbin/
PATH: /bin/


## ----------- ##
## Core tests. ##
## ----------- ##

configure:4328: looking for aux files: ar-lib config.guess config.sub compile missing install-sh
configure:4341:  trying ./build-aux/
configure:4370:   ./build-aux/ar-lib found
configure:4370:   ./build-aux/config.guess found
configure:4370:   ./build-aux/config.sub found
configure:4370:   ./build-aux/compile found
configure:4370:   ./build-aux/missing found
configure:4352:   ./build-aux/install-sh found
configure:4528: checking for a BSD-compatible install
configure:4602: result: /usr/bin/install -c
configure:4613: checking whether build environment is sane
configure:4668: result: yes
configure:4829: checking for a race-free mkdir -p
configure:4872: result: /bin/mkdir -p
configure:4879: checking for gawk
configure:4915: result: no
configure:4879: checking for mawk
configure:4915: result: no
configure:4879: checking for nawk
configure:4915: result: no
configure:4879: checking for awk
configure:4900: found /usr/bin/awk
configure:4912: result: awk
configure:4923: checking whether make sets $(MAKE)
configure:4947: result: yes
configure:4977: checking whether make supports nested variables
configure:4996: result: yes
configure:5144: checking whether make supports nested variables
configure:5163: result: yes
configure:5241: checking for gcc
configure:5262: found /usr/bin/gcc
configure:5274: result: gcc
configure:5633: checking for C compiler version
configure:5642: gcc --version >&5
gcc (Alpine 15.2.0) 15.2.0
Copyright (C) 2025 Free Software Foundation, Inc.
This is free software; see the source for copying conditions.  There is NO
warranty; not even for MERCHANTABILITY or FITNESS FOR A PARTICULAR PURPOSE.

configure:5653: $? = 0
configure:5642: gcc -v >&5
Using built-in specs.
COLLECT_GCC=gcc
COLLECT_LTO_WRAPPER=/usr/libexec/gcc/x86_64-alpine-linux-musl/15.2.0/lto-wrapper
Target: x86_64-alpine-linux-musl
Configured with: /home/buildozer/aports/main/gcc/src/gcc-15.2.0/configure --prefix=/usr --mandir=/usr/share/man --infodir=/usr/share/info --build=x86_64-alpine-linux-musl --host=x86_64-alpine-linux-musl --target=x86_64-alpine-linux-musl --enable-checking=release --disable-cet --disable-fixed-point --disable-libstdcxx-pch --disable-multilib --disable-nls --disable-werror --disable-symvers --enable-__cxa_atexit --enable-default-pie --enable-default-ssp --enable-languages=c,c++,d,objc,go,fortran,ada --enable-link-serialization=2 --enable-linker-build-id --disable-libssp --enable-libsanitizer --enable-shared --enable-threads --enable-tls --with-bugurl=https://gitlab.alpinelinux.org/alpine/aports/-/issues --with-system-zlib --with-linker-hash-style=gnu --with-pkgversion='Alpine 15.2.0'
Thread model: posix
Supported LTO compression algorithms: zlib
gcc version 15.2.0 (Alpine 15.2.0) 
configure:5653: $? = 0
configure:5642: gcc -V >&5
gcc: error: unrecognized command-line option '-V'
gcc: fatal error: no input files
compilation terminated.
configure:5653: $? = 1
configure:5642: gcc -qversion >&5
gcc: error: unrecognized command-line option '-qversion'; did you mean '--version'?
gcc: fatal error: no input files
compilation terminated.
configure:5653: $? = 1
configure:5642: gcc -version >&5
gcc: error: unrecognized command-line option '-version'
gcc: fatal error: no input files
compilation terminated.
configure:5653: $? = 1
configure:5673: checking whether the C compiler works
configure:5695: gcc    conftest.c  >&5
configure:5699: $? = 0
configure:5750: result: yes
configure:5754: checking for C compiler default output file name
configure:5756: result: a.out
configure:5762: checking for suffix of executables
configure:5769: gcc -o conftest    conftest.c  >&5
configure:5773: $? = 0
configure:5797: result: 
configure:5821: checking whether we are cross compiling
configure:5829: gcc -o conftest    conftest.c  >&5
configure:5833: $? = 0
configure:5840: ./conftest
configure:5844: $? = 0
configure:5859: result: no
configure:5865: checking for suffix of object files
configure:5888: gcc -c   conftest.c >&5
configure:5892: $? = 0
configure:5916: result: o
configure:5920: checking whether the compiler supports GNU C
configure:5940: gcc -c   conftest.c >&5
configure:5940: $? = 0
configure:5952: result: yes
configure:5963: checking whether gcc accepts -g
configure:5984: gcc -c -g  conftest.c >&5
configure:5984: $? = 0
configure:6031: result: yes
configure:6051: checking for gcc option to enable C11 features
configure:6066: gcc  -c -g -O2  conftest.c >&5
configure:6066: $? = 0
configure:6085: result: none needed
configure:6209: checking whether gcc understands -c and -o together
configure:6232: gcc -c conftest.c -o conftest2.o
configure:6235: $? = 0
configure:6232: gcc -c conftest.c -o conftest2.o
configure:6235: $? = 0
configure:6248: result: yes
configure:6266: checking whether the compiler is clang
configure:6288: gcc -c -g -O2  conftest.c >&5
configure:6288: $? = 0
configure:6299: result: no
configure:6303: checking for compiler option needed when checking for declarations
configure:6338: result: none
configure:6350: checking whether make supports the include directive
configure:6365: make -f confmf.GNU && cat confinc.out
this is the am__doit target
configure:6368: $? = 0
configure:6387: result: yes (GNU style)
configure:6413: checking dependency style of gcc
configure:6526: result: gcc3
configure:6546: checking for stdio.h
configure:6546: gcc -c -g -O2  conftest.c >&5
configure:6546: $? = 0
configure:6546: result: yes
configure:6546: checking for stdlib.h
configure:6546: gcc -c -g -O2  conftest.c >&5
configure:6546: $? = 0
configure:6546: result: yes
configure:6546: checking for string.h
configure:6546: gcc -c -g -O2  conftest.c >&5
configure:6546: $? = 0
configure:6546: result: yes
configure:6546: checking for inttypes.h
configure:6546: gcc -c -g -O2  conftest.c >&5
configure:6546: $? = 0
configure:6546: result: yes
configure:6546: checking for stdint.h
configure:6546: gcc -c -g -O2  conftest.c >&5
configure:6546: $? = 0
configure:6546: result: yes
configure:6546: checking for strings.h
configure:6546: gcc -c -g -O2  conftest.c >&5
configure:6546: $? = 0
configure:6546: result: yes
configure:6546: checking for sys/stat.h
configure:6546: gcc -c -g -O2  conftest.c >&5
configure:6546: $? = 0
configure:6546: result: yes
configure:6546: checking for sys/types.h
configure:6546: gcc -c -g -O2  conftest.c >&5
configure:6546: $? = 0
configure:6546: result: yes
configure:6546: checking for unistd.h
configure:6546: gcc -c -g -O2  conftest.c >&5
configure:6546: $? = 0
configure:6546: result: yes
configure:6546: checking for wchar.h
configure:6546: gcc -c -g -O2  conftest.c >&5
configure:6546: $? = 0
configure:6546: result: yes
configure:6546: checking for minix/config.h
configure:6546: gcc -c -g -O2  conftest.c >&5
conftest.c:49:10: fatal error: minix/config.h: No such file or directory
   49 | #include <minix/config.h>
      |          ^~~~~~~~~~~~~~~~
compilation terminated.
configure:6546: $? = 1
configure: failed program was:
| /* confdefs.h */
| #define PACKAGE_NAME "GNU patch"
| #define PACKAGE_TARNAME "patch"
| #define PACKAGE_VERSION "2.8"
| #define PACKAGE_STRING "GNU patch 2.8"
| #define PACKAGE_BUGREPORT "bug-patch@gnu.org"
| #define PACKAGE_URL "https://www.gnu.org/software/patch/"
| #define PACKAGE "patch"
| #define VERSION "2.8"
| #define HAVE_STDIO_H 1
| #define HAVE_STDLIB_H 1
| #define HAVE_STRING_H 1
| #define HAVE_INTTYPES_H 1
| #define HAVE_STDINT_H 1
| #define HAVE_STRINGS_H 1
| #define HAVE_SYS_STAT_H 1
| #define HAVE_SYS_TYPES_H 1
| #define HAVE_UNISTD_H 1
| #define HAVE_WCHAR_H 1
| /* end confdefs.h.  */
| #include <stddef.h>
| #ifdef HAVE_STDIO_H
| # include <stdio.h>
| #endif
| #ifdef HAVE_STDLIB_H
| # include <stdlib.h>
| #endif
| #ifdef HAVE_STRING_H
| # include <string.h>
| #endif
| #ifdef HAVE_INTTYPES_H
| # include <inttypes.h>
| #endif
| #ifdef HAVE_STDINT_H
| # include <stdint.h>
| #endif
| #ifdef HAVE_STRINGS_H
| # include <strings.h>
| #endif
| #ifdef HAVE_SYS_TYPES_H
| # include <sys/types.h>
| #endif
| #ifdef HAVE_SYS_STAT_H
| # include <sys/stat.h>
| #endif
| #ifdef HAVE_UNISTD_H
| # include <unistd.h>
| #endif
| #include <minix/config.h>
configure:6546: result: no
configure:6546: checking for stdbool.h
configure:6546: gcc -c -g -O2  conftest.c >&5
configure:6546: $? = 0
configure:6546: result: yes
configure:6546: checking for uchar.h
configure:6546: gcc -c -g -O2  conftest.c >&5
configure:6546: $? = 0
configure:6546: result: yes
configure:6546: checking for sys/param.h
configure:6546: gcc -c -g -O2  conftest.c >&5
configure:6546: $? = 0
configure:6546: result: yes
configure:6546: checking for sys/socket.h
configure:6546: gcc -c -g -O2  conftest.c >&5
configure:6546: $? = 0
configure:6546: result: yes
configure:6546: checking for dirent.h
configure:6546: gcc -c -g -O2  conftest.c >&5
configure:6546: $? = 0
configure:6546: result: yes
configure:6546: checking for error.h
configure:6546: gcc -c -g -O2  conftest.c >&5
conftest.c:54:10: fatal error: error.h: No such file or directory
   54 | #include <error.h>
      |          ^~~~~~~~~
compilation terminated.
configure:6546: $? = 1
configure: failed program was:
| /* confdefs.h */
| #define PACKAGE_NAME "GNU patch"
| #define PACKAGE_TARNAME "patch"
| #define PACKAGE_VERSION "2.8"
| #define PACKAGE_STRING "GNU patch 2.8"
| #define PACKAGE_BUGREPORT "bug-patch@gnu.org"
| #define PACKAGE_URL "https://www.gnu.org/software/patch/"
| #define PACKAGE "patch"
| #define VERSION "2.8"
| #define HAVE_STDIO_H 1
| #define HAVE_STDLIB_H 1
| #define HAVE_STRING_H 1
| #define HAVE_INTTYPES_H 1
| #define HAVE_STDINT_H 1
| #define HAVE_STRINGS_H 1
| #define HAVE_SYS_STAT_H 1
| #define HAVE_SYS_TYPES_H 1
| #define HAVE_UNISTD_H 1
| #define HAVE_WCHAR_H 1
| #define HAVE_STDBOOL_H 1
| #define HAVE_UCHAR_H 1
| #define HAVE_SYS_PARAM_H 1
| #define HAVE_SYS_SOCKET_H 1
| #define HAVE_DIRENT_H 1
| /* end confdefs.h.  */
| #include <stddef.h>
| #ifdef HAVE_STDIO_H
| # include <stdio.h>
| #endif
| #ifdef HAVE_STDLIB_H
| # include <stdlib.h>
| #endif
| #ifdef HAVE_STRING_H
| # include <string.h>
| #endif
| #ifdef HAVE_INTTYPES_H
| # include <inttypes.h>
| #endif
| #ifdef HAVE_STDINT_H
| # include <stdint.h>
| #endif
| #ifdef HAVE_STRINGS_H
| # include <strings.h>
| #endif
| #ifdef HAVE_SYS_TYPES_H
| # include <sys/types.h>
| #endif
| #ifdef HAVE_SYS_STAT_H
| # include <sys/stat.h>
| #endif
| #ifdef HAVE_UNISTD_H
| # include <unistd.h>
| #endif
| #include <error.h>
configure:6546: result: no
configure:6546: checking for stdio_ext.h
configure:6546: gcc -c -g -O2  conftest.c >&5
configure:6546: $? = 0
configure:6546: result: yes
configure:6546: checking for getopt.h
configure:6546: gcc -c -g -O2  conftest.c >&5
configure:6546: $? = 0
configure:6546: result: yes
configure:6546: checking for sys/time.h
configure:6546: gcc -c -g -O2  conftest.c >&5
configure:6546: $? = 0
configure:6546: result: yes
configure:6546: checking for threads.h
configure:6546: gcc -c -g -O2  conftest.c >&5
configure:6546: $? = 0
configure:6546: result: yes
configure:6546: checking for limits.h
configure:6546: gcc -c -g -O2  conftest.c >&5
configure:6546: $? = 0
configure:6546: result: yes
configure:6546: checking for xlocale.h
configure:6546: gcc -c -g -O2  conftest.c >&5
conftest.c:59:10: fatal error: xlocale.h: No such file or directory
   59 | #include <xlocale.h>
      |          ^~~~~~~~~~~
compilation terminated.
configure:6546: $? = 1
configure: failed program was:
| /* confdefs.h */
| #define PACKAGE_NAME "GNU patch"
| #define PACKAGE_TARNAME "patch"
| #define PACKAGE_VERSION "2.8"
| #define PACKAGE_STRING "GNU patch 2.8"
| #define PACKAGE_BUGREPORT "bug-patch@gnu.org"
| #define PACKAGE_URL "https://www.gnu.org/software/patch/"
| #define PACKAGE "patch"
| #define VERSION "2.8"
| #define HAVE_STDIO_H 1
| #define HAVE_STDLIB_H 1
| #define HAVE_STRING_H 1
| #define HAVE_INTTYPES_H 1
| #define HAVE_STDINT_H 1
| #define HAVE_STRINGS_H 1
| #define HAVE_SYS_STAT_H 1
| #define HAVE_SYS_TYPES_H 1
| #define HAVE_UNISTD_H 1
| #define HAVE_WCHAR_H 1
| #define HAVE_STDBOOL_H 1
| #define HAVE_UCHAR_H 1
| #define HAVE_SYS_PARAM_H 1
| #define HAVE_SYS_SOCKET_H 1
| #define HAVE_DIRENT_H 1
| #define HAVE_STDIO_EXT_H 1
| #define HAVE_GETOPT_H 1
| #define HAVE_SYS_TIME_H 1
| #define HAVE_THREADS_H 1
| #define HAVE_LIMITS_H 1
| /* end confdefs.h.  */
| #include <stddef.h>
| #ifdef HAVE_STDIO_H
| # include <stdio.h>
| #endif
| #ifdef HAVE_STDLIB_H
| # include <stdlib.h>
| #endif
| #ifdef HAVE_STRING_H
| # include <string.h>
| #endif
| #ifdef HAVE_INTTYPES_H
| # include <inttypes.h>
| #endif
| #ifdef HAVE_STDINT_H
| # include <stdint.h>
| #endif
| #ifdef HAVE_STRINGS_H
| # include <strings.h>
| #endif
| #ifdef HAVE_SYS_TYPES_H
| # include <sys/types.h>
| #endif
| #ifdef HAVE_SYS_STAT_H
| # include <sys/stat.h>
| #endif
| #ifdef HAVE_UNISTD_H
| # include <unistd.h>
| #endif
| #include <xlocale.h>
configure:6546: result: no
configure:6546: checking for sys/mman.h
configure:6546: gcc -c -g -O2  conftest.c >&5
configure:6546: $? = 0
configure:6546: result: yes
configure:6546: checking for stdckdint.h
configure:6546: gcc -c -g -O2  conftest.c >&5
configure:6546: $? = 0
configure:6546: result: yes
configure:6546: checking for sys/random.h
configure:6546: gcc -c -g -O2  conftest.c >&5
configure:6546: $? = 0
configure:6546: result: yes
configure:6546: checking for utime.h
configure:6546: gcc -c -g -O2  conftest.c >&5
configure:6546: $? = 0
configure:6546: result: yes
configure:6546: checking for features.h
configure:6546: gcc -c -g -O2  conftest.c >&5
configure:6546: $? = 0
configure:6546: result: yes
configure:6546: checking for crtdefs.h
configure:6546: gcc -c -g -O2  conftest.c >&5
conftest.c:64:10: fatal error: crtdefs.h: No such file or directory
   64 | #include <crtdefs.h>
      |          ^~~~~~~~~~~
compilation terminated.
configure:6546: $? = 1
configure: failed program was:
| /* confdefs.h */
| #define PACKAGE_NAME "GNU patch"
| #define PACKAGE_TARNAME "patch"
| #define PACKAGE_VERSION "2.8"
| #define PACKAGE_STRING "GNU patch 2.8"
| #define PACKAGE_BUGREPORT "bug-patch@gnu.org"
| #define PACKAGE_URL "https://www.gnu.org/software/patch/"
| #define PACKAGE "patch"
| #define VERSION "2.8"
| #define HAVE_STDIO_H 1
| #define HAVE_STDLIB_H 1
| #define HAVE_STRING_H 1
| #define HAVE_INTTYPES_H 1
| #define HAVE_STDINT_H 1
| #define HAVE_STRINGS_H 1
| #define HAVE_SYS_STAT_H 1
| #define HAVE_SYS_TYPES_H 1
| #define HAVE_UNISTD_H 1
| #define HAVE_WCHAR_H 1
| #define HAVE_STDBOOL_H 1
| #define HAVE_UCHAR_H 1
| #define HAVE_SYS_PARAM_H 1
| #define HAVE_SYS_SOCKET_H 1
| #define HAVE_DIRENT_H 1
| #define HAVE_STDIO_EXT_H 1
| #define HAVE_GETOPT_H 1
| #define HAVE_SYS_TIME_H 1
| #define HAVE_THREADS_H 1
| #define HAVE_LIMITS_H 1
| #define HAVE_SYS_MMAN_H 1
| #define HAVE_STDCKDINT_H 1
| #define HAVE_SYS_RANDOM_H 1
| #define HAVE_UTIME_H 1
| #define HAVE_FEATURES_H 1
| /* end confdefs.h.  */
| #include <stddef.h>
| #ifdef HAVE_STDIO_H
| # include <stdio.h>
| #endif
| #ifdef HAVE_STDLIB_H
| # include <stdlib.h>
| #endif
| #ifdef HAVE_STRING_H
| # include <string.h>
| #endif
| #ifdef HAVE_INTTYPES_H
| # include <inttypes.h>
| #endif
| #ifdef HAVE_STDINT_H
| # include <stdint.h>
| #endif
| #ifdef HAVE_STRINGS_H
| # include <strings.h>
| #endif
| #ifdef HAVE_SYS_TYPES_H
| # include <sys/types.h>
| #endif
| #ifdef HAVE_SYS_STAT_H
| # include <sys/stat.h>
| #endif
| #ifdef HAVE_UNISTD_H
| # include <unistd.h>
| #endif
| #include <crtdefs.h>
configure:6546: result: no
configure:6546: checking for wctype.h
configure:6546: gcc -c -g -O2  conftest.c >&5
configure:6546: $? = 0
configure:6546: result: yes
configure:6546: checking for fcntl.h
configure:6546: gcc -c -g -O2  conftest.c >&5
configure:6546: $? = 0
configure:6546: result: yes
configure:6577: checking whether it is safe to define __EXTENSIONS__
configure:6596: gcc -c -g -O2  conftest.c >&5
configure:6596: $? = 0
configure:6606: result: yes
configure:6609: checking whether _XOPEN_SOURCE should be defined
configure:6631: gcc -c -g -O2  conftest.c >&5
configure:6631: $? = 0
configure:6660: result: no
configure:6725: checking build system type
configure:6741: result: x86_64-pc-linux-musl
configure:6761: checking host system type
configure:6776: result: x86_64-pc-linux-musl
configure:6815: checking how to run the C preprocessor
configure:6841: gcc -E  conftest.c
configure:6841: $? = 0
configure:6857: gcc -E  conftest.c
conftest.c:56:10: fatal error: ac_nonexistent.h: No such file or directory
   56 | #include <ac_nonexistent.h>
      |          ^~~~~~~~~~~~~~~~~~
compilation terminated.
configure:6857: $? = 1
configure: failed program was:
| /* confdefs.h */
| #define PACKAGE_NAME "GNU patch"
| #define PACKAGE_TARNAME "patch"
| #define PACKAGE_VERSION "2.8"
| #define PACKAGE_STRING "GNU patch 2.8"
| #define PACKAGE_BUGREPORT "bug-patch@gnu.org"
| #define PACKAGE_URL "https://www.gnu.org/software/patch/"
| #define PACKAGE "patch"
| #define VERSION "2.8"
| #define HAVE_STDIO_H 1
| #define HAVE_STDLIB_H 1
| #define HAVE_STRING_H 1
| #define HAVE_INTTYPES_H 1
| #define HAVE_STDINT_H 1
| #define HAVE_STRINGS_H 1
| #define HAVE_SYS_STAT_H 1
| #define HAVE_SYS_TYPES_H 1
| #define HAVE_UNISTD_H 1
| #define HAVE_WCHAR_H 1
| #define HAVE_STDBOOL_H 1
| #define HAVE_UCHAR_H 1
| #define HAVE_SYS_PARAM_H 1
| #define HAVE_SYS_SOCKET_H 1
| #define HAVE_DIRENT_H 1
| #define HAVE_STDIO_EXT_H 1
| #define HAVE_GETOPT_H 1
| #define HAVE_SYS_TIME_H 1
| #define HAVE_THREADS_H 1
| #define HAVE_LIMITS_H 1
| #define HAVE_SYS_MMAN_H 1
| #define HAVE_STDCKDINT_H 1
| #define HAVE_SYS_RANDOM_H 1
| #define HAVE_UTIME_H 1
| #define HAVE_FEATURES_H 1
| #define HAVE_WCTYPE_H 1
| #define HAVE_FCNTL_H 1
| #define STDC_HEADERS 1
| #define _ALL_SOURCE 1
| #define _DARWIN_C_SOURCE 1
| #define _GNU_SOURCE 1
| #define _HPUX_ALT_XOPEN_SOCKET_API 1
| #define _NETBSD_SOURCE 1
| #define _OPENBSD_SOURCE 1
| #define _POSIX_PTHREAD_SEMANTICS 1
| #define __STDC_WANT_IEC_60559_ATTRIBS_EXT__ 1
| #define __STDC_WANT_IEC_60559_BFP_EXT__ 1
| #define __STDC_WANT_IEC_60559_DFP_EXT__ 1
| #define __STDC_WANT_IEC_60559_EXT__ 1
| #define __STDC_WANT_IEC_60559_FUNCS_EXT__ 1
| #define __STDC_WANT_IEC_60559_TYPES_EXT__ 1
| #define __STDC_WANT_LIB_EXT2__ 1
| #define __STDC_WANT_MATH_SPEC_FUNCS__ 1
| #define _TANDEM_SOURCE 1
| #define __EXTENSIONS__ 1
| /* end confdefs.h.  */
| #include <ac_nonexistent.h>
configure:6886: result: gcc -E
configure:6900: gcc -E  conftest.c
configure:6900: $? = 0
configure:6916: gcc -E  conftest.c
conftest.c:56:10: fatal error: ac_nonexistent.h: No such file or directory
   56 | #include <ac_nonexistent.h>
      |          ^~~~~~~~~~~~~~~~~~
compilation terminated.
configure:6916: $? = 1
configure: failed program was:
| /* confdefs.h */
| #define PACKAGE_NAME "GNU patch"
| #define PACKAGE_TARNAME "patch"
| #define PACKAGE_VERSION "2.8"
| #define PACKAGE_STRING "GNU patch 2.8"
| #define PACKAGE_BUGREPORT "bug-patch@gnu.org"
| #define PACKAGE_URL "https://www.gnu.org/software/patch/"
| #define PACKAGE "patch"
| #define VERSION "2.8"
| #define HAVE_STDIO_H 1
| #define HAVE_STDLIB_H 1
| #define HAVE_STRING_H 1
| #define HAVE_INTTYPES_H 1
| #define HAVE_STDINT_H 1
| #define HAVE_STRINGS_H 1
| #define HAVE_SYS_STAT_H 1
| #define HAVE_SYS_TYPES_H 1
| #define HAVE_UNISTD_H 1
| #define HAVE_WCHAR_H 1
| #define HAVE_STDBOOL_H 1
| #define HAVE_UCHAR_H 1
| #define HAVE_SYS_PARAM_H 1
| #define HAVE_SYS_SOCKET_H 1
| #define HAVE_DIRENT_H 1
| #define HAVE_STDIO_EXT_H 1
| #define HAVE_GETOPT_H 1
| #define HAVE_SYS_TIME_H 1
| #define HAVE_THREADS_H 1
| #define HAVE_LIMITS_H 1
| #define HAVE_SYS_MMAN_H 1
| #define HAVE_STDCKDINT_H 1
| #define HAVE_SYS_RANDOM_H 1
| #define HAVE_UTIME_H 1
| #define HAVE_FEATURES_H 1
| #define HAVE_WCTYPE_H 1
| #define HAVE_FCNTL_H 1
| #define STDC_HEADERS 1
| #define _ALL_SOURCE 1
| #define _DARWIN_C_SOURCE 1
| #define _GNU_SOURCE 1
| #define _HPUX_ALT_XOPEN_SOCKET_API 1
| #define _NETBSD_SOURCE 1
| #define _OPENBSD_SOURCE 1
| #define _POSIX_PTHREAD_SEMANTICS 1
| #define __STDC_WANT_IEC_60559_ATTRIBS_EXT__ 1
| #define __STDC_WANT_IEC_60559_BFP_EXT__ 1
| #define __STDC_WANT_IEC_60559_DFP_EXT__ 1
| #define __STDC_WANT_IEC_60559_EXT__ 1
| #define __STDC_WANT_IEC_60559_FUNCS_EXT__ 1
| #define __STDC_WANT_IEC_60559_TYPES_EXT__ 1
| #define __STDC_WANT_LIB_EXT2__ 1
| #define __STDC_WANT_MATH_SPEC_FUNCS__ 1
| #define _TANDEM_SOURCE 1
| #define __EXTENSIONS__ 1
| /* end confdefs.h.  */
| #include <ac_nonexistent.h>
configure:6949: checking for egrep -e
configure:7079: result: /bin/grep -E
configure:7086: checking for Minix Amsterdam compiler
configure:7114: result: no
configure:7181: checking for ar
configure:7202: found /usr/bin/ar
configure:7214: result: ar
configure:7240: checking the archiver (ar) interface
configure:7257: gcc -c -g -O2  conftest.c >&5
configure:7257: $? = 0
configure:7260: ar cru libconftest.a conftest.o >&5
ar: `u' modifier ignored since `D' is the default (see `U')
configure:7263: $? = 0
configure:7292: result: ar
configure:7363: checking for ar
configure:7396: result: ar
configure:7477: checking for ranlib
configure:7498: found /usr/bin/ranlib
configure:7510: result: ranlib
configure:7550: checking for gcc option to support large files
configure:7585: gcc -c -g -O2  conftest.c >&5
configure:7585: $? = 0
configure:7591: gcc -c -g -O2  -DFTYPE=ino_t conftest.c >&5
configure:7591: $? = 0
configure:7628: result: none needed
configure:7653: checking for gcc option to support timestamps after 2038
configure:7685: gcc -c -g -O2  conftest.c >&5
configure:7685: $? = 0
configure:7697: result: none needed
configure:8151: checking for lstat
configure:8151: gcc -o conftest -g -O2   conftest.c  >&5
configure:8151: $? = 0
configure:8151: result: yes
configure:8151: checking for pathconf
configure:8151: gcc -o conftest -g -O2   conftest.c  >&5
configure:8151: $? = 0
configure:8151: result: yes
configure:8151: checking for mbsinit
configure:8151: gcc -o conftest -g -O2   conftest.c  >&5
configure:8151: $? = 0
configure:8151: result: yes
configure:8151: checking for mbrtowc
configure:8151: gcc -o conftest -g -O2   conftest.c  >&5
configure:8151: $? = 0
configure:8151: result: yes
configure:8151: checking for canonicalize_file_name
configure:8151: gcc -o conftest -g -O2   conftest.c  >&5
/usr/lib/gcc/x86_64-alpine-linux-musl/15.2.0/../../../../x86_64-alpine-linux-musl/bin/ld: /tmp/ccNFiLIe.o: in function `main':
/home/sonakrie/Work/testicular_linux/patch/conftest.c:89:(.text.startup+0x5): undefined reference to `canonicalize_file_name'
collect2: error: ld returned 1 exit status
configure:8151: $? = 1
configure: failed program was:
| /* confdefs.h */
| #define PACKAGE_NAME "GNU patch"
| #define PACKAGE_TARNAME "patch"
| #define PACKAGE_VERSION "2.8"
| #define PACKAGE_STRING "GNU patch 2.8"
| #define PACKAGE_BUGREPORT "bug-patch@gnu.org"
| #define PACKAGE_URL "https://www.gnu.org/software/patch/"
| #define PACKAGE "patch"
| #define VERSION "2.8"
| #define HAVE_STDIO_H 1
| #define HAVE_STDLIB_H 1
| #define HAVE_STRING_H 1
| #define HAVE_INTTYPES_H 1
| #define HAVE_STDINT_H 1
| #define HAVE_STRINGS_H 1
| #define HAVE_SYS_STAT_H 1
| #define HAVE_SYS_TYPES_H 1
| #define HAVE_UNISTD_H 1
| #define HAVE_WCHAR_H 1
| #define HAVE_STDBOOL_H 1
| #define HAVE_UCHAR_H 1
| #define HAVE_SYS_PARAM_H 1
| #define HAVE_SYS_SOCKET_H 1
| #define HAVE_DIRENT_H 1
| #define HAVE_STDIO_EXT_H 1
| #define HAVE_GETOPT_H 1
| #define HAVE_SYS_TIME_H 1
| #define HAVE_THREADS_H 1
| #define HAVE_LIMITS_H 1
| #define HAVE_SYS_MMAN_H 1
| #define HAVE_STDCKDINT_H 1
| #define HAVE_SYS_RANDOM_H 1
| #define HAVE_UTIME_H 1
| #define HAVE_FEATURES_H 1
| #define HAVE_WCTYPE_H 1
| #define HAVE_FCNTL_H 1
| #define STDC_HEADERS 1
| #define _ALL_SOURCE 1
| #define _DARWIN_C_SOURCE 1
| #define _GNU_SOURCE 1
| #define _HPUX_ALT_XOPEN_SOCKET_API 1
| #define _NETBSD_SOURCE 1
| #define _OPENBSD_SOURCE 1
| #define _POSIX_PTHREAD_SEMANTICS 1
| #define __STDC_WANT_IEC_60559_ATTRIBS_EXT__ 1
| #define __STDC_WANT_IEC_60559_BFP_EXT__ 1
| #define __STDC_WANT_IEC_60559_DFP_EXT__ 1
| #define __STDC_WANT_IEC_60559_EXT__ 1
| #define __STDC_WANT_IEC_60559_FUNCS_EXT__ 1
| #define __STDC_WANT_IEC_60559_TYPES_EXT__ 1
| #define __STDC_WANT_LIB_EXT2__ 1
| #define __STDC_WANT_MATH_SPEC_FUNCS__ 1
| #define _TANDEM_SOURCE 1
| #define __EXTENSIONS__ 1
| #define _LINUX_SOURCE_COMPAT 1
| #define __USE_MINGW_ANSI_STDIO 1
| #define HAVE_LSTAT 1
| #define HAVE_PATHCONF 1
| #define HAVE_MBSINIT 1
| #define HAVE_MBRTOWC 1
| /* end confdefs.h.  */
| /* Define canonicalize_file_name to an innocuous variant, in case <limits.h> declares canonicalize_file_name.
|    For example, HP-UX 11i <limits.h> declares gettimeofday.  */
| #define canonicalize_file_name innocuous_canonicalize_file_name
| 
| /* System header to define __stub macros and hopefully few prototypes,
|    which can conflict with char canonicalize_file_name (void); below.  */
| 
| #include <limits.h>
| #undef canonicalize_file_name
| 
| /* Override any GCC internal prototype to avoid an error.
|    Use char because int might match the return type of a GCC
|    builtin and then its argument prototype would still apply.  */
| #ifdef __cplusplus
| extern "C"
| #endif
| char canonicalize_file_name (void);
| /* The GNU C library defines this for functions which it implements
|     to always fail with ENOSYS.  Some functions are actually named
|     something starting with __ and the normal name is an alias.  */
| #if defined __stub_canonicalize_file_name || defined __stub___canonicalize_file_name
| choke me
| #endif
| 
| int
| main (void)
| {
| return canonicalize_file_name ();
|   ;
|   return 0;
| }
configure:8151: result: no
configure:8151: checking for realpath
configure:8151: gcc -o conftest -g -O2   conftest.c  >&5
configure:8151: $? = 0
configure:8151: result: yes
configure:8151: checking for chown
configure:8151: gcc -o conftest -g -O2   conftest.c  >&5
configure:8151: $? = 0
configure:8151: result: yes
configure:8151: checking for fchown
configure:8151: gcc -o conftest -g -O2   conftest.c  >&5
configure:8151: $? = 0
configure:8151: result: yes
configure:8151: checking for _set_invalid_parameter_handler
configure:8151: gcc -o conftest -g -O2   conftest.c  >&5
/usr/lib/gcc/x86_64-alpine-linux-musl/15.2.0/../../../../x86_64-alpine-linux-musl/bin/ld: /tmp/ccPMFdli.o: in function `main':
/home/sonakrie/Work/testicular_linux/patch/conftest.c:92:(.text.startup+0x5): undefined reference to `_set_invalid_parameter_handler'
collect2: error: ld returned 1 exit status
configure:8151: $? = 1
configure: failed program was:
| /* confdefs.h */
| #define PACKAGE_NAME "GNU patch"
| #define PACKAGE_TARNAME "patch"
| #define PACKAGE_VERSION "2.8"
| #define PACKAGE_STRING "GNU patch 2.8"
| #define PACKAGE_BUGREPORT "bug-patch@gnu.org"
| #define PACKAGE_URL "https://www.gnu.org/software/patch/"
| #define PACKAGE "patch"
| #define VERSION "2.8"
| #define HAVE_STDIO_H 1
| #define HAVE_STDLIB_H 1
| #define HAVE_STRING_H 1
| #define HAVE_INTTYPES_H 1
| #define HAVE_STDINT_H 1
| #define HAVE_STRINGS_H 1
| #define HAVE_SYS_STAT_H 1
| #define HAVE_SYS_TYPES_H 1
| #define HAVE_UNISTD_H 1
| #define HAVE_WCHAR_H 1
| #define HAVE_STDBOOL_H 1
| #define HAVE_UCHAR_H 1
| #define HAVE_SYS_PARAM_H 1
| #define HAVE_SYS_SOCKET_H 1
| #define HAVE_DIRENT_H 1
| #define HAVE_STDIO_EXT_H 1
| #define HAVE_GETOPT_H 1
| #define HAVE_SYS_TIME_H 1
| #define HAVE_THREADS_H 1
| #define HAVE_LIMITS_H 1
| #define HAVE_SYS_MMAN_H 1
| #define HAVE_STDCKDINT_H 1
| #define HAVE_SYS_RANDOM_H 1
| #define HAVE_UTIME_H 1
| #define HAVE_FEATURES_H 1
| #define HAVE_WCTYPE_H 1
| #define HAVE_FCNTL_H 1
| #define STDC_HEADERS 1
| #define _ALL_SOURCE 1
| #define _DARWIN_C_SOURCE 1
| #define _GNU_SOURCE 1
| #define _HPUX_ALT_XOPEN_SOCKET_API 1
| #define _NETBSD_SOURCE 1
| #define _OPENBSD_SOURCE 1
| #define _POSIX_PTHREAD_SEMANTICS 1
| #define __STDC_WANT_IEC_60559_ATTRIBS_EXT__ 1
| #define __STDC_WANT_IEC_60559_BFP_EXT__ 1
| #define __STDC_WANT_IEC_60559_DFP_EXT__ 1
| #define __STDC_WANT_IEC_60559_EXT__ 1
| #define __STDC_WANT_IEC_60559_FUNCS_EXT__ 1
| #define __STDC_WANT_IEC_60559_TYPES_EXT__ 1
| #define __STDC_WANT_LIB_EXT2__ 1
| #define __STDC_WANT_MATH_SPEC_FUNCS__ 1
| #define _TANDEM_SOURCE 1
| #define __EXTENSIONS__ 1
| #define _LINUX_SOURCE_COMPAT 1
| #define __USE_MINGW_ANSI_STDIO 1
| #define HAVE_LSTAT 1
| #define HAVE_PATHCONF 1
| #define HAVE_MBSINIT 1
| #define HAVE_MBRTOWC 1
| #define HAVE_REALPATH 1
| #define HAVE_CHOWN 1
| #define HAVE_FCHOWN 1
| /* end confdefs.h.  */
| /* Define _set_invalid_parameter_handler to an innocuous variant, in case <limits.h> declares _set_invalid_parameter_handler.
|    For example, HP-UX 11i <limits.h> declares gettimeofday.  */
| #define _set_invalid_parameter_handler innocuous__set_invalid_parameter_handler
| 
| /* System header to define __stub macros and hopefully few prototypes,
|    which can conflict with char _set_invalid_parameter_handler (void); below.  */
| 
| #include <limits.h>
| #undef _set_invalid_parameter_handler
| 
| /* Override any GCC internal prototype to avoid an error.
|    Use char because int might match the return type of a GCC
|    builtin and then its argument prototype would still apply.  */
| #ifdef __cplusplus
| extern "C"
| #endif
| char _set_invalid_parameter_handler (void);
| /* The GNU C library defines this for functions which it implements
|     to always fail with ENOSYS.  Some functions are actually named
|     something starting with __ and the normal name is an alias.  */
| #if defined __stub__set_invalid_parameter_handler || defined __stub____set_invalid_parameter_handler
| choke me
| #endif
| 
| int
| main (void)
| {
| return _set_invalid_parameter_handler ();
|   ;
|   return 0;
| }
configure:8151: result: no
configure:8151: checking for fchdir
configure:8151: gcc -o conftest -g -O2   conftest.c  >&5
configure:8151: $? = 0
configure:8151: result: yes
configure:8151: checking for fchmodat
configure:8151: gcc -o conftest -g -O2   conftest.c  >&5
configure:8151: $? = 0
configure:8151: result: yes
configure:8151: checking for lchmod
configure:8151: gcc -o conftest -g -O2   conftest.c  >&5
configure:8151: $? = 0
configure:8151: result: yes
configure:8151: checking for fcntl
configure:8151: gcc -o conftest -g -O2   conftest.c  >&5
configure:8151: $? = 0
configure:8151: result: yes
configure:8151: checking for symlink
configure:8151: gcc -o conftest -g -O2   conftest.c  >&5
configure:8151: $? = 0
configure:8151: result: yes
configure:8151: checking for fdopendir
configure:8151: gcc -o conftest -g -O2   conftest.c  >&5
configure:8151: $? = 0
configure:8151: result: yes
configure:8151: checking for fstatat
configure:8151: gcc -o conftest -g -O2   conftest.c  >&5
configure:8151: $? = 0
configure:8151: result: yes
configure:8151: checking for getdtablesize
configure:8151: gcc -o conftest -g -O2   conftest.c  >&5
configure:8151: $? = 0
configure:8151: result: yes
configure:8151: checking for getexecname
configure:8151: gcc -o conftest -g -O2   conftest.c  >&5
/usr/lib/gcc/x86_64-alpine-linux-musl/15.2.0/../../../../x86_64-alpine-linux-musl/bin/ld: /tmp/ccjPKOLD.o: in function `main':
/home/sonakrie/Work/testicular_linux/patch/conftest.c:100:(.text.startup+0x5): undefined reference to `getexecname'
collect2: error: ld returned 1 exit status
configure:8151: $? = 1
configure: failed program was:
| /* confdefs.h */
| #define PACKAGE_NAME "GNU patch"
| #define PACKAGE_TARNAME "patch"
| #define PACKAGE_VERSION "2.8"
| #define PACKAGE_STRING "GNU patch 2.8"
| #define PACKAGE_BUGREPORT "bug-patch@gnu.org"
| #define PACKAGE_URL "https://www.gnu.org/software/patch/"
| #define PACKAGE "patch"
| #define VERSION "2.8"
| #define HAVE_STDIO_H 1
| #define HAVE_STDLIB_H 1
| #define HAVE_STRING_H 1
| #define HAVE_INTTYPES_H 1
| #define HAVE_STDINT_H 1
| #define HAVE_STRINGS_H 1
| #define HAVE_SYS_STAT_H 1
| #define HAVE_SYS_TYPES_H 1
| #define HAVE_UNISTD_H 1
| #define HAVE_WCHAR_H 1
| #define HAVE_STDBOOL_H 1
| #define HAVE_UCHAR_H 1
| #define HAVE_SYS_PARAM_H 1
| #define HAVE_SYS_SOCKET_H 1
| #define HAVE_DIRENT_H 1
| #define HAVE_STDIO_EXT_H 1
| #define HAVE_GETOPT_H 1
| #define HAVE_SYS_TIME_H 1
| #define HAVE_THREADS_H 1
| #define HAVE_LIMITS_H 1
| #define HAVE_SYS_MMAN_H 1
| #define HAVE_STDCKDINT_H 1
| #define HAVE_SYS_RANDOM_H 1
| #define HAVE_UTIME_H 1
| #define HAVE_FEATURES_H 1
| #define HAVE_WCTYPE_H 1
| #define HAVE_FCNTL_H 1
| #define STDC_HEADERS 1
| #define _ALL_SOURCE 1
| #define _DARWIN_C_SOURCE 1
| #define _GNU_SOURCE 1
| #define _HPUX_ALT_XOPEN_SOCKET_API 1
| #define _NETBSD_SOURCE 1
| #define _OPENBSD_SOURCE 1
| #define _POSIX_PTHREAD_SEMANTICS 1
| #define __STDC_WANT_IEC_60559_ATTRIBS_EXT__ 1
| #define __STDC_WANT_IEC_60559_BFP_EXT__ 1
| #define __STDC_WANT_IEC_60559_DFP_EXT__ 1
| #define __STDC_WANT_IEC_60559_EXT__ 1
| #define __STDC_WANT_IEC_60559_FUNCS_EXT__ 1
| #define __STDC_WANT_IEC_60559_TYPES_EXT__ 1
| #define __STDC_WANT_LIB_EXT2__ 1
| #define __STDC_WANT_MATH_SPEC_FUNCS__ 1
| #define _TANDEM_SOURCE 1
| #define __EXTENSIONS__ 1
| #define _LINUX_SOURCE_COMPAT 1
| #define __USE_MINGW_ANSI_STDIO 1
| #define HAVE_LSTAT 1
| #define HAVE_PATHCONF 1
| #define HAVE_MBSINIT 1
| #define HAVE_MBRTOWC 1
| #define HAVE_REALPATH 1
| #define HAVE_CHOWN 1
| #define HAVE_FCHOWN 1
| #define HAVE_FCHDIR 1
| #define HAVE_FCHMODAT 1
| #define HAVE_LCHMOD 1
| #define HAVE_FCNTL 1
| #define HAVE_SYMLINK 1
| #define HAVE_FDOPENDIR 1
| #define HAVE_FSTATAT 1
| #define HAVE_GETDTABLESIZE 1
| /* end confdefs.h.  */
| /* Define getexecname to an innocuous variant, in case <limits.h> declares getexecname.
|    For example, HP-UX 11i <limits.h> declares gettimeofday.  */
| #define getexecname innocuous_getexecname
| 
| /* System header to define __stub macros and hopefully few prototypes,
|    which can conflict with char getexecname (void); below.  */
| 
| #include <limits.h>
| #undef getexecname
| 
| /* Override any GCC internal prototype to avoid an error.
|    Use char because int might match the return type of a GCC
|    builtin and then its argument prototype would still apply.  */
| #ifdef __cplusplus
| extern "C"
| #endif
| char getexecname (void);
| /* The GNU C library defines this for functions which it implements
|     to always fail with ENOSYS.  Some functions are actually named
|     something starting with __ and the normal name is an alias.  */
| #if defined __stub_getexecname || defined __stub___getexecname
| choke me
| #endif
| 
| int
| main (void)
| {
| return getexecname ();
|   ;
|   return 0;
| }
configure:8151: result: no
configure:8151: checking for gettimeofday
configure:8151: gcc -o conftest -g -O2   conftest.c  >&5
configure:8151: $? = 0
configure:8151: result: yes
configure:8151: checking for mprotect
configure:8151: gcc -o conftest -g -O2   conftest.c  >&5
configure:8151: $? = 0
configure:8151: result: yes
configure:8151: checking for mkdirat
configure:8151: gcc -o conftest -g -O2   conftest.c  >&5
configure:8151: $? = 0
configure:8151: result: yes
configure:8151: checking for openat
configure:8151: gcc -o conftest -g -O2   conftest.c  >&5
configure:8151: $? = 0
configure:8151: result: yes
configure:8151: checking for readlink
configure:8151: gcc -o conftest -g -O2   conftest.c  >&5
configure:8151: $? = 0
configure:8151: result: yes
configure:8151: checking for link
configure:8151: gcc -o conftest -g -O2   conftest.c  >&5
configure:8151: $? = 0
configure:8151: result: yes
configure:8151: checking for renameat
configure:8151: gcc -o conftest -g -O2   conftest.c  >&5
configure:8151: $? = 0
configure:8151: result: yes
configure:8151: checking for setenv
configure:8151: gcc -o conftest -g -O2   conftest.c  >&5
configure:8151: $? = 0
configure:8151: result: yes
configure:8151: checking for localtime_r
configure:8151: gcc -o conftest -g -O2   conftest.c  >&5
configure:8151: $? = 0
configure:8151: result: yes
configure:8151: checking for unlinkat
configure:8151: gcc -o conftest -g -O2   conftest.c  >&5
configure:8151: $? = 0
configure:8151: result: yes
configure:8151: checking for utimens
configure:8151: gcc -o conftest -g -O2   conftest.c  >&5
/usr/lib/gcc/x86_64-alpine-linux-musl/15.2.0/../../../../x86_64-alpine-linux-musl/bin/ld: /tmp/ccNDdelb.o: in function `main':
/home/sonakrie/Work/testicular_linux/patch/conftest.c:110:(.text.startup+0x5): undefined reference to `utimens'
collect2: error: ld returned 1 exit status
configure:8151: $? = 1
configure: failed program was:
| /* confdefs.h */
| #define PACKAGE_NAME "GNU patch"
| #define PACKAGE_TARNAME "patch"
| #define PACKAGE_VERSION "2.8"
| #define PACKAGE_STRING "GNU patch 2.8"
| #define PACKAGE_BUGREPORT "bug-patch@gnu.org"
| #define PACKAGE_URL "https://www.gnu.org/software/patch/"
| #define PACKAGE "patch"
| #define VERSION "2.8"
| #define HAVE_STDIO_H 1
| #define HAVE_STDLIB_H 1
| #define HAVE_STRING_H 1
| #define HAVE_INTTYPES_H 1
| #define HAVE_STDINT_H 1
| #define HAVE_STRINGS_H 1
| #define HAVE_SYS_STAT_H 1
| #define HAVE_SYS_TYPES_H 1
| #define HAVE_UNISTD_H 1
| #define HAVE_WCHAR_H 1
| #define HAVE_STDBOOL_H 1
| #define HAVE_UCHAR_H 1
| #define HAVE_SYS_PARAM_H 1
| #define HAVE_SYS_SOCKET_H 1
| #define HAVE_DIRENT_H 1
| #define HAVE_STDIO_EXT_H 1
| #define HAVE_GETOPT_H 1
| #define HAVE_SYS_TIME_H 1
| #define HAVE_THREADS_H 1
| #define HAVE_LIMITS_H 1
| #define HAVE_SYS_MMAN_H 1
| #define HAVE_STDCKDINT_H 1
| #define HAVE_SYS_RANDOM_H 1
| #define HAVE_UTIME_H 1
| #define HAVE_FEATURES_H 1
| #define HAVE_WCTYPE_H 1
| #define HAVE_FCNTL_H 1
| #define STDC_HEADERS 1
| #define _ALL_SOURCE 1
| #define _DARWIN_C_SOURCE 1
| #define _GNU_SOURCE 1
| #define _HPUX_ALT_XOPEN_SOCKET_API 1
| #define _NETBSD_SOURCE 1
| #define _OPENBSD_SOURCE 1
| #define _POSIX_PTHREAD_SEMANTICS 1
| #define __STDC_WANT_IEC_60559_ATTRIBS_EXT__ 1
| #define __STDC_WANT_IEC_60559_BFP_EXT__ 1
| #define __STDC_WANT_IEC_60559_DFP_EXT__ 1
| #define __STDC_WANT_IEC_60559_EXT__ 1
| #define __STDC_WANT_IEC_60559_FUNCS_EXT__ 1
| #define __STDC_WANT_IEC_60559_TYPES_EXT__ 1
| #define __STDC_WANT_LIB_EXT2__ 1
| #define __STDC_WANT_MATH_SPEC_FUNCS__ 1
| #define _TANDEM_SOURCE 1
| #define __EXTENSIONS__ 1
| #define _LINUX_SOURCE_COMPAT 1
| #define __USE_MINGW_ANSI_STDIO 1
| #define HAVE_LSTAT 1
| #define HAVE_PATHCONF 1
| #define HAVE_MBSINIT 1
| #define HAVE_MBRTOWC 1
| #define HAVE_REALPATH 1
| #define HAVE_CHOWN 1
| #define HAVE_FCHOWN 1
| #define HAVE_FCHDIR 1
| #define HAVE_FCHMODAT 1
| #define HAVE_LCHMOD 1
| #define HAVE_FCNTL 1
| #define HAVE_SYMLINK 1
| #define HAVE_FDOPENDIR 1
| #define HAVE_FSTATAT 1
| #define HAVE_GETDTABLESIZE 1
| #define HAVE_GETTIMEOFDAY 1
| #define HAVE_MPROTECT 1
| #define HAVE_MKDIRAT 1
| #define HAVE_OPENAT 1
| #define HAVE_READLINK 1
| #define HAVE_LINK 1
| #define HAVE_RENAMEAT 1
| #define HAVE_SETENV 1
| #define HAVE_LOCALTIME_R 1
| #define HAVE_UNLINKAT 1
| /* end confdefs.h.  */
| /* Define utimens to an innocuous variant, in case <limits.h> declares utimens.
|    For example, HP-UX 11i <limits.h> declares gettimeofday.  */
| #define utimens innocuous_utimens
| 
| /* System header to define __stub macros and hopefully few prototypes,
|    which can conflict with char utimens (void); below.  */
| 
| #include <limits.h>
| #undef utimens
| 
| /* Override any GCC internal prototype to avoid an error.
|    Use char because int might match the return type of a GCC
|    builtin and then its argument prototype would still apply.  */
| #ifdef __cplusplus
| extern "C"
| #endif
| char utimens (void);
| /* The GNU C library defines this for functions which it implements
|     to always fail with ENOSYS.  Some functions are actually named
|     something starting with __ and the normal name is an alias.  */
| #if defined __stub_utimens || defined __stub___utimens
| choke me
| #endif
| 
| int
| main (void)
| {
| return utimens ();
|   ;
|   return 0;
| }
configure:8151: result: no
configure:8151: checking for lutimens
configure:8151: gcc -o conftest -g -O2   conftest.c  >&5
/usr/lib/gcc/x86_64-alpine-linux-musl/15.2.0/../../../../x86_64-alpine-linux-musl/bin/ld: /tmp/ccGiEJFd.o: in function `main':
/home/sonakrie/Work/testicular_linux/patch/conftest.c:110:(.text.startup+0x5): undefined reference to `lutimens'
collect2: error: ld returned 1 exit status
configure:8151: $? = 1
configure: failed program was:
| /* confdefs.h */
| #define PACKAGE_NAME "GNU patch"
| #define PACKAGE_TARNAME "patch"
| #define PACKAGE_VERSION "2.8"
| #define PACKAGE_STRING "GNU patch 2.8"
| #define PACKAGE_BUGREPORT "bug-patch@gnu.org"
| #define PACKAGE_URL "https://www.gnu.org/software/patch/"
| #define PACKAGE "patch"
| #define VERSION "2.8"
| #define HAVE_STDIO_H 1
| #define HAVE_STDLIB_H 1
| #define HAVE_STRING_H 1
| #define HAVE_INTTYPES_H 1
| #define HAVE_STDINT_H 1
| #define HAVE_STRINGS_H 1
| #define HAVE_SYS_STAT_H 1
| #define HAVE_SYS_TYPES_H 1
| #define HAVE_UNISTD_H 1
| #define HAVE_WCHAR_H 1
| #define HAVE_STDBOOL_H 1
| #define HAVE_UCHAR_H 1
| #define HAVE_SYS_PARAM_H 1
| #define HAVE_SYS_SOCKET_H 1
| #define HAVE_DIRENT_H 1
| #define HAVE_STDIO_EXT_H 1
| #define HAVE_GETOPT_H 1
| #define HAVE_SYS_TIME_H 1
| #define HAVE_THREADS_H 1
| #define HAVE_LIMITS_H 1
| #define HAVE_SYS_MMAN_H 1
| #define HAVE_STDCKDINT_H 1
| #define HAVE_SYS_RANDOM_H 1
| #define HAVE_UTIME_H 1
| #define HAVE_FEATURES_H 1
| #define HAVE_WCTYPE_H 1
| #define HAVE_FCNTL_H 1
| #define STDC_HEADERS 1
| #define _ALL_SOURCE 1
| #define _DARWIN_C_SOURCE 1
| #define _GNU_SOURCE 1
| #define _HPUX_ALT_XOPEN_SOCKET_API 1
| #define _NETBSD_SOURCE 1
| #define _OPENBSD_SOURCE 1
| #define _POSIX_PTHREAD_SEMANTICS 1
| #define __STDC_WANT_IEC_60559_ATTRIBS_EXT__ 1
| #define __STDC_WANT_IEC_60559_BFP_EXT__ 1
| #define __STDC_WANT_IEC_60559_DFP_EXT__ 1
| #define __STDC_WANT_IEC_60559_EXT__ 1
| #define __STDC_WANT_IEC_60559_FUNCS_EXT__ 1
| #define __STDC_WANT_IEC_60559_TYPES_EXT__ 1
| #define __STDC_WANT_LIB_EXT2__ 1
| #define __STDC_WANT_MATH_SPEC_FUNCS__ 1
| #define _TANDEM_SOURCE 1
| #define __EXTENSIONS__ 1
| #define _LINUX_SOURCE_COMPAT 1
| #define __USE_MINGW_ANSI_STDIO 1
| #define HAVE_LSTAT 1
| #define HAVE_PATHCONF 1
| #define HAVE_MBSINIT 1
| #define HAVE_MBRTOWC 1
| #define HAVE_REALPATH 1
| #define HAVE_CHOWN 1
| #define HAVE_FCHOWN 1
| #define HAVE_FCHDIR 1
| #define HAVE_FCHMODAT 1
| #define HAVE_LCHMOD 1
| #define HAVE_FCNTL 1
| #define HAVE_SYMLINK 1
| #define HAVE_FDOPENDIR 1
| #define HAVE_FSTATAT 1
| #define HAVE_GETDTABLESIZE 1
| #define HAVE_GETTIMEOFDAY 1
| #define HAVE_MPROTECT 1
| #define HAVE_MKDIRAT 1
| #define HAVE_OPENAT 1
| #define HAVE_READLINK 1
| #define HAVE_LINK 1
| #define HAVE_RENAMEAT 1
| #define HAVE_SETENV 1
| #define HAVE_LOCALTIME_R 1
| #define HAVE_UNLINKAT 1
| /* end confdefs.h.  */
| /* Define lutimens to an innocuous variant, in case <limits.h> declares lutimens.
|    For example, HP-UX 11i <limits.h> declares gettimeofday.  */
| #define lutimens innocuous_lutimens
| 
| /* System header to define __stub macros and hopefully few prototypes,
|    which can conflict with char lutimens (void); below.  */
| 
| #include <limits.h>
| #undef lutimens
| 
| /* Override any GCC internal prototype to avoid an error.
|    Use char because int might match the return type of a GCC
|    builtin and then its argument prototype would still apply.  */
| #ifdef __cplusplus
| extern "C"
| #endif
| char lutimens (void);
| /* The GNU C library defines this for functions which it implements
|     to always fail with ENOSYS.  Some functions are actually named
|     something starting with __ and the normal name is an alias.  */
| #if defined __stub_lutimens || defined __stub___lutimens
| choke me
| #endif
| 
| int
| main (void)
| {
| return lutimens ();
|   ;
|   return 0;
| }
configure:8151: result: no
configure:8151: checking for iswcntrl
configure:8151: gcc -o conftest -g -O2   conftest.c  >&5
conftest.c:99:6: warning: conflicting types for built-in function 'iswcntrl'; expected 'int(unsigned int)' [-Wbuiltin-declaration-mismatch]
   99 | char iswcntrl (void);
      |      ^~~~~~~~
conftest.c:91:1: note: 'iswcntrl' is declared in header '<wctype.h>'
   90 | #include <limits.h>
   91 | #undef iswcntrl
configure:8151: $? = 0
configure:8151: result: yes
configure:8151: checking for geteuid
configure:8151: gcc -o conftest -g -O2   conftest.c  >&5
configure:8151: $? = 0
configure:8151: result: yes
configure:8151: checking for getuid
configure:8151: gcc -o conftest -g -O2   conftest.c  >&5
configure:8151: $? = 0
configure:8151: result: yes
configure:8151: checking for sigaction
configure:8151: gcc -o conftest -g -O2   conftest.c  >&5
configure:8151: $? = 0
configure:8151: result: yes
configure:8151: checking for sigfillset
configure:8151: gcc -o conftest -g -O2   conftest.c  >&5
configure:8151: $? = 0
configure:8151: result: yes
configure:8498: checking for size_t
configure:8498: gcc -c -g -O2  conftest.c >&5
configure:8498: $? = 0
configure:8498: gcc -c -g -O2  conftest.c >&5
conftest.c: In function 'main':
conftest.c:119:21: error: expected expression before ')' token
  119 | if (sizeof ((size_t)))
      |                     ^
configure:8498: $? = 1
configure: failed program was:
| /* confdefs.h */
| #define PACKAGE_NAME "GNU patch"
| #define PACKAGE_TARNAME "patch"
| #define PACKAGE_VERSION "2.8"
| #define PACKAGE_STRING "GNU patch 2.8"
| #define PACKAGE_BUGREPORT "bug-patch@gnu.org"
| #define PACKAGE_URL "https://www.gnu.org/software/patch/"
| #define PACKAGE "patch"
| #define VERSION "2.8"
| #define HAVE_STDIO_H 1
| #define HAVE_STDLIB_H 1
| #define HAVE_STRING_H 1
| #define HAVE_INTTYPES_H 1
| #define HAVE_STDINT_H 1
| #define HAVE_STRINGS_H 1
| #define HAVE_SYS_STAT_H 1
| #define HAVE_SYS_TYPES_H 1
| #define HAVE_UNISTD_H 1
| #define HAVE_WCHAR_H 1
| #define HAVE_STDBOOL_H 1
| #define HAVE_UCHAR_H 1
| #define HAVE_SYS_PARAM_H 1
| #define HAVE_SYS_SOCKET_H 1
| #define HAVE_DIRENT_H 1
| #define HAVE_STDIO_EXT_H 1
| #define HAVE_GETOPT_H 1
| #define HAVE_SYS_TIME_H 1
| #define HAVE_THREADS_H 1
| #define HAVE_LIMITS_H 1
| #define HAVE_SYS_MMAN_H 1
| #define HAVE_STDCKDINT_H 1
| #define HAVE_SYS_RANDOM_H 1
| #define HAVE_UTIME_H 1
| #define HAVE_FEATURES_H 1
| #define HAVE_WCTYPE_H 1
| #define HAVE_FCNTL_H 1
| #define STDC_HEADERS 1
| #define _ALL_SOURCE 1
| #define _DARWIN_C_SOURCE 1
| #define _GNU_SOURCE 1
| #define _HPUX_ALT_XOPEN_SOCKET_API 1
| #define _NETBSD_SOURCE 1
| #define _OPENBSD_SOURCE 1
| #define _POSIX_PTHREAD_SEMANTICS 1
| #define __STDC_WANT_IEC_60559_ATTRIBS_EXT__ 1
| #define __STDC_WANT_IEC_60559_BFP_EXT__ 1
| #define __STDC_WANT_IEC_60559_DFP_EXT__ 1
| #define __STDC_WANT_IEC_60559_EXT__ 1
| #define __STDC_WANT_IEC_60559_FUNCS_EXT__ 1
| #define __STDC_WANT_IEC_60559_TYPES_EXT__ 1
| #define __STDC_WANT_LIB_EXT2__ 1
| #define __STDC_WANT_MATH_SPEC_FUNCS__ 1
| #define _TANDEM_SOURCE 1
| #define __EXTENSIONS__ 1
| #define _LINUX_SOURCE_COMPAT 1
| #define __USE_MINGW_ANSI_STDIO 1
| #define HAVE_LSTAT 1
| #define HAVE_PATHCONF 1
| #define HAVE_MBSINIT 1
| #define HAVE_MBRTOWC 1
| #define HAVE_REALPATH 1
| #define HAVE_CHOWN 1
| #define HAVE_FCHOWN 1
| #define HAVE_FCHDIR 1
| #define HAVE_FCHMODAT 1
| #define HAVE_LCHMOD 1
| #define HAVE_FCNTL 1
| #define HAVE_SYMLINK 1
| #define HAVE_FDOPENDIR 1
| #define HAVE_FSTATAT 1
| #define HAVE_GETDTABLESIZE 1
| #define HAVE_GETTIMEOFDAY 1
| #define HAVE_MPROTECT 1
| #define HAVE_MKDIRAT 1
| #define HAVE_OPENAT 1
| #define HAVE_READLINK 1
| #define HAVE_LINK 1
| #define HAVE_RENAMEAT 1
| #define HAVE_SETENV 1
| #define HAVE_LOCALTIME_R 1
| #define HAVE_UNLINKAT 1
| #define HAVE_ISWCNTRL 1
| #define HAVE_GETEUID 1
| #define HAVE_GETUID 1
| #define HAVE_SIGACTION 1
| #define HAVE_SIGFILLSET 1
| /* end confdefs.h.  */
| #include <stddef.h>
| #ifdef HAVE_STDIO_H
| # include <stdio.h>
| #endif
| #ifdef HAVE_STDLIB_H
| # include <stdlib.h>
| #endif
| #ifdef HAVE_STRING_H
| # include <string.h>
| #endif
| #ifdef HAVE_INTTYPES_H
| # include <inttypes.h>
| #endif
| #ifdef HAVE_STDINT_H
| # include <stdint.h>
| #endif
| #ifdef HAVE_STRINGS_H
| # include <strings.h>
| #endif
| #ifdef HAVE_SYS_TYPES_H
| # include <sys/types.h>
| #endif
| #ifdef HAVE_SYS_STAT_H
| # include <sys/stat.h>
| #endif
| #ifdef HAVE_UNISTD_H
| # include <unistd.h>
| #endif
| int
| main (void)
| {
| if (sizeof ((size_t)))
| 	    return 0;
|   ;
|   return 0;
| }
configure:8498: result: yes
configure:8511: checking for working alloca.h
configure:8529: gcc -o conftest -g -O2   conftest.c  >&5
configure:8529: $? = 0
configure:8540: result: yes
configure:8548: checking for alloca
configure:8593: result: yes
configure:8668: checking whether the preprocessor supports include_next
configure:8707: gcc -c -g -O2  -Iconftestd1b -Iconftestd2 conftest.c >&5
configure:8707: $? = 0
configure:8733: result: yes
configure:8755: checking whether source code line length is unlimited
configure:8782: result: yes
configure:8791: checking for d_ino member in directory struct
configure:8841: gcc -o conftest -g -O2   conftest.c  >&5
configure:8841: $? = 0
configure:8841: ./conftest
configure:8841: $? = 0
configure:8855: result: yes
configure:8866: checking for long file names
configure:8900: result: yes
configure:8920: checking whether char8_t is correctly defined
configure:8944: gcc -c -g -O2  conftest.c >&5
conftest.c:97:23: error: 'char8_t' undeclared here (not in a function); did you mean 'char32_t'?
   97 |           int verify[(char8_t)(-1) >= 0 && sizeof (char8_t) == sizeof (unsigned char) ? 1 : -1];
      |                       ^~~~~~~
      |                       char32_t
configure:8944: $? = 1
configure: failed program was:
| /* confdefs.h */
| #define PACKAGE_NAME "GNU patch"
| #define PACKAGE_TARNAME "patch"
| #define PACKAGE_VERSION "2.8"
| #define PACKAGE_STRING "GNU patch 2.8"
| #define PACKAGE_BUGREPORT "bug-patch@gnu.org"
| #define PACKAGE_URL "https://www.gnu.org/software/patch/"
| #define PACKAGE "patch"
| #define VERSION "2.8"
| #define HAVE_STDIO_H 1
| #define HAVE_STDLIB_H 1
| #define HAVE_STRING_H 1
| #define HAVE_INTTYPES_H 1
| #define HAVE_STDINT_H 1
| #define HAVE_STRINGS_H 1
| #define HAVE_SYS_STAT_H 1
| #define HAVE_SYS_TYPES_H 1
| #define HAVE_UNISTD_H 1
| #define HAVE_WCHAR_H 1
| #define HAVE_STDBOOL_H 1
| #define HAVE_UCHAR_H 1
| #define HAVE_SYS_PARAM_H 1
| #define HAVE_SYS_SOCKET_H 1
| #define HAVE_DIRENT_H 1
| #define HAVE_STDIO_EXT_H 1
| #define HAVE_GETOPT_H 1
| #define HAVE_SYS_TIME_H 1
| #define HAVE_THREADS_H 1
| #define HAVE_LIMITS_H 1
| #define HAVE_SYS_MMAN_H 1
| #define HAVE_STDCKDINT_H 1
| #define HAVE_SYS_RANDOM_H 1
| #define HAVE_UTIME_H 1
| #define HAVE_FEATURES_H 1
| #define HAVE_WCTYPE_H 1
| #define HAVE_FCNTL_H 1
| #define STDC_HEADERS 1
| #define _ALL_SOURCE 1
| #define _DARWIN_C_SOURCE 1
| #define _GNU_SOURCE 1
| #define _HPUX_ALT_XOPEN_SOCKET_API 1
| #define _NETBSD_SOURCE 1
| #define _OPENBSD_SOURCE 1
| #define _POSIX_PTHREAD_SEMANTICS 1
| #define __STDC_WANT_IEC_60559_ATTRIBS_EXT__ 1
| #define __STDC_WANT_IEC_60559_BFP_EXT__ 1
| #define __STDC_WANT_IEC_60559_DFP_EXT__ 1
| #define __STDC_WANT_IEC_60559_EXT__ 1
| #define __STDC_WANT_IEC_60559_FUNCS_EXT__ 1
| #define __STDC_WANT_IEC_60559_TYPES_EXT__ 1
| #define __STDC_WANT_LIB_EXT2__ 1
| #define __STDC_WANT_MATH_SPEC_FUNCS__ 1
| #define _TANDEM_SOURCE 1
| #define __EXTENSIONS__ 1
| #define _LINUX_SOURCE_COMPAT 1
| #define __USE_MINGW_ANSI_STDIO 1
| #define HAVE_LSTAT 1
| #define HAVE_PATHCONF 1
| #define HAVE_MBSINIT 1
| #define HAVE_MBRTOWC 1
| #define HAVE_REALPATH 1
| #define HAVE_CHOWN 1
| #define HAVE_FCHOWN 1
| #define HAVE_FCHDIR 1
| #define HAVE_FCHMODAT 1
| #define HAVE_LCHMOD 1
| #define HAVE_FCNTL 1
| #define HAVE_SYMLINK 1
| #define HAVE_FDOPENDIR 1
| #define HAVE_FSTATAT 1
| #define HAVE_GETDTABLESIZE 1
| #define HAVE_GETTIMEOFDAY 1
| #define HAVE_MPROTECT 1
| #define HAVE_MKDIRAT 1
| #define HAVE_OPENAT 1
| #define HAVE_READLINK 1
| #define HAVE_LINK 1
| #define HAVE_RENAMEAT 1
| #define HAVE_SETENV 1
| #define HAVE_LOCALTIME_R 1
| #define HAVE_UNLINKAT 1
| #define HAVE_ISWCNTRL 1
| #define HAVE_GETEUID 1
| #define HAVE_GETUID 1
| #define HAVE_SIGACTION 1
| #define HAVE_SIGFILLSET 1
| #define HAVE_ALLOCA_H 1
| #define HAVE_ALLOCA 1
| #define D_INO_IN_DIRENT 1
| #define HAVE_LONG_FILE_NAMES 1
| /* end confdefs.h.  */
| 
|           #ifdef __HAIKU__
|            #include <stdint.h>
|           #endif
|           #include <uchar.h>
|           int verify[(char8_t)(-1) >= 0 && sizeof (char8_t) == sizeof (unsigned char) ? 1 : -1];
| 
| int
| main (void)
| {
| 
|   ;
|   return 0;
| }
| 
configure:8955: result: no
configure:8965: checking whether char16_t is correctly defined
configure:8991: gcc -c -g -O2  conftest.c >&5
configure:8991: $? = 0
configure:9002: result: yes
configure:9012: checking whether char32_t is correctly defined
configure:9038: gcc -c -g -O2  conftest.c >&5
configure:9038: $? = 0
configure:9049: result: yes
configure:9228: checking for bit size of wchar_t
configure:9234: gcc -o conftest -g -O2   conftest.c  >&5
configure:9234: $? = 0
configure:9234: ./conftest
configure:9234: $? = 0
configure:9254: result: 32
configure:9345: checking for mbstate_t
configure:9363: gcc -c -g -O2  conftest.c >&5
configure:9363: $? = 0
configure:9373: result: yes
configure:9388: checking for nl_langinfo and CODESET
configure:9405: gcc -o conftest -g -O2   conftest.c  >&5
configure:9405: $? = 0
configure:9417: result: yes
configure:9428: checking for a traditional japanese locale
configure:9508: gcc -o conftest -g -O2   conftest.c  >&5
configure:9511: $? = 0
configure:9571: result: none
configure:9585: checking for an english Unicode locale
configure:9708: result: en_US.UTF-8
configure:9722: checking for a transitional chinese locale
configure:9817: gcc -o conftest -g -O2   conftest.c  >&5
configure:9820: $? = 0
configure:9873: result: none
configure:9900: checking whether mbrtowc handles incomplete characters
configure:9980: gcc -o conftest -g -O2   conftest.c  >&5
configure:9980: $? = 0
configure:9980: ./conftest
configure:9980: $? = 0
configure:9997: result: yes
configure:10003: checking whether mbrtowc works as well as mbtowc
configure:10063: result: guessing yes
configure:10079: checking for gcc options needed to detect all undeclared functions
configure:10101: gcc -c -g -O2   conftest.c >&5
conftest.c: In function 'main':
conftest.c:99:8: error: 'strchr' undeclared (first use in this function)
   99 | (void) strchr;
      |        ^~~~~~
conftest.c:1:1: note: 'strchr' is defined in header '<string.h>'; this is probably fixable by adding '#include <string.h>'
    1 | /* confdefs.h */
conftest.c:99:8: note: each undeclared identifier is reported only once for each function it appears in
   99 | (void) strchr;
      |        ^~~~~~
configure:10101: $? = 1
configure: failed program was:
| /* confdefs.h */
| #define PACKAGE_NAME "GNU patch"
| #define PACKAGE_TARNAME "patch"
| #define PACKAGE_VERSION "2.8"
| #define PACKAGE_STRING "GNU patch 2.8"
| #define PACKAGE_BUGREPORT "bug-patch@gnu.org"
| #define PACKAGE_URL "https://www.gnu.org/software/patch/"
| #define PACKAGE "patch"
| #define VERSION "2.8"
| #define HAVE_STDIO_H 1
| #define HAVE_STDLIB_H 1
| #define HAVE_STRING_H 1
| #define HAVE_INTTYPES_H 1
| #define HAVE_STDINT_H 1
| #define HAVE_STRINGS_H 1
| #define HAVE_SYS_STAT_H 1
| #define HAVE_SYS_TYPES_H 1
| #define HAVE_UNISTD_H 1
| #define HAVE_WCHAR_H 1
| #define HAVE_STDBOOL_H 1
| #define HAVE_UCHAR_H 1
| #define HAVE_SYS_PARAM_H 1
| #define HAVE_SYS_SOCKET_H 1
| #define HAVE_DIRENT_H 1
| #define HAVE_STDIO_EXT_H 1
| #define HAVE_GETOPT_H 1
| #define HAVE_SYS_TIME_H 1
| #define HAVE_THREADS_H 1
| #define HAVE_LIMITS_H 1
| #define HAVE_SYS_MMAN_H 1
| #define HAVE_STDCKDINT_H 1
| #define HAVE_SYS_RANDOM_H 1
| #define HAVE_UTIME_H 1
| #define HAVE_FEATURES_H 1
| #define HAVE_WCTYPE_H 1
| #define HAVE_FCNTL_H 1
| #define STDC_HEADERS 1
| #define _ALL_SOURCE 1
| #define _DARWIN_C_SOURCE 1
| #define _GNU_SOURCE 1
| #define _HPUX_ALT_XOPEN_SOCKET_API 1
| #define _NETBSD_SOURCE 1
| #define _OPENBSD_SOURCE 1
| #define _POSIX_PTHREAD_SEMANTICS 1
| #define __STDC_WANT_IEC_60559_ATTRIBS_EXT__ 1
| #define __STDC_WANT_IEC_60559_BFP_EXT__ 1
| #define __STDC_WANT_IEC_60559_DFP_EXT__ 1
| #define __STDC_WANT_IEC_60559_EXT__ 1
| #define __STDC_WANT_IEC_60559_FUNCS_EXT__ 1
| #define __STDC_WANT_IEC_60559_TYPES_EXT__ 1
| #define __STDC_WANT_LIB_EXT2__ 1
| #define __STDC_WANT_MATH_SPEC_FUNCS__ 1
| #define _TANDEM_SOURCE 1
| #define __EXTENSIONS__ 1
| #define _LINUX_SOURCE_COMPAT 1
| #define __USE_MINGW_ANSI_STDIO 1
| #define HAVE_LSTAT 1
| #define HAVE_PATHCONF 1
| #define HAVE_MBSINIT 1
| #define HAVE_MBRTOWC 1
| #define HAVE_REALPATH 1
| #define HAVE_CHOWN 1
| #define HAVE_FCHOWN 1
| #define HAVE_FCHDIR 1
| #define HAVE_FCHMODAT 1
| #define HAVE_LCHMOD 1
| #define HAVE_FCNTL 1
| #define HAVE_SYMLINK 1
| #define HAVE_FDOPENDIR 1
| #define HAVE_FSTATAT 1
| #define HAVE_GETDTABLESIZE 1
| #define HAVE_GETTIMEOFDAY 1
| #define HAVE_MPROTECT 1
| #define HAVE_MKDIRAT 1
| #define HAVE_OPENAT 1
| #define HAVE_READLINK 1
| #define HAVE_LINK 1
| #define HAVE_RENAMEAT 1
| #define HAVE_SETENV 1
| #define HAVE_LOCALTIME_R 1
| #define HAVE_UNLINKAT 1
| #define HAVE_ISWCNTRL 1
| #define HAVE_GETEUID 1
| #define HAVE_GETUID 1
| #define HAVE_SIGACTION 1
| #define HAVE_SIGFILLSET 1
| #define HAVE_ALLOCA_H 1
| #define HAVE_ALLOCA 1
| #define D_INO_IN_DIRENT 1
| #define HAVE_LONG_FILE_NAMES 1
| #define BITSIZEOF_WCHAR_T 32
| #define HAVE_MBSTATE_T 1
| #define HAVE_LANGINFO_CODESET 1
| /* end confdefs.h.  */
| 
| int
| main (void)
| {
| (void) strchr;
|   ;
|   return 0;
| }
configure:10128: gcc -c -g -O2   conftest.c >&5
configure:10128: $? = 0
configure:10148: result: none needed
configure:10163: checking whether mbrtoc32 is declared
configure:10163: gcc -c -g -O2   conftest.c >&5
configure:10163: $? = 0
configure:10163: result: yes
configure:10174: checking for mbrtoc32
configure:10199: gcc -o conftest -g -O2   conftest.c  >&5
configure:10199: $? = 0
configure:10211: result: yes
configure:10220: checking for a traditional french locale
configure:10297: gcc -o conftest -g -O2   conftest.c  >&5
configure:10300: $? = 0
configure:10358: result: none
configure:10379: checking whether mbrtoc32 works as well as mbrtowc
configure:10468: result: guessing yes
configure:10483: checking whether c32rtomb is declared
configure:10483: gcc -c -g -O2   conftest.c >&5
configure:10483: $? = 0
configure:10483: result: yes
configure:10494: checking for c32rtomb
configure:10519: gcc -o conftest -g -O2   conftest.c  >&5
configure:10519: $? = 0
configure:10531: result: yes
configure:10546: checking whether c32rtomb works as well as wcrtomb
configure:10626: result: guessing yes
configure:10859: checking whether malloc is ptrdiff_t safe
configure:10896: gcc -c -g -O2  conftest.c >&5
configure:10896: $? = 0
configure:10907: result: yes
configure:10925: checking whether malloc, realloc, calloc set errno on failure
configure:10968: result: yes
configure:11206: checking whether lstat correctly handles trailing slash
configure:11253: gcc -o conftest -g -O2   conftest.c  >&5
configure:11253: $? = 0
configure:11253: ./conftest
configure:11253: $? = 0
configure:11269: result: yes
configure:11282: checking whether // is distinct from /
configure:11313: result: no
configure:11324: checking whether realpath works
configure:11540: gcc -o conftest -g -O2   conftest.c  >&5
configure:11540: $? = 0
configure:11540: ./conftest
configure:11540: $? = 32
configure: program exited with status 32
configure: failed program was:
| /* confdefs.h */
| #define PACKAGE_NAME "GNU patch"
| #define PACKAGE_TARNAME "patch"
| #define PACKAGE_VERSION "2.8"
| #define PACKAGE_STRING "GNU patch 2.8"
| #define PACKAGE_BUGREPORT "bug-patch@gnu.org"
| #define PACKAGE_URL "https://www.gnu.org/software/patch/"
| #define PACKAGE "patch"
| #define VERSION "2.8"
| #define HAVE_STDIO_H 1
| #define HAVE_STDLIB_H 1
| #define HAVE_STRING_H 1
| #define HAVE_INTTYPES_H 1
| #define HAVE_STDINT_H 1
| #define HAVE_STRINGS_H 1
| #define HAVE_SYS_STAT_H 1
| #define HAVE_SYS_TYPES_H 1
| #define HAVE_UNISTD_H 1
| #define HAVE_WCHAR_H 1
| #define HAVE_STDBOOL_H 1
| #define HAVE_UCHAR_H 1
| #define HAVE_SYS_PARAM_H 1
| #define HAVE_SYS_SOCKET_H 1
| #define HAVE_DIRENT_H 1
| #define HAVE_STDIO_EXT_H 1
| #define HAVE_GETOPT_H 1
| #define HAVE_SYS_TIME_H 1
| #define HAVE_THREADS_H 1
| #define HAVE_LIMITS_H 1
| #define HAVE_SYS_MMAN_H 1
| #define HAVE_STDCKDINT_H 1
| #define HAVE_SYS_RANDOM_H 1
| #define HAVE_UTIME_H 1
| #define HAVE_FEATURES_H 1
| #define HAVE_WCTYPE_H 1
| #define HAVE_FCNTL_H 1
| #define STDC_HEADERS 1
| #define _ALL_SOURCE 1
| #define _DARWIN_C_SOURCE 1
| #define _GNU_SOURCE 1
| #define _HPUX_ALT_XOPEN_SOCKET_API 1
| #define _NETBSD_SOURCE 1
| #define _OPENBSD_SOURCE 1
| #define _POSIX_PTHREAD_SEMANTICS 1
| #define __STDC_WANT_IEC_60559_ATTRIBS_EXT__ 1
| #define __STDC_WANT_IEC_60559_BFP_EXT__ 1
| #define __STDC_WANT_IEC_60559_DFP_EXT__ 1
| #define __STDC_WANT_IEC_60559_EXT__ 1
| #define __STDC_WANT_IEC_60559_FUNCS_EXT__ 1
| #define __STDC_WANT_IEC_60559_TYPES_EXT__ 1
| #define __STDC_WANT_LIB_EXT2__ 1
| #define __STDC_WANT_MATH_SPEC_FUNCS__ 1
| #define _TANDEM_SOURCE 1
| #define __EXTENSIONS__ 1
| #define _LINUX_SOURCE_COMPAT 1
| #define __USE_MINGW_ANSI_STDIO 1
| #define HAVE_LSTAT 1
| #define HAVE_PATHCONF 1
| #define HAVE_MBSINIT 1
| #define HAVE_MBRTOWC 1
| #define HAVE_REALPATH 1
| #define HAVE_CHOWN 1
| #define HAVE_FCHOWN 1
| #define HAVE_FCHDIR 1
| #define HAVE_FCHMODAT 1
| #define HAVE_LCHMOD 1
| #define HAVE_FCNTL 1
| #define HAVE_SYMLINK 1
| #define HAVE_FDOPENDIR 1
| #define HAVE_FSTATAT 1
| #define HAVE_GETDTABLESIZE 1
| #define HAVE_GETTIMEOFDAY 1
| #define HAVE_MPROTECT 1
| #define HAVE_MKDIRAT 1
| #define HAVE_OPENAT 1
| #define HAVE_READLINK 1
| #define HAVE_LINK 1
| #define HAVE_RENAMEAT 1
| #define HAVE_SETENV 1
| #define HAVE_LOCALTIME_R 1
| #define HAVE_UNLINKAT 1
| #define HAVE_ISWCNTRL 1
| #define HAVE_GETEUID 1
| #define HAVE_GETUID 1
| #define HAVE_SIGACTION 1
| #define HAVE_SIGFILLSET 1
| #define HAVE_ALLOCA_H 1
| #define HAVE_ALLOCA 1
| #define D_INO_IN_DIRENT 1
| #define HAVE_LONG_FILE_NAMES 1
| #define BITSIZEOF_WCHAR_T 32
| #define HAVE_MBSTATE_T 1
| #define HAVE_LANGINFO_CODESET 1
| #define HAVE_WORKING_MBRTOC32 1
| #define HAVE_WORKING_C32RTOMB 1
| #define HAVE_MALLOC_PTRDIFF 1
| #define HAVE_MALLOC_POSIX 1
| #define LSTAT_FOLLOWS_SLASHED_SYMLINK 1
| /* end confdefs.h.  */
| 
| 
| 
| #include <stdlib.h>
| #if defined __MACH__ && defined __APPLE__
| /* Avoid a crash on Mac OS X.  */
| #include <mach/mach.h>
| #include <mach/mach_error.h>
| #include <mach/thread_status.h>
| #include <mach/exception.h>
| #include <mach/task.h>
| #include <pthread.h>
| /* The exception port on which our thread listens.  */
| static mach_port_t our_exception_port;
| /* The main function of the thread listening for exceptions of type
|    EXC_BAD_ACCESS.  */
| static void *
| mach_exception_thread (void *arg)
| {
|   /* Buffer for a message to be received.  */
|   struct {
|     mach_msg_header_t head;
|     mach_msg_body_t msgh_body;
|     char data[1024];
|   } msg;
|   mach_msg_return_t retval;
|   /* Wait for a message on the exception port.  */
|   retval = mach_msg (&msg.head, MACH_RCV_MSG | MACH_RCV_LARGE, 0, sizeof (msg),
|                      our_exception_port, MACH_MSG_TIMEOUT_NONE, MACH_PORT_NULL);
|   if (retval != MACH_MSG_SUCCESS)
|     abort ();
|   exit (1);
| }
| static void
| nocrash_init (void)
| {
|   mach_port_t self = mach_task_self ();
|   /* Allocate a port on which the thread shall listen for exceptions.  */
|   if (mach_port_allocate (self, MACH_PORT_RIGHT_RECEIVE, &our_exception_port)
|       == KERN_SUCCESS) {
|     /* See https://web.mit.edu/darwin/src/modules/xnu/osfmk/man/mach_port_insert_right.html.  */
|     if (mach_port_insert_right (self, our_exception_port, our_exception_port,
|                                 MACH_MSG_TYPE_MAKE_SEND)
|         == KERN_SUCCESS) {
|       /* The exceptions we want to catch.  Only EXC_BAD_ACCESS is interesting
|          for us.  */
|       exception_mask_t mask = EXC_MASK_BAD_ACCESS;
|       /* Create the thread listening on the exception port.  */
|       pthread_attr_t attr;
|       pthread_t thread;
|       if (pthread_attr_init (&attr) == 0
|           && pthread_attr_setdetachstate (&attr, PTHREAD_CREATE_DETACHED) == 0
|           && pthread_create (&thread, &attr, mach_exception_thread, NULL) == 0) {
|         pthread_attr_destroy (&attr);
|         /* Replace the exception port info for these exceptions with our own.
|            Note that we replace the exception port for the entire task, not only
|            for a particular thread.  This has the effect that when our exception
|            port gets the message, the thread specific exception port has already
|            been asked, and we don't need to bother about it.
|            See https://web.mit.edu/darwin/src/modules/xnu/osfmk/man/task_set_exception_ports.html.  */
|         task_set_exception_ports (self, mask, our_exception_port,
|                                   EXCEPTION_DEFAULT, MACHINE_THREAD_STATE);
|       }
|     }
|   }
| }
| #elif defined _WIN32 && ! defined __CYGWIN__
| /* Avoid a crash on native Windows.  */
| #define WIN32_LEAN_AND_MEAN
| #include <windows.h>
| #include <winerror.h>
| static LONG WINAPI
| exception_filter (EXCEPTION_POINTERS *ExceptionInfo)
| {
|   switch (ExceptionInfo->ExceptionRecord->ExceptionCode)
|     {
|     case EXCEPTION_ACCESS_VIOLATION:
|     case EXCEPTION_IN_PAGE_ERROR:
|     case EXCEPTION_STACK_OVERFLOW:
|     case EXCEPTION_GUARD_PAGE:
|     case EXCEPTION_PRIV_INSTRUCTION:
|     case EXCEPTION_ILLEGAL_INSTRUCTION:
|     case EXCEPTION_DATATYPE_MISALIGNMENT:
|     case EXCEPTION_ARRAY_BOUNDS_EXCEEDED:
|     case EXCEPTION_NONCONTINUABLE_EXCEPTION:
|       exit (1);
|     }
|   return EXCEPTION_CONTINUE_SEARCH;
| }
| static void
| nocrash_init (void)
| {
|   SetUnhandledExceptionFilter ((LPTOP_LEVEL_EXCEPTION_FILTER) exception_filter);
| }
| #else
| /* Avoid a crash on POSIX systems.  */
| #include <signal.h>
| #include <unistd.h>
| /* A POSIX signal handler.  */
| static void
| exception_handler (int sig)
| {
|   _exit (1);
| }
| static void
| nocrash_init (void)
| {
| #ifdef SIGSEGV
|   signal (SIGSEGV, exception_handler);
| #endif
| #ifdef SIGBUS
|   signal (SIGBUS, exception_handler);
| #endif
| }
| #endif
| 
|         #include <errno.h>
|         #include <stdlib.h>
|         #include <string.h>
| 
| int
| main (void)
| {
| 
|         int result = 0;
|         /* This test fails on Solaris 10.  */
|         {
|           char *name = realpath ("conftest.a", NULL);
|           if (!(name && *name == '/'))
|             result |= 1;
|           free (name);
|         }
|         /* This test fails on older versions of Cygwin.  */
|         {
|           char *name = realpath ("conftest.b/../conftest.a", NULL);
|           if (name != NULL)
|             result |= 2;
|           free (name);
|         }
|         /* This test fails on macOS 14, Cygwin 2.9.  */
|         #if HAVE_LSTAT
|         {
|           char *name = realpath ("conftest.l/../conftest.a", NULL);
|           if (name != NULL || errno != ENOTDIR)
|             result |= 4;
|           free (name);
|         }
|         #endif
|         /* This test fails on macOS 14, OpenBSD 6.0.  */
|         {
|           char *name = realpath ("conftest.a/", NULL);
|           if (name != NULL)
|             result |= 8;
|           free (name);
|         }
|         /* This test fails on AIX 7, Solaris 10.  */
|         {
|           char *name1 = realpath (".", NULL);
|           char *name2 = realpath ("conftest.d//./..", NULL);
|           if (! name1 || ! name2 || strcmp (name1, name2))
|             result |= 16;
|           free (name1);
|           free (name2);
|         }
|         #ifdef __linux__
|         /* On Linux, // is the same as /. See also double-slash-root.m4.
|            realpath() should respect this.
|            This test fails on musl libc 1.2.2.  */
|         {
|           char *name = realpath ("//", NULL);
|           if (! name || strcmp (name, "/"))
|             result |= 32;
|           free (name);
|         }
|         #endif
|         return result;
| 
|   ;
|   return 0;
| }
| 
configure:11560: result: nearly
configure:11582: checking for faccessat
configure:11619: checking for faccessat
configure:11619: gcc -o conftest -g -O2   conftest.c  >&5
configure:11619: $? = 0
configure:11619: result: yes
configure:11635: result: yes
configure:11653: checking for getcwd
configure:11653: gcc -o conftest -g -O2   conftest.c  >&5
configure:11653: $? = 0
configure:11653: result: yes
configure:11837: checking for uid_t
configure:11837: gcc -c -g -O2  conftest.c >&5
configure:11837: $? = 0
configure:11837: gcc -c -g -O2  conftest.c >&5
conftest.c: In function 'main':
conftest.c:134:20: error: expected expression before ')' token
  134 | if (sizeof ((uid_t)))
      |                    ^
configure:11837: $? = 1
configure: failed program was:
| /* confdefs.h */
| #define PACKAGE_NAME "GNU patch"
| #define PACKAGE_TARNAME "patch"
| #define PACKAGE_VERSION "2.8"
| #define PACKAGE_STRING "GNU patch 2.8"
| #define PACKAGE_BUGREPORT "bug-patch@gnu.org"
| #define PACKAGE_URL "https://www.gnu.org/software/patch/"
| #define PACKAGE "patch"
| #define VERSION "2.8"
| #define HAVE_STDIO_H 1
| #define HAVE_STDLIB_H 1
| #define HAVE_STRING_H 1
| #define HAVE_INTTYPES_H 1
| #define HAVE_STDINT_H 1
| #define HAVE_STRINGS_H 1
| #define HAVE_SYS_STAT_H 1
| #define HAVE_SYS_TYPES_H 1
| #define HAVE_UNISTD_H 1
| #define HAVE_WCHAR_H 1
| #define HAVE_STDBOOL_H 1
| #define HAVE_UCHAR_H 1
| #define HAVE_SYS_PARAM_H 1
| #define HAVE_SYS_SOCKET_H 1
| #define HAVE_DIRENT_H 1
| #define HAVE_STDIO_EXT_H 1
| #define HAVE_GETOPT_H 1
| #define HAVE_SYS_TIME_H 1
| #define HAVE_THREADS_H 1
| #define HAVE_LIMITS_H 1
| #define HAVE_SYS_MMAN_H 1
| #define HAVE_STDCKDINT_H 1
| #define HAVE_SYS_RANDOM_H 1
| #define HAVE_UTIME_H 1
| #define HAVE_FEATURES_H 1
| #define HAVE_WCTYPE_H 1
| #define HAVE_FCNTL_H 1
| #define STDC_HEADERS 1
| #define _ALL_SOURCE 1
| #define _DARWIN_C_SOURCE 1
| #define _GNU_SOURCE 1
| #define _HPUX_ALT_XOPEN_SOCKET_API 1
| #define _NETBSD_SOURCE 1
| #define _OPENBSD_SOURCE 1
| #define _POSIX_PTHREAD_SEMANTICS 1
| #define __STDC_WANT_IEC_60559_ATTRIBS_EXT__ 1
| #define __STDC_WANT_IEC_60559_BFP_EXT__ 1
| #define __STDC_WANT_IEC_60559_DFP_EXT__ 1
| #define __STDC_WANT_IEC_60559_EXT__ 1
| #define __STDC_WANT_IEC_60559_FUNCS_EXT__ 1
| #define __STDC_WANT_IEC_60559_TYPES_EXT__ 1
| #define __STDC_WANT_LIB_EXT2__ 1
| #define __STDC_WANT_MATH_SPEC_FUNCS__ 1
| #define _TANDEM_SOURCE 1
| #define __EXTENSIONS__ 1
| #define _LINUX_SOURCE_COMPAT 1
| #define __USE_MINGW_ANSI_STDIO 1
| #define HAVE_LSTAT 1
| #define HAVE_PATHCONF 1
| #define HAVE_MBSINIT 1
| #define HAVE_MBRTOWC 1
| #define HAVE_REALPATH 1
| #define HAVE_CHOWN 1
| #define HAVE_FCHOWN 1
| #define HAVE_FCHDIR 1
| #define HAVE_FCHMODAT 1
| #define HAVE_LCHMOD 1
| #define HAVE_FCNTL 1
| #define HAVE_SYMLINK 1
| #define HAVE_FDOPENDIR 1
| #define HAVE_FSTATAT 1
| #define HAVE_GETDTABLESIZE 1
| #define HAVE_GETTIMEOFDAY 1
| #define HAVE_MPROTECT 1
| #define HAVE_MKDIRAT 1
| #define HAVE_OPENAT 1
| #define HAVE_READLINK 1
| #define HAVE_LINK 1
| #define HAVE_RENAMEAT 1
| #define HAVE_SETENV 1
| #define HAVE_LOCALTIME_R 1
| #define HAVE_UNLINKAT 1
| #define HAVE_ISWCNTRL 1
| #define HAVE_GETEUID 1
| #define HAVE_GETUID 1
| #define HAVE_SIGACTION 1
| #define HAVE_SIGFILLSET 1
| #define HAVE_ALLOCA_H 1
| #define HAVE_ALLOCA 1
| #define D_INO_IN_DIRENT 1
| #define HAVE_LONG_FILE_NAMES 1
| #define BITSIZEOF_WCHAR_T 32
| #define HAVE_MBSTATE_T 1
| #define HAVE_LANGINFO_CODESET 1
| #define HAVE_WORKING_MBRTOC32 1
| #define HAVE_WORKING_C32RTOMB 1
| #define HAVE_MALLOC_PTRDIFF 1
| #define HAVE_MALLOC_POSIX 1
| #define LSTAT_FOLLOWS_SLASHED_SYMLINK 1
| #define FUNC_REALPATH_NEARLY_WORKS 1
| #define HAVE_FACCESSAT 1
| #define HAVE_GETCWD 1
| /* end confdefs.h.  */
| #include <stddef.h>
| #ifdef HAVE_STDIO_H
| # include <stdio.h>
| #endif
| #ifdef HAVE_STDLIB_H
| # include <stdlib.h>
| #endif
| #ifdef HAVE_STRING_H
| # include <string.h>
| #endif
| #ifdef HAVE_INTTYPES_H
| # include <inttypes.h>
| #endif
| #ifdef HAVE_STDINT_H
| # include <stdint.h>
| #endif
| #ifdef HAVE_STRINGS_H
| # include <strings.h>
| #endif
| #ifdef HAVE_SYS_TYPES_H
| # include <sys/types.h>
| #endif
| #ifdef HAVE_SYS_STAT_H
| # include <sys/stat.h>
| #endif
| #ifdef HAVE_UNISTD_H
| # include <unistd.h>
| #endif
| int
| main (void)
| {
| if (sizeof ((uid_t)))
| 	    return 0;
|   ;
|   return 0;
| }
configure:11837: result: yes
configure:11848: checking for gid_t
configure:11848: gcc -c -g -O2  conftest.c >&5
configure:11848: $? = 0
configure:11848: gcc -c -g -O2  conftest.c >&5
conftest.c: In function 'main':
conftest.c:134:20: error: expected expression before ')' token
  134 | if (sizeof ((gid_t)))
      |                    ^
configure:11848: $? = 1
configure: failed program was:
| /* confdefs.h */
| #define PACKAGE_NAME "GNU patch"
| #define PACKAGE_TARNAME "patch"
| #define PACKAGE_VERSION "2.8"
| #define PACKAGE_STRING "GNU patch 2.8"
| #define PACKAGE_BUGREPORT "bug-patch@gnu.org"
| #define PACKAGE_URL "https://www.gnu.org/software/patch/"
| #define PACKAGE "patch"
| #define VERSION "2.8"
| #define HAVE_STDIO_H 1
| #define HAVE_STDLIB_H 1
| #define HAVE_STRING_H 1
| #define HAVE_INTTYPES_H 1
| #define HAVE_STDINT_H 1
| #define HAVE_STRINGS_H 1
| #define HAVE_SYS_STAT_H 1
| #define HAVE_SYS_TYPES_H 1
| #define HAVE_UNISTD_H 1
| #define HAVE_WCHAR_H 1
| #define HAVE_STDBOOL_H 1
| #define HAVE_UCHAR_H 1
| #define HAVE_SYS_PARAM_H 1
| #define HAVE_SYS_SOCKET_H 1
| #define HAVE_DIRENT_H 1
| #define HAVE_STDIO_EXT_H 1
| #define HAVE_GETOPT_H 1
| #define HAVE_SYS_TIME_H 1
| #define HAVE_THREADS_H 1
| #define HAVE_LIMITS_H 1
| #define HAVE_SYS_MMAN_H 1
| #define HAVE_STDCKDINT_H 1
| #define HAVE_SYS_RANDOM_H 1
| #define HAVE_UTIME_H 1
| #define HAVE_FEATURES_H 1
| #define HAVE_WCTYPE_H 1
| #define HAVE_FCNTL_H 1
| #define STDC_HEADERS 1
| #define _ALL_SOURCE 1
| #define _DARWIN_C_SOURCE 1
| #define _GNU_SOURCE 1
| #define _HPUX_ALT_XOPEN_SOCKET_API 1
| #define _NETBSD_SOURCE 1
| #define _OPENBSD_SOURCE 1
| #define _POSIX_PTHREAD_SEMANTICS 1
| #define __STDC_WANT_IEC_60559_ATTRIBS_EXT__ 1
| #define __STDC_WANT_IEC_60559_BFP_EXT__ 1
| #define __STDC_WANT_IEC_60559_DFP_EXT__ 1
| #define __STDC_WANT_IEC_60559_EXT__ 1
| #define __STDC_WANT_IEC_60559_FUNCS_EXT__ 1
| #define __STDC_WANT_IEC_60559_TYPES_EXT__ 1
| #define __STDC_WANT_LIB_EXT2__ 1
| #define __STDC_WANT_MATH_SPEC_FUNCS__ 1
| #define _TANDEM_SOURCE 1
| #define __EXTENSIONS__ 1
| #define _LINUX_SOURCE_COMPAT 1
| #define __USE_MINGW_ANSI_STDIO 1
| #define HAVE_LSTAT 1
| #define HAVE_PATHCONF 1
| #define HAVE_MBSINIT 1
| #define HAVE_MBRTOWC 1
| #define HAVE_REALPATH 1
| #define HAVE_CHOWN 1
| #define HAVE_FCHOWN 1
| #define HAVE_FCHDIR 1
| #define HAVE_FCHMODAT 1
| #define HAVE_LCHMOD 1
| #define HAVE_FCNTL 1
| #define HAVE_SYMLINK 1
| #define HAVE_FDOPENDIR 1
| #define HAVE_FSTATAT 1
| #define HAVE_GETDTABLESIZE 1
| #define HAVE_GETTIMEOFDAY 1
| #define HAVE_MPROTECT 1
| #define HAVE_MKDIRAT 1
| #define HAVE_OPENAT 1
| #define HAVE_READLINK 1
| #define HAVE_LINK 1
| #define HAVE_RENAMEAT 1
| #define HAVE_SETENV 1
| #define HAVE_LOCALTIME_R 1
| #define HAVE_UNLINKAT 1
| #define HAVE_ISWCNTRL 1
| #define HAVE_GETEUID 1
| #define HAVE_GETUID 1
| #define HAVE_SIGACTION 1
| #define HAVE_SIGFILLSET 1
| #define HAVE_ALLOCA_H 1
| #define HAVE_ALLOCA 1
| #define D_INO_IN_DIRENT 1
| #define HAVE_LONG_FILE_NAMES 1
| #define BITSIZEOF_WCHAR_T 32
| #define HAVE_MBSTATE_T 1
| #define HAVE_LANGINFO_CODESET 1
| #define HAVE_WORKING_MBRTOC32 1
| #define HAVE_WORKING_C32RTOMB 1
| #define HAVE_MALLOC_PTRDIFF 1
| #define HAVE_MALLOC_POSIX 1
| #define LSTAT_FOLLOWS_SLASHED_SYMLINK 1
| #define FUNC_REALPATH_NEARLY_WORKS 1
| #define HAVE_FACCESSAT 1
| #define HAVE_GETCWD 1
| /* end confdefs.h.  */
| #include <stddef.h>
| #ifdef HAVE_STDIO_H
| # include <stdio.h>
| #endif
| #ifdef HAVE_STDLIB_H
| # include <stdlib.h>
| #endif
| #ifdef HAVE_STRING_H
| # include <string.h>
| #endif
| #ifdef HAVE_INTTYPES_H
| # include <inttypes.h>
| #endif
| #ifdef HAVE_STDINT_H
| # include <stdint.h>
| #endif
| #ifdef HAVE_STRINGS_H
| # include <strings.h>
| #endif
| #ifdef HAVE_SYS_TYPES_H
| # include <sys/types.h>
| #endif
| #ifdef HAVE_SYS_STAT_H
| # include <sys/stat.h>
| #endif
| #ifdef HAVE_UNISTD_H
| # include <unistd.h>
| #endif
| int
| main (void)
| {
| if (sizeof ((gid_t)))
| 	    return 0;
|   ;
|   return 0;
| }
configure:11848: result: yes
configure:11860: checking for unistd.h
configure:11860: result: yes
configure:11867: checking for working chown
configure:11917: gcc -o conftest -g -O2   conftest.c  >&5
configure:11917: $? = 0
configure:11917: ./conftest
configure:11917: $? = 0
configure:11933: result: yes
configure:11944: checking whether chown dereferences symlinks
configure:11986: gcc -o conftest -g -O2   conftest.c  >&5
configure:11986: $? = 0
configure:11986: ./conftest
configure:11986: $? = 0
configure:12002: result: yes
configure:12040: checking whether chown honors trailing slash
configure:12079: gcc -o conftest -g -O2   conftest.c  >&5
configure:12079: $? = 0
configure:12079: ./conftest
configure:12079: $? = 0
configure:12094: result: yes
configure:12106: checking whether chown always updates ctime
configure:12151: gcc -o conftest -g -O2   conftest.c  >&5
configure:12151: $? = 0
configure:12151: ./conftest
configure:12151: $? = 0
configure:12166: result: yes
configure:12411: checking if environ is properly declared
configure:12435: gcc -c -g -O2  conftest.c >&5
conftest.c:112:26: error: conflicting types for 'environ'; have 'foo_t'
  112 |             extern foo_t environ;
      |                          ^~~~~~~
In file included from /usr/include/fortify/unistd.h:23,
                 from conftest.c:106:
/usr/include/unistd.h:188:15: note: previous declaration of 'environ' with type 'char **'
  188 | extern char **environ;
      |               ^~~~~~~
configure:12435: $? = 1
configure: failed program was:
| /* confdefs.h */
| #define PACKAGE_NAME "GNU patch"
| #define PACKAGE_TARNAME "patch"
| #define PACKAGE_VERSION "2.8"
| #define PACKAGE_STRING "GNU patch 2.8"
| #define PACKAGE_BUGREPORT "bug-patch@gnu.org"
| #define PACKAGE_URL "https://www.gnu.org/software/patch/"
| #define PACKAGE "patch"
| #define VERSION "2.8"
| #define HAVE_STDIO_H 1
| #define HAVE_STDLIB_H 1
| #define HAVE_STRING_H 1
| #define HAVE_INTTYPES_H 1
| #define HAVE_STDINT_H 1
| #define HAVE_STRINGS_H 1
| #define HAVE_SYS_STAT_H 1
| #define HAVE_SYS_TYPES_H 1
| #define HAVE_UNISTD_H 1
| #define HAVE_WCHAR_H 1
| #define HAVE_STDBOOL_H 1
| #define HAVE_UCHAR_H 1
| #define HAVE_SYS_PARAM_H 1
| #define HAVE_SYS_SOCKET_H 1
| #define HAVE_DIRENT_H 1
| #define HAVE_STDIO_EXT_H 1
| #define HAVE_GETOPT_H 1
| #define HAVE_SYS_TIME_H 1
| #define HAVE_THREADS_H 1
| #define HAVE_LIMITS_H 1
| #define HAVE_SYS_MMAN_H 1
| #define HAVE_STDCKDINT_H 1
| #define HAVE_SYS_RANDOM_H 1
| #define HAVE_UTIME_H 1
| #define HAVE_FEATURES_H 1
| #define HAVE_WCTYPE_H 1
| #define HAVE_FCNTL_H 1
| #define STDC_HEADERS 1
| #define _ALL_SOURCE 1
| #define _DARWIN_C_SOURCE 1
| #define _GNU_SOURCE 1
| #define _HPUX_ALT_XOPEN_SOCKET_API 1
| #define _NETBSD_SOURCE 1
| #define _OPENBSD_SOURCE 1
| #define _POSIX_PTHREAD_SEMANTICS 1
| #define __STDC_WANT_IEC_60559_ATTRIBS_EXT__ 1
| #define __STDC_WANT_IEC_60559_BFP_EXT__ 1
| #define __STDC_WANT_IEC_60559_DFP_EXT__ 1
| #define __STDC_WANT_IEC_60559_EXT__ 1
| #define __STDC_WANT_IEC_60559_FUNCS_EXT__ 1
| #define __STDC_WANT_IEC_60559_TYPES_EXT__ 1
| #define __STDC_WANT_LIB_EXT2__ 1
| #define __STDC_WANT_MATH_SPEC_FUNCS__ 1
| #define _TANDEM_SOURCE 1
| #define __EXTENSIONS__ 1
| #define _LINUX_SOURCE_COMPAT 1
| #define __USE_MINGW_ANSI_STDIO 1
| #define HAVE_LSTAT 1
| #define HAVE_PATHCONF 1
| #define HAVE_MBSINIT 1
| #define HAVE_MBRTOWC 1
| #define HAVE_REALPATH 1
| #define HAVE_CHOWN 1
| #define HAVE_FCHOWN 1
| #define HAVE_FCHDIR 1
| #define HAVE_FCHMODAT 1
| #define HAVE_LCHMOD 1
| #define HAVE_FCNTL 1
| #define HAVE_SYMLINK 1
| #define HAVE_FDOPENDIR 1
| #define HAVE_FSTATAT 1
| #define HAVE_GETDTABLESIZE 1
| #define HAVE_GETTIMEOFDAY 1
| #define HAVE_MPROTECT 1
| #define HAVE_MKDIRAT 1
| #define HAVE_OPENAT 1
| #define HAVE_READLINK 1
| #define HAVE_LINK 1
| #define HAVE_RENAMEAT 1
| #define HAVE_SETENV 1
| #define HAVE_LOCALTIME_R 1
| #define HAVE_UNLINKAT 1
| #define HAVE_ISWCNTRL 1
| #define HAVE_GETEUID 1
| #define HAVE_GETUID 1
| #define HAVE_SIGACTION 1
| #define HAVE_SIGFILLSET 1
| #define HAVE_ALLOCA_H 1
| #define HAVE_ALLOCA 1
| #define D_INO_IN_DIRENT 1
| #define HAVE_LONG_FILE_NAMES 1
| #define BITSIZEOF_WCHAR_T 32
| #define HAVE_MBSTATE_T 1
| #define HAVE_LANGINFO_CODESET 1
| #define HAVE_WORKING_MBRTOC32 1
| #define HAVE_WORKING_C32RTOMB 1
| #define HAVE_MALLOC_PTRDIFF 1
| #define HAVE_MALLOC_POSIX 1
| #define LSTAT_FOLLOWS_SLASHED_SYMLINK 1
| #define FUNC_REALPATH_NEARLY_WORKS 1
| #define HAVE_FACCESSAT 1
| #define HAVE_GETCWD 1
| #define HAVE_UNISTD_H 1
| #define HAVE_CHOWN 1
| /* end confdefs.h.  */
| #if HAVE_UNISTD_H
|      #include <unistd.h>
|      #endif
|      /* mingw, BeOS, Haiku declare environ in <stdlib.h>, not in <unistd.h>.  */
|      #include <stdlib.h>
| 
|             typedef struct { int foo; } foo_t;
|             extern foo_t environ;
| int
| main (void)
| {
| environ.foo = 1;
|   ;
|   return 0;
| }
configure:12445: result: yes
configure:12462: checking for complete errno.h
configure:12542: result: yes
configure:12948: checking for error
configure:12985: checking for error
configure:12985: gcc -o conftest -g -O2   conftest.c  >&5
/usr/lib/gcc/x86_64-alpine-linux-musl/15.2.0/../../../../x86_64-alpine-linux-musl/bin/ld: /tmp/ccidjdFN.o: in function `main':
/home/sonakrie/Work/testicular_linux/patch/conftest.c:133:(.text.startup+0x5): undefined reference to `error'
collect2: error: ld returned 1 exit status
configure:12985: $? = 1
configure: failed program was:
| /* confdefs.h */
| #define PACKAGE_NAME "GNU patch"
| #define PACKAGE_TARNAME "patch"
| #define PACKAGE_VERSION "2.8"
| #define PACKAGE_STRING "GNU patch 2.8"
| #define PACKAGE_BUGREPORT "bug-patch@gnu.org"
| #define PACKAGE_URL "https://www.gnu.org/software/patch/"
| #define PACKAGE "patch"
| #define VERSION "2.8"
| #define HAVE_STDIO_H 1
| #define HAVE_STDLIB_H 1
| #define HAVE_STRING_H 1
| #define HAVE_INTTYPES_H 1
| #define HAVE_STDINT_H 1
| #define HAVE_STRINGS_H 1
| #define HAVE_SYS_STAT_H 1
| #define HAVE_SYS_TYPES_H 1
| #define HAVE_UNISTD_H 1
| #define HAVE_WCHAR_H 1
| #define HAVE_STDBOOL_H 1
| #define HAVE_UCHAR_H 1
| #define HAVE_SYS_PARAM_H 1
| #define HAVE_SYS_SOCKET_H 1
| #define HAVE_DIRENT_H 1
| #define HAVE_STDIO_EXT_H 1
| #define HAVE_GETOPT_H 1
| #define HAVE_SYS_TIME_H 1
| #define HAVE_THREADS_H 1
| #define HAVE_LIMITS_H 1
| #define HAVE_SYS_MMAN_H 1
| #define HAVE_STDCKDINT_H 1
| #define HAVE_SYS_RANDOM_H 1
| #define HAVE_UTIME_H 1
| #define HAVE_FEATURES_H 1
| #define HAVE_WCTYPE_H 1
| #define HAVE_FCNTL_H 1
| #define STDC_HEADERS 1
| #define _ALL_SOURCE 1
| #define _DARWIN_C_SOURCE 1
| #define _GNU_SOURCE 1
| #define _HPUX_ALT_XOPEN_SOCKET_API 1
| #define _NETBSD_SOURCE 1
| #define _OPENBSD_SOURCE 1
| #define _POSIX_PTHREAD_SEMANTICS 1
| #define __STDC_WANT_IEC_60559_ATTRIBS_EXT__ 1
| #define __STDC_WANT_IEC_60559_BFP_EXT__ 1
| #define __STDC_WANT_IEC_60559_DFP_EXT__ 1
| #define __STDC_WANT_IEC_60559_EXT__ 1
| #define __STDC_WANT_IEC_60559_FUNCS_EXT__ 1
| #define __STDC_WANT_IEC_60559_TYPES_EXT__ 1
| #define __STDC_WANT_LIB_EXT2__ 1
| #define __STDC_WANT_MATH_SPEC_FUNCS__ 1
| #define _TANDEM_SOURCE 1
| #define __EXTENSIONS__ 1
| #define _LINUX_SOURCE_COMPAT 1
| #define __USE_MINGW_ANSI_STDIO 1
| #define HAVE_LSTAT 1
| #define HAVE_PATHCONF 1
| #define HAVE_MBSINIT 1
| #define HAVE_MBRTOWC 1
| #define HAVE_REALPATH 1
| #define HAVE_CHOWN 1
| #define HAVE_FCHOWN 1
| #define HAVE_FCHDIR 1
| #define HAVE_FCHMODAT 1
| #define HAVE_LCHMOD 1
| #define HAVE_FCNTL 1
| #define HAVE_SYMLINK 1
| #define HAVE_FDOPENDIR 1
| #define HAVE_FSTATAT 1
| #define HAVE_GETDTABLESIZE 1
| #define HAVE_GETTIMEOFDAY 1
| #define HAVE_MPROTECT 1
| #define HAVE_MKDIRAT 1
| #define HAVE_OPENAT 1
| #define HAVE_READLINK 1
| #define HAVE_LINK 1
| #define HAVE_RENAMEAT 1
| #define HAVE_SETENV 1
| #define HAVE_LOCALTIME_R 1
| #define HAVE_UNLINKAT 1
| #define HAVE_ISWCNTRL 1
| #define HAVE_GETEUID 1
| #define HAVE_GETUID 1
| #define HAVE_SIGACTION 1
| #define HAVE_SIGFILLSET 1
| #define HAVE_ALLOCA_H 1
| #define HAVE_ALLOCA 1
| #define D_INO_IN_DIRENT 1
| #define HAVE_LONG_FILE_NAMES 1
| #define BITSIZEOF_WCHAR_T 32
| #define HAVE_MBSTATE_T 1
| #define HAVE_LANGINFO_CODESET 1
| #define HAVE_WORKING_MBRTOC32 1
| #define HAVE_WORKING_C32RTOMB 1
| #define HAVE_MALLOC_PTRDIFF 1
| #define HAVE_MALLOC_POSIX 1
| #define LSTAT_FOLLOWS_SLASHED_SYMLINK 1
| #define FUNC_REALPATH_NEARLY_WORKS 1
| #define HAVE_FACCESSAT 1
| #define HAVE_GETCWD 1
| #define HAVE_UNISTD_H 1
| #define HAVE_CHOWN 1
| #define HAVE_ENVIRON_DECL 1
| /* end confdefs.h.  */
| /* Define error to an innocuous variant, in case <limits.h> declares error.
|    For example, HP-UX 11i <limits.h> declares gettimeofday.  */
| #define error innocuous_error
| 
| /* System header to define __stub macros and hopefully few prototypes,
|    which can conflict with char error (void); below.  */
| 
| #include <limits.h>
| #undef error
| 
| /* Override any GCC internal prototype to avoid an error.
|    Use char because int might match the return type of a GCC
|    builtin and then its argument prototype would still apply.  */
| #ifdef __cplusplus
| extern "C"
| #endif
| char error (void);
| /* The GNU C library defines this for functions which it implements
|     to always fail with ENOSYS.  Some functions are actually named
|     something starting with __ and the normal name is an alias.  */
| #if defined __stub_error || defined __stub___error
| choke me
| #endif
| 
| int
| main (void)
| {
| return error ();
|   ;
|   return 0;
| }
configure:12985: result: no
configure:13001: result: no
configure:13024: checking whether error_at_line is declared
configure:13024: gcc -c -g -O2   conftest.c >&5
conftest.c:106:10: fatal error: error.h: No such file or directory
  106 | #include <error.h>
      |          ^~~~~~~~~
compilation terminated.
configure:13024: $? = 1
configure: failed program was:
| /* confdefs.h */
| #define PACKAGE_NAME "GNU patch"
| #define PACKAGE_TARNAME "patch"
| #define PACKAGE_VERSION "2.8"
| #define PACKAGE_STRING "GNU patch 2.8"
| #define PACKAGE_BUGREPORT "bug-patch@gnu.org"
| #define PACKAGE_URL "https://www.gnu.org/software/patch/"
| #define PACKAGE "patch"
| #define VERSION "2.8"
| #define HAVE_STDIO_H 1
| #define HAVE_STDLIB_H 1
| #define HAVE_STRING_H 1
| #define HAVE_INTTYPES_H 1
| #define HAVE_STDINT_H 1
| #define HAVE_STRINGS_H 1
| #define HAVE_SYS_STAT_H 1
| #define HAVE_SYS_TYPES_H 1
| #define HAVE_UNISTD_H 1
| #define HAVE_WCHAR_H 1
| #define HAVE_STDBOOL_H 1
| #define HAVE_UCHAR_H 1
| #define HAVE_SYS_PARAM_H 1
| #define HAVE_SYS_SOCKET_H 1
| #define HAVE_DIRENT_H 1
| #define HAVE_STDIO_EXT_H 1
| #define HAVE_GETOPT_H 1
| #define HAVE_SYS_TIME_H 1
| #define HAVE_THREADS_H 1
| #define HAVE_LIMITS_H 1
| #define HAVE_SYS_MMAN_H 1
| #define HAVE_STDCKDINT_H 1
| #define HAVE_SYS_RANDOM_H 1
| #define HAVE_UTIME_H 1
| #define HAVE_FEATURES_H 1
| #define HAVE_WCTYPE_H 1
| #define HAVE_FCNTL_H 1
| #define STDC_HEADERS 1
| #define _ALL_SOURCE 1
| #define _DARWIN_C_SOURCE 1
| #define _GNU_SOURCE 1
| #define _HPUX_ALT_XOPEN_SOCKET_API 1
| #define _NETBSD_SOURCE 1
| #define _OPENBSD_SOURCE 1
| #define _POSIX_PTHREAD_SEMANTICS 1
| #define __STDC_WANT_IEC_60559_ATTRIBS_EXT__ 1
| #define __STDC_WANT_IEC_60559_BFP_EXT__ 1
| #define __STDC_WANT_IEC_60559_DFP_EXT__ 1
| #define __STDC_WANT_IEC_60559_EXT__ 1
| #define __STDC_WANT_IEC_60559_FUNCS_EXT__ 1
| #define __STDC_WANT_IEC_60559_TYPES_EXT__ 1
| #define __STDC_WANT_LIB_EXT2__ 1
| #define __STDC_WANT_MATH_SPEC_FUNCS__ 1
| #define _TANDEM_SOURCE 1
| #define __EXTENSIONS__ 1
| #define _LINUX_SOURCE_COMPAT 1
| #define __USE_MINGW_ANSI_STDIO 1
| #define HAVE_LSTAT 1
| #define HAVE_PATHCONF 1
| #define HAVE_MBSINIT 1
| #define HAVE_MBRTOWC 1
| #define HAVE_REALPATH 1
| #define HAVE_CHOWN 1
| #define HAVE_FCHOWN 1
| #define HAVE_FCHDIR 1
| #define HAVE_FCHMODAT 1
| #define HAVE_LCHMOD 1
| #define HAVE_FCNTL 1
| #define HAVE_SYMLINK 1
| #define HAVE_FDOPENDIR 1
| #define HAVE_FSTATAT 1
| #define HAVE_GETDTABLESIZE 1
| #define HAVE_GETTIMEOFDAY 1
| #define HAVE_MPROTECT 1
| #define HAVE_MKDIRAT 1
| #define HAVE_OPENAT 1
| #define HAVE_READLINK 1
| #define HAVE_LINK 1
| #define HAVE_RENAMEAT 1
| #define HAVE_SETENV 1
| #define HAVE_LOCALTIME_R 1
| #define HAVE_UNLINKAT 1
| #define HAVE_ISWCNTRL 1
| #define HAVE_GETEUID 1
| #define HAVE_GETUID 1
| #define HAVE_SIGACTION 1
| #define HAVE_SIGFILLSET 1
| #define HAVE_ALLOCA_H 1
| #define HAVE_ALLOCA 1
| #define D_INO_IN_DIRENT 1
| #define HAVE_LONG_FILE_NAMES 1
| #define BITSIZEOF_WCHAR_T 32
| #define HAVE_MBSTATE_T 1
| #define HAVE_LANGINFO_CODESET 1
| #define HAVE_WORKING_MBRTOC32 1
| #define HAVE_WORKING_C32RTOMB 1
| #define HAVE_MALLOC_PTRDIFF 1
| #define HAVE_MALLOC_POSIX 1
| #define LSTAT_FOLLOWS_SLASHED_SYMLINK 1
| #define FUNC_REALPATH_NEARLY_WORKS 1
| #define HAVE_FACCESSAT 1
| #define HAVE_GETCWD 1
| #define HAVE_UNISTD_H 1
| #define HAVE_CHOWN 1
| #define HAVE_ENVIRON_DECL 1
| /* end confdefs.h.  */
| #include <error.h>
| 
| int
| main (void)
| {
| #ifndef error_at_line
| #ifdef __cplusplus
|   (void) error_at_line;
| #else
|   (void) error_at_line;
| #endif
| #endif
| 
|   ;
|   return 0;
| }
configure:13024: result: no
configure:13172: checking whether strerror_r is declared
configure:13172: gcc -c -g -O2   conftest.c >&5
configure:13172: $? = 0
configure:13172: result: yes
configure:13192: checking whether strerror_r returns char *
configure:13217: gcc -c -g -O2  conftest.c >&5
conftest.c: In function 'main':
conftest.c:114:20: error: invalid type argument of unary '*' (have 'int')
  114 |           char x = *strerror_r (0, buf, sizeof buf);
      |                    ^~~~~~~~~~~~~~~~~~~~~~~~~~~~~~~~
conftest.c:115:21: error: initialization of 'char *' from 'int' makes pointer from integer without a cast [-Wint-conversion]
  115 |           char *p = strerror_r (0, buf, sizeof buf);
      |                     ^~~~~~~~~~
configure:13217: $? = 1
configure: failed program was:
| /* confdefs.h */
| #define PACKAGE_NAME "GNU patch"
| #define PACKAGE_TARNAME "patch"
| #define PACKAGE_VERSION "2.8"
| #define PACKAGE_STRING "GNU patch 2.8"
| #define PACKAGE_BUGREPORT "bug-patch@gnu.org"
| #define PACKAGE_URL "https://www.gnu.org/software/patch/"
| #define PACKAGE "patch"
| #define VERSION "2.8"
| #define HAVE_STDIO_H 1
| #define HAVE_STDLIB_H 1
| #define HAVE_STRING_H 1
| #define HAVE_INTTYPES_H 1
| #define HAVE_STDINT_H 1
| #define HAVE_STRINGS_H 1
| #define HAVE_SYS_STAT_H 1
| #define HAVE_SYS_TYPES_H 1
| #define HAVE_UNISTD_H 1
| #define HAVE_WCHAR_H 1
| #define HAVE_STDBOOL_H 1
| #define HAVE_UCHAR_H 1
| #define HAVE_SYS_PARAM_H 1
| #define HAVE_SYS_SOCKET_H 1
| #define HAVE_DIRENT_H 1
| #define HAVE_STDIO_EXT_H 1
| #define HAVE_GETOPT_H 1
| #define HAVE_SYS_TIME_H 1
| #define HAVE_THREADS_H 1
| #define HAVE_LIMITS_H 1
| #define HAVE_SYS_MMAN_H 1
| #define HAVE_STDCKDINT_H 1
| #define HAVE_SYS_RANDOM_H 1
| #define HAVE_UTIME_H 1
| #define HAVE_FEATURES_H 1
| #define HAVE_WCTYPE_H 1
| #define HAVE_FCNTL_H 1
| #define STDC_HEADERS 1
| #define _ALL_SOURCE 1
| #define _DARWIN_C_SOURCE 1
| #define _GNU_SOURCE 1
| #define _HPUX_ALT_XOPEN_SOCKET_API 1
| #define _NETBSD_SOURCE 1
| #define _OPENBSD_SOURCE 1
| #define _POSIX_PTHREAD_SEMANTICS 1
| #define __STDC_WANT_IEC_60559_ATTRIBS_EXT__ 1
| #define __STDC_WANT_IEC_60559_BFP_EXT__ 1
| #define __STDC_WANT_IEC_60559_DFP_EXT__ 1
| #define __STDC_WANT_IEC_60559_EXT__ 1
| #define __STDC_WANT_IEC_60559_FUNCS_EXT__ 1
| #define __STDC_WANT_IEC_60559_TYPES_EXT__ 1
| #define __STDC_WANT_LIB_EXT2__ 1
| #define __STDC_WANT_MATH_SPEC_FUNCS__ 1
| #define _TANDEM_SOURCE 1
| #define __EXTENSIONS__ 1
| #define _LINUX_SOURCE_COMPAT 1
| #define __USE_MINGW_ANSI_STDIO 1
| #define HAVE_LSTAT 1
| #define HAVE_PATHCONF 1
| #define HAVE_MBSINIT 1
| #define HAVE_MBRTOWC 1
| #define HAVE_REALPATH 1
| #define HAVE_CHOWN 1
| #define HAVE_FCHOWN 1
| #define HAVE_FCHDIR 1
| #define HAVE_FCHMODAT 1
| #define HAVE_LCHMOD 1
| #define HAVE_FCNTL 1
| #define HAVE_SYMLINK 1
| #define HAVE_FDOPENDIR 1
| #define HAVE_FSTATAT 1
| #define HAVE_GETDTABLESIZE 1
| #define HAVE_GETTIMEOFDAY 1
| #define HAVE_MPROTECT 1
| #define HAVE_MKDIRAT 1
| #define HAVE_OPENAT 1
| #define HAVE_READLINK 1
| #define HAVE_LINK 1
| #define HAVE_RENAMEAT 1
| #define HAVE_SETENV 1
| #define HAVE_LOCALTIME_R 1
| #define HAVE_UNLINKAT 1
| #define HAVE_ISWCNTRL 1
| #define HAVE_GETEUID 1
| #define HAVE_GETUID 1
| #define HAVE_SIGACTION 1
| #define HAVE_SIGFILLSET 1
| #define HAVE_ALLOCA_H 1
| #define HAVE_ALLOCA 1
| #define D_INO_IN_DIRENT 1
| #define HAVE_LONG_FILE_NAMES 1
| #define BITSIZEOF_WCHAR_T 32
| #define HAVE_MBSTATE_T 1
| #define HAVE_LANGINFO_CODESET 1
| #define HAVE_WORKING_MBRTOC32 1
| #define HAVE_WORKING_C32RTOMB 1
| #define HAVE_MALLOC_PTRDIFF 1
| #define HAVE_MALLOC_POSIX 1
| #define LSTAT_FOLLOWS_SLASHED_SYMLINK 1
| #define FUNC_REALPATH_NEARLY_WORKS 1
| #define HAVE_FACCESSAT 1
| #define HAVE_GETCWD 1
| #define HAVE_UNISTD_H 1
| #define HAVE_CHOWN 1
| #define HAVE_ENVIRON_DECL 1
| #define HAVE_DECL_STRERROR_R 1
| #define HAVE_STRERROR_R 1
| /* end confdefs.h.  */
| #include <string.h>
| int
| main (void)
| {
| 
| 	  char buf[100];
| 	  char x = *strerror_r (0, buf, sizeof buf);
| 	  char *p = strerror_r (0, buf, sizeof buf);
| 	  return !p || x;
| 
|   ;
|   return 0;
| }
configure:13227: result: no
configure:13238: checking type of array argument to getgroups
configure:13268: gcc -c -g -O2  conftest.c >&5
configure:13268: $? = 0
configure:13288: gcc -c -g -O2  conftest.c >&5
conftest.c:136:12: error: conflicting types for 'getgroups'; have 'int(int,  int *)'
  136 | extern int getgroups(int, int *);
      |            ^~~~~~~~~
In file included from conftest.c:134:
/usr/include/fortify/unistd.h:78:28: note: previous definition of 'getgroups' with type 'int(int,  gid_t *)' {aka 'int(int,  unsigned int *)'}
   78 | _FORTIFY_FN(getgroups) int getgroups(int __l, gid_t * _FORTIFY_POS0 __s)
      |                            ^~~~~~~~~
configure:13288: $? = 1
configure: failed program was:
| /* confdefs.h */
| #define PACKAGE_NAME "GNU patch"
| #define PACKAGE_TARNAME "patch"
| #define PACKAGE_VERSION "2.8"
| #define PACKAGE_STRING "GNU patch 2.8"
| #define PACKAGE_BUGREPORT "bug-patch@gnu.org"
| #define PACKAGE_URL "https://www.gnu.org/software/patch/"
| #define PACKAGE "patch"
| #define VERSION "2.8"
| #define HAVE_STDIO_H 1
| #define HAVE_STDLIB_H 1
| #define HAVE_STRING_H 1
| #define HAVE_INTTYPES_H 1
| #define HAVE_STDINT_H 1
| #define HAVE_STRINGS_H 1
| #define HAVE_SYS_STAT_H 1
| #define HAVE_SYS_TYPES_H 1
| #define HAVE_UNISTD_H 1
| #define HAVE_WCHAR_H 1
| #define HAVE_STDBOOL_H 1
| #define HAVE_UCHAR_H 1
| #define HAVE_SYS_PARAM_H 1
| #define HAVE_SYS_SOCKET_H 1
| #define HAVE_DIRENT_H 1
| #define HAVE_STDIO_EXT_H 1
| #define HAVE_GETOPT_H 1
| #define HAVE_SYS_TIME_H 1
| #define HAVE_THREADS_H 1
| #define HAVE_LIMITS_H 1
| #define HAVE_SYS_MMAN_H 1
| #define HAVE_STDCKDINT_H 1
| #define HAVE_SYS_RANDOM_H 1
| #define HAVE_UTIME_H 1
| #define HAVE_FEATURES_H 1
| #define HAVE_WCTYPE_H 1
| #define HAVE_FCNTL_H 1
| #define STDC_HEADERS 1
| #define _ALL_SOURCE 1
| #define _DARWIN_C_SOURCE 1
| #define _GNU_SOURCE 1
| #define _HPUX_ALT_XOPEN_SOCKET_API 1
| #define _NETBSD_SOURCE 1
| #define _OPENBSD_SOURCE 1
| #define _POSIX_PTHREAD_SEMANTICS 1
| #define __STDC_WANT_IEC_60559_ATTRIBS_EXT__ 1
| #define __STDC_WANT_IEC_60559_BFP_EXT__ 1
| #define __STDC_WANT_IEC_60559_DFP_EXT__ 1
| #define __STDC_WANT_IEC_60559_EXT__ 1
| #define __STDC_WANT_IEC_60559_FUNCS_EXT__ 1
| #define __STDC_WANT_IEC_60559_TYPES_EXT__ 1
| #define __STDC_WANT_LIB_EXT2__ 1
| #define __STDC_WANT_MATH_SPEC_FUNCS__ 1
| #define _TANDEM_SOURCE 1
| #define __EXTENSIONS__ 1
| #define _LINUX_SOURCE_COMPAT 1
| #define __USE_MINGW_ANSI_STDIO 1
| #define HAVE_LSTAT 1
| #define HAVE_PATHCONF 1
| #define HAVE_MBSINIT 1
| #define HAVE_MBRTOWC 1
| #define HAVE_REALPATH 1
| #define HAVE_CHOWN 1
| #define HAVE_FCHOWN 1
| #define HAVE_FCHDIR 1
| #define HAVE_FCHMODAT 1
| #define HAVE_LCHMOD 1
| #define HAVE_FCNTL 1
| #define HAVE_SYMLINK 1
| #define HAVE_FDOPENDIR 1
| #define HAVE_FSTATAT 1
| #define HAVE_GETDTABLESIZE 1
| #define HAVE_GETTIMEOFDAY 1
| #define HAVE_MPROTECT 1
| #define HAVE_MKDIRAT 1
| #define HAVE_OPENAT 1
| #define HAVE_READLINK 1
| #define HAVE_LINK 1
| #define HAVE_RENAMEAT 1
| #define HAVE_SETENV 1
| #define HAVE_LOCALTIME_R 1
| #define HAVE_UNLINKAT 1
| #define HAVE_ISWCNTRL 1
| #define HAVE_GETEUID 1
| #define HAVE_GETUID 1
| #define HAVE_SIGACTION 1
| #define HAVE_SIGFILLSET 1
| #define HAVE_ALLOCA_H 1
| #define HAVE_ALLOCA 1
| #define D_INO_IN_DIRENT 1
| #define HAVE_LONG_FILE_NAMES 1
| #define BITSIZEOF_WCHAR_T 32
| #define HAVE_MBSTATE_T 1
| #define HAVE_LANGINFO_CODESET 1
| #define HAVE_WORKING_MBRTOC32 1
| #define HAVE_WORKING_C32RTOMB 1
| #define HAVE_MALLOC_PTRDIFF 1
| #define HAVE_MALLOC_POSIX 1
| #define LSTAT_FOLLOWS_SLASHED_SYMLINK 1
| #define FUNC_REALPATH_NEARLY_WORKS 1
| #define HAVE_FACCESSAT 1
| #define HAVE_GETCWD 1
| #define HAVE_UNISTD_H 1
| #define HAVE_CHOWN 1
| #define HAVE_ENVIRON_DECL 1
| #define HAVE_DECL_STRERROR_R 1
| #define HAVE_STRERROR_R 1
| /* end confdefs.h.  */
| #include <stddef.h>
| #ifdef HAVE_STDIO_H
| # include <stdio.h>
| #endif
| #ifdef HAVE_STDLIB_H
| # include <stdlib.h>
| #endif
| #ifdef HAVE_STRING_H
| # include <string.h>
| #endif
| #ifdef HAVE_INTTYPES_H
| # include <inttypes.h>
| #endif
| #ifdef HAVE_STDINT_H
| # include <stdint.h>
| #endif
| #ifdef HAVE_STRINGS_H
| # include <strings.h>
| #endif
| #ifdef HAVE_SYS_TYPES_H
| # include <sys/types.h>
| #endif
| #ifdef HAVE_SYS_STAT_H
| # include <sys/stat.h>
| #endif
| #ifdef HAVE_UNISTD_H
| # include <unistd.h>
| #endif
| extern int getgroups(int, int *);
| int
| main (void)
| {
| return !(getgroups(0, 0) >= 0);
|   ;
|   return 0;
| }
configure:13353: result: gid_t
configure:13359: checking whether ctype.h defines __header_inline
configure:13373: gcc -E  conftest.c
conftest.c:111:28: error: #error "<ctype.h> does not define __header_inline"
  111 |                           #error "<ctype.h> does not define __header_inline"
      |                            ^~~~~
configure:13373: $? = 1
configure: failed program was:
| /* confdefs.h */
| #define PACKAGE_NAME "GNU patch"
| #define PACKAGE_TARNAME "patch"
| #define PACKAGE_VERSION "2.8"
| #define PACKAGE_STRING "GNU patch 2.8"
| #define PACKAGE_BUGREPORT "bug-patch@gnu.org"
| #define PACKAGE_URL "https://www.gnu.org/software/patch/"
| #define PACKAGE "patch"
| #define VERSION "2.8"
| #define HAVE_STDIO_H 1
| #define HAVE_STDLIB_H 1
| #define HAVE_STRING_H 1
| #define HAVE_INTTYPES_H 1
| #define HAVE_STDINT_H 1
| #define HAVE_STRINGS_H 1
| #define HAVE_SYS_STAT_H 1
| #define HAVE_SYS_TYPES_H 1
| #define HAVE_UNISTD_H 1
| #define HAVE_WCHAR_H 1
| #define HAVE_STDBOOL_H 1
| #define HAVE_UCHAR_H 1
| #define HAVE_SYS_PARAM_H 1
| #define HAVE_SYS_SOCKET_H 1
| #define HAVE_DIRENT_H 1
| #define HAVE_STDIO_EXT_H 1
| #define HAVE_GETOPT_H 1
| #define HAVE_SYS_TIME_H 1
| #define HAVE_THREADS_H 1
| #define HAVE_LIMITS_H 1
| #define HAVE_SYS_MMAN_H 1
| #define HAVE_STDCKDINT_H 1
| #define HAVE_SYS_RANDOM_H 1
| #define HAVE_UTIME_H 1
| #define HAVE_FEATURES_H 1
| #define HAVE_WCTYPE_H 1
| #define HAVE_FCNTL_H 1
| #define STDC_HEADERS 1
| #define _ALL_SOURCE 1
| #define _DARWIN_C_SOURCE 1
| #define _GNU_SOURCE 1
| #define _HPUX_ALT_XOPEN_SOCKET_API 1
| #define _NETBSD_SOURCE 1
| #define _OPENBSD_SOURCE 1
| #define _POSIX_PTHREAD_SEMANTICS 1
| #define __STDC_WANT_IEC_60559_ATTRIBS_EXT__ 1
| #define __STDC_WANT_IEC_60559_BFP_EXT__ 1
| #define __STDC_WANT_IEC_60559_DFP_EXT__ 1
| #define __STDC_WANT_IEC_60559_EXT__ 1
| #define __STDC_WANT_IEC_60559_FUNCS_EXT__ 1
| #define __STDC_WANT_IEC_60559_TYPES_EXT__ 1
| #define __STDC_WANT_LIB_EXT2__ 1
| #define __STDC_WANT_MATH_SPEC_FUNCS__ 1
| #define _TANDEM_SOURCE 1
| #define __EXTENSIONS__ 1
| #define _LINUX_SOURCE_COMPAT 1
| #define __USE_MINGW_ANSI_STDIO 1
| #define HAVE_LSTAT 1
| #define HAVE_PATHCONF 1
| #define HAVE_MBSINIT 1
| #define HAVE_MBRTOWC 1
| #define HAVE_REALPATH 1
| #define HAVE_CHOWN 1
| #define HAVE_FCHOWN 1
| #define HAVE_FCHDIR 1
| #define HAVE_FCHMODAT 1
| #define HAVE_LCHMOD 1
| #define HAVE_FCNTL 1
| #define HAVE_SYMLINK 1
| #define HAVE_FDOPENDIR 1
| #define HAVE_FSTATAT 1
| #define HAVE_GETDTABLESIZE 1
| #define HAVE_GETTIMEOFDAY 1
| #define HAVE_MPROTECT 1
| #define HAVE_MKDIRAT 1
| #define HAVE_OPENAT 1
| #define HAVE_READLINK 1
| #define HAVE_LINK 1
| #define HAVE_RENAMEAT 1
| #define HAVE_SETENV 1
| #define HAVE_LOCALTIME_R 1
| #define HAVE_UNLINKAT 1
| #define HAVE_ISWCNTRL 1
| #define HAVE_GETEUID 1
| #define HAVE_GETUID 1
| #define HAVE_SIGACTION 1
| #define HAVE_SIGFILLSET 1
| #define HAVE_ALLOCA_H 1
| #define HAVE_ALLOCA 1
| #define D_INO_IN_DIRENT 1
| #define HAVE_LONG_FILE_NAMES 1
| #define BITSIZEOF_WCHAR_T 32
| #define HAVE_MBSTATE_T 1
| #define HAVE_LANGINFO_CODESET 1
| #define HAVE_WORKING_MBRTOC32 1
| #define HAVE_WORKING_C32RTOMB 1
| #define HAVE_MALLOC_PTRDIFF 1
| #define HAVE_MALLOC_POSIX 1
| #define LSTAT_FOLLOWS_SLASHED_SYMLINK 1
| #define FUNC_REALPATH_NEARLY_WORKS 1
| #define HAVE_FACCESSAT 1
| #define HAVE_GETCWD 1
| #define HAVE_UNISTD_H 1
| #define HAVE_CHOWN 1
| #define HAVE_ENVIRON_DECL 1
| #define HAVE_DECL_STRERROR_R 1
| #define HAVE_STRERROR_R 1
| #define GETGROUPS_T gid_t
| /* end confdefs.h.  */
| #include <ctype.h>
|                          #ifndef __header_inline
|                           #error "<ctype.h> does not define __header_inline"
|                          #endif
| 
configure:13383: result: no
configure:13393: checking whether fchdir is declared
configure:13393: gcc -c -g -O2   conftest.c >&5
configure:13393: $? = 0
configure:13393: result: yes
configure:13450: checking for working fcntl.h
configure:13564: gcc -o conftest -g -O2   conftest.c  >&5
configure:13564: $? = 0
configure:13564: ./conftest
configure:13564: $? = 0
configure:13584: result: yes
configure:13604: checking for pid_t
configure:13604: gcc -c -g -O2  conftest.c >&5
configure:13604: $? = 0
configure:13604: gcc -c -g -O2  conftest.c >&5
conftest.c: In function 'main':
conftest.c:144:20: error: expected expression before ')' token
  144 | if (sizeof ((pid_t)))
      |                    ^
configure:13604: $? = 1
configure: failed program was:
| /* confdefs.h */
| #define PACKAGE_NAME "GNU patch"
| #define PACKAGE_TARNAME "patch"
| #define PACKAGE_VERSION "2.8"
| #define PACKAGE_STRING "GNU patch 2.8"
| #define PACKAGE_BUGREPORT "bug-patch@gnu.org"
| #define PACKAGE_URL "https://www.gnu.org/software/patch/"
| #define PACKAGE "patch"
| #define VERSION "2.8"
| #define HAVE_STDIO_H 1
| #define HAVE_STDLIB_H 1
| #define HAVE_STRING_H 1
| #define HAVE_INTTYPES_H 1
| #define HAVE_STDINT_H 1
| #define HAVE_STRINGS_H 1
| #define HAVE_SYS_STAT_H 1
| #define HAVE_SYS_TYPES_H 1
| #define HAVE_UNISTD_H 1
| #define HAVE_WCHAR_H 1
| #define HAVE_STDBOOL_H 1
| #define HAVE_UCHAR_H 1
| #define HAVE_SYS_PARAM_H 1
| #define HAVE_SYS_SOCKET_H 1
| #define HAVE_DIRENT_H 1
| #define HAVE_STDIO_EXT_H 1
| #define HAVE_GETOPT_H 1
| #define HAVE_SYS_TIME_H 1
| #define HAVE_THREADS_H 1
| #define HAVE_LIMITS_H 1
| #define HAVE_SYS_MMAN_H 1
| #define HAVE_STDCKDINT_H 1
| #define HAVE_SYS_RANDOM_H 1
| #define HAVE_UTIME_H 1
| #define HAVE_FEATURES_H 1
| #define HAVE_WCTYPE_H 1
| #define HAVE_FCNTL_H 1
| #define STDC_HEADERS 1
| #define _ALL_SOURCE 1
| #define _DARWIN_C_SOURCE 1
| #define _GNU_SOURCE 1
| #define _HPUX_ALT_XOPEN_SOCKET_API 1
| #define _NETBSD_SOURCE 1
| #define _OPENBSD_SOURCE 1
| #define _POSIX_PTHREAD_SEMANTICS 1
| #define __STDC_WANT_IEC_60559_ATTRIBS_EXT__ 1
| #define __STDC_WANT_IEC_60559_BFP_EXT__ 1
| #define __STDC_WANT_IEC_60559_DFP_EXT__ 1
| #define __STDC_WANT_IEC_60559_EXT__ 1
| #define __STDC_WANT_IEC_60559_FUNCS_EXT__ 1
| #define __STDC_WANT_IEC_60559_TYPES_EXT__ 1
| #define __STDC_WANT_LIB_EXT2__ 1
| #define __STDC_WANT_MATH_SPEC_FUNCS__ 1
| #define _TANDEM_SOURCE 1
| #define __EXTENSIONS__ 1
| #define _LINUX_SOURCE_COMPAT 1
| #define __USE_MINGW_ANSI_STDIO 1
| #define HAVE_LSTAT 1
| #define HAVE_PATHCONF 1
| #define HAVE_MBSINIT 1
| #define HAVE_MBRTOWC 1
| #define HAVE_REALPATH 1
| #define HAVE_CHOWN 1
| #define HAVE_FCHOWN 1
| #define HAVE_FCHDIR 1
| #define HAVE_FCHMODAT 1
| #define HAVE_LCHMOD 1
| #define HAVE_FCNTL 1
| #define HAVE_SYMLINK 1
| #define HAVE_FDOPENDIR 1
| #define HAVE_FSTATAT 1
| #define HAVE_GETDTABLESIZE 1
| #define HAVE_GETTIMEOFDAY 1
| #define HAVE_MPROTECT 1
| #define HAVE_MKDIRAT 1
| #define HAVE_OPENAT 1
| #define HAVE_READLINK 1
| #define HAVE_LINK 1
| #define HAVE_RENAMEAT 1
| #define HAVE_SETENV 1
| #define HAVE_LOCALTIME_R 1
| #define HAVE_UNLINKAT 1
| #define HAVE_ISWCNTRL 1
| #define HAVE_GETEUID 1
| #define HAVE_GETUID 1
| #define HAVE_SIGACTION 1
| #define HAVE_SIGFILLSET 1
| #define HAVE_ALLOCA_H 1
| #define HAVE_ALLOCA 1
| #define D_INO_IN_DIRENT 1
| #define HAVE_LONG_FILE_NAMES 1
| #define BITSIZEOF_WCHAR_T 32
| #define HAVE_MBSTATE_T 1
| #define HAVE_LANGINFO_CODESET 1
| #define HAVE_WORKING_MBRTOC32 1
| #define HAVE_WORKING_C32RTOMB 1
| #define HAVE_MALLOC_PTRDIFF 1
| #define HAVE_MALLOC_POSIX 1
| #define LSTAT_FOLLOWS_SLASHED_SYMLINK 1
| #define FUNC_REALPATH_NEARLY_WORKS 1
| #define HAVE_FACCESSAT 1
| #define HAVE_GETCWD 1
| #define HAVE_UNISTD_H 1
| #define HAVE_CHOWN 1
| #define HAVE_ENVIRON_DECL 1
| #define HAVE_DECL_STRERROR_R 1
| #define HAVE_STRERROR_R 1
| #define GETGROUPS_T gid_t
| #define HAVE_DECL_FCHDIR 1
| #define HAVE_WORKING_O_NOATIME 1
| #define HAVE_WORKING_O_NOFOLLOW 1
| /* end confdefs.h.  */
| #include <stddef.h>
| #ifdef HAVE_STDIO_H
| # include <stdio.h>
| #endif
| #ifdef HAVE_STDLIB_H
| # include <stdlib.h>
| #endif
| #ifdef HAVE_STRING_H
| # include <string.h>
| #endif
| #ifdef HAVE_INTTYPES_H
| # include <inttypes.h>
| #endif
| #ifdef HAVE_STDINT_H
| # include <stdint.h>
| #endif
| #ifdef HAVE_STRINGS_H
| # include <strings.h>
| #endif
| #ifdef HAVE_SYS_TYPES_H
| # include <sys/types.h>
| #endif
| #ifdef HAVE_SYS_STAT_H
| # include <sys/stat.h>
| #endif
| #ifdef HAVE_UNISTD_H
| # include <unistd.h>
| #endif
| 
| int
| main (void)
| {
| if (sizeof ((pid_t)))
| 	    return 0;
|   ;
|   return 0;
| }
configure:13604: result: yes
configure:13642: checking for mode_t
configure:13642: gcc -c -g -O2  conftest.c >&5
configure:13642: $? = 0
configure:13642: gcc -c -g -O2  conftest.c >&5
conftest.c: In function 'main':
conftest.c:143:21: error: expected expression before ')' token
  143 | if (sizeof ((mode_t)))
      |                     ^
configure:13642: $? = 1
configure: failed program was:
| /* confdefs.h */
| #define PACKAGE_NAME "GNU patch"
| #define PACKAGE_TARNAME "patch"
| #define PACKAGE_VERSION "2.8"
| #define PACKAGE_STRING "GNU patch 2.8"
| #define PACKAGE_BUGREPORT "bug-patch@gnu.org"
| #define PACKAGE_URL "https://www.gnu.org/software/patch/"
| #define PACKAGE "patch"
| #define VERSION "2.8"
| #define HAVE_STDIO_H 1
| #define HAVE_STDLIB_H 1
| #define HAVE_STRING_H 1
| #define HAVE_INTTYPES_H 1
| #define HAVE_STDINT_H 1
| #define HAVE_STRINGS_H 1
| #define HAVE_SYS_STAT_H 1
| #define HAVE_SYS_TYPES_H 1
| #define HAVE_UNISTD_H 1
| #define HAVE_WCHAR_H 1
| #define HAVE_STDBOOL_H 1
| #define HAVE_UCHAR_H 1
| #define HAVE_SYS_PARAM_H 1
| #define HAVE_SYS_SOCKET_H 1
| #define HAVE_DIRENT_H 1
| #define HAVE_STDIO_EXT_H 1
| #define HAVE_GETOPT_H 1
| #define HAVE_SYS_TIME_H 1
| #define HAVE_THREADS_H 1
| #define HAVE_LIMITS_H 1
| #define HAVE_SYS_MMAN_H 1
| #define HAVE_STDCKDINT_H 1
| #define HAVE_SYS_RANDOM_H 1
| #define HAVE_UTIME_H 1
| #define HAVE_FEATURES_H 1
| #define HAVE_WCTYPE_H 1
| #define HAVE_FCNTL_H 1
| #define STDC_HEADERS 1
| #define _ALL_SOURCE 1
| #define _DARWIN_C_SOURCE 1
| #define _GNU_SOURCE 1
| #define _HPUX_ALT_XOPEN_SOCKET_API 1
| #define _NETBSD_SOURCE 1
| #define _OPENBSD_SOURCE 1
| #define _POSIX_PTHREAD_SEMANTICS 1
| #define __STDC_WANT_IEC_60559_ATTRIBS_EXT__ 1
| #define __STDC_WANT_IEC_60559_BFP_EXT__ 1
| #define __STDC_WANT_IEC_60559_DFP_EXT__ 1
| #define __STDC_WANT_IEC_60559_EXT__ 1
| #define __STDC_WANT_IEC_60559_FUNCS_EXT__ 1
| #define __STDC_WANT_IEC_60559_TYPES_EXT__ 1
| #define __STDC_WANT_LIB_EXT2__ 1
| #define __STDC_WANT_MATH_SPEC_FUNCS__ 1
| #define _TANDEM_SOURCE 1
| #define __EXTENSIONS__ 1
| #define _LINUX_SOURCE_COMPAT 1
| #define __USE_MINGW_ANSI_STDIO 1
| #define HAVE_LSTAT 1
| #define HAVE_PATHCONF 1
| #define HAVE_MBSINIT 1
| #define HAVE_MBRTOWC 1
| #define HAVE_REALPATH 1
| #define HAVE_CHOWN 1
| #define HAVE_FCHOWN 1
| #define HAVE_FCHDIR 1
| #define HAVE_FCHMODAT 1
| #define HAVE_LCHMOD 1
| #define HAVE_FCNTL 1
| #define HAVE_SYMLINK 1
| #define HAVE_FDOPENDIR 1
| #define HAVE_FSTATAT 1
| #define HAVE_GETDTABLESIZE 1
| #define HAVE_GETTIMEOFDAY 1
| #define HAVE_MPROTECT 1
| #define HAVE_MKDIRAT 1
| #define HAVE_OPENAT 1
| #define HAVE_READLINK 1
| #define HAVE_LINK 1
| #define HAVE_RENAMEAT 1
| #define HAVE_SETENV 1
| #define HAVE_LOCALTIME_R 1
| #define HAVE_UNLINKAT 1
| #define HAVE_ISWCNTRL 1
| #define HAVE_GETEUID 1
| #define HAVE_GETUID 1
| #define HAVE_SIGACTION 1
| #define HAVE_SIGFILLSET 1
| #define HAVE_ALLOCA_H 1
| #define HAVE_ALLOCA 1
| #define D_INO_IN_DIRENT 1
| #define HAVE_LONG_FILE_NAMES 1
| #define BITSIZEOF_WCHAR_T 32
| #define HAVE_MBSTATE_T 1
| #define HAVE_LANGINFO_CODESET 1
| #define HAVE_WORKING_MBRTOC32 1
| #define HAVE_WORKING_C32RTOMB 1
| #define HAVE_MALLOC_PTRDIFF 1
| #define HAVE_MALLOC_POSIX 1
| #define LSTAT_FOLLOWS_SLASHED_SYMLINK 1
| #define FUNC_REALPATH_NEARLY_WORKS 1
| #define HAVE_FACCESSAT 1
| #define HAVE_GETCWD 1
| #define HAVE_UNISTD_H 1
| #define HAVE_CHOWN 1
| #define HAVE_ENVIRON_DECL 1
| #define HAVE_DECL_STRERROR_R 1
| #define HAVE_STRERROR_R 1
| #define GETGROUPS_T gid_t
| #define HAVE_DECL_FCHDIR 1
| #define HAVE_WORKING_O_NOATIME 1
| #define HAVE_WORKING_O_NOFOLLOW 1
| /* end confdefs.h.  */
| #include <stddef.h>
| #ifdef HAVE_STDIO_H
| # include <stdio.h>
| #endif
| #ifdef HAVE_STDLIB_H
| # include <stdlib.h>
| #endif
| #ifdef HAVE_STRING_H
| # include <string.h>
| #endif
| #ifdef HAVE_INTTYPES_H
| # include <inttypes.h>
| #endif
| #ifdef HAVE_STDINT_H
| # include <stdint.h>
| #endif
| #ifdef HAVE_STRINGS_H
| # include <strings.h>
| #endif
| #ifdef HAVE_SYS_TYPES_H
| # include <sys/types.h>
| #endif
| #ifdef HAVE_SYS_STAT_H
| # include <sys/stat.h>
| #endif
| #ifdef HAVE_UNISTD_H
| # include <unistd.h>
| #endif
| int
| main (void)
| {
| if (sizeof ((mode_t)))
| 	    return 0;
|   ;
|   return 0;
| }
configure:13642: result: yes
configure:13795: checking whether stdin defaults to large file offsets
configure:13820: gcc -o conftest -g -O2   conftest.c  >&5
configure:13820: $? = 0
configure:13831: result: yes
configure:13931: checking for off64_t
configure:13949: gcc -c -g -O2  conftest.c >&5
conftest.c: In function 'main':
conftest.c:116:17: error: 'off64_t' undeclared (first use in this function); did you mean 'off_t'?
  116 | int x = sizeof (off64_t *) + sizeof (off64_t);
      |                 ^~~~~~~
      |                 off_t
conftest.c:116:17: note: each undeclared identifier is reported only once for each function it appears in
conftest.c:116:26: error: expected expression before ')' token
  116 | int x = sizeof (off64_t *) + sizeof (off64_t);
      |                          ^
configure:13949: $? = 1
configure: failed program was:
| /* confdefs.h */
| #define PACKAGE_NAME "GNU patch"
| #define PACKAGE_TARNAME "patch"
| #define PACKAGE_VERSION "2.8"
| #define PACKAGE_STRING "GNU patch 2.8"
| #define PACKAGE_BUGREPORT "bug-patch@gnu.org"
| #define PACKAGE_URL "https://www.gnu.org/software/patch/"
| #define PACKAGE "patch"
| #define VERSION "2.8"
| #define HAVE_STDIO_H 1
| #define HAVE_STDLIB_H 1
| #define HAVE_STRING_H 1
| #define HAVE_INTTYPES_H 1
| #define HAVE_STDINT_H 1
| #define HAVE_STRINGS_H 1
| #define HAVE_SYS_STAT_H 1
| #define HAVE_SYS_TYPES_H 1
| #define HAVE_UNISTD_H 1
| #define HAVE_WCHAR_H 1
| #define HAVE_STDBOOL_H 1
| #define HAVE_UCHAR_H 1
| #define HAVE_SYS_PARAM_H 1
| #define HAVE_SYS_SOCKET_H 1
| #define HAVE_DIRENT_H 1
| #define HAVE_STDIO_EXT_H 1
| #define HAVE_GETOPT_H 1
| #define HAVE_SYS_TIME_H 1
| #define HAVE_THREADS_H 1
| #define HAVE_LIMITS_H 1
| #define HAVE_SYS_MMAN_H 1
| #define HAVE_STDCKDINT_H 1
| #define HAVE_SYS_RANDOM_H 1
| #define HAVE_UTIME_H 1
| #define HAVE_FEATURES_H 1
| #define HAVE_WCTYPE_H 1
| #define HAVE_FCNTL_H 1
| #define STDC_HEADERS 1
| #define _ALL_SOURCE 1
| #define _DARWIN_C_SOURCE 1
| #define _GNU_SOURCE 1
| #define _HPUX_ALT_XOPEN_SOCKET_API 1
| #define _NETBSD_SOURCE 1
| #define _OPENBSD_SOURCE 1
| #define _POSIX_PTHREAD_SEMANTICS 1
| #define __STDC_WANT_IEC_60559_ATTRIBS_EXT__ 1
| #define __STDC_WANT_IEC_60559_BFP_EXT__ 1
| #define __STDC_WANT_IEC_60559_DFP_EXT__ 1
| #define __STDC_WANT_IEC_60559_EXT__ 1
| #define __STDC_WANT_IEC_60559_FUNCS_EXT__ 1
| #define __STDC_WANT_IEC_60559_TYPES_EXT__ 1
| #define __STDC_WANT_LIB_EXT2__ 1
| #define __STDC_WANT_MATH_SPEC_FUNCS__ 1
| #define _TANDEM_SOURCE 1
| #define __EXTENSIONS__ 1
| #define _LINUX_SOURCE_COMPAT 1
| #define __USE_MINGW_ANSI_STDIO 1
| #define HAVE_LSTAT 1
| #define HAVE_PATHCONF 1
| #define HAVE_MBSINIT 1
| #define HAVE_MBRTOWC 1
| #define HAVE_REALPATH 1
| #define HAVE_CHOWN 1
| #define HAVE_FCHOWN 1
| #define HAVE_FCHDIR 1
| #define HAVE_FCHMODAT 1
| #define HAVE_LCHMOD 1
| #define HAVE_FCNTL 1
| #define HAVE_SYMLINK 1
| #define HAVE_FDOPENDIR 1
| #define HAVE_FSTATAT 1
| #define HAVE_GETDTABLESIZE 1
| #define HAVE_GETTIMEOFDAY 1
| #define HAVE_MPROTECT 1
| #define HAVE_MKDIRAT 1
| #define HAVE_OPENAT 1
| #define HAVE_READLINK 1
| #define HAVE_LINK 1
| #define HAVE_RENAMEAT 1
| #define HAVE_SETENV 1
| #define HAVE_LOCALTIME_R 1
| #define HAVE_UNLINKAT 1
| #define HAVE_ISWCNTRL 1
| #define HAVE_GETEUID 1
| #define HAVE_GETUID 1
| #define HAVE_SIGACTION 1
| #define HAVE_SIGFILLSET 1
| #define HAVE_ALLOCA_H 1
| #define HAVE_ALLOCA 1
| #define D_INO_IN_DIRENT 1
| #define HAVE_LONG_FILE_NAMES 1
| #define BITSIZEOF_WCHAR_T 32
| #define HAVE_MBSTATE_T 1
| #define HAVE_LANGINFO_CODESET 1
| #define HAVE_WORKING_MBRTOC32 1
| #define HAVE_WORKING_C32RTOMB 1
| #define HAVE_MALLOC_PTRDIFF 1
| #define HAVE_MALLOC_POSIX 1
| #define LSTAT_FOLLOWS_SLASHED_SYMLINK 1
| #define FUNC_REALPATH_NEARLY_WORKS 1
| #define HAVE_FACCESSAT 1
| #define HAVE_GETCWD 1
| #define HAVE_UNISTD_H 1
| #define HAVE_CHOWN 1
| #define HAVE_ENVIRON_DECL 1
| #define HAVE_DECL_STRERROR_R 1
| #define HAVE_STRERROR_R 1
| #define GETGROUPS_T gid_t
| #define HAVE_DECL_FCHDIR 1
| #define HAVE_WORKING_O_NOATIME 1
| #define HAVE_WORKING_O_NOFOLLOW 1
| /* end confdefs.h.  */
| #include <sys/types.h>
| int
| main (void)
| {
| int x = sizeof (off64_t *) + sizeof (off64_t);
|             return !x;
|   ;
|   return 0;
| }
configure:13959: result: no
configure:14063: checking for blksize_t
configure:14063: gcc -c -g -O2  conftest.c >&5
configure:14063: $? = 0
configure:14063: gcc -c -g -O2  conftest.c >&5
conftest.c: In function 'main':
conftest.c:144:24: error: expected expression before ')' token
  144 | if (sizeof ((blksize_t)))
      |                        ^
configure:14063: $? = 1
configure: failed program was:
| /* confdefs.h */
| #define PACKAGE_NAME "GNU patch"
| #define PACKAGE_TARNAME "patch"
| #define PACKAGE_VERSION "2.8"
| #define PACKAGE_STRING "GNU patch 2.8"
| #define PACKAGE_BUGREPORT "bug-patch@gnu.org"
| #define PACKAGE_URL "https://www.gnu.org/software/patch/"
| #define PACKAGE "patch"
| #define VERSION "2.8"
| #define HAVE_STDIO_H 1
| #define HAVE_STDLIB_H 1
| #define HAVE_STRING_H 1
| #define HAVE_INTTYPES_H 1
| #define HAVE_STDINT_H 1
| #define HAVE_STRINGS_H 1
| #define HAVE_SYS_STAT_H 1
| #define HAVE_SYS_TYPES_H 1
| #define HAVE_UNISTD_H 1
| #define HAVE_WCHAR_H 1
| #define HAVE_STDBOOL_H 1
| #define HAVE_UCHAR_H 1
| #define HAVE_SYS_PARAM_H 1
| #define HAVE_SYS_SOCKET_H 1
| #define HAVE_DIRENT_H 1
| #define HAVE_STDIO_EXT_H 1
| #define HAVE_GETOPT_H 1
| #define HAVE_SYS_TIME_H 1
| #define HAVE_THREADS_H 1
| #define HAVE_LIMITS_H 1
| #define HAVE_SYS_MMAN_H 1
| #define HAVE_STDCKDINT_H 1
| #define HAVE_SYS_RANDOM_H 1
| #define HAVE_UTIME_H 1
| #define HAVE_FEATURES_H 1
| #define HAVE_WCTYPE_H 1
| #define HAVE_FCNTL_H 1
| #define STDC_HEADERS 1
| #define _ALL_SOURCE 1
| #define _DARWIN_C_SOURCE 1
| #define _GNU_SOURCE 1
| #define _HPUX_ALT_XOPEN_SOCKET_API 1
| #define _NETBSD_SOURCE 1
| #define _OPENBSD_SOURCE 1
| #define _POSIX_PTHREAD_SEMANTICS 1
| #define __STDC_WANT_IEC_60559_ATTRIBS_EXT__ 1
| #define __STDC_WANT_IEC_60559_BFP_EXT__ 1
| #define __STDC_WANT_IEC_60559_DFP_EXT__ 1
| #define __STDC_WANT_IEC_60559_EXT__ 1
| #define __STDC_WANT_IEC_60559_FUNCS_EXT__ 1
| #define __STDC_WANT_IEC_60559_TYPES_EXT__ 1
| #define __STDC_WANT_LIB_EXT2__ 1
| #define __STDC_WANT_MATH_SPEC_FUNCS__ 1
| #define _TANDEM_SOURCE 1
| #define __EXTENSIONS__ 1
| #define _LINUX_SOURCE_COMPAT 1
| #define __USE_MINGW_ANSI_STDIO 1
| #define HAVE_LSTAT 1
| #define HAVE_PATHCONF 1
| #define HAVE_MBSINIT 1
| #define HAVE_MBRTOWC 1
| #define HAVE_REALPATH 1
| #define HAVE_CHOWN 1
| #define HAVE_FCHOWN 1
| #define HAVE_FCHDIR 1
| #define HAVE_FCHMODAT 1
| #define HAVE_LCHMOD 1
| #define HAVE_FCNTL 1
| #define HAVE_SYMLINK 1
| #define HAVE_FDOPENDIR 1
| #define HAVE_FSTATAT 1
| #define HAVE_GETDTABLESIZE 1
| #define HAVE_GETTIMEOFDAY 1
| #define HAVE_MPROTECT 1
| #define HAVE_MKDIRAT 1
| #define HAVE_OPENAT 1
| #define HAVE_READLINK 1
| #define HAVE_LINK 1
| #define HAVE_RENAMEAT 1
| #define HAVE_SETENV 1
| #define HAVE_LOCALTIME_R 1
| #define HAVE_UNLINKAT 1
| #define HAVE_ISWCNTRL 1
| #define HAVE_GETEUID 1
| #define HAVE_GETUID 1
| #define HAVE_SIGACTION 1
| #define HAVE_SIGFILLSET 1
| #define HAVE_ALLOCA_H 1
| #define HAVE_ALLOCA 1
| #define D_INO_IN_DIRENT 1
| #define HAVE_LONG_FILE_NAMES 1
| #define BITSIZEOF_WCHAR_T 32
| #define HAVE_MBSTATE_T 1
| #define HAVE_LANGINFO_CODESET 1
| #define HAVE_WORKING_MBRTOC32 1
| #define HAVE_WORKING_C32RTOMB 1
| #define HAVE_MALLOC_PTRDIFF 1
| #define HAVE_MALLOC_POSIX 1
| #define LSTAT_FOLLOWS_SLASHED_SYMLINK 1
| #define FUNC_REALPATH_NEARLY_WORKS 1
| #define HAVE_FACCESSAT 1
| #define HAVE_GETCWD 1
| #define HAVE_UNISTD_H 1
| #define HAVE_CHOWN 1
| #define HAVE_ENVIRON_DECL 1
| #define HAVE_DECL_STRERROR_R 1
| #define HAVE_STRERROR_R 1
| #define GETGROUPS_T gid_t
| #define HAVE_DECL_FCHDIR 1
| #define HAVE_WORKING_O_NOATIME 1
| #define HAVE_WORKING_O_NOFOLLOW 1
| #define _USE_STD_STAT 1
| /* end confdefs.h.  */
| #include <stddef.h>
| #ifdef HAVE_STDIO_H
| # include <stdio.h>
| #endif
| #ifdef HAVE_STDLIB_H
| # include <stdlib.h>
| #endif
| #ifdef HAVE_STRING_H
| # include <string.h>
| #endif
| #ifdef HAVE_INTTYPES_H
| # include <inttypes.h>
| #endif
| #ifdef HAVE_STDINT_H
| # include <stdint.h>
| #endif
| #ifdef HAVE_STRINGS_H
| # include <strings.h>
| #endif
| #ifdef HAVE_SYS_TYPES_H
| # include <sys/types.h>
| #endif
| #ifdef HAVE_SYS_STAT_H
| # include <sys/stat.h>
| #endif
| #ifdef HAVE_UNISTD_H
| # include <unistd.h>
| #endif
| int
| main (void)
| {
| if (sizeof ((blksize_t)))
| 	    return 0;
|   ;
|   return 0;
| }
configure:14063: result: yes
configure:14074: checking for blkcnt_t
configure:14074: gcc -c -g -O2  conftest.c >&5
configure:14074: $? = 0
configure:14074: gcc -c -g -O2  conftest.c >&5
conftest.c: In function 'main':
conftest.c:144:23: error: expected expression before ')' token
  144 | if (sizeof ((blkcnt_t)))
      |                       ^
configure:14074: $? = 1
configure: failed program was:
| /* confdefs.h */
| #define PACKAGE_NAME "GNU patch"
| #define PACKAGE_TARNAME "patch"
| #define PACKAGE_VERSION "2.8"
| #define PACKAGE_STRING "GNU patch 2.8"
| #define PACKAGE_BUGREPORT "bug-patch@gnu.org"
| #define PACKAGE_URL "https://www.gnu.org/software/patch/"
| #define PACKAGE "patch"
| #define VERSION "2.8"
| #define HAVE_STDIO_H 1
| #define HAVE_STDLIB_H 1
| #define HAVE_STRING_H 1
| #define HAVE_INTTYPES_H 1
| #define HAVE_STDINT_H 1
| #define HAVE_STRINGS_H 1
| #define HAVE_SYS_STAT_H 1
| #define HAVE_SYS_TYPES_H 1
| #define HAVE_UNISTD_H 1
| #define HAVE_WCHAR_H 1
| #define HAVE_STDBOOL_H 1
| #define HAVE_UCHAR_H 1
| #define HAVE_SYS_PARAM_H 1
| #define HAVE_SYS_SOCKET_H 1
| #define HAVE_DIRENT_H 1
| #define HAVE_STDIO_EXT_H 1
| #define HAVE_GETOPT_H 1
| #define HAVE_SYS_TIME_H 1
| #define HAVE_THREADS_H 1
| #define HAVE_LIMITS_H 1
| #define HAVE_SYS_MMAN_H 1
| #define HAVE_STDCKDINT_H 1
| #define HAVE_SYS_RANDOM_H 1
| #define HAVE_UTIME_H 1
| #define HAVE_FEATURES_H 1
| #define HAVE_WCTYPE_H 1
| #define HAVE_FCNTL_H 1
| #define STDC_HEADERS 1
| #define _ALL_SOURCE 1
| #define _DARWIN_C_SOURCE 1
| #define _GNU_SOURCE 1
| #define _HPUX_ALT_XOPEN_SOCKET_API 1
| #define _NETBSD_SOURCE 1
| #define _OPENBSD_SOURCE 1
| #define _POSIX_PTHREAD_SEMANTICS 1
| #define __STDC_WANT_IEC_60559_ATTRIBS_EXT__ 1
| #define __STDC_WANT_IEC_60559_BFP_EXT__ 1
| #define __STDC_WANT_IEC_60559_DFP_EXT__ 1
| #define __STDC_WANT_IEC_60559_EXT__ 1
| #define __STDC_WANT_IEC_60559_FUNCS_EXT__ 1
| #define __STDC_WANT_IEC_60559_TYPES_EXT__ 1
| #define __STDC_WANT_LIB_EXT2__ 1
| #define __STDC_WANT_MATH_SPEC_FUNCS__ 1
| #define _TANDEM_SOURCE 1
| #define __EXTENSIONS__ 1
| #define _LINUX_SOURCE_COMPAT 1
| #define __USE_MINGW_ANSI_STDIO 1
| #define HAVE_LSTAT 1
| #define HAVE_PATHCONF 1
| #define HAVE_MBSINIT 1
| #define HAVE_MBRTOWC 1
| #define HAVE_REALPATH 1
| #define HAVE_CHOWN 1
| #define HAVE_FCHOWN 1
| #define HAVE_FCHDIR 1
| #define HAVE_FCHMODAT 1
| #define HAVE_LCHMOD 1
| #define HAVE_FCNTL 1
| #define HAVE_SYMLINK 1
| #define HAVE_FDOPENDIR 1
| #define HAVE_FSTATAT 1
| #define HAVE_GETDTABLESIZE 1
| #define HAVE_GETTIMEOFDAY 1
| #define HAVE_MPROTECT 1
| #define HAVE_MKDIRAT 1
| #define HAVE_OPENAT 1
| #define HAVE_READLINK 1
| #define HAVE_LINK 1
| #define HAVE_RENAMEAT 1
| #define HAVE_SETENV 1
| #define HAVE_LOCALTIME_R 1
| #define HAVE_UNLINKAT 1
| #define HAVE_ISWCNTRL 1
| #define HAVE_GETEUID 1
| #define HAVE_GETUID 1
| #define HAVE_SIGACTION 1
| #define HAVE_SIGFILLSET 1
| #define HAVE_ALLOCA_H 1
| #define HAVE_ALLOCA 1
| #define D_INO_IN_DIRENT 1
| #define HAVE_LONG_FILE_NAMES 1
| #define BITSIZEOF_WCHAR_T 32
| #define HAVE_MBSTATE_T 1
| #define HAVE_LANGINFO_CODESET 1
| #define HAVE_WORKING_MBRTOC32 1
| #define HAVE_WORKING_C32RTOMB 1
| #define HAVE_MALLOC_PTRDIFF 1
| #define HAVE_MALLOC_POSIX 1
| #define LSTAT_FOLLOWS_SLASHED_SYMLINK 1
| #define FUNC_REALPATH_NEARLY_WORKS 1
| #define HAVE_FACCESSAT 1
| #define HAVE_GETCWD 1
| #define HAVE_UNISTD_H 1
| #define HAVE_CHOWN 1
| #define HAVE_ENVIRON_DECL 1
| #define HAVE_DECL_STRERROR_R 1
| #define HAVE_STRERROR_R 1
| #define GETGROUPS_T gid_t
| #define HAVE_DECL_FCHDIR 1
| #define HAVE_WORKING_O_NOATIME 1
| #define HAVE_WORKING_O_NOFOLLOW 1
| #define _USE_STD_STAT 1
| /* end confdefs.h.  */
| #include <stddef.h>
| #ifdef HAVE_STDIO_H
| # include <stdio.h>
| #endif
| #ifdef HAVE_STDLIB_H
| # include <stdlib.h>
| #endif
| #ifdef HAVE_STRING_H
| # include <string.h>
| #endif
| #ifdef HAVE_INTTYPES_H
| # include <inttypes.h>
| #endif
| #ifdef HAVE_STDINT_H
| # include <stdint.h>
| #endif
| #ifdef HAVE_STRINGS_H
| # include <strings.h>
| #endif
| #ifdef HAVE_SYS_TYPES_H
| # include <sys/types.h>
| #endif
| #ifdef HAVE_SYS_STAT_H
| # include <sys/stat.h>
| #endif
| #ifdef HAVE_UNISTD_H
| # include <unistd.h>
| #endif
| int
| main (void)
| {
| if (sizeof ((blkcnt_t)))
| 	    return 0;
|   ;
|   return 0;
| }
configure:14074: result: yes
configure:14085: checking whether fseeko is declared
configure:14085: gcc -c -g -O2   conftest.c >&5
configure:14085: $? = 0
configure:14085: result: yes
configure:14103: checking for fseeko
configure:14122: gcc -o conftest -g -O2   conftest.c  >&5
configure:14122: $? = 0
configure:14134: result: yes
configure:14444: checking whether stat file-mode macros are broken
configure:14472: gcc -c -g -O2  conftest.c >&5
configure:14472: $? = 0
configure:14482: result: no
configure:14490: checking for C/C++ restrict keyword
configure:14520: gcc -c -g -O2  conftest.c >&5
configure:14520: $? = 0
configure:14530: result: __restrict__
configure:14639: checking for nlink_t
configure:14639: gcc -c -g -O2  conftest.c >&5
configure:14639: $? = 0
configure:14639: gcc -c -g -O2  conftest.c >&5
conftest.c: In function 'main':
conftest.c:121:22: error: expected expression before ')' token
  121 | if (sizeof ((nlink_t)))
      |                      ^
configure:14639: $? = 1
configure: failed program was:
| /* confdefs.h */
| #define PACKAGE_NAME "GNU patch"
| #define PACKAGE_TARNAME "patch"
| #define PACKAGE_VERSION "2.8"
| #define PACKAGE_STRING "GNU patch 2.8"
| #define PACKAGE_BUGREPORT "bug-patch@gnu.org"
| #define PACKAGE_URL "https://www.gnu.org/software/patch/"
| #define PACKAGE "patch"
| #define VERSION "2.8"
| #define HAVE_STDIO_H 1
| #define HAVE_STDLIB_H 1
| #define HAVE_STRING_H 1
| #define HAVE_INTTYPES_H 1
| #define HAVE_STDINT_H 1
| #define HAVE_STRINGS_H 1
| #define HAVE_SYS_STAT_H 1
| #define HAVE_SYS_TYPES_H 1
| #define HAVE_UNISTD_H 1
| #define HAVE_WCHAR_H 1
| #define HAVE_STDBOOL_H 1
| #define HAVE_UCHAR_H 1
| #define HAVE_SYS_PARAM_H 1
| #define HAVE_SYS_SOCKET_H 1
| #define HAVE_DIRENT_H 1
| #define HAVE_STDIO_EXT_H 1
| #define HAVE_GETOPT_H 1
| #define HAVE_SYS_TIME_H 1
| #define HAVE_THREADS_H 1
| #define HAVE_LIMITS_H 1
| #define HAVE_SYS_MMAN_H 1
| #define HAVE_STDCKDINT_H 1
| #define HAVE_SYS_RANDOM_H 1
| #define HAVE_UTIME_H 1
| #define HAVE_FEATURES_H 1
| #define HAVE_WCTYPE_H 1
| #define HAVE_FCNTL_H 1
| #define STDC_HEADERS 1
| #define _ALL_SOURCE 1
| #define _DARWIN_C_SOURCE 1
| #define _GNU_SOURCE 1
| #define _HPUX_ALT_XOPEN_SOCKET_API 1
| #define _NETBSD_SOURCE 1
| #define _OPENBSD_SOURCE 1
| #define _POSIX_PTHREAD_SEMANTICS 1
| #define __STDC_WANT_IEC_60559_ATTRIBS_EXT__ 1
| #define __STDC_WANT_IEC_60559_BFP_EXT__ 1
| #define __STDC_WANT_IEC_60559_DFP_EXT__ 1
| #define __STDC_WANT_IEC_60559_EXT__ 1
| #define __STDC_WANT_IEC_60559_FUNCS_EXT__ 1
| #define __STDC_WANT_IEC_60559_TYPES_EXT__ 1
| #define __STDC_WANT_LIB_EXT2__ 1
| #define __STDC_WANT_MATH_SPEC_FUNCS__ 1
| #define _TANDEM_SOURCE 1
| #define __EXTENSIONS__ 1
| #define _LINUX_SOURCE_COMPAT 1
| #define __USE_MINGW_ANSI_STDIO 1
| #define HAVE_LSTAT 1
| #define HAVE_PATHCONF 1
| #define HAVE_MBSINIT 1
| #define HAVE_MBRTOWC 1
| #define HAVE_REALPATH 1
| #define HAVE_CHOWN 1
| #define HAVE_FCHOWN 1
| #define HAVE_FCHDIR 1
| #define HAVE_FCHMODAT 1
| #define HAVE_LCHMOD 1
| #define HAVE_FCNTL 1
| #define HAVE_SYMLINK 1
| #define HAVE_FDOPENDIR 1
| #define HAVE_FSTATAT 1
| #define HAVE_GETDTABLESIZE 1
| #define HAVE_GETTIMEOFDAY 1
| #define HAVE_MPROTECT 1
| #define HAVE_MKDIRAT 1
| #define HAVE_OPENAT 1
| #define HAVE_READLINK 1
| #define HAVE_LINK 1
| #define HAVE_RENAMEAT 1
| #define HAVE_SETENV 1
| #define HAVE_LOCALTIME_R 1
| #define HAVE_UNLINKAT 1
| #define HAVE_ISWCNTRL 1
| #define HAVE_GETEUID 1
| #define HAVE_GETUID 1
| #define HAVE_SIGACTION 1
| #define HAVE_SIGFILLSET 1
| #define HAVE_ALLOCA_H 1
| #define HAVE_ALLOCA 1
| #define D_INO_IN_DIRENT 1
| #define HAVE_LONG_FILE_NAMES 1
| #define BITSIZEOF_WCHAR_T 32
| #define HAVE_MBSTATE_T 1
| #define HAVE_LANGINFO_CODESET 1
| #define HAVE_WORKING_MBRTOC32 1
| #define HAVE_WORKING_C32RTOMB 1
| #define HAVE_MALLOC_PTRDIFF 1
| #define HAVE_MALLOC_POSIX 1
| #define LSTAT_FOLLOWS_SLASHED_SYMLINK 1
| #define FUNC_REALPATH_NEARLY_WORKS 1
| #define HAVE_FACCESSAT 1
| #define HAVE_GETCWD 1
| #define HAVE_UNISTD_H 1
| #define HAVE_CHOWN 1
| #define HAVE_ENVIRON_DECL 1
| #define HAVE_DECL_STRERROR_R 1
| #define HAVE_STRERROR_R 1
| #define GETGROUPS_T gid_t
| #define HAVE_DECL_FCHDIR 1
| #define HAVE_WORKING_O_NOATIME 1
| #define HAVE_WORKING_O_NOFOLLOW 1
| #define _USE_STD_STAT 1
| #define HAVE_DECL_FSEEKO 1
| #define restrict __restrict__
| /* end confdefs.h.  */
| #include <sys/types.h>
|      #include <sys/stat.h>
| 
| int
| main (void)
| {
| if (sizeof ((nlink_t)))
| 	    return 0;
|   ;
|   return 0;
| }
configure:14639: result: yes
configure:14674: checking whether ftello is declared
configure:14674: gcc -c -g -O2   conftest.c >&5
configure:14674: $? = 0
configure:14674: result: yes
configure:14687: checking whether ungetc works on arbitrary bytes
configure:14748: gcc -o conftest -g -O2   conftest.c  >&5
configure:14748: $? = 0
configure:14748: ./conftest
configure:14748: $? = 0
configure:14763: result: yes
configure:14793: checking for ftello
configure:14811: gcc -o conftest -g -O2   conftest.c  >&5
configure:14811: $? = 0
configure:14823: result: yes
configure:14841: checking whether ftello works
configure:14921: gcc -o conftest -g -O2   conftest.c  >&5
configure:14921: $? = 0
configure:14921: ./conftest
configure:14921: $? = 0
configure:14936: result: yes
configure:14961: checking whether getcwd (NULL, 0) allocates memory for result
configure:15024: gcc -o conftest -g -O2   conftest.c  >&5
configure:15024: $? = 0
configure:15024: ./conftest
configure:15024: $? = 0
configure:15038: result: yes
configure:15042: checking for getcwd with POSIX signature
configure:15069: gcc -c -g -O2  conftest.c >&5
configure:15069: $? = 0
configure:15080: result: yes
configure:15084: checking whether getdtablesize is declared
configure:15084: gcc -c -g -O2   conftest.c >&5
configure:15084: $? = 0
configure:15084: result: yes
configure:15191: checking for getopt.h
configure:15191: result: yes
configure:15208: checking for getopt_long_only
configure:15208: gcc -o conftest -g -O2   conftest.c  >&5
configure:15208: $? = 0
configure:15208: result: yes
configure:15222: checking whether getopt is POSIX compatible
configure:15266: gcc -o conftest -g -O2   conftest.c  >&5
configure:15266: $? = 0
configure:15266: ./conftest
configure:15266: $? = 0
configure:15329: gcc -o conftest -g -O2   conftest.c  >&5
configure:15329: $? = 0
configure:15329: ./conftest
configure:15329: $? = 0
configure:15375: gcc -o conftest -g -O2   conftest.c  >&5
configure:15375: $? = 0
configure:15375: ./conftest
program: option requires an argument: b
configure:15375: $? = 16
configure: program exited with status 16
configure: failed program was:
| /* confdefs.h */
| #define PACKAGE_NAME "GNU patch"
| #define PACKAGE_TARNAME "patch"
| #define PACKAGE_VERSION "2.8"
| #define PACKAGE_STRING "GNU patch 2.8"
| #define PACKAGE_BUGREPORT "bug-patch@gnu.org"
| #define PACKAGE_URL "https://www.gnu.org/software/patch/"
| #define PACKAGE "patch"
| #define VERSION "2.8"
| #define HAVE_STDIO_H 1
| #define HAVE_STDLIB_H 1
| #define HAVE_STRING_H 1
| #define HAVE_INTTYPES_H 1
| #define HAVE_STDINT_H 1
| #define HAVE_STRINGS_H 1
| #define HAVE_SYS_STAT_H 1
| #define HAVE_SYS_TYPES_H 1
| #define HAVE_UNISTD_H 1
| #define HAVE_WCHAR_H 1
| #define HAVE_STDBOOL_H 1
| #define HAVE_UCHAR_H 1
| #define HAVE_SYS_PARAM_H 1
| #define HAVE_SYS_SOCKET_H 1
| #define HAVE_DIRENT_H 1
| #define HAVE_STDIO_EXT_H 1
| #define HAVE_GETOPT_H 1
| #define HAVE_SYS_TIME_H 1
| #define HAVE_THREADS_H 1
| #define HAVE_LIMITS_H 1
| #define HAVE_SYS_MMAN_H 1
| #define HAVE_STDCKDINT_H 1
| #define HAVE_SYS_RANDOM_H 1
| #define HAVE_UTIME_H 1
| #define HAVE_FEATURES_H 1
| #define HAVE_WCTYPE_H 1
| #define HAVE_FCNTL_H 1
| #define STDC_HEADERS 1
| #define _ALL_SOURCE 1
| #define _DARWIN_C_SOURCE 1
| #define _GNU_SOURCE 1
| #define _HPUX_ALT_XOPEN_SOCKET_API 1
| #define _NETBSD_SOURCE 1
| #define _OPENBSD_SOURCE 1
| #define _POSIX_PTHREAD_SEMANTICS 1
| #define __STDC_WANT_IEC_60559_ATTRIBS_EXT__ 1
| #define __STDC_WANT_IEC_60559_BFP_EXT__ 1
| #define __STDC_WANT_IEC_60559_DFP_EXT__ 1
| #define __STDC_WANT_IEC_60559_EXT__ 1
| #define __STDC_WANT_IEC_60559_FUNCS_EXT__ 1
| #define __STDC_WANT_IEC_60559_TYPES_EXT__ 1
| #define __STDC_WANT_LIB_EXT2__ 1
| #define __STDC_WANT_MATH_SPEC_FUNCS__ 1
| #define _TANDEM_SOURCE 1
| #define __EXTENSIONS__ 1
| #define _LINUX_SOURCE_COMPAT 1
| #define __USE_MINGW_ANSI_STDIO 1
| #define HAVE_LSTAT 1
| #define HAVE_PATHCONF 1
| #define HAVE_MBSINIT 1
| #define HAVE_MBRTOWC 1
| #define HAVE_REALPATH 1
| #define HAVE_CHOWN 1
| #define HAVE_FCHOWN 1
| #define HAVE_FCHDIR 1
| #define HAVE_FCHMODAT 1
| #define HAVE_LCHMOD 1
| #define HAVE_FCNTL 1
| #define HAVE_SYMLINK 1
| #define HAVE_FDOPENDIR 1
| #define HAVE_FSTATAT 1
| #define HAVE_GETDTABLESIZE 1
| #define HAVE_GETTIMEOFDAY 1
| #define HAVE_MPROTECT 1
| #define HAVE_MKDIRAT 1
| #define HAVE_OPENAT 1
| #define HAVE_READLINK 1
| #define HAVE_LINK 1
| #define HAVE_RENAMEAT 1
| #define HAVE_SETENV 1
| #define HAVE_LOCALTIME_R 1
| #define HAVE_UNLINKAT 1
| #define HAVE_ISWCNTRL 1
| #define HAVE_GETEUID 1
| #define HAVE_GETUID 1
| #define HAVE_SIGACTION 1
| #define HAVE_SIGFILLSET 1
| #define HAVE_ALLOCA_H 1
| #define HAVE_ALLOCA 1
| #define D_INO_IN_DIRENT 1
| #define HAVE_LONG_FILE_NAMES 1
| #define BITSIZEOF_WCHAR_T 32
| #define HAVE_MBSTATE_T 1
| #define HAVE_LANGINFO_CODESET 1
| #define HAVE_WORKING_MBRTOC32 1
| #define HAVE_WORKING_C32RTOMB 1
| #define HAVE_MALLOC_PTRDIFF 1
| #define HAVE_MALLOC_POSIX 1
| #define LSTAT_FOLLOWS_SLASHED_SYMLINK 1
| #define FUNC_REALPATH_NEARLY_WORKS 1
| #define HAVE_FACCESSAT 1
| #define HAVE_GETCWD 1
| #define HAVE_UNISTD_H 1
| #define HAVE_CHOWN 1
| #define HAVE_ENVIRON_DECL 1
| #define HAVE_DECL_STRERROR_R 1
| #define HAVE_STRERROR_R 1
| #define GETGROUPS_T gid_t
| #define HAVE_DECL_FCHDIR 1
| #define HAVE_WORKING_O_NOATIME 1
| #define HAVE_WORKING_O_NOFOLLOW 1
| #define _USE_STD_STAT 1
| #define HAVE_DECL_FSEEKO 1
| #define restrict __restrict__
| #define HAVE_DECL_FTELLO 1
| #define HAVE_DECL_GETDTABLESIZE 1
| #define HAVE_GETOPT_H 1
| #define HAVE_GETOPT_LONG_ONLY 1
| /* end confdefs.h.  */
| 
| #include <unistd.h>
| #include <stdlib.h>
| #include <string.h>
| 
| int
| main ()
| {
|   static char program[] = "program";
|   static char ab[] = "-ab";
|   char *argv[3] = { program, ab, NULL };
|   if (getopt (2, argv, "ab:") != 'a')
|     return 13;
|   if (getopt (2, argv, "ab:") != '?')
|     return 14;
|   if (optopt != 'b')
|     return 15;
|   if (optind != 2)
|     return 16;
|   return 0;
| }
| 
configure:15397: result: no
configure:15725: checking for glibc-compatible sys/cdefs.h
configure:15738: gcc -c -g -O2  conftest.c >&5
conftest.c:120:19: fatal error: sys/cdefs.h: No such file or directory
  120 |          #include <sys/cdefs.h>
      |                   ^~~~~~~~~~~~~
compilation terminated.
configure:15738: $? = 1
configure: failed program was:
| /* confdefs.h */
| #define PACKAGE_NAME "GNU patch"
| #define PACKAGE_TARNAME "patch"
| #define PACKAGE_VERSION "2.8"
| #define PACKAGE_STRING "GNU patch 2.8"
| #define PACKAGE_BUGREPORT "bug-patch@gnu.org"
| #define PACKAGE_URL "https://www.gnu.org/software/patch/"
| #define PACKAGE "patch"
| #define VERSION "2.8"
| #define HAVE_STDIO_H 1
| #define HAVE_STDLIB_H 1
| #define HAVE_STRING_H 1
| #define HAVE_INTTYPES_H 1
| #define HAVE_STDINT_H 1
| #define HAVE_STRINGS_H 1
| #define HAVE_SYS_STAT_H 1
| #define HAVE_SYS_TYPES_H 1
| #define HAVE_UNISTD_H 1
| #define HAVE_WCHAR_H 1
| #define HAVE_STDBOOL_H 1
| #define HAVE_UCHAR_H 1
| #define HAVE_SYS_PARAM_H 1
| #define HAVE_SYS_SOCKET_H 1
| #define HAVE_DIRENT_H 1
| #define HAVE_STDIO_EXT_H 1
| #define HAVE_GETOPT_H 1
| #define HAVE_SYS_TIME_H 1
| #define HAVE_THREADS_H 1
| #define HAVE_LIMITS_H 1
| #define HAVE_SYS_MMAN_H 1
| #define HAVE_STDCKDINT_H 1
| #define HAVE_SYS_RANDOM_H 1
| #define HAVE_UTIME_H 1
| #define HAVE_FEATURES_H 1
| #define HAVE_WCTYPE_H 1
| #define HAVE_FCNTL_H 1
| #define STDC_HEADERS 1
| #define _ALL_SOURCE 1
| #define _DARWIN_C_SOURCE 1
| #define _GNU_SOURCE 1
| #define _HPUX_ALT_XOPEN_SOCKET_API 1
| #define _NETBSD_SOURCE 1
| #define _OPENBSD_SOURCE 1
| #define _POSIX_PTHREAD_SEMANTICS 1
| #define __STDC_WANT_IEC_60559_ATTRIBS_EXT__ 1
| #define __STDC_WANT_IEC_60559_BFP_EXT__ 1
| #define __STDC_WANT_IEC_60559_DFP_EXT__ 1
| #define __STDC_WANT_IEC_60559_EXT__ 1
| #define __STDC_WANT_IEC_60559_FUNCS_EXT__ 1
| #define __STDC_WANT_IEC_60559_TYPES_EXT__ 1
| #define __STDC_WANT_LIB_EXT2__ 1
| #define __STDC_WANT_MATH_SPEC_FUNCS__ 1
| #define _TANDEM_SOURCE 1
| #define __EXTENSIONS__ 1
| #define _LINUX_SOURCE_COMPAT 1
| #define __USE_MINGW_ANSI_STDIO 1
| #define HAVE_LSTAT 1
| #define HAVE_PATHCONF 1
| #define HAVE_MBSINIT 1
| #define HAVE_MBRTOWC 1
| #define HAVE_REALPATH 1
| #define HAVE_CHOWN 1
| #define HAVE_FCHOWN 1
| #define HAVE_FCHDIR 1
| #define HAVE_FCHMODAT 1
| #define HAVE_LCHMOD 1
| #define HAVE_FCNTL 1
| #define HAVE_SYMLINK 1
| #define HAVE_FDOPENDIR 1
| #define HAVE_FSTATAT 1
| #define HAVE_GETDTABLESIZE 1
| #define HAVE_GETTIMEOFDAY 1
| #define HAVE_MPROTECT 1
| #define HAVE_MKDIRAT 1
| #define HAVE_OPENAT 1
| #define HAVE_READLINK 1
| #define HAVE_LINK 1
| #define HAVE_RENAMEAT 1
| #define HAVE_SETENV 1
| #define HAVE_LOCALTIME_R 1
| #define HAVE_UNLINKAT 1
| #define HAVE_ISWCNTRL 1
| #define HAVE_GETEUID 1
| #define HAVE_GETUID 1
| #define HAVE_SIGACTION 1
| #define HAVE_SIGFILLSET 1
| #define HAVE_ALLOCA_H 1
| #define HAVE_ALLOCA 1
| #define D_INO_IN_DIRENT 1
| #define HAVE_LONG_FILE_NAMES 1
| #define BITSIZEOF_WCHAR_T 32
| #define HAVE_MBSTATE_T 1
| #define HAVE_LANGINFO_CODESET 1
| #define HAVE_WORKING_MBRTOC32 1
| #define HAVE_WORKING_C32RTOMB 1
| #define HAVE_MALLOC_PTRDIFF 1
| #define HAVE_MALLOC_POSIX 1
| #define LSTAT_FOLLOWS_SLASHED_SYMLINK 1
| #define FUNC_REALPATH_NEARLY_WORKS 1
| #define HAVE_FACCESSAT 1
| #define HAVE_GETCWD 1
| #define HAVE_UNISTD_H 1
| #define HAVE_CHOWN 1
| #define HAVE_ENVIRON_DECL 1
| #define HAVE_DECL_STRERROR_R 1
| #define HAVE_STRERROR_R 1
| #define GETGROUPS_T gid_t
| #define HAVE_DECL_FCHDIR 1
| #define HAVE_WORKING_O_NOATIME 1
| #define HAVE_WORKING_O_NOFOLLOW 1
| #define _USE_STD_STAT 1
| #define HAVE_DECL_FSEEKO 1
| #define restrict __restrict__
| #define HAVE_DECL_FTELLO 1
| #define HAVE_DECL_GETDTABLESIZE 1
| #define HAVE_GETOPT_H 1
| #define HAVE_GETOPT_LONG_ONLY 1
| /* end confdefs.h.  */
| 
|          #include <sys/cdefs.h>
|           enum { foo = __GNUC_PREREQ (14, 1) } bar;
| 
configure:15748: result: no
configure:15783: checking whether timespec_get is declared
configure:15783: gcc -c -g -O2   conftest.c >&5
configure:15783: $? = 0
configure:15783: result: yes
configure:15789: checking for timespec_get
configure:15810: gcc -o conftest -g -O2   conftest.c  >&5
configure:15810: $? = 0
configure:15832: result: yes
configure:15958: checking for struct timeval
configure:15982: gcc -c -g -O2  conftest.c >&5
configure:15982: $? = 0
configure:15993: result: yes
configure:15998: checking for wide-enough struct timeval.tv_sec member
configure:16026: gcc -c -g -O2  conftest.c >&5
configure:16026: $? = 0
configure:16037: result: yes
configure:16099: checking for pthread.h
configure:16099: gcc -c -g -O2  conftest.c >&5
configure:16099: $? = 0
configure:16099: result: yes
configure:16137: gcc -o conftest -g -O2   conftest.c   >&5
configure:16137: $? = 0
configure:16148: gl_pthread_api=yes
configure:16149: LIBPTHREAD=
configure:16175: gl_pthread_in_glibc=no
configure:16182: checking for pthread_kill in -lpthread
configure:16211: gcc -o conftest -g -O2   conftest.c -lpthread   >&5
configure:16211: $? = 0
configure:16223: result: yes
configure:16409: LIBPMULTITHREAD=-lpthread
configure:16411: checking whether POSIX threads API is available
configure:16413: result: yes
configure:16434: gcc -o conftest -g -O2   conftest.c  >&5
configure:16434: $? = 0
configure:16556: checking whether setlocale (LC_ALL, NULL) is multithread-safe
configure:16600: result: no
configure:16618: checking whether setlocale (category, NULL) is multithread-safe
configure:16638: result: yes
configure:16664: checking whether imported symbols can be declared weak
configure:16688: gcc -o conftest -g -O2   conftest.c  >&5
configure:16688: $? = 0
configure:16726: gcc -o conftest -g -O2   conftest.c  >&5
configure:16726: $? = 0
configure:16726: ./conftest
configure:16726: $? = 0
configure:16768: result: yes
configure:16874: checking whether limits.h has WORD_BIT, BOOL_WIDTH etc.
configure:16901: gcc -c -g -O2  conftest.c >&5
conftest.c:130:24: error: 'ULLONG_WIDTH' undeclared here (not in a function)
  130 |             int ullw = ULLONG_WIDTH;
      |                        ^~~~~~~~~~~~
conftest.c:131:22: error: 'BOOL_WIDTH' undeclared here (not in a function)
  131 |             int bw = BOOL_WIDTH;
      |                      ^~~~~~~~~~
conftest.c:132:22: error: 'BOOL_MAX' undeclared here (not in a function)
  132 |             int bm = BOOL_MAX;
      |                      ^~~~~~~~
configure:16901: $? = 1
configure: failed program was:
| /* confdefs.h */
| #define PACKAGE_NAME "GNU patch"
| #define PACKAGE_TARNAME "patch"
| #define PACKAGE_VERSION "2.8"
| #define PACKAGE_STRING "GNU patch 2.8"
| #define PACKAGE_BUGREPORT "bug-patch@gnu.org"
| #define PACKAGE_URL "https://www.gnu.org/software/patch/"
| #define PACKAGE "patch"
| #define VERSION "2.8"
| #define HAVE_STDIO_H 1
| #define HAVE_STDLIB_H 1
| #define HAVE_STRING_H 1
| #define HAVE_INTTYPES_H 1
| #define HAVE_STDINT_H 1
| #define HAVE_STRINGS_H 1
| #define HAVE_SYS_STAT_H 1
| #define HAVE_SYS_TYPES_H 1
| #define HAVE_UNISTD_H 1
| #define HAVE_WCHAR_H 1
| #define HAVE_STDBOOL_H 1
| #define HAVE_UCHAR_H 1
| #define HAVE_SYS_PARAM_H 1
| #define HAVE_SYS_SOCKET_H 1
| #define HAVE_DIRENT_H 1
| #define HAVE_STDIO_EXT_H 1
| #define HAVE_GETOPT_H 1
| #define HAVE_SYS_TIME_H 1
| #define HAVE_THREADS_H 1
| #define HAVE_LIMITS_H 1
| #define HAVE_SYS_MMAN_H 1
| #define HAVE_STDCKDINT_H 1
| #define HAVE_SYS_RANDOM_H 1
| #define HAVE_UTIME_H 1
| #define HAVE_FEATURES_H 1
| #define HAVE_WCTYPE_H 1
| #define HAVE_FCNTL_H 1
| #define STDC_HEADERS 1
| #define _ALL_SOURCE 1
| #define _DARWIN_C_SOURCE 1
| #define _GNU_SOURCE 1
| #define _HPUX_ALT_XOPEN_SOCKET_API 1
| #define _NETBSD_SOURCE 1
| #define _OPENBSD_SOURCE 1
| #define _POSIX_PTHREAD_SEMANTICS 1
| #define __STDC_WANT_IEC_60559_ATTRIBS_EXT__ 1
| #define __STDC_WANT_IEC_60559_BFP_EXT__ 1
| #define __STDC_WANT_IEC_60559_DFP_EXT__ 1
| #define __STDC_WANT_IEC_60559_EXT__ 1
| #define __STDC_WANT_IEC_60559_FUNCS_EXT__ 1
| #define __STDC_WANT_IEC_60559_TYPES_EXT__ 1
| #define __STDC_WANT_LIB_EXT2__ 1
| #define __STDC_WANT_MATH_SPEC_FUNCS__ 1
| #define _TANDEM_SOURCE 1
| #define __EXTENSIONS__ 1
| #define _LINUX_SOURCE_COMPAT 1
| #define __USE_MINGW_ANSI_STDIO 1
| #define HAVE_LSTAT 1
| #define HAVE_PATHCONF 1
| #define HAVE_MBSINIT 1
| #define HAVE_MBRTOWC 1
| #define HAVE_REALPATH 1
| #define HAVE_CHOWN 1
| #define HAVE_FCHOWN 1
| #define HAVE_FCHDIR 1
| #define HAVE_FCHMODAT 1
| #define HAVE_LCHMOD 1
| #define HAVE_FCNTL 1
| #define HAVE_SYMLINK 1
| #define HAVE_FDOPENDIR 1
| #define HAVE_FSTATAT 1
| #define HAVE_GETDTABLESIZE 1
| #define HAVE_GETTIMEOFDAY 1
| #define HAVE_MPROTECT 1
| #define HAVE_MKDIRAT 1
| #define HAVE_OPENAT 1
| #define HAVE_READLINK 1
| #define HAVE_LINK 1
| #define HAVE_RENAMEAT 1
| #define HAVE_SETENV 1
| #define HAVE_LOCALTIME_R 1
| #define HAVE_UNLINKAT 1
| #define HAVE_ISWCNTRL 1
| #define HAVE_GETEUID 1
| #define HAVE_GETUID 1
| #define HAVE_SIGACTION 1
| #define HAVE_SIGFILLSET 1
| #define HAVE_ALLOCA_H 1
| #define HAVE_ALLOCA 1
| #define D_INO_IN_DIRENT 1
| #define HAVE_LONG_FILE_NAMES 1
| #define BITSIZEOF_WCHAR_T 32
| #define HAVE_MBSTATE_T 1
| #define HAVE_LANGINFO_CODESET 1
| #define HAVE_WORKING_MBRTOC32 1
| #define HAVE_WORKING_C32RTOMB 1
| #define HAVE_MALLOC_PTRDIFF 1
| #define HAVE_MALLOC_POSIX 1
| #define LSTAT_FOLLOWS_SLASHED_SYMLINK 1
| #define FUNC_REALPATH_NEARLY_WORKS 1
| #define HAVE_FACCESSAT 1
| #define HAVE_GETCWD 1
| #define HAVE_UNISTD_H 1
| #define HAVE_CHOWN 1
| #define HAVE_ENVIRON_DECL 1
| #define HAVE_DECL_STRERROR_R 1
| #define HAVE_STRERROR_R 1
| #define GETGROUPS_T gid_t
| #define HAVE_DECL_FCHDIR 1
| #define HAVE_WORKING_O_NOATIME 1
| #define HAVE_WORKING_O_NOFOLLOW 1
| #define _USE_STD_STAT 1
| #define HAVE_DECL_FSEEKO 1
| #define restrict __restrict__
| #define HAVE_DECL_FTELLO 1
| #define HAVE_DECL_GETDTABLESIZE 1
| #define HAVE_GETOPT_H 1
| #define HAVE_GETOPT_LONG_ONLY 1
| #define MUSL_LIBC 1
| #define HAVE_PTHREAD_API 1
| #define SETLOCALE_NULL_ALL_MTSAFE 0
| #define SETLOCALE_NULL_ONE_MTSAFE 1
| #define HAVE_WEAK_SYMBOLS 1
| /* end confdefs.h.  */
| #ifndef __STDC_WANT_IEC_60559_BFP_EXT__
|              #define __STDC_WANT_IEC_60559_BFP_EXT__ 1
|             #endif
|             #include <limits.h>
|             long long llm = LLONG_MAX;
|             int wb = WORD_BIT;
|             int ullw = ULLONG_WIDTH;
|             int bw = BOOL_WIDTH;
|             int bm = BOOL_MAX;
|             int mblm = MB_LEN_MAX;
| 
| int
| main (void)
| {
| 
|   ;
|   return 0;
| }
configure:16911: result: no
configure:16948: checking for wint_t
configure:16966: gcc -c -g -O2  conftest.c >&5
configure:16966: $? = 0
configure:16976: result: yes
configure:16983: checking whether wint_t is large enough
configure:17002: gcc -c -g -O2  conftest.c >&5
configure:17002: $? = 0
configure:17012: result: yes
configure:17025: checking whether the compiler produces multi-arch binaries
configure:17040: gcc -c -g -O2  conftest.c >&5
conftest.c:126:13: error: unknown type name 'not'
  126 |             not a universal capable compiler
      |             ^~~
conftest.c:126:19: error: expected '=', ',', ';', 'asm' or '__attribute__' before 'universal'
  126 |             not a universal capable compiler
      |                   ^~~~~~~~~
conftest.c:126:19: error: unknown type name 'universal'
configure:17040: $? = 1
configure: failed program was:
| /* confdefs.h */
| #define PACKAGE_NAME "GNU patch"
| #define PACKAGE_TARNAME "patch"
| #define PACKAGE_VERSION "2.8"
| #define PACKAGE_STRING "GNU patch 2.8"
| #define PACKAGE_BUGREPORT "bug-patch@gnu.org"
| #define PACKAGE_URL "https://www.gnu.org/software/patch/"
| #define PACKAGE "patch"
| #define VERSION "2.8"
| #define HAVE_STDIO_H 1
| #define HAVE_STDLIB_H 1
| #define HAVE_STRING_H 1
| #define HAVE_INTTYPES_H 1
| #define HAVE_STDINT_H 1
| #define HAVE_STRINGS_H 1
| #define HAVE_SYS_STAT_H 1
| #define HAVE_SYS_TYPES_H 1
| #define HAVE_UNISTD_H 1
| #define HAVE_WCHAR_H 1
| #define HAVE_STDBOOL_H 1
| #define HAVE_UCHAR_H 1
| #define HAVE_SYS_PARAM_H 1
| #define HAVE_SYS_SOCKET_H 1
| #define HAVE_DIRENT_H 1
| #define HAVE_STDIO_EXT_H 1
| #define HAVE_GETOPT_H 1
| #define HAVE_SYS_TIME_H 1
| #define HAVE_THREADS_H 1
| #define HAVE_LIMITS_H 1
| #define HAVE_SYS_MMAN_H 1
| #define HAVE_STDCKDINT_H 1
| #define HAVE_SYS_RANDOM_H 1
| #define HAVE_UTIME_H 1
| #define HAVE_FEATURES_H 1
| #define HAVE_WCTYPE_H 1
| #define HAVE_FCNTL_H 1
| #define STDC_HEADERS 1
| #define _ALL_SOURCE 1
| #define _DARWIN_C_SOURCE 1
| #define _GNU_SOURCE 1
| #define _HPUX_ALT_XOPEN_SOCKET_API 1
| #define _NETBSD_SOURCE 1
| #define _OPENBSD_SOURCE 1
| #define _POSIX_PTHREAD_SEMANTICS 1
| #define __STDC_WANT_IEC_60559_ATTRIBS_EXT__ 1
| #define __STDC_WANT_IEC_60559_BFP_EXT__ 1
| #define __STDC_WANT_IEC_60559_DFP_EXT__ 1
| #define __STDC_WANT_IEC_60559_EXT__ 1
| #define __STDC_WANT_IEC_60559_FUNCS_EXT__ 1
| #define __STDC_WANT_IEC_60559_TYPES_EXT__ 1
| #define __STDC_WANT_LIB_EXT2__ 1
| #define __STDC_WANT_MATH_SPEC_FUNCS__ 1
| #define _TANDEM_SOURCE 1
| #define __EXTENSIONS__ 1
| #define _LINUX_SOURCE_COMPAT 1
| #define __USE_MINGW_ANSI_STDIO 1
| #define HAVE_LSTAT 1
| #define HAVE_PATHCONF 1
| #define HAVE_MBSINIT 1
| #define HAVE_MBRTOWC 1
| #define HAVE_REALPATH 1
| #define HAVE_CHOWN 1
| #define HAVE_FCHOWN 1
| #define HAVE_FCHDIR 1
| #define HAVE_FCHMODAT 1
| #define HAVE_LCHMOD 1
| #define HAVE_FCNTL 1
| #define HAVE_SYMLINK 1
| #define HAVE_FDOPENDIR 1
| #define HAVE_FSTATAT 1
| #define HAVE_GETDTABLESIZE 1
| #define HAVE_GETTIMEOFDAY 1
| #define HAVE_MPROTECT 1
| #define HAVE_MKDIRAT 1
| #define HAVE_OPENAT 1
| #define HAVE_READLINK 1
| #define HAVE_LINK 1
| #define HAVE_RENAMEAT 1
| #define HAVE_SETENV 1
| #define HAVE_LOCALTIME_R 1
| #define HAVE_UNLINKAT 1
| #define HAVE_ISWCNTRL 1
| #define HAVE_GETEUID 1
| #define HAVE_GETUID 1
| #define HAVE_SIGACTION 1
| #define HAVE_SIGFILLSET 1
| #define HAVE_ALLOCA_H 1
| #define HAVE_ALLOCA 1
| #define D_INO_IN_DIRENT 1
| #define HAVE_LONG_FILE_NAMES 1
| #define BITSIZEOF_WCHAR_T 32
| #define HAVE_MBSTATE_T 1
| #define HAVE_LANGINFO_CODESET 1
| #define HAVE_WORKING_MBRTOC32 1
| #define HAVE_WORKING_C32RTOMB 1
| #define HAVE_MALLOC_PTRDIFF 1
| #define HAVE_MALLOC_POSIX 1
| #define LSTAT_FOLLOWS_SLASHED_SYMLINK 1
| #define FUNC_REALPATH_NEARLY_WORKS 1
| #define HAVE_FACCESSAT 1
| #define HAVE_GETCWD 1
| #define HAVE_UNISTD_H 1
| #define HAVE_CHOWN 1
| #define HAVE_ENVIRON_DECL 1
| #define HAVE_DECL_STRERROR_R 1
| #define HAVE_STRERROR_R 1
| #define GETGROUPS_T gid_t
| #define HAVE_DECL_FCHDIR 1
| #define HAVE_WORKING_O_NOATIME 1
| #define HAVE_WORKING_O_NOFOLLOW 1
| #define _USE_STD_STAT 1
| #define HAVE_DECL_FSEEKO 1
| #define restrict __restrict__
| #define HAVE_DECL_FTELLO 1
| #define HAVE_DECL_GETDTABLESIZE 1
| #define HAVE_GETOPT_H 1
| #define HAVE_GETOPT_LONG_ONLY 1
| #define MUSL_LIBC 1
| #define HAVE_PTHREAD_API 1
| #define SETLOCALE_NULL_ALL_MTSAFE 0
| #define SETLOCALE_NULL_ONE_MTSAFE 1
| #define HAVE_WEAK_SYMBOLS 1
| #define HAVE_WINT_T 1
| /* end confdefs.h.  */
| #ifndef __APPLE_CC__
|             not a universal capable compiler
|            #endif
|            typedef int dummy;
| 
configure:17069: result: no
configure:17202: checking whether stdint.h conforms to C99
configure:17382: gcc -c -g -O2  conftest.c >&5
configure:17382: $? = 0
configure:17467: gcc -o conftest -g -O2   conftest.c  >&5
configure:17467: $? = 0
configure:17467: ./conftest
configure:17467: $? = 0
configure:17482: result: yes
configure:17493: checking whether stdint.h works without ISO C predefines
configure:17526: gcc -c -g -O2  conftest.c >&5
configure:17526: $? = 0
configure:17534: result: yes
configure:17545: checking whether stdint.h has UINTMAX_WIDTH etc.
configure:17578: gcc -c -g -O2  conftest.c >&5
conftest.c:141:24: error: 'UINTMAX_WIDTH' undeclared here (not in a function); did you mean 'UINTMAX_MAX'?
  141 |               int iw = UINTMAX_WIDTH;
      |                        ^~~~~~~~~~~~~
      |                        UINTMAX_MAX
configure:17578: $? = 1
configure: failed program was:
| /* confdefs.h */
| #define PACKAGE_NAME "GNU patch"
| #define PACKAGE_TARNAME "patch"
| #define PACKAGE_VERSION "2.8"
| #define PACKAGE_STRING "GNU patch 2.8"
| #define PACKAGE_BUGREPORT "bug-patch@gnu.org"
| #define PACKAGE_URL "https://www.gnu.org/software/patch/"
| #define PACKAGE "patch"
| #define VERSION "2.8"
| #define HAVE_STDIO_H 1
| #define HAVE_STDLIB_H 1
| #define HAVE_STRING_H 1
| #define HAVE_INTTYPES_H 1
| #define HAVE_STDINT_H 1
| #define HAVE_STRINGS_H 1
| #define HAVE_SYS_STAT_H 1
| #define HAVE_SYS_TYPES_H 1
| #define HAVE_UNISTD_H 1
| #define HAVE_WCHAR_H 1
| #define HAVE_STDBOOL_H 1
| #define HAVE_UCHAR_H 1
| #define HAVE_SYS_PARAM_H 1
| #define HAVE_SYS_SOCKET_H 1
| #define HAVE_DIRENT_H 1
| #define HAVE_STDIO_EXT_H 1
| #define HAVE_GETOPT_H 1
| #define HAVE_SYS_TIME_H 1
| #define HAVE_THREADS_H 1
| #define HAVE_LIMITS_H 1
| #define HAVE_SYS_MMAN_H 1
| #define HAVE_STDCKDINT_H 1
| #define HAVE_SYS_RANDOM_H 1
| #define HAVE_UTIME_H 1
| #define HAVE_FEATURES_H 1
| #define HAVE_WCTYPE_H 1
| #define HAVE_FCNTL_H 1
| #define STDC_HEADERS 1
| #define _ALL_SOURCE 1
| #define _DARWIN_C_SOURCE 1
| #define _GNU_SOURCE 1
| #define _HPUX_ALT_XOPEN_SOCKET_API 1
| #define _NETBSD_SOURCE 1
| #define _OPENBSD_SOURCE 1
| #define _POSIX_PTHREAD_SEMANTICS 1
| #define __STDC_WANT_IEC_60559_ATTRIBS_EXT__ 1
| #define __STDC_WANT_IEC_60559_BFP_EXT__ 1
| #define __STDC_WANT_IEC_60559_DFP_EXT__ 1
| #define __STDC_WANT_IEC_60559_EXT__ 1
| #define __STDC_WANT_IEC_60559_FUNCS_EXT__ 1
| #define __STDC_WANT_IEC_60559_TYPES_EXT__ 1
| #define __STDC_WANT_LIB_EXT2__ 1
| #define __STDC_WANT_MATH_SPEC_FUNCS__ 1
| #define _TANDEM_SOURCE 1
| #define __EXTENSIONS__ 1
| #define _LINUX_SOURCE_COMPAT 1
| #define __USE_MINGW_ANSI_STDIO 1
| #define HAVE_LSTAT 1
| #define HAVE_PATHCONF 1
| #define HAVE_MBSINIT 1
| #define HAVE_MBRTOWC 1
| #define HAVE_REALPATH 1
| #define HAVE_CHOWN 1
| #define HAVE_FCHOWN 1
| #define HAVE_FCHDIR 1
| #define HAVE_FCHMODAT 1
| #define HAVE_LCHMOD 1
| #define HAVE_FCNTL 1
| #define HAVE_SYMLINK 1
| #define HAVE_FDOPENDIR 1
| #define HAVE_FSTATAT 1
| #define HAVE_GETDTABLESIZE 1
| #define HAVE_GETTIMEOFDAY 1
| #define HAVE_MPROTECT 1
| #define HAVE_MKDIRAT 1
| #define HAVE_OPENAT 1
| #define HAVE_READLINK 1
| #define HAVE_LINK 1
| #define HAVE_RENAMEAT 1
| #define HAVE_SETENV 1
| #define HAVE_LOCALTIME_R 1
| #define HAVE_UNLINKAT 1
| #define HAVE_ISWCNTRL 1
| #define HAVE_GETEUID 1
| #define HAVE_GETUID 1
| #define HAVE_SIGACTION 1
| #define HAVE_SIGFILLSET 1
| #define HAVE_ALLOCA_H 1
| #define HAVE_ALLOCA 1
| #define D_INO_IN_DIRENT 1
| #define HAVE_LONG_FILE_NAMES 1
| #define BITSIZEOF_WCHAR_T 32
| #define HAVE_MBSTATE_T 1
| #define HAVE_LANGINFO_CODESET 1
| #define HAVE_WORKING_MBRTOC32 1
| #define HAVE_WORKING_C32RTOMB 1
| #define HAVE_MALLOC_PTRDIFF 1
| #define HAVE_MALLOC_POSIX 1
| #define LSTAT_FOLLOWS_SLASHED_SYMLINK 1
| #define FUNC_REALPATH_NEARLY_WORKS 1
| #define HAVE_FACCESSAT 1
| #define HAVE_GETCWD 1
| #define HAVE_UNISTD_H 1
| #define HAVE_CHOWN 1
| #define HAVE_ENVIRON_DECL 1
| #define HAVE_DECL_STRERROR_R 1
| #define HAVE_STRERROR_R 1
| #define GETGROUPS_T gid_t
| #define HAVE_DECL_FCHDIR 1
| #define HAVE_WORKING_O_NOATIME 1
| #define HAVE_WORKING_O_NOFOLLOW 1
| #define _USE_STD_STAT 1
| #define HAVE_DECL_FSEEKO 1
| #define restrict __restrict__
| #define HAVE_DECL_FTELLO 1
| #define HAVE_DECL_GETDTABLESIZE 1
| #define HAVE_GETOPT_H 1
| #define HAVE_GETOPT_LONG_ONLY 1
| #define MUSL_LIBC 1
| #define HAVE_PTHREAD_API 1
| #define SETLOCALE_NULL_ALL_MTSAFE 0
| #define SETLOCALE_NULL_ONE_MTSAFE 1
| #define HAVE_WEAK_SYMBOLS 1
| #define HAVE_WINT_T 1
| #define HAVE_LONG_LONG_INT 1
| #define HAVE_UNSIGNED_LONG_LONG_INT 1
| /* end confdefs.h.  */
| 
|               /* Work if build is not clean.  */
|               #define _GL_JUST_INCLUDE_SYSTEM_STDINT_H 1
|               #ifndef __STDC_WANT_IEC_60559_BFP_EXT__
|                #define __STDC_WANT_IEC_60559_BFP_EXT__ 1
|               #endif
|               #include <stdint.h>
| 
|   #include <stddef.h>
|   #include <signal.h>
|   #if HAVE_WCHAR_H
|   # include <wchar.h>
|   #endif
| 
|               int iw = UINTMAX_WIDTH;
| 
| int
| main (void)
| {
| 
|   ;
|   return 0;
| }
configure:17585: result: no
configure:18043: gcc -c -g -O2  conftest.c >&5
configure:18043: $? = 0
configure:18083: checking whether INT32_MAX < INTMAX_MAX
configure:18116: gcc -c -g -O2  conftest.c >&5
configure:18116: $? = 0
configure:18126: result: yes
configure:18137: checking whether INT64_MAX == LONG_MAX
configure:18170: gcc -c -g -O2  conftest.c >&5
configure:18170: $? = 0
configure:18180: result: yes
configure:18193: checking whether UINT32_MAX < UINTMAX_MAX
configure:18226: gcc -c -g -O2  conftest.c >&5
configure:18226: $? = 0
configure:18236: result: yes
configure:18247: checking whether UINT64_MAX == ULONG_MAX
configure:18280: gcc -c -g -O2  conftest.c >&5
configure:18280: $? = 0
configure:18290: result: yes
configure:18347: checking for good max_align_t
configure:18384: gcc -c -g -O2  conftest.c >&5
configure:18384: $? = 0
configure:18395: result: yes
configure:18402: checking whether NULL can be used in arbitrary expressions
configure:18421: gcc -c -g -O2  conftest.c >&5
configure:18421: $? = 0
configure:18431: result: yes
configure:18438: checking for unreachable
configure:18457: gcc -o conftest -g -O2   conftest.c  >&5
conftest.c: In function 'main':
conftest.c:132:1: error: implicit declaration of function 'unreachable' [-Wimplicit-function-declaration]
  132 | unreachable ();
      | ^~~~~~~~~~~
configure:18457: $? = 1
configure: failed program was:
| /* confdefs.h */
| #define PACKAGE_NAME "GNU patch"
| #define PACKAGE_TARNAME "patch"
| #define PACKAGE_VERSION "2.8"
| #define PACKAGE_STRING "GNU patch 2.8"
| #define PACKAGE_BUGREPORT "bug-patch@gnu.org"
| #define PACKAGE_URL "https://www.gnu.org/software/patch/"
| #define PACKAGE "patch"
| #define VERSION "2.8"
| #define HAVE_STDIO_H 1
| #define HAVE_STDLIB_H 1
| #define HAVE_STRING_H 1
| #define HAVE_INTTYPES_H 1
| #define HAVE_STDINT_H 1
| #define HAVE_STRINGS_H 1
| #define HAVE_SYS_STAT_H 1
| #define HAVE_SYS_TYPES_H 1
| #define HAVE_UNISTD_H 1
| #define HAVE_WCHAR_H 1
| #define HAVE_STDBOOL_H 1
| #define HAVE_UCHAR_H 1
| #define HAVE_SYS_PARAM_H 1
| #define HAVE_SYS_SOCKET_H 1
| #define HAVE_DIRENT_H 1
| #define HAVE_STDIO_EXT_H 1
| #define HAVE_GETOPT_H 1
| #define HAVE_SYS_TIME_H 1
| #define HAVE_THREADS_H 1
| #define HAVE_LIMITS_H 1
| #define HAVE_SYS_MMAN_H 1
| #define HAVE_STDCKDINT_H 1
| #define HAVE_SYS_RANDOM_H 1
| #define HAVE_UTIME_H 1
| #define HAVE_FEATURES_H 1
| #define HAVE_WCTYPE_H 1
| #define HAVE_FCNTL_H 1
| #define STDC_HEADERS 1
| #define _ALL_SOURCE 1
| #define _DARWIN_C_SOURCE 1
| #define _GNU_SOURCE 1
| #define _HPUX_ALT_XOPEN_SOCKET_API 1
| #define _NETBSD_SOURCE 1
| #define _OPENBSD_SOURCE 1
| #define _POSIX_PTHREAD_SEMANTICS 1
| #define __STDC_WANT_IEC_60559_ATTRIBS_EXT__ 1
| #define __STDC_WANT_IEC_60559_BFP_EXT__ 1
| #define __STDC_WANT_IEC_60559_DFP_EXT__ 1
| #define __STDC_WANT_IEC_60559_EXT__ 1
| #define __STDC_WANT_IEC_60559_FUNCS_EXT__ 1
| #define __STDC_WANT_IEC_60559_TYPES_EXT__ 1
| #define __STDC_WANT_LIB_EXT2__ 1
| #define __STDC_WANT_MATH_SPEC_FUNCS__ 1
| #define _TANDEM_SOURCE 1
| #define __EXTENSIONS__ 1
| #define _LINUX_SOURCE_COMPAT 1
| #define __USE_MINGW_ANSI_STDIO 1
| #define HAVE_LSTAT 1
| #define HAVE_PATHCONF 1
| #define HAVE_MBSINIT 1
| #define HAVE_MBRTOWC 1
| #define HAVE_REALPATH 1
| #define HAVE_CHOWN 1
| #define HAVE_FCHOWN 1
| #define HAVE_FCHDIR 1
| #define HAVE_FCHMODAT 1
| #define HAVE_LCHMOD 1
| #define HAVE_FCNTL 1
| #define HAVE_SYMLINK 1
| #define HAVE_FDOPENDIR 1
| #define HAVE_FSTATAT 1
| #define HAVE_GETDTABLESIZE 1
| #define HAVE_GETTIMEOFDAY 1
| #define HAVE_MPROTECT 1
| #define HAVE_MKDIRAT 1
| #define HAVE_OPENAT 1
| #define HAVE_READLINK 1
| #define HAVE_LINK 1
| #define HAVE_RENAMEAT 1
| #define HAVE_SETENV 1
| #define HAVE_LOCALTIME_R 1
| #define HAVE_UNLINKAT 1
| #define HAVE_ISWCNTRL 1
| #define HAVE_GETEUID 1
| #define HAVE_GETUID 1
| #define HAVE_SIGACTION 1
| #define HAVE_SIGFILLSET 1
| #define HAVE_ALLOCA_H 1
| #define HAVE_ALLOCA 1
| #define D_INO_IN_DIRENT 1
| #define HAVE_LONG_FILE_NAMES 1
| #define BITSIZEOF_WCHAR_T 32
| #define HAVE_MBSTATE_T 1
| #define HAVE_LANGINFO_CODESET 1
| #define HAVE_WORKING_MBRTOC32 1
| #define HAVE_WORKING_C32RTOMB 1
| #define HAVE_MALLOC_PTRDIFF 1
| #define HAVE_MALLOC_POSIX 1
| #define LSTAT_FOLLOWS_SLASHED_SYMLINK 1
| #define FUNC_REALPATH_NEARLY_WORKS 1
| #define HAVE_FACCESSAT 1
| #define HAVE_GETCWD 1
| #define HAVE_UNISTD_H 1
| #define HAVE_CHOWN 1
| #define HAVE_ENVIRON_DECL 1
| #define HAVE_DECL_STRERROR_R 1
| #define HAVE_STRERROR_R 1
| #define GETGROUPS_T gid_t
| #define HAVE_DECL_FCHDIR 1
| #define HAVE_WORKING_O_NOATIME 1
| #define HAVE_WORKING_O_NOFOLLOW 1
| #define _USE_STD_STAT 1
| #define HAVE_DECL_FSEEKO 1
| #define restrict __restrict__
| #define HAVE_DECL_FTELLO 1
| #define HAVE_DECL_GETDTABLESIZE 1
| #define HAVE_GETOPT_H 1
| #define HAVE_GETOPT_LONG_ONLY 1
| #define MUSL_LIBC 1
| #define HAVE_PTHREAD_API 1
| #define SETLOCALE_NULL_ALL_MTSAFE 0
| #define SETLOCALE_NULL_ONE_MTSAFE 1
| #define HAVE_WEAK_SYMBOLS 1
| #define HAVE_WINT_T 1
| #define HAVE_LONG_LONG_INT 1
| #define HAVE_UNSIGNED_LONG_LONG_INT 1
| /* end confdefs.h.  */
| #include <stddef.h>
| 
| int
| main (void)
| {
| unreachable ();
| 
|   ;
|   return 0;
| }
configure:18469: result: no
configure:18475: checking whether nullptr_t needs <stddef.h>
configure:18485: gcc -c -g -O2  conftest.c >&5
conftest.c:127:1: error: unknown type name 'nullptr_t'
  127 | nullptr_t x;
      | ^~~~~~~~~
configure:18485: $? = 1
configure: failed program was:
| /* confdefs.h */
| #define PACKAGE_NAME "GNU patch"
| #define PACKAGE_TARNAME "patch"
| #define PACKAGE_VERSION "2.8"
| #define PACKAGE_STRING "GNU patch 2.8"
| #define PACKAGE_BUGREPORT "bug-patch@gnu.org"
| #define PACKAGE_URL "https://www.gnu.org/software/patch/"
| #define PACKAGE "patch"
| #define VERSION "2.8"
| #define HAVE_STDIO_H 1
| #define HAVE_STDLIB_H 1
| #define HAVE_STRING_H 1
| #define HAVE_INTTYPES_H 1
| #define HAVE_STDINT_H 1
| #define HAVE_STRINGS_H 1
| #define HAVE_SYS_STAT_H 1
| #define HAVE_SYS_TYPES_H 1
| #define HAVE_UNISTD_H 1
| #define HAVE_WCHAR_H 1
| #define HAVE_STDBOOL_H 1
| #define HAVE_UCHAR_H 1
| #define HAVE_SYS_PARAM_H 1
| #define HAVE_SYS_SOCKET_H 1
| #define HAVE_DIRENT_H 1
| #define HAVE_STDIO_EXT_H 1
| #define HAVE_GETOPT_H 1
| #define HAVE_SYS_TIME_H 1
| #define HAVE_THREADS_H 1
| #define HAVE_LIMITS_H 1
| #define HAVE_SYS_MMAN_H 1
| #define HAVE_STDCKDINT_H 1
| #define HAVE_SYS_RANDOM_H 1
| #define HAVE_UTIME_H 1
| #define HAVE_FEATURES_H 1
| #define HAVE_WCTYPE_H 1
| #define HAVE_FCNTL_H 1
| #define STDC_HEADERS 1
| #define _ALL_SOURCE 1
| #define _DARWIN_C_SOURCE 1
| #define _GNU_SOURCE 1
| #define _HPUX_ALT_XOPEN_SOCKET_API 1
| #define _NETBSD_SOURCE 1
| #define _OPENBSD_SOURCE 1
| #define _POSIX_PTHREAD_SEMANTICS 1
| #define __STDC_WANT_IEC_60559_ATTRIBS_EXT__ 1
| #define __STDC_WANT_IEC_60559_BFP_EXT__ 1
| #define __STDC_WANT_IEC_60559_DFP_EXT__ 1
| #define __STDC_WANT_IEC_60559_EXT__ 1
| #define __STDC_WANT_IEC_60559_FUNCS_EXT__ 1
| #define __STDC_WANT_IEC_60559_TYPES_EXT__ 1
| #define __STDC_WANT_LIB_EXT2__ 1
| #define __STDC_WANT_MATH_SPEC_FUNCS__ 1
| #define _TANDEM_SOURCE 1
| #define __EXTENSIONS__ 1
| #define _LINUX_SOURCE_COMPAT 1
| #define __USE_MINGW_ANSI_STDIO 1
| #define HAVE_LSTAT 1
| #define HAVE_PATHCONF 1
| #define HAVE_MBSINIT 1
| #define HAVE_MBRTOWC 1
| #define HAVE_REALPATH 1
| #define HAVE_CHOWN 1
| #define HAVE_FCHOWN 1
| #define HAVE_FCHDIR 1
| #define HAVE_FCHMODAT 1
| #define HAVE_LCHMOD 1
| #define HAVE_FCNTL 1
| #define HAVE_SYMLINK 1
| #define HAVE_FDOPENDIR 1
| #define HAVE_FSTATAT 1
| #define HAVE_GETDTABLESIZE 1
| #define HAVE_GETTIMEOFDAY 1
| #define HAVE_MPROTECT 1
| #define HAVE_MKDIRAT 1
| #define HAVE_OPENAT 1
| #define HAVE_READLINK 1
| #define HAVE_LINK 1
| #define HAVE_RENAMEAT 1
| #define HAVE_SETENV 1
| #define HAVE_LOCALTIME_R 1
| #define HAVE_UNLINKAT 1
| #define HAVE_ISWCNTRL 1
| #define HAVE_GETEUID 1
| #define HAVE_GETUID 1
| #define HAVE_SIGACTION 1
| #define HAVE_SIGFILLSET 1
| #define HAVE_ALLOCA_H 1
| #define HAVE_ALLOCA 1
| #define D_INO_IN_DIRENT 1
| #define HAVE_LONG_FILE_NAMES 1
| #define BITSIZEOF_WCHAR_T 32
| #define HAVE_MBSTATE_T 1
| #define HAVE_LANGINFO_CODESET 1
| #define HAVE_WORKING_MBRTOC32 1
| #define HAVE_WORKING_C32RTOMB 1
| #define HAVE_MALLOC_PTRDIFF 1
| #define HAVE_MALLOC_POSIX 1
| #define LSTAT_FOLLOWS_SLASHED_SYMLINK 1
| #define FUNC_REALPATH_NEARLY_WORKS 1
| #define HAVE_FACCESSAT 1
| #define HAVE_GETCWD 1
| #define HAVE_UNISTD_H 1
| #define HAVE_CHOWN 1
| #define HAVE_ENVIRON_DECL 1
| #define HAVE_DECL_STRERROR_R 1
| #define HAVE_STRERROR_R 1
| #define GETGROUPS_T gid_t
| #define HAVE_DECL_FCHDIR 1
| #define HAVE_WORKING_O_NOATIME 1
| #define HAVE_WORKING_O_NOFOLLOW 1
| #define _USE_STD_STAT 1
| #define HAVE_DECL_FSEEKO 1
| #define restrict __restrict__
| #define HAVE_DECL_FTELLO 1
| #define HAVE_DECL_GETDTABLESIZE 1
| #define HAVE_GETOPT_H 1
| #define HAVE_GETOPT_LONG_ONLY 1
| #define MUSL_LIBC 1
| #define HAVE_PTHREAD_API 1
| #define SETLOCALE_NULL_ALL_MTSAFE 0
| #define SETLOCALE_NULL_ONE_MTSAFE 1
| #define HAVE_WEAK_SYMBOLS 1
| #define HAVE_WINT_T 1
| #define HAVE_LONG_LONG_INT 1
| #define HAVE_UNSIGNED_LONG_LONG_INT 1
| /* end confdefs.h.  */
| nullptr_t x;
configure:18495: result: yes
configure:18502: checking for clean definition of __STDC_VERSION_STDDEF_H__
configure:18519: gcc -E  conftest.c
configure:18519: $? = 0
configure:18529: result: yes
configure:18616: checking whether locale.h defines locale_t
configure:18634: gcc -c -g -O2  conftest.c >&5
configure:18634: $? = 0
configure:18645: result: yes
configure:18686: checking whether locale.h conforms to POSIX:2001
configure:18705: gcc -c -g -O2  conftest.c >&5
configure:18705: $? = 0
configure:18715: result: yes
configure:18718: checking whether struct lconv is properly defined
configure:18738: gcc -c -g -O2  conftest.c >&5
configure:18738: $? = 0
configure:18749: result: yes
configure:18879: checking for a sed that does not truncate output
configure:18951: result: /bin/sed
configure:18956: checking for grep that handles long lines and -e
configure:19022: result: /bin/grep
configure:19029: checking whether malloc (0) returns nonnull
configure:19065: gcc -o conftest -g -O2   conftest.c  >&5
configure:19065: $? = 0
configure:19065: ./conftest
configure:19065: $? = 0
configure:19079: result: yes
configure:19091: checking for inline
configure:19108: gcc -c -g -O2  conftest.c >&5
configure:19108: $? = 0
configure:19118: result: inline
configure:19320: checking for mmap
configure:19320: gcc -o conftest -g -O2   conftest.c  >&5
configure:19320: $? = 0
configure:19320: result: yes
configure:19333: checking for MAP_ANONYMOUS
configure:19372: result: yes
configure:19447: checking whether memchr works
configure:19533: gcc -o conftest -g -O2   conftest.c  >&5
configure:19533: $? = 0
configure:19533: ./conftest
configure:19533: $? = 0
configure:19548: result: yes
configure:19749: checking whether memrchr is declared
configure:19749: gcc -c -g -O2   conftest.c >&5
configure:19749: $? = 0
configure:19749: result: yes
configure:19763: checking whether <limits.h> defines MIN and MAX
configure:19781: gcc -c -g -O2  conftest.c >&5
conftest.c:131:21: error: implicit declaration of function 'MIN' [-Wimplicit-function-declaration]
  131 |             int x = MIN (42, 17);
      |                     ^~~
conftest.c:131:21: error: initializer element is not constant
configure:19781: $? = 1
configure: failed program was:
| /* confdefs.h */
| #define PACKAGE_NAME "GNU patch"
| #define PACKAGE_TARNAME "patch"
| #define PACKAGE_VERSION "2.8"
| #define PACKAGE_STRING "GNU patch 2.8"
| #define PACKAGE_BUGREPORT "bug-patch@gnu.org"
| #define PACKAGE_URL "https://www.gnu.org/software/patch/"
| #define PACKAGE "patch"
| #define VERSION "2.8"
| #define HAVE_STDIO_H 1
| #define HAVE_STDLIB_H 1
| #define HAVE_STRING_H 1
| #define HAVE_INTTYPES_H 1
| #define HAVE_STDINT_H 1
| #define HAVE_STRINGS_H 1
| #define HAVE_SYS_STAT_H 1
| #define HAVE_SYS_TYPES_H 1
| #define HAVE_UNISTD_H 1
| #define HAVE_WCHAR_H 1
| #define HAVE_STDBOOL_H 1
| #define HAVE_UCHAR_H 1
| #define HAVE_SYS_PARAM_H 1
| #define HAVE_SYS_SOCKET_H 1
| #define HAVE_DIRENT_H 1
| #define HAVE_STDIO_EXT_H 1
| #define HAVE_GETOPT_H 1
| #define HAVE_SYS_TIME_H 1
| #define HAVE_THREADS_H 1
| #define HAVE_LIMITS_H 1
| #define HAVE_SYS_MMAN_H 1
| #define HAVE_STDCKDINT_H 1
| #define HAVE_SYS_RANDOM_H 1
| #define HAVE_UTIME_H 1
| #define HAVE_FEATURES_H 1
| #define HAVE_WCTYPE_H 1
| #define HAVE_FCNTL_H 1
| #define STDC_HEADERS 1
| #define _ALL_SOURCE 1
| #define _DARWIN_C_SOURCE 1
| #define _GNU_SOURCE 1
| #define _HPUX_ALT_XOPEN_SOCKET_API 1
| #define _NETBSD_SOURCE 1
| #define _OPENBSD_SOURCE 1
| #define _POSIX_PTHREAD_SEMANTICS 1
| #define __STDC_WANT_IEC_60559_ATTRIBS_EXT__ 1
| #define __STDC_WANT_IEC_60559_BFP_EXT__ 1
| #define __STDC_WANT_IEC_60559_DFP_EXT__ 1
| #define __STDC_WANT_IEC_60559_EXT__ 1
| #define __STDC_WANT_IEC_60559_FUNCS_EXT__ 1
| #define __STDC_WANT_IEC_60559_TYPES_EXT__ 1
| #define __STDC_WANT_LIB_EXT2__ 1
| #define __STDC_WANT_MATH_SPEC_FUNCS__ 1
| #define _TANDEM_SOURCE 1
| #define __EXTENSIONS__ 1
| #define _LINUX_SOURCE_COMPAT 1
| #define __USE_MINGW_ANSI_STDIO 1
| #define HAVE_LSTAT 1
| #define HAVE_PATHCONF 1
| #define HAVE_MBSINIT 1
| #define HAVE_MBRTOWC 1
| #define HAVE_REALPATH 1
| #define HAVE_CHOWN 1
| #define HAVE_FCHOWN 1
| #define HAVE_FCHDIR 1
| #define HAVE_FCHMODAT 1
| #define HAVE_LCHMOD 1
| #define HAVE_FCNTL 1
| #define HAVE_SYMLINK 1
| #define HAVE_FDOPENDIR 1
| #define HAVE_FSTATAT 1
| #define HAVE_GETDTABLESIZE 1
| #define HAVE_GETTIMEOFDAY 1
| #define HAVE_MPROTECT 1
| #define HAVE_MKDIRAT 1
| #define HAVE_OPENAT 1
| #define HAVE_READLINK 1
| #define HAVE_LINK 1
| #define HAVE_RENAMEAT 1
| #define HAVE_SETENV 1
| #define HAVE_LOCALTIME_R 1
| #define HAVE_UNLINKAT 1
| #define HAVE_ISWCNTRL 1
| #define HAVE_GETEUID 1
| #define HAVE_GETUID 1
| #define HAVE_SIGACTION 1
| #define HAVE_SIGFILLSET 1
| #define HAVE_ALLOCA_H 1
| #define HAVE_ALLOCA 1
| #define D_INO_IN_DIRENT 1
| #define HAVE_LONG_FILE_NAMES 1
| #define BITSIZEOF_WCHAR_T 32
| #define HAVE_MBSTATE_T 1
| #define HAVE_LANGINFO_CODESET 1
| #define HAVE_WORKING_MBRTOC32 1
| #define HAVE_WORKING_C32RTOMB 1
| #define HAVE_MALLOC_PTRDIFF 1
| #define HAVE_MALLOC_POSIX 1
| #define LSTAT_FOLLOWS_SLASHED_SYMLINK 1
| #define FUNC_REALPATH_NEARLY_WORKS 1
| #define HAVE_FACCESSAT 1
| #define HAVE_GETCWD 1
| #define HAVE_UNISTD_H 1
| #define HAVE_CHOWN 1
| #define HAVE_ENVIRON_DECL 1
| #define HAVE_DECL_STRERROR_R 1
| #define HAVE_STRERROR_R 1
| #define GETGROUPS_T gid_t
| #define HAVE_DECL_FCHDIR 1
| #define HAVE_WORKING_O_NOATIME 1
| #define HAVE_WORKING_O_NOFOLLOW 1
| #define _USE_STD_STAT 1
| #define HAVE_DECL_FSEEKO 1
| #define restrict __restrict__
| #define HAVE_DECL_FTELLO 1
| #define HAVE_DECL_GETDTABLESIZE 1
| #define HAVE_GETOPT_H 1
| #define HAVE_GETOPT_LONG_ONLY 1
| #define MUSL_LIBC 1
| #define HAVE_PTHREAD_API 1
| #define SETLOCALE_NULL_ALL_MTSAFE 0
| #define SETLOCALE_NULL_ONE_MTSAFE 1
| #define HAVE_WEAK_SYMBOLS 1
| #define HAVE_WINT_T 1
| #define HAVE_LONG_LONG_INT 1
| #define HAVE_UNSIGNED_LONG_LONG_INT 1
| #define HAVE_MALLOC_0_NONNULL 1
| #define HAVE_MAP_ANONYMOUS 1
| #define HAVE_DECL_MEMRCHR 1
| /* end confdefs.h.  */
| #include <limits.h>
|             int x = MIN (42, 17);
| int
| main (void)
| {
| 
|   ;
|   return 0;
| }
configure:19791: result: no
configure:19804: checking whether <sys/param.h> defines MIN and MAX
configure:19822: gcc -c -g -O2  conftest.c >&5
configure:19822: $? = 0
configure:19832: result: yes
configure:19869: checking whether time_t is signed
configure:19887: gcc -c -g -O2  conftest.c >&5
configure:19887: $? = 0
configure:19897: result: yes
configure:19905: checking whether alarm is declared
configure:19905: gcc -c -g -O2   conftest.c >&5
configure:19905: $? = 0
configure:19905: result: yes
configure:19921: checking for working mktime
configure:20168: gcc -o conftest -g -O2   conftest.c  >&5
configure:20168: $? = 0
configure:20168: ./conftest
configure:20168: $? = 0
configure:20184: result: yes
configure:20253: checking for O_CLOEXEC
configure:20274: gcc -c -g -O2  conftest.c >&5
configure:20274: $? = 0
configure:20284: result: yes
configure:20289: checking for promoted mode_t type
configure:20307: gcc -c -g -O2  conftest.c >&5
conftest.c: In function 'main':
conftest.c:137:13: error: size of array 'array' is negative
  137 | typedef int array[2 * (sizeof (mode_t) < sizeof (int)) - 1];
      |             ^~~~~
configure:20307: $? = 1
configure: failed program was:
| /* confdefs.h */
| #define PACKAGE_NAME "GNU patch"
| #define PACKAGE_TARNAME "patch"
| #define PACKAGE_VERSION "2.8"
| #define PACKAGE_STRING "GNU patch 2.8"
| #define PACKAGE_BUGREPORT "bug-patch@gnu.org"
| #define PACKAGE_URL "https://www.gnu.org/software/patch/"
| #define PACKAGE "patch"
| #define VERSION "2.8"
| #define HAVE_STDIO_H 1
| #define HAVE_STDLIB_H 1
| #define HAVE_STRING_H 1
| #define HAVE_INTTYPES_H 1
| #define HAVE_STDINT_H 1
| #define HAVE_STRINGS_H 1
| #define HAVE_SYS_STAT_H 1
| #define HAVE_SYS_TYPES_H 1
| #define HAVE_UNISTD_H 1
| #define HAVE_WCHAR_H 1
| #define HAVE_STDBOOL_H 1
| #define HAVE_UCHAR_H 1
| #define HAVE_SYS_PARAM_H 1
| #define HAVE_SYS_SOCKET_H 1
| #define HAVE_DIRENT_H 1
| #define HAVE_STDIO_EXT_H 1
| #define HAVE_GETOPT_H 1
| #define HAVE_SYS_TIME_H 1
| #define HAVE_THREADS_H 1
| #define HAVE_LIMITS_H 1
| #define HAVE_SYS_MMAN_H 1
| #define HAVE_STDCKDINT_H 1
| #define HAVE_SYS_RANDOM_H 1
| #define HAVE_UTIME_H 1
| #define HAVE_FEATURES_H 1
| #define HAVE_WCTYPE_H 1
| #define HAVE_FCNTL_H 1
| #define STDC_HEADERS 1
| #define _ALL_SOURCE 1
| #define _DARWIN_C_SOURCE 1
| #define _GNU_SOURCE 1
| #define _HPUX_ALT_XOPEN_SOCKET_API 1
| #define _NETBSD_SOURCE 1
| #define _OPENBSD_SOURCE 1
| #define _POSIX_PTHREAD_SEMANTICS 1
| #define __STDC_WANT_IEC_60559_ATTRIBS_EXT__ 1
| #define __STDC_WANT_IEC_60559_BFP_EXT__ 1
| #define __STDC_WANT_IEC_60559_DFP_EXT__ 1
| #define __STDC_WANT_IEC_60559_EXT__ 1
| #define __STDC_WANT_IEC_60559_FUNCS_EXT__ 1
| #define __STDC_WANT_IEC_60559_TYPES_EXT__ 1
| #define __STDC_WANT_LIB_EXT2__ 1
| #define __STDC_WANT_MATH_SPEC_FUNCS__ 1
| #define _TANDEM_SOURCE 1
| #define __EXTENSIONS__ 1
| #define _LINUX_SOURCE_COMPAT 1
| #define __USE_MINGW_ANSI_STDIO 1
| #define HAVE_LSTAT 1
| #define HAVE_PATHCONF 1
| #define HAVE_MBSINIT 1
| #define HAVE_MBRTOWC 1
| #define HAVE_REALPATH 1
| #define HAVE_CHOWN 1
| #define HAVE_FCHOWN 1
| #define HAVE_FCHDIR 1
| #define HAVE_FCHMODAT 1
| #define HAVE_LCHMOD 1
| #define HAVE_FCNTL 1
| #define HAVE_SYMLINK 1
| #define HAVE_FDOPENDIR 1
| #define HAVE_FSTATAT 1
| #define HAVE_GETDTABLESIZE 1
| #define HAVE_GETTIMEOFDAY 1
| #define HAVE_MPROTECT 1
| #define HAVE_MKDIRAT 1
| #define HAVE_OPENAT 1
| #define HAVE_READLINK 1
| #define HAVE_LINK 1
| #define HAVE_RENAMEAT 1
| #define HAVE_SETENV 1
| #define HAVE_LOCALTIME_R 1
| #define HAVE_UNLINKAT 1
| #define HAVE_ISWCNTRL 1
| #define HAVE_GETEUID 1
| #define HAVE_GETUID 1
| #define HAVE_SIGACTION 1
| #define HAVE_SIGFILLSET 1
| #define HAVE_ALLOCA_H 1
| #define HAVE_ALLOCA 1
| #define D_INO_IN_DIRENT 1
| #define HAVE_LONG_FILE_NAMES 1
| #define BITSIZEOF_WCHAR_T 32
| #define HAVE_MBSTATE_T 1
| #define HAVE_LANGINFO_CODESET 1
| #define HAVE_WORKING_MBRTOC32 1
| #define HAVE_WORKING_C32RTOMB 1
| #define HAVE_MALLOC_PTRDIFF 1
| #define HAVE_MALLOC_POSIX 1
| #define LSTAT_FOLLOWS_SLASHED_SYMLINK 1
| #define FUNC_REALPATH_NEARLY_WORKS 1
| #define HAVE_FACCESSAT 1
| #define HAVE_GETCWD 1
| #define HAVE_UNISTD_H 1
| #define HAVE_CHOWN 1
| #define HAVE_ENVIRON_DECL 1
| #define HAVE_DECL_STRERROR_R 1
| #define HAVE_STRERROR_R 1
| #define GETGROUPS_T gid_t
| #define HAVE_DECL_FCHDIR 1
| #define HAVE_WORKING_O_NOATIME 1
| #define HAVE_WORKING_O_NOFOLLOW 1
| #define _USE_STD_STAT 1
| #define HAVE_DECL_FSEEKO 1
| #define restrict __restrict__
| #define HAVE_DECL_FTELLO 1
| #define HAVE_DECL_GETDTABLESIZE 1
| #define HAVE_GETOPT_H 1
| #define HAVE_GETOPT_LONG_ONLY 1
| #define MUSL_LIBC 1
| #define HAVE_PTHREAD_API 1
| #define SETLOCALE_NULL_ALL_MTSAFE 0
| #define SETLOCALE_NULL_ONE_MTSAFE 1
| #define HAVE_WEAK_SYMBOLS 1
| #define HAVE_WINT_T 1
| #define HAVE_LONG_LONG_INT 1
| #define HAVE_UNSIGNED_LONG_LONG_INT 1
| #define HAVE_MALLOC_0_NONNULL 1
| #define HAVE_MAP_ANONYMOUS 1
| #define HAVE_DECL_MEMRCHR 1
| #define HAVE_MINMAX_IN_SYS_PARAM_H 1
| #define TIME_T_IS_SIGNED 1
| #define HAVE_DECL_ALARM 1
| /* end confdefs.h.  */
| #include <sys/types.h>
| int
| main (void)
| {
| typedef int array[2 * (sizeof (mode_t) < sizeof (int)) - 1];
|   ;
|   return 0;
| }
configure:20318: result: mode_t
configure:20329: checking for compound literals
configure:20348: gcc -c -g -O2  conftest.c >&5
configure:20348: $? = 0
configure:20359: result: yes
configure:20368: checking for struct tm.tm_gmtoff
configure:20368: gcc -c -g -O2  conftest.c >&5
configure:20368: $? = 0
configure:20368: result: yes
configure:20378: checking for struct tm.tm_zone
configure:20378: gcc -c -g -O2  conftest.c >&5
configure:20378: $? = 0
configure:20378: result: yes
configure:20442: checking whether realloc should abort upon undefined behaviour
configure:20451: result: no
configure:20456: checking whether setenv is declared
configure:20456: gcc -c -g -O2   conftest.c >&5
configure:20456: $? = 0
configure:20456: result: yes
configure:20467: checking whether _putenv is declared
configure:20467: gcc -c -g -O2   conftest.c >&5
conftest.c: In function 'main':
conftest.c:174:10: error: '_putenv' undeclared (first use in this function); did you mean 'putenv'?
  174 |   (void) _putenv;
      |          ^~~~~~~
      |          putenv
conftest.c:174:10: note: each undeclared identifier is reported only once for each function it appears in
configure:20467: $? = 1
configure: failed program was:
| /* confdefs.h */
| #define PACKAGE_NAME "GNU patch"
| #define PACKAGE_TARNAME "patch"
| #define PACKAGE_VERSION "2.8"
| #define PACKAGE_STRING "GNU patch 2.8"
| #define PACKAGE_BUGREPORT "bug-patch@gnu.org"
| #define PACKAGE_URL "https://www.gnu.org/software/patch/"
| #define PACKAGE "patch"
| #define VERSION "2.8"
| #define HAVE_STDIO_H 1
| #define HAVE_STDLIB_H 1
| #define HAVE_STRING_H 1
| #define HAVE_INTTYPES_H 1
| #define HAVE_STDINT_H 1
| #define HAVE_STRINGS_H 1
| #define HAVE_SYS_STAT_H 1
| #define HAVE_SYS_TYPES_H 1
| #define HAVE_UNISTD_H 1
| #define HAVE_WCHAR_H 1
| #define HAVE_STDBOOL_H 1
| #define HAVE_UCHAR_H 1
| #define HAVE_SYS_PARAM_H 1
| #define HAVE_SYS_SOCKET_H 1
| #define HAVE_DIRENT_H 1
| #define HAVE_STDIO_EXT_H 1
| #define HAVE_GETOPT_H 1
| #define HAVE_SYS_TIME_H 1
| #define HAVE_THREADS_H 1
| #define HAVE_LIMITS_H 1
| #define HAVE_SYS_MMAN_H 1
| #define HAVE_STDCKDINT_H 1
| #define HAVE_SYS_RANDOM_H 1
| #define HAVE_UTIME_H 1
| #define HAVE_FEATURES_H 1
| #define HAVE_WCTYPE_H 1
| #define HAVE_FCNTL_H 1
| #define STDC_HEADERS 1
| #define _ALL_SOURCE 1
| #define _DARWIN_C_SOURCE 1
| #define _GNU_SOURCE 1
| #define _HPUX_ALT_XOPEN_SOCKET_API 1
| #define _NETBSD_SOURCE 1
| #define _OPENBSD_SOURCE 1
| #define _POSIX_PTHREAD_SEMANTICS 1
| #define __STDC_WANT_IEC_60559_ATTRIBS_EXT__ 1
| #define __STDC_WANT_IEC_60559_BFP_EXT__ 1
| #define __STDC_WANT_IEC_60559_DFP_EXT__ 1
| #define __STDC_WANT_IEC_60559_EXT__ 1
| #define __STDC_WANT_IEC_60559_FUNCS_EXT__ 1
| #define __STDC_WANT_IEC_60559_TYPES_EXT__ 1
| #define __STDC_WANT_LIB_EXT2__ 1
| #define __STDC_WANT_MATH_SPEC_FUNCS__ 1
| #define _TANDEM_SOURCE 1
| #define __EXTENSIONS__ 1
| #define _LINUX_SOURCE_COMPAT 1
| #define __USE_MINGW_ANSI_STDIO 1
| #define HAVE_LSTAT 1
| #define HAVE_PATHCONF 1
| #define HAVE_MBSINIT 1
| #define HAVE_MBRTOWC 1
| #define HAVE_REALPATH 1
| #define HAVE_CHOWN 1
| #define HAVE_FCHOWN 1
| #define HAVE_FCHDIR 1
| #define HAVE_FCHMODAT 1
| #define HAVE_LCHMOD 1
| #define HAVE_FCNTL 1
| #define HAVE_SYMLINK 1
| #define HAVE_FDOPENDIR 1
| #define HAVE_FSTATAT 1
| #define HAVE_GETDTABLESIZE 1
| #define HAVE_GETTIMEOFDAY 1
| #define HAVE_MPROTECT 1
| #define HAVE_MKDIRAT 1
| #define HAVE_OPENAT 1
| #define HAVE_READLINK 1
| #define HAVE_LINK 1
| #define HAVE_RENAMEAT 1
| #define HAVE_SETENV 1
| #define HAVE_LOCALTIME_R 1
| #define HAVE_UNLINKAT 1
| #define HAVE_ISWCNTRL 1
| #define HAVE_GETEUID 1
| #define HAVE_GETUID 1
| #define HAVE_SIGACTION 1
| #define HAVE_SIGFILLSET 1
| #define HAVE_ALLOCA_H 1
| #define HAVE_ALLOCA 1
| #define D_INO_IN_DIRENT 1
| #define HAVE_LONG_FILE_NAMES 1
| #define BITSIZEOF_WCHAR_T 32
| #define HAVE_MBSTATE_T 1
| #define HAVE_LANGINFO_CODESET 1
| #define HAVE_WORKING_MBRTOC32 1
| #define HAVE_WORKING_C32RTOMB 1
| #define HAVE_MALLOC_PTRDIFF 1
| #define HAVE_MALLOC_POSIX 1
| #define LSTAT_FOLLOWS_SLASHED_SYMLINK 1
| #define FUNC_REALPATH_NEARLY_WORKS 1
| #define HAVE_FACCESSAT 1
| #define HAVE_GETCWD 1
| #define HAVE_UNISTD_H 1
| #define HAVE_CHOWN 1
| #define HAVE_ENVIRON_DECL 1
| #define HAVE_DECL_STRERROR_R 1
| #define HAVE_STRERROR_R 1
| #define GETGROUPS_T gid_t
| #define HAVE_DECL_FCHDIR 1
| #define HAVE_WORKING_O_NOATIME 1
| #define HAVE_WORKING_O_NOFOLLOW 1
| #define _USE_STD_STAT 1
| #define HAVE_DECL_FSEEKO 1
| #define restrict __restrict__
| #define HAVE_DECL_FTELLO 1
| #define HAVE_DECL_GETDTABLESIZE 1
| #define HAVE_GETOPT_H 1
| #define HAVE_GETOPT_LONG_ONLY 1
| #define MUSL_LIBC 1
| #define HAVE_PTHREAD_API 1
| #define SETLOCALE_NULL_ALL_MTSAFE 0
| #define SETLOCALE_NULL_ONE_MTSAFE 1
| #define HAVE_WEAK_SYMBOLS 1
| #define HAVE_WINT_T 1
| #define HAVE_LONG_LONG_INT 1
| #define HAVE_UNSIGNED_LONG_LONG_INT 1
| #define HAVE_MALLOC_0_NONNULL 1
| #define HAVE_MAP_ANONYMOUS 1
| #define HAVE_DECL_MEMRCHR 1
| #define HAVE_MINMAX_IN_SYS_PARAM_H 1
| #define TIME_T_IS_SIGNED 1
| #define HAVE_DECL_ALARM 1
| #define PROMOTED_MODE_T mode_t
| #define HAVE_COMPOUND_LITERALS 1
| #define HAVE_STRUCT_TM_TM_GMTOFF 1
| #define HAVE_STRUCT_TM_TM_ZONE 1
| #define HAVE_TM_GMTOFF 1
| #define HAVE_DECL_SETENV 1
| /* end confdefs.h.  */
| #include <stddef.h>
| #ifdef HAVE_STDIO_H
| # include <stdio.h>
| #endif
| #ifdef HAVE_STDLIB_H
| # include <stdlib.h>
| #endif
| #ifdef HAVE_STRING_H
| # include <string.h>
| #endif
| #ifdef HAVE_INTTYPES_H
| # include <inttypes.h>
| #endif
| #ifdef HAVE_STDINT_H
| # include <stdint.h>
| #endif
| #ifdef HAVE_STRINGS_H
| # include <strings.h>
| #endif
| #ifdef HAVE_SYS_TYPES_H
| # include <sys/types.h>
| #endif
| #ifdef HAVE_SYS_STAT_H
| # include <sys/stat.h>
| #endif
| #ifdef HAVE_UNISTD_H
| # include <unistd.h>
| #endif
| int
| main (void)
| {
| #ifndef _putenv
| #ifdef __cplusplus
|   (void) _putenv;
| #else
|   (void) _putenv;
| #endif
| #endif
| 
|   ;
|   return 0;
| }
configure:20467: result: no
configure:20487: checking for search.h
configure:20487: gcc -c -g -O2  conftest.c >&5
configure:20487: $? = 0
configure:20487: result: yes
configure:20497: checking for tsearch
configure:20534: checking for tsearch
configure:20534: gcc -o conftest -g -O2   conftest.c  >&5
configure:20534: $? = 0
configure:20534: result: yes
configure:20550: result: yes
configure:20567: checking for sigset_t
configure:20567: gcc -c -g -O2  conftest.c >&5
configure:20567: $? = 0
configure:20567: gcc -c -g -O2  conftest.c >&5
conftest.c: In function 'main':
conftest.c:151:23: error: expected expression before ')' token
  151 | if (sizeof ((sigset_t)))
      |                       ^
configure:20567: $? = 1
configure: failed program was:
| /* confdefs.h */
| #define PACKAGE_NAME "GNU patch"
| #define PACKAGE_TARNAME "patch"
| #define PACKAGE_VERSION "2.8"
| #define PACKAGE_STRING "GNU patch 2.8"
| #define PACKAGE_BUGREPORT "bug-patch@gnu.org"
| #define PACKAGE_URL "https://www.gnu.org/software/patch/"
| #define PACKAGE "patch"
| #define VERSION "2.8"
| #define HAVE_STDIO_H 1
| #define HAVE_STDLIB_H 1
| #define HAVE_STRING_H 1
| #define HAVE_INTTYPES_H 1
| #define HAVE_STDINT_H 1
| #define HAVE_STRINGS_H 1
| #define HAVE_SYS_STAT_H 1
| #define HAVE_SYS_TYPES_H 1
| #define HAVE_UNISTD_H 1
| #define HAVE_WCHAR_H 1
| #define HAVE_STDBOOL_H 1
| #define HAVE_UCHAR_H 1
| #define HAVE_SYS_PARAM_H 1
| #define HAVE_SYS_SOCKET_H 1
| #define HAVE_DIRENT_H 1
| #define HAVE_STDIO_EXT_H 1
| #define HAVE_GETOPT_H 1
| #define HAVE_SYS_TIME_H 1
| #define HAVE_THREADS_H 1
| #define HAVE_LIMITS_H 1
| #define HAVE_SYS_MMAN_H 1
| #define HAVE_STDCKDINT_H 1
| #define HAVE_SYS_RANDOM_H 1
| #define HAVE_UTIME_H 1
| #define HAVE_FEATURES_H 1
| #define HAVE_WCTYPE_H 1
| #define HAVE_FCNTL_H 1
| #define STDC_HEADERS 1
| #define _ALL_SOURCE 1
| #define _DARWIN_C_SOURCE 1
| #define _GNU_SOURCE 1
| #define _HPUX_ALT_XOPEN_SOCKET_API 1
| #define _NETBSD_SOURCE 1
| #define _OPENBSD_SOURCE 1
| #define _POSIX_PTHREAD_SEMANTICS 1
| #define __STDC_WANT_IEC_60559_ATTRIBS_EXT__ 1
| #define __STDC_WANT_IEC_60559_BFP_EXT__ 1
| #define __STDC_WANT_IEC_60559_DFP_EXT__ 1
| #define __STDC_WANT_IEC_60559_EXT__ 1
| #define __STDC_WANT_IEC_60559_FUNCS_EXT__ 1
| #define __STDC_WANT_IEC_60559_TYPES_EXT__ 1
| #define __STDC_WANT_LIB_EXT2__ 1
| #define __STDC_WANT_MATH_SPEC_FUNCS__ 1
| #define _TANDEM_SOURCE 1
| #define __EXTENSIONS__ 1
| #define _LINUX_SOURCE_COMPAT 1
| #define __USE_MINGW_ANSI_STDIO 1
| #define HAVE_LSTAT 1
| #define HAVE_PATHCONF 1
| #define HAVE_MBSINIT 1
| #define HAVE_MBRTOWC 1
| #define HAVE_REALPATH 1
| #define HAVE_CHOWN 1
| #define HAVE_FCHOWN 1
| #define HAVE_FCHDIR 1
| #define HAVE_FCHMODAT 1
| #define HAVE_LCHMOD 1
| #define HAVE_FCNTL 1
| #define HAVE_SYMLINK 1
| #define HAVE_FDOPENDIR 1
| #define HAVE_FSTATAT 1
| #define HAVE_GETDTABLESIZE 1
| #define HAVE_GETTIMEOFDAY 1
| #define HAVE_MPROTECT 1
| #define HAVE_MKDIRAT 1
| #define HAVE_OPENAT 1
| #define HAVE_READLINK 1
| #define HAVE_LINK 1
| #define HAVE_RENAMEAT 1
| #define HAVE_SETENV 1
| #define HAVE_LOCALTIME_R 1
| #define HAVE_UNLINKAT 1
| #define HAVE_ISWCNTRL 1
| #define HAVE_GETEUID 1
| #define HAVE_GETUID 1
| #define HAVE_SIGACTION 1
| #define HAVE_SIGFILLSET 1
| #define HAVE_ALLOCA_H 1
| #define HAVE_ALLOCA 1
| #define D_INO_IN_DIRENT 1
| #define HAVE_LONG_FILE_NAMES 1
| #define BITSIZEOF_WCHAR_T 32
| #define HAVE_MBSTATE_T 1
| #define HAVE_LANGINFO_CODESET 1
| #define HAVE_WORKING_MBRTOC32 1
| #define HAVE_WORKING_C32RTOMB 1
| #define HAVE_MALLOC_PTRDIFF 1
| #define HAVE_MALLOC_POSIX 1
| #define LSTAT_FOLLOWS_SLASHED_SYMLINK 1
| #define FUNC_REALPATH_NEARLY_WORKS 1
| #define HAVE_FACCESSAT 1
| #define HAVE_GETCWD 1
| #define HAVE_UNISTD_H 1
| #define HAVE_CHOWN 1
| #define HAVE_ENVIRON_DECL 1
| #define HAVE_DECL_STRERROR_R 1
| #define HAVE_STRERROR_R 1
| #define GETGROUPS_T gid_t
| #define HAVE_DECL_FCHDIR 1
| #define HAVE_WORKING_O_NOATIME 1
| #define HAVE_WORKING_O_NOFOLLOW 1
| #define _USE_STD_STAT 1
| #define HAVE_DECL_FSEEKO 1
| #define restrict __restrict__
| #define HAVE_DECL_FTELLO 1
| #define HAVE_DECL_GETDTABLESIZE 1
| #define HAVE_GETOPT_H 1
| #define HAVE_GETOPT_LONG_ONLY 1
| #define MUSL_LIBC 1
| #define HAVE_PTHREAD_API 1
| #define SETLOCALE_NULL_ALL_MTSAFE 0
| #define SETLOCALE_NULL_ONE_MTSAFE 1
| #define HAVE_WEAK_SYMBOLS 1
| #define HAVE_WINT_T 1
| #define HAVE_LONG_LONG_INT 1
| #define HAVE_UNSIGNED_LONG_LONG_INT 1
| #define HAVE_MALLOC_0_NONNULL 1
| #define HAVE_MAP_ANONYMOUS 1
| #define HAVE_DECL_MEMRCHR 1
| #define HAVE_MINMAX_IN_SYS_PARAM_H 1
| #define TIME_T_IS_SIGNED 1
| #define HAVE_DECL_ALARM 1
| #define PROMOTED_MODE_T mode_t
| #define HAVE_COMPOUND_LITERALS 1
| #define HAVE_STRUCT_TM_TM_GMTOFF 1
| #define HAVE_STRUCT_TM_TM_ZONE 1
| #define HAVE_TM_GMTOFF 1
| #define HAVE_DECL_SETENV 1
| #define HAVE_DECL__PUTENV 0
| #define HAVE_SEARCH_H 1
| #define HAVE_TSEARCH 1
| /* end confdefs.h.  */
| 
|       #include <signal.h>
|       /* Mingw defines sigset_t not in <signal.h>, but in <sys/types.h>.  */
|       #include <sys/types.h>
| 
| 
| int
| main (void)
| {
| if (sizeof ((sigset_t)))
| 	    return 0;
|   ;
|   return 0;
| }
configure:20567: result: yes
configure:20667: checking for volatile sig_atomic_t
configure:20667: gcc -c -g -O2  conftest.c >&5
configure:20667: $? = 0
configure:20667: gcc -c -g -O2  conftest.c >&5
conftest.c: In function 'main':
conftest.c:150:36: error: expected expression before ')' token
  150 | if (sizeof ((volatile sig_atomic_t)))
      |                                    ^
configure:20667: $? = 1
configure: failed program was:
| /* confdefs.h */
| #define PACKAGE_NAME "GNU patch"
| #define PACKAGE_TARNAME "patch"
| #define PACKAGE_VERSION "2.8"
| #define PACKAGE_STRING "GNU patch 2.8"
| #define PACKAGE_BUGREPORT "bug-patch@gnu.org"
| #define PACKAGE_URL "https://www.gnu.org/software/patch/"
| #define PACKAGE "patch"
| #define VERSION "2.8"
| #define HAVE_STDIO_H 1
| #define HAVE_STDLIB_H 1
| #define HAVE_STRING_H 1
| #define HAVE_INTTYPES_H 1
| #define HAVE_STDINT_H 1
| #define HAVE_STRINGS_H 1
| #define HAVE_SYS_STAT_H 1
| #define HAVE_SYS_TYPES_H 1
| #define HAVE_UNISTD_H 1
| #define HAVE_WCHAR_H 1
| #define HAVE_STDBOOL_H 1
| #define HAVE_UCHAR_H 1
| #define HAVE_SYS_PARAM_H 1
| #define HAVE_SYS_SOCKET_H 1
| #define HAVE_DIRENT_H 1
| #define HAVE_STDIO_EXT_H 1
| #define HAVE_GETOPT_H 1
| #define HAVE_SYS_TIME_H 1
| #define HAVE_THREADS_H 1
| #define HAVE_LIMITS_H 1
| #define HAVE_SYS_MMAN_H 1
| #define HAVE_STDCKDINT_H 1
| #define HAVE_SYS_RANDOM_H 1
| #define HAVE_UTIME_H 1
| #define HAVE_FEATURES_H 1
| #define HAVE_WCTYPE_H 1
| #define HAVE_FCNTL_H 1
| #define STDC_HEADERS 1
| #define _ALL_SOURCE 1
| #define _DARWIN_C_SOURCE 1
| #define _GNU_SOURCE 1
| #define _HPUX_ALT_XOPEN_SOCKET_API 1
| #define _NETBSD_SOURCE 1
| #define _OPENBSD_SOURCE 1
| #define _POSIX_PTHREAD_SEMANTICS 1
| #define __STDC_WANT_IEC_60559_ATTRIBS_EXT__ 1
| #define __STDC_WANT_IEC_60559_BFP_EXT__ 1
| #define __STDC_WANT_IEC_60559_DFP_EXT__ 1
| #define __STDC_WANT_IEC_60559_EXT__ 1
| #define __STDC_WANT_IEC_60559_FUNCS_EXT__ 1
| #define __STDC_WANT_IEC_60559_TYPES_EXT__ 1
| #define __STDC_WANT_LIB_EXT2__ 1
| #define __STDC_WANT_MATH_SPEC_FUNCS__ 1
| #define _TANDEM_SOURCE 1
| #define __EXTENSIONS__ 1
| #define _LINUX_SOURCE_COMPAT 1
| #define __USE_MINGW_ANSI_STDIO 1
| #define HAVE_LSTAT 1
| #define HAVE_PATHCONF 1
| #define HAVE_MBSINIT 1
| #define HAVE_MBRTOWC 1
| #define HAVE_REALPATH 1
| #define HAVE_CHOWN 1
| #define HAVE_FCHOWN 1
| #define HAVE_FCHDIR 1
| #define HAVE_FCHMODAT 1
| #define HAVE_LCHMOD 1
| #define HAVE_FCNTL 1
| #define HAVE_SYMLINK 1
| #define HAVE_FDOPENDIR 1
| #define HAVE_FSTATAT 1
| #define HAVE_GETDTABLESIZE 1
| #define HAVE_GETTIMEOFDAY 1
| #define HAVE_MPROTECT 1
| #define HAVE_MKDIRAT 1
| #define HAVE_OPENAT 1
| #define HAVE_READLINK 1
| #define HAVE_LINK 1
| #define HAVE_RENAMEAT 1
| #define HAVE_SETENV 1
| #define HAVE_LOCALTIME_R 1
| #define HAVE_UNLINKAT 1
| #define HAVE_ISWCNTRL 1
| #define HAVE_GETEUID 1
| #define HAVE_GETUID 1
| #define HAVE_SIGACTION 1
| #define HAVE_SIGFILLSET 1
| #define HAVE_ALLOCA_H 1
| #define HAVE_ALLOCA 1
| #define D_INO_IN_DIRENT 1
| #define HAVE_LONG_FILE_NAMES 1
| #define BITSIZEOF_WCHAR_T 32
| #define HAVE_MBSTATE_T 1
| #define HAVE_LANGINFO_CODESET 1
| #define HAVE_WORKING_MBRTOC32 1
| #define HAVE_WORKING_C32RTOMB 1
| #define HAVE_MALLOC_PTRDIFF 1
| #define HAVE_MALLOC_POSIX 1
| #define LSTAT_FOLLOWS_SLASHED_SYMLINK 1
| #define FUNC_REALPATH_NEARLY_WORKS 1
| #define HAVE_FACCESSAT 1
| #define HAVE_GETCWD 1
| #define HAVE_UNISTD_H 1
| #define HAVE_CHOWN 1
| #define HAVE_ENVIRON_DECL 1
| #define HAVE_DECL_STRERROR_R 1
| #define HAVE_STRERROR_R 1
| #define GETGROUPS_T gid_t
| #define HAVE_DECL_FCHDIR 1
| #define HAVE_WORKING_O_NOATIME 1
| #define HAVE_WORKING_O_NOFOLLOW 1
| #define _USE_STD_STAT 1
| #define HAVE_DECL_FSEEKO 1
| #define restrict __restrict__
| #define HAVE_DECL_FTELLO 1
| #define HAVE_DECL_GETDTABLESIZE 1
| #define HAVE_GETOPT_H 1
| #define HAVE_GETOPT_LONG_ONLY 1
| #define MUSL_LIBC 1
| #define HAVE_PTHREAD_API 1
| #define SETLOCALE_NULL_ALL_MTSAFE 0
| #define SETLOCALE_NULL_ONE_MTSAFE 1
| #define HAVE_WEAK_SYMBOLS 1
| #define HAVE_WINT_T 1
| #define HAVE_LONG_LONG_INT 1
| #define HAVE_UNSIGNED_LONG_LONG_INT 1
| #define HAVE_MALLOC_0_NONNULL 1
| #define HAVE_MAP_ANONYMOUS 1
| #define HAVE_DECL_MEMRCHR 1
| #define HAVE_MINMAX_IN_SYS_PARAM_H 1
| #define TIME_T_IS_SIGNED 1
| #define HAVE_DECL_ALARM 1
| #define PROMOTED_MODE_T mode_t
| #define HAVE_COMPOUND_LITERALS 1
| #define HAVE_STRUCT_TM_TM_GMTOFF 1
| #define HAVE_STRUCT_TM_TM_ZONE 1
| #define HAVE_TM_GMTOFF 1
| #define HAVE_DECL_SETENV 1
| #define HAVE_DECL__PUTENV 0
| #define HAVE_SEARCH_H 1
| #define HAVE_TSEARCH 1
| #define HAVE_SIGSET_T 1
| /* end confdefs.h.  */
| 
| #include <signal.h>
| 
| 
| int
| main (void)
| {
| if (sizeof ((volatile sig_atomic_t)))
| 	    return 0;
|   ;
|   return 0;
| }
configure:20667: result: yes
configure:20685: checking for sighandler_t
configure:20685: gcc -c -g -O2  conftest.c >&5
configure:20685: $? = 0
configure:20685: gcc -c -g -O2  conftest.c >&5
conftest.c: In function 'main':
conftest.c:150:27: error: expected expression before ')' token
  150 | if (sizeof ((sighandler_t)))
      |                           ^
configure:20685: $? = 1
configure: failed program was:
| /* confdefs.h */
| #define PACKAGE_NAME "GNU patch"
| #define PACKAGE_TARNAME "patch"
| #define PACKAGE_VERSION "2.8"
| #define PACKAGE_STRING "GNU patch 2.8"
| #define PACKAGE_BUGREPORT "bug-patch@gnu.org"
| #define PACKAGE_URL "https://www.gnu.org/software/patch/"
| #define PACKAGE "patch"
| #define VERSION "2.8"
| #define HAVE_STDIO_H 1
| #define HAVE_STDLIB_H 1
| #define HAVE_STRING_H 1
| #define HAVE_INTTYPES_H 1
| #define HAVE_STDINT_H 1
| #define HAVE_STRINGS_H 1
| #define HAVE_SYS_STAT_H 1
| #define HAVE_SYS_TYPES_H 1
| #define HAVE_UNISTD_H 1
| #define HAVE_WCHAR_H 1
| #define HAVE_STDBOOL_H 1
| #define HAVE_UCHAR_H 1
| #define HAVE_SYS_PARAM_H 1
| #define HAVE_SYS_SOCKET_H 1
| #define HAVE_DIRENT_H 1
| #define HAVE_STDIO_EXT_H 1
| #define HAVE_GETOPT_H 1
| #define HAVE_SYS_TIME_H 1
| #define HAVE_THREADS_H 1
| #define HAVE_LIMITS_H 1
| #define HAVE_SYS_MMAN_H 1
| #define HAVE_STDCKDINT_H 1
| #define HAVE_SYS_RANDOM_H 1
| #define HAVE_UTIME_H 1
| #define HAVE_FEATURES_H 1
| #define HAVE_WCTYPE_H 1
| #define HAVE_FCNTL_H 1
| #define STDC_HEADERS 1
| #define _ALL_SOURCE 1
| #define _DARWIN_C_SOURCE 1
| #define _GNU_SOURCE 1
| #define _HPUX_ALT_XOPEN_SOCKET_API 1
| #define _NETBSD_SOURCE 1
| #define _OPENBSD_SOURCE 1
| #define _POSIX_PTHREAD_SEMANTICS 1
| #define __STDC_WANT_IEC_60559_ATTRIBS_EXT__ 1
| #define __STDC_WANT_IEC_60559_BFP_EXT__ 1
| #define __STDC_WANT_IEC_60559_DFP_EXT__ 1
| #define __STDC_WANT_IEC_60559_EXT__ 1
| #define __STDC_WANT_IEC_60559_FUNCS_EXT__ 1
| #define __STDC_WANT_IEC_60559_TYPES_EXT__ 1
| #define __STDC_WANT_LIB_EXT2__ 1
| #define __STDC_WANT_MATH_SPEC_FUNCS__ 1
| #define _TANDEM_SOURCE 1
| #define __EXTENSIONS__ 1
| #define _LINUX_SOURCE_COMPAT 1
| #define __USE_MINGW_ANSI_STDIO 1
| #define HAVE_LSTAT 1
| #define HAVE_PATHCONF 1
| #define HAVE_MBSINIT 1
| #define HAVE_MBRTOWC 1
| #define HAVE_REALPATH 1
| #define HAVE_CHOWN 1
| #define HAVE_FCHOWN 1
| #define HAVE_FCHDIR 1
| #define HAVE_FCHMODAT 1
| #define HAVE_LCHMOD 1
| #define HAVE_FCNTL 1
| #define HAVE_SYMLINK 1
| #define HAVE_FDOPENDIR 1
| #define HAVE_FSTATAT 1
| #define HAVE_GETDTABLESIZE 1
| #define HAVE_GETTIMEOFDAY 1
| #define HAVE_MPROTECT 1
| #define HAVE_MKDIRAT 1
| #define HAVE_OPENAT 1
| #define HAVE_READLINK 1
| #define HAVE_LINK 1
| #define HAVE_RENAMEAT 1
| #define HAVE_SETENV 1
| #define HAVE_LOCALTIME_R 1
| #define HAVE_UNLINKAT 1
| #define HAVE_ISWCNTRL 1
| #define HAVE_GETEUID 1
| #define HAVE_GETUID 1
| #define HAVE_SIGACTION 1
| #define HAVE_SIGFILLSET 1
| #define HAVE_ALLOCA_H 1
| #define HAVE_ALLOCA 1
| #define D_INO_IN_DIRENT 1
| #define HAVE_LONG_FILE_NAMES 1
| #define BITSIZEOF_WCHAR_T 32
| #define HAVE_MBSTATE_T 1
| #define HAVE_LANGINFO_CODESET 1
| #define HAVE_WORKING_MBRTOC32 1
| #define HAVE_WORKING_C32RTOMB 1
| #define HAVE_MALLOC_PTRDIFF 1
| #define HAVE_MALLOC_POSIX 1
| #define LSTAT_FOLLOWS_SLASHED_SYMLINK 1
| #define FUNC_REALPATH_NEARLY_WORKS 1
| #define HAVE_FACCESSAT 1
| #define HAVE_GETCWD 1
| #define HAVE_UNISTD_H 1
| #define HAVE_CHOWN 1
| #define HAVE_ENVIRON_DECL 1
| #define HAVE_DECL_STRERROR_R 1
| #define HAVE_STRERROR_R 1
| #define GETGROUPS_T gid_t
| #define HAVE_DECL_FCHDIR 1
| #define HAVE_WORKING_O_NOATIME 1
| #define HAVE_WORKING_O_NOFOLLOW 1
| #define _USE_STD_STAT 1
| #define HAVE_DECL_FSEEKO 1
| #define restrict __restrict__
| #define HAVE_DECL_FTELLO 1
| #define HAVE_DECL_GETDTABLESIZE 1
| #define HAVE_GETOPT_H 1
| #define HAVE_GETOPT_LONG_ONLY 1
| #define MUSL_LIBC 1
| #define HAVE_PTHREAD_API 1
| #define SETLOCALE_NULL_ALL_MTSAFE 0
| #define SETLOCALE_NULL_ONE_MTSAFE 1
| #define HAVE_WEAK_SYMBOLS 1
| #define HAVE_WINT_T 1
| #define HAVE_LONG_LONG_INT 1
| #define HAVE_UNSIGNED_LONG_LONG_INT 1
| #define HAVE_MALLOC_0_NONNULL 1
| #define HAVE_MAP_ANONYMOUS 1
| #define HAVE_DECL_MEMRCHR 1
| #define HAVE_MINMAX_IN_SYS_PARAM_H 1
| #define TIME_T_IS_SIGNED 1
| #define HAVE_DECL_ALARM 1
| #define PROMOTED_MODE_T mode_t
| #define HAVE_COMPOUND_LITERALS 1
| #define HAVE_STRUCT_TM_TM_GMTOFF 1
| #define HAVE_STRUCT_TM_TM_ZONE 1
| #define HAVE_TM_GMTOFF 1
| #define HAVE_DECL_SETENV 1
| #define HAVE_DECL__PUTENV 0
| #define HAVE_SEARCH_H 1
| #define HAVE_TSEARCH 1
| #define HAVE_SIGSET_T 1
| /* end confdefs.h.  */
| 
| #include <signal.h>
| 
| 
| int
| main (void)
| {
| if (sizeof ((sighandler_t)))
| 	    return 0;
|   ;
|   return 0;
| }
configure:20685: result: yes
configure:20707: checking whether fcloseall is declared
configure:20707: gcc -c -g -O2   conftest.c >&5
conftest.c: In function 'main':
conftest.c:178:10: error: 'fcloseall' undeclared (first use in this function); did you mean 'fclose'?
  178 |   (void) fcloseall;
      |          ^~~~~~~~~
      |          fclose
conftest.c:178:10: note: each undeclared identifier is reported only once for each function it appears in
configure:20707: $? = 1
configure: failed program was:
| /* confdefs.h */
| #define PACKAGE_NAME "GNU patch"
| #define PACKAGE_TARNAME "patch"
| #define PACKAGE_VERSION "2.8"
| #define PACKAGE_STRING "GNU patch 2.8"
| #define PACKAGE_BUGREPORT "bug-patch@gnu.org"
| #define PACKAGE_URL "https://www.gnu.org/software/patch/"
| #define PACKAGE "patch"
| #define VERSION "2.8"
| #define HAVE_STDIO_H 1
| #define HAVE_STDLIB_H 1
| #define HAVE_STRING_H 1
| #define HAVE_INTTYPES_H 1
| #define HAVE_STDINT_H 1
| #define HAVE_STRINGS_H 1
| #define HAVE_SYS_STAT_H 1
| #define HAVE_SYS_TYPES_H 1
| #define HAVE_UNISTD_H 1
| #define HAVE_WCHAR_H 1
| #define HAVE_STDBOOL_H 1
| #define HAVE_UCHAR_H 1
| #define HAVE_SYS_PARAM_H 1
| #define HAVE_SYS_SOCKET_H 1
| #define HAVE_DIRENT_H 1
| #define HAVE_STDIO_EXT_H 1
| #define HAVE_GETOPT_H 1
| #define HAVE_SYS_TIME_H 1
| #define HAVE_THREADS_H 1
| #define HAVE_LIMITS_H 1
| #define HAVE_SYS_MMAN_H 1
| #define HAVE_STDCKDINT_H 1
| #define HAVE_SYS_RANDOM_H 1
| #define HAVE_UTIME_H 1
| #define HAVE_FEATURES_H 1
| #define HAVE_WCTYPE_H 1
| #define HAVE_FCNTL_H 1
| #define STDC_HEADERS 1
| #define _ALL_SOURCE 1
| #define _DARWIN_C_SOURCE 1
| #define _GNU_SOURCE 1
| #define _HPUX_ALT_XOPEN_SOCKET_API 1
| #define _NETBSD_SOURCE 1
| #define _OPENBSD_SOURCE 1
| #define _POSIX_PTHREAD_SEMANTICS 1
| #define __STDC_WANT_IEC_60559_ATTRIBS_EXT__ 1
| #define __STDC_WANT_IEC_60559_BFP_EXT__ 1
| #define __STDC_WANT_IEC_60559_DFP_EXT__ 1
| #define __STDC_WANT_IEC_60559_EXT__ 1
| #define __STDC_WANT_IEC_60559_FUNCS_EXT__ 1
| #define __STDC_WANT_IEC_60559_TYPES_EXT__ 1
| #define __STDC_WANT_LIB_EXT2__ 1
| #define __STDC_WANT_MATH_SPEC_FUNCS__ 1
| #define _TANDEM_SOURCE 1
| #define __EXTENSIONS__ 1
| #define _LINUX_SOURCE_COMPAT 1
| #define __USE_MINGW_ANSI_STDIO 1
| #define HAVE_LSTAT 1
| #define HAVE_PATHCONF 1
| #define HAVE_MBSINIT 1
| #define HAVE_MBRTOWC 1
| #define HAVE_REALPATH 1
| #define HAVE_CHOWN 1
| #define HAVE_FCHOWN 1
| #define HAVE_FCHDIR 1
| #define HAVE_FCHMODAT 1
| #define HAVE_LCHMOD 1
| #define HAVE_FCNTL 1
| #define HAVE_SYMLINK 1
| #define HAVE_FDOPENDIR 1
| #define HAVE_FSTATAT 1
| #define HAVE_GETDTABLESIZE 1
| #define HAVE_GETTIMEOFDAY 1
| #define HAVE_MPROTECT 1
| #define HAVE_MKDIRAT 1
| #define HAVE_OPENAT 1
| #define HAVE_READLINK 1
| #define HAVE_LINK 1
| #define HAVE_RENAMEAT 1
| #define HAVE_SETENV 1
| #define HAVE_LOCALTIME_R 1
| #define HAVE_UNLINKAT 1
| #define HAVE_ISWCNTRL 1
| #define HAVE_GETEUID 1
| #define HAVE_GETUID 1
| #define HAVE_SIGACTION 1
| #define HAVE_SIGFILLSET 1
| #define HAVE_ALLOCA_H 1
| #define HAVE_ALLOCA 1
| #define D_INO_IN_DIRENT 1
| #define HAVE_LONG_FILE_NAMES 1
| #define BITSIZEOF_WCHAR_T 32
| #define HAVE_MBSTATE_T 1
| #define HAVE_LANGINFO_CODESET 1
| #define HAVE_WORKING_MBRTOC32 1
| #define HAVE_WORKING_C32RTOMB 1
| #define HAVE_MALLOC_PTRDIFF 1
| #define HAVE_MALLOC_POSIX 1
| #define LSTAT_FOLLOWS_SLASHED_SYMLINK 1
| #define FUNC_REALPATH_NEARLY_WORKS 1
| #define HAVE_FACCESSAT 1
| #define HAVE_GETCWD 1
| #define HAVE_UNISTD_H 1
| #define HAVE_CHOWN 1
| #define HAVE_ENVIRON_DECL 1
| #define HAVE_DECL_STRERROR_R 1
| #define HAVE_STRERROR_R 1
| #define GETGROUPS_T gid_t
| #define HAVE_DECL_FCHDIR 1
| #define HAVE_WORKING_O_NOATIME 1
| #define HAVE_WORKING_O_NOFOLLOW 1
| #define _USE_STD_STAT 1
| #define HAVE_DECL_FSEEKO 1
| #define restrict __restrict__
| #define HAVE_DECL_FTELLO 1
| #define HAVE_DECL_GETDTABLESIZE 1
| #define HAVE_GETOPT_H 1
| #define HAVE_GETOPT_LONG_ONLY 1
| #define MUSL_LIBC 1
| #define HAVE_PTHREAD_API 1
| #define SETLOCALE_NULL_ALL_MTSAFE 0
| #define SETLOCALE_NULL_ONE_MTSAFE 1
| #define HAVE_WEAK_SYMBOLS 1
| #define HAVE_WINT_T 1
| #define HAVE_LONG_LONG_INT 1
| #define HAVE_UNSIGNED_LONG_LONG_INT 1
| #define HAVE_MALLOC_0_NONNULL 1
| #define HAVE_MAP_ANONYMOUS 1
| #define HAVE_DECL_MEMRCHR 1
| #define HAVE_MINMAX_IN_SYS_PARAM_H 1
| #define TIME_T_IS_SIGNED 1
| #define HAVE_DECL_ALARM 1
| #define PROMOTED_MODE_T mode_t
| #define HAVE_COMPOUND_LITERALS 1
| #define HAVE_STRUCT_TM_TM_GMTOFF 1
| #define HAVE_STRUCT_TM_TM_ZONE 1
| #define HAVE_TM_GMTOFF 1
| #define HAVE_DECL_SETENV 1
| #define HAVE_DECL__PUTENV 0
| #define HAVE_SEARCH_H 1
| #define HAVE_TSEARCH 1
| #define HAVE_SIGSET_T 1
| /* end confdefs.h.  */
| #include <stddef.h>
| #ifdef HAVE_STDIO_H
| # include <stdio.h>
| #endif
| #ifdef HAVE_STDLIB_H
| # include <stdlib.h>
| #endif
| #ifdef HAVE_STRING_H
| # include <string.h>
| #endif
| #ifdef HAVE_INTTYPES_H
| # include <inttypes.h>
| #endif
| #ifdef HAVE_STDINT_H
| # include <stdint.h>
| #endif
| #ifdef HAVE_STRINGS_H
| # include <strings.h>
| #endif
| #ifdef HAVE_SYS_TYPES_H
| # include <sys/types.h>
| #endif
| #ifdef HAVE_SYS_STAT_H
| # include <sys/stat.h>
| #endif
| #ifdef HAVE_UNISTD_H
| # include <unistd.h>
| #endif
| int
| main (void)
| {
| #ifndef fcloseall
| #ifdef __cplusplus
|   (void) fcloseall;
| #else
|   (void) fcloseall;
| #endif
| #endif
| 
|   ;
|   return 0;
| }
configure:20707: result: no
configure:20717: checking whether getw is declared
configure:20717: gcc -c -g -O2   conftest.c >&5
configure:20717: $? = 0
configure:20717: result: yes
configure:20727: checking whether putw is declared
configure:20727: gcc -c -g -O2   conftest.c >&5
configure:20727: $? = 0
configure:20727: result: yes
configure:20813: checking which flavor of printf attribute matches inttypes macros
configure:20841: gcc -c -g -O2  conftest.c >&5
configure:20841: $? = 0
configure:20851: result: system
configure:20887: checking whether ecvt is declared
configure:20887: gcc -c -g -O2   conftest.c >&5
configure:20887: $? = 0
configure:20887: result: yes
configure:20897: checking whether fcvt is declared
configure:20897: gcc -c -g -O2   conftest.c >&5
configure:20897: $? = 0
configure:20897: result: yes
configure:20907: checking whether gcvt is declared
configure:20907: gcc -c -g -O2   conftest.c >&5
configure:20907: $? = 0
configure:20907: result: yes
configure:21001: checking whether MB_CUR_MAX is correct
configure:21020: gcc -o conftest -g -O2   conftest.c  >&5
configure:21020: $? = 0
configure:21050: gcc -o conftest -g -O2   conftest.c  >&5
configure:21050: $? = 0
configure:21050: ./conftest
configure:21050: $? = 0
configure:21073: result: yes
configure:21099: checking whether strdup is declared
configure:21099: gcc -c -g -O2   conftest.c >&5
configure:21099: $? = 0
configure:21099: result: yes
configure:21111: checking whether strerror(0) succeeds
configure:21152: gcc -o conftest -g -O2   conftest.c  >&5
configure:21152: $? = 0
configure:21152: ./conftest
configure:21152: $? = 0
configure:21167: result: yes
configure:21364: checking for struct timespec in <time.h>
configure:21382: gcc -c -g -O2  conftest.c >&5
configure:21382: $? = 0
configure:21392: result: yes
configure:21593: checking for TIME_UTC in <time.h>
configure:21611: gcc -c -g -O2  conftest.c >&5
configure:21611: $? = 0
configure:21621: result: yes
configure:22231: checking whether execvpe is declared
configure:22231: gcc -c -g -O2   conftest.c >&5
configure:22231: $? = 0
configure:22231: result: yes
configure:22347: checking whether unsetenv is declared
configure:22347: gcc -c -g -O2   conftest.c >&5
configure:22347: $? = 0
configure:22347: result: yes
configure:22470: checking whether the utimes function works
configure:22611: gcc -o conftest -g -O2   conftest.c  >&5
configure:22611: $? = 0
configure:22611: ./conftest
configure:22611: $? = 0
configure:22626: result: yes
configure:22641: checking whether <wchar.h> uses 'inline' correctly
configure:22698: result: yes
configure:22840: checking whether wcsdup is declared
configure:22840: gcc -c -g -O2   conftest.c >&5
configure:22840: $? = 0
configure:22840: result: yes
configure:22974: checking whether iswcntrl works
configure:23015: gcc -o conftest -g -O2   conftest.c  >&5
configure:23015: $? = 0
configure:23015: ./conftest
configure:23015: $? = 0
configure:23030: result: yes
configure:23056: checking for towlower
configure:23056: gcc -o conftest -g -O2   conftest.c  >&5
conftest.c:170:6: warning: conflicting types for built-in function 'towlower'; expected 'unsigned int(unsigned int)' [-Wbuiltin-declaration-mismatch]
  170 | char towlower (void);
      |      ^~~~~~~~
conftest.c:162:1: note: 'towlower' is declared in header '<wctype.h>'
  161 | #include <limits.h>
  162 | #undef towlower
configure:23056: $? = 0
configure:23056: result: yes
configure:23094: checking for wctype_t
configure:23116: gcc -c -g -O2  conftest.c >&5
configure:23116: $? = 0
configure:23127: result: yes
configure:23133: checking for wctrans_t
configure:23153: gcc -c -g -O2  conftest.c >&5
configure:23153: $? = 0
configure:23164: result: yes
configure:23210: checking for C compiler option to allow warnings
configure:23219: gcc -g -O2  -c conftest.c 2>conftest1.err
configure:23222: $? = 0
configure:23225: gcc -g -O2  -Wno-error -c conftest.c 2>conftest2.err
configure:23228: $? = 0
configure:23239: result: -Wno-error
configure:23285: gcc -g -O2  -E conftest.c > conftest.out
configure:23288: $? = 0
configure:23335: checking whether access honors trailing slash
configure:23377: gcc -o conftest -g -O2   conftest.c  >&5
configure:23377: $? = 0
configure:23377: ./conftest
configure:23377: $? = 0
configure:23396: result: yes
configure:23451: checking for alloca as a compiler built-in
configure:23479: result: yes
configure:23534: checking for static_assert
configure:23572: gcc -c -g -O2  conftest.c >&5
configure:23572: $? = 0
configure:23586: result: yes, a keyword
configure:23717: checking for bool, true, false
configure:23732: gcc -c -g -O2  conftest.c >&5
configure:23732: $? = 0
configure:23742: result: yes
configure:23755: checking for __builtin_expect
configure:23771: gcc -o conftest -g -O2   conftest.c  >&5
configure:23771: $? = 0
configure:23801: result: yes
configure:23843: checking whether calloc (0, n) and calloc (n, 0) return nonnull
configure:23879: gcc -o conftest -g -O2   conftest.c  >&5
configure:23879: $? = 0
configure:23879: ./conftest
configure:23879: $? = 0
configure:23893: result: yes
configure:24073: checking whether this system supports file names of any length
configure:24118: result: no
configure:24142: checking whether chmod works
configure:24219: gcc -o conftest -g -O2   conftest.c  >&5
configure:24219: $? = 0
configure:24219: ./conftest
configure:24219: $? = 0
configure:24235: result: yes
configure:24357: checking for library containing clock_gettime
configure:24393: gcc -o conftest -g -O2   conftest.c  >&5
configure:24393: $? = 0
configure:24415: result: none required
configure:24425: checking for clock_getres
configure:24425: gcc -o conftest -g -O2   conftest.c  >&5
configure:24425: $? = 0
configure:24425: result: yes
configure:24431: checking for clock_gettime
configure:24431: gcc -o conftest -g -O2   conftest.c  >&5
configure:24431: $? = 0
configure:24431: result: yes
configure:24437: checking for clock_settime
configure:24437: gcc -o conftest -g -O2   conftest.c  >&5
configure:24437: $? = 0
configure:24437: result: yes
configure:24504: checking for closedir
configure:24504: gcc -o conftest -g -O2   conftest.c  >&5
configure:24504: $? = 0
configure:24504: result: yes
configure:24565: checking for d_ino member in directory struct
configure:24629: result: yes
configure:24653: checking for dirfd
configure:24653: gcc -o conftest -g -O2   conftest.c  >&5
configure:24653: $? = 0
configure:24653: result: yes
configure:24660: checking whether dirfd is declared
configure:24660: gcc -c -g -O2   conftest.c >&5
configure:24660: $? = 0
configure:24660: result: yes
configure:24676: checking whether dirfd is a macro
configure:24703: result: no
configure:24805: checking whether // is distinct from /
configure:24836: result: no
configure:24864: checking whether dup works
configure:24900: gcc -o conftest -g -O2   conftest.c  >&5
configure:24900: $? = 0
configure:24900: ./conftest
configure:24900: $? = 0
configure:24915: result: yes
configure:24965: checking whether dup2 works
configure:25058: gcc -o conftest -g -O2   conftest.c  >&5
configure:25058: $? = 0
configure:25058: ./conftest
configure:25058: $? = 0
configure:25073: result: yes
configure:25235: checking for euidaccess
configure:25235: gcc -o conftest -g -O2   conftest.c  >&5
configure:25235: $? = 0
configure:25235: result: yes
configure:25582: checking for faccessat
configure:25635: result: yes
configure:25841: checking whether fchmodat works
configure:25913: gcc -o conftest -g -O2   conftest.c  >&5
configure:25913: $? = 0
configure:25913: ./conftest
configure:25913: $? = 0
configure:25932: result: yes
configure:26064: checking for fchownat
configure:26064: gcc -o conftest -g -O2   conftest.c  >&5
configure:26064: $? = 0
configure:26064: result: yes
configure:26070: checking whether fchownat works with AT_SYMLINK_NOFOLLOW
configure:26106: gcc -o conftest -g -O2   conftest.c  >&5
configure:26106: $? = 0
configure:26106: ./conftest
configure:26106: $? = 0
configure:26121: result: yes
configure:26135: checking whether fchownat works with an empty file name
configure:26174: gcc -o conftest -g -O2   conftest.c  >&5
configure:26174: $? = 0
configure:26174: ./conftest
configure:26174: $? = 0
configure:26189: result: yes
configure:26258: checking whether fcntl handles F_DUPFD correctly
configure:26322: gcc -o conftest -g -O2   conftest.c  >&5
configure:26322: $? = 0
configure:26322: ./conftest
configure:26322: $? = 0
configure:26336: result: yes
configure:26354: checking whether fcntl understands F_DUPFD_CLOEXEC
configure:26389: gcc -o conftest -g -O2   conftest.c  >&5
configure:26389: $? = 0
configure:26389: ./conftest
configure:26389: $? = 0
configure:26408: gcc -c -g -O2  conftest.c >&5
conftest.c:197:1: error: unknown type name 'choke'
  197 | choke me
      | ^~~~~
conftest.c:197:9: error: expected ';' before 'int'
  197 | choke me
      |         ^
      |         ;
......
  200 | int
      | ~~~      
configure:26408: $? = 1
configure: failed program was:
| /* confdefs.h */
| #define PACKAGE_NAME "GNU patch"
| #define PACKAGE_TARNAME "patch"
| #define PACKAGE_VERSION "2.8"
| #define PACKAGE_STRING "GNU patch 2.8"
| #define PACKAGE_BUGREPORT "bug-patch@gnu.org"
| #define PACKAGE_URL "https://www.gnu.org/software/patch/"
| #define PACKAGE "patch"
| #define VERSION "2.8"
| #define HAVE_STDIO_H 1
| #define HAVE_STDLIB_H 1
| #define HAVE_STRING_H 1
| #define HAVE_INTTYPES_H 1
| #define HAVE_STDINT_H 1
| #define HAVE_STRINGS_H 1
| #define HAVE_SYS_STAT_H 1
| #define HAVE_SYS_TYPES_H 1
| #define HAVE_UNISTD_H 1
| #define HAVE_WCHAR_H 1
| #define HAVE_STDBOOL_H 1
| #define HAVE_UCHAR_H 1
| #define HAVE_SYS_PARAM_H 1
| #define HAVE_SYS_SOCKET_H 1
| #define HAVE_DIRENT_H 1
| #define HAVE_STDIO_EXT_H 1
| #define HAVE_GETOPT_H 1
| #define HAVE_SYS_TIME_H 1
| #define HAVE_THREADS_H 1
| #define HAVE_LIMITS_H 1
| #define HAVE_SYS_MMAN_H 1
| #define HAVE_STDCKDINT_H 1
| #define HAVE_SYS_RANDOM_H 1
| #define HAVE_UTIME_H 1
| #define HAVE_FEATURES_H 1
| #define HAVE_WCTYPE_H 1
| #define HAVE_FCNTL_H 1
| #define STDC_HEADERS 1
| #define _ALL_SOURCE 1
| #define _DARWIN_C_SOURCE 1
| #define _GNU_SOURCE 1
| #define _HPUX_ALT_XOPEN_SOCKET_API 1
| #define _NETBSD_SOURCE 1
| #define _OPENBSD_SOURCE 1
| #define _POSIX_PTHREAD_SEMANTICS 1
| #define __STDC_WANT_IEC_60559_ATTRIBS_EXT__ 1
| #define __STDC_WANT_IEC_60559_BFP_EXT__ 1
| #define __STDC_WANT_IEC_60559_DFP_EXT__ 1
| #define __STDC_WANT_IEC_60559_EXT__ 1
| #define __STDC_WANT_IEC_60559_FUNCS_EXT__ 1
| #define __STDC_WANT_IEC_60559_TYPES_EXT__ 1
| #define __STDC_WANT_LIB_EXT2__ 1
| #define __STDC_WANT_MATH_SPEC_FUNCS__ 1
| #define _TANDEM_SOURCE 1
| #define __EXTENSIONS__ 1
| #define _LINUX_SOURCE_COMPAT 1
| #define __USE_MINGW_ANSI_STDIO 1
| #define HAVE_LSTAT 1
| #define HAVE_PATHCONF 1
| #define HAVE_MBSINIT 1
| #define HAVE_MBRTOWC 1
| #define HAVE_REALPATH 1
| #define HAVE_CHOWN 1
| #define HAVE_FCHOWN 1
| #define HAVE_FCHDIR 1
| #define HAVE_FCHMODAT 1
| #define HAVE_LCHMOD 1
| #define HAVE_FCNTL 1
| #define HAVE_SYMLINK 1
| #define HAVE_FDOPENDIR 1
| #define HAVE_FSTATAT 1
| #define HAVE_GETDTABLESIZE 1
| #define HAVE_GETTIMEOFDAY 1
| #define HAVE_MPROTECT 1
| #define HAVE_MKDIRAT 1
| #define HAVE_OPENAT 1
| #define HAVE_READLINK 1
| #define HAVE_LINK 1
| #define HAVE_RENAMEAT 1
| #define HAVE_SETENV 1
| #define HAVE_LOCALTIME_R 1
| #define HAVE_UNLINKAT 1
| #define HAVE_ISWCNTRL 1
| #define HAVE_GETEUID 1
| #define HAVE_GETUID 1
| #define HAVE_SIGACTION 1
| #define HAVE_SIGFILLSET 1
| #define HAVE_ALLOCA_H 1
| #define HAVE_ALLOCA 1
| #define D_INO_IN_DIRENT 1
| #define HAVE_LONG_FILE_NAMES 1
| #define BITSIZEOF_WCHAR_T 32
| #define HAVE_MBSTATE_T 1
| #define HAVE_LANGINFO_CODESET 1
| #define HAVE_WORKING_MBRTOC32 1
| #define HAVE_WORKING_C32RTOMB 1
| #define HAVE_MALLOC_PTRDIFF 1
| #define HAVE_MALLOC_POSIX 1
| #define LSTAT_FOLLOWS_SLASHED_SYMLINK 1
| #define FUNC_REALPATH_NEARLY_WORKS 1
| #define HAVE_FACCESSAT 1
| #define HAVE_GETCWD 1
| #define HAVE_UNISTD_H 1
| #define HAVE_CHOWN 1
| #define HAVE_ENVIRON_DECL 1
| #define HAVE_DECL_STRERROR_R 1
| #define HAVE_STRERROR_R 1
| #define GETGROUPS_T gid_t
| #define HAVE_DECL_FCHDIR 1
| #define HAVE_WORKING_O_NOATIME 1
| #define HAVE_WORKING_O_NOFOLLOW 1
| #define _USE_STD_STAT 1
| #define HAVE_DECL_FSEEKO 1
| #define restrict __restrict__
| #define HAVE_DECL_FTELLO 1
| #define HAVE_DECL_GETDTABLESIZE 1
| #define HAVE_GETOPT_H 1
| #define HAVE_GETOPT_LONG_ONLY 1
| #define MUSL_LIBC 1
| #define HAVE_PTHREAD_API 1
| #define SETLOCALE_NULL_ALL_MTSAFE 0
| #define SETLOCALE_NULL_ONE_MTSAFE 1
| #define HAVE_WEAK_SYMBOLS 1
| #define HAVE_WINT_T 1
| #define HAVE_LONG_LONG_INT 1
| #define HAVE_UNSIGNED_LONG_LONG_INT 1
| #define HAVE_MALLOC_0_NONNULL 1
| #define HAVE_MAP_ANONYMOUS 1
| #define HAVE_DECL_MEMRCHR 1
| #define HAVE_MINMAX_IN_SYS_PARAM_H 1
| #define TIME_T_IS_SIGNED 1
| #define HAVE_DECL_ALARM 1
| #define PROMOTED_MODE_T mode_t
| #define HAVE_COMPOUND_LITERALS 1
| #define HAVE_STRUCT_TM_TM_GMTOFF 1
| #define HAVE_STRUCT_TM_TM_ZONE 1
| #define HAVE_TM_GMTOFF 1
| #define HAVE_DECL_SETENV 1
| #define HAVE_DECL__PUTENV 0
| #define HAVE_SEARCH_H 1
| #define HAVE_TSEARCH 1
| #define HAVE_SIGSET_T 1
| #define HAVE_DECL_FCLOSEALL 0
| #define HAVE_DECL_GETW 1
| #define HAVE_DECL_PUTW 1
| #define HAVE_DECL_ECVT 1
| #define HAVE_DECL_FCVT 1
| #define HAVE_DECL_GCVT 1
| #define HAVE_DECL_STRDUP 1
| #define HAVE_DECL_EXECVPE 1
| #define HAVE_DECL_UNSETENV 1
| #define HAVE_WORKING_UTIMES 1
| #define HAVE_DECL_WCSDUP 1
| #define HAVE_TOWLOWER 1
| #define GNULIB_TEST_ACCESS 1
| #define HAVE_ALLOCA 1
| #define HAVE_C_STATIC_ASSERT 1
| #define HAVE_C_BOOL 1
| #define HAVE___BUILTIN_EXPECT 1
| #define GNULIB_TEST_C32ISPRINT 1
| #define GNULIB_TEST_CALLOC_GNU 1
| #define GNULIB_TEST_CALLOC_POSIX 1
| #define GNULIB_CANONICALIZE_LGPL 1
| #define GNULIB_TEST_CANONICALIZE_FILE_NAME 1
| #define GNULIB_TEST_REALPATH 1
| #define GNULIB_TEST_CHDIR 1
| #define GNULIB_TEST_CHMOD 1
| #define GNULIB_TEST_CHOWN 1
| #define HAVE_CLOCK_GETRES 1
| #define HAVE_CLOCK_GETTIME 1
| #define HAVE_CLOCK_SETTIME 1
| #define GNULIB_TEST_CLOEXEC 1
| #define GNULIB_TEST_CLOSE 1
| #define GNULIB_CLOSE 1
| #define GNULIB_CLOSE_STREAM 1
| #define HAVE_CLOSEDIR 1
| #define GNULIB_TEST_CLOSEDIR 1
| #define D_INO_IN_DIRENT 1
| #define HAVE_DIRFD 1
| #define HAVE_DECL_DIRFD 1
| #define GNULIB_TEST_DIRFD 1
| #define GNULIB_TEST_DUP 1
| #define GNULIB_TEST_DUP2 1
| #define GNULIB_TEST_ENVIRON 1
| #define HAVE_EUIDACCESS 1
| #define GNULIB_TEST_EUIDACCESS 1
| #define HAVE_FACCESSAT 1
| #define GNULIB_FACCESSAT 1
| #define GNULIB_TEST_FACCESSAT 1
| #define GNULIB_TEST_FCHDIR 1
| #define GNULIB_TEST_FCHMODAT 1
| #define GNULIB_TEST_FCHOWNAT 1
| /* end confdefs.h.  */
| 
| #ifdef __linux__
| /* The Linux kernel only added F_DUPFD_CLOEXEC in 2.6.24, so we always replace
|    it to support the semantics on older kernels that failed with EINVAL.  */
| choke me
| #endif
| 
| int
| main (void)
| {
| 
|   ;
|   return 0;
| }
configure:26429: result: needs runtime check
configure:26511: checking whether fdopendir is declared
configure:26511: gcc -c -g -O2   conftest.c >&5
configure:26511: $? = 0
configure:26511: result: yes
configure:26535: checking whether fdopendir works
configure:26585: gcc -o conftest -g -O2   conftest.c  >&5
configure:26585: $? = 0
configure:26585: ./conftest
configure:26585: $? = 0
configure:26599: result: yes
configure:26650: checking for mempcpy
configure:26687: checking for mempcpy
configure:26687: gcc -o conftest -g -O2   conftest.c  >&5
conftest.c:213:6: warning: conflicting types for built-in function 'mempcpy'; expected 'void *(void *, const void *, long unsigned int)' [-Wbuiltin-declaration-mismatch]
  213 | char mempcpy (void);
      |      ^~~~~~~
configure:26687: $? = 0
configure:26687: result: yes
configure:26703: result: yes
configure:26719: checking for flexible array member
configure:26748: gcc -c -g -O2  conftest.c >&5
configure:26748: $? = 0
configure:26758: result: yes
configure:26777: checking for __fpending
configure:26795: gcc -o conftest -g -O2   conftest.c  >&5
configure:26795: $? = 0
configure:26807: result: yes
configure:26810: checking whether __fpending is declared
configure:26810: gcc -c -g -O2   conftest.c >&5
configure:26810: $? = 0
configure:26810: result: yes
configure:26840: checking whether free is known to preserve errno
configure:26864: gcc -c -g -O2  conftest.c >&5
conftest.c: In function 'main':
conftest.c:209:16: error: #error "'free' is not known to preserve errno"
  209 |               #error "'free' is not known to preserve errno"
      |                ^~~~~
configure:26864: $? = 1
configure: failed program was:
| /* confdefs.h */
| #define PACKAGE_NAME "GNU patch"
| #define PACKAGE_TARNAME "patch"
| #define PACKAGE_VERSION "2.8"
| #define PACKAGE_STRING "GNU patch 2.8"
| #define PACKAGE_BUGREPORT "bug-patch@gnu.org"
| #define PACKAGE_URL "https://www.gnu.org/software/patch/"
| #define PACKAGE "patch"
| #define VERSION "2.8"
| #define HAVE_STDIO_H 1
| #define HAVE_STDLIB_H 1
| #define HAVE_STRING_H 1
| #define HAVE_INTTYPES_H 1
| #define HAVE_STDINT_H 1
| #define HAVE_STRINGS_H 1
| #define HAVE_SYS_STAT_H 1
| #define HAVE_SYS_TYPES_H 1
| #define HAVE_UNISTD_H 1
| #define HAVE_WCHAR_H 1
| #define HAVE_STDBOOL_H 1
| #define HAVE_UCHAR_H 1
| #define HAVE_SYS_PARAM_H 1
| #define HAVE_SYS_SOCKET_H 1
| #define HAVE_DIRENT_H 1
| #define HAVE_STDIO_EXT_H 1
| #define HAVE_GETOPT_H 1
| #define HAVE_SYS_TIME_H 1
| #define HAVE_THREADS_H 1
| #define HAVE_LIMITS_H 1
| #define HAVE_SYS_MMAN_H 1
| #define HAVE_STDCKDINT_H 1
| #define HAVE_SYS_RANDOM_H 1
| #define HAVE_UTIME_H 1
| #define HAVE_FEATURES_H 1
| #define HAVE_WCTYPE_H 1
| #define HAVE_FCNTL_H 1
| #define STDC_HEADERS 1
| #define _ALL_SOURCE 1
| #define _DARWIN_C_SOURCE 1
| #define _GNU_SOURCE 1
| #define _HPUX_ALT_XOPEN_SOCKET_API 1
| #define _NETBSD_SOURCE 1
| #define _OPENBSD_SOURCE 1
| #define _POSIX_PTHREAD_SEMANTICS 1
| #define __STDC_WANT_IEC_60559_ATTRIBS_EXT__ 1
| #define __STDC_WANT_IEC_60559_BFP_EXT__ 1
| #define __STDC_WANT_IEC_60559_DFP_EXT__ 1
| #define __STDC_WANT_IEC_60559_EXT__ 1
| #define __STDC_WANT_IEC_60559_FUNCS_EXT__ 1
| #define __STDC_WANT_IEC_60559_TYPES_EXT__ 1
| #define __STDC_WANT_LIB_EXT2__ 1
| #define __STDC_WANT_MATH_SPEC_FUNCS__ 1
| #define _TANDEM_SOURCE 1
| #define __EXTENSIONS__ 1
| #define _LINUX_SOURCE_COMPAT 1
| #define __USE_MINGW_ANSI_STDIO 1
| #define HAVE_LSTAT 1
| #define HAVE_PATHCONF 1
| #define HAVE_MBSINIT 1
| #define HAVE_MBRTOWC 1
| #define HAVE_REALPATH 1
| #define HAVE_CHOWN 1
| #define HAVE_FCHOWN 1
| #define HAVE_FCHDIR 1
| #define HAVE_FCHMODAT 1
| #define HAVE_LCHMOD 1
| #define HAVE_FCNTL 1
| #define HAVE_SYMLINK 1
| #define HAVE_FDOPENDIR 1
| #define HAVE_FSTATAT 1
| #define HAVE_GETDTABLESIZE 1
| #define HAVE_GETTIMEOFDAY 1
| #define HAVE_MPROTECT 1
| #define HAVE_MKDIRAT 1
| #define HAVE_OPENAT 1
| #define HAVE_READLINK 1
| #define HAVE_LINK 1
| #define HAVE_RENAMEAT 1
| #define HAVE_SETENV 1
| #define HAVE_LOCALTIME_R 1
| #define HAVE_UNLINKAT 1
| #define HAVE_ISWCNTRL 1
| #define HAVE_GETEUID 1
| #define HAVE_GETUID 1
| #define HAVE_SIGACTION 1
| #define HAVE_SIGFILLSET 1
| #define HAVE_ALLOCA_H 1
| #define HAVE_ALLOCA 1
| #define D_INO_IN_DIRENT 1
| #define HAVE_LONG_FILE_NAMES 1
| #define BITSIZEOF_WCHAR_T 32
| #define HAVE_MBSTATE_T 1
| #define HAVE_LANGINFO_CODESET 1
| #define HAVE_WORKING_MBRTOC32 1
| #define HAVE_WORKING_C32RTOMB 1
| #define HAVE_MALLOC_PTRDIFF 1
| #define HAVE_MALLOC_POSIX 1
| #define LSTAT_FOLLOWS_SLASHED_SYMLINK 1
| #define FUNC_REALPATH_NEARLY_WORKS 1
| #define HAVE_FACCESSAT 1
| #define HAVE_GETCWD 1
| #define HAVE_UNISTD_H 1
| #define HAVE_CHOWN 1
| #define HAVE_ENVIRON_DECL 1
| #define HAVE_DECL_STRERROR_R 1
| #define HAVE_STRERROR_R 1
| #define GETGROUPS_T gid_t
| #define HAVE_DECL_FCHDIR 1
| #define HAVE_WORKING_O_NOATIME 1
| #define HAVE_WORKING_O_NOFOLLOW 1
| #define _USE_STD_STAT 1
| #define HAVE_DECL_FSEEKO 1
| #define restrict __restrict__
| #define HAVE_DECL_FTELLO 1
| #define HAVE_DECL_GETDTABLESIZE 1
| #define HAVE_GETOPT_H 1
| #define HAVE_GETOPT_LONG_ONLY 1
| #define MUSL_LIBC 1
| #define HAVE_PTHREAD_API 1
| #define SETLOCALE_NULL_ALL_MTSAFE 0
| #define SETLOCALE_NULL_ONE_MTSAFE 1
| #define HAVE_WEAK_SYMBOLS 1
| #define HAVE_WINT_T 1
| #define HAVE_LONG_LONG_INT 1
| #define HAVE_UNSIGNED_LONG_LONG_INT 1
| #define HAVE_MALLOC_0_NONNULL 1
| #define HAVE_MAP_ANONYMOUS 1
| #define HAVE_DECL_MEMRCHR 1
| #define HAVE_MINMAX_IN_SYS_PARAM_H 1
| #define TIME_T_IS_SIGNED 1
| #define HAVE_DECL_ALARM 1
| #define PROMOTED_MODE_T mode_t
| #define HAVE_COMPOUND_LITERALS 1
| #define HAVE_STRUCT_TM_TM_GMTOFF 1
| #define HAVE_STRUCT_TM_TM_ZONE 1
| #define HAVE_TM_GMTOFF 1
| #define HAVE_DECL_SETENV 1
| #define HAVE_DECL__PUTENV 0
| #define HAVE_SEARCH_H 1
| #define HAVE_TSEARCH 1
| #define HAVE_SIGSET_T 1
| #define HAVE_DECL_FCLOSEALL 0
| #define HAVE_DECL_GETW 1
| #define HAVE_DECL_PUTW 1
| #define HAVE_DECL_ECVT 1
| #define HAVE_DECL_FCVT 1
| #define HAVE_DECL_GCVT 1
| #define HAVE_DECL_STRDUP 1
| #define HAVE_DECL_EXECVPE 1
| #define HAVE_DECL_UNSETENV 1
| #define HAVE_WORKING_UTIMES 1
| #define HAVE_DECL_WCSDUP 1
| #define HAVE_TOWLOWER 1
| #define GNULIB_TEST_ACCESS 1
| #define HAVE_ALLOCA 1
| #define HAVE_C_STATIC_ASSERT 1
| #define HAVE_C_BOOL 1
| #define HAVE___BUILTIN_EXPECT 1
| #define GNULIB_TEST_C32ISPRINT 1
| #define GNULIB_TEST_CALLOC_GNU 1
| #define GNULIB_TEST_CALLOC_POSIX 1
| #define GNULIB_CANONICALIZE_LGPL 1
| #define GNULIB_TEST_CANONICALIZE_FILE_NAME 1
| #define GNULIB_TEST_REALPATH 1
| #define GNULIB_TEST_CHDIR 1
| #define GNULIB_TEST_CHMOD 1
| #define GNULIB_TEST_CHOWN 1
| #define HAVE_CLOCK_GETRES 1
| #define HAVE_CLOCK_GETTIME 1
| #define HAVE_CLOCK_SETTIME 1
| #define GNULIB_TEST_CLOEXEC 1
| #define GNULIB_TEST_CLOSE 1
| #define GNULIB_CLOSE 1
| #define GNULIB_CLOSE_STREAM 1
| #define HAVE_CLOSEDIR 1
| #define GNULIB_TEST_CLOSEDIR 1
| #define D_INO_IN_DIRENT 1
| #define HAVE_DIRFD 1
| #define HAVE_DECL_DIRFD 1
| #define GNULIB_TEST_DIRFD 1
| #define GNULIB_TEST_DUP 1
| #define GNULIB_TEST_DUP2 1
| #define GNULIB_TEST_ENVIRON 1
| #define HAVE_EUIDACCESS 1
| #define GNULIB_TEST_EUIDACCESS 1
| #define HAVE_FACCESSAT 1
| #define GNULIB_FACCESSAT 1
| #define GNULIB_TEST_FACCESSAT 1
| #define GNULIB_TEST_FCHDIR 1
| #define GNULIB_TEST_FCHMODAT 1
| #define GNULIB_TEST_FCHOWNAT 1
| #define GNULIB_TEST_FCNTL 1
| #define HAVE_DECL_FDOPENDIR 1
| #define GNULIB_TEST_FDOPENDIR 1
| #define GNULIB_FDOPENDIR 1
| #define HAVE_MEMPCPY 1
| #define FLEXIBLE_ARRAY_MEMBER /**/
| #define HAVE_DECL___FPENDING 1
| /* end confdefs.h.  */
| #include <stdlib.h>
| 
| int
| main (void)
| {
| #if 2 < __GLIBC__ + (33 <= __GLIBC_MINOR__)
|             #elif defined __OpenBSD__
|             #elif defined __sun
|             #else
|               #error "'free' is not known to preserve errno"
|             #endif
| 
|   ;
|   return 0;
| }
configure:26875: result: no
configure:26973: checking for fseeko
configure:27004: result: yes
configure:27186: checking whether fstatat (..., 0) works
configure:27213: gcc -o conftest -g -O2   conftest.c  >&5
configure:27213: $? = 0
configure:27213: ./conftest
configure:27213: $? = 0
configure:27228: result: yes
configure:27341: checking for ftello
configure:27371: result: yes
configure:27389: checking whether ftello works
configure:27484: result: yes
configure:27563: checking for futimens
configure:27600: checking for futimens
configure:27600: gcc -o conftest -g -O2   conftest.c  >&5
configure:27600: $? = 0
configure:27600: result: yes
configure:27616: result: yes
configure:27636: checking whether futimens works
configure:27691: gcc -o conftest -g -O2   conftest.c  >&5
configure:27691: $? = 0
configure:27691: ./conftest
configure:27691: $? = 3
configure: program exited with status 3
configure: failed program was:
| /* confdefs.h */
| #define PACKAGE_NAME "GNU patch"
| #define PACKAGE_TARNAME "patch"
| #define PACKAGE_VERSION "2.8"
| #define PACKAGE_STRING "GNU patch 2.8"
| #define PACKAGE_BUGREPORT "bug-patch@gnu.org"
| #define PACKAGE_URL "https://www.gnu.org/software/patch/"
| #define PACKAGE "patch"
| #define VERSION "2.8"
| #define HAVE_STDIO_H 1
| #define HAVE_STDLIB_H 1
| #define HAVE_STRING_H 1
| #define HAVE_INTTYPES_H 1
| #define HAVE_STDINT_H 1
| #define HAVE_STRINGS_H 1
| #define HAVE_SYS_STAT_H 1
| #define HAVE_SYS_TYPES_H 1
| #define HAVE_UNISTD_H 1
| #define HAVE_WCHAR_H 1
| #define HAVE_STDBOOL_H 1
| #define HAVE_UCHAR_H 1
| #define HAVE_SYS_PARAM_H 1
| #define HAVE_SYS_SOCKET_H 1
| #define HAVE_DIRENT_H 1
| #define HAVE_STDIO_EXT_H 1
| #define HAVE_GETOPT_H 1
| #define HAVE_SYS_TIME_H 1
| #define HAVE_THREADS_H 1
| #define HAVE_LIMITS_H 1
| #define HAVE_SYS_MMAN_H 1
| #define HAVE_STDCKDINT_H 1
| #define HAVE_SYS_RANDOM_H 1
| #define HAVE_UTIME_H 1
| #define HAVE_FEATURES_H 1
| #define HAVE_WCTYPE_H 1
| #define HAVE_FCNTL_H 1
| #define STDC_HEADERS 1
| #define _ALL_SOURCE 1
| #define _DARWIN_C_SOURCE 1
| #define _GNU_SOURCE 1
| #define _HPUX_ALT_XOPEN_SOCKET_API 1
| #define _NETBSD_SOURCE 1
| #define _OPENBSD_SOURCE 1
| #define _POSIX_PTHREAD_SEMANTICS 1
| #define __STDC_WANT_IEC_60559_ATTRIBS_EXT__ 1
| #define __STDC_WANT_IEC_60559_BFP_EXT__ 1
| #define __STDC_WANT_IEC_60559_DFP_EXT__ 1
| #define __STDC_WANT_IEC_60559_EXT__ 1
| #define __STDC_WANT_IEC_60559_FUNCS_EXT__ 1
| #define __STDC_WANT_IEC_60559_TYPES_EXT__ 1
| #define __STDC_WANT_LIB_EXT2__ 1
| #define __STDC_WANT_MATH_SPEC_FUNCS__ 1
| #define _TANDEM_SOURCE 1
| #define __EXTENSIONS__ 1
| #define _LINUX_SOURCE_COMPAT 1
| #define __USE_MINGW_ANSI_STDIO 1
| #define HAVE_LSTAT 1
| #define HAVE_PATHCONF 1
| #define HAVE_MBSINIT 1
| #define HAVE_MBRTOWC 1
| #define HAVE_REALPATH 1
| #define HAVE_CHOWN 1
| #define HAVE_FCHOWN 1
| #define HAVE_FCHDIR 1
| #define HAVE_FCHMODAT 1
| #define HAVE_LCHMOD 1
| #define HAVE_FCNTL 1
| #define HAVE_SYMLINK 1
| #define HAVE_FDOPENDIR 1
| #define HAVE_FSTATAT 1
| #define HAVE_GETDTABLESIZE 1
| #define HAVE_GETTIMEOFDAY 1
| #define HAVE_MPROTECT 1
| #define HAVE_MKDIRAT 1
| #define HAVE_OPENAT 1
| #define HAVE_READLINK 1
| #define HAVE_LINK 1
| #define HAVE_RENAMEAT 1
| #define HAVE_SETENV 1
| #define HAVE_LOCALTIME_R 1
| #define HAVE_UNLINKAT 1
| #define HAVE_ISWCNTRL 1
| #define HAVE_GETEUID 1
| #define HAVE_GETUID 1
| #define HAVE_SIGACTION 1
| #define HAVE_SIGFILLSET 1
| #define HAVE_ALLOCA_H 1
| #define HAVE_ALLOCA 1
| #define D_INO_IN_DIRENT 1
| #define HAVE_LONG_FILE_NAMES 1
| #define BITSIZEOF_WCHAR_T 32
| #define HAVE_MBSTATE_T 1
| #define HAVE_LANGINFO_CODESET 1
| #define HAVE_WORKING_MBRTOC32 1
| #define HAVE_WORKING_C32RTOMB 1
| #define HAVE_MALLOC_PTRDIFF 1
| #define HAVE_MALLOC_POSIX 1
| #define LSTAT_FOLLOWS_SLASHED_SYMLINK 1
| #define FUNC_REALPATH_NEARLY_WORKS 1
| #define HAVE_FACCESSAT 1
| #define HAVE_GETCWD 1
| #define HAVE_UNISTD_H 1
| #define HAVE_CHOWN 1
| #define HAVE_ENVIRON_DECL 1
| #define HAVE_DECL_STRERROR_R 1
| #define HAVE_STRERROR_R 1
| #define GETGROUPS_T gid_t
| #define HAVE_DECL_FCHDIR 1
| #define HAVE_WORKING_O_NOATIME 1
| #define HAVE_WORKING_O_NOFOLLOW 1
| #define _USE_STD_STAT 1
| #define HAVE_DECL_FSEEKO 1
| #define restrict __restrict__
| #define HAVE_DECL_FTELLO 1
| #define HAVE_DECL_GETDTABLESIZE 1
| #define HAVE_GETOPT_H 1
| #define HAVE_GETOPT_LONG_ONLY 1
| #define MUSL_LIBC 1
| #define HAVE_PTHREAD_API 1
| #define SETLOCALE_NULL_ALL_MTSAFE 0
| #define SETLOCALE_NULL_ONE_MTSAFE 1
| #define HAVE_WEAK_SYMBOLS 1
| #define HAVE_WINT_T 1
| #define HAVE_LONG_LONG_INT 1
| #define HAVE_UNSIGNED_LONG_LONG_INT 1
| #define HAVE_MALLOC_0_NONNULL 1
| #define HAVE_MAP_ANONYMOUS 1
| #define HAVE_DECL_MEMRCHR 1
| #define HAVE_MINMAX_IN_SYS_PARAM_H 1
| #define TIME_T_IS_SIGNED 1
| #define HAVE_DECL_ALARM 1
| #define PROMOTED_MODE_T mode_t
| #define HAVE_COMPOUND_LITERALS 1
| #define HAVE_STRUCT_TM_TM_GMTOFF 1
| #define HAVE_STRUCT_TM_TM_ZONE 1
| #define HAVE_TM_GMTOFF 1
| #define HAVE_DECL_SETENV 1
| #define HAVE_DECL__PUTENV 0
| #define HAVE_SEARCH_H 1
| #define HAVE_TSEARCH 1
| #define HAVE_SIGSET_T 1
| #define HAVE_DECL_FCLOSEALL 0
| #define HAVE_DECL_GETW 1
| #define HAVE_DECL_PUTW 1
| #define HAVE_DECL_ECVT 1
| #define HAVE_DECL_FCVT 1
| #define HAVE_DECL_GCVT 1
| #define HAVE_DECL_STRDUP 1
| #define HAVE_DECL_EXECVPE 1
| #define HAVE_DECL_UNSETENV 1
| #define HAVE_WORKING_UTIMES 1
| #define HAVE_DECL_WCSDUP 1
| #define HAVE_TOWLOWER 1
| #define GNULIB_TEST_ACCESS 1
| #define HAVE_ALLOCA 1
| #define HAVE_C_STATIC_ASSERT 1
| #define HAVE_C_BOOL 1
| #define HAVE___BUILTIN_EXPECT 1
| #define GNULIB_TEST_C32ISPRINT 1
| #define GNULIB_TEST_CALLOC_GNU 1
| #define GNULIB_TEST_CALLOC_POSIX 1
| #define GNULIB_CANONICALIZE_LGPL 1
| #define GNULIB_TEST_CANONICALIZE_FILE_NAME 1
| #define GNULIB_TEST_REALPATH 1
| #define GNULIB_TEST_CHDIR 1
| #define GNULIB_TEST_CHMOD 1
| #define GNULIB_TEST_CHOWN 1
| #define HAVE_CLOCK_GETRES 1
| #define HAVE_CLOCK_GETTIME 1
| #define HAVE_CLOCK_SETTIME 1
| #define GNULIB_TEST_CLOEXEC 1
| #define GNULIB_TEST_CLOSE 1
| #define GNULIB_CLOSE 1
| #define GNULIB_CLOSE_STREAM 1
| #define HAVE_CLOSEDIR 1
| #define GNULIB_TEST_CLOSEDIR 1
| #define D_INO_IN_DIRENT 1
| #define HAVE_DIRFD 1
| #define HAVE_DECL_DIRFD 1
| #define GNULIB_TEST_DIRFD 1
| #define GNULIB_TEST_DUP 1
| #define GNULIB_TEST_DUP2 1
| #define GNULIB_TEST_ENVIRON 1
| #define HAVE_EUIDACCESS 1
| #define GNULIB_TEST_EUIDACCESS 1
| #define HAVE_FACCESSAT 1
| #define GNULIB_FACCESSAT 1
| #define GNULIB_TEST_FACCESSAT 1
| #define GNULIB_TEST_FCHDIR 1
| #define GNULIB_TEST_FCHMODAT 1
| #define GNULIB_TEST_FCHOWNAT 1
| #define GNULIB_TEST_FCNTL 1
| #define HAVE_DECL_FDOPENDIR 1
| #define GNULIB_TEST_FDOPENDIR 1
| #define GNULIB_FDOPENDIR 1
| #define HAVE_MEMPCPY 1
| #define FLEXIBLE_ARRAY_MEMBER /**/
| #define HAVE_DECL___FPENDING 1
| #define GNULIB_TEST_FREE_POSIX 1
| #define GNULIB_TEST_FSEEK 1
| #define GNULIB_TEST_FSEEKO 1
| #define GNULIB_TEST_FSTAT 1
| #define GNULIB_FSTAT 1
| #define GNULIB_TEST_FSTATAT 1
| #define GNULIB_FSTATAT 1
| #define GNULIB_TEST_FTELL 1
| #define GNULIB_TEST_FTELLO 1
| #define HAVE_FUTIMENS 1
| /* end confdefs.h.  */
| 
| #include <fcntl.h>
| #include <sys/stat.h>
| #include <unistd.h>
| #include <errno.h>
| 
| 
| 
| #if defined _WIN32 && !defined __CYGWIN__
| #define access    _access
| #define chdir     _chdir
| #define chmod     _chmod
| #define close     _close
| #define creat     _creat
| #define dup       _dup
| #define dup2      _dup2
| #define ecvt      _ecvt
| #define execl     _execl
| #define execle    _execle
| #define execlp    _execlp
| #define execv     _execv
| #define execve    _execve
| #define execvp    _execvp
| #define execvpe   _execvpe
| #define fcloseall _fcloseall
| #define fcvt      _fcvt
| #define fdopen    _fdopen
| #define fileno    _fileno
| #define gcvt      _gcvt
| #define getcwd    _getcwd
| #define getpid    _getpid
| #define getw      _getw
| #define isatty    _isatty
| #define j0        _j0
| #define j1        _j1
| #define jn        _jn
| #define lfind     _lfind
| #define lsearch   _lsearch
| #define lseek     _lseek
| #define memccpy   _memccpy
| #define mkdir     _mkdir
| #define mktemp    _mktemp
| #define open      _open
| #define putenv    _putenv
| #define putw      _putw
| #define read      _read
| #define rmdir     _rmdir
| #define strdup    _strdup
| #define swab      _swab
| #define tempnam   _tempnam
| #define tzset     _tzset
| #define umask     _umask
| #define unlink    _unlink
| #define utime     _utime
| #define wcsdup    _wcsdup
| #define write     _write
| #define y0        _y0
| #define y1        _y1
| #define yn        _yn
| #endif
| 
| 
| int
| main (void)
| {
| struct timespec ts[2];
|       int fd = creat ("conftest.file", 0600);
|       struct stat st;
|       if (fd < 0) return 1;
|       ts[0].tv_sec = 1;
|       ts[0].tv_nsec = UTIME_OMIT;
|       ts[1].tv_sec = 1;
|       ts[1].tv_nsec = UTIME_NOW;
|       errno = 0;
|       if (futimens (AT_FDCWD, NULL) == 0) return 2;
|       if (errno != EBADF) return 3;
|       if (futimens (fd, ts)) return 4;
|       sleep (1);
|       ts[0].tv_nsec = UTIME_NOW;
|       ts[1].tv_nsec = UTIME_OMIT;
|       if (futimens (fd, ts)) return 5;
|       if (fstat (fd, &st)) return 6;
|       if (st.st_ctime < st.st_atime) return 7;
| 
|   ;
|   return 0;
| }
configure:27706: result: no
configure:27801: checking whether getdtablesize works
configure:27841: gcc -o conftest -g -O2   conftest.c  >&5
configure:27841: $? = 0
configure:27841: ./conftest
configure:27841: $? = 0
configure:27858: result: yes
configure:27911: checking for getgroups
configure:27911: gcc -o conftest -g -O2   conftest.c  >&5
configure:27911: $? = 0
configure:27911: result: yes
configure:27975: checking for working getgroups
configure:28006: gcc -o conftest -g -O2   conftest.c  >&5
configure:28006: $? = 0
configure:28006: ./conftest
configure:28006: $? = 0
configure:28021: result: yes
configure:28049: checking whether getgroups handles negative values
configure:28082: gcc -o conftest -g -O2   conftest.c  >&5
configure:28082: $? = 0
configure:28082: ./conftest
configure:28082: $? = 0
configure:28096: result: yes
configure:28284: checking for getprogname
configure:28321: checking for getprogname
configure:28321: gcc -o conftest -g -O2   conftest.c  >&5
/usr/lib/gcc/x86_64-alpine-linux-musl/15.2.0/../../../../x86_64-alpine-linux-musl/bin/ld: /tmp/ccPLmBjk.o: in function `main':
/home/sonakrie/Work/testicular_linux/patch/conftest.c:244:(.text.startup+0x5): undefined reference to `getprogname'
collect2: error: ld returned 1 exit status
configure:28321: $? = 1
configure: failed program was:
| /* confdefs.h */
| #define PACKAGE_NAME "GNU patch"
| #define PACKAGE_TARNAME "patch"
| #define PACKAGE_VERSION "2.8"
| #define PACKAGE_STRING "GNU patch 2.8"
| #define PACKAGE_BUGREPORT "bug-patch@gnu.org"
| #define PACKAGE_URL "https://www.gnu.org/software/patch/"
| #define PACKAGE "patch"
| #define VERSION "2.8"
| #define HAVE_STDIO_H 1
| #define HAVE_STDLIB_H 1
| #define HAVE_STRING_H 1
| #define HAVE_INTTYPES_H 1
| #define HAVE_STDINT_H 1
| #define HAVE_STRINGS_H 1
| #define HAVE_SYS_STAT_H 1
| #define HAVE_SYS_TYPES_H 1
| #define HAVE_UNISTD_H 1
| #define HAVE_WCHAR_H 1
| #define HAVE_STDBOOL_H 1
| #define HAVE_UCHAR_H 1
| #define HAVE_SYS_PARAM_H 1
| #define HAVE_SYS_SOCKET_H 1
| #define HAVE_DIRENT_H 1
| #define HAVE_STDIO_EXT_H 1
| #define HAVE_GETOPT_H 1
| #define HAVE_SYS_TIME_H 1
| #define HAVE_THREADS_H 1
| #define HAVE_LIMITS_H 1
| #define HAVE_SYS_MMAN_H 1
| #define HAVE_STDCKDINT_H 1
| #define HAVE_SYS_RANDOM_H 1
| #define HAVE_UTIME_H 1
| #define HAVE_FEATURES_H 1
| #define HAVE_WCTYPE_H 1
| #define HAVE_FCNTL_H 1
| #define STDC_HEADERS 1
| #define _ALL_SOURCE 1
| #define _DARWIN_C_SOURCE 1
| #define _GNU_SOURCE 1
| #define _HPUX_ALT_XOPEN_SOCKET_API 1
| #define _NETBSD_SOURCE 1
| #define _OPENBSD_SOURCE 1
| #define _POSIX_PTHREAD_SEMANTICS 1
| #define __STDC_WANT_IEC_60559_ATTRIBS_EXT__ 1
| #define __STDC_WANT_IEC_60559_BFP_EXT__ 1
| #define __STDC_WANT_IEC_60559_DFP_EXT__ 1
| #define __STDC_WANT_IEC_60559_EXT__ 1
| #define __STDC_WANT_IEC_60559_FUNCS_EXT__ 1
| #define __STDC_WANT_IEC_60559_TYPES_EXT__ 1
| #define __STDC_WANT_LIB_EXT2__ 1
| #define __STDC_WANT_MATH_SPEC_FUNCS__ 1
| #define _TANDEM_SOURCE 1
| #define __EXTENSIONS__ 1
| #define _LINUX_SOURCE_COMPAT 1
| #define __USE_MINGW_ANSI_STDIO 1
| #define HAVE_LSTAT 1
| #define HAVE_PATHCONF 1
| #define HAVE_MBSINIT 1
| #define HAVE_MBRTOWC 1
| #define HAVE_REALPATH 1
| #define HAVE_CHOWN 1
| #define HAVE_FCHOWN 1
| #define HAVE_FCHDIR 1
| #define HAVE_FCHMODAT 1
| #define HAVE_LCHMOD 1
| #define HAVE_FCNTL 1
| #define HAVE_SYMLINK 1
| #define HAVE_FDOPENDIR 1
| #define HAVE_FSTATAT 1
| #define HAVE_GETDTABLESIZE 1
| #define HAVE_GETTIMEOFDAY 1
| #define HAVE_MPROTECT 1
| #define HAVE_MKDIRAT 1
| #define HAVE_OPENAT 1
| #define HAVE_READLINK 1
| #define HAVE_LINK 1
| #define HAVE_RENAMEAT 1
| #define HAVE_SETENV 1
| #define HAVE_LOCALTIME_R 1
| #define HAVE_UNLINKAT 1
| #define HAVE_ISWCNTRL 1
| #define HAVE_GETEUID 1
| #define HAVE_GETUID 1
| #define HAVE_SIGACTION 1
| #define HAVE_SIGFILLSET 1
| #define HAVE_ALLOCA_H 1
| #define HAVE_ALLOCA 1
| #define D_INO_IN_DIRENT 1
| #define HAVE_LONG_FILE_NAMES 1
| #define BITSIZEOF_WCHAR_T 32
| #define HAVE_MBSTATE_T 1
| #define HAVE_LANGINFO_CODESET 1
| #define HAVE_WORKING_MBRTOC32 1
| #define HAVE_WORKING_C32RTOMB 1
| #define HAVE_MALLOC_PTRDIFF 1
| #define HAVE_MALLOC_POSIX 1
| #define LSTAT_FOLLOWS_SLASHED_SYMLINK 1
| #define FUNC_REALPATH_NEARLY_WORKS 1
| #define HAVE_FACCESSAT 1
| #define HAVE_GETCWD 1
| #define HAVE_UNISTD_H 1
| #define HAVE_CHOWN 1
| #define HAVE_ENVIRON_DECL 1
| #define HAVE_DECL_STRERROR_R 1
| #define HAVE_STRERROR_R 1
| #define GETGROUPS_T gid_t
| #define HAVE_DECL_FCHDIR 1
| #define HAVE_WORKING_O_NOATIME 1
| #define HAVE_WORKING_O_NOFOLLOW 1
| #define _USE_STD_STAT 1
| #define HAVE_DECL_FSEEKO 1
| #define restrict __restrict__
| #define HAVE_DECL_FTELLO 1
| #define HAVE_DECL_GETDTABLESIZE 1
| #define HAVE_GETOPT_H 1
| #define HAVE_GETOPT_LONG_ONLY 1
| #define MUSL_LIBC 1
| #define HAVE_PTHREAD_API 1
| #define SETLOCALE_NULL_ALL_MTSAFE 0
| #define SETLOCALE_NULL_ONE_MTSAFE 1
| #define HAVE_WEAK_SYMBOLS 1
| #define HAVE_WINT_T 1
| #define HAVE_LONG_LONG_INT 1
| #define HAVE_UNSIGNED_LONG_LONG_INT 1
| #define HAVE_MALLOC_0_NONNULL 1
| #define HAVE_MAP_ANONYMOUS 1
| #define HAVE_DECL_MEMRCHR 1
| #define HAVE_MINMAX_IN_SYS_PARAM_H 1
| #define TIME_T_IS_SIGNED 1
| #define HAVE_DECL_ALARM 1
| #define PROMOTED_MODE_T mode_t
| #define HAVE_COMPOUND_LITERALS 1
| #define HAVE_STRUCT_TM_TM_GMTOFF 1
| #define HAVE_STRUCT_TM_TM_ZONE 1
| #define HAVE_TM_GMTOFF 1
| #define HAVE_DECL_SETENV 1
| #define HAVE_DECL__PUTENV 0
| #define HAVE_SEARCH_H 1
| #define HAVE_TSEARCH 1
| #define HAVE_SIGSET_T 1
| #define HAVE_DECL_FCLOSEALL 0
| #define HAVE_DECL_GETW 1
| #define HAVE_DECL_PUTW 1
| #define HAVE_DECL_ECVT 1
| #define HAVE_DECL_FCVT 1
| #define HAVE_DECL_GCVT 1
| #define HAVE_DECL_STRDUP 1
| #define HAVE_DECL_EXECVPE 1
| #define HAVE_DECL_UNSETENV 1
| #define HAVE_WORKING_UTIMES 1
| #define HAVE_DECL_WCSDUP 1
| #define HAVE_TOWLOWER 1
| #define GNULIB_TEST_ACCESS 1
| #define HAVE_ALLOCA 1
| #define HAVE_C_STATIC_ASSERT 1
| #define HAVE_C_BOOL 1
| #define HAVE___BUILTIN_EXPECT 1
| #define GNULIB_TEST_C32ISPRINT 1
| #define GNULIB_TEST_CALLOC_GNU 1
| #define GNULIB_TEST_CALLOC_POSIX 1
| #define GNULIB_CANONICALIZE_LGPL 1
| #define GNULIB_TEST_CANONICALIZE_FILE_NAME 1
| #define GNULIB_TEST_REALPATH 1
| #define GNULIB_TEST_CHDIR 1
| #define GNULIB_TEST_CHMOD 1
| #define GNULIB_TEST_CHOWN 1
| #define HAVE_CLOCK_GETRES 1
| #define HAVE_CLOCK_GETTIME 1
| #define HAVE_CLOCK_SETTIME 1
| #define GNULIB_TEST_CLOEXEC 1
| #define GNULIB_TEST_CLOSE 1
| #define GNULIB_CLOSE 1
| #define GNULIB_CLOSE_STREAM 1
| #define HAVE_CLOSEDIR 1
| #define GNULIB_TEST_CLOSEDIR 1
| #define D_INO_IN_DIRENT 1
| #define HAVE_DIRFD 1
| #define HAVE_DECL_DIRFD 1
| #define GNULIB_TEST_DIRFD 1
| #define GNULIB_TEST_DUP 1
| #define GNULIB_TEST_DUP2 1
| #define GNULIB_TEST_ENVIRON 1
| #define HAVE_EUIDACCESS 1
| #define GNULIB_TEST_EUIDACCESS 1
| #define HAVE_FACCESSAT 1
| #define GNULIB_FACCESSAT 1
| #define GNULIB_TEST_FACCESSAT 1
| #define GNULIB_TEST_FCHDIR 1
| #define GNULIB_TEST_FCHMODAT 1
| #define GNULIB_TEST_FCHOWNAT 1
| #define GNULIB_TEST_FCNTL 1
| #define HAVE_DECL_FDOPENDIR 1
| #define GNULIB_TEST_FDOPENDIR 1
| #define GNULIB_FDOPENDIR 1
| #define HAVE_MEMPCPY 1
| #define FLEXIBLE_ARRAY_MEMBER /**/
| #define HAVE_DECL___FPENDING 1
| #define GNULIB_TEST_FREE_POSIX 1
| #define GNULIB_TEST_FSEEK 1
| #define GNULIB_TEST_FSEEKO 1
| #define GNULIB_TEST_FSTAT 1
| #define GNULIB_FSTAT 1
| #define GNULIB_TEST_FSTATAT 1
| #define GNULIB_FSTATAT 1
| #define GNULIB_TEST_FTELL 1
| #define GNULIB_TEST_FTELLO 1
| #define HAVE_FUTIMENS 1
| #define GNULIB_TEST_FUTIMENS 1
| #define GNULIB_TEST_GETCWD 1
| #define GNULIB_TEST_GETDTABLESIZE 1
| #define HAVE_GETGROUPS 1
| #define GNULIB_TEST_GETGROUPS 1
| #define __GETOPT_PREFIX rpl_
| #define GNULIB_TEST_GETOPT_POSIX 1
| /* end confdefs.h.  */
| /* Define getprogname to an innocuous variant, in case <limits.h> declares getprogname.
|    For example, HP-UX 11i <limits.h> declares gettimeofday.  */
| #define getprogname innocuous_getprogname
| 
| /* System header to define __stub macros and hopefully few prototypes,
|    which can conflict with char getprogname (void); below.  */
| 
| #include <limits.h>
| #undef getprogname
| 
| /* Override any GCC internal prototype to avoid an error.
|    Use char because int might match the return type of a GCC
|    builtin and then its argument prototype would still apply.  */
| #ifdef __cplusplus
| extern "C"
| #endif
| char getprogname (void);
| /* The GNU C library defines this for functions which it implements
|     to always fail with ENOSYS.  Some functions are actually named
|     something starting with __ and the normal name is an alias.  */
| #if defined __stub_getprogname || defined __stub___getprogname
| choke me
| #endif
| 
| int
| main (void)
| {
| return getprogname ();
|   ;
|   return 0;
| }
configure:28321: result: no
configure:28337: result: no
configure:28357: checking whether program_invocation_name is declared
configure:28357: gcc -c -g -O2   conftest.c >&5
configure:28357: $? = 0
configure:28357: result: yes
configure:28396: checking whether program_invocation_name is declared
configure:28396: result: yes
configure:28411: checking whether program_invocation_short_name is declared
configure:28411: gcc -c -g -O2   conftest.c >&5
configure:28411: $? = 0
configure:28411: result: yes
configure:28426: checking whether __argv is declared
configure:28426: gcc -c -g -O2   conftest.c >&5
conftest.c: In function 'main':
conftest.c:229:10: error: '__argv' undeclared (first use in this function)
  229 |   (void) __argv;
      |          ^~~~~~
conftest.c:229:10: note: each undeclared identifier is reported only once for each function it appears in
configure:28426: $? = 1
configure: failed program was:
| /* confdefs.h */
| #define PACKAGE_NAME "GNU patch"
| #define PACKAGE_TARNAME "patch"
| #define PACKAGE_VERSION "2.8"
| #define PACKAGE_STRING "GNU patch 2.8"
| #define PACKAGE_BUGREPORT "bug-patch@gnu.org"
| #define PACKAGE_URL "https://www.gnu.org/software/patch/"
| #define PACKAGE "patch"
| #define VERSION "2.8"
| #define HAVE_STDIO_H 1
| #define HAVE_STDLIB_H 1
| #define HAVE_STRING_H 1
| #define HAVE_INTTYPES_H 1
| #define HAVE_STDINT_H 1
| #define HAVE_STRINGS_H 1
| #define HAVE_SYS_STAT_H 1
| #define HAVE_SYS_TYPES_H 1
| #define HAVE_UNISTD_H 1
| #define HAVE_WCHAR_H 1
| #define HAVE_STDBOOL_H 1
| #define HAVE_UCHAR_H 1
| #define HAVE_SYS_PARAM_H 1
| #define HAVE_SYS_SOCKET_H 1
| #define HAVE_DIRENT_H 1
| #define HAVE_STDIO_EXT_H 1
| #define HAVE_GETOPT_H 1
| #define HAVE_SYS_TIME_H 1
| #define HAVE_THREADS_H 1
| #define HAVE_LIMITS_H 1
| #define HAVE_SYS_MMAN_H 1
| #define HAVE_STDCKDINT_H 1
| #define HAVE_SYS_RANDOM_H 1
| #define HAVE_UTIME_H 1
| #define HAVE_FEATURES_H 1
| #define HAVE_WCTYPE_H 1
| #define HAVE_FCNTL_H 1
| #define STDC_HEADERS 1
| #define _ALL_SOURCE 1
| #define _DARWIN_C_SOURCE 1
| #define _GNU_SOURCE 1
| #define _HPUX_ALT_XOPEN_SOCKET_API 1
| #define _NETBSD_SOURCE 1
| #define _OPENBSD_SOURCE 1
| #define _POSIX_PTHREAD_SEMANTICS 1
| #define __STDC_WANT_IEC_60559_ATTRIBS_EXT__ 1
| #define __STDC_WANT_IEC_60559_BFP_EXT__ 1
| #define __STDC_WANT_IEC_60559_DFP_EXT__ 1
| #define __STDC_WANT_IEC_60559_EXT__ 1
| #define __STDC_WANT_IEC_60559_FUNCS_EXT__ 1
| #define __STDC_WANT_IEC_60559_TYPES_EXT__ 1
| #define __STDC_WANT_LIB_EXT2__ 1
| #define __STDC_WANT_MATH_SPEC_FUNCS__ 1
| #define _TANDEM_SOURCE 1
| #define __EXTENSIONS__ 1
| #define _LINUX_SOURCE_COMPAT 1
| #define __USE_MINGW_ANSI_STDIO 1
| #define HAVE_LSTAT 1
| #define HAVE_PATHCONF 1
| #define HAVE_MBSINIT 1
| #define HAVE_MBRTOWC 1
| #define HAVE_REALPATH 1
| #define HAVE_CHOWN 1
| #define HAVE_FCHOWN 1
| #define HAVE_FCHDIR 1
| #define HAVE_FCHMODAT 1
| #define HAVE_LCHMOD 1
| #define HAVE_FCNTL 1
| #define HAVE_SYMLINK 1
| #define HAVE_FDOPENDIR 1
| #define HAVE_FSTATAT 1
| #define HAVE_GETDTABLESIZE 1
| #define HAVE_GETTIMEOFDAY 1
| #define HAVE_MPROTECT 1
| #define HAVE_MKDIRAT 1
| #define HAVE_OPENAT 1
| #define HAVE_READLINK 1
| #define HAVE_LINK 1
| #define HAVE_RENAMEAT 1
| #define HAVE_SETENV 1
| #define HAVE_LOCALTIME_R 1
| #define HAVE_UNLINKAT 1
| #define HAVE_ISWCNTRL 1
| #define HAVE_GETEUID 1
| #define HAVE_GETUID 1
| #define HAVE_SIGACTION 1
| #define HAVE_SIGFILLSET 1
| #define HAVE_ALLOCA_H 1
| #define HAVE_ALLOCA 1
| #define D_INO_IN_DIRENT 1
| #define HAVE_LONG_FILE_NAMES 1
| #define BITSIZEOF_WCHAR_T 32
| #define HAVE_MBSTATE_T 1
| #define HAVE_LANGINFO_CODESET 1
| #define HAVE_WORKING_MBRTOC32 1
| #define HAVE_WORKING_C32RTOMB 1
| #define HAVE_MALLOC_PTRDIFF 1
| #define HAVE_MALLOC_POSIX 1
| #define LSTAT_FOLLOWS_SLASHED_SYMLINK 1
| #define FUNC_REALPATH_NEARLY_WORKS 1
| #define HAVE_FACCESSAT 1
| #define HAVE_GETCWD 1
| #define HAVE_UNISTD_H 1
| #define HAVE_CHOWN 1
| #define HAVE_ENVIRON_DECL 1
| #define HAVE_DECL_STRERROR_R 1
| #define HAVE_STRERROR_R 1
| #define GETGROUPS_T gid_t
| #define HAVE_DECL_FCHDIR 1
| #define HAVE_WORKING_O_NOATIME 1
| #define HAVE_WORKING_O_NOFOLLOW 1
| #define _USE_STD_STAT 1
| #define HAVE_DECL_FSEEKO 1
| #define restrict __restrict__
| #define HAVE_DECL_FTELLO 1
| #define HAVE_DECL_GETDTABLESIZE 1
| #define HAVE_GETOPT_H 1
| #define HAVE_GETOPT_LONG_ONLY 1
| #define MUSL_LIBC 1
| #define HAVE_PTHREAD_API 1
| #define SETLOCALE_NULL_ALL_MTSAFE 0
| #define SETLOCALE_NULL_ONE_MTSAFE 1
| #define HAVE_WEAK_SYMBOLS 1
| #define HAVE_WINT_T 1
| #define HAVE_LONG_LONG_INT 1
| #define HAVE_UNSIGNED_LONG_LONG_INT 1
| #define HAVE_MALLOC_0_NONNULL 1
| #define HAVE_MAP_ANONYMOUS 1
| #define HAVE_DECL_MEMRCHR 1
| #define HAVE_MINMAX_IN_SYS_PARAM_H 1
| #define TIME_T_IS_SIGNED 1
| #define HAVE_DECL_ALARM 1
| #define PROMOTED_MODE_T mode_t
| #define HAVE_COMPOUND_LITERALS 1
| #define HAVE_STRUCT_TM_TM_GMTOFF 1
| #define HAVE_STRUCT_TM_TM_ZONE 1
| #define HAVE_TM_GMTOFF 1
| #define HAVE_DECL_SETENV 1
| #define HAVE_DECL__PUTENV 0
| #define HAVE_SEARCH_H 1
| #define HAVE_TSEARCH 1
| #define HAVE_SIGSET_T 1
| #define HAVE_DECL_FCLOSEALL 0
| #define HAVE_DECL_GETW 1
| #define HAVE_DECL_PUTW 1
| #define HAVE_DECL_ECVT 1
| #define HAVE_DECL_FCVT 1
| #define HAVE_DECL_GCVT 1
| #define HAVE_DECL_STRDUP 1
| #define HAVE_DECL_EXECVPE 1
| #define HAVE_DECL_UNSETENV 1
| #define HAVE_WORKING_UTIMES 1
| #define HAVE_DECL_WCSDUP 1
| #define HAVE_TOWLOWER 1
| #define GNULIB_TEST_ACCESS 1
| #define HAVE_ALLOCA 1
| #define HAVE_C_STATIC_ASSERT 1
| #define HAVE_C_BOOL 1
| #define HAVE___BUILTIN_EXPECT 1
| #define GNULIB_TEST_C32ISPRINT 1
| #define GNULIB_TEST_CALLOC_GNU 1
| #define GNULIB_TEST_CALLOC_POSIX 1
| #define GNULIB_CANONICALIZE_LGPL 1
| #define GNULIB_TEST_CANONICALIZE_FILE_NAME 1
| #define GNULIB_TEST_REALPATH 1
| #define GNULIB_TEST_CHDIR 1
| #define GNULIB_TEST_CHMOD 1
| #define GNULIB_TEST_CHOWN 1
| #define HAVE_CLOCK_GETRES 1
| #define HAVE_CLOCK_GETTIME 1
| #define HAVE_CLOCK_SETTIME 1
| #define GNULIB_TEST_CLOEXEC 1
| #define GNULIB_TEST_CLOSE 1
| #define GNULIB_CLOSE 1
| #define GNULIB_CLOSE_STREAM 1
| #define HAVE_CLOSEDIR 1
| #define GNULIB_TEST_CLOSEDIR 1
| #define D_INO_IN_DIRENT 1
| #define HAVE_DIRFD 1
| #define HAVE_DECL_DIRFD 1
| #define GNULIB_TEST_DIRFD 1
| #define GNULIB_TEST_DUP 1
| #define GNULIB_TEST_DUP2 1
| #define GNULIB_TEST_ENVIRON 1
| #define HAVE_EUIDACCESS 1
| #define GNULIB_TEST_EUIDACCESS 1
| #define HAVE_FACCESSAT 1
| #define GNULIB_FACCESSAT 1
| #define GNULIB_TEST_FACCESSAT 1
| #define GNULIB_TEST_FCHDIR 1
| #define GNULIB_TEST_FCHMODAT 1
| #define GNULIB_TEST_FCHOWNAT 1
| #define GNULIB_TEST_FCNTL 1
| #define HAVE_DECL_FDOPENDIR 1
| #define GNULIB_TEST_FDOPENDIR 1
| #define GNULIB_FDOPENDIR 1
| #define HAVE_MEMPCPY 1
| #define FLEXIBLE_ARRAY_MEMBER /**/
| #define HAVE_DECL___FPENDING 1
| #define GNULIB_TEST_FREE_POSIX 1
| #define GNULIB_TEST_FSEEK 1
| #define GNULIB_TEST_FSEEKO 1
| #define GNULIB_TEST_FSTAT 1
| #define GNULIB_FSTAT 1
| #define GNULIB_TEST_FSTATAT 1
| #define GNULIB_FSTATAT 1
| #define GNULIB_TEST_FTELL 1
| #define GNULIB_TEST_FTELLO 1
| #define HAVE_FUTIMENS 1
| #define GNULIB_TEST_FUTIMENS 1
| #define GNULIB_TEST_GETCWD 1
| #define GNULIB_TEST_GETDTABLESIZE 1
| #define HAVE_GETGROUPS 1
| #define GNULIB_TEST_GETGROUPS 1
| #define __GETOPT_PREFIX rpl_
| #define GNULIB_TEST_GETOPT_POSIX 1
| #define HAVE_DECL_PROGRAM_INVOCATION_NAME 1
| #define HAVE_DECL_PROGRAM_INVOCATION_NAME 1
| #define HAVE_DECL_PROGRAM_INVOCATION_SHORT_NAME 1
| /* end confdefs.h.  */
| #include <stdlib.h>
| 
| int
| main (void)
| {
| #ifndef __argv
| #ifdef __cplusplus
|   (void) __argv;
| #else
|   (void) __argv;
| #endif
| #endif
| 
|   ;
|   return 0;
| }
configure:28426: result: no
configure:28514: checking for getrandom
configure:28556: checking for getrandom
configure:28556: gcc -o conftest -g -O2   conftest.c  >&5
configure:28556: $? = 0
configure:28556: result: yes
configure:28572: result: yes
configure:28592: checking whether getrandom is compatible with its GNU+BSD signature
configure:28616: gcc -c -g -O2  conftest.c >&5
configure:28616: $? = 0
configure:28627: result: yes
configure:28752: checking for gettimeofday with POSIX signature
configure:28781: gcc -c -g -O2  conftest.c >&5
configure:28781: $? = 0
configure:28811: result: yes
configure:28939: checking for group_member
configure:28939: gcc -o conftest -g -O2   conftest.c  >&5
/usr/lib/gcc/x86_64-alpine-linux-musl/15.2.0/../../../../x86_64-alpine-linux-musl/bin/ld: /tmp/ccPEdcLC.o: in function `main':
/home/sonakrie/Work/testicular_linux/patch/conftest.c:255:(.text.startup+0x5): undefined reference to `group_member'
collect2: error: ld returned 1 exit status
configure:28939: $? = 1
configure: failed program was:
| /* confdefs.h */
| #define PACKAGE_NAME "GNU patch"
| #define PACKAGE_TARNAME "patch"
| #define PACKAGE_VERSION "2.8"
| #define PACKAGE_STRING "GNU patch 2.8"
| #define PACKAGE_BUGREPORT "bug-patch@gnu.org"
| #define PACKAGE_URL "https://www.gnu.org/software/patch/"
| #define PACKAGE "patch"
| #define VERSION "2.8"
| #define HAVE_STDIO_H 1
| #define HAVE_STDLIB_H 1
| #define HAVE_STRING_H 1
| #define HAVE_INTTYPES_H 1
| #define HAVE_STDINT_H 1
| #define HAVE_STRINGS_H 1
| #define HAVE_SYS_STAT_H 1
| #define HAVE_SYS_TYPES_H 1
| #define HAVE_UNISTD_H 1
| #define HAVE_WCHAR_H 1
| #define HAVE_STDBOOL_H 1
| #define HAVE_UCHAR_H 1
| #define HAVE_SYS_PARAM_H 1
| #define HAVE_SYS_SOCKET_H 1
| #define HAVE_DIRENT_H 1
| #define HAVE_STDIO_EXT_H 1
| #define HAVE_GETOPT_H 1
| #define HAVE_SYS_TIME_H 1
| #define HAVE_THREADS_H 1
| #define HAVE_LIMITS_H 1
| #define HAVE_SYS_MMAN_H 1
| #define HAVE_STDCKDINT_H 1
| #define HAVE_SYS_RANDOM_H 1
| #define HAVE_UTIME_H 1
| #define HAVE_FEATURES_H 1
| #define HAVE_WCTYPE_H 1
| #define HAVE_FCNTL_H 1
| #define STDC_HEADERS 1
| #define _ALL_SOURCE 1
| #define _DARWIN_C_SOURCE 1
| #define _GNU_SOURCE 1
| #define _HPUX_ALT_XOPEN_SOCKET_API 1
| #define _NETBSD_SOURCE 1
| #define _OPENBSD_SOURCE 1
| #define _POSIX_PTHREAD_SEMANTICS 1
| #define __STDC_WANT_IEC_60559_ATTRIBS_EXT__ 1
| #define __STDC_WANT_IEC_60559_BFP_EXT__ 1
| #define __STDC_WANT_IEC_60559_DFP_EXT__ 1
| #define __STDC_WANT_IEC_60559_EXT__ 1
| #define __STDC_WANT_IEC_60559_FUNCS_EXT__ 1
| #define __STDC_WANT_IEC_60559_TYPES_EXT__ 1
| #define __STDC_WANT_LIB_EXT2__ 1
| #define __STDC_WANT_MATH_SPEC_FUNCS__ 1
| #define _TANDEM_SOURCE 1
| #define __EXTENSIONS__ 1
| #define _LINUX_SOURCE_COMPAT 1
| #define __USE_MINGW_ANSI_STDIO 1
| #define HAVE_LSTAT 1
| #define HAVE_PATHCONF 1
| #define HAVE_MBSINIT 1
| #define HAVE_MBRTOWC 1
| #define HAVE_REALPATH 1
| #define HAVE_CHOWN 1
| #define HAVE_FCHOWN 1
| #define HAVE_FCHDIR 1
| #define HAVE_FCHMODAT 1
| #define HAVE_LCHMOD 1
| #define HAVE_FCNTL 1
| #define HAVE_SYMLINK 1
| #define HAVE_FDOPENDIR 1
| #define HAVE_FSTATAT 1
| #define HAVE_GETDTABLESIZE 1
| #define HAVE_GETTIMEOFDAY 1
| #define HAVE_MPROTECT 1
| #define HAVE_MKDIRAT 1
| #define HAVE_OPENAT 1
| #define HAVE_READLINK 1
| #define HAVE_LINK 1
| #define HAVE_RENAMEAT 1
| #define HAVE_SETENV 1
| #define HAVE_LOCALTIME_R 1
| #define HAVE_UNLINKAT 1
| #define HAVE_ISWCNTRL 1
| #define HAVE_GETEUID 1
| #define HAVE_GETUID 1
| #define HAVE_SIGACTION 1
| #define HAVE_SIGFILLSET 1
| #define HAVE_ALLOCA_H 1
| #define HAVE_ALLOCA 1
| #define D_INO_IN_DIRENT 1
| #define HAVE_LONG_FILE_NAMES 1
| #define BITSIZEOF_WCHAR_T 32
| #define HAVE_MBSTATE_T 1
| #define HAVE_LANGINFO_CODESET 1
| #define HAVE_WORKING_MBRTOC32 1
| #define HAVE_WORKING_C32RTOMB 1
| #define HAVE_MALLOC_PTRDIFF 1
| #define HAVE_MALLOC_POSIX 1
| #define LSTAT_FOLLOWS_SLASHED_SYMLINK 1
| #define FUNC_REALPATH_NEARLY_WORKS 1
| #define HAVE_FACCESSAT 1
| #define HAVE_GETCWD 1
| #define HAVE_UNISTD_H 1
| #define HAVE_CHOWN 1
| #define HAVE_ENVIRON_DECL 1
| #define HAVE_DECL_STRERROR_R 1
| #define HAVE_STRERROR_R 1
| #define GETGROUPS_T gid_t
| #define HAVE_DECL_FCHDIR 1
| #define HAVE_WORKING_O_NOATIME 1
| #define HAVE_WORKING_O_NOFOLLOW 1
| #define _USE_STD_STAT 1
| #define HAVE_DECL_FSEEKO 1
| #define restrict __restrict__
| #define HAVE_DECL_FTELLO 1
| #define HAVE_DECL_GETDTABLESIZE 1
| #define HAVE_GETOPT_H 1
| #define HAVE_GETOPT_LONG_ONLY 1
| #define MUSL_LIBC 1
| #define HAVE_PTHREAD_API 1
| #define SETLOCALE_NULL_ALL_MTSAFE 0
| #define SETLOCALE_NULL_ONE_MTSAFE 1
| #define HAVE_WEAK_SYMBOLS 1
| #define HAVE_WINT_T 1
| #define HAVE_LONG_LONG_INT 1
| #define HAVE_UNSIGNED_LONG_LONG_INT 1
| #define HAVE_MALLOC_0_NONNULL 1
| #define HAVE_MAP_ANONYMOUS 1
| #define HAVE_DECL_MEMRCHR 1
| #define HAVE_MINMAX_IN_SYS_PARAM_H 1
| #define TIME_T_IS_SIGNED 1
| #define HAVE_DECL_ALARM 1
| #define PROMOTED_MODE_T mode_t
| #define HAVE_COMPOUND_LITERALS 1
| #define HAVE_STRUCT_TM_TM_GMTOFF 1
| #define HAVE_STRUCT_TM_TM_ZONE 1
| #define HAVE_TM_GMTOFF 1
| #define HAVE_DECL_SETENV 1
| #define HAVE_DECL__PUTENV 0
| #define HAVE_SEARCH_H 1
| #define HAVE_TSEARCH 1
| #define HAVE_SIGSET_T 1
| #define HAVE_DECL_FCLOSEALL 0
| #define HAVE_DECL_GETW 1
| #define HAVE_DECL_PUTW 1
| #define HAVE_DECL_ECVT 1
| #define HAVE_DECL_FCVT 1
| #define HAVE_DECL_GCVT 1
| #define HAVE_DECL_STRDUP 1
| #define HAVE_DECL_EXECVPE 1
| #define HAVE_DECL_UNSETENV 1
| #define HAVE_WORKING_UTIMES 1
| #define HAVE_DECL_WCSDUP 1
| #define HAVE_TOWLOWER 1
| #define GNULIB_TEST_ACCESS 1
| #define HAVE_ALLOCA 1
| #define HAVE_C_STATIC_ASSERT 1
| #define HAVE_C_BOOL 1
| #define HAVE___BUILTIN_EXPECT 1
| #define GNULIB_TEST_C32ISPRINT 1
| #define GNULIB_TEST_CALLOC_GNU 1
| #define GNULIB_TEST_CALLOC_POSIX 1
| #define GNULIB_CANONICALIZE_LGPL 1
| #define GNULIB_TEST_CANONICALIZE_FILE_NAME 1
| #define GNULIB_TEST_REALPATH 1
| #define GNULIB_TEST_CHDIR 1
| #define GNULIB_TEST_CHMOD 1
| #define GNULIB_TEST_CHOWN 1
| #define HAVE_CLOCK_GETRES 1
| #define HAVE_CLOCK_GETTIME 1
| #define HAVE_CLOCK_SETTIME 1
| #define GNULIB_TEST_CLOEXEC 1
| #define GNULIB_TEST_CLOSE 1
| #define GNULIB_CLOSE 1
| #define GNULIB_CLOSE_STREAM 1
| #define HAVE_CLOSEDIR 1
| #define GNULIB_TEST_CLOSEDIR 1
| #define D_INO_IN_DIRENT 1
| #define HAVE_DIRFD 1
| #define HAVE_DECL_DIRFD 1
| #define GNULIB_TEST_DIRFD 1
| #define GNULIB_TEST_DUP 1
| #define GNULIB_TEST_DUP2 1
| #define GNULIB_TEST_ENVIRON 1
| #define HAVE_EUIDACCESS 1
| #define GNULIB_TEST_EUIDACCESS 1
| #define HAVE_FACCESSAT 1
| #define GNULIB_FACCESSAT 1
| #define GNULIB_TEST_FACCESSAT 1
| #define GNULIB_TEST_FCHDIR 1
| #define GNULIB_TEST_FCHMODAT 1
| #define GNULIB_TEST_FCHOWNAT 1
| #define GNULIB_TEST_FCNTL 1
| #define HAVE_DECL_FDOPENDIR 1
| #define GNULIB_TEST_FDOPENDIR 1
| #define GNULIB_FDOPENDIR 1
| #define HAVE_MEMPCPY 1
| #define FLEXIBLE_ARRAY_MEMBER /**/
| #define HAVE_DECL___FPENDING 1
| #define GNULIB_TEST_FREE_POSIX 1
| #define GNULIB_TEST_FSEEK 1
| #define GNULIB_TEST_FSEEKO 1
| #define GNULIB_TEST_FSTAT 1
| #define GNULIB_FSTAT 1
| #define GNULIB_TEST_FSTATAT 1
| #define GNULIB_FSTATAT 1
| #define GNULIB_TEST_FTELL 1
| #define GNULIB_TEST_FTELLO 1
| #define HAVE_FUTIMENS 1
| #define GNULIB_TEST_FUTIMENS 1
| #define GNULIB_TEST_GETCWD 1
| #define GNULIB_TEST_GETDTABLESIZE 1
| #define HAVE_GETGROUPS 1
| #define GNULIB_TEST_GETGROUPS 1
| #define __GETOPT_PREFIX rpl_
| #define GNULIB_TEST_GETOPT_POSIX 1
| #define HAVE_DECL_PROGRAM_INVOCATION_NAME 1
| #define HAVE_DECL_PROGRAM_INVOCATION_NAME 1
| #define HAVE_DECL_PROGRAM_INVOCATION_SHORT_NAME 1
| #define HAVE_DECL___ARGV 0
| #define GNULIB_TEST_GETPROGNAME 1
| #define HAVE_GETRANDOM 1
| #define GNULIB_TEST_GETRANDOM 1
| #define HAVE_TIMESPEC_GET 1
| #define GETTIMEOFDAY_TIMEZONE void
| #define GNULIB_TEST_GETTIMEOFDAY 1
| #define GNULIB_LOCALEDIR "/usr/share/locale"
| /* end confdefs.h.  */
| /* Define group_member to an innocuous variant, in case <limits.h> declares group_member.
|    For example, HP-UX 11i <limits.h> declares gettimeofday.  */
| #define group_member innocuous_group_member
| 
| /* System header to define __stub macros and hopefully few prototypes,
|    which can conflict with char group_member (void); below.  */
| 
| #include <limits.h>
| #undef group_member
| 
| /* Override any GCC internal prototype to avoid an error.
|    Use char because int might match the return type of a GCC
|    builtin and then its argument prototype would still apply.  */
| #ifdef __cplusplus
| extern "C"
| #endif
| char group_member (void);
| /* The GNU C library defines this for functions which it implements
|     to always fail with ENOSYS.  Some functions are actually named
|     something starting with __ and the normal name is an alias.  */
| #if defined __stub_group_member || defined __stub___group_member
| choke me
| #endif
| 
| int
| main (void)
| {
| return group_member ();
|   ;
|   return 0;
| }
configure:28939: result: no
configure:29059: checking for lchown
configure:29059: gcc -o conftest -g -O2   conftest.c  >&5
configure:29059: $? = 0
configure:29059: result: yes
configure:29117: checking whether the compiler supports the __inline keyword
configure:29135: gcc -c -g -O2  conftest.c >&5
configure:29135: $? = 0
configure:29145: result: yes
configure:29205: checking whether lseek detects pipes
configure:29242: gcc -o conftest -g -O2   conftest.c  >&5
configure:29242: $? = 0
configure:29282: result: yes
configure:29298: checking whether SEEK_DATA works but is incompatible with GNU
configure:29320: gcc -E  conftest.c
conftest.c:243:18: error: #error "No need to work around the bug"
  243 |                 #error "No need to work around the bug"
      |                  ^~~~~
configure:29320: $? = 1
configure: failed program was:
| /* confdefs.h */
| #define PACKAGE_NAME "GNU patch"
| #define PACKAGE_TARNAME "patch"
| #define PACKAGE_VERSION "2.8"
| #define PACKAGE_STRING "GNU patch 2.8"
| #define PACKAGE_BUGREPORT "bug-patch@gnu.org"
| #define PACKAGE_URL "https://www.gnu.org/software/patch/"
| #define PACKAGE "patch"
| #define VERSION "2.8"
| #define HAVE_STDIO_H 1
| #define HAVE_STDLIB_H 1
| #define HAVE_STRING_H 1
| #define HAVE_INTTYPES_H 1
| #define HAVE_STDINT_H 1
| #define HAVE_STRINGS_H 1
| #define HAVE_SYS_STAT_H 1
| #define HAVE_SYS_TYPES_H 1
| #define HAVE_UNISTD_H 1
| #define HAVE_WCHAR_H 1
| #define HAVE_STDBOOL_H 1
| #define HAVE_UCHAR_H 1
| #define HAVE_SYS_PARAM_H 1
| #define HAVE_SYS_SOCKET_H 1
| #define HAVE_DIRENT_H 1
| #define HAVE_STDIO_EXT_H 1
| #define HAVE_GETOPT_H 1
| #define HAVE_SYS_TIME_H 1
| #define HAVE_THREADS_H 1
| #define HAVE_LIMITS_H 1
| #define HAVE_SYS_MMAN_H 1
| #define HAVE_STDCKDINT_H 1
| #define HAVE_SYS_RANDOM_H 1
| #define HAVE_UTIME_H 1
| #define HAVE_FEATURES_H 1
| #define HAVE_WCTYPE_H 1
| #define HAVE_FCNTL_H 1
| #define STDC_HEADERS 1
| #define _ALL_SOURCE 1
| #define _DARWIN_C_SOURCE 1
| #define _GNU_SOURCE 1
| #define _HPUX_ALT_XOPEN_SOCKET_API 1
| #define _NETBSD_SOURCE 1
| #define _OPENBSD_SOURCE 1
| #define _POSIX_PTHREAD_SEMANTICS 1
| #define __STDC_WANT_IEC_60559_ATTRIBS_EXT__ 1
| #define __STDC_WANT_IEC_60559_BFP_EXT__ 1
| #define __STDC_WANT_IEC_60559_DFP_EXT__ 1
| #define __STDC_WANT_IEC_60559_EXT__ 1
| #define __STDC_WANT_IEC_60559_FUNCS_EXT__ 1
| #define __STDC_WANT_IEC_60559_TYPES_EXT__ 1
| #define __STDC_WANT_LIB_EXT2__ 1
| #define __STDC_WANT_MATH_SPEC_FUNCS__ 1
| #define _TANDEM_SOURCE 1
| #define __EXTENSIONS__ 1
| #define _LINUX_SOURCE_COMPAT 1
| #define __USE_MINGW_ANSI_STDIO 1
| #define HAVE_LSTAT 1
| #define HAVE_PATHCONF 1
| #define HAVE_MBSINIT 1
| #define HAVE_MBRTOWC 1
| #define HAVE_REALPATH 1
| #define HAVE_CHOWN 1
| #define HAVE_FCHOWN 1
| #define HAVE_FCHDIR 1
| #define HAVE_FCHMODAT 1
| #define HAVE_LCHMOD 1
| #define HAVE_FCNTL 1
| #define HAVE_SYMLINK 1
| #define HAVE_FDOPENDIR 1
| #define HAVE_FSTATAT 1
| #define HAVE_GETDTABLESIZE 1
| #define HAVE_GETTIMEOFDAY 1
| #define HAVE_MPROTECT 1
| #define HAVE_MKDIRAT 1
| #define HAVE_OPENAT 1
| #define HAVE_READLINK 1
| #define HAVE_LINK 1
| #define HAVE_RENAMEAT 1
| #define HAVE_SETENV 1
| #define HAVE_LOCALTIME_R 1
| #define HAVE_UNLINKAT 1
| #define HAVE_ISWCNTRL 1
| #define HAVE_GETEUID 1
| #define HAVE_GETUID 1
| #define HAVE_SIGACTION 1
| #define HAVE_SIGFILLSET 1
| #define HAVE_ALLOCA_H 1
| #define HAVE_ALLOCA 1
| #define D_INO_IN_DIRENT 1
| #define HAVE_LONG_FILE_NAMES 1
| #define BITSIZEOF_WCHAR_T 32
| #define HAVE_MBSTATE_T 1
| #define HAVE_LANGINFO_CODESET 1
| #define HAVE_WORKING_MBRTOC32 1
| #define HAVE_WORKING_C32RTOMB 1
| #define HAVE_MALLOC_PTRDIFF 1
| #define HAVE_MALLOC_POSIX 1
| #define LSTAT_FOLLOWS_SLASHED_SYMLINK 1
| #define FUNC_REALPATH_NEARLY_WORKS 1
| #define HAVE_FACCESSAT 1
| #define HAVE_GETCWD 1
| #define HAVE_UNISTD_H 1
| #define HAVE_CHOWN 1
| #define HAVE_ENVIRON_DECL 1
| #define HAVE_DECL_STRERROR_R 1
| #define HAVE_STRERROR_R 1
| #define GETGROUPS_T gid_t
| #define HAVE_DECL_FCHDIR 1
| #define HAVE_WORKING_O_NOATIME 1
| #define HAVE_WORKING_O_NOFOLLOW 1
| #define _USE_STD_STAT 1
| #define HAVE_DECL_FSEEKO 1
| #define restrict __restrict__
| #define HAVE_DECL_FTELLO 1
| #define HAVE_DECL_GETDTABLESIZE 1
| #define HAVE_GETOPT_H 1
| #define HAVE_GETOPT_LONG_ONLY 1
| #define MUSL_LIBC 1
| #define HAVE_PTHREAD_API 1
| #define SETLOCALE_NULL_ALL_MTSAFE 0
| #define SETLOCALE_NULL_ONE_MTSAFE 1
| #define HAVE_WEAK_SYMBOLS 1
| #define HAVE_WINT_T 1
| #define HAVE_LONG_LONG_INT 1
| #define HAVE_UNSIGNED_LONG_LONG_INT 1
| #define HAVE_MALLOC_0_NONNULL 1
| #define HAVE_MAP_ANONYMOUS 1
| #define HAVE_DECL_MEMRCHR 1
| #define HAVE_MINMAX_IN_SYS_PARAM_H 1
| #define TIME_T_IS_SIGNED 1
| #define HAVE_DECL_ALARM 1
| #define PROMOTED_MODE_T mode_t
| #define HAVE_COMPOUND_LITERALS 1
| #define HAVE_STRUCT_TM_TM_GMTOFF 1
| #define HAVE_STRUCT_TM_TM_ZONE 1
| #define HAVE_TM_GMTOFF 1
| #define HAVE_DECL_SETENV 1
| #define HAVE_DECL__PUTENV 0
| #define HAVE_SEARCH_H 1
| #define HAVE_TSEARCH 1
| #define HAVE_SIGSET_T 1
| #define HAVE_DECL_FCLOSEALL 0
| #define HAVE_DECL_GETW 1
| #define HAVE_DECL_PUTW 1
| #define HAVE_DECL_ECVT 1
| #define HAVE_DECL_FCVT 1
| #define HAVE_DECL_GCVT 1
| #define HAVE_DECL_STRDUP 1
| #define HAVE_DECL_EXECVPE 1
| #define HAVE_DECL_UNSETENV 1
| #define HAVE_WORKING_UTIMES 1
| #define HAVE_DECL_WCSDUP 1
| #define HAVE_TOWLOWER 1
| #define GNULIB_TEST_ACCESS 1
| #define HAVE_ALLOCA 1
| #define HAVE_C_STATIC_ASSERT 1
| #define HAVE_C_BOOL 1
| #define HAVE___BUILTIN_EXPECT 1
| #define GNULIB_TEST_C32ISPRINT 1
| #define GNULIB_TEST_CALLOC_GNU 1
| #define GNULIB_TEST_CALLOC_POSIX 1
| #define GNULIB_CANONICALIZE_LGPL 1
| #define GNULIB_TEST_CANONICALIZE_FILE_NAME 1
| #define GNULIB_TEST_REALPATH 1
| #define GNULIB_TEST_CHDIR 1
| #define GNULIB_TEST_CHMOD 1
| #define GNULIB_TEST_CHOWN 1
| #define HAVE_CLOCK_GETRES 1
| #define HAVE_CLOCK_GETTIME 1
| #define HAVE_CLOCK_SETTIME 1
| #define GNULIB_TEST_CLOEXEC 1
| #define GNULIB_TEST_CLOSE 1
| #define GNULIB_CLOSE 1
| #define GNULIB_CLOSE_STREAM 1
| #define HAVE_CLOSEDIR 1
| #define GNULIB_TEST_CLOSEDIR 1
| #define D_INO_IN_DIRENT 1
| #define HAVE_DIRFD 1
| #define HAVE_DECL_DIRFD 1
| #define GNULIB_TEST_DIRFD 1
| #define GNULIB_TEST_DUP 1
| #define GNULIB_TEST_DUP2 1
| #define GNULIB_TEST_ENVIRON 1
| #define HAVE_EUIDACCESS 1
| #define GNULIB_TEST_EUIDACCESS 1
| #define HAVE_FACCESSAT 1
| #define GNULIB_FACCESSAT 1
| #define GNULIB_TEST_FACCESSAT 1
| #define GNULIB_TEST_FCHDIR 1
| #define GNULIB_TEST_FCHMODAT 1
| #define GNULIB_TEST_FCHOWNAT 1
| #define GNULIB_TEST_FCNTL 1
| #define HAVE_DECL_FDOPENDIR 1
| #define GNULIB_TEST_FDOPENDIR 1
| #define GNULIB_FDOPENDIR 1
| #define HAVE_MEMPCPY 1
| #define FLEXIBLE_ARRAY_MEMBER /**/
| #define HAVE_DECL___FPENDING 1
| #define GNULIB_TEST_FREE_POSIX 1
| #define GNULIB_TEST_FSEEK 1
| #define GNULIB_TEST_FSEEKO 1
| #define GNULIB_TEST_FSTAT 1
| #define GNULIB_FSTAT 1
| #define GNULIB_TEST_FSTATAT 1
| #define GNULIB_FSTATAT 1
| #define GNULIB_TEST_FTELL 1
| #define GNULIB_TEST_FTELLO 1
| #define HAVE_FUTIMENS 1
| #define GNULIB_TEST_FUTIMENS 1
| #define GNULIB_TEST_GETCWD 1
| #define GNULIB_TEST_GETDTABLESIZE 1
| #define HAVE_GETGROUPS 1
| #define GNULIB_TEST_GETGROUPS 1
| #define __GETOPT_PREFIX rpl_
| #define GNULIB_TEST_GETOPT_POSIX 1
| #define HAVE_DECL_PROGRAM_INVOCATION_NAME 1
| #define HAVE_DECL_PROGRAM_INVOCATION_NAME 1
| #define HAVE_DECL_PROGRAM_INVOCATION_SHORT_NAME 1
| #define HAVE_DECL___ARGV 0
| #define GNULIB_TEST_GETPROGNAME 1
| #define HAVE_GETRANDOM 1
| #define GNULIB_TEST_GETRANDOM 1
| #define HAVE_TIMESPEC_GET 1
| #define GETTIMEOFDAY_TIMEZONE void
| #define GNULIB_TEST_GETTIMEOFDAY 1
| #define GNULIB_LOCALEDIR "/usr/share/locale"
| #define GNULIB_TEST_GROUP_MEMBER 1
| #define GNULIB_TEST_LCHMOD 1
| #define HAVE_LCHOWN 1
| #define GNULIB_TEST_LCHOWN 1
| #define HAVE___INLINE 1
| /* end confdefs.h.  */
|                           #include <unistd.h>
|                #if defined __APPLE__ && defined __MACH__ && defined SEEK_DATA
|                # ifdef __ENVIRONMENT_MAC_OS_X_VERSION_MIN_REQUIRED__
|                #  include <AvailabilityMacros.h>
|                # endif
|                # if 99990000 <= MAC_OS_X_VERSION_MIN_REQUIRED
|                #  define LSEEK_WORKS_BUT_IS_INCOMPATIBLE_WITH_GNU
|                # endif
|                #endif
|                #ifndef LSEEK_WORKS_BUT_IS_INCOMPATIBLE_WITH_GNU
|                 #error "No need to work around the bug"
|                #endif
| 
configure:29330: result: no
configure:29527: checking whether mbrtoc32 works on empty input
configure:29562: gcc -o conftest -g -O2   conftest.c  >&5
configure:29562: $? = 0
configure:29562: ./conftest
configure:29562: $? = 0
configure:29577: result: yes
configure:29581: checking whether the C locale is free of encoding errors
configure:29628: gcc -o conftest -g -O2   conftest.c  >&5
configure:29628: $? = 0
configure:29628: ./conftest
configure:29628: $? = 0
configure:29643: result: yes
configure:29647: checking whether mbrtoc32 works in an UTF-8 locale
configure:29698: gcc -o conftest -g -O2   conftest.c  >&5
configure:29698: $? = 0
configure:29698: ./conftest
configure:29698: $? = 0
configure:29713: result: yes
configure:29941: checking whether mbrtowc handles a NULL pwc argument
configure:29995: gcc -o conftest -g -O2   conftest.c  >&5
configure:29995: $? = 0
configure:29995: ./conftest
configure:29995: $? = 0
configure:30011: result: yes
configure:30017: checking whether mbrtowc handles a NULL string argument
configure:30059: gcc -o conftest -g -O2   conftest.c  >&5
configure:30059: $? = 0
configure:30059: ./conftest
configure:30059: $? = 0
configure:30075: result: yes
configure:30083: checking whether mbrtowc has a correct return value
configure:30197: gcc -o conftest -g -O2   conftest.c  >&5
configure:30197: $? = 0
configure:30197: ./conftest
configure:30197: $? = 0
configure:30216: result: yes
configure:30222: checking whether mbrtowc returns 0 when parsing a NUL character
configure:30277: result: guessing yes
configure:30282: checking whether mbrtowc stores incomplete characters
configure:30393: gcc -o conftest -g -O2   conftest.c  >&5
configure:30393: $? = 0
configure:30393: ./conftest
configure:30393: $? = 0
configure:30411: result: no
configure:30416: checking whether mbrtowc works on empty input
configure:30447: gcc -o conftest -g -O2   conftest.c  >&5
configure:30447: $? = 0
configure:30447: ./conftest
configure:30447: $? = 0
configure:30462: result: yes
configure:30466: checking whether the C locale is free of encoding errors
configure:30510: gcc -o conftest -g -O2   conftest.c  >&5
configure:30510: $? = 0
configure:30510: ./conftest
configure:30510: $? = 0
configure:30525: result: yes
configure:31054: checking for mempcpy
configure:31107: result: yes
configure:31182: checking for memrchr
configure:31182: gcc -o conftest -g -O2   conftest.c  >&5
configure:31182: $? = 0
configure:31182: result: yes
configure:31238: checking whether mkdir handles trailing slash
configure:31297: gcc -o conftest -g -O2   conftest.c  >&5
configure:31297: $? = 0
configure:31297: ./conftest
configure:31297: $? = 0
configure:31313: result: yes
configure:31322: checking whether mkdir handles trailing dot
configure:31362: gcc -o conftest -g -O2   conftest.c  >&5
configure:31362: $? = 0
configure:31362: ./conftest
configure:31362: $? = 0
configure:31379: result: yes
configure:31528: checking for __mktime_internal
configure:31528: gcc -o conftest -g -O2   conftest.c  >&5
/usr/lib/gcc/x86_64-alpine-linux-musl/15.2.0/../../../../x86_64-alpine-linux-musl/bin/ld: /tmp/ccdoBmHn.o: in function `main':
/home/sonakrie/Work/testicular_linux/patch/conftest.c:277:(.text.startup+0x5): undefined reference to `__mktime_internal'
collect2: error: ld returned 1 exit status
configure:31528: $? = 1
configure: failed program was:
| /* confdefs.h */
| #define PACKAGE_NAME "GNU patch"
| #define PACKAGE_TARNAME "patch"
| #define PACKAGE_VERSION "2.8"
| #define PACKAGE_STRING "GNU patch 2.8"
| #define PACKAGE_BUGREPORT "bug-patch@gnu.org"
| #define PACKAGE_URL "https://www.gnu.org/software/patch/"
| #define PACKAGE "patch"
| #define VERSION "2.8"
| #define HAVE_STDIO_H 1
| #define HAVE_STDLIB_H 1
| #define HAVE_STRING_H 1
| #define HAVE_INTTYPES_H 1
| #define HAVE_STDINT_H 1
| #define HAVE_STRINGS_H 1
| #define HAVE_SYS_STAT_H 1
| #define HAVE_SYS_TYPES_H 1
| #define HAVE_UNISTD_H 1
| #define HAVE_WCHAR_H 1
| #define HAVE_STDBOOL_H 1
| #define HAVE_UCHAR_H 1
| #define HAVE_SYS_PARAM_H 1
| #define HAVE_SYS_SOCKET_H 1
| #define HAVE_DIRENT_H 1
| #define HAVE_STDIO_EXT_H 1
| #define HAVE_GETOPT_H 1
| #define HAVE_SYS_TIME_H 1
| #define HAVE_THREADS_H 1
| #define HAVE_LIMITS_H 1
| #define HAVE_SYS_MMAN_H 1
| #define HAVE_STDCKDINT_H 1
| #define HAVE_SYS_RANDOM_H 1
| #define HAVE_UTIME_H 1
| #define HAVE_FEATURES_H 1
| #define HAVE_WCTYPE_H 1
| #define HAVE_FCNTL_H 1
| #define STDC_HEADERS 1
| #define _ALL_SOURCE 1
| #define _DARWIN_C_SOURCE 1
| #define _GNU_SOURCE 1
| #define _HPUX_ALT_XOPEN_SOCKET_API 1
| #define _NETBSD_SOURCE 1
| #define _OPENBSD_SOURCE 1
| #define _POSIX_PTHREAD_SEMANTICS 1
| #define __STDC_WANT_IEC_60559_ATTRIBS_EXT__ 1
| #define __STDC_WANT_IEC_60559_BFP_EXT__ 1
| #define __STDC_WANT_IEC_60559_DFP_EXT__ 1
| #define __STDC_WANT_IEC_60559_EXT__ 1
| #define __STDC_WANT_IEC_60559_FUNCS_EXT__ 1
| #define __STDC_WANT_IEC_60559_TYPES_EXT__ 1
| #define __STDC_WANT_LIB_EXT2__ 1
| #define __STDC_WANT_MATH_SPEC_FUNCS__ 1
| #define _TANDEM_SOURCE 1
| #define __EXTENSIONS__ 1
| #define _LINUX_SOURCE_COMPAT 1
| #define __USE_MINGW_ANSI_STDIO 1
| #define HAVE_LSTAT 1
| #define HAVE_PATHCONF 1
| #define HAVE_MBSINIT 1
| #define HAVE_MBRTOWC 1
| #define HAVE_REALPATH 1
| #define HAVE_CHOWN 1
| #define HAVE_FCHOWN 1
| #define HAVE_FCHDIR 1
| #define HAVE_FCHMODAT 1
| #define HAVE_LCHMOD 1
| #define HAVE_FCNTL 1
| #define HAVE_SYMLINK 1
| #define HAVE_FDOPENDIR 1
| #define HAVE_FSTATAT 1
| #define HAVE_GETDTABLESIZE 1
| #define HAVE_GETTIMEOFDAY 1
| #define HAVE_MPROTECT 1
| #define HAVE_MKDIRAT 1
| #define HAVE_OPENAT 1
| #define HAVE_READLINK 1
| #define HAVE_LINK 1
| #define HAVE_RENAMEAT 1
| #define HAVE_SETENV 1
| #define HAVE_LOCALTIME_R 1
| #define HAVE_UNLINKAT 1
| #define HAVE_ISWCNTRL 1
| #define HAVE_GETEUID 1
| #define HAVE_GETUID 1
| #define HAVE_SIGACTION 1
| #define HAVE_SIGFILLSET 1
| #define HAVE_ALLOCA_H 1
| #define HAVE_ALLOCA 1
| #define D_INO_IN_DIRENT 1
| #define HAVE_LONG_FILE_NAMES 1
| #define BITSIZEOF_WCHAR_T 32
| #define HAVE_MBSTATE_T 1
| #define HAVE_LANGINFO_CODESET 1
| #define HAVE_WORKING_MBRTOC32 1
| #define HAVE_WORKING_C32RTOMB 1
| #define HAVE_MALLOC_PTRDIFF 1
| #define HAVE_MALLOC_POSIX 1
| #define LSTAT_FOLLOWS_SLASHED_SYMLINK 1
| #define FUNC_REALPATH_NEARLY_WORKS 1
| #define HAVE_FACCESSAT 1
| #define HAVE_GETCWD 1
| #define HAVE_UNISTD_H 1
| #define HAVE_CHOWN 1
| #define HAVE_ENVIRON_DECL 1
| #define HAVE_DECL_STRERROR_R 1
| #define HAVE_STRERROR_R 1
| #define GETGROUPS_T gid_t
| #define HAVE_DECL_FCHDIR 1
| #define HAVE_WORKING_O_NOATIME 1
| #define HAVE_WORKING_O_NOFOLLOW 1
| #define _USE_STD_STAT 1
| #define HAVE_DECL_FSEEKO 1
| #define restrict __restrict__
| #define HAVE_DECL_FTELLO 1
| #define HAVE_DECL_GETDTABLESIZE 1
| #define HAVE_GETOPT_H 1
| #define HAVE_GETOPT_LONG_ONLY 1
| #define MUSL_LIBC 1
| #define HAVE_PTHREAD_API 1
| #define SETLOCALE_NULL_ALL_MTSAFE 0
| #define SETLOCALE_NULL_ONE_MTSAFE 1
| #define HAVE_WEAK_SYMBOLS 1
| #define HAVE_WINT_T 1
| #define HAVE_LONG_LONG_INT 1
| #define HAVE_UNSIGNED_LONG_LONG_INT 1
| #define HAVE_MALLOC_0_NONNULL 1
| #define HAVE_MAP_ANONYMOUS 1
| #define HAVE_DECL_MEMRCHR 1
| #define HAVE_MINMAX_IN_SYS_PARAM_H 1
| #define TIME_T_IS_SIGNED 1
| #define HAVE_DECL_ALARM 1
| #define PROMOTED_MODE_T mode_t
| #define HAVE_COMPOUND_LITERALS 1
| #define HAVE_STRUCT_TM_TM_GMTOFF 1
| #define HAVE_STRUCT_TM_TM_ZONE 1
| #define HAVE_TM_GMTOFF 1
| #define HAVE_DECL_SETENV 1
| #define HAVE_DECL__PUTENV 0
| #define HAVE_SEARCH_H 1
| #define HAVE_TSEARCH 1
| #define HAVE_SIGSET_T 1
| #define HAVE_DECL_FCLOSEALL 0
| #define HAVE_DECL_GETW 1
| #define HAVE_DECL_PUTW 1
| #define HAVE_DECL_ECVT 1
| #define HAVE_DECL_FCVT 1
| #define HAVE_DECL_GCVT 1
| #define HAVE_DECL_STRDUP 1
| #define HAVE_DECL_EXECVPE 1
| #define HAVE_DECL_UNSETENV 1
| #define HAVE_WORKING_UTIMES 1
| #define HAVE_DECL_WCSDUP 1
| #define HAVE_TOWLOWER 1
| #define GNULIB_TEST_ACCESS 1
| #define HAVE_ALLOCA 1
| #define HAVE_C_STATIC_ASSERT 1
| #define HAVE_C_BOOL 1
| #define HAVE___BUILTIN_EXPECT 1
| #define GNULIB_TEST_C32ISPRINT 1
| #define GNULIB_TEST_CALLOC_GNU 1
| #define GNULIB_TEST_CALLOC_POSIX 1
| #define GNULIB_CANONICALIZE_LGPL 1
| #define GNULIB_TEST_CANONICALIZE_FILE_NAME 1
| #define GNULIB_TEST_REALPATH 1
| #define GNULIB_TEST_CHDIR 1
| #define GNULIB_TEST_CHMOD 1
| #define GNULIB_TEST_CHOWN 1
| #define HAVE_CLOCK_GETRES 1
| #define HAVE_CLOCK_GETTIME 1
| #define HAVE_CLOCK_SETTIME 1
| #define GNULIB_TEST_CLOEXEC 1
| #define GNULIB_TEST_CLOSE 1
| #define GNULIB_CLOSE 1
| #define GNULIB_CLOSE_STREAM 1
| #define HAVE_CLOSEDIR 1
| #define GNULIB_TEST_CLOSEDIR 1
| #define D_INO_IN_DIRENT 1
| #define HAVE_DIRFD 1
| #define HAVE_DECL_DIRFD 1
| #define GNULIB_TEST_DIRFD 1
| #define GNULIB_TEST_DUP 1
| #define GNULIB_TEST_DUP2 1
| #define GNULIB_TEST_ENVIRON 1
| #define HAVE_EUIDACCESS 1
| #define GNULIB_TEST_EUIDACCESS 1
| #define HAVE_FACCESSAT 1
| #define GNULIB_FACCESSAT 1
| #define GNULIB_TEST_FACCESSAT 1
| #define GNULIB_TEST_FCHDIR 1
| #define GNULIB_TEST_FCHMODAT 1
| #define GNULIB_TEST_FCHOWNAT 1
| #define GNULIB_TEST_FCNTL 1
| #define HAVE_DECL_FDOPENDIR 1
| #define GNULIB_TEST_FDOPENDIR 1
| #define GNULIB_FDOPENDIR 1
| #define HAVE_MEMPCPY 1
| #define FLEXIBLE_ARRAY_MEMBER /**/
| #define HAVE_DECL___FPENDING 1
| #define GNULIB_TEST_FREE_POSIX 1
| #define GNULIB_TEST_FSEEK 1
| #define GNULIB_TEST_FSEEKO 1
| #define GNULIB_TEST_FSTAT 1
| #define GNULIB_FSTAT 1
| #define GNULIB_TEST_FSTATAT 1
| #define GNULIB_FSTATAT 1
| #define GNULIB_TEST_FTELL 1
| #define GNULIB_TEST_FTELLO 1
| #define HAVE_FUTIMENS 1
| #define GNULIB_TEST_FUTIMENS 1
| #define GNULIB_TEST_GETCWD 1
| #define GNULIB_TEST_GETDTABLESIZE 1
| #define HAVE_GETGROUPS 1
| #define GNULIB_TEST_GETGROUPS 1
| #define __GETOPT_PREFIX rpl_
| #define GNULIB_TEST_GETOPT_POSIX 1
| #define HAVE_DECL_PROGRAM_INVOCATION_NAME 1
| #define HAVE_DECL_PROGRAM_INVOCATION_NAME 1
| #define HAVE_DECL_PROGRAM_INVOCATION_SHORT_NAME 1
| #define HAVE_DECL___ARGV 0
| #define GNULIB_TEST_GETPROGNAME 1
| #define HAVE_GETRANDOM 1
| #define GNULIB_TEST_GETRANDOM 1
| #define HAVE_TIMESPEC_GET 1
| #define GETTIMEOFDAY_TIMEZONE void
| #define GNULIB_TEST_GETTIMEOFDAY 1
| #define GNULIB_LOCALEDIR "/usr/share/locale"
| #define GNULIB_TEST_GROUP_MEMBER 1
| #define GNULIB_TEST_LCHMOD 1
| #define HAVE_LCHOWN 1
| #define GNULIB_TEST_LCHOWN 1
| #define HAVE___INLINE 1
| #define GNULIB_TEST_LSEEK 1
| #define GNULIB_TEST_LSTAT 1
| #define GNULIB_LSTAT 1
| #define GNULIB_TEST_MALLOC_GNU 1
| #define GNULIB_TEST_MALLOC_POSIX 1
| #define GNULIB_TEST_MBRTOC32 1
| #define GNULIB_TEST_MBRTOWC 1
| #define GNULIB_TEST_MBSINIT 1
| #define GNULIB_TEST_MBSZERO 1
| #define GNULIB_TEST_MEMCHR 1
| #define HAVE_MEMPCPY 1
| #define GNULIB_TEST_MEMPCPY 1
| #define HAVE_MEMRCHR 1
| #define GNULIB_TEST_MEMRCHR 1
| #define GNULIB_TEST_MKDIR 1
| #define GNULIB_TEST_MKDIRAT 1
| #define GNULIB_TEST_MKTIME 1
| /* end confdefs.h.  */
| /* Define __mktime_internal to an innocuous variant, in case <limits.h> declares __mktime_internal.
|    For example, HP-UX 11i <limits.h> declares gettimeofday.  */
| #define __mktime_internal innocuous___mktime_internal
| 
| /* System header to define __stub macros and hopefully few prototypes,
|    which can conflict with char __mktime_internal (void); below.  */
| 
| #include <limits.h>
| #undef __mktime_internal
| 
| /* Override any GCC internal prototype to avoid an error.
|    Use char because int might match the return type of a GCC
|    builtin and then its argument prototype would still apply.  */
| #ifdef __cplusplus
| extern "C"
| #endif
| char __mktime_internal (void);
| /* The GNU C library defines this for functions which it implements
|     to always fail with ENOSYS.  Some functions are actually named
|     something starting with __ and the normal name is an alias.  */
| #if defined __stub___mktime_internal || defined __stub_____mktime_internal
| choke me
| #endif
| 
| int
| main (void)
| {
| return __mktime_internal ();
|   ;
|   return 0;
| }
configure:31528: result: no
configure:31601: checking for C nullptr
configure:31611: gcc -c -g -O2  conftest.c >&5
configure:31611: $? = 0
configure:31628: gcc -c -g -O2 -Wall -Werror  conftest.c >&5
configure:31628: $? = 0
configure:31659: result: yes
configure:31690: checking whether open recognizes a trailing slash
configure:31735: gcc -o conftest -g -O2   conftest.c  >&5
configure:31735: $? = 0
configure:31735: ./conftest
configure:31735: $? = 0
configure:31751: result: yes
configure:31893: checking for opendir
configure:31893: gcc -o conftest -g -O2   conftest.c  >&5
configure:31893: $? = 0
configure:31893: result: yes
configure:31960: checking for bison
configure:31981: found /usr/bin/bison
configure:31993: result: bison
configure:32012: checking for bison 2.4 or newer
configure:32024: result: 3.8.2, ok
configure:32044: checking whether program_invocation_name is declared
configure:32044: result: yes
configure:32055: checking whether program_invocation_short_name is declared
configure:32055: result: yes
configure:32076: checking for raise
configure:32076: gcc -o conftest -g -O2   conftest.c  >&5
configure:32076: $? = 0
configure:32076: result: yes
configure:32137: checking for rawmemchr
configure:32137: gcc -o conftest -g -O2   conftest.c  >&5
/usr/lib/gcc/x86_64-alpine-linux-musl/15.2.0/../../../../x86_64-alpine-linux-musl/bin/ld: /tmp/ccPBcHcF.o: in function `main':
/home/sonakrie/Work/testicular_linux/patch/conftest.c:289:(.text.startup+0x5): undefined reference to `rawmemchr'
collect2: error: ld returned 1 exit status
configure:32137: $? = 1
configure: failed program was:
| /* confdefs.h */
| #define PACKAGE_NAME "GNU patch"
| #define PACKAGE_TARNAME "patch"
| #define PACKAGE_VERSION "2.8"
| #define PACKAGE_STRING "GNU patch 2.8"
| #define PACKAGE_BUGREPORT "bug-patch@gnu.org"
| #define PACKAGE_URL "https://www.gnu.org/software/patch/"
| #define PACKAGE "patch"
| #define VERSION "2.8"
| #define HAVE_STDIO_H 1
| #define HAVE_STDLIB_H 1
| #define HAVE_STRING_H 1
| #define HAVE_INTTYPES_H 1
| #define HAVE_STDINT_H 1
| #define HAVE_STRINGS_H 1
| #define HAVE_SYS_STAT_H 1
| #define HAVE_SYS_TYPES_H 1
| #define HAVE_UNISTD_H 1
| #define HAVE_WCHAR_H 1
| #define HAVE_STDBOOL_H 1
| #define HAVE_UCHAR_H 1
| #define HAVE_SYS_PARAM_H 1
| #define HAVE_SYS_SOCKET_H 1
| #define HAVE_DIRENT_H 1
| #define HAVE_STDIO_EXT_H 1
| #define HAVE_GETOPT_H 1
| #define HAVE_SYS_TIME_H 1
| #define HAVE_THREADS_H 1
| #define HAVE_LIMITS_H 1
| #define HAVE_SYS_MMAN_H 1
| #define HAVE_STDCKDINT_H 1
| #define HAVE_SYS_RANDOM_H 1
| #define HAVE_UTIME_H 1
| #define HAVE_FEATURES_H 1
| #define HAVE_WCTYPE_H 1
| #define HAVE_FCNTL_H 1
| #define STDC_HEADERS 1
| #define _ALL_SOURCE 1
| #define _DARWIN_C_SOURCE 1
| #define _GNU_SOURCE 1
| #define _HPUX_ALT_XOPEN_SOCKET_API 1
| #define _NETBSD_SOURCE 1
| #define _OPENBSD_SOURCE 1
| #define _POSIX_PTHREAD_SEMANTICS 1
| #define __STDC_WANT_IEC_60559_ATTRIBS_EXT__ 1
| #define __STDC_WANT_IEC_60559_BFP_EXT__ 1
| #define __STDC_WANT_IEC_60559_DFP_EXT__ 1
| #define __STDC_WANT_IEC_60559_EXT__ 1
| #define __STDC_WANT_IEC_60559_FUNCS_EXT__ 1
| #define __STDC_WANT_IEC_60559_TYPES_EXT__ 1
| #define __STDC_WANT_LIB_EXT2__ 1
| #define __STDC_WANT_MATH_SPEC_FUNCS__ 1
| #define _TANDEM_SOURCE 1
| #define __EXTENSIONS__ 1
| #define _LINUX_SOURCE_COMPAT 1
| #define __USE_MINGW_ANSI_STDIO 1
| #define HAVE_LSTAT 1
| #define HAVE_PATHCONF 1
| #define HAVE_MBSINIT 1
| #define HAVE_MBRTOWC 1
| #define HAVE_REALPATH 1
| #define HAVE_CHOWN 1
| #define HAVE_FCHOWN 1
| #define HAVE_FCHDIR 1
| #define HAVE_FCHMODAT 1
| #define HAVE_LCHMOD 1
| #define HAVE_FCNTL 1
| #define HAVE_SYMLINK 1
| #define HAVE_FDOPENDIR 1
| #define HAVE_FSTATAT 1
| #define HAVE_GETDTABLESIZE 1
| #define HAVE_GETTIMEOFDAY 1
| #define HAVE_MPROTECT 1
| #define HAVE_MKDIRAT 1
| #define HAVE_OPENAT 1
| #define HAVE_READLINK 1
| #define HAVE_LINK 1
| #define HAVE_RENAMEAT 1
| #define HAVE_SETENV 1
| #define HAVE_LOCALTIME_R 1
| #define HAVE_UNLINKAT 1
| #define HAVE_ISWCNTRL 1
| #define HAVE_GETEUID 1
| #define HAVE_GETUID 1
| #define HAVE_SIGACTION 1
| #define HAVE_SIGFILLSET 1
| #define HAVE_ALLOCA_H 1
| #define HAVE_ALLOCA 1
| #define D_INO_IN_DIRENT 1
| #define HAVE_LONG_FILE_NAMES 1
| #define BITSIZEOF_WCHAR_T 32
| #define HAVE_MBSTATE_T 1
| #define HAVE_LANGINFO_CODESET 1
| #define HAVE_WORKING_MBRTOC32 1
| #define HAVE_WORKING_C32RTOMB 1
| #define HAVE_MALLOC_PTRDIFF 1
| #define HAVE_MALLOC_POSIX 1
| #define LSTAT_FOLLOWS_SLASHED_SYMLINK 1
| #define FUNC_REALPATH_NEARLY_WORKS 1
| #define HAVE_FACCESSAT 1
| #define HAVE_GETCWD 1
| #define HAVE_UNISTD_H 1
| #define HAVE_CHOWN 1
| #define HAVE_ENVIRON_DECL 1
| #define HAVE_DECL_STRERROR_R 1
| #define HAVE_STRERROR_R 1
| #define GETGROUPS_T gid_t
| #define HAVE_DECL_FCHDIR 1
| #define HAVE_WORKING_O_NOATIME 1
| #define HAVE_WORKING_O_NOFOLLOW 1
| #define _USE_STD_STAT 1
| #define HAVE_DECL_FSEEKO 1
| #define restrict __restrict__
| #define HAVE_DECL_FTELLO 1
| #define HAVE_DECL_GETDTABLESIZE 1
| #define HAVE_GETOPT_H 1
| #define HAVE_GETOPT_LONG_ONLY 1
| #define MUSL_LIBC 1
| #define HAVE_PTHREAD_API 1
| #define SETLOCALE_NULL_ALL_MTSAFE 0
| #define SETLOCALE_NULL_ONE_MTSAFE 1
| #define HAVE_WEAK_SYMBOLS 1
| #define HAVE_WINT_T 1
| #define HAVE_LONG_LONG_INT 1
| #define HAVE_UNSIGNED_LONG_LONG_INT 1
| #define HAVE_MALLOC_0_NONNULL 1
| #define HAVE_MAP_ANONYMOUS 1
| #define HAVE_DECL_MEMRCHR 1
| #define HAVE_MINMAX_IN_SYS_PARAM_H 1
| #define TIME_T_IS_SIGNED 1
| #define HAVE_DECL_ALARM 1
| #define PROMOTED_MODE_T mode_t
| #define HAVE_COMPOUND_LITERALS 1
| #define HAVE_STRUCT_TM_TM_GMTOFF 1
| #define HAVE_STRUCT_TM_TM_ZONE 1
| #define HAVE_TM_GMTOFF 1
| #define HAVE_DECL_SETENV 1
| #define HAVE_DECL__PUTENV 0
| #define HAVE_SEARCH_H 1
| #define HAVE_TSEARCH 1
| #define HAVE_SIGSET_T 1
| #define HAVE_DECL_FCLOSEALL 0
| #define HAVE_DECL_GETW 1
| #define HAVE_DECL_PUTW 1
| #define HAVE_DECL_ECVT 1
| #define HAVE_DECL_FCVT 1
| #define HAVE_DECL_GCVT 1
| #define HAVE_DECL_STRDUP 1
| #define HAVE_DECL_EXECVPE 1
| #define HAVE_DECL_UNSETENV 1
| #define HAVE_WORKING_UTIMES 1
| #define HAVE_DECL_WCSDUP 1
| #define HAVE_TOWLOWER 1
| #define GNULIB_TEST_ACCESS 1
| #define HAVE_ALLOCA 1
| #define HAVE_C_STATIC_ASSERT 1
| #define HAVE_C_BOOL 1
| #define HAVE___BUILTIN_EXPECT 1
| #define GNULIB_TEST_C32ISPRINT 1
| #define GNULIB_TEST_CALLOC_GNU 1
| #define GNULIB_TEST_CALLOC_POSIX 1
| #define GNULIB_CANONICALIZE_LGPL 1
| #define GNULIB_TEST_CANONICALIZE_FILE_NAME 1
| #define GNULIB_TEST_REALPATH 1
| #define GNULIB_TEST_CHDIR 1
| #define GNULIB_TEST_CHMOD 1
| #define GNULIB_TEST_CHOWN 1
| #define HAVE_CLOCK_GETRES 1
| #define HAVE_CLOCK_GETTIME 1
| #define HAVE_CLOCK_SETTIME 1
| #define GNULIB_TEST_CLOEXEC 1
| #define GNULIB_TEST_CLOSE 1
| #define GNULIB_CLOSE 1
| #define GNULIB_CLOSE_STREAM 1
| #define HAVE_CLOSEDIR 1
| #define GNULIB_TEST_CLOSEDIR 1
| #define D_INO_IN_DIRENT 1
| #define HAVE_DIRFD 1
| #define HAVE_DECL_DIRFD 1
| #define GNULIB_TEST_DIRFD 1
| #define GNULIB_TEST_DUP 1
| #define GNULIB_TEST_DUP2 1
| #define GNULIB_TEST_ENVIRON 1
| #define HAVE_EUIDACCESS 1
| #define GNULIB_TEST_EUIDACCESS 1
| #define HAVE_FACCESSAT 1
| #define GNULIB_FACCESSAT 1
| #define GNULIB_TEST_FACCESSAT 1
| #define GNULIB_TEST_FCHDIR 1
| #define GNULIB_TEST_FCHMODAT 1
| #define GNULIB_TEST_FCHOWNAT 1
| #define GNULIB_TEST_FCNTL 1
| #define HAVE_DECL_FDOPENDIR 1
| #define GNULIB_TEST_FDOPENDIR 1
| #define GNULIB_FDOPENDIR 1
| #define HAVE_MEMPCPY 1
| #define FLEXIBLE_ARRAY_MEMBER /**/
| #define HAVE_DECL___FPENDING 1
| #define GNULIB_TEST_FREE_POSIX 1
| #define GNULIB_TEST_FSEEK 1
| #define GNULIB_TEST_FSEEKO 1
| #define GNULIB_TEST_FSTAT 1
| #define GNULIB_FSTAT 1
| #define GNULIB_TEST_FSTATAT 1
| #define GNULIB_FSTATAT 1
| #define GNULIB_TEST_FTELL 1
| #define GNULIB_TEST_FTELLO 1
| #define HAVE_FUTIMENS 1
| #define GNULIB_TEST_FUTIMENS 1
| #define GNULIB_TEST_GETCWD 1
| #define GNULIB_TEST_GETDTABLESIZE 1
| #define HAVE_GETGROUPS 1
| #define GNULIB_TEST_GETGROUPS 1
| #define __GETOPT_PREFIX rpl_
| #define GNULIB_TEST_GETOPT_POSIX 1
| #define HAVE_DECL_PROGRAM_INVOCATION_NAME 1
| #define HAVE_DECL_PROGRAM_INVOCATION_NAME 1
| #define HAVE_DECL_PROGRAM_INVOCATION_SHORT_NAME 1
| #define HAVE_DECL___ARGV 0
| #define GNULIB_TEST_GETPROGNAME 1
| #define HAVE_GETRANDOM 1
| #define GNULIB_TEST_GETRANDOM 1
| #define HAVE_TIMESPEC_GET 1
| #define GETTIMEOFDAY_TIMEZONE void
| #define GNULIB_TEST_GETTIMEOFDAY 1
| #define GNULIB_LOCALEDIR "/usr/share/locale"
| #define GNULIB_TEST_GROUP_MEMBER 1
| #define GNULIB_TEST_LCHMOD 1
| #define HAVE_LCHOWN 1
| #define GNULIB_TEST_LCHOWN 1
| #define HAVE___INLINE 1
| #define GNULIB_TEST_LSEEK 1
| #define GNULIB_TEST_LSTAT 1
| #define GNULIB_LSTAT 1
| #define GNULIB_TEST_MALLOC_GNU 1
| #define GNULIB_TEST_MALLOC_POSIX 1
| #define GNULIB_TEST_MBRTOC32 1
| #define GNULIB_TEST_MBRTOWC 1
| #define GNULIB_TEST_MBSINIT 1
| #define GNULIB_TEST_MBSZERO 1
| #define GNULIB_TEST_MEMCHR 1
| #define HAVE_MEMPCPY 1
| #define GNULIB_TEST_MEMPCPY 1
| #define HAVE_MEMRCHR 1
| #define GNULIB_TEST_MEMRCHR 1
| #define GNULIB_TEST_MKDIR 1
| #define GNULIB_TEST_MKDIRAT 1
| #define GNULIB_TEST_MKTIME 1
| #define NEED_MKTIME_INTERNAL 1
| #define GNULIB_MSVC_NOTHROW 1
| #define HAVE_C_NULLPTR 1
| #define GNULIB_TEST_OPEN 1
| #define GNULIB_OPENAT 1
| #define GNULIB_TEST_OPENAT 1
| #define HAVE_OPENDIR 1
| #define GNULIB_TEST_OPENDIR 1
| #define HAVE_DECL_PROGRAM_INVOCATION_NAME 1
| #define HAVE_DECL_PROGRAM_INVOCATION_SHORT_NAME 1
| #define HAVE_RAISE 1
| #define GNULIB_TEST_RAISE 1
| /* end confdefs.h.  */
| /* Define rawmemchr to an innocuous variant, in case <limits.h> declares rawmemchr.
|    For example, HP-UX 11i <limits.h> declares gettimeofday.  */
| #define rawmemchr innocuous_rawmemchr
| 
| /* System header to define __stub macros and hopefully few prototypes,
|    which can conflict with char rawmemchr (void); below.  */
| 
| #include <limits.h>
| #undef rawmemchr
| 
| /* Override any GCC internal prototype to avoid an error.
|    Use char because int might match the return type of a GCC
|    builtin and then its argument prototype would still apply.  */
| #ifdef __cplusplus
| extern "C"
| #endif
| char rawmemchr (void);
| /* The GNU C library defines this for functions which it implements
|     to always fail with ENOSYS.  Some functions are actually named
|     something starting with __ and the normal name is an alias.  */
| #if defined __stub_rawmemchr || defined __stub___rawmemchr
| choke me
| #endif
| 
| int
| main (void)
| {
| return rawmemchr ();
|   ;
|   return 0;
| }
configure:32137: result: no
configure:32194: checking for readdir
configure:32194: gcc -o conftest -g -O2   conftest.c  >&5
configure:32194: $? = 0
configure:32194: result: yes
configure:32250: checking whether readlink signature is correct
configure:32272: gcc -c -g -O2  conftest.c >&5
configure:32272: $? = 0
configure:32282: result: yes
configure:32285: checking whether readlink handles trailing slash correctly
configure:32327: gcc -o conftest -g -O2   conftest.c  >&5
configure:32327: $? = 0
configure:32327: ./conftest
configure:32327: $? = 0
configure:32342: result: yes
configure:32358: checking whether readlink truncates results correctly
configure:32399: gcc -o conftest -g -O2   conftest.c  >&5
configure:32399: $? = 0
configure:32399: ./conftest
configure:32399: $? = 0
configure:32414: result: yes
configure:32482: checking for readlinkat
configure:32519: checking for readlinkat
configure:32519: gcc -o conftest -g -O2   conftest.c  >&5
configure:32519: $? = 0
configure:32519: result: yes
configure:32535: result: yes
configure:32556: checking whether readlinkat signature is correct
configure:32577: gcc -c -g -O2  conftest.c >&5
configure:32577: $? = 0
configure:32588: result: yes
configure:32656: checking whether realloc (..., 0) returns nonnull
configure:32694: gcc -o conftest -g -O2   conftest.c  >&5
configure:32694: $? = 0
configure:32694: ./conftest
configure:32694: $? = 0
configure:32708: result: yes
configure:32766: checking for reallocarray
configure:32803: checking for reallocarray
configure:32803: gcc -o conftest -g -O2   conftest.c  >&5
configure:32803: $? = 0
configure:32803: result: yes
configure:32819: result: yes
configure:32896: checking whether rename honors trailing slash on destination
configure:32948: gcc -o conftest -g -O2   conftest.c  >&5
configure:32948: $? = 0
configure:32948: ./conftest
configure:32948: $? = 0
configure:32964: result: yes
configure:32976: checking whether rename honors trailing slash on source
configure:33028: gcc -o conftest -g -O2   conftest.c  >&5
configure:33028: $? = 0
configure:33028: ./conftest
configure:33028: $? = 0
configure:33044: result: yes
configure:33057: checking whether rename manages hard links correctly
configure:33110: gcc -o conftest -g -O2   conftest.c  >&5
configure:33110: $? = 0
configure:33110: ./conftest
configure:33110: $? = 0
configure:33145: result: yes
configure:33157: checking whether rename manages existing destinations correctly
configure:33201: gcc -o conftest -g -O2   conftest.c  >&5
configure:33201: $? = 0
configure:33201: ./conftest
configure:33201: $? = 0
configure:33217: result: yes
configure:33267: checking for linux/fs.h
configure:33267: gcc -c -g -O2  conftest.c >&5
configure:33267: $? = 0
configure:33267: result: yes
configure:33282: checking for renameat2
configure:33319: checking for renameat2
configure:33319: gcc -o conftest -g -O2   conftest.c  >&5
configure:33319: $? = 0
configure:33319: result: yes
configure:33335: result: yes
configure:33350: checking whether renameat2 works
configure:33393: gcc -o conftest -g -O2   conftest.c  >&5
configure:33393: $? = 0
configure:33393: ./conftest
configure:33393: $? = 0
configure:33409: result: yes
configure:33470: checking for linux/fs.h
configure:33470: result: yes
configure:33485: checking for renameat2
configure:33538: result: yes
configure:33553: checking whether renameat2 works
configure:33612: result: yes
configure:33638: checking whether rmdir works
configure:33691: gcc -o conftest -g -O2   conftest.c  >&5
configure:33691: $? = 0
configure:33691: ./conftest
configure:33691: $? = 0
configure:33706: result: yes
configure:33756: checking whether setenv validates arguments
configure:33804: gcc -o conftest -g -O2   conftest.c  >&5
configure:33804: $? = 0
configure:33804: ./conftest
configure:33804: $? = 0
configure:33818: result: yes
configure:33866: checking whether setlocale (LC_ALL, NULL) is multithread-safe
configure:33910: result: no
configure:33928: checking whether setlocale (category, NULL) is multithread-safe
configure:33948: result: yes
configure:33974: checking whether imported symbols can be declared weak
configure:34078: result: yes
configure:34123: checking whether the -Werror option is usable
configure:34142: gcc -c -g -O2 -Werror  conftest.c >&5
configure:34142: $? = 0
configure:34154: result: yes
configure:34156: checking for simple visibility declarations
configure:34188: gcc -c -g -O2 -fvisibility=hidden -Werror  conftest.c >&5
configure:34188: $? = 0
configure:34200: result: yes
configure:34243: checking for ssize_t
configure:34261: gcc -c -g -O2  conftest.c >&5
configure:34261: $? = 0
configure:34271: result: yes
configure:34324: checking whether stat handles trailing slashes on files
configure:34370: gcc -o conftest -g -O2   conftest.c  >&5
configure:34370: $? = 0
configure:34370: ./conftest
configure:34370: $? = 0
configure:34385: result: yes
configure:34466: checking for struct stat.st_atim.tv_nsec
configure:34466: gcc -c -g -O2  conftest.c >&5
configure:34466: $? = 0
configure:34466: result: yes
configure:34474: checking whether struct stat.st_atim is of type struct timespec
configure:34502: gcc -c -g -O2  conftest.c >&5
configure:34502: $? = 0
configure:34512: result: yes
configure:34564: checking for struct stat.st_birthtimespec.tv_nsec
configure:34564: gcc -c -g -O2  conftest.c >&5
conftest.c: In function 'main':
conftest.c:299:12: error: 'struct stat' has no member named 'st_birthtimespec'
  299 | if (ac_aggr.st_birthtimespec.tv_nsec)
      |            ^
configure:34564: $? = 1
configure: failed program was:
| /* confdefs.h */
| #define PACKAGE_NAME "GNU patch"
| #define PACKAGE_TARNAME "patch"
| #define PACKAGE_VERSION "2.8"
| #define PACKAGE_STRING "GNU patch 2.8"
| #define PACKAGE_BUGREPORT "bug-patch@gnu.org"
| #define PACKAGE_URL "https://www.gnu.org/software/patch/"
| #define PACKAGE "patch"
| #define VERSION "2.8"
| #define HAVE_STDIO_H 1
| #define HAVE_STDLIB_H 1
| #define HAVE_STRING_H 1
| #define HAVE_INTTYPES_H 1
| #define HAVE_STDINT_H 1
| #define HAVE_STRINGS_H 1
| #define HAVE_SYS_STAT_H 1
| #define HAVE_SYS_TYPES_H 1
| #define HAVE_UNISTD_H 1
| #define HAVE_WCHAR_H 1
| #define HAVE_STDBOOL_H 1
| #define HAVE_UCHAR_H 1
| #define HAVE_SYS_PARAM_H 1
| #define HAVE_SYS_SOCKET_H 1
| #define HAVE_DIRENT_H 1
| #define HAVE_STDIO_EXT_H 1
| #define HAVE_GETOPT_H 1
| #define HAVE_SYS_TIME_H 1
| #define HAVE_THREADS_H 1
| #define HAVE_LIMITS_H 1
| #define HAVE_SYS_MMAN_H 1
| #define HAVE_STDCKDINT_H 1
| #define HAVE_SYS_RANDOM_H 1
| #define HAVE_UTIME_H 1
| #define HAVE_FEATURES_H 1
| #define HAVE_WCTYPE_H 1
| #define HAVE_FCNTL_H 1
| #define STDC_HEADERS 1
| #define _ALL_SOURCE 1
| #define _DARWIN_C_SOURCE 1
| #define _GNU_SOURCE 1
| #define _HPUX_ALT_XOPEN_SOCKET_API 1
| #define _NETBSD_SOURCE 1
| #define _OPENBSD_SOURCE 1
| #define _POSIX_PTHREAD_SEMANTICS 1
| #define __STDC_WANT_IEC_60559_ATTRIBS_EXT__ 1
| #define __STDC_WANT_IEC_60559_BFP_EXT__ 1
| #define __STDC_WANT_IEC_60559_DFP_EXT__ 1
| #define __STDC_WANT_IEC_60559_EXT__ 1
| #define __STDC_WANT_IEC_60559_FUNCS_EXT__ 1
| #define __STDC_WANT_IEC_60559_TYPES_EXT__ 1
| #define __STDC_WANT_LIB_EXT2__ 1
| #define __STDC_WANT_MATH_SPEC_FUNCS__ 1
| #define _TANDEM_SOURCE 1
| #define __EXTENSIONS__ 1
| #define _LINUX_SOURCE_COMPAT 1
| #define __USE_MINGW_ANSI_STDIO 1
| #define HAVE_LSTAT 1
| #define HAVE_PATHCONF 1
| #define HAVE_MBSINIT 1
| #define HAVE_MBRTOWC 1
| #define HAVE_REALPATH 1
| #define HAVE_CHOWN 1
| #define HAVE_FCHOWN 1
| #define HAVE_FCHDIR 1
| #define HAVE_FCHMODAT 1
| #define HAVE_LCHMOD 1
| #define HAVE_FCNTL 1
| #define HAVE_SYMLINK 1
| #define HAVE_FDOPENDIR 1
| #define HAVE_FSTATAT 1
| #define HAVE_GETDTABLESIZE 1
| #define HAVE_GETTIMEOFDAY 1
| #define HAVE_MPROTECT 1
| #define HAVE_MKDIRAT 1
| #define HAVE_OPENAT 1
| #define HAVE_READLINK 1
| #define HAVE_LINK 1
| #define HAVE_RENAMEAT 1
| #define HAVE_SETENV 1
| #define HAVE_LOCALTIME_R 1
| #define HAVE_UNLINKAT 1
| #define HAVE_ISWCNTRL 1
| #define HAVE_GETEUID 1
| #define HAVE_GETUID 1
| #define HAVE_SIGACTION 1
| #define HAVE_SIGFILLSET 1
| #define HAVE_ALLOCA_H 1
| #define HAVE_ALLOCA 1
| #define D_INO_IN_DIRENT 1
| #define HAVE_LONG_FILE_NAMES 1
| #define BITSIZEOF_WCHAR_T 32
| #define HAVE_MBSTATE_T 1
| #define HAVE_LANGINFO_CODESET 1
| #define HAVE_WORKING_MBRTOC32 1
| #define HAVE_WORKING_C32RTOMB 1
| #define HAVE_MALLOC_PTRDIFF 1
| #define HAVE_MALLOC_POSIX 1
| #define LSTAT_FOLLOWS_SLASHED_SYMLINK 1
| #define FUNC_REALPATH_NEARLY_WORKS 1
| #define HAVE_FACCESSAT 1
| #define HAVE_GETCWD 1
| #define HAVE_UNISTD_H 1
| #define HAVE_CHOWN 1
| #define HAVE_ENVIRON_DECL 1
| #define HAVE_DECL_STRERROR_R 1
| #define HAVE_STRERROR_R 1
| #define GETGROUPS_T gid_t
| #define HAVE_DECL_FCHDIR 1
| #define HAVE_WORKING_O_NOATIME 1
| #define HAVE_WORKING_O_NOFOLLOW 1
| #define _USE_STD_STAT 1
| #define HAVE_DECL_FSEEKO 1
| #define restrict __restrict__
| #define HAVE_DECL_FTELLO 1
| #define HAVE_DECL_GETDTABLESIZE 1
| #define HAVE_GETOPT_H 1
| #define HAVE_GETOPT_LONG_ONLY 1
| #define MUSL_LIBC 1
| #define HAVE_PTHREAD_API 1
| #define SETLOCALE_NULL_ALL_MTSAFE 0
| #define SETLOCALE_NULL_ONE_MTSAFE 1
| #define HAVE_WEAK_SYMBOLS 1
| #define HAVE_WINT_T 1
| #define HAVE_LONG_LONG_INT 1
| #define HAVE_UNSIGNED_LONG_LONG_INT 1
| #define HAVE_MALLOC_0_NONNULL 1
| #define HAVE_MAP_ANONYMOUS 1
| #define HAVE_DECL_MEMRCHR 1
| #define HAVE_MINMAX_IN_SYS_PARAM_H 1
| #define TIME_T_IS_SIGNED 1
| #define HAVE_DECL_ALARM 1
| #define PROMOTED_MODE_T mode_t
| #define HAVE_COMPOUND_LITERALS 1
| #define HAVE_STRUCT_TM_TM_GMTOFF 1
| #define HAVE_STRUCT_TM_TM_ZONE 1
| #define HAVE_TM_GMTOFF 1
| #define HAVE_DECL_SETENV 1
| #define HAVE_DECL__PUTENV 0
| #define HAVE_SEARCH_H 1
| #define HAVE_TSEARCH 1
| #define HAVE_SIGSET_T 1
| #define HAVE_DECL_FCLOSEALL 0
| #define HAVE_DECL_GETW 1
| #define HAVE_DECL_PUTW 1
| #define HAVE_DECL_ECVT 1
| #define HAVE_DECL_FCVT 1
| #define HAVE_DECL_GCVT 1
| #define HAVE_DECL_STRDUP 1
| #define HAVE_DECL_EXECVPE 1
| #define HAVE_DECL_UNSETENV 1
| #define HAVE_WORKING_UTIMES 1
| #define HAVE_DECL_WCSDUP 1
| #define HAVE_TOWLOWER 1
| #define GNULIB_TEST_ACCESS 1
| #define HAVE_ALLOCA 1
| #define HAVE_C_STATIC_ASSERT 1
| #define HAVE_C_BOOL 1
| #define HAVE___BUILTIN_EXPECT 1
| #define GNULIB_TEST_C32ISPRINT 1
| #define GNULIB_TEST_CALLOC_GNU 1
| #define GNULIB_TEST_CALLOC_POSIX 1
| #define GNULIB_CANONICALIZE_LGPL 1
| #define GNULIB_TEST_CANONICALIZE_FILE_NAME 1
| #define GNULIB_TEST_REALPATH 1
| #define GNULIB_TEST_CHDIR 1
| #define GNULIB_TEST_CHMOD 1
| #define GNULIB_TEST_CHOWN 1
| #define HAVE_CLOCK_GETRES 1
| #define HAVE_CLOCK_GETTIME 1
| #define HAVE_CLOCK_SETTIME 1
| #define GNULIB_TEST_CLOEXEC 1
| #define GNULIB_TEST_CLOSE 1
| #define GNULIB_CLOSE 1
| #define GNULIB_CLOSE_STREAM 1
| #define HAVE_CLOSEDIR 1
| #define GNULIB_TEST_CLOSEDIR 1
| #define D_INO_IN_DIRENT 1
| #define HAVE_DIRFD 1
| #define HAVE_DECL_DIRFD 1
| #define GNULIB_TEST_DIRFD 1
| #define GNULIB_TEST_DUP 1
| #define GNULIB_TEST_DUP2 1
| #define GNULIB_TEST_ENVIRON 1
| #define HAVE_EUIDACCESS 1
| #define GNULIB_TEST_EUIDACCESS 1
| #define HAVE_FACCESSAT 1
| #define GNULIB_FACCESSAT 1
| #define GNULIB_TEST_FACCESSAT 1
| #define GNULIB_TEST_FCHDIR 1
| #define GNULIB_TEST_FCHMODAT 1
| #define GNULIB_TEST_FCHOWNAT 1
| #define GNULIB_TEST_FCNTL 1
| #define HAVE_DECL_FDOPENDIR 1
| #define GNULIB_TEST_FDOPENDIR 1
| #define GNULIB_FDOPENDIR 1
| #define HAVE_MEMPCPY 1
| #define FLEXIBLE_ARRAY_MEMBER /**/
| #define HAVE_DECL___FPENDING 1
| #define GNULIB_TEST_FREE_POSIX 1
| #define GNULIB_TEST_FSEEK 1
| #define GNULIB_TEST_FSEEKO 1
| #define GNULIB_TEST_FSTAT 1
| #define GNULIB_FSTAT 1
| #define GNULIB_TEST_FSTATAT 1
| #define GNULIB_FSTATAT 1
| #define GNULIB_TEST_FTELL 1
| #define GNULIB_TEST_FTELLO 1
| #define HAVE_FUTIMENS 1
| #define GNULIB_TEST_FUTIMENS 1
| #define GNULIB_TEST_GETCWD 1
| #define GNULIB_TEST_GETDTABLESIZE 1
| #define HAVE_GETGROUPS 1
| #define GNULIB_TEST_GETGROUPS 1
| #define __GETOPT_PREFIX rpl_
| #define GNULIB_TEST_GETOPT_POSIX 1
| #define HAVE_DECL_PROGRAM_INVOCATION_NAME 1
| #define HAVE_DECL_PROGRAM_INVOCATION_NAME 1
| #define HAVE_DECL_PROGRAM_INVOCATION_SHORT_NAME 1
| #define HAVE_DECL___ARGV 0
| #define GNULIB_TEST_GETPROGNAME 1
| #define HAVE_GETRANDOM 1
| #define GNULIB_TEST_GETRANDOM 1
| #define HAVE_TIMESPEC_GET 1
| #define GETTIMEOFDAY_TIMEZONE void
| #define GNULIB_TEST_GETTIMEOFDAY 1
| #define GNULIB_LOCALEDIR "/usr/share/locale"
| #define GNULIB_TEST_GROUP_MEMBER 1
| #define GNULIB_TEST_LCHMOD 1
| #define HAVE_LCHOWN 1
| #define GNULIB_TEST_LCHOWN 1
| #define HAVE___INLINE 1
| #define GNULIB_TEST_LSEEK 1
| #define GNULIB_TEST_LSTAT 1
| #define GNULIB_LSTAT 1
| #define GNULIB_TEST_MALLOC_GNU 1
| #define GNULIB_TEST_MALLOC_POSIX 1
| #define GNULIB_TEST_MBRTOC32 1
| #define GNULIB_TEST_MBRTOWC 1
| #define GNULIB_TEST_MBSINIT 1
| #define GNULIB_TEST_MBSZERO 1
| #define GNULIB_TEST_MEMCHR 1
| #define HAVE_MEMPCPY 1
| #define GNULIB_TEST_MEMPCPY 1
| #define HAVE_MEMRCHR 1
| #define GNULIB_TEST_MEMRCHR 1
| #define GNULIB_TEST_MKDIR 1
| #define GNULIB_TEST_MKDIRAT 1
| #define GNULIB_TEST_MKTIME 1
| #define NEED_MKTIME_INTERNAL 1
| #define GNULIB_MSVC_NOTHROW 1
| #define HAVE_C_NULLPTR 1
| #define GNULIB_TEST_OPEN 1
| #define GNULIB_OPENAT 1
| #define GNULIB_TEST_OPENAT 1
| #define HAVE_OPENDIR 1
| #define GNULIB_TEST_OPENDIR 1
| #define HAVE_DECL_PROGRAM_INVOCATION_NAME 1
| #define HAVE_DECL_PROGRAM_INVOCATION_SHORT_NAME 1
| #define HAVE_RAISE 1
| #define GNULIB_TEST_RAISE 1
| #define GNULIB_TEST_RAWMEMCHR 1
| #define HAVE_READDIR 1
| #define GNULIB_TEST_READDIR 1
| #define GNULIB_TEST_READLINK 1
| #define HAVE_READLINKAT 1
| #define GNULIB_TEST_READLINKAT 1
| #define HAVE_REALLOC_0_NONNULL 1
| #define GNULIB_TEST_REALLOC_POSIX 1
| #define HAVE_REALLOCARRAY 1
| #define GNULIB_REALLOCARRAY 1
| #define GNULIB_TEST_REALLOCARRAY 1
| #define GNULIB_TEST_RENAME 1
| #define HAVE_LINUX_FS_H 1
| #define HAVE_RENAMEAT2 1
| #define HAVE_WORKING_RENAMEAT2 1
| #define GNULIB_TEST_RENAMEAT 1
| #define HAVE_LINUX_FS_H 1
| #define HAVE_RENAMEAT2 1
| #define HAVE_WORKING_RENAMEAT2 1
| #define GNULIB_TEST_RMDIR 1
| #define GNULIB_TEST_SETENV 1
| #define SETLOCALE_NULL_ALL_MTSAFE 0
| #define SETLOCALE_NULL_ONE_MTSAFE 1
| #define HAVE_WEAK_SYMBOLS 1
| #define HAVE_VISIBILITY 1
| #define GNULIB_TEST_SETLOCALE_NULL 1
| #define GNULIB_TEST_STAT 1
| #define GNULIB_STAT 1
| #define HAVE_STRUCT_STAT_ST_ATIM_TV_NSEC 1
| #define TYPEOF_STRUCT_STAT_ST_ATIM_IS_STRUCT_TIMESPEC 1
| /* end confdefs.h.  */
| #include <sys/types.h>
|      #include <sys/stat.h>
| 
| int
| main (void)
| {
| static struct stat ac_aggr;
| if (ac_aggr.st_birthtimespec.tv_nsec)
| return 0;
|   ;
|   return 0;
| }
configure:34564: gcc -c -g -O2  conftest.c >&5
conftest.c: In function 'main':
conftest.c:299:19: error: 'struct stat' has no member named 'st_birthtimespec'
  299 | if (sizeof ac_aggr.st_birthtimespec.tv_nsec)
      |                   ^
configure:34564: $? = 1
configure: failed program was:
| /* confdefs.h */
| #define PACKAGE_NAME "GNU patch"
| #define PACKAGE_TARNAME "patch"
| #define PACKAGE_VERSION "2.8"
| #define PACKAGE_STRING "GNU patch 2.8"
| #define PACKAGE_BUGREPORT "bug-patch@gnu.org"
| #define PACKAGE_URL "https://www.gnu.org/software/patch/"
| #define PACKAGE "patch"
| #define VERSION "2.8"
| #define HAVE_STDIO_H 1
| #define HAVE_STDLIB_H 1
| #define HAVE_STRING_H 1
| #define HAVE_INTTYPES_H 1
| #define HAVE_STDINT_H 1
| #define HAVE_STRINGS_H 1
| #define HAVE_SYS_STAT_H 1
| #define HAVE_SYS_TYPES_H 1
| #define HAVE_UNISTD_H 1
| #define HAVE_WCHAR_H 1
| #define HAVE_STDBOOL_H 1
| #define HAVE_UCHAR_H 1
| #define HAVE_SYS_PARAM_H 1
| #define HAVE_SYS_SOCKET_H 1
| #define HAVE_DIRENT_H 1
| #define HAVE_STDIO_EXT_H 1
| #define HAVE_GETOPT_H 1
| #define HAVE_SYS_TIME_H 1
| #define HAVE_THREADS_H 1
| #define HAVE_LIMITS_H 1
| #define HAVE_SYS_MMAN_H 1
| #define HAVE_STDCKDINT_H 1
| #define HAVE_SYS_RANDOM_H 1
| #define HAVE_UTIME_H 1
| #define HAVE_FEATURES_H 1
| #define HAVE_WCTYPE_H 1
| #define HAVE_FCNTL_H 1
| #define STDC_HEADERS 1
| #define _ALL_SOURCE 1
| #define _DARWIN_C_SOURCE 1
| #define _GNU_SOURCE 1
| #define _HPUX_ALT_XOPEN_SOCKET_API 1
| #define _NETBSD_SOURCE 1
| #define _OPENBSD_SOURCE 1
| #define _POSIX_PTHREAD_SEMANTICS 1
| #define __STDC_WANT_IEC_60559_ATTRIBS_EXT__ 1
| #define __STDC_WANT_IEC_60559_BFP_EXT__ 1
| #define __STDC_WANT_IEC_60559_DFP_EXT__ 1
| #define __STDC_WANT_IEC_60559_EXT__ 1
| #define __STDC_WANT_IEC_60559_FUNCS_EXT__ 1
| #define __STDC_WANT_IEC_60559_TYPES_EXT__ 1
| #define __STDC_WANT_LIB_EXT2__ 1
| #define __STDC_WANT_MATH_SPEC_FUNCS__ 1
| #define _TANDEM_SOURCE 1
| #define __EXTENSIONS__ 1
| #define _LINUX_SOURCE_COMPAT 1
| #define __USE_MINGW_ANSI_STDIO 1
| #define HAVE_LSTAT 1
| #define HAVE_PATHCONF 1
| #define HAVE_MBSINIT 1
| #define HAVE_MBRTOWC 1
| #define HAVE_REALPATH 1
| #define HAVE_CHOWN 1
| #define HAVE_FCHOWN 1
| #define HAVE_FCHDIR 1
| #define HAVE_FCHMODAT 1
| #define HAVE_LCHMOD 1
| #define HAVE_FCNTL 1
| #define HAVE_SYMLINK 1
| #define HAVE_FDOPENDIR 1
| #define HAVE_FSTATAT 1
| #define HAVE_GETDTABLESIZE 1
| #define HAVE_GETTIMEOFDAY 1
| #define HAVE_MPROTECT 1
| #define HAVE_MKDIRAT 1
| #define HAVE_OPENAT 1
| #define HAVE_READLINK 1
| #define HAVE_LINK 1
| #define HAVE_RENAMEAT 1
| #define HAVE_SETENV 1
| #define HAVE_LOCALTIME_R 1
| #define HAVE_UNLINKAT 1
| #define HAVE_ISWCNTRL 1
| #define HAVE_GETEUID 1
| #define HAVE_GETUID 1
| #define HAVE_SIGACTION 1
| #define HAVE_SIGFILLSET 1
| #define HAVE_ALLOCA_H 1
| #define HAVE_ALLOCA 1
| #define D_INO_IN_DIRENT 1
| #define HAVE_LONG_FILE_NAMES 1
| #define BITSIZEOF_WCHAR_T 32
| #define HAVE_MBSTATE_T 1
| #define HAVE_LANGINFO_CODESET 1
| #define HAVE_WORKING_MBRTOC32 1
| #define HAVE_WORKING_C32RTOMB 1
| #define HAVE_MALLOC_PTRDIFF 1
| #define HAVE_MALLOC_POSIX 1
| #define LSTAT_FOLLOWS_SLASHED_SYMLINK 1
| #define FUNC_REALPATH_NEARLY_WORKS 1
| #define HAVE_FACCESSAT 1
| #define HAVE_GETCWD 1
| #define HAVE_UNISTD_H 1
| #define HAVE_CHOWN 1
| #define HAVE_ENVIRON_DECL 1
| #define HAVE_DECL_STRERROR_R 1
| #define HAVE_STRERROR_R 1
| #define GETGROUPS_T gid_t
| #define HAVE_DECL_FCHDIR 1
| #define HAVE_WORKING_O_NOATIME 1
| #define HAVE_WORKING_O_NOFOLLOW 1
| #define _USE_STD_STAT 1
| #define HAVE_DECL_FSEEKO 1
| #define restrict __restrict__
| #define HAVE_DECL_FTELLO 1
| #define HAVE_DECL_GETDTABLESIZE 1
| #define HAVE_GETOPT_H 1
| #define HAVE_GETOPT_LONG_ONLY 1
| #define MUSL_LIBC 1
| #define HAVE_PTHREAD_API 1
| #define SETLOCALE_NULL_ALL_MTSAFE 0
| #define SETLOCALE_NULL_ONE_MTSAFE 1
| #define HAVE_WEAK_SYMBOLS 1
| #define HAVE_WINT_T 1
| #define HAVE_LONG_LONG_INT 1
| #define HAVE_UNSIGNED_LONG_LONG_INT 1
| #define HAVE_MALLOC_0_NONNULL 1
| #define HAVE_MAP_ANONYMOUS 1
| #define HAVE_DECL_MEMRCHR 1
| #define HAVE_MINMAX_IN_SYS_PARAM_H 1
| #define TIME_T_IS_SIGNED 1
| #define HAVE_DECL_ALARM 1
| #define PROMOTED_MODE_T mode_t
| #define HAVE_COMPOUND_LITERALS 1
| #define HAVE_STRUCT_TM_TM_GMTOFF 1
| #define HAVE_STRUCT_TM_TM_ZONE 1
| #define HAVE_TM_GMTOFF 1
| #define HAVE_DECL_SETENV 1
| #define HAVE_DECL__PUTENV 0
| #define HAVE_SEARCH_H 1
| #define HAVE_TSEARCH 1
| #define HAVE_SIGSET_T 1
| #define HAVE_DECL_FCLOSEALL 0
| #define HAVE_DECL_GETW 1
| #define HAVE_DECL_PUTW 1
| #define HAVE_DECL_ECVT 1
| #define HAVE_DECL_FCVT 1
| #define HAVE_DECL_GCVT 1
| #define HAVE_DECL_STRDUP 1
| #define HAVE_DECL_EXECVPE 1
| #define HAVE_DECL_UNSETENV 1
| #define HAVE_WORKING_UTIMES 1
| #define HAVE_DECL_WCSDUP 1
| #define HAVE_TOWLOWER 1
| #define GNULIB_TEST_ACCESS 1
| #define HAVE_ALLOCA 1
| #define HAVE_C_STATIC_ASSERT 1
| #define HAVE_C_BOOL 1
| #define HAVE___BUILTIN_EXPECT 1
| #define GNULIB_TEST_C32ISPRINT 1
| #define GNULIB_TEST_CALLOC_GNU 1
| #define GNULIB_TEST_CALLOC_POSIX 1
| #define GNULIB_CANONICALIZE_LGPL 1
| #define GNULIB_TEST_CANONICALIZE_FILE_NAME 1
| #define GNULIB_TEST_REALPATH 1
| #define GNULIB_TEST_CHDIR 1
| #define GNULIB_TEST_CHMOD 1
| #define GNULIB_TEST_CHOWN 1
| #define HAVE_CLOCK_GETRES 1
| #define HAVE_CLOCK_GETTIME 1
| #define HAVE_CLOCK_SETTIME 1
| #define GNULIB_TEST_CLOEXEC 1
| #define GNULIB_TEST_CLOSE 1
| #define GNULIB_CLOSE 1
| #define GNULIB_CLOSE_STREAM 1
| #define HAVE_CLOSEDIR 1
| #define GNULIB_TEST_CLOSEDIR 1
| #define D_INO_IN_DIRENT 1
| #define HAVE_DIRFD 1
| #define HAVE_DECL_DIRFD 1
| #define GNULIB_TEST_DIRFD 1
| #define GNULIB_TEST_DUP 1
| #define GNULIB_TEST_DUP2 1
| #define GNULIB_TEST_ENVIRON 1
| #define HAVE_EUIDACCESS 1
| #define GNULIB_TEST_EUIDACCESS 1
| #define HAVE_FACCESSAT 1
| #define GNULIB_FACCESSAT 1
| #define GNULIB_TEST_FACCESSAT 1
| #define GNULIB_TEST_FCHDIR 1
| #define GNULIB_TEST_FCHMODAT 1
| #define GNULIB_TEST_FCHOWNAT 1
| #define GNULIB_TEST_FCNTL 1
| #define HAVE_DECL_FDOPENDIR 1
| #define GNULIB_TEST_FDOPENDIR 1
| #define GNULIB_FDOPENDIR 1
| #define HAVE_MEMPCPY 1
| #define FLEXIBLE_ARRAY_MEMBER /**/
| #define HAVE_DECL___FPENDING 1
| #define GNULIB_TEST_FREE_POSIX 1
| #define GNULIB_TEST_FSEEK 1
| #define GNULIB_TEST_FSEEKO 1
| #define GNULIB_TEST_FSTAT 1
| #define GNULIB_FSTAT 1
| #define GNULIB_TEST_FSTATAT 1
| #define GNULIB_FSTATAT 1
| #define GNULIB_TEST_FTELL 1
| #define GNULIB_TEST_FTELLO 1
| #define HAVE_FUTIMENS 1
| #define GNULIB_TEST_FUTIMENS 1
| #define GNULIB_TEST_GETCWD 1
| #define GNULIB_TEST_GETDTABLESIZE 1
| #define HAVE_GETGROUPS 1
| #define GNULIB_TEST_GETGROUPS 1
| #define __GETOPT_PREFIX rpl_
| #define GNULIB_TEST_GETOPT_POSIX 1
| #define HAVE_DECL_PROGRAM_INVOCATION_NAME 1
| #define HAVE_DECL_PROGRAM_INVOCATION_NAME 1
| #define HAVE_DECL_PROGRAM_INVOCATION_SHORT_NAME 1
| #define HAVE_DECL___ARGV 0
| #define GNULIB_TEST_GETPROGNAME 1
| #define HAVE_GETRANDOM 1
| #define GNULIB_TEST_GETRANDOM 1
| #define HAVE_TIMESPEC_GET 1
| #define GETTIMEOFDAY_TIMEZONE void
| #define GNULIB_TEST_GETTIMEOFDAY 1
| #define GNULIB_LOCALEDIR "/usr/share/locale"
| #define GNULIB_TEST_GROUP_MEMBER 1
| #define GNULIB_TEST_LCHMOD 1
| #define HAVE_LCHOWN 1
| #define GNULIB_TEST_LCHOWN 1
| #define HAVE___INLINE 1
| #define GNULIB_TEST_LSEEK 1
| #define GNULIB_TEST_LSTAT 1
| #define GNULIB_LSTAT 1
| #define GNULIB_TEST_MALLOC_GNU 1
| #define GNULIB_TEST_MALLOC_POSIX 1
| #define GNULIB_TEST_MBRTOC32 1
| #define GNULIB_TEST_MBRTOWC 1
| #define GNULIB_TEST_MBSINIT 1
| #define GNULIB_TEST_MBSZERO 1
| #define GNULIB_TEST_MEMCHR 1
| #define HAVE_MEMPCPY 1
| #define GNULIB_TEST_MEMPCPY 1
| #define HAVE_MEMRCHR 1
| #define GNULIB_TEST_MEMRCHR 1
| #define GNULIB_TEST_MKDIR 1
| #define GNULIB_TEST_MKDIRAT 1
| #define GNULIB_TEST_MKTIME 1
| #define NEED_MKTIME_INTERNAL 1
| #define GNULIB_MSVC_NOTHROW 1
| #define HAVE_C_NULLPTR 1
| #define GNULIB_TEST_OPEN 1
| #define GNULIB_OPENAT 1
| #define GNULIB_TEST_OPENAT 1
| #define HAVE_OPENDIR 1
| #define GNULIB_TEST_OPENDIR 1
| #define HAVE_DECL_PROGRAM_INVOCATION_NAME 1
| #define HAVE_DECL_PROGRAM_INVOCATION_SHORT_NAME 1
| #define HAVE_RAISE 1
| #define GNULIB_TEST_RAISE 1
| #define GNULIB_TEST_RAWMEMCHR 1
| #define HAVE_READDIR 1
| #define GNULIB_TEST_READDIR 1
| #define GNULIB_TEST_READLINK 1
| #define HAVE_READLINKAT 1
| #define GNULIB_TEST_READLINKAT 1
| #define HAVE_REALLOC_0_NONNULL 1
| #define GNULIB_TEST_REALLOC_POSIX 1
| #define HAVE_REALLOCARRAY 1
| #define GNULIB_REALLOCARRAY 1
| #define GNULIB_TEST_REALLOCARRAY 1
| #define GNULIB_TEST_RENAME 1
| #define HAVE_LINUX_FS_H 1
| #define HAVE_RENAMEAT2 1
| #define HAVE_WORKING_RENAMEAT2 1
| #define GNULIB_TEST_RENAMEAT 1
| #define HAVE_LINUX_FS_H 1
| #define HAVE_RENAMEAT2 1
| #define HAVE_WORKING_RENAMEAT2 1
| #define GNULIB_TEST_RMDIR 1
| #define GNULIB_TEST_SETENV 1
| #define SETLOCALE_NULL_ALL_MTSAFE 0
| #define SETLOCALE_NULL_ONE_MTSAFE 1
| #define HAVE_WEAK_SYMBOLS 1
| #define HAVE_VISIBILITY 1
| #define GNULIB_TEST_SETLOCALE_NULL 1
| #define GNULIB_TEST_STAT 1
| #define GNULIB_STAT 1
| #define HAVE_STRUCT_STAT_ST_ATIM_TV_NSEC 1
| #define TYPEOF_STRUCT_STAT_ST_ATIM_IS_STRUCT_TIMESPEC 1
| /* end confdefs.h.  */
| #include <sys/types.h>
|      #include <sys/stat.h>
| 
| int
| main (void)
| {
| static struct stat ac_aggr;
| if (sizeof ac_aggr.st_birthtimespec.tv_nsec)
| return 0;
|   ;
|   return 0;
| }
configure:34564: result: no
configure:34574: checking for struct stat.st_birthtimensec
configure:34574: gcc -c -g -O2  conftest.c >&5
conftest.c: In function 'main':
conftest.c:299:12: error: 'struct stat' has no member named 'st_birthtimensec'
  299 | if (ac_aggr.st_birthtimensec)
      |            ^
configure:34574: $? = 1
configure: failed program was:
| /* confdefs.h */
| #define PACKAGE_NAME "GNU patch"
| #define PACKAGE_TARNAME "patch"
| #define PACKAGE_VERSION "2.8"
| #define PACKAGE_STRING "GNU patch 2.8"
| #define PACKAGE_BUGREPORT "bug-patch@gnu.org"
| #define PACKAGE_URL "https://www.gnu.org/software/patch/"
| #define PACKAGE "patch"
| #define VERSION "2.8"
| #define HAVE_STDIO_H 1
| #define HAVE_STDLIB_H 1
| #define HAVE_STRING_H 1
| #define HAVE_INTTYPES_H 1
| #define HAVE_STDINT_H 1
| #define HAVE_STRINGS_H 1
| #define HAVE_SYS_STAT_H 1
| #define HAVE_SYS_TYPES_H 1
| #define HAVE_UNISTD_H 1
| #define HAVE_WCHAR_H 1
| #define HAVE_STDBOOL_H 1
| #define HAVE_UCHAR_H 1
| #define HAVE_SYS_PARAM_H 1
| #define HAVE_SYS_SOCKET_H 1
| #define HAVE_DIRENT_H 1
| #define HAVE_STDIO_EXT_H 1
| #define HAVE_GETOPT_H 1
| #define HAVE_SYS_TIME_H 1
| #define HAVE_THREADS_H 1
| #define HAVE_LIMITS_H 1
| #define HAVE_SYS_MMAN_H 1
| #define HAVE_STDCKDINT_H 1
| #define HAVE_SYS_RANDOM_H 1
| #define HAVE_UTIME_H 1
| #define HAVE_FEATURES_H 1
| #define HAVE_WCTYPE_H 1
| #define HAVE_FCNTL_H 1
| #define STDC_HEADERS 1
| #define _ALL_SOURCE 1
| #define _DARWIN_C_SOURCE 1
| #define _GNU_SOURCE 1
| #define _HPUX_ALT_XOPEN_SOCKET_API 1
| #define _NETBSD_SOURCE 1
| #define _OPENBSD_SOURCE 1
| #define _POSIX_PTHREAD_SEMANTICS 1
| #define __STDC_WANT_IEC_60559_ATTRIBS_EXT__ 1
| #define __STDC_WANT_IEC_60559_BFP_EXT__ 1
| #define __STDC_WANT_IEC_60559_DFP_EXT__ 1
| #define __STDC_WANT_IEC_60559_EXT__ 1
| #define __STDC_WANT_IEC_60559_FUNCS_EXT__ 1
| #define __STDC_WANT_IEC_60559_TYPES_EXT__ 1
| #define __STDC_WANT_LIB_EXT2__ 1
| #define __STDC_WANT_MATH_SPEC_FUNCS__ 1
| #define _TANDEM_SOURCE 1
| #define __EXTENSIONS__ 1
| #define _LINUX_SOURCE_COMPAT 1
| #define __USE_MINGW_ANSI_STDIO 1
| #define HAVE_LSTAT 1
| #define HAVE_PATHCONF 1
| #define HAVE_MBSINIT 1
| #define HAVE_MBRTOWC 1
| #define HAVE_REALPATH 1
| #define HAVE_CHOWN 1
| #define HAVE_FCHOWN 1
| #define HAVE_FCHDIR 1
| #define HAVE_FCHMODAT 1
| #define HAVE_LCHMOD 1
| #define HAVE_FCNTL 1
| #define HAVE_SYMLINK 1
| #define HAVE_FDOPENDIR 1
| #define HAVE_FSTATAT 1
| #define HAVE_GETDTABLESIZE 1
| #define HAVE_GETTIMEOFDAY 1
| #define HAVE_MPROTECT 1
| #define HAVE_MKDIRAT 1
| #define HAVE_OPENAT 1
| #define HAVE_READLINK 1
| #define HAVE_LINK 1
| #define HAVE_RENAMEAT 1
| #define HAVE_SETENV 1
| #define HAVE_LOCALTIME_R 1
| #define HAVE_UNLINKAT 1
| #define HAVE_ISWCNTRL 1
| #define HAVE_GETEUID 1
| #define HAVE_GETUID 1
| #define HAVE_SIGACTION 1
| #define HAVE_SIGFILLSET 1
| #define HAVE_ALLOCA_H 1
| #define HAVE_ALLOCA 1
| #define D_INO_IN_DIRENT 1
| #define HAVE_LONG_FILE_NAMES 1
| #define BITSIZEOF_WCHAR_T 32
| #define HAVE_MBSTATE_T 1
| #define HAVE_LANGINFO_CODESET 1
| #define HAVE_WORKING_MBRTOC32 1
| #define HAVE_WORKING_C32RTOMB 1
| #define HAVE_MALLOC_PTRDIFF 1
| #define HAVE_MALLOC_POSIX 1
| #define LSTAT_FOLLOWS_SLASHED_SYMLINK 1
| #define FUNC_REALPATH_NEARLY_WORKS 1
| #define HAVE_FACCESSAT 1
| #define HAVE_GETCWD 1
| #define HAVE_UNISTD_H 1
| #define HAVE_CHOWN 1
| #define HAVE_ENVIRON_DECL 1
| #define HAVE_DECL_STRERROR_R 1
| #define HAVE_STRERROR_R 1
| #define GETGROUPS_T gid_t
| #define HAVE_DECL_FCHDIR 1
| #define HAVE_WORKING_O_NOATIME 1
| #define HAVE_WORKING_O_NOFOLLOW 1
| #define _USE_STD_STAT 1
| #define HAVE_DECL_FSEEKO 1
| #define restrict __restrict__
| #define HAVE_DECL_FTELLO 1
| #define HAVE_DECL_GETDTABLESIZE 1
| #define HAVE_GETOPT_H 1
| #define HAVE_GETOPT_LONG_ONLY 1
| #define MUSL_LIBC 1
| #define HAVE_PTHREAD_API 1
| #define SETLOCALE_NULL_ALL_MTSAFE 0
| #define SETLOCALE_NULL_ONE_MTSAFE 1
| #define HAVE_WEAK_SYMBOLS 1
| #define HAVE_WINT_T 1
| #define HAVE_LONG_LONG_INT 1
| #define HAVE_UNSIGNED_LONG_LONG_INT 1
| #define HAVE_MALLOC_0_NONNULL 1
| #define HAVE_MAP_ANONYMOUS 1
| #define HAVE_DECL_MEMRCHR 1
| #define HAVE_MINMAX_IN_SYS_PARAM_H 1
| #define TIME_T_IS_SIGNED 1
| #define HAVE_DECL_ALARM 1
| #define PROMOTED_MODE_T mode_t
| #define HAVE_COMPOUND_LITERALS 1
| #define HAVE_STRUCT_TM_TM_GMTOFF 1
| #define HAVE_STRUCT_TM_TM_ZONE 1
| #define HAVE_TM_GMTOFF 1
| #define HAVE_DECL_SETENV 1
| #define HAVE_DECL__PUTENV 0
| #define HAVE_SEARCH_H 1
| #define HAVE_TSEARCH 1
| #define HAVE_SIGSET_T 1
| #define HAVE_DECL_FCLOSEALL 0
| #define HAVE_DECL_GETW 1
| #define HAVE_DECL_PUTW 1
| #define HAVE_DECL_ECVT 1
| #define HAVE_DECL_FCVT 1
| #define HAVE_DECL_GCVT 1
| #define HAVE_DECL_STRDUP 1
| #define HAVE_DECL_EXECVPE 1
| #define HAVE_DECL_UNSETENV 1
| #define HAVE_WORKING_UTIMES 1
| #define HAVE_DECL_WCSDUP 1
| #define HAVE_TOWLOWER 1
| #define GNULIB_TEST_ACCESS 1
| #define HAVE_ALLOCA 1
| #define HAVE_C_STATIC_ASSERT 1
| #define HAVE_C_BOOL 1
| #define HAVE___BUILTIN_EXPECT 1
| #define GNULIB_TEST_C32ISPRINT 1
| #define GNULIB_TEST_CALLOC_GNU 1
| #define GNULIB_TEST_CALLOC_POSIX 1
| #define GNULIB_CANONICALIZE_LGPL 1
| #define GNULIB_TEST_CANONICALIZE_FILE_NAME 1
| #define GNULIB_TEST_REALPATH 1
| #define GNULIB_TEST_CHDIR 1
| #define GNULIB_TEST_CHMOD 1
| #define GNULIB_TEST_CHOWN 1
| #define HAVE_CLOCK_GETRES 1
| #define HAVE_CLOCK_GETTIME 1
| #define HAVE_CLOCK_SETTIME 1
| #define GNULIB_TEST_CLOEXEC 1
| #define GNULIB_TEST_CLOSE 1
| #define GNULIB_CLOSE 1
| #define GNULIB_CLOSE_STREAM 1
| #define HAVE_CLOSEDIR 1
| #define GNULIB_TEST_CLOSEDIR 1
| #define D_INO_IN_DIRENT 1
| #define HAVE_DIRFD 1
| #define HAVE_DECL_DIRFD 1
| #define GNULIB_TEST_DIRFD 1
| #define GNULIB_TEST_DUP 1
| #define GNULIB_TEST_DUP2 1
| #define GNULIB_TEST_ENVIRON 1
| #define HAVE_EUIDACCESS 1
| #define GNULIB_TEST_EUIDACCESS 1
| #define HAVE_FACCESSAT 1
| #define GNULIB_FACCESSAT 1
| #define GNULIB_TEST_FACCESSAT 1
| #define GNULIB_TEST_FCHDIR 1
| #define GNULIB_TEST_FCHMODAT 1
| #define GNULIB_TEST_FCHOWNAT 1
| #define GNULIB_TEST_FCNTL 1
| #define HAVE_DECL_FDOPENDIR 1
| #define GNULIB_TEST_FDOPENDIR 1
| #define GNULIB_FDOPENDIR 1
| #define HAVE_MEMPCPY 1
| #define FLEXIBLE_ARRAY_MEMBER /**/
| #define HAVE_DECL___FPENDING 1
| #define GNULIB_TEST_FREE_POSIX 1
| #define GNULIB_TEST_FSEEK 1
| #define GNULIB_TEST_FSEEKO 1
| #define GNULIB_TEST_FSTAT 1
| #define GNULIB_FSTAT 1
| #define GNULIB_TEST_FSTATAT 1
| #define GNULIB_FSTATAT 1
| #define GNULIB_TEST_FTELL 1
| #define GNULIB_TEST_FTELLO 1
| #define HAVE_FUTIMENS 1
| #define GNULIB_TEST_FUTIMENS 1
| #define GNULIB_TEST_GETCWD 1
| #define GNULIB_TEST_GETDTABLESIZE 1
| #define HAVE_GETGROUPS 1
| #define GNULIB_TEST_GETGROUPS 1
| #define __GETOPT_PREFIX rpl_
| #define GNULIB_TEST_GETOPT_POSIX 1
| #define HAVE_DECL_PROGRAM_INVOCATION_NAME 1
| #define HAVE_DECL_PROGRAM_INVOCATION_NAME 1
| #define HAVE_DECL_PROGRAM_INVOCATION_SHORT_NAME 1
| #define HAVE_DECL___ARGV 0
| #define GNULIB_TEST_GETPROGNAME 1
| #define HAVE_GETRANDOM 1
| #define GNULIB_TEST_GETRANDOM 1
| #define HAVE_TIMESPEC_GET 1
| #define GETTIMEOFDAY_TIMEZONE void
| #define GNULIB_TEST_GETTIMEOFDAY 1
| #define GNULIB_LOCALEDIR "/usr/share/locale"
| #define GNULIB_TEST_GROUP_MEMBER 1
| #define GNULIB_TEST_LCHMOD 1
| #define HAVE_LCHOWN 1
| #define GNULIB_TEST_LCHOWN 1
| #define HAVE___INLINE 1
| #define GNULIB_TEST_LSEEK 1
| #define GNULIB_TEST_LSTAT 1
| #define GNULIB_LSTAT 1
| #define GNULIB_TEST_MALLOC_GNU 1
| #define GNULIB_TEST_MALLOC_POSIX 1
| #define GNULIB_TEST_MBRTOC32 1
| #define GNULIB_TEST_MBRTOWC 1
| #define GNULIB_TEST_MBSINIT 1
| #define GNULIB_TEST_MBSZERO 1
| #define GNULIB_TEST_MEMCHR 1
| #define HAVE_MEMPCPY 1
| #define GNULIB_TEST_MEMPCPY 1
| #define HAVE_MEMRCHR 1
| #define GNULIB_TEST_MEMRCHR 1
| #define GNULIB_TEST_MKDIR 1
| #define GNULIB_TEST_MKDIRAT 1
| #define GNULIB_TEST_MKTIME 1
| #define NEED_MKTIME_INTERNAL 1
| #define GNULIB_MSVC_NOTHROW 1
| #define HAVE_C_NULLPTR 1
| #define GNULIB_TEST_OPEN 1
| #define GNULIB_OPENAT 1
| #define GNULIB_TEST_OPENAT 1
| #define HAVE_OPENDIR 1
| #define GNULIB_TEST_OPENDIR 1
| #define HAVE_DECL_PROGRAM_INVOCATION_NAME 1
| #define HAVE_DECL_PROGRAM_INVOCATION_SHORT_NAME 1
| #define HAVE_RAISE 1
| #define GNULIB_TEST_RAISE 1
| #define GNULIB_TEST_RAWMEMCHR 1
| #define HAVE_READDIR 1
| #define GNULIB_TEST_READDIR 1
| #define GNULIB_TEST_READLINK 1
| #define HAVE_READLINKAT 1
| #define GNULIB_TEST_READLINKAT 1
| #define HAVE_REALLOC_0_NONNULL 1
| #define GNULIB_TEST_REALLOC_POSIX 1
| #define HAVE_REALLOCARRAY 1
| #define GNULIB_REALLOCARRAY 1
| #define GNULIB_TEST_REALLOCARRAY 1
| #define GNULIB_TEST_RENAME 1
| #define HAVE_LINUX_FS_H 1
| #define HAVE_RENAMEAT2 1
| #define HAVE_WORKING_RENAMEAT2 1
| #define GNULIB_TEST_RENAMEAT 1
| #define HAVE_LINUX_FS_H 1
| #define HAVE_RENAMEAT2 1
| #define HAVE_WORKING_RENAMEAT2 1
| #define GNULIB_TEST_RMDIR 1
| #define GNULIB_TEST_SETENV 1
| #define SETLOCALE_NULL_ALL_MTSAFE 0
| #define SETLOCALE_NULL_ONE_MTSAFE 1
| #define HAVE_WEAK_SYMBOLS 1
| #define HAVE_VISIBILITY 1
| #define GNULIB_TEST_SETLOCALE_NULL 1
| #define GNULIB_TEST_STAT 1
| #define GNULIB_STAT 1
| #define HAVE_STRUCT_STAT_ST_ATIM_TV_NSEC 1
| #define TYPEOF_STRUCT_STAT_ST_ATIM_IS_STRUCT_TIMESPEC 1
| /* end confdefs.h.  */
| #include <sys/types.h>
|         #include <sys/stat.h>
| 
| int
| main (void)
| {
| static struct stat ac_aggr;
| if (ac_aggr.st_birthtimensec)
| return 0;
|   ;
|   return 0;
| }
configure:34574: gcc -c -g -O2  conftest.c >&5
conftest.c: In function 'main':
conftest.c:299:19: error: 'struct stat' has no member named 'st_birthtimensec'
  299 | if (sizeof ac_aggr.st_birthtimensec)
      |                   ^
configure:34574: $? = 1
configure: failed program was:
| /* confdefs.h */
| #define PACKAGE_NAME "GNU patch"
| #define PACKAGE_TARNAME "patch"
| #define PACKAGE_VERSION "2.8"
| #define PACKAGE_STRING "GNU patch 2.8"
| #define PACKAGE_BUGREPORT "bug-patch@gnu.org"
| #define PACKAGE_URL "https://www.gnu.org/software/patch/"
| #define PACKAGE "patch"
| #define VERSION "2.8"
| #define HAVE_STDIO_H 1
| #define HAVE_STDLIB_H 1
| #define HAVE_STRING_H 1
| #define HAVE_INTTYPES_H 1
| #define HAVE_STDINT_H 1
| #define HAVE_STRINGS_H 1
| #define HAVE_SYS_STAT_H 1
| #define HAVE_SYS_TYPES_H 1
| #define HAVE_UNISTD_H 1
| #define HAVE_WCHAR_H 1
| #define HAVE_STDBOOL_H 1
| #define HAVE_UCHAR_H 1
| #define HAVE_SYS_PARAM_H 1
| #define HAVE_SYS_SOCKET_H 1
| #define HAVE_DIRENT_H 1
| #define HAVE_STDIO_EXT_H 1
| #define HAVE_GETOPT_H 1
| #define HAVE_SYS_TIME_H 1
| #define HAVE_THREADS_H 1
| #define HAVE_LIMITS_H 1
| #define HAVE_SYS_MMAN_H 1
| #define HAVE_STDCKDINT_H 1
| #define HAVE_SYS_RANDOM_H 1
| #define HAVE_UTIME_H 1
| #define HAVE_FEATURES_H 1
| #define HAVE_WCTYPE_H 1
| #define HAVE_FCNTL_H 1
| #define STDC_HEADERS 1
| #define _ALL_SOURCE 1
| #define _DARWIN_C_SOURCE 1
| #define _GNU_SOURCE 1
| #define _HPUX_ALT_XOPEN_SOCKET_API 1
| #define _NETBSD_SOURCE 1
| #define _OPENBSD_SOURCE 1
| #define _POSIX_PTHREAD_SEMANTICS 1
| #define __STDC_WANT_IEC_60559_ATTRIBS_EXT__ 1
| #define __STDC_WANT_IEC_60559_BFP_EXT__ 1
| #define __STDC_WANT_IEC_60559_DFP_EXT__ 1
| #define __STDC_WANT_IEC_60559_EXT__ 1
| #define __STDC_WANT_IEC_60559_FUNCS_EXT__ 1
| #define __STDC_WANT_IEC_60559_TYPES_EXT__ 1
| #define __STDC_WANT_LIB_EXT2__ 1
| #define __STDC_WANT_MATH_SPEC_FUNCS__ 1
| #define _TANDEM_SOURCE 1
| #define __EXTENSIONS__ 1
| #define _LINUX_SOURCE_COMPAT 1
| #define __USE_MINGW_ANSI_STDIO 1
| #define HAVE_LSTAT 1
| #define HAVE_PATHCONF 1
| #define HAVE_MBSINIT 1
| #define HAVE_MBRTOWC 1
| #define HAVE_REALPATH 1
| #define HAVE_CHOWN 1
| #define HAVE_FCHOWN 1
| #define HAVE_FCHDIR 1
| #define HAVE_FCHMODAT 1
| #define HAVE_LCHMOD 1
| #define HAVE_FCNTL 1
| #define HAVE_SYMLINK 1
| #define HAVE_FDOPENDIR 1
| #define HAVE_FSTATAT 1
| #define HAVE_GETDTABLESIZE 1
| #define HAVE_GETTIMEOFDAY 1
| #define HAVE_MPROTECT 1
| #define HAVE_MKDIRAT 1
| #define HAVE_OPENAT 1
| #define HAVE_READLINK 1
| #define HAVE_LINK 1
| #define HAVE_RENAMEAT 1
| #define HAVE_SETENV 1
| #define HAVE_LOCALTIME_R 1
| #define HAVE_UNLINKAT 1
| #define HAVE_ISWCNTRL 1
| #define HAVE_GETEUID 1
| #define HAVE_GETUID 1
| #define HAVE_SIGACTION 1
| #define HAVE_SIGFILLSET 1
| #define HAVE_ALLOCA_H 1
| #define HAVE_ALLOCA 1
| #define D_INO_IN_DIRENT 1
| #define HAVE_LONG_FILE_NAMES 1
| #define BITSIZEOF_WCHAR_T 32
| #define HAVE_MBSTATE_T 1
| #define HAVE_LANGINFO_CODESET 1
| #define HAVE_WORKING_MBRTOC32 1
| #define HAVE_WORKING_C32RTOMB 1
| #define HAVE_MALLOC_PTRDIFF 1
| #define HAVE_MALLOC_POSIX 1
| #define LSTAT_FOLLOWS_SLASHED_SYMLINK 1
| #define FUNC_REALPATH_NEARLY_WORKS 1
| #define HAVE_FACCESSAT 1
| #define HAVE_GETCWD 1
| #define HAVE_UNISTD_H 1
| #define HAVE_CHOWN 1
| #define HAVE_ENVIRON_DECL 1
| #define HAVE_DECL_STRERROR_R 1
| #define HAVE_STRERROR_R 1
| #define GETGROUPS_T gid_t
| #define HAVE_DECL_FCHDIR 1
| #define HAVE_WORKING_O_NOATIME 1
| #define HAVE_WORKING_O_NOFOLLOW 1
| #define _USE_STD_STAT 1
| #define HAVE_DECL_FSEEKO 1
| #define restrict __restrict__
| #define HAVE_DECL_FTELLO 1
| #define HAVE_DECL_GETDTABLESIZE 1
| #define HAVE_GETOPT_H 1
| #define HAVE_GETOPT_LONG_ONLY 1
| #define MUSL_LIBC 1
| #define HAVE_PTHREAD_API 1
| #define SETLOCALE_NULL_ALL_MTSAFE 0
| #define SETLOCALE_NULL_ONE_MTSAFE 1
| #define HAVE_WEAK_SYMBOLS 1
| #define HAVE_WINT_T 1
| #define HAVE_LONG_LONG_INT 1
| #define HAVE_UNSIGNED_LONG_LONG_INT 1
| #define HAVE_MALLOC_0_NONNULL 1
| #define HAVE_MAP_ANONYMOUS 1
| #define HAVE_DECL_MEMRCHR 1
| #define HAVE_MINMAX_IN_SYS_PARAM_H 1
| #define TIME_T_IS_SIGNED 1
| #define HAVE_DECL_ALARM 1
| #define PROMOTED_MODE_T mode_t
| #define HAVE_COMPOUND_LITERALS 1
| #define HAVE_STRUCT_TM_TM_GMTOFF 1
| #define HAVE_STRUCT_TM_TM_ZONE 1
| #define HAVE_TM_GMTOFF 1
| #define HAVE_DECL_SETENV 1
| #define HAVE_DECL__PUTENV 0
| #define HAVE_SEARCH_H 1
| #define HAVE_TSEARCH 1
| #define HAVE_SIGSET_T 1
| #define HAVE_DECL_FCLOSEALL 0
| #define HAVE_DECL_GETW 1
| #define HAVE_DECL_PUTW 1
| #define HAVE_DECL_ECVT 1
| #define HAVE_DECL_FCVT 1
| #define HAVE_DECL_GCVT 1
| #define HAVE_DECL_STRDUP 1
| #define HAVE_DECL_EXECVPE 1
| #define HAVE_DECL_UNSETENV 1
| #define HAVE_WORKING_UTIMES 1
| #define HAVE_DECL_WCSDUP 1
| #define HAVE_TOWLOWER 1
| #define GNULIB_TEST_ACCESS 1
| #define HAVE_ALLOCA 1
| #define HAVE_C_STATIC_ASSERT 1
| #define HAVE_C_BOOL 1
| #define HAVE___BUILTIN_EXPECT 1
| #define GNULIB_TEST_C32ISPRINT 1
| #define GNULIB_TEST_CALLOC_GNU 1
| #define GNULIB_TEST_CALLOC_POSIX 1
| #define GNULIB_CANONICALIZE_LGPL 1
| #define GNULIB_TEST_CANONICALIZE_FILE_NAME 1
| #define GNULIB_TEST_REALPATH 1
| #define GNULIB_TEST_CHDIR 1
| #define GNULIB_TEST_CHMOD 1
| #define GNULIB_TEST_CHOWN 1
| #define HAVE_CLOCK_GETRES 1
| #define HAVE_CLOCK_GETTIME 1
| #define HAVE_CLOCK_SETTIME 1
| #define GNULIB_TEST_CLOEXEC 1
| #define GNULIB_TEST_CLOSE 1
| #define GNULIB_CLOSE 1
| #define GNULIB_CLOSE_STREAM 1
| #define HAVE_CLOSEDIR 1
| #define GNULIB_TEST_CLOSEDIR 1
| #define D_INO_IN_DIRENT 1
| #define HAVE_DIRFD 1
| #define HAVE_DECL_DIRFD 1
| #define GNULIB_TEST_DIRFD 1
| #define GNULIB_TEST_DUP 1
| #define GNULIB_TEST_DUP2 1
| #define GNULIB_TEST_ENVIRON 1
| #define HAVE_EUIDACCESS 1
| #define GNULIB_TEST_EUIDACCESS 1
| #define HAVE_FACCESSAT 1
| #define GNULIB_FACCESSAT 1
| #define GNULIB_TEST_FACCESSAT 1
| #define GNULIB_TEST_FCHDIR 1
| #define GNULIB_TEST_FCHMODAT 1
| #define GNULIB_TEST_FCHOWNAT 1
| #define GNULIB_TEST_FCNTL 1
| #define HAVE_DECL_FDOPENDIR 1
| #define GNULIB_TEST_FDOPENDIR 1
| #define GNULIB_FDOPENDIR 1
| #define HAVE_MEMPCPY 1
| #define FLEXIBLE_ARRAY_MEMBER /**/
| #define HAVE_DECL___FPENDING 1
| #define GNULIB_TEST_FREE_POSIX 1
| #define GNULIB_TEST_FSEEK 1
| #define GNULIB_TEST_FSEEKO 1
| #define GNULIB_TEST_FSTAT 1
| #define GNULIB_FSTAT 1
| #define GNULIB_TEST_FSTATAT 1
| #define GNULIB_FSTATAT 1
| #define GNULIB_TEST_FTELL 1
| #define GNULIB_TEST_FTELLO 1
| #define HAVE_FUTIMENS 1
| #define GNULIB_TEST_FUTIMENS 1
| #define GNULIB_TEST_GETCWD 1
| #define GNULIB_TEST_GETDTABLESIZE 1
| #define HAVE_GETGROUPS 1
| #define GNULIB_TEST_GETGROUPS 1
| #define __GETOPT_PREFIX rpl_
| #define GNULIB_TEST_GETOPT_POSIX 1
| #define HAVE_DECL_PROGRAM_INVOCATION_NAME 1
| #define HAVE_DECL_PROGRAM_INVOCATION_NAME 1
| #define HAVE_DECL_PROGRAM_INVOCATION_SHORT_NAME 1
| #define HAVE_DECL___ARGV 0
| #define GNULIB_TEST_GETPROGNAME 1
| #define HAVE_GETRANDOM 1
| #define GNULIB_TEST_GETRANDOM 1
| #define HAVE_TIMESPEC_GET 1
| #define GETTIMEOFDAY_TIMEZONE void
| #define GNULIB_TEST_GETTIMEOFDAY 1
| #define GNULIB_LOCALEDIR "/usr/share/locale"
| #define GNULIB_TEST_GROUP_MEMBER 1
| #define GNULIB_TEST_LCHMOD 1
| #define HAVE_LCHOWN 1
| #define GNULIB_TEST_LCHOWN 1
| #define HAVE___INLINE 1
| #define GNULIB_TEST_LSEEK 1
| #define GNULIB_TEST_LSTAT 1
| #define GNULIB_LSTAT 1
| #define GNULIB_TEST_MALLOC_GNU 1
| #define GNULIB_TEST_MALLOC_POSIX 1
| #define GNULIB_TEST_MBRTOC32 1
| #define GNULIB_TEST_MBRTOWC 1
| #define GNULIB_TEST_MBSINIT 1
| #define GNULIB_TEST_MBSZERO 1
| #define GNULIB_TEST_MEMCHR 1
| #define HAVE_MEMPCPY 1
| #define GNULIB_TEST_MEMPCPY 1
| #define HAVE_MEMRCHR 1
| #define GNULIB_TEST_MEMRCHR 1
| #define GNULIB_TEST_MKDIR 1
| #define GNULIB_TEST_MKDIRAT 1
| #define GNULIB_TEST_MKTIME 1
| #define NEED_MKTIME_INTERNAL 1
| #define GNULIB_MSVC_NOTHROW 1
| #define HAVE_C_NULLPTR 1
| #define GNULIB_TEST_OPEN 1
| #define GNULIB_OPENAT 1
| #define GNULIB_TEST_OPENAT 1
| #define HAVE_OPENDIR 1
| #define GNULIB_TEST_OPENDIR 1
| #define HAVE_DECL_PROGRAM_INVOCATION_NAME 1
| #define HAVE_DECL_PROGRAM_INVOCATION_SHORT_NAME 1
| #define HAVE_RAISE 1
| #define GNULIB_TEST_RAISE 1
| #define GNULIB_TEST_RAWMEMCHR 1
| #define HAVE_READDIR 1
| #define GNULIB_TEST_READDIR 1
| #define GNULIB_TEST_READLINK 1
| #define HAVE_READLINKAT 1
| #define GNULIB_TEST_READLINKAT 1
| #define HAVE_REALLOC_0_NONNULL 1
| #define GNULIB_TEST_REALLOC_POSIX 1
| #define HAVE_REALLOCARRAY 1
| #define GNULIB_REALLOCARRAY 1
| #define GNULIB_TEST_REALLOCARRAY 1
| #define GNULIB_TEST_RENAME 1
| #define HAVE_LINUX_FS_H 1
| #define HAVE_RENAMEAT2 1
| #define HAVE_WORKING_RENAMEAT2 1
| #define GNULIB_TEST_RENAMEAT 1
| #define HAVE_LINUX_FS_H 1
| #define HAVE_RENAMEAT2 1
| #define HAVE_WORKING_RENAMEAT2 1
| #define GNULIB_TEST_RMDIR 1
| #define GNULIB_TEST_SETENV 1
| #define SETLOCALE_NULL_ALL_MTSAFE 0
| #define SETLOCALE_NULL_ONE_MTSAFE 1
| #define HAVE_WEAK_SYMBOLS 1
| #define HAVE_VISIBILITY 1
| #define GNULIB_TEST_SETLOCALE_NULL 1
| #define GNULIB_TEST_STAT 1
| #define GNULIB_STAT 1
| #define HAVE_STRUCT_STAT_ST_ATIM_TV_NSEC 1
| #define TYPEOF_STRUCT_STAT_ST_ATIM_IS_STRUCT_TIMESPEC 1
| /* end confdefs.h.  */
| #include <sys/types.h>
|         #include <sys/stat.h>
| 
| int
| main (void)
| {
| static struct stat ac_aggr;
| if (sizeof ac_aggr.st_birthtimensec)
| return 0;
|   ;
|   return 0;
| }
configure:34574: result: no
configure:34584: checking for struct stat.st_birthtim.tv_nsec
configure:34584: gcc -c -g -O2  conftest.c >&5
conftest.c: In function 'main':
conftest.c:299:12: error: 'struct stat' has no member named 'st_birthtim'
  299 | if (ac_aggr.st_birthtim.tv_nsec)
      |            ^
configure:34584: $? = 1
configure: failed program was:
| /* confdefs.h */
| #define PACKAGE_NAME "GNU patch"
| #define PACKAGE_TARNAME "patch"
| #define PACKAGE_VERSION "2.8"
| #define PACKAGE_STRING "GNU patch 2.8"
| #define PACKAGE_BUGREPORT "bug-patch@gnu.org"
| #define PACKAGE_URL "https://www.gnu.org/software/patch/"
| #define PACKAGE "patch"
| #define VERSION "2.8"
| #define HAVE_STDIO_H 1
| #define HAVE_STDLIB_H 1
| #define HAVE_STRING_H 1
| #define HAVE_INTTYPES_H 1
| #define HAVE_STDINT_H 1
| #define HAVE_STRINGS_H 1
| #define HAVE_SYS_STAT_H 1
| #define HAVE_SYS_TYPES_H 1
| #define HAVE_UNISTD_H 1
| #define HAVE_WCHAR_H 1
| #define HAVE_STDBOOL_H 1
| #define HAVE_UCHAR_H 1
| #define HAVE_SYS_PARAM_H 1
| #define HAVE_SYS_SOCKET_H 1
| #define HAVE_DIRENT_H 1
| #define HAVE_STDIO_EXT_H 1
| #define HAVE_GETOPT_H 1
| #define HAVE_SYS_TIME_H 1
| #define HAVE_THREADS_H 1
| #define HAVE_LIMITS_H 1
| #define HAVE_SYS_MMAN_H 1
| #define HAVE_STDCKDINT_H 1
| #define HAVE_SYS_RANDOM_H 1
| #define HAVE_UTIME_H 1
| #define HAVE_FEATURES_H 1
| #define HAVE_WCTYPE_H 1
| #define HAVE_FCNTL_H 1
| #define STDC_HEADERS 1
| #define _ALL_SOURCE 1
| #define _DARWIN_C_SOURCE 1
| #define _GNU_SOURCE 1
| #define _HPUX_ALT_XOPEN_SOCKET_API 1
| #define _NETBSD_SOURCE 1
| #define _OPENBSD_SOURCE 1
| #define _POSIX_PTHREAD_SEMANTICS 1
| #define __STDC_WANT_IEC_60559_ATTRIBS_EXT__ 1
| #define __STDC_WANT_IEC_60559_BFP_EXT__ 1
| #define __STDC_WANT_IEC_60559_DFP_EXT__ 1
| #define __STDC_WANT_IEC_60559_EXT__ 1
| #define __STDC_WANT_IEC_60559_FUNCS_EXT__ 1
| #define __STDC_WANT_IEC_60559_TYPES_EXT__ 1
| #define __STDC_WANT_LIB_EXT2__ 1
| #define __STDC_WANT_MATH_SPEC_FUNCS__ 1
| #define _TANDEM_SOURCE 1
| #define __EXTENSIONS__ 1
| #define _LINUX_SOURCE_COMPAT 1
| #define __USE_MINGW_ANSI_STDIO 1
| #define HAVE_LSTAT 1
| #define HAVE_PATHCONF 1
| #define HAVE_MBSINIT 1
| #define HAVE_MBRTOWC 1
| #define HAVE_REALPATH 1
| #define HAVE_CHOWN 1
| #define HAVE_FCHOWN 1
| #define HAVE_FCHDIR 1
| #define HAVE_FCHMODAT 1
| #define HAVE_LCHMOD 1
| #define HAVE_FCNTL 1
| #define HAVE_SYMLINK 1
| #define HAVE_FDOPENDIR 1
| #define HAVE_FSTATAT 1
| #define HAVE_GETDTABLESIZE 1
| #define HAVE_GETTIMEOFDAY 1
| #define HAVE_MPROTECT 1
| #define HAVE_MKDIRAT 1
| #define HAVE_OPENAT 1
| #define HAVE_READLINK 1
| #define HAVE_LINK 1
| #define HAVE_RENAMEAT 1
| #define HAVE_SETENV 1
| #define HAVE_LOCALTIME_R 1
| #define HAVE_UNLINKAT 1
| #define HAVE_ISWCNTRL 1
| #define HAVE_GETEUID 1
| #define HAVE_GETUID 1
| #define HAVE_SIGACTION 1
| #define HAVE_SIGFILLSET 1
| #define HAVE_ALLOCA_H 1
| #define HAVE_ALLOCA 1
| #define D_INO_IN_DIRENT 1
| #define HAVE_LONG_FILE_NAMES 1
| #define BITSIZEOF_WCHAR_T 32
| #define HAVE_MBSTATE_T 1
| #define HAVE_LANGINFO_CODESET 1
| #define HAVE_WORKING_MBRTOC32 1
| #define HAVE_WORKING_C32RTOMB 1
| #define HAVE_MALLOC_PTRDIFF 1
| #define HAVE_MALLOC_POSIX 1
| #define LSTAT_FOLLOWS_SLASHED_SYMLINK 1
| #define FUNC_REALPATH_NEARLY_WORKS 1
| #define HAVE_FACCESSAT 1
| #define HAVE_GETCWD 1
| #define HAVE_UNISTD_H 1
| #define HAVE_CHOWN 1
| #define HAVE_ENVIRON_DECL 1
| #define HAVE_DECL_STRERROR_R 1
| #define HAVE_STRERROR_R 1
| #define GETGROUPS_T gid_t
| #define HAVE_DECL_FCHDIR 1
| #define HAVE_WORKING_O_NOATIME 1
| #define HAVE_WORKING_O_NOFOLLOW 1
| #define _USE_STD_STAT 1
| #define HAVE_DECL_FSEEKO 1
| #define restrict __restrict__
| #define HAVE_DECL_FTELLO 1
| #define HAVE_DECL_GETDTABLESIZE 1
| #define HAVE_GETOPT_H 1
| #define HAVE_GETOPT_LONG_ONLY 1
| #define MUSL_LIBC 1
| #define HAVE_PTHREAD_API 1
| #define SETLOCALE_NULL_ALL_MTSAFE 0
| #define SETLOCALE_NULL_ONE_MTSAFE 1
| #define HAVE_WEAK_SYMBOLS 1
| #define HAVE_WINT_T 1
| #define HAVE_LONG_LONG_INT 1
| #define HAVE_UNSIGNED_LONG_LONG_INT 1
| #define HAVE_MALLOC_0_NONNULL 1
| #define HAVE_MAP_ANONYMOUS 1
| #define HAVE_DECL_MEMRCHR 1
| #define HAVE_MINMAX_IN_SYS_PARAM_H 1
| #define TIME_T_IS_SIGNED 1
| #define HAVE_DECL_ALARM 1
| #define PROMOTED_MODE_T mode_t
| #define HAVE_COMPOUND_LITERALS 1
| #define HAVE_STRUCT_TM_TM_GMTOFF 1
| #define HAVE_STRUCT_TM_TM_ZONE 1
| #define HAVE_TM_GMTOFF 1
| #define HAVE_DECL_SETENV 1
| #define HAVE_DECL__PUTENV 0
| #define HAVE_SEARCH_H 1
| #define HAVE_TSEARCH 1
| #define HAVE_SIGSET_T 1
| #define HAVE_DECL_FCLOSEALL 0
| #define HAVE_DECL_GETW 1
| #define HAVE_DECL_PUTW 1
| #define HAVE_DECL_ECVT 1
| #define HAVE_DECL_FCVT 1
| #define HAVE_DECL_GCVT 1
| #define HAVE_DECL_STRDUP 1
| #define HAVE_DECL_EXECVPE 1
| #define HAVE_DECL_UNSETENV 1
| #define HAVE_WORKING_UTIMES 1
| #define HAVE_DECL_WCSDUP 1
| #define HAVE_TOWLOWER 1
| #define GNULIB_TEST_ACCESS 1
| #define HAVE_ALLOCA 1
| #define HAVE_C_STATIC_ASSERT 1
| #define HAVE_C_BOOL 1
| #define HAVE___BUILTIN_EXPECT 1
| #define GNULIB_TEST_C32ISPRINT 1
| #define GNULIB_TEST_CALLOC_GNU 1
| #define GNULIB_TEST_CALLOC_POSIX 1
| #define GNULIB_CANONICALIZE_LGPL 1
| #define GNULIB_TEST_CANONICALIZE_FILE_NAME 1
| #define GNULIB_TEST_REALPATH 1
| #define GNULIB_TEST_CHDIR 1
| #define GNULIB_TEST_CHMOD 1
| #define GNULIB_TEST_CHOWN 1
| #define HAVE_CLOCK_GETRES 1
| #define HAVE_CLOCK_GETTIME 1
| #define HAVE_CLOCK_SETTIME 1
| #define GNULIB_TEST_CLOEXEC 1
| #define GNULIB_TEST_CLOSE 1
| #define GNULIB_CLOSE 1
| #define GNULIB_CLOSE_STREAM 1
| #define HAVE_CLOSEDIR 1
| #define GNULIB_TEST_CLOSEDIR 1
| #define D_INO_IN_DIRENT 1
| #define HAVE_DIRFD 1
| #define HAVE_DECL_DIRFD 1
| #define GNULIB_TEST_DIRFD 1
| #define GNULIB_TEST_DUP 1
| #define GNULIB_TEST_DUP2 1
| #define GNULIB_TEST_ENVIRON 1
| #define HAVE_EUIDACCESS 1
| #define GNULIB_TEST_EUIDACCESS 1
| #define HAVE_FACCESSAT 1
| #define GNULIB_FACCESSAT 1
| #define GNULIB_TEST_FACCESSAT 1
| #define GNULIB_TEST_FCHDIR 1
| #define GNULIB_TEST_FCHMODAT 1
| #define GNULIB_TEST_FCHOWNAT 1
| #define GNULIB_TEST_FCNTL 1
| #define HAVE_DECL_FDOPENDIR 1
| #define GNULIB_TEST_FDOPENDIR 1
| #define GNULIB_FDOPENDIR 1
| #define HAVE_MEMPCPY 1
| #define FLEXIBLE_ARRAY_MEMBER /**/
| #define HAVE_DECL___FPENDING 1
| #define GNULIB_TEST_FREE_POSIX 1
| #define GNULIB_TEST_FSEEK 1
| #define GNULIB_TEST_FSEEKO 1
| #define GNULIB_TEST_FSTAT 1
| #define GNULIB_FSTAT 1
| #define GNULIB_TEST_FSTATAT 1
| #define GNULIB_FSTATAT 1
| #define GNULIB_TEST_FTELL 1
| #define GNULIB_TEST_FTELLO 1
| #define HAVE_FUTIMENS 1
| #define GNULIB_TEST_FUTIMENS 1
| #define GNULIB_TEST_GETCWD 1
| #define GNULIB_TEST_GETDTABLESIZE 1
| #define HAVE_GETGROUPS 1
| #define GNULIB_TEST_GETGROUPS 1
| #define __GETOPT_PREFIX rpl_
| #define GNULIB_TEST_GETOPT_POSIX 1
| #define HAVE_DECL_PROGRAM_INVOCATION_NAME 1
| #define HAVE_DECL_PROGRAM_INVOCATION_NAME 1
| #define HAVE_DECL_PROGRAM_INVOCATION_SHORT_NAME 1
| #define HAVE_DECL___ARGV 0
| #define GNULIB_TEST_GETPROGNAME 1
| #define HAVE_GETRANDOM 1
| #define GNULIB_TEST_GETRANDOM 1
| #define HAVE_TIMESPEC_GET 1
| #define GETTIMEOFDAY_TIMEZONE void
| #define GNULIB_TEST_GETTIMEOFDAY 1
| #define GNULIB_LOCALEDIR "/usr/share/locale"
| #define GNULIB_TEST_GROUP_MEMBER 1
| #define GNULIB_TEST_LCHMOD 1
| #define HAVE_LCHOWN 1
| #define GNULIB_TEST_LCHOWN 1
| #define HAVE___INLINE 1
| #define GNULIB_TEST_LSEEK 1
| #define GNULIB_TEST_LSTAT 1
| #define GNULIB_LSTAT 1
| #define GNULIB_TEST_MALLOC_GNU 1
| #define GNULIB_TEST_MALLOC_POSIX 1
| #define GNULIB_TEST_MBRTOC32 1
| #define GNULIB_TEST_MBRTOWC 1
| #define GNULIB_TEST_MBSINIT 1
| #define GNULIB_TEST_MBSZERO 1
| #define GNULIB_TEST_MEMCHR 1
| #define HAVE_MEMPCPY 1
| #define GNULIB_TEST_MEMPCPY 1
| #define HAVE_MEMRCHR 1
| #define GNULIB_TEST_MEMRCHR 1
| #define GNULIB_TEST_MKDIR 1
| #define GNULIB_TEST_MKDIRAT 1
| #define GNULIB_TEST_MKTIME 1
| #define NEED_MKTIME_INTERNAL 1
| #define GNULIB_MSVC_NOTHROW 1
| #define HAVE_C_NULLPTR 1
| #define GNULIB_TEST_OPEN 1
| #define GNULIB_OPENAT 1
| #define GNULIB_TEST_OPENAT 1
| #define HAVE_OPENDIR 1
| #define GNULIB_TEST_OPENDIR 1
| #define HAVE_DECL_PROGRAM_INVOCATION_NAME 1
| #define HAVE_DECL_PROGRAM_INVOCATION_SHORT_NAME 1
| #define HAVE_RAISE 1
| #define GNULIB_TEST_RAISE 1
| #define GNULIB_TEST_RAWMEMCHR 1
| #define HAVE_READDIR 1
| #define GNULIB_TEST_READDIR 1
| #define GNULIB_TEST_READLINK 1
| #define HAVE_READLINKAT 1
| #define GNULIB_TEST_READLINKAT 1
| #define HAVE_REALLOC_0_NONNULL 1
| #define GNULIB_TEST_REALLOC_POSIX 1
| #define HAVE_REALLOCARRAY 1
| #define GNULIB_REALLOCARRAY 1
| #define GNULIB_TEST_REALLOCARRAY 1
| #define GNULIB_TEST_RENAME 1
| #define HAVE_LINUX_FS_H 1
| #define HAVE_RENAMEAT2 1
| #define HAVE_WORKING_RENAMEAT2 1
| #define GNULIB_TEST_RENAMEAT 1
| #define HAVE_LINUX_FS_H 1
| #define HAVE_RENAMEAT2 1
| #define HAVE_WORKING_RENAMEAT2 1
| #define GNULIB_TEST_RMDIR 1
| #define GNULIB_TEST_SETENV 1
| #define SETLOCALE_NULL_ALL_MTSAFE 0
| #define SETLOCALE_NULL_ONE_MTSAFE 1
| #define HAVE_WEAK_SYMBOLS 1
| #define HAVE_VISIBILITY 1
| #define GNULIB_TEST_SETLOCALE_NULL 1
| #define GNULIB_TEST_STAT 1
| #define GNULIB_STAT 1
| #define HAVE_STRUCT_STAT_ST_ATIM_TV_NSEC 1
| #define TYPEOF_STRUCT_STAT_ST_ATIM_IS_STRUCT_TIMESPEC 1
| /* end confdefs.h.  */
| #include <sys/types.h>
|           #include <sys/stat.h>
| 
| int
| main (void)
| {
| static struct stat ac_aggr;
| if (ac_aggr.st_birthtim.tv_nsec)
| return 0;
|   ;
|   return 0;
| }
configure:34584: gcc -c -g -O2  conftest.c >&5
conftest.c: In function 'main':
conftest.c:299:19: error: 'struct stat' has no member named 'st_birthtim'
  299 | if (sizeof ac_aggr.st_birthtim.tv_nsec)
      |                   ^
configure:34584: $? = 1
configure: failed program was:
| /* confdefs.h */
| #define PACKAGE_NAME "GNU patch"
| #define PACKAGE_TARNAME "patch"
| #define PACKAGE_VERSION "2.8"
| #define PACKAGE_STRING "GNU patch 2.8"
| #define PACKAGE_BUGREPORT "bug-patch@gnu.org"
| #define PACKAGE_URL "https://www.gnu.org/software/patch/"
| #define PACKAGE "patch"
| #define VERSION "2.8"
| #define HAVE_STDIO_H 1
| #define HAVE_STDLIB_H 1
| #define HAVE_STRING_H 1
| #define HAVE_INTTYPES_H 1
| #define HAVE_STDINT_H 1
| #define HAVE_STRINGS_H 1
| #define HAVE_SYS_STAT_H 1
| #define HAVE_SYS_TYPES_H 1
| #define HAVE_UNISTD_H 1
| #define HAVE_WCHAR_H 1
| #define HAVE_STDBOOL_H 1
| #define HAVE_UCHAR_H 1
| #define HAVE_SYS_PARAM_H 1
| #define HAVE_SYS_SOCKET_H 1
| #define HAVE_DIRENT_H 1
| #define HAVE_STDIO_EXT_H 1
| #define HAVE_GETOPT_H 1
| #define HAVE_SYS_TIME_H 1
| #define HAVE_THREADS_H 1
| #define HAVE_LIMITS_H 1
| #define HAVE_SYS_MMAN_H 1
| #define HAVE_STDCKDINT_H 1
| #define HAVE_SYS_RANDOM_H 1
| #define HAVE_UTIME_H 1
| #define HAVE_FEATURES_H 1
| #define HAVE_WCTYPE_H 1
| #define HAVE_FCNTL_H 1
| #define STDC_HEADERS 1
| #define _ALL_SOURCE 1
| #define _DARWIN_C_SOURCE 1
| #define _GNU_SOURCE 1
| #define _HPUX_ALT_XOPEN_SOCKET_API 1
| #define _NETBSD_SOURCE 1
| #define _OPENBSD_SOURCE 1
| #define _POSIX_PTHREAD_SEMANTICS 1
| #define __STDC_WANT_IEC_60559_ATTRIBS_EXT__ 1
| #define __STDC_WANT_IEC_60559_BFP_EXT__ 1
| #define __STDC_WANT_IEC_60559_DFP_EXT__ 1
| #define __STDC_WANT_IEC_60559_EXT__ 1
| #define __STDC_WANT_IEC_60559_FUNCS_EXT__ 1
| #define __STDC_WANT_IEC_60559_TYPES_EXT__ 1
| #define __STDC_WANT_LIB_EXT2__ 1
| #define __STDC_WANT_MATH_SPEC_FUNCS__ 1
| #define _TANDEM_SOURCE 1
| #define __EXTENSIONS__ 1
| #define _LINUX_SOURCE_COMPAT 1
| #define __USE_MINGW_ANSI_STDIO 1
| #define HAVE_LSTAT 1
| #define HAVE_PATHCONF 1
| #define HAVE_MBSINIT 1
| #define HAVE_MBRTOWC 1
| #define HAVE_REALPATH 1
| #define HAVE_CHOWN 1
| #define HAVE_FCHOWN 1
| #define HAVE_FCHDIR 1
| #define HAVE_FCHMODAT 1
| #define HAVE_LCHMOD 1
| #define HAVE_FCNTL 1
| #define HAVE_SYMLINK 1
| #define HAVE_FDOPENDIR 1
| #define HAVE_FSTATAT 1
| #define HAVE_GETDTABLESIZE 1
| #define HAVE_GETTIMEOFDAY 1
| #define HAVE_MPROTECT 1
| #define HAVE_MKDIRAT 1
| #define HAVE_OPENAT 1
| #define HAVE_READLINK 1
| #define HAVE_LINK 1
| #define HAVE_RENAMEAT 1
| #define HAVE_SETENV 1
| #define HAVE_LOCALTIME_R 1
| #define HAVE_UNLINKAT 1
| #define HAVE_ISWCNTRL 1
| #define HAVE_GETEUID 1
| #define HAVE_GETUID 1
| #define HAVE_SIGACTION 1
| #define HAVE_SIGFILLSET 1
| #define HAVE_ALLOCA_H 1
| #define HAVE_ALLOCA 1
| #define D_INO_IN_DIRENT 1
| #define HAVE_LONG_FILE_NAMES 1
| #define BITSIZEOF_WCHAR_T 32
| #define HAVE_MBSTATE_T 1
| #define HAVE_LANGINFO_CODESET 1
| #define HAVE_WORKING_MBRTOC32 1
| #define HAVE_WORKING_C32RTOMB 1
| #define HAVE_MALLOC_PTRDIFF 1
| #define HAVE_MALLOC_POSIX 1
| #define LSTAT_FOLLOWS_SLASHED_SYMLINK 1
| #define FUNC_REALPATH_NEARLY_WORKS 1
| #define HAVE_FACCESSAT 1
| #define HAVE_GETCWD 1
| #define HAVE_UNISTD_H 1
| #define HAVE_CHOWN 1
| #define HAVE_ENVIRON_DECL 1
| #define HAVE_DECL_STRERROR_R 1
| #define HAVE_STRERROR_R 1
| #define GETGROUPS_T gid_t
| #define HAVE_DECL_FCHDIR 1
| #define HAVE_WORKING_O_NOATIME 1
| #define HAVE_WORKING_O_NOFOLLOW 1
| #define _USE_STD_STAT 1
| #define HAVE_DECL_FSEEKO 1
| #define restrict __restrict__
| #define HAVE_DECL_FTELLO 1
| #define HAVE_DECL_GETDTABLESIZE 1
| #define HAVE_GETOPT_H 1
| #define HAVE_GETOPT_LONG_ONLY 1
| #define MUSL_LIBC 1
| #define HAVE_PTHREAD_API 1
| #define SETLOCALE_NULL_ALL_MTSAFE 0
| #define SETLOCALE_NULL_ONE_MTSAFE 1
| #define HAVE_WEAK_SYMBOLS 1
| #define HAVE_WINT_T 1
| #define HAVE_LONG_LONG_INT 1
| #define HAVE_UNSIGNED_LONG_LONG_INT 1
| #define HAVE_MALLOC_0_NONNULL 1
| #define HAVE_MAP_ANONYMOUS 1
| #define HAVE_DECL_MEMRCHR 1
| #define HAVE_MINMAX_IN_SYS_PARAM_H 1
| #define TIME_T_IS_SIGNED 1
| #define HAVE_DECL_ALARM 1
| #define PROMOTED_MODE_T mode_t
| #define HAVE_COMPOUND_LITERALS 1
| #define HAVE_STRUCT_TM_TM_GMTOFF 1
| #define HAVE_STRUCT_TM_TM_ZONE 1
| #define HAVE_TM_GMTOFF 1
| #define HAVE_DECL_SETENV 1
| #define HAVE_DECL__PUTENV 0
| #define HAVE_SEARCH_H 1
| #define HAVE_TSEARCH 1
| #define HAVE_SIGSET_T 1
| #define HAVE_DECL_FCLOSEALL 0
| #define HAVE_DECL_GETW 1
| #define HAVE_DECL_PUTW 1
| #define HAVE_DECL_ECVT 1
| #define HAVE_DECL_FCVT 1
| #define HAVE_DECL_GCVT 1
| #define HAVE_DECL_STRDUP 1
| #define HAVE_DECL_EXECVPE 1
| #define HAVE_DECL_UNSETENV 1
| #define HAVE_WORKING_UTIMES 1
| #define HAVE_DECL_WCSDUP 1
| #define HAVE_TOWLOWER 1
| #define GNULIB_TEST_ACCESS 1
| #define HAVE_ALLOCA 1
| #define HAVE_C_STATIC_ASSERT 1
| #define HAVE_C_BOOL 1
| #define HAVE___BUILTIN_EXPECT 1
| #define GNULIB_TEST_C32ISPRINT 1
| #define GNULIB_TEST_CALLOC_GNU 1
| #define GNULIB_TEST_CALLOC_POSIX 1
| #define GNULIB_CANONICALIZE_LGPL 1
| #define GNULIB_TEST_CANONICALIZE_FILE_NAME 1
| #define GNULIB_TEST_REALPATH 1
| #define GNULIB_TEST_CHDIR 1
| #define GNULIB_TEST_CHMOD 1
| #define GNULIB_TEST_CHOWN 1
| #define HAVE_CLOCK_GETRES 1
| #define HAVE_CLOCK_GETTIME 1
| #define HAVE_CLOCK_SETTIME 1
| #define GNULIB_TEST_CLOEXEC 1
| #define GNULIB_TEST_CLOSE 1
| #define GNULIB_CLOSE 1
| #define GNULIB_CLOSE_STREAM 1
| #define HAVE_CLOSEDIR 1
| #define GNULIB_TEST_CLOSEDIR 1
| #define D_INO_IN_DIRENT 1
| #define HAVE_DIRFD 1
| #define HAVE_DECL_DIRFD 1
| #define GNULIB_TEST_DIRFD 1
| #define GNULIB_TEST_DUP 1
| #define GNULIB_TEST_DUP2 1
| #define GNULIB_TEST_ENVIRON 1
| #define HAVE_EUIDACCESS 1
| #define GNULIB_TEST_EUIDACCESS 1
| #define HAVE_FACCESSAT 1
| #define GNULIB_FACCESSAT 1
| #define GNULIB_TEST_FACCESSAT 1
| #define GNULIB_TEST_FCHDIR 1
| #define GNULIB_TEST_FCHMODAT 1
| #define GNULIB_TEST_FCHOWNAT 1
| #define GNULIB_TEST_FCNTL 1
| #define HAVE_DECL_FDOPENDIR 1
| #define GNULIB_TEST_FDOPENDIR 1
| #define GNULIB_FDOPENDIR 1
| #define HAVE_MEMPCPY 1
| #define FLEXIBLE_ARRAY_MEMBER /**/
| #define HAVE_DECL___FPENDING 1
| #define GNULIB_TEST_FREE_POSIX 1
| #define GNULIB_TEST_FSEEK 1
| #define GNULIB_TEST_FSEEKO 1
| #define GNULIB_TEST_FSTAT 1
| #define GNULIB_FSTAT 1
| #define GNULIB_TEST_FSTATAT 1
| #define GNULIB_FSTATAT 1
| #define GNULIB_TEST_FTELL 1
| #define GNULIB_TEST_FTELLO 1
| #define HAVE_FUTIMENS 1
| #define GNULIB_TEST_FUTIMENS 1
| #define GNULIB_TEST_GETCWD 1
| #define GNULIB_TEST_GETDTABLESIZE 1
| #define HAVE_GETGROUPS 1
| #define GNULIB_TEST_GETGROUPS 1
| #define __GETOPT_PREFIX rpl_
| #define GNULIB_TEST_GETOPT_POSIX 1
| #define HAVE_DECL_PROGRAM_INVOCATION_NAME 1
| #define HAVE_DECL_PROGRAM_INVOCATION_NAME 1
| #define HAVE_DECL_PROGRAM_INVOCATION_SHORT_NAME 1
| #define HAVE_DECL___ARGV 0
| #define GNULIB_TEST_GETPROGNAME 1
| #define HAVE_GETRANDOM 1
| #define GNULIB_TEST_GETRANDOM 1
| #define HAVE_TIMESPEC_GET 1
| #define GETTIMEOFDAY_TIMEZONE void
| #define GNULIB_TEST_GETTIMEOFDAY 1
| #define GNULIB_LOCALEDIR "/usr/share/locale"
| #define GNULIB_TEST_GROUP_MEMBER 1
| #define GNULIB_TEST_LCHMOD 1
| #define HAVE_LCHOWN 1
| #define GNULIB_TEST_LCHOWN 1
| #define HAVE___INLINE 1
| #define GNULIB_TEST_LSEEK 1
| #define GNULIB_TEST_LSTAT 1
| #define GNULIB_LSTAT 1
| #define GNULIB_TEST_MALLOC_GNU 1
| #define GNULIB_TEST_MALLOC_POSIX 1
| #define GNULIB_TEST_MBRTOC32 1
| #define GNULIB_TEST_MBRTOWC 1
| #define GNULIB_TEST_MBSINIT 1
| #define GNULIB_TEST_MBSZERO 1
| #define GNULIB_TEST_MEMCHR 1
| #define HAVE_MEMPCPY 1
| #define GNULIB_TEST_MEMPCPY 1
| #define HAVE_MEMRCHR 1
| #define GNULIB_TEST_MEMRCHR 1
| #define GNULIB_TEST_MKDIR 1
| #define GNULIB_TEST_MKDIRAT 1
| #define GNULIB_TEST_MKTIME 1
| #define NEED_MKTIME_INTERNAL 1
| #define GNULIB_MSVC_NOTHROW 1
| #define HAVE_C_NULLPTR 1
| #define GNULIB_TEST_OPEN 1
| #define GNULIB_OPENAT 1
| #define GNULIB_TEST_OPENAT 1
| #define HAVE_OPENDIR 1
| #define GNULIB_TEST_OPENDIR 1
| #define HAVE_DECL_PROGRAM_INVOCATION_NAME 1
| #define HAVE_DECL_PROGRAM_INVOCATION_SHORT_NAME 1
| #define HAVE_RAISE 1
| #define GNULIB_TEST_RAISE 1
| #define GNULIB_TEST_RAWMEMCHR 1
| #define HAVE_READDIR 1
| #define GNULIB_TEST_READDIR 1
| #define GNULIB_TEST_READLINK 1
| #define HAVE_READLINKAT 1
| #define GNULIB_TEST_READLINKAT 1
| #define HAVE_REALLOC_0_NONNULL 1
| #define GNULIB_TEST_REALLOC_POSIX 1
| #define HAVE_REALLOCARRAY 1
| #define GNULIB_REALLOCARRAY 1
| #define GNULIB_TEST_REALLOCARRAY 1
| #define GNULIB_TEST_RENAME 1
| #define HAVE_LINUX_FS_H 1
| #define HAVE_RENAMEAT2 1
| #define HAVE_WORKING_RENAMEAT2 1
| #define GNULIB_TEST_RENAMEAT 1
| #define HAVE_LINUX_FS_H 1
| #define HAVE_RENAMEAT2 1
| #define HAVE_WORKING_RENAMEAT2 1
| #define GNULIB_TEST_RMDIR 1
| #define GNULIB_TEST_SETENV 1
| #define SETLOCALE_NULL_ALL_MTSAFE 0
| #define SETLOCALE_NULL_ONE_MTSAFE 1
| #define HAVE_WEAK_SYMBOLS 1
| #define HAVE_VISIBILITY 1
| #define GNULIB_TEST_SETLOCALE_NULL 1
| #define GNULIB_TEST_STAT 1
| #define GNULIB_STAT 1
| #define HAVE_STRUCT_STAT_ST_ATIM_TV_NSEC 1
| #define TYPEOF_STRUCT_STAT_ST_ATIM_IS_STRUCT_TIMESPEC 1
| /* end confdefs.h.  */
| #include <sys/types.h>
|           #include <sys/stat.h>
| 
| int
| main (void)
| {
| static struct stat ac_aggr;
| if (sizeof ac_aggr.st_birthtim.tv_nsec)
| return 0;
|   ;
|   return 0;
| }
configure:34584: result: no
configure:35129: checking for stpcpy
configure:35166: checking for stpcpy
configure:35166: gcc -o conftest -g -O2   conftest.c  >&5
conftest.c:327:6: warning: conflicting types for built-in function 'stpcpy'; expected 'char *(char *, const char *)' [-Wbuiltin-declaration-mismatch]
  327 | char stpcpy (void);
      |      ^~~~~~
configure:35166: $? = 0
configure:35166: result: yes
configure:35182: result: yes
configure:35309: checking for working strerror function
configure:35339: gcc -o conftest -g -O2   conftest.c  >&5
configure:35339: $? = 0
configure:35339: ./conftest
configure:35339: $? = 0
configure:35354: result: yes
configure:35470: checking whether symlink handles trailing slash correctly
configure:35510: gcc -o conftest -g -O2   conftest.c  >&5
configure:35510: $? = 0
configure:35510: ./conftest
configure:35510: $? = 0
configure:35525: result: yes
configure:35574: checking for symlinkat
configure:35611: checking for symlinkat
configure:35611: gcc -o conftest -g -O2   conftest.c  >&5
configure:35611: $? = 0
configure:35611: result: yes
configure:35627: result: yes
configure:35647: checking whether symlinkat handles trailing slash correctly
configure:35688: gcc -o conftest -g -O2   conftest.c  >&5
configure:35688: $? = 0
configure:35688: ./conftest
configure:35688: $? = 0
configure:35703: result: yes
configure:36074: checking whether localtime_r is declared
configure:36074: gcc -c -g -O2   conftest.c >&5
configure:36074: $? = 0
configure:36074: result: yes
configure:36099: checking whether localtime_r is compatible with its POSIX signature
configure:36131: gcc -c -g -O2  conftest.c >&5
configure:36131: $? = 0
configure:36142: result: yes
configure:36244: checking whether localtime works even near extrema
configure:36280: gcc -o conftest -g -O2   conftest.c  >&5
configure:36280: $? = 0
configure:36280: ./conftest
configure:36280: $? = 0
configure:36292: result: yes
configure:36300: checking for timezone_t
configure:36300: gcc -c -g -O2  conftest.c >&5
conftest.c: In function 'main':
conftest.c:327:13: error: 'timezone_t' undeclared (first use in this function); did you mean 'timezone'?
  327 | if (sizeof (timezone_t))
      |             ^~~~~~~~~~
      |             timezone
conftest.c:327:13: note: each undeclared identifier is reported only once for each function it appears in
configure:36300: $? = 1
configure: failed program was:
| /* confdefs.h */
| #define PACKAGE_NAME "GNU patch"
| #define PACKAGE_TARNAME "patch"
| #define PACKAGE_VERSION "2.8"
| #define PACKAGE_STRING "GNU patch 2.8"
| #define PACKAGE_BUGREPORT "bug-patch@gnu.org"
| #define PACKAGE_URL "https://www.gnu.org/software/patch/"
| #define PACKAGE "patch"
| #define VERSION "2.8"
| #define HAVE_STDIO_H 1
| #define HAVE_STDLIB_H 1
| #define HAVE_STRING_H 1
| #define HAVE_INTTYPES_H 1
| #define HAVE_STDINT_H 1
| #define HAVE_STRINGS_H 1
| #define HAVE_SYS_STAT_H 1
| #define HAVE_SYS_TYPES_H 1
| #define HAVE_UNISTD_H 1
| #define HAVE_WCHAR_H 1
| #define HAVE_STDBOOL_H 1
| #define HAVE_UCHAR_H 1
| #define HAVE_SYS_PARAM_H 1
| #define HAVE_SYS_SOCKET_H 1
| #define HAVE_DIRENT_H 1
| #define HAVE_STDIO_EXT_H 1
| #define HAVE_GETOPT_H 1
| #define HAVE_SYS_TIME_H 1
| #define HAVE_THREADS_H 1
| #define HAVE_LIMITS_H 1
| #define HAVE_SYS_MMAN_H 1
| #define HAVE_STDCKDINT_H 1
| #define HAVE_SYS_RANDOM_H 1
| #define HAVE_UTIME_H 1
| #define HAVE_FEATURES_H 1
| #define HAVE_WCTYPE_H 1
| #define HAVE_FCNTL_H 1
| #define STDC_HEADERS 1
| #define _ALL_SOURCE 1
| #define _DARWIN_C_SOURCE 1
| #define _GNU_SOURCE 1
| #define _HPUX_ALT_XOPEN_SOCKET_API 1
| #define _NETBSD_SOURCE 1
| #define _OPENBSD_SOURCE 1
| #define _POSIX_PTHREAD_SEMANTICS 1
| #define __STDC_WANT_IEC_60559_ATTRIBS_EXT__ 1
| #define __STDC_WANT_IEC_60559_BFP_EXT__ 1
| #define __STDC_WANT_IEC_60559_DFP_EXT__ 1
| #define __STDC_WANT_IEC_60559_EXT__ 1
| #define __STDC_WANT_IEC_60559_FUNCS_EXT__ 1
| #define __STDC_WANT_IEC_60559_TYPES_EXT__ 1
| #define __STDC_WANT_LIB_EXT2__ 1
| #define __STDC_WANT_MATH_SPEC_FUNCS__ 1
| #define _TANDEM_SOURCE 1
| #define __EXTENSIONS__ 1
| #define _LINUX_SOURCE_COMPAT 1
| #define __USE_MINGW_ANSI_STDIO 1
| #define HAVE_LSTAT 1
| #define HAVE_PATHCONF 1
| #define HAVE_MBSINIT 1
| #define HAVE_MBRTOWC 1
| #define HAVE_REALPATH 1
| #define HAVE_CHOWN 1
| #define HAVE_FCHOWN 1
| #define HAVE_FCHDIR 1
| #define HAVE_FCHMODAT 1
| #define HAVE_LCHMOD 1
| #define HAVE_FCNTL 1
| #define HAVE_SYMLINK 1
| #define HAVE_FDOPENDIR 1
| #define HAVE_FSTATAT 1
| #define HAVE_GETDTABLESIZE 1
| #define HAVE_GETTIMEOFDAY 1
| #define HAVE_MPROTECT 1
| #define HAVE_MKDIRAT 1
| #define HAVE_OPENAT 1
| #define HAVE_READLINK 1
| #define HAVE_LINK 1
| #define HAVE_RENAMEAT 1
| #define HAVE_SETENV 1
| #define HAVE_LOCALTIME_R 1
| #define HAVE_UNLINKAT 1
| #define HAVE_ISWCNTRL 1
| #define HAVE_GETEUID 1
| #define HAVE_GETUID 1
| #define HAVE_SIGACTION 1
| #define HAVE_SIGFILLSET 1
| #define HAVE_ALLOCA_H 1
| #define HAVE_ALLOCA 1
| #define D_INO_IN_DIRENT 1
| #define HAVE_LONG_FILE_NAMES 1
| #define BITSIZEOF_WCHAR_T 32
| #define HAVE_MBSTATE_T 1
| #define HAVE_LANGINFO_CODESET 1
| #define HAVE_WORKING_MBRTOC32 1
| #define HAVE_WORKING_C32RTOMB 1
| #define HAVE_MALLOC_PTRDIFF 1
| #define HAVE_MALLOC_POSIX 1
| #define LSTAT_FOLLOWS_SLASHED_SYMLINK 1
| #define FUNC_REALPATH_NEARLY_WORKS 1
| #define HAVE_FACCESSAT 1
| #define HAVE_GETCWD 1
| #define HAVE_UNISTD_H 1
| #define HAVE_CHOWN 1
| #define HAVE_ENVIRON_DECL 1
| #define HAVE_DECL_STRERROR_R 1
| #define HAVE_STRERROR_R 1
| #define GETGROUPS_T gid_t
| #define HAVE_DECL_FCHDIR 1
| #define HAVE_WORKING_O_NOATIME 1
| #define HAVE_WORKING_O_NOFOLLOW 1
| #define _USE_STD_STAT 1
| #define HAVE_DECL_FSEEKO 1
| #define restrict __restrict__
| #define HAVE_DECL_FTELLO 1
| #define HAVE_DECL_GETDTABLESIZE 1
| #define HAVE_GETOPT_H 1
| #define HAVE_GETOPT_LONG_ONLY 1
| #define MUSL_LIBC 1
| #define HAVE_PTHREAD_API 1
| #define SETLOCALE_NULL_ALL_MTSAFE 0
| #define SETLOCALE_NULL_ONE_MTSAFE 1
| #define HAVE_WEAK_SYMBOLS 1
| #define HAVE_WINT_T 1
| #define HAVE_LONG_LONG_INT 1
| #define HAVE_UNSIGNED_LONG_LONG_INT 1
| #define HAVE_MALLOC_0_NONNULL 1
| #define HAVE_MAP_ANONYMOUS 1
| #define HAVE_DECL_MEMRCHR 1
| #define HAVE_MINMAX_IN_SYS_PARAM_H 1
| #define TIME_T_IS_SIGNED 1
| #define HAVE_DECL_ALARM 1
| #define PROMOTED_MODE_T mode_t
| #define HAVE_COMPOUND_LITERALS 1
| #define HAVE_STRUCT_TM_TM_GMTOFF 1
| #define HAVE_STRUCT_TM_TM_ZONE 1
| #define HAVE_TM_GMTOFF 1
| #define HAVE_DECL_SETENV 1
| #define HAVE_DECL__PUTENV 0
| #define HAVE_SEARCH_H 1
| #define HAVE_TSEARCH 1
| #define HAVE_SIGSET_T 1
| #define HAVE_DECL_FCLOSEALL 0
| #define HAVE_DECL_GETW 1
| #define HAVE_DECL_PUTW 1
| #define HAVE_DECL_ECVT 1
| #define HAVE_DECL_FCVT 1
| #define HAVE_DECL_GCVT 1
| #define HAVE_DECL_STRDUP 1
| #define HAVE_DECL_EXECVPE 1
| #define HAVE_DECL_UNSETENV 1
| #define HAVE_WORKING_UTIMES 1
| #define HAVE_DECL_WCSDUP 1
| #define HAVE_TOWLOWER 1
| #define GNULIB_TEST_ACCESS 1
| #define HAVE_ALLOCA 1
| #define HAVE_C_STATIC_ASSERT 1
| #define HAVE_C_BOOL 1
| #define HAVE___BUILTIN_EXPECT 1
| #define GNULIB_TEST_C32ISPRINT 1
| #define GNULIB_TEST_CALLOC_GNU 1
| #define GNULIB_TEST_CALLOC_POSIX 1
| #define GNULIB_CANONICALIZE_LGPL 1
| #define GNULIB_TEST_CANONICALIZE_FILE_NAME 1
| #define GNULIB_TEST_REALPATH 1
| #define GNULIB_TEST_CHDIR 1
| #define GNULIB_TEST_CHMOD 1
| #define GNULIB_TEST_CHOWN 1
| #define HAVE_CLOCK_GETRES 1
| #define HAVE_CLOCK_GETTIME 1
| #define HAVE_CLOCK_SETTIME 1
| #define GNULIB_TEST_CLOEXEC 1
| #define GNULIB_TEST_CLOSE 1
| #define GNULIB_CLOSE 1
| #define GNULIB_CLOSE_STREAM 1
| #define HAVE_CLOSEDIR 1
| #define GNULIB_TEST_CLOSEDIR 1
| #define D_INO_IN_DIRENT 1
| #define HAVE_DIRFD 1
| #define HAVE_DECL_DIRFD 1
| #define GNULIB_TEST_DIRFD 1
| #define GNULIB_TEST_DUP 1
| #define GNULIB_TEST_DUP2 1
| #define GNULIB_TEST_ENVIRON 1
| #define HAVE_EUIDACCESS 1
| #define GNULIB_TEST_EUIDACCESS 1
| #define HAVE_FACCESSAT 1
| #define GNULIB_FACCESSAT 1
| #define GNULIB_TEST_FACCESSAT 1
| #define GNULIB_TEST_FCHDIR 1
| #define GNULIB_TEST_FCHMODAT 1
| #define GNULIB_TEST_FCHOWNAT 1
| #define GNULIB_TEST_FCNTL 1
| #define HAVE_DECL_FDOPENDIR 1
| #define GNULIB_TEST_FDOPENDIR 1
| #define GNULIB_FDOPENDIR 1
| #define HAVE_MEMPCPY 1
| #define FLEXIBLE_ARRAY_MEMBER /**/
| #define HAVE_DECL___FPENDING 1
| #define GNULIB_TEST_FREE_POSIX 1
| #define GNULIB_TEST_FSEEK 1
| #define GNULIB_TEST_FSEEKO 1
| #define GNULIB_TEST_FSTAT 1
| #define GNULIB_FSTAT 1
| #define GNULIB_TEST_FSTATAT 1
| #define GNULIB_FSTATAT 1
| #define GNULIB_TEST_FTELL 1
| #define GNULIB_TEST_FTELLO 1
| #define HAVE_FUTIMENS 1
| #define GNULIB_TEST_FUTIMENS 1
| #define GNULIB_TEST_GETCWD 1
| #define GNULIB_TEST_GETDTABLESIZE 1
| #define HAVE_GETGROUPS 1
| #define GNULIB_TEST_GETGROUPS 1
| #define __GETOPT_PREFIX rpl_
| #define GNULIB_TEST_GETOPT_POSIX 1
| #define HAVE_DECL_PROGRAM_INVOCATION_NAME 1
| #define HAVE_DECL_PROGRAM_INVOCATION_NAME 1
| #define HAVE_DECL_PROGRAM_INVOCATION_SHORT_NAME 1
| #define HAVE_DECL___ARGV 0
| #define GNULIB_TEST_GETPROGNAME 1
| #define HAVE_GETRANDOM 1
| #define GNULIB_TEST_GETRANDOM 1
| #define HAVE_TIMESPEC_GET 1
| #define GETTIMEOFDAY_TIMEZONE void
| #define GNULIB_TEST_GETTIMEOFDAY 1
| #define GNULIB_LOCALEDIR "/usr/share/locale"
| #define GNULIB_TEST_GROUP_MEMBER 1
| #define GNULIB_TEST_LCHMOD 1
| #define HAVE_LCHOWN 1
| #define GNULIB_TEST_LCHOWN 1
| #define HAVE___INLINE 1
| #define GNULIB_TEST_LSEEK 1
| #define GNULIB_TEST_LSTAT 1
| #define GNULIB_LSTAT 1
| #define GNULIB_TEST_MALLOC_GNU 1
| #define GNULIB_TEST_MALLOC_POSIX 1
| #define GNULIB_TEST_MBRTOC32 1
| #define GNULIB_TEST_MBRTOWC 1
| #define GNULIB_TEST_MBSINIT 1
| #define GNULIB_TEST_MBSZERO 1
| #define GNULIB_TEST_MEMCHR 1
| #define HAVE_MEMPCPY 1
| #define GNULIB_TEST_MEMPCPY 1
| #define HAVE_MEMRCHR 1
| #define GNULIB_TEST_MEMRCHR 1
| #define GNULIB_TEST_MKDIR 1
| #define GNULIB_TEST_MKDIRAT 1
| #define GNULIB_TEST_MKTIME 1
| #define NEED_MKTIME_INTERNAL 1
| #define GNULIB_MSVC_NOTHROW 1
| #define HAVE_C_NULLPTR 1
| #define GNULIB_TEST_OPEN 1
| #define GNULIB_OPENAT 1
| #define GNULIB_TEST_OPENAT 1
| #define HAVE_OPENDIR 1
| #define GNULIB_TEST_OPENDIR 1
| #define HAVE_DECL_PROGRAM_INVOCATION_NAME 1
| #define HAVE_DECL_PROGRAM_INVOCATION_SHORT_NAME 1
| #define HAVE_RAISE 1
| #define GNULIB_TEST_RAISE 1
| #define GNULIB_TEST_RAWMEMCHR 1
| #define HAVE_READDIR 1
| #define GNULIB_TEST_READDIR 1
| #define GNULIB_TEST_READLINK 1
| #define HAVE_READLINKAT 1
| #define GNULIB_TEST_READLINKAT 1
| #define HAVE_REALLOC_0_NONNULL 1
| #define GNULIB_TEST_REALLOC_POSIX 1
| #define HAVE_REALLOCARRAY 1
| #define GNULIB_REALLOCARRAY 1
| #define GNULIB_TEST_REALLOCARRAY 1
| #define GNULIB_TEST_RENAME 1
| #define HAVE_LINUX_FS_H 1
| #define HAVE_RENAMEAT2 1
| #define HAVE_WORKING_RENAMEAT2 1
| #define GNULIB_TEST_RENAMEAT 1
| #define HAVE_LINUX_FS_H 1
| #define HAVE_RENAMEAT2 1
| #define HAVE_WORKING_RENAMEAT2 1
| #define GNULIB_TEST_RMDIR 1
| #define GNULIB_TEST_SETENV 1
| #define SETLOCALE_NULL_ALL_MTSAFE 0
| #define SETLOCALE_NULL_ONE_MTSAFE 1
| #define HAVE_WEAK_SYMBOLS 1
| #define HAVE_VISIBILITY 1
| #define GNULIB_TEST_SETLOCALE_NULL 1
| #define GNULIB_TEST_STAT 1
| #define GNULIB_STAT 1
| #define HAVE_STRUCT_STAT_ST_ATIM_TV_NSEC 1
| #define TYPEOF_STRUCT_STAT_ST_ATIM_IS_STRUCT_TIMESPEC 1
| #define GNULIB_TEST_FSCANF 1
| #define GNULIB_FSCANF 1
| #define GNULIB_TEST_SCANF 1
| #define GNULIB_SCANF 1
| #define GNULIB_TEST_FGETC 1
| #define GNULIB_TEST_GETC 1
| #define GNULIB_TEST_GETCHAR 1
| #define GNULIB_TEST_FGETS 1
| #define GNULIB_TEST_FREAD 1
| #define GNULIB_TEST_FPRINTF 1
| #define GNULIB_TEST_PRINTF 1
| #define GNULIB_TEST_VFPRINTF 1
| #define GNULIB_TEST_VPRINTF 1
| #define GNULIB_TEST_FPUTC 1
| #define GNULIB_TEST_PUTC 1
| #define GNULIB_TEST_PUTCHAR 1
| #define GNULIB_TEST_FPUTS 1
| #define GNULIB_TEST_PUTS 1
| #define GNULIB_TEST_FWRITE 1
| #define HAVE_STPCPY 1
| #define GNULIB_TEST_STPCPY 1
| #define GNULIB_TEST_STRDUP 1
| #define GNULIB_STRERROR 1
| #define GNULIB_TEST_STRERROR 1
| #define GNULIB_TEST_SYMLINK 1
| #define HAVE_SYMLINKAT 1
| #define GNULIB_TEST_SYMLINKAT 1
| #define GNULIB_TEMPNAME 1
| #define HAVE_DECL_LOCALTIME_R 1
| #define GNULIB_TEST_TIME_R 1
| /* end confdefs.h.  */
| #include <time.h>
| 
| int
| main (void)
| {
| if (sizeof (timezone_t))
| 	 return 0;
|   ;
|   return 0;
| }
configure:36300: result: no
configure:36316: checking for tzalloc
configure:36353: checking for tzalloc
configure:36353: gcc -o conftest -g -O2   conftest.c  >&5
/usr/lib/gcc/x86_64-alpine-linux-musl/15.2.0/../../../../x86_64-alpine-linux-musl/bin/ld: /tmp/ccoHEAki.o: in function `main':
/home/sonakrie/Work/testicular_linux/patch/conftest.c:349:(.text.startup+0x5): undefined reference to `tzalloc'
collect2: error: ld returned 1 exit status
configure:36353: $? = 1
configure: failed program was:
| /* confdefs.h */
| #define PACKAGE_NAME "GNU patch"
| #define PACKAGE_TARNAME "patch"
| #define PACKAGE_VERSION "2.8"
| #define PACKAGE_STRING "GNU patch 2.8"
| #define PACKAGE_BUGREPORT "bug-patch@gnu.org"
| #define PACKAGE_URL "https://www.gnu.org/software/patch/"
| #define PACKAGE "patch"
| #define VERSION "2.8"
| #define HAVE_STDIO_H 1
| #define HAVE_STDLIB_H 1
| #define HAVE_STRING_H 1
| #define HAVE_INTTYPES_H 1
| #define HAVE_STDINT_H 1
| #define HAVE_STRINGS_H 1
| #define HAVE_SYS_STAT_H 1
| #define HAVE_SYS_TYPES_H 1
| #define HAVE_UNISTD_H 1
| #define HAVE_WCHAR_H 1
| #define HAVE_STDBOOL_H 1
| #define HAVE_UCHAR_H 1
| #define HAVE_SYS_PARAM_H 1
| #define HAVE_SYS_SOCKET_H 1
| #define HAVE_DIRENT_H 1
| #define HAVE_STDIO_EXT_H 1
| #define HAVE_GETOPT_H 1
| #define HAVE_SYS_TIME_H 1
| #define HAVE_THREADS_H 1
| #define HAVE_LIMITS_H 1
| #define HAVE_SYS_MMAN_H 1
| #define HAVE_STDCKDINT_H 1
| #define HAVE_SYS_RANDOM_H 1
| #define HAVE_UTIME_H 1
| #define HAVE_FEATURES_H 1
| #define HAVE_WCTYPE_H 1
| #define HAVE_FCNTL_H 1
| #define STDC_HEADERS 1
| #define _ALL_SOURCE 1
| #define _DARWIN_C_SOURCE 1
| #define _GNU_SOURCE 1
| #define _HPUX_ALT_XOPEN_SOCKET_API 1
| #define _NETBSD_SOURCE 1
| #define _OPENBSD_SOURCE 1
| #define _POSIX_PTHREAD_SEMANTICS 1
| #define __STDC_WANT_IEC_60559_ATTRIBS_EXT__ 1
| #define __STDC_WANT_IEC_60559_BFP_EXT__ 1
| #define __STDC_WANT_IEC_60559_DFP_EXT__ 1
| #define __STDC_WANT_IEC_60559_EXT__ 1
| #define __STDC_WANT_IEC_60559_FUNCS_EXT__ 1
| #define __STDC_WANT_IEC_60559_TYPES_EXT__ 1
| #define __STDC_WANT_LIB_EXT2__ 1
| #define __STDC_WANT_MATH_SPEC_FUNCS__ 1
| #define _TANDEM_SOURCE 1
| #define __EXTENSIONS__ 1
| #define _LINUX_SOURCE_COMPAT 1
| #define __USE_MINGW_ANSI_STDIO 1
| #define HAVE_LSTAT 1
| #define HAVE_PATHCONF 1
| #define HAVE_MBSINIT 1
| #define HAVE_MBRTOWC 1
| #define HAVE_REALPATH 1
| #define HAVE_CHOWN 1
| #define HAVE_FCHOWN 1
| #define HAVE_FCHDIR 1
| #define HAVE_FCHMODAT 1
| #define HAVE_LCHMOD 1
| #define HAVE_FCNTL 1
| #define HAVE_SYMLINK 1
| #define HAVE_FDOPENDIR 1
| #define HAVE_FSTATAT 1
| #define HAVE_GETDTABLESIZE 1
| #define HAVE_GETTIMEOFDAY 1
| #define HAVE_MPROTECT 1
| #define HAVE_MKDIRAT 1
| #define HAVE_OPENAT 1
| #define HAVE_READLINK 1
| #define HAVE_LINK 1
| #define HAVE_RENAMEAT 1
| #define HAVE_SETENV 1
| #define HAVE_LOCALTIME_R 1
| #define HAVE_UNLINKAT 1
| #define HAVE_ISWCNTRL 1
| #define HAVE_GETEUID 1
| #define HAVE_GETUID 1
| #define HAVE_SIGACTION 1
| #define HAVE_SIGFILLSET 1
| #define HAVE_ALLOCA_H 1
| #define HAVE_ALLOCA 1
| #define D_INO_IN_DIRENT 1
| #define HAVE_LONG_FILE_NAMES 1
| #define BITSIZEOF_WCHAR_T 32
| #define HAVE_MBSTATE_T 1
| #define HAVE_LANGINFO_CODESET 1
| #define HAVE_WORKING_MBRTOC32 1
| #define HAVE_WORKING_C32RTOMB 1
| #define HAVE_MALLOC_PTRDIFF 1
| #define HAVE_MALLOC_POSIX 1
| #define LSTAT_FOLLOWS_SLASHED_SYMLINK 1
| #define FUNC_REALPATH_NEARLY_WORKS 1
| #define HAVE_FACCESSAT 1
| #define HAVE_GETCWD 1
| #define HAVE_UNISTD_H 1
| #define HAVE_CHOWN 1
| #define HAVE_ENVIRON_DECL 1
| #define HAVE_DECL_STRERROR_R 1
| #define HAVE_STRERROR_R 1
| #define GETGROUPS_T gid_t
| #define HAVE_DECL_FCHDIR 1
| #define HAVE_WORKING_O_NOATIME 1
| #define HAVE_WORKING_O_NOFOLLOW 1
| #define _USE_STD_STAT 1
| #define HAVE_DECL_FSEEKO 1
| #define restrict __restrict__
| #define HAVE_DECL_FTELLO 1
| #define HAVE_DECL_GETDTABLESIZE 1
| #define HAVE_GETOPT_H 1
| #define HAVE_GETOPT_LONG_ONLY 1
| #define MUSL_LIBC 1
| #define HAVE_PTHREAD_API 1
| #define SETLOCALE_NULL_ALL_MTSAFE 0
| #define SETLOCALE_NULL_ONE_MTSAFE 1
| #define HAVE_WEAK_SYMBOLS 1
| #define HAVE_WINT_T 1
| #define HAVE_LONG_LONG_INT 1
| #define HAVE_UNSIGNED_LONG_LONG_INT 1
| #define HAVE_MALLOC_0_NONNULL 1
| #define HAVE_MAP_ANONYMOUS 1
| #define HAVE_DECL_MEMRCHR 1
| #define HAVE_MINMAX_IN_SYS_PARAM_H 1
| #define TIME_T_IS_SIGNED 1
| #define HAVE_DECL_ALARM 1
| #define PROMOTED_MODE_T mode_t
| #define HAVE_COMPOUND_LITERALS 1
| #define HAVE_STRUCT_TM_TM_GMTOFF 1
| #define HAVE_STRUCT_TM_TM_ZONE 1
| #define HAVE_TM_GMTOFF 1
| #define HAVE_DECL_SETENV 1
| #define HAVE_DECL__PUTENV 0
| #define HAVE_SEARCH_H 1
| #define HAVE_TSEARCH 1
| #define HAVE_SIGSET_T 1
| #define HAVE_DECL_FCLOSEALL 0
| #define HAVE_DECL_GETW 1
| #define HAVE_DECL_PUTW 1
| #define HAVE_DECL_ECVT 1
| #define HAVE_DECL_FCVT 1
| #define HAVE_DECL_GCVT 1
| #define HAVE_DECL_STRDUP 1
| #define HAVE_DECL_EXECVPE 1
| #define HAVE_DECL_UNSETENV 1
| #define HAVE_WORKING_UTIMES 1
| #define HAVE_DECL_WCSDUP 1
| #define HAVE_TOWLOWER 1
| #define GNULIB_TEST_ACCESS 1
| #define HAVE_ALLOCA 1
| #define HAVE_C_STATIC_ASSERT 1
| #define HAVE_C_BOOL 1
| #define HAVE___BUILTIN_EXPECT 1
| #define GNULIB_TEST_C32ISPRINT 1
| #define GNULIB_TEST_CALLOC_GNU 1
| #define GNULIB_TEST_CALLOC_POSIX 1
| #define GNULIB_CANONICALIZE_LGPL 1
| #define GNULIB_TEST_CANONICALIZE_FILE_NAME 1
| #define GNULIB_TEST_REALPATH 1
| #define GNULIB_TEST_CHDIR 1
| #define GNULIB_TEST_CHMOD 1
| #define GNULIB_TEST_CHOWN 1
| #define HAVE_CLOCK_GETRES 1
| #define HAVE_CLOCK_GETTIME 1
| #define HAVE_CLOCK_SETTIME 1
| #define GNULIB_TEST_CLOEXEC 1
| #define GNULIB_TEST_CLOSE 1
| #define GNULIB_CLOSE 1
| #define GNULIB_CLOSE_STREAM 1
| #define HAVE_CLOSEDIR 1
| #define GNULIB_TEST_CLOSEDIR 1
| #define D_INO_IN_DIRENT 1
| #define HAVE_DIRFD 1
| #define HAVE_DECL_DIRFD 1
| #define GNULIB_TEST_DIRFD 1
| #define GNULIB_TEST_DUP 1
| #define GNULIB_TEST_DUP2 1
| #define GNULIB_TEST_ENVIRON 1
| #define HAVE_EUIDACCESS 1
| #define GNULIB_TEST_EUIDACCESS 1
| #define HAVE_FACCESSAT 1
| #define GNULIB_FACCESSAT 1
| #define GNULIB_TEST_FACCESSAT 1
| #define GNULIB_TEST_FCHDIR 1
| #define GNULIB_TEST_FCHMODAT 1
| #define GNULIB_TEST_FCHOWNAT 1
| #define GNULIB_TEST_FCNTL 1
| #define HAVE_DECL_FDOPENDIR 1
| #define GNULIB_TEST_FDOPENDIR 1
| #define GNULIB_FDOPENDIR 1
| #define HAVE_MEMPCPY 1
| #define FLEXIBLE_ARRAY_MEMBER /**/
| #define HAVE_DECL___FPENDING 1
| #define GNULIB_TEST_FREE_POSIX 1
| #define GNULIB_TEST_FSEEK 1
| #define GNULIB_TEST_FSEEKO 1
| #define GNULIB_TEST_FSTAT 1
| #define GNULIB_FSTAT 1
| #define GNULIB_TEST_FSTATAT 1
| #define GNULIB_FSTATAT 1
| #define GNULIB_TEST_FTELL 1
| #define GNULIB_TEST_FTELLO 1
| #define HAVE_FUTIMENS 1
| #define GNULIB_TEST_FUTIMENS 1
| #define GNULIB_TEST_GETCWD 1
| #define GNULIB_TEST_GETDTABLESIZE 1
| #define HAVE_GETGROUPS 1
| #define GNULIB_TEST_GETGROUPS 1
| #define __GETOPT_PREFIX rpl_
| #define GNULIB_TEST_GETOPT_POSIX 1
| #define HAVE_DECL_PROGRAM_INVOCATION_NAME 1
| #define HAVE_DECL_PROGRAM_INVOCATION_NAME 1
| #define HAVE_DECL_PROGRAM_INVOCATION_SHORT_NAME 1
| #define HAVE_DECL___ARGV 0
| #define GNULIB_TEST_GETPROGNAME 1
| #define HAVE_GETRANDOM 1
| #define GNULIB_TEST_GETRANDOM 1
| #define HAVE_TIMESPEC_GET 1
| #define GETTIMEOFDAY_TIMEZONE void
| #define GNULIB_TEST_GETTIMEOFDAY 1
| #define GNULIB_LOCALEDIR "/usr/share/locale"
| #define GNULIB_TEST_GROUP_MEMBER 1
| #define GNULIB_TEST_LCHMOD 1
| #define HAVE_LCHOWN 1
| #define GNULIB_TEST_LCHOWN 1
| #define HAVE___INLINE 1
| #define GNULIB_TEST_LSEEK 1
| #define GNULIB_TEST_LSTAT 1
| #define GNULIB_LSTAT 1
| #define GNULIB_TEST_MALLOC_GNU 1
| #define GNULIB_TEST_MALLOC_POSIX 1
| #define GNULIB_TEST_MBRTOC32 1
| #define GNULIB_TEST_MBRTOWC 1
| #define GNULIB_TEST_MBSINIT 1
| #define GNULIB_TEST_MBSZERO 1
| #define GNULIB_TEST_MEMCHR 1
| #define HAVE_MEMPCPY 1
| #define GNULIB_TEST_MEMPCPY 1
| #define HAVE_MEMRCHR 1
| #define GNULIB_TEST_MEMRCHR 1
| #define GNULIB_TEST_MKDIR 1
| #define GNULIB_TEST_MKDIRAT 1
| #define GNULIB_TEST_MKTIME 1
| #define NEED_MKTIME_INTERNAL 1
| #define GNULIB_MSVC_NOTHROW 1
| #define HAVE_C_NULLPTR 1
| #define GNULIB_TEST_OPEN 1
| #define GNULIB_OPENAT 1
| #define GNULIB_TEST_OPENAT 1
| #define HAVE_OPENDIR 1
| #define GNULIB_TEST_OPENDIR 1
| #define HAVE_DECL_PROGRAM_INVOCATION_NAME 1
| #define HAVE_DECL_PROGRAM_INVOCATION_SHORT_NAME 1
| #define HAVE_RAISE 1
| #define GNULIB_TEST_RAISE 1
| #define GNULIB_TEST_RAWMEMCHR 1
| #define HAVE_READDIR 1
| #define GNULIB_TEST_READDIR 1
| #define GNULIB_TEST_READLINK 1
| #define HAVE_READLINKAT 1
| #define GNULIB_TEST_READLINKAT 1
| #define HAVE_REALLOC_0_NONNULL 1
| #define GNULIB_TEST_REALLOC_POSIX 1
| #define HAVE_REALLOCARRAY 1
| #define GNULIB_REALLOCARRAY 1
| #define GNULIB_TEST_REALLOCARRAY 1
| #define GNULIB_TEST_RENAME 1
| #define HAVE_LINUX_FS_H 1
| #define HAVE_RENAMEAT2 1
| #define HAVE_WORKING_RENAMEAT2 1
| #define GNULIB_TEST_RENAMEAT 1
| #define HAVE_LINUX_FS_H 1
| #define HAVE_RENAMEAT2 1
| #define HAVE_WORKING_RENAMEAT2 1
| #define GNULIB_TEST_RMDIR 1
| #define GNULIB_TEST_SETENV 1
| #define SETLOCALE_NULL_ALL_MTSAFE 0
| #define SETLOCALE_NULL_ONE_MTSAFE 1
| #define HAVE_WEAK_SYMBOLS 1
| #define HAVE_VISIBILITY 1
| #define GNULIB_TEST_SETLOCALE_NULL 1
| #define GNULIB_TEST_STAT 1
| #define GNULIB_STAT 1
| #define HAVE_STRUCT_STAT_ST_ATIM_TV_NSEC 1
| #define TYPEOF_STRUCT_STAT_ST_ATIM_IS_STRUCT_TIMESPEC 1
| #define GNULIB_TEST_FSCANF 1
| #define GNULIB_FSCANF 1
| #define GNULIB_TEST_SCANF 1
| #define GNULIB_SCANF 1
| #define GNULIB_TEST_FGETC 1
| #define GNULIB_TEST_GETC 1
| #define GNULIB_TEST_GETCHAR 1
| #define GNULIB_TEST_FGETS 1
| #define GNULIB_TEST_FREAD 1
| #define GNULIB_TEST_FPRINTF 1
| #define GNULIB_TEST_PRINTF 1
| #define GNULIB_TEST_VFPRINTF 1
| #define GNULIB_TEST_VPRINTF 1
| #define GNULIB_TEST_FPUTC 1
| #define GNULIB_TEST_PUTC 1
| #define GNULIB_TEST_PUTCHAR 1
| #define GNULIB_TEST_FPUTS 1
| #define GNULIB_TEST_PUTS 1
| #define GNULIB_TEST_FWRITE 1
| #define HAVE_STPCPY 1
| #define GNULIB_TEST_STPCPY 1
| #define GNULIB_TEST_STRDUP 1
| #define GNULIB_STRERROR 1
| #define GNULIB_TEST_STRERROR 1
| #define GNULIB_TEST_SYMLINK 1
| #define HAVE_SYMLINKAT 1
| #define GNULIB_TEST_SYMLINKAT 1
| #define GNULIB_TEMPNAME 1
| #define HAVE_DECL_LOCALTIME_R 1
| #define GNULIB_TEST_TIME_R 1
| /* end confdefs.h.  */
| /* Define tzalloc to an innocuous variant, in case <limits.h> declares tzalloc.
|    For example, HP-UX 11i <limits.h> declares gettimeofday.  */
| #define tzalloc innocuous_tzalloc
| 
| /* System header to define __stub macros and hopefully few prototypes,
|    which can conflict with char tzalloc (void); below.  */
| 
| #include <limits.h>
| #undef tzalloc
| 
| /* Override any GCC internal prototype to avoid an error.
|    Use char because int might match the return type of a GCC
|    builtin and then its argument prototype would still apply.  */
| #ifdef __cplusplus
| extern "C"
| #endif
| char tzalloc (void);
| /* The GNU C library defines this for functions which it implements
|     to always fail with ENOSYS.  Some functions are actually named
|     something starting with __ and the normal name is an alias.  */
| #if defined __stub_tzalloc || defined __stub___tzalloc
| choke me
| #endif
| 
| int
| main (void)
| {
| return tzalloc ();
|   ;
|   return 0;
| }
configure:36353: result: no
configure:36369: result: no
configure:36442: checking for timegm
configure:36479: checking for timegm
configure:36479: gcc -o conftest -g -O2   conftest.c  >&5
configure:36479: $? = 0
configure:36479: result: yes
configure:36495: result: yes
configure:36724: checking whether unlink honors trailing slashes
configure:36783: gcc -o conftest -g -O2   conftest.c  >&5
configure:36783: $? = 0
configure:36783: ./conftest
configure:36783: $? = 0
configure:36798: result: yes
configure:36806: checking whether unlink of a parent directory fails as it should
configure:36888: result: guessing yes
configure:36996: checking for unsetenv
configure:36996: gcc -o conftest -g -O2   conftest.c  >&5
configure:36996: $? = 0
configure:36996: result: yes
configure:37007: checking for unsetenv() return type
configure:37033: gcc -c -g -O2  conftest.c >&5
configure:37033: $? = 0
configure:37043: result: int
configure:37052: checking whether unsetenv obeys POSIX
configure:37102: gcc -o conftest -g -O2   conftest.c  >&5
configure:37102: $? = 0
configure:37102: ./conftest
configure:37102: $? = 0
configure:37117: result: yes
configure:37178: checking for utime
configure:37178: gcc -o conftest -g -O2   conftest.c  >&5
configure:37178: $? = 0
configure:37178: result: yes
configure:37188: checking whether utime handles trailing slashes on files
configure:37235: gcc -o conftest -g -O2   conftest.c  >&5
configure:37235: $? = 0
configure:37235: ./conftest
configure:37235: $? = 0
configure:37251: result: yes
configure:37315: checking for futimes
configure:37352: checking for futimes
configure:37352: gcc -o conftest -g -O2   conftest.c  >&5
configure:37352: $? = 0
configure:37352: result: yes
configure:37368: result: yes
configure:37384: checking for futimesat
configure:37421: checking for futimesat
configure:37421: gcc -o conftest -g -O2   conftest.c  >&5
configure:37421: $? = 0
configure:37421: result: yes
configure:37437: result: yes
configure:37453: checking for lutimes
configure:37490: checking for lutimes
configure:37490: gcc -o conftest -g -O2   conftest.c  >&5
configure:37490: $? = 0
configure:37490: result: yes
configure:37506: result: yes
configure:37522: checking for futimens
configure:37575: result: yes
configure:37591: checking for utimensat
configure:37628: checking for utimensat
configure:37628: gcc -o conftest -g -O2   conftest.c  >&5
configure:37628: $? = 0
configure:37628: result: yes
configure:37644: result: yes
configure:37734: checking for utimensat
configure:37787: result: yes
configure:37807: checking whether utimensat works
configure:37893: gcc -o conftest -g -O2   conftest.c  >&5
configure:37893: $? = 0
configure:37893: ./conftest
configure:37893: $? = 0
configure:37912: result: yes
configure:37963: checking for variable-length arrays
configure:37976: gcc -c -g -O2  conftest.c >&5
conftest.c:340:10: error: #error __STDC_NO_VLA__ not defined
  340 |         #error __STDC_NO_VLA__ not defined
      |          ^~~~~
configure:37976: $? = 1
configure: failed program was:
| /* confdefs.h */
| #define PACKAGE_NAME "GNU patch"
| #define PACKAGE_TARNAME "patch"
| #define PACKAGE_VERSION "2.8"
| #define PACKAGE_STRING "GNU patch 2.8"
| #define PACKAGE_BUGREPORT "bug-patch@gnu.org"
| #define PACKAGE_URL "https://www.gnu.org/software/patch/"
| #define PACKAGE "patch"
| #define VERSION "2.8"
| #define HAVE_STDIO_H 1
| #define HAVE_STDLIB_H 1
| #define HAVE_STRING_H 1
| #define HAVE_INTTYPES_H 1
| #define HAVE_STDINT_H 1
| #define HAVE_STRINGS_H 1
| #define HAVE_SYS_STAT_H 1
| #define HAVE_SYS_TYPES_H 1
| #define HAVE_UNISTD_H 1
| #define HAVE_WCHAR_H 1
| #define HAVE_STDBOOL_H 1
| #define HAVE_UCHAR_H 1
| #define HAVE_SYS_PARAM_H 1
| #define HAVE_SYS_SOCKET_H 1
| #define HAVE_DIRENT_H 1
| #define HAVE_STDIO_EXT_H 1
| #define HAVE_GETOPT_H 1
| #define HAVE_SYS_TIME_H 1
| #define HAVE_THREADS_H 1
| #define HAVE_LIMITS_H 1
| #define HAVE_SYS_MMAN_H 1
| #define HAVE_STDCKDINT_H 1
| #define HAVE_SYS_RANDOM_H 1
| #define HAVE_UTIME_H 1
| #define HAVE_FEATURES_H 1
| #define HAVE_WCTYPE_H 1
| #define HAVE_FCNTL_H 1
| #define STDC_HEADERS 1
| #define _ALL_SOURCE 1
| #define _DARWIN_C_SOURCE 1
| #define _GNU_SOURCE 1
| #define _HPUX_ALT_XOPEN_SOCKET_API 1
| #define _NETBSD_SOURCE 1
| #define _OPENBSD_SOURCE 1
| #define _POSIX_PTHREAD_SEMANTICS 1
| #define __STDC_WANT_IEC_60559_ATTRIBS_EXT__ 1
| #define __STDC_WANT_IEC_60559_BFP_EXT__ 1
| #define __STDC_WANT_IEC_60559_DFP_EXT__ 1
| #define __STDC_WANT_IEC_60559_EXT__ 1
| #define __STDC_WANT_IEC_60559_FUNCS_EXT__ 1
| #define __STDC_WANT_IEC_60559_TYPES_EXT__ 1
| #define __STDC_WANT_LIB_EXT2__ 1
| #define __STDC_WANT_MATH_SPEC_FUNCS__ 1
| #define _TANDEM_SOURCE 1
| #define __EXTENSIONS__ 1
| #define _LINUX_SOURCE_COMPAT 1
| #define __USE_MINGW_ANSI_STDIO 1
| #define HAVE_LSTAT 1
| #define HAVE_PATHCONF 1
| #define HAVE_MBSINIT 1
| #define HAVE_MBRTOWC 1
| #define HAVE_REALPATH 1
| #define HAVE_CHOWN 1
| #define HAVE_FCHOWN 1
| #define HAVE_FCHDIR 1
| #define HAVE_FCHMODAT 1
| #define HAVE_LCHMOD 1
| #define HAVE_FCNTL 1
| #define HAVE_SYMLINK 1
| #define HAVE_FDOPENDIR 1
| #define HAVE_FSTATAT 1
| #define HAVE_GETDTABLESIZE 1
| #define HAVE_GETTIMEOFDAY 1
| #define HAVE_MPROTECT 1
| #define HAVE_MKDIRAT 1
| #define HAVE_OPENAT 1
| #define HAVE_READLINK 1
| #define HAVE_LINK 1
| #define HAVE_RENAMEAT 1
| #define HAVE_SETENV 1
| #define HAVE_LOCALTIME_R 1
| #define HAVE_UNLINKAT 1
| #define HAVE_ISWCNTRL 1
| #define HAVE_GETEUID 1
| #define HAVE_GETUID 1
| #define HAVE_SIGACTION 1
| #define HAVE_SIGFILLSET 1
| #define HAVE_ALLOCA_H 1
| #define HAVE_ALLOCA 1
| #define D_INO_IN_DIRENT 1
| #define HAVE_LONG_FILE_NAMES 1
| #define BITSIZEOF_WCHAR_T 32
| #define HAVE_MBSTATE_T 1
| #define HAVE_LANGINFO_CODESET 1
| #define HAVE_WORKING_MBRTOC32 1
| #define HAVE_WORKING_C32RTOMB 1
| #define HAVE_MALLOC_PTRDIFF 1
| #define HAVE_MALLOC_POSIX 1
| #define LSTAT_FOLLOWS_SLASHED_SYMLINK 1
| #define FUNC_REALPATH_NEARLY_WORKS 1
| #define HAVE_FACCESSAT 1
| #define HAVE_GETCWD 1
| #define HAVE_UNISTD_H 1
| #define HAVE_CHOWN 1
| #define HAVE_ENVIRON_DECL 1
| #define HAVE_DECL_STRERROR_R 1
| #define HAVE_STRERROR_R 1
| #define GETGROUPS_T gid_t
| #define HAVE_DECL_FCHDIR 1
| #define HAVE_WORKING_O_NOATIME 1
| #define HAVE_WORKING_O_NOFOLLOW 1
| #define _USE_STD_STAT 1
| #define HAVE_DECL_FSEEKO 1
| #define restrict __restrict__
| #define HAVE_DECL_FTELLO 1
| #define HAVE_DECL_GETDTABLESIZE 1
| #define HAVE_GETOPT_H 1
| #define HAVE_GETOPT_LONG_ONLY 1
| #define MUSL_LIBC 1
| #define HAVE_PTHREAD_API 1
| #define SETLOCALE_NULL_ALL_MTSAFE 0
| #define SETLOCALE_NULL_ONE_MTSAFE 1
| #define HAVE_WEAK_SYMBOLS 1
| #define HAVE_WINT_T 1
| #define HAVE_LONG_LONG_INT 1
| #define HAVE_UNSIGNED_LONG_LONG_INT 1
| #define HAVE_MALLOC_0_NONNULL 1
| #define HAVE_MAP_ANONYMOUS 1
| #define HAVE_DECL_MEMRCHR 1
| #define HAVE_MINMAX_IN_SYS_PARAM_H 1
| #define TIME_T_IS_SIGNED 1
| #define HAVE_DECL_ALARM 1
| #define PROMOTED_MODE_T mode_t
| #define HAVE_COMPOUND_LITERALS 1
| #define HAVE_STRUCT_TM_TM_GMTOFF 1
| #define HAVE_STRUCT_TM_TM_ZONE 1
| #define HAVE_TM_GMTOFF 1
| #define HAVE_DECL_SETENV 1
| #define HAVE_DECL__PUTENV 0
| #define HAVE_SEARCH_H 1
| #define HAVE_TSEARCH 1
| #define HAVE_SIGSET_T 1
| #define HAVE_DECL_FCLOSEALL 0
| #define HAVE_DECL_GETW 1
| #define HAVE_DECL_PUTW 1
| #define HAVE_DECL_ECVT 1
| #define HAVE_DECL_FCVT 1
| #define HAVE_DECL_GCVT 1
| #define HAVE_DECL_STRDUP 1
| #define HAVE_DECL_EXECVPE 1
| #define HAVE_DECL_UNSETENV 1
| #define HAVE_WORKING_UTIMES 1
| #define HAVE_DECL_WCSDUP 1
| #define HAVE_TOWLOWER 1
| #define GNULIB_TEST_ACCESS 1
| #define HAVE_ALLOCA 1
| #define HAVE_C_STATIC_ASSERT 1
| #define HAVE_C_BOOL 1
| #define HAVE___BUILTIN_EXPECT 1
| #define GNULIB_TEST_C32ISPRINT 1
| #define GNULIB_TEST_CALLOC_GNU 1
| #define GNULIB_TEST_CALLOC_POSIX 1
| #define GNULIB_CANONICALIZE_LGPL 1
| #define GNULIB_TEST_CANONICALIZE_FILE_NAME 1
| #define GNULIB_TEST_REALPATH 1
| #define GNULIB_TEST_CHDIR 1
| #define GNULIB_TEST_CHMOD 1
| #define GNULIB_TEST_CHOWN 1
| #define HAVE_CLOCK_GETRES 1
| #define HAVE_CLOCK_GETTIME 1
| #define HAVE_CLOCK_SETTIME 1
| #define GNULIB_TEST_CLOEXEC 1
| #define GNULIB_TEST_CLOSE 1
| #define GNULIB_CLOSE 1
| #define GNULIB_CLOSE_STREAM 1
| #define HAVE_CLOSEDIR 1
| #define GNULIB_TEST_CLOSEDIR 1
| #define D_INO_IN_DIRENT 1
| #define HAVE_DIRFD 1
| #define HAVE_DECL_DIRFD 1
| #define GNULIB_TEST_DIRFD 1
| #define GNULIB_TEST_DUP 1
| #define GNULIB_TEST_DUP2 1
| #define GNULIB_TEST_ENVIRON 1
| #define HAVE_EUIDACCESS 1
| #define GNULIB_TEST_EUIDACCESS 1
| #define HAVE_FACCESSAT 1
| #define GNULIB_FACCESSAT 1
| #define GNULIB_TEST_FACCESSAT 1
| #define GNULIB_TEST_FCHDIR 1
| #define GNULIB_TEST_FCHMODAT 1
| #define GNULIB_TEST_FCHOWNAT 1
| #define GNULIB_TEST_FCNTL 1
| #define HAVE_DECL_FDOPENDIR 1
| #define GNULIB_TEST_FDOPENDIR 1
| #define GNULIB_FDOPENDIR 1
| #define HAVE_MEMPCPY 1
| #define FLEXIBLE_ARRAY_MEMBER /**/
| #define HAVE_DECL___FPENDING 1
| #define GNULIB_TEST_FREE_POSIX 1
| #define GNULIB_TEST_FSEEK 1
| #define GNULIB_TEST_FSEEKO 1
| #define GNULIB_TEST_FSTAT 1
| #define GNULIB_FSTAT 1
| #define GNULIB_TEST_FSTATAT 1
| #define GNULIB_FSTATAT 1
| #define GNULIB_TEST_FTELL 1
| #define GNULIB_TEST_FTELLO 1
| #define HAVE_FUTIMENS 1
| #define GNULIB_TEST_FUTIMENS 1
| #define GNULIB_TEST_GETCWD 1
| #define GNULIB_TEST_GETDTABLESIZE 1
| #define HAVE_GETGROUPS 1
| #define GNULIB_TEST_GETGROUPS 1
| #define __GETOPT_PREFIX rpl_
| #define GNULIB_TEST_GETOPT_POSIX 1
| #define HAVE_DECL_PROGRAM_INVOCATION_NAME 1
| #define HAVE_DECL_PROGRAM_INVOCATION_NAME 1
| #define HAVE_DECL_PROGRAM_INVOCATION_SHORT_NAME 1
| #define HAVE_DECL___ARGV 0
| #define GNULIB_TEST_GETPROGNAME 1
| #define HAVE_GETRANDOM 1
| #define GNULIB_TEST_GETRANDOM 1
| #define HAVE_TIMESPEC_GET 1
| #define GETTIMEOFDAY_TIMEZONE void
| #define GNULIB_TEST_GETTIMEOFDAY 1
| #define GNULIB_LOCALEDIR "/usr/share/locale"
| #define GNULIB_TEST_GROUP_MEMBER 1
| #define GNULIB_TEST_LCHMOD 1
| #define HAVE_LCHOWN 1
| #define GNULIB_TEST_LCHOWN 1
| #define HAVE___INLINE 1
| #define GNULIB_TEST_LSEEK 1
| #define GNULIB_TEST_LSTAT 1
| #define GNULIB_LSTAT 1
| #define GNULIB_TEST_MALLOC_GNU 1
| #define GNULIB_TEST_MALLOC_POSIX 1
| #define GNULIB_TEST_MBRTOC32 1
| #define GNULIB_TEST_MBRTOWC 1
| #define GNULIB_TEST_MBSINIT 1
| #define GNULIB_TEST_MBSZERO 1
| #define GNULIB_TEST_MEMCHR 1
| #define HAVE_MEMPCPY 1
| #define GNULIB_TEST_MEMPCPY 1
| #define HAVE_MEMRCHR 1
| #define GNULIB_TEST_MEMRCHR 1
| #define GNULIB_TEST_MKDIR 1
| #define GNULIB_TEST_MKDIRAT 1
| #define GNULIB_TEST_MKTIME 1
| #define NEED_MKTIME_INTERNAL 1
| #define GNULIB_MSVC_NOTHROW 1
| #define HAVE_C_NULLPTR 1
| #define GNULIB_TEST_OPEN 1
| #define GNULIB_OPENAT 1
| #define GNULIB_TEST_OPENAT 1
| #define HAVE_OPENDIR 1
| #define GNULIB_TEST_OPENDIR 1
| #define HAVE_DECL_PROGRAM_INVOCATION_NAME 1
| #define HAVE_DECL_PROGRAM_INVOCATION_SHORT_NAME 1
| #define HAVE_RAISE 1
| #define GNULIB_TEST_RAISE 1
| #define GNULIB_TEST_RAWMEMCHR 1
| #define HAVE_READDIR 1
| #define GNULIB_TEST_READDIR 1
| #define GNULIB_TEST_READLINK 1
| #define HAVE_READLINKAT 1
| #define GNULIB_TEST_READLINKAT 1
| #define HAVE_REALLOC_0_NONNULL 1
| #define GNULIB_TEST_REALLOC_POSIX 1
| #define HAVE_REALLOCARRAY 1
| #define GNULIB_REALLOCARRAY 1
| #define GNULIB_TEST_REALLOCARRAY 1
| #define GNULIB_TEST_RENAME 1
| #define HAVE_LINUX_FS_H 1
| #define HAVE_RENAMEAT2 1
| #define HAVE_WORKING_RENAMEAT2 1
| #define GNULIB_TEST_RENAMEAT 1
| #define HAVE_LINUX_FS_H 1
| #define HAVE_RENAMEAT2 1
| #define HAVE_WORKING_RENAMEAT2 1
| #define GNULIB_TEST_RMDIR 1
| #define GNULIB_TEST_SETENV 1
| #define SETLOCALE_NULL_ALL_MTSAFE 0
| #define SETLOCALE_NULL_ONE_MTSAFE 1
| #define HAVE_WEAK_SYMBOLS 1
| #define HAVE_VISIBILITY 1
| #define GNULIB_TEST_SETLOCALE_NULL 1
| #define GNULIB_TEST_STAT 1
| #define GNULIB_STAT 1
| #define HAVE_STRUCT_STAT_ST_ATIM_TV_NSEC 1
| #define TYPEOF_STRUCT_STAT_ST_ATIM_IS_STRUCT_TIMESPEC 1
| #define GNULIB_TEST_FSCANF 1
| #define GNULIB_FSCANF 1
| #define GNULIB_TEST_SCANF 1
| #define GNULIB_SCANF 1
| #define GNULIB_TEST_FGETC 1
| #define GNULIB_TEST_GETC 1
| #define GNULIB_TEST_GETCHAR 1
| #define GNULIB_TEST_FGETS 1
| #define GNULIB_TEST_FREAD 1
| #define GNULIB_TEST_FPRINTF 1
| #define GNULIB_TEST_PRINTF 1
| #define GNULIB_TEST_VFPRINTF 1
| #define GNULIB_TEST_VPRINTF 1
| #define GNULIB_TEST_FPUTC 1
| #define GNULIB_TEST_PUTC 1
| #define GNULIB_TEST_PUTCHAR 1
| #define GNULIB_TEST_FPUTS 1
| #define GNULIB_TEST_PUTS 1
| #define GNULIB_TEST_FWRITE 1
| #define HAVE_STPCPY 1
| #define GNULIB_TEST_STPCPY 1
| #define GNULIB_TEST_STRDUP 1
| #define GNULIB_STRERROR 1
| #define GNULIB_TEST_STRERROR 1
| #define GNULIB_TEST_SYMLINK 1
| #define HAVE_SYMLINKAT 1
| #define GNULIB_TEST_SYMLINKAT 1
| #define GNULIB_TEMPNAME 1
| #define HAVE_DECL_LOCALTIME_R 1
| #define GNULIB_TEST_TIME_R 1
| #define GNULIB_TEST_TIME_RZ 1
| #define HAVE_TIMEGM 1
| #define GNULIB_TEST_TIMEGM 1
| #define GNULIB_TEST_TZSET 1
| #define GNULIB_TEST_UNLINK 1
| #define GNULIB_TEST_UNLINKAT 1
| #define HAVE_UNSETENV 1
| #define GNULIB_TEST_UNSETENV 1
| #define HAVE_UTIME 1
| #define GNULIB_TEST_UTIME 1
| #define HAVE_FUTIMES 1
| #define HAVE_FUTIMESAT 1
| #define HAVE_LUTIMES 1
| #define HAVE_FUTIMENS 1
| #define HAVE_UTIMENSAT 1
| #define HAVE_UTIMENSAT 1
| #define GNULIB_TEST_UTIMENSAT 1
| /* end confdefs.h.  */
| 	#ifndef __STDC_NO_VLA__
| 	#error __STDC_NO_VLA__ not defined
| 	#endif
| 
configure:38020: gcc -c -g -O2  conftest.c >&5
configure:38020: $? = 0
configure:38033: result: yes
configure:38251: checking the archiver (ar) interface
configure:38303: result: ar
configure:38865: checking for mode_t
configure:38865: result: yes
configure:38876: checking for off_t
configure:38876: gcc -c -g -O2  conftest.c >&5
configure:38876: $? = 0
configure:38876: gcc -c -g -O2  conftest.c >&5
conftest.c: In function 'main':
conftest.c:375:20: error: expected expression before ')' token
  375 | if (sizeof ((off_t)))
      |                    ^
configure:38876: $? = 1
configure: failed program was:
| /* confdefs.h */
| #define PACKAGE_NAME "GNU patch"
| #define PACKAGE_TARNAME "patch"
| #define PACKAGE_VERSION "2.8"
| #define PACKAGE_STRING "GNU patch 2.8"
| #define PACKAGE_BUGREPORT "bug-patch@gnu.org"
| #define PACKAGE_URL "https://www.gnu.org/software/patch/"
| #define PACKAGE "patch"
| #define VERSION "2.8"
| #define HAVE_STDIO_H 1
| #define HAVE_STDLIB_H 1
| #define HAVE_STRING_H 1
| #define HAVE_INTTYPES_H 1
| #define HAVE_STDINT_H 1
| #define HAVE_STRINGS_H 1
| #define HAVE_SYS_STAT_H 1
| #define HAVE_SYS_TYPES_H 1
| #define HAVE_UNISTD_H 1
| #define HAVE_WCHAR_H 1
| #define HAVE_STDBOOL_H 1
| #define HAVE_UCHAR_H 1
| #define HAVE_SYS_PARAM_H 1
| #define HAVE_SYS_SOCKET_H 1
| #define HAVE_DIRENT_H 1
| #define HAVE_STDIO_EXT_H 1
| #define HAVE_GETOPT_H 1
| #define HAVE_SYS_TIME_H 1
| #define HAVE_THREADS_H 1
| #define HAVE_LIMITS_H 1
| #define HAVE_SYS_MMAN_H 1
| #define HAVE_STDCKDINT_H 1
| #define HAVE_SYS_RANDOM_H 1
| #define HAVE_UTIME_H 1
| #define HAVE_FEATURES_H 1
| #define HAVE_WCTYPE_H 1
| #define HAVE_FCNTL_H 1
| #define STDC_HEADERS 1
| #define _ALL_SOURCE 1
| #define _DARWIN_C_SOURCE 1
| #define _GNU_SOURCE 1
| #define _HPUX_ALT_XOPEN_SOCKET_API 1
| #define _NETBSD_SOURCE 1
| #define _OPENBSD_SOURCE 1
| #define _POSIX_PTHREAD_SEMANTICS 1
| #define __STDC_WANT_IEC_60559_ATTRIBS_EXT__ 1
| #define __STDC_WANT_IEC_60559_BFP_EXT__ 1
| #define __STDC_WANT_IEC_60559_DFP_EXT__ 1
| #define __STDC_WANT_IEC_60559_EXT__ 1
| #define __STDC_WANT_IEC_60559_FUNCS_EXT__ 1
| #define __STDC_WANT_IEC_60559_TYPES_EXT__ 1
| #define __STDC_WANT_LIB_EXT2__ 1
| #define __STDC_WANT_MATH_SPEC_FUNCS__ 1
| #define _TANDEM_SOURCE 1
| #define __EXTENSIONS__ 1
| #define _LINUX_SOURCE_COMPAT 1
| #define __USE_MINGW_ANSI_STDIO 1
| #define HAVE_LSTAT 1
| #define HAVE_PATHCONF 1
| #define HAVE_MBSINIT 1
| #define HAVE_MBRTOWC 1
| #define HAVE_REALPATH 1
| #define HAVE_CHOWN 1
| #define HAVE_FCHOWN 1
| #define HAVE_FCHDIR 1
| #define HAVE_FCHMODAT 1
| #define HAVE_LCHMOD 1
| #define HAVE_FCNTL 1
| #define HAVE_SYMLINK 1
| #define HAVE_FDOPENDIR 1
| #define HAVE_FSTATAT 1
| #define HAVE_GETDTABLESIZE 1
| #define HAVE_GETTIMEOFDAY 1
| #define HAVE_MPROTECT 1
| #define HAVE_MKDIRAT 1
| #define HAVE_OPENAT 1
| #define HAVE_READLINK 1
| #define HAVE_LINK 1
| #define HAVE_RENAMEAT 1
| #define HAVE_SETENV 1
| #define HAVE_LOCALTIME_R 1
| #define HAVE_UNLINKAT 1
| #define HAVE_ISWCNTRL 1
| #define HAVE_GETEUID 1
| #define HAVE_GETUID 1
| #define HAVE_SIGACTION 1
| #define HAVE_SIGFILLSET 1
| #define HAVE_ALLOCA_H 1
| #define HAVE_ALLOCA 1
| #define D_INO_IN_DIRENT 1
| #define HAVE_LONG_FILE_NAMES 1
| #define BITSIZEOF_WCHAR_T 32
| #define HAVE_MBSTATE_T 1
| #define HAVE_LANGINFO_CODESET 1
| #define HAVE_WORKING_MBRTOC32 1
| #define HAVE_WORKING_C32RTOMB 1
| #define HAVE_MALLOC_PTRDIFF 1
| #define HAVE_MALLOC_POSIX 1
| #define LSTAT_FOLLOWS_SLASHED_SYMLINK 1
| #define FUNC_REALPATH_NEARLY_WORKS 1
| #define HAVE_FACCESSAT 1
| #define HAVE_GETCWD 1
| #define HAVE_UNISTD_H 1
| #define HAVE_CHOWN 1
| #define HAVE_ENVIRON_DECL 1
| #define HAVE_DECL_STRERROR_R 1
| #define HAVE_STRERROR_R 1
| #define GETGROUPS_T gid_t
| #define HAVE_DECL_FCHDIR 1
| #define HAVE_WORKING_O_NOATIME 1
| #define HAVE_WORKING_O_NOFOLLOW 1
| #define _USE_STD_STAT 1
| #define HAVE_DECL_FSEEKO 1
| #define restrict __restrict__
| #define HAVE_DECL_FTELLO 1
| #define HAVE_DECL_GETDTABLESIZE 1
| #define HAVE_GETOPT_H 1
| #define HAVE_GETOPT_LONG_ONLY 1
| #define MUSL_LIBC 1
| #define HAVE_PTHREAD_API 1
| #define SETLOCALE_NULL_ALL_MTSAFE 0
| #define SETLOCALE_NULL_ONE_MTSAFE 1
| #define HAVE_WEAK_SYMBOLS 1
| #define HAVE_WINT_T 1
| #define HAVE_LONG_LONG_INT 1
| #define HAVE_UNSIGNED_LONG_LONG_INT 1
| #define HAVE_MALLOC_0_NONNULL 1
| #define HAVE_MAP_ANONYMOUS 1
| #define HAVE_DECL_MEMRCHR 1
| #define HAVE_MINMAX_IN_SYS_PARAM_H 1
| #define TIME_T_IS_SIGNED 1
| #define HAVE_DECL_ALARM 1
| #define PROMOTED_MODE_T mode_t
| #define HAVE_COMPOUND_LITERALS 1
| #define HAVE_STRUCT_TM_TM_GMTOFF 1
| #define HAVE_STRUCT_TM_TM_ZONE 1
| #define HAVE_TM_GMTOFF 1
| #define HAVE_DECL_SETENV 1
| #define HAVE_DECL__PUTENV 0
| #define HAVE_SEARCH_H 1
| #define HAVE_TSEARCH 1
| #define HAVE_SIGSET_T 1
| #define HAVE_DECL_FCLOSEALL 0
| #define HAVE_DECL_GETW 1
| #define HAVE_DECL_PUTW 1
| #define HAVE_DECL_ECVT 1
| #define HAVE_DECL_FCVT 1
| #define HAVE_DECL_GCVT 1
| #define HAVE_DECL_STRDUP 1
| #define HAVE_DECL_EXECVPE 1
| #define HAVE_DECL_UNSETENV 1
| #define HAVE_WORKING_UTIMES 1
| #define HAVE_DECL_WCSDUP 1
| #define HAVE_TOWLOWER 1
| #define GNULIB_TEST_ACCESS 1
| #define HAVE_ALLOCA 1
| #define HAVE_C_STATIC_ASSERT 1
| #define HAVE_C_BOOL 1
| #define HAVE___BUILTIN_EXPECT 1
| #define GNULIB_TEST_C32ISPRINT 1
| #define GNULIB_TEST_CALLOC_GNU 1
| #define GNULIB_TEST_CALLOC_POSIX 1
| #define GNULIB_CANONICALIZE_LGPL 1
| #define GNULIB_TEST_CANONICALIZE_FILE_NAME 1
| #define GNULIB_TEST_REALPATH 1
| #define GNULIB_TEST_CHDIR 1
| #define GNULIB_TEST_CHMOD 1
| #define GNULIB_TEST_CHOWN 1
| #define HAVE_CLOCK_GETRES 1
| #define HAVE_CLOCK_GETTIME 1
| #define HAVE_CLOCK_SETTIME 1
| #define GNULIB_TEST_CLOEXEC 1
| #define GNULIB_TEST_CLOSE 1
| #define GNULIB_CLOSE 1
| #define GNULIB_CLOSE_STREAM 1
| #define HAVE_CLOSEDIR 1
| #define GNULIB_TEST_CLOSEDIR 1
| #define D_INO_IN_DIRENT 1
| #define HAVE_DIRFD 1
| #define HAVE_DECL_DIRFD 1
| #define GNULIB_TEST_DIRFD 1
| #define GNULIB_TEST_DUP 1
| #define GNULIB_TEST_DUP2 1
| #define GNULIB_TEST_ENVIRON 1
| #define HAVE_EUIDACCESS 1
| #define GNULIB_TEST_EUIDACCESS 1
| #define HAVE_FACCESSAT 1
| #define GNULIB_FACCESSAT 1
| #define GNULIB_TEST_FACCESSAT 1
| #define GNULIB_TEST_FCHDIR 1
| #define GNULIB_TEST_FCHMODAT 1
| #define GNULIB_TEST_FCHOWNAT 1
| #define GNULIB_TEST_FCNTL 1
| #define HAVE_DECL_FDOPENDIR 1
| #define GNULIB_TEST_FDOPENDIR 1
| #define GNULIB_FDOPENDIR 1
| #define HAVE_MEMPCPY 1
| #define FLEXIBLE_ARRAY_MEMBER /**/
| #define HAVE_DECL___FPENDING 1
| #define GNULIB_TEST_FREE_POSIX 1
| #define GNULIB_TEST_FSEEK 1
| #define GNULIB_TEST_FSEEKO 1
| #define GNULIB_TEST_FSTAT 1
| #define GNULIB_FSTAT 1
| #define GNULIB_TEST_FSTATAT 1
| #define GNULIB_FSTATAT 1
| #define GNULIB_TEST_FTELL 1
| #define GNULIB_TEST_FTELLO 1
| #define HAVE_FUTIMENS 1
| #define GNULIB_TEST_FUTIMENS 1
| #define GNULIB_TEST_GETCWD 1
| #define GNULIB_TEST_GETDTABLESIZE 1
| #define HAVE_GETGROUPS 1
| #define GNULIB_TEST_GETGROUPS 1
| #define __GETOPT_PREFIX rpl_
| #define GNULIB_TEST_GETOPT_POSIX 1
| #define HAVE_DECL_PROGRAM_INVOCATION_NAME 1
| #define HAVE_DECL_PROGRAM_INVOCATION_NAME 1
| #define HAVE_DECL_PROGRAM_INVOCATION_SHORT_NAME 1
| #define HAVE_DECL___ARGV 0
| #define GNULIB_TEST_GETPROGNAME 1
| #define HAVE_GETRANDOM 1
| #define GNULIB_TEST_GETRANDOM 1
| #define HAVE_TIMESPEC_GET 1
| #define GETTIMEOFDAY_TIMEZONE void
| #define GNULIB_TEST_GETTIMEOFDAY 1
| #define GNULIB_LOCALEDIR "/usr/share/locale"
| #define GNULIB_TEST_GROUP_MEMBER 1
| #define GNULIB_TEST_LCHMOD 1
| #define HAVE_LCHOWN 1
| #define GNULIB_TEST_LCHOWN 1
| #define HAVE___INLINE 1
| #define GNULIB_TEST_LSEEK 1
| #define GNULIB_TEST_LSTAT 1
| #define GNULIB_LSTAT 1
| #define GNULIB_TEST_MALLOC_GNU 1
| #define GNULIB_TEST_MALLOC_POSIX 1
| #define GNULIB_TEST_MBRTOC32 1
| #define GNULIB_TEST_MBRTOWC 1
| #define GNULIB_TEST_MBSINIT 1
| #define GNULIB_TEST_MBSZERO 1
| #define GNULIB_TEST_MEMCHR 1
| #define HAVE_MEMPCPY 1
| #define GNULIB_TEST_MEMPCPY 1
| #define HAVE_MEMRCHR 1
| #define GNULIB_TEST_MEMRCHR 1
| #define GNULIB_TEST_MKDIR 1
| #define GNULIB_TEST_MKDIRAT 1
| #define GNULIB_TEST_MKTIME 1
| #define NEED_MKTIME_INTERNAL 1
| #define GNULIB_MSVC_NOTHROW 1
| #define HAVE_C_NULLPTR 1
| #define GNULIB_TEST_OPEN 1
| #define GNULIB_OPENAT 1
| #define GNULIB_TEST_OPENAT 1
| #define HAVE_OPENDIR 1
| #define GNULIB_TEST_OPENDIR 1
| #define HAVE_DECL_PROGRAM_INVOCATION_NAME 1
| #define HAVE_DECL_PROGRAM_INVOCATION_SHORT_NAME 1
| #define HAVE_RAISE 1
| #define GNULIB_TEST_RAISE 1
| #define GNULIB_TEST_RAWMEMCHR 1
| #define HAVE_READDIR 1
| #define GNULIB_TEST_READDIR 1
| #define GNULIB_TEST_READLINK 1
| #define HAVE_READLINKAT 1
| #define GNULIB_TEST_READLINKAT 1
| #define HAVE_REALLOC_0_NONNULL 1
| #define GNULIB_TEST_REALLOC_POSIX 1
| #define HAVE_REALLOCARRAY 1
| #define GNULIB_REALLOCARRAY 1
| #define GNULIB_TEST_REALLOCARRAY 1
| #define GNULIB_TEST_RENAME 1
| #define HAVE_LINUX_FS_H 1
| #define HAVE_RENAMEAT2 1
| #define HAVE_WORKING_RENAMEAT2 1
| #define GNULIB_TEST_RENAMEAT 1
| #define HAVE_LINUX_FS_H 1
| #define HAVE_RENAMEAT2 1
| #define HAVE_WORKING_RENAMEAT2 1
| #define GNULIB_TEST_RMDIR 1
| #define GNULIB_TEST_SETENV 1
| #define SETLOCALE_NULL_ALL_MTSAFE 0
| #define SETLOCALE_NULL_ONE_MTSAFE 1
| #define HAVE_WEAK_SYMBOLS 1
| #define HAVE_VISIBILITY 1
| #define GNULIB_TEST_SETLOCALE_NULL 1
| #define GNULIB_TEST_STAT 1
| #define GNULIB_STAT 1
| #define HAVE_STRUCT_STAT_ST_ATIM_TV_NSEC 1
| #define TYPEOF_STRUCT_STAT_ST_ATIM_IS_STRUCT_TIMESPEC 1
| #define GNULIB_TEST_FSCANF 1
| #define GNULIB_FSCANF 1
| #define GNULIB_TEST_SCANF 1
| #define GNULIB_SCANF 1
| #define GNULIB_TEST_FGETC 1
| #define GNULIB_TEST_GETC 1
| #define GNULIB_TEST_GETCHAR 1
| #define GNULIB_TEST_FGETS 1
| #define GNULIB_TEST_FREAD 1
| #define GNULIB_TEST_FPRINTF 1
| #define GNULIB_TEST_PRINTF 1
| #define GNULIB_TEST_VFPRINTF 1
| #define GNULIB_TEST_VPRINTF 1
| #define GNULIB_TEST_FPUTC 1
| #define GNULIB_TEST_PUTC 1
| #define GNULIB_TEST_PUTCHAR 1
| #define GNULIB_TEST_FPUTS 1
| #define GNULIB_TEST_PUTS 1
| #define GNULIB_TEST_FWRITE 1
| #define HAVE_STPCPY 1
| #define GNULIB_TEST_STPCPY 1
| #define GNULIB_TEST_STRDUP 1
| #define GNULIB_STRERROR 1
| #define GNULIB_TEST_STRERROR 1
| #define GNULIB_TEST_SYMLINK 1
| #define HAVE_SYMLINKAT 1
| #define GNULIB_TEST_SYMLINKAT 1
| #define GNULIB_TEMPNAME 1
| #define HAVE_DECL_LOCALTIME_R 1
| #define GNULIB_TEST_TIME_R 1
| #define GNULIB_TEST_TIME_RZ 1
| #define HAVE_TIMEGM 1
| #define GNULIB_TEST_TIMEGM 1
| #define GNULIB_TEST_TZSET 1
| #define GNULIB_TEST_UNLINK 1
| #define GNULIB_TEST_UNLINKAT 1
| #define HAVE_UNSETENV 1
| #define GNULIB_TEST_UNSETENV 1
| #define HAVE_UTIME 1
| #define GNULIB_TEST_UTIME 1
| #define HAVE_FUTIMES 1
| #define HAVE_FUTIMESAT 1
| #define HAVE_LUTIMES 1
| #define HAVE_FUTIMENS 1
| #define HAVE_UTIMENSAT 1
| #define HAVE_UTIMENSAT 1
| #define GNULIB_TEST_UTIMENSAT 1
| #define HAVE_C_VARARRAYS 1
| #define GNULIB_XALLOC 1
| #define GNULIB_XALLOC_DIE 1
| #define GNULIB_XSTDOPEN 1
| #define GNULIB_NO_VLA 1
| /* end confdefs.h.  */
| #include <stddef.h>
| #ifdef HAVE_STDIO_H
| # include <stdio.h>
| #endif
| #ifdef HAVE_STDLIB_H
| # include <stdlib.h>
| #endif
| #ifdef HAVE_STRING_H
| # include <string.h>
| #endif
| #ifdef HAVE_INTTYPES_H
| # include <inttypes.h>
| #endif
| #ifdef HAVE_STDINT_H
| # include <stdint.h>
| #endif
| #ifdef HAVE_STRINGS_H
| # include <strings.h>
| #endif
| #ifdef HAVE_SYS_TYPES_H
| # include <sys/types.h>
| #endif
| #ifdef HAVE_SYS_STAT_H
| # include <sys/stat.h>
| #endif
| #ifdef HAVE_UNISTD_H
| # include <unistd.h>
| #endif
| int
| main (void)
| {
| if (sizeof ((off_t)))
| 	    return 0;
|   ;
|   return 0;
| }
configure:38876: result: yes
configure:38903: checking for attr/error_context.h
configure:38903: gcc -c -g -O2  conftest.c >&5
conftest.c:372:10: fatal error: attr/error_context.h: No such file or directory
  372 | #include <attr/error_context.h>
      |          ^~~~~~~~~~~~~~~~~~~~~~
compilation terminated.
configure:38903: $? = 1
configure: failed program was:
| /* confdefs.h */
| #define PACKAGE_NAME "GNU patch"
| #define PACKAGE_TARNAME "patch"
| #define PACKAGE_VERSION "2.8"
| #define PACKAGE_STRING "GNU patch 2.8"
| #define PACKAGE_BUGREPORT "bug-patch@gnu.org"
| #define PACKAGE_URL "https://www.gnu.org/software/patch/"
| #define PACKAGE "patch"
| #define VERSION "2.8"
| #define HAVE_STDIO_H 1
| #define HAVE_STDLIB_H 1
| #define HAVE_STRING_H 1
| #define HAVE_INTTYPES_H 1
| #define HAVE_STDINT_H 1
| #define HAVE_STRINGS_H 1
| #define HAVE_SYS_STAT_H 1
| #define HAVE_SYS_TYPES_H 1
| #define HAVE_UNISTD_H 1
| #define HAVE_WCHAR_H 1
| #define HAVE_STDBOOL_H 1
| #define HAVE_UCHAR_H 1
| #define HAVE_SYS_PARAM_H 1
| #define HAVE_SYS_SOCKET_H 1
| #define HAVE_DIRENT_H 1
| #define HAVE_STDIO_EXT_H 1
| #define HAVE_GETOPT_H 1
| #define HAVE_SYS_TIME_H 1
| #define HAVE_THREADS_H 1
| #define HAVE_LIMITS_H 1
| #define HAVE_SYS_MMAN_H 1
| #define HAVE_STDCKDINT_H 1
| #define HAVE_SYS_RANDOM_H 1
| #define HAVE_UTIME_H 1
| #define HAVE_FEATURES_H 1
| #define HAVE_WCTYPE_H 1
| #define HAVE_FCNTL_H 1
| #define STDC_HEADERS 1
| #define _ALL_SOURCE 1
| #define _DARWIN_C_SOURCE 1
| #define _GNU_SOURCE 1
| #define _HPUX_ALT_XOPEN_SOCKET_API 1
| #define _NETBSD_SOURCE 1
| #define _OPENBSD_SOURCE 1
| #define _POSIX_PTHREAD_SEMANTICS 1
| #define __STDC_WANT_IEC_60559_ATTRIBS_EXT__ 1
| #define __STDC_WANT_IEC_60559_BFP_EXT__ 1
| #define __STDC_WANT_IEC_60559_DFP_EXT__ 1
| #define __STDC_WANT_IEC_60559_EXT__ 1
| #define __STDC_WANT_IEC_60559_FUNCS_EXT__ 1
| #define __STDC_WANT_IEC_60559_TYPES_EXT__ 1
| #define __STDC_WANT_LIB_EXT2__ 1
| #define __STDC_WANT_MATH_SPEC_FUNCS__ 1
| #define _TANDEM_SOURCE 1
| #define __EXTENSIONS__ 1
| #define _LINUX_SOURCE_COMPAT 1
| #define __USE_MINGW_ANSI_STDIO 1
| #define HAVE_LSTAT 1
| #define HAVE_PATHCONF 1
| #define HAVE_MBSINIT 1
| #define HAVE_MBRTOWC 1
| #define HAVE_REALPATH 1
| #define HAVE_CHOWN 1
| #define HAVE_FCHOWN 1
| #define HAVE_FCHDIR 1
| #define HAVE_FCHMODAT 1
| #define HAVE_LCHMOD 1
| #define HAVE_FCNTL 1
| #define HAVE_SYMLINK 1
| #define HAVE_FDOPENDIR 1
| #define HAVE_FSTATAT 1
| #define HAVE_GETDTABLESIZE 1
| #define HAVE_GETTIMEOFDAY 1
| #define HAVE_MPROTECT 1
| #define HAVE_MKDIRAT 1
| #define HAVE_OPENAT 1
| #define HAVE_READLINK 1
| #define HAVE_LINK 1
| #define HAVE_RENAMEAT 1
| #define HAVE_SETENV 1
| #define HAVE_LOCALTIME_R 1
| #define HAVE_UNLINKAT 1
| #define HAVE_ISWCNTRL 1
| #define HAVE_GETEUID 1
| #define HAVE_GETUID 1
| #define HAVE_SIGACTION 1
| #define HAVE_SIGFILLSET 1
| #define HAVE_ALLOCA_H 1
| #define HAVE_ALLOCA 1
| #define D_INO_IN_DIRENT 1
| #define HAVE_LONG_FILE_NAMES 1
| #define BITSIZEOF_WCHAR_T 32
| #define HAVE_MBSTATE_T 1
| #define HAVE_LANGINFO_CODESET 1
| #define HAVE_WORKING_MBRTOC32 1
| #define HAVE_WORKING_C32RTOMB 1
| #define HAVE_MALLOC_PTRDIFF 1
| #define HAVE_MALLOC_POSIX 1
| #define LSTAT_FOLLOWS_SLASHED_SYMLINK 1
| #define FUNC_REALPATH_NEARLY_WORKS 1
| #define HAVE_FACCESSAT 1
| #define HAVE_GETCWD 1
| #define HAVE_UNISTD_H 1
| #define HAVE_CHOWN 1
| #define HAVE_ENVIRON_DECL 1
| #define HAVE_DECL_STRERROR_R 1
| #define HAVE_STRERROR_R 1
| #define GETGROUPS_T gid_t
| #define HAVE_DECL_FCHDIR 1
| #define HAVE_WORKING_O_NOATIME 1
| #define HAVE_WORKING_O_NOFOLLOW 1
| #define _USE_STD_STAT 1
| #define HAVE_DECL_FSEEKO 1
| #define restrict __restrict__
| #define HAVE_DECL_FTELLO 1
| #define HAVE_DECL_GETDTABLESIZE 1
| #define HAVE_GETOPT_H 1
| #define HAVE_GETOPT_LONG_ONLY 1
| #define MUSL_LIBC 1
| #define HAVE_PTHREAD_API 1
| #define SETLOCALE_NULL_ALL_MTSAFE 0
| #define SETLOCALE_NULL_ONE_MTSAFE 1
| #define HAVE_WEAK_SYMBOLS 1
| #define HAVE_WINT_T 1
| #define HAVE_LONG_LONG_INT 1
| #define HAVE_UNSIGNED_LONG_LONG_INT 1
| #define HAVE_MALLOC_0_NONNULL 1
| #define HAVE_MAP_ANONYMOUS 1
| #define HAVE_DECL_MEMRCHR 1
| #define HAVE_MINMAX_IN_SYS_PARAM_H 1
| #define TIME_T_IS_SIGNED 1
| #define HAVE_DECL_ALARM 1
| #define PROMOTED_MODE_T mode_t
| #define HAVE_COMPOUND_LITERALS 1
| #define HAVE_STRUCT_TM_TM_GMTOFF 1
| #define HAVE_STRUCT_TM_TM_ZONE 1
| #define HAVE_TM_GMTOFF 1
| #define HAVE_DECL_SETENV 1
| #define HAVE_DECL__PUTENV 0
| #define HAVE_SEARCH_H 1
| #define HAVE_TSEARCH 1
| #define HAVE_SIGSET_T 1
| #define HAVE_DECL_FCLOSEALL 0
| #define HAVE_DECL_GETW 1
| #define HAVE_DECL_PUTW 1
| #define HAVE_DECL_ECVT 1
| #define HAVE_DECL_FCVT 1
| #define HAVE_DECL_GCVT 1
| #define HAVE_DECL_STRDUP 1
| #define HAVE_DECL_EXECVPE 1
| #define HAVE_DECL_UNSETENV 1
| #define HAVE_WORKING_UTIMES 1
| #define HAVE_DECL_WCSDUP 1
| #define HAVE_TOWLOWER 1
| #define GNULIB_TEST_ACCESS 1
| #define HAVE_ALLOCA 1
| #define HAVE_C_STATIC_ASSERT 1
| #define HAVE_C_BOOL 1
| #define HAVE___BUILTIN_EXPECT 1
| #define GNULIB_TEST_C32ISPRINT 1
| #define GNULIB_TEST_CALLOC_GNU 1
| #define GNULIB_TEST_CALLOC_POSIX 1
| #define GNULIB_CANONICALIZE_LGPL 1
| #define GNULIB_TEST_CANONICALIZE_FILE_NAME 1
| #define GNULIB_TEST_REALPATH 1
| #define GNULIB_TEST_CHDIR 1
| #define GNULIB_TEST_CHMOD 1
| #define GNULIB_TEST_CHOWN 1
| #define HAVE_CLOCK_GETRES 1
| #define HAVE_CLOCK_GETTIME 1
| #define HAVE_CLOCK_SETTIME 1
| #define GNULIB_TEST_CLOEXEC 1
| #define GNULIB_TEST_CLOSE 1
| #define GNULIB_CLOSE 1
| #define GNULIB_CLOSE_STREAM 1
| #define HAVE_CLOSEDIR 1
| #define GNULIB_TEST_CLOSEDIR 1
| #define D_INO_IN_DIRENT 1
| #define HAVE_DIRFD 1
| #define HAVE_DECL_DIRFD 1
| #define GNULIB_TEST_DIRFD 1
| #define GNULIB_TEST_DUP 1
| #define GNULIB_TEST_DUP2 1
| #define GNULIB_TEST_ENVIRON 1
| #define HAVE_EUIDACCESS 1
| #define GNULIB_TEST_EUIDACCESS 1
| #define HAVE_FACCESSAT 1
| #define GNULIB_FACCESSAT 1
| #define GNULIB_TEST_FACCESSAT 1
| #define GNULIB_TEST_FCHDIR 1
| #define GNULIB_TEST_FCHMODAT 1
| #define GNULIB_TEST_FCHOWNAT 1
| #define GNULIB_TEST_FCNTL 1
| #define HAVE_DECL_FDOPENDIR 1
| #define GNULIB_TEST_FDOPENDIR 1
| #define GNULIB_FDOPENDIR 1
| #define HAVE_MEMPCPY 1
| #define FLEXIBLE_ARRAY_MEMBER /**/
| #define HAVE_DECL___FPENDING 1
| #define GNULIB_TEST_FREE_POSIX 1
| #define GNULIB_TEST_FSEEK 1
| #define GNULIB_TEST_FSEEKO 1
| #define GNULIB_TEST_FSTAT 1
| #define GNULIB_FSTAT 1
| #define GNULIB_TEST_FSTATAT 1
| #define GNULIB_FSTATAT 1
| #define GNULIB_TEST_FTELL 1
| #define GNULIB_TEST_FTELLO 1
| #define HAVE_FUTIMENS 1
| #define GNULIB_TEST_FUTIMENS 1
| #define GNULIB_TEST_GETCWD 1
| #define GNULIB_TEST_GETDTABLESIZE 1
| #define HAVE_GETGROUPS 1
| #define GNULIB_TEST_GETGROUPS 1
| #define __GETOPT_PREFIX rpl_
| #define GNULIB_TEST_GETOPT_POSIX 1
| #define HAVE_DECL_PROGRAM_INVOCATION_NAME 1
| #define HAVE_DECL_PROGRAM_INVOCATION_NAME 1
| #define HAVE_DECL_PROGRAM_INVOCATION_SHORT_NAME 1
| #define HAVE_DECL___ARGV 0
| #define GNULIB_TEST_GETPROGNAME 1
| #define HAVE_GETRANDOM 1
| #define GNULIB_TEST_GETRANDOM 1
| #define HAVE_TIMESPEC_GET 1
| #define GETTIMEOFDAY_TIMEZONE void
| #define GNULIB_TEST_GETTIMEOFDAY 1
| #define GNULIB_LOCALEDIR "/usr/share/locale"
| #define GNULIB_TEST_GROUP_MEMBER 1
| #define GNULIB_TEST_LCHMOD 1
| #define HAVE_LCHOWN 1
| #define GNULIB_TEST_LCHOWN 1
| #define HAVE___INLINE 1
| #define GNULIB_TEST_LSEEK 1
| #define GNULIB_TEST_LSTAT 1
| #define GNULIB_LSTAT 1
| #define GNULIB_TEST_MALLOC_GNU 1
| #define GNULIB_TEST_MALLOC_POSIX 1
| #define GNULIB_TEST_MBRTOC32 1
| #define GNULIB_TEST_MBRTOWC 1
| #define GNULIB_TEST_MBSINIT 1
| #define GNULIB_TEST_MBSZERO 1
| #define GNULIB_TEST_MEMCHR 1
| #define HAVE_MEMPCPY 1
| #define GNULIB_TEST_MEMPCPY 1
| #define HAVE_MEMRCHR 1
| #define GNULIB_TEST_MEMRCHR 1
| #define GNULIB_TEST_MKDIR 1
| #define GNULIB_TEST_MKDIRAT 1
| #define GNULIB_TEST_MKTIME 1
| #define NEED_MKTIME_INTERNAL 1
| #define GNULIB_MSVC_NOTHROW 1
| #define HAVE_C_NULLPTR 1
| #define GNULIB_TEST_OPEN 1
| #define GNULIB_OPENAT 1
| #define GNULIB_TEST_OPENAT 1
| #define HAVE_OPENDIR 1
| #define GNULIB_TEST_OPENDIR 1
| #define HAVE_DECL_PROGRAM_INVOCATION_NAME 1
| #define HAVE_DECL_PROGRAM_INVOCATION_SHORT_NAME 1
| #define HAVE_RAISE 1
| #define GNULIB_TEST_RAISE 1
| #define GNULIB_TEST_RAWMEMCHR 1
| #define HAVE_READDIR 1
| #define GNULIB_TEST_READDIR 1
| #define GNULIB_TEST_READLINK 1
| #define HAVE_READLINKAT 1
| #define GNULIB_TEST_READLINKAT 1
| #define HAVE_REALLOC_0_NONNULL 1
| #define GNULIB_TEST_REALLOC_POSIX 1
| #define HAVE_REALLOCARRAY 1
| #define GNULIB_REALLOCARRAY 1
| #define GNULIB_TEST_REALLOCARRAY 1
| #define GNULIB_TEST_RENAME 1
| #define HAVE_LINUX_FS_H 1
| #define HAVE_RENAMEAT2 1
| #define HAVE_WORKING_RENAMEAT2 1
| #define GNULIB_TEST_RENAMEAT 1
| #define HAVE_LINUX_FS_H 1
| #define HAVE_RENAMEAT2 1
| #define HAVE_WORKING_RENAMEAT2 1
| #define GNULIB_TEST_RMDIR 1
| #define GNULIB_TEST_SETENV 1
| #define SETLOCALE_NULL_ALL_MTSAFE 0
| #define SETLOCALE_NULL_ONE_MTSAFE 1
| #define HAVE_WEAK_SYMBOLS 1
| #define HAVE_VISIBILITY 1
| #define GNULIB_TEST_SETLOCALE_NULL 1
| #define GNULIB_TEST_STAT 1
| #define GNULIB_STAT 1
| #define HAVE_STRUCT_STAT_ST_ATIM_TV_NSEC 1
| #define TYPEOF_STRUCT_STAT_ST_ATIM_IS_STRUCT_TIMESPEC 1
| #define GNULIB_TEST_FSCANF 1
| #define GNULIB_FSCANF 1
| #define GNULIB_TEST_SCANF 1
| #define GNULIB_SCANF 1
| #define GNULIB_TEST_FGETC 1
| #define GNULIB_TEST_GETC 1
| #define GNULIB_TEST_GETCHAR 1
| #define GNULIB_TEST_FGETS 1
| #define GNULIB_TEST_FREAD 1
| #define GNULIB_TEST_FPRINTF 1
| #define GNULIB_TEST_PRINTF 1
| #define GNULIB_TEST_VFPRINTF 1
| #define GNULIB_TEST_VPRINTF 1
| #define GNULIB_TEST_FPUTC 1
| #define GNULIB_TEST_PUTC 1
| #define GNULIB_TEST_PUTCHAR 1
| #define GNULIB_TEST_FPUTS 1
| #define GNULIB_TEST_PUTS 1
| #define GNULIB_TEST_FWRITE 1
| #define HAVE_STPCPY 1
| #define GNULIB_TEST_STPCPY 1
| #define GNULIB_TEST_STRDUP 1
| #define GNULIB_STRERROR 1
| #define GNULIB_TEST_STRERROR 1
| #define GNULIB_TEST_SYMLINK 1
| #define HAVE_SYMLINKAT 1
| #define GNULIB_TEST_SYMLINKAT 1
| #define GNULIB_TEMPNAME 1
| #define HAVE_DECL_LOCALTIME_R 1
| #define GNULIB_TEST_TIME_R 1
| #define GNULIB_TEST_TIME_RZ 1
| #define HAVE_TIMEGM 1
| #define GNULIB_TEST_TIMEGM 1
| #define GNULIB_TEST_TZSET 1
| #define GNULIB_TEST_UNLINK 1
| #define GNULIB_TEST_UNLINKAT 1
| #define HAVE_UNSETENV 1
| #define GNULIB_TEST_UNSETENV 1
| #define HAVE_UTIME 1
| #define GNULIB_TEST_UTIME 1
| #define HAVE_FUTIMES 1
| #define HAVE_FUTIMESAT 1
| #define HAVE_LUTIMES 1
| #define HAVE_FUTIMENS 1
| #define HAVE_UTIMENSAT 1
| #define HAVE_UTIMENSAT 1
| #define GNULIB_TEST_UTIMENSAT 1
| #define HAVE_C_VARARRAYS 1
| #define GNULIB_XALLOC 1
| #define GNULIB_XALLOC_DIE 1
| #define GNULIB_XSTDOPEN 1
| #define GNULIB_NO_VLA 1
| /* end confdefs.h.  */
| #include <stddef.h>
| #ifdef HAVE_STDIO_H
| # include <stdio.h>
| #endif
| #ifdef HAVE_STDLIB_H
| # include <stdlib.h>
| #endif
| #ifdef HAVE_STRING_H
| # include <string.h>
| #endif
| #ifdef HAVE_INTTYPES_H
| # include <inttypes.h>
| #endif
| #ifdef HAVE_STDINT_H
| # include <stdint.h>
| #endif
| #ifdef HAVE_STRINGS_H
| # include <strings.h>
| #endif
| #ifdef HAVE_SYS_TYPES_H
| # include <sys/types.h>
| #endif
| #ifdef HAVE_SYS_STAT_H
| # include <sys/stat.h>
| #endif
| #ifdef HAVE_UNISTD_H
| # include <unistd.h>
| #endif
| #include <attr/error_context.h>
configure:38903: result: no
configure:38909: checking for attr/libattr.h
configure:38909: gcc -c -g -O2  conftest.c >&5
conftest.c:372:10: fatal error: attr/libattr.h: No such file or directory
  372 | #include <attr/libattr.h>
      |          ^~~~~~~~~~~~~~~~
compilation terminated.
configure:38909: $? = 1
configure: failed program was:
| /* confdefs.h */
| #define PACKAGE_NAME "GNU patch"
| #define PACKAGE_TARNAME "patch"
| #define PACKAGE_VERSION "2.8"
| #define PACKAGE_STRING "GNU patch 2.8"
| #define PACKAGE_BUGREPORT "bug-patch@gnu.org"
| #define PACKAGE_URL "https://www.gnu.org/software/patch/"
| #define PACKAGE "patch"
| #define VERSION "2.8"
| #define HAVE_STDIO_H 1
| #define HAVE_STDLIB_H 1
| #define HAVE_STRING_H 1
| #define HAVE_INTTYPES_H 1
| #define HAVE_STDINT_H 1
| #define HAVE_STRINGS_H 1
| #define HAVE_SYS_STAT_H 1
| #define HAVE_SYS_TYPES_H 1
| #define HAVE_UNISTD_H 1
| #define HAVE_WCHAR_H 1
| #define HAVE_STDBOOL_H 1
| #define HAVE_UCHAR_H 1
| #define HAVE_SYS_PARAM_H 1
| #define HAVE_SYS_SOCKET_H 1
| #define HAVE_DIRENT_H 1
| #define HAVE_STDIO_EXT_H 1
| #define HAVE_GETOPT_H 1
| #define HAVE_SYS_TIME_H 1
| #define HAVE_THREADS_H 1
| #define HAVE_LIMITS_H 1
| #define HAVE_SYS_MMAN_H 1
| #define HAVE_STDCKDINT_H 1
| #define HAVE_SYS_RANDOM_H 1
| #define HAVE_UTIME_H 1
| #define HAVE_FEATURES_H 1
| #define HAVE_WCTYPE_H 1
| #define HAVE_FCNTL_H 1
| #define STDC_HEADERS 1
| #define _ALL_SOURCE 1
| #define _DARWIN_C_SOURCE 1
| #define _GNU_SOURCE 1
| #define _HPUX_ALT_XOPEN_SOCKET_API 1
| #define _NETBSD_SOURCE 1
| #define _OPENBSD_SOURCE 1
| #define _POSIX_PTHREAD_SEMANTICS 1
| #define __STDC_WANT_IEC_60559_ATTRIBS_EXT__ 1
| #define __STDC_WANT_IEC_60559_BFP_EXT__ 1
| #define __STDC_WANT_IEC_60559_DFP_EXT__ 1
| #define __STDC_WANT_IEC_60559_EXT__ 1
| #define __STDC_WANT_IEC_60559_FUNCS_EXT__ 1
| #define __STDC_WANT_IEC_60559_TYPES_EXT__ 1
| #define __STDC_WANT_LIB_EXT2__ 1
| #define __STDC_WANT_MATH_SPEC_FUNCS__ 1
| #define _TANDEM_SOURCE 1
| #define __EXTENSIONS__ 1
| #define _LINUX_SOURCE_COMPAT 1
| #define __USE_MINGW_ANSI_STDIO 1
| #define HAVE_LSTAT 1
| #define HAVE_PATHCONF 1
| #define HAVE_MBSINIT 1
| #define HAVE_MBRTOWC 1
| #define HAVE_REALPATH 1
| #define HAVE_CHOWN 1
| #define HAVE_FCHOWN 1
| #define HAVE_FCHDIR 1
| #define HAVE_FCHMODAT 1
| #define HAVE_LCHMOD 1
| #define HAVE_FCNTL 1
| #define HAVE_SYMLINK 1
| #define HAVE_FDOPENDIR 1
| #define HAVE_FSTATAT 1
| #define HAVE_GETDTABLESIZE 1
| #define HAVE_GETTIMEOFDAY 1
| #define HAVE_MPROTECT 1
| #define HAVE_MKDIRAT 1
| #define HAVE_OPENAT 1
| #define HAVE_READLINK 1
| #define HAVE_LINK 1
| #define HAVE_RENAMEAT 1
| #define HAVE_SETENV 1
| #define HAVE_LOCALTIME_R 1
| #define HAVE_UNLINKAT 1
| #define HAVE_ISWCNTRL 1
| #define HAVE_GETEUID 1
| #define HAVE_GETUID 1
| #define HAVE_SIGACTION 1
| #define HAVE_SIGFILLSET 1
| #define HAVE_ALLOCA_H 1
| #define HAVE_ALLOCA 1
| #define D_INO_IN_DIRENT 1
| #define HAVE_LONG_FILE_NAMES 1
| #define BITSIZEOF_WCHAR_T 32
| #define HAVE_MBSTATE_T 1
| #define HAVE_LANGINFO_CODESET 1
| #define HAVE_WORKING_MBRTOC32 1
| #define HAVE_WORKING_C32RTOMB 1
| #define HAVE_MALLOC_PTRDIFF 1
| #define HAVE_MALLOC_POSIX 1
| #define LSTAT_FOLLOWS_SLASHED_SYMLINK 1
| #define FUNC_REALPATH_NEARLY_WORKS 1
| #define HAVE_FACCESSAT 1
| #define HAVE_GETCWD 1
| #define HAVE_UNISTD_H 1
| #define HAVE_CHOWN 1
| #define HAVE_ENVIRON_DECL 1
| #define HAVE_DECL_STRERROR_R 1
| #define HAVE_STRERROR_R 1
| #define GETGROUPS_T gid_t
| #define HAVE_DECL_FCHDIR 1
| #define HAVE_WORKING_O_NOATIME 1
| #define HAVE_WORKING_O_NOFOLLOW 1
| #define _USE_STD_STAT 1
| #define HAVE_DECL_FSEEKO 1
| #define restrict __restrict__
| #define HAVE_DECL_FTELLO 1
| #define HAVE_DECL_GETDTABLESIZE 1
| #define HAVE_GETOPT_H 1
| #define HAVE_GETOPT_LONG_ONLY 1
| #define MUSL_LIBC 1
| #define HAVE_PTHREAD_API 1
| #define SETLOCALE_NULL_ALL_MTSAFE 0
| #define SETLOCALE_NULL_ONE_MTSAFE 1
| #define HAVE_WEAK_SYMBOLS 1
| #define HAVE_WINT_T 1
| #define HAVE_LONG_LONG_INT 1
| #define HAVE_UNSIGNED_LONG_LONG_INT 1
| #define HAVE_MALLOC_0_NONNULL 1
| #define HAVE_MAP_ANONYMOUS 1
| #define HAVE_DECL_MEMRCHR 1
| #define HAVE_MINMAX_IN_SYS_PARAM_H 1
| #define TIME_T_IS_SIGNED 1
| #define HAVE_DECL_ALARM 1
| #define PROMOTED_MODE_T mode_t
| #define HAVE_COMPOUND_LITERALS 1
| #define HAVE_STRUCT_TM_TM_GMTOFF 1
| #define HAVE_STRUCT_TM_TM_ZONE 1
| #define HAVE_TM_GMTOFF 1
| #define HAVE_DECL_SETENV 1
| #define HAVE_DECL__PUTENV 0
| #define HAVE_SEARCH_H 1
| #define HAVE_TSEARCH 1
| #define HAVE_SIGSET_T 1
| #define HAVE_DECL_FCLOSEALL 0
| #define HAVE_DECL_GETW 1
| #define HAVE_DECL_PUTW 1
| #define HAVE_DECL_ECVT 1
| #define HAVE_DECL_FCVT 1
| #define HAVE_DECL_GCVT 1
| #define HAVE_DECL_STRDUP 1
| #define HAVE_DECL_EXECVPE 1
| #define HAVE_DECL_UNSETENV 1
| #define HAVE_WORKING_UTIMES 1
| #define HAVE_DECL_WCSDUP 1
| #define HAVE_TOWLOWER 1
| #define GNULIB_TEST_ACCESS 1
| #define HAVE_ALLOCA 1
| #define HAVE_C_STATIC_ASSERT 1
| #define HAVE_C_BOOL 1
| #define HAVE___BUILTIN_EXPECT 1
| #define GNULIB_TEST_C32ISPRINT 1
| #define GNULIB_TEST_CALLOC_GNU 1
| #define GNULIB_TEST_CALLOC_POSIX 1
| #define GNULIB_CANONICALIZE_LGPL 1
| #define GNULIB_TEST_CANONICALIZE_FILE_NAME 1
| #define GNULIB_TEST_REALPATH 1
| #define GNULIB_TEST_CHDIR 1
| #define GNULIB_TEST_CHMOD 1
| #define GNULIB_TEST_CHOWN 1
| #define HAVE_CLOCK_GETRES 1
| #define HAVE_CLOCK_GETTIME 1
| #define HAVE_CLOCK_SETTIME 1
| #define GNULIB_TEST_CLOEXEC 1
| #define GNULIB_TEST_CLOSE 1
| #define GNULIB_CLOSE 1
| #define GNULIB_CLOSE_STREAM 1
| #define HAVE_CLOSEDIR 1
| #define GNULIB_TEST_CLOSEDIR 1
| #define D_INO_IN_DIRENT 1
| #define HAVE_DIRFD 1
| #define HAVE_DECL_DIRFD 1
| #define GNULIB_TEST_DIRFD 1
| #define GNULIB_TEST_DUP 1
| #define GNULIB_TEST_DUP2 1
| #define GNULIB_TEST_ENVIRON 1
| #define HAVE_EUIDACCESS 1
| #define GNULIB_TEST_EUIDACCESS 1
| #define HAVE_FACCESSAT 1
| #define GNULIB_FACCESSAT 1
| #define GNULIB_TEST_FACCESSAT 1
| #define GNULIB_TEST_FCHDIR 1
| #define GNULIB_TEST_FCHMODAT 1
| #define GNULIB_TEST_FCHOWNAT 1
| #define GNULIB_TEST_FCNTL 1
| #define HAVE_DECL_FDOPENDIR 1
| #define GNULIB_TEST_FDOPENDIR 1
| #define GNULIB_FDOPENDIR 1
| #define HAVE_MEMPCPY 1
| #define FLEXIBLE_ARRAY_MEMBER /**/
| #define HAVE_DECL___FPENDING 1
| #define GNULIB_TEST_FREE_POSIX 1
| #define GNULIB_TEST_FSEEK 1
| #define GNULIB_TEST_FSEEKO 1
| #define GNULIB_TEST_FSTAT 1
| #define GNULIB_FSTAT 1
| #define GNULIB_TEST_FSTATAT 1
| #define GNULIB_FSTATAT 1
| #define GNULIB_TEST_FTELL 1
| #define GNULIB_TEST_FTELLO 1
| #define HAVE_FUTIMENS 1
| #define GNULIB_TEST_FUTIMENS 1
| #define GNULIB_TEST_GETCWD 1
| #define GNULIB_TEST_GETDTABLESIZE 1
| #define HAVE_GETGROUPS 1
| #define GNULIB_TEST_GETGROUPS 1
| #define __GETOPT_PREFIX rpl_
| #define GNULIB_TEST_GETOPT_POSIX 1
| #define HAVE_DECL_PROGRAM_INVOCATION_NAME 1
| #define HAVE_DECL_PROGRAM_INVOCATION_NAME 1
| #define HAVE_DECL_PROGRAM_INVOCATION_SHORT_NAME 1
| #define HAVE_DECL___ARGV 0
| #define GNULIB_TEST_GETPROGNAME 1
| #define HAVE_GETRANDOM 1
| #define GNULIB_TEST_GETRANDOM 1
| #define HAVE_TIMESPEC_GET 1
| #define GETTIMEOFDAY_TIMEZONE void
| #define GNULIB_TEST_GETTIMEOFDAY 1
| #define GNULIB_LOCALEDIR "/usr/share/locale"
| #define GNULIB_TEST_GROUP_MEMBER 1
| #define GNULIB_TEST_LCHMOD 1
| #define HAVE_LCHOWN 1
| #define GNULIB_TEST_LCHOWN 1
| #define HAVE___INLINE 1
| #define GNULIB_TEST_LSEEK 1
| #define GNULIB_TEST_LSTAT 1
| #define GNULIB_LSTAT 1
| #define GNULIB_TEST_MALLOC_GNU 1
| #define GNULIB_TEST_MALLOC_POSIX 1
| #define GNULIB_TEST_MBRTOC32 1
| #define GNULIB_TEST_MBRTOWC 1
| #define GNULIB_TEST_MBSINIT 1
| #define GNULIB_TEST_MBSZERO 1
| #define GNULIB_TEST_MEMCHR 1
| #define HAVE_MEMPCPY 1
| #define GNULIB_TEST_MEMPCPY 1
| #define HAVE_MEMRCHR 1
| #define GNULIB_TEST_MEMRCHR 1
| #define GNULIB_TEST_MKDIR 1
| #define GNULIB_TEST_MKDIRAT 1
| #define GNULIB_TEST_MKTIME 1
| #define NEED_MKTIME_INTERNAL 1
| #define GNULIB_MSVC_NOTHROW 1
| #define HAVE_C_NULLPTR 1
| #define GNULIB_TEST_OPEN 1
| #define GNULIB_OPENAT 1
| #define GNULIB_TEST_OPENAT 1
| #define HAVE_OPENDIR 1
| #define GNULIB_TEST_OPENDIR 1
| #define HAVE_DECL_PROGRAM_INVOCATION_NAME 1
| #define HAVE_DECL_PROGRAM_INVOCATION_SHORT_NAME 1
| #define HAVE_RAISE 1
| #define GNULIB_TEST_RAISE 1
| #define GNULIB_TEST_RAWMEMCHR 1
| #define HAVE_READDIR 1
| #define GNULIB_TEST_READDIR 1
| #define GNULIB_TEST_READLINK 1
| #define HAVE_READLINKAT 1
| #define GNULIB_TEST_READLINKAT 1
| #define HAVE_REALLOC_0_NONNULL 1
| #define GNULIB_TEST_REALLOC_POSIX 1
| #define HAVE_REALLOCARRAY 1
| #define GNULIB_REALLOCARRAY 1
| #define GNULIB_TEST_REALLOCARRAY 1
| #define GNULIB_TEST_RENAME 1
| #define HAVE_LINUX_FS_H 1
| #define HAVE_RENAMEAT2 1
| #define HAVE_WORKING_RENAMEAT2 1
| #define GNULIB_TEST_RENAMEAT 1
| #define HAVE_LINUX_FS_H 1
| #define HAVE_RENAMEAT2 1
| #define HAVE_WORKING_RENAMEAT2 1
| #define GNULIB_TEST_RMDIR 1
| #define GNULIB_TEST_SETENV 1
| #define SETLOCALE_NULL_ALL_MTSAFE 0
| #define SETLOCALE_NULL_ONE_MTSAFE 1
| #define HAVE_WEAK_SYMBOLS 1
| #define HAVE_VISIBILITY 1
| #define GNULIB_TEST_SETLOCALE_NULL 1
| #define GNULIB_TEST_STAT 1
| #define GNULIB_STAT 1
| #define HAVE_STRUCT_STAT_ST_ATIM_TV_NSEC 1
| #define TYPEOF_STRUCT_STAT_ST_ATIM_IS_STRUCT_TIMESPEC 1
| #define GNULIB_TEST_FSCANF 1
| #define GNULIB_FSCANF 1
| #define GNULIB_TEST_SCANF 1
| #define GNULIB_SCANF 1
| #define GNULIB_TEST_FGETC 1
| #define GNULIB_TEST_GETC 1
| #define GNULIB_TEST_GETCHAR 1
| #define GNULIB_TEST_FGETS 1
| #define GNULIB_TEST_FREAD 1
| #define GNULIB_TEST_FPRINTF 1
| #define GNULIB_TEST_PRINTF 1
| #define GNULIB_TEST_VFPRINTF 1
| #define GNULIB_TEST_VPRINTF 1
| #define GNULIB_TEST_FPUTC 1
| #define GNULIB_TEST_PUTC 1
| #define GNULIB_TEST_PUTCHAR 1
| #define GNULIB_TEST_FPUTS 1
| #define GNULIB_TEST_PUTS 1
| #define GNULIB_TEST_FWRITE 1
| #define HAVE_STPCPY 1
| #define GNULIB_TEST_STPCPY 1
| #define GNULIB_TEST_STRDUP 1
| #define GNULIB_STRERROR 1
| #define GNULIB_TEST_STRERROR 1
| #define GNULIB_TEST_SYMLINK 1
| #define HAVE_SYMLINKAT 1
| #define GNULIB_TEST_SYMLINKAT 1
| #define GNULIB_TEMPNAME 1
| #define HAVE_DECL_LOCALTIME_R 1
| #define GNULIB_TEST_TIME_R 1
| #define GNULIB_TEST_TIME_RZ 1
| #define HAVE_TIMEGM 1
| #define GNULIB_TEST_TIMEGM 1
| #define GNULIB_TEST_TZSET 1
| #define GNULIB_TEST_UNLINK 1
| #define GNULIB_TEST_UNLINKAT 1
| #define HAVE_UNSETENV 1
| #define GNULIB_TEST_UNSETENV 1
| #define HAVE_UTIME 1
| #define GNULIB_TEST_UTIME 1
| #define HAVE_FUTIMES 1
| #define HAVE_FUTIMESAT 1
| #define HAVE_LUTIMES 1
| #define HAVE_FUTIMENS 1
| #define HAVE_UTIMENSAT 1
| #define HAVE_UTIMENSAT 1
| #define GNULIB_TEST_UTIMENSAT 1
| #define HAVE_C_VARARRAYS 1
| #define GNULIB_XALLOC 1
| #define GNULIB_XALLOC_DIE 1
| #define GNULIB_XSTDOPEN 1
| #define GNULIB_NO_VLA 1
| /* end confdefs.h.  */
| #include <stddef.h>
| #ifdef HAVE_STDIO_H
| # include <stdio.h>
| #endif
| #ifdef HAVE_STDLIB_H
| # include <stdlib.h>
| #endif
| #ifdef HAVE_STRING_H
| # include <string.h>
| #endif
| #ifdef HAVE_INTTYPES_H
| # include <inttypes.h>
| #endif
| #ifdef HAVE_STDINT_H
| # include <stdint.h>
| #endif
| #ifdef HAVE_STRINGS_H
| # include <strings.h>
| #endif
| #ifdef HAVE_SYS_TYPES_H
| # include <sys/types.h>
| #endif
| #ifdef HAVE_SYS_STAT_H
| # include <sys/stat.h>
| #endif
| #ifdef HAVE_UNISTD_H
| # include <unistd.h>
| #endif
| #include <attr/libattr.h>
configure:38909: result: no
configure:39008: WARNING: libattr development library was not found or not usable.
configure:39010: WARNING: GNU patch will be built without xattr support.
configure:39028: checking for DOS-style setmode
configure:39051: gcc -o conftest -g -O2   conftest.c  >&5
conftest.c:345:10: fatal error: io.h: No such file or directory
  345 | #include <io.h>
      |          ^~~~~~
compilation terminated.
configure:39051: $? = 1
configure: failed program was:
| /* confdefs.h */
| #define PACKAGE_NAME "GNU patch"
| #define PACKAGE_TARNAME "patch"
| #define PACKAGE_VERSION "2.8"
| #define PACKAGE_STRING "GNU patch 2.8"
| #define PACKAGE_BUGREPORT "bug-patch@gnu.org"
| #define PACKAGE_URL "https://www.gnu.org/software/patch/"
| #define PACKAGE "patch"
| #define VERSION "2.8"
| #define HAVE_STDIO_H 1
| #define HAVE_STDLIB_H 1
| #define HAVE_STRING_H 1
| #define HAVE_INTTYPES_H 1
| #define HAVE_STDINT_H 1
| #define HAVE_STRINGS_H 1
| #define HAVE_SYS_STAT_H 1
| #define HAVE_SYS_TYPES_H 1
| #define HAVE_UNISTD_H 1
| #define HAVE_WCHAR_H 1
| #define HAVE_STDBOOL_H 1
| #define HAVE_UCHAR_H 1
| #define HAVE_SYS_PARAM_H 1
| #define HAVE_SYS_SOCKET_H 1
| #define HAVE_DIRENT_H 1
| #define HAVE_STDIO_EXT_H 1
| #define HAVE_GETOPT_H 1
| #define HAVE_SYS_TIME_H 1
| #define HAVE_THREADS_H 1
| #define HAVE_LIMITS_H 1
| #define HAVE_SYS_MMAN_H 1
| #define HAVE_STDCKDINT_H 1
| #define HAVE_SYS_RANDOM_H 1
| #define HAVE_UTIME_H 1
| #define HAVE_FEATURES_H 1
| #define HAVE_WCTYPE_H 1
| #define HAVE_FCNTL_H 1
| #define STDC_HEADERS 1
| #define _ALL_SOURCE 1
| #define _DARWIN_C_SOURCE 1
| #define _GNU_SOURCE 1
| #define _HPUX_ALT_XOPEN_SOCKET_API 1
| #define _NETBSD_SOURCE 1
| #define _OPENBSD_SOURCE 1
| #define _POSIX_PTHREAD_SEMANTICS 1
| #define __STDC_WANT_IEC_60559_ATTRIBS_EXT__ 1
| #define __STDC_WANT_IEC_60559_BFP_EXT__ 1
| #define __STDC_WANT_IEC_60559_DFP_EXT__ 1
| #define __STDC_WANT_IEC_60559_EXT__ 1
| #define __STDC_WANT_IEC_60559_FUNCS_EXT__ 1
| #define __STDC_WANT_IEC_60559_TYPES_EXT__ 1
| #define __STDC_WANT_LIB_EXT2__ 1
| #define __STDC_WANT_MATH_SPEC_FUNCS__ 1
| #define _TANDEM_SOURCE 1
| #define __EXTENSIONS__ 1
| #define _LINUX_SOURCE_COMPAT 1
| #define __USE_MINGW_ANSI_STDIO 1
| #define HAVE_LSTAT 1
| #define HAVE_PATHCONF 1
| #define HAVE_MBSINIT 1
| #define HAVE_MBRTOWC 1
| #define HAVE_REALPATH 1
| #define HAVE_CHOWN 1
| #define HAVE_FCHOWN 1
| #define HAVE_FCHDIR 1
| #define HAVE_FCHMODAT 1
| #define HAVE_LCHMOD 1
| #define HAVE_FCNTL 1
| #define HAVE_SYMLINK 1
| #define HAVE_FDOPENDIR 1
| #define HAVE_FSTATAT 1
| #define HAVE_GETDTABLESIZE 1
| #define HAVE_GETTIMEOFDAY 1
| #define HAVE_MPROTECT 1
| #define HAVE_MKDIRAT 1
| #define HAVE_OPENAT 1
| #define HAVE_READLINK 1
| #define HAVE_LINK 1
| #define HAVE_RENAMEAT 1
| #define HAVE_SETENV 1
| #define HAVE_LOCALTIME_R 1
| #define HAVE_UNLINKAT 1
| #define HAVE_ISWCNTRL 1
| #define HAVE_GETEUID 1
| #define HAVE_GETUID 1
| #define HAVE_SIGACTION 1
| #define HAVE_SIGFILLSET 1
| #define HAVE_ALLOCA_H 1
| #define HAVE_ALLOCA 1
| #define D_INO_IN_DIRENT 1
| #define HAVE_LONG_FILE_NAMES 1
| #define BITSIZEOF_WCHAR_T 32
| #define HAVE_MBSTATE_T 1
| #define HAVE_LANGINFO_CODESET 1
| #define HAVE_WORKING_MBRTOC32 1
| #define HAVE_WORKING_C32RTOMB 1
| #define HAVE_MALLOC_PTRDIFF 1
| #define HAVE_MALLOC_POSIX 1
| #define LSTAT_FOLLOWS_SLASHED_SYMLINK 1
| #define FUNC_REALPATH_NEARLY_WORKS 1
| #define HAVE_FACCESSAT 1
| #define HAVE_GETCWD 1
| #define HAVE_UNISTD_H 1
| #define HAVE_CHOWN 1
| #define HAVE_ENVIRON_DECL 1
| #define HAVE_DECL_STRERROR_R 1
| #define HAVE_STRERROR_R 1
| #define GETGROUPS_T gid_t
| #define HAVE_DECL_FCHDIR 1
| #define HAVE_WORKING_O_NOATIME 1
| #define HAVE_WORKING_O_NOFOLLOW 1
| #define _USE_STD_STAT 1
| #define HAVE_DECL_FSEEKO 1
| #define restrict __restrict__
| #define HAVE_DECL_FTELLO 1
| #define HAVE_DECL_GETDTABLESIZE 1
| #define HAVE_GETOPT_H 1
| #define HAVE_GETOPT_LONG_ONLY 1
| #define MUSL_LIBC 1
| #define HAVE_PTHREAD_API 1
| #define SETLOCALE_NULL_ALL_MTSAFE 0
| #define SETLOCALE_NULL_ONE_MTSAFE 1
| #define HAVE_WEAK_SYMBOLS 1
| #define HAVE_WINT_T 1
| #define HAVE_LONG_LONG_INT 1
| #define HAVE_UNSIGNED_LONG_LONG_INT 1
| #define HAVE_MALLOC_0_NONNULL 1
| #define HAVE_MAP_ANONYMOUS 1
| #define HAVE_DECL_MEMRCHR 1
| #define HAVE_MINMAX_IN_SYS_PARAM_H 1
| #define TIME_T_IS_SIGNED 1
| #define HAVE_DECL_ALARM 1
| #define PROMOTED_MODE_T mode_t
| #define HAVE_COMPOUND_LITERALS 1
| #define HAVE_STRUCT_TM_TM_GMTOFF 1
| #define HAVE_STRUCT_TM_TM_ZONE 1
| #define HAVE_TM_GMTOFF 1
| #define HAVE_DECL_SETENV 1
| #define HAVE_DECL__PUTENV 0
| #define HAVE_SEARCH_H 1
| #define HAVE_TSEARCH 1
| #define HAVE_SIGSET_T 1
| #define HAVE_DECL_FCLOSEALL 0
| #define HAVE_DECL_GETW 1
| #define HAVE_DECL_PUTW 1
| #define HAVE_DECL_ECVT 1
| #define HAVE_DECL_FCVT 1
| #define HAVE_DECL_GCVT 1
| #define HAVE_DECL_STRDUP 1
| #define HAVE_DECL_EXECVPE 1
| #define HAVE_DECL_UNSETENV 1
| #define HAVE_WORKING_UTIMES 1
| #define HAVE_DECL_WCSDUP 1
| #define HAVE_TOWLOWER 1
| #define GNULIB_TEST_ACCESS 1
| #define HAVE_ALLOCA 1
| #define HAVE_C_STATIC_ASSERT 1
| #define HAVE_C_BOOL 1
| #define HAVE___BUILTIN_EXPECT 1
| #define GNULIB_TEST_C32ISPRINT 1
| #define GNULIB_TEST_CALLOC_GNU 1
| #define GNULIB_TEST_CALLOC_POSIX 1
| #define GNULIB_CANONICALIZE_LGPL 1
| #define GNULIB_TEST_CANONICALIZE_FILE_NAME 1
| #define GNULIB_TEST_REALPATH 1
| #define GNULIB_TEST_CHDIR 1
| #define GNULIB_TEST_CHMOD 1
| #define GNULIB_TEST_CHOWN 1
| #define HAVE_CLOCK_GETRES 1
| #define HAVE_CLOCK_GETTIME 1
| #define HAVE_CLOCK_SETTIME 1
| #define GNULIB_TEST_CLOEXEC 1
| #define GNULIB_TEST_CLOSE 1
| #define GNULIB_CLOSE 1
| #define GNULIB_CLOSE_STREAM 1
| #define HAVE_CLOSEDIR 1
| #define GNULIB_TEST_CLOSEDIR 1
| #define D_INO_IN_DIRENT 1
| #define HAVE_DIRFD 1
| #define HAVE_DECL_DIRFD 1
| #define GNULIB_TEST_DIRFD 1
| #define GNULIB_TEST_DUP 1
| #define GNULIB_TEST_DUP2 1
| #define GNULIB_TEST_ENVIRON 1
| #define HAVE_EUIDACCESS 1
| #define GNULIB_TEST_EUIDACCESS 1
| #define HAVE_FACCESSAT 1
| #define GNULIB_FACCESSAT 1
| #define GNULIB_TEST_FACCESSAT 1
| #define GNULIB_TEST_FCHDIR 1
| #define GNULIB_TEST_FCHMODAT 1
| #define GNULIB_TEST_FCHOWNAT 1
| #define GNULIB_TEST_FCNTL 1
| #define HAVE_DECL_FDOPENDIR 1
| #define GNULIB_TEST_FDOPENDIR 1
| #define GNULIB_FDOPENDIR 1
| #define HAVE_MEMPCPY 1
| #define FLEXIBLE_ARRAY_MEMBER /**/
| #define HAVE_DECL___FPENDING 1
| #define GNULIB_TEST_FREE_POSIX 1
| #define GNULIB_TEST_FSEEK 1
| #define GNULIB_TEST_FSEEKO 1
| #define GNULIB_TEST_FSTAT 1
| #define GNULIB_FSTAT 1
| #define GNULIB_TEST_FSTATAT 1
| #define GNULIB_FSTATAT 1
| #define GNULIB_TEST_FTELL 1
| #define GNULIB_TEST_FTELLO 1
| #define HAVE_FUTIMENS 1
| #define GNULIB_TEST_FUTIMENS 1
| #define GNULIB_TEST_GETCWD 1
| #define GNULIB_TEST_GETDTABLESIZE 1
| #define HAVE_GETGROUPS 1
| #define GNULIB_TEST_GETGROUPS 1
| #define __GETOPT_PREFIX rpl_
| #define GNULIB_TEST_GETOPT_POSIX 1
| #define HAVE_DECL_PROGRAM_INVOCATION_NAME 1
| #define HAVE_DECL_PROGRAM_INVOCATION_NAME 1
| #define HAVE_DECL_PROGRAM_INVOCATION_SHORT_NAME 1
| #define HAVE_DECL___ARGV 0
| #define GNULIB_TEST_GETPROGNAME 1
| #define HAVE_GETRANDOM 1
| #define GNULIB_TEST_GETRANDOM 1
| #define HAVE_TIMESPEC_GET 1
| #define GETTIMEOFDAY_TIMEZONE void
| #define GNULIB_TEST_GETTIMEOFDAY 1
| #define GNULIB_LOCALEDIR "/usr/share/locale"
| #define GNULIB_TEST_GROUP_MEMBER 1
| #define GNULIB_TEST_LCHMOD 1
| #define HAVE_LCHOWN 1
| #define GNULIB_TEST_LCHOWN 1
| #define HAVE___INLINE 1
| #define GNULIB_TEST_LSEEK 1
| #define GNULIB_TEST_LSTAT 1
| #define GNULIB_LSTAT 1
| #define GNULIB_TEST_MALLOC_GNU 1
| #define GNULIB_TEST_MALLOC_POSIX 1
| #define GNULIB_TEST_MBRTOC32 1
| #define GNULIB_TEST_MBRTOWC 1
| #define GNULIB_TEST_MBSINIT 1
| #define GNULIB_TEST_MBSZERO 1
| #define GNULIB_TEST_MEMCHR 1
| #define HAVE_MEMPCPY 1
| #define GNULIB_TEST_MEMPCPY 1
| #define HAVE_MEMRCHR 1
| #define GNULIB_TEST_MEMRCHR 1
| #define GNULIB_TEST_MKDIR 1
| #define GNULIB_TEST_MKDIRAT 1
| #define GNULIB_TEST_MKTIME 1
| #define NEED_MKTIME_INTERNAL 1
| #define GNULIB_MSVC_NOTHROW 1
| #define HAVE_C_NULLPTR 1
| #define GNULIB_TEST_OPEN 1
| #define GNULIB_OPENAT 1
| #define GNULIB_TEST_OPENAT 1
| #define HAVE_OPENDIR 1
| #define GNULIB_TEST_OPENDIR 1
| #define HAVE_DECL_PROGRAM_INVOCATION_NAME 1
| #define HAVE_DECL_PROGRAM_INVOCATION_SHORT_NAME 1
| #define HAVE_RAISE 1
| #define GNULIB_TEST_RAISE 1
| #define GNULIB_TEST_RAWMEMCHR 1
| #define HAVE_READDIR 1
| #define GNULIB_TEST_READDIR 1
| #define GNULIB_TEST_READLINK 1
| #define HAVE_READLINKAT 1
| #define GNULIB_TEST_READLINKAT 1
| #define HAVE_REALLOC_0_NONNULL 1
| #define GNULIB_TEST_REALLOC_POSIX 1
| #define HAVE_REALLOCARRAY 1
| #define GNULIB_REALLOCARRAY 1
| #define GNULIB_TEST_REALLOCARRAY 1
| #define GNULIB_TEST_RENAME 1
| #define HAVE_LINUX_FS_H 1
| #define HAVE_RENAMEAT2 1
| #define HAVE_WORKING_RENAMEAT2 1
| #define GNULIB_TEST_RENAMEAT 1
| #define HAVE_LINUX_FS_H 1
| #define HAVE_RENAMEAT2 1
| #define HAVE_WORKING_RENAMEAT2 1
| #define GNULIB_TEST_RMDIR 1
| #define GNULIB_TEST_SETENV 1
| #define SETLOCALE_NULL_ALL_MTSAFE 0
| #define SETLOCALE_NULL_ONE_MTSAFE 1
| #define HAVE_WEAK_SYMBOLS 1
| #define HAVE_VISIBILITY 1
| #define GNULIB_TEST_SETLOCALE_NULL 1
| #define GNULIB_TEST_STAT 1
| #define GNULIB_STAT 1
| #define HAVE_STRUCT_STAT_ST_ATIM_TV_NSEC 1
| #define TYPEOF_STRUCT_STAT_ST_ATIM_IS_STRUCT_TIMESPEC 1
| #define GNULIB_TEST_FSCANF 1
| #define GNULIB_FSCANF 1
| #define GNULIB_TEST_SCANF 1
| #define GNULIB_SCANF 1
| #define GNULIB_TEST_FGETC 1
| #define GNULIB_TEST_GETC 1
| #define GNULIB_TEST_GETCHAR 1
| #define GNULIB_TEST_FGETS 1
| #define GNULIB_TEST_FREAD 1
| #define GNULIB_TEST_FPRINTF 1
| #define GNULIB_TEST_PRINTF 1
| #define GNULIB_TEST_VFPRINTF 1
| #define GNULIB_TEST_VPRINTF 1
| #define GNULIB_TEST_FPUTC 1
| #define GNULIB_TEST_PUTC 1
| #define GNULIB_TEST_PUTCHAR 1
| #define GNULIB_TEST_FPUTS 1
| #define GNULIB_TEST_PUTS 1
| #define GNULIB_TEST_FWRITE 1
| #define HAVE_STPCPY 1
| #define GNULIB_TEST_STPCPY 1
| #define GNULIB_TEST_STRDUP 1
| #define GNULIB_STRERROR 1
| #define GNULIB_TEST_STRERROR 1
| #define GNULIB_TEST_SYMLINK 1
| #define HAVE_SYMLINKAT 1
| #define GNULIB_TEST_SYMLINKAT 1
| #define GNULIB_TEMPNAME 1
| #define HAVE_DECL_LOCALTIME_R 1
| #define GNULIB_TEST_TIME_R 1
| #define GNULIB_TEST_TIME_RZ 1
| #define HAVE_TIMEGM 1
| #define GNULIB_TEST_TIMEGM 1
| #define GNULIB_TEST_TZSET 1
| #define GNULIB_TEST_UNLINK 1
| #define GNULIB_TEST_UNLINKAT 1
| #define HAVE_UNSETENV 1
| #define GNULIB_TEST_UNSETENV 1
| #define HAVE_UTIME 1
| #define GNULIB_TEST_UTIME 1
| #define HAVE_FUTIMES 1
| #define HAVE_FUTIMESAT 1
| #define HAVE_LUTIMES 1
| #define HAVE_FUTIMENS 1
| #define HAVE_UTIMENSAT 1
| #define HAVE_UTIMENSAT 1
| #define GNULIB_TEST_UTIMENSAT 1
| #define HAVE_C_VARARRAYS 1
| #define GNULIB_XALLOC 1
| #define GNULIB_XALLOC_DIE 1
| #define GNULIB_XSTDOPEN 1
| #define GNULIB_NO_VLA 1
| #define USE_XATTR 0
| /* end confdefs.h.  */
| #include <io.h>
| 	 #if HAVE_FCNTL_H
| 	 # include <fcntl.h>
| 	 #endif
| 	 #if HAVE_UNISTD_H
| 	 # include <unistd.h>
| 	 #endif
| int
| main (void)
| {
| int ret = setmode && setmode (1, O_BINARY);
|   ;
|   return 0;
| }
configure:39062: result: no
configure:39072: checking for ed
configure:39109: result: ed
configure:39240: checking that generated files are newer than configure
configure:39246: result: done
configure:39357: creating ./config.status

## ---------------------- ##
## Running config.status. ##
## ---------------------- ##

This file was extended by GNU patch config.status 2.8, which was
generated by GNU Autoconf 2.72.  Invocation command line was

  CONFIG_FILES    = 
  CONFIG_HEADERS  = 
  CONFIG_LINKS    = 
  CONFIG_COMMANDS = 
  $ ./config.status 

on nobara-laptop

config.status:2656: creating Makefile
config.status:2656: creating lib/Makefile
config.status:2656: creating src/Makefile
config.status:2656: creating tests/Makefile
config.status:2656: creating config.h
config.status:2916: executing depfiles commands
config.status:2991: cd lib       && sed -e '/# am--include-marker/d' Makefile         | make -f - am--depfiles
config.status:2998: $? = 0
config.status:2991: cd src       && sed -e '/# am--include-marker/d' Makefile         | make -f - am--depfiles
config.status:2998: $? = 0

## ---------------- ##
## Cache variables. ##
## ---------------- ##

ac_cv_build='x86_64-pc-linux-musl'
ac_cv_c_compiler_gnu='yes'
ac_cv_c_flexmember='yes'
ac_cv_c_inline='inline'
ac_cv_c_restrict='__restrict__'
ac_cv_c_undeclared_builtin_options='none needed'
ac_cv_c_vararrays='yes'
ac_cv_env_CC_set=''
ac_cv_env_CC_value=''
ac_cv_env_CFLAGS_set=''
ac_cv_env_CFLAGS_value=''
ac_cv_env_CPPFLAGS_set=''
ac_cv_env_CPPFLAGS_value=''
ac_cv_env_CPP_set=''
ac_cv_env_CPP_value=''
ac_cv_env_LDFLAGS_set=''
ac_cv_env_LDFLAGS_value=''
ac_cv_env_LIBS_set=''
ac_cv_env_LIBS_value=''
ac_cv_env_YACC_set=''
ac_cv_env_YACC_value=''
ac_cv_env_YFLAGS_set=''
ac_cv_env_YFLAGS_value=''
ac_cv_env_build_alias_set=''
ac_cv_env_build_alias_value=''
ac_cv_env_host_alias_set=''
ac_cv_env_host_alias_value=''
ac_cv_env_target_alias_set=''
ac_cv_env_target_alias_value=''
ac_cv_func___mktime_internal='no'
ac_cv_func__set_invalid_parameter_handler='no'
ac_cv_func_alloca_works='yes'
ac_cv_func_canonicalize_file_name='no'
ac_cv_func_chown='yes'
ac_cv_func_chown_works='yes'
ac_cv_func_clock_getres='yes'
ac_cv_func_clock_gettime='yes'
ac_cv_func_clock_settime='yes'
ac_cv_func_closedir='yes'
ac_cv_func_dirfd='yes'
ac_cv_func_error='no'
ac_cv_func_euidaccess='yes'
ac_cv_func_faccessat='yes'
ac_cv_func_fchdir='yes'
ac_cv_func_fchmodat='yes'
ac_cv_func_fchown='yes'
ac_cv_func_fchownat='yes'
ac_cv_func_fcntl='yes'
ac_cv_func_fdopendir='yes'
ac_cv_func_fstatat='yes'
ac_cv_func_futimens='yes'
ac_cv_func_futimes='yes'
ac_cv_func_futimesat='yes'
ac_cv_func_getcwd='yes'
ac_cv_func_getdtablesize='yes'
ac_cv_func_geteuid='yes'
ac_cv_func_getexecname='no'
ac_cv_func_getgroups='yes'
ac_cv_func_getgroups_works='yes'
ac_cv_func_getopt_long_only='yes'
ac_cv_func_getprogname='no'
ac_cv_func_getrandom='yes'
ac_cv_func_gettimeofday='yes'
ac_cv_func_getuid='yes'
ac_cv_func_group_member='no'
ac_cv_func_iswcntrl='yes'
ac_cv_func_lchmod='yes'
ac_cv_func_lchown='yes'
ac_cv_func_link='yes'
ac_cv_func_localtime_r='yes'
ac_cv_func_lstat='yes'
ac_cv_func_lutimens='no'
ac_cv_func_lutimes='yes'
ac_cv_func_malloc_0_nonnull='yes'
ac_cv_func_mbrtowc='yes'
ac_cv_func_mbsinit='yes'
ac_cv_func_mempcpy='yes'
ac_cv_func_memrchr='yes'
ac_cv_func_mkdirat='yes'
ac_cv_func_mmap='yes'
ac_cv_func_mprotect='yes'
ac_cv_func_openat='yes'
ac_cv_func_opendir='yes'
ac_cv_func_pathconf='yes'
ac_cv_func_raise='yes'
ac_cv_func_rawmemchr='no'
ac_cv_func_readdir='yes'
ac_cv_func_readlink='yes'
ac_cv_func_readlinkat='yes'
ac_cv_func_reallocarray='yes'
ac_cv_func_realpath='yes'
ac_cv_func_renameat2='yes'
ac_cv_func_renameat='yes'
ac_cv_func_setenv='yes'
ac_cv_func_setmode_dos='no'
ac_cv_func_sigaction='yes'
ac_cv_func_sigfillset='yes'
ac_cv_func_stpcpy='yes'
ac_cv_func_strerror_r_char_p='no'
ac_cv_func_symlink='yes'
ac_cv_func_symlinkat='yes'
ac_cv_func_timegm='yes'
ac_cv_func_towlower='yes'
ac_cv_func_tsearch='yes'
ac_cv_func_tzalloc='no'
ac_cv_func_unlinkat='yes'
ac_cv_func_unsetenv='yes'
ac_cv_func_utime='yes'
ac_cv_func_utimens='no'
ac_cv_func_utimensat='yes'
ac_cv_have_decl___argv='no'
ac_cv_have_decl___fpending='yes'
ac_cv_have_decl__putenv='no'
ac_cv_have_decl_alarm='yes'
ac_cv_have_decl_c32rtomb='yes'
ac_cv_have_decl_dirfd='yes'
ac_cv_have_decl_ecvt='yes'
ac_cv_have_decl_error_at_line='no'
ac_cv_have_decl_execvpe='yes'
ac_cv_have_decl_fchdir='yes'
ac_cv_have_decl_fcloseall='no'
ac_cv_have_decl_fcvt='yes'
ac_cv_have_decl_fdopendir='yes'
ac_cv_have_decl_fseeko='yes'
ac_cv_have_decl_ftello='yes'
ac_cv_have_decl_gcvt='yes'
ac_cv_have_decl_getdtablesize='yes'
ac_cv_have_decl_getw='yes'
ac_cv_have_decl_localtime_r='yes'
ac_cv_have_decl_mbrtoc32='yes'
ac_cv_have_decl_memrchr='yes'
ac_cv_have_decl_program_invocation_name='yes'
ac_cv_have_decl_program_invocation_short_name='yes'
ac_cv_have_decl_putw='yes'
ac_cv_have_decl_setenv='yes'
ac_cv_have_decl_strdup='yes'
ac_cv_have_decl_strerror_r='yes'
ac_cv_have_decl_timespec_get='yes'
ac_cv_have_decl_unsetenv='yes'
ac_cv_have_decl_wcsdup='yes'
ac_cv_header_attr_error_context_h='no'
ac_cv_header_attr_libattr_h='no'
ac_cv_header_crtdefs_h='no'
ac_cv_header_dirent_h='yes'
ac_cv_header_error_h='no'
ac_cv_header_fcntl_h='yes'
ac_cv_header_features_h='yes'
ac_cv_header_getopt_h='yes'
ac_cv_header_inttypes_h='yes'
ac_cv_header_limits_h='yes'
ac_cv_header_linux_fs_h='yes'
ac_cv_header_minix_config_h='no'
ac_cv_header_pthread_h='yes'
ac_cv_header_search_h='yes'
ac_cv_header_stat_broken='no'
ac_cv_header_stdbool_h='yes'
ac_cv_header_stdckdint_h='yes'
ac_cv_header_stdint_h='yes'
ac_cv_header_stdio_ext_h='yes'
ac_cv_header_stdio_h='yes'
ac_cv_header_stdlib_h='yes'
ac_cv_header_string_h='yes'
ac_cv_header_strings_h='yes'
ac_cv_header_sys_mman_h='yes'
ac_cv_header_sys_param_h='yes'
ac_cv_header_sys_random_h='yes'
ac_cv_header_sys_socket_h='yes'
ac_cv_header_sys_stat_h='yes'
ac_cv_header_sys_time_h='yes'
ac_cv_header_sys_types_h='yes'
ac_cv_header_threads_h='yes'
ac_cv_header_uchar_h='yes'
ac_cv_header_unistd_h='yes'
ac_cv_header_utime_h='yes'
ac_cv_header_wchar_h='yes'
ac_cv_header_wctype_h='yes'
ac_cv_header_xlocale_h='no'
ac_cv_host='x86_64-pc-linux-musl'
ac_cv_lib_error_at_line='no'
ac_cv_lib_pthread_pthread_kill='yes'
ac_cv_member_struct_stat_st_atim_tv_nsec='yes'
ac_cv_member_struct_stat_st_birthtim_tv_nsec='no'
ac_cv_member_struct_stat_st_birthtimensec='no'
ac_cv_member_struct_stat_st_birthtimespec_tv_nsec='no'
ac_cv_member_struct_tm_tm_gmtoff='yes'
ac_cv_member_struct_tm_tm_zone='yes'
ac_cv_objext='o'
ac_cv_path_ED='ed'
ac_cv_path_EGREP_TRADITIONAL='/bin/grep -E'
ac_cv_path_GREP='/bin/grep'
ac_cv_path_SED='/bin/sed'
ac_cv_path_install='/usr/bin/install -c'
ac_cv_path_mkdir='/bin/mkdir'
ac_cv_prog_AWK='awk'
ac_cv_prog_CPP='gcc -E'
ac_cv_prog_PARSE_DATETIME_BISON='bison'
ac_cv_prog_ac_ct_AR='ar'
ac_cv_prog_ac_ct_CC='gcc'
ac_cv_prog_ac_ct_RANLIB='ranlib'
ac_cv_prog_cc_c11=''
ac_cv_prog_cc_g='yes'
ac_cv_prog_cc_stdc=''
ac_cv_prog_make_make_set='yes'
ac_cv_safe_to_define___extensions__='yes'
ac_cv_search_clock_gettime='none required'
ac_cv_should_define__xopen_source='no'
ac_cv_sys_largefile_opts='none needed'
ac_cv_sys_long_file_names='yes'
ac_cv_sys_year2038_opts='none needed'
ac_cv_type_blkcnt_t='yes'
ac_cv_type_blksize_t='yes'
ac_cv_type_getgroups='gid_t'
ac_cv_type_gid_t='yes'
ac_cv_type_mbstate_t='yes'
ac_cv_type_mode_t='yes'
ac_cv_type_nlink_t='yes'
ac_cv_type_off_t='yes'
ac_cv_type_pid_t='yes'
ac_cv_type_sighandler_t='yes'
ac_cv_type_sigset_t='yes'
ac_cv_type_size_t='yes'
ac_cv_type_timezone_t='no'
ac_cv_type_uid_t='yes'
ac_cv_type_volatile_sig_atomic_t='yes'
ac_cv_typeof_struct_stat_st_atim_is_struct_timespec='yes'
ac_cv_working_alloca_h='yes'
am_cv_CC_dependencies_compiler_type='gcc3'
am_cv_ar_interface='ar'
am_cv_langinfo_codeset='yes'
am_cv_make_support_nested_variables='yes'
am_cv_prog_cc_c_o='yes'
gl_cv___builtin_expect='yes'
gl_cv_bitsizeof_wchar_t='32'
gl_cv_c___inline='yes'
gl_cv_c_amsterdam_compiler='no'
gl_cv_c_bool='yes'
gl_cv_c_multiarch='no'
gl_cv_c_nullptr='yes'
gl_cv_cc_vis_werror='yes'
gl_cv_cc_visibility='yes'
gl_cv_cc_wallow='-Wno-error'
gl_cv_clean_version_stddef='yes'
gl_cv_compiler_check_decl_option='none'
gl_cv_compiler_clang='no'
gl_cv_compound_literals='yes'
gl_cv_decl_null_works='yes'
gl_cv_decl_readlink_works='yes'
gl_cv_decl_readlinkat_works='yes'
gl_cv_double_slash_root='no'
gl_cv_func___fpending='yes'
gl_cv_func_access_slash_works='yes'
gl_cv_func_c32rtomb='yes'
gl_cv_func_c32rtomb_sanitycheck='guessing yes'
gl_cv_func_calloc_0_nonnull='yes'
gl_cv_func_chmod_works='yes'
gl_cv_func_chown_ctime_works='yes'
gl_cv_func_chown_follows_symlink='yes'
gl_cv_func_chown_slash_works='yes'
gl_cv_func_dirfd_macro='no'
gl_cv_func_dup2_works='yes'
gl_cv_func_dup_works='yes'
gl_cv_func_fchmodat_works='yes'
gl_cv_func_fchownat_empty_filename_works='yes'
gl_cv_func_fchownat_nofollow_works='yes'
gl_cv_func_fcntl_f_dupfd_cloexec='needs runtime check'
gl_cv_func_fcntl_f_dupfd_works='yes'
gl_cv_func_fdopendir_works='yes'
gl_cv_func_free_preserves_errno='no'
gl_cv_func_fseeko='yes'
gl_cv_func_fstatat_zero_flag='yes'
gl_cv_func_ftello='yes'
gl_cv_func_ftello_works='yes'
gl_cv_func_futimens_works='no'
gl_cv_func_getcwd_null='yes'
gl_cv_func_getcwd_posix_signature='yes'
gl_cv_func_getdtablesize_works='yes'
gl_cv_func_getgroups_works='yes'
gl_cv_func_getopt_posix='no'
gl_cv_func_getrandom_ok='yes'
gl_cv_func_gettimeofday_posix_signature='yes'
gl_cv_func_iswcntrl_works='yes'
gl_cv_func_localtime_works='yes'
gl_cv_func_lseek_pipe='yes'
gl_cv_func_lseek_works_but_incompatible='no'
gl_cv_func_lstat_dereferences_slashed_symlink='yes'
gl_cv_func_malloc_posix='yes'
gl_cv_func_mbrtoc32='yes'
gl_cv_func_mbrtoc32_C_locale_sans_EILSEQ='yes'
gl_cv_func_mbrtoc32_empty_input='yes'
gl_cv_func_mbrtoc32_sanitycheck='guessing yes'
gl_cv_func_mbrtoc32_utf8_locale_works='yes'
gl_cv_func_mbrtowc_C_locale_sans_EILSEQ='yes'
gl_cv_func_mbrtowc_empty_input='yes'
gl_cv_func_mbrtowc_incomplete_state='yes'
gl_cv_func_mbrtowc_nul_retval='guessing yes'
gl_cv_func_mbrtowc_null_arg1='yes'
gl_cv_func_mbrtowc_null_arg2='yes'
gl_cv_func_mbrtowc_retval='yes'
gl_cv_func_mbrtowc_sanitycheck='guessing yes'
gl_cv_func_mbrtowc_stores_incomplete='no'
gl_cv_func_memchr_works='yes'
gl_cv_func_mkdir_trailing_dot_works='yes'
gl_cv_func_mkdir_trailing_slash_works='yes'
gl_cv_func_open_slash='yes'
gl_cv_func_printf_attribute_flavor='system'
gl_cv_func_readlink_trailing_slash='yes'
gl_cv_func_readlink_truncate='yes'
gl_cv_func_realloc_0_nonnull='yes'
gl_cv_func_realloc_sanitize='no'
gl_cv_func_realpath_works='nearly'
gl_cv_func_rename_dest_works='yes'
gl_cv_func_rename_link_works='yes'
gl_cv_func_rename_slash_dst_works='yes'
gl_cv_func_rename_slash_src_works='yes'
gl_cv_func_renameat2_works='yes'
gl_cv_func_rmdir_works='yes'
gl_cv_func_setenv_works='yes'
gl_cv_func_setlocale_null_all_mtsafe='no'
gl_cv_func_setlocale_null_one_mtsafe='yes'
gl_cv_func_stat_file_slash='yes'
gl_cv_func_strerror_0_works='yes'
gl_cv_func_symlink_works='yes'
gl_cv_func_symlinkat_works='yes'
gl_cv_func_timespec_get='yes'
gl_cv_func_ungetc_works='yes'
gl_cv_func_unlink_honors_slashes='yes'
gl_cv_func_unlink_parent_fails='guessing yes'
gl_cv_func_unreachable='no'
gl_cv_func_unsetenv_works='yes'
gl_cv_func_utime_file_slash='yes'
gl_cv_func_utimensat_works='yes'
gl_cv_func_working_mktime='yes'
gl_cv_func_working_strerror='yes'
gl_cv_func_working_utimes='yes'
gl_cv_have___header_inline='no'
gl_cv_have_include_next='yes'
gl_cv_have_unlimited_file_name_length='no'
gl_cv_have_weak='yes'
gl_cv_header_errno_h_complete='yes'
gl_cv_header_limits_width='no'
gl_cv_header_locale_h_needs_xlocale_h='no'
gl_cv_header_locale_h_posix2001='yes'
gl_cv_header_locale_has_locale_t='yes'
gl_cv_header_stdint_width='no'
gl_cv_header_stdint_without_STDC_macros='yes'
gl_cv_header_sys_cdefs_h='no'
gl_cv_header_wchar_h_correct_inline='yes'
gl_cv_header_working_fcntl_h='yes'
gl_cv_header_working_stdint_h='yes'
gl_cv_macro_MB_CUR_MAX_good='yes'
gl_cv_macro_O_CLOEXEC='yes'
gl_cv_malloc_ptrdiff='yes'
gl_cv_minmax_in_limits_h='no'
gl_cv_minmax_in_sys_param_h='yes'
gl_cv_next_dirent_h='<dirent.h>'
gl_cv_next_error_h='<error.h>'
gl_cv_next_fcntl_h='<fcntl.h>'
gl_cv_next_getopt_h='<getopt.h>'
gl_cv_next_inttypes_h='<inttypes.h>'
gl_cv_next_limits_h='<limits.h>'
gl_cv_next_locale_h='<locale.h>'
gl_cv_next_signal_h='<signal.h>'
gl_cv_next_stddef_h='<stddef.h>'
gl_cv_next_stdint_h='<stdint.h>'
gl_cv_next_stdio_h='<stdio.h>'
gl_cv_next_stdlib_h='<stdlib.h>'
gl_cv_next_string_h='<string.h>'
gl_cv_next_sys_random_h='<sys/random.h>'
gl_cv_next_sys_stat_h='<sys/stat.h>'
gl_cv_next_sys_time_h='<sys/time.h>'
gl_cv_next_sys_types_h='<sys/types.h>'
gl_cv_next_time_h='<time.h>'
gl_cv_next_uchar_h='<uchar.h>'
gl_cv_next_unistd_h='<unistd.h>'
gl_cv_next_utime_h='<utime.h>'
gl_cv_next_wchar_h='<wchar.h>'
gl_cv_next_wctype_h='<wctype.h>'
gl_cv_nullptr_t_needs_stddef='yes'
gl_cv_off64_t='no'
gl_cv_onwards_func_error='no'
gl_cv_onwards_func_faccessat='yes'
gl_cv_onwards_func_futimens='yes'
gl_cv_onwards_func_futimes='yes'
gl_cv_onwards_func_futimesat='yes'
gl_cv_onwards_func_getprogname='no'
gl_cv_onwards_func_getrandom='yes'
gl_cv_onwards_func_lutimes='yes'
gl_cv_onwards_func_mempcpy='yes'
gl_cv_onwards_func_readlinkat='yes'
gl_cv_onwards_func_reallocarray='yes'
gl_cv_onwards_func_renameat2='yes'
gl_cv_onwards_func_stpcpy='yes'
gl_cv_onwards_func_symlinkat='yes'
gl_cv_onwards_func_timegm='yes'
gl_cv_onwards_func_timespec_get='yes'
gl_cv_onwards_func_tsearch='yes'
gl_cv_onwards_func_tzalloc='no'
gl_cv_onwards_func_utimensat='yes'
gl_cv_promoted_mode_t='mode_t'
gl_cv_rpl_alloca='yes'
gl_cv_source_line_length_unlimited='yes'
gl_cv_ssize_t='yes'
gl_cv_static_assert='yes, a keyword'
gl_cv_struct_dirent_d_ino='yes'
gl_cv_sys_struct_lconv_ok='yes'
gl_cv_sys_struct_timespec_in_time_h='yes'
gl_cv_sys_struct_timeval='yes'
gl_cv_sys_struct_timeval_tv_sec='yes'
gl_cv_test_INT32_MAX_LT_INTMAX_MAX='yes'
gl_cv_test_INT64_MAX_EQ_LONG_MAX='yes'
gl_cv_test_UINT32_MAX_LT_UINTMAX_MAX='yes'
gl_cv_test_UINT64_MAX_EQ_ULONG_MAX='yes'
gl_cv_time_h_has_TIME_UTC='yes'
gl_cv_time_r_posix='yes'
gl_cv_time_t_is_signed='yes'
gl_cv_type_char16_t_works='yes'
gl_cv_type_char32_t_works='yes'
gl_cv_type_char8_t_works='no'
gl_cv_type_max_align_t='yes'
gl_cv_type_sigset_t='yes'
gl_cv_type_wctrans_t='yes'
gl_cv_type_wctype_t='yes'
gl_cv_type_wint_t_large_enough='yes'
gl_cv_var_stdin_large_offset='yes'
gt_cv_c_wint_t='yes'
gt_cv_func_unsetenv_ret='int'
gt_cv_locale_en_utf8='en_US.UTF-8'
gt_cv_locale_fr='none'
gt_cv_locale_ja='none'
gt_cv_locale_zh_CN='none'
gt_cv_var_environ_declaration='yes'

## ----------------- ##
## Output variables. ##
## ----------------- ##

ACLOCAL='${SHELL} '\''/home/sonakrie/Work/testicular_linux/patch/build-aux/missing'\'' aclocal-1.16'
ALLOCA=''
ALLOCA_H='alloca.h'
ALPHA_VERSION_FALSE=''
ALPHA_VERSION_TRUE='#'
AMDEPBACKSLASH='\'
AMDEP_FALSE='#'
AMDEP_TRUE=''
AMTAR='$${TAR-tar}'
AM_BACKSLASH='\'
AM_DEFAULT_V='$(AM_DEFAULT_VERBOSITY)'
AM_DEFAULT_VERBOSITY='0'
AM_V='$(V)'
APPLE_UNIVERSAL_BUILD='0'
AR='ar'
ARFLAGS='cr'
ASSERT_H=''
AUTOCONF='${SHELL} '\''/home/sonakrie/Work/testicular_linux/patch/build-aux/missing'\'' autoconf'
AUTOHEADER='${SHELL} '\''/home/sonakrie/Work/testicular_linux/patch/build-aux/missing'\'' autoheader'
AUTOMAKE='${SHELL} '\''/home/sonakrie/Work/testicular_linux/patch/build-aux/missing'\'' automake-1.16'
AWK='awk'
BITSIZEOF_PTRDIFF_T=''
BITSIZEOF_SIG_ATOMIC_T=''
BITSIZEOF_SIZE_T=''
BITSIZEOF_WCHAR_T='32'
BITSIZEOF_WINT_T=''
CAN_PRINT_STACK_TRACE='0'
CC='gcc'
CCDEPMODE='depmode=gcc3'
CFLAGS='-g -O2'
CFLAG_VISIBILITY='-fvisibility=hidden'
CLOCK_TIME_LIB=''
CONFIG_INCLUDE='config.h'
CPP='gcc -E'
CPPFLAGS=''
CSCOPE='cscope'
CTAGS='ctags'
CXX_HAS_CHAR8_TYPE='0'
CXX_HAS_UCHAR_TYPES='0'
CYGPATH_W='echo'
DEFS='-DHAVE_CONFIG_H'
DEPDIR='.deps'
DIR_HAS_FD_MEMBER='1'
ECHO_C=''
ECHO_N='-n'
ECHO_T=''
ED='ed'
EMULTIHOP_HIDDEN=''
EMULTIHOP_VALUE=''
ENABLE_MERGE_FALSE='#'
ENABLE_MERGE_TRUE=''
ENOLINK_HIDDEN=''
ENOLINK_VALUE=''
EOVERFLOW_HIDDEN=''
EOVERFLOW_VALUE=''
ERRNO_H=''
ETAGS='etags'
EUIDACCESS_LIBGEN=''
EXEEXT=''
GETOPT_CDEFS_H='getopt-cdefs.h'
GETOPT_H='getopt.h'
GETRANDOM_LIB=''
GL_CFLAG_ALLOW_WARNINGS='-Wno-error'
GL_CFLAG_GNULIB_WARNINGS=' -Wno-cast-qual -Wno-conversion -Wno-float-equal -Wno-sign-compare -Wno-undef -Wno-unused-function -Wno-unused-parameter -Wno-float-conversion -Wimplicit-fallthrough -Wno-pedantic -Wno-sign-conversion -Wno-type-limits -Wno-unused-const-variable -Wno-unsuffixed-float-constants'
GL_COND_LIBTOOL_FALSE=''
GL_COND_LIBTOOL_TRUE='#'
GL_COND_OBJ_ACCESS_FALSE=''
GL_COND_OBJ_ACCESS_TRUE='#'
GL_COND_OBJ_CANONICALIZE_LGPL_FALSE='#'
GL_COND_OBJ_CANONICALIZE_LGPL_TRUE=''
GL_COND_OBJ_CHDIR_LONG_FALSE='#'
GL_COND_OBJ_CHDIR_LONG_TRUE=''
GL_COND_OBJ_CHMOD_FALSE=''
GL_COND_OBJ_CHMOD_TRUE='#'
GL_COND_OBJ_CHOWN_FALSE=''
GL_COND_OBJ_CHOWN_TRUE='#'
GL_COND_OBJ_CLOSEDIR_FALSE=''
GL_COND_OBJ_CLOSEDIR_TRUE='#'
GL_COND_OBJ_CLOSE_FALSE=''
GL_COND_OBJ_CLOSE_TRUE='#'
GL_COND_OBJ_DIRFD_FALSE=''
GL_COND_OBJ_DIRFD_TRUE='#'
GL_COND_OBJ_DUP2_FALSE=''
GL_COND_OBJ_DUP2_TRUE='#'
GL_COND_OBJ_DUP_FALSE=''
GL_COND_OBJ_DUP_TRUE='#'
GL_COND_OBJ_ERROR_FALSE='#'
GL_COND_OBJ_ERROR_TRUE=''
GL_COND_OBJ_EUIDACCESS_FALSE=''
GL_COND_OBJ_EUIDACCESS_TRUE='#'
GL_COND_OBJ_FACCESSAT_FALSE=''
GL_COND_OBJ_FACCESSAT_TRUE='#'
GL_COND_OBJ_FCHDIR_FALSE=''
GL_COND_OBJ_FCHDIR_TRUE='#'
GL_COND_OBJ_FCHMODAT_FALSE=''
GL_COND_OBJ_FCHMODAT_TRUE='#'
GL_COND_OBJ_FCHOWNAT_FALSE=''
GL_COND_OBJ_FCHOWNAT_TRUE='#'
GL_COND_OBJ_FCHOWN_STUB_FALSE=''
GL_COND_OBJ_FCHOWN_STUB_TRUE='#'
GL_COND_OBJ_FCNTL_FALSE='#'
GL_COND_OBJ_FCNTL_TRUE=''
GL_COND_OBJ_FDOPENDIR_FALSE=''
GL_COND_OBJ_FDOPENDIR_TRUE='#'
GL_COND_OBJ_FPENDING_FALSE=''
GL_COND_OBJ_FPENDING_TRUE='#'
GL_COND_OBJ_FREE_FALSE='#'
GL_COND_OBJ_FREE_TRUE=''
GL_COND_OBJ_FSEEKO_FALSE=''
GL_COND_OBJ_FSEEKO_TRUE='#'
GL_COND_OBJ_FSEEK_FALSE=''
GL_COND_OBJ_FSEEK_TRUE='#'
GL_COND_OBJ_FSTATAT_FALSE=''
GL_COND_OBJ_FSTATAT_TRUE='#'
GL_COND_OBJ_FSTAT_FALSE=''
GL_COND_OBJ_FSTAT_TRUE='#'
GL_COND_OBJ_FTELLO_FALSE=''
GL_COND_OBJ_FTELLO_TRUE='#'
GL_COND_OBJ_FTELL_FALSE=''
GL_COND_OBJ_FTELL_TRUE='#'
GL_COND_OBJ_FUTIMENS_FALSE='#'
GL_COND_OBJ_FUTIMENS_TRUE=''
GL_COND_OBJ_GETCWD_LGPL_FALSE=''
GL_COND_OBJ_GETCWD_LGPL_TRUE='#'
GL_COND_OBJ_GETDTABLESIZE_FALSE=''
GL_COND_OBJ_GETDTABLESIZE_TRUE='#'
GL_COND_OBJ_GETGROUPS_FALSE=''
GL_COND_OBJ_GETGROUPS_TRUE='#'
GL_COND_OBJ_GETOPT_FALSE='#'
GL_COND_OBJ_GETOPT_TRUE=''
GL_COND_OBJ_GETPROGNAME_FALSE='#'
GL_COND_OBJ_GETPROGNAME_TRUE=''
GL_COND_OBJ_GETRANDOM_FALSE=''
GL_COND_OBJ_GETRANDOM_TRUE='#'
GL_COND_OBJ_GETTIMEOFDAY_FALSE=''
GL_COND_OBJ_GETTIMEOFDAY_TRUE='#'
GL_COND_OBJ_GROUP_MEMBER_FALSE='#'
GL_COND_OBJ_GROUP_MEMBER_TRUE=''
GL_COND_OBJ_LCHMOD_FALSE=''
GL_COND_OBJ_LCHMOD_TRUE='#'
GL_COND_OBJ_LCHOWN_FALSE=''
GL_COND_OBJ_LCHOWN_TRUE='#'
GL_COND_OBJ_LSEEK_FALSE=''
GL_COND_OBJ_LSEEK_TRUE='#'
GL_COND_OBJ_LSTAT_FALSE=''
GL_COND_OBJ_LSTAT_TRUE='#'
GL_COND_OBJ_MBRTOC32_FALSE=''
GL_COND_OBJ_MBRTOC32_TRUE='#'
GL_COND_OBJ_MBRTOWC_FALSE=''
GL_COND_OBJ_MBRTOWC_TRUE='#'
GL_COND_OBJ_MBSINIT_FALSE=''
GL_COND_OBJ_MBSINIT_TRUE='#'
GL_COND_OBJ_MEMCHR_FALSE=''
GL_COND_OBJ_MEMCHR_TRUE='#'
GL_COND_OBJ_MEMPCPY_FALSE=''
GL_COND_OBJ_MEMPCPY_TRUE='#'
GL_COND_OBJ_MEMRCHR_FALSE=''
GL_COND_OBJ_MEMRCHR_TRUE='#'
GL_COND_OBJ_MKDIRAT_FALSE=''
GL_COND_OBJ_MKDIRAT_TRUE='#'
GL_COND_OBJ_MKDIR_FALSE=''
GL_COND_OBJ_MKDIR_TRUE='#'
GL_COND_OBJ_MSVC_INVAL_FALSE=''
GL_COND_OBJ_MSVC_INVAL_TRUE='#'
GL_COND_OBJ_MSVC_NOTHROW_FALSE=''
GL_COND_OBJ_MSVC_NOTHROW_TRUE='#'
GL_COND_OBJ_OPENAT_FALSE=''
GL_COND_OBJ_OPENAT_TRUE='#'
GL_COND_OBJ_OPENDIR_FALSE=''
GL_COND_OBJ_OPENDIR_TRUE='#'
GL_COND_OBJ_OPEN_FALSE=''
GL_COND_OBJ_OPEN_TRUE='#'
GL_COND_OBJ_RAISE_FALSE=''
GL_COND_OBJ_RAISE_TRUE='#'
GL_COND_OBJ_RAWMEMCHR_FALSE='#'
GL_COND_OBJ_RAWMEMCHR_TRUE=''
GL_COND_OBJ_READDIR_FALSE=''
GL_COND_OBJ_READDIR_TRUE='#'
GL_COND_OBJ_READLINKAT_FALSE=''
GL_COND_OBJ_READLINKAT_TRUE='#'
GL_COND_OBJ_READLINK_FALSE=''
GL_COND_OBJ_READLINK_TRUE='#'
GL_COND_OBJ_REALLOCARRAY_FALSE=''
GL_COND_OBJ_REALLOCARRAY_TRUE='#'
GL_COND_OBJ_REALLOC_POSIX_FALSE=''
GL_COND_OBJ_REALLOC_POSIX_TRUE='#'
GL_COND_OBJ_RENAMEAT_FALSE=''
GL_COND_OBJ_RENAMEAT_TRUE='#'
GL_COND_OBJ_RENAME_FALSE=''
GL_COND_OBJ_RENAME_TRUE='#'
GL_COND_OBJ_RMDIR_FALSE=''
GL_COND_OBJ_RMDIR_TRUE='#'
GL_COND_OBJ_SETENV_FALSE=''
GL_COND_OBJ_SETENV_TRUE='#'
GL_COND_OBJ_SETLOCALE_LOCK_FALSE='#'
GL_COND_OBJ_SETLOCALE_LOCK_TRUE=''
GL_COND_OBJ_STAT_FALSE=''
GL_COND_OBJ_STAT_TRUE='#'
GL_COND_OBJ_STDIO_READ_FALSE=''
GL_COND_OBJ_STDIO_READ_TRUE='#'
GL_COND_OBJ_STDIO_WRITE_FALSE=''
GL_COND_OBJ_STDIO_WRITE_TRUE='#'
GL_COND_OBJ_STPCPY_FALSE=''
GL_COND_OBJ_STPCPY_TRUE='#'
GL_COND_OBJ_STRDUP_FALSE=''
GL_COND_OBJ_STRDUP_TRUE='#'
GL_COND_OBJ_STRERROR_FALSE=''
GL_COND_OBJ_STRERROR_OVERRIDE_FALSE=''
GL_COND_OBJ_STRERROR_OVERRIDE_TRUE='#'
GL_COND_OBJ_STRERROR_TRUE='#'
GL_COND_OBJ_SYMLINKAT_FALSE=''
GL_COND_OBJ_SYMLINKAT_TRUE='#'
GL_COND_OBJ_SYMLINK_FALSE=''
GL_COND_OBJ_SYMLINK_TRUE='#'
GL_COND_OBJ_TIMEGM_FALSE=''
GL_COND_OBJ_TIMEGM_TRUE='#'
GL_COND_OBJ_TIME_RZ_FALSE='#'
GL_COND_OBJ_TIME_RZ_TRUE=''
GL_COND_OBJ_TIME_R_FALSE=''
GL_COND_OBJ_TIME_R_TRUE='#'
GL_COND_OBJ_TZSET_FALSE=''
GL_COND_OBJ_TZSET_TRUE='#'
GL_COND_OBJ_UNLINKAT_FALSE=''
GL_COND_OBJ_UNLINKAT_TRUE='#'
GL_COND_OBJ_UNLINK_FALSE=''
GL_COND_OBJ_UNLINK_TRUE='#'
GL_COND_OBJ_UNSETENV_FALSE=''
GL_COND_OBJ_UNSETENV_TRUE='#'
GL_COND_OBJ_UTIMENSAT_FALSE=''
GL_COND_OBJ_UTIMENSAT_TRUE='#'
GL_COND_OBJ_UTIME_FALSE=''
GL_COND_OBJ_UTIME_TRUE='#'
GL_GENERATE_ALLOCA_H_FALSE='#'
GL_GENERATE_ALLOCA_H_TRUE=''
GL_GENERATE_ASSERT_H_FALSE=''
GL_GENERATE_ASSERT_H_TRUE='#'
GL_GENERATE_ERRNO_H_FALSE=''
GL_GENERATE_ERRNO_H_TRUE='#'
GL_GENERATE_GETOPT_CDEFS_H_FALSE='#'
GL_GENERATE_GETOPT_CDEFS_H_TRUE=''
GL_GENERATE_GETOPT_H_FALSE='#'
GL_GENERATE_GETOPT_H_TRUE=''
GL_GENERATE_LIMITS_H_FALSE='#'
GL_GENERATE_LIMITS_H_TRUE=''
GL_GENERATE_STDCKDINT_H_FALSE=''
GL_GENERATE_STDCKDINT_H_TRUE='#'
GL_GENERATE_STDDEF_H_FALSE='#'
GL_GENERATE_STDDEF_H_TRUE=''
GL_GENERATE_STDINT_H_FALSE='#'
GL_GENERATE_STDINT_H_TRUE=''
GL_GNULIB_ABORT_DEBUG='0'
GL_GNULIB_ACCESS='1'
GL_GNULIB_ALIGNED_ALLOC='0'
GL_GNULIB_ALPHASORT='0'
GL_GNULIB_ATOLL='0'
GL_GNULIB_BTOC32='0'
GL_GNULIB_BTOWC='0'
GL_GNULIB_C32ISALNUM='0'
GL_GNULIB_C32ISALPHA='0'
GL_GNULIB_C32ISBLANK='0'
GL_GNULIB_C32ISCNTRL='0'
GL_GNULIB_C32ISDIGIT='0'
GL_GNULIB_C32ISGRAPH='0'
GL_GNULIB_C32ISLOWER='0'
GL_GNULIB_C32ISPRINT='1'
GL_GNULIB_C32ISPUNCT='0'
GL_GNULIB_C32ISSPACE='0'
GL_GNULIB_C32ISUPPER='0'
GL_GNULIB_C32ISXDIGIT='0'
GL_GNULIB_C32RTOMB='0'
GL_GNULIB_C32SNRTOMBS='0'
GL_GNULIB_C32SRTOMBS='0'
GL_GNULIB_C32STOMBS='0'
GL_GNULIB_C32SWIDTH='0'
GL_GNULIB_C32TOB='0'
GL_GNULIB_C32TOLOWER='0'
GL_GNULIB_C32TOUPPER='0'
GL_GNULIB_C32WIDTH='0'
GL_GNULIB_C32_APPLY_MAPPING='0'
GL_GNULIB_C32_APPLY_TYPE_TEST='0'
GL_GNULIB_C32_GET_MAPPING='0'
GL_GNULIB_C32_GET_TYPE_TEST='0'
GL_GNULIB_CALLOC_GNU='1'
GL_GNULIB_CALLOC_POSIX='1'
GL_GNULIB_CANONICALIZE_FILE_NAME='1'
GL_GNULIB_CHDIR='1'
GL_GNULIB_CHMOD='1'
GL_GNULIB_CHOWN='1'
GL_GNULIB_CLOSE='1'
GL_GNULIB_CLOSEDIR='1'
GL_GNULIB_COPY_FILE_RANGE='0'
GL_GNULIB_CREAT='0'
GL_GNULIB_CTIME='0'
GL_GNULIB_DIRFD='1'
GL_GNULIB_DPRINTF='0'
GL_GNULIB_DUP2='1'
GL_GNULIB_DUP3='0'
GL_GNULIB_DUP='1'
GL_GNULIB_DUPLOCALE='0'
GL_GNULIB_DZPRINTF='0'
GL_GNULIB_ENVIRON='1'
GL_GNULIB_EUIDACCESS='1'
GL_GNULIB_EXECL='0'
GL_GNULIB_EXECLE='0'
GL_GNULIB_EXECLP='0'
GL_GNULIB_EXECV='0'
GL_GNULIB_EXECVE='0'
GL_GNULIB_EXECVP='0'
GL_GNULIB_EXECVPE='0'
GL_GNULIB_EXPLICIT_BZERO='0'
GL_GNULIB_FACCESSAT='1'
GL_GNULIB_FCHDIR='1'
GL_GNULIB_FCHMODAT='1'
GL_GNULIB_FCHOWNAT='1'
GL_GNULIB_FCLOSE='0'
GL_GNULIB_FCNTL='1'
GL_GNULIB_FDATASYNC='0'
GL_GNULIB_FDOPEN='0'
GL_GNULIB_FDOPENDIR='1'
GL_GNULIB_FFLUSH='0'
GL_GNULIB_FFSL='0'
GL_GNULIB_FFSLL='0'
GL_GNULIB_FGETC='1'
GL_GNULIB_FGETS='1'
GL_GNULIB_FOPEN='0'
GL_GNULIB_FOPEN_GNU='0'
GL_GNULIB_FPRINTF='1'
GL_GNULIB_FPRINTF_POSIX='0'
GL_GNULIB_FPURGE='0'
GL_GNULIB_FPUTC='1'
GL_GNULIB_FPUTS='1'
GL_GNULIB_FREAD='1'
GL_GNULIB_FREE_POSIX='1'
GL_GNULIB_FREOPEN='0'
GL_GNULIB_FSCANF='1'
GL_GNULIB_FSEEK='1'
GL_GNULIB_FSEEKO='1'
GL_GNULIB_FSTAT='1'
GL_GNULIB_FSTATAT='1'
GL_GNULIB_FSYNC='0'
GL_GNULIB_FTELL='1'
GL_GNULIB_FTELLO='1'
GL_GNULIB_FTRUNCATE='0'
GL_GNULIB_FUTIMENS='1'
GL_GNULIB_FWRITE='1'
GL_GNULIB_FZPRINTF='0'
GL_GNULIB_GETC='1'
GL_GNULIB_GETCHAR='1'
GL_GNULIB_GETCWD='1'
GL_GNULIB_GETDELIM='0'
GL_GNULIB_GETDOMAINNAME='0'
GL_GNULIB_GETDTABLESIZE='1'
GL_GNULIB_GETENTROPY='0'
GL_GNULIB_GETGROUPS='1'
GL_GNULIB_GETHOSTNAME='0'
GL_GNULIB_GETLINE='0'
GL_GNULIB_GETLOADAVG='0'
GL_GNULIB_GETLOGIN='0'
GL_GNULIB_GETLOGIN_R='0'
GL_GNULIB_GETOPT_POSIX='1'
GL_GNULIB_GETPAGESIZE='0'
GL_GNULIB_GETPASS='0'
GL_GNULIB_GETPASS_GNU='0'
GL_GNULIB_GETPROGNAME='1'
GL_GNULIB_GETRANDOM='1'
GL_GNULIB_GETSUBOPT='0'
GL_GNULIB_GETTIMEOFDAY='1'
GL_GNULIB_GETUMASK='0'
GL_GNULIB_GETUSERSHELL='0'
GL_GNULIB_GRANTPT='0'
GL_GNULIB_GROUP_MEMBER='1'
GL_GNULIB_IMAXABS='0'
GL_GNULIB_IMAXDIV='0'
GL_GNULIB_ISATTY='0'
GL_GNULIB_ISWBLANK='0'
GL_GNULIB_ISWCTYPE='0'
GL_GNULIB_ISWDIGIT='0'
GL_GNULIB_ISWPUNCT='0'
GL_GNULIB_ISWXDIGIT='0'
GL_GNULIB_LCHMOD='1'
GL_GNULIB_LCHOWN='1'
GL_GNULIB_LINK='0'
GL_GNULIB_LINKAT='0'
GL_GNULIB_LOCALECONV='0'
GL_GNULIB_LOCALENAME_UNSAFE='0'
GL_GNULIB_LOCALTIME='0'
GL_GNULIB_LSEEK='1'
GL_GNULIB_LSTAT='1'
GL_GNULIB_MALLOC_GNU='1'
GL_GNULIB_MALLOC_POSIX='1'
GL_GNULIB_MBRLEN='0'
GL_GNULIB_MBRTOC16='0'
GL_GNULIB_MBRTOC32='1'
GL_GNULIB_MBRTOWC='1'
GL_GNULIB_MBSCASECMP='0'
GL_GNULIB_MBSCASESTR='0'
GL_GNULIB_MBSCHR='0'
GL_GNULIB_MBSCSPN='0'
GL_GNULIB_MBSINIT='1'
GL_GNULIB_MBSLEN='0'
GL_GNULIB_MBSNCASECMP='0'
GL_GNULIB_MBSNLEN='0'
GL_GNULIB_MBSNRTOC32S='0'
GL_GNULIB_MBSNRTOWCS='0'
GL_GNULIB_MBSPBRK='0'
GL_GNULIB_MBSPCASECMP='0'
GL_GNULIB_MBSRCHR='0'
GL_GNULIB_MBSRTOC32S='0'
GL_GNULIB_MBSRTOWCS='0'
GL_GNULIB_MBSSEP='0'
GL_GNULIB_MBSSPN='0'
GL_GNULIB_MBSSTR='0'
GL_GNULIB_MBSTOC32S='0'
GL_GNULIB_MBSTOK_R='0'
GL_GNULIB_MBSTOWCS='0'
GL_GNULIB_MBSZERO='1'
GL_GNULIB_MBS_ENDSWITH='0'
GL_GNULIB_MBS_STARTSWITH='0'
GL_GNULIB_MBTOWC='0'
GL_GNULIB_MDA_ACCESS='1'
GL_GNULIB_MDA_CHDIR='1'
GL_GNULIB_MDA_CHMOD='1'
GL_GNULIB_MDA_CLOSE='1'
GL_GNULIB_MDA_CREAT='1'
GL_GNULIB_MDA_DUP2='1'
GL_GNULIB_MDA_DUP='1'
GL_GNULIB_MDA_ECVT='1'
GL_GNULIB_MDA_EXECL='1'
GL_GNULIB_MDA_EXECLE='1'
GL_GNULIB_MDA_EXECLP='1'
GL_GNULIB_MDA_EXECV='1'
GL_GNULIB_MDA_EXECVE='1'
GL_GNULIB_MDA_EXECVP='1'
GL_GNULIB_MDA_EXECVPE='1'
GL_GNULIB_MDA_FCLOSEALL='1'
GL_GNULIB_MDA_FCVT='1'
GL_GNULIB_MDA_FDOPEN='1'
GL_GNULIB_MDA_FILENO='1'
GL_GNULIB_MDA_GCVT='1'
GL_GNULIB_MDA_GETCWD='1'
GL_GNULIB_MDA_GETPID='1'
GL_GNULIB_MDA_GETW='1'
GL_GNULIB_MDA_ISATTY='1'
GL_GNULIB_MDA_LSEEK='1'
GL_GNULIB_MDA_MEMCCPY='1'
GL_GNULIB_MDA_MKDIR='1'
GL_GNULIB_MDA_MKTEMP='1'
GL_GNULIB_MDA_OPEN='1'
GL_GNULIB_MDA_PUTENV='1'
GL_GNULIB_MDA_PUTW='1'
GL_GNULIB_MDA_READ='1'
GL_GNULIB_MDA_RMDIR='1'
GL_GNULIB_MDA_STRDUP='1'
GL_GNULIB_MDA_SWAB='1'
GL_GNULIB_MDA_TEMPNAM='1'
GL_GNULIB_MDA_TZSET='1'
GL_GNULIB_MDA_UMASK='1'
GL_GNULIB_MDA_UNLINK='1'
GL_GNULIB_MDA_UTIME='1'
GL_GNULIB_MDA_WCSDUP='1'
GL_GNULIB_MDA_WRITE='1'
GL_GNULIB_MEMCHR='1'
GL_GNULIB_MEMMEM='0'
GL_GNULIB_MEMPCPY='1'
GL_GNULIB_MEMRCHR='1'
GL_GNULIB_MEMSET_EXPLICIT='0'
GL_GNULIB_MKDIR='1'
GL_GNULIB_MKDIRAT='1'
GL_GNULIB_MKDTEMP='0'
GL_GNULIB_MKFIFO='0'
GL_GNULIB_MKFIFOAT='0'
GL_GNULIB_MKNOD='0'
GL_GNULIB_MKNODAT='0'
GL_GNULIB_MKOSTEMP='0'
GL_GNULIB_MKOSTEMPS='0'
GL_GNULIB_MKSTEMP='0'
GL_GNULIB_MKSTEMPS='0'
GL_GNULIB_MKTIME='1'
GL_GNULIB_NANOSLEEP='0'
GL_GNULIB_NONBLOCKING='0'
GL_GNULIB_OBSTACK_PRINTF='0'
GL_GNULIB_OBSTACK_PRINTF_POSIX='0'
GL_GNULIB_OBSTACK_ZPRINTF='0'
GL_GNULIB_OPEN='1'
GL_GNULIB_OPENAT='1'
GL_GNULIB_OPENDIR='1'
GL_GNULIB_OVERRIDES_STRUCT_STAT='0'
GL_GNULIB_PCLOSE='0'
GL_GNULIB_PERROR='0'
GL_GNULIB_PIPE2='0'
GL_GNULIB_PIPE='0'
GL_GNULIB_POPEN='0'
GL_GNULIB_POSIX_MEMALIGN='0'
GL_GNULIB_POSIX_OPENPT='0'
GL_GNULIB_PREAD='0'
GL_GNULIB_PRINTF='1'
GL_GNULIB_PRINTF_POSIX='0'
GL_GNULIB_PTHREAD_SIGMASK='0'
GL_GNULIB_PTSNAME='0'
GL_GNULIB_PTSNAME_R='0'
GL_GNULIB_PUTC='1'
GL_GNULIB_PUTCHAR='1'
GL_GNULIB_PUTENV='0'
GL_GNULIB_PUTS='1'
GL_GNULIB_PWRITE='0'
GL_GNULIB_QSORT_R='0'
GL_GNULIB_RAISE='1'
GL_GNULIB_RAND='0'
GL_GNULIB_RANDOM='0'
GL_GNULIB_RANDOM_R='0'
GL_GNULIB_RAWMEMCHR='1'
GL_GNULIB_READ='0'
GL_GNULIB_READDIR='1'
GL_GNULIB_READLINK='1'
GL_GNULIB_READLINKAT='1'
GL_GNULIB_REALLOCARRAY='1'
GL_GNULIB_REALLOC_POSIX='1'
GL_GNULIB_REALPATH='1'
GL_GNULIB_REMOVE='0'
GL_GNULIB_RENAME='1'
GL_GNULIB_RENAMEAT='1'
GL_GNULIB_REWINDDIR='0'
GL_GNULIB_RMDIR='1'
GL_GNULIB_RPMATCH='0'
GL_GNULIB_SCANDIR='0'
GL_GNULIB_SCANF='1'
GL_GNULIB_SECURE_GETENV='0'
GL_GNULIB_SETENV='1'
GL_GNULIB_SETHOSTNAME='0'
GL_GNULIB_SETLOCALE='0'
GL_GNULIB_SETLOCALE_NULL='1'
GL_GNULIB_SIG2STR='0'
GL_GNULIB_SIGABBREV_NP='0'
GL_GNULIB_SIGACTION='0'
GL_GNULIB_SIGDESCR_NP='0'
GL_GNULIB_SIGNAL_H_SIGPIPE='0'
GL_GNULIB_SIGPROCMASK='0'
GL_GNULIB_SLEEP='0'
GL_GNULIB_SNPRINTF='0'
GL_GNULIB_SNZPRINTF='0'
GL_GNULIB_SPRINTF_POSIX='0'
GL_GNULIB_STACK_TRACE='0'
GL_GNULIB_STAT='1'
GL_GNULIB_STDIO_H_NONBLOCKING='0'
GL_GNULIB_STDIO_H_SIGPIPE='0'
GL_GNULIB_STPCPY='1'
GL_GNULIB_STPNCPY='0'
GL_GNULIB_STRCASESTR='0'
GL_GNULIB_STRCHRNUL='0'
GL_GNULIB_STRDUP='1'
GL_GNULIB_STRERROR='1'
GL_GNULIB_STRERRORNAME_NP='0'
GL_GNULIB_STRERROR_R='0'
GL_GNULIB_STRFTIME='0'
GL_GNULIB_STRNCAT='0'
GL_GNULIB_STRNDUP='0'
GL_GNULIB_STRNLEN='0'
GL_GNULIB_STRPBRK='0'
GL_GNULIB_STRPTIME='0'
GL_GNULIB_STRSEP='0'
GL_GNULIB_STRSIGNAL='0'
GL_GNULIB_STRSTR='0'
GL_GNULIB_STRTOD='0'
GL_GNULIB_STRTOF='0'
GL_GNULIB_STRTOIMAX='0'
GL_GNULIB_STRTOK_R='0'
GL_GNULIB_STRTOL='0'
GL_GNULIB_STRTOLD='0'
GL_GNULIB_STRTOLL='0'
GL_GNULIB_STRTOUL='0'
GL_GNULIB_STRTOULL='0'
GL_GNULIB_STRTOUMAX='0'
GL_GNULIB_STRVERSCMP='0'
GL_GNULIB_STR_ENDSWITH='0'
GL_GNULIB_STR_STARTSWITH='0'
GL_GNULIB_SYMLINK='1'
GL_GNULIB_SYMLINKAT='1'
GL_GNULIB_SYSTEM_POSIX='0'
GL_GNULIB_SZPRINTF='0'
GL_GNULIB_TIME='0'
GL_GNULIB_TIMEGM='1'
GL_GNULIB_TIMESPEC_GET='0'
GL_GNULIB_TIMESPEC_GETRES='0'
GL_GNULIB_TIME_R='1'
GL_GNULIB_TIME_RZ='1'
GL_GNULIB_TMPFILE='0'
GL_GNULIB_TOWCTRANS='0'
GL_GNULIB_TRUNCATE='0'
GL_GNULIB_TTYNAME_R='0'
GL_GNULIB_TZNAME='0'
GL_GNULIB_TZSET='1'
GL_GNULIB_UNICTYPE_CATEGORY_CC_DLL_VARIABLE='LIBUNISTRING_DLL_VARIABLE'
GL_GNULIB_UNICTYPE_CATEGORY_CF_DLL_VARIABLE='LIBUNISTRING_DLL_VARIABLE'
GL_GNULIB_UNICTYPE_CATEGORY_CN_DLL_VARIABLE='LIBUNISTRING_DLL_VARIABLE'
GL_GNULIB_UNICTYPE_CATEGORY_CO_DLL_VARIABLE='LIBUNISTRING_DLL_VARIABLE'
GL_GNULIB_UNICTYPE_CATEGORY_CS_DLL_VARIABLE='LIBUNISTRING_DLL_VARIABLE'
GL_GNULIB_UNICTYPE_CATEGORY_C_DLL_VARIABLE='LIBUNISTRING_DLL_VARIABLE'
GL_GNULIB_UNICTYPE_CATEGORY_LC_DLL_VARIABLE='LIBUNISTRING_DLL_VARIABLE'
GL_GNULIB_UNICTYPE_CATEGORY_LL_DLL_VARIABLE='LIBUNISTRING_DLL_VARIABLE'
GL_GNULIB_UNICTYPE_CATEGORY_LM_DLL_VARIABLE='LIBUNISTRING_DLL_VARIABLE'
GL_GNULIB_UNICTYPE_CATEGORY_LO_DLL_VARIABLE='LIBUNISTRING_DLL_VARIABLE'
GL_GNULIB_UNICTYPE_CATEGORY_LT_DLL_VARIABLE='LIBUNISTRING_DLL_VARIABLE'
GL_GNULIB_UNICTYPE_CATEGORY_LU_DLL_VARIABLE='LIBUNISTRING_DLL_VARIABLE'
GL_GNULIB_UNICTYPE_CATEGORY_L_DLL_VARIABLE='LIBUNISTRING_DLL_VARIABLE'
GL_GNULIB_UNICTYPE_CATEGORY_MC_DLL_VARIABLE='LIBUNISTRING_DLL_VARIABLE'
GL_GNULIB_UNICTYPE_CATEGORY_ME_DLL_VARIABLE='LIBUNISTRING_DLL_VARIABLE'
GL_GNULIB_UNICTYPE_CATEGORY_MN_DLL_VARIABLE='LIBUNISTRING_DLL_VARIABLE'
GL_GNULIB_UNICTYPE_CATEGORY_M_DLL_VARIABLE='LIBUNISTRING_DLL_VARIABLE'
GL_GNULIB_UNICTYPE_CATEGORY_ND_DLL_VARIABLE='LIBUNISTRING_DLL_VARIABLE'
GL_GNULIB_UNICTYPE_CATEGORY_NL_DLL_VARIABLE='LIBUNISTRING_DLL_VARIABLE'
GL_GNULIB_UNICTYPE_CATEGORY_NO_DLL_VARIABLE='LIBUNISTRING_DLL_VARIABLE'
GL_GNULIB_UNICTYPE_CATEGORY_N_DLL_VARIABLE='LIBUNISTRING_DLL_VARIABLE'
GL_GNULIB_UNICTYPE_CATEGORY_PC_DLL_VARIABLE='LIBUNISTRING_DLL_VARIABLE'
GL_GNULIB_UNICTYPE_CATEGORY_PD_DLL_VARIABLE='LIBUNISTRING_DLL_VARIABLE'
GL_GNULIB_UNICTYPE_CATEGORY_PE_DLL_VARIABLE='LIBUNISTRING_DLL_VARIABLE'
GL_GNULIB_UNICTYPE_CATEGORY_PF_DLL_VARIABLE='LIBUNISTRING_DLL_VARIABLE'
GL_GNULIB_UNICTYPE_CATEGORY_PI_DLL_VARIABLE='LIBUNISTRING_DLL_VARIABLE'
GL_GNULIB_UNICTYPE_CATEGORY_PO_DLL_VARIABLE='LIBUNISTRING_DLL_VARIABLE'
GL_GNULIB_UNICTYPE_CATEGORY_PS_DLL_VARIABLE='LIBUNISTRING_DLL_VARIABLE'
GL_GNULIB_UNICTYPE_CATEGORY_P_DLL_VARIABLE='LIBUNISTRING_DLL_VARIABLE'
GL_GNULIB_UNICTYPE_CATEGORY_SC_DLL_VARIABLE='LIBUNISTRING_DLL_VARIABLE'
GL_GNULIB_UNICTYPE_CATEGORY_SK_DLL_VARIABLE='LIBUNISTRING_DLL_VARIABLE'
GL_GNULIB_UNICTYPE_CATEGORY_SM_DLL_VARIABLE='LIBUNISTRING_DLL_VARIABLE'
GL_GNULIB_UNICTYPE_CATEGORY_SO_DLL_VARIABLE='LIBUNISTRING_DLL_VARIABLE'
GL_GNULIB_UNICTYPE_CATEGORY_S_DLL_VARIABLE='LIBUNISTRING_DLL_VARIABLE'
GL_GNULIB_UNICTYPE_CATEGORY_ZL_DLL_VARIABLE='LIBUNISTRING_DLL_VARIABLE'
GL_GNULIB_UNICTYPE_CATEGORY_ZP_DLL_VARIABLE='LIBUNISTRING_DLL_VARIABLE'
GL_GNULIB_UNICTYPE_CATEGORY_ZS_DLL_VARIABLE='LIBUNISTRING_DLL_VARIABLE'
GL_GNULIB_UNICTYPE_CATEGORY_Z_DLL_VARIABLE='LIBUNISTRING_DLL_VARIABLE'
GL_GNULIB_UNICTYPE_PROPERTY_ALPHABETIC_DLL_VARIABLE='LIBUNISTRING_DLL_VARIABLE'
GL_GNULIB_UNICTYPE_PROPERTY_ASCII_HEX_DIGIT_DLL_VARIABLE='LIBUNISTRING_DLL_VARIABLE'
GL_GNULIB_UNICTYPE_PROPERTY_BIDI_ARABIC_DIGIT_DLL_VARIABLE='LIBUNISTRING_DLL_VARIABLE'
GL_GNULIB_UNICTYPE_PROPERTY_BIDI_ARABIC_RIGHT_TO_LEFT_DLL_VARIABLE='LIBUNISTRING_DLL_VARIABLE'
GL_GNULIB_UNICTYPE_PROPERTY_BIDI_BLOCK_SEPARATOR_DLL_VARIABLE='LIBUNISTRING_DLL_VARIABLE'
GL_GNULIB_UNICTYPE_PROPERTY_BIDI_BOUNDARY_NEUTRAL_DLL_VARIABLE='LIBUNISTRING_DLL_VARIABLE'
GL_GNULIB_UNICTYPE_PROPERTY_BIDI_COMMON_SEPARATOR_DLL_VARIABLE='LIBUNISTRING_DLL_VARIABLE'
GL_GNULIB_UNICTYPE_PROPERTY_BIDI_CONTROL_DLL_VARIABLE='LIBUNISTRING_DLL_VARIABLE'
GL_GNULIB_UNICTYPE_PROPERTY_BIDI_EMBEDDING_OR_OVERRIDE_DLL_VARIABLE='LIBUNISTRING_DLL_VARIABLE'
GL_GNULIB_UNICTYPE_PROPERTY_BIDI_EUROPEAN_DIGIT_DLL_VARIABLE='LIBUNISTRING_DLL_VARIABLE'
GL_GNULIB_UNICTYPE_PROPERTY_BIDI_EUR_NUM_SEPARATOR_DLL_VARIABLE='LIBUNISTRING_DLL_VARIABLE'
GL_GNULIB_UNICTYPE_PROPERTY_BIDI_EUR_NUM_TERMINATOR_DLL_VARIABLE='LIBUNISTRING_DLL_VARIABLE'
GL_GNULIB_UNICTYPE_PROPERTY_BIDI_HEBREW_RIGHT_TO_LEFT_DLL_VARIABLE='LIBUNISTRING_DLL_VARIABLE'
GL_GNULIB_UNICTYPE_PROPERTY_BIDI_LEFT_TO_RIGHT_DLL_VARIABLE='LIBUNISTRING_DLL_VARIABLE'
GL_GNULIB_UNICTYPE_PROPERTY_BIDI_NON_SPACING_MARK_DLL_VARIABLE='LIBUNISTRING_DLL_VARIABLE'
GL_GNULIB_UNICTYPE_PROPERTY_BIDI_OTHER_NEUTRAL_DLL_VARIABLE='LIBUNISTRING_DLL_VARIABLE'
GL_GNULIB_UNICTYPE_PROPERTY_BIDI_PDF_DLL_VARIABLE='LIBUNISTRING_DLL_VARIABLE'
GL_GNULIB_UNICTYPE_PROPERTY_BIDI_SEGMENT_SEPARATOR_DLL_VARIABLE='LIBUNISTRING_DLL_VARIABLE'
GL_GNULIB_UNICTYPE_PROPERTY_BIDI_WHITESPACE_DLL_VARIABLE='LIBUNISTRING_DLL_VARIABLE'
GL_GNULIB_UNICTYPE_PROPERTY_CASED_DLL_VARIABLE='LIBUNISTRING_DLL_VARIABLE'
GL_GNULIB_UNICTYPE_PROPERTY_CASE_IGNORABLE_DLL_VARIABLE='LIBUNISTRING_DLL_VARIABLE'
GL_GNULIB_UNICTYPE_PROPERTY_CHANGES_WHEN_CASEFOLDED_DLL_VARIABLE='LIBUNISTRING_DLL_VARIABLE'
GL_GNULIB_UNICTYPE_PROPERTY_CHANGES_WHEN_CASEMAPPED_DLL_VARIABLE='LIBUNISTRING_DLL_VARIABLE'
GL_GNULIB_UNICTYPE_PROPERTY_CHANGES_WHEN_LOWERCASED_DLL_VARIABLE='LIBUNISTRING_DLL_VARIABLE'
GL_GNULIB_UNICTYPE_PROPERTY_CHANGES_WHEN_TITLECASED_DLL_VARIABLE='LIBUNISTRING_DLL_VARIABLE'
GL_GNULIB_UNICTYPE_PROPERTY_CHANGES_WHEN_UPPERCASED_DLL_VARIABLE='LIBUNISTRING_DLL_VARIABLE'
GL_GNULIB_UNICTYPE_PROPERTY_COMBINING_DLL_VARIABLE='LIBUNISTRING_DLL_VARIABLE'
GL_GNULIB_UNICTYPE_PROPERTY_COMPOSITE_DLL_VARIABLE='LIBUNISTRING_DLL_VARIABLE'
GL_GNULIB_UNICTYPE_PROPERTY_CURRENCY_SYMBOL_DLL_VARIABLE='LIBUNISTRING_DLL_VARIABLE'
GL_GNULIB_UNICTYPE_PROPERTY_DASH_DLL_VARIABLE='LIBUNISTRING_DLL_VARIABLE'
GL_GNULIB_UNICTYPE_PROPERTY_DECIMAL_DIGIT_DLL_VARIABLE='LIBUNISTRING_DLL_VARIABLE'
GL_GNULIB_UNICTYPE_PROPERTY_DEFAULT_IGNORABLE_CODE_POINT_DLL_VARIABLE='LIBUNISTRING_DLL_VARIABLE'
GL_GNULIB_UNICTYPE_PROPERTY_DEPRECATED_DLL_VARIABLE='LIBUNISTRING_DLL_VARIABLE'
GL_GNULIB_UNICTYPE_PROPERTY_DIACRITIC_DLL_VARIABLE='LIBUNISTRING_DLL_VARIABLE'
GL_GNULIB_UNICTYPE_PROPERTY_EMOJI_COMPONENT_DLL_VARIABLE='LIBUNISTRING_DLL_VARIABLE'
GL_GNULIB_UNICTYPE_PROPERTY_EMOJI_DLL_VARIABLE='LIBUNISTRING_DLL_VARIABLE'
GL_GNULIB_UNICTYPE_PROPERTY_EMOJI_MODIFIER_BASE_DLL_VARIABLE='LIBUNISTRING_DLL_VARIABLE'
GL_GNULIB_UNICTYPE_PROPERTY_EMOJI_MODIFIER_DLL_VARIABLE='LIBUNISTRING_DLL_VARIABLE'
GL_GNULIB_UNICTYPE_PROPERTY_EMOJI_PRESENTATION_DLL_VARIABLE='LIBUNISTRING_DLL_VARIABLE'
GL_GNULIB_UNICTYPE_PROPERTY_EXTENDED_PICTOGRAPHIC_DLL_VARIABLE='LIBUNISTRING_DLL_VARIABLE'
GL_GNULIB_UNICTYPE_PROPERTY_EXTENDER_DLL_VARIABLE='LIBUNISTRING_DLL_VARIABLE'
GL_GNULIB_UNICTYPE_PROPERTY_FORMAT_CONTROL_DLL_VARIABLE='LIBUNISTRING_DLL_VARIABLE'
GL_GNULIB_UNICTYPE_PROPERTY_GRAPHEME_BASE_DLL_VARIABLE='LIBUNISTRING_DLL_VARIABLE'
GL_GNULIB_UNICTYPE_PROPERTY_GRAPHEME_EXTEND_DLL_VARIABLE='LIBUNISTRING_DLL_VARIABLE'
GL_GNULIB_UNICTYPE_PROPERTY_GRAPHEME_LINK_DLL_VARIABLE='LIBUNISTRING_DLL_VARIABLE'
GL_GNULIB_UNICTYPE_PROPERTY_HEX_DIGIT_DLL_VARIABLE='LIBUNISTRING_DLL_VARIABLE'
GL_GNULIB_UNICTYPE_PROPERTY_HYPHEN_DLL_VARIABLE='LIBUNISTRING_DLL_VARIABLE'
GL_GNULIB_UNICTYPE_PROPERTY_IDEOGRAPHIC_DLL_VARIABLE='LIBUNISTRING_DLL_VARIABLE'
GL_GNULIB_UNICTYPE_PROPERTY_IDS_BINARY_OPERATOR_DLL_VARIABLE='LIBUNISTRING_DLL_VARIABLE'
GL_GNULIB_UNICTYPE_PROPERTY_IDS_TRINARY_OPERATOR_DLL_VARIABLE='LIBUNISTRING_DLL_VARIABLE'
GL_GNULIB_UNICTYPE_PROPERTY_IDS_UNARY_OPERATOR_DLL_VARIABLE='LIBUNISTRING_DLL_VARIABLE'
GL_GNULIB_UNICTYPE_PROPERTY_ID_COMPAT_MATH_CONTINUE_DLL_VARIABLE='LIBUNISTRING_DLL_VARIABLE'
GL_GNULIB_UNICTYPE_PROPERTY_ID_COMPAT_MATH_START_DLL_VARIABLE='LIBUNISTRING_DLL_VARIABLE'
GL_GNULIB_UNICTYPE_PROPERTY_ID_CONTINUE_DLL_VARIABLE='LIBUNISTRING_DLL_VARIABLE'
GL_GNULIB_UNICTYPE_PROPERTY_ID_START_DLL_VARIABLE='LIBUNISTRING_DLL_VARIABLE'
GL_GNULIB_UNICTYPE_PROPERTY_IGNORABLE_CONTROL_DLL_VARIABLE='LIBUNISTRING_DLL_VARIABLE'
GL_GNULIB_UNICTYPE_PROPERTY_ISO_CONTROL_DLL_VARIABLE='LIBUNISTRING_DLL_VARIABLE'
GL_GNULIB_UNICTYPE_PROPERTY_JOIN_CONTROL_DLL_VARIABLE='LIBUNISTRING_DLL_VARIABLE'
GL_GNULIB_UNICTYPE_PROPERTY_LEFT_OF_PAIR_DLL_VARIABLE='LIBUNISTRING_DLL_VARIABLE'
GL_GNULIB_UNICTYPE_PROPERTY_LINE_SEPARATOR_DLL_VARIABLE='LIBUNISTRING_DLL_VARIABLE'
GL_GNULIB_UNICTYPE_PROPERTY_LOGICAL_ORDER_EXCEPTION_DLL_VARIABLE='LIBUNISTRING_DLL_VARIABLE'
GL_GNULIB_UNICTYPE_PROPERTY_LOWERCASE_DLL_VARIABLE='LIBUNISTRING_DLL_VARIABLE'
GL_GNULIB_UNICTYPE_PROPERTY_MATH_DLL_VARIABLE='LIBUNISTRING_DLL_VARIABLE'
GL_GNULIB_UNICTYPE_PROPERTY_MODIFIER_COMBINING_MARK_DLL_VARIABLE='LIBUNISTRING_DLL_VARIABLE'
GL_GNULIB_UNICTYPE_PROPERTY_NON_BREAK_DLL_VARIABLE='LIBUNISTRING_DLL_VARIABLE'
GL_GNULIB_UNICTYPE_PROPERTY_NOT_A_CHARACTER_DLL_VARIABLE='LIBUNISTRING_DLL_VARIABLE'
GL_GNULIB_UNICTYPE_PROPERTY_NUMERIC_DLL_VARIABLE='LIBUNISTRING_DLL_VARIABLE'
GL_GNULIB_UNICTYPE_PROPERTY_OTHER_ALPHABETIC_DLL_VARIABLE='LIBUNISTRING_DLL_VARIABLE'
GL_GNULIB_UNICTYPE_PROPERTY_OTHER_DEFAULT_IGNORABLE_CODE_POINT_DLL_VARIABLE='LIBUNISTRING_DLL_VARIABLE'
GL_GNULIB_UNICTYPE_PROPERTY_OTHER_GRAPHEME_EXTEND_DLL_VARIABLE='LIBUNISTRING_DLL_VARIABLE'
GL_GNULIB_UNICTYPE_PROPERTY_OTHER_ID_CONTINUE_DLL_VARIABLE='LIBUNISTRING_DLL_VARIABLE'
GL_GNULIB_UNICTYPE_PROPERTY_OTHER_ID_START_DLL_VARIABLE='LIBUNISTRING_DLL_VARIABLE'
GL_GNULIB_UNICTYPE_PROPERTY_OTHER_LOWERCASE_DLL_VARIABLE='LIBUNISTRING_DLL_VARIABLE'
GL_GNULIB_UNICTYPE_PROPERTY_OTHER_MATH_DLL_VARIABLE='LIBUNISTRING_DLL_VARIABLE'
GL_GNULIB_UNICTYPE_PROPERTY_OTHER_UPPERCASE_DLL_VARIABLE='LIBUNISTRING_DLL_VARIABLE'
GL_GNULIB_UNICTYPE_PROPERTY_PAIRED_PUNCTUATION_DLL_VARIABLE='LIBUNISTRING_DLL_VARIABLE'
GL_GNULIB_UNICTYPE_PROPERTY_PARAGRAPH_SEPARATOR_DLL_VARIABLE='LIBUNISTRING_DLL_VARIABLE'
GL_GNULIB_UNICTYPE_PROPERTY_PATTERN_SYNTAX_DLL_VARIABLE='LIBUNISTRING_DLL_VARIABLE'
GL_GNULIB_UNICTYPE_PROPERTY_PATTERN_WHITE_SPACE_DLL_VARIABLE='LIBUNISTRING_DLL_VARIABLE'
GL_GNULIB_UNICTYPE_PROPERTY_PREPENDED_CONCATENATION_MARK_DLL_VARIABLE='LIBUNISTRING_DLL_VARIABLE'
GL_GNULIB_UNICTYPE_PROPERTY_PRIVATE_USE_DLL_VARIABLE='LIBUNISTRING_DLL_VARIABLE'
GL_GNULIB_UNICTYPE_PROPERTY_PUNCTUATION_DLL_VARIABLE='LIBUNISTRING_DLL_VARIABLE'
GL_GNULIB_UNICTYPE_PROPERTY_QUOTATION_MARK_DLL_VARIABLE='LIBUNISTRING_DLL_VARIABLE'
GL_GNULIB_UNICTYPE_PROPERTY_RADICAL_DLL_VARIABLE='LIBUNISTRING_DLL_VARIABLE'
GL_GNULIB_UNICTYPE_PROPERTY_REGIONAL_INDICATOR_DLL_VARIABLE='LIBUNISTRING_DLL_VARIABLE'
GL_GNULIB_UNICTYPE_PROPERTY_SENTENCE_TERMINAL_DLL_VARIABLE='LIBUNISTRING_DLL_VARIABLE'
GL_GNULIB_UNICTYPE_PROPERTY_SOFT_DOTTED_DLL_VARIABLE='LIBUNISTRING_DLL_VARIABLE'
GL_GNULIB_UNICTYPE_PROPERTY_SPACE_DLL_VARIABLE='LIBUNISTRING_DLL_VARIABLE'
GL_GNULIB_UNICTYPE_PROPERTY_TERMINAL_PUNCTUATION_DLL_VARIABLE='LIBUNISTRING_DLL_VARIABLE'
GL_GNULIB_UNICTYPE_PROPERTY_TITLECASE_DLL_VARIABLE='LIBUNISTRING_DLL_VARIABLE'
GL_GNULIB_UNICTYPE_PROPERTY_UNASSIGNED_CODE_VALUE_DLL_VARIABLE='LIBUNISTRING_DLL_VARIABLE'
GL_GNULIB_UNICTYPE_PROPERTY_UNIFIED_IDEOGRAPH_DLL_VARIABLE='LIBUNISTRING_DLL_VARIABLE'
GL_GNULIB_UNICTYPE_PROPERTY_UPPERCASE_DLL_VARIABLE='LIBUNISTRING_DLL_VARIABLE'
GL_GNULIB_UNICTYPE_PROPERTY_VARIATION_SELECTOR_DLL_VARIABLE='LIBUNISTRING_DLL_VARIABLE'
GL_GNULIB_UNICTYPE_PROPERTY_WHITE_SPACE_DLL_VARIABLE='LIBUNISTRING_DLL_VARIABLE'
GL_GNULIB_UNICTYPE_PROPERTY_XID_CONTINUE_DLL_VARIABLE='LIBUNISTRING_DLL_VARIABLE'
GL_GNULIB_UNICTYPE_PROPERTY_XID_START_DLL_VARIABLE='LIBUNISTRING_DLL_VARIABLE'
GL_GNULIB_UNICTYPE_PROPERTY_ZERO_WIDTH_DLL_VARIABLE='LIBUNISTRING_DLL_VARIABLE'
GL_GNULIB_UNISTD_H_GETOPT='1'
GL_GNULIB_UNISTD_H_NONBLOCKING='0'
GL_GNULIB_UNISTD_H_SIGPIPE='0'
GL_GNULIB_UNLINK='1'
GL_GNULIB_UNLINKAT='1'
GL_GNULIB_UNLOCKPT='0'
GL_GNULIB_UNSETENV='1'
GL_GNULIB_USLEEP='0'
GL_GNULIB_UTIME='1'
GL_GNULIB_UTIMENSAT='1'
GL_GNULIB_VASPRINTF='0'
GL_GNULIB_VASZPRINTF='0'
GL_GNULIB_VDPRINTF='0'
GL_GNULIB_VDZPRINTF='0'
GL_GNULIB_VFPRINTF='1'
GL_GNULIB_VFPRINTF_POSIX='0'
GL_GNULIB_VFSCANF='0'
GL_GNULIB_VFZPRINTF='0'
GL_GNULIB_VPRINTF='1'
GL_GNULIB_VPRINTF_POSIX='0'
GL_GNULIB_VSCANF='0'
GL_GNULIB_VSNPRINTF='0'
GL_GNULIB_VSNZPRINTF='0'
GL_GNULIB_VSPRINTF_POSIX='0'
GL_GNULIB_VSZPRINTF='0'
GL_GNULIB_VZPRINTF='0'
GL_GNULIB_WCPCPY='0'
GL_GNULIB_WCPNCPY='0'
GL_GNULIB_WCRTOMB='0'
GL_GNULIB_WCSCASECMP='0'
GL_GNULIB_WCSCAT='0'
GL_GNULIB_WCSCHR='0'
GL_GNULIB_WCSCMP='0'
GL_GNULIB_WCSCOLL='0'
GL_GNULIB_WCSCPY='0'
GL_GNULIB_WCSCSPN='0'
GL_GNULIB_WCSDUP='0'
GL_GNULIB_WCSFTIME='0'
GL_GNULIB_WCSLEN='0'
GL_GNULIB_WCSNCASECMP='0'
GL_GNULIB_WCSNCAT='0'
GL_GNULIB_WCSNCMP='0'
GL_GNULIB_WCSNCPY='0'
GL_GNULIB_WCSNLEN='0'
GL_GNULIB_WCSNRTOMBS='0'
GL_GNULIB_WCSPBRK='0'
GL_GNULIB_WCSRCHR='0'
GL_GNULIB_WCSRTOMBS='0'
GL_GNULIB_WCSSPN='0'
GL_GNULIB_WCSSTR='0'
GL_GNULIB_WCSTOK='0'
GL_GNULIB_WCSWIDTH='0'
GL_GNULIB_WCSXFRM='0'
GL_GNULIB_WCTOB='0'
GL_GNULIB_WCTOMB='0'
GL_GNULIB_WCTRANS='0'
GL_GNULIB_WCTYPE='0'
GL_GNULIB_WCWIDTH='0'
GL_GNULIB_WGETCWD='0'
GL_GNULIB_WMEMCHR='0'
GL_GNULIB_WMEMCMP='0'
GL_GNULIB_WMEMCPY='0'
GL_GNULIB_WMEMMOVE='0'
GL_GNULIB_WMEMPCPY='0'
GL_GNULIB_WMEMSET='0'
GL_GNULIB_WRITE='0'
GL_GNULIB_ZPRINTF='0'
GL_GNULIB__EXIT='0'
GNULIBHEADERS_OVERRIDE_CHAR16_T='0'
GNULIBHEADERS_OVERRIDE_CHAR32_T='0'
GNULIBHEADERS_OVERRIDE_CHAR8_T='1'
GNULIBHEADERS_OVERRIDE_WINT_T='0'
GNULIB_LOCALEDIR='${datarootdir}/locale'
GNULIB_LOCALEDIR_c='"/usr/share/locale"'
GNULIB_LOCALEDIR_c_make='\"$(GNULIB_LOCALEDIR)\"'
GNULIB_WARN_CFLAGS=''
GREP='/bin/grep'
HARD_LOCALE_LIB=''
HAVE_ALIGNED_ALLOC='1'
HAVE_ALLOCA_H='1'
HAVE_ALPHASORT='1'
HAVE_ATOLL='1'
HAVE_BLKCNT_T='1'
HAVE_BLKSIZE_T='1'
HAVE_BTOWC='1'
HAVE_C32RTOMB='1'
HAVE_C99_STDINT_H='1'
HAVE_CANONICALIZE_FILE_NAME='0'
HAVE_CHOWN='1'
HAVE_CLOSEDIR='1'
HAVE_COPY_FILE_RANGE='1'
HAVE_CRTDEFS_H='0'
HAVE_DECL_DIRFD='1'
HAVE_DECL_ECVT='1'
HAVE_DECL_ENVIRON='1'
HAVE_DECL_EXECVPE='1'
HAVE_DECL_FCHDIR='1'
HAVE_DECL_FCLOSEALL='0'
HAVE_DECL_FCVT='1'
HAVE_DECL_FDATASYNC='1'
HAVE_DECL_FDOPENDIR='1'
HAVE_DECL_FPURGE='1'
HAVE_DECL_FSEEKO='1'
HAVE_DECL_FTELLO='1'
HAVE_DECL_GCVT='1'
HAVE_DECL_GETDELIM='1'
HAVE_DECL_GETDOMAINNAME='1'
HAVE_DECL_GETLINE='1'
HAVE_DECL_GETLOADAVG='1'
HAVE_DECL_GETLOGIN='1'
HAVE_DECL_GETLOGIN_R='1'
HAVE_DECL_GETPAGESIZE='1'
HAVE_DECL_GETUSERSHELL='1'
HAVE_DECL_GETW='1'
HAVE_DECL_IMAXABS='1'
HAVE_DECL_IMAXDIV='1'
HAVE_DECL_INITSTATE='1'
HAVE_DECL_LOCALTIME_R='1'
HAVE_DECL_MEMMEM='1'
HAVE_DECL_MEMRCHR='1'
HAVE_DECL_OBSTACK_PRINTF='1'
HAVE_DECL_PROGRAM_INVOCATION_NAME='1'
HAVE_DECL_PUTW='1'
HAVE_DECL_SETENV='1'
HAVE_DECL_SETHOSTNAME='1'
HAVE_DECL_SETSTATE='1'
HAVE_DECL_SNPRINTF='1'
HAVE_DECL_STRDUP='1'
HAVE_DECL_STRERROR_R='1'
HAVE_DECL_STRNDUP='1'
HAVE_DECL_STRNLEN='1'
HAVE_DECL_STRSIGNAL='1'
HAVE_DECL_STRTOIMAX='1'
HAVE_DECL_STRTOK_R='1'
HAVE_DECL_STRTOUMAX='1'
HAVE_DECL_TRUNCATE='1'
HAVE_DECL_TTYNAME_R='1'
HAVE_DECL_UNSETENV='1'
HAVE_DECL_VSNPRINTF='1'
HAVE_DECL_WCSDUP='1'
HAVE_DECL_WCTOB='1'
HAVE_DECL_WCWIDTH='1'
HAVE_DIRENT_H='1'
HAVE_DPRINTF='1'
HAVE_DUP3='1'
HAVE_DUPLOCALE='1'
HAVE_ERROR='0'
HAVE_ERROR_AT_LINE='0'
HAVE_ERROR_H='0'
HAVE_EUIDACCESS='1'
HAVE_EXECVPE='1'
HAVE_EXPLICIT_BZERO='1'
HAVE_FACCESSAT='1'
HAVE_FCHDIR='1'
HAVE_FCHMODAT='1'
HAVE_FCHOWNAT='1'
HAVE_FCNTL='1'
HAVE_FDATASYNC='1'
HAVE_FDOPENDIR='1'
HAVE_FEATURES_H='1'
HAVE_FFSL='1'
HAVE_FFSLL='1'
HAVE_FREELOCALE='1'
HAVE_FSEEKO='1'
HAVE_FSTATAT='1'
HAVE_FSYNC='1'
HAVE_FTELLO='1'
HAVE_FTRUNCATE='1'
HAVE_FUTIMENS='1'
HAVE_GETDTABLESIZE='1'
HAVE_GETENTROPY='1'
HAVE_GETGROUPS='1'
HAVE_GETHOSTNAME='1'
HAVE_GETLOGIN='1'
HAVE_GETOPT_H='1'
HAVE_GETPAGESIZE='1'
HAVE_GETPASS='1'
HAVE_GETPROGNAME='0'
HAVE_GETRANDOM='1'
HAVE_GETSUBOPT='1'
HAVE_GETTIMEOFDAY='1'
HAVE_GETUMASK='1'
HAVE_GRANTPT='1'
HAVE_GROUP_MEMBER='0'
HAVE_IMAXABS='1'
HAVE_IMAXDIV='1'
HAVE_IMAXDIV_T='1'
HAVE_INITSTATE='1'
HAVE_INTTYPES_H='1'
HAVE_ISWBLANK='1'
HAVE_ISWCNTRL='1'
HAVE_LCHMOD='1'
HAVE_LCHOWN='1'
HAVE_LINK='1'
HAVE_LINKAT='1'
HAVE_LSTAT='1'
HAVE_MAX_ALIGN_T='1'
HAVE_MBRLEN='1'
HAVE_MBRTOC16='1'
HAVE_MBRTOC32='1'
HAVE_MBRTOWC='1'
HAVE_MBSINIT='1'
HAVE_MBSLEN='0'
HAVE_MBSNRTOWCS='1'
HAVE_MBSRTOWCS='1'
HAVE_MBTOWC='1'
HAVE_MEMPCPY='1'
HAVE_MEMSET_EXPLICIT='1'
HAVE_MKDIRAT='1'
HAVE_MKDTEMP='1'
HAVE_MKFIFO='1'
HAVE_MKFIFOAT='1'
HAVE_MKNOD='1'
HAVE_MKNODAT='1'
HAVE_MKOSTEMP='1'
HAVE_MKOSTEMPS='1'
HAVE_MKSTEMP='1'
HAVE_MKSTEMPS='1'
HAVE_MSVC_INVALID_PARAMETER_HANDLER='0'
HAVE_NANOSLEEP='1'
HAVE_NEWLOCALE='1'
HAVE_OFF64_T='0'
HAVE_OPENAT='1'
HAVE_OPENDIR='1'
HAVE_OS_H='0'
HAVE_PCLOSE='1'
HAVE_PIPE2='1'
HAVE_PIPE='1'
HAVE_POPEN='1'
HAVE_POSIX_MEMALIGN='1'
HAVE_POSIX_OPENPT='1'
HAVE_POSIX_SIGNALBLOCKING='1'
HAVE_PREAD='1'
HAVE_PTHREAD_SIGMASK='1'
HAVE_PTSNAME='1'
HAVE_PTSNAME_R='1'
HAVE_PWRITE='1'
HAVE_QSORT_R='1'
HAVE_RAISE='1'
HAVE_RANDOM='1'
HAVE_RANDOM_H='1'
HAVE_RANDOM_R='1'
HAVE_RAWMEMCHR='0'
HAVE_READDIR='1'
HAVE_READLINK='1'
HAVE_READLINKAT='1'
HAVE_REALLOCARRAY='1'
HAVE_REALPATH='1'
HAVE_RENAMEAT='1'
HAVE_REWINDDIR='1'
HAVE_RPMATCH='1'
HAVE_SCANDIR='1'
HAVE_SECURE_GETENV='1'
HAVE_SETENV='1'
HAVE_SETHOSTNAME='1'
HAVE_SETSTATE='1'
HAVE_SIG2STR='1'
HAVE_SIGABBREV_NP='1'
HAVE_SIGACTION='1'
HAVE_SIGDESCR_NP='1'
HAVE_SIGHANDLER_T='1'
HAVE_SIGINFO_T='1'
HAVE_SIGNED_SIG_ATOMIC_T=''
HAVE_SIGNED_WCHAR_T=''
HAVE_SIGNED_WINT_T=''
HAVE_SIGSET_T='1'
HAVE_SLEEP='1'
HAVE_STDINT_H='1'
HAVE_STPCPY='1'
HAVE_STPNCPY='1'
HAVE_STR2SIG='1'
HAVE_STRCASESTR='1'
HAVE_STRCHRNUL='1'
HAVE_STRERRORNAME_NP='1'
HAVE_STRPBRK='1'
HAVE_STRPTIME='1'
HAVE_STRSEP='1'
HAVE_STRTOD='1'
HAVE_STRTOF='1'
HAVE_STRTOL='1'
HAVE_STRTOLD='1'
HAVE_STRTOLL='1'
HAVE_STRTOUL='1'
HAVE_STRTOULL='1'
HAVE_STRUCT_RANDOM_DATA='1'
HAVE_STRUCT_SIGACTION_SA_SIGACTION='1'
HAVE_STRUCT_TIMEVAL='1'
HAVE_STRVERSCMP='1'
HAVE_SYMLINK='1'
HAVE_SYMLINKAT='1'
HAVE_SYS_BITYPES_H='0'
HAVE_SYS_CDEFS_H='0'
HAVE_SYS_INTTYPES_H='0'
HAVE_SYS_LOADAVG_H='0'
HAVE_SYS_PARAM_H='0'
HAVE_SYS_RANDOM_H='1'
HAVE_SYS_TIME_H='1'
HAVE_SYS_TYPES_H='1'
HAVE_TIMEGM='1'
HAVE_TIMESPEC_GET='1'
HAVE_TIMESPEC_GETRES='1'
HAVE_TIMEZONE_T='0'
HAVE_TYPE_VOLATILE_SIG_ATOMIC_T='1'
HAVE_TZALLOC='0'
HAVE_UCHAR_H='1'
HAVE_UNISTD_H='1'
HAVE_UNISTRING_WOE32DLL_H='0'
HAVE_UNLINKAT='1'
HAVE_UNLOCKPT='1'
HAVE_USLEEP='1'
HAVE_UTIME='1'
HAVE_UTIMENSAT='1'
HAVE_UTIME_H='1'
HAVE_VASPRINTF='1'
HAVE_VDPRINTF='1'
HAVE_VISIBILITY='1'
HAVE_WCHAR_H='1'
HAVE_WCPCPY='1'
HAVE_WCPNCPY='1'
HAVE_WCRTOMB='1'
HAVE_WCSCASECMP='1'
HAVE_WCSCAT='1'
HAVE_WCSCHR='1'
HAVE_WCSCMP='1'
HAVE_WCSCOLL='1'
HAVE_WCSCPY='1'
HAVE_WCSCSPN='1'
HAVE_WCSDUP='1'
HAVE_WCSFTIME='1'
HAVE_WCSLEN='1'
HAVE_WCSNCASECMP='1'
HAVE_WCSNCAT='1'
HAVE_WCSNCMP='1'
HAVE_WCSNCPY='1'
HAVE_WCSNLEN='1'
HAVE_WCSNRTOMBS='1'
HAVE_WCSPBRK='1'
HAVE_WCSRCHR='1'
HAVE_WCSRTOMBS='1'
HAVE_WCSSPN='1'
HAVE_WCSSTR='1'
HAVE_WCSTOK='1'
HAVE_WCSWIDTH='1'
HAVE_WCSXFRM='1'
HAVE_WCTRANS_T='1'
HAVE_WCTYPE_H='1'
HAVE_WCTYPE_T='1'
HAVE_WINSOCK2_H='0'
HAVE_WINT_T='1'
HAVE_WMEMCHR='1'
HAVE_WMEMCMP='1'
HAVE_WMEMCPY='1'
HAVE_WMEMMOVE='1'
HAVE_WMEMPCPY='1'
HAVE_WMEMSET='1'
HAVE_WORKING_C32RTOMB='1'
HAVE_WORKING_MBRTOC32='1'
HAVE_XLOCALE_H='0'
HAVE__EXIT='1'
INCLUDE_NEXT='include_next'
INCLUDE_NEXT_AS_FIRST_DIRECTIVE='include_next'
INSTALL_DATA='${INSTALL} -m 644'
INSTALL_PROGRAM='${INSTALL}'
INSTALL_SCRIPT='${INSTALL}'
INSTALL_STRIP_PROGRAM='$(install_sh) -c -s'
INT32_MAX_LT_INTMAX_MAX='1'
INT64_MAX_EQ_LONG_MAX='1'
LDFLAGS=''
LIBC_IS_GNU_FALSE=''
LIBC_IS_GNU_TRUE='#'
LIBC_IS_MUSL_FALSE='#'
LIBC_IS_MUSL_TRUE=''
LIBINTL=''
LIBOBJS=''
LIBPATCH_LIBDEPS=''
LIBPATCH_LTLIBDEPS=''
LIBPMULTITHREAD='-lpthread'
LIBPTHREAD=''
LIBS=''
LIBUNISTRING_COMPILE_UNICTYPE_CTYPE_PRINT_FALSE='#'
LIBUNISTRING_COMPILE_UNICTYPE_CTYPE_PRINT_TRUE=''
LIBUNISTRING_UNICTYPE_H='unictype.h'
LIBUNISTRING_UNITYPES_H='unitypes.h'
LIB_CLOCK_GETTIME=''
LIB_EACCESS=''
LIB_GETRANDOM=''
LIB_HARD_LOCALE=''
LIB_MBRTOWC=''
LIB_SCHED_YIELD=''
LIB_SETLOCALE_NULL=''
LIB_XATTR=''
LIMITS_H='limits.h'
LOCALCHARSET_TESTS_ENVIRONMENT=''
LOCALENAME_ENHANCE_LOCALE_FUNCS='0'
LOCALE_EN_UTF8='en_US.UTF-8'
LOCALE_FR='none'
LOCALE_JA='none'
LOCALE_ZH_CN='none'
LTLIBINTL=''
LTLIBOBJS=''
MAKEINFO='${SHELL} '\''/home/sonakrie/Work/testicular_linux/patch/build-aux/missing'\'' makeinfo'
MBRTOWC_LIB=''
MKDIR_P='/bin/mkdir -p'
NEXT_ASSERT_H=''
NEXT_AS_FIRST_DIRECTIVE_ASSERT_H=''
NEXT_AS_FIRST_DIRECTIVE_DIRENT_H='<dirent.h>'
NEXT_AS_FIRST_DIRECTIVE_ERRNO_H=''
NEXT_AS_FIRST_DIRECTIVE_ERROR_H='<error.h>'
NEXT_AS_FIRST_DIRECTIVE_FCNTL_H='<fcntl.h>'
NEXT_AS_FIRST_DIRECTIVE_GETOPT_H='<getopt.h>'
NEXT_AS_FIRST_DIRECTIVE_INTTYPES_H='<inttypes.h>'
NEXT_AS_FIRST_DIRECTIVE_LIMITS_H='<limits.h>'
NEXT_AS_FIRST_DIRECTIVE_LOCALE_H='<locale.h>'
NEXT_AS_FIRST_DIRECTIVE_SIGNAL_H='<signal.h>'
NEXT_AS_FIRST_DIRECTIVE_STDDEF_H='<stddef.h>'
NEXT_AS_FIRST_DIRECTIVE_STDINT_H='<stdint.h>'
NEXT_AS_FIRST_DIRECTIVE_STDIO_H='<stdio.h>'
NEXT_AS_FIRST_DIRECTIVE_STDLIB_H='<stdlib.h>'
NEXT_AS_FIRST_DIRECTIVE_STRING_H='<string.h>'
NEXT_AS_FIRST_DIRECTIVE_SYS_RANDOM_H='<sys/random.h>'
NEXT_AS_FIRST_DIRECTIVE_SYS_STAT_H='<sys/stat.h>'
NEXT_AS_FIRST_DIRECTIVE_SYS_TIME_H='<sys/time.h>'
NEXT_AS_FIRST_DIRECTIVE_SYS_TYPES_H='<sys/types.h>'
NEXT_AS_FIRST_DIRECTIVE_TIME_H='<time.h>'
NEXT_AS_FIRST_DIRECTIVE_UCHAR_H='<uchar.h>'
NEXT_AS_FIRST_DIRECTIVE_UNISTD_H='<unistd.h>'
NEXT_AS_FIRST_DIRECTIVE_UTIME_H='<utime.h>'
NEXT_AS_FIRST_DIRECTIVE_WCHAR_H='<wchar.h>'
NEXT_AS_FIRST_DIRECTIVE_WCTYPE_H='<wctype.h>'
NEXT_DIRENT_H='<dirent.h>'
NEXT_ERRNO_H=''
NEXT_ERROR_H='<error.h>'
NEXT_FCNTL_H='<fcntl.h>'
NEXT_GETOPT_H='<getopt.h>'
NEXT_INTTYPES_H='<inttypes.h>'
NEXT_LIMITS_H='<limits.h>'
NEXT_LOCALE_H='<locale.h>'
NEXT_SIGNAL_H='<signal.h>'
NEXT_STDDEF_H='<stddef.h>'
NEXT_STDINT_H='<stdint.h>'
NEXT_STDIO_H='<stdio.h>'
NEXT_STDLIB_H='<stdlib.h>'
NEXT_STRING_H='<string.h>'
NEXT_SYS_RANDOM_H='<sys/random.h>'
NEXT_SYS_STAT_H='<sys/stat.h>'
NEXT_SYS_TIME_H='<sys/time.h>'
NEXT_SYS_TYPES_H='<sys/types.h>'
NEXT_TIME_H='<time.h>'
NEXT_UCHAR_H='<uchar.h>'
NEXT_UNISTD_H='<unistd.h>'
NEXT_UTIME_H='<utime.h>'
NEXT_WCHAR_H='<wchar.h>'
NEXT_WCTYPE_H='<wctype.h>'
NULLPTR_T_NEEDS_STDDEF='1'
OBJEXT='o'
OS_IS_AIX_FALSE=''
OS_IS_AIX_TRUE='#'
OS_IS_ANDROID_FALSE=''
OS_IS_ANDROID_TRUE='#'
OS_IS_CYGWIN_FALSE=''
OS_IS_CYGWIN_TRUE='#'
OS_IS_FREEBSD_FALSE=''
OS_IS_FREEBSD_TRUE='#'
OS_IS_HAIKU_FALSE=''
OS_IS_HAIKU_TRUE='#'
OS_IS_MACOS11_FALSE=''
OS_IS_MACOS11_TRUE='#'
OS_IS_MACOS12_FALSE=''
OS_IS_MACOS12_TRUE='#'
OS_IS_MACOS13_FALSE=''
OS_IS_MACOS13_TRUE='#'
OS_IS_MACOS14_FALSE=''
OS_IS_MACOS14_TRUE='#'
OS_IS_MACOS_FALSE=''
OS_IS_MACOS_TRUE='#'
OS_IS_NATIVE_WINDOWS_FALSE=''
OS_IS_NATIVE_WINDOWS_TRUE='#'
OS_IS_NETBSD_FALSE=''
OS_IS_NETBSD_TRUE='#'
OS_IS_OPENBSD_FALSE=''
OS_IS_OPENBSD_TRUE='#'
OS_IS_SOLARIS11_FALSE=''
OS_IS_SOLARIS11_TRUE='#'
PACKAGE='patch'
PACKAGE_BUGREPORT='bug-patch@gnu.org'
PACKAGE_NAME='GNU patch'
PACKAGE_STRING='GNU patch 2.8'
PACKAGE_TARNAME='patch'
PACKAGE_URL='https://www.gnu.org/software/patch/'
PACKAGE_VERSION='2.8'
PARSE_DATETIME_BISON='bison'
PATH_SEPARATOR=':'
PLATFORM_IS_MINGW_FALSE=''
PLATFORM_IS_MINGW_TRUE='#'
PLATFORM_IS_MSVC_FALSE=''
PLATFORM_IS_MSVC_TRUE='#'
PRAGMA_COLUMNS=''
PRAGMA_SYSTEM_HEADER='#pragma GCC system_header'
PRIPTR_PREFIX='"l"'
PTHREAD_H_DEFINES_STRUCT_TIMESPEC='0'
PTRDIFF_T_SUFFIX=''
RANLIB='ranlib'
REPLACE_ABORT='0'
REPLACE_ACCESS='0'
REPLACE_ALIGNED_ALLOC='0'
REPLACE_BTOWC='0'
REPLACE_C32RTOMB='0'
REPLACE_CALLOC_FOR_CALLOC_GNU='0'
REPLACE_CALLOC_FOR_CALLOC_POSIX='0'
REPLACE_CANONICALIZE_FILE_NAME='0'
REPLACE_CHMOD='0'
REPLACE_CHOWN='0'
REPLACE_CLOSE='0'
REPLACE_CLOSEDIR='0'
REPLACE_COPY_FILE_RANGE='0'
REPLACE_CREAT='0'
REPLACE_CTIME='0'
REPLACE_DIRFD='0'
REPLACE_DPRINTF='0'
REPLACE_DUP2='0'
REPLACE_DUP3='0'
REPLACE_DUP='0'
REPLACE_DUPLOCALE='0'
REPLACE_ERROR='0'
REPLACE_ERROR_AT_LINE='0'
REPLACE_EXECL='0'
REPLACE_EXECLE='0'
REPLACE_EXECLP='0'
REPLACE_EXECV='0'
REPLACE_EXECVE='0'
REPLACE_EXECVP='0'
REPLACE_EXECVPE='0'
REPLACE_FACCESSAT='0'
REPLACE_FCHDIR='0'
REPLACE_FCHMODAT='0'
REPLACE_FCHOWNAT='0'
REPLACE_FCLOSE='0'
REPLACE_FCNTL='1'
REPLACE_FDATASYNC='0'
REPLACE_FDOPEN='0'
REPLACE_FDOPENDIR='0'
REPLACE_FFLUSH='0'
REPLACE_FFSLL='0'
REPLACE_FOPEN='0'
REPLACE_FOPEN_FOR_FOPEN_GNU='0'
REPLACE_FPRINTF='0'
REPLACE_FPURGE='0'
REPLACE_FREE='1'
REPLACE_FREELOCALE='0'
REPLACE_FREOPEN='0'
REPLACE_FSEEK='0'
REPLACE_FSEEKO='0'
REPLACE_FSTAT='0'
REPLACE_FSTATAT='0'
REPLACE_FTELL='0'
REPLACE_FTELLO='0'
REPLACE_FTRUNCATE='0'
REPLACE_FUTIMENS='1'
REPLACE_GETCWD='0'
REPLACE_GETDELIM='0'
REPLACE_GETDOMAINNAME='0'
REPLACE_GETDTABLESIZE='0'
REPLACE_GETENTROPY='0'
REPLACE_GETGROUPS='0'
REPLACE_GETLINE='0'
REPLACE_GETLOADAVG='0'
REPLACE_GETLOGIN_R='0'
REPLACE_GETPAGESIZE='0'
REPLACE_GETPASS='0'
REPLACE_GETPASS_FOR_GETPASS_GNU='0'
REPLACE_GETPROGNAME='0'
REPLACE_GETRANDOM='0'
REPLACE_GETSUBOPT='0'
REPLACE_GETTIMEOFDAY='0'
REPLACE_GETUSERSHELL='0'
REPLACE_GMTIME='0'
REPLACE_IMAXABS='0'
REPLACE_IMAXDIV='0'
REPLACE_INITSTATE='0'
REPLACE_ISATTY='0'
REPLACE_ISWBLANK='0'
REPLACE_ISWCNTRL='0'
REPLACE_ISWDIGIT='0'
REPLACE_ISWPUNCT='0'
REPLACE_ISWXDIGIT='0'
REPLACE_LCHOWN='0'
REPLACE_LINK='0'
REPLACE_LINKAT='0'
REPLACE_LOCALECONV='0'
REPLACE_LOCALTIME='0'
REPLACE_LOCALTIME_R='0'
REPLACE_LOCALTIME_RZ='0'
REPLACE_LSEEK='0'
REPLACE_LSTAT='0'
REPLACE_MALLOC_FOR_MALLOC_GNU='0'
REPLACE_MALLOC_FOR_MALLOC_POSIX='0'
REPLACE_MBRLEN='0'
REPLACE_MBRTOC16='0'
REPLACE_MBRTOC32='0'
REPLACE_MBRTOWC='0'
REPLACE_MBSINIT='0'
REPLACE_MBSNRTOWCS='0'
REPLACE_MBSRTOWCS='0'
REPLACE_MBSTATE_T='0'
REPLACE_MBSTOWCS='0'
REPLACE_MBTOWC='0'
REPLACE_MB_CUR_MAX='0'
REPLACE_MEMCHR='0'
REPLACE_MEMMEM='0'
REPLACE_MEMPCPY='0'
REPLACE_MEMSET_EXPLICIT='0'
REPLACE_MKDIR='0'
REPLACE_MKFIFO='0'
REPLACE_MKFIFOAT='0'
REPLACE_MKNOD='0'
REPLACE_MKNODAT='0'
REPLACE_MKOSTEMP='0'
REPLACE_MKOSTEMPS='0'
REPLACE_MKSTEMP='0'
REPLACE_MKTIME='0'
REPLACE_MKTIME_Z='0'
REPLACE_NANOSLEEP='0'
REPLACE_NEWLOCALE='0'
REPLACE_NULL='0'
REPLACE_OBSTACK_PRINTF='0'
REPLACE_OPEN='0'
REPLACE_OPENAT='0'
REPLACE_OPENDIR='0'
REPLACE_PERROR='0'
REPLACE_PIPE2='0'
REPLACE_POPEN='0'
REPLACE_POSIX_MEMALIGN='0'
REPLACE_POSIX_OPENPT='0'
REPLACE_PREAD='0'
REPLACE_PRINTF='0'
REPLACE_PTHREAD_SIGMASK='0'
REPLACE_PTSNAME='0'
REPLACE_PTSNAME_R='0'
REPLACE_PUTENV='0'
REPLACE_PWRITE='0'
REPLACE_QSORT_R='0'
REPLACE_RAISE='0'
REPLACE_RAND='0'
REPLACE_RANDOM='0'
REPLACE_RANDOM_R='0'
REPLACE_READ='0'
REPLACE_READDIR='0'
REPLACE_READLINK='0'
REPLACE_READLINKAT='0'
REPLACE_REALLOCARRAY='0'
REPLACE_REALLOC_FOR_REALLOC_POSIX='0'
REPLACE_REALPATH='1'
REPLACE_REMOVE='0'
REPLACE_RENAME='0'
REPLACE_RENAMEAT='0'
REPLACE_REWINDDIR='0'
REPLACE_RMDIR='0'
REPLACE_SETENV='0'
REPLACE_SETHOSTNAME='0'
REPLACE_SETLOCALE='0'
REPLACE_SETSTATE='0'
REPLACE_SLEEP='0'
REPLACE_SNPRINTF='0'
REPLACE_SPRINTF='0'
REPLACE_STAT='0'
REPLACE_STDIO_READ_FUNCS='0'
REPLACE_STDIO_WRITE_FUNCS='0'
REPLACE_STPCPY='0'
REPLACE_STPNCPY='0'
REPLACE_STRCASESTR='0'
REPLACE_STRCHRNUL='0'
REPLACE_STRDUP='0'
REPLACE_STRERROR='0'
REPLACE_STRERRORNAME_NP='0'
REPLACE_STRERROR_R='0'
REPLACE_STRFTIME='0'
REPLACE_STRNCAT='0'
REPLACE_STRNDUP='0'
REPLACE_STRNLEN='0'
REPLACE_STRSIGNAL='0'
REPLACE_STRSTR='0'
REPLACE_STRTOD='0'
REPLACE_STRTOF='0'
REPLACE_STRTOIMAX='0'
REPLACE_STRTOK_R='0'
REPLACE_STRTOL='0'
REPLACE_STRTOLD='0'
REPLACE_STRTOLL='0'
REPLACE_STRTOUL='0'
REPLACE_STRTOULL='0'
REPLACE_STRTOUMAX='0'
REPLACE_STRUCT_LCONV='0'
REPLACE_STRUCT_TIMEVAL='0'
REPLACE_STRVERSCMP='0'
REPLACE_SYMLINK='0'
REPLACE_SYMLINKAT='0'
REPLACE_TIME='0'
REPLACE_TIMEGM='0'
REPLACE_TIMESPEC_GET='0'
REPLACE_TIMESPEC_GETRES='0'
REPLACE_TMPFILE='0'
REPLACE_TOWLOWER='0'
REPLACE_TRUNCATE='0'
REPLACE_TTYNAME_R='0'
REPLACE_TZSET='0'
REPLACE_UNLINK='0'
REPLACE_UNLINKAT='0'
REPLACE_UNSETENV='0'
REPLACE_USLEEP='0'
REPLACE_UTIME='0'
REPLACE_UTIMENSAT='0'
REPLACE_VASPRINTF='0'
REPLACE_VDPRINTF='0'
REPLACE_VFPRINTF='0'
REPLACE_VPRINTF='0'
REPLACE_VSNPRINTF='0'
REPLACE_VSPRINTF='0'
REPLACE_WCRTOMB='0'
REPLACE_WCSCMP='0'
REPLACE_WCSFTIME='0'
REPLACE_WCSNCAT='0'
REPLACE_WCSNCMP='0'
REPLACE_WCSNRTOMBS='0'
REPLACE_WCSRTOMBS='0'
REPLACE_WCSSTR='0'
REPLACE_WCSTOK='0'
REPLACE_WCSWIDTH='0'
REPLACE_WCTOB='0'
REPLACE_WCTOMB='0'
REPLACE_WCTRANS='0'
REPLACE_WCTYPE='0'
REPLACE_WCWIDTH='0'
REPLACE_WMEMCMP='0'
REPLACE_WMEMPCPY='0'
REPLACE_WRITE='0'
REPLACE__EXIT='0'
SCHED_YIELD_LIB=''
SED='/bin/sed'
SETLOCALE_NULL_LIB=''
SET_MAKE=''
SHELL='/bin/sh'
SIG_ATOMIC_T_SUFFIX=''
SIZE_T_SUFFIX=''
SMALL_WCHAR_T='0'
STDCKDINT_H=''
STDDEF_H='stddef.h'
STDDEF_NOT_IDEMPOTENT='0'
STDINT_H='stdint.h'
STRIP=''
SYS_TIME_H_DEFINES_STRUCT_TIMESPEC='0'
TIME_H_DEFINES_STRUCT_TIMESPEC='1'
TIME_H_DEFINES_TIME_UTC='1'
UINT32_MAX_LT_UINTMAX_MAX='1'
UINT64_MAX_EQ_ULONG_MAX='1'
UNDEFINE_STRTOK_R='0'
UNISTD_H_DEFINES_STRUCT_TIMESPEC='0'
UNISTD_H_HAVE_SYS_RANDOM_H='1'
UNISTD_H_HAVE_WINSOCK2_H='0'
UNISTD_H_HAVE_WINSOCK2_H_AND_USE_SOCKETS='0'
VERSION='2.8'
WARN_CFLAGS=''
WCHAR_T_SUFFIX=''
WERROR_CFLAGS=''
WINDOWS_64_BIT_OFF_T='0'
WINDOWS_64_BIT_ST_SIZE='0'
WINDOWS_STAT_INODES='0'
WINDOWS_STAT_TIMESPEC='0'
WINT_T_SUFFIX=''
YACC='bison -o y.tab.c'
YFLAGS=''
ac_ct_AR='ar'
ac_ct_CC='gcc'
am__EXEEXT_FALSE=''
am__EXEEXT_TRUE='#'
am__fastdepCC_FALSE='#'
am__fastdepCC_TRUE=''
am__include='include'
am__isrc=''
am__leading_dot='.'
am__nodep='_no'
am__quote=''
am__tar='$${TAR-tar} chof - "$$tardir"'
am__untar='$${TAR-tar} xf -'
bindir='${exec_prefix}/bin'
build='x86_64-pc-linux-musl'
build_alias=''
build_cpu='x86_64'
build_os='linux-musl'
build_vendor='pc'
datadir='${datarootdir}'
datarootdir='${prefix}/share'
docdir='${datarootdir}/doc/${PACKAGE_TARNAME}'
dvidir='${docdir}'
exec_prefix='${prefix}'
gl_LIBOBJDEPS=' $(DEPDIR)/mktime.Po'
gl_LIBOBJS=' mktime.o'
gl_LTLIBOBJS=' mktime.lo'
gl_libpatch_LIBOBJDEPS=' $(DEPDIR)/libpatch_a-mktime.Po'
gl_libpatch_LIBOBJS=' libpatch_a-mktime.o'
gl_libpatch_LTLIBOBJS=' libpatch_la-mktime.lo'
gltests_LIBOBJDEPS=''
gltests_LIBOBJS=''
gltests_LTLIBOBJS=''
gltests_WITNESS='IN_PATCH_GNULIB_TESTS'
gltests_libpatch_LIBOBJDEPS=''
gltests_libpatch_LIBOBJS=''
gltests_libpatch_LTLIBOBJS=''
host='x86_64-pc-linux-musl'
host_alias=''
host_cpu='x86_64'
host_os='linux-musl'
host_vendor='pc'
htmldir='${docdir}'
includedir='${prefix}/include'
infodir='${datarootdir}/info'
install_sh='${SHELL} /home/sonakrie/Work/testicular_linux/patch/build-aux/install-sh'
libdir='${exec_prefix}/lib'
libexecdir='${exec_prefix}/libexec'
localedir='${datarootdir}/locale'
localstatedir='${prefix}/var'
mandir='${datarootdir}/man'
mkdir_p='$(MKDIR_P)'
oldincludedir='/usr/include'
pdfdir='${docdir}'
prefix='/usr'
program_transform_name='s,x,x,'
psdir='${docdir}'
runstatedir='${localstatedir}/run'
sbindir='${exec_prefix}/sbin'
sharedstatedir='${prefix}/com'
sysconfdir='${prefix}/etc'
target_alias=''

## ----------- ##
## confdefs.h. ##
## ----------- ##

/* confdefs.h */
#define PACKAGE_NAME "GNU patch"
#define PACKAGE_TARNAME "patch"
#define PACKAGE_VERSION "2.8"
#define PACKAGE_STRING "GNU patch 2.8"
#define PACKAGE_BUGREPORT "bug-patch@gnu.org"
#define PACKAGE_URL "https://www.gnu.org/software/patch/"
#define PACKAGE "patch"
#define VERSION "2.8"
#define HAVE_STDIO_H 1
#define HAVE_STDLIB_H 1
#define HAVE_STRING_H 1
#define HAVE_INTTYPES_H 1
#define HAVE_STDINT_H 1
#define HAVE_STRINGS_H 1
#define HAVE_SYS_STAT_H 1
#define HAVE_SYS_TYPES_H 1
#define HAVE_UNISTD_H 1
#define HAVE_WCHAR_H 1
#define HAVE_STDBOOL_H 1
#define HAVE_UCHAR_H 1
#define HAVE_SYS_PARAM_H 1
#define HAVE_SYS_SOCKET_H 1
#define HAVE_DIRENT_H 1
#define HAVE_STDIO_EXT_H 1
#define HAVE_GETOPT_H 1
#define HAVE_SYS_TIME_H 1
#define HAVE_THREADS_H 1
#define HAVE_LIMITS_H 1
#define HAVE_SYS_MMAN_H 1
#define HAVE_STDCKDINT_H 1
#define HAVE_SYS_RANDOM_H 1
#define HAVE_UTIME_H 1
#define HAVE_FEATURES_H 1
#define HAVE_WCTYPE_H 1
#define HAVE_FCNTL_H 1
#define STDC_HEADERS 1
#define _ALL_SOURCE 1
#define _DARWIN_C_SOURCE 1
#define _GNU_SOURCE 1
#define _HPUX_ALT_XOPEN_SOCKET_API 1
#define _NETBSD_SOURCE 1
#define _OPENBSD_SOURCE 1
#define _POSIX_PTHREAD_SEMANTICS 1
#define __STDC_WANT_IEC_60559_ATTRIBS_EXT__ 1
#define __STDC_WANT_IEC_60559_BFP_EXT__ 1
#define __STDC_WANT_IEC_60559_DFP_EXT__ 1
#define __STDC_WANT_IEC_60559_EXT__ 1
#define __STDC_WANT_IEC_60559_FUNCS_EXT__ 1
#define __STDC_WANT_IEC_60559_TYPES_EXT__ 1
#define __STDC_WANT_LIB_EXT2__ 1
#define __STDC_WANT_MATH_SPEC_FUNCS__ 1
#define _TANDEM_SOURCE 1
#define __EXTENSIONS__ 1
#define _LINUX_SOURCE_COMPAT 1
#define __USE_MINGW_ANSI_STDIO 1
#define HAVE_LSTAT 1
#define HAVE_PATHCONF 1
#define HAVE_MBSINIT 1
#define HAVE_MBRTOWC 1
#define HAVE_REALPATH 1
#define HAVE_CHOWN 1
#define HAVE_FCHOWN 1
#define HAVE_FCHDIR 1
#define HAVE_FCHMODAT 1
#define HAVE_LCHMOD 1
#define HAVE_FCNTL 1
#define HAVE_SYMLINK 1
#define HAVE_FDOPENDIR 1
#define HAVE_FSTATAT 1
#define HAVE_GETDTABLESIZE 1
#define HAVE_GETTIMEOFDAY 1
#define HAVE_MPROTECT 1
#define HAVE_MKDIRAT 1
#define HAVE_OPENAT 1
#define HAVE_READLINK 1
#define HAVE_LINK 1
#define HAVE_RENAMEAT 1
#define HAVE_SETENV 1
#define HAVE_LOCALTIME_R 1
#define HAVE_UNLINKAT 1
#define HAVE_ISWCNTRL 1
#define HAVE_GETEUID 1
#define HAVE_GETUID 1
#define HAVE_SIGACTION 1
#define HAVE_SIGFILLSET 1
#define HAVE_ALLOCA_H 1
#define HAVE_ALLOCA 1
#define D_INO_IN_DIRENT 1
#define HAVE_LONG_FILE_NAMES 1
#define BITSIZEOF_WCHAR_T 32
#define HAVE_MBSTATE_T 1
#define HAVE_LANGINFO_CODESET 1
#define HAVE_WORKING_MBRTOC32 1
#define HAVE_WORKING_C32RTOMB 1
#define HAVE_MALLOC_PTRDIFF 1
#define HAVE_MALLOC_POSIX 1
#define LSTAT_FOLLOWS_SLASHED_SYMLINK 1
#define FUNC_REALPATH_NEARLY_WORKS 1
#define HAVE_FACCESSAT 1
#define HAVE_GETCWD 1
#define HAVE_UNISTD_H 1
#define HAVE_CHOWN 1
#define HAVE_ENVIRON_DECL 1
#define HAVE_DECL_STRERROR_R 1
#define HAVE_STRERROR_R 1
#define GETGROUPS_T gid_t
#define HAVE_DECL_FCHDIR 1
#define HAVE_WORKING_O_NOATIME 1
#define HAVE_WORKING_O_NOFOLLOW 1
#define _USE_STD_STAT 1
#define HAVE_DECL_FSEEKO 1
#define restrict __restrict__
#define HAVE_DECL_FTELLO 1
#define HAVE_DECL_GETDTABLESIZE 1
#define HAVE_GETOPT_H 1
#define HAVE_GETOPT_LONG_ONLY 1
#define MUSL_LIBC 1
#define HAVE_PTHREAD_API 1
#define SETLOCALE_NULL_ALL_MTSAFE 0
#define SETLOCALE_NULL_ONE_MTSAFE 1
#define HAVE_WEAK_SYMBOLS 1
#define HAVE_WINT_T 1
#define HAVE_LONG_LONG_INT 1
#define HAVE_UNSIGNED_LONG_LONG_INT 1
#define HAVE_MALLOC_0_NONNULL 1
#define HAVE_MAP_ANONYMOUS 1
#define HAVE_DECL_MEMRCHR 1
#define HAVE_MINMAX_IN_SYS_PARAM_H 1
#define TIME_T_IS_SIGNED 1
#define HAVE_DECL_ALARM 1
#define PROMOTED_MODE_T mode_t
#define HAVE_COMPOUND_LITERALS 1
#define HAVE_STRUCT_TM_TM_GMTOFF 1
#define HAVE_STRUCT_TM_TM_ZONE 1
#define HAVE_TM_GMTOFF 1
#define HAVE_DECL_SETENV 1
#define HAVE_DECL__PUTENV 0
#define HAVE_SEARCH_H 1
#define HAVE_TSEARCH 1
#define HAVE_SIGSET_T 1
#define HAVE_DECL_FCLOSEALL 0
#define HAVE_DECL_GETW 1
#define HAVE_DECL_PUTW 1
#define HAVE_DECL_ECVT 1
#define HAVE_DECL_FCVT 1
#define HAVE_DECL_GCVT 1
#define HAVE_DECL_STRDUP 1
#define HAVE_DECL_EXECVPE 1
#define HAVE_DECL_UNSETENV 1
#define HAVE_WORKING_UTIMES 1
#define HAVE_DECL_WCSDUP 1
#define HAVE_TOWLOWER 1
#define GNULIB_TEST_ACCESS 1
#define HAVE_ALLOCA 1
#define HAVE_C_STATIC_ASSERT 1
#define HAVE_C_BOOL 1
#define HAVE___BUILTIN_EXPECT 1
#define GNULIB_TEST_C32ISPRINT 1
#define GNULIB_TEST_CALLOC_GNU 1
#define GNULIB_TEST_CALLOC_POSIX 1
#define GNULIB_CANONICALIZE_LGPL 1
#define GNULIB_TEST_CANONICALIZE_FILE_NAME 1
#define GNULIB_TEST_REALPATH 1
#define GNULIB_TEST_CHDIR 1
#define GNULIB_TEST_CHMOD 1
#define GNULIB_TEST_CHOWN 1
#define HAVE_CLOCK_GETRES 1
#define HAVE_CLOCK_GETTIME 1
#define HAVE_CLOCK_SETTIME 1
#define GNULIB_TEST_CLOEXEC 1
#define GNULIB_TEST_CLOSE 1
#define GNULIB_CLOSE 1
#define GNULIB_CLOSE_STREAM 1
#define HAVE_CLOSEDIR 1
#define GNULIB_TEST_CLOSEDIR 1
#define D_INO_IN_DIRENT 1
#define HAVE_DIRFD 1
#define HAVE_DECL_DIRFD 1
#define GNULIB_TEST_DIRFD 1
#define GNULIB_TEST_DUP 1
#define GNULIB_TEST_DUP2 1
#define GNULIB_TEST_ENVIRON 1
#define HAVE_EUIDACCESS 1
#define GNULIB_TEST_EUIDACCESS 1
#define HAVE_FACCESSAT 1
#define GNULIB_FACCESSAT 1
#define GNULIB_TEST_FACCESSAT 1
#define GNULIB_TEST_FCHDIR 1
#define GNULIB_TEST_FCHMODAT 1
#define GNULIB_TEST_FCHOWNAT 1
#define GNULIB_TEST_FCNTL 1
#define HAVE_DECL_FDOPENDIR 1
#define GNULIB_TEST_FDOPENDIR 1
#define GNULIB_FDOPENDIR 1
#define HAVE_MEMPCPY 1
#define FLEXIBLE_ARRAY_MEMBER /**/
#define HAVE_DECL___FPENDING 1
#define GNULIB_TEST_FREE_POSIX 1
#define GNULIB_TEST_FSEEK 1
#define GNULIB_TEST_FSEEKO 1
#define GNULIB_TEST_FSTAT 1
#define GNULIB_FSTAT 1
#define GNULIB_TEST_FSTATAT 1
#define GNULIB_FSTATAT 1
#define GNULIB_TEST_FTELL 1
#define GNULIB_TEST_FTELLO 1
#define HAVE_FUTIMENS 1
#define GNULIB_TEST_FUTIMENS 1
#define GNULIB_TEST_GETCWD 1
#define GNULIB_TEST_GETDTABLESIZE 1
#define HAVE_GETGROUPS 1
#define GNULIB_TEST_GETGROUPS 1
#define __GETOPT_PREFIX rpl_
#define GNULIB_TEST_GETOPT_POSIX 1
#define HAVE_DECL_PROGRAM_INVOCATION_NAME 1
#define HAVE_DECL_PROGRAM_INVOCATION_NAME 1
#define HAVE_DECL_PROGRAM_INVOCATION_SHORT_NAME 1
#define HAVE_DECL___ARGV 0
#define GNULIB_TEST_GETPROGNAME 1
#define HAVE_GETRANDOM 1
#define GNULIB_TEST_GETRANDOM 1
#define HAVE_TIMESPEC_GET 1
#define GETTIMEOFDAY_TIMEZONE void
#define GNULIB_TEST_GETTIMEOFDAY 1
#define GNULIB_LOCALEDIR "/usr/share/locale"
#define GNULIB_TEST_GROUP_MEMBER 1
#define GNULIB_TEST_LCHMOD 1
#define HAVE_LCHOWN 1
#define GNULIB_TEST_LCHOWN 1
#define HAVE___INLINE 1
#define GNULIB_TEST_LSEEK 1
#define GNULIB_TEST_LSTAT 1
#define GNULIB_LSTAT 1
#define GNULIB_TEST_MALLOC_GNU 1
#define GNULIB_TEST_MALLOC_POSIX 1
#define GNULIB_TEST_MBRTOC32 1
#define GNULIB_TEST_MBRTOWC 1
#define GNULIB_TEST_MBSINIT 1
#define GNULIB_TEST_MBSZERO 1
#define GNULIB_TEST_MEMCHR 1
#define HAVE_MEMPCPY 1
#define GNULIB_TEST_MEMPCPY 1
#define HAVE_MEMRCHR 1
#define GNULIB_TEST_MEMRCHR 1
#define GNULIB_TEST_MKDIR 1
#define GNULIB_TEST_MKDIRAT 1
#define GNULIB_TEST_MKTIME 1
#define NEED_MKTIME_INTERNAL 1
#define GNULIB_MSVC_NOTHROW 1
#define HAVE_C_NULLPTR 1
#define GNULIB_TEST_OPEN 1
#define GNULIB_OPENAT 1
#define GNULIB_TEST_OPENAT 1
#define HAVE_OPENDIR 1
#define GNULIB_TEST_OPENDIR 1
#define HAVE_DECL_PROGRAM_INVOCATION_NAME 1
#define HAVE_DECL_PROGRAM_INVOCATION_SHORT_NAME 1
#define HAVE_RAISE 1
#define GNULIB_TEST_RAISE 1
#define GNULIB_TEST_RAWMEMCHR 1
#define HAVE_READDIR 1
#define GNULIB_TEST_READDIR 1
#define GNULIB_TEST_READLINK 1
#define HAVE_READLINKAT 1
#define GNULIB_TEST_READLINKAT 1
#define HAVE_REALLOC_0_NONNULL 1
#define GNULIB_TEST_REALLOC_POSIX 1
#define HAVE_REALLOCARRAY 1
#define GNULIB_REALLOCARRAY 1
#define GNULIB_TEST_REALLOCARRAY 1
#define GNULIB_TEST_RENAME 1
#define HAVE_LINUX_FS_H 1
#define HAVE_RENAMEAT2 1
#define HAVE_WORKING_RENAMEAT2 1
#define GNULIB_TEST_RENAMEAT 1
#define HAVE_LINUX_FS_H 1
#define HAVE_RENAMEAT2 1
#define HAVE_WORKING_RENAMEAT2 1
#define GNULIB_TEST_RMDIR 1
#define GNULIB_TEST_SETENV 1
#define SETLOCALE_NULL_ALL_MTSAFE 0
#define SETLOCALE_NULL_ONE_MTSAFE 1
#define HAVE_WEAK_SYMBOLS 1
#define HAVE_VISIBILITY 1
#define GNULIB_TEST_SETLOCALE_NULL 1
#define GNULIB_TEST_STAT 1
#define GNULIB_STAT 1
#define HAVE_STRUCT_STAT_ST_ATIM_TV_NSEC 1
#define TYPEOF_STRUCT_STAT_ST_ATIM_IS_STRUCT_TIMESPEC 1
#define GNULIB_TEST_FSCANF 1
#define GNULIB_FSCANF 1
#define GNULIB_TEST_SCANF 1
#define GNULIB_SCANF 1
#define GNULIB_TEST_FGETC 1
#define GNULIB_TEST_GETC 1
#define GNULIB_TEST_GETCHAR 1
#define GNULIB_TEST_FGETS 1
#define GNULIB_TEST_FREAD 1
#define GNULIB_TEST_FPRINTF 1
#define GNULIB_TEST_PRINTF 1
#define GNULIB_TEST_VFPRINTF 1
#define GNULIB_TEST_VPRINTF 1
#define GNULIB_TEST_FPUTC 1
#define GNULIB_TEST_PUTC 1
#define GNULIB_TEST_PUTCHAR 1
#define GNULIB_TEST_FPUTS 1
#define GNULIB_TEST_PUTS 1
#define GNULIB_TEST_FWRITE 1
#define HAVE_STPCPY 1
#define GNULIB_TEST_STPCPY 1
#define GNULIB_TEST_STRDUP 1
#define GNULIB_STRERROR 1
#define GNULIB_TEST_STRERROR 1
#define GNULIB_TEST_SYMLINK 1
#define HAVE_SYMLINKAT 1
#define GNULIB_TEST_SYMLINKAT 1
#define GNULIB_TEMPNAME 1
#define HAVE_DECL_LOCALTIME_R 1
#define GNULIB_TEST_TIME_R 1
#define GNULIB_TEST_TIME_RZ 1
#define HAVE_TIMEGM 1
#define GNULIB_TEST_TIMEGM 1
#define GNULIB_TEST_TZSET 1
#define GNULIB_TEST_UNLINK 1
#define GNULIB_TEST_UNLINKAT 1
#define HAVE_UNSETENV 1
#define GNULIB_TEST_UNSETENV 1
#define HAVE_UTIME 1
#define GNULIB_TEST_UTIME 1
#define HAVE_FUTIMES 1
#define HAVE_FUTIMESAT 1
#define HAVE_LUTIMES 1
#define HAVE_FUTIMENS 1
#define HAVE_UTIMENSAT 1
#define HAVE_UTIMENSAT 1
#define GNULIB_TEST_UTIMENSAT 1
#define HAVE_C_VARARRAYS 1
#define GNULIB_XALLOC 1
#define GNULIB_XALLOC_DIE 1
#define GNULIB_XSTDOPEN 1
#define GNULIB_NO_VLA 1
#define USE_XATTR 0
#define EDITOR_PROGRAM "ed"

configure: exit 0
