This file contains any messages produced by compilers while
running configure, to aid debugging if configure makes a mistake.

It was created by Libidn2 configure 2.3.8, which was
generated by GNU Autoconf 2.71.  Invocation command line was

  $ ./configure --prefix=/home/bloink/Work/unnamedlinuxdistro/fs --disable-static

## --------- ##
## Platform. ##
## --------- ##

hostname = aerynos
uname -m = x86_64
uname -r = 7.1.8-50.stable
uname -s = Linux
uname -v = #1 SMP PREEMPT_DYNAMIC 2026-08-15

/usr/bin/uname -p = unknown
/bin/uname -X     = unknown

/bin/arch              = x86_64
/usr/bin/arch -k       = unknown
/usr/convex/getsysinfo = unknown
/usr/bin/hostinfo      = unknown
/bin/machine           = unknown
/usr/bin/oslevel       = unknown
/bin/universe          = unknown

PATH: /usr/bin/
PATH: /home/bloink/.npm-global/bin/
PATH: /usr/local/sbin/
PATH: /usr/local/bin/
PATH: /usr/sbin/
PATH: /usr/bin/
PATH: /sbin/
PATH: /bin/


## ----------- ##
## Core tests. ##
## ----------- ##

configure:4359: looking for aux files: config.rpath ltmain.sh config.guess config.sub compile missing install-sh
configure:4372:  trying ./build-aux/
configure:4401:   ./build-aux/config.rpath found
configure:4401:   ./build-aux/ltmain.sh found
configure:4401:   ./build-aux/config.guess found
configure:4401:   ./build-aux/config.sub found
configure:4401:   ./build-aux/compile found
configure:4401:   ./build-aux/missing found
configure:4383:   ./build-aux/install-sh found
configure:4536: Libidn2 2.3.8 libidn2 2.3.8 0x02030008 4:0:4 0
configure:4562: checking for a BSD-compatible install
configure:4635: result: /usr/bin/install -c
configure:4646: checking whether build environment is sane
configure:4701: result: yes
configure:4860: checking for a race-free mkdir -p
configure:4904: result: /bin/mkdir -p
configure:4911: checking for gawk
configure:4932: found /usr/bin/gawk
configure:4943: result: gawk
configure:4954: checking whether make sets $(MAKE)
configure:4977: result: yes
configure:5007: checking whether make supports nested variables
configure:5025: result: yes
configure:5110: checking whether UID '1000' is supported by ustar format
configure:5113: result: yes
configure:5120: checking whether GID '1000' is supported by ustar format
configure:5123: result: yes
configure:5131: checking how to create a ustar tar archive
configure:5142: tar --version
tar (GNU tar) 1.35
Copyright (C) 2023 Free Software Foundation, Inc.
License GPLv3+: GNU GPL version 3 or later <https://gnu.org/licenses/gpl.html>.
This is free software: you are free to change and redistribute it.
There is NO WARRANTY, to the extent permitted by law.

Written by John Gilmore and Jay Fenlason.
configure:5145: $? = 0
configure:5185: tardir=conftest.dir && eval tar --format=ustar -chf - "$tardir" >conftest.tar
configure:5188: $? = 0
configure:5192: tar -xf - <conftest.tar
configure:5195: $? = 0
configure:5197: cat conftest.dir/file
GrepMe
configure:5200: $? = 0
configure:5214: result: gnutar
configure:5290: checking whether make supports nested variables
configure:5308: result: yes
configure:5382: checking for gcc
configure:5403: found /usr/bin/gcc
configure:5414: result: gcc
configure:5767: checking for C compiler version
configure:5776: gcc --version >&5
gcc (Alpine 15.2.0) 15.2.0
Copyright (C) 2025 Free Software Foundation, Inc.
This is free software; see the source for copying conditions.  There is NO
warranty; not even for MERCHANTABILITY or FITNESS FOR A PARTICULAR PURPOSE.

configure:5787: $? = 0
configure:5776: gcc -v >&5
Using built-in specs.
COLLECT_GCC=gcc
COLLECT_LTO_WRAPPER=/usr/libexec/gcc/x86_64-alpine-linux-musl/15.2.0/lto-wrapper
Target: x86_64-alpine-linux-musl
Configured with: /home/buildozer/aports/main/gcc/src/gcc-15.2.0/configure --prefix=/usr --mandir=/usr/share/man --infodir=/usr/share/info --build=x86_64-alpine-linux-musl --host=x86_64-alpine-linux-musl --target=x86_64-alpine-linux-musl --enable-checking=release --disable-cet --disable-fixed-point --disable-libstdcxx-pch --disable-multilib --disable-nls --disable-werror --disable-symvers --enable-__cxa_atexit --enable-default-pie --enable-default-ssp --enable-languages=c,c++,d,objc,go,fortran,ada --enable-link-serialization=2 --enable-linker-build-id --disable-libssp --enable-libsanitizer --enable-shared --enable-threads --enable-tls --with-bugurl=https://gitlab.alpinelinux.org/alpine/aports/-/issues --with-system-zlib --with-linker-hash-style=gnu --with-pkgversion='Alpine 15.2.0'
Thread model: posix
Supported LTO compression algorithms: zlib
gcc version 15.2.0 (Alpine 15.2.0) 
configure:5787: $? = 0
configure:5776: gcc -V >&5
gcc: error: unrecognized command-line option '-V'
gcc: fatal error: no input files
compilation terminated.
configure:5787: $? = 1
configure:5776: gcc -qversion >&5
gcc: error: unrecognized command-line option '-qversion'; did you mean '--version'?
gcc: fatal error: no input files
compilation terminated.
configure:5787: $? = 1
configure:5776: gcc -version >&5
gcc: error: unrecognized command-line option '-version'
gcc: fatal error: no input files
compilation terminated.
configure:5787: $? = 1
configure:5807: checking whether the C compiler works
configure:5829: gcc    conftest.c  >&5
configure:5833: $? = 0
configure:5883: result: yes
configure:5886: checking for C compiler default output file name
configure:5888: result: a.out
configure:5894: checking for suffix of executables
configure:5901: gcc -o conftest    conftest.c  >&5
configure:5905: $? = 0
configure:5928: result: 
configure:5950: checking whether we are cross compiling
configure:5958: gcc -o conftest    conftest.c  >&5
configure:5962: $? = 0
configure:5969: ./conftest
configure:5973: $? = 0
configure:5988: result: no
configure:5993: checking for suffix of object files
configure:6016: gcc -c   conftest.c >&5
configure:6020: $? = 0
configure:6042: result: o
configure:6046: checking whether the compiler supports GNU C
configure:6066: gcc -c   conftest.c >&5
configure:6066: $? = 0
configure:6076: result: yes
configure:6087: checking whether gcc accepts -g
configure:6108: gcc -c -g  conftest.c >&5
configure:6108: $? = 0
configure:6152: result: yes
configure:6172: checking for gcc option to enable C11 features
configure:6187: gcc  -c -g -O2  conftest.c >&5
conftest.c: In function 'e':
conftest.c:25:14: warning: old-style function definition [-Wold-style-definition]
   25 | static char *e (p, i)
      |              ^
configure:6187: $? = 0
configure:6205: result: none needed
configure:6321: checking whether gcc understands -c and -o together
configure:6344: gcc -c conftest.c -o conftest2.o
configure:6347: $? = 0
configure:6344: gcc -c conftest.c -o conftest2.o
configure:6347: $? = 0
configure:6359: result: yes
configure:6377: checking whether the compiler is clang
configure:6399: gcc -c -g -O2  conftest.c >&5
configure:6399: $? = 0
configure:6408: result: no
configure:6412: checking for compiler option needed when checking for declarations
configure:6445: result: none
configure:6457: checking whether make supports the include directive
configure:6472: make -f confmf.GNU && cat confinc.out
this is the am__doit target
configure:6475: $? = 0
configure:6494: result: yes (GNU style)
configure:6520: checking dependency style of gcc
configure:6632: result: gcc3
configure:6652: checking for stdio.h
configure:6652: gcc -c -g -O2  conftest.c >&5
configure:6652: $? = 0
configure:6652: result: yes
configure:6652: checking for stdlib.h
configure:6652: gcc -c -g -O2  conftest.c >&5
configure:6652: $? = 0
configure:6652: result: yes
configure:6652: checking for string.h
configure:6652: gcc -c -g -O2  conftest.c >&5
configure:6652: $? = 0
configure:6652: result: yes
configure:6652: checking for inttypes.h
configure:6652: gcc -c -g -O2  conftest.c >&5
configure:6652: $? = 0
configure:6652: result: yes
configure:6652: checking for stdint.h
configure:6652: gcc -c -g -O2  conftest.c >&5
configure:6652: $? = 0
configure:6652: result: yes
configure:6652: checking for strings.h
configure:6652: gcc -c -g -O2  conftest.c >&5
configure:6652: $? = 0
configure:6652: result: yes
configure:6652: checking for sys/stat.h
configure:6652: gcc -c -g -O2  conftest.c >&5
configure:6652: $? = 0
configure:6652: result: yes
configure:6652: checking for sys/types.h
configure:6652: gcc -c -g -O2  conftest.c >&5
configure:6652: $? = 0
configure:6652: result: yes
configure:6652: checking for unistd.h
configure:6652: gcc -c -g -O2  conftest.c >&5
configure:6652: $? = 0
configure:6652: result: yes
configure:6652: checking for wchar.h
configure:6652: gcc -c -g -O2  conftest.c >&5
configure:6652: $? = 0
configure:6652: result: yes
configure:6652: checking for minix/config.h
configure:6652: gcc -c -g -O2  conftest.c >&5
conftest.c:49:10: fatal error: minix/config.h: No such file or directory
   49 | #include <minix/config.h>
      |          ^~~~~~~~~~~~~~~~
compilation terminated.
configure:6652: $? = 1
configure: failed program was:
| /* confdefs.h */
| #define PACKAGE_NAME "Libidn2"
| #define PACKAGE_TARNAME "libidn2"
| #define PACKAGE_VERSION "2.3.8"
| #define PACKAGE_STRING "Libidn2 2.3.8"
| #define PACKAGE_BUGREPORT "help-libidn@gnu.org"
| #define PACKAGE_URL "https://www.gnu.org/software/libidn/#libidn2"
| #define PACKAGE "libidn2"
| #define VERSION "2.3.8"
| #define HAVE_STDIO_H 1
| #define HAVE_STDLIB_H 1
| #define HAVE_STRING_H 1
| #define HAVE_INTTYPES_H 1
| #define HAVE_STDINT_H 1
| #define HAVE_STRINGS_H 1
| #define HAVE_SYS_STAT_H 1
| #define HAVE_SYS_TYPES_H 1
| #define HAVE_UNISTD_H 1
| #define HAVE_WCHAR_H 1
| /* end confdefs.h.  */
| #include <stddef.h>
| #ifdef HAVE_STDIO_H
| # include <stdio.h>
| #endif
| #ifdef HAVE_STDLIB_H
| # include <stdlib.h>
| #endif
| #ifdef HAVE_STRING_H
| # include <string.h>
| #endif
| #ifdef HAVE_INTTYPES_H
| # include <inttypes.h>
| #endif
| #ifdef HAVE_STDINT_H
| # include <stdint.h>
| #endif
| #ifdef HAVE_STRINGS_H
| # include <strings.h>
| #endif
| #ifdef HAVE_SYS_TYPES_H
| # include <sys/types.h>
| #endif
| #ifdef HAVE_SYS_STAT_H
| # include <sys/stat.h>
| #endif
| #ifdef HAVE_UNISTD_H
| # include <unistd.h>
| #endif
| #include <minix/config.h>
configure:6652: result: no
configure:6652: checking for stdbool.h
configure:6652: gcc -c -g -O2  conftest.c >&5
configure:6652: $? = 0
configure:6652: result: yes
configure:6652: checking for sys/socket.h
configure:6652: gcc -c -g -O2  conftest.c >&5
configure:6652: $? = 0
configure:6652: result: yes
configure:6652: checking for error.h
configure:6652: gcc -c -g -O2  conftest.c >&5
conftest.c:51:10: fatal error: error.h: No such file or directory
   51 | #include <error.h>
      |          ^~~~~~~~~
compilation terminated.
configure:6652: $? = 1
configure: failed program was:
| /* confdefs.h */
| #define PACKAGE_NAME "Libidn2"
| #define PACKAGE_TARNAME "libidn2"
| #define PACKAGE_VERSION "2.3.8"
| #define PACKAGE_STRING "Libidn2 2.3.8"
| #define PACKAGE_BUGREPORT "help-libidn@gnu.org"
| #define PACKAGE_URL "https://www.gnu.org/software/libidn/#libidn2"
| #define PACKAGE "libidn2"
| #define VERSION "2.3.8"
| #define HAVE_STDIO_H 1
| #define HAVE_STDLIB_H 1
| #define HAVE_STRING_H 1
| #define HAVE_INTTYPES_H 1
| #define HAVE_STDINT_H 1
| #define HAVE_STRINGS_H 1
| #define HAVE_SYS_STAT_H 1
| #define HAVE_SYS_TYPES_H 1
| #define HAVE_UNISTD_H 1
| #define HAVE_WCHAR_H 1
| #define HAVE_STDBOOL_H 1
| #define HAVE_SYS_SOCKET_H 1
| /* end confdefs.h.  */
| #include <stddef.h>
| #ifdef HAVE_STDIO_H
| # include <stdio.h>
| #endif
| #ifdef HAVE_STDLIB_H
| # include <stdlib.h>
| #endif
| #ifdef HAVE_STRING_H
| # include <string.h>
| #endif
| #ifdef HAVE_INTTYPES_H
| # include <inttypes.h>
| #endif
| #ifdef HAVE_STDINT_H
| # include <stdint.h>
| #endif
| #ifdef HAVE_STRINGS_H
| # include <strings.h>
| #endif
| #ifdef HAVE_SYS_TYPES_H
| # include <sys/types.h>
| #endif
| #ifdef HAVE_SYS_STAT_H
| # include <sys/stat.h>
| #endif
| #ifdef HAVE_UNISTD_H
| # include <unistd.h>
| #endif
| #include <error.h>
configure:6652: result: no
configure:6652: checking for getopt.h
configure:6652: gcc -c -g -O2  conftest.c >&5
configure:6652: $? = 0
configure:6652: result: yes
configure:6652: checking for limits.h
configure:6652: gcc -c -g -O2  conftest.c >&5
configure:6652: $? = 0
configure:6652: result: yes
configure:6652: checking for sys/param.h
configure:6652: gcc -c -g -O2  conftest.c >&5
configure:6652: $? = 0
configure:6652: result: yes
configure:6652: checking for sys/time.h
configure:6652: gcc -c -g -O2  conftest.c >&5
configure:6652: $? = 0
configure:6652: result: yes
configure:6652: checking for stdckdint.h
configure:6652: gcc -c -g -O2  conftest.c >&5
configure:6652: $? = 0
configure:6652: result: yes
configure:6652: checking for iconv.h
configure:6652: gcc -c -g -O2  conftest.c >&5
configure:6652: $? = 0
configure:6652: result: yes
configure:6652: checking for features.h
configure:6652: gcc -c -g -O2  conftest.c >&5
configure:6652: $? = 0
configure:6652: result: yes
configure:6652: checking for crtdefs.h
configure:6652: gcc -c -g -O2  conftest.c >&5
conftest.c:58:10: fatal error: crtdefs.h: No such file or directory
   58 | #include <crtdefs.h>
      |          ^~~~~~~~~~~
compilation terminated.
configure:6652: $? = 1
configure: failed program was:
| /* confdefs.h */
| #define PACKAGE_NAME "Libidn2"
| #define PACKAGE_TARNAME "libidn2"
| #define PACKAGE_VERSION "2.3.8"
| #define PACKAGE_STRING "Libidn2 2.3.8"
| #define PACKAGE_BUGREPORT "help-libidn@gnu.org"
| #define PACKAGE_URL "https://www.gnu.org/software/libidn/#libidn2"
| #define PACKAGE "libidn2"
| #define VERSION "2.3.8"
| #define HAVE_STDIO_H 1
| #define HAVE_STDLIB_H 1
| #define HAVE_STRING_H 1
| #define HAVE_INTTYPES_H 1
| #define HAVE_STDINT_H 1
| #define HAVE_STRINGS_H 1
| #define HAVE_SYS_STAT_H 1
| #define HAVE_SYS_TYPES_H 1
| #define HAVE_UNISTD_H 1
| #define HAVE_WCHAR_H 1
| #define HAVE_STDBOOL_H 1
| #define HAVE_SYS_SOCKET_H 1
| #define HAVE_GETOPT_H 1
| #define HAVE_LIMITS_H 1
| #define HAVE_SYS_PARAM_H 1
| #define HAVE_SYS_TIME_H 1
| #define HAVE_STDCKDINT_H 1
| #define HAVE_ICONV_H 1
| #define HAVE_FEATURES_H 1
| /* end confdefs.h.  */
| #include <stddef.h>
| #ifdef HAVE_STDIO_H
| # include <stdio.h>
| #endif
| #ifdef HAVE_STDLIB_H
| # include <stdlib.h>
| #endif
| #ifdef HAVE_STRING_H
| # include <string.h>
| #endif
| #ifdef HAVE_INTTYPES_H
| # include <inttypes.h>
| #endif
| #ifdef HAVE_STDINT_H
| # include <stdint.h>
| #endif
| #ifdef HAVE_STRINGS_H
| # include <strings.h>
| #endif
| #ifdef HAVE_SYS_TYPES_H
| # include <sys/types.h>
| #endif
| #ifdef HAVE_SYS_STAT_H
| # include <sys/stat.h>
| #endif
| #ifdef HAVE_UNISTD_H
| # include <unistd.h>
| #endif
| #include <crtdefs.h>
configure:6652: result: no
configure:6683: checking whether it is safe to define __EXTENSIONS__
configure:6702: gcc -c -g -O2  conftest.c >&5
configure:6702: $? = 0
configure:6710: result: yes
configure:6713: checking whether _XOPEN_SOURCE should be defined
configure:6735: gcc -c -g -O2  conftest.c >&5
configure:6735: $? = 0
configure:6762: result: no
configure:6826: checking build system type
configure:6841: result: x86_64-pc-linux-musl
configure:6861: checking host system type
configure:6875: result: x86_64-pc-linux-musl
configure:6914: checking how to run the C preprocessor
configure:6940: gcc -E  conftest.c
configure:6940: $? = 0
configure:6955: gcc -E  conftest.c
conftest.c:48:10: fatal error: ac_nonexistent.h: No such file or directory
   48 | #include <ac_nonexistent.h>
      |          ^~~~~~~~~~~~~~~~~~
compilation terminated.
configure:6955: $? = 1
configure: failed program was:
| /* confdefs.h */
| #define PACKAGE_NAME "Libidn2"
| #define PACKAGE_TARNAME "libidn2"
| #define PACKAGE_VERSION "2.3.8"
| #define PACKAGE_STRING "Libidn2 2.3.8"
| #define PACKAGE_BUGREPORT "help-libidn@gnu.org"
| #define PACKAGE_URL "https://www.gnu.org/software/libidn/#libidn2"
| #define PACKAGE "libidn2"
| #define VERSION "2.3.8"
| #define HAVE_STDIO_H 1
| #define HAVE_STDLIB_H 1
| #define HAVE_STRING_H 1
| #define HAVE_INTTYPES_H 1
| #define HAVE_STDINT_H 1
| #define HAVE_STRINGS_H 1
| #define HAVE_SYS_STAT_H 1
| #define HAVE_SYS_TYPES_H 1
| #define HAVE_UNISTD_H 1
| #define HAVE_WCHAR_H 1
| #define HAVE_STDBOOL_H 1
| #define HAVE_SYS_SOCKET_H 1
| #define HAVE_GETOPT_H 1
| #define HAVE_LIMITS_H 1
| #define HAVE_SYS_PARAM_H 1
| #define HAVE_SYS_TIME_H 1
| #define HAVE_STDCKDINT_H 1
| #define HAVE_ICONV_H 1
| #define HAVE_FEATURES_H 1
| #define STDC_HEADERS 1
| #define _ALL_SOURCE 1
| #define _DARWIN_C_SOURCE 1
| #define _GNU_SOURCE 1
| #define _HPUX_ALT_XOPEN_SOCKET_API 1
| #define _NETBSD_SOURCE 1
| #define _OPENBSD_SOURCE 1
| #define _POSIX_PTHREAD_SEMANTICS 1
| #define __STDC_WANT_IEC_60559_ATTRIBS_EXT__ 1
| #define __STDC_WANT_IEC_60559_BFP_EXT__ 1
| #define __STDC_WANT_IEC_60559_DFP_EXT__ 1
| #define __STDC_WANT_IEC_60559_EXT__ 1
| #define __STDC_WANT_IEC_60559_FUNCS_EXT__ 1
| #define __STDC_WANT_IEC_60559_TYPES_EXT__ 1
| #define __STDC_WANT_LIB_EXT2__ 1
| #define __STDC_WANT_MATH_SPEC_FUNCS__ 1
| #define _TANDEM_SOURCE 1
| #define __EXTENSIONS__ 1
| /* end confdefs.h.  */
| #include <ac_nonexistent.h>
configure:6982: result: gcc -E
configure:6996: gcc -E  conftest.c
configure:6996: $? = 0
configure:7011: gcc -E  conftest.c
conftest.c:48:10: fatal error: ac_nonexistent.h: No such file or directory
   48 | #include <ac_nonexistent.h>
      |          ^~~~~~~~~~~~~~~~~~
compilation terminated.
configure:7011: $? = 1
configure: failed program was:
| /* confdefs.h */
| #define PACKAGE_NAME "Libidn2"
| #define PACKAGE_TARNAME "libidn2"
| #define PACKAGE_VERSION "2.3.8"
| #define PACKAGE_STRING "Libidn2 2.3.8"
| #define PACKAGE_BUGREPORT "help-libidn@gnu.org"
| #define PACKAGE_URL "https://www.gnu.org/software/libidn/#libidn2"
| #define PACKAGE "libidn2"
| #define VERSION "2.3.8"
| #define HAVE_STDIO_H 1
| #define HAVE_STDLIB_H 1
| #define HAVE_STRING_H 1
| #define HAVE_INTTYPES_H 1
| #define HAVE_STDINT_H 1
| #define HAVE_STRINGS_H 1
| #define HAVE_SYS_STAT_H 1
| #define HAVE_SYS_TYPES_H 1
| #define HAVE_UNISTD_H 1
| #define HAVE_WCHAR_H 1
| #define HAVE_STDBOOL_H 1
| #define HAVE_SYS_SOCKET_H 1
| #define HAVE_GETOPT_H 1
| #define HAVE_LIMITS_H 1
| #define HAVE_SYS_PARAM_H 1
| #define HAVE_SYS_TIME_H 1
| #define HAVE_STDCKDINT_H 1
| #define HAVE_ICONV_H 1
| #define HAVE_FEATURES_H 1
| #define STDC_HEADERS 1
| #define _ALL_SOURCE 1
| #define _DARWIN_C_SOURCE 1
| #define _GNU_SOURCE 1
| #define _HPUX_ALT_XOPEN_SOCKET_API 1
| #define _NETBSD_SOURCE 1
| #define _OPENBSD_SOURCE 1
| #define _POSIX_PTHREAD_SEMANTICS 1
| #define __STDC_WANT_IEC_60559_ATTRIBS_EXT__ 1
| #define __STDC_WANT_IEC_60559_BFP_EXT__ 1
| #define __STDC_WANT_IEC_60559_DFP_EXT__ 1
| #define __STDC_WANT_IEC_60559_EXT__ 1
| #define __STDC_WANT_IEC_60559_FUNCS_EXT__ 1
| #define __STDC_WANT_IEC_60559_TYPES_EXT__ 1
| #define __STDC_WANT_LIB_EXT2__ 1
| #define __STDC_WANT_MATH_SPEC_FUNCS__ 1
| #define _TANDEM_SOURCE 1
| #define __EXTENSIONS__ 1
| /* end confdefs.h.  */
| #include <ac_nonexistent.h>
configure:7042: checking for grep that handles long lines and -e
configure:7106: result: /bin/grep
configure:7111: checking for egrep
configure:7179: result: /bin/grep -E
configure:7187: checking for Minix Amsterdam compiler
configure:7213: result: no
configure:7275: checking for ar
configure:7296: found /usr/bin/ar
configure:7307: result: ar
configure:7387: checking for ranlib
configure:7408: found /usr/bin/ranlib
configure:7419: result: ranlib
configure:7457: checking for gcc option to support large files
configure:7492: gcc -c -g -O2  conftest.c >&5
configure:7492: $? = 0
configure:7498: gcc -c -g -O2  -DFTYPE=ino_t conftest.c >&5
configure:7498: $? = 0
configure:7533: result: none needed
configure:7887: checking how to print strings
configure:7914: result: printf
configure:7935: checking for a sed that does not truncate output
configure:8005: result: /bin/sed
configure:8023: checking for fgrep
configure:8091: result: /bin/grep -F
configure:8127: checking for ld used by gcc
configure:8195: result: /usr/x86_64-alpine-linux-musl/bin/ld
configure:8202: checking if the linker (/usr/x86_64-alpine-linux-musl/bin/ld) is GNU ld
configure:8218: result: yes
configure:8230: checking for BSD- or MS-compatible name lister (nm)
configure:8285: result: /usr/bin/nm -B
configure:8425: checking the name lister (/usr/bin/nm -B) interface
configure:8433: gcc -c -g -O2  conftest.c >&5
configure:8436: /usr/bin/nm -B "conftest.o"
configure:8439: output
0000000000000000 B some_variable
configure:8446: result: BSD nm
configure:8449: checking whether ln -s works
configure:8453: result: yes
configure:8461: checking the maximum length of command line arguments
configure:8593: result: 98304
configure:8641: checking how to convert x86_64-pc-linux-musl file names to x86_64-pc-linux-musl format
configure:8682: result: func_convert_file_noop
configure:8689: checking how to convert x86_64-pc-linux-musl file names to toolchain format
configure:8710: result: func_convert_file_noop
configure:8717: checking for /usr/x86_64-alpine-linux-musl/bin/ld option to reload object files
configure:8725: result: -r
configure:8804: checking for file
configure:8825: found /usr/bin/file
configure:8836: result: file
configure:8912: checking for objdump
configure:8933: found /usr/bin/objdump
configure:8944: result: objdump
configure:8973: checking how to recognize dependent libraries
configure:9174: result: pass_all
configure:9264: checking for dlltool
configure:9299: result: no
configure:9326: checking how to associate runtime and link libraries
configure:9354: result: printf %s\n
configure:9504: checking for archiver @FILE support
configure:9522: gcc -c -g -O2  conftest.c >&5
configure:9522: $? = 0
configure:9526: ar cr libconftest.a @conftest.lst >&5
configure:9529: $? = 0
configure:9534: ar cr libconftest.a @conftest.lst >&5
ar: conftest.o: No such file or directory
configure:9537: $? = 1
configure:9549: result: @
configure:9612: checking for strip
configure:9633: found /usr/bin/strip
configure:9644: result: strip
configure:9721: checking for ranlib
configure:9753: result: ranlib
configure:9855: checking command to parse /usr/bin/nm -B output from gcc object
configure:10009: gcc -c -g -O2  conftest.c >&5
configure:10012: $? = 0
configure:10016: /usr/bin/nm -B conftest.o \| /bin/sed -n -e 's/^.*[ ]\([ABCDGIRSTW][ABCDGIRSTW]*\)[ ][ ]*\([_A-Za-z][_A-Za-z0-9]*\)$/\1 \2 \2/p' | /bin/sed '/ __gnu_lto/d' \> conftest.nm
configure:10019: $? = 0
configure:10085: gcc -o conftest -g -O2   conftest.c conftstm.o >&5
configure:10088: $? = 0
configure:10126: result: ok
configure:10173: checking for sysroot
configure:10204: result: no
configure:10211: checking for a working dd
configure:10255: result: /bin/dd
configure:10259: checking how to truncate binary pipes
configure:10275: result: /bin/dd bs=4096 count=1
configure:10412: gcc -c -g -O2  conftest.c >&5
configure:10415: $? = 0
configure:10612: checking for mt
configure:10647: result: no
configure:10667: checking if : is a manifest tool
configure:10674: : '-?'
configure:10682: result: no
configure:11403: checking for dlfcn.h
configure:11403: gcc -c -g -O2  conftest.c >&5
configure:11403: $? = 0
configure:11403: result: yes
configure:11990: checking for objdir
configure:12006: result: .libs
configure:12270: checking if gcc supports -fno-rtti -fno-exceptions
configure:12289: gcc -c -g -O2  -fno-rtti -fno-exceptions conftest.c >&5
cc1: warning: command-line option '-fno-rtti' is valid for C++/D/ObjC++ but not for C
configure:12293: $? = 0
configure:12306: result: no
configure:12664: checking for gcc option to produce PIC
configure:12672: result: -fPIC -DPIC
configure:12680: checking if gcc PIC flag -fPIC -DPIC works
configure:12699: gcc -c -g -O2  -fPIC -DPIC -DPIC conftest.c >&5
configure:12703: $? = 0
configure:12716: result: yes
configure:12745: checking if gcc static flag -static works
configure:12774: result: yes
configure:12789: checking if gcc supports -c -o file.o
configure:12811: gcc -c -g -O2  -o out/conftest2.o conftest.c >&5
configure:12815: $? = 0
configure:12837: result: yes
configure:12845: checking if gcc supports -c -o file.o
configure:12893: result: yes
configure:12926: checking whether the gcc linker (/usr/x86_64-alpine-linux-musl/bin/ld -m elf_x86_64) supports shared libraries
configure:14194: result: yes
configure:14231: checking whether -lc should be explicitly linked in
configure:14240: gcc -c -g -O2  conftest.c >&5
configure:14243: $? = 0
configure:14258: gcc -shared  -fPIC -DPIC conftest.o  -v -Wl,-soname -Wl,conftest -o conftest 2\>\&1 \| /bin/grep  -lc  \>/dev/null 2\>\&1
configure:14261: $? = 0
configure:14275: result: no
configure:14435: checking dynamic linker characteristics
configure:15017: gcc -o conftest -g -O2   -Wl,-rpath -Wl,/foo conftest.c  >&5
configure:15017: $? = 0
configure:15256: result: GNU/Linux ld.so
configure:15378: checking how to hardcode library paths into programs
configure:15403: result: immediate
configure:15955: checking whether stripping libraries is possible
configure:15964: result: yes
configure:16006: checking if libtool supports shared libraries
configure:16008: result: yes
configure:16011: checking whether to build shared libraries
configure:16036: result: yes
configure:16039: checking whether to build static libraries
configure:16043: result: no
configure:16114: checking for size_t
configure:16114: gcc -c -g -O2  conftest.c >&5
configure:16114: $? = 0
configure:16114: gcc -c -g -O2  conftest.c >&5
conftest.c: In function 'main':
conftest.c:83:21: error: expected expression before ')' token
   83 | if (sizeof ((size_t)))
      |                     ^
configure:16114: $? = 1
configure: failed program was:
| /* confdefs.h */
| #define PACKAGE_NAME "Libidn2"
| #define PACKAGE_TARNAME "libidn2"
| #define PACKAGE_VERSION "2.3.8"
| #define PACKAGE_STRING "Libidn2 2.3.8"
| #define PACKAGE_BUGREPORT "help-libidn@gnu.org"
| #define PACKAGE_URL "https://www.gnu.org/software/libidn/#libidn2"
| #define PACKAGE "libidn2"
| #define VERSION "2.3.8"
| #define HAVE_STDIO_H 1
| #define HAVE_STDLIB_H 1
| #define HAVE_STRING_H 1
| #define HAVE_INTTYPES_H 1
| #define HAVE_STDINT_H 1
| #define HAVE_STRINGS_H 1
| #define HAVE_SYS_STAT_H 1
| #define HAVE_SYS_TYPES_H 1
| #define HAVE_UNISTD_H 1
| #define HAVE_WCHAR_H 1
| #define HAVE_STDBOOL_H 1
| #define HAVE_SYS_SOCKET_H 1
| #define HAVE_GETOPT_H 1
| #define HAVE_LIMITS_H 1
| #define HAVE_SYS_PARAM_H 1
| #define HAVE_SYS_TIME_H 1
| #define HAVE_STDCKDINT_H 1
| #define HAVE_ICONV_H 1
| #define HAVE_FEATURES_H 1
| #define STDC_HEADERS 1
| #define _ALL_SOURCE 1
| #define _DARWIN_C_SOURCE 1
| #define _GNU_SOURCE 1
| #define _HPUX_ALT_XOPEN_SOCKET_API 1
| #define _NETBSD_SOURCE 1
| #define _OPENBSD_SOURCE 1
| #define _POSIX_PTHREAD_SEMANTICS 1
| #define __STDC_WANT_IEC_60559_ATTRIBS_EXT__ 1
| #define __STDC_WANT_IEC_60559_BFP_EXT__ 1
| #define __STDC_WANT_IEC_60559_DFP_EXT__ 1
| #define __STDC_WANT_IEC_60559_EXT__ 1
| #define __STDC_WANT_IEC_60559_FUNCS_EXT__ 1
| #define __STDC_WANT_IEC_60559_TYPES_EXT__ 1
| #define __STDC_WANT_LIB_EXT2__ 1
| #define __STDC_WANT_MATH_SPEC_FUNCS__ 1
| #define _TANDEM_SOURCE 1
| #define __EXTENSIONS__ 1
| #define _LINUX_SOURCE_COMPAT 1
| #define __USE_MINGW_ANSI_STDIO 1
| #define HAVE_DLFCN_H 1
| #define LT_OBJDIR ".libs/"
| /* end confdefs.h.  */
| #include <stddef.h>
| #ifdef HAVE_STDIO_H
| # include <stdio.h>
| #endif
| #ifdef HAVE_STDLIB_H
| # include <stdlib.h>
| #endif
| #ifdef HAVE_STRING_H
| # include <string.h>
| #endif
| #ifdef HAVE_INTTYPES_H
| # include <inttypes.h>
| #endif
| #ifdef HAVE_STDINT_H
| # include <stdint.h>
| #endif
| #ifdef HAVE_STRINGS_H
| # include <strings.h>
| #endif
| #ifdef HAVE_SYS_TYPES_H
| # include <sys/types.h>
| #endif
| #ifdef HAVE_SYS_STAT_H
| # include <sys/stat.h>
| #endif
| #ifdef HAVE_UNISTD_H
| # include <unistd.h>
| #endif
| int
| main (void)
| {
| if (sizeof ((size_t)))
| 	    return 0;
|   ;
|   return 0;
| }
configure:16114: result: yes
configure:16126: checking for working alloca.h
configure:16144: gcc -o conftest -g -O2   conftest.c  >&5
configure:16144: $? = 0
configure:16153: result: yes
configure:16161: checking for alloca
configure:16206: result: yes
configure:16279: checking whether the preprocessor supports include_next
configure:16318: gcc -c -g -O2  -Iconftestd1b -Iconftestd2 conftest.c >&5
configure:16318: $? = 0
configure:16341: result: yes
configure:16363: checking whether source code line length is unlimited
configure:16388: result: yes
configure:16507: checking for _set_invalid_parameter_handler
configure:16507: gcc -o conftest -g -O2   conftest.c  >&5
/usr/lib/gcc/x86_64-alpine-linux-musl/15.2.0/../../../../x86_64-alpine-linux-musl/bin/ld: /tmp/ccKDJjAd.o: in function `main':
/home/bloink/Work/unnamedlinuxdistro/libidn2/conftest.c:81:(.text.startup+0x5): undefined reference to `_set_invalid_parameter_handler'
collect2: error: ld returned 1 exit status
configure:16507: $? = 1
configure: failed program was:
| /* confdefs.h */
| #define PACKAGE_NAME "Libidn2"
| #define PACKAGE_TARNAME "libidn2"
| #define PACKAGE_VERSION "2.3.8"
| #define PACKAGE_STRING "Libidn2 2.3.8"
| #define PACKAGE_BUGREPORT "help-libidn@gnu.org"
| #define PACKAGE_URL "https://www.gnu.org/software/libidn/#libidn2"
| #define PACKAGE "libidn2"
| #define VERSION "2.3.8"
| #define HAVE_STDIO_H 1
| #define HAVE_STDLIB_H 1
| #define HAVE_STRING_H 1
| #define HAVE_INTTYPES_H 1
| #define HAVE_STDINT_H 1
| #define HAVE_STRINGS_H 1
| #define HAVE_SYS_STAT_H 1
| #define HAVE_SYS_TYPES_H 1
| #define HAVE_UNISTD_H 1
| #define HAVE_WCHAR_H 1
| #define HAVE_STDBOOL_H 1
| #define HAVE_SYS_SOCKET_H 1
| #define HAVE_GETOPT_H 1
| #define HAVE_LIMITS_H 1
| #define HAVE_SYS_PARAM_H 1
| #define HAVE_SYS_TIME_H 1
| #define HAVE_STDCKDINT_H 1
| #define HAVE_ICONV_H 1
| #define HAVE_FEATURES_H 1
| #define STDC_HEADERS 1
| #define _ALL_SOURCE 1
| #define _DARWIN_C_SOURCE 1
| #define _GNU_SOURCE 1
| #define _HPUX_ALT_XOPEN_SOCKET_API 1
| #define _NETBSD_SOURCE 1
| #define _OPENBSD_SOURCE 1
| #define _POSIX_PTHREAD_SEMANTICS 1
| #define __STDC_WANT_IEC_60559_ATTRIBS_EXT__ 1
| #define __STDC_WANT_IEC_60559_BFP_EXT__ 1
| #define __STDC_WANT_IEC_60559_DFP_EXT__ 1
| #define __STDC_WANT_IEC_60559_EXT__ 1
| #define __STDC_WANT_IEC_60559_FUNCS_EXT__ 1
| #define __STDC_WANT_IEC_60559_TYPES_EXT__ 1
| #define __STDC_WANT_LIB_EXT2__ 1
| #define __STDC_WANT_MATH_SPEC_FUNCS__ 1
| #define _TANDEM_SOURCE 1
| #define __EXTENSIONS__ 1
| #define _LINUX_SOURCE_COMPAT 1
| #define __USE_MINGW_ANSI_STDIO 1
| #define HAVE_DLFCN_H 1
| #define LT_OBJDIR ".libs/"
| #define HAVE_ALLOCA_H 1
| #define HAVE_ALLOCA 1
| /* end confdefs.h.  */
| /* Define _set_invalid_parameter_handler to an innocuous variant, in case <limits.h> declares _set_invalid_parameter_handler.
|    For example, HP-UX 11i <limits.h> declares gettimeofday.  */
| #define _set_invalid_parameter_handler innocuous__set_invalid_parameter_handler
| 
| /* System header to define __stub macros and hopefully few prototypes,
|    which can conflict with char _set_invalid_parameter_handler (); below.  */
| 
| #include <limits.h>
| #undef _set_invalid_parameter_handler
| 
| /* Override any GCC internal prototype to avoid an error.
|    Use char because int might match the return type of a GCC
|    builtin and then its argument prototype would still apply.  */
| #ifdef __cplusplus
| extern "C"
| #endif
| char _set_invalid_parameter_handler ();
| /* The GNU C library defines this for functions which it implements
|     to always fail with ENOSYS.  Some functions are actually named
|     something starting with __ and the normal name is an alias.  */
| #if defined __stub__set_invalid_parameter_handler || defined __stub____set_invalid_parameter_handler
| choke me
| #endif
| 
| int
| main (void)
| {
| return _set_invalid_parameter_handler ();
|   ;
|   return 0;
| }
configure:16507: result: no
configure:16507: checking for fcntl
configure:16507: gcc -o conftest -g -O2   conftest.c  >&5
configure:16507: $? = 0
configure:16507: result: yes
configure:16507: checking for symlink
configure:16507: gcc -o conftest -g -O2   conftest.c  >&5
configure:16507: $? = 0
configure:16507: result: yes
configure:16507: checking for getdtablesize
configure:16507: gcc -o conftest -g -O2   conftest.c  >&5
configure:16507: $? = 0
configure:16507: result: yes
configure:16507: checking for getexecname
configure:16507: gcc -o conftest -g -O2   conftest.c  >&5
/usr/lib/gcc/x86_64-alpine-linux-musl/15.2.0/../../../../x86_64-alpine-linux-musl/bin/ld: /tmp/ccIjIGgh.o: in function `main':
/home/bloink/Work/unnamedlinuxdistro/libidn2/conftest.c:84:(.text.startup+0x5): undefined reference to `getexecname'
collect2: error: ld returned 1 exit status
configure:16507: $? = 1
configure: failed program was:
| /* confdefs.h */
| #define PACKAGE_NAME "Libidn2"
| #define PACKAGE_TARNAME "libidn2"
| #define PACKAGE_VERSION "2.3.8"
| #define PACKAGE_STRING "Libidn2 2.3.8"
| #define PACKAGE_BUGREPORT "help-libidn@gnu.org"
| #define PACKAGE_URL "https://www.gnu.org/software/libidn/#libidn2"
| #define PACKAGE "libidn2"
| #define VERSION "2.3.8"
| #define HAVE_STDIO_H 1
| #define HAVE_STDLIB_H 1
| #define HAVE_STRING_H 1
| #define HAVE_INTTYPES_H 1
| #define HAVE_STDINT_H 1
| #define HAVE_STRINGS_H 1
| #define HAVE_SYS_STAT_H 1
| #define HAVE_SYS_TYPES_H 1
| #define HAVE_UNISTD_H 1
| #define HAVE_WCHAR_H 1
| #define HAVE_STDBOOL_H 1
| #define HAVE_SYS_SOCKET_H 1
| #define HAVE_GETOPT_H 1
| #define HAVE_LIMITS_H 1
| #define HAVE_SYS_PARAM_H 1
| #define HAVE_SYS_TIME_H 1
| #define HAVE_STDCKDINT_H 1
| #define HAVE_ICONV_H 1
| #define HAVE_FEATURES_H 1
| #define STDC_HEADERS 1
| #define _ALL_SOURCE 1
| #define _DARWIN_C_SOURCE 1
| #define _GNU_SOURCE 1
| #define _HPUX_ALT_XOPEN_SOCKET_API 1
| #define _NETBSD_SOURCE 1
| #define _OPENBSD_SOURCE 1
| #define _POSIX_PTHREAD_SEMANTICS 1
| #define __STDC_WANT_IEC_60559_ATTRIBS_EXT__ 1
| #define __STDC_WANT_IEC_60559_BFP_EXT__ 1
| #define __STDC_WANT_IEC_60559_DFP_EXT__ 1
| #define __STDC_WANT_IEC_60559_EXT__ 1
| #define __STDC_WANT_IEC_60559_FUNCS_EXT__ 1
| #define __STDC_WANT_IEC_60559_TYPES_EXT__ 1
| #define __STDC_WANT_LIB_EXT2__ 1
| #define __STDC_WANT_MATH_SPEC_FUNCS__ 1
| #define _TANDEM_SOURCE 1
| #define __EXTENSIONS__ 1
| #define _LINUX_SOURCE_COMPAT 1
| #define __USE_MINGW_ANSI_STDIO 1
| #define HAVE_DLFCN_H 1
| #define LT_OBJDIR ".libs/"
| #define HAVE_ALLOCA_H 1
| #define HAVE_ALLOCA 1
| #define HAVE_FCNTL 1
| #define HAVE_SYMLINK 1
| #define HAVE_GETDTABLESIZE 1
| /* end confdefs.h.  */
| /* Define getexecname to an innocuous variant, in case <limits.h> declares getexecname.
|    For example, HP-UX 11i <limits.h> declares gettimeofday.  */
| #define getexecname innocuous_getexecname
| 
| /* System header to define __stub macros and hopefully few prototypes,
|    which can conflict with char getexecname (); below.  */
| 
| #include <limits.h>
| #undef getexecname
| 
| /* Override any GCC internal prototype to avoid an error.
|    Use char because int might match the return type of a GCC
|    builtin and then its argument prototype would still apply.  */
| #ifdef __cplusplus
| extern "C"
| #endif
| char getexecname ();
| /* The GNU C library defines this for functions which it implements
|     to always fail with ENOSYS.  Some functions are actually named
|     something starting with __ and the normal name is an alias.  */
| #if defined __stub_getexecname || defined __stub___getexecname
| choke me
| #endif
| 
| int
| main (void)
| {
| return getexecname ();
|   ;
|   return 0;
| }
configure:16507: result: no
configure:16507: checking for lstat
configure:16507: gcc -o conftest -g -O2   conftest.c  >&5
configure:16507: $? = 0
configure:16507: result: yes
configure:16963: checking for complete errno.h
configure:17041: result: yes
configure:17347: checking for gcc options needed to detect all undeclared functions
configure:17369: gcc -c -g -O2   conftest.c >&5
conftest.c: In function 'main':
conftest.c:62:8: error: 'strchr' undeclared (first use in this function)
   62 | (void) strchr;
      |        ^~~~~~
conftest.c:1:1: note: 'strchr' is defined in header '<string.h>'; this is probably fixable by adding '#include <string.h>'
    1 | /* confdefs.h */
conftest.c:62:8: note: each undeclared identifier is reported only once for each function it appears in
   62 | (void) strchr;
      |        ^~~~~~
configure:17369: $? = 1
configure: failed program was:
| /* confdefs.h */
| #define PACKAGE_NAME "Libidn2"
| #define PACKAGE_TARNAME "libidn2"
| #define PACKAGE_VERSION "2.3.8"
| #define PACKAGE_STRING "Libidn2 2.3.8"
| #define PACKAGE_BUGREPORT "help-libidn@gnu.org"
| #define PACKAGE_URL "https://www.gnu.org/software/libidn/#libidn2"
| #define PACKAGE "libidn2"
| #define VERSION "2.3.8"
| #define HAVE_STDIO_H 1
| #define HAVE_STDLIB_H 1
| #define HAVE_STRING_H 1
| #define HAVE_INTTYPES_H 1
| #define HAVE_STDINT_H 1
| #define HAVE_STRINGS_H 1
| #define HAVE_SYS_STAT_H 1
| #define HAVE_SYS_TYPES_H 1
| #define HAVE_UNISTD_H 1
| #define HAVE_WCHAR_H 1
| #define HAVE_STDBOOL_H 1
| #define HAVE_SYS_SOCKET_H 1
| #define HAVE_GETOPT_H 1
| #define HAVE_LIMITS_H 1
| #define HAVE_SYS_PARAM_H 1
| #define HAVE_SYS_TIME_H 1
| #define HAVE_STDCKDINT_H 1
| #define HAVE_ICONV_H 1
| #define HAVE_FEATURES_H 1
| #define STDC_HEADERS 1
| #define _ALL_SOURCE 1
| #define _DARWIN_C_SOURCE 1
| #define _GNU_SOURCE 1
| #define _HPUX_ALT_XOPEN_SOCKET_API 1
| #define _NETBSD_SOURCE 1
| #define _OPENBSD_SOURCE 1
| #define _POSIX_PTHREAD_SEMANTICS 1
| #define __STDC_WANT_IEC_60559_ATTRIBS_EXT__ 1
| #define __STDC_WANT_IEC_60559_BFP_EXT__ 1
| #define __STDC_WANT_IEC_60559_DFP_EXT__ 1
| #define __STDC_WANT_IEC_60559_EXT__ 1
| #define __STDC_WANT_IEC_60559_FUNCS_EXT__ 1
| #define __STDC_WANT_IEC_60559_TYPES_EXT__ 1
| #define __STDC_WANT_LIB_EXT2__ 1
| #define __STDC_WANT_MATH_SPEC_FUNCS__ 1
| #define _TANDEM_SOURCE 1
| #define __EXTENSIONS__ 1
| #define _LINUX_SOURCE_COMPAT 1
| #define __USE_MINGW_ANSI_STDIO 1
| #define HAVE_DLFCN_H 1
| #define LT_OBJDIR ".libs/"
| #define HAVE_ALLOCA_H 1
| #define HAVE_ALLOCA 1
| #define HAVE_FCNTL 1
| #define HAVE_SYMLINK 1
| #define HAVE_GETDTABLESIZE 1
| #define HAVE_LSTAT 1
| /* end confdefs.h.  */
| 
| int
| main (void)
| {
| (void) strchr;
|   ;
|   return 0;
| }
configure:17396: gcc -c -g -O2   conftest.c >&5
configure:17396: $? = 0
configure:17413: result: none needed
configure:17519: checking for error
configure:17556: checking for error
configure:17556: gcc -o conftest -g -O2   conftest.c  >&5
/usr/lib/gcc/x86_64-alpine-linux-musl/15.2.0/../../../../x86_64-alpine-linux-musl/bin/ld: /tmp/cchlNFAm.o: in function `main':
/home/bloink/Work/unnamedlinuxdistro/libidn2/conftest.c:85:(.text.startup+0x5): undefined reference to `error'
collect2: error: ld returned 1 exit status
configure:17556: $? = 1
configure: failed program was:
| /* confdefs.h */
| #define PACKAGE_NAME "Libidn2"
| #define PACKAGE_TARNAME "libidn2"
| #define PACKAGE_VERSION "2.3.8"
| #define PACKAGE_STRING "Libidn2 2.3.8"
| #define PACKAGE_BUGREPORT "help-libidn@gnu.org"
| #define PACKAGE_URL "https://www.gnu.org/software/libidn/#libidn2"
| #define PACKAGE "libidn2"
| #define VERSION "2.3.8"
| #define HAVE_STDIO_H 1
| #define HAVE_STDLIB_H 1
| #define HAVE_STRING_H 1
| #define HAVE_INTTYPES_H 1
| #define HAVE_STDINT_H 1
| #define HAVE_STRINGS_H 1
| #define HAVE_SYS_STAT_H 1
| #define HAVE_SYS_TYPES_H 1
| #define HAVE_UNISTD_H 1
| #define HAVE_WCHAR_H 1
| #define HAVE_STDBOOL_H 1
| #define HAVE_SYS_SOCKET_H 1
| #define HAVE_GETOPT_H 1
| #define HAVE_LIMITS_H 1
| #define HAVE_SYS_PARAM_H 1
| #define HAVE_SYS_TIME_H 1
| #define HAVE_STDCKDINT_H 1
| #define HAVE_ICONV_H 1
| #define HAVE_FEATURES_H 1
| #define STDC_HEADERS 1
| #define _ALL_SOURCE 1
| #define _DARWIN_C_SOURCE 1
| #define _GNU_SOURCE 1
| #define _HPUX_ALT_XOPEN_SOCKET_API 1
| #define _NETBSD_SOURCE 1
| #define _OPENBSD_SOURCE 1
| #define _POSIX_PTHREAD_SEMANTICS 1
| #define __STDC_WANT_IEC_60559_ATTRIBS_EXT__ 1
| #define __STDC_WANT_IEC_60559_BFP_EXT__ 1
| #define __STDC_WANT_IEC_60559_DFP_EXT__ 1
| #define __STDC_WANT_IEC_60559_EXT__ 1
| #define __STDC_WANT_IEC_60559_FUNCS_EXT__ 1
| #define __STDC_WANT_IEC_60559_TYPES_EXT__ 1
| #define __STDC_WANT_LIB_EXT2__ 1
| #define __STDC_WANT_MATH_SPEC_FUNCS__ 1
| #define _TANDEM_SOURCE 1
| #define __EXTENSIONS__ 1
| #define _LINUX_SOURCE_COMPAT 1
| #define __USE_MINGW_ANSI_STDIO 1
| #define HAVE_DLFCN_H 1
| #define LT_OBJDIR ".libs/"
| #define HAVE_ALLOCA_H 1
| #define HAVE_ALLOCA 1
| #define HAVE_FCNTL 1
| #define HAVE_SYMLINK 1
| #define HAVE_GETDTABLESIZE 1
| #define HAVE_LSTAT 1
| /* end confdefs.h.  */
| /* Define error to an innocuous variant, in case <limits.h> declares error.
|    For example, HP-UX 11i <limits.h> declares gettimeofday.  */
| #define error innocuous_error
| 
| /* System header to define __stub macros and hopefully few prototypes,
|    which can conflict with char error (); below.  */
| 
| #include <limits.h>
| #undef error
| 
| /* Override any GCC internal prototype to avoid an error.
|    Use char because int might match the return type of a GCC
|    builtin and then its argument prototype would still apply.  */
| #ifdef __cplusplus
| extern "C"
| #endif
| char error ();
| /* The GNU C library defines this for functions which it implements
|     to always fail with ENOSYS.  Some functions are actually named
|     something starting with __ and the normal name is an alias.  */
| #if defined __stub_error || defined __stub___error
| choke me
| #endif
| 
| int
| main (void)
| {
| return error ();
|   ;
|   return 0;
| }
configure:17556: result: no
configure:17571: result: no
configure:17594: checking whether error_at_line is declared
configure:17594: gcc -c -g -O2   conftest.c >&5
conftest.c:58:10: fatal error: error.h: No such file or directory
   58 | #include <error.h>
      |          ^~~~~~~~~
compilation terminated.
configure:17594: $? = 1
configure: failed program was:
| /* confdefs.h */
| #define PACKAGE_NAME "Libidn2"
| #define PACKAGE_TARNAME "libidn2"
| #define PACKAGE_VERSION "2.3.8"
| #define PACKAGE_STRING "Libidn2 2.3.8"
| #define PACKAGE_BUGREPORT "help-libidn@gnu.org"
| #define PACKAGE_URL "https://www.gnu.org/software/libidn/#libidn2"
| #define PACKAGE "libidn2"
| #define VERSION "2.3.8"
| #define HAVE_STDIO_H 1
| #define HAVE_STDLIB_H 1
| #define HAVE_STRING_H 1
| #define HAVE_INTTYPES_H 1
| #define HAVE_STDINT_H 1
| #define HAVE_STRINGS_H 1
| #define HAVE_SYS_STAT_H 1
| #define HAVE_SYS_TYPES_H 1
| #define HAVE_UNISTD_H 1
| #define HAVE_WCHAR_H 1
| #define HAVE_STDBOOL_H 1
| #define HAVE_SYS_SOCKET_H 1
| #define HAVE_GETOPT_H 1
| #define HAVE_LIMITS_H 1
| #define HAVE_SYS_PARAM_H 1
| #define HAVE_SYS_TIME_H 1
| #define HAVE_STDCKDINT_H 1
| #define HAVE_ICONV_H 1
| #define HAVE_FEATURES_H 1
| #define STDC_HEADERS 1
| #define _ALL_SOURCE 1
| #define _DARWIN_C_SOURCE 1
| #define _GNU_SOURCE 1
| #define _HPUX_ALT_XOPEN_SOCKET_API 1
| #define _NETBSD_SOURCE 1
| #define _OPENBSD_SOURCE 1
| #define _POSIX_PTHREAD_SEMANTICS 1
| #define __STDC_WANT_IEC_60559_ATTRIBS_EXT__ 1
| #define __STDC_WANT_IEC_60559_BFP_EXT__ 1
| #define __STDC_WANT_IEC_60559_DFP_EXT__ 1
| #define __STDC_WANT_IEC_60559_EXT__ 1
| #define __STDC_WANT_IEC_60559_FUNCS_EXT__ 1
| #define __STDC_WANT_IEC_60559_TYPES_EXT__ 1
| #define __STDC_WANT_LIB_EXT2__ 1
| #define __STDC_WANT_MATH_SPEC_FUNCS__ 1
| #define _TANDEM_SOURCE 1
| #define __EXTENSIONS__ 1
| #define _LINUX_SOURCE_COMPAT 1
| #define __USE_MINGW_ANSI_STDIO 1
| #define HAVE_DLFCN_H 1
| #define LT_OBJDIR ".libs/"
| #define HAVE_ALLOCA_H 1
| #define HAVE_ALLOCA 1
| #define HAVE_FCNTL 1
| #define HAVE_SYMLINK 1
| #define HAVE_GETDTABLESIZE 1
| #define HAVE_LSTAT 1
| /* end confdefs.h.  */
| #include <error.h>
| 
| int
| main (void)
| {
| #ifndef error_at_line
| #ifdef __cplusplus
|   (void) error_at_line;
| #else
|   (void) error_at_line;
| #endif
| #endif
| 
|   ;
|   return 0;
| }
configure:17594: result: no
configure:17743: checking whether strerror_r is declared
configure:17743: gcc -c -g -O2   conftest.c >&5
configure:17743: $? = 0
configure:17743: result: yes
configure:17762: checking whether strerror_r returns char *
configure:17787: gcc -c -g -O2  conftest.c >&5
conftest.c: In function 'main':
conftest.c:66:20: error: invalid type argument of unary '*' (have 'int')
   66 |           char x = *strerror_r (0, buf, sizeof buf);
      |                    ^~~~~~~~~~~~~~~~~~~~~~~~~~~~~~~~
conftest.c:67:21: error: initialization of 'char *' from 'int' makes pointer from integer without a cast [-Wint-conversion]
   67 |           char *p = strerror_r (0, buf, sizeof buf);
      |                     ^~~~~~~~~~
configure:17787: $? = 1
configure: failed program was:
| /* confdefs.h */
| #define PACKAGE_NAME "Libidn2"
| #define PACKAGE_TARNAME "libidn2"
| #define PACKAGE_VERSION "2.3.8"
| #define PACKAGE_STRING "Libidn2 2.3.8"
| #define PACKAGE_BUGREPORT "help-libidn@gnu.org"
| #define PACKAGE_URL "https://www.gnu.org/software/libidn/#libidn2"
| #define PACKAGE "libidn2"
| #define VERSION "2.3.8"
| #define HAVE_STDIO_H 1
| #define HAVE_STDLIB_H 1
| #define HAVE_STRING_H 1
| #define HAVE_INTTYPES_H 1
| #define HAVE_STDINT_H 1
| #define HAVE_STRINGS_H 1
| #define HAVE_SYS_STAT_H 1
| #define HAVE_SYS_TYPES_H 1
| #define HAVE_UNISTD_H 1
| #define HAVE_WCHAR_H 1
| #define HAVE_STDBOOL_H 1
| #define HAVE_SYS_SOCKET_H 1
| #define HAVE_GETOPT_H 1
| #define HAVE_LIMITS_H 1
| #define HAVE_SYS_PARAM_H 1
| #define HAVE_SYS_TIME_H 1
| #define HAVE_STDCKDINT_H 1
| #define HAVE_ICONV_H 1
| #define HAVE_FEATURES_H 1
| #define STDC_HEADERS 1
| #define _ALL_SOURCE 1
| #define _DARWIN_C_SOURCE 1
| #define _GNU_SOURCE 1
| #define _HPUX_ALT_XOPEN_SOCKET_API 1
| #define _NETBSD_SOURCE 1
| #define _OPENBSD_SOURCE 1
| #define _POSIX_PTHREAD_SEMANTICS 1
| #define __STDC_WANT_IEC_60559_ATTRIBS_EXT__ 1
| #define __STDC_WANT_IEC_60559_BFP_EXT__ 1
| #define __STDC_WANT_IEC_60559_DFP_EXT__ 1
| #define __STDC_WANT_IEC_60559_EXT__ 1
| #define __STDC_WANT_IEC_60559_FUNCS_EXT__ 1
| #define __STDC_WANT_IEC_60559_TYPES_EXT__ 1
| #define __STDC_WANT_LIB_EXT2__ 1
| #define __STDC_WANT_MATH_SPEC_FUNCS__ 1
| #define _TANDEM_SOURCE 1
| #define __EXTENSIONS__ 1
| #define _LINUX_SOURCE_COMPAT 1
| #define __USE_MINGW_ANSI_STDIO 1
| #define HAVE_DLFCN_H 1
| #define LT_OBJDIR ".libs/"
| #define HAVE_ALLOCA_H 1
| #define HAVE_ALLOCA 1
| #define HAVE_FCNTL 1
| #define HAVE_SYMLINK 1
| #define HAVE_GETDTABLESIZE 1
| #define HAVE_LSTAT 1
| #define HAVE_DECL_STRERROR_R 1
| #define HAVE_STRERROR_R 1
| /* end confdefs.h.  */
| #include <string.h>
| int
| main (void)
| {
| 
| 	  char buf[100];
| 	  char x = *strerror_r (0, buf, sizeof buf);
| 	  char *p = strerror_r (0, buf, sizeof buf);
| 	  return !p || x;
| 
|   ;
|   return 0;
| }
configure:17796: result: no
configure:17808: checking whether ctype.h defines __header_inline
configure:17822: gcc -E  conftest.c
conftest.c:62:28: error: #error "<ctype.h> does not define __header_inline"
   62 |                           #error "<ctype.h> does not define __header_inline"
      |                            ^~~~~
configure:17822: $? = 1
configure: failed program was:
| /* confdefs.h */
| #define PACKAGE_NAME "Libidn2"
| #define PACKAGE_TARNAME "libidn2"
| #define PACKAGE_VERSION "2.3.8"
| #define PACKAGE_STRING "Libidn2 2.3.8"
| #define PACKAGE_BUGREPORT "help-libidn@gnu.org"
| #define PACKAGE_URL "https://www.gnu.org/software/libidn/#libidn2"
| #define PACKAGE "libidn2"
| #define VERSION "2.3.8"
| #define HAVE_STDIO_H 1
| #define HAVE_STDLIB_H 1
| #define HAVE_STRING_H 1
| #define HAVE_INTTYPES_H 1
| #define HAVE_STDINT_H 1
| #define HAVE_STRINGS_H 1
| #define HAVE_SYS_STAT_H 1
| #define HAVE_SYS_TYPES_H 1
| #define HAVE_UNISTD_H 1
| #define HAVE_WCHAR_H 1
| #define HAVE_STDBOOL_H 1
| #define HAVE_SYS_SOCKET_H 1
| #define HAVE_GETOPT_H 1
| #define HAVE_LIMITS_H 1
| #define HAVE_SYS_PARAM_H 1
| #define HAVE_SYS_TIME_H 1
| #define HAVE_STDCKDINT_H 1
| #define HAVE_ICONV_H 1
| #define HAVE_FEATURES_H 1
| #define STDC_HEADERS 1
| #define _ALL_SOURCE 1
| #define _DARWIN_C_SOURCE 1
| #define _GNU_SOURCE 1
| #define _HPUX_ALT_XOPEN_SOCKET_API 1
| #define _NETBSD_SOURCE 1
| #define _OPENBSD_SOURCE 1
| #define _POSIX_PTHREAD_SEMANTICS 1
| #define __STDC_WANT_IEC_60559_ATTRIBS_EXT__ 1
| #define __STDC_WANT_IEC_60559_BFP_EXT__ 1
| #define __STDC_WANT_IEC_60559_DFP_EXT__ 1
| #define __STDC_WANT_IEC_60559_EXT__ 1
| #define __STDC_WANT_IEC_60559_FUNCS_EXT__ 1
| #define __STDC_WANT_IEC_60559_TYPES_EXT__ 1
| #define __STDC_WANT_LIB_EXT2__ 1
| #define __STDC_WANT_MATH_SPEC_FUNCS__ 1
| #define _TANDEM_SOURCE 1
| #define __EXTENSIONS__ 1
| #define _LINUX_SOURCE_COMPAT 1
| #define __USE_MINGW_ANSI_STDIO 1
| #define HAVE_DLFCN_H 1
| #define LT_OBJDIR ".libs/"
| #define HAVE_ALLOCA_H 1
| #define HAVE_ALLOCA 1
| #define HAVE_FCNTL 1
| #define HAVE_SYMLINK 1
| #define HAVE_GETDTABLESIZE 1
| #define HAVE_LSTAT 1
| #define HAVE_DECL_STRERROR_R 1
| #define HAVE_STRERROR_R 1
| /* end confdefs.h.  */
| #include <ctype.h>
|                          #ifndef __header_inline
|                           #error "<ctype.h> does not define __header_inline"
|                          #endif
| 
configure:17830: result: no
configure:17885: checking for working fcntl.h
configure:17999: gcc -o conftest -g -O2   conftest.c  >&5
configure:17999: $? = 0
configure:17999: ./conftest
configure:17999: $? = 0
configure:18016: result: yes
configure:18036: checking for pid_t
configure:18036: gcc -c -g -O2  conftest.c >&5
configure:18036: $? = 0
configure:18036: gcc -c -g -O2  conftest.c >&5
conftest.c: In function 'main':
conftest.c:94:20: error: expected expression before ')' token
   94 | if (sizeof ((pid_t)))
      |                    ^
configure:18036: $? = 1
configure: failed program was:
| /* confdefs.h */
| #define PACKAGE_NAME "Libidn2"
| #define PACKAGE_TARNAME "libidn2"
| #define PACKAGE_VERSION "2.3.8"
| #define PACKAGE_STRING "Libidn2 2.3.8"
| #define PACKAGE_BUGREPORT "help-libidn@gnu.org"
| #define PACKAGE_URL "https://www.gnu.org/software/libidn/#libidn2"
| #define PACKAGE "libidn2"
| #define VERSION "2.3.8"
| #define HAVE_STDIO_H 1
| #define HAVE_STDLIB_H 1
| #define HAVE_STRING_H 1
| #define HAVE_INTTYPES_H 1
| #define HAVE_STDINT_H 1
| #define HAVE_STRINGS_H 1
| #define HAVE_SYS_STAT_H 1
| #define HAVE_SYS_TYPES_H 1
| #define HAVE_UNISTD_H 1
| #define HAVE_WCHAR_H 1
| #define HAVE_STDBOOL_H 1
| #define HAVE_SYS_SOCKET_H 1
| #define HAVE_GETOPT_H 1
| #define HAVE_LIMITS_H 1
| #define HAVE_SYS_PARAM_H 1
| #define HAVE_SYS_TIME_H 1
| #define HAVE_STDCKDINT_H 1
| #define HAVE_ICONV_H 1
| #define HAVE_FEATURES_H 1
| #define STDC_HEADERS 1
| #define _ALL_SOURCE 1
| #define _DARWIN_C_SOURCE 1
| #define _GNU_SOURCE 1
| #define _HPUX_ALT_XOPEN_SOCKET_API 1
| #define _NETBSD_SOURCE 1
| #define _OPENBSD_SOURCE 1
| #define _POSIX_PTHREAD_SEMANTICS 1
| #define __STDC_WANT_IEC_60559_ATTRIBS_EXT__ 1
| #define __STDC_WANT_IEC_60559_BFP_EXT__ 1
| #define __STDC_WANT_IEC_60559_DFP_EXT__ 1
| #define __STDC_WANT_IEC_60559_EXT__ 1
| #define __STDC_WANT_IEC_60559_FUNCS_EXT__ 1
| #define __STDC_WANT_IEC_60559_TYPES_EXT__ 1
| #define __STDC_WANT_LIB_EXT2__ 1
| #define __STDC_WANT_MATH_SPEC_FUNCS__ 1
| #define _TANDEM_SOURCE 1
| #define __EXTENSIONS__ 1
| #define _LINUX_SOURCE_COMPAT 1
| #define __USE_MINGW_ANSI_STDIO 1
| #define HAVE_DLFCN_H 1
| #define LT_OBJDIR ".libs/"
| #define HAVE_ALLOCA_H 1
| #define HAVE_ALLOCA 1
| #define HAVE_FCNTL 1
| #define HAVE_SYMLINK 1
| #define HAVE_GETDTABLESIZE 1
| #define HAVE_LSTAT 1
| #define HAVE_DECL_STRERROR_R 1
| #define HAVE_STRERROR_R 1
| #define HAVE_WORKING_O_NOATIME 1
| #define HAVE_WORKING_O_NOFOLLOW 1
| /* end confdefs.h.  */
| #include <stddef.h>
| #ifdef HAVE_STDIO_H
| # include <stdio.h>
| #endif
| #ifdef HAVE_STDLIB_H
| # include <stdlib.h>
| #endif
| #ifdef HAVE_STRING_H
| # include <string.h>
| #endif
| #ifdef HAVE_INTTYPES_H
| # include <inttypes.h>
| #endif
| #ifdef HAVE_STDINT_H
| # include <stdint.h>
| #endif
| #ifdef HAVE_STRINGS_H
| # include <strings.h>
| #endif
| #ifdef HAVE_SYS_TYPES_H
| # include <sys/types.h>
| #endif
| #ifdef HAVE_SYS_STAT_H
| # include <sys/stat.h>
| #endif
| #ifdef HAVE_UNISTD_H
| # include <unistd.h>
| #endif
| 
| int
| main (void)
| {
| if (sizeof ((pid_t)))
| 	    return 0;
|   ;
|   return 0;
| }
configure:18036: result: yes
configure:18072: checking for mode_t
configure:18072: gcc -c -g -O2  conftest.c >&5
configure:18072: $? = 0
configure:18072: gcc -c -g -O2  conftest.c >&5
conftest.c: In function 'main':
conftest.c:93:21: error: expected expression before ')' token
   93 | if (sizeof ((mode_t)))
      |                     ^
configure:18072: $? = 1
configure: failed program was:
| /* confdefs.h */
| #define PACKAGE_NAME "Libidn2"
| #define PACKAGE_TARNAME "libidn2"
| #define PACKAGE_VERSION "2.3.8"
| #define PACKAGE_STRING "Libidn2 2.3.8"
| #define PACKAGE_BUGREPORT "help-libidn@gnu.org"
| #define PACKAGE_URL "https://www.gnu.org/software/libidn/#libidn2"
| #define PACKAGE "libidn2"
| #define VERSION "2.3.8"
| #define HAVE_STDIO_H 1
| #define HAVE_STDLIB_H 1
| #define HAVE_STRING_H 1
| #define HAVE_INTTYPES_H 1
| #define HAVE_STDINT_H 1
| #define HAVE_STRINGS_H 1
| #define HAVE_SYS_STAT_H 1
| #define HAVE_SYS_TYPES_H 1
| #define HAVE_UNISTD_H 1
| #define HAVE_WCHAR_H 1
| #define HAVE_STDBOOL_H 1
| #define HAVE_SYS_SOCKET_H 1
| #define HAVE_GETOPT_H 1
| #define HAVE_LIMITS_H 1
| #define HAVE_SYS_PARAM_H 1
| #define HAVE_SYS_TIME_H 1
| #define HAVE_STDCKDINT_H 1
| #define HAVE_ICONV_H 1
| #define HAVE_FEATURES_H 1
| #define STDC_HEADERS 1
| #define _ALL_SOURCE 1
| #define _DARWIN_C_SOURCE 1
| #define _GNU_SOURCE 1
| #define _HPUX_ALT_XOPEN_SOCKET_API 1
| #define _NETBSD_SOURCE 1
| #define _OPENBSD_SOURCE 1
| #define _POSIX_PTHREAD_SEMANTICS 1
| #define __STDC_WANT_IEC_60559_ATTRIBS_EXT__ 1
| #define __STDC_WANT_IEC_60559_BFP_EXT__ 1
| #define __STDC_WANT_IEC_60559_DFP_EXT__ 1
| #define __STDC_WANT_IEC_60559_EXT__ 1
| #define __STDC_WANT_IEC_60559_FUNCS_EXT__ 1
| #define __STDC_WANT_IEC_60559_TYPES_EXT__ 1
| #define __STDC_WANT_LIB_EXT2__ 1
| #define __STDC_WANT_MATH_SPEC_FUNCS__ 1
| #define _TANDEM_SOURCE 1
| #define __EXTENSIONS__ 1
| #define _LINUX_SOURCE_COMPAT 1
| #define __USE_MINGW_ANSI_STDIO 1
| #define HAVE_DLFCN_H 1
| #define LT_OBJDIR ".libs/"
| #define HAVE_ALLOCA_H 1
| #define HAVE_ALLOCA 1
| #define HAVE_FCNTL 1
| #define HAVE_SYMLINK 1
| #define HAVE_GETDTABLESIZE 1
| #define HAVE_LSTAT 1
| #define HAVE_DECL_STRERROR_R 1
| #define HAVE_STRERROR_R 1
| #define HAVE_WORKING_O_NOATIME 1
| #define HAVE_WORKING_O_NOFOLLOW 1
| /* end confdefs.h.  */
| #include <stddef.h>
| #ifdef HAVE_STDIO_H
| # include <stdio.h>
| #endif
| #ifdef HAVE_STDLIB_H
| # include <stdlib.h>
| #endif
| #ifdef HAVE_STRING_H
| # include <string.h>
| #endif
| #ifdef HAVE_INTTYPES_H
| # include <inttypes.h>
| #endif
| #ifdef HAVE_STDINT_H
| # include <stdint.h>
| #endif
| #ifdef HAVE_STRINGS_H
| # include <strings.h>
| #endif
| #ifdef HAVE_SYS_TYPES_H
| # include <sys/types.h>
| #endif
| #ifdef HAVE_SYS_STAT_H
| # include <sys/stat.h>
| #endif
| #ifdef HAVE_UNISTD_H
| # include <unistd.h>
| #endif
| int
| main (void)
| {
| if (sizeof ((mode_t)))
| 	    return 0;
|   ;
|   return 0;
| }
configure:18072: result: yes
configure:18193: checking whether stat file-mode macros are broken
configure:18221: gcc -c -g -O2  conftest.c >&5
configure:18221: $? = 0
configure:18229: result: no
configure:18319: checking for C/C++ restrict keyword
configure:18349: gcc -c -g -O2  conftest.c >&5
configure:18349: $? = 0
configure:18358: result: __restrict__
configure:18466: checking for nlink_t
configure:18466: gcc -c -g -O2  conftest.c >&5
configure:18466: $? = 0
configure:18466: gcc -c -g -O2  conftest.c >&5
conftest.c: In function 'main':
conftest.c:69:22: error: expected expression before ')' token
   69 | if (sizeof ((nlink_t)))
      |                      ^
configure:18466: $? = 1
configure: failed program was:
| /* confdefs.h */
| #define PACKAGE_NAME "Libidn2"
| #define PACKAGE_TARNAME "libidn2"
| #define PACKAGE_VERSION "2.3.8"
| #define PACKAGE_STRING "Libidn2 2.3.8"
| #define PACKAGE_BUGREPORT "help-libidn@gnu.org"
| #define PACKAGE_URL "https://www.gnu.org/software/libidn/#libidn2"
| #define PACKAGE "libidn2"
| #define VERSION "2.3.8"
| #define HAVE_STDIO_H 1
| #define HAVE_STDLIB_H 1
| #define HAVE_STRING_H 1
| #define HAVE_INTTYPES_H 1
| #define HAVE_STDINT_H 1
| #define HAVE_STRINGS_H 1
| #define HAVE_SYS_STAT_H 1
| #define HAVE_SYS_TYPES_H 1
| #define HAVE_UNISTD_H 1
| #define HAVE_WCHAR_H 1
| #define HAVE_STDBOOL_H 1
| #define HAVE_SYS_SOCKET_H 1
| #define HAVE_GETOPT_H 1
| #define HAVE_LIMITS_H 1
| #define HAVE_SYS_PARAM_H 1
| #define HAVE_SYS_TIME_H 1
| #define HAVE_STDCKDINT_H 1
| #define HAVE_ICONV_H 1
| #define HAVE_FEATURES_H 1
| #define STDC_HEADERS 1
| #define _ALL_SOURCE 1
| #define _DARWIN_C_SOURCE 1
| #define _GNU_SOURCE 1
| #define _HPUX_ALT_XOPEN_SOCKET_API 1
| #define _NETBSD_SOURCE 1
| #define _OPENBSD_SOURCE 1
| #define _POSIX_PTHREAD_SEMANTICS 1
| #define __STDC_WANT_IEC_60559_ATTRIBS_EXT__ 1
| #define __STDC_WANT_IEC_60559_BFP_EXT__ 1
| #define __STDC_WANT_IEC_60559_DFP_EXT__ 1
| #define __STDC_WANT_IEC_60559_EXT__ 1
| #define __STDC_WANT_IEC_60559_FUNCS_EXT__ 1
| #define __STDC_WANT_IEC_60559_TYPES_EXT__ 1
| #define __STDC_WANT_LIB_EXT2__ 1
| #define __STDC_WANT_MATH_SPEC_FUNCS__ 1
| #define _TANDEM_SOURCE 1
| #define __EXTENSIONS__ 1
| #define _LINUX_SOURCE_COMPAT 1
| #define __USE_MINGW_ANSI_STDIO 1
| #define HAVE_DLFCN_H 1
| #define LT_OBJDIR ".libs/"
| #define HAVE_ALLOCA_H 1
| #define HAVE_ALLOCA 1
| #define HAVE_FCNTL 1
| #define HAVE_SYMLINK 1
| #define HAVE_GETDTABLESIZE 1
| #define HAVE_LSTAT 1
| #define HAVE_DECL_STRERROR_R 1
| #define HAVE_STRERROR_R 1
| #define HAVE_WORKING_O_NOATIME 1
| #define HAVE_WORKING_O_NOFOLLOW 1
| #define restrict __restrict__
| /* end confdefs.h.  */
| #include <sys/types.h>
|      #include <sys/stat.h>
| 
| int
| main (void)
| {
| if (sizeof ((nlink_t)))
| 	    return 0;
|   ;
|   return 0;
| }
configure:18466: result: yes
configure:18639: checking whether getdelim is declared
configure:18639: gcc -c -g -O2   conftest.c >&5
configure:18639: $? = 0
configure:18639: result: yes
configure:18939: checking whether getdtablesize is declared
configure:18939: gcc -c -g -O2   conftest.c >&5
configure:18939: $? = 0
configure:18939: result: yes
configure:18948: checking whether getline is declared
configure:18948: gcc -c -g -O2   conftest.c >&5
configure:18948: $? = 0
configure:18948: result: yes
configure:19053: checking for getopt.h
configure:19053: result: yes
configure:19069: checking for getopt_long_only
configure:19069: gcc -o conftest -g -O2   conftest.c  >&5
configure:19069: $? = 0
configure:19069: result: yes
configure:19082: checking whether getopt is POSIX compatible
configure:19126: gcc -o conftest -g -O2   conftest.c  >&5
configure:19126: $? = 0
configure:19126: ./conftest
configure:19126: $? = 0
configure:19187: gcc -o conftest -g -O2   conftest.c  >&5
configure:19187: $? = 0
configure:19187: ./conftest
configure:19187: $? = 0
configure:19231: gcc -o conftest -g -O2   conftest.c  >&5
configure:19231: $? = 0
configure:19231: ./conftest
program: option requires an argument: b
configure:19231: $? = 16
configure: program exited with status 16
configure: failed program was:
| /* confdefs.h */
| #define PACKAGE_NAME "Libidn2"
| #define PACKAGE_TARNAME "libidn2"
| #define PACKAGE_VERSION "2.3.8"
| #define PACKAGE_STRING "Libidn2 2.3.8"
| #define PACKAGE_BUGREPORT "help-libidn@gnu.org"
| #define PACKAGE_URL "https://www.gnu.org/software/libidn/#libidn2"
| #define PACKAGE "libidn2"
| #define VERSION "2.3.8"
| #define HAVE_STDIO_H 1
| #define HAVE_STDLIB_H 1
| #define HAVE_STRING_H 1
| #define HAVE_INTTYPES_H 1
| #define HAVE_STDINT_H 1
| #define HAVE_STRINGS_H 1
| #define HAVE_SYS_STAT_H 1
| #define HAVE_SYS_TYPES_H 1
| #define HAVE_UNISTD_H 1
| #define HAVE_WCHAR_H 1
| #define HAVE_STDBOOL_H 1
| #define HAVE_SYS_SOCKET_H 1
| #define HAVE_GETOPT_H 1
| #define HAVE_LIMITS_H 1
| #define HAVE_SYS_PARAM_H 1
| #define HAVE_SYS_TIME_H 1
| #define HAVE_STDCKDINT_H 1
| #define HAVE_ICONV_H 1
| #define HAVE_FEATURES_H 1
| #define STDC_HEADERS 1
| #define _ALL_SOURCE 1
| #define _DARWIN_C_SOURCE 1
| #define _GNU_SOURCE 1
| #define _HPUX_ALT_XOPEN_SOCKET_API 1
| #define _NETBSD_SOURCE 1
| #define _OPENBSD_SOURCE 1
| #define _POSIX_PTHREAD_SEMANTICS 1
| #define __STDC_WANT_IEC_60559_ATTRIBS_EXT__ 1
| #define __STDC_WANT_IEC_60559_BFP_EXT__ 1
| #define __STDC_WANT_IEC_60559_DFP_EXT__ 1
| #define __STDC_WANT_IEC_60559_EXT__ 1
| #define __STDC_WANT_IEC_60559_FUNCS_EXT__ 1
| #define __STDC_WANT_IEC_60559_TYPES_EXT__ 1
| #define __STDC_WANT_LIB_EXT2__ 1
| #define __STDC_WANT_MATH_SPEC_FUNCS__ 1
| #define _TANDEM_SOURCE 1
| #define __EXTENSIONS__ 1
| #define _LINUX_SOURCE_COMPAT 1
| #define __USE_MINGW_ANSI_STDIO 1
| #define HAVE_DLFCN_H 1
| #define LT_OBJDIR ".libs/"
| #define HAVE_ALLOCA_H 1
| #define HAVE_ALLOCA 1
| #define HAVE_FCNTL 1
| #define HAVE_SYMLINK 1
| #define HAVE_GETDTABLESIZE 1
| #define HAVE_LSTAT 1
| #define HAVE_DECL_STRERROR_R 1
| #define HAVE_STRERROR_R 1
| #define HAVE_WORKING_O_NOATIME 1
| #define HAVE_WORKING_O_NOFOLLOW 1
| #define restrict __restrict__
| #define HAVE_DECL_GETDELIM 1
| #define HAVE_DECL_GETDTABLESIZE 1
| #define HAVE_DECL_GETLINE 1
| #define HAVE_GETOPT_H 1
| #define HAVE_GETOPT_LONG_ONLY 1
| /* end confdefs.h.  */
| 
| #include <unistd.h>
| #include <stdlib.h>
| #include <string.h>
| 
| int
| main ()
| {
|   static char program[] = "program";
|   static char ab[] = "-ab";
|   char *argv[3] = { program, ab, NULL };
|   if (getopt (2, argv, "ab:") != 'a')
|     return 13;
|   if (getopt (2, argv, "ab:") != '?')
|     return 14;
|   if (optopt != 'b')
|     return 15;
|   if (optind != 2)
|     return 16;
|   return 0;
| }
| 
configure:19250: result: no
configure:19572: checking for glibc-compatible sys/cdefs.h
configure:19585: gcc -c -g -O2  conftest.c >&5
conftest.c:69:19: fatal error: sys/cdefs.h: No such file or directory
   69 |          #include <sys/cdefs.h>
      |                   ^~~~~~~~~~~~~
compilation terminated.
configure:19585: $? = 1
configure: failed program was:
| /* confdefs.h */
| #define PACKAGE_NAME "Libidn2"
| #define PACKAGE_TARNAME "libidn2"
| #define PACKAGE_VERSION "2.3.8"
| #define PACKAGE_STRING "Libidn2 2.3.8"
| #define PACKAGE_BUGREPORT "help-libidn@gnu.org"
| #define PACKAGE_URL "https://www.gnu.org/software/libidn/#libidn2"
| #define PACKAGE "libidn2"
| #define VERSION "2.3.8"
| #define HAVE_STDIO_H 1
| #define HAVE_STDLIB_H 1
| #define HAVE_STRING_H 1
| #define HAVE_INTTYPES_H 1
| #define HAVE_STDINT_H 1
| #define HAVE_STRINGS_H 1
| #define HAVE_SYS_STAT_H 1
| #define HAVE_SYS_TYPES_H 1
| #define HAVE_UNISTD_H 1
| #define HAVE_WCHAR_H 1
| #define HAVE_STDBOOL_H 1
| #define HAVE_SYS_SOCKET_H 1
| #define HAVE_GETOPT_H 1
| #define HAVE_LIMITS_H 1
| #define HAVE_SYS_PARAM_H 1
| #define HAVE_SYS_TIME_H 1
| #define HAVE_STDCKDINT_H 1
| #define HAVE_ICONV_H 1
| #define HAVE_FEATURES_H 1
| #define STDC_HEADERS 1
| #define _ALL_SOURCE 1
| #define _DARWIN_C_SOURCE 1
| #define _GNU_SOURCE 1
| #define _HPUX_ALT_XOPEN_SOCKET_API 1
| #define _NETBSD_SOURCE 1
| #define _OPENBSD_SOURCE 1
| #define _POSIX_PTHREAD_SEMANTICS 1
| #define __STDC_WANT_IEC_60559_ATTRIBS_EXT__ 1
| #define __STDC_WANT_IEC_60559_BFP_EXT__ 1
| #define __STDC_WANT_IEC_60559_DFP_EXT__ 1
| #define __STDC_WANT_IEC_60559_EXT__ 1
| #define __STDC_WANT_IEC_60559_FUNCS_EXT__ 1
| #define __STDC_WANT_IEC_60559_TYPES_EXT__ 1
| #define __STDC_WANT_LIB_EXT2__ 1
| #define __STDC_WANT_MATH_SPEC_FUNCS__ 1
| #define _TANDEM_SOURCE 1
| #define __EXTENSIONS__ 1
| #define _LINUX_SOURCE_COMPAT 1
| #define __USE_MINGW_ANSI_STDIO 1
| #define HAVE_DLFCN_H 1
| #define LT_OBJDIR ".libs/"
| #define HAVE_ALLOCA_H 1
| #define HAVE_ALLOCA 1
| #define HAVE_FCNTL 1
| #define HAVE_SYMLINK 1
| #define HAVE_GETDTABLESIZE 1
| #define HAVE_LSTAT 1
| #define HAVE_DECL_STRERROR_R 1
| #define HAVE_STRERROR_R 1
| #define HAVE_WORKING_O_NOATIME 1
| #define HAVE_WORKING_O_NOFOLLOW 1
| #define restrict __restrict__
| #define HAVE_DECL_GETDELIM 1
| #define HAVE_DECL_GETDTABLESIZE 1
| #define HAVE_DECL_GETLINE 1
| #define HAVE_GETOPT_H 1
| #define HAVE_GETOPT_LONG_ONLY 1
| /* end confdefs.h.  */
| 
|          #include <sys/cdefs.h>
|           enum { foo = __GNUC_PREREQ (14, 1) } bar;
| 
configure:19593: result: no
configure:19928: checking for inline
configure:19945: gcc -c -g -O2  conftest.c >&5
configure:19945: $? = 0
configure:19954: result: inline
configure:20054: checking whether limits.h has WORD_BIT, BOOL_WIDTH etc.
configure:20081: gcc -c -g -O2  conftest.c >&5
conftest.c:75:24: error: 'ULLONG_WIDTH' undeclared here (not in a function)
   75 |             int ullw = ULLONG_WIDTH;
      |                        ^~~~~~~~~~~~
conftest.c:76:22: error: 'BOOL_WIDTH' undeclared here (not in a function)
   76 |             int bw = BOOL_WIDTH;
      |                      ^~~~~~~~~~
conftest.c:77:22: error: 'BOOL_MAX' undeclared here (not in a function)
   77 |             int bm = BOOL_MAX;
      |                      ^~~~~~~~
configure:20081: $? = 1
configure: failed program was:
| /* confdefs.h */
| #define PACKAGE_NAME "Libidn2"
| #define PACKAGE_TARNAME "libidn2"
| #define PACKAGE_VERSION "2.3.8"
| #define PACKAGE_STRING "Libidn2 2.3.8"
| #define PACKAGE_BUGREPORT "help-libidn@gnu.org"
| #define PACKAGE_URL "https://www.gnu.org/software/libidn/#libidn2"
| #define PACKAGE "libidn2"
| #define VERSION "2.3.8"
| #define HAVE_STDIO_H 1
| #define HAVE_STDLIB_H 1
| #define HAVE_STRING_H 1
| #define HAVE_INTTYPES_H 1
| #define HAVE_STDINT_H 1
| #define HAVE_STRINGS_H 1
| #define HAVE_SYS_STAT_H 1
| #define HAVE_SYS_TYPES_H 1
| #define HAVE_UNISTD_H 1
| #define HAVE_WCHAR_H 1
| #define HAVE_STDBOOL_H 1
| #define HAVE_SYS_SOCKET_H 1
| #define HAVE_GETOPT_H 1
| #define HAVE_LIMITS_H 1
| #define HAVE_SYS_PARAM_H 1
| #define HAVE_SYS_TIME_H 1
| #define HAVE_STDCKDINT_H 1
| #define HAVE_ICONV_H 1
| #define HAVE_FEATURES_H 1
| #define STDC_HEADERS 1
| #define _ALL_SOURCE 1
| #define _DARWIN_C_SOURCE 1
| #define _GNU_SOURCE 1
| #define _HPUX_ALT_XOPEN_SOCKET_API 1
| #define _NETBSD_SOURCE 1
| #define _OPENBSD_SOURCE 1
| #define _POSIX_PTHREAD_SEMANTICS 1
| #define __STDC_WANT_IEC_60559_ATTRIBS_EXT__ 1
| #define __STDC_WANT_IEC_60559_BFP_EXT__ 1
| #define __STDC_WANT_IEC_60559_DFP_EXT__ 1
| #define __STDC_WANT_IEC_60559_EXT__ 1
| #define __STDC_WANT_IEC_60559_FUNCS_EXT__ 1
| #define __STDC_WANT_IEC_60559_TYPES_EXT__ 1
| #define __STDC_WANT_LIB_EXT2__ 1
| #define __STDC_WANT_MATH_SPEC_FUNCS__ 1
| #define _TANDEM_SOURCE 1
| #define __EXTENSIONS__ 1
| #define _LINUX_SOURCE_COMPAT 1
| #define __USE_MINGW_ANSI_STDIO 1
| #define HAVE_DLFCN_H 1
| #define LT_OBJDIR ".libs/"
| #define HAVE_ALLOCA_H 1
| #define HAVE_ALLOCA 1
| #define HAVE_FCNTL 1
| #define HAVE_SYMLINK 1
| #define HAVE_GETDTABLESIZE 1
| #define HAVE_LSTAT 1
| #define HAVE_DECL_STRERROR_R 1
| #define HAVE_STRERROR_R 1
| #define HAVE_WORKING_O_NOATIME 1
| #define HAVE_WORKING_O_NOFOLLOW 1
| #define restrict __restrict__
| #define HAVE_DECL_GETDELIM 1
| #define HAVE_DECL_GETDTABLESIZE 1
| #define HAVE_DECL_GETLINE 1
| #define HAVE_GETOPT_H 1
| #define HAVE_GETOPT_LONG_ONLY 1
| #define MUSL_LIBC 1
| /* end confdefs.h.  */
| #ifndef __STDC_WANT_IEC_60559_BFP_EXT__
|              #define __STDC_WANT_IEC_60559_BFP_EXT__ 1
|             #endif
|             #include <limits.h>
|             long long llm = LLONG_MAX;
|             int wb = WORD_BIT;
|             int ullw = ULLONG_WIDTH;
|             int bw = BOOL_WIDTH;
|             int bm = BOOL_MAX;
|             int mblm = MB_LEN_MAX;
| 
| int
| main (void)
| {
| 
|   ;
|   return 0;
| }
configure:20089: result: no
configure:20124: checking whether malloc is ptrdiff_t safe
configure:20161: gcc -c -g -O2  conftest.c >&5
configure:20161: $? = 0
configure:20170: result: yes
configure:20187: checking whether malloc, realloc, calloc set errno on failure
configure:20228: result: yes
configure:20248: checking whether malloc (0) returns nonnull
configure:20284: gcc -o conftest -g -O2   conftest.c  >&5
configure:20284: $? = 0
configure:20284: ./conftest
configure:20284: $? = 0
configure:20295: result: yes
configure:20323: checking whether the compiler produces multi-arch binaries
configure:20338: gcc -c -g -O2  conftest.c >&5
conftest.c:73:13: error: unknown type name 'not'
   73 |             not a universal capable compiler
      |             ^~~
conftest.c:73:19: error: expected '=', ',', ';', 'asm' or '__attribute__' before 'universal'
   73 |             not a universal capable compiler
      |                   ^~~~~~~~~
conftest.c:73:19: error: unknown type name 'universal'
configure:20338: $? = 1
configure: failed program was:
| /* confdefs.h */
| #define PACKAGE_NAME "Libidn2"
| #define PACKAGE_TARNAME "libidn2"
| #define PACKAGE_VERSION "2.3.8"
| #define PACKAGE_STRING "Libidn2 2.3.8"
| #define PACKAGE_BUGREPORT "help-libidn@gnu.org"
| #define PACKAGE_URL "https://www.gnu.org/software/libidn/#libidn2"
| #define PACKAGE "libidn2"
| #define VERSION "2.3.8"
| #define HAVE_STDIO_H 1
| #define HAVE_STDLIB_H 1
| #define HAVE_STRING_H 1
| #define HAVE_INTTYPES_H 1
| #define HAVE_STDINT_H 1
| #define HAVE_STRINGS_H 1
| #define HAVE_SYS_STAT_H 1
| #define HAVE_SYS_TYPES_H 1
| #define HAVE_UNISTD_H 1
| #define HAVE_WCHAR_H 1
| #define HAVE_STDBOOL_H 1
| #define HAVE_SYS_SOCKET_H 1
| #define HAVE_GETOPT_H 1
| #define HAVE_LIMITS_H 1
| #define HAVE_SYS_PARAM_H 1
| #define HAVE_SYS_TIME_H 1
| #define HAVE_STDCKDINT_H 1
| #define HAVE_ICONV_H 1
| #define HAVE_FEATURES_H 1
| #define STDC_HEADERS 1
| #define _ALL_SOURCE 1
| #define _DARWIN_C_SOURCE 1
| #define _GNU_SOURCE 1
| #define _HPUX_ALT_XOPEN_SOCKET_API 1
| #define _NETBSD_SOURCE 1
| #define _OPENBSD_SOURCE 1
| #define _POSIX_PTHREAD_SEMANTICS 1
| #define __STDC_WANT_IEC_60559_ATTRIBS_EXT__ 1
| #define __STDC_WANT_IEC_60559_BFP_EXT__ 1
| #define __STDC_WANT_IEC_60559_DFP_EXT__ 1
| #define __STDC_WANT_IEC_60559_EXT__ 1
| #define __STDC_WANT_IEC_60559_FUNCS_EXT__ 1
| #define __STDC_WANT_IEC_60559_TYPES_EXT__ 1
| #define __STDC_WANT_LIB_EXT2__ 1
| #define __STDC_WANT_MATH_SPEC_FUNCS__ 1
| #define _TANDEM_SOURCE 1
| #define __EXTENSIONS__ 1
| #define _LINUX_SOURCE_COMPAT 1
| #define __USE_MINGW_ANSI_STDIO 1
| #define HAVE_DLFCN_H 1
| #define LT_OBJDIR ".libs/"
| #define HAVE_ALLOCA_H 1
| #define HAVE_ALLOCA 1
| #define HAVE_FCNTL 1
| #define HAVE_SYMLINK 1
| #define HAVE_GETDTABLESIZE 1
| #define HAVE_LSTAT 1
| #define HAVE_DECL_STRERROR_R 1
| #define HAVE_STRERROR_R 1
| #define HAVE_WORKING_O_NOATIME 1
| #define HAVE_WORKING_O_NOFOLLOW 1
| #define restrict __restrict__
| #define HAVE_DECL_GETDELIM 1
| #define HAVE_DECL_GETDTABLESIZE 1
| #define HAVE_DECL_GETLINE 1
| #define HAVE_GETOPT_H 1
| #define HAVE_GETOPT_LONG_ONLY 1
| #define MUSL_LIBC 1
| #define HAVE_MALLOC_PTRDIFF 1
| #define HAVE_MALLOC_POSIX 1
| #define HAVE_MALLOC_0_NONNULL 1
| /* end confdefs.h.  */
| #ifndef __APPLE_CC__
|             not a universal capable compiler
|            #endif
|            typedef int dummy;
| 
configure:20366: result: no
configure:20376: checking for O_CLOEXEC
configure:20397: gcc -c -g -O2  conftest.c >&5
configure:20397: $? = 0
configure:20405: result: yes
configure:20411: checking for promoted mode_t type
configure:20429: gcc -c -g -O2  conftest.c >&5
conftest.c: In function 'main':
conftest.c:76:13: error: size of array 'array' is negative
   76 | typedef int array[2 * (sizeof (mode_t) < sizeof (int)) - 1];
      |             ^~~~~
configure:20429: $? = 1
configure: failed program was:
| /* confdefs.h */
| #define PACKAGE_NAME "Libidn2"
| #define PACKAGE_TARNAME "libidn2"
| #define PACKAGE_VERSION "2.3.8"
| #define PACKAGE_STRING "Libidn2 2.3.8"
| #define PACKAGE_BUGREPORT "help-libidn@gnu.org"
| #define PACKAGE_URL "https://www.gnu.org/software/libidn/#libidn2"
| #define PACKAGE "libidn2"
| #define VERSION "2.3.8"
| #define HAVE_STDIO_H 1
| #define HAVE_STDLIB_H 1
| #define HAVE_STRING_H 1
| #define HAVE_INTTYPES_H 1
| #define HAVE_STDINT_H 1
| #define HAVE_STRINGS_H 1
| #define HAVE_SYS_STAT_H 1
| #define HAVE_SYS_TYPES_H 1
| #define HAVE_UNISTD_H 1
| #define HAVE_WCHAR_H 1
| #define HAVE_STDBOOL_H 1
| #define HAVE_SYS_SOCKET_H 1
| #define HAVE_GETOPT_H 1
| #define HAVE_LIMITS_H 1
| #define HAVE_SYS_PARAM_H 1
| #define HAVE_SYS_TIME_H 1
| #define HAVE_STDCKDINT_H 1
| #define HAVE_ICONV_H 1
| #define HAVE_FEATURES_H 1
| #define STDC_HEADERS 1
| #define _ALL_SOURCE 1
| #define _DARWIN_C_SOURCE 1
| #define _GNU_SOURCE 1
| #define _HPUX_ALT_XOPEN_SOCKET_API 1
| #define _NETBSD_SOURCE 1
| #define _OPENBSD_SOURCE 1
| #define _POSIX_PTHREAD_SEMANTICS 1
| #define __STDC_WANT_IEC_60559_ATTRIBS_EXT__ 1
| #define __STDC_WANT_IEC_60559_BFP_EXT__ 1
| #define __STDC_WANT_IEC_60559_DFP_EXT__ 1
| #define __STDC_WANT_IEC_60559_EXT__ 1
| #define __STDC_WANT_IEC_60559_FUNCS_EXT__ 1
| #define __STDC_WANT_IEC_60559_TYPES_EXT__ 1
| #define __STDC_WANT_LIB_EXT2__ 1
| #define __STDC_WANT_MATH_SPEC_FUNCS__ 1
| #define _TANDEM_SOURCE 1
| #define __EXTENSIONS__ 1
| #define _LINUX_SOURCE_COMPAT 1
| #define __USE_MINGW_ANSI_STDIO 1
| #define HAVE_DLFCN_H 1
| #define LT_OBJDIR ".libs/"
| #define HAVE_ALLOCA_H 1
| #define HAVE_ALLOCA 1
| #define HAVE_FCNTL 1
| #define HAVE_SYMLINK 1
| #define HAVE_GETDTABLESIZE 1
| #define HAVE_LSTAT 1
| #define HAVE_DECL_STRERROR_R 1
| #define HAVE_STRERROR_R 1
| #define HAVE_WORKING_O_NOATIME 1
| #define HAVE_WORKING_O_NOFOLLOW 1
| #define restrict __restrict__
| #define HAVE_DECL_GETDELIM 1
| #define HAVE_DECL_GETDTABLESIZE 1
| #define HAVE_DECL_GETLINE 1
| #define HAVE_GETOPT_H 1
| #define HAVE_GETOPT_LONG_ONLY 1
| #define MUSL_LIBC 1
| #define HAVE_MALLOC_PTRDIFF 1
| #define HAVE_MALLOC_POSIX 1
| #define HAVE_MALLOC_0_NONNULL 1
| /* end confdefs.h.  */
| #include <sys/types.h>
| int
| main (void)
| {
| typedef int array[2 * (sizeof (mode_t) < sizeof (int)) - 1];
|   ;
|   return 0;
| }
configure:20438: result: mode_t
configure:20702: checking for good max_align_t
configure:20739: gcc -c -g -O2  conftest.c >&5
configure:20739: $? = 0
configure:20748: result: yes
configure:20755: checking whether NULL can be used in arbitrary expressions
configure:20774: gcc -c -g -O2  conftest.c >&5
configure:20774: $? = 0
configure:20782: result: yes
configure:20789: checking for unreachable
configure:20808: gcc -o conftest -g -O2   conftest.c  >&5
conftest.c: In function 'main':
conftest.c:78:1: error: implicit declaration of function 'unreachable' [-Wimplicit-function-declaration]
   78 | unreachable ();
      | ^~~~~~~~~~~
configure:20808: $? = 1
configure: failed program was:
| /* confdefs.h */
| #define PACKAGE_NAME "Libidn2"
| #define PACKAGE_TARNAME "libidn2"
| #define PACKAGE_VERSION "2.3.8"
| #define PACKAGE_STRING "Libidn2 2.3.8"
| #define PACKAGE_BUGREPORT "help-libidn@gnu.org"
| #define PACKAGE_URL "https://www.gnu.org/software/libidn/#libidn2"
| #define PACKAGE "libidn2"
| #define VERSION "2.3.8"
| #define HAVE_STDIO_H 1
| #define HAVE_STDLIB_H 1
| #define HAVE_STRING_H 1
| #define HAVE_INTTYPES_H 1
| #define HAVE_STDINT_H 1
| #define HAVE_STRINGS_H 1
| #define HAVE_SYS_STAT_H 1
| #define HAVE_SYS_TYPES_H 1
| #define HAVE_UNISTD_H 1
| #define HAVE_WCHAR_H 1
| #define HAVE_STDBOOL_H 1
| #define HAVE_SYS_SOCKET_H 1
| #define HAVE_GETOPT_H 1
| #define HAVE_LIMITS_H 1
| #define HAVE_SYS_PARAM_H 1
| #define HAVE_SYS_TIME_H 1
| #define HAVE_STDCKDINT_H 1
| #define HAVE_ICONV_H 1
| #define HAVE_FEATURES_H 1
| #define STDC_HEADERS 1
| #define _ALL_SOURCE 1
| #define _DARWIN_C_SOURCE 1
| #define _GNU_SOURCE 1
| #define _HPUX_ALT_XOPEN_SOCKET_API 1
| #define _NETBSD_SOURCE 1
| #define _OPENBSD_SOURCE 1
| #define _POSIX_PTHREAD_SEMANTICS 1
| #define __STDC_WANT_IEC_60559_ATTRIBS_EXT__ 1
| #define __STDC_WANT_IEC_60559_BFP_EXT__ 1
| #define __STDC_WANT_IEC_60559_DFP_EXT__ 1
| #define __STDC_WANT_IEC_60559_EXT__ 1
| #define __STDC_WANT_IEC_60559_FUNCS_EXT__ 1
| #define __STDC_WANT_IEC_60559_TYPES_EXT__ 1
| #define __STDC_WANT_LIB_EXT2__ 1
| #define __STDC_WANT_MATH_SPEC_FUNCS__ 1
| #define _TANDEM_SOURCE 1
| #define __EXTENSIONS__ 1
| #define _LINUX_SOURCE_COMPAT 1
| #define __USE_MINGW_ANSI_STDIO 1
| #define HAVE_DLFCN_H 1
| #define LT_OBJDIR ".libs/"
| #define HAVE_ALLOCA_H 1
| #define HAVE_ALLOCA 1
| #define HAVE_FCNTL 1
| #define HAVE_SYMLINK 1
| #define HAVE_GETDTABLESIZE 1
| #define HAVE_LSTAT 1
| #define HAVE_DECL_STRERROR_R 1
| #define HAVE_STRERROR_R 1
| #define HAVE_WORKING_O_NOATIME 1
| #define HAVE_WORKING_O_NOFOLLOW 1
| #define restrict __restrict__
| #define HAVE_DECL_GETDELIM 1
| #define HAVE_DECL_GETDTABLESIZE 1
| #define HAVE_DECL_GETLINE 1
| #define HAVE_GETOPT_H 1
| #define HAVE_GETOPT_LONG_ONLY 1
| #define MUSL_LIBC 1
| #define HAVE_MALLOC_PTRDIFF 1
| #define HAVE_MALLOC_POSIX 1
| #define HAVE_MALLOC_0_NONNULL 1
| #define PROMOTED_MODE_T mode_t
| /* end confdefs.h.  */
| #include <stddef.h>
| 
| int
| main (void)
| {
| unreachable ();
| 
|   ;
|   return 0;
| }
configure:20818: result: no
configure:20824: checking whether nullptr_t needs <stddef.h>
configure:20834: gcc -c -g -O2  conftest.c >&5
conftest.c:73:1: error: unknown type name 'nullptr_t'
   73 | nullptr_t x;
      | ^~~~~~~~~
configure:20834: $? = 1
configure: failed program was:
| /* confdefs.h */
| #define PACKAGE_NAME "Libidn2"
| #define PACKAGE_TARNAME "libidn2"
| #define PACKAGE_VERSION "2.3.8"
| #define PACKAGE_STRING "Libidn2 2.3.8"
| #define PACKAGE_BUGREPORT "help-libidn@gnu.org"
| #define PACKAGE_URL "https://www.gnu.org/software/libidn/#libidn2"
| #define PACKAGE "libidn2"
| #define VERSION "2.3.8"
| #define HAVE_STDIO_H 1
| #define HAVE_STDLIB_H 1
| #define HAVE_STRING_H 1
| #define HAVE_INTTYPES_H 1
| #define HAVE_STDINT_H 1
| #define HAVE_STRINGS_H 1
| #define HAVE_SYS_STAT_H 1
| #define HAVE_SYS_TYPES_H 1
| #define HAVE_UNISTD_H 1
| #define HAVE_WCHAR_H 1
| #define HAVE_STDBOOL_H 1
| #define HAVE_SYS_SOCKET_H 1
| #define HAVE_GETOPT_H 1
| #define HAVE_LIMITS_H 1
| #define HAVE_SYS_PARAM_H 1
| #define HAVE_SYS_TIME_H 1
| #define HAVE_STDCKDINT_H 1
| #define HAVE_ICONV_H 1
| #define HAVE_FEATURES_H 1
| #define STDC_HEADERS 1
| #define _ALL_SOURCE 1
| #define _DARWIN_C_SOURCE 1
| #define _GNU_SOURCE 1
| #define _HPUX_ALT_XOPEN_SOCKET_API 1
| #define _NETBSD_SOURCE 1
| #define _OPENBSD_SOURCE 1
| #define _POSIX_PTHREAD_SEMANTICS 1
| #define __STDC_WANT_IEC_60559_ATTRIBS_EXT__ 1
| #define __STDC_WANT_IEC_60559_BFP_EXT__ 1
| #define __STDC_WANT_IEC_60559_DFP_EXT__ 1
| #define __STDC_WANT_IEC_60559_EXT__ 1
| #define __STDC_WANT_IEC_60559_FUNCS_EXT__ 1
| #define __STDC_WANT_IEC_60559_TYPES_EXT__ 1
| #define __STDC_WANT_LIB_EXT2__ 1
| #define __STDC_WANT_MATH_SPEC_FUNCS__ 1
| #define _TANDEM_SOURCE 1
| #define __EXTENSIONS__ 1
| #define _LINUX_SOURCE_COMPAT 1
| #define __USE_MINGW_ANSI_STDIO 1
| #define HAVE_DLFCN_H 1
| #define LT_OBJDIR ".libs/"
| #define HAVE_ALLOCA_H 1
| #define HAVE_ALLOCA 1
| #define HAVE_FCNTL 1
| #define HAVE_SYMLINK 1
| #define HAVE_GETDTABLESIZE 1
| #define HAVE_LSTAT 1
| #define HAVE_DECL_STRERROR_R 1
| #define HAVE_STRERROR_R 1
| #define HAVE_WORKING_O_NOATIME 1
| #define HAVE_WORKING_O_NOFOLLOW 1
| #define restrict __restrict__
| #define HAVE_DECL_GETDELIM 1
| #define HAVE_DECL_GETDTABLESIZE 1
| #define HAVE_DECL_GETLINE 1
| #define HAVE_GETOPT_H 1
| #define HAVE_GETOPT_LONG_ONLY 1
| #define MUSL_LIBC 1
| #define HAVE_MALLOC_PTRDIFF 1
| #define HAVE_MALLOC_POSIX 1
| #define HAVE_MALLOC_0_NONNULL 1
| #define PROMOTED_MODE_T mode_t
| /* end confdefs.h.  */
| nullptr_t x;
configure:20842: result: yes
configure:20849: checking for clean definition of __STDC_VERSION_STDDEF_H__
configure:20866: gcc -E  conftest.c
configure:20866: $? = 0
configure:20874: result: yes
configure:20959: checking for wint_t
configure:20977: gcc -c -g -O2  conftest.c >&5
configure:20977: $? = 0
configure:20985: result: yes
configure:20992: checking whether wint_t is large enough
configure:21011: gcc -c -g -O2  conftest.c >&5
configure:21011: $? = 0
configure:21019: result: yes
configure:21154: checking whether stdint.h conforms to C99
configure:21334: gcc -c -g -O2  conftest.c >&5
configure:21334: $? = 0
configure:21419: gcc -o conftest -g -O2   conftest.c  >&5
configure:21419: $? = 0
configure:21419: ./conftest
configure:21419: $? = 0
configure:21432: result: yes
configure:21443: checking whether stdint.h works without ISO C predefines
configure:21476: gcc -c -g -O2  conftest.c >&5
configure:21476: $? = 0
configure:21483: result: yes
configure:21494: checking whether stdint.h has UINTMAX_WIDTH etc.
configure:21527: gcc -c -g -O2  conftest.c >&5
conftest.c:90:24: error: 'UINTMAX_WIDTH' undeclared here (not in a function); did you mean 'UINTMAX_MAX'?
   90 |               int iw = UINTMAX_WIDTH;
      |                        ^~~~~~~~~~~~~
      |                        UINTMAX_MAX
configure:21527: $? = 1
configure: failed program was:
| /* confdefs.h */
| #define PACKAGE_NAME "Libidn2"
| #define PACKAGE_TARNAME "libidn2"
| #define PACKAGE_VERSION "2.3.8"
| #define PACKAGE_STRING "Libidn2 2.3.8"
| #define PACKAGE_BUGREPORT "help-libidn@gnu.org"
| #define PACKAGE_URL "https://www.gnu.org/software/libidn/#libidn2"
| #define PACKAGE "libidn2"
| #define VERSION "2.3.8"
| #define HAVE_STDIO_H 1
| #define HAVE_STDLIB_H 1
| #define HAVE_STRING_H 1
| #define HAVE_INTTYPES_H 1
| #define HAVE_STDINT_H 1
| #define HAVE_STRINGS_H 1
| #define HAVE_SYS_STAT_H 1
| #define HAVE_SYS_TYPES_H 1
| #define HAVE_UNISTD_H 1
| #define HAVE_WCHAR_H 1
| #define HAVE_STDBOOL_H 1
| #define HAVE_SYS_SOCKET_H 1
| #define HAVE_GETOPT_H 1
| #define HAVE_LIMITS_H 1
| #define HAVE_SYS_PARAM_H 1
| #define HAVE_SYS_TIME_H 1
| #define HAVE_STDCKDINT_H 1
| #define HAVE_ICONV_H 1
| #define HAVE_FEATURES_H 1
| #define STDC_HEADERS 1
| #define _ALL_SOURCE 1
| #define _DARWIN_C_SOURCE 1
| #define _GNU_SOURCE 1
| #define _HPUX_ALT_XOPEN_SOCKET_API 1
| #define _NETBSD_SOURCE 1
| #define _OPENBSD_SOURCE 1
| #define _POSIX_PTHREAD_SEMANTICS 1
| #define __STDC_WANT_IEC_60559_ATTRIBS_EXT__ 1
| #define __STDC_WANT_IEC_60559_BFP_EXT__ 1
| #define __STDC_WANT_IEC_60559_DFP_EXT__ 1
| #define __STDC_WANT_IEC_60559_EXT__ 1
| #define __STDC_WANT_IEC_60559_FUNCS_EXT__ 1
| #define __STDC_WANT_IEC_60559_TYPES_EXT__ 1
| #define __STDC_WANT_LIB_EXT2__ 1
| #define __STDC_WANT_MATH_SPEC_FUNCS__ 1
| #define _TANDEM_SOURCE 1
| #define __EXTENSIONS__ 1
| #define _LINUX_SOURCE_COMPAT 1
| #define __USE_MINGW_ANSI_STDIO 1
| #define HAVE_DLFCN_H 1
| #define LT_OBJDIR ".libs/"
| #define HAVE_ALLOCA_H 1
| #define HAVE_ALLOCA 1
| #define HAVE_FCNTL 1
| #define HAVE_SYMLINK 1
| #define HAVE_GETDTABLESIZE 1
| #define HAVE_LSTAT 1
| #define HAVE_DECL_STRERROR_R 1
| #define HAVE_STRERROR_R 1
| #define HAVE_WORKING_O_NOATIME 1
| #define HAVE_WORKING_O_NOFOLLOW 1
| #define restrict __restrict__
| #define HAVE_DECL_GETDELIM 1
| #define HAVE_DECL_GETDTABLESIZE 1
| #define HAVE_DECL_GETLINE 1
| #define HAVE_GETOPT_H 1
| #define HAVE_GETOPT_LONG_ONLY 1
| #define MUSL_LIBC 1
| #define HAVE_MALLOC_PTRDIFF 1
| #define HAVE_MALLOC_POSIX 1
| #define HAVE_MALLOC_0_NONNULL 1
| #define PROMOTED_MODE_T mode_t
| #define HAVE_WINT_T 1
| #define HAVE_LONG_LONG_INT 1
| #define HAVE_UNSIGNED_LONG_LONG_INT 1
| /* end confdefs.h.  */
| 
|               /* Work if build is not clean.  */
|               #define _GL_JUST_INCLUDE_SYSTEM_STDINT_H 1
|               #ifndef __STDC_WANT_IEC_60559_BFP_EXT__
|                #define __STDC_WANT_IEC_60559_BFP_EXT__ 1
|               #endif
|               #include <stdint.h>
| 
|   #include <stddef.h>
|   #include <signal.h>
|   #if HAVE_WCHAR_H
|   # include <wchar.h>
|   #endif
| 
|               int iw = UINTMAX_WIDTH;
| 
| int
| main (void)
| {
| 
|   ;
|   return 0;
| }
configure:21533: result: no
configure:21850: checking whether fcloseall is declared
configure:21850: gcc -c -g -O2   conftest.c >&5
conftest.c: In function 'main':
conftest.c:111:10: error: 'fcloseall' undeclared (first use in this function); did you mean 'fclose'?
  111 |   (void) fcloseall;
      |          ^~~~~~~~~
      |          fclose
conftest.c:111:10: note: each undeclared identifier is reported only once for each function it appears in
configure:21850: $? = 1
configure: failed program was:
| /* confdefs.h */
| #define PACKAGE_NAME "Libidn2"
| #define PACKAGE_TARNAME "libidn2"
| #define PACKAGE_VERSION "2.3.8"
| #define PACKAGE_STRING "Libidn2 2.3.8"
| #define PACKAGE_BUGREPORT "help-libidn@gnu.org"
| #define PACKAGE_URL "https://www.gnu.org/software/libidn/#libidn2"
| #define PACKAGE "libidn2"
| #define VERSION "2.3.8"
| #define HAVE_STDIO_H 1
| #define HAVE_STDLIB_H 1
| #define HAVE_STRING_H 1
| #define HAVE_INTTYPES_H 1
| #define HAVE_STDINT_H 1
| #define HAVE_STRINGS_H 1
| #define HAVE_SYS_STAT_H 1
| #define HAVE_SYS_TYPES_H 1
| #define HAVE_UNISTD_H 1
| #define HAVE_WCHAR_H 1
| #define HAVE_STDBOOL_H 1
| #define HAVE_SYS_SOCKET_H 1
| #define HAVE_GETOPT_H 1
| #define HAVE_LIMITS_H 1
| #define HAVE_SYS_PARAM_H 1
| #define HAVE_SYS_TIME_H 1
| #define HAVE_STDCKDINT_H 1
| #define HAVE_ICONV_H 1
| #define HAVE_FEATURES_H 1
| #define STDC_HEADERS 1
| #define _ALL_SOURCE 1
| #define _DARWIN_C_SOURCE 1
| #define _GNU_SOURCE 1
| #define _HPUX_ALT_XOPEN_SOCKET_API 1
| #define _NETBSD_SOURCE 1
| #define _OPENBSD_SOURCE 1
| #define _POSIX_PTHREAD_SEMANTICS 1
| #define __STDC_WANT_IEC_60559_ATTRIBS_EXT__ 1
| #define __STDC_WANT_IEC_60559_BFP_EXT__ 1
| #define __STDC_WANT_IEC_60559_DFP_EXT__ 1
| #define __STDC_WANT_IEC_60559_EXT__ 1
| #define __STDC_WANT_IEC_60559_FUNCS_EXT__ 1
| #define __STDC_WANT_IEC_60559_TYPES_EXT__ 1
| #define __STDC_WANT_LIB_EXT2__ 1
| #define __STDC_WANT_MATH_SPEC_FUNCS__ 1
| #define _TANDEM_SOURCE 1
| #define __EXTENSIONS__ 1
| #define _LINUX_SOURCE_COMPAT 1
| #define __USE_MINGW_ANSI_STDIO 1
| #define HAVE_DLFCN_H 1
| #define LT_OBJDIR ".libs/"
| #define HAVE_ALLOCA_H 1
| #define HAVE_ALLOCA 1
| #define HAVE_FCNTL 1
| #define HAVE_SYMLINK 1
| #define HAVE_GETDTABLESIZE 1
| #define HAVE_LSTAT 1
| #define HAVE_DECL_STRERROR_R 1
| #define HAVE_STRERROR_R 1
| #define HAVE_WORKING_O_NOATIME 1
| #define HAVE_WORKING_O_NOFOLLOW 1
| #define restrict __restrict__
| #define HAVE_DECL_GETDELIM 1
| #define HAVE_DECL_GETDTABLESIZE 1
| #define HAVE_DECL_GETLINE 1
| #define HAVE_GETOPT_H 1
| #define HAVE_GETOPT_LONG_ONLY 1
| #define MUSL_LIBC 1
| #define HAVE_MALLOC_PTRDIFF 1
| #define HAVE_MALLOC_POSIX 1
| #define HAVE_MALLOC_0_NONNULL 1
| #define PROMOTED_MODE_T mode_t
| #define HAVE_WINT_T 1
| #define HAVE_LONG_LONG_INT 1
| #define HAVE_UNSIGNED_LONG_LONG_INT 1
| /* end confdefs.h.  */
| #include <stddef.h>
| #ifdef HAVE_STDIO_H
| # include <stdio.h>
| #endif
| #ifdef HAVE_STDLIB_H
| # include <stdlib.h>
| #endif
| #ifdef HAVE_STRING_H
| # include <string.h>
| #endif
| #ifdef HAVE_INTTYPES_H
| # include <inttypes.h>
| #endif
| #ifdef HAVE_STDINT_H
| # include <stdint.h>
| #endif
| #ifdef HAVE_STRINGS_H
| # include <strings.h>
| #endif
| #ifdef HAVE_SYS_TYPES_H
| # include <sys/types.h>
| #endif
| #ifdef HAVE_SYS_STAT_H
| # include <sys/stat.h>
| #endif
| #ifdef HAVE_UNISTD_H
| # include <unistd.h>
| #endif
| int
| main (void)
| {
| #ifndef fcloseall
| #ifdef __cplusplus
|   (void) fcloseall;
| #else
|   (void) fcloseall;
| #endif
| #endif
| 
|   ;
|   return 0;
| }
configure:21850: result: no
configure:21859: checking whether getw is declared
configure:21859: gcc -c -g -O2   conftest.c >&5
configure:21859: $? = 0
configure:21859: result: yes
configure:21868: checking whether putw is declared
configure:21868: gcc -c -g -O2   conftest.c >&5
configure:21868: $? = 0
configure:21868: result: yes
configure:21952: checking which flavor of printf attribute matches inttypes macros
configure:21980: gcc -c -g -O2  conftest.c >&5
configure:21980: $? = 0
configure:21988: result: system
configure:22025: checking for nl_langinfo and CODESET
configure:22042: gcc -o conftest -g -O2   conftest.c  >&5
configure:22042: $? = 0
configure:22052: result: yes
configure:22063: checking for an english Unicode locale
configure:22185: result: en_US.UTF-8
configure:22196: checking whether ecvt is declared
configure:22196: gcc -c -g -O2   conftest.c >&5
configure:22196: $? = 0
configure:22196: result: yes
configure:22205: checking whether fcvt is declared
configure:22205: gcc -c -g -O2   conftest.c >&5
configure:22205: $? = 0
configure:22205: result: yes
configure:22214: checking whether gcvt is declared
configure:22214: gcc -c -g -O2   conftest.c >&5
configure:22214: $? = 0
configure:22214: result: yes
configure:22306: checking whether MB_CUR_MAX is correct
configure:22325: gcc -o conftest -g -O2   conftest.c  >&5
configure:22325: $? = 0
configure:22355: gcc -o conftest -g -O2   conftest.c  >&5
configure:22355: $? = 0
configure:22355: ./conftest
configure:22355: $? = 0
configure:22374: result: yes
configure:22402: checking whether strerror(0) succeeds
configure:22443: gcc -o conftest -g -O2   conftest.c  >&5
configure:22443: $? = 0
configure:22443: ./conftest
configure:22443: $? = 0
configure:22455: result: yes
configure:22559: checking for off64_t
configure:22577: gcc -c -g -O2  conftest.c >&5
conftest.c: In function 'main':
conftest.c:87:17: error: 'off64_t' undeclared (first use in this function); did you mean 'off_t'?
   87 | int x = sizeof (off64_t *) + sizeof (off64_t);
      |                 ^~~~~~~
      |                 off_t
conftest.c:87:17: note: each undeclared identifier is reported only once for each function it appears in
conftest.c:87:26: error: expected expression before ')' token
   87 | int x = sizeof (off64_t *) + sizeof (off64_t);
      |                          ^
configure:22577: $? = 1
configure: failed program was:
| /* confdefs.h */
| #define PACKAGE_NAME "Libidn2"
| #define PACKAGE_TARNAME "libidn2"
| #define PACKAGE_VERSION "2.3.8"
| #define PACKAGE_STRING "Libidn2 2.3.8"
| #define PACKAGE_BUGREPORT "help-libidn@gnu.org"
| #define PACKAGE_URL "https://www.gnu.org/software/libidn/#libidn2"
| #define PACKAGE "libidn2"
| #define VERSION "2.3.8"
| #define HAVE_STDIO_H 1
| #define HAVE_STDLIB_H 1
| #define HAVE_STRING_H 1
| #define HAVE_INTTYPES_H 1
| #define HAVE_STDINT_H 1
| #define HAVE_STRINGS_H 1
| #define HAVE_SYS_STAT_H 1
| #define HAVE_SYS_TYPES_H 1
| #define HAVE_UNISTD_H 1
| #define HAVE_WCHAR_H 1
| #define HAVE_STDBOOL_H 1
| #define HAVE_SYS_SOCKET_H 1
| #define HAVE_GETOPT_H 1
| #define HAVE_LIMITS_H 1
| #define HAVE_SYS_PARAM_H 1
| #define HAVE_SYS_TIME_H 1
| #define HAVE_STDCKDINT_H 1
| #define HAVE_ICONV_H 1
| #define HAVE_FEATURES_H 1
| #define STDC_HEADERS 1
| #define _ALL_SOURCE 1
| #define _DARWIN_C_SOURCE 1
| #define _GNU_SOURCE 1
| #define _HPUX_ALT_XOPEN_SOCKET_API 1
| #define _NETBSD_SOURCE 1
| #define _OPENBSD_SOURCE 1
| #define _POSIX_PTHREAD_SEMANTICS 1
| #define __STDC_WANT_IEC_60559_ATTRIBS_EXT__ 1
| #define __STDC_WANT_IEC_60559_BFP_EXT__ 1
| #define __STDC_WANT_IEC_60559_DFP_EXT__ 1
| #define __STDC_WANT_IEC_60559_EXT__ 1
| #define __STDC_WANT_IEC_60559_FUNCS_EXT__ 1
| #define __STDC_WANT_IEC_60559_TYPES_EXT__ 1
| #define __STDC_WANT_LIB_EXT2__ 1
| #define __STDC_WANT_MATH_SPEC_FUNCS__ 1
| #define _TANDEM_SOURCE 1
| #define __EXTENSIONS__ 1
| #define _LINUX_SOURCE_COMPAT 1
| #define __USE_MINGW_ANSI_STDIO 1
| #define HAVE_DLFCN_H 1
| #define LT_OBJDIR ".libs/"
| #define HAVE_ALLOCA_H 1
| #define HAVE_ALLOCA 1
| #define HAVE_FCNTL 1
| #define HAVE_SYMLINK 1
| #define HAVE_GETDTABLESIZE 1
| #define HAVE_LSTAT 1
| #define HAVE_DECL_STRERROR_R 1
| #define HAVE_STRERROR_R 1
| #define HAVE_WORKING_O_NOATIME 1
| #define HAVE_WORKING_O_NOFOLLOW 1
| #define restrict __restrict__
| #define HAVE_DECL_GETDELIM 1
| #define HAVE_DECL_GETDTABLESIZE 1
| #define HAVE_DECL_GETLINE 1
| #define HAVE_GETOPT_H 1
| #define HAVE_GETOPT_LONG_ONLY 1
| #define MUSL_LIBC 1
| #define HAVE_MALLOC_PTRDIFF 1
| #define HAVE_MALLOC_POSIX 1
| #define HAVE_MALLOC_0_NONNULL 1
| #define PROMOTED_MODE_T mode_t
| #define HAVE_WINT_T 1
| #define HAVE_LONG_LONG_INT 1
| #define HAVE_UNSIGNED_LONG_LONG_INT 1
| #define HAVE_DECL_FCLOSEALL 0
| #define HAVE_DECL_GETW 1
| #define HAVE_DECL_PUTW 1
| #define HAVE_LANGINFO_CODESET 1
| #define HAVE_DECL_ECVT 1
| #define HAVE_DECL_FCVT 1
| #define HAVE_DECL_GCVT 1
| /* end confdefs.h.  */
| #include <sys/types.h>
| int
| main (void)
| {
| int x = sizeof (off64_t *) + sizeof (off64_t);
|             return !x;
|   ;
|   return 0;
| }
configure:22585: result: no
configure:22688: checking for blksize_t
configure:22688: gcc -c -g -O2  conftest.c >&5
configure:22688: $? = 0
configure:22688: gcc -c -g -O2  conftest.c >&5
conftest.c: In function 'main':
conftest.c:115:24: error: expected expression before ')' token
  115 | if (sizeof ((blksize_t)))
      |                        ^
configure:22688: $? = 1
configure: failed program was:
| /* confdefs.h */
| #define PACKAGE_NAME "Libidn2"
| #define PACKAGE_TARNAME "libidn2"
| #define PACKAGE_VERSION "2.3.8"
| #define PACKAGE_STRING "Libidn2 2.3.8"
| #define PACKAGE_BUGREPORT "help-libidn@gnu.org"
| #define PACKAGE_URL "https://www.gnu.org/software/libidn/#libidn2"
| #define PACKAGE "libidn2"
| #define VERSION "2.3.8"
| #define HAVE_STDIO_H 1
| #define HAVE_STDLIB_H 1
| #define HAVE_STRING_H 1
| #define HAVE_INTTYPES_H 1
| #define HAVE_STDINT_H 1
| #define HAVE_STRINGS_H 1
| #define HAVE_SYS_STAT_H 1
| #define HAVE_SYS_TYPES_H 1
| #define HAVE_UNISTD_H 1
| #define HAVE_WCHAR_H 1
| #define HAVE_STDBOOL_H 1
| #define HAVE_SYS_SOCKET_H 1
| #define HAVE_GETOPT_H 1
| #define HAVE_LIMITS_H 1
| #define HAVE_SYS_PARAM_H 1
| #define HAVE_SYS_TIME_H 1
| #define HAVE_STDCKDINT_H 1
| #define HAVE_ICONV_H 1
| #define HAVE_FEATURES_H 1
| #define STDC_HEADERS 1
| #define _ALL_SOURCE 1
| #define _DARWIN_C_SOURCE 1
| #define _GNU_SOURCE 1
| #define _HPUX_ALT_XOPEN_SOCKET_API 1
| #define _NETBSD_SOURCE 1
| #define _OPENBSD_SOURCE 1
| #define _POSIX_PTHREAD_SEMANTICS 1
| #define __STDC_WANT_IEC_60559_ATTRIBS_EXT__ 1
| #define __STDC_WANT_IEC_60559_BFP_EXT__ 1
| #define __STDC_WANT_IEC_60559_DFP_EXT__ 1
| #define __STDC_WANT_IEC_60559_EXT__ 1
| #define __STDC_WANT_IEC_60559_FUNCS_EXT__ 1
| #define __STDC_WANT_IEC_60559_TYPES_EXT__ 1
| #define __STDC_WANT_LIB_EXT2__ 1
| #define __STDC_WANT_MATH_SPEC_FUNCS__ 1
| #define _TANDEM_SOURCE 1
| #define __EXTENSIONS__ 1
| #define _LINUX_SOURCE_COMPAT 1
| #define __USE_MINGW_ANSI_STDIO 1
| #define HAVE_DLFCN_H 1
| #define LT_OBJDIR ".libs/"
| #define HAVE_ALLOCA_H 1
| #define HAVE_ALLOCA 1
| #define HAVE_FCNTL 1
| #define HAVE_SYMLINK 1
| #define HAVE_GETDTABLESIZE 1
| #define HAVE_LSTAT 1
| #define HAVE_DECL_STRERROR_R 1
| #define HAVE_STRERROR_R 1
| #define HAVE_WORKING_O_NOATIME 1
| #define HAVE_WORKING_O_NOFOLLOW 1
| #define restrict __restrict__
| #define HAVE_DECL_GETDELIM 1
| #define HAVE_DECL_GETDTABLESIZE 1
| #define HAVE_DECL_GETLINE 1
| #define HAVE_GETOPT_H 1
| #define HAVE_GETOPT_LONG_ONLY 1
| #define MUSL_LIBC 1
| #define HAVE_MALLOC_PTRDIFF 1
| #define HAVE_MALLOC_POSIX 1
| #define HAVE_MALLOC_0_NONNULL 1
| #define PROMOTED_MODE_T mode_t
| #define HAVE_WINT_T 1
| #define HAVE_LONG_LONG_INT 1
| #define HAVE_UNSIGNED_LONG_LONG_INT 1
| #define HAVE_DECL_FCLOSEALL 0
| #define HAVE_DECL_GETW 1
| #define HAVE_DECL_PUTW 1
| #define HAVE_LANGINFO_CODESET 1
| #define HAVE_DECL_ECVT 1
| #define HAVE_DECL_FCVT 1
| #define HAVE_DECL_GCVT 1
| #define _USE_STD_STAT 1
| /* end confdefs.h.  */
| #include <stddef.h>
| #ifdef HAVE_STDIO_H
| # include <stdio.h>
| #endif
| #ifdef HAVE_STDLIB_H
| # include <stdlib.h>
| #endif
| #ifdef HAVE_STRING_H
| # include <string.h>
| #endif
| #ifdef HAVE_INTTYPES_H
| # include <inttypes.h>
| #endif
| #ifdef HAVE_STDINT_H
| # include <stdint.h>
| #endif
| #ifdef HAVE_STRINGS_H
| # include <strings.h>
| #endif
| #ifdef HAVE_SYS_TYPES_H
| # include <sys/types.h>
| #endif
| #ifdef HAVE_SYS_STAT_H
| # include <sys/stat.h>
| #endif
| #ifdef HAVE_UNISTD_H
| # include <unistd.h>
| #endif
| int
| main (void)
| {
| if (sizeof ((blksize_t)))
| 	    return 0;
|   ;
|   return 0;
| }
configure:22688: result: yes
configure:22698: checking for blkcnt_t
configure:22698: gcc -c -g -O2  conftest.c >&5
configure:22698: $? = 0
configure:22698: gcc -c -g -O2  conftest.c >&5
conftest.c: In function 'main':
conftest.c:115:23: error: expected expression before ')' token
  115 | if (sizeof ((blkcnt_t)))
      |                       ^
configure:22698: $? = 1
configure: failed program was:
| /* confdefs.h */
| #define PACKAGE_NAME "Libidn2"
| #define PACKAGE_TARNAME "libidn2"
| #define PACKAGE_VERSION "2.3.8"
| #define PACKAGE_STRING "Libidn2 2.3.8"
| #define PACKAGE_BUGREPORT "help-libidn@gnu.org"
| #define PACKAGE_URL "https://www.gnu.org/software/libidn/#libidn2"
| #define PACKAGE "libidn2"
| #define VERSION "2.3.8"
| #define HAVE_STDIO_H 1
| #define HAVE_STDLIB_H 1
| #define HAVE_STRING_H 1
| #define HAVE_INTTYPES_H 1
| #define HAVE_STDINT_H 1
| #define HAVE_STRINGS_H 1
| #define HAVE_SYS_STAT_H 1
| #define HAVE_SYS_TYPES_H 1
| #define HAVE_UNISTD_H 1
| #define HAVE_WCHAR_H 1
| #define HAVE_STDBOOL_H 1
| #define HAVE_SYS_SOCKET_H 1
| #define HAVE_GETOPT_H 1
| #define HAVE_LIMITS_H 1
| #define HAVE_SYS_PARAM_H 1
| #define HAVE_SYS_TIME_H 1
| #define HAVE_STDCKDINT_H 1
| #define HAVE_ICONV_H 1
| #define HAVE_FEATURES_H 1
| #define STDC_HEADERS 1
| #define _ALL_SOURCE 1
| #define _DARWIN_C_SOURCE 1
| #define _GNU_SOURCE 1
| #define _HPUX_ALT_XOPEN_SOCKET_API 1
| #define _NETBSD_SOURCE 1
| #define _OPENBSD_SOURCE 1
| #define _POSIX_PTHREAD_SEMANTICS 1
| #define __STDC_WANT_IEC_60559_ATTRIBS_EXT__ 1
| #define __STDC_WANT_IEC_60559_BFP_EXT__ 1
| #define __STDC_WANT_IEC_60559_DFP_EXT__ 1
| #define __STDC_WANT_IEC_60559_EXT__ 1
| #define __STDC_WANT_IEC_60559_FUNCS_EXT__ 1
| #define __STDC_WANT_IEC_60559_TYPES_EXT__ 1
| #define __STDC_WANT_LIB_EXT2__ 1
| #define __STDC_WANT_MATH_SPEC_FUNCS__ 1
| #define _TANDEM_SOURCE 1
| #define __EXTENSIONS__ 1
| #define _LINUX_SOURCE_COMPAT 1
| #define __USE_MINGW_ANSI_STDIO 1
| #define HAVE_DLFCN_H 1
| #define LT_OBJDIR ".libs/"
| #define HAVE_ALLOCA_H 1
| #define HAVE_ALLOCA 1
| #define HAVE_FCNTL 1
| #define HAVE_SYMLINK 1
| #define HAVE_GETDTABLESIZE 1
| #define HAVE_LSTAT 1
| #define HAVE_DECL_STRERROR_R 1
| #define HAVE_STRERROR_R 1
| #define HAVE_WORKING_O_NOATIME 1
| #define HAVE_WORKING_O_NOFOLLOW 1
| #define restrict __restrict__
| #define HAVE_DECL_GETDELIM 1
| #define HAVE_DECL_GETDTABLESIZE 1
| #define HAVE_DECL_GETLINE 1
| #define HAVE_GETOPT_H 1
| #define HAVE_GETOPT_LONG_ONLY 1
| #define MUSL_LIBC 1
| #define HAVE_MALLOC_PTRDIFF 1
| #define HAVE_MALLOC_POSIX 1
| #define HAVE_MALLOC_0_NONNULL 1
| #define PROMOTED_MODE_T mode_t
| #define HAVE_WINT_T 1
| #define HAVE_LONG_LONG_INT 1
| #define HAVE_UNSIGNED_LONG_LONG_INT 1
| #define HAVE_DECL_FCLOSEALL 0
| #define HAVE_DECL_GETW 1
| #define HAVE_DECL_PUTW 1
| #define HAVE_LANGINFO_CODESET 1
| #define HAVE_DECL_ECVT 1
| #define HAVE_DECL_FCVT 1
| #define HAVE_DECL_GCVT 1
| #define _USE_STD_STAT 1
| /* end confdefs.h.  */
| #include <stddef.h>
| #ifdef HAVE_STDIO_H
| # include <stdio.h>
| #endif
| #ifdef HAVE_STDLIB_H
| # include <stdlib.h>
| #endif
| #ifdef HAVE_STRING_H
| # include <string.h>
| #endif
| #ifdef HAVE_INTTYPES_H
| # include <inttypes.h>
| #endif
| #ifdef HAVE_STDINT_H
| # include <stdint.h>
| #endif
| #ifdef HAVE_STRINGS_H
| # include <strings.h>
| #endif
| #ifdef HAVE_SYS_TYPES_H
| # include <sys/types.h>
| #endif
| #ifdef HAVE_SYS_STAT_H
| # include <sys/stat.h>
| #endif
| #ifdef HAVE_UNISTD_H
| # include <unistd.h>
| #endif
| int
| main (void)
| {
| if (sizeof ((blkcnt_t)))
| 	    return 0;
|   ;
|   return 0;
| }
configure:22698: result: yes
configure:22736: checking for struct timespec in <time.h>
configure:22754: gcc -c -g -O2  conftest.c >&5
configure:22754: $? = 0
configure:22762: result: yes
configure:22956: checking for TIME_UTC in <time.h>
configure:22974: gcc -c -g -O2  conftest.c >&5
configure:22974: $? = 0
configure:22982: result: yes
configure:23053: checking whether execvpe is declared
configure:23053: gcc -c -g -O2   conftest.c >&5
configure:23053: $? = 0
configure:23053: result: yes
configure:23182: checking for valgrind
configure:23217: result: no
configure:23317: checking for C compiler option to allow warnings
configure:23326: gcc -g -O2  -c conftest.c 2>conftest1.err
configure:23329: $? = 0
configure:23332: gcc -g -O2  -Wno-error -c conftest.c 2>conftest2.err
configure:23335: $? = 0
configure:23345: result: -Wno-error
configure:23391: gcc -g -O2  -E conftest.c > conftest.out
configure:23394: $? = 0
configure:23438: checking for alloca as a compiler built-in
configure:23464: result: yes
configure:23519: checking for static_assert
configure:23557: gcc -c -g -O2  conftest.c >&5
configure:23557: $? = 0
configure:23569: result: yes, a keyword
configure:23692: checking for bool, true, false
configure:23707: gcc -c -g -O2  conftest.c >&5
configure:23707: $? = 0
configure:23715: result: yes
configure:23773: checking whether // is distinct from /
configure:23803: result: no
configure:23814: checking whether dup2 works
configure:23907: gcc -o conftest -g -O2   conftest.c  >&5
configure:23907: $? = 0
configure:23907: ./conftest
configure:23907: $? = 0
configure:23919: result: yes
configure:24062: checking whether fcntl handles F_DUPFD correctly
configure:24126: gcc -o conftest -g -O2   conftest.c  >&5
configure:24126: $? = 0
configure:24126: ./conftest
configure:24126: $? = 0
configure:24137: result: yes
configure:24155: checking whether fcntl understands F_DUPFD_CLOEXEC
configure:24190: gcc -o conftest -g -O2   conftest.c  >&5
configure:24190: $? = 0
configure:24190: ./conftest
configure:24190: $? = 0
configure:24209: gcc -c -g -O2  conftest.c >&5
conftest.c:96:1: error: unknown type name 'choke'
   96 | choke me
      | ^~~~~
conftest.c:96:9: error: expected ';' before 'int'
   96 | choke me
      |         ^
      |         ;
......
   99 | int
      | ~~~      
configure:24209: $? = 1
configure: failed program was:
| /* confdefs.h */
| #define PACKAGE_NAME "Libidn2"
| #define PACKAGE_TARNAME "libidn2"
| #define PACKAGE_VERSION "2.3.8"
| #define PACKAGE_STRING "Libidn2 2.3.8"
| #define PACKAGE_BUGREPORT "help-libidn@gnu.org"
| #define PACKAGE_URL "https://www.gnu.org/software/libidn/#libidn2"
| #define PACKAGE "libidn2"
| #define VERSION "2.3.8"
| #define HAVE_STDIO_H 1
| #define HAVE_STDLIB_H 1
| #define HAVE_STRING_H 1
| #define HAVE_INTTYPES_H 1
| #define HAVE_STDINT_H 1
| #define HAVE_STRINGS_H 1
| #define HAVE_SYS_STAT_H 1
| #define HAVE_SYS_TYPES_H 1
| #define HAVE_UNISTD_H 1
| #define HAVE_WCHAR_H 1
| #define HAVE_STDBOOL_H 1
| #define HAVE_SYS_SOCKET_H 1
| #define HAVE_GETOPT_H 1
| #define HAVE_LIMITS_H 1
| #define HAVE_SYS_PARAM_H 1
| #define HAVE_SYS_TIME_H 1
| #define HAVE_STDCKDINT_H 1
| #define HAVE_ICONV_H 1
| #define HAVE_FEATURES_H 1
| #define STDC_HEADERS 1
| #define _ALL_SOURCE 1
| #define _DARWIN_C_SOURCE 1
| #define _GNU_SOURCE 1
| #define _HPUX_ALT_XOPEN_SOCKET_API 1
| #define _NETBSD_SOURCE 1
| #define _OPENBSD_SOURCE 1
| #define _POSIX_PTHREAD_SEMANTICS 1
| #define __STDC_WANT_IEC_60559_ATTRIBS_EXT__ 1
| #define __STDC_WANT_IEC_60559_BFP_EXT__ 1
| #define __STDC_WANT_IEC_60559_DFP_EXT__ 1
| #define __STDC_WANT_IEC_60559_EXT__ 1
| #define __STDC_WANT_IEC_60559_FUNCS_EXT__ 1
| #define __STDC_WANT_IEC_60559_TYPES_EXT__ 1
| #define __STDC_WANT_LIB_EXT2__ 1
| #define __STDC_WANT_MATH_SPEC_FUNCS__ 1
| #define _TANDEM_SOURCE 1
| #define __EXTENSIONS__ 1
| #define _LINUX_SOURCE_COMPAT 1
| #define __USE_MINGW_ANSI_STDIO 1
| #define HAVE_DLFCN_H 1
| #define LT_OBJDIR ".libs/"
| #define HAVE_ALLOCA_H 1
| #define HAVE_ALLOCA 1
| #define HAVE_FCNTL 1
| #define HAVE_SYMLINK 1
| #define HAVE_GETDTABLESIZE 1
| #define HAVE_LSTAT 1
| #define HAVE_DECL_STRERROR_R 1
| #define HAVE_STRERROR_R 1
| #define HAVE_WORKING_O_NOATIME 1
| #define HAVE_WORKING_O_NOFOLLOW 1
| #define restrict __restrict__
| #define HAVE_DECL_GETDELIM 1
| #define HAVE_DECL_GETDTABLESIZE 1
| #define HAVE_DECL_GETLINE 1
| #define HAVE_GETOPT_H 1
| #define HAVE_GETOPT_LONG_ONLY 1
| #define MUSL_LIBC 1
| #define HAVE_MALLOC_PTRDIFF 1
| #define HAVE_MALLOC_POSIX 1
| #define HAVE_MALLOC_0_NONNULL 1
| #define PROMOTED_MODE_T mode_t
| #define HAVE_WINT_T 1
| #define HAVE_LONG_LONG_INT 1
| #define HAVE_UNSIGNED_LONG_LONG_INT 1
| #define HAVE_DECL_FCLOSEALL 0
| #define HAVE_DECL_GETW 1
| #define HAVE_DECL_PUTW 1
| #define HAVE_LANGINFO_CODESET 1
| #define HAVE_DECL_ECVT 1
| #define HAVE_DECL_FCVT 1
| #define HAVE_DECL_GCVT 1
| #define _USE_STD_STAT 1
| #define HAVE_DECL_EXECVPE 1
| #define HAVE_ALLOCA 1
| #define HAVE_C_STATIC_ASSERT 1
| #define HAVE_C_BOOL 1
| #define GNULIB_TEST_CLOEXEC 1
| #define GNULIB_TEST_CLOSE 1
| #define GNULIB_CLOSE 1
| #define GNULIB_TEST_DUP2 1
| /* end confdefs.h.  */
| 
| #ifdef __linux__
| /* The Linux kernel only added F_DUPFD_CLOEXEC in 2.6.24, so we always replace
|    it to support the semantics on older kernels that failed with EINVAL.  */
| choke me
| #endif
| 
| int
| main (void)
| {
| 
|   ;
|   return 0;
| }
configure:24226: result: needs runtime check
configure:24367: checking for getdelim
configure:24404: checking for getdelim
configure:24404: gcc -o conftest -g -O2   conftest.c  >&5
configure:24404: $? = 0
configure:24404: result: yes
configure:24419: result: yes
configure:24435: checking for working getdelim function
configure:24509: gcc -o conftest -g -O2   conftest.c  >&5
configure:24509: $? = 0
configure:24509: ./conftest
configure:24509: $? = 0
configure:24523: result: yes
configure:24608: checking whether getdtablesize works
configure:24648: gcc -o conftest -g -O2   conftest.c  >&5
configure:24648: $? = 0
configure:24648: ./conftest
configure:24648: $? = 0
configure:24662: result: yes
configure:24719: checking for getline
configure:24756: checking for getline
configure:24756: gcc -o conftest -g -O2   conftest.c  >&5
configure:24756: $? = 0
configure:24756: result: yes
configure:24771: result: yes
configure:24786: checking for working getline function
configure:24856: gcc -o conftest -g -O2   conftest.c  >&5
configure:24856: $? = 0
configure:24856: ./conftest
configure:24856: $? = 0
configure:24868: result: yes
configure:25073: checking for getprogname
configure:25110: checking for getprogname
configure:25110: gcc -o conftest -g -O2   conftest.c  >&5
/usr/lib/gcc/x86_64-alpine-linux-musl/15.2.0/../../../../x86_64-alpine-linux-musl/bin/ld: /tmp/ccGcfLAO.o: in function `main':
/home/bloink/Work/unnamedlinuxdistro/libidn2/conftest.c:129:(.text.startup+0x5): undefined reference to `getprogname'
collect2: error: ld returned 1 exit status
configure:25110: $? = 1
configure: failed program was:
| /* confdefs.h */
| #define PACKAGE_NAME "Libidn2"
| #define PACKAGE_TARNAME "libidn2"
| #define PACKAGE_VERSION "2.3.8"
| #define PACKAGE_STRING "Libidn2 2.3.8"
| #define PACKAGE_BUGREPORT "help-libidn@gnu.org"
| #define PACKAGE_URL "https://www.gnu.org/software/libidn/#libidn2"
| #define PACKAGE "libidn2"
| #define VERSION "2.3.8"
| #define HAVE_STDIO_H 1
| #define HAVE_STDLIB_H 1
| #define HAVE_STRING_H 1
| #define HAVE_INTTYPES_H 1
| #define HAVE_STDINT_H 1
| #define HAVE_STRINGS_H 1
| #define HAVE_SYS_STAT_H 1
| #define HAVE_SYS_TYPES_H 1
| #define HAVE_UNISTD_H 1
| #define HAVE_WCHAR_H 1
| #define HAVE_STDBOOL_H 1
| #define HAVE_SYS_SOCKET_H 1
| #define HAVE_GETOPT_H 1
| #define HAVE_LIMITS_H 1
| #define HAVE_SYS_PARAM_H 1
| #define HAVE_SYS_TIME_H 1
| #define HAVE_STDCKDINT_H 1
| #define HAVE_ICONV_H 1
| #define HAVE_FEATURES_H 1
| #define STDC_HEADERS 1
| #define _ALL_SOURCE 1
| #define _DARWIN_C_SOURCE 1
| #define _GNU_SOURCE 1
| #define _HPUX_ALT_XOPEN_SOCKET_API 1
| #define _NETBSD_SOURCE 1
| #define _OPENBSD_SOURCE 1
| #define _POSIX_PTHREAD_SEMANTICS 1
| #define __STDC_WANT_IEC_60559_ATTRIBS_EXT__ 1
| #define __STDC_WANT_IEC_60559_BFP_EXT__ 1
| #define __STDC_WANT_IEC_60559_DFP_EXT__ 1
| #define __STDC_WANT_IEC_60559_EXT__ 1
| #define __STDC_WANT_IEC_60559_FUNCS_EXT__ 1
| #define __STDC_WANT_IEC_60559_TYPES_EXT__ 1
| #define __STDC_WANT_LIB_EXT2__ 1
| #define __STDC_WANT_MATH_SPEC_FUNCS__ 1
| #define _TANDEM_SOURCE 1
| #define __EXTENSIONS__ 1
| #define _LINUX_SOURCE_COMPAT 1
| #define __USE_MINGW_ANSI_STDIO 1
| #define HAVE_DLFCN_H 1
| #define LT_OBJDIR ".libs/"
| #define HAVE_ALLOCA_H 1
| #define HAVE_ALLOCA 1
| #define HAVE_FCNTL 1
| #define HAVE_SYMLINK 1
| #define HAVE_GETDTABLESIZE 1
| #define HAVE_LSTAT 1
| #define HAVE_DECL_STRERROR_R 1
| #define HAVE_STRERROR_R 1
| #define HAVE_WORKING_O_NOATIME 1
| #define HAVE_WORKING_O_NOFOLLOW 1
| #define restrict __restrict__
| #define HAVE_DECL_GETDELIM 1
| #define HAVE_DECL_GETDTABLESIZE 1
| #define HAVE_DECL_GETLINE 1
| #define HAVE_GETOPT_H 1
| #define HAVE_GETOPT_LONG_ONLY 1
| #define MUSL_LIBC 1
| #define HAVE_MALLOC_PTRDIFF 1
| #define HAVE_MALLOC_POSIX 1
| #define HAVE_MALLOC_0_NONNULL 1
| #define PROMOTED_MODE_T mode_t
| #define HAVE_WINT_T 1
| #define HAVE_LONG_LONG_INT 1
| #define HAVE_UNSIGNED_LONG_LONG_INT 1
| #define HAVE_DECL_FCLOSEALL 0
| #define HAVE_DECL_GETW 1
| #define HAVE_DECL_PUTW 1
| #define HAVE_LANGINFO_CODESET 1
| #define HAVE_DECL_ECVT 1
| #define HAVE_DECL_FCVT 1
| #define HAVE_DECL_GCVT 1
| #define _USE_STD_STAT 1
| #define HAVE_DECL_EXECVPE 1
| #define HAVE_ALLOCA 1
| #define HAVE_C_STATIC_ASSERT 1
| #define HAVE_C_BOOL 1
| #define GNULIB_TEST_CLOEXEC 1
| #define GNULIB_TEST_CLOSE 1
| #define GNULIB_CLOSE 1
| #define GNULIB_TEST_DUP2 1
| #define GNULIB_TEST_FCNTL 1
| #define GNULIB_TEST_FSTAT 1
| #define GNULIB_FSTAT 1
| #define HAVE_GETDELIM 1
| #define GNULIB_TEST_GETDELIM 1
| #define GNULIB_TEST_GETDTABLESIZE 1
| #define HAVE_GETLINE 1
| #define GNULIB_TEST_GETLINE 1
| #define __GETOPT_PREFIX rpl_
| #define GNULIB_TEST_GETOPT_POSIX 1
| /* end confdefs.h.  */
| /* Define getprogname to an innocuous variant, in case <limits.h> declares getprogname.
|    For example, HP-UX 11i <limits.h> declares gettimeofday.  */
| #define getprogname innocuous_getprogname
| 
| /* System header to define __stub macros and hopefully few prototypes,
|    which can conflict with char getprogname (); below.  */
| 
| #include <limits.h>
| #undef getprogname
| 
| /* Override any GCC internal prototype to avoid an error.
|    Use char because int might match the return type of a GCC
|    builtin and then its argument prototype would still apply.  */
| #ifdef __cplusplus
| extern "C"
| #endif
| char getprogname ();
| /* The GNU C library defines this for functions which it implements
|     to always fail with ENOSYS.  Some functions are actually named
|     something starting with __ and the normal name is an alias.  */
| #if defined __stub_getprogname || defined __stub___getprogname
| choke me
| #endif
| 
| int
| main (void)
| {
| return getprogname ();
|   ;
|   return 0;
| }
configure:25110: result: no
configure:25125: result: no
configure:25145: checking whether program_invocation_name is declared
configure:25145: gcc -c -g -O2   conftest.c >&5
configure:25145: $? = 0
configure:25145: result: yes
configure:25182: checking whether program_invocation_name is declared
configure:25182: result: yes
configure:25196: checking whether program_invocation_short_name is declared
configure:25196: gcc -c -g -O2   conftest.c >&5
configure:25196: $? = 0
configure:25196: result: yes
configure:25210: checking whether __argv is declared
configure:25210: gcc -c -g -O2   conftest.c >&5
conftest.c: In function 'main':
conftest.c:114:10: error: '__argv' undeclared (first use in this function)
  114 |   (void) __argv;
      |          ^~~~~~
conftest.c:114:10: note: each undeclared identifier is reported only once for each function it appears in
configure:25210: $? = 1
configure: failed program was:
| /* confdefs.h */
| #define PACKAGE_NAME "Libidn2"
| #define PACKAGE_TARNAME "libidn2"
| #define PACKAGE_VERSION "2.3.8"
| #define PACKAGE_STRING "Libidn2 2.3.8"
| #define PACKAGE_BUGREPORT "help-libidn@gnu.org"
| #define PACKAGE_URL "https://www.gnu.org/software/libidn/#libidn2"
| #define PACKAGE "libidn2"
| #define VERSION "2.3.8"
| #define HAVE_STDIO_H 1
| #define HAVE_STDLIB_H 1
| #define HAVE_STRING_H 1
| #define HAVE_INTTYPES_H 1
| #define HAVE_STDINT_H 1
| #define HAVE_STRINGS_H 1
| #define HAVE_SYS_STAT_H 1
| #define HAVE_SYS_TYPES_H 1
| #define HAVE_UNISTD_H 1
| #define HAVE_WCHAR_H 1
| #define HAVE_STDBOOL_H 1
| #define HAVE_SYS_SOCKET_H 1
| #define HAVE_GETOPT_H 1
| #define HAVE_LIMITS_H 1
| #define HAVE_SYS_PARAM_H 1
| #define HAVE_SYS_TIME_H 1
| #define HAVE_STDCKDINT_H 1
| #define HAVE_ICONV_H 1
| #define HAVE_FEATURES_H 1
| #define STDC_HEADERS 1
| #define _ALL_SOURCE 1
| #define _DARWIN_C_SOURCE 1
| #define _GNU_SOURCE 1
| #define _HPUX_ALT_XOPEN_SOCKET_API 1
| #define _NETBSD_SOURCE 1
| #define _OPENBSD_SOURCE 1
| #define _POSIX_PTHREAD_SEMANTICS 1
| #define __STDC_WANT_IEC_60559_ATTRIBS_EXT__ 1
| #define __STDC_WANT_IEC_60559_BFP_EXT__ 1
| #define __STDC_WANT_IEC_60559_DFP_EXT__ 1
| #define __STDC_WANT_IEC_60559_EXT__ 1
| #define __STDC_WANT_IEC_60559_FUNCS_EXT__ 1
| #define __STDC_WANT_IEC_60559_TYPES_EXT__ 1
| #define __STDC_WANT_LIB_EXT2__ 1
| #define __STDC_WANT_MATH_SPEC_FUNCS__ 1
| #define _TANDEM_SOURCE 1
| #define __EXTENSIONS__ 1
| #define _LINUX_SOURCE_COMPAT 1
| #define __USE_MINGW_ANSI_STDIO 1
| #define HAVE_DLFCN_H 1
| #define LT_OBJDIR ".libs/"
| #define HAVE_ALLOCA_H 1
| #define HAVE_ALLOCA 1
| #define HAVE_FCNTL 1
| #define HAVE_SYMLINK 1
| #define HAVE_GETDTABLESIZE 1
| #define HAVE_LSTAT 1
| #define HAVE_DECL_STRERROR_R 1
| #define HAVE_STRERROR_R 1
| #define HAVE_WORKING_O_NOATIME 1
| #define HAVE_WORKING_O_NOFOLLOW 1
| #define restrict __restrict__
| #define HAVE_DECL_GETDELIM 1
| #define HAVE_DECL_GETDTABLESIZE 1
| #define HAVE_DECL_GETLINE 1
| #define HAVE_GETOPT_H 1
| #define HAVE_GETOPT_LONG_ONLY 1
| #define MUSL_LIBC 1
| #define HAVE_MALLOC_PTRDIFF 1
| #define HAVE_MALLOC_POSIX 1
| #define HAVE_MALLOC_0_NONNULL 1
| #define PROMOTED_MODE_T mode_t
| #define HAVE_WINT_T 1
| #define HAVE_LONG_LONG_INT 1
| #define HAVE_UNSIGNED_LONG_LONG_INT 1
| #define HAVE_DECL_FCLOSEALL 0
| #define HAVE_DECL_GETW 1
| #define HAVE_DECL_PUTW 1
| #define HAVE_LANGINFO_CODESET 1
| #define HAVE_DECL_ECVT 1
| #define HAVE_DECL_FCVT 1
| #define HAVE_DECL_GCVT 1
| #define _USE_STD_STAT 1
| #define HAVE_DECL_EXECVPE 1
| #define HAVE_ALLOCA 1
| #define HAVE_C_STATIC_ASSERT 1
| #define HAVE_C_BOOL 1
| #define GNULIB_TEST_CLOEXEC 1
| #define GNULIB_TEST_CLOSE 1
| #define GNULIB_CLOSE 1
| #define GNULIB_TEST_DUP2 1
| #define GNULIB_TEST_FCNTL 1
| #define GNULIB_TEST_FSTAT 1
| #define GNULIB_FSTAT 1
| #define HAVE_GETDELIM 1
| #define GNULIB_TEST_GETDELIM 1
| #define GNULIB_TEST_GETDTABLESIZE 1
| #define HAVE_GETLINE 1
| #define GNULIB_TEST_GETLINE 1
| #define __GETOPT_PREFIX rpl_
| #define GNULIB_TEST_GETOPT_POSIX 1
| #define HAVE_DECL_PROGRAM_INVOCATION_NAME 1
| #define HAVE_DECL_PROGRAM_INVOCATION_NAME 1
| #define HAVE_DECL_PROGRAM_INVOCATION_SHORT_NAME 1
| /* end confdefs.h.  */
| #include <stdlib.h>
| 
| int
| main (void)
| {
| #ifndef __argv
| #ifdef __cplusplus
|   (void) __argv;
| #else
|   (void) __argv;
| #endif
| #endif
| 
|   ;
|   return 0;
| }
configure:25210: result: no
configure:25359: checking whether the compiler generally respects inline
configure:25381: gcc -c -g -O2  conftest.c >&5
configure:25381: $? = 0
configure:25391: result: yes
configure:25401: checking if gcc/ld supports -Wl,--output-def
configure:25423: gcc -o conftest -g -O2  -Wl,--output-def,conftest.def conftest.c  >&5
/usr/lib/gcc/x86_64-alpine-linux-musl/15.2.0/../../../../x86_64-alpine-linux-musl/bin/ld: unrecognized option '--output-def'
/usr/lib/gcc/x86_64-alpine-linux-musl/15.2.0/../../../../x86_64-alpine-linux-musl/bin/ld: use the --help option for usage information
collect2: error: ld returned 1 exit status
configure:25423: $? = 1
configure: failed program was:
| /* confdefs.h */
| #define PACKAGE_NAME "Libidn2"
| #define PACKAGE_TARNAME "libidn2"
| #define PACKAGE_VERSION "2.3.8"
| #define PACKAGE_STRING "Libidn2 2.3.8"
| #define PACKAGE_BUGREPORT "help-libidn@gnu.org"
| #define PACKAGE_URL "https://www.gnu.org/software/libidn/#libidn2"
| #define PACKAGE "libidn2"
| #define VERSION "2.3.8"
| #define HAVE_STDIO_H 1
| #define HAVE_STDLIB_H 1
| #define HAVE_STRING_H 1
| #define HAVE_INTTYPES_H 1
| #define HAVE_STDINT_H 1
| #define HAVE_STRINGS_H 1
| #define HAVE_SYS_STAT_H 1
| #define HAVE_SYS_TYPES_H 1
| #define HAVE_UNISTD_H 1
| #define HAVE_WCHAR_H 1
| #define HAVE_STDBOOL_H 1
| #define HAVE_SYS_SOCKET_H 1
| #define HAVE_GETOPT_H 1
| #define HAVE_LIMITS_H 1
| #define HAVE_SYS_PARAM_H 1
| #define HAVE_SYS_TIME_H 1
| #define HAVE_STDCKDINT_H 1
| #define HAVE_ICONV_H 1
| #define HAVE_FEATURES_H 1
| #define STDC_HEADERS 1
| #define _ALL_SOURCE 1
| #define _DARWIN_C_SOURCE 1
| #define _GNU_SOURCE 1
| #define _HPUX_ALT_XOPEN_SOCKET_API 1
| #define _NETBSD_SOURCE 1
| #define _OPENBSD_SOURCE 1
| #define _POSIX_PTHREAD_SEMANTICS 1
| #define __STDC_WANT_IEC_60559_ATTRIBS_EXT__ 1
| #define __STDC_WANT_IEC_60559_BFP_EXT__ 1
| #define __STDC_WANT_IEC_60559_DFP_EXT__ 1
| #define __STDC_WANT_IEC_60559_EXT__ 1
| #define __STDC_WANT_IEC_60559_FUNCS_EXT__ 1
| #define __STDC_WANT_IEC_60559_TYPES_EXT__ 1
| #define __STDC_WANT_LIB_EXT2__ 1
| #define __STDC_WANT_MATH_SPEC_FUNCS__ 1
| #define _TANDEM_SOURCE 1
| #define __EXTENSIONS__ 1
| #define _LINUX_SOURCE_COMPAT 1
| #define __USE_MINGW_ANSI_STDIO 1
| #define HAVE_DLFCN_H 1
| #define LT_OBJDIR ".libs/"
| #define HAVE_ALLOCA_H 1
| #define HAVE_ALLOCA 1
| #define HAVE_FCNTL 1
| #define HAVE_SYMLINK 1
| #define HAVE_GETDTABLESIZE 1
| #define HAVE_LSTAT 1
| #define HAVE_DECL_STRERROR_R 1
| #define HAVE_STRERROR_R 1
| #define HAVE_WORKING_O_NOATIME 1
| #define HAVE_WORKING_O_NOFOLLOW 1
| #define restrict __restrict__
| #define HAVE_DECL_GETDELIM 1
| #define HAVE_DECL_GETDTABLESIZE 1
| #define HAVE_DECL_GETLINE 1
| #define HAVE_GETOPT_H 1
| #define HAVE_GETOPT_LONG_ONLY 1
| #define MUSL_LIBC 1
| #define HAVE_MALLOC_PTRDIFF 1
| #define HAVE_MALLOC_POSIX 1
| #define HAVE_MALLOC_0_NONNULL 1
| #define PROMOTED_MODE_T mode_t
| #define HAVE_WINT_T 1
| #define HAVE_LONG_LONG_INT 1
| #define HAVE_UNSIGNED_LONG_LONG_INT 1
| #define HAVE_DECL_FCLOSEALL 0
| #define HAVE_DECL_GETW 1
| #define HAVE_DECL_PUTW 1
| #define HAVE_LANGINFO_CODESET 1
| #define HAVE_DECL_ECVT 1
| #define HAVE_DECL_FCVT 1
| #define HAVE_DECL_GCVT 1
| #define _USE_STD_STAT 1
| #define HAVE_DECL_EXECVPE 1
| #define HAVE_ALLOCA 1
| #define HAVE_C_STATIC_ASSERT 1
| #define HAVE_C_BOOL 1
| #define GNULIB_TEST_CLOEXEC 1
| #define GNULIB_TEST_CLOSE 1
| #define GNULIB_CLOSE 1
| #define GNULIB_TEST_DUP2 1
| #define GNULIB_TEST_FCNTL 1
| #define GNULIB_TEST_FSTAT 1
| #define GNULIB_FSTAT 1
| #define HAVE_GETDELIM 1
| #define GNULIB_TEST_GETDELIM 1
| #define GNULIB_TEST_GETDTABLESIZE 1
| #define HAVE_GETLINE 1
| #define GNULIB_TEST_GETLINE 1
| #define __GETOPT_PREFIX rpl_
| #define GNULIB_TEST_GETOPT_POSIX 1
| #define HAVE_DECL_PROGRAM_INVOCATION_NAME 1
| #define HAVE_DECL_PROGRAM_INVOCATION_NAME 1
| #define HAVE_DECL_PROGRAM_INVOCATION_SHORT_NAME 1
| #define HAVE_DECL___ARGV 0
| #define GNULIB_TEST_GETPROGNAME 1
| #define GNULIB_LOCALEDIR "/home/bloink/Work/unnamedlinuxdistro/fs/share/locale"
| #define HAVE_INLINE 1
| /* end confdefs.h.  */
| 
| int
| main (void)
| {
| 
|   ;
|   return 0;
| }
configure:25435: result: no
configure:25452: checking if LD -Wl,--version-script works
configure:25473: gcc -o conftest -g -O2   -Wl,--version-script=conftest.map conftest.c  >&5
/usr/lib/gcc/x86_64-alpine-linux-musl/15.2.0/../../../../x86_64-alpine-linux-musl/bin/ld:conftest.map:0: syntax error in VERSION script
collect2: error: ld returned 1 exit status
configure:25473: $? = 1
configure: failed program was:
| /* confdefs.h */
| #define PACKAGE_NAME "Libidn2"
| #define PACKAGE_TARNAME "libidn2"
| #define PACKAGE_VERSION "2.3.8"
| #define PACKAGE_STRING "Libidn2 2.3.8"
| #define PACKAGE_BUGREPORT "help-libidn@gnu.org"
| #define PACKAGE_URL "https://www.gnu.org/software/libidn/#libidn2"
| #define PACKAGE "libidn2"
| #define VERSION "2.3.8"
| #define HAVE_STDIO_H 1
| #define HAVE_STDLIB_H 1
| #define HAVE_STRING_H 1
| #define HAVE_INTTYPES_H 1
| #define HAVE_STDINT_H 1
| #define HAVE_STRINGS_H 1
| #define HAVE_SYS_STAT_H 1
| #define HAVE_SYS_TYPES_H 1
| #define HAVE_UNISTD_H 1
| #define HAVE_WCHAR_H 1
| #define HAVE_STDBOOL_H 1
| #define HAVE_SYS_SOCKET_H 1
| #define HAVE_GETOPT_H 1
| #define HAVE_LIMITS_H 1
| #define HAVE_SYS_PARAM_H 1
| #define HAVE_SYS_TIME_H 1
| #define HAVE_STDCKDINT_H 1
| #define HAVE_ICONV_H 1
| #define HAVE_FEATURES_H 1
| #define STDC_HEADERS 1
| #define _ALL_SOURCE 1
| #define _DARWIN_C_SOURCE 1
| #define _GNU_SOURCE 1
| #define _HPUX_ALT_XOPEN_SOCKET_API 1
| #define _NETBSD_SOURCE 1
| #define _OPENBSD_SOURCE 1
| #define _POSIX_PTHREAD_SEMANTICS 1
| #define __STDC_WANT_IEC_60559_ATTRIBS_EXT__ 1
| #define __STDC_WANT_IEC_60559_BFP_EXT__ 1
| #define __STDC_WANT_IEC_60559_DFP_EXT__ 1
| #define __STDC_WANT_IEC_60559_EXT__ 1
| #define __STDC_WANT_IEC_60559_FUNCS_EXT__ 1
| #define __STDC_WANT_IEC_60559_TYPES_EXT__ 1
| #define __STDC_WANT_LIB_EXT2__ 1
| #define __STDC_WANT_MATH_SPEC_FUNCS__ 1
| #define _TANDEM_SOURCE 1
| #define __EXTENSIONS__ 1
| #define _LINUX_SOURCE_COMPAT 1
| #define __USE_MINGW_ANSI_STDIO 1
| #define HAVE_DLFCN_H 1
| #define LT_OBJDIR ".libs/"
| #define HAVE_ALLOCA_H 1
| #define HAVE_ALLOCA 1
| #define HAVE_FCNTL 1
| #define HAVE_SYMLINK 1
| #define HAVE_GETDTABLESIZE 1
| #define HAVE_LSTAT 1
| #define HAVE_DECL_STRERROR_R 1
| #define HAVE_STRERROR_R 1
| #define HAVE_WORKING_O_NOATIME 1
| #define HAVE_WORKING_O_NOFOLLOW 1
| #define restrict __restrict__
| #define HAVE_DECL_GETDELIM 1
| #define HAVE_DECL_GETDTABLESIZE 1
| #define HAVE_DECL_GETLINE 1
| #define HAVE_GETOPT_H 1
| #define HAVE_GETOPT_LONG_ONLY 1
| #define MUSL_LIBC 1
| #define HAVE_MALLOC_PTRDIFF 1
| #define HAVE_MALLOC_POSIX 1
| #define HAVE_MALLOC_0_NONNULL 1
| #define PROMOTED_MODE_T mode_t
| #define HAVE_WINT_T 1
| #define HAVE_LONG_LONG_INT 1
| #define HAVE_UNSIGNED_LONG_LONG_INT 1
| #define HAVE_DECL_FCLOSEALL 0
| #define HAVE_DECL_GETW 1
| #define HAVE_DECL_PUTW 1
| #define HAVE_LANGINFO_CODESET 1
| #define HAVE_DECL_ECVT 1
| #define HAVE_DECL_FCVT 1
| #define HAVE_DECL_GCVT 1
| #define _USE_STD_STAT 1
| #define HAVE_DECL_EXECVPE 1
| #define HAVE_ALLOCA 1
| #define HAVE_C_STATIC_ASSERT 1
| #define HAVE_C_BOOL 1
| #define GNULIB_TEST_CLOEXEC 1
| #define GNULIB_TEST_CLOSE 1
| #define GNULIB_CLOSE 1
| #define GNULIB_TEST_DUP2 1
| #define GNULIB_TEST_FCNTL 1
| #define GNULIB_TEST_FSTAT 1
| #define GNULIB_FSTAT 1
| #define HAVE_GETDELIM 1
| #define GNULIB_TEST_GETDELIM 1
| #define GNULIB_TEST_GETDTABLESIZE 1
| #define HAVE_GETLINE 1
| #define GNULIB_TEST_GETLINE 1
| #define __GETOPT_PREFIX rpl_
| #define GNULIB_TEST_GETOPT_POSIX 1
| #define HAVE_DECL_PROGRAM_INVOCATION_NAME 1
| #define HAVE_DECL_PROGRAM_INVOCATION_NAME 1
| #define HAVE_DECL_PROGRAM_INVOCATION_SHORT_NAME 1
| #define HAVE_DECL___ARGV 0
| #define GNULIB_TEST_GETPROGNAME 1
| #define GNULIB_LOCALEDIR "/home/bloink/Work/unnamedlinuxdistro/fs/share/locale"
| #define HAVE_INLINE 1
| /* end confdefs.h.  */
| 
| int
| main (void)
| {
| 
|   ;
|   return 0;
| }
configure:25497: gcc -o conftest -g -O2   -Wl,--version-script=conftest.map conftest.c  >&5
configure:25497: $? = 0
configure:25509: result: yes
configure:25528: checking whether the -Werror option is usable
configure:25547: gcc -c -g -O2 -Werror  conftest.c >&5
configure:25547: $? = 0
configure:25557: result: yes
configure:25559: checking for simple visibility declarations
configure:25591: gcc -c -g -O2 -fvisibility=hidden -Werror  conftest.c >&5
configure:25591: $? = 0
configure:25601: result: yes
configure:25615: checking whether the compiler supports the __inline keyword
configure:25633: gcc -c -g -O2  conftest.c >&5
configure:25633: $? = 0
configure:25641: result: yes
configure:25739: checking whether open recognizes a trailing slash
configure:25784: gcc -o conftest -g -O2   conftest.c  >&5
configure:25784: $? = 0
configure:25784: ./conftest
configure:25784: $? = 0
configure:25797: result: yes
configure:25861: checking whether program_invocation_name is declared
configure:25861: result: yes
configure:25871: checking whether program_invocation_short_name is declared
configure:25871: result: yes
configure:25885: checking for rawmemchr
configure:25885: gcc -o conftest -g -O2   conftest.c  >&5
/usr/lib/gcc/x86_64-alpine-linux-musl/15.2.0/../../../../x86_64-alpine-linux-musl/bin/ld: /tmp/ccCmEcAk.o: in function `main':
/home/bloink/Work/unnamedlinuxdistro/libidn2/conftest.c:142:(.text.startup+0x5): undefined reference to `rawmemchr'
collect2: error: ld returned 1 exit status
configure:25885: $? = 1
configure: failed program was:
| /* confdefs.h */
| #define PACKAGE_NAME "Libidn2"
| #define PACKAGE_TARNAME "libidn2"
| #define PACKAGE_VERSION "2.3.8"
| #define PACKAGE_STRING "Libidn2 2.3.8"
| #define PACKAGE_BUGREPORT "help-libidn@gnu.org"
| #define PACKAGE_URL "https://www.gnu.org/software/libidn/#libidn2"
| #define PACKAGE "libidn2"
| #define VERSION "2.3.8"
| #define HAVE_STDIO_H 1
| #define HAVE_STDLIB_H 1
| #define HAVE_STRING_H 1
| #define HAVE_INTTYPES_H 1
| #define HAVE_STDINT_H 1
| #define HAVE_STRINGS_H 1
| #define HAVE_SYS_STAT_H 1
| #define HAVE_SYS_TYPES_H 1
| #define HAVE_UNISTD_H 1
| #define HAVE_WCHAR_H 1
| #define HAVE_STDBOOL_H 1
| #define HAVE_SYS_SOCKET_H 1
| #define HAVE_GETOPT_H 1
| #define HAVE_LIMITS_H 1
| #define HAVE_SYS_PARAM_H 1
| #define HAVE_SYS_TIME_H 1
| #define HAVE_STDCKDINT_H 1
| #define HAVE_ICONV_H 1
| #define HAVE_FEATURES_H 1
| #define STDC_HEADERS 1
| #define _ALL_SOURCE 1
| #define _DARWIN_C_SOURCE 1
| #define _GNU_SOURCE 1
| #define _HPUX_ALT_XOPEN_SOCKET_API 1
| #define _NETBSD_SOURCE 1
| #define _OPENBSD_SOURCE 1
| #define _POSIX_PTHREAD_SEMANTICS 1
| #define __STDC_WANT_IEC_60559_ATTRIBS_EXT__ 1
| #define __STDC_WANT_IEC_60559_BFP_EXT__ 1
| #define __STDC_WANT_IEC_60559_DFP_EXT__ 1
| #define __STDC_WANT_IEC_60559_EXT__ 1
| #define __STDC_WANT_IEC_60559_FUNCS_EXT__ 1
| #define __STDC_WANT_IEC_60559_TYPES_EXT__ 1
| #define __STDC_WANT_LIB_EXT2__ 1
| #define __STDC_WANT_MATH_SPEC_FUNCS__ 1
| #define _TANDEM_SOURCE 1
| #define __EXTENSIONS__ 1
| #define _LINUX_SOURCE_COMPAT 1
| #define __USE_MINGW_ANSI_STDIO 1
| #define HAVE_DLFCN_H 1
| #define LT_OBJDIR ".libs/"
| #define HAVE_ALLOCA_H 1
| #define HAVE_ALLOCA 1
| #define HAVE_FCNTL 1
| #define HAVE_SYMLINK 1
| #define HAVE_GETDTABLESIZE 1
| #define HAVE_LSTAT 1
| #define HAVE_DECL_STRERROR_R 1
| #define HAVE_STRERROR_R 1
| #define HAVE_WORKING_O_NOATIME 1
| #define HAVE_WORKING_O_NOFOLLOW 1
| #define restrict __restrict__
| #define HAVE_DECL_GETDELIM 1
| #define HAVE_DECL_GETDTABLESIZE 1
| #define HAVE_DECL_GETLINE 1
| #define HAVE_GETOPT_H 1
| #define HAVE_GETOPT_LONG_ONLY 1
| #define MUSL_LIBC 1
| #define HAVE_MALLOC_PTRDIFF 1
| #define HAVE_MALLOC_POSIX 1
| #define HAVE_MALLOC_0_NONNULL 1
| #define PROMOTED_MODE_T mode_t
| #define HAVE_WINT_T 1
| #define HAVE_LONG_LONG_INT 1
| #define HAVE_UNSIGNED_LONG_LONG_INT 1
| #define HAVE_DECL_FCLOSEALL 0
| #define HAVE_DECL_GETW 1
| #define HAVE_DECL_PUTW 1
| #define HAVE_LANGINFO_CODESET 1
| #define HAVE_DECL_ECVT 1
| #define HAVE_DECL_FCVT 1
| #define HAVE_DECL_GCVT 1
| #define _USE_STD_STAT 1
| #define HAVE_DECL_EXECVPE 1
| #define HAVE_ALLOCA 1
| #define HAVE_C_STATIC_ASSERT 1
| #define HAVE_C_BOOL 1
| #define GNULIB_TEST_CLOEXEC 1
| #define GNULIB_TEST_CLOSE 1
| #define GNULIB_CLOSE 1
| #define GNULIB_TEST_DUP2 1
| #define GNULIB_TEST_FCNTL 1
| #define GNULIB_TEST_FSTAT 1
| #define GNULIB_FSTAT 1
| #define HAVE_GETDELIM 1
| #define GNULIB_TEST_GETDELIM 1
| #define GNULIB_TEST_GETDTABLESIZE 1
| #define HAVE_GETLINE 1
| #define GNULIB_TEST_GETLINE 1
| #define __GETOPT_PREFIX rpl_
| #define GNULIB_TEST_GETOPT_POSIX 1
| #define HAVE_DECL_PROGRAM_INVOCATION_NAME 1
| #define HAVE_DECL_PROGRAM_INVOCATION_NAME 1
| #define HAVE_DECL_PROGRAM_INVOCATION_SHORT_NAME 1
| #define HAVE_DECL___ARGV 0
| #define GNULIB_TEST_GETPROGNAME 1
| #define GNULIB_LOCALEDIR "/home/bloink/Work/unnamedlinuxdistro/fs/share/locale"
| #define HAVE_INLINE 1
| #define HAVE_VISIBILITY 1
| #define HAVE___INLINE 1
| #define GNULIB_MSVC_NOTHROW 1
| #define GNULIB_TEST_OPEN 1
| #define HAVE_DECL_PROGRAM_INVOCATION_NAME 1
| #define HAVE_DECL_PROGRAM_INVOCATION_SHORT_NAME 1
| /* end confdefs.h.  */
| /* Define rawmemchr to an innocuous variant, in case <limits.h> declares rawmemchr.
|    For example, HP-UX 11i <limits.h> declares gettimeofday.  */
| #define rawmemchr innocuous_rawmemchr
| 
| /* System header to define __stub macros and hopefully few prototypes,
|    which can conflict with char rawmemchr (); below.  */
| 
| #include <limits.h>
| #undef rawmemchr
| 
| /* Override any GCC internal prototype to avoid an error.
|    Use char because int might match the return type of a GCC
|    builtin and then its argument prototype would still apply.  */
| #ifdef __cplusplus
| extern "C"
| #endif
| char rawmemchr ();
| /* The GNU C library defines this for functions which it implements
|     to always fail with ENOSYS.  Some functions are actually named
|     something starting with __ and the normal name is an alias.  */
| #if defined __stub_rawmemchr || defined __stub___rawmemchr
| choke me
| #endif
| 
| int
| main (void)
| {
| return rawmemchr ();
|   ;
|   return 0;
| }
configure:25885: result: no
configure:25940: checking for ssize_t
configure:25958: gcc -c -g -O2  conftest.c >&5
configure:25958: $? = 0
configure:25966: result: yes
configure:26017: checking whether stat handles trailing slashes on files
configure:26063: gcc -o conftest -g -O2   conftest.c  >&5
configure:26063: $? = 0
configure:26063: ./conftest
configure:26063: $? = 0
configure:26075: result: yes
configure:26156: checking for struct stat.st_atim.tv_nsec
configure:26156: gcc -c -g -O2  conftest.c >&5
configure:26156: $? = 0
configure:26156: result: yes
configure:26164: checking whether struct stat.st_atim is of type struct timespec
configure:26192: gcc -c -g -O2  conftest.c >&5
configure:26192: $? = 0
configure:26200: result: yes
configure:26249: checking for struct stat.st_birthtimespec.tv_nsec
configure:26249: gcc -c -g -O2  conftest.c >&5
conftest.c: In function 'main':
conftest.c:127:12: error: 'struct stat' has no member named 'st_birthtimespec'
  127 | if (ac_aggr.st_birthtimespec.tv_nsec)
      |            ^
configure:26249: $? = 1
configure: failed program was:
| /* confdefs.h */
| #define PACKAGE_NAME "Libidn2"
| #define PACKAGE_TARNAME "libidn2"
| #define PACKAGE_VERSION "2.3.8"
| #define PACKAGE_STRING "Libidn2 2.3.8"
| #define PACKAGE_BUGREPORT "help-libidn@gnu.org"
| #define PACKAGE_URL "https://www.gnu.org/software/libidn/#libidn2"
| #define PACKAGE "libidn2"
| #define VERSION "2.3.8"
| #define HAVE_STDIO_H 1
| #define HAVE_STDLIB_H 1
| #define HAVE_STRING_H 1
| #define HAVE_INTTYPES_H 1
| #define HAVE_STDINT_H 1
| #define HAVE_STRINGS_H 1
| #define HAVE_SYS_STAT_H 1
| #define HAVE_SYS_TYPES_H 1
| #define HAVE_UNISTD_H 1
| #define HAVE_WCHAR_H 1
| #define HAVE_STDBOOL_H 1
| #define HAVE_SYS_SOCKET_H 1
| #define HAVE_GETOPT_H 1
| #define HAVE_LIMITS_H 1
| #define HAVE_SYS_PARAM_H 1
| #define HAVE_SYS_TIME_H 1
| #define HAVE_STDCKDINT_H 1
| #define HAVE_ICONV_H 1
| #define HAVE_FEATURES_H 1
| #define STDC_HEADERS 1
| #define _ALL_SOURCE 1
| #define _DARWIN_C_SOURCE 1
| #define _GNU_SOURCE 1
| #define _HPUX_ALT_XOPEN_SOCKET_API 1
| #define _NETBSD_SOURCE 1
| #define _OPENBSD_SOURCE 1
| #define _POSIX_PTHREAD_SEMANTICS 1
| #define __STDC_WANT_IEC_60559_ATTRIBS_EXT__ 1
| #define __STDC_WANT_IEC_60559_BFP_EXT__ 1
| #define __STDC_WANT_IEC_60559_DFP_EXT__ 1
| #define __STDC_WANT_IEC_60559_EXT__ 1
| #define __STDC_WANT_IEC_60559_FUNCS_EXT__ 1
| #define __STDC_WANT_IEC_60559_TYPES_EXT__ 1
| #define __STDC_WANT_LIB_EXT2__ 1
| #define __STDC_WANT_MATH_SPEC_FUNCS__ 1
| #define _TANDEM_SOURCE 1
| #define __EXTENSIONS__ 1
| #define _LINUX_SOURCE_COMPAT 1
| #define __USE_MINGW_ANSI_STDIO 1
| #define HAVE_DLFCN_H 1
| #define LT_OBJDIR ".libs/"
| #define HAVE_ALLOCA_H 1
| #define HAVE_ALLOCA 1
| #define HAVE_FCNTL 1
| #define HAVE_SYMLINK 1
| #define HAVE_GETDTABLESIZE 1
| #define HAVE_LSTAT 1
| #define HAVE_DECL_STRERROR_R 1
| #define HAVE_STRERROR_R 1
| #define HAVE_WORKING_O_NOATIME 1
| #define HAVE_WORKING_O_NOFOLLOW 1
| #define restrict __restrict__
| #define HAVE_DECL_GETDELIM 1
| #define HAVE_DECL_GETDTABLESIZE 1
| #define HAVE_DECL_GETLINE 1
| #define HAVE_GETOPT_H 1
| #define HAVE_GETOPT_LONG_ONLY 1
| #define MUSL_LIBC 1
| #define HAVE_MALLOC_PTRDIFF 1
| #define HAVE_MALLOC_POSIX 1
| #define HAVE_MALLOC_0_NONNULL 1
| #define PROMOTED_MODE_T mode_t
| #define HAVE_WINT_T 1
| #define HAVE_LONG_LONG_INT 1
| #define HAVE_UNSIGNED_LONG_LONG_INT 1
| #define HAVE_DECL_FCLOSEALL 0
| #define HAVE_DECL_GETW 1
| #define HAVE_DECL_PUTW 1
| #define HAVE_LANGINFO_CODESET 1
| #define HAVE_DECL_ECVT 1
| #define HAVE_DECL_FCVT 1
| #define HAVE_DECL_GCVT 1
| #define _USE_STD_STAT 1
| #define HAVE_DECL_EXECVPE 1
| #define HAVE_ALLOCA 1
| #define HAVE_C_STATIC_ASSERT 1
| #define HAVE_C_BOOL 1
| #define GNULIB_TEST_CLOEXEC 1
| #define GNULIB_TEST_CLOSE 1
| #define GNULIB_CLOSE 1
| #define GNULIB_TEST_DUP2 1
| #define GNULIB_TEST_FCNTL 1
| #define GNULIB_TEST_FSTAT 1
| #define GNULIB_FSTAT 1
| #define HAVE_GETDELIM 1
| #define GNULIB_TEST_GETDELIM 1
| #define GNULIB_TEST_GETDTABLESIZE 1
| #define HAVE_GETLINE 1
| #define GNULIB_TEST_GETLINE 1
| #define __GETOPT_PREFIX rpl_
| #define GNULIB_TEST_GETOPT_POSIX 1
| #define HAVE_DECL_PROGRAM_INVOCATION_NAME 1
| #define HAVE_DECL_PROGRAM_INVOCATION_NAME 1
| #define HAVE_DECL_PROGRAM_INVOCATION_SHORT_NAME 1
| #define HAVE_DECL___ARGV 0
| #define GNULIB_TEST_GETPROGNAME 1
| #define GNULIB_LOCALEDIR "/home/bloink/Work/unnamedlinuxdistro/fs/share/locale"
| #define HAVE_INLINE 1
| #define HAVE_VISIBILITY 1
| #define HAVE___INLINE 1
| #define GNULIB_MSVC_NOTHROW 1
| #define GNULIB_TEST_OPEN 1
| #define HAVE_DECL_PROGRAM_INVOCATION_NAME 1
| #define HAVE_DECL_PROGRAM_INVOCATION_SHORT_NAME 1
| #define GNULIB_TEST_RAWMEMCHR 1
| #define GNULIB_TEST_STAT 1
| #define GNULIB_STAT 1
| #define HAVE_STRUCT_STAT_ST_ATIM_TV_NSEC 1
| #define TYPEOF_STRUCT_STAT_ST_ATIM_IS_STRUCT_TIMESPEC 1
| /* end confdefs.h.  */
| #include <sys/types.h>
|      #include <sys/stat.h>
| 
| int
| main (void)
| {
| static struct stat ac_aggr;
| if (ac_aggr.st_birthtimespec.tv_nsec)
| return 0;
|   ;
|   return 0;
| }
configure:26249: gcc -c -g -O2  conftest.c >&5
conftest.c: In function 'main':
conftest.c:127:19: error: 'struct stat' has no member named 'st_birthtimespec'
  127 | if (sizeof ac_aggr.st_birthtimespec.tv_nsec)
      |                   ^
configure:26249: $? = 1
configure: failed program was:
| /* confdefs.h */
| #define PACKAGE_NAME "Libidn2"
| #define PACKAGE_TARNAME "libidn2"
| #define PACKAGE_VERSION "2.3.8"
| #define PACKAGE_STRING "Libidn2 2.3.8"
| #define PACKAGE_BUGREPORT "help-libidn@gnu.org"
| #define PACKAGE_URL "https://www.gnu.org/software/libidn/#libidn2"
| #define PACKAGE "libidn2"
| #define VERSION "2.3.8"
| #define HAVE_STDIO_H 1
| #define HAVE_STDLIB_H 1
| #define HAVE_STRING_H 1
| #define HAVE_INTTYPES_H 1
| #define HAVE_STDINT_H 1
| #define HAVE_STRINGS_H 1
| #define HAVE_SYS_STAT_H 1
| #define HAVE_SYS_TYPES_H 1
| #define HAVE_UNISTD_H 1
| #define HAVE_WCHAR_H 1
| #define HAVE_STDBOOL_H 1
| #define HAVE_SYS_SOCKET_H 1
| #define HAVE_GETOPT_H 1
| #define HAVE_LIMITS_H 1
| #define HAVE_SYS_PARAM_H 1
| #define HAVE_SYS_TIME_H 1
| #define HAVE_STDCKDINT_H 1
| #define HAVE_ICONV_H 1
| #define HAVE_FEATURES_H 1
| #define STDC_HEADERS 1
| #define _ALL_SOURCE 1
| #define _DARWIN_C_SOURCE 1
| #define _GNU_SOURCE 1
| #define _HPUX_ALT_XOPEN_SOCKET_API 1
| #define _NETBSD_SOURCE 1
| #define _OPENBSD_SOURCE 1
| #define _POSIX_PTHREAD_SEMANTICS 1
| #define __STDC_WANT_IEC_60559_ATTRIBS_EXT__ 1
| #define __STDC_WANT_IEC_60559_BFP_EXT__ 1
| #define __STDC_WANT_IEC_60559_DFP_EXT__ 1
| #define __STDC_WANT_IEC_60559_EXT__ 1
| #define __STDC_WANT_IEC_60559_FUNCS_EXT__ 1
| #define __STDC_WANT_IEC_60559_TYPES_EXT__ 1
| #define __STDC_WANT_LIB_EXT2__ 1
| #define __STDC_WANT_MATH_SPEC_FUNCS__ 1
| #define _TANDEM_SOURCE 1
| #define __EXTENSIONS__ 1
| #define _LINUX_SOURCE_COMPAT 1
| #define __USE_MINGW_ANSI_STDIO 1
| #define HAVE_DLFCN_H 1
| #define LT_OBJDIR ".libs/"
| #define HAVE_ALLOCA_H 1
| #define HAVE_ALLOCA 1
| #define HAVE_FCNTL 1
| #define HAVE_SYMLINK 1
| #define HAVE_GETDTABLESIZE 1
| #define HAVE_LSTAT 1
| #define HAVE_DECL_STRERROR_R 1
| #define HAVE_STRERROR_R 1
| #define HAVE_WORKING_O_NOATIME 1
| #define HAVE_WORKING_O_NOFOLLOW 1
| #define restrict __restrict__
| #define HAVE_DECL_GETDELIM 1
| #define HAVE_DECL_GETDTABLESIZE 1
| #define HAVE_DECL_GETLINE 1
| #define HAVE_GETOPT_H 1
| #define HAVE_GETOPT_LONG_ONLY 1
| #define MUSL_LIBC 1
| #define HAVE_MALLOC_PTRDIFF 1
| #define HAVE_MALLOC_POSIX 1
| #define HAVE_MALLOC_0_NONNULL 1
| #define PROMOTED_MODE_T mode_t
| #define HAVE_WINT_T 1
| #define HAVE_LONG_LONG_INT 1
| #define HAVE_UNSIGNED_LONG_LONG_INT 1
| #define HAVE_DECL_FCLOSEALL 0
| #define HAVE_DECL_GETW 1
| #define HAVE_DECL_PUTW 1
| #define HAVE_LANGINFO_CODESET 1
| #define HAVE_DECL_ECVT 1
| #define HAVE_DECL_FCVT 1
| #define HAVE_DECL_GCVT 1
| #define _USE_STD_STAT 1
| #define HAVE_DECL_EXECVPE 1
| #define HAVE_ALLOCA 1
| #define HAVE_C_STATIC_ASSERT 1
| #define HAVE_C_BOOL 1
| #define GNULIB_TEST_CLOEXEC 1
| #define GNULIB_TEST_CLOSE 1
| #define GNULIB_CLOSE 1
| #define GNULIB_TEST_DUP2 1
| #define GNULIB_TEST_FCNTL 1
| #define GNULIB_TEST_FSTAT 1
| #define GNULIB_FSTAT 1
| #define HAVE_GETDELIM 1
| #define GNULIB_TEST_GETDELIM 1
| #define GNULIB_TEST_GETDTABLESIZE 1
| #define HAVE_GETLINE 1
| #define GNULIB_TEST_GETLINE 1
| #define __GETOPT_PREFIX rpl_
| #define GNULIB_TEST_GETOPT_POSIX 1
| #define HAVE_DECL_PROGRAM_INVOCATION_NAME 1
| #define HAVE_DECL_PROGRAM_INVOCATION_NAME 1
| #define HAVE_DECL_PROGRAM_INVOCATION_SHORT_NAME 1
| #define HAVE_DECL___ARGV 0
| #define GNULIB_TEST_GETPROGNAME 1
| #define GNULIB_LOCALEDIR "/home/bloink/Work/unnamedlinuxdistro/fs/share/locale"
| #define HAVE_INLINE 1
| #define HAVE_VISIBILITY 1
| #define HAVE___INLINE 1
| #define GNULIB_MSVC_NOTHROW 1
| #define GNULIB_TEST_OPEN 1
| #define HAVE_DECL_PROGRAM_INVOCATION_NAME 1
| #define HAVE_DECL_PROGRAM_INVOCATION_SHORT_NAME 1
| #define GNULIB_TEST_RAWMEMCHR 1
| #define GNULIB_TEST_STAT 1
| #define GNULIB_STAT 1
| #define HAVE_STRUCT_STAT_ST_ATIM_TV_NSEC 1
| #define TYPEOF_STRUCT_STAT_ST_ATIM_IS_STRUCT_TIMESPEC 1
| /* end confdefs.h.  */
| #include <sys/types.h>
|      #include <sys/stat.h>
| 
| int
| main (void)
| {
| static struct stat ac_aggr;
| if (sizeof ac_aggr.st_birthtimespec.tv_nsec)
| return 0;
|   ;
|   return 0;
| }
configure:26249: result: no
configure:26259: checking for struct stat.st_birthtimensec
configure:26259: gcc -c -g -O2  conftest.c >&5
conftest.c: In function 'main':
conftest.c:127:12: error: 'struct stat' has no member named 'st_birthtimensec'
  127 | if (ac_aggr.st_birthtimensec)
      |            ^
configure:26259: $? = 1
configure: failed program was:
| /* confdefs.h */
| #define PACKAGE_NAME "Libidn2"
| #define PACKAGE_TARNAME "libidn2"
| #define PACKAGE_VERSION "2.3.8"
| #define PACKAGE_STRING "Libidn2 2.3.8"
| #define PACKAGE_BUGREPORT "help-libidn@gnu.org"
| #define PACKAGE_URL "https://www.gnu.org/software/libidn/#libidn2"
| #define PACKAGE "libidn2"
| #define VERSION "2.3.8"
| #define HAVE_STDIO_H 1
| #define HAVE_STDLIB_H 1
| #define HAVE_STRING_H 1
| #define HAVE_INTTYPES_H 1
| #define HAVE_STDINT_H 1
| #define HAVE_STRINGS_H 1
| #define HAVE_SYS_STAT_H 1
| #define HAVE_SYS_TYPES_H 1
| #define HAVE_UNISTD_H 1
| #define HAVE_WCHAR_H 1
| #define HAVE_STDBOOL_H 1
| #define HAVE_SYS_SOCKET_H 1
| #define HAVE_GETOPT_H 1
| #define HAVE_LIMITS_H 1
| #define HAVE_SYS_PARAM_H 1
| #define HAVE_SYS_TIME_H 1
| #define HAVE_STDCKDINT_H 1
| #define HAVE_ICONV_H 1
| #define HAVE_FEATURES_H 1
| #define STDC_HEADERS 1
| #define _ALL_SOURCE 1
| #define _DARWIN_C_SOURCE 1
| #define _GNU_SOURCE 1
| #define _HPUX_ALT_XOPEN_SOCKET_API 1
| #define _NETBSD_SOURCE 1
| #define _OPENBSD_SOURCE 1
| #define _POSIX_PTHREAD_SEMANTICS 1
| #define __STDC_WANT_IEC_60559_ATTRIBS_EXT__ 1
| #define __STDC_WANT_IEC_60559_BFP_EXT__ 1
| #define __STDC_WANT_IEC_60559_DFP_EXT__ 1
| #define __STDC_WANT_IEC_60559_EXT__ 1
| #define __STDC_WANT_IEC_60559_FUNCS_EXT__ 1
| #define __STDC_WANT_IEC_60559_TYPES_EXT__ 1
| #define __STDC_WANT_LIB_EXT2__ 1
| #define __STDC_WANT_MATH_SPEC_FUNCS__ 1
| #define _TANDEM_SOURCE 1
| #define __EXTENSIONS__ 1
| #define _LINUX_SOURCE_COMPAT 1
| #define __USE_MINGW_ANSI_STDIO 1
| #define HAVE_DLFCN_H 1
| #define LT_OBJDIR ".libs/"
| #define HAVE_ALLOCA_H 1
| #define HAVE_ALLOCA 1
| #define HAVE_FCNTL 1
| #define HAVE_SYMLINK 1
| #define HAVE_GETDTABLESIZE 1
| #define HAVE_LSTAT 1
| #define HAVE_DECL_STRERROR_R 1
| #define HAVE_STRERROR_R 1
| #define HAVE_WORKING_O_NOATIME 1
| #define HAVE_WORKING_O_NOFOLLOW 1
| #define restrict __restrict__
| #define HAVE_DECL_GETDELIM 1
| #define HAVE_DECL_GETDTABLESIZE 1
| #define HAVE_DECL_GETLINE 1
| #define HAVE_GETOPT_H 1
| #define HAVE_GETOPT_LONG_ONLY 1
| #define MUSL_LIBC 1
| #define HAVE_MALLOC_PTRDIFF 1
| #define HAVE_MALLOC_POSIX 1
| #define HAVE_MALLOC_0_NONNULL 1
| #define PROMOTED_MODE_T mode_t
| #define HAVE_WINT_T 1
| #define HAVE_LONG_LONG_INT 1
| #define HAVE_UNSIGNED_LONG_LONG_INT 1
| #define HAVE_DECL_FCLOSEALL 0
| #define HAVE_DECL_GETW 1
| #define HAVE_DECL_PUTW 1
| #define HAVE_LANGINFO_CODESET 1
| #define HAVE_DECL_ECVT 1
| #define HAVE_DECL_FCVT 1
| #define HAVE_DECL_GCVT 1
| #define _USE_STD_STAT 1
| #define HAVE_DECL_EXECVPE 1
| #define HAVE_ALLOCA 1
| #define HAVE_C_STATIC_ASSERT 1
| #define HAVE_C_BOOL 1
| #define GNULIB_TEST_CLOEXEC 1
| #define GNULIB_TEST_CLOSE 1
| #define GNULIB_CLOSE 1
| #define GNULIB_TEST_DUP2 1
| #define GNULIB_TEST_FCNTL 1
| #define GNULIB_TEST_FSTAT 1
| #define GNULIB_FSTAT 1
| #define HAVE_GETDELIM 1
| #define GNULIB_TEST_GETDELIM 1
| #define GNULIB_TEST_GETDTABLESIZE 1
| #define HAVE_GETLINE 1
| #define GNULIB_TEST_GETLINE 1
| #define __GETOPT_PREFIX rpl_
| #define GNULIB_TEST_GETOPT_POSIX 1
| #define HAVE_DECL_PROGRAM_INVOCATION_NAME 1
| #define HAVE_DECL_PROGRAM_INVOCATION_NAME 1
| #define HAVE_DECL_PROGRAM_INVOCATION_SHORT_NAME 1
| #define HAVE_DECL___ARGV 0
| #define GNULIB_TEST_GETPROGNAME 1
| #define GNULIB_LOCALEDIR "/home/bloink/Work/unnamedlinuxdistro/fs/share/locale"
| #define HAVE_INLINE 1
| #define HAVE_VISIBILITY 1
| #define HAVE___INLINE 1
| #define GNULIB_MSVC_NOTHROW 1
| #define GNULIB_TEST_OPEN 1
| #define HAVE_DECL_PROGRAM_INVOCATION_NAME 1
| #define HAVE_DECL_PROGRAM_INVOCATION_SHORT_NAME 1
| #define GNULIB_TEST_RAWMEMCHR 1
| #define GNULIB_TEST_STAT 1
| #define GNULIB_STAT 1
| #define HAVE_STRUCT_STAT_ST_ATIM_TV_NSEC 1
| #define TYPEOF_STRUCT_STAT_ST_ATIM_IS_STRUCT_TIMESPEC 1
| /* end confdefs.h.  */
| #include <sys/types.h>
|         #include <sys/stat.h>
| 
| int
| main (void)
| {
| static struct stat ac_aggr;
| if (ac_aggr.st_birthtimensec)
| return 0;
|   ;
|   return 0;
| }
configure:26259: gcc -c -g -O2  conftest.c >&5
conftest.c: In function 'main':
conftest.c:127:19: error: 'struct stat' has no member named 'st_birthtimensec'
  127 | if (sizeof ac_aggr.st_birthtimensec)
      |                   ^
configure:26259: $? = 1
configure: failed program was:
| /* confdefs.h */
| #define PACKAGE_NAME "Libidn2"
| #define PACKAGE_TARNAME "libidn2"
| #define PACKAGE_VERSION "2.3.8"
| #define PACKAGE_STRING "Libidn2 2.3.8"
| #define PACKAGE_BUGREPORT "help-libidn@gnu.org"
| #define PACKAGE_URL "https://www.gnu.org/software/libidn/#libidn2"
| #define PACKAGE "libidn2"
| #define VERSION "2.3.8"
| #define HAVE_STDIO_H 1
| #define HAVE_STDLIB_H 1
| #define HAVE_STRING_H 1
| #define HAVE_INTTYPES_H 1
| #define HAVE_STDINT_H 1
| #define HAVE_STRINGS_H 1
| #define HAVE_SYS_STAT_H 1
| #define HAVE_SYS_TYPES_H 1
| #define HAVE_UNISTD_H 1
| #define HAVE_WCHAR_H 1
| #define HAVE_STDBOOL_H 1
| #define HAVE_SYS_SOCKET_H 1
| #define HAVE_GETOPT_H 1
| #define HAVE_LIMITS_H 1
| #define HAVE_SYS_PARAM_H 1
| #define HAVE_SYS_TIME_H 1
| #define HAVE_STDCKDINT_H 1
| #define HAVE_ICONV_H 1
| #define HAVE_FEATURES_H 1
| #define STDC_HEADERS 1
| #define _ALL_SOURCE 1
| #define _DARWIN_C_SOURCE 1
| #define _GNU_SOURCE 1
| #define _HPUX_ALT_XOPEN_SOCKET_API 1
| #define _NETBSD_SOURCE 1
| #define _OPENBSD_SOURCE 1
| #define _POSIX_PTHREAD_SEMANTICS 1
| #define __STDC_WANT_IEC_60559_ATTRIBS_EXT__ 1
| #define __STDC_WANT_IEC_60559_BFP_EXT__ 1
| #define __STDC_WANT_IEC_60559_DFP_EXT__ 1
| #define __STDC_WANT_IEC_60559_EXT__ 1
| #define __STDC_WANT_IEC_60559_FUNCS_EXT__ 1
| #define __STDC_WANT_IEC_60559_TYPES_EXT__ 1
| #define __STDC_WANT_LIB_EXT2__ 1
| #define __STDC_WANT_MATH_SPEC_FUNCS__ 1
| #define _TANDEM_SOURCE 1
| #define __EXTENSIONS__ 1
| #define _LINUX_SOURCE_COMPAT 1
| #define __USE_MINGW_ANSI_STDIO 1
| #define HAVE_DLFCN_H 1
| #define LT_OBJDIR ".libs/"
| #define HAVE_ALLOCA_H 1
| #define HAVE_ALLOCA 1
| #define HAVE_FCNTL 1
| #define HAVE_SYMLINK 1
| #define HAVE_GETDTABLESIZE 1
| #define HAVE_LSTAT 1
| #define HAVE_DECL_STRERROR_R 1
| #define HAVE_STRERROR_R 1
| #define HAVE_WORKING_O_NOATIME 1
| #define HAVE_WORKING_O_NOFOLLOW 1
| #define restrict __restrict__
| #define HAVE_DECL_GETDELIM 1
| #define HAVE_DECL_GETDTABLESIZE 1
| #define HAVE_DECL_GETLINE 1
| #define HAVE_GETOPT_H 1
| #define HAVE_GETOPT_LONG_ONLY 1
| #define MUSL_LIBC 1
| #define HAVE_MALLOC_PTRDIFF 1
| #define HAVE_MALLOC_POSIX 1
| #define HAVE_MALLOC_0_NONNULL 1
| #define PROMOTED_MODE_T mode_t
| #define HAVE_WINT_T 1
| #define HAVE_LONG_LONG_INT 1
| #define HAVE_UNSIGNED_LONG_LONG_INT 1
| #define HAVE_DECL_FCLOSEALL 0
| #define HAVE_DECL_GETW 1
| #define HAVE_DECL_PUTW 1
| #define HAVE_LANGINFO_CODESET 1
| #define HAVE_DECL_ECVT 1
| #define HAVE_DECL_FCVT 1
| #define HAVE_DECL_GCVT 1
| #define _USE_STD_STAT 1
| #define HAVE_DECL_EXECVPE 1
| #define HAVE_ALLOCA 1
| #define HAVE_C_STATIC_ASSERT 1
| #define HAVE_C_BOOL 1
| #define GNULIB_TEST_CLOEXEC 1
| #define GNULIB_TEST_CLOSE 1
| #define GNULIB_CLOSE 1
| #define GNULIB_TEST_DUP2 1
| #define GNULIB_TEST_FCNTL 1
| #define GNULIB_TEST_FSTAT 1
| #define GNULIB_FSTAT 1
| #define HAVE_GETDELIM 1
| #define GNULIB_TEST_GETDELIM 1
| #define GNULIB_TEST_GETDTABLESIZE 1
| #define HAVE_GETLINE 1
| #define GNULIB_TEST_GETLINE 1
| #define __GETOPT_PREFIX rpl_
| #define GNULIB_TEST_GETOPT_POSIX 1
| #define HAVE_DECL_PROGRAM_INVOCATION_NAME 1
| #define HAVE_DECL_PROGRAM_INVOCATION_NAME 1
| #define HAVE_DECL_PROGRAM_INVOCATION_SHORT_NAME 1
| #define HAVE_DECL___ARGV 0
| #define GNULIB_TEST_GETPROGNAME 1
| #define GNULIB_LOCALEDIR "/home/bloink/Work/unnamedlinuxdistro/fs/share/locale"
| #define HAVE_INLINE 1
| #define HAVE_VISIBILITY 1
| #define HAVE___INLINE 1
| #define GNULIB_MSVC_NOTHROW 1
| #define GNULIB_TEST_OPEN 1
| #define HAVE_DECL_PROGRAM_INVOCATION_NAME 1
| #define HAVE_DECL_PROGRAM_INVOCATION_SHORT_NAME 1
| #define GNULIB_TEST_RAWMEMCHR 1
| #define GNULIB_TEST_STAT 1
| #define GNULIB_STAT 1
| #define HAVE_STRUCT_STAT_ST_ATIM_TV_NSEC 1
| #define TYPEOF_STRUCT_STAT_ST_ATIM_IS_STRUCT_TIMESPEC 1
| /* end confdefs.h.  */
| #include <sys/types.h>
|         #include <sys/stat.h>
| 
| int
| main (void)
| {
| static struct stat ac_aggr;
| if (sizeof ac_aggr.st_birthtimensec)
| return 0;
|   ;
|   return 0;
| }
configure:26259: result: no
configure:26269: checking for struct stat.st_birthtim.tv_nsec
configure:26269: gcc -c -g -O2  conftest.c >&5
conftest.c: In function 'main':
conftest.c:127:12: error: 'struct stat' has no member named 'st_birthtim'
  127 | if (ac_aggr.st_birthtim.tv_nsec)
      |            ^
configure:26269: $? = 1
configure: failed program was:
| /* confdefs.h */
| #define PACKAGE_NAME "Libidn2"
| #define PACKAGE_TARNAME "libidn2"
| #define PACKAGE_VERSION "2.3.8"
| #define PACKAGE_STRING "Libidn2 2.3.8"
| #define PACKAGE_BUGREPORT "help-libidn@gnu.org"
| #define PACKAGE_URL "https://www.gnu.org/software/libidn/#libidn2"
| #define PACKAGE "libidn2"
| #define VERSION "2.3.8"
| #define HAVE_STDIO_H 1
| #define HAVE_STDLIB_H 1
| #define HAVE_STRING_H 1
| #define HAVE_INTTYPES_H 1
| #define HAVE_STDINT_H 1
| #define HAVE_STRINGS_H 1
| #define HAVE_SYS_STAT_H 1
| #define HAVE_SYS_TYPES_H 1
| #define HAVE_UNISTD_H 1
| #define HAVE_WCHAR_H 1
| #define HAVE_STDBOOL_H 1
| #define HAVE_SYS_SOCKET_H 1
| #define HAVE_GETOPT_H 1
| #define HAVE_LIMITS_H 1
| #define HAVE_SYS_PARAM_H 1
| #define HAVE_SYS_TIME_H 1
| #define HAVE_STDCKDINT_H 1
| #define HAVE_ICONV_H 1
| #define HAVE_FEATURES_H 1
| #define STDC_HEADERS 1
| #define _ALL_SOURCE 1
| #define _DARWIN_C_SOURCE 1
| #define _GNU_SOURCE 1
| #define _HPUX_ALT_XOPEN_SOCKET_API 1
| #define _NETBSD_SOURCE 1
| #define _OPENBSD_SOURCE 1
| #define _POSIX_PTHREAD_SEMANTICS 1
| #define __STDC_WANT_IEC_60559_ATTRIBS_EXT__ 1
| #define __STDC_WANT_IEC_60559_BFP_EXT__ 1
| #define __STDC_WANT_IEC_60559_DFP_EXT__ 1
| #define __STDC_WANT_IEC_60559_EXT__ 1
| #define __STDC_WANT_IEC_60559_FUNCS_EXT__ 1
| #define __STDC_WANT_IEC_60559_TYPES_EXT__ 1
| #define __STDC_WANT_LIB_EXT2__ 1
| #define __STDC_WANT_MATH_SPEC_FUNCS__ 1
| #define _TANDEM_SOURCE 1
| #define __EXTENSIONS__ 1
| #define _LINUX_SOURCE_COMPAT 1
| #define __USE_MINGW_ANSI_STDIO 1
| #define HAVE_DLFCN_H 1
| #define LT_OBJDIR ".libs/"
| #define HAVE_ALLOCA_H 1
| #define HAVE_ALLOCA 1
| #define HAVE_FCNTL 1
| #define HAVE_SYMLINK 1
| #define HAVE_GETDTABLESIZE 1
| #define HAVE_LSTAT 1
| #define HAVE_DECL_STRERROR_R 1
| #define HAVE_STRERROR_R 1
| #define HAVE_WORKING_O_NOATIME 1
| #define HAVE_WORKING_O_NOFOLLOW 1
| #define restrict __restrict__
| #define HAVE_DECL_GETDELIM 1
| #define HAVE_DECL_GETDTABLESIZE 1
| #define HAVE_DECL_GETLINE 1
| #define HAVE_GETOPT_H 1
| #define HAVE_GETOPT_LONG_ONLY 1
| #define MUSL_LIBC 1
| #define HAVE_MALLOC_PTRDIFF 1
| #define HAVE_MALLOC_POSIX 1
| #define HAVE_MALLOC_0_NONNULL 1
| #define PROMOTED_MODE_T mode_t
| #define HAVE_WINT_T 1
| #define HAVE_LONG_LONG_INT 1
| #define HAVE_UNSIGNED_LONG_LONG_INT 1
| #define HAVE_DECL_FCLOSEALL 0
| #define HAVE_DECL_GETW 1
| #define HAVE_DECL_PUTW 1
| #define HAVE_LANGINFO_CODESET 1
| #define HAVE_DECL_ECVT 1
| #define HAVE_DECL_FCVT 1
| #define HAVE_DECL_GCVT 1
| #define _USE_STD_STAT 1
| #define HAVE_DECL_EXECVPE 1
| #define HAVE_ALLOCA 1
| #define HAVE_C_STATIC_ASSERT 1
| #define HAVE_C_BOOL 1
| #define GNULIB_TEST_CLOEXEC 1
| #define GNULIB_TEST_CLOSE 1
| #define GNULIB_CLOSE 1
| #define GNULIB_TEST_DUP2 1
| #define GNULIB_TEST_FCNTL 1
| #define GNULIB_TEST_FSTAT 1
| #define GNULIB_FSTAT 1
| #define HAVE_GETDELIM 1
| #define GNULIB_TEST_GETDELIM 1
| #define GNULIB_TEST_GETDTABLESIZE 1
| #define HAVE_GETLINE 1
| #define GNULIB_TEST_GETLINE 1
| #define __GETOPT_PREFIX rpl_
| #define GNULIB_TEST_GETOPT_POSIX 1
| #define HAVE_DECL_PROGRAM_INVOCATION_NAME 1
| #define HAVE_DECL_PROGRAM_INVOCATION_NAME 1
| #define HAVE_DECL_PROGRAM_INVOCATION_SHORT_NAME 1
| #define HAVE_DECL___ARGV 0
| #define GNULIB_TEST_GETPROGNAME 1
| #define GNULIB_LOCALEDIR "/home/bloink/Work/unnamedlinuxdistro/fs/share/locale"
| #define HAVE_INLINE 1
| #define HAVE_VISIBILITY 1
| #define HAVE___INLINE 1
| #define GNULIB_MSVC_NOTHROW 1
| #define GNULIB_TEST_OPEN 1
| #define HAVE_DECL_PROGRAM_INVOCATION_NAME 1
| #define HAVE_DECL_PROGRAM_INVOCATION_SHORT_NAME 1
| #define GNULIB_TEST_RAWMEMCHR 1
| #define GNULIB_TEST_STAT 1
| #define GNULIB_STAT 1
| #define HAVE_STRUCT_STAT_ST_ATIM_TV_NSEC 1
| #define TYPEOF_STRUCT_STAT_ST_ATIM_IS_STRUCT_TIMESPEC 1
| /* end confdefs.h.  */
| #include <sys/types.h>
|           #include <sys/stat.h>
| 
| int
| main (void)
| {
| static struct stat ac_aggr;
| if (ac_aggr.st_birthtim.tv_nsec)
| return 0;
|   ;
|   return 0;
| }
configure:26269: gcc -c -g -O2  conftest.c >&5
conftest.c: In function 'main':
conftest.c:127:19: error: 'struct stat' has no member named 'st_birthtim'
  127 | if (sizeof ac_aggr.st_birthtim.tv_nsec)
      |                   ^
configure:26269: $? = 1
configure: failed program was:
| /* confdefs.h */
| #define PACKAGE_NAME "Libidn2"
| #define PACKAGE_TARNAME "libidn2"
| #define PACKAGE_VERSION "2.3.8"
| #define PACKAGE_STRING "Libidn2 2.3.8"
| #define PACKAGE_BUGREPORT "help-libidn@gnu.org"
| #define PACKAGE_URL "https://www.gnu.org/software/libidn/#libidn2"
| #define PACKAGE "libidn2"
| #define VERSION "2.3.8"
| #define HAVE_STDIO_H 1
| #define HAVE_STDLIB_H 1
| #define HAVE_STRING_H 1
| #define HAVE_INTTYPES_H 1
| #define HAVE_STDINT_H 1
| #define HAVE_STRINGS_H 1
| #define HAVE_SYS_STAT_H 1
| #define HAVE_SYS_TYPES_H 1
| #define HAVE_UNISTD_H 1
| #define HAVE_WCHAR_H 1
| #define HAVE_STDBOOL_H 1
| #define HAVE_SYS_SOCKET_H 1
| #define HAVE_GETOPT_H 1
| #define HAVE_LIMITS_H 1
| #define HAVE_SYS_PARAM_H 1
| #define HAVE_SYS_TIME_H 1
| #define HAVE_STDCKDINT_H 1
| #define HAVE_ICONV_H 1
| #define HAVE_FEATURES_H 1
| #define STDC_HEADERS 1
| #define _ALL_SOURCE 1
| #define _DARWIN_C_SOURCE 1
| #define _GNU_SOURCE 1
| #define _HPUX_ALT_XOPEN_SOCKET_API 1
| #define _NETBSD_SOURCE 1
| #define _OPENBSD_SOURCE 1
| #define _POSIX_PTHREAD_SEMANTICS 1
| #define __STDC_WANT_IEC_60559_ATTRIBS_EXT__ 1
| #define __STDC_WANT_IEC_60559_BFP_EXT__ 1
| #define __STDC_WANT_IEC_60559_DFP_EXT__ 1
| #define __STDC_WANT_IEC_60559_EXT__ 1
| #define __STDC_WANT_IEC_60559_FUNCS_EXT__ 1
| #define __STDC_WANT_IEC_60559_TYPES_EXT__ 1
| #define __STDC_WANT_LIB_EXT2__ 1
| #define __STDC_WANT_MATH_SPEC_FUNCS__ 1
| #define _TANDEM_SOURCE 1
| #define __EXTENSIONS__ 1
| #define _LINUX_SOURCE_COMPAT 1
| #define __USE_MINGW_ANSI_STDIO 1
| #define HAVE_DLFCN_H 1
| #define LT_OBJDIR ".libs/"
| #define HAVE_ALLOCA_H 1
| #define HAVE_ALLOCA 1
| #define HAVE_FCNTL 1
| #define HAVE_SYMLINK 1
| #define HAVE_GETDTABLESIZE 1
| #define HAVE_LSTAT 1
| #define HAVE_DECL_STRERROR_R 1
| #define HAVE_STRERROR_R 1
| #define HAVE_WORKING_O_NOATIME 1
| #define HAVE_WORKING_O_NOFOLLOW 1
| #define restrict __restrict__
| #define HAVE_DECL_GETDELIM 1
| #define HAVE_DECL_GETDTABLESIZE 1
| #define HAVE_DECL_GETLINE 1
| #define HAVE_GETOPT_H 1
| #define HAVE_GETOPT_LONG_ONLY 1
| #define MUSL_LIBC 1
| #define HAVE_MALLOC_PTRDIFF 1
| #define HAVE_MALLOC_POSIX 1
| #define HAVE_MALLOC_0_NONNULL 1
| #define PROMOTED_MODE_T mode_t
| #define HAVE_WINT_T 1
| #define HAVE_LONG_LONG_INT 1
| #define HAVE_UNSIGNED_LONG_LONG_INT 1
| #define HAVE_DECL_FCLOSEALL 0
| #define HAVE_DECL_GETW 1
| #define HAVE_DECL_PUTW 1
| #define HAVE_LANGINFO_CODESET 1
| #define HAVE_DECL_ECVT 1
| #define HAVE_DECL_FCVT 1
| #define HAVE_DECL_GCVT 1
| #define _USE_STD_STAT 1
| #define HAVE_DECL_EXECVPE 1
| #define HAVE_ALLOCA 1
| #define HAVE_C_STATIC_ASSERT 1
| #define HAVE_C_BOOL 1
| #define GNULIB_TEST_CLOEXEC 1
| #define GNULIB_TEST_CLOSE 1
| #define GNULIB_CLOSE 1
| #define GNULIB_TEST_DUP2 1
| #define GNULIB_TEST_FCNTL 1
| #define GNULIB_TEST_FSTAT 1
| #define GNULIB_FSTAT 1
| #define HAVE_GETDELIM 1
| #define GNULIB_TEST_GETDELIM 1
| #define GNULIB_TEST_GETDTABLESIZE 1
| #define HAVE_GETLINE 1
| #define GNULIB_TEST_GETLINE 1
| #define __GETOPT_PREFIX rpl_
| #define GNULIB_TEST_GETOPT_POSIX 1
| #define HAVE_DECL_PROGRAM_INVOCATION_NAME 1
| #define HAVE_DECL_PROGRAM_INVOCATION_NAME 1
| #define HAVE_DECL_PROGRAM_INVOCATION_SHORT_NAME 1
| #define HAVE_DECL___ARGV 0
| #define GNULIB_TEST_GETPROGNAME 1
| #define GNULIB_LOCALEDIR "/home/bloink/Work/unnamedlinuxdistro/fs/share/locale"
| #define HAVE_INLINE 1
| #define HAVE_VISIBILITY 1
| #define HAVE___INLINE 1
| #define GNULIB_MSVC_NOTHROW 1
| #define GNULIB_TEST_OPEN 1
| #define HAVE_DECL_PROGRAM_INVOCATION_NAME 1
| #define HAVE_DECL_PROGRAM_INVOCATION_SHORT_NAME 1
| #define GNULIB_TEST_RAWMEMCHR 1
| #define GNULIB_TEST_STAT 1
| #define GNULIB_STAT 1
| #define HAVE_STRUCT_STAT_ST_ATIM_TV_NSEC 1
| #define TYPEOF_STRUCT_STAT_ST_ATIM_IS_STRUCT_TIMESPEC 1
| /* end confdefs.h.  */
| #include <sys/types.h>
|           #include <sys/stat.h>
| 
| int
| main (void)
| {
| static struct stat ac_aggr;
| if (sizeof ac_aggr.st_birthtim.tv_nsec)
| return 0;
|   ;
|   return 0;
| }
configure:26269: result: no
configure:26288: checking for va_copy
configure:26309: gcc -c -g -O2  conftest.c >&5
configure:26309: $? = 0
configure:26318: result: yes
configure:27025: checking for strchrnul
configure:27062: checking for strchrnul
configure:27062: gcc -o conftest -g -O2   conftest.c  >&5
configure:27062: $? = 0
configure:27062: result: yes
configure:27077: result: yes
configure:27097: checking whether strchrnul works
configure:27144: gcc -o conftest -g -O2   conftest.c  >&5
configure:27144: $? = 0
configure:27144: ./conftest
configure:27144: $? = 0
configure:27156: result: yes
configure:27213: checking for working strerror function
configure:27243: gcc -o conftest -g -O2   conftest.c  >&5
configure:27243: $? = 0
configure:27243: ./conftest
configure:27243: $? = 0
configure:27255: result: yes
configure:27369: checking for strverscmp
configure:27369: gcc -o conftest -g -O2   conftest.c  >&5
configure:27369: $? = 0
configure:27369: result: yes
configure:27379: checking whether strverscmp works
configure:27409: gcc -o conftest -g -O2   conftest.c  >&5
configure:27409: $? = 0
configure:27409: ./conftest
configure:27409: $? = 0
configure:27421: result: yes
configure:27504: checking for variable-length arrays
configure:27562: gcc -c -g -O2  conftest.c >&5
configure:27562: $? = 0
configure:27573: result: yes
configure:27931: checking for ld
configure:28062: result: /usr/x86_64-alpine-linux-musl/bin/ld -m elf_x86_64
configure:28069: checking if the linker (/usr/x86_64-alpine-linux-musl/bin/ld -m elf_x86_64) is GNU ld
configure:28085: result: yes
configure:28093: checking for shared library run path origin
configure:28107: result: done
configure:28129: checking 32-bit host C ABI
configure:28182: gcc -c -g -O2  conftest.c >&5
configure:28182: $? = 0
configure:28194: result: no
configure:28203: checking for ELF binary format
configure:28227: result: yes
configure:28279: checking for the common suffixes of directories in the library search path
configure:28355: result: lib,lib,lib
configure:28899: checking for iconv
configure:28924: gcc -o conftest -g -O2   conftest.c  >&5
configure:28924: $? = 0
configure:28960: result: yes
configure:28963: checking for working iconv
configure:29136: gcc -o conftest -g -O2   conftest.c  >&5
configure:29136: $? = 0
configure:29136: ./conftest
configure:29136: $? = 0
configure:29149: result: yes
configure:29177: checking whether iconv is compatible with its POSIX signature
configure:29202: gcc -c -g -O2  conftest.c >&5
configure:29202: $? = 0
configure:29211: result: yes
configure:29475: checking whether included libunistring is requested
configure:29486: result: no
configure:31197: checking for libunistring
configure:31220: gcc -o conftest -g -O2 -I/home/bloink/Work/unnamedlinuxdistro/fs/include  conftest.c /home/bloink/Work/unnamedlinuxdistro/fs/lib/libunistring.so -Wl,-rpath -Wl,/home/bloink/Work/unnamedlinuxdistro/fs/lib  >&5
configure:31220: $? = 0
configure:31231: result: yes
configure:31238: checking how to link with libunistring
configure:31240: result: /home/bloink/Work/unnamedlinuxdistro/fs/lib/libunistring.so -Wl,-rpath -Wl,/home/bloink/Work/unnamedlinuxdistro/fs/lib
configure:31258: checking for libunistring version
configure:31264: gcc -o conftest -g -O2 -I/home/bloink/Work/unnamedlinuxdistro/fs/include  conftest.c  >&5
configure:31264: $? = 0
configure:31264: ./conftest
configure:31264: $? = 0
configure:31360: result: 1.4.2
configure:31603: checking for unistring/woe32dll.h
configure:31603: gcc -c -g -O2 -I/home/bloink/Work/unnamedlinuxdistro/fs/include conftest.c >&5
configure:31603: $? = 0
configure:31603: result: yes
configure:32598: checking whether <wchar.h> uses 'inline' correctly
configure:32654: result: yes
configure:32795: checking whether wcsdup is declared
configure:32795: gcc -c -g -O2  -I/home/bloink/Work/unnamedlinuxdistro/fs/include conftest.c >&5
configure:32795: $? = 0
configure:32795: result: yes
configure:33015: checking for bool, true, false
configure:33038: result: yes
configure:33054: checking whether free is known to preserve errno
configure:33078: gcc -c -g -O2 -I/home/bloink/Work/unnamedlinuxdistro/fs/include conftest.c >&5
conftest.c: In function 'main':
conftest.c:161:16: error: #error "'free' is not known to preserve errno"
  161 |               #error "'free' is not known to preserve errno"
      |                ^~~~~
configure:33078: $? = 1
configure: failed program was:
| /* confdefs.h */
| #define PACKAGE_NAME "Libidn2"
| #define PACKAGE_TARNAME "libidn2"
| #define PACKAGE_VERSION "2.3.8"
| #define PACKAGE_STRING "Libidn2 2.3.8"
| #define PACKAGE_BUGREPORT "help-libidn@gnu.org"
| #define PACKAGE_URL "https://www.gnu.org/software/libidn/#libidn2"
| #define PACKAGE "libidn2"
| #define VERSION "2.3.8"
| #define HAVE_STDIO_H 1
| #define HAVE_STDLIB_H 1
| #define HAVE_STRING_H 1
| #define HAVE_INTTYPES_H 1
| #define HAVE_STDINT_H 1
| #define HAVE_STRINGS_H 1
| #define HAVE_SYS_STAT_H 1
| #define HAVE_SYS_TYPES_H 1
| #define HAVE_UNISTD_H 1
| #define HAVE_WCHAR_H 1
| #define HAVE_STDBOOL_H 1
| #define HAVE_SYS_SOCKET_H 1
| #define HAVE_GETOPT_H 1
| #define HAVE_LIMITS_H 1
| #define HAVE_SYS_PARAM_H 1
| #define HAVE_SYS_TIME_H 1
| #define HAVE_STDCKDINT_H 1
| #define HAVE_ICONV_H 1
| #define HAVE_FEATURES_H 1
| #define STDC_HEADERS 1
| #define _ALL_SOURCE 1
| #define _DARWIN_C_SOURCE 1
| #define _GNU_SOURCE 1
| #define _HPUX_ALT_XOPEN_SOCKET_API 1
| #define _NETBSD_SOURCE 1
| #define _OPENBSD_SOURCE 1
| #define _POSIX_PTHREAD_SEMANTICS 1
| #define __STDC_WANT_IEC_60559_ATTRIBS_EXT__ 1
| #define __STDC_WANT_IEC_60559_BFP_EXT__ 1
| #define __STDC_WANT_IEC_60559_DFP_EXT__ 1
| #define __STDC_WANT_IEC_60559_EXT__ 1
| #define __STDC_WANT_IEC_60559_FUNCS_EXT__ 1
| #define __STDC_WANT_IEC_60559_TYPES_EXT__ 1
| #define __STDC_WANT_LIB_EXT2__ 1
| #define __STDC_WANT_MATH_SPEC_FUNCS__ 1
| #define _TANDEM_SOURCE 1
| #define __EXTENSIONS__ 1
| #define _LINUX_SOURCE_COMPAT 1
| #define __USE_MINGW_ANSI_STDIO 1
| #define HAVE_DLFCN_H 1
| #define LT_OBJDIR ".libs/"
| #define HAVE_ALLOCA_H 1
| #define HAVE_ALLOCA 1
| #define HAVE_FCNTL 1
| #define HAVE_SYMLINK 1
| #define HAVE_GETDTABLESIZE 1
| #define HAVE_LSTAT 1
| #define HAVE_DECL_STRERROR_R 1
| #define HAVE_STRERROR_R 1
| #define HAVE_WORKING_O_NOATIME 1
| #define HAVE_WORKING_O_NOFOLLOW 1
| #define restrict __restrict__
| #define HAVE_DECL_GETDELIM 1
| #define HAVE_DECL_GETDTABLESIZE 1
| #define HAVE_DECL_GETLINE 1
| #define HAVE_GETOPT_H 1
| #define HAVE_GETOPT_LONG_ONLY 1
| #define MUSL_LIBC 1
| #define HAVE_MALLOC_PTRDIFF 1
| #define HAVE_MALLOC_POSIX 1
| #define HAVE_MALLOC_0_NONNULL 1
| #define PROMOTED_MODE_T mode_t
| #define HAVE_WINT_T 1
| #define HAVE_LONG_LONG_INT 1
| #define HAVE_UNSIGNED_LONG_LONG_INT 1
| #define HAVE_DECL_FCLOSEALL 0
| #define HAVE_DECL_GETW 1
| #define HAVE_DECL_PUTW 1
| #define HAVE_LANGINFO_CODESET 1
| #define HAVE_DECL_ECVT 1
| #define HAVE_DECL_FCVT 1
| #define HAVE_DECL_GCVT 1
| #define _USE_STD_STAT 1
| #define HAVE_DECL_EXECVPE 1
| #define HAVE_ALLOCA 1
| #define HAVE_C_STATIC_ASSERT 1
| #define HAVE_C_BOOL 1
| #define GNULIB_TEST_CLOEXEC 1
| #define GNULIB_TEST_CLOSE 1
| #define GNULIB_CLOSE 1
| #define GNULIB_TEST_DUP2 1
| #define GNULIB_TEST_FCNTL 1
| #define GNULIB_TEST_FSTAT 1
| #define GNULIB_FSTAT 1
| #define HAVE_GETDELIM 1
| #define GNULIB_TEST_GETDELIM 1
| #define GNULIB_TEST_GETDTABLESIZE 1
| #define HAVE_GETLINE 1
| #define GNULIB_TEST_GETLINE 1
| #define __GETOPT_PREFIX rpl_
| #define GNULIB_TEST_GETOPT_POSIX 1
| #define HAVE_DECL_PROGRAM_INVOCATION_NAME 1
| #define HAVE_DECL_PROGRAM_INVOCATION_NAME 1
| #define HAVE_DECL_PROGRAM_INVOCATION_SHORT_NAME 1
| #define HAVE_DECL___ARGV 0
| #define GNULIB_TEST_GETPROGNAME 1
| #define GNULIB_LOCALEDIR "/home/bloink/Work/unnamedlinuxdistro/fs/share/locale"
| #define HAVE_INLINE 1
| #define HAVE_VISIBILITY 1
| #define HAVE___INLINE 1
| #define GNULIB_MSVC_NOTHROW 1
| #define GNULIB_TEST_OPEN 1
| #define HAVE_DECL_PROGRAM_INVOCATION_NAME 1
| #define HAVE_DECL_PROGRAM_INVOCATION_SHORT_NAME 1
| #define GNULIB_TEST_RAWMEMCHR 1
| #define GNULIB_TEST_STAT 1
| #define GNULIB_STAT 1
| #define HAVE_STRUCT_STAT_ST_ATIM_TV_NSEC 1
| #define TYPEOF_STRUCT_STAT_ST_ATIM_IS_STRUCT_TIMESPEC 1
| #define GNULIB_TEST_FSCANF 1
| #define GNULIB_FSCANF 1
| #define GNULIB_TEST_SCANF 1
| #define GNULIB_SCANF 1
| #define GNULIB_TEST_FGETC 1
| #define GNULIB_TEST_GETC 1
| #define GNULIB_TEST_GETCHAR 1
| #define GNULIB_TEST_FGETS 1
| #define GNULIB_TEST_FREAD 1
| #define GNULIB_TEST_FPRINTF 1
| #define GNULIB_TEST_PRINTF 1
| #define GNULIB_TEST_VFPRINTF 1
| #define GNULIB_TEST_VPRINTF 1
| #define GNULIB_TEST_FPUTC 1
| #define GNULIB_TEST_PUTC 1
| #define GNULIB_TEST_PUTCHAR 1
| #define GNULIB_TEST_FPUTS 1
| #define GNULIB_TEST_PUTS 1
| #define GNULIB_TEST_FWRITE 1
| #define HAVE_STRCHRNUL 1
| #define GNULIB_TEST_STRCHRNUL 1
| #define GNULIB_STRERROR 1
| #define GNULIB_TEST_STRERROR 1
| #define HAVE_STRVERSCMP 1
| #define GNULIB_TEST_STRVERSCMP 1
| #define HAVE_C_VARARRAYS 1
| #define HAVE_ICONV 1
| #define ICONV_CONST 
| #define HAVE_LIBUNISTRING 1
| #define HAVE_UNISTRING_WOE32DLL_H 1
| #define HAVE_DECL_WCSDUP 1
| #define HAVE_C_BOOL 1
| /* end confdefs.h.  */
| #include <stdlib.h>
| 
| int
| main (void)
| {
| #if 2 < __GLIBC__ + (33 <= __GLIBC_MINOR__)
|             #elif defined __OpenBSD__
|             #elif defined __sun
|             #else
|               #error "'free' is not known to preserve errno"
|             #endif
| 
|   ;
|   return 0;
| }
configure:33087: result: no
configure:33316: checking whether the compiler generally respects inline
configure:33348: result: yes
configure:33366: checking whether to use the included libunistring
configure:33368: result: no
configure:33412: checking for ssize_t
configure:33438: result: yes
configure:35104: gcc -c -g -O2 -I/home/bloink/Work/unnamedlinuxdistro/fs/include conftest.c >&5
configure:35104: $? = 0
configure:35170: checking for pkg-config
configure:35193: found /usr/bin/pkg-config
configure:35205: result: /usr/bin/pkg-config
configure:35230: checking pkg-config is at least version 0.9.0
configure:35233: result: yes
configure:35246: checking for gtk-doc
configure:35249: $PKG_CONFIG --exists --print-errors "$gtk_doc_requires"
Package gtk-doc was not found in the pkg-config search path.
Perhaps you should add the directory containing `gtk-doc.pc'
to the PKG_CONFIG_PATH environment variable
Package 'gtk-doc' not found
configure:35252: $? = 1
configure:35258: result: no
configure:35262: WARNING:
  You will not be able to create source packages with 'make dist'
  because gtk-doc >= 1.14 is not found.
configure:35272: checking for gtkdoc-check
configure:35307: result: no
configure:35314: checking for gtkdoc-check
configure:35352: result: no
configure:35361: checking for gtkdoc-rebase
configure:35399: result: no
configure:35410: checking for gtkdoc-mkpdf
configure:35448: result: no
configure:35475: checking whether to build gtk-doc documentation
configure:35477: result: no
configure:35490: checking for GTKDOC_DEPS
configure:35498: $PKG_CONFIG --exists --print-errors "glib-2.0 >= 2.10.0 gobject-2.0  >= 2.10.0"
Package glib-2.0 was not found in the pkg-config search path.
Perhaps you should add the directory containing `glib-2.0.pc'
to the PKG_CONFIG_PATH environment variable
Package 'glib-2.0' not found
Package 'gobject-2.0' not found
configure:35501: $? = 1
configure:35516: $PKG_CONFIG --exists --print-errors "glib-2.0 >= 2.10.0 gobject-2.0  >= 2.10.0"
Package glib-2.0 was not found in the pkg-config search path.
Perhaps you should add the directory containing `glib-2.0.pc'
to the PKG_CONFIG_PATH environment variable
Package 'glib-2.0' not found
Package 'gobject-2.0' not found
configure:35519: $? = 1
Package 'glib-2.0' not found
Package 'gobject-2.0' not found
configure:35547: result: no
configure:35650: checking whether NLS is requested
configure:35660: result: yes
configure:35700: checking for msgfmt
configure:35736: result: no
configure:35742: checking for gmsgfmt
configure:35778: result: :
configure:35828: checking for xgettext
configure:35864: result: no
configure:35906: checking for msgmerge
configure:35941: result: no
configure:35979: checking for CFPreferencesCopyAppValue
configure:35998: gcc -o conftest -g -O2 -I/home/bloink/Work/unnamedlinuxdistro/fs/include  conftest.c  -Wl,-framework -Wl,CoreFoundation >&5
conftest.c:163:10: fatal error: CoreFoundation/CFPreferences.h: No such file or directory
  163 | #include <CoreFoundation/CFPreferences.h>
      |          ^~~~~~~~~~~~~~~~~~~~~~~~~~~~~~~~
compilation terminated.
configure:35998: $? = 1
configure: failed program was:
| /* confdefs.h */
| #define PACKAGE_NAME "Libidn2"
| #define PACKAGE_TARNAME "libidn2"
| #define PACKAGE_VERSION "2.3.8"
| #define PACKAGE_STRING "Libidn2 2.3.8"
| #define PACKAGE_BUGREPORT "help-libidn@gnu.org"
| #define PACKAGE_URL "https://www.gnu.org/software/libidn/#libidn2"
| #define PACKAGE "libidn2"
| #define VERSION "2.3.8"
| #define HAVE_STDIO_H 1
| #define HAVE_STDLIB_H 1
| #define HAVE_STRING_H 1
| #define HAVE_INTTYPES_H 1
| #define HAVE_STDINT_H 1
| #define HAVE_STRINGS_H 1
| #define HAVE_SYS_STAT_H 1
| #define HAVE_SYS_TYPES_H 1
| #define HAVE_UNISTD_H 1
| #define HAVE_WCHAR_H 1
| #define HAVE_STDBOOL_H 1
| #define HAVE_SYS_SOCKET_H 1
| #define HAVE_GETOPT_H 1
| #define HAVE_LIMITS_H 1
| #define HAVE_SYS_PARAM_H 1
| #define HAVE_SYS_TIME_H 1
| #define HAVE_STDCKDINT_H 1
| #define HAVE_ICONV_H 1
| #define HAVE_FEATURES_H 1
| #define STDC_HEADERS 1
| #define _ALL_SOURCE 1
| #define _DARWIN_C_SOURCE 1
| #define _GNU_SOURCE 1
| #define _HPUX_ALT_XOPEN_SOCKET_API 1
| #define _NETBSD_SOURCE 1
| #define _OPENBSD_SOURCE 1
| #define _POSIX_PTHREAD_SEMANTICS 1
| #define __STDC_WANT_IEC_60559_ATTRIBS_EXT__ 1
| #define __STDC_WANT_IEC_60559_BFP_EXT__ 1
| #define __STDC_WANT_IEC_60559_DFP_EXT__ 1
| #define __STDC_WANT_IEC_60559_EXT__ 1
| #define __STDC_WANT_IEC_60559_FUNCS_EXT__ 1
| #define __STDC_WANT_IEC_60559_TYPES_EXT__ 1
| #define __STDC_WANT_LIB_EXT2__ 1
| #define __STDC_WANT_MATH_SPEC_FUNCS__ 1
| #define _TANDEM_SOURCE 1
| #define __EXTENSIONS__ 1
| #define _LINUX_SOURCE_COMPAT 1
| #define __USE_MINGW_ANSI_STDIO 1
| #define HAVE_DLFCN_H 1
| #define LT_OBJDIR ".libs/"
| #define HAVE_ALLOCA_H 1
| #define HAVE_ALLOCA 1
| #define HAVE_FCNTL 1
| #define HAVE_SYMLINK 1
| #define HAVE_GETDTABLESIZE 1
| #define HAVE_LSTAT 1
| #define HAVE_DECL_STRERROR_R 1
| #define HAVE_STRERROR_R 1
| #define HAVE_WORKING_O_NOATIME 1
| #define HAVE_WORKING_O_NOFOLLOW 1
| #define restrict __restrict__
| #define HAVE_DECL_GETDELIM 1
| #define HAVE_DECL_GETDTABLESIZE 1
| #define HAVE_DECL_GETLINE 1
| #define HAVE_GETOPT_H 1
| #define HAVE_GETOPT_LONG_ONLY 1
| #define MUSL_LIBC 1
| #define HAVE_MALLOC_PTRDIFF 1
| #define HAVE_MALLOC_POSIX 1
| #define HAVE_MALLOC_0_NONNULL 1
| #define PROMOTED_MODE_T mode_t
| #define HAVE_WINT_T 1
| #define HAVE_LONG_LONG_INT 1
| #define HAVE_UNSIGNED_LONG_LONG_INT 1
| #define HAVE_DECL_FCLOSEALL 0
| #define HAVE_DECL_GETW 1
| #define HAVE_DECL_PUTW 1
| #define HAVE_LANGINFO_CODESET 1
| #define HAVE_DECL_ECVT 1
| #define HAVE_DECL_FCVT 1
| #define HAVE_DECL_GCVT 1
| #define _USE_STD_STAT 1
| #define HAVE_DECL_EXECVPE 1
| #define HAVE_ALLOCA 1
| #define HAVE_C_STATIC_ASSERT 1
| #define HAVE_C_BOOL 1
| #define GNULIB_TEST_CLOEXEC 1
| #define GNULIB_TEST_CLOSE 1
| #define GNULIB_CLOSE 1
| #define GNULIB_TEST_DUP2 1
| #define GNULIB_TEST_FCNTL 1
| #define GNULIB_TEST_FSTAT 1
| #define GNULIB_FSTAT 1
| #define HAVE_GETDELIM 1
| #define GNULIB_TEST_GETDELIM 1
| #define GNULIB_TEST_GETDTABLESIZE 1
| #define HAVE_GETLINE 1
| #define GNULIB_TEST_GETLINE 1
| #define __GETOPT_PREFIX rpl_
| #define GNULIB_TEST_GETOPT_POSIX 1
| #define HAVE_DECL_PROGRAM_INVOCATION_NAME 1
| #define HAVE_DECL_PROGRAM_INVOCATION_NAME 1
| #define HAVE_DECL_PROGRAM_INVOCATION_SHORT_NAME 1
| #define HAVE_DECL___ARGV 0
| #define GNULIB_TEST_GETPROGNAME 1
| #define GNULIB_LOCALEDIR "/home/bloink/Work/unnamedlinuxdistro/fs/share/locale"
| #define HAVE_INLINE 1
| #define HAVE_VISIBILITY 1
| #define HAVE___INLINE 1
| #define GNULIB_MSVC_NOTHROW 1
| #define GNULIB_TEST_OPEN 1
| #define HAVE_DECL_PROGRAM_INVOCATION_NAME 1
| #define HAVE_DECL_PROGRAM_INVOCATION_SHORT_NAME 1
| #define GNULIB_TEST_RAWMEMCHR 1
| #define GNULIB_TEST_STAT 1
| #define GNULIB_STAT 1
| #define HAVE_STRUCT_STAT_ST_ATIM_TV_NSEC 1
| #define TYPEOF_STRUCT_STAT_ST_ATIM_IS_STRUCT_TIMESPEC 1
| #define GNULIB_TEST_FSCANF 1
| #define GNULIB_FSCANF 1
| #define GNULIB_TEST_SCANF 1
| #define GNULIB_SCANF 1
| #define GNULIB_TEST_FGETC 1
| #define GNULIB_TEST_GETC 1
| #define GNULIB_TEST_GETCHAR 1
| #define GNULIB_TEST_FGETS 1
| #define GNULIB_TEST_FREAD 1
| #define GNULIB_TEST_FPRINTF 1
| #define GNULIB_TEST_PRINTF 1
| #define GNULIB_TEST_VFPRINTF 1
| #define GNULIB_TEST_VPRINTF 1
| #define GNULIB_TEST_FPUTC 1
| #define GNULIB_TEST_PUTC 1
| #define GNULIB_TEST_PUTCHAR 1
| #define GNULIB_TEST_FPUTS 1
| #define GNULIB_TEST_PUTS 1
| #define GNULIB_TEST_FWRITE 1
| #define HAVE_STRCHRNUL 1
| #define GNULIB_TEST_STRCHRNUL 1
| #define GNULIB_STRERROR 1
| #define GNULIB_TEST_STRERROR 1
| #define HAVE_STRVERSCMP 1
| #define GNULIB_TEST_STRVERSCMP 1
| #define HAVE_C_VARARRAYS 1
| #define HAVE_ICONV 1
| #define ICONV_CONST 
| #define HAVE_LIBUNISTRING 1
| #define HAVE_UNISTRING_WOE32DLL_H 1
| #define HAVE_DECL_WCSDUP 1
| #define HAVE_C_BOOL 1
| #define GNULIB_TEST_FREE_POSIX 1
| #define HAVE_INLINE 1
| #define GNULIB_TEST_UNINORM_U32_NORMALIZE 1
| #define GNULIB_UNISTR_U32_MBTOUC_UNSAFE 1
| #define GNULIB_UNISTR_U32_UCTOMB 1
| #define GNULIB_UNISTR_U8_MBTOUC 1
| #define GNULIB_UNISTR_U8_MBTOUC_UNSAFE 1
| #define GNULIB_UNISTR_U8_MBTOUCR 1
| #define GNULIB_UNISTR_U8_UCTOMB 1
| #define GNULIB_NO_VLA 1
| #define HAVE_SYMVER_ALIAS_SUPPORT 1
| /* end confdefs.h.  */
| #include <CoreFoundation/CFPreferences.h>
| int
| main (void)
| {
| CFPreferencesCopyAppValue(NULL, NULL)
|   ;
|   return 0;
| }
configure:36008: result: no
configure:36015: checking for CFLocaleCopyCurrent
configure:36034: gcc -o conftest -g -O2 -I/home/bloink/Work/unnamedlinuxdistro/fs/include  conftest.c  -Wl,-framework -Wl,CoreFoundation >&5
conftest.c:163:10: fatal error: CoreFoundation/CFLocale.h: No such file or directory
  163 | #include <CoreFoundation/CFLocale.h>
      |          ^~~~~~~~~~~~~~~~~~~~~~~~~~~
compilation terminated.
configure:36034: $? = 1
configure: failed program was:
| /* confdefs.h */
| #define PACKAGE_NAME "Libidn2"
| #define PACKAGE_TARNAME "libidn2"
| #define PACKAGE_VERSION "2.3.8"
| #define PACKAGE_STRING "Libidn2 2.3.8"
| #define PACKAGE_BUGREPORT "help-libidn@gnu.org"
| #define PACKAGE_URL "https://www.gnu.org/software/libidn/#libidn2"
| #define PACKAGE "libidn2"
| #define VERSION "2.3.8"
| #define HAVE_STDIO_H 1
| #define HAVE_STDLIB_H 1
| #define HAVE_STRING_H 1
| #define HAVE_INTTYPES_H 1
| #define HAVE_STDINT_H 1
| #define HAVE_STRINGS_H 1
| #define HAVE_SYS_STAT_H 1
| #define HAVE_SYS_TYPES_H 1
| #define HAVE_UNISTD_H 1
| #define HAVE_WCHAR_H 1
| #define HAVE_STDBOOL_H 1
| #define HAVE_SYS_SOCKET_H 1
| #define HAVE_GETOPT_H 1
| #define HAVE_LIMITS_H 1
| #define HAVE_SYS_PARAM_H 1
| #define HAVE_SYS_TIME_H 1
| #define HAVE_STDCKDINT_H 1
| #define HAVE_ICONV_H 1
| #define HAVE_FEATURES_H 1
| #define STDC_HEADERS 1
| #define _ALL_SOURCE 1
| #define _DARWIN_C_SOURCE 1
| #define _GNU_SOURCE 1
| #define _HPUX_ALT_XOPEN_SOCKET_API 1
| #define _NETBSD_SOURCE 1
| #define _OPENBSD_SOURCE 1
| #define _POSIX_PTHREAD_SEMANTICS 1
| #define __STDC_WANT_IEC_60559_ATTRIBS_EXT__ 1
| #define __STDC_WANT_IEC_60559_BFP_EXT__ 1
| #define __STDC_WANT_IEC_60559_DFP_EXT__ 1
| #define __STDC_WANT_IEC_60559_EXT__ 1
| #define __STDC_WANT_IEC_60559_FUNCS_EXT__ 1
| #define __STDC_WANT_IEC_60559_TYPES_EXT__ 1
| #define __STDC_WANT_LIB_EXT2__ 1
| #define __STDC_WANT_MATH_SPEC_FUNCS__ 1
| #define _TANDEM_SOURCE 1
| #define __EXTENSIONS__ 1
| #define _LINUX_SOURCE_COMPAT 1
| #define __USE_MINGW_ANSI_STDIO 1
| #define HAVE_DLFCN_H 1
| #define LT_OBJDIR ".libs/"
| #define HAVE_ALLOCA_H 1
| #define HAVE_ALLOCA 1
| #define HAVE_FCNTL 1
| #define HAVE_SYMLINK 1
| #define HAVE_GETDTABLESIZE 1
| #define HAVE_LSTAT 1
| #define HAVE_DECL_STRERROR_R 1
| #define HAVE_STRERROR_R 1
| #define HAVE_WORKING_O_NOATIME 1
| #define HAVE_WORKING_O_NOFOLLOW 1
| #define restrict __restrict__
| #define HAVE_DECL_GETDELIM 1
| #define HAVE_DECL_GETDTABLESIZE 1
| #define HAVE_DECL_GETLINE 1
| #define HAVE_GETOPT_H 1
| #define HAVE_GETOPT_LONG_ONLY 1
| #define MUSL_LIBC 1
| #define HAVE_MALLOC_PTRDIFF 1
| #define HAVE_MALLOC_POSIX 1
| #define HAVE_MALLOC_0_NONNULL 1
| #define PROMOTED_MODE_T mode_t
| #define HAVE_WINT_T 1
| #define HAVE_LONG_LONG_INT 1
| #define HAVE_UNSIGNED_LONG_LONG_INT 1
| #define HAVE_DECL_FCLOSEALL 0
| #define HAVE_DECL_GETW 1
| #define HAVE_DECL_PUTW 1
| #define HAVE_LANGINFO_CODESET 1
| #define HAVE_DECL_ECVT 1
| #define HAVE_DECL_FCVT 1
| #define HAVE_DECL_GCVT 1
| #define _USE_STD_STAT 1
| #define HAVE_DECL_EXECVPE 1
| #define HAVE_ALLOCA 1
| #define HAVE_C_STATIC_ASSERT 1
| #define HAVE_C_BOOL 1
| #define GNULIB_TEST_CLOEXEC 1
| #define GNULIB_TEST_CLOSE 1
| #define GNULIB_CLOSE 1
| #define GNULIB_TEST_DUP2 1
| #define GNULIB_TEST_FCNTL 1
| #define GNULIB_TEST_FSTAT 1
| #define GNULIB_FSTAT 1
| #define HAVE_GETDELIM 1
| #define GNULIB_TEST_GETDELIM 1
| #define GNULIB_TEST_GETDTABLESIZE 1
| #define HAVE_GETLINE 1
| #define GNULIB_TEST_GETLINE 1
| #define __GETOPT_PREFIX rpl_
| #define GNULIB_TEST_GETOPT_POSIX 1
| #define HAVE_DECL_PROGRAM_INVOCATION_NAME 1
| #define HAVE_DECL_PROGRAM_INVOCATION_NAME 1
| #define HAVE_DECL_PROGRAM_INVOCATION_SHORT_NAME 1
| #define HAVE_DECL___ARGV 0
| #define GNULIB_TEST_GETPROGNAME 1
| #define GNULIB_LOCALEDIR "/home/bloink/Work/unnamedlinuxdistro/fs/share/locale"
| #define HAVE_INLINE 1
| #define HAVE_VISIBILITY 1
| #define HAVE___INLINE 1
| #define GNULIB_MSVC_NOTHROW 1
| #define GNULIB_TEST_OPEN 1
| #define HAVE_DECL_PROGRAM_INVOCATION_NAME 1
| #define HAVE_DECL_PROGRAM_INVOCATION_SHORT_NAME 1
| #define GNULIB_TEST_RAWMEMCHR 1
| #define GNULIB_TEST_STAT 1
| #define GNULIB_STAT 1
| #define HAVE_STRUCT_STAT_ST_ATIM_TV_NSEC 1
| #define TYPEOF_STRUCT_STAT_ST_ATIM_IS_STRUCT_TIMESPEC 1
| #define GNULIB_TEST_FSCANF 1
| #define GNULIB_FSCANF 1
| #define GNULIB_TEST_SCANF 1
| #define GNULIB_SCANF 1
| #define GNULIB_TEST_FGETC 1
| #define GNULIB_TEST_GETC 1
| #define GNULIB_TEST_GETCHAR 1
| #define GNULIB_TEST_FGETS 1
| #define GNULIB_TEST_FREAD 1
| #define GNULIB_TEST_FPRINTF 1
| #define GNULIB_TEST_PRINTF 1
| #define GNULIB_TEST_VFPRINTF 1
| #define GNULIB_TEST_VPRINTF 1
| #define GNULIB_TEST_FPUTC 1
| #define GNULIB_TEST_PUTC 1
| #define GNULIB_TEST_PUTCHAR 1
| #define GNULIB_TEST_FPUTS 1
| #define GNULIB_TEST_PUTS 1
| #define GNULIB_TEST_FWRITE 1
| #define HAVE_STRCHRNUL 1
| #define GNULIB_TEST_STRCHRNUL 1
| #define GNULIB_STRERROR 1
| #define GNULIB_TEST_STRERROR 1
| #define HAVE_STRVERSCMP 1
| #define GNULIB_TEST_STRVERSCMP 1
| #define HAVE_C_VARARRAYS 1
| #define HAVE_ICONV 1
| #define ICONV_CONST 
| #define HAVE_LIBUNISTRING 1
| #define HAVE_UNISTRING_WOE32DLL_H 1
| #define HAVE_DECL_WCSDUP 1
| #define HAVE_C_BOOL 1
| #define GNULIB_TEST_FREE_POSIX 1
| #define HAVE_INLINE 1
| #define GNULIB_TEST_UNINORM_U32_NORMALIZE 1
| #define GNULIB_UNISTR_U32_MBTOUC_UNSAFE 1
| #define GNULIB_UNISTR_U32_UCTOMB 1
| #define GNULIB_UNISTR_U8_MBTOUC 1
| #define GNULIB_UNISTR_U8_MBTOUC_UNSAFE 1
| #define GNULIB_UNISTR_U8_MBTOUCR 1
| #define GNULIB_UNISTR_U8_UCTOMB 1
| #define GNULIB_NO_VLA 1
| #define HAVE_SYMVER_ALIAS_SUPPORT 1
| /* end confdefs.h.  */
| #include <CoreFoundation/CFLocale.h>
| int
| main (void)
| {
| CFLocaleCopyCurrent();
|   ;
|   return 0;
| }
configure:36044: result: no
configure:36093: checking for GNU gettext in libc
configure:36123: gcc -o conftest -g -O2 -I/home/bloink/Work/unnamedlinuxdistro/fs/include  conftest.c  >&5
configure:36123: $? = 0
configure:36133: result: yes
configure:37061: checking whether to use NLS
configure:37063: result: yes
configure:37066: checking where the gettext function comes from
configure:37077: result: libc
configure:37161: checking whether to build with code coverage support
configure:37182: result: no
configure:37578: checking whether C compiler handles -Werror -Wunknown-warning-option
configure:37598: gcc -o conftest -g -O2  -Werror -Wunknown-warning-option -I/home/bloink/Work/unnamedlinuxdistro/fs/include  conftest.c  >&5
gcc: error: unrecognized command-line option '-Wunknown-warning-option'
configure:37598: $? = 1
configure: failed program was:
| /* confdefs.h */
| #define PACKAGE_NAME "Libidn2"
| #define PACKAGE_TARNAME "libidn2"
| #define PACKAGE_VERSION "2.3.8"
| #define PACKAGE_STRING "Libidn2 2.3.8"
| #define PACKAGE_BUGREPORT "help-libidn@gnu.org"
| #define PACKAGE_URL "https://www.gnu.org/software/libidn/#libidn2"
| #define PACKAGE "libidn2"
| #define VERSION "2.3.8"
| #define HAVE_STDIO_H 1
| #define HAVE_STDLIB_H 1
| #define HAVE_STRING_H 1
| #define HAVE_INTTYPES_H 1
| #define HAVE_STDINT_H 1
| #define HAVE_STRINGS_H 1
| #define HAVE_SYS_STAT_H 1
| #define HAVE_SYS_TYPES_H 1
| #define HAVE_UNISTD_H 1
| #define HAVE_WCHAR_H 1
| #define HAVE_STDBOOL_H 1
| #define HAVE_SYS_SOCKET_H 1
| #define HAVE_GETOPT_H 1
| #define HAVE_LIMITS_H 1
| #define HAVE_SYS_PARAM_H 1
| #define HAVE_SYS_TIME_H 1
| #define HAVE_STDCKDINT_H 1
| #define HAVE_ICONV_H 1
| #define HAVE_FEATURES_H 1
| #define STDC_HEADERS 1
| #define _ALL_SOURCE 1
| #define _DARWIN_C_SOURCE 1
| #define _GNU_SOURCE 1
| #define _HPUX_ALT_XOPEN_SOCKET_API 1
| #define _NETBSD_SOURCE 1
| #define _OPENBSD_SOURCE 1
| #define _POSIX_PTHREAD_SEMANTICS 1
| #define __STDC_WANT_IEC_60559_ATTRIBS_EXT__ 1
| #define __STDC_WANT_IEC_60559_BFP_EXT__ 1
| #define __STDC_WANT_IEC_60559_DFP_EXT__ 1
| #define __STDC_WANT_IEC_60559_EXT__ 1
| #define __STDC_WANT_IEC_60559_FUNCS_EXT__ 1
| #define __STDC_WANT_IEC_60559_TYPES_EXT__ 1
| #define __STDC_WANT_LIB_EXT2__ 1
| #define __STDC_WANT_MATH_SPEC_FUNCS__ 1
| #define _TANDEM_SOURCE 1
| #define __EXTENSIONS__ 1
| #define _LINUX_SOURCE_COMPAT 1
| #define __USE_MINGW_ANSI_STDIO 1
| #define HAVE_DLFCN_H 1
| #define LT_OBJDIR ".libs/"
| #define HAVE_ALLOCA_H 1
| #define HAVE_ALLOCA 1
| #define HAVE_FCNTL 1
| #define HAVE_SYMLINK 1
| #define HAVE_GETDTABLESIZE 1
| #define HAVE_LSTAT 1
| #define HAVE_DECL_STRERROR_R 1
| #define HAVE_STRERROR_R 1
| #define HAVE_WORKING_O_NOATIME 1
| #define HAVE_WORKING_O_NOFOLLOW 1
| #define restrict __restrict__
| #define HAVE_DECL_GETDELIM 1
| #define HAVE_DECL_GETDTABLESIZE 1
| #define HAVE_DECL_GETLINE 1
| #define HAVE_GETOPT_H 1
| #define HAVE_GETOPT_LONG_ONLY 1
| #define MUSL_LIBC 1
| #define HAVE_MALLOC_PTRDIFF 1
| #define HAVE_MALLOC_POSIX 1
| #define HAVE_MALLOC_0_NONNULL 1
| #define PROMOTED_MODE_T mode_t
| #define HAVE_WINT_T 1
| #define HAVE_LONG_LONG_INT 1
| #define HAVE_UNSIGNED_LONG_LONG_INT 1
| #define HAVE_DECL_FCLOSEALL 0
| #define HAVE_DECL_GETW 1
| #define HAVE_DECL_PUTW 1
| #define HAVE_LANGINFO_CODESET 1
| #define HAVE_DECL_ECVT 1
| #define HAVE_DECL_FCVT 1
| #define HAVE_DECL_GCVT 1
| #define _USE_STD_STAT 1
| #define HAVE_DECL_EXECVPE 1
| #define HAVE_ALLOCA 1
| #define HAVE_C_STATIC_ASSERT 1
| #define HAVE_C_BOOL 1
| #define GNULIB_TEST_CLOEXEC 1
| #define GNULIB_TEST_CLOSE 1
| #define GNULIB_CLOSE 1
| #define GNULIB_TEST_DUP2 1
| #define GNULIB_TEST_FCNTL 1
| #define GNULIB_TEST_FSTAT 1
| #define GNULIB_FSTAT 1
| #define HAVE_GETDELIM 1
| #define GNULIB_TEST_GETDELIM 1
| #define GNULIB_TEST_GETDTABLESIZE 1
| #define HAVE_GETLINE 1
| #define GNULIB_TEST_GETLINE 1
| #define __GETOPT_PREFIX rpl_
| #define GNULIB_TEST_GETOPT_POSIX 1
| #define HAVE_DECL_PROGRAM_INVOCATION_NAME 1
| #define HAVE_DECL_PROGRAM_INVOCATION_NAME 1
| #define HAVE_DECL_PROGRAM_INVOCATION_SHORT_NAME 1
| #define HAVE_DECL___ARGV 0
| #define GNULIB_TEST_GETPROGNAME 1
| #define GNULIB_LOCALEDIR "/home/bloink/Work/unnamedlinuxdistro/fs/share/locale"
| #define HAVE_INLINE 1
| #define HAVE_VISIBILITY 1
| #define HAVE___INLINE 1
| #define GNULIB_MSVC_NOTHROW 1
| #define GNULIB_TEST_OPEN 1
| #define HAVE_DECL_PROGRAM_INVOCATION_NAME 1
| #define HAVE_DECL_PROGRAM_INVOCATION_SHORT_NAME 1
| #define GNULIB_TEST_RAWMEMCHR 1
| #define GNULIB_TEST_STAT 1
| #define GNULIB_STAT 1
| #define HAVE_STRUCT_STAT_ST_ATIM_TV_NSEC 1
| #define TYPEOF_STRUCT_STAT_ST_ATIM_IS_STRUCT_TIMESPEC 1
| #define GNULIB_TEST_FSCANF 1
| #define GNULIB_FSCANF 1
| #define GNULIB_TEST_SCANF 1
| #define GNULIB_SCANF 1
| #define GNULIB_TEST_FGETC 1
| #define GNULIB_TEST_GETC 1
| #define GNULIB_TEST_GETCHAR 1
| #define GNULIB_TEST_FGETS 1
| #define GNULIB_TEST_FREAD 1
| #define GNULIB_TEST_FPRINTF 1
| #define GNULIB_TEST_PRINTF 1
| #define GNULIB_TEST_VFPRINTF 1
| #define GNULIB_TEST_VPRINTF 1
| #define GNULIB_TEST_FPUTC 1
| #define GNULIB_TEST_PUTC 1
| #define GNULIB_TEST_PUTCHAR 1
| #define GNULIB_TEST_FPUTS 1
| #define GNULIB_TEST_PUTS 1
| #define GNULIB_TEST_FWRITE 1
| #define HAVE_STRCHRNUL 1
| #define GNULIB_TEST_STRCHRNUL 1
| #define GNULIB_STRERROR 1
| #define GNULIB_TEST_STRERROR 1
| #define HAVE_STRVERSCMP 1
| #define GNULIB_TEST_STRVERSCMP 1
| #define HAVE_C_VARARRAYS 1
| #define HAVE_ICONV 1
| #define ICONV_CONST 
| #define HAVE_LIBUNISTRING 1
| #define HAVE_UNISTRING_WOE32DLL_H 1
| #define HAVE_DECL_WCSDUP 1
| #define HAVE_C_BOOL 1
| #define GNULIB_TEST_FREE_POSIX 1
| #define HAVE_INLINE 1
| #define GNULIB_TEST_UNINORM_U32_NORMALIZE 1
| #define GNULIB_UNISTR_U32_MBTOUC_UNSAFE 1
| #define GNULIB_UNISTR_U32_UCTOMB 1
| #define GNULIB_UNISTR_U8_MBTOUC 1
| #define GNULIB_UNISTR_U8_MBTOUC_UNSAFE 1
| #define GNULIB_UNISTR_U8_MBTOUCR 1
| #define GNULIB_UNISTR_U8_UCTOMB 1
| #define GNULIB_NO_VLA 1
| #define HAVE_SYMVER_ALIAS_SUPPORT 1
| #define ENABLE_NLS 1
| #define HAVE_GETTEXT 1
| #define HAVE_DCGETTEXT 1
| /* end confdefs.h.  */
| 
| int
| main (void)
| {
| 
|   ;
|   return 0;
| }
configure:37609: result: no
configure:37829: checking whether -Wno-missing-field-initializers is needed
configure:37858: gcc -c -g -O2 -Wextra -Werror -I/home/bloink/Work/unnamedlinuxdistro/fs/include conftest.c >&5
configure:37858: $? = 0
configure:37873: result: no
configure:37876: checking whether -Wuninitialized is supported
configure:37895: gcc -c -g -O2 -Werror -Wuninitialized -I/home/bloink/Work/unnamedlinuxdistro/fs/include conftest.c >&5
configure:37895: $? = 0
configure:37905: result: yes
configure:38074: checking whether C compiler handles -fanalyzer
configure:38094: gcc -o conftest -g -O2  -fanalyzer -I/home/bloink/Work/unnamedlinuxdistro/fs/include  conftest.c  >&5
configure:38094: $? = 0
configure:38106: result: yes
configure:38074: checking whether C compiler handles -fstrict-flex-arrays
configure:38094: gcc -o conftest -g -O2  -fstrict-flex-arrays -I/home/bloink/Work/unnamedlinuxdistro/fs/include  conftest.c  >&5
configure:38094: $? = 0
configure:38106: result: yes
configure:38074: checking whether C compiler handles -Wall
configure:38094: gcc -o conftest -g -O2  -Wall -I/home/bloink/Work/unnamedlinuxdistro/fs/include  conftest.c  >&5
configure:38094: $? = 0
configure:38106: result: yes
configure:38074: checking whether C compiler handles -Warith-conversion
configure:38094: gcc -o conftest -g -O2  -Warith-conversion -I/home/bloink/Work/unnamedlinuxdistro/fs/include  conftest.c  >&5
configure:38094: $? = 0
configure:38106: result: yes
configure:38074: checking whether C compiler handles -Wcast-align=strict
configure:38094: gcc -o conftest -g -O2  -Wcast-align=strict -I/home/bloink/Work/unnamedlinuxdistro/fs/include  conftest.c  >&5
configure:38094: $? = 0
configure:38106: result: yes
configure:38074: checking whether C compiler handles -Wdate-time
configure:38094: gcc -o conftest -g -O2  -Wdate-time -I/home/bloink/Work/unnamedlinuxdistro/fs/include  conftest.c  >&5
configure:38094: $? = 0
configure:38106: result: yes
configure:38074: checking whether C compiler handles -Wdisabled-optimization
configure:38094: gcc -o conftest -g -O2  -Wdisabled-optimization -I/home/bloink/Work/unnamedlinuxdistro/fs/include  conftest.c  >&5
configure:38094: $? = 0
configure:38106: result: yes
configure:38074: checking whether C compiler handles -Wdouble-promotion
configure:38094: gcc -o conftest -g -O2  -Wdouble-promotion -I/home/bloink/Work/unnamedlinuxdistro/fs/include  conftest.c  >&5
configure:38094: $? = 0
configure:38106: result: yes
configure:38074: checking whether C compiler handles -Wduplicated-branches
configure:38094: gcc -o conftest -g -O2  -Wduplicated-branches -I/home/bloink/Work/unnamedlinuxdistro/fs/include  conftest.c  >&5
configure:38094: $? = 0
configure:38106: result: yes
configure:38074: checking whether C compiler handles -Wduplicated-cond
configure:38094: gcc -o conftest -g -O2  -Wduplicated-cond -I/home/bloink/Work/unnamedlinuxdistro/fs/include  conftest.c  >&5
configure:38094: $? = 0
configure:38106: result: yes
configure:38074: checking whether C compiler handles -Wextra
configure:38094: gcc -o conftest -g -O2  -Wextra -I/home/bloink/Work/unnamedlinuxdistro/fs/include  conftest.c  >&5
configure:38094: $? = 0
configure:38106: result: yes
configure:38074: checking whether C compiler handles -Wformat-signedness
configure:38094: gcc -o conftest -g -O2  -Wformat-signedness -I/home/bloink/Work/unnamedlinuxdistro/fs/include  conftest.c  >&5
configure:38094: $? = 0
configure:38106: result: yes
configure:38074: checking whether C compiler handles -Wflex-array-member-not-at-end
configure:38094: gcc -o conftest -g -O2  -Wflex-array-member-not-at-end -I/home/bloink/Work/unnamedlinuxdistro/fs/include  conftest.c  >&5
configure:38094: $? = 0
configure:38106: result: yes
configure:38074: checking whether C compiler handles -Winit-self
configure:38094: gcc -o conftest -g -O2  -Winit-self -I/home/bloink/Work/unnamedlinuxdistro/fs/include  conftest.c  >&5
configure:38094: $? = 0
configure:38106: result: yes
configure:38074: checking whether C compiler handles -Winvalid-pch
configure:38094: gcc -o conftest -g -O2  -Winvalid-pch -I/home/bloink/Work/unnamedlinuxdistro/fs/include  conftest.c  >&5
configure:38094: $? = 0
configure:38106: result: yes
configure:38074: checking whether C compiler handles -Wlogical-op
configure:38094: gcc -o conftest -g -O2  -Wlogical-op -I/home/bloink/Work/unnamedlinuxdistro/fs/include  conftest.c  >&5
configure:38094: $? = 0
configure:38106: result: yes
configure:38074: checking whether C compiler handles -Wmissing-declarations
configure:38094: gcc -o conftest -g -O2  -Wmissing-declarations -I/home/bloink/Work/unnamedlinuxdistro/fs/include  conftest.c  >&5
configure:38094: $? = 0
configure:38106: result: yes
configure:38074: checking whether C compiler handles -Wmissing-include-dirs
configure:38094: gcc -o conftest -g -O2  -Wmissing-include-dirs -I/home/bloink/Work/unnamedlinuxdistro/fs/include  conftest.c  >&5
configure:38094: $? = 0
configure:38106: result: yes
configure:38074: checking whether C compiler handles -Wmissing-prototypes
configure:38094: gcc -o conftest -g -O2  -Wmissing-prototypes -I/home/bloink/Work/unnamedlinuxdistro/fs/include  conftest.c  >&5
configure:38094: $? = 0
configure:38106: result: yes
configure:38074: checking whether C compiler handles -Wmissing-variable-declarations
configure:38094: gcc -o conftest -g -O2  -Wmissing-variable-declarations -I/home/bloink/Work/unnamedlinuxdistro/fs/include  conftest.c  >&5
configure:38094: $? = 0
configure:38106: result: yes
configure:38074: checking whether C compiler handles -Wnested-externs
configure:38094: gcc -o conftest -g -O2  -Wnested-externs -I/home/bloink/Work/unnamedlinuxdistro/fs/include  conftest.c  >&5
configure:38094: $? = 0
configure:38106: result: yes
configure:38074: checking whether C compiler handles -Wnull-dereference
configure:38094: gcc -o conftest -g -O2  -Wnull-dereference -I/home/bloink/Work/unnamedlinuxdistro/fs/include  conftest.c  >&5
configure:38094: $? = 0
configure:38106: result: yes
configure:38074: checking whether C compiler handles -Wold-style-definition
configure:38094: gcc -o conftest -g -O2  -Wold-style-definition -I/home/bloink/Work/unnamedlinuxdistro/fs/include  conftest.c  >&5
configure:38094: $? = 0
configure:38106: result: yes
configure:38074: checking whether C compiler handles -Wopenmp-simd
configure:38094: gcc -o conftest -g -O2  -Wopenmp-simd -I/home/bloink/Work/unnamedlinuxdistro/fs/include  conftest.c  >&5
configure:38094: $? = 0
configure:38106: result: yes
configure:38074: checking whether C compiler handles -Woverlength-strings
configure:38094: gcc -o conftest -g -O2  -Woverlength-strings -I/home/bloink/Work/unnamedlinuxdistro/fs/include  conftest.c  >&5
configure:38094: $? = 0
configure:38106: result: yes
configure:38074: checking whether C compiler handles -Wpacked
configure:38094: gcc -o conftest -g -O2  -Wpacked -I/home/bloink/Work/unnamedlinuxdistro/fs/include  conftest.c  >&5
configure:38094: $? = 0
configure:38106: result: yes
configure:38074: checking whether C compiler handles -Wpointer-arith
configure:38094: gcc -o conftest -g -O2  -Wpointer-arith -I/home/bloink/Work/unnamedlinuxdistro/fs/include  conftest.c  >&5
configure:38094: $? = 0
configure:38106: result: yes
configure:38074: checking whether C compiler handles -Wshadow
configure:38094: gcc -o conftest -g -O2  -Wshadow -I/home/bloink/Work/unnamedlinuxdistro/fs/include  conftest.c  >&5
configure:38094: $? = 0
configure:38106: result: yes
configure:38074: checking whether C compiler handles -Wstack-protector
configure:38094: gcc -o conftest -g -O2  -Wstack-protector -I/home/bloink/Work/unnamedlinuxdistro/fs/include  conftest.c  >&5
configure:38094: $? = 0
configure:38106: result: yes
configure:38074: checking whether C compiler handles -Wstrict-flex-arrays
configure:38094: gcc -o conftest -g -O2  -Wstrict-flex-arrays -I/home/bloink/Work/unnamedlinuxdistro/fs/include  conftest.c  >&5
cc1: warning: '-Wstrict-flex-arrays' is ignored when '-fstrict-flex-arrays' is not present
configure:38094: $? = 0
configure:38106: result: yes
configure:38074: checking whether C compiler handles -Wstrict-prototypes
configure:38094: gcc -o conftest -g -O2  -Wstrict-prototypes -I/home/bloink/Work/unnamedlinuxdistro/fs/include  conftest.c  >&5
configure:38094: $? = 0
configure:38106: result: yes
configure:38074: checking whether C compiler handles -Wsuggest-attribute=cold
configure:38094: gcc -o conftest -g -O2  -Wsuggest-attribute=cold -I/home/bloink/Work/unnamedlinuxdistro/fs/include  conftest.c  >&5
configure:38094: $? = 0
configure:38106: result: yes
configure:38074: checking whether C compiler handles -Wsuggest-attribute=format
configure:38094: gcc -o conftest -g -O2  -Wsuggest-attribute=format -I/home/bloink/Work/unnamedlinuxdistro/fs/include  conftest.c  >&5
configure:38094: $? = 0
configure:38106: result: yes
configure:38074: checking whether C compiler handles -Wsuggest-attribute=malloc
configure:38094: gcc -o conftest -g -O2  -Wsuggest-attribute=malloc -I/home/bloink/Work/unnamedlinuxdistro/fs/include  conftest.c  >&5
configure:38094: $? = 0
configure:38106: result: yes
configure:38074: checking whether C compiler handles -Wsuggest-attribute=noreturn
configure:38094: gcc -o conftest -g -O2  -Wsuggest-attribute=noreturn -I/home/bloink/Work/unnamedlinuxdistro/fs/include  conftest.c  >&5
configure:38094: $? = 0
configure:38106: result: yes
configure:38074: checking whether C compiler handles -Wsuggest-final-methods
configure:38094: gcc -o conftest -g -O2  -Wsuggest-final-methods -I/home/bloink/Work/unnamedlinuxdistro/fs/include  conftest.c  >&5
configure:38094: $? = 0
configure:38106: result: yes
configure:38074: checking whether C compiler handles -Wsuggest-final-types
configure:38094: gcc -o conftest -g -O2  -Wsuggest-final-types -I/home/bloink/Work/unnamedlinuxdistro/fs/include  conftest.c  >&5
configure:38094: $? = 0
configure:38106: result: yes
configure:38074: checking whether C compiler handles -Wsync-nand
configure:38094: gcc -o conftest -g -O2  -Wsync-nand -I/home/bloink/Work/unnamedlinuxdistro/fs/include  conftest.c  >&5
configure:38094: $? = 0
configure:38106: result: yes
configure:38074: checking whether C compiler handles -Wtrampolines
configure:38094: gcc -o conftest -g -O2  -Wtrampolines -I/home/bloink/Work/unnamedlinuxdistro/fs/include  conftest.c  >&5
configure:38094: $? = 0
configure:38106: result: yes
configure:38074: checking whether C compiler handles -Wuninitialized
configure:38094: gcc -o conftest -g -O2  -Wuninitialized -I/home/bloink/Work/unnamedlinuxdistro/fs/include  conftest.c  >&5
configure:38094: $? = 0
configure:38106: result: yes
configure:38074: checking whether C compiler handles -Wunknown-pragmas
configure:38094: gcc -o conftest -g -O2  -Wunknown-pragmas -I/home/bloink/Work/unnamedlinuxdistro/fs/include  conftest.c  >&5
configure:38094: $? = 0
configure:38106: result: yes
configure:38074: checking whether C compiler handles -Wunsafe-loop-optimizations
configure:38094: gcc -o conftest -g -O2  -Wunsafe-loop-optimizations -I/home/bloink/Work/unnamedlinuxdistro/fs/include  conftest.c  >&5
configure:38094: $? = 0
configure:38106: result: yes
configure:38074: checking whether C compiler handles -Wunused-macros
configure:38094: gcc -o conftest -g -O2  -Wunused-macros -I/home/bloink/Work/unnamedlinuxdistro/fs/include  conftest.c  >&5
conftest.c:22:9: warning: macro 'HAVE_GETOPT_H' is not used [-Wunused-macros]
   22 | #define HAVE_GETOPT_H 1
      |         ^~~~~~~~~~~~~
conftest.c:52:9: warning: macro 'HAVE_ALLOCA' is not used [-Wunused-macros]
   52 | #define HAVE_ALLOCA 1
      |         ^~~~~~~~~~~
conftest.c:101:9: warning: macro 'HAVE_DECL_PROGRAM_INVOCATION_NAME' is not used [-Wunused-macros]
  101 | #define HAVE_DECL_PROGRAM_INVOCATION_NAME 1
      |         ^~~~~~~~~~~~~~~~~~~~~~~~~~~~~~~~~
conftest.c:102:9: warning: macro 'HAVE_DECL_PROGRAM_INVOCATION_NAME' is not used [-Wunused-macros]
  102 | #define HAVE_DECL_PROGRAM_INVOCATION_NAME 1
      |         ^~~~~~~~~~~~~~~~~~~~~~~~~~~~~~~~~
conftest.c:103:9: warning: macro 'HAVE_DECL_PROGRAM_INVOCATION_SHORT_NAME' is not used [-Wunused-macros]
  103 | #define HAVE_DECL_PROGRAM_INVOCATION_SHORT_NAME 1
      |         ^~~~~~~~~~~~~~~~~~~~~~~~~~~~~~~~~~~~~~~
conftest.c:86:9: warning: macro 'HAVE_C_BOOL' is not used [-Wunused-macros]
   86 | #define HAVE_C_BOOL 1
      |         ^~~~~~~~~~~
conftest.c:107:9: warning: macro 'HAVE_INLINE' is not used [-Wunused-macros]
  107 | #define HAVE_INLINE 1
      |         ^~~~~~~~~~~
conftest.c:67:9: warning: macro 'MUSL_LIBC' is not used [-Wunused-macros]
   67 | #define MUSL_LIBC 1
      |         ^~~~~~~~~
conftest.c:12:9: warning: macro 'HAVE_STRING_H' is not used [-Wunused-macros]
   12 | #define HAVE_STRING_H 1
      |         ^~~~~~~~~~~~~
conftest.c:46:9: warning: macro '__EXTENSIONS__' is not used [-Wunused-macros]
   46 | #define __EXTENSIONS__ 1
      |         ^~~~~~~~~~~~~~
conftest.c:133:9: warning: macro 'GNULIB_TEST_PUTC' is not used [-Wunused-macros]
  133 | #define GNULIB_TEST_PUTC 1
      |         ^~~~~~~~~~~~~~~~
conftest.c:42:9: warning: macro '__STDC_WANT_IEC_60559_TYPES_EXT__' is not used [-Wunused-macros]
   42 | #define __STDC_WANT_IEC_60559_TYPES_EXT__ 1
      |         ^~~~~~~~~~~~~~~~~~~~~~~~~~~~~~~~~
conftest.c:61:9: warning: macro 'restrict' is not used [-Wunused-macros]
   61 | #define restrict __restrict__
      |         ^~~~~~~~
conftest.c:31:9: warning: macro '_DARWIN_C_SOURCE' is not used [-Wunused-macros]
   31 | #define _DARWIN_C_SOURCE 1
      |         ^~~~~~~~~~~~~~~~
conftest.c:41:9: warning: macro '__STDC_WANT_IEC_60559_FUNCS_EXT__' is not used [-Wunused-macros]
   41 | #define __STDC_WANT_IEC_60559_FUNCS_EXT__ 1
      |         ^~~~~~~~~~~~~~~~~~~~~~~~~~~~~~~~~
conftest.c:164:9: warning: macro 'HAVE_DCGETTEXT' is not used [-Wunused-macros]
  164 | #define HAVE_DCGETTEXT 1
      |         ^~~~~~~~~~~~~~
conftest.c:150:9: warning: macro 'HAVE_C_BOOL' is not used [-Wunused-macros]
  150 | #define HAVE_C_BOOL 1
      |         ^~~~~~~~~~~
conftest.c:137:9: warning: macro 'GNULIB_TEST_FWRITE' is not used [-Wunused-macros]
  137 | #define GNULIB_TEST_FWRITE 1
      |         ^~~~~~~~~~~~~~~~~~
conftest.c:132:9: warning: macro 'GNULIB_TEST_FPUTC' is not used [-Wunused-macros]
  132 | #define GNULIB_TEST_FPUTC 1
      |         ^~~~~~~~~~~~~~~~~
conftest.c:135:9: warning: macro 'GNULIB_TEST_FPUTS' is not used [-Wunused-macros]
  135 | #define GNULIB_TEST_FPUTS 1
      |         ^~~~~~~~~~~~~~~~~
conftest.c:72:9: warning: macro 'HAVE_WINT_T' is not used [-Wunused-macros]
   72 | #define HAVE_WINT_T 1
      |         ^~~~~~~~~~~
conftest.c:105:9: warning: macro 'GNULIB_TEST_GETPROGNAME' is not used [-Wunused-macros]
  105 | #define GNULIB_TEST_GETPROGNAME 1
      |         ^~~~~~~~~~~~~~~~~~~~~~~
conftest.c:142:9: warning: macro 'HAVE_STRVERSCMP' is not used [-Wunused-macros]
  142 | #define HAVE_STRVERSCMP 1
      |         ^~~~~~~~~~~~~~~
conftest.c:158:9: warning: macro 'GNULIB_UNISTR_U8_MBTOUCR' is not used [-Wunused-macros]
  158 | #define GNULIB_UNISTR_U8_MBTOUCR 1
      |         ^~~~~~~~~~~~~~~~~~~~~~~~
conftest.c:96:9: warning: macro 'GNULIB_TEST_GETDTABLESIZE' is not used [-Wunused-macros]
   96 | #define GNULIB_TEST_GETDTABLESIZE 1
      |         ^~~~~~~~~~~~~~~~~~~~~~~~~
conftest.c:75:9: warning: macro 'HAVE_DECL_FCLOSEALL' is not used [-Wunused-macros]
   75 | #define HAVE_DECL_FCLOSEALL 0
      |         ^~~~~~~~~~~~~~~~~~~
conftest.c:122:9: warning: macro 'GNULIB_SCANF' is not used [-Wunused-macros]
  122 | #define GNULIB_SCANF 1
      |         ^~~~~~~~~~~~
conftest.c:45:9: warning: macro '_TANDEM_SOURCE' is not used [-Wunused-macros]
   45 | #define _TANDEM_SOURCE 1
      |         ^~~~~~~~~~~~~~
conftest.c:39:9: warning: macro '__STDC_WANT_IEC_60559_DFP_EXT__' is not used [-Wunused-macros]
   39 | #define __STDC_WANT_IEC_60559_DFP_EXT__ 1
      |         ^~~~~~~~~~~~~~~~~~~~~~~~~~~~~~~
conftest.c:163:9: warning: macro 'HAVE_GETTEXT' is not used [-Wunused-macros]
  163 | #define HAVE_GETTEXT 1
      |         ^~~~~~~~~~~~
conftest.c:129:9: warning: macro 'GNULIB_TEST_PRINTF' is not used [-Wunused-macros]
  129 | #define GNULIB_TEST_PRINTF 1
      |         ^~~~~~~~~~~~~~~~~~
conftest.c:87:9: warning: macro 'GNULIB_TEST_CLOEXEC' is not used [-Wunused-macros]
   87 | #define GNULIB_TEST_CLOEXEC 1
      |         ^~~~~~~~~~~~~~~~~~~
conftest.c:100:9: warning: macro 'GNULIB_TEST_GETOPT_POSIX' is not used [-Wunused-macros]
  100 | #define GNULIB_TEST_GETOPT_POSIX 1
      |         ^~~~~~~~~~~~~~~~~~~~~~~~
conftest.c:5:9: warning: macro 'PACKAGE_STRING' is not used [-Wunused-macros]
    5 | #define PACKAGE_STRING "Libidn2 2.3.8"
      |         ^~~~~~~~~~~~~~
conftest.c:14:9: warning: macro 'HAVE_STDINT_H' is not used [-Wunused-macros]
   14 | #define HAVE_STDINT_H 1
      |         ^~~~~~~~~~~~~
conftest.c:13:9: warning: macro 'HAVE_INTTYPES_H' is not used [-Wunused-macros]
   13 | #define HAVE_INTTYPES_H 1
      |         ^~~~~~~~~~~~~~~
conftest.c:111:9: warning: macro 'GNULIB_TEST_OPEN' is not used [-Wunused-macros]
  111 | #define GNULIB_TEST_OPEN 1
      |         ^~~~~~~~~~~~~~~~
conftest.c:160:9: warning: macro 'GNULIB_NO_VLA' is not used [-Wunused-macros]
  160 | #define GNULIB_NO_VLA 1
      |         ^~~~~~~~~~~~~
conftest.c:3:9: warning: macro 'PACKAGE_TARNAME' is not used [-Wunused-macros]
    3 | #define PACKAGE_TARNAME "libidn2"
      |         ^~~~~~~~~~~~~~~
conftest.c:83:9: warning: macro 'HAVE_DECL_EXECVPE' is not used [-Wunused-macros]
   83 | #define HAVE_DECL_EXECVPE 1
      |         ^~~~~~~~~~~~~~~~~
conftest.c:62:9: warning: macro 'HAVE_DECL_GETDELIM' is not used [-Wunused-macros]
   62 | #define HAVE_DECL_GETDELIM 1
      |         ^~~~~~~~~~~~~~~~~~
conftest.c:136:9: warning: macro 'GNULIB_TEST_PUTS' is not used [-Wunused-macros]
  136 | #define GNULIB_TEST_PUTS 1
      |         ^~~~~~~~~~~~~~~~
conftest.c:114:9: warning: macro 'GNULIB_TEST_RAWMEMCHR' is not used [-Wunused-macros]
  114 | #define GNULIB_TEST_RAWMEMCHR 1
      |         ^~~~~~~~~~~~~~~~~~~~~
conftest.c:88:9: warning: macro 'GNULIB_TEST_CLOSE' is not used [-Wunused-macros]
   88 | #define GNULIB_TEST_CLOSE 1
      |         ^~~~~~~~~~~~~~~~~
conftest.c:35:9: warning: macro '_OPENBSD_SOURCE' is not used [-Wunused-macros]
   35 | #define _OPENBSD_SOURCE 1
      |         ^~~~~~~~~~~~~~~
conftest.c:162:9: warning: macro 'ENABLE_NLS' is not used [-Wunused-macros]
  162 | #define ENABLE_NLS 1
      |         ^~~~~~~~~~
conftest.c:11:9: warning: macro 'HAVE_STDLIB_H' is not used [-Wunused-macros]
   11 | #define HAVE_STDLIB_H 1
      |         ^~~~~~~~~~~~~
conftest.c:69:9: warning: macro 'HAVE_MALLOC_POSIX' is not used [-Wunused-macros]
   69 | #define HAVE_MALLOC_POSIX 1
      |         ^~~~~~~~~~~~~~~~~
conftest.c:17:9: warning: macro 'HAVE_SYS_TYPES_H' is not used [-Wunused-macros]
   17 | #define HAVE_SYS_TYPES_H 1
      |         ^~~~~~~~~~~~~~~~
conftest.c:21:9: warning: macro 'HAVE_SYS_SOCKET_H' is not used [-Wunused-macros]
   21 | #define HAVE_SYS_SOCKET_H 1
      |         ^~~~~~~~~~~~~~~~~
conftest.c:95:9: warning: macro 'GNULIB_TEST_GETDELIM' is not used [-Wunused-macros]
   95 | #define GNULIB_TEST_GETDELIM 1
      |         ^~~~~~~~~~~~~~~~~~~~
conftest.c:85:9: warning: macro 'HAVE_C_STATIC_ASSERT' is not used [-Wunused-macros]
   85 | #define HAVE_C_STATIC_ASSERT 1
      |         ^~~~~~~~~~~~~~~~~~~~
conftest.c:106:9: warning: macro 'GNULIB_LOCALEDIR' is not used [-Wunused-macros]
  106 | #define GNULIB_LOCALEDIR "/home/bloink/Work/unnamedlinuxdistro/fs/share/locale"
      |         ^~~~~~~~~~~~~~~~
conftest.c:55:9: warning: macro 'HAVE_GETDTABLESIZE' is not used [-Wunused-macros]
   55 | #define HAVE_GETDTABLESIZE 1
      |         ^~~~~~~~~~~~~~~~~~
conftest.c:68:9: warning: macro 'HAVE_MALLOC_PTRDIFF' is not used [-Wunused-macros]
   68 | #define HAVE_MALLOC_PTRDIFF 1
      |         ^~~~~~~~~~~~~~~~~~~
conftest.c:93:9: warning: macro 'GNULIB_FSTAT' is not used [-Wunused-macros]
   93 | #define GNULIB_FSTAT 1
      |         ^~~~~~~~~~~~
conftest.c:6:9: warning: macro 'PACKAGE_BUGREPORT' is not used [-Wunused-macros]
    6 | #define PACKAGE_BUGREPORT "help-libidn@gnu.org"
      |         ^~~~~~~~~~~~~~~~~
conftest.c:125:9: warning: macro 'GNULIB_TEST_GETCHAR' is not used [-Wunused-macros]
  125 | #define GNULIB_TEST_GETCHAR 1
      |         ^~~~~~~~~~~~~~~~~~~
conftest.c:127:9: warning: macro 'GNULIB_TEST_FREAD' is not used [-Wunused-macros]
  127 | #define GNULIB_TEST_FREAD 1
      |         ^~~~~~~~~~~~~~~~~
conftest.c:97:9: warning: macro 'HAVE_GETLINE' is not used [-Wunused-macros]
   97 | #define HAVE_GETLINE 1
      |         ^~~~~~~~~~~~
conftest.c:112:9: warning: macro 'HAVE_DECL_PROGRAM_INVOCATION_NAME' is not used [-Wunused-macros]
  112 | #define HAVE_DECL_PROGRAM_INVOCATION_NAME 1
      |         ^~~~~~~~~~~~~~~~~~~~~~~~~~~~~~~~~
conftest.c:81:9: warning: macro 'HAVE_DECL_GCVT' is not used [-Wunused-macros]
   81 | #define HAVE_DECL_GCVT 1
      |         ^~~~~~~~~~~~~~
conftest.c:131:9: warning: macro 'GNULIB_TEST_VPRINTF' is not used [-Wunused-macros]
  131 | #define GNULIB_TEST_VPRINTF 1
      |         ^~~~~~~~~~~~~~~~~~~
conftest.c:20:9: warning: macro 'HAVE_STDBOOL_H' is not used [-Wunused-macros]
   20 | #define HAVE_STDBOOL_H 1
      |         ^~~~~~~~~~~~~~
conftest.c:119:9: warning: macro 'GNULIB_TEST_FSCANF' is not used [-Wunused-macros]
  119 | #define GNULIB_TEST_FSCANF 1
      |         ^~~~~~~~~~~~~~~~~~
conftest.c:60:9: warning: macro 'HAVE_WORKING_O_NOFOLLOW' is not used [-Wunused-macros]
   60 | #define HAVE_WORKING_O_NOFOLLOW 1
      |         ^~~~~~~~~~~~~~~~~~~~~~~
conftest.c:118:9: warning: macro 'TYPEOF_STRUCT_STAT_ST_ATIM_IS_STRUCT_TIMESPEC' is not used [-Wunused-macros]
  118 | #define TYPEOF_STRUCT_STAT_ST_ATIM_IS_STRUCT_TIMESPEC 1
      |         ^~~~~~~~~~~~~~~~~~~~~~~~~~~~~~~~~~~~~~~~~~~~~
conftest.c:124:9: warning: macro 'GNULIB_TEST_GETC' is not used [-Wunused-macros]
  124 | #define GNULIB_TEST_GETC 1
      |         ^~~~~~~~~~~~~~~~
conftest.c:120:9: warning: macro 'GNULIB_FSCANF' is not used [-Wunused-macros]
  120 | #define GNULIB_FSCANF 1
      |         ^~~~~~~~~~~~~
conftest.c:18:9: warning: macro 'HAVE_UNISTD_H' is not used [-Wunused-macros]
   18 | #define HAVE_UNISTD_H 1
      |         ^~~~~~~~~~~~~
conftest.c:36:9: warning: macro '_POSIX_PTHREAD_SEMANTICS' is not used [-Wunused-macros]
   36 | #define _POSIX_PTHREAD_SEMANTICS 1
      |         ^~~~~~~~~~~~~~~~~~~~~~~~
conftest.c:43:9: warning: macro '__STDC_WANT_LIB_EXT2__' is not used [-Wunused-macros]
   43 | #define __STDC_WANT_LIB_EXT2__ 1
      |         ^~~~~~~~~~~~~~~~~~~~~~
conftest.c:56:9: warning: macro 'HAVE_LSTAT' is not used [-Wunused-macros]
   56 | #define HAVE_LSTAT 1
      |         ^~~~~~~~~~
conftest.c:146:9: warning: macro 'ICONV_CONST' is not used [-Wunused-macros]
  146 | #define ICONV_CONST
      |         ^~~~~~~~~~~
conftest.c:94:9: warning: macro 'HAVE_GETDELIM' is not used [-Wunused-macros]
   94 | #define HAVE_GETDELIM 1
      |         ^~~~~~~~~~~~~
conftest.c:123:9: warning: macro 'GNULIB_TEST_FGETC' is not used [-Wunused-macros]
  123 | #define GNULIB_TEST_FGETC 1
      |         ^~~~~~~~~~~~~~~~~
conftest.c:126:9: warning: macro 'GNULIB_TEST_FGETS' is not used [-Wunused-macros]
  126 | #define GNULIB_TEST_FGETS 1
      |         ^~~~~~~~~~~~~~~~~
conftest.c:108:9: warning: macro 'HAVE_VISIBILITY' is not used [-Wunused-macros]
  108 | #define HAVE_VISIBILITY 1
      |         ^~~~~~~~~~~~~~~
conftest.c:10:9: warning: macro 'HAVE_STDIO_H' is not used [-Wunused-macros]
   10 | #define HAVE_STDIO_H 1
      |         ^~~~~~~~~~~~
conftest.c:141:9: warning: macro 'GNULIB_TEST_STRERROR' is not used [-Wunused-macros]
  141 | #define GNULIB_TEST_STRERROR 1
      |         ^~~~~~~~~~~~~~~~~~~~
conftest.c:26:9: warning: macro 'HAVE_STDCKDINT_H' is not used [-Wunused-macros]
   26 | #define HAVE_STDCKDINT_H 1
      |         ^~~~~~~~~~~~~~~~
conftest.c:98:9: warning: macro 'GNULIB_TEST_GETLINE' is not used [-Wunused-macros]
   98 | #define GNULIB_TEST_GETLINE 1
      |         ^~~~~~~~~~~~~~~~~~~
conftest.c:64:9: warning: macro 'HAVE_DECL_GETLINE' is not used [-Wunused-macros]
   64 | #define HAVE_DECL_GETLINE 1
      |         ^~~~~~~~~~~~~~~~~
conftest.c:37:9: warning: macro '__STDC_WANT_IEC_60559_ATTRIBS_EXT__' is not used [-Wunused-macros]
   37 | #define __STDC_WANT_IEC_60559_ATTRIBS_EXT__ 1
      |         ^~~~~~~~~~~~~~~~~~~~~~~~~~~~~~~~~~~
conftest.c:77:9: warning: macro 'HAVE_DECL_PUTW' is not used [-Wunused-macros]
   77 | #define HAVE_DECL_PUTW 1
      |         ^~~~~~~~~~~~~~
conftest.c:15:9: warning: macro 'HAVE_STRINGS_H' is not used [-Wunused-macros]
   15 | #define HAVE_STRINGS_H 1
      |         ^~~~~~~~~~~~~~
conftest.c:143:9: warning: macro 'GNULIB_TEST_STRVERSCMP' is not used [-Wunused-macros]
  143 | #define GNULIB_TEST_STRVERSCMP 1
      |         ^~~~~~~~~~~~~~~~~~~~~~
conftest.c:128:9: warning: macro 'GNULIB_TEST_FPRINTF' is not used [-Wunused-macros]
  128 | #define GNULIB_TEST_FPRINTF 1
      |         ^~~~~~~~~~~~~~~~~~~
conftest.c:84:9: warning: macro 'HAVE_ALLOCA' is not used [-Wunused-macros]
   84 | #define HAVE_ALLOCA 1
      |         ^~~~~~~~~~~
conftest.c:70:9: warning: macro 'HAVE_MALLOC_0_NONNULL' is not used [-Wunused-macros]
   70 | #define HAVE_MALLOC_0_NONNULL 1
      |         ^~~~~~~~~~~~~~~~~~~~~
conftest.c:140:9: warning: macro 'GNULIB_STRERROR' is not used [-Wunused-macros]
  140 | #define GNULIB_STRERROR 1
      |         ^~~~~~~~~~~~~~~
conftest.c:16:9: warning: macro 'HAVE_SYS_STAT_H' is not used [-Wunused-macros]
   16 | #define HAVE_SYS_STAT_H 1
      |         ^~~~~~~~~~~~~~~
conftest.c:29:9: warning: macro 'STDC_HEADERS' is not used [-Wunused-macros]
   29 | #define STDC_HEADERS 1
      |         ^~~~~~~~~~~~
conftest.c:152:9: warning: macro 'HAVE_INLINE' is not used [-Wunused-macros]
  152 | #define HAVE_INLINE 1
      |         ^~~~~~~~~~~
conftest.c:78:9: warning: macro 'HAVE_LANGINFO_CODESET' is not used [-Wunused-macros]
   78 | #define HAVE_LANGINFO_CODESET 1
      |         ^~~~~~~~~~~~~~~~~~~~~
conftest.c:99:9: warning: macro '__GETOPT_PREFIX' is not used [-Wunused-macros]
   99 | #define __GETOPT_PREFIX rpl_
      |         ^~~~~~~~~~~~~~~
conftest.c:2:9: warning: macro 'PACKAGE_NAME' is not used [-Wunused-macros]
    2 | #define PACKAGE_NAME "Libidn2"
      |         ^~~~~~~~~~~~
conftest.c:91:9: warning: macro 'GNULIB_TEST_FCNTL' is not used [-Wunused-macros]
   91 | #define GNULIB_TEST_FCNTL 1
      |         ^~~~~~~~~~~~~~~~~
conftest.c:53:9: warning: macro 'HAVE_FCNTL' is not used [-Wunused-macros]
   53 | #define HAVE_FCNTL 1
      |         ^~~~~~~~~~
conftest.c:44:9: warning: macro '__STDC_WANT_MATH_SPEC_FUNCS__' is not used [-Wunused-macros]
   44 | #define __STDC_WANT_MATH_SPEC_FUNCS__ 1
      |         ^~~~~~~~~~~~~~~~~~~~~~~~~~~~~
conftest.c:145:9: warning: macro 'HAVE_ICONV' is not used [-Wunused-macros]
  145 | #define HAVE_ICONV 1
      |         ^~~~~~~~~~
conftest.c:159:9: warning: macro 'GNULIB_UNISTR_U8_UCTOMB' is not used [-Wunused-macros]
  159 | #define GNULIB_UNISTR_U8_UCTOMB 1
      |         ^~~~~~~~~~~~~~~~~~~~~~~
conftest.c:25:9: warning: macro 'HAVE_SYS_TIME_H' is not used [-Wunused-macros]
   25 | #define HAVE_SYS_TIME_H 1
      |         ^~~~~~~~~~~~~~~
conftest.c:63:9: warning: macro 'HAVE_DECL_GETDTABLESIZE' is not used [-Wunused-macros]
   63 | #define HAVE_DECL_GETDTABLESIZE 1
      |         ^~~~~~~~~~~~~~~~~~~~~~~
conftest.c:59:9: warning: macro 'HAVE_WORKING_O_NOATIME' is not used [-Wunused-macros]
   59 | #define HAVE_WORKING_O_NOATIME 1
      |         ^~~~~~~~~~~~~~~~~~~~~~
conftest.c:38:9: warning: macro '__STDC_WANT_IEC_60559_BFP_EXT__' is not used [-Wunused-macros]
   38 | #define __STDC_WANT_IEC_60559_BFP_EXT__ 1
      |         ^~~~~~~~~~~~~~~~~~~~~~~~~~~~~~~
conftest.c:8:9: warning: macro 'PACKAGE' is not used [-Wunused-macros]
    8 | #define PACKAGE "libidn2"
      |         ^~~~~~~
conftest.c:4:9: warning: macro 'PACKAGE_VERSION' is not used [-Wunused-macros]
    4 | #define PACKAGE_VERSION "2.3.8"
      |         ^~~~~~~~~~~~~~~
conftest.c:130:9: warning: macro 'GNULIB_TEST_VFPRINTF' is not used [-Wunused-macros]
  130 | #define GNULIB_TEST_VFPRINTF 1
      |         ^~~~~~~~~~~~~~~~~~~~
conftest.c:33:9: warning: macro '_HPUX_ALT_XOPEN_SOCKET_API' is not used [-Wunused-macros]
   33 | #define _HPUX_ALT_XOPEN_SOCKET_API 1
      |         ^~~~~~~~~~~~~~~~~~~~~~~~~~
conftest.c:79:9: warning: macro 'HAVE_DECL_ECVT' is not used [-Wunused-macros]
   79 | #define HAVE_DECL_ECVT 1
      |         ^~~~~~~~~~~~~~
conftest.c:50:9: warning: macro 'LT_OBJDIR' is not used [-Wunused-macros]
   50 | #define LT_OBJDIR ".libs/"
      |         ^~~~~~~~~
conftest.c:54:9: warning: macro 'HAVE_SYMLINK' is not used [-Wunused-macros]
   54 | #define HAVE_SYMLINK 1
      |         ^~~~~~~~~~~~
conftest.c:155:9: warning: macro 'GNULIB_UNISTR_U32_UCTOMB' is not used [-Wunused-macros]
  155 | #define GNULIB_UNISTR_U32_UCTOMB 1
      |         ^~~~~~~~~~~~~~~~~~~~~~~~
conftest.c:90:9: warning: macro 'GNULIB_TEST_DUP2' is not used [-Wunused-macros]
   90 | #define GNULIB_TEST_DUP2 1
      |         ^~~~~~~~~~~~~~~~
conftest.c:110:9: warning: macro 'GNULIB_MSVC_NOTHROW' is not used [-Wunused-macros]
  110 | #define GNULIB_MSVC_NOTHROW 1
      |         ^~~~~~~~~~~~~~~~~~~
conftest.c:157:9: warning: macro 'GNULIB_UNISTR_U8_MBTOUC_UNSAFE' is not used [-Wunused-macros]
  157 | #define GNULIB_UNISTR_U8_MBTOUC_UNSAFE 1
      |         ^~~~~~~~~~~~~~~~~~~~~~~~~~~~~~
conftest.c:109:9: warning: macro 'HAVE___INLINE' is not used [-Wunused-macros]
  109 | #define HAVE___INLINE 1
      |         ^~~~~~~~~~~~~
conftest.c:115:9: warning: macro 'GNULIB_TEST_STAT' is not used [-Wunused-macros]
  115 | #define GNULIB_TEST_STAT 1
      |         ^~~~~~~~~~~~~~~~
conftest.c:71:9: warning: macro 'PROMOTED_MODE_T' is not used [-Wunused-macros]
   71 | #define PROMOTED_MODE_T mode_t
      |         ^~~~~~~~~~~~~~~
conftest.c:82:9: warning: macro '_USE_STD_STAT' is not used [-Wunused-macros]
   82 | #define _USE_STD_STAT 1
      |         ^~~~~~~~~~~~~
conftest.c:139:9: warning: macro 'GNULIB_TEST_STRCHRNUL' is not used [-Wunused-macros]
  139 | #define GNULIB_TEST_STRCHRNUL 1
      |         ^~~~~~~~~~~~~~~~~~~~~
conftest.c:89:9: warning: macro 'GNULIB_CLOSE' is not used [-Wunused-macros]
   89 | #define GNULIB_CLOSE 1
      |         ^~~~~~~~~~~~
conftest.c:161:9: warning: macro 'HAVE_SYMVER_ALIAS_SUPPORT' is not used [-Wunused-macros]
  161 | #define HAVE_SYMVER_ALIAS_SUPPORT 1
      |         ^~~~~~~~~~~~~~~~~~~~~~~~~
conftest.c:113:9: warning: macro 'HAVE_DECL_PROGRAM_INVOCATION_SHORT_NAME' is not used [-Wunused-macros]
  113 | #define HAVE_DECL_PROGRAM_INVOCATION_SHORT_NAME 1
      |         ^~~~~~~~~~~~~~~~~~~~~~~~~~~~~~~~~~~~~~~
conftest.c:24:9: warning: macro 'HAVE_SYS_PARAM_H' is not used [-Wunused-macros]
   24 | #define HAVE_SYS_PARAM_H 1
      |         ^~~~~~~~~~~~~~~~
conftest.c:51:9: warning: macro 'HAVE_ALLOCA_H' is not used [-Wunused-macros]
   51 | #define HAVE_ALLOCA_H 1
      |         ^~~~~~~~~~~~~
conftest.c:58:9: warning: macro 'HAVE_STRERROR_R' is not used [-Wunused-macros]
   58 | #define HAVE_STRERROR_R 1
      |         ^~~~~~~~~~~~~~~
conftest.c:116:9: warning: macro 'GNULIB_STAT' is not used [-Wunused-macros]
  116 | #define GNULIB_STAT 1
      |         ^~~~~~~~~~~
conftest.c:149:9: warning: macro 'HAVE_DECL_WCSDUP' is not used [-Wunused-macros]
  149 | #define HAVE_DECL_WCSDUP 1
      |         ^~~~~~~~~~~~~~~~
conftest.c:92:9: warning: macro 'GNULIB_TEST_FSTAT' is not used [-Wunused-macros]
   92 | #define GNULIB_TEST_FSTAT 1
      |         ^~~~~~~~~~~~~~~~~
conftest.c:49:9: warning: macro 'HAVE_DLFCN_H' is not used [-Wunused-macros]
   49 | #define HAVE_DLFCN_H 1
      |         ^~~~~~~~~~~~
conftest.c:148:9: warning: macro 'HAVE_UNISTRING_WOE32DLL_H' is not used [-Wunused-macros]
  148 | #define HAVE_UNISTRING_WOE32DLL_H 1
      |         ^~~~~~~~~~~~~~~~~~~~~~~~~
conftest.c:147:9: warning: macro 'HAVE_LIBUNISTRING' is not used [-Wunused-macros]
  147 | #define HAVE_LIBUNISTRING 1
      |         ^~~~~~~~~~~~~~~~~
conftest.c:57:9: warning: macro 'HAVE_DECL_STRERROR_R' is not used [-Wunused-macros]
   57 | #define HAVE_DECL_STRERROR_R 1
      |         ^~~~~~~~~~~~~~~~~~~~
conftest.c:23:9: warning: macro 'HAVE_LIMITS_H' is not used [-Wunused-macros]
   23 | #define HAVE_LIMITS_H 1
      |         ^~~~~~~~~~~~~
conftest.c:27:9: warning: macro 'HAVE_ICONV_H' is not used [-Wunused-macros]
   27 | #define HAVE_ICONV_H 1
      |         ^~~~~~~~~~~~
conftest.c:47:9: warning: macro '_LINUX_SOURCE_COMPAT' is not used [-Wunused-macros]
   47 | #define _LINUX_SOURCE_COMPAT 1
      |         ^~~~~~~~~~~~~~~~~~~~
conftest.c:144:9: warning: macro 'HAVE_C_VARARRAYS' is not used [-Wunused-macros]
  144 | #define HAVE_C_VARARRAYS 1
      |         ^~~~~~~~~~~~~~~~
conftest.c:28:9: warning: macro 'HAVE_FEATURES_H' is not used [-Wunused-macros]
   28 | #define HAVE_FEATURES_H 1
      |         ^~~~~~~~~~~~~~~
conftest.c:104:9: warning: macro 'HAVE_DECL___ARGV' is not used [-Wunused-macros]
  104 | #define HAVE_DECL___ARGV 0
      |         ^~~~~~~~~~~~~~~~
conftest.c:65:9: warning: macro 'HAVE_GETOPT_H' is not used [-Wunused-macros]
   65 | #define HAVE_GETOPT_H 1
      |         ^~~~~~~~~~~~~
conftest.c:80:9: warning: macro 'HAVE_DECL_FCVT' is not used [-Wunused-macros]
   80 | #define HAVE_DECL_FCVT 1
      |         ^~~~~~~~~~~~~~
conftest.c:138:9: warning: macro 'HAVE_STRCHRNUL' is not used [-Wunused-macros]
  138 | #define HAVE_STRCHRNUL 1
      |         ^~~~~~~~~~~~~~
conftest.c:134:9: warning: macro 'GNULIB_TEST_PUTCHAR' is not used [-Wunused-macros]
  134 | #define GNULIB_TEST_PUTCHAR 1
      |         ^~~~~~~~~~~~~~~~~~~
conftest.c:76:9: warning: macro 'HAVE_DECL_GETW' is not used [-Wunused-macros]
   76 | #define HAVE_DECL_GETW 1
      |         ^~~~~~~~~~~~~~
conftest.c:66:9: warning: macro 'HAVE_GETOPT_LONG_ONLY' is not used [-Wunused-macros]
   66 | #define HAVE_GETOPT_LONG_ONLY 1
      |         ^~~~~~~~~~~~~~~~~~~~~
conftest.c:73:9: warning: macro 'HAVE_LONG_LONG_INT' is not used [-Wunused-macros]
   73 | #define HAVE_LONG_LONG_INT 1
      |         ^~~~~~~~~~~~~~~~~~
conftest.c:40:9: warning: macro '__STDC_WANT_IEC_60559_EXT__' is not used [-Wunused-macros]
   40 | #define __STDC_WANT_IEC_60559_EXT__ 1
      |         ^~~~~~~~~~~~~~~~~~~~~~~~~~~
conftest.c:74:9: warning: macro 'HAVE_UNSIGNED_LONG_LONG_INT' is not used [-Wunused-macros]
   74 | #define HAVE_UNSIGNED_LONG_LONG_INT 1
      |         ^~~~~~~~~~~~~~~~~~~~~~~~~~~
conftest.c:154:9: warning: macro 'GNULIB_UNISTR_U32_MBTOUC_UNSAFE' is not used [-Wunused-macros]
  154 | #define GNULIB_UNISTR_U32_MBTOUC_UNSAFE 1
      |         ^~~~~~~~~~~~~~~~~~~~~~~~~~~~~~~
conftest.c:117:9: warning: macro 'HAVE_STRUCT_STAT_ST_ATIM_TV_NSEC' is not used [-Wunused-macros]
  117 | #define HAVE_STRUCT_STAT_ST_ATIM_TV_NSEC 1
      |         ^~~~~~~~~~~~~~~~~~~~~~~~~~~~~~~~
conftest.c:34:9: warning: macro '_NETBSD_SOURCE' is not used [-Wunused-macros]
   34 | #define _NETBSD_SOURCE 1
      |         ^~~~~~~~~~~~~~
conftest.c:9:9: warning: macro 'VERSION' is not used [-Wunused-macros]
    9 | #define VERSION "2.3.8"
      |         ^~~~~~~
conftest.c:156:9: warning: macro 'GNULIB_UNISTR_U8_MBTOUC' is not used [-Wunused-macros]
  156 | #define GNULIB_UNISTR_U8_MBTOUC 1
      |         ^~~~~~~~~~~~~~~~~~~~~~~
conftest.c:7:9: warning: macro 'PACKAGE_URL' is not used [-Wunused-macros]
    7 | #define PACKAGE_URL "https://www.gnu.org/software/libidn/#libidn2"
      |         ^~~~~~~~~~~
conftest.c:30:9: warning: macro '_ALL_SOURCE' is not used [-Wunused-macros]
   30 | #define _ALL_SOURCE 1
      |         ^~~~~~~~~~~
conftest.c:151:9: warning: macro 'GNULIB_TEST_FREE_POSIX' is not used [-Wunused-macros]
  151 | #define GNULIB_TEST_FREE_POSIX 1
      |         ^~~~~~~~~~~~~~~~~~~~~~
conftest.c:48:9: warning: macro '__USE_MINGW_ANSI_STDIO' is not used [-Wunused-macros]
   48 | #define __USE_MINGW_ANSI_STDIO 1
      |         ^~~~~~~~~~~~~~~~~~~~~~
conftest.c:32:9: warning: macro '_GNU_SOURCE' is not used [-Wunused-macros]
   32 | #define _GNU_SOURCE 1
      |         ^~~~~~~~~~~
conftest.c:19:9: warning: macro 'HAVE_WCHAR_H' is not used [-Wunused-macros]
   19 | #define HAVE_WCHAR_H 1
      |         ^~~~~~~~~~~~
conftest.c:121:9: warning: macro 'GNULIB_TEST_SCANF' is not used [-Wunused-macros]
  121 | #define GNULIB_TEST_SCANF 1
      |         ^~~~~~~~~~~~~~~~~
conftest.c:153:9: warning: macro 'GNULIB_TEST_UNINORM_U32_NORMALIZE' is not used [-Wunused-macros]
  153 | #define GNULIB_TEST_UNINORM_U32_NORMALIZE 1
      |         ^~~~~~~~~~~~~~~~~~~~~~~~~~~~~~~~~
configure:38094: $? = 0
configure:38106: result: yes
configure:38074: checking whether C compiler handles -Wvariadic-macros
configure:38094: gcc -o conftest -g -O2  -Wvariadic-macros -I/home/bloink/Work/unnamedlinuxdistro/fs/include  conftest.c  >&5
configure:38094: $? = 0
configure:38106: result: yes
configure:38074: checking whether C compiler handles -Wvector-operation-performance
configure:38094: gcc -o conftest -g -O2  -Wvector-operation-performance -I/home/bloink/Work/unnamedlinuxdistro/fs/include  conftest.c  >&5
configure:38094: $? = 0
configure:38106: result: yes
configure:38074: checking whether C compiler handles -Wvla
configure:38094: gcc -o conftest -g -O2  -Wvla -I/home/bloink/Work/unnamedlinuxdistro/fs/include  conftest.c  >&5
configure:38094: $? = 0
configure:38106: result: yes
configure:38074: checking whether C compiler handles -Wwrite-strings
configure:38094: gcc -o conftest -g -O2  -Wwrite-strings -I/home/bloink/Work/unnamedlinuxdistro/fs/include  conftest.c  >&5
configure:38094: $? = 0
configure:38106: result: yes
configure:38074: checking whether C compiler handles -Warray-bounds=2
configure:38094: gcc -o conftest -g -O2  -Warray-bounds=2 -I/home/bloink/Work/unnamedlinuxdistro/fs/include  conftest.c  >&5
configure:38094: $? = 0
configure:38106: result: yes
configure:38074: checking whether C compiler handles -Wattribute-alias=2
configure:38094: gcc -o conftest -g -O2  -Wattribute-alias=2 -I/home/bloink/Work/unnamedlinuxdistro/fs/include  conftest.c  >&5
configure:38094: $? = 0
configure:38106: result: yes
configure:38074: checking whether C compiler handles -Wbidi-chars=any,ucn
configure:38094: gcc -o conftest -g -O2  -Wbidi-chars=any,ucn -I/home/bloink/Work/unnamedlinuxdistro/fs/include  conftest.c  >&5
configure:38094: $? = 0
configure:38106: result: yes
configure:38074: checking whether C compiler handles -Wformat-overflow=2
configure:38094: gcc -o conftest -g -O2  -Wformat-overflow=2 -I/home/bloink/Work/unnamedlinuxdistro/fs/include  conftest.c  >&5
configure:38094: $? = 0
configure:38106: result: yes
configure:38074: checking whether C compiler handles -Wformat=2
configure:38094: gcc -o conftest -g -O2  -Wformat=2 -I/home/bloink/Work/unnamedlinuxdistro/fs/include  conftest.c  >&5
configure:38094: $? = 0
configure:38106: result: yes
configure:38074: checking whether C compiler handles -Wformat-truncation=2
configure:38094: gcc -o conftest -g -O2  -Wformat-truncation=2 -I/home/bloink/Work/unnamedlinuxdistro/fs/include  conftest.c  >&5
configure:38094: $? = 0
configure:38106: result: yes
configure:38074: checking whether C compiler handles -Wimplicit-fallthrough=5
configure:38094: gcc -o conftest -g -O2  -Wimplicit-fallthrough=5 -I/home/bloink/Work/unnamedlinuxdistro/fs/include  conftest.c  >&5
configure:38094: $? = 0
configure:38106: result: yes
configure:38074: checking whether C compiler handles -Wshift-overflow=2
configure:38094: gcc -o conftest -g -O2  -Wshift-overflow=2 -I/home/bloink/Work/unnamedlinuxdistro/fs/include  conftest.c  >&5
configure:38094: $? = 0
configure:38106: result: yes
configure:38074: checking whether C compiler handles -Wuse-after-free=3
configure:38094: gcc -o conftest -g -O2  -Wuse-after-free=3 -I/home/bloink/Work/unnamedlinuxdistro/fs/include  conftest.c  >&5
configure:38094: $? = 0
configure:38106: result: yes
configure:38074: checking whether C compiler handles -Wunused-const-variable=2
configure:38094: gcc -o conftest -g -O2  -Wunused-const-variable=2 -I/home/bloink/Work/unnamedlinuxdistro/fs/include  conftest.c  >&5
configure:38094: $? = 0
configure:38106: result: yes
configure:38074: checking whether C compiler handles -Wvla-larger-than=4031
configure:38094: gcc -o conftest -g -O2  -Wvla-larger-than=4031 -I/home/bloink/Work/unnamedlinuxdistro/fs/include  conftest.c  >&5
configure:38094: $? = 0
configure:38106: result: yes
configure:38074: checking whether C compiler handles -Wthread-safety
configure:38094: gcc -o conftest -g -O2  -Wthread-safety -I/home/bloink/Work/unnamedlinuxdistro/fs/include  conftest.c  >&5
gcc: error: unrecognized command-line option '-Wthread-safety'
configure:38094: $? = 1
configure: failed program was:
| /* confdefs.h */
| #define PACKAGE_NAME "Libidn2"
| #define PACKAGE_TARNAME "libidn2"
| #define PACKAGE_VERSION "2.3.8"
| #define PACKAGE_STRING "Libidn2 2.3.8"
| #define PACKAGE_BUGREPORT "help-libidn@gnu.org"
| #define PACKAGE_URL "https://www.gnu.org/software/libidn/#libidn2"
| #define PACKAGE "libidn2"
| #define VERSION "2.3.8"
| #define HAVE_STDIO_H 1
| #define HAVE_STDLIB_H 1
| #define HAVE_STRING_H 1
| #define HAVE_INTTYPES_H 1
| #define HAVE_STDINT_H 1
| #define HAVE_STRINGS_H 1
| #define HAVE_SYS_STAT_H 1
| #define HAVE_SYS_TYPES_H 1
| #define HAVE_UNISTD_H 1
| #define HAVE_WCHAR_H 1
| #define HAVE_STDBOOL_H 1
| #define HAVE_SYS_SOCKET_H 1
| #define HAVE_GETOPT_H 1
| #define HAVE_LIMITS_H 1
| #define HAVE_SYS_PARAM_H 1
| #define HAVE_SYS_TIME_H 1
| #define HAVE_STDCKDINT_H 1
| #define HAVE_ICONV_H 1
| #define HAVE_FEATURES_H 1
| #define STDC_HEADERS 1
| #define _ALL_SOURCE 1
| #define _DARWIN_C_SOURCE 1
| #define _GNU_SOURCE 1
| #define _HPUX_ALT_XOPEN_SOCKET_API 1
| #define _NETBSD_SOURCE 1
| #define _OPENBSD_SOURCE 1
| #define _POSIX_PTHREAD_SEMANTICS 1
| #define __STDC_WANT_IEC_60559_ATTRIBS_EXT__ 1
| #define __STDC_WANT_IEC_60559_BFP_EXT__ 1
| #define __STDC_WANT_IEC_60559_DFP_EXT__ 1
| #define __STDC_WANT_IEC_60559_EXT__ 1
| #define __STDC_WANT_IEC_60559_FUNCS_EXT__ 1
| #define __STDC_WANT_IEC_60559_TYPES_EXT__ 1
| #define __STDC_WANT_LIB_EXT2__ 1
| #define __STDC_WANT_MATH_SPEC_FUNCS__ 1
| #define _TANDEM_SOURCE 1
| #define __EXTENSIONS__ 1
| #define _LINUX_SOURCE_COMPAT 1
| #define __USE_MINGW_ANSI_STDIO 1
| #define HAVE_DLFCN_H 1
| #define LT_OBJDIR ".libs/"
| #define HAVE_ALLOCA_H 1
| #define HAVE_ALLOCA 1
| #define HAVE_FCNTL 1
| #define HAVE_SYMLINK 1
| #define HAVE_GETDTABLESIZE 1
| #define HAVE_LSTAT 1
| #define HAVE_DECL_STRERROR_R 1
| #define HAVE_STRERROR_R 1
| #define HAVE_WORKING_O_NOATIME 1
| #define HAVE_WORKING_O_NOFOLLOW 1
| #define restrict __restrict__
| #define HAVE_DECL_GETDELIM 1
| #define HAVE_DECL_GETDTABLESIZE 1
| #define HAVE_DECL_GETLINE 1
| #define HAVE_GETOPT_H 1
| #define HAVE_GETOPT_LONG_ONLY 1
| #define MUSL_LIBC 1
| #define HAVE_MALLOC_PTRDIFF 1
| #define HAVE_MALLOC_POSIX 1
| #define HAVE_MALLOC_0_NONNULL 1
| #define PROMOTED_MODE_T mode_t
| #define HAVE_WINT_T 1
| #define HAVE_LONG_LONG_INT 1
| #define HAVE_UNSIGNED_LONG_LONG_INT 1
| #define HAVE_DECL_FCLOSEALL 0
| #define HAVE_DECL_GETW 1
| #define HAVE_DECL_PUTW 1
| #define HAVE_LANGINFO_CODESET 1
| #define HAVE_DECL_ECVT 1
| #define HAVE_DECL_FCVT 1
| #define HAVE_DECL_GCVT 1
| #define _USE_STD_STAT 1
| #define HAVE_DECL_EXECVPE 1
| #define HAVE_ALLOCA 1
| #define HAVE_C_STATIC_ASSERT 1
| #define HAVE_C_BOOL 1
| #define GNULIB_TEST_CLOEXEC 1
| #define GNULIB_TEST_CLOSE 1
| #define GNULIB_CLOSE 1
| #define GNULIB_TEST_DUP2 1
| #define GNULIB_TEST_FCNTL 1
| #define GNULIB_TEST_FSTAT 1
| #define GNULIB_FSTAT 1
| #define HAVE_GETDELIM 1
| #define GNULIB_TEST_GETDELIM 1
| #define GNULIB_TEST_GETDTABLESIZE 1
| #define HAVE_GETLINE 1
| #define GNULIB_TEST_GETLINE 1
| #define __GETOPT_PREFIX rpl_
| #define GNULIB_TEST_GETOPT_POSIX 1
| #define HAVE_DECL_PROGRAM_INVOCATION_NAME 1
| #define HAVE_DECL_PROGRAM_INVOCATION_NAME 1
| #define HAVE_DECL_PROGRAM_INVOCATION_SHORT_NAME 1
| #define HAVE_DECL___ARGV 0
| #define GNULIB_TEST_GETPROGNAME 1
| #define GNULIB_LOCALEDIR "/home/bloink/Work/unnamedlinuxdistro/fs/share/locale"
| #define HAVE_INLINE 1
| #define HAVE_VISIBILITY 1
| #define HAVE___INLINE 1
| #define GNULIB_MSVC_NOTHROW 1
| #define GNULIB_TEST_OPEN 1
| #define HAVE_DECL_PROGRAM_INVOCATION_NAME 1
| #define HAVE_DECL_PROGRAM_INVOCATION_SHORT_NAME 1
| #define GNULIB_TEST_RAWMEMCHR 1
| #define GNULIB_TEST_STAT 1
| #define GNULIB_STAT 1
| #define HAVE_STRUCT_STAT_ST_ATIM_TV_NSEC 1
| #define TYPEOF_STRUCT_STAT_ST_ATIM_IS_STRUCT_TIMESPEC 1
| #define GNULIB_TEST_FSCANF 1
| #define GNULIB_FSCANF 1
| #define GNULIB_TEST_SCANF 1
| #define GNULIB_SCANF 1
| #define GNULIB_TEST_FGETC 1
| #define GNULIB_TEST_GETC 1
| #define GNULIB_TEST_GETCHAR 1
| #define GNULIB_TEST_FGETS 1
| #define GNULIB_TEST_FREAD 1
| #define GNULIB_TEST_FPRINTF 1
| #define GNULIB_TEST_PRINTF 1
| #define GNULIB_TEST_VFPRINTF 1
| #define GNULIB_TEST_VPRINTF 1
| #define GNULIB_TEST_FPUTC 1
| #define GNULIB_TEST_PUTC 1
| #define GNULIB_TEST_PUTCHAR 1
| #define GNULIB_TEST_FPUTS 1
| #define GNULIB_TEST_PUTS 1
| #define GNULIB_TEST_FWRITE 1
| #define HAVE_STRCHRNUL 1
| #define GNULIB_TEST_STRCHRNUL 1
| #define GNULIB_STRERROR 1
| #define GNULIB_TEST_STRERROR 1
| #define HAVE_STRVERSCMP 1
| #define GNULIB_TEST_STRVERSCMP 1
| #define HAVE_C_VARARRAYS 1
| #define HAVE_ICONV 1
| #define ICONV_CONST 
| #define HAVE_LIBUNISTRING 1
| #define HAVE_UNISTRING_WOE32DLL_H 1
| #define HAVE_DECL_WCSDUP 1
| #define HAVE_C_BOOL 1
| #define GNULIB_TEST_FREE_POSIX 1
| #define HAVE_INLINE 1
| #define GNULIB_TEST_UNINORM_U32_NORMALIZE 1
| #define GNULIB_UNISTR_U32_MBTOUC_UNSAFE 1
| #define GNULIB_UNISTR_U32_UCTOMB 1
| #define GNULIB_UNISTR_U8_MBTOUC 1
| #define GNULIB_UNISTR_U8_MBTOUC_UNSAFE 1
| #define GNULIB_UNISTR_U8_MBTOUCR 1
| #define GNULIB_UNISTR_U8_UCTOMB 1
| #define GNULIB_NO_VLA 1
| #define HAVE_SYMVER_ALIAS_SUPPORT 1
| #define ENABLE_NLS 1
| #define HAVE_GETTEXT 1
| #define HAVE_DCGETTEXT 1
| /* end confdefs.h.  */
| 
| int
| main (void)
| {
| 
|   ;
|   return 0;
| }
configure:38106: result: no
configure:38074: checking whether C compiler handles -Wno-analyzer-malloc-leak
configure:38094: gcc -o conftest -g -O2  -Wanalyzer-malloc-leak -I/home/bloink/Work/unnamedlinuxdistro/fs/include  conftest.c  >&5
configure:38094: $? = 0
configure:38106: result: yes
configure:38126: checking whether C compiler handles -Wno-sign-compare
configure:38146: gcc -o conftest -g -O2  -Wsign-compare -I/home/bloink/Work/unnamedlinuxdistro/fs/include  conftest.c  >&5
configure:38146: $? = 0
configure:38158: result: yes
configure:38126: checking whether C compiler handles -Wno-system-headers
configure:38146: gcc -o conftest -g -O2  -Wsystem-headers -I/home/bloink/Work/unnamedlinuxdistro/fs/include  conftest.c  >&5
configure:38146: $? = 0
configure:38158: result: yes
configure:38307: checking that generated files are newer than configure
configure:38313: result: done
configure:38508: creating ./config.status

## ---------------------- ##
## Running config.status. ##
## ---------------------- ##

This file was extended by Libidn2 config.status 2.3.8, which was
generated by GNU Autoconf 2.71.  Invocation command line was

  CONFIG_FILES    = 
  CONFIG_HEADERS  = 
  CONFIG_LINKS    = 
  CONFIG_COMMANDS = 
  $ ./config.status 

on aerynos

config.status:2727: creating doc/Makefile
config.status:2727: creating doc/reference/Makefile
config.status:2727: creating doc/reference/version.xml
config.status:2727: creating Makefile
config.status:2727: creating examples/Makefile
config.status:2727: creating lib/idn2.h
config.status:2727: creating lib/Makefile
config.status:2727: creating unistring/Makefile
config.status:2727: creating gl/Makefile
config.status:2727: creating libidn2.pc
config.status:2727: creating po/Makefile.in
config.status:2727: creating src/Makefile
config.status:2727: creating tests/Makefile
config.status:2727: creating fuzz/Makefile
config.status:2727: creating config.h
config.status:2987: executing depfiles commands
config.status:3062: cd examples       && sed -e '/# am--include-marker/d' Makefile         | make -f - am--depfiles
config.status:3069: $? = 0
config.status:3062: cd lib       && sed -e '/# am--include-marker/d' Makefile         | make -f - am--depfiles
config.status:3069: $? = 0
config.status:3062: cd unistring       && sed -e '/# am--include-marker/d' Makefile         | make -f - am--depfiles
config.status:3069: $? = 0
config.status:3062: cd gl       && sed -e '/# am--include-marker/d' Makefile         | make -f - am--depfiles
config.status:3069: $? = 0
config.status:3062: cd src       && sed -e '/# am--include-marker/d' Makefile         | make -f - am--depfiles
config.status:3069: $? = 0
config.status:3062: cd tests       && sed -e '/# am--include-marker/d' Makefile         | make -f - am--depfiles
config.status:3069: $? = 0
config.status:3062: cd fuzz       && sed -e '/# am--include-marker/d' Makefile         | make -f - am--depfiles
config.status:3069: $? = 0
config.status:2987: executing libtool commands
config.status:2987: executing po-directories commands
config.status:2987: executing version-timestamp commands
configure:40850: summary of main build options:

  Version:            2.3.8
  Libtool version     4:0:4
  DLL version:        0
  Header version:     major 2 minor 3 patch 8 number 0x02030008
  Build system:       x86_64-pc-linux-musl
  Host/Target system: x86_64-pc-linux-musl
  Install prefix:     /home/bloink/Work/unnamedlinuxdistro/fs
  Compiler:           gcc
  CFLAGS:             -g -O2
  CPPFLAGS:           -I/home/bloink/Work/unnamedlinuxdistro/fs/include
  LDFLAGS:            
  Library types:      Shared=yes, Static=no

  Warning flags:      
      WERROR_CFLAGS:  
WERROR_TESTS_CFLAGS:  
        WARN_CFLAGS:   -fanalyzer -fstrict-flex-arrays -Wall -Warith-conversion -Wcast-align=strict -Wdate-time -Wdisabled-optimization -Wdouble-promotion -Wduplicated-branches -Wduplicated-cond -Wextra -Wformat-signedness -Wflex-array-member-not-at-end -Winit-self -Winvalid-pch -Wlogical-op -Wmissing-declarations -Wmissing-include-dirs -Wmissing-prototypes -Wmissing-variable-declarations -Wnested-externs -Wnull-dereference -Wold-style-definition -Wopenmp-simd -Woverlength-strings -Wpacked -Wpointer-arith -Wshadow -Wstack-protector -Wstrict-flex-arrays -Wstrict-prototypes -Wsuggest-attribute=cold -Wsuggest-attribute=format -Wsuggest-attribute=malloc -Wsuggest-attribute=noreturn -Wsuggest-final-methods -Wsuggest-final-types -Wsync-nand -Wtrampolines -Wuninitialized -Wunknown-pragmas -Wunsafe-loop-optimizations -Wunused-macros -Wvariadic-macros -Wvector-operation-performance -Wvla -Wwrite-strings -Warray-bounds=2 -Wattribute-alias=2 -Wbidi-chars=any,ucn -Wformat-overflow=2 -Wformat=2 -Wformat-truncation=2 -Wimplicit-fallthrough=5 -Wshift-overflow=2 -Wuse-after-free=3 -Wunused-const-variable=2 -Wvla-larger-than=4031 -Wno-analyzer-malloc-leak -Wno-sign-compare -Wno-system-headers

  Documentation:      yes

  nl_langinfo:        yes
  Libiconv:           yes, in libc
         LTLIBICONV:  
  Libunistring:       yes
            VERSION:  1.4.2
     LTLIBUNISTRING:  -L/home/bloink/Work/unnamedlinuxdistro/fs/lib -lunistring -R/home/bloink/Work/unnamedlinuxdistro/fs/lib

  Version script:     yes

  Valgrind:              


## ---------------- ##
## Cache variables. ##
## ---------------- ##

ac_cv_build='x86_64-pc-linux-musl'
ac_cv_c_compiler_gnu='yes'
ac_cv_c_inline='inline'
ac_cv_c_restrict='__restrict__'
ac_cv_c_undeclared_builtin_options='none needed'
ac_cv_c_vararrays='yes'
ac_cv_env_CC_set=''
ac_cv_env_CC_value=''
ac_cv_env_CFLAGS_set=''
ac_cv_env_CFLAGS_value=''
ac_cv_env_CPPFLAGS_set=''
ac_cv_env_CPPFLAGS_value=''
ac_cv_env_CPP_set=''
ac_cv_env_CPP_value=''
ac_cv_env_GTKDOC_DEPS_CFLAGS_set=''
ac_cv_env_GTKDOC_DEPS_CFLAGS_value=''
ac_cv_env_GTKDOC_DEPS_LIBS_set=''
ac_cv_env_GTKDOC_DEPS_LIBS_value=''
ac_cv_env_LDFLAGS_set=''
ac_cv_env_LDFLAGS_value=''
ac_cv_env_LIBS_set=''
ac_cv_env_LIBS_value=''
ac_cv_env_LT_SYS_LIBRARY_PATH_set=''
ac_cv_env_LT_SYS_LIBRARY_PATH_value=''
ac_cv_env_PKG_CONFIG_set=''
ac_cv_env_PKG_CONFIG_value=''
ac_cv_env_VALGRINDFLAGS_set=''
ac_cv_env_VALGRINDFLAGS_value=''
ac_cv_env_build_alias_set=''
ac_cv_env_build_alias_value=''
ac_cv_env_host_alias_set=''
ac_cv_env_host_alias_value=''
ac_cv_env_target_alias_set=''
ac_cv_env_target_alias_value=''
ac_cv_func__set_invalid_parameter_handler='no'
ac_cv_func_alloca_works='yes'
ac_cv_func_error='no'
ac_cv_func_fcntl='yes'
ac_cv_func_getdelim='yes'
ac_cv_func_getdtablesize='yes'
ac_cv_func_getexecname='no'
ac_cv_func_getline='yes'
ac_cv_func_getopt_long_only='yes'
ac_cv_func_getprogname='no'
ac_cv_func_lstat='yes'
ac_cv_func_malloc_0_nonnull='yes'
ac_cv_func_rawmemchr='no'
ac_cv_func_strchrnul='yes'
ac_cv_func_strerror_r_char_p='no'
ac_cv_func_strverscmp='yes'
ac_cv_func_symlink='yes'
ac_cv_have_decl___argv='no'
ac_cv_have_decl_ecvt='yes'
ac_cv_have_decl_error_at_line='no'
ac_cv_have_decl_execvpe='yes'
ac_cv_have_decl_fcloseall='no'
ac_cv_have_decl_fcvt='yes'
ac_cv_have_decl_gcvt='yes'
ac_cv_have_decl_getdelim='yes'
ac_cv_have_decl_getdtablesize='yes'
ac_cv_have_decl_getline='yes'
ac_cv_have_decl_getw='yes'
ac_cv_have_decl_program_invocation_name='yes'
ac_cv_have_decl_program_invocation_short_name='yes'
ac_cv_have_decl_putw='yes'
ac_cv_have_decl_strerror_r='yes'
ac_cv_have_decl_wcsdup='yes'
ac_cv_header_crtdefs_h='no'
ac_cv_header_dlfcn_h='yes'
ac_cv_header_error_h='no'
ac_cv_header_features_h='yes'
ac_cv_header_getopt_h='yes'
ac_cv_header_iconv_h='yes'
ac_cv_header_inttypes_h='yes'
ac_cv_header_limits_h='yes'
ac_cv_header_minix_config_h='no'
ac_cv_header_stat_broken='no'
ac_cv_header_stdbool_h='yes'
ac_cv_header_stdckdint_h='yes'
ac_cv_header_stdint_h='yes'
ac_cv_header_stdio_h='yes'
ac_cv_header_stdlib_h='yes'
ac_cv_header_string_h='yes'
ac_cv_header_strings_h='yes'
ac_cv_header_sys_param_h='yes'
ac_cv_header_sys_socket_h='yes'
ac_cv_header_sys_stat_h='yes'
ac_cv_header_sys_time_h='yes'
ac_cv_header_sys_types_h='yes'
ac_cv_header_unistd_h='yes'
ac_cv_header_unistring_woe32dll_h='yes'
ac_cv_header_wchar_h='yes'
ac_cv_host='x86_64-pc-linux-musl'
ac_cv_lib_error_at_line='no'
ac_cv_libunistring='yes'
ac_cv_member_struct_stat_st_atim_tv_nsec='yes'
ac_cv_member_struct_stat_st_birthtim_tv_nsec='no'
ac_cv_member_struct_stat_st_birthtimensec='no'
ac_cv_member_struct_stat_st_birthtimespec_tv_nsec='no'
ac_cv_objext='o'
ac_cv_path_EGREP='/bin/grep -E'
ac_cv_path_FGREP='/bin/grep -F'
ac_cv_path_GMSGFMT=':'
ac_cv_path_GREP='/bin/grep'
ac_cv_path_MSGFMT=':'
ac_cv_path_MSGMERGE=':'
ac_cv_path_SED='/bin/sed'
ac_cv_path_XGETTEXT=':'
ac_cv_path_ac_pt_PKG_CONFIG='/usr/bin/pkg-config'
ac_cv_path_install='/usr/bin/install -c'
ac_cv_path_lt_DD='/bin/dd'
ac_cv_path_mkdir='/bin/mkdir'
ac_cv_prog_AWK='gawk'
ac_cv_prog_CPP='gcc -E'
ac_cv_prog_ac_ct_AR='ar'
ac_cv_prog_ac_ct_CC='gcc'
ac_cv_prog_ac_ct_FILECMD='file'
ac_cv_prog_ac_ct_OBJDUMP='objdump'
ac_cv_prog_ac_ct_RANLIB='ranlib'
ac_cv_prog_ac_ct_STRIP='strip'
ac_cv_prog_cc_c11=''
ac_cv_prog_cc_g='yes'
ac_cv_prog_cc_stdc=''
ac_cv_prog_make_make_set='yes'
ac_cv_safe_to_define___extensions__='yes'
ac_cv_should_define__xopen_source='no'
ac_cv_sys_largefile_opts='none needed'
ac_cv_type_blkcnt_t='yes'
ac_cv_type_blksize_t='yes'
ac_cv_type_mode_t='yes'
ac_cv_type_nlink_t='yes'
ac_cv_type_pid_t='yes'
ac_cv_type_size_t='yes'
ac_cv_typeof_struct_stat_st_atim_is_struct_timespec='yes'
ac_cv_working_alloca_h='yes'
acl_cv_hardcode_direct='no'
acl_cv_hardcode_libdir_flag_spec='${wl}-rpath ${wl}$libdir'
acl_cv_hardcode_libdir_separator=''
acl_cv_hardcode_minus_L='no'
acl_cv_libdirstems='lib,lib,lib'
acl_cv_libext='a'
acl_cv_libname_spec='lib$name'
acl_cv_library_names_spec='$libname$shrext'
acl_cv_prog_gnu_ld='yes'
acl_cv_rpath='done'
acl_cv_shlibext='so'
acl_cv_wl='-Wl,'
am_cv_CC_dependencies_compiler_type='gcc3'
am_cv_func_iconv='yes'
am_cv_func_iconv_summary='yes, in libc'
am_cv_func_iconv_works='yes'
am_cv_func_working_getline='yes'
am_cv_langinfo_codeset='yes'
am_cv_lib_iconv='no'
am_cv_make_support_nested_variables='yes'
am_cv_prog_cc_c_o='yes'
am_cv_prog_tar_ustar='gnutar'
gl_cv_c___inline='yes'
gl_cv_c_amsterdam_compiler='no'
gl_cv_c_bool='yes'
gl_cv_c_inline_effective='yes'
gl_cv_c_multiarch='no'
gl_cv_cc_nomfi_needed='no'
gl_cv_cc_uninitialized_supported='yes'
gl_cv_cc_vis_werror='yes'
gl_cv_cc_visibility='yes'
gl_cv_cc_wallow='-Wno-error'
gl_cv_clean_version_stddef='yes'
gl_cv_compiler_check_decl_option='none'
gl_cv_compiler_clang='no'
gl_cv_decl_null_works='yes'
gl_cv_double_slash_root='no'
gl_cv_elf='yes'
gl_cv_func_dup2_works='yes'
gl_cv_func_fcntl_f_dupfd_cloexec='needs runtime check'
gl_cv_func_fcntl_f_dupfd_works='yes'
gl_cv_func_free_preserves_errno='no'
gl_cv_func_getdtablesize_works='yes'
gl_cv_func_getopt_posix='no'
gl_cv_func_malloc_posix='yes'
gl_cv_func_open_slash='yes'
gl_cv_func_printf_attribute_flavor='system'
gl_cv_func_stat_file_slash='yes'
gl_cv_func_strchrnul_works='yes'
gl_cv_func_strerror_0_works='yes'
gl_cv_func_strverscmp_works='yes'
gl_cv_func_unreachable='no'
gl_cv_func_va_copy='yes'
gl_cv_func_working_getdelim='yes'
gl_cv_func_working_strerror='yes'
gl_cv_have___header_inline='no'
gl_cv_have_include_next='yes'
gl_cv_header_errno_h_complete='yes'
gl_cv_header_limits_width='no'
gl_cv_header_stdint_width='no'
gl_cv_header_stdint_without_STDC_macros='yes'
gl_cv_header_sys_cdefs_h='no'
gl_cv_header_wchar_h_correct_inline='yes'
gl_cv_header_working_fcntl_h='yes'
gl_cv_header_working_stdint_h='yes'
gl_cv_host_cpu_c_abi_32bit='no'
gl_cv_iconv_nonconst='yes'
gl_cv_ld_output_def='no'
gl_cv_libunistring_version='1.4.2'
gl_cv_macro_MB_CUR_MAX_good='yes'
gl_cv_macro_O_CLOEXEC='yes'
gl_cv_malloc_ptrdiff='yes'
gl_cv_next_error_h='<error.h>'
gl_cv_next_fcntl_h='<fcntl.h>'
gl_cv_next_getopt_h='<getopt.h>'
gl_cv_next_iconv_h='<iconv.h>'
gl_cv_next_inttypes_h='<inttypes.h>'
gl_cv_next_limits_h='<limits.h>'
gl_cv_next_stddef_h='<stddef.h>'
gl_cv_next_stdint_h='<stdint.h>'
gl_cv_next_stdio_h='<stdio.h>'
gl_cv_next_stdlib_h='<stdlib.h>'
gl_cv_next_string_h='<string.h>'
gl_cv_next_sys_stat_h='<sys/stat.h>'
gl_cv_next_sys_types_h='<sys/types.h>'
gl_cv_next_time_h='<time.h>'
gl_cv_next_unistd_h='<unistd.h>'
gl_cv_next_wchar_h='<wchar.h>'
gl_cv_nullptr_t_needs_stddef='yes'
gl_cv_off64_t='no'
gl_cv_onwards_func_error='no'
gl_cv_onwards_func_getdelim='yes'
gl_cv_onwards_func_getline='yes'
gl_cv_onwards_func_getprogname='no'
gl_cv_onwards_func_strchrnul='yes'
gl_cv_promoted_mode_t='mode_t'
gl_cv_rpl_alloca='yes'
gl_cv_source_line_length_unlimited='yes'
gl_cv_ssize_t='yes'
gl_cv_static_assert='yes, a keyword'
gl_cv_sys_ld_version_script='yes'
gl_cv_sys_struct_timespec_in_time_h='yes'
gl_cv_time_h_has_TIME_UTC='yes'
gl_cv_type_max_align_t='yes'
gl_cv_type_wint_t_large_enough='yes'
gl_cv_warn_c__Wall='yes'
gl_cv_warn_c__Warith_conversion='yes'
gl_cv_warn_c__Warray_bounds_2='yes'
gl_cv_warn_c__Wattribute_alias_2='yes'
gl_cv_warn_c__Wbidi_chars_any_ucn='yes'
gl_cv_warn_c__Wcast_align_strict='yes'
gl_cv_warn_c__Wdate_time='yes'
gl_cv_warn_c__Wdisabled_optimization='yes'
gl_cv_warn_c__Wdouble_promotion='yes'
gl_cv_warn_c__Wduplicated_branches='yes'
gl_cv_warn_c__Wduplicated_cond='yes'
gl_cv_warn_c__Werror__Wunknown_warning_option='no'
gl_cv_warn_c__Wextra='yes'
gl_cv_warn_c__Wflex_array_member_not_at_end='yes'
gl_cv_warn_c__Wformat_2='yes'
gl_cv_warn_c__Wformat_overflow_2='yes'
gl_cv_warn_c__Wformat_signedness='yes'
gl_cv_warn_c__Wformat_truncation_2='yes'
gl_cv_warn_c__Wimplicit_fallthrough_5='yes'
gl_cv_warn_c__Winit_self='yes'
gl_cv_warn_c__Winvalid_pch='yes'
gl_cv_warn_c__Wlogical_op='yes'
gl_cv_warn_c__Wmissing_declarations='yes'
gl_cv_warn_c__Wmissing_include_dirs='yes'
gl_cv_warn_c__Wmissing_prototypes='yes'
gl_cv_warn_c__Wmissing_variable_declarations='yes'
gl_cv_warn_c__Wnested_externs='yes'
gl_cv_warn_c__Wno_analyzer_malloc_leak='yes'
gl_cv_warn_c__Wno_sign_compare='yes'
gl_cv_warn_c__Wno_system_headers='yes'
gl_cv_warn_c__Wnull_dereference='yes'
gl_cv_warn_c__Wold_style_definition='yes'
gl_cv_warn_c__Wopenmp_simd='yes'
gl_cv_warn_c__Woverlength_strings='yes'
gl_cv_warn_c__Wpacked='yes'
gl_cv_warn_c__Wpointer_arith='yes'
gl_cv_warn_c__Wshadow='yes'
gl_cv_warn_c__Wshift_overflow_2='yes'
gl_cv_warn_c__Wstack_protector='yes'
gl_cv_warn_c__Wstrict_flex_arrays='yes'
gl_cv_warn_c__Wstrict_prototypes='yes'
gl_cv_warn_c__Wsuggest_attribute_cold='yes'
gl_cv_warn_c__Wsuggest_attribute_format='yes'
gl_cv_warn_c__Wsuggest_attribute_malloc='yes'
gl_cv_warn_c__Wsuggest_attribute_noreturn='yes'
gl_cv_warn_c__Wsuggest_final_methods='yes'
gl_cv_warn_c__Wsuggest_final_types='yes'
gl_cv_warn_c__Wsync_nand='yes'
gl_cv_warn_c__Wthread_safety='no'
gl_cv_warn_c__Wtrampolines='yes'
gl_cv_warn_c__Wuninitialized='yes'
gl_cv_warn_c__Wunknown_pragmas='yes'
gl_cv_warn_c__Wunsafe_loop_optimizations='yes'
gl_cv_warn_c__Wunused_const_variable_2='yes'
gl_cv_warn_c__Wunused_macros='yes'
gl_cv_warn_c__Wuse_after_free_3='yes'
gl_cv_warn_c__Wvariadic_macros='yes'
gl_cv_warn_c__Wvector_operation_performance='yes'
gl_cv_warn_c__Wvla='yes'
gl_cv_warn_c__Wvla_larger_than_4031='yes'
gl_cv_warn_c__Wwrite_strings='yes'
gl_cv_warn_c__fanalyzer='yes'
gl_cv_warn_c__fstrict_flex_arrays='yes'
gt_cv_c_wint_t='yes'
gt_cv_func_CFLocaleCopyCurrent='no'
gt_cv_func_CFPreferencesCopyAppValue='no'
gt_cv_func_gnugettext1_libc='yes'
gt_cv_locale_en_utf8='en_US.UTF-8'
lt_cv_ar_at_file='@'
lt_cv_archive_cmds_need_lc='no'
lt_cv_deplibs_check_method='pass_all'
lt_cv_file_magic_cmd='$MAGIC_CMD'
lt_cv_file_magic_test_file=''
lt_cv_ld_reload_flag='-r'
lt_cv_nm_interface='BSD nm'
lt_cv_objdir='.libs'
lt_cv_path_LD='/usr/x86_64-alpine-linux-musl/bin/ld'
lt_cv_path_NM='/usr/bin/nm -B'
lt_cv_path_mainfest_tool='no'
lt_cv_prog_compiler_c_o='yes'
lt_cv_prog_compiler_pic='-fPIC -DPIC'
lt_cv_prog_compiler_pic_works='yes'
lt_cv_prog_compiler_rtti_exceptions='no'
lt_cv_prog_compiler_static_works='yes'
lt_cv_prog_gnu_ld='yes'
lt_cv_sharedlib_from_linklib_cmd='printf %s\n'
lt_cv_shlibpath_overrides_runpath='yes'
lt_cv_sys_global_symbol_pipe='/bin/sed -n -e '"'"'s/^.*[	 ]\([ABCDGIRSTW][ABCDGIRSTW]*\)[	 ][	 ]*\([_A-Za-z][_A-Za-z0-9]*\)$/\1 \2 \2/p'"'"' | /bin/sed '"'"'/ __gnu_lto/d'"'"
lt_cv_sys_global_symbol_to_c_name_address='/bin/sed -n -e '"'"'s/^: \(.*\) .*$/  {"\1", (void *) 0},/p'"'"' -e '"'"'s/^[ABCDGIRSTW][ABCDGIRSTW]* .* \(.*\)$/  {"\1", (void *) \&\1},/p'"'"
lt_cv_sys_global_symbol_to_c_name_address_lib_prefix='/bin/sed -n -e '"'"'s/^: \(.*\) .*$/  {"\1", (void *) 0},/p'"'"' -e '"'"'s/^[ABCDGIRSTW][ABCDGIRSTW]* .* \(lib.*\)$/  {"\1", (void *) \&\1},/p'"'"' -e '"'"'s/^[ABCDGIRSTW][ABCDGIRSTW]* .* \(.*\)$/  {"lib\1", (void *) \&\1},/p'"'"
lt_cv_sys_global_symbol_to_cdecl='/bin/sed -n -e '"'"'s/^T .* \(.*\)$/extern int \1();/p'"'"' -e '"'"'s/^[ABCDGIRSTW][ABCDGIRSTW]* .* \(.*\)$/extern char \1;/p'"'"
lt_cv_sys_global_symbol_to_import=''
lt_cv_sys_max_cmd_len='98304'
lt_cv_to_host_file_cmd='func_convert_file_noop'
lt_cv_to_tool_file_cmd='func_convert_file_noop'
lt_cv_truncate_bin='/bin/dd bs=4096 count=1'

## ----------------- ##
## Output variables. ##
## ----------------- ##

ACLOCAL='${SHELL} '\''/home/bloink/Work/unnamedlinuxdistro/libidn2/build-aux/missing'\'' aclocal-1.16'
ALLOCA=''
ALLOCA_H='alloca.h'
AMDEPBACKSLASH='\'
AMDEP_FALSE='#'
AMDEP_TRUE=''
AMTAR='$${TAR-tar}'
AM_BACKSLASH='\'
AM_DEFAULT_V='$(AM_DEFAULT_VERBOSITY)'
AM_DEFAULT_VERBOSITY='0'
AM_V='$(V)'
AM_VALGRINDFLAGS=''
APPLE_UNIVERSAL_BUILD='0'
AR='ar'
ARFLAGS='cr'
AS='as'
ASSERT_H=''
AUTOCONF='${SHELL} '\''/home/bloink/Work/unnamedlinuxdistro/libidn2/build-aux/missing'\'' autoconf'
AUTOHEADER='${SHELL} '\''/home/bloink/Work/unnamedlinuxdistro/libidn2/build-aux/missing'\'' autoheader'
AUTOMAKE='${SHELL} '\''/home/bloink/Work/unnamedlinuxdistro/libidn2/build-aux/missing'\'' automake-1.16'
AWK='gawk'
BITSIZEOF_PTRDIFF_T=''
BITSIZEOF_SIG_ATOMIC_T=''
BITSIZEOF_SIZE_T=''
BITSIZEOF_WCHAR_T=''
BITSIZEOF_WINT_T=''
CAN_PRINT_STACK_TRACE='0'
CC='gcc'
CCDEPMODE='depmode=gcc3'
CFLAGS='-g -O2'
CFLAG_VISIBILITY='-fvisibility=hidden'
CODE_COVERAGE_CFLAGS=''
CODE_COVERAGE_CPPFLAGS=''
CODE_COVERAGE_CXXFLAGS=''
CODE_COVERAGE_ENABLED='no'
CODE_COVERAGE_ENABLED_FALSE=''
CODE_COVERAGE_ENABLED_TRUE='#'
CODE_COVERAGE_LIBS=''
CONFIG_INCLUDE='config.h'
CPP='gcc -E'
CPPFLAGS='-I/home/bloink/Work/unnamedlinuxdistro/fs/include'
CSCOPE='cscope'
CTAGS='ctags'
CYGPATH_W='echo'
DEFAULT_VALGRINDFLAGS=''
DEFS='-DHAVE_CONFIG_H'
DEPDIR='.deps'
DLLTOOL='false'
DLL_VERSION='0'
DSYMUTIL=''
DUMPBIN=''
ECHO_C=''
ECHO_N='-n'
ECHO_T=''
EGREP='/bin/grep -E'
EMULTIHOP_HIDDEN=''
EMULTIHOP_VALUE=''
ENABLE_DOC_FALSE='#'
ENABLE_DOC_TRUE=''
ENABLE_GTK_DOC_FALSE=''
ENABLE_GTK_DOC_TRUE='#'
ENOLINK_HIDDEN=''
ENOLINK_VALUE=''
EOVERFLOW_HIDDEN=''
EOVERFLOW_VALUE=''
ERRNO_H=''
ETAGS='etags'
EXEEXT=''
FGREP='/bin/grep -F'
FILECMD='file'
GCOV=''
GENHTML=''
GETOPT_CDEFS_H='getopt-cdefs.h'
GETOPT_H='getopt.h'
GETTEXT_MACRO_VERSION='0.19'
GL_CFLAG_ALLOW_WARNINGS='-Wno-error'
GL_CFLAG_GNULIB_WARNINGS=' -Wno-cast-qual -Wno-conversion -Wno-float-equal -Wno-sign-compare -Wno-undef -Wno-unused-function -Wno-unused-parameter -Wno-float-conversion -Wimplicit-fallthrough -Wno-pedantic -Wno-sign-conversion -Wno-type-limits -Wno-unused-const-variable -Wno-unsuffixed-float-constants'
GL_COND_LIBTOOL_FALSE='#'
GL_COND_LIBTOOL_TRUE=''
GL_COND_OBJ_CLOSE_FALSE=''
GL_COND_OBJ_CLOSE_TRUE='#'
GL_COND_OBJ_DUP2_FALSE=''
GL_COND_OBJ_DUP2_TRUE='#'
GL_COND_OBJ_ERROR_FALSE='#'
GL_COND_OBJ_ERROR_TRUE=''
GL_COND_OBJ_FCNTL_FALSE='#'
GL_COND_OBJ_FCNTL_TRUE=''
GL_COND_OBJ_FREE_FALSE='#'
GL_COND_OBJ_FREE_TRUE=''
GL_COND_OBJ_FSTAT_FALSE=''
GL_COND_OBJ_FSTAT_TRUE='#'
GL_COND_OBJ_GETDELIM_FALSE=''
GL_COND_OBJ_GETDELIM_TRUE='#'
GL_COND_OBJ_GETDTABLESIZE_FALSE=''
GL_COND_OBJ_GETDTABLESIZE_TRUE='#'
GL_COND_OBJ_GETLINE_FALSE=''
GL_COND_OBJ_GETLINE_TRUE='#'
GL_COND_OBJ_GETOPT_FALSE='#'
GL_COND_OBJ_GETOPT_TRUE=''
GL_COND_OBJ_GETPROGNAME_FALSE='#'
GL_COND_OBJ_GETPROGNAME_TRUE=''
GL_COND_OBJ_ICONV_FALSE=''
GL_COND_OBJ_ICONV_OPEN_FALSE=''
GL_COND_OBJ_ICONV_OPEN_TRUE='#'
GL_COND_OBJ_ICONV_TRUE='#'
GL_COND_OBJ_MSVC_INVAL_FALSE=''
GL_COND_OBJ_MSVC_INVAL_TRUE='#'
GL_COND_OBJ_MSVC_NOTHROW_FALSE=''
GL_COND_OBJ_MSVC_NOTHROW_TRUE='#'
GL_COND_OBJ_OPEN_FALSE=''
GL_COND_OBJ_OPEN_TRUE='#'
GL_COND_OBJ_RAWMEMCHR_FALSE='#'
GL_COND_OBJ_RAWMEMCHR_TRUE=''
GL_COND_OBJ_STAT_FALSE=''
GL_COND_OBJ_STAT_TRUE='#'
GL_COND_OBJ_STDIO_READ_FALSE=''
GL_COND_OBJ_STDIO_READ_TRUE='#'
GL_COND_OBJ_STDIO_WRITE_FALSE=''
GL_COND_OBJ_STDIO_WRITE_TRUE='#'
GL_COND_OBJ_STRCHRNUL_FALSE=''
GL_COND_OBJ_STRCHRNUL_TRUE='#'
GL_COND_OBJ_STRERROR_FALSE=''
GL_COND_OBJ_STRERROR_OVERRIDE_FALSE=''
GL_COND_OBJ_STRERROR_OVERRIDE_TRUE='#'
GL_COND_OBJ_STRERROR_TRUE='#'
GL_COND_OBJ_STRVERSCMP_FALSE=''
GL_COND_OBJ_STRVERSCMP_TRUE='#'
GL_GENERATE_ALLOCA_H_FALSE='#'
GL_GENERATE_ALLOCA_H_TRUE=''
GL_GENERATE_ASSERT_H_FALSE=''
GL_GENERATE_ASSERT_H_TRUE='#'
GL_GENERATE_ERRNO_H_FALSE=''
GL_GENERATE_ERRNO_H_TRUE='#'
GL_GENERATE_GETOPT_CDEFS_H_FALSE='#'
GL_GENERATE_GETOPT_CDEFS_H_TRUE=''
GL_GENERATE_GETOPT_H_FALSE='#'
GL_GENERATE_GETOPT_H_TRUE=''
GL_GENERATE_ICONV_H_FALSE='#'
GL_GENERATE_ICONV_H_TRUE=''
GL_GENERATE_LIMITS_H_FALSE='#'
GL_GENERATE_LIMITS_H_TRUE=''
GL_GENERATE_STDARG_H_FALSE=''
GL_GENERATE_STDARG_H_TRUE='#'
GL_GENERATE_STDCKDINT_H_FALSE=''
GL_GENERATE_STDCKDINT_H_TRUE='#'
GL_GENERATE_STDDEF_H_FALSE='#'
GL_GENERATE_STDDEF_H_TRUE=''
GL_GENERATE_STDINT_H_FALSE='#'
GL_GENERATE_STDINT_H_TRUE=''
GL_GNULIB_ABORT_DEBUG='0'
GL_GNULIB_ACCESS='0'
GL_GNULIB_ALIGNED_ALLOC='0'
GL_GNULIB_ATOLL='0'
GL_GNULIB_CALLOC_GNU='0'
GL_GNULIB_CALLOC_POSIX='0'
GL_GNULIB_CANONICALIZE_FILE_NAME='0'
GL_GNULIB_CHDIR='0'
GL_GNULIB_CHMOD='0'
GL_GNULIB_CHOWN='0'
GL_GNULIB_CLOSE='1'
GL_GNULIB_COPY_FILE_RANGE='0'
GL_GNULIB_CREAT='0'
GL_GNULIB_CTIME='0'
GL_GNULIB_DPRINTF='0'
GL_GNULIB_DUP2='1'
GL_GNULIB_DUP3='0'
GL_GNULIB_DUP='0'
GL_GNULIB_DZPRINTF='0'
GL_GNULIB_ENVIRON='0'
GL_GNULIB_EUIDACCESS='0'
GL_GNULIB_EXECL='0'
GL_GNULIB_EXECLE='0'
GL_GNULIB_EXECLP='0'
GL_GNULIB_EXECV='0'
GL_GNULIB_EXECVE='0'
GL_GNULIB_EXECVP='0'
GL_GNULIB_EXECVPE='0'
GL_GNULIB_EXPLICIT_BZERO='0'
GL_GNULIB_FACCESSAT='0'
GL_GNULIB_FCHDIR='0'
GL_GNULIB_FCHMODAT='0'
GL_GNULIB_FCHOWNAT='0'
GL_GNULIB_FCLOSE='0'
GL_GNULIB_FCNTL='1'
GL_GNULIB_FDATASYNC='0'
GL_GNULIB_FDOPEN='0'
GL_GNULIB_FFLUSH='0'
GL_GNULIB_FFSL='0'
GL_GNULIB_FFSLL='0'
GL_GNULIB_FGETC='1'
GL_GNULIB_FGETS='1'
GL_GNULIB_FOPEN='0'
GL_GNULIB_FOPEN_GNU='0'
GL_GNULIB_FPRINTF='1'
GL_GNULIB_FPRINTF_POSIX='0'
GL_GNULIB_FPURGE='0'
GL_GNULIB_FPUTC='1'
GL_GNULIB_FPUTS='1'
GL_GNULIB_FREAD='1'
GL_GNULIB_FREE_POSIX='0'
GL_GNULIB_FREOPEN='0'
GL_GNULIB_FSCANF='1'
GL_GNULIB_FSEEK='0'
GL_GNULIB_FSEEKO='0'
GL_GNULIB_FSTAT='1'
GL_GNULIB_FSTATAT='0'
GL_GNULIB_FSYNC='0'
GL_GNULIB_FTELL='0'
GL_GNULIB_FTELLO='0'
GL_GNULIB_FTRUNCATE='0'
GL_GNULIB_FUTIMENS='0'
GL_GNULIB_FWRITE='1'
GL_GNULIB_FZPRINTF='0'
GL_GNULIB_GETC='1'
GL_GNULIB_GETCHAR='1'
GL_GNULIB_GETCWD='0'
GL_GNULIB_GETDELIM='1'
GL_GNULIB_GETDOMAINNAME='0'
GL_GNULIB_GETDTABLESIZE='1'
GL_GNULIB_GETENTROPY='0'
GL_GNULIB_GETGROUPS='0'
GL_GNULIB_GETHOSTNAME='0'
GL_GNULIB_GETLINE='1'
GL_GNULIB_GETLOADAVG='0'
GL_GNULIB_GETLOGIN='0'
GL_GNULIB_GETLOGIN_R='0'
GL_GNULIB_GETOPT_POSIX='1'
GL_GNULIB_GETPAGESIZE='0'
GL_GNULIB_GETPASS='0'
GL_GNULIB_GETPASS_GNU='0'
GL_GNULIB_GETPROGNAME='1'
GL_GNULIB_GETSUBOPT='0'
GL_GNULIB_GETUMASK='0'
GL_GNULIB_GETUSERSHELL='0'
GL_GNULIB_GRANTPT='0'
GL_GNULIB_GROUP_MEMBER='0'
GL_GNULIB_ISATTY='0'
GL_GNULIB_LCHMOD='0'
GL_GNULIB_LCHOWN='0'
GL_GNULIB_LINK='0'
GL_GNULIB_LINKAT='0'
GL_GNULIB_LOCALTIME='0'
GL_GNULIB_LSEEK='0'
GL_GNULIB_LSTAT='0'
GL_GNULIB_MALLOC_GNU='0'
GL_GNULIB_MALLOC_POSIX='0'
GL_GNULIB_MBSCASECMP='0'
GL_GNULIB_MBSCASESTR='0'
GL_GNULIB_MBSCHR='0'
GL_GNULIB_MBSCSPN='0'
GL_GNULIB_MBSLEN='0'
GL_GNULIB_MBSNCASECMP='0'
GL_GNULIB_MBSNLEN='0'
GL_GNULIB_MBSPBRK='0'
GL_GNULIB_MBSPCASECMP='0'
GL_GNULIB_MBSRCHR='0'
GL_GNULIB_MBSSEP='0'
GL_GNULIB_MBSSPN='0'
GL_GNULIB_MBSSTR='0'
GL_GNULIB_MBSTOK_R='0'
GL_GNULIB_MBSTOWCS='0'
GL_GNULIB_MBS_ENDSWITH='0'
GL_GNULIB_MBS_STARTSWITH='0'
GL_GNULIB_MBTOWC='0'
GL_GNULIB_MDA_ACCESS='1'
GL_GNULIB_MDA_CHDIR='1'
GL_GNULIB_MDA_CHMOD='1'
GL_GNULIB_MDA_CLOSE='1'
GL_GNULIB_MDA_CREAT='1'
GL_GNULIB_MDA_DUP2='1'
GL_GNULIB_MDA_DUP='1'
GL_GNULIB_MDA_ECVT='1'
GL_GNULIB_MDA_EXECL='1'
GL_GNULIB_MDA_EXECLE='1'
GL_GNULIB_MDA_EXECLP='1'
GL_GNULIB_MDA_EXECV='1'
GL_GNULIB_MDA_EXECVE='1'
GL_GNULIB_MDA_EXECVP='1'
GL_GNULIB_MDA_EXECVPE='1'
GL_GNULIB_MDA_FCLOSEALL='1'
GL_GNULIB_MDA_FCVT='1'
GL_GNULIB_MDA_FDOPEN='1'
GL_GNULIB_MDA_FILENO='1'
GL_GNULIB_MDA_GCVT='1'
GL_GNULIB_MDA_GETCWD='1'
GL_GNULIB_MDA_GETPID='1'
GL_GNULIB_MDA_GETW='1'
GL_GNULIB_MDA_ISATTY='1'
GL_GNULIB_MDA_LSEEK='1'
GL_GNULIB_MDA_MEMCCPY='1'
GL_GNULIB_MDA_MKDIR='1'
GL_GNULIB_MDA_MKTEMP='1'
GL_GNULIB_MDA_OPEN='1'
GL_GNULIB_MDA_PUTENV='1'
GL_GNULIB_MDA_PUTW='1'
GL_GNULIB_MDA_READ='1'
GL_GNULIB_MDA_RMDIR='1'
GL_GNULIB_MDA_STRDUP='1'
GL_GNULIB_MDA_SWAB='1'
GL_GNULIB_MDA_TEMPNAM='1'
GL_GNULIB_MDA_TZSET='1'
GL_GNULIB_MDA_UMASK='1'
GL_GNULIB_MDA_UNLINK='1'
GL_GNULIB_MDA_WRITE='1'
GL_GNULIB_MEMCHR='0'
GL_GNULIB_MEMMEM='0'
GL_GNULIB_MEMPCPY='0'
GL_GNULIB_MEMRCHR='0'
GL_GNULIB_MEMSET_EXPLICIT='0'
GL_GNULIB_MKDIR='0'
GL_GNULIB_MKDIRAT='0'
GL_GNULIB_MKDTEMP='0'
GL_GNULIB_MKFIFO='0'
GL_GNULIB_MKFIFOAT='0'
GL_GNULIB_MKNOD='0'
GL_GNULIB_MKNODAT='0'
GL_GNULIB_MKOSTEMP='0'
GL_GNULIB_MKOSTEMPS='0'
GL_GNULIB_MKSTEMP='0'
GL_GNULIB_MKSTEMPS='0'
GL_GNULIB_MKTIME='0'
GL_GNULIB_NANOSLEEP='0'
GL_GNULIB_NONBLOCKING='0'
GL_GNULIB_OBSTACK_PRINTF='0'
GL_GNULIB_OBSTACK_PRINTF_POSIX='0'
GL_GNULIB_OBSTACK_ZPRINTF='0'
GL_GNULIB_OPEN='1'
GL_GNULIB_OPENAT='0'
GL_GNULIB_OVERRIDES_STRUCT_STAT='0'
GL_GNULIB_PCLOSE='0'
GL_GNULIB_PERROR='0'
GL_GNULIB_PIPE2='0'
GL_GNULIB_PIPE='0'
GL_GNULIB_POPEN='0'
GL_GNULIB_POSIX_MEMALIGN='0'
GL_GNULIB_POSIX_OPENPT='0'
GL_GNULIB_PREAD='0'
GL_GNULIB_PRINTF='1'
GL_GNULIB_PRINTF_POSIX='0'
GL_GNULIB_PTSNAME='0'
GL_GNULIB_PTSNAME_R='0'
GL_GNULIB_PUTC='1'
GL_GNULIB_PUTCHAR='1'
GL_GNULIB_PUTENV='0'
GL_GNULIB_PUTS='1'
GL_GNULIB_PWRITE='0'
GL_GNULIB_QSORT_R='0'
GL_GNULIB_RAND='0'
GL_GNULIB_RANDOM='0'
GL_GNULIB_RANDOM_R='0'
GL_GNULIB_RAWMEMCHR='1'
GL_GNULIB_READ='0'
GL_GNULIB_READLINK='0'
GL_GNULIB_READLINKAT='0'
GL_GNULIB_REALLOCARRAY='0'
GL_GNULIB_REALLOC_POSIX='0'
GL_GNULIB_REALPATH='0'
GL_GNULIB_REMOVE='0'
GL_GNULIB_RENAME='0'
GL_GNULIB_RENAMEAT='0'
GL_GNULIB_RMDIR='0'
GL_GNULIB_RPMATCH='0'
GL_GNULIB_SCANF='1'
GL_GNULIB_SECURE_GETENV='0'
GL_GNULIB_SETENV='0'
GL_GNULIB_SETHOSTNAME='0'
GL_GNULIB_SIGABBREV_NP='0'
GL_GNULIB_SIGDESCR_NP='0'
GL_GNULIB_SLEEP='0'
GL_GNULIB_SNPRINTF='0'
GL_GNULIB_SNZPRINTF='0'
GL_GNULIB_SPRINTF_POSIX='0'
GL_GNULIB_STACK_TRACE='0'
GL_GNULIB_STAT='1'
GL_GNULIB_STDIO_H_NONBLOCKING='0'
GL_GNULIB_STDIO_H_SIGPIPE='0'
GL_GNULIB_STPCPY='0'
GL_GNULIB_STPNCPY='0'
GL_GNULIB_STRCASESTR='0'
GL_GNULIB_STRCHRNUL='1'
GL_GNULIB_STRDUP='0'
GL_GNULIB_STRERROR='1'
GL_GNULIB_STRERRORNAME_NP='0'
GL_GNULIB_STRERROR_R='0'
GL_GNULIB_STRFTIME='0'
GL_GNULIB_STRNCAT='0'
GL_GNULIB_STRNDUP='0'
GL_GNULIB_STRNLEN='0'
GL_GNULIB_STRPBRK='0'
GL_GNULIB_STRPTIME='0'
GL_GNULIB_STRSEP='0'
GL_GNULIB_STRSIGNAL='0'
GL_GNULIB_STRSTR='0'
GL_GNULIB_STRTOD='0'
GL_GNULIB_STRTOF='0'
GL_GNULIB_STRTOK_R='0'
GL_GNULIB_STRTOL='0'
GL_GNULIB_STRTOLD='0'
GL_GNULIB_STRTOLL='0'
GL_GNULIB_STRTOUL='0'
GL_GNULIB_STRTOULL='0'
GL_GNULIB_STRVERSCMP='1'
GL_GNULIB_STR_ENDSWITH='0'
GL_GNULIB_STR_STARTSWITH='0'
GL_GNULIB_SYMLINK='0'
GL_GNULIB_SYMLINKAT='0'
GL_GNULIB_SYSTEM_POSIX='0'
GL_GNULIB_SZPRINTF='0'
GL_GNULIB_TIME='0'
GL_GNULIB_TIMEGM='0'
GL_GNULIB_TIMESPEC_GET='0'
GL_GNULIB_TIMESPEC_GETRES='0'
GL_GNULIB_TIME_R='0'
GL_GNULIB_TIME_RZ='0'
GL_GNULIB_TMPFILE='0'
GL_GNULIB_TRUNCATE='0'
GL_GNULIB_TTYNAME_R='0'
GL_GNULIB_TZNAME='0'
GL_GNULIB_TZSET='0'
GL_GNULIB_UNISTD_H_GETOPT='1'
GL_GNULIB_UNISTD_H_NONBLOCKING='0'
GL_GNULIB_UNISTD_H_SIGPIPE='0'
GL_GNULIB_UNLINK='0'
GL_GNULIB_UNLINKAT='0'
GL_GNULIB_UNLOCKPT='0'
GL_GNULIB_UNSETENV='0'
GL_GNULIB_USLEEP='0'
GL_GNULIB_UTIMENSAT='0'
GL_GNULIB_VASPRINTF='0'
GL_GNULIB_VASZPRINTF='0'
GL_GNULIB_VDPRINTF='0'
GL_GNULIB_VDZPRINTF='0'
GL_GNULIB_VFPRINTF='1'
GL_GNULIB_VFPRINTF_POSIX='0'
GL_GNULIB_VFSCANF='0'
GL_GNULIB_VFZPRINTF='0'
GL_GNULIB_VPRINTF='1'
GL_GNULIB_VPRINTF_POSIX='0'
GL_GNULIB_VSCANF='0'
GL_GNULIB_VSNPRINTF='0'
GL_GNULIB_VSNZPRINTF='0'
GL_GNULIB_VSPRINTF_POSIX='0'
GL_GNULIB_VSZPRINTF='0'
GL_GNULIB_VZPRINTF='0'
GL_GNULIB_WCTOMB='0'
GL_GNULIB_WRITE='0'
GL_GNULIB_ZPRINTF='0'
GL_GNULIB__EXIT='0'
GL_UNISTRING_GNULIB_ABORT_DEBUG='0'
GL_UNISTRING_GNULIB_ACCESS='0'
GL_UNISTRING_GNULIB_ALIGNED_ALLOC='0'
GL_UNISTRING_GNULIB_ATOLL='0'
GL_UNISTRING_GNULIB_BTOWC='0'
GL_UNISTRING_GNULIB_CALLOC_GNU='0'
GL_UNISTRING_GNULIB_CALLOC_POSIX='0'
GL_UNISTRING_GNULIB_CANONICALIZE_FILE_NAME='0'
GL_UNISTRING_GNULIB_CHDIR='0'
GL_UNISTRING_GNULIB_CHOWN='0'
GL_UNISTRING_GNULIB_CLOSE='0'
GL_UNISTRING_GNULIB_COPY_FILE_RANGE='0'
GL_UNISTRING_GNULIB_DUP2='0'
GL_UNISTRING_GNULIB_DUP3='0'
GL_UNISTRING_GNULIB_DUP='0'
GL_UNISTRING_GNULIB_ENVIRON='0'
GL_UNISTRING_GNULIB_EUIDACCESS='0'
GL_UNISTRING_GNULIB_EXECL='0'
GL_UNISTRING_GNULIB_EXECLE='0'
GL_UNISTRING_GNULIB_EXECLP='0'
GL_UNISTRING_GNULIB_EXECV='0'
GL_UNISTRING_GNULIB_EXECVE='0'
GL_UNISTRING_GNULIB_EXECVP='0'
GL_UNISTRING_GNULIB_EXECVPE='0'
GL_UNISTRING_GNULIB_EXPLICIT_BZERO='0'
GL_UNISTRING_GNULIB_FACCESSAT='0'
GL_UNISTRING_GNULIB_FCHDIR='0'
GL_UNISTRING_GNULIB_FCHOWNAT='0'
GL_UNISTRING_GNULIB_FDATASYNC='0'
GL_UNISTRING_GNULIB_FFSL='0'
GL_UNISTRING_GNULIB_FFSLL='0'
GL_UNISTRING_GNULIB_FREE_POSIX='1'
GL_UNISTRING_GNULIB_FSYNC='0'
GL_UNISTRING_GNULIB_FTRUNCATE='0'
GL_UNISTRING_GNULIB_GETCWD='0'
GL_UNISTRING_GNULIB_GETDOMAINNAME='0'
GL_UNISTRING_GNULIB_GETDTABLESIZE='0'
GL_UNISTRING_GNULIB_GETENTROPY='0'
GL_UNISTRING_GNULIB_GETGROUPS='0'
GL_UNISTRING_GNULIB_GETHOSTNAME='0'
GL_UNISTRING_GNULIB_GETLOADAVG='0'
GL_UNISTRING_GNULIB_GETLOGIN='0'
GL_UNISTRING_GNULIB_GETLOGIN_R='0'
GL_UNISTRING_GNULIB_GETOPT_POSIX='0'
GL_UNISTRING_GNULIB_GETPAGESIZE='0'
GL_UNISTRING_GNULIB_GETPASS='0'
GL_UNISTRING_GNULIB_GETPASS_GNU='0'
GL_UNISTRING_GNULIB_GETPROGNAME='0'
GL_UNISTRING_GNULIB_GETSUBOPT='0'
GL_UNISTRING_GNULIB_GETUSERSHELL='0'
GL_UNISTRING_GNULIB_GRANTPT='0'
GL_UNISTRING_GNULIB_GROUP_MEMBER='0'
GL_UNISTRING_GNULIB_ICONV='1'
GL_UNISTRING_GNULIB_IMAXABS='0'
GL_UNISTRING_GNULIB_IMAXDIV='0'
GL_UNISTRING_GNULIB_ISATTY='0'
GL_UNISTRING_GNULIB_LCHOWN='0'
GL_UNISTRING_GNULIB_LINK='0'
GL_UNISTRING_GNULIB_LINKAT='0'
GL_UNISTRING_GNULIB_LSEEK='0'
GL_UNISTRING_GNULIB_MALLOC_GNU='0'
GL_UNISTRING_GNULIB_MALLOC_POSIX='0'
GL_UNISTRING_GNULIB_MBRLEN='0'
GL_UNISTRING_GNULIB_MBRTOWC='0'
GL_UNISTRING_GNULIB_MBSCASECMP='0'
GL_UNISTRING_GNULIB_MBSCASESTR='0'
GL_UNISTRING_GNULIB_MBSCHR='0'
GL_UNISTRING_GNULIB_MBSCSPN='0'
GL_UNISTRING_GNULIB_MBSINIT='0'
GL_UNISTRING_GNULIB_MBSLEN='0'
GL_UNISTRING_GNULIB_MBSNCASECMP='0'
GL_UNISTRING_GNULIB_MBSNLEN='0'
GL_UNISTRING_GNULIB_MBSNRTOWCS='0'
GL_UNISTRING_GNULIB_MBSPBRK='0'
GL_UNISTRING_GNULIB_MBSPCASECMP='0'
GL_UNISTRING_GNULIB_MBSRCHR='0'
GL_UNISTRING_GNULIB_MBSRTOWCS='0'
GL_UNISTRING_GNULIB_MBSSEP='0'
GL_UNISTRING_GNULIB_MBSSPN='0'
GL_UNISTRING_GNULIB_MBSSTR='0'
GL_UNISTRING_GNULIB_MBSTOK_R='0'
GL_UNISTRING_GNULIB_MBSTOWCS='0'
GL_UNISTRING_GNULIB_MBSZERO='0'
GL_UNISTRING_GNULIB_MBS_ENDSWITH='0'
GL_UNISTRING_GNULIB_MBS_STARTSWITH='0'
GL_UNISTRING_GNULIB_MBTOWC='0'
GL_UNISTRING_GNULIB_MDA_ACCESS='1'
GL_UNISTRING_GNULIB_MDA_CHDIR='1'
GL_UNISTRING_GNULIB_MDA_CLOSE='1'
GL_UNISTRING_GNULIB_MDA_DUP2='1'
GL_UNISTRING_GNULIB_MDA_DUP='1'
GL_UNISTRING_GNULIB_MDA_ECVT='1'
GL_UNISTRING_GNULIB_MDA_EXECL='1'
GL_UNISTRING_GNULIB_MDA_EXECLE='1'
GL_UNISTRING_GNULIB_MDA_EXECLP='1'
GL_UNISTRING_GNULIB_MDA_EXECV='1'
GL_UNISTRING_GNULIB_MDA_EXECVE='1'
GL_UNISTRING_GNULIB_MDA_EXECVP='1'
GL_UNISTRING_GNULIB_MDA_EXECVPE='1'
GL_UNISTRING_GNULIB_MDA_FCVT='1'
GL_UNISTRING_GNULIB_MDA_GCVT='1'
GL_UNISTRING_GNULIB_MDA_GETCWD='1'
GL_UNISTRING_GNULIB_MDA_GETPID='1'
GL_UNISTRING_GNULIB_MDA_ISATTY='1'
GL_UNISTRING_GNULIB_MDA_LSEEK='1'
GL_UNISTRING_GNULIB_MDA_MEMCCPY='1'
GL_UNISTRING_GNULIB_MDA_MKTEMP='1'
GL_UNISTRING_GNULIB_MDA_PUTENV='1'
GL_UNISTRING_GNULIB_MDA_READ='1'
GL_UNISTRING_GNULIB_MDA_RMDIR='1'
GL_UNISTRING_GNULIB_MDA_STRDUP='1'
GL_UNISTRING_GNULIB_MDA_SWAB='1'
GL_UNISTRING_GNULIB_MDA_UNLINK='1'
GL_UNISTRING_GNULIB_MDA_WCSDUP='1'
GL_UNISTRING_GNULIB_MDA_WRITE='1'
GL_UNISTRING_GNULIB_MEMCHR='0'
GL_UNISTRING_GNULIB_MEMMEM='0'
GL_UNISTRING_GNULIB_MEMPCPY='0'
GL_UNISTRING_GNULIB_MEMRCHR='0'
GL_UNISTRING_GNULIB_MEMSET_EXPLICIT='0'
GL_UNISTRING_GNULIB_MKDTEMP='0'
GL_UNISTRING_GNULIB_MKOSTEMP='0'
GL_UNISTRING_GNULIB_MKOSTEMPS='0'
GL_UNISTRING_GNULIB_MKSTEMP='0'
GL_UNISTRING_GNULIB_MKSTEMPS='0'
GL_UNISTRING_GNULIB_PIPE2='0'
GL_UNISTRING_GNULIB_PIPE='0'
GL_UNISTRING_GNULIB_POSIX_MEMALIGN='0'
GL_UNISTRING_GNULIB_POSIX_OPENPT='0'
GL_UNISTRING_GNULIB_PREAD='0'
GL_UNISTRING_GNULIB_PTSNAME='0'
GL_UNISTRING_GNULIB_PTSNAME_R='0'
GL_UNISTRING_GNULIB_PUTENV='0'
GL_UNISTRING_GNULIB_PWRITE='0'
GL_UNISTRING_GNULIB_QSORT_R='0'
GL_UNISTRING_GNULIB_RAND='0'
GL_UNISTRING_GNULIB_RANDOM='0'
GL_UNISTRING_GNULIB_RANDOM_R='0'
GL_UNISTRING_GNULIB_RAWMEMCHR='0'
GL_UNISTRING_GNULIB_READ='0'
GL_UNISTRING_GNULIB_READLINK='0'
GL_UNISTRING_GNULIB_READLINKAT='0'
GL_UNISTRING_GNULIB_REALLOCARRAY='0'
GL_UNISTRING_GNULIB_REALLOC_POSIX='0'
GL_UNISTRING_GNULIB_REALPATH='0'
GL_UNISTRING_GNULIB_RMDIR='0'
GL_UNISTRING_GNULIB_RPMATCH='0'
GL_UNISTRING_GNULIB_SECURE_GETENV='0'
GL_UNISTRING_GNULIB_SETENV='0'
GL_UNISTRING_GNULIB_SETHOSTNAME='0'
GL_UNISTRING_GNULIB_SIGABBREV_NP='0'
GL_UNISTRING_GNULIB_SIGDESCR_NP='0'
GL_UNISTRING_GNULIB_SLEEP='0'
GL_UNISTRING_GNULIB_STACK_TRACE='0'
GL_UNISTRING_GNULIB_STPCPY='0'
GL_UNISTRING_GNULIB_STPNCPY='0'
GL_UNISTRING_GNULIB_STRCASESTR='0'
GL_UNISTRING_GNULIB_STRCHRNUL='0'
GL_UNISTRING_GNULIB_STRDUP='0'
GL_UNISTRING_GNULIB_STRERROR='0'
GL_UNISTRING_GNULIB_STRERRORNAME_NP='0'
GL_UNISTRING_GNULIB_STRERROR_R='0'
GL_UNISTRING_GNULIB_STRNCAT='0'
GL_UNISTRING_GNULIB_STRNDUP='0'
GL_UNISTRING_GNULIB_STRNLEN='0'
GL_UNISTRING_GNULIB_STRPBRK='0'
GL_UNISTRING_GNULIB_STRSEP='0'
GL_UNISTRING_GNULIB_STRSIGNAL='0'
GL_UNISTRING_GNULIB_STRSTR='0'
GL_UNISTRING_GNULIB_STRTOD='0'
GL_UNISTRING_GNULIB_STRTOF='0'
GL_UNISTRING_GNULIB_STRTOIMAX='0'
GL_UNISTRING_GNULIB_STRTOK_R='0'
GL_UNISTRING_GNULIB_STRTOL='0'
GL_UNISTRING_GNULIB_STRTOLD='0'
GL_UNISTRING_GNULIB_STRTOLL='0'
GL_UNISTRING_GNULIB_STRTOUL='0'
GL_UNISTRING_GNULIB_STRTOULL='0'
GL_UNISTRING_GNULIB_STRTOUMAX='0'
GL_UNISTRING_GNULIB_STRVERSCMP='0'
GL_UNISTRING_GNULIB_STR_ENDSWITH='0'
GL_UNISTRING_GNULIB_STR_STARTSWITH='0'
GL_UNISTRING_GNULIB_SYMLINK='0'
GL_UNISTRING_GNULIB_SYMLINKAT='0'
GL_UNISTRING_GNULIB_SYSTEM_POSIX='0'
GL_UNISTRING_GNULIB_TRUNCATE='0'
GL_UNISTRING_GNULIB_TTYNAME_R='0'
GL_UNISTRING_GNULIB_UNICTYPE_CATEGORY_CC_DLL_VARIABLE='LIBUNISTRING_DLL_VARIABLE'
GL_UNISTRING_GNULIB_UNICTYPE_CATEGORY_CF_DLL_VARIABLE='LIBUNISTRING_DLL_VARIABLE'
GL_UNISTRING_GNULIB_UNICTYPE_CATEGORY_CN_DLL_VARIABLE='LIBUNISTRING_DLL_VARIABLE'
GL_UNISTRING_GNULIB_UNICTYPE_CATEGORY_CO_DLL_VARIABLE='LIBUNISTRING_DLL_VARIABLE'
GL_UNISTRING_GNULIB_UNICTYPE_CATEGORY_CS_DLL_VARIABLE='LIBUNISTRING_DLL_VARIABLE'
GL_UNISTRING_GNULIB_UNICTYPE_CATEGORY_C_DLL_VARIABLE='LIBUNISTRING_DLL_VARIABLE'
GL_UNISTRING_GNULIB_UNICTYPE_CATEGORY_LC_DLL_VARIABLE='LIBUNISTRING_DLL_VARIABLE'
GL_UNISTRING_GNULIB_UNICTYPE_CATEGORY_LL_DLL_VARIABLE='LIBUNISTRING_DLL_VARIABLE'
GL_UNISTRING_GNULIB_UNICTYPE_CATEGORY_LM_DLL_VARIABLE='LIBUNISTRING_DLL_VARIABLE'
GL_UNISTRING_GNULIB_UNICTYPE_CATEGORY_LO_DLL_VARIABLE='LIBUNISTRING_DLL_VARIABLE'
GL_UNISTRING_GNULIB_UNICTYPE_CATEGORY_LT_DLL_VARIABLE='LIBUNISTRING_DLL_VARIABLE'
GL_UNISTRING_GNULIB_UNICTYPE_CATEGORY_LU_DLL_VARIABLE='LIBUNISTRING_DLL_VARIABLE'
GL_UNISTRING_GNULIB_UNICTYPE_CATEGORY_L_DLL_VARIABLE='LIBUNISTRING_DLL_VARIABLE'
GL_UNISTRING_GNULIB_UNICTYPE_CATEGORY_MC_DLL_VARIABLE='LIBUNISTRING_DLL_VARIABLE'
GL_UNISTRING_GNULIB_UNICTYPE_CATEGORY_ME_DLL_VARIABLE='LIBUNISTRING_DLL_VARIABLE'
GL_UNISTRING_GNULIB_UNICTYPE_CATEGORY_MN_DLL_VARIABLE='LIBUNISTRING_DLL_VARIABLE'
GL_UNISTRING_GNULIB_UNICTYPE_CATEGORY_M_DLL_VARIABLE='LIBUNISTRING_DLL_VARIABLE'
GL_UNISTRING_GNULIB_UNICTYPE_CATEGORY_ND_DLL_VARIABLE='LIBUNISTRING_DLL_VARIABLE'
GL_UNISTRING_GNULIB_UNICTYPE_CATEGORY_NL_DLL_VARIABLE='LIBUNISTRING_DLL_VARIABLE'
GL_UNISTRING_GNULIB_UNICTYPE_CATEGORY_NO_DLL_VARIABLE='LIBUNISTRING_DLL_VARIABLE'
GL_UNISTRING_GNULIB_UNICTYPE_CATEGORY_N_DLL_VARIABLE='LIBUNISTRING_DLL_VARIABLE'
GL_UNISTRING_GNULIB_UNICTYPE_CATEGORY_PC_DLL_VARIABLE='LIBUNISTRING_DLL_VARIABLE'
GL_UNISTRING_GNULIB_UNICTYPE_CATEGORY_PD_DLL_VARIABLE='LIBUNISTRING_DLL_VARIABLE'
GL_UNISTRING_GNULIB_UNICTYPE_CATEGORY_PE_DLL_VARIABLE='LIBUNISTRING_DLL_VARIABLE'
GL_UNISTRING_GNULIB_UNICTYPE_CATEGORY_PF_DLL_VARIABLE='LIBUNISTRING_DLL_VARIABLE'
GL_UNISTRING_GNULIB_UNICTYPE_CATEGORY_PI_DLL_VARIABLE='LIBUNISTRING_DLL_VARIABLE'
GL_UNISTRING_GNULIB_UNICTYPE_CATEGORY_PO_DLL_VARIABLE='LIBUNISTRING_DLL_VARIABLE'
GL_UNISTRING_GNULIB_UNICTYPE_CATEGORY_PS_DLL_VARIABLE='LIBUNISTRING_DLL_VARIABLE'
GL_UNISTRING_GNULIB_UNICTYPE_CATEGORY_P_DLL_VARIABLE='LIBUNISTRING_DLL_VARIABLE'
GL_UNISTRING_GNULIB_UNICTYPE_CATEGORY_SC_DLL_VARIABLE='LIBUNISTRING_DLL_VARIABLE'
GL_UNISTRING_GNULIB_UNICTYPE_CATEGORY_SK_DLL_VARIABLE='LIBUNISTRING_DLL_VARIABLE'
GL_UNISTRING_GNULIB_UNICTYPE_CATEGORY_SM_DLL_VARIABLE='LIBUNISTRING_DLL_VARIABLE'
GL_UNISTRING_GNULIB_UNICTYPE_CATEGORY_SO_DLL_VARIABLE='LIBUNISTRING_DLL_VARIABLE'
GL_UNISTRING_GNULIB_UNICTYPE_CATEGORY_S_DLL_VARIABLE='LIBUNISTRING_DLL_VARIABLE'
GL_UNISTRING_GNULIB_UNICTYPE_CATEGORY_ZL_DLL_VARIABLE='LIBUNISTRING_DLL_VARIABLE'
GL_UNISTRING_GNULIB_UNICTYPE_CATEGORY_ZP_DLL_VARIABLE='LIBUNISTRING_DLL_VARIABLE'
GL_UNISTRING_GNULIB_UNICTYPE_CATEGORY_ZS_DLL_VARIABLE='LIBUNISTRING_DLL_VARIABLE'
GL_UNISTRING_GNULIB_UNICTYPE_CATEGORY_Z_DLL_VARIABLE='LIBUNISTRING_DLL_VARIABLE'
GL_UNISTRING_GNULIB_UNICTYPE_PROPERTY_ALPHABETIC_DLL_VARIABLE='LIBUNISTRING_DLL_VARIABLE'
GL_UNISTRING_GNULIB_UNICTYPE_PROPERTY_ASCII_HEX_DIGIT_DLL_VARIABLE='LIBUNISTRING_DLL_VARIABLE'
GL_UNISTRING_GNULIB_UNICTYPE_PROPERTY_BIDI_ARABIC_DIGIT_DLL_VARIABLE='LIBUNISTRING_DLL_VARIABLE'
GL_UNISTRING_GNULIB_UNICTYPE_PROPERTY_BIDI_ARABIC_RIGHT_TO_LEFT_DLL_VARIABLE='LIBUNISTRING_DLL_VARIABLE'
GL_UNISTRING_GNULIB_UNICTYPE_PROPERTY_BIDI_BLOCK_SEPARATOR_DLL_VARIABLE='LIBUNISTRING_DLL_VARIABLE'
GL_UNISTRING_GNULIB_UNICTYPE_PROPERTY_BIDI_BOUNDARY_NEUTRAL_DLL_VARIABLE='LIBUNISTRING_DLL_VARIABLE'
GL_UNISTRING_GNULIB_UNICTYPE_PROPERTY_BIDI_COMMON_SEPARATOR_DLL_VARIABLE='LIBUNISTRING_DLL_VARIABLE'
GL_UNISTRING_GNULIB_UNICTYPE_PROPERTY_BIDI_CONTROL_DLL_VARIABLE='LIBUNISTRING_DLL_VARIABLE'
GL_UNISTRING_GNULIB_UNICTYPE_PROPERTY_BIDI_EMBEDDING_OR_OVERRIDE_DLL_VARIABLE='LIBUNISTRING_DLL_VARIABLE'
GL_UNISTRING_GNULIB_UNICTYPE_PROPERTY_BIDI_EUROPEAN_DIGIT_DLL_VARIABLE='LIBUNISTRING_DLL_VARIABLE'
GL_UNISTRING_GNULIB_UNICTYPE_PROPERTY_BIDI_EUR_NUM_SEPARATOR_DLL_VARIABLE='LIBUNISTRING_DLL_VARIABLE'
GL_UNISTRING_GNULIB_UNICTYPE_PROPERTY_BIDI_EUR_NUM_TERMINATOR_DLL_VARIABLE='LIBUNISTRING_DLL_VARIABLE'
GL_UNISTRING_GNULIB_UNICTYPE_PROPERTY_BIDI_HEBREW_RIGHT_TO_LEFT_DLL_VARIABLE='LIBUNISTRING_DLL_VARIABLE'
GL_UNISTRING_GNULIB_UNICTYPE_PROPERTY_BIDI_LEFT_TO_RIGHT_DLL_VARIABLE='LIBUNISTRING_DLL_VARIABLE'
GL_UNISTRING_GNULIB_UNICTYPE_PROPERTY_BIDI_NON_SPACING_MARK_DLL_VARIABLE='LIBUNISTRING_DLL_VARIABLE'
GL_UNISTRING_GNULIB_UNICTYPE_PROPERTY_BIDI_OTHER_NEUTRAL_DLL_VARIABLE='LIBUNISTRING_DLL_VARIABLE'
GL_UNISTRING_GNULIB_UNICTYPE_PROPERTY_BIDI_PDF_DLL_VARIABLE='LIBUNISTRING_DLL_VARIABLE'
GL_UNISTRING_GNULIB_UNICTYPE_PROPERTY_BIDI_SEGMENT_SEPARATOR_DLL_VARIABLE='LIBUNISTRING_DLL_VARIABLE'
GL_UNISTRING_GNULIB_UNICTYPE_PROPERTY_BIDI_WHITESPACE_DLL_VARIABLE='LIBUNISTRING_DLL_VARIABLE'
GL_UNISTRING_GNULIB_UNICTYPE_PROPERTY_CASED_DLL_VARIABLE='LIBUNISTRING_DLL_VARIABLE'
GL_UNISTRING_GNULIB_UNICTYPE_PROPERTY_CASE_IGNORABLE_DLL_VARIABLE='LIBUNISTRING_DLL_VARIABLE'
GL_UNISTRING_GNULIB_UNICTYPE_PROPERTY_CHANGES_WHEN_CASEFOLDED_DLL_VARIABLE='LIBUNISTRING_DLL_VARIABLE'
GL_UNISTRING_GNULIB_UNICTYPE_PROPERTY_CHANGES_WHEN_CASEMAPPED_DLL_VARIABLE='LIBUNISTRING_DLL_VARIABLE'
GL_UNISTRING_GNULIB_UNICTYPE_PROPERTY_CHANGES_WHEN_LOWERCASED_DLL_VARIABLE='LIBUNISTRING_DLL_VARIABLE'
GL_UNISTRING_GNULIB_UNICTYPE_PROPERTY_CHANGES_WHEN_TITLECASED_DLL_VARIABLE='LIBUNISTRING_DLL_VARIABLE'
GL_UNISTRING_GNULIB_UNICTYPE_PROPERTY_CHANGES_WHEN_UPPERCASED_DLL_VARIABLE='LIBUNISTRING_DLL_VARIABLE'
GL_UNISTRING_GNULIB_UNICTYPE_PROPERTY_COMBINING_DLL_VARIABLE='LIBUNISTRING_DLL_VARIABLE'
GL_UNISTRING_GNULIB_UNICTYPE_PROPERTY_COMPOSITE_DLL_VARIABLE='LIBUNISTRING_DLL_VARIABLE'
GL_UNISTRING_GNULIB_UNICTYPE_PROPERTY_CURRENCY_SYMBOL_DLL_VARIABLE='LIBUNISTRING_DLL_VARIABLE'
GL_UNISTRING_GNULIB_UNICTYPE_PROPERTY_DASH_DLL_VARIABLE='LIBUNISTRING_DLL_VARIABLE'
GL_UNISTRING_GNULIB_UNICTYPE_PROPERTY_DECIMAL_DIGIT_DLL_VARIABLE='LIBUNISTRING_DLL_VARIABLE'
GL_UNISTRING_GNULIB_UNICTYPE_PROPERTY_DEFAULT_IGNORABLE_CODE_POINT_DLL_VARIABLE='LIBUNISTRING_DLL_VARIABLE'
GL_UNISTRING_GNULIB_UNICTYPE_PROPERTY_DEPRECATED_DLL_VARIABLE='LIBUNISTRING_DLL_VARIABLE'
GL_UNISTRING_GNULIB_UNICTYPE_PROPERTY_DIACRITIC_DLL_VARIABLE='LIBUNISTRING_DLL_VARIABLE'
GL_UNISTRING_GNULIB_UNICTYPE_PROPERTY_EMOJI_COMPONENT_DLL_VARIABLE='LIBUNISTRING_DLL_VARIABLE'
GL_UNISTRING_GNULIB_UNICTYPE_PROPERTY_EMOJI_DLL_VARIABLE='LIBUNISTRING_DLL_VARIABLE'
GL_UNISTRING_GNULIB_UNICTYPE_PROPERTY_EMOJI_MODIFIER_BASE_DLL_VARIABLE='LIBUNISTRING_DLL_VARIABLE'
GL_UNISTRING_GNULIB_UNICTYPE_PROPERTY_EMOJI_MODIFIER_DLL_VARIABLE='LIBUNISTRING_DLL_VARIABLE'
GL_UNISTRING_GNULIB_UNICTYPE_PROPERTY_EMOJI_PRESENTATION_DLL_VARIABLE='LIBUNISTRING_DLL_VARIABLE'
GL_UNISTRING_GNULIB_UNICTYPE_PROPERTY_EXTENDED_PICTOGRAPHIC_DLL_VARIABLE='LIBUNISTRING_DLL_VARIABLE'
GL_UNISTRING_GNULIB_UNICTYPE_PROPERTY_EXTENDER_DLL_VARIABLE='LIBUNISTRING_DLL_VARIABLE'
GL_UNISTRING_GNULIB_UNICTYPE_PROPERTY_FORMAT_CONTROL_DLL_VARIABLE='LIBUNISTRING_DLL_VARIABLE'
GL_UNISTRING_GNULIB_UNICTYPE_PROPERTY_GRAPHEME_BASE_DLL_VARIABLE='LIBUNISTRING_DLL_VARIABLE'
GL_UNISTRING_GNULIB_UNICTYPE_PROPERTY_GRAPHEME_EXTEND_DLL_VARIABLE='LIBUNISTRING_DLL_VARIABLE'
GL_UNISTRING_GNULIB_UNICTYPE_PROPERTY_GRAPHEME_LINK_DLL_VARIABLE='LIBUNISTRING_DLL_VARIABLE'
GL_UNISTRING_GNULIB_UNICTYPE_PROPERTY_HEX_DIGIT_DLL_VARIABLE='LIBUNISTRING_DLL_VARIABLE'
GL_UNISTRING_GNULIB_UNICTYPE_PROPERTY_HYPHEN_DLL_VARIABLE='LIBUNISTRING_DLL_VARIABLE'
GL_UNISTRING_GNULIB_UNICTYPE_PROPERTY_IDEOGRAPHIC_DLL_VARIABLE='LIBUNISTRING_DLL_VARIABLE'
GL_UNISTRING_GNULIB_UNICTYPE_PROPERTY_IDS_BINARY_OPERATOR_DLL_VARIABLE='LIBUNISTRING_DLL_VARIABLE'
GL_UNISTRING_GNULIB_UNICTYPE_PROPERTY_IDS_TRINARY_OPERATOR_DLL_VARIABLE='LIBUNISTRING_DLL_VARIABLE'
GL_UNISTRING_GNULIB_UNICTYPE_PROPERTY_IDS_UNARY_OPERATOR_DLL_VARIABLE='LIBUNISTRING_DLL_VARIABLE'
GL_UNISTRING_GNULIB_UNICTYPE_PROPERTY_ID_COMPAT_MATH_CONTINUE_DLL_VARIABLE='LIBUNISTRING_DLL_VARIABLE'
GL_UNISTRING_GNULIB_UNICTYPE_PROPERTY_ID_COMPAT_MATH_START_DLL_VARIABLE='LIBUNISTRING_DLL_VARIABLE'
GL_UNISTRING_GNULIB_UNICTYPE_PROPERTY_ID_CONTINUE_DLL_VARIABLE='LIBUNISTRING_DLL_VARIABLE'
GL_UNISTRING_GNULIB_UNICTYPE_PROPERTY_ID_START_DLL_VARIABLE='LIBUNISTRING_DLL_VARIABLE'
GL_UNISTRING_GNULIB_UNICTYPE_PROPERTY_IGNORABLE_CONTROL_DLL_VARIABLE='LIBUNISTRING_DLL_VARIABLE'
GL_UNISTRING_GNULIB_UNICTYPE_PROPERTY_ISO_CONTROL_DLL_VARIABLE='LIBUNISTRING_DLL_VARIABLE'
GL_UNISTRING_GNULIB_UNICTYPE_PROPERTY_JOIN_CONTROL_DLL_VARIABLE='LIBUNISTRING_DLL_VARIABLE'
GL_UNISTRING_GNULIB_UNICTYPE_PROPERTY_LEFT_OF_PAIR_DLL_VARIABLE='LIBUNISTRING_DLL_VARIABLE'
GL_UNISTRING_GNULIB_UNICTYPE_PROPERTY_LINE_SEPARATOR_DLL_VARIABLE='LIBUNISTRING_DLL_VARIABLE'
GL_UNISTRING_GNULIB_UNICTYPE_PROPERTY_LOGICAL_ORDER_EXCEPTION_DLL_VARIABLE='LIBUNISTRING_DLL_VARIABLE'
GL_UNISTRING_GNULIB_UNICTYPE_PROPERTY_LOWERCASE_DLL_VARIABLE='LIBUNISTRING_DLL_VARIABLE'
GL_UNISTRING_GNULIB_UNICTYPE_PROPERTY_MATH_DLL_VARIABLE='LIBUNISTRING_DLL_VARIABLE'
GL_UNISTRING_GNULIB_UNICTYPE_PROPERTY_MODIFIER_COMBINING_MARK_DLL_VARIABLE='LIBUNISTRING_DLL_VARIABLE'
GL_UNISTRING_GNULIB_UNICTYPE_PROPERTY_NON_BREAK_DLL_VARIABLE='LIBUNISTRING_DLL_VARIABLE'
GL_UNISTRING_GNULIB_UNICTYPE_PROPERTY_NOT_A_CHARACTER_DLL_VARIABLE='LIBUNISTRING_DLL_VARIABLE'
GL_UNISTRING_GNULIB_UNICTYPE_PROPERTY_NUMERIC_DLL_VARIABLE='LIBUNISTRING_DLL_VARIABLE'
GL_UNISTRING_GNULIB_UNICTYPE_PROPERTY_OTHER_ALPHABETIC_DLL_VARIABLE='LIBUNISTRING_DLL_VARIABLE'
GL_UNISTRING_GNULIB_UNICTYPE_PROPERTY_OTHER_DEFAULT_IGNORABLE_CODE_POINT_DLL_VARIABLE='LIBUNISTRING_DLL_VARIABLE'
GL_UNISTRING_GNULIB_UNICTYPE_PROPERTY_OTHER_GRAPHEME_EXTEND_DLL_VARIABLE='LIBUNISTRING_DLL_VARIABLE'
GL_UNISTRING_GNULIB_UNICTYPE_PROPERTY_OTHER_ID_CONTINUE_DLL_VARIABLE='LIBUNISTRING_DLL_VARIABLE'
GL_UNISTRING_GNULIB_UNICTYPE_PROPERTY_OTHER_ID_START_DLL_VARIABLE='LIBUNISTRING_DLL_VARIABLE'
GL_UNISTRING_GNULIB_UNICTYPE_PROPERTY_OTHER_LOWERCASE_DLL_VARIABLE='LIBUNISTRING_DLL_VARIABLE'
GL_UNISTRING_GNULIB_UNICTYPE_PROPERTY_OTHER_MATH_DLL_VARIABLE='LIBUNISTRING_DLL_VARIABLE'
GL_UNISTRING_GNULIB_UNICTYPE_PROPERTY_OTHER_UPPERCASE_DLL_VARIABLE='LIBUNISTRING_DLL_VARIABLE'
GL_UNISTRING_GNULIB_UNICTYPE_PROPERTY_PAIRED_PUNCTUATION_DLL_VARIABLE='LIBUNISTRING_DLL_VARIABLE'
GL_UNISTRING_GNULIB_UNICTYPE_PROPERTY_PARAGRAPH_SEPARATOR_DLL_VARIABLE='LIBUNISTRING_DLL_VARIABLE'
GL_UNISTRING_GNULIB_UNICTYPE_PROPERTY_PATTERN_SYNTAX_DLL_VARIABLE='LIBUNISTRING_DLL_VARIABLE'
GL_UNISTRING_GNULIB_UNICTYPE_PROPERTY_PATTERN_WHITE_SPACE_DLL_VARIABLE='LIBUNISTRING_DLL_VARIABLE'
GL_UNISTRING_GNULIB_UNICTYPE_PROPERTY_PREPENDED_CONCATENATION_MARK_DLL_VARIABLE='LIBUNISTRING_DLL_VARIABLE'
GL_UNISTRING_GNULIB_UNICTYPE_PROPERTY_PRIVATE_USE_DLL_VARIABLE='LIBUNISTRING_DLL_VARIABLE'
GL_UNISTRING_GNULIB_UNICTYPE_PROPERTY_PUNCTUATION_DLL_VARIABLE='LIBUNISTRING_DLL_VARIABLE'
GL_UNISTRING_GNULIB_UNICTYPE_PROPERTY_QUOTATION_MARK_DLL_VARIABLE='LIBUNISTRING_DLL_VARIABLE'
GL_UNISTRING_GNULIB_UNICTYPE_PROPERTY_RADICAL_DLL_VARIABLE='LIBUNISTRING_DLL_VARIABLE'
GL_UNISTRING_GNULIB_UNICTYPE_PROPERTY_REGIONAL_INDICATOR_DLL_VARIABLE='LIBUNISTRING_DLL_VARIABLE'
GL_UNISTRING_GNULIB_UNICTYPE_PROPERTY_SENTENCE_TERMINAL_DLL_VARIABLE='LIBUNISTRING_DLL_VARIABLE'
GL_UNISTRING_GNULIB_UNICTYPE_PROPERTY_SOFT_DOTTED_DLL_VARIABLE='LIBUNISTRING_DLL_VARIABLE'
GL_UNISTRING_GNULIB_UNICTYPE_PROPERTY_SPACE_DLL_VARIABLE='LIBUNISTRING_DLL_VARIABLE'
GL_UNISTRING_GNULIB_UNICTYPE_PROPERTY_TERMINAL_PUNCTUATION_DLL_VARIABLE='LIBUNISTRING_DLL_VARIABLE'
GL_UNISTRING_GNULIB_UNICTYPE_PROPERTY_TITLECASE_DLL_VARIABLE='LIBUNISTRING_DLL_VARIABLE'
GL_UNISTRING_GNULIB_UNICTYPE_PROPERTY_UNASSIGNED_CODE_VALUE_DLL_VARIABLE='LIBUNISTRING_DLL_VARIABLE'
GL_UNISTRING_GNULIB_UNICTYPE_PROPERTY_UNIFIED_IDEOGRAPH_DLL_VARIABLE='LIBUNISTRING_DLL_VARIABLE'
GL_UNISTRING_GNULIB_UNICTYPE_PROPERTY_UPPERCASE_DLL_VARIABLE='LIBUNISTRING_DLL_VARIABLE'
GL_UNISTRING_GNULIB_UNICTYPE_PROPERTY_VARIATION_SELECTOR_DLL_VARIABLE='LIBUNISTRING_DLL_VARIABLE'
GL_UNISTRING_GNULIB_UNICTYPE_PROPERTY_WHITE_SPACE_DLL_VARIABLE='LIBUNISTRING_DLL_VARIABLE'
GL_UNISTRING_GNULIB_UNICTYPE_PROPERTY_XID_CONTINUE_DLL_VARIABLE='LIBUNISTRING_DLL_VARIABLE'
GL_UNISTRING_GNULIB_UNICTYPE_PROPERTY_XID_START_DLL_VARIABLE='LIBUNISTRING_DLL_VARIABLE'
GL_UNISTRING_GNULIB_UNICTYPE_PROPERTY_ZERO_WIDTH_DLL_VARIABLE='LIBUNISTRING_DLL_VARIABLE'
GL_UNISTRING_GNULIB_UNINORM_NFC_DLL_VARIABLE='LIBUNISTRING_DLL_VARIABLE'
GL_UNISTRING_GNULIB_UNINORM_NFD_DLL_VARIABLE='LIBUNISTRING_DLL_VARIABLE'
GL_UNISTRING_GNULIB_UNINORM_NFKC_DLL_VARIABLE='LIBUNISTRING_DLL_VARIABLE'
GL_UNISTRING_GNULIB_UNINORM_NFKD_DLL_VARIABLE='LIBUNISTRING_DLL_VARIABLE'
GL_UNISTRING_GNULIB_UNISTD_H_GETOPT='0'
GL_UNISTRING_GNULIB_UNISTD_H_NONBLOCKING='0'
GL_UNISTRING_GNULIB_UNISTD_H_SIGPIPE='0'
GL_UNISTRING_GNULIB_UNLINK='0'
GL_UNISTRING_GNULIB_UNLINKAT='0'
GL_UNISTRING_GNULIB_UNLOCKPT='0'
GL_UNISTRING_GNULIB_UNSETENV='0'
GL_UNISTRING_GNULIB_USLEEP='0'
GL_UNISTRING_GNULIB_WCPCPY='0'
GL_UNISTRING_GNULIB_WCPNCPY='0'
GL_UNISTRING_GNULIB_WCRTOMB='0'
GL_UNISTRING_GNULIB_WCSCASECMP='0'
GL_UNISTRING_GNULIB_WCSCAT='0'
GL_UNISTRING_GNULIB_WCSCHR='0'
GL_UNISTRING_GNULIB_WCSCMP='0'
GL_UNISTRING_GNULIB_WCSCOLL='0'
GL_UNISTRING_GNULIB_WCSCPY='0'
GL_UNISTRING_GNULIB_WCSCSPN='0'
GL_UNISTRING_GNULIB_WCSDUP='0'
GL_UNISTRING_GNULIB_WCSFTIME='0'
GL_UNISTRING_GNULIB_WCSLEN='0'
GL_UNISTRING_GNULIB_WCSNCASECMP='0'
GL_UNISTRING_GNULIB_WCSNCAT='0'
GL_UNISTRING_GNULIB_WCSNCMP='0'
GL_UNISTRING_GNULIB_WCSNCPY='0'
GL_UNISTRING_GNULIB_WCSNLEN='0'
GL_UNISTRING_GNULIB_WCSNRTOMBS='0'
GL_UNISTRING_GNULIB_WCSPBRK='0'
GL_UNISTRING_GNULIB_WCSRCHR='0'
GL_UNISTRING_GNULIB_WCSRTOMBS='0'
GL_UNISTRING_GNULIB_WCSSPN='0'
GL_UNISTRING_GNULIB_WCSSTR='0'
GL_UNISTRING_GNULIB_WCSTOK='0'
GL_UNISTRING_GNULIB_WCSWIDTH='0'
GL_UNISTRING_GNULIB_WCSXFRM='0'
GL_UNISTRING_GNULIB_WCTOB='0'
GL_UNISTRING_GNULIB_WCTOMB='0'
GL_UNISTRING_GNULIB_WCWIDTH='0'
GL_UNISTRING_GNULIB_WGETCWD='0'
GL_UNISTRING_GNULIB_WMEMCHR='0'
GL_UNISTRING_GNULIB_WMEMCMP='0'
GL_UNISTRING_GNULIB_WMEMCPY='0'
GL_UNISTRING_GNULIB_WMEMMOVE='0'
GL_UNISTRING_GNULIB_WMEMPCPY='0'
GL_UNISTRING_GNULIB_WMEMSET='0'
GL_UNISTRING_GNULIB_WRITE='0'
GL_UNISTRING_GNULIB__EXIT='0'
GMSGFMT=':'
GMSGFMT_015=':'
GNULIBHEADERS_OVERRIDE_WINT_T='0'
GNULIB_LOCALEDIR='${datarootdir}/locale'
GNULIB_LOCALEDIR_c='"/home/bloink/Work/unnamedlinuxdistro/fs/share/locale"'
GNULIB_LOCALEDIR_c_make='\"$(GNULIB_LOCALEDIR)\"'
GREP='/bin/grep'
GTKDOC_CHECK=''
GTKDOC_CHECK_PATH=''
GTKDOC_DEPS_CFLAGS=''
GTKDOC_DEPS_LIBS=''
GTKDOC_MKPDF=''
GTKDOC_REBASE='true'
GTK_DOC_BUILD_HTML_FALSE='#'
GTK_DOC_BUILD_HTML_TRUE=''
GTK_DOC_BUILD_PDF_FALSE=''
GTK_DOC_BUILD_PDF_TRUE='#'
GTK_DOC_USE_LIBTOOL_FALSE=''
GTK_DOC_USE_LIBTOOL_TRUE='#'
GTK_DOC_USE_REBASE_FALSE='#'
GTK_DOC_USE_REBASE_TRUE=''
HAVE_ALIGNED_ALLOC='1'
HAVE_ALLOCA_H='1'
HAVE_ATOLL='1'
HAVE_BLKCNT_T='1'
HAVE_BLKSIZE_T='1'
HAVE_BTOWC='1'
HAVE_C99_STDINT_H='1'
HAVE_CANONICALIZE_FILE_NAME='1'
HAVE_CHOWN='1'
HAVE_COPY_FILE_RANGE='1'
HAVE_CRTDEFS_H='0'
HAVE_DECL_ECVT='1'
HAVE_DECL_ENVIRON='1'
HAVE_DECL_EXECVPE='1'
HAVE_DECL_FCHDIR='1'
HAVE_DECL_FCLOSEALL='0'
HAVE_DECL_FCVT='1'
HAVE_DECL_FDATASYNC='1'
HAVE_DECL_FPURGE='1'
HAVE_DECL_FSEEKO='1'
HAVE_DECL_FTELLO='1'
HAVE_DECL_GCVT='1'
HAVE_DECL_GETDELIM='1'
HAVE_DECL_GETDOMAINNAME='1'
HAVE_DECL_GETLINE='1'
HAVE_DECL_GETLOADAVG='1'
HAVE_DECL_GETLOGIN='1'
HAVE_DECL_GETLOGIN_R='1'
HAVE_DECL_GETPAGESIZE='1'
HAVE_DECL_GETUSERSHELL='1'
HAVE_DECL_GETW='1'
HAVE_DECL_IMAXABS='1'
HAVE_DECL_IMAXDIV='1'
HAVE_DECL_INITSTATE='1'
HAVE_DECL_LOCALTIME_R='1'
HAVE_DECL_MEMMEM='1'
HAVE_DECL_MEMRCHR='1'
HAVE_DECL_OBSTACK_PRINTF='1'
HAVE_DECL_PROGRAM_INVOCATION_NAME='1'
HAVE_DECL_PUTW='1'
HAVE_DECL_SETENV='1'
HAVE_DECL_SETHOSTNAME='1'
HAVE_DECL_SETSTATE='1'
HAVE_DECL_SNPRINTF='1'
HAVE_DECL_STRDUP='1'
HAVE_DECL_STRERROR_R='1'
HAVE_DECL_STRNDUP='1'
HAVE_DECL_STRNLEN='1'
HAVE_DECL_STRSIGNAL='1'
HAVE_DECL_STRTOIMAX='1'
HAVE_DECL_STRTOK_R='1'
HAVE_DECL_STRTOUMAX='1'
HAVE_DECL_TRUNCATE='1'
HAVE_DECL_TTYNAME_R='1'
HAVE_DECL_UNSETENV='1'
HAVE_DECL_VSNPRINTF='1'
HAVE_DECL_WCSDUP='1'
HAVE_DECL_WCTOB='1'
HAVE_DECL_WCWIDTH='1'
HAVE_DPRINTF='1'
HAVE_DUP3='1'
HAVE_ERROR='0'
HAVE_ERROR_AT_LINE='0'
HAVE_ERROR_H='0'
HAVE_EUIDACCESS='1'
HAVE_EXECVPE='1'
HAVE_EXPLICIT_BZERO='1'
HAVE_FACCESSAT='1'
HAVE_FCHDIR='1'
HAVE_FCHMODAT='1'
HAVE_FCHOWNAT='1'
HAVE_FCNTL='1'
HAVE_FDATASYNC='1'
HAVE_FEATURES_H='1'
HAVE_FFSL='1'
HAVE_FFSLL='1'
HAVE_FSEEKO='1'
HAVE_FSTATAT='1'
HAVE_FSYNC='1'
HAVE_FTELLO='1'
HAVE_FTRUNCATE='1'
HAVE_FUTIMENS='1'
HAVE_GETDTABLESIZE='1'
HAVE_GETENTROPY='1'
HAVE_GETGROUPS='1'
HAVE_GETHOSTNAME='1'
HAVE_GETLOGIN='1'
HAVE_GETOPT_H='1'
HAVE_GETPAGESIZE='1'
HAVE_GETPASS='1'
HAVE_GETPROGNAME='0'
HAVE_GETSUBOPT='1'
HAVE_GETUMASK='1'
HAVE_GRANTPT='1'
HAVE_GROUP_MEMBER='1'
HAVE_GTK_DOC_FALSE=''
HAVE_GTK_DOC_TRUE='#'
HAVE_IMAXABS='1'
HAVE_IMAXDIV='1'
HAVE_IMAXDIV_T='1'
HAVE_INITSTATE='1'
HAVE_INTTYPES_H='1'
HAVE_LCHMOD='1'
HAVE_LCHOWN='1'
HAVE_LD_OUTPUT_DEF_FALSE=''
HAVE_LD_OUTPUT_DEF_TRUE='#'
HAVE_LD_VERSION_SCRIPT_FALSE='#'
HAVE_LD_VERSION_SCRIPT_TRUE=''
HAVE_LIBUNISTRING='yes'
HAVE_LINK='1'
HAVE_LINKAT='1'
HAVE_LSTAT='1'
HAVE_MAX_ALIGN_T='1'
HAVE_MBRLEN='1'
HAVE_MBRTOWC='1'
HAVE_MBSINIT='1'
HAVE_MBSLEN='0'
HAVE_MBSNRTOWCS='1'
HAVE_MBSRTOWCS='1'
HAVE_MBTOWC='1'
HAVE_MEMPCPY='1'
HAVE_MEMSET_EXPLICIT='1'
HAVE_MKDIRAT='1'
HAVE_MKDTEMP='1'
HAVE_MKFIFO='1'
HAVE_MKFIFOAT='1'
HAVE_MKNOD='1'
HAVE_MKNODAT='1'
HAVE_MKOSTEMP='1'
HAVE_MKOSTEMPS='1'
HAVE_MKSTEMP='1'
HAVE_MKSTEMPS='1'
HAVE_MSVC_INVALID_PARAMETER_HANDLER='0'
HAVE_NANOSLEEP='1'
HAVE_OFF64_T='0'
HAVE_OPENAT='1'
HAVE_OS_H='0'
HAVE_PCLOSE='1'
HAVE_PIPE2='1'
HAVE_PIPE='1'
HAVE_POPEN='1'
HAVE_POSIX_MEMALIGN='1'
HAVE_POSIX_OPENPT='1'
HAVE_PREAD='1'
HAVE_PTSNAME='1'
HAVE_PTSNAME_R='1'
HAVE_PWRITE='1'
HAVE_QSORT_R='1'
HAVE_RANDOM='1'
HAVE_RANDOM_H='1'
HAVE_RANDOM_R='1'
HAVE_RAWMEMCHR='0'
HAVE_READLINK='1'
HAVE_READLINKAT='1'
HAVE_REALLOCARRAY='1'
HAVE_REALPATH='1'
HAVE_RENAMEAT='1'
HAVE_RPMATCH='1'
HAVE_SECURE_GETENV='1'
HAVE_SETENV='1'
HAVE_SETHOSTNAME='1'
HAVE_SETSTATE='1'
HAVE_SIGABBREV_NP='1'
HAVE_SIGDESCR_NP='1'
HAVE_SIGNED_SIG_ATOMIC_T=''
HAVE_SIGNED_WCHAR_T=''
HAVE_SIGNED_WINT_T=''
HAVE_SLEEP='1'
HAVE_STDINT_H='1'
HAVE_STPCPY='1'
HAVE_STPNCPY='1'
HAVE_STRCASESTR='1'
HAVE_STRCHRNUL='1'
HAVE_STRERRORNAME_NP='1'
HAVE_STRPBRK='1'
HAVE_STRPTIME='1'
HAVE_STRSEP='1'
HAVE_STRTOD='1'
HAVE_STRTOF='1'
HAVE_STRTOL='1'
HAVE_STRTOLD='1'
HAVE_STRTOLL='1'
HAVE_STRTOUL='1'
HAVE_STRTOULL='1'
HAVE_STRUCT_RANDOM_DATA='1'
HAVE_STRVERSCMP='1'
HAVE_SYMLINK='1'
HAVE_SYMLINKAT='1'
HAVE_SYS_BITYPES_H='0'
HAVE_SYS_CDEFS_H='0'
HAVE_SYS_INTTYPES_H='0'
HAVE_SYS_LOADAVG_H='0'
HAVE_SYS_PARAM_H='0'
HAVE_SYS_TYPES_H='1'
HAVE_TIMEGM='1'
HAVE_TIMESPEC_GET='1'
HAVE_TIMESPEC_GETRES='1'
HAVE_TIMEZONE_T='0'
HAVE_TZALLOC='0'
HAVE_UNISTD_H='1'
HAVE_UNISTRING_WOE32DLL_H='1'
HAVE_UNLINKAT='1'
HAVE_UNLOCKPT='1'
HAVE_USLEEP='1'
HAVE_UTIMENSAT='1'
HAVE_VASPRINTF='1'
HAVE_VDPRINTF='1'
HAVE_VISIBILITY='1'
HAVE_WCHAR_H='1'
HAVE_WCPCPY='1'
HAVE_WCPNCPY='1'
HAVE_WCRTOMB='1'
HAVE_WCSCASECMP='1'
HAVE_WCSCAT='1'
HAVE_WCSCHR='1'
HAVE_WCSCMP='1'
HAVE_WCSCOLL='1'
HAVE_WCSCPY='1'
HAVE_WCSCSPN='1'
HAVE_WCSDUP='1'
HAVE_WCSFTIME='1'
HAVE_WCSLEN='1'
HAVE_WCSNCASECMP='1'
HAVE_WCSNCAT='1'
HAVE_WCSNCMP='1'
HAVE_WCSNCPY='1'
HAVE_WCSNLEN='1'
HAVE_WCSNRTOMBS='1'
HAVE_WCSPBRK='1'
HAVE_WCSRCHR='1'
HAVE_WCSRTOMBS='1'
HAVE_WCSSPN='1'
HAVE_WCSSTR='1'
HAVE_WCSTOK='1'
HAVE_WCSWIDTH='1'
HAVE_WCSXFRM='1'
HAVE_WINSOCK2_H='0'
HAVE_WINT_T='1'
HAVE_WMEMCHR='1'
HAVE_WMEMCMP='1'
HAVE_WMEMCPY='1'
HAVE_WMEMMOVE='1'
HAVE_WMEMPCPY='1'
HAVE_WMEMSET='1'
HAVE__EXIT='1'
HELP2MAN='${SHELL} '\''/home/bloink/Work/unnamedlinuxdistro/libidn2/build-aux/missing'\'' help2man'
HTML_DIR='${datadir}/gtk-doc/html'
ICONV_CONST=''
ICONV_H='iconv.h'
INCLUDE_NEXT='include_next'
INCLUDE_NEXT_AS_FIRST_DIRECTIVE='include_next'
INSTALL_DATA='${INSTALL} -m 644'
INSTALL_PROGRAM='${INSTALL}'
INSTALL_SCRIPT='${INSTALL}'
INSTALL_STRIP_PROGRAM='$(install_sh) -c -s'
INT32_MAX_LT_INTMAX_MAX='1'
INT64_MAX_EQ_LONG_MAX='defined _LP64'
INTLLIBS=''
INTL_MACOSX_LIBS=''
LCOV=''
LD='/usr/x86_64-alpine-linux-musl/bin/ld -m elf_x86_64'
LDFLAGS=''
LIBICONV=''
LIBINTL=''
LIBOBJS=''
LIBS=''
LIBTOOL='$(SHELL) $(top_builddir)/libtool'
LIBUNISTRING='/home/bloink/Work/unnamedlinuxdistro/fs/lib/libunistring.so -Wl,-rpath -Wl,/home/bloink/Work/unnamedlinuxdistro/fs/lib'
LIBUNISTRING_COMPILE_UNICONV_U8_CONV_FROM_ENC_FALSE=''
LIBUNISTRING_COMPILE_UNICONV_U8_CONV_FROM_ENC_TRUE='#'
LIBUNISTRING_COMPILE_UNICONV_U8_STRCONV_FROM_ENC_FALSE=''
LIBUNISTRING_COMPILE_UNICONV_U8_STRCONV_FROM_ENC_TRUE='#'
LIBUNISTRING_COMPILE_UNICONV_U8_STRCONV_FROM_LOCALE_FALSE=''
LIBUNISTRING_COMPILE_UNICONV_U8_STRCONV_FROM_LOCALE_TRUE='#'
LIBUNISTRING_COMPILE_UNICONV_U8_STRCONV_TO_ENC_FALSE=''
LIBUNISTRING_COMPILE_UNICONV_U8_STRCONV_TO_ENC_TRUE='#'
LIBUNISTRING_COMPILE_UNICONV_U8_STRCONV_TO_LOCALE_FALSE=''
LIBUNISTRING_COMPILE_UNICONV_U8_STRCONV_TO_LOCALE_TRUE='#'
LIBUNISTRING_COMPILE_UNICTYPE_BIDICLASS_OF_FALSE=''
LIBUNISTRING_COMPILE_UNICTYPE_BIDICLASS_OF_TRUE='#'
LIBUNISTRING_COMPILE_UNICTYPE_CATEGORY_M_FALSE=''
LIBUNISTRING_COMPILE_UNICTYPE_CATEGORY_M_TRUE='#'
LIBUNISTRING_COMPILE_UNICTYPE_CATEGORY_OF_FALSE=''
LIBUNISTRING_COMPILE_UNICTYPE_CATEGORY_OF_TRUE='#'
LIBUNISTRING_COMPILE_UNICTYPE_CATEGORY_TEST_FALSE=''
LIBUNISTRING_COMPILE_UNICTYPE_CATEGORY_TEST_TRUE='#'
LIBUNISTRING_COMPILE_UNICTYPE_COMBINING_CLASS_FALSE=''
LIBUNISTRING_COMPILE_UNICTYPE_COMBINING_CLASS_TRUE='#'
LIBUNISTRING_COMPILE_UNICTYPE_JOININGTYPE_OF_FALSE=''
LIBUNISTRING_COMPILE_UNICTYPE_JOININGTYPE_OF_TRUE='#'
LIBUNISTRING_COMPILE_UNICTYPE_SCRIPTS_FALSE=''
LIBUNISTRING_COMPILE_UNICTYPE_SCRIPTS_TRUE='#'
LIBUNISTRING_COMPILE_UNINORM_CANONICAL_DECOMPOSITION_FALSE=''
LIBUNISTRING_COMPILE_UNINORM_CANONICAL_DECOMPOSITION_TRUE='#'
LIBUNISTRING_COMPILE_UNINORM_COMPOSITION_FALSE=''
LIBUNISTRING_COMPILE_UNINORM_COMPOSITION_TRUE='#'
LIBUNISTRING_COMPILE_UNINORM_NFC_FALSE=''
LIBUNISTRING_COMPILE_UNINORM_NFC_TRUE='#'
LIBUNISTRING_COMPILE_UNINORM_NFD_FALSE=''
LIBUNISTRING_COMPILE_UNINORM_NFD_TRUE='#'
LIBUNISTRING_COMPILE_UNINORM_U32_NORMALIZE_FALSE=''
LIBUNISTRING_COMPILE_UNINORM_U32_NORMALIZE_TRUE='#'
LIBUNISTRING_COMPILE_UNISTR_U32_CMP_FALSE=''
LIBUNISTRING_COMPILE_UNISTR_U32_CMP_TRUE='#'
LIBUNISTRING_COMPILE_UNISTR_U32_CPY_ALLOC_FALSE=''
LIBUNISTRING_COMPILE_UNISTR_U32_CPY_ALLOC_TRUE='#'
LIBUNISTRING_COMPILE_UNISTR_U32_CPY_FALSE=''
LIBUNISTRING_COMPILE_UNISTR_U32_CPY_TRUE='#'
LIBUNISTRING_COMPILE_UNISTR_U32_MBTOUC_UNSAFE_FALSE=''
LIBUNISTRING_COMPILE_UNISTR_U32_MBTOUC_UNSAFE_TRUE='#'
LIBUNISTRING_COMPILE_UNISTR_U32_STRLEN_FALSE=''
LIBUNISTRING_COMPILE_UNISTR_U32_STRLEN_TRUE='#'
LIBUNISTRING_COMPILE_UNISTR_U32_TO_U8_FALSE=''
LIBUNISTRING_COMPILE_UNISTR_U32_TO_U8_TRUE='#'
LIBUNISTRING_COMPILE_UNISTR_U32_UCTOMB_FALSE=''
LIBUNISTRING_COMPILE_UNISTR_U32_UCTOMB_TRUE='#'
LIBUNISTRING_COMPILE_UNISTR_U8_CHECK_FALSE=''
LIBUNISTRING_COMPILE_UNISTR_U8_CHECK_TRUE='#'
LIBUNISTRING_COMPILE_UNISTR_U8_MBLEN_FALSE=''
LIBUNISTRING_COMPILE_UNISTR_U8_MBLEN_TRUE='#'
LIBUNISTRING_COMPILE_UNISTR_U8_MBTOUCR_FALSE=''
LIBUNISTRING_COMPILE_UNISTR_U8_MBTOUCR_TRUE='#'
LIBUNISTRING_COMPILE_UNISTR_U8_MBTOUC_FALSE=''
LIBUNISTRING_COMPILE_UNISTR_U8_MBTOUC_TRUE='#'
LIBUNISTRING_COMPILE_UNISTR_U8_MBTOUC_UNSAFE_FALSE=''
LIBUNISTRING_COMPILE_UNISTR_U8_MBTOUC_UNSAFE_TRUE='#'
LIBUNISTRING_COMPILE_UNISTR_U8_PREV_FALSE=''
LIBUNISTRING_COMPILE_UNISTR_U8_PREV_TRUE='#'
LIBUNISTRING_COMPILE_UNISTR_U8_STRLEN_FALSE=''
LIBUNISTRING_COMPILE_UNISTR_U8_STRLEN_TRUE='#'
LIBUNISTRING_COMPILE_UNISTR_U8_TO_U32_FALSE=''
LIBUNISTRING_COMPILE_UNISTR_U8_TO_U32_TRUE='#'
LIBUNISTRING_COMPILE_UNISTR_U8_UCTOMB_FALSE=''
LIBUNISTRING_COMPILE_UNISTR_U8_UCTOMB_TRUE='#'
LIBUNISTRING_PREFIX='/home/bloink/Work/unnamedlinuxdistro/fs'
LIBUNISTRING_UNICONV_H=''
LIBUNISTRING_UNICTYPE_H=''
LIBUNISTRING_UNINORM_H=''
LIBUNISTRING_UNISTR_H=''
LIBUNISTRING_UNITYPES_H=''
LIMITS_H='limits.h'
LIPO=''
LN_S='ln -s'
LOCALCHARSET_TESTS_ENVIRONMENT=''
LOCALE_EN_UTF8='en_US.UTF-8'
LOG_VALGRIND=''
LTLIBICONV=''
LTLIBINTL=''
LTLIBOBJS=''
LTLIBUNISTRING='-L/home/bloink/Work/unnamedlinuxdistro/fs/lib -lunistring -R/home/bloink/Work/unnamedlinuxdistro/fs/lib'
LT_AGE='4'
LT_CURRENT='4'
LT_REVISION='0'
LT_SYS_LIBRARY_PATH=''
MAJOR_VERSION='2'
MAKEINFO='${SHELL} '\''/home/bloink/Work/unnamedlinuxdistro/libidn2/build-aux/missing'\'' makeinfo'
MANIFEST_TOOL=':'
MINOR_VERSION='3'
MKDIR_P='/bin/mkdir -p'
MSGFMT=':'
MSGFMT_015=':'
MSGMERGE=':'
NEXT_ASSERT_H=''
NEXT_AS_FIRST_DIRECTIVE_ASSERT_H=''
NEXT_AS_FIRST_DIRECTIVE_ERRNO_H=''
NEXT_AS_FIRST_DIRECTIVE_ERROR_H='<error.h>'
NEXT_AS_FIRST_DIRECTIVE_FCNTL_H='<fcntl.h>'
NEXT_AS_FIRST_DIRECTIVE_GETOPT_H='<getopt.h>'
NEXT_AS_FIRST_DIRECTIVE_ICONV_H='<iconv.h>'
NEXT_AS_FIRST_DIRECTIVE_INTTYPES_H='<inttypes.h>'
NEXT_AS_FIRST_DIRECTIVE_LIMITS_H='<limits.h>'
NEXT_AS_FIRST_DIRECTIVE_STDARG_H=''
NEXT_AS_FIRST_DIRECTIVE_STDDEF_H='<stddef.h>'
NEXT_AS_FIRST_DIRECTIVE_STDINT_H='<stdint.h>'
NEXT_AS_FIRST_DIRECTIVE_STDIO_H='<stdio.h>'
NEXT_AS_FIRST_DIRECTIVE_STDLIB_H='<stdlib.h>'
NEXT_AS_FIRST_DIRECTIVE_STRING_H='<string.h>'
NEXT_AS_FIRST_DIRECTIVE_SYS_STAT_H='<sys/stat.h>'
NEXT_AS_FIRST_DIRECTIVE_SYS_TYPES_H='<sys/types.h>'
NEXT_AS_FIRST_DIRECTIVE_TIME_H='<time.h>'
NEXT_AS_FIRST_DIRECTIVE_UNISTD_H='<unistd.h>'
NEXT_AS_FIRST_DIRECTIVE_WCHAR_H='<wchar.h>'
NEXT_ERRNO_H=''
NEXT_ERROR_H='<error.h>'
NEXT_FCNTL_H='<fcntl.h>'
NEXT_GETOPT_H='<getopt.h>'
NEXT_ICONV_H='<iconv.h>'
NEXT_INTTYPES_H='<inttypes.h>'
NEXT_LIMITS_H='<limits.h>'
NEXT_STDARG_H='<stdarg.h>'
NEXT_STDDEF_H='<stddef.h>'
NEXT_STDINT_H='<stdint.h>'
NEXT_STDIO_H='<stdio.h>'
NEXT_STDLIB_H='<stdlib.h>'
NEXT_STRING_H='<string.h>'
NEXT_SYS_STAT_H='<sys/stat.h>'
NEXT_SYS_TYPES_H='<sys/types.h>'
NEXT_TIME_H='<time.h>'
NEXT_UNISTD_H='<unistd.h>'
NEXT_WCHAR_H='<wchar.h>'
NM='/usr/bin/nm -B'
NMEDIT=''
NULLPTR_T_NEEDS_STDDEF='1'
NUMBER_VERSION='0x02030008'
OBJDUMP='objdump'
OBJEXT='o'
OTOOL64=''
OTOOL=''
PACKAGE='libidn2'
PACKAGE_BUGREPORT='help-libidn@gnu.org'
PACKAGE_NAME='Libidn2'
PACKAGE_STRING='Libidn2 2.3.8'
PACKAGE_TARNAME='libidn2'
PACKAGE_URL='https://www.gnu.org/software/libidn/#libidn2'
PACKAGE_VERSION='2.3.8'
PATCH_VERSION='8'
PATH_SEPARATOR=':'
PKG_CONFIG='/usr/bin/pkg-config'
POSUB='po'
PRAGMA_COLUMNS=''
PRAGMA_SYSTEM_HEADER='#pragma GCC system_header'
PRIPTR_PREFIX='__PRIPTR_PREFIX'
PTHREAD_H_DEFINES_STRUCT_TIMESPEC='0'
PTRDIFF_T_SUFFIX=''
RANLIB='ranlib'
REPLACE_ABORT='0'
REPLACE_ACCESS='0'
REPLACE_ALIGNED_ALLOC='0'
REPLACE_BTOWC='0'
REPLACE_CALLOC_FOR_CALLOC_GNU='0'
REPLACE_CALLOC_FOR_CALLOC_POSIX='0'
REPLACE_CANONICALIZE_FILE_NAME='0'
REPLACE_CHMOD='0'
REPLACE_CHOWN='0'
REPLACE_CLOSE='0'
REPLACE_COPY_FILE_RANGE='0'
REPLACE_CREAT='0'
REPLACE_CTIME='0'
REPLACE_DPRINTF='0'
REPLACE_DUP2='0'
REPLACE_DUP3='0'
REPLACE_DUP='0'
REPLACE_ERROR='0'
REPLACE_ERROR_AT_LINE='0'
REPLACE_EXECL='0'
REPLACE_EXECLE='0'
REPLACE_EXECLP='0'
REPLACE_EXECV='0'
REPLACE_EXECVE='0'
REPLACE_EXECVP='0'
REPLACE_EXECVPE='0'
REPLACE_FACCESSAT='0'
REPLACE_FCHDIR='0'
REPLACE_FCHMODAT='0'
REPLACE_FCHOWNAT='0'
REPLACE_FCLOSE='0'
REPLACE_FCNTL='1'
REPLACE_FDATASYNC='0'
REPLACE_FDOPEN='0'
REPLACE_FFLUSH='0'
REPLACE_FFSLL='0'
REPLACE_FOPEN='0'
REPLACE_FOPEN_FOR_FOPEN_GNU='0'
REPLACE_FPRINTF='0'
REPLACE_FPURGE='0'
REPLACE_FREE='1'
REPLACE_FREOPEN='0'
REPLACE_FSEEK='0'
REPLACE_FSEEKO='0'
REPLACE_FSTAT='0'
REPLACE_FSTATAT='0'
REPLACE_FTELL='0'
REPLACE_FTELLO='0'
REPLACE_FTRUNCATE='0'
REPLACE_FUTIMENS='0'
REPLACE_GETCWD='0'
REPLACE_GETDELIM='0'
REPLACE_GETDOMAINNAME='0'
REPLACE_GETDTABLESIZE='0'
REPLACE_GETENTROPY='0'
REPLACE_GETGROUPS='0'
REPLACE_GETLINE='0'
REPLACE_GETLOADAVG='0'
REPLACE_GETLOGIN_R='0'
REPLACE_GETPAGESIZE='0'
REPLACE_GETPASS='0'
REPLACE_GETPASS_FOR_GETPASS_GNU='0'
REPLACE_GETPROGNAME='0'
REPLACE_GETSUBOPT='0'
REPLACE_GETUSERSHELL='0'
REPLACE_GMTIME='0'
REPLACE_ICONV='0'
REPLACE_ICONV_OPEN='0'
REPLACE_ICONV_UTF='0'
REPLACE_IMAXABS='0'
REPLACE_IMAXDIV='0'
REPLACE_INITSTATE='0'
REPLACE_ISATTY='0'
REPLACE_LCHOWN='0'
REPLACE_LINK='0'
REPLACE_LINKAT='0'
REPLACE_LOCALTIME='0'
REPLACE_LOCALTIME_R='0'
REPLACE_LOCALTIME_RZ='0'
REPLACE_LSEEK='0'
REPLACE_LSTAT='0'
REPLACE_MALLOC_FOR_MALLOC_GNU='0'
REPLACE_MALLOC_FOR_MALLOC_POSIX='0'
REPLACE_MBRLEN='0'
REPLACE_MBRTOWC='0'
REPLACE_MBSINIT='0'
REPLACE_MBSNRTOWCS='0'
REPLACE_MBSRTOWCS='0'
REPLACE_MBSTATE_T='0'
REPLACE_MBSTOWCS='0'
REPLACE_MBTOWC='0'
REPLACE_MB_CUR_MAX='0'
REPLACE_MEMCHR='0'
REPLACE_MEMMEM='0'
REPLACE_MEMPCPY='0'
REPLACE_MEMSET_EXPLICIT='0'
REPLACE_MKDIR='0'
REPLACE_MKFIFO='0'
REPLACE_MKFIFOAT='0'
REPLACE_MKNOD='0'
REPLACE_MKNODAT='0'
REPLACE_MKOSTEMP='0'
REPLACE_MKOSTEMPS='0'
REPLACE_MKSTEMP='0'
REPLACE_MKTIME='0'
REPLACE_MKTIME_Z='0'
REPLACE_NANOSLEEP='0'
REPLACE_NULL='0'
REPLACE_OBSTACK_PRINTF='0'
REPLACE_OPEN='0'
REPLACE_OPENAT='0'
REPLACE_PERROR='0'
REPLACE_PIPE2='0'
REPLACE_POPEN='0'
REPLACE_POSIX_MEMALIGN='0'
REPLACE_POSIX_OPENPT='0'
REPLACE_PREAD='0'
REPLACE_PRINTF='0'
REPLACE_PTSNAME='0'
REPLACE_PTSNAME_R='0'
REPLACE_PUTENV='0'
REPLACE_PWRITE='0'
REPLACE_QSORT_R='0'
REPLACE_RAND='0'
REPLACE_RANDOM='0'
REPLACE_RANDOM_R='0'
REPLACE_READ='0'
REPLACE_READLINK='0'
REPLACE_READLINKAT='0'
REPLACE_REALLOCARRAY='0'
REPLACE_REALLOC_FOR_REALLOC_POSIX='0'
REPLACE_REALPATH='0'
REPLACE_REMOVE='0'
REPLACE_RENAME='0'
REPLACE_RENAMEAT='0'
REPLACE_RMDIR='0'
REPLACE_SETENV='0'
REPLACE_SETHOSTNAME='0'
REPLACE_SETSTATE='0'
REPLACE_SLEEP='0'
REPLACE_SNPRINTF='0'
REPLACE_SPRINTF='0'
REPLACE_STAT='0'
REPLACE_STDIO_READ_FUNCS='0'
REPLACE_STDIO_WRITE_FUNCS='0'
REPLACE_STPCPY='0'
REPLACE_STPNCPY='0'
REPLACE_STRCASESTR='0'
REPLACE_STRCHRNUL='0'
REPLACE_STRDUP='0'
REPLACE_STRERROR='0'
REPLACE_STRERRORNAME_NP='0'
REPLACE_STRERROR_R='0'
REPLACE_STRFTIME='0'
REPLACE_STRNCAT='0'
REPLACE_STRNDUP='0'
REPLACE_STRNLEN='0'
REPLACE_STRSIGNAL='0'
REPLACE_STRSTR='0'
REPLACE_STRTOD='0'
REPLACE_STRTOF='0'
REPLACE_STRTOIMAX='0'
REPLACE_STRTOK_R='0'
REPLACE_STRTOL='0'
REPLACE_STRTOLD='0'
REPLACE_STRTOLL='0'
REPLACE_STRTOUL='0'
REPLACE_STRTOULL='0'
REPLACE_STRTOUMAX='0'
REPLACE_STRVERSCMP='0'
REPLACE_SYMLINK='0'
REPLACE_SYMLINKAT='0'
REPLACE_TIME='0'
REPLACE_TIMEGM='0'
REPLACE_TIMESPEC_GET='0'
REPLACE_TIMESPEC_GETRES='0'
REPLACE_TMPFILE='0'
REPLACE_TRUNCATE='0'
REPLACE_TTYNAME_R='0'
REPLACE_TZSET='0'
REPLACE_UNLINK='0'
REPLACE_UNLINKAT='0'
REPLACE_UNSETENV='0'
REPLACE_USLEEP='0'
REPLACE_UTIMENSAT='0'
REPLACE_VASPRINTF='0'
REPLACE_VDPRINTF='0'
REPLACE_VFPRINTF='0'
REPLACE_VPRINTF='0'
REPLACE_VSNPRINTF='0'
REPLACE_VSPRINTF='0'
REPLACE_WCRTOMB='0'
REPLACE_WCSCMP='0'
REPLACE_WCSFTIME='0'
REPLACE_WCSNCAT='0'
REPLACE_WCSNCMP='0'
REPLACE_WCSNRTOMBS='0'
REPLACE_WCSRTOMBS='0'
REPLACE_WCSSTR='0'
REPLACE_WCSTOK='0'
REPLACE_WCSWIDTH='0'
REPLACE_WCTOB='0'
REPLACE_WCTOMB='0'
REPLACE_WCWIDTH='0'
REPLACE_WMEMCMP='0'
REPLACE_WMEMPCPY='0'
REPLACE_WRITE='0'
REPLACE__EXIT='0'
SED='/bin/sed'
SET_MAKE=''
SHELL='/bin/sh'
SIG_ATOMIC_T_SUFFIX=''
SIZE_T_SUFFIX=''
STDARG_H=''
STDCKDINT_H=''
STDDEF_H='stddef.h'
STDDEF_NOT_IDEMPOTENT='0'
STDINT_H='stdint.h'
STRIP='strip'
SYS_TIME_H_DEFINES_STRUCT_TIMESPEC='0'
TEST_GLIBC_FALSE=''
TEST_GLIBC_TRUE='#'
TIME_H_DEFINES_STRUCT_TIMESPEC='1'
TIME_H_DEFINES_TIME_UTC='1'
UINT32_MAX_LT_UINTMAX_MAX='1'
UINT64_MAX_EQ_ULONG_MAX='defined _LP64'
UNDEFINE_STRTOK_R='0'
UNISTD_H_DEFINES_STRUCT_TIMESPEC='0'
UNISTD_H_HAVE_SYS_RANDOM_H='0'
UNISTD_H_HAVE_WINSOCK2_H='0'
UNISTD_H_HAVE_WINSOCK2_H_AND_USE_SOCKETS='0'
USE_NLS='yes'
VALGRIND=''
VALGRINDFLAGS=''
VALGRIND_PROGRAM=''
VERSION='2.3.8'
WARN_CFLAGS=' -fanalyzer -fstrict-flex-arrays -Wall -Warith-conversion -Wcast-align=strict -Wdate-time -Wdisabled-optimization -Wdouble-promotion -Wduplicated-branches -Wduplicated-cond -Wextra -Wformat-signedness -Wflex-array-member-not-at-end -Winit-self -Winvalid-pch -Wlogical-op -Wmissing-declarations -Wmissing-include-dirs -Wmissing-prototypes -Wmissing-variable-declarations -Wnested-externs -Wnull-dereference -Wold-style-definition -Wopenmp-simd -Woverlength-strings -Wpacked -Wpointer-arith -Wshadow -Wstack-protector -Wstrict-flex-arrays -Wstrict-prototypes -Wsuggest-attribute=cold -Wsuggest-attribute=format -Wsuggest-attribute=malloc -Wsuggest-attribute=noreturn -Wsuggest-final-methods -Wsuggest-final-types -Wsync-nand -Wtrampolines -Wuninitialized -Wunknown-pragmas -Wunsafe-loop-optimizations -Wunused-macros -Wvariadic-macros -Wvector-operation-performance -Wvla -Wwrite-strings -Warray-bounds=2 -Wattribute-alias=2 -Wbidi-chars=any,ucn -Wformat-overflow=2 -Wformat=2 -Wformat-truncation=2 -Wimplicit-fallthrough=5 -Wshift-overflow=2 -Wuse-after-free=3 -Wunused-const-variable=2 -Wvla-larger-than=4031 -Wno-analyzer-malloc-leak -Wno-sign-compare -Wno-system-headers'
WCHAR_T_SUFFIX=''
WERROR_CFLAGS=''
WERROR_TESTS_CFLAGS=''
WINDOWS_64_BIT_OFF_T='0'
WINDOWS_64_BIT_ST_SIZE='0'
WINDOWS_STAT_INODES='0'
WINDOWS_STAT_TIMESPEC='0'
WINT_T_SUFFIX=''
XGETTEXT=':'
XGETTEXT_015=':'
XGETTEXT_EXTRA_OPTIONS=' --flag=error:3:c-format --flag=error_at_line:5:c-format'
ac_ct_AR='ar'
ac_ct_CC='gcc'
ac_ct_DUMPBIN=''
am__EXEEXT_FALSE=''
am__EXEEXT_TRUE='#'
am__fastdepCC_FALSE='#'
am__fastdepCC_TRUE=''
am__include='include'
am__isrc=''
am__leading_dot='.'
am__nodep='_no'
am__quote=''
am__tar='tar --format=ustar -chf - "$$tardir"'
am__untar='tar -xf -'
bindir='${exec_prefix}/bin'
build='x86_64-pc-linux-musl'
build_alias=''
build_cpu='x86_64'
build_os='linux-musl'
build_vendor='pc'
datadir='${datarootdir}'
datarootdir='${prefix}/share'
docdir='${datarootdir}/doc/${PACKAGE_TARNAME}'
dvidir='${docdir}'
exec_prefix='${prefix}'
gl_LIBOBJDEPS=''
gl_LIBOBJS=''
gl_LTLIBOBJS=''
gltests_LIBOBJDEPS=''
gltests_LIBOBJS=''
gltests_LTLIBOBJS=''
gltests_WITNESS='IN_LIBIDN2_GNULIB_TESTS'
host='x86_64-pc-linux-musl'
host_alias=''
host_cpu='x86_64'
host_os='linux-musl'
host_vendor='pc'
htmldir='${docdir}'
ifGNUmake=''
ifnGNUmake=''
includedir='${prefix}/include'
infodir='${datarootdir}/info'
install_sh='${SHELL} /home/bloink/Work/unnamedlinuxdistro/libidn2/build-aux/install-sh'
libdir='${exec_prefix}/lib'
libexecdir='${exec_prefix}/libexec'
localedir='${datarootdir}/locale'
localstatedir='${prefix}/var'
mandir='${datarootdir}/man'
mkdir_p='$(MKDIR_P)'
oldincludedir='/usr/include'
pdfdir='${docdir}'
prefix='/home/bloink/Work/unnamedlinuxdistro/fs'
program_transform_name='s,x,x,'
psdir='${docdir}'
runstatedir='${localstatedir}/run'
sbindir='${exec_prefix}/sbin'
sharedstatedir='${prefix}/com'
sysconfdir='${prefix}/etc'
target_alias=''
unistring_LIBOBJDEPS=''
unistring_LIBOBJS=''
unistring_LTLIBOBJS=''
unistringtests_LIBOBJDEPS=''
unistringtests_LIBOBJS=''
unistringtests_LTLIBOBJS=''
unistringtests_WITNESS='IN_LIBIDN2_GNULIB_TESTS'

## ----------- ##
## confdefs.h. ##
## ----------- ##

/* confdefs.h */
#define PACKAGE_NAME "Libidn2"
#define PACKAGE_TARNAME "libidn2"
#define PACKAGE_VERSION "2.3.8"
#define PACKAGE_STRING "Libidn2 2.3.8"
#define PACKAGE_BUGREPORT "help-libidn@gnu.org"
#define PACKAGE_URL "https://www.gnu.org/software/libidn/#libidn2"
#define PACKAGE "libidn2"
#define VERSION "2.3.8"
#define HAVE_STDIO_H 1
#define HAVE_STDLIB_H 1
#define HAVE_STRING_H 1
#define HAVE_INTTYPES_H 1
#define HAVE_STDINT_H 1
#define HAVE_STRINGS_H 1
#define HAVE_SYS_STAT_H 1
#define HAVE_SYS_TYPES_H 1
#define HAVE_UNISTD_H 1
#define HAVE_WCHAR_H 1
#define HAVE_STDBOOL_H 1
#define HAVE_SYS_SOCKET_H 1
#define HAVE_GETOPT_H 1
#define HAVE_LIMITS_H 1
#define HAVE_SYS_PARAM_H 1
#define HAVE_SYS_TIME_H 1
#define HAVE_STDCKDINT_H 1
#define HAVE_ICONV_H 1
#define HAVE_FEATURES_H 1
#define STDC_HEADERS 1
#define _ALL_SOURCE 1
#define _DARWIN_C_SOURCE 1
#define _GNU_SOURCE 1
#define _HPUX_ALT_XOPEN_SOCKET_API 1
#define _NETBSD_SOURCE 1
#define _OPENBSD_SOURCE 1
#define _POSIX_PTHREAD_SEMANTICS 1
#define __STDC_WANT_IEC_60559_ATTRIBS_EXT__ 1
#define __STDC_WANT_IEC_60559_BFP_EXT__ 1
#define __STDC_WANT_IEC_60559_DFP_EXT__ 1
#define __STDC_WANT_IEC_60559_EXT__ 1
#define __STDC_WANT_IEC_60559_FUNCS_EXT__ 1
#define __STDC_WANT_IEC_60559_TYPES_EXT__ 1
#define __STDC_WANT_LIB_EXT2__ 1
#define __STDC_WANT_MATH_SPEC_FUNCS__ 1
#define _TANDEM_SOURCE 1
#define __EXTENSIONS__ 1
#define _LINUX_SOURCE_COMPAT 1
#define __USE_MINGW_ANSI_STDIO 1
#define HAVE_DLFCN_H 1
#define LT_OBJDIR ".libs/"
#define HAVE_ALLOCA_H 1
#define HAVE_ALLOCA 1
#define HAVE_FCNTL 1
#define HAVE_SYMLINK 1
#define HAVE_GETDTABLESIZE 1
#define HAVE_LSTAT 1
#define HAVE_DECL_STRERROR_R 1
#define HAVE_STRERROR_R 1
#define HAVE_WORKING_O_NOATIME 1
#define HAVE_WORKING_O_NOFOLLOW 1
#define restrict __restrict__
#define HAVE_DECL_GETDELIM 1
#define HAVE_DECL_GETDTABLESIZE 1
#define HAVE_DECL_GETLINE 1
#define HAVE_GETOPT_H 1
#define HAVE_GETOPT_LONG_ONLY 1
#define MUSL_LIBC 1
#define HAVE_MALLOC_PTRDIFF 1
#define HAVE_MALLOC_POSIX 1
#define HAVE_MALLOC_0_NONNULL 1
#define PROMOTED_MODE_T mode_t
#define HAVE_WINT_T 1
#define HAVE_LONG_LONG_INT 1
#define HAVE_UNSIGNED_LONG_LONG_INT 1
#define HAVE_DECL_FCLOSEALL 0
#define HAVE_DECL_GETW 1
#define HAVE_DECL_PUTW 1
#define HAVE_LANGINFO_CODESET 1
#define HAVE_DECL_ECVT 1
#define HAVE_DECL_FCVT 1
#define HAVE_DECL_GCVT 1
#define _USE_STD_STAT 1
#define HAVE_DECL_EXECVPE 1
#define HAVE_ALLOCA 1
#define HAVE_C_STATIC_ASSERT 1
#define HAVE_C_BOOL 1
#define GNULIB_TEST_CLOEXEC 1
#define GNULIB_TEST_CLOSE 1
#define GNULIB_CLOSE 1
#define GNULIB_TEST_DUP2 1
#define GNULIB_TEST_FCNTL 1
#define GNULIB_TEST_FSTAT 1
#define GNULIB_FSTAT 1
#define HAVE_GETDELIM 1
#define GNULIB_TEST_GETDELIM 1
#define GNULIB_TEST_GETDTABLESIZE 1
#define HAVE_GETLINE 1
#define GNULIB_TEST_GETLINE 1
#define __GETOPT_PREFIX rpl_
#define GNULIB_TEST_GETOPT_POSIX 1
#define HAVE_DECL_PROGRAM_INVOCATION_NAME 1
#define HAVE_DECL_PROGRAM_INVOCATION_NAME 1
#define HAVE_DECL_PROGRAM_INVOCATION_SHORT_NAME 1
#define HAVE_DECL___ARGV 0
#define GNULIB_TEST_GETPROGNAME 1
#define GNULIB_LOCALEDIR "/home/bloink/Work/unnamedlinuxdistro/fs/share/locale"
#define HAVE_INLINE 1
#define HAVE_VISIBILITY 1
#define HAVE___INLINE 1
#define GNULIB_MSVC_NOTHROW 1
#define GNULIB_TEST_OPEN 1
#define HAVE_DECL_PROGRAM_INVOCATION_NAME 1
#define HAVE_DECL_PROGRAM_INVOCATION_SHORT_NAME 1
#define GNULIB_TEST_RAWMEMCHR 1
#define GNULIB_TEST_STAT 1
#define GNULIB_STAT 1
#define HAVE_STRUCT_STAT_ST_ATIM_TV_NSEC 1
#define TYPEOF_STRUCT_STAT_ST_ATIM_IS_STRUCT_TIMESPEC 1
#define GNULIB_TEST_FSCANF 1
#define GNULIB_FSCANF 1
#define GNULIB_TEST_SCANF 1
#define GNULIB_SCANF 1
#define GNULIB_TEST_FGETC 1
#define GNULIB_TEST_GETC 1
#define GNULIB_TEST_GETCHAR 1
#define GNULIB_TEST_FGETS 1
#define GNULIB_TEST_FREAD 1
#define GNULIB_TEST_FPRINTF 1
#define GNULIB_TEST_PRINTF 1
#define GNULIB_TEST_VFPRINTF 1
#define GNULIB_TEST_VPRINTF 1
#define GNULIB_TEST_FPUTC 1
#define GNULIB_TEST_PUTC 1
#define GNULIB_TEST_PUTCHAR 1
#define GNULIB_TEST_FPUTS 1
#define GNULIB_TEST_PUTS 1
#define GNULIB_TEST_FWRITE 1
#define HAVE_STRCHRNUL 1
#define GNULIB_TEST_STRCHRNUL 1
#define GNULIB_STRERROR 1
#define GNULIB_TEST_STRERROR 1
#define HAVE_STRVERSCMP 1
#define GNULIB_TEST_STRVERSCMP 1
#define HAVE_C_VARARRAYS 1
#define HAVE_ICONV 1
#define ICONV_CONST 
#define HAVE_LIBUNISTRING 1
#define HAVE_UNISTRING_WOE32DLL_H 1
#define HAVE_DECL_WCSDUP 1
#define HAVE_C_BOOL 1
#define GNULIB_TEST_FREE_POSIX 1
#define HAVE_INLINE 1
#define GNULIB_TEST_UNINORM_U32_NORMALIZE 1
#define GNULIB_UNISTR_U32_MBTOUC_UNSAFE 1
#define GNULIB_UNISTR_U32_UCTOMB 1
#define GNULIB_UNISTR_U8_MBTOUC 1
#define GNULIB_UNISTR_U8_MBTOUC_UNSAFE 1
#define GNULIB_UNISTR_U8_MBTOUCR 1
#define GNULIB_UNISTR_U8_UCTOMB 1
#define GNULIB_NO_VLA 1
#define HAVE_SYMVER_ALIAS_SUPPORT 1
#define ENABLE_NLS 1
#define HAVE_GETTEXT 1
#define HAVE_DCGETTEXT 1

configure: exit 0
