This file contains any messages produced by compilers while
running configure, to aid debugging if configure makes a mistake.

It was created by libunistring configure dummy, which was
generated by GNU Autoconf 2.72.  Invocation command line was

  $ ./configure --prefix=/home/bloink/Work/unnamedlinuxdistro/fs/ --disable-static

## --------- ##
## Platform. ##
## --------- ##

hostname = aerynos
uname -m = x86_64
uname -r = 7.1.8-50.stable
uname -s = Linux
uname -v = #1 SMP PREEMPT_DYNAMIC 2026-08-15

/usr/bin/uname -p = unknown
/bin/uname -X     = unknown

/bin/arch              = x86_64
/usr/bin/arch -k       = unknown
/usr/convex/getsysinfo = unknown
/usr/bin/hostinfo      = unknown
/bin/machine           = unknown
/usr/bin/oslevel       = unknown
/bin/universe          = unknown

PATH: /usr/bin/
PATH: /home/bloink/.npm-global/bin/
PATH: /usr/local/sbin/
PATH: /usr/local/bin/
PATH: /usr/sbin/
PATH: /usr/bin/
PATH: /sbin/
PATH: /bin/


## ----------- ##
## Core tests. ##
## ----------- ##

configure:6006: looking for aux files: config.rpath ltmain.sh config.guess config.sub compile missing install-sh
configure:6019:  trying ./build-aux/
configure:6048:   ./build-aux/config.rpath found
configure:6048:   ./build-aux/ltmain.sh found
configure:6048:   ./build-aux/config.guess found
configure:6048:   ./build-aux/config.sub found
configure:6048:   ./build-aux/compile found
configure:6048:   ./build-aux/missing found
configure:6030:   ./build-aux/install-sh found
configure:6186: checking for a BSD-compatible install
configure:6260: result: /usr/bin/install -c
configure:6271: checking whether sleep supports fractional seconds
configure:6287: result: yes
configure:6290: checking filesystem timestamp resolution
configure:6425: result: 0.01
configure:6430: checking whether build environment is sane
configure:6475: result: yes
configure:6646: checking for a race-free mkdir -p
configure:6689: result: /bin/mkdir -p
configure:6696: checking for gawk
configure:6717: found /usr/bin/gawk
configure:6729: result: gawk
configure:6740: checking whether make sets $(MAKE)
configure:6764: result: yes
configure:6790: checking whether make supports nested variables
configure:6809: result: yes
configure:6823: checking xargs -n works
configure:6839: result: yes
configure:6921: checking whether UID '1000' is supported by ustar format
configure:6927: result: yes
configure:6934: checking whether GID '1000' is supported by ustar format
configure:6940: result: yes
configure:6948: checking how to create a ustar tar archive
configure:6959: tar --version
tar (GNU tar) 1.35
Copyright (C) 2023 Free Software Foundation, Inc.
License GPLv3+: GNU GPL version 3 or later <https://gnu.org/licenses/gpl.html>.
This is free software: you are free to change and redistribute it.
There is NO WARRANTY, to the extent permitted by law.

Written by John Gilmore and Jay Fenlason.
configure:6962: $? = 0
configure:7002: tardir=conftest.dir && eval tar --format=ustar -chf - "$tardir" >conftest.tar
configure:7005: $? = 0
configure:7009: tar -xf - <conftest.tar
configure:7012: $? = 0
configure:7014: cat conftest.dir/file
GrepMe
configure:7017: $? = 0
configure:7032: result: gnutar
configure:7152: checking for gcc
configure:7173: found /usr/bin/gcc
configure:7185: result: gcc
configure:7544: checking for C compiler version
configure:7553: gcc --version >&5
gcc (Alpine 15.2.0) 15.2.0
Copyright (C) 2025 Free Software Foundation, Inc.
This is free software; see the source for copying conditions.  There is NO
warranty; not even for MERCHANTABILITY or FITNESS FOR A PARTICULAR PURPOSE.

configure:7564: $? = 0
configure:7553: gcc -v >&5
Using built-in specs.
COLLECT_GCC=gcc
COLLECT_LTO_WRAPPER=/usr/libexec/gcc/x86_64-alpine-linux-musl/15.2.0/lto-wrapper
Target: x86_64-alpine-linux-musl
Configured with: /home/buildozer/aports/main/gcc/src/gcc-15.2.0/configure --prefix=/usr --mandir=/usr/share/man --infodir=/usr/share/info --build=x86_64-alpine-linux-musl --host=x86_64-alpine-linux-musl --target=x86_64-alpine-linux-musl --enable-checking=release --disable-cet --disable-fixed-point --disable-libstdcxx-pch --disable-multilib --disable-nls --disable-werror --disable-symvers --enable-__cxa_atexit --enable-default-pie --enable-default-ssp --enable-languages=c,c++,d,objc,go,fortran,ada --enable-link-serialization=2 --enable-linker-build-id --disable-libssp --enable-libsanitizer --enable-shared --enable-threads --enable-tls --with-bugurl=https://gitlab.alpinelinux.org/alpine/aports/-/issues --with-system-zlib --with-linker-hash-style=gnu --with-pkgversion='Alpine 15.2.0'
Thread model: posix
Supported LTO compression algorithms: zlib
gcc version 15.2.0 (Alpine 15.2.0) 
configure:7564: $? = 0
configure:7553: gcc -V >&5
gcc: error: unrecognized command-line option '-V'
gcc: fatal error: no input files
compilation terminated.
configure:7564: $? = 1
configure:7553: gcc -qversion >&5
gcc: error: unrecognized command-line option '-qversion'; did you mean '--version'?
gcc: fatal error: no input files
compilation terminated.
configure:7564: $? = 1
configure:7553: gcc -version >&5
gcc: error: unrecognized command-line option '-version'
gcc: fatal error: no input files
compilation terminated.
configure:7564: $? = 1
configure:7584: checking whether the C compiler works
configure:7606: gcc    conftest.c  >&5
configure:7610: $? = 0
configure:7661: result: yes
configure:7665: checking for C compiler default output file name
configure:7667: result: a.out
configure:7673: checking for suffix of executables
configure:7680: gcc -o conftest    conftest.c  >&5
configure:7684: $? = 0
configure:7708: result: 
configure:7732: checking whether we are cross compiling
configure:7740: gcc -o conftest    conftest.c  >&5
configure:7744: $? = 0
configure:7751: ./conftest
configure:7755: $? = 0
configure:7770: result: no
configure:7776: checking for suffix of object files
configure:7799: gcc -c   conftest.c >&5
configure:7803: $? = 0
configure:7827: result: o
configure:7831: checking whether the compiler supports GNU C
configure:7851: gcc -c   conftest.c >&5
configure:7851: $? = 0
configure:7863: result: yes
configure:7874: checking whether gcc accepts -g
configure:7895: gcc -c -g  conftest.c >&5
configure:7895: $? = 0
configure:7942: result: yes
configure:7962: checking for gcc option to enable C11 features
configure:7977: gcc  -c -g -O2  conftest.c >&5
configure:7977: $? = 0
configure:7996: result: none needed
configure:8120: checking whether gcc understands -c and -o together
configure:8143: gcc -c conftest.c -o conftest2.o
configure:8146: $? = 0
configure:8143: gcc -c conftest.c -o conftest2.o
configure:8146: $? = 0
configure:8162: result: yes
configure:8180: checking whether the compiler is clang
configure:8202: gcc -c -g -O2  conftest.c >&5
configure:8202: $? = 0
configure:8213: result: no
configure:8217: checking for compiler option needed when checking for declarations
configure:8252: result: none
configure:8264: checking whether make supports the include directive
configure:8279: make -f confmf.GNU && cat confinc.out
this is the am__doit target
configure:8282: $? = 0
configure:8301: result: yes (GNU style)
configure:8327: checking dependency style of gcc
configure:8440: result: gcc3
configure:8460: checking how to run the C preprocessor
configure:8486: gcc -E  conftest.c
configure:8486: $? = 0
configure:8502: gcc -E  conftest.c
conftest.c:15:10: fatal error: ac_nonexistent.h: No such file or directory
   15 | #include <ac_nonexistent.h>
      |          ^~~~~~~~~~~~~~~~~~
compilation terminated.
configure:8502: $? = 1
configure: failed program was:
| /* confdefs.h */
| #define PACKAGE_NAME "libunistring"
| #define PACKAGE_TARNAME "libunistring"
| #define PACKAGE_VERSION "dummy"
| #define PACKAGE_STRING "libunistring dummy"
| #define PACKAGE_BUGREPORT ""
| #define PACKAGE_URL ""
| #undef PACKAGE_VERSION
| #define PACKAGE_VERSION "1.4.2"
| #undef PACKAGE_STRING
| #define PACKAGE_STRING "libunistring 1.4.2"
| #define PACKAGE "libunistring"
| #define VERSION "1.4.2"
| /* end confdefs.h.  */
| #include <ac_nonexistent.h>
configure:8531: result: gcc -E
configure:8545: gcc -E  conftest.c
configure:8545: $? = 0
configure:8561: gcc -E  conftest.c
conftest.c:15:10: fatal error: ac_nonexistent.h: No such file or directory
   15 | #include <ac_nonexistent.h>
      |          ^~~~~~~~~~~~~~~~~~
compilation terminated.
configure:8561: $? = 1
configure: failed program was:
| /* confdefs.h */
| #define PACKAGE_NAME "libunistring"
| #define PACKAGE_TARNAME "libunistring"
| #define PACKAGE_VERSION "dummy"
| #define PACKAGE_STRING "libunistring dummy"
| #define PACKAGE_BUGREPORT ""
| #define PACKAGE_URL ""
| #undef PACKAGE_VERSION
| #define PACKAGE_VERSION "1.4.2"
| #undef PACKAGE_STRING
| #define PACKAGE_STRING "libunistring 1.4.2"
| #define PACKAGE "libunistring"
| #define VERSION "1.4.2"
| /* end confdefs.h.  */
| #include <ac_nonexistent.h>
configure:8603: checking build system type
configure:8619: result: x86_64-pc-linux-musl
configure:8639: checking host system type
configure:8654: result: x86_64-pc-linux-musl
configure:8681: checking for stdio.h
configure:8681: gcc -c -g -O2  conftest.c >&5
configure:8681: $? = 0
configure:8681: result: yes
configure:8681: checking for stdlib.h
configure:8681: gcc -c -g -O2  conftest.c >&5
configure:8681: $? = 0
configure:8681: result: yes
configure:8681: checking for string.h
configure:8681: gcc -c -g -O2  conftest.c >&5
configure:8681: $? = 0
configure:8681: result: yes
configure:8681: checking for inttypes.h
configure:8681: gcc -c -g -O2  conftest.c >&5
configure:8681: $? = 0
configure:8681: result: yes
configure:8681: checking for stdint.h
configure:8681: gcc -c -g -O2  conftest.c >&5
configure:8681: $? = 0
configure:8681: result: yes
configure:8681: checking for strings.h
configure:8681: gcc -c -g -O2  conftest.c >&5
configure:8681: $? = 0
configure:8681: result: yes
configure:8681: checking for sys/stat.h
configure:8681: gcc -c -g -O2  conftest.c >&5
configure:8681: $? = 0
configure:8681: result: yes
configure:8681: checking for sys/types.h
configure:8681: gcc -c -g -O2  conftest.c >&5
configure:8681: $? = 0
configure:8681: result: yes
configure:8681: checking for unistd.h
configure:8681: gcc -c -g -O2  conftest.c >&5
configure:8681: $? = 0
configure:8681: result: yes
configure:8681: checking for wchar.h
configure:8681: gcc -c -g -O2  conftest.c >&5
configure:8681: $? = 0
configure:8681: result: yes
configure:8681: checking for minix/config.h
configure:8681: gcc -c -g -O2  conftest.c >&5
conftest.c:53:10: fatal error: minix/config.h: No such file or directory
   53 | #include <minix/config.h>
      |          ^~~~~~~~~~~~~~~~
compilation terminated.
configure:8681: $? = 1
configure: failed program was:
| /* confdefs.h */
| #define PACKAGE_NAME "libunistring"
| #define PACKAGE_TARNAME "libunistring"
| #define PACKAGE_VERSION "dummy"
| #define PACKAGE_STRING "libunistring dummy"
| #define PACKAGE_BUGREPORT ""
| #define PACKAGE_URL ""
| #undef PACKAGE_VERSION
| #define PACKAGE_VERSION "1.4.2"
| #undef PACKAGE_STRING
| #define PACKAGE_STRING "libunistring 1.4.2"
| #define PACKAGE "libunistring"
| #define VERSION "1.4.2"
| #define HAVE_STDIO_H 1
| #define HAVE_STDLIB_H 1
| #define HAVE_STRING_H 1
| #define HAVE_INTTYPES_H 1
| #define HAVE_STDINT_H 1
| #define HAVE_STRINGS_H 1
| #define HAVE_SYS_STAT_H 1
| #define HAVE_SYS_TYPES_H 1
| #define HAVE_UNISTD_H 1
| #define HAVE_WCHAR_H 1
| /* end confdefs.h.  */
| #include <stddef.h>
| #ifdef HAVE_STDIO_H
| # include <stdio.h>
| #endif
| #ifdef HAVE_STDLIB_H
| # include <stdlib.h>
| #endif
| #ifdef HAVE_STRING_H
| # include <string.h>
| #endif
| #ifdef HAVE_INTTYPES_H
| # include <inttypes.h>
| #endif
| #ifdef HAVE_STDINT_H
| # include <stdint.h>
| #endif
| #ifdef HAVE_STRINGS_H
| # include <strings.h>
| #endif
| #ifdef HAVE_SYS_TYPES_H
| # include <sys/types.h>
| #endif
| #ifdef HAVE_SYS_STAT_H
| # include <sys/stat.h>
| #endif
| #ifdef HAVE_UNISTD_H
| # include <unistd.h>
| #endif
| #include <minix/config.h>
configure:8681: result: no
configure:8681: checking for stdbool.h
configure:8681: gcc -c -g -O2  conftest.c >&5
configure:8681: $? = 0
configure:8681: result: yes
configure:8681: checking for uchar.h
configure:8681: gcc -c -g -O2  conftest.c >&5
configure:8681: $? = 0
configure:8681: result: yes
configure:8681: checking for threads.h
configure:8681: gcc -c -g -O2  conftest.c >&5
configure:8681: $? = 0
configure:8681: result: yes
configure:8681: checking for xlocale.h
configure:8681: gcc -c -g -O2  conftest.c >&5
conftest.c:56:10: fatal error: xlocale.h: No such file or directory
   56 | #include <xlocale.h>
      |          ^~~~~~~~~~~
compilation terminated.
configure:8681: $? = 1
configure: failed program was:
| /* confdefs.h */
| #define PACKAGE_NAME "libunistring"
| #define PACKAGE_TARNAME "libunistring"
| #define PACKAGE_VERSION "dummy"
| #define PACKAGE_STRING "libunistring dummy"
| #define PACKAGE_BUGREPORT ""
| #define PACKAGE_URL ""
| #undef PACKAGE_VERSION
| #define PACKAGE_VERSION "1.4.2"
| #undef PACKAGE_STRING
| #define PACKAGE_STRING "libunistring 1.4.2"
| #define PACKAGE "libunistring"
| #define VERSION "1.4.2"
| #define HAVE_STDIO_H 1
| #define HAVE_STDLIB_H 1
| #define HAVE_STRING_H 1
| #define HAVE_INTTYPES_H 1
| #define HAVE_STDINT_H 1
| #define HAVE_STRINGS_H 1
| #define HAVE_SYS_STAT_H 1
| #define HAVE_SYS_TYPES_H 1
| #define HAVE_UNISTD_H 1
| #define HAVE_WCHAR_H 1
| #define HAVE_STDBOOL_H 1
| #define HAVE_UCHAR_H 1
| #define HAVE_THREADS_H 1
| /* end confdefs.h.  */
| #include <stddef.h>
| #ifdef HAVE_STDIO_H
| # include <stdio.h>
| #endif
| #ifdef HAVE_STDLIB_H
| # include <stdlib.h>
| #endif
| #ifdef HAVE_STRING_H
| # include <string.h>
| #endif
| #ifdef HAVE_INTTYPES_H
| # include <inttypes.h>
| #endif
| #ifdef HAVE_STDINT_H
| # include <stdint.h>
| #endif
| #ifdef HAVE_STRINGS_H
| # include <strings.h>
| #endif
| #ifdef HAVE_SYS_TYPES_H
| # include <sys/types.h>
| #endif
| #ifdef HAVE_SYS_STAT_H
| # include <sys/stat.h>
| #endif
| #ifdef HAVE_UNISTD_H
| # include <unistd.h>
| #endif
| #include <xlocale.h>
configure:8681: result: no
configure:8681: checking for langinfo.h
configure:8681: gcc -c -g -O2  conftest.c >&5
configure:8681: $? = 0
configure:8681: result: yes
configure:8681: checking for iconv.h
configure:8681: gcc -c -g -O2  conftest.c >&5
configure:8681: $? = 0
configure:8681: result: yes
configure:8681: checking for limits.h
configure:8681: gcc -c -g -O2  conftest.c >&5
configure:8681: $? = 0
configure:8681: result: yes
configure:8681: checking for crtdefs.h
configure:8681: gcc -c -g -O2  conftest.c >&5
conftest.c:59:10: fatal error: crtdefs.h: No such file or directory
   59 | #include <crtdefs.h>
      |          ^~~~~~~~~~~
compilation terminated.
configure:8681: $? = 1
configure: failed program was:
| /* confdefs.h */
| #define PACKAGE_NAME "libunistring"
| #define PACKAGE_TARNAME "libunistring"
| #define PACKAGE_VERSION "dummy"
| #define PACKAGE_STRING "libunistring dummy"
| #define PACKAGE_BUGREPORT ""
| #define PACKAGE_URL ""
| #undef PACKAGE_VERSION
| #define PACKAGE_VERSION "1.4.2"
| #undef PACKAGE_STRING
| #define PACKAGE_STRING "libunistring 1.4.2"
| #define PACKAGE "libunistring"
| #define VERSION "1.4.2"
| #define HAVE_STDIO_H 1
| #define HAVE_STDLIB_H 1
| #define HAVE_STRING_H 1
| #define HAVE_INTTYPES_H 1
| #define HAVE_STDINT_H 1
| #define HAVE_STRINGS_H 1
| #define HAVE_SYS_STAT_H 1
| #define HAVE_SYS_TYPES_H 1
| #define HAVE_UNISTD_H 1
| #define HAVE_WCHAR_H 1
| #define HAVE_STDBOOL_H 1
| #define HAVE_UCHAR_H 1
| #define HAVE_THREADS_H 1
| #define HAVE_LANGINFO_H 1
| #define HAVE_ICONV_H 1
| #define HAVE_LIMITS_H 1
| /* end confdefs.h.  */
| #include <stddef.h>
| #ifdef HAVE_STDIO_H
| # include <stdio.h>
| #endif
| #ifdef HAVE_STDLIB_H
| # include <stdlib.h>
| #endif
| #ifdef HAVE_STRING_H
| # include <string.h>
| #endif
| #ifdef HAVE_INTTYPES_H
| # include <inttypes.h>
| #endif
| #ifdef HAVE_STDINT_H
| # include <stdint.h>
| #endif
| #ifdef HAVE_STRINGS_H
| # include <strings.h>
| #endif
| #ifdef HAVE_SYS_TYPES_H
| # include <sys/types.h>
| #endif
| #ifdef HAVE_SYS_STAT_H
| # include <sys/stat.h>
| #endif
| #ifdef HAVE_UNISTD_H
| # include <unistd.h>
| #endif
| #include <crtdefs.h>
configure:8681: result: no
configure:8681: checking for wctype.h
configure:8681: gcc -c -g -O2  conftest.c >&5
configure:8681: $? = 0
configure:8681: result: yes
configure:8681: checking for math.h
configure:8681: gcc -c -g -O2  conftest.c >&5
configure:8681: $? = 0
configure:8681: result: yes
configure:8681: checking for sys/mman.h
configure:8681: gcc -c -g -O2  conftest.c >&5
configure:8681: $? = 0
configure:8681: result: yes
configure:8681: checking for pthread.h
configure:8681: gcc -c -g -O2  conftest.c >&5
configure:8681: $? = 0
configure:8681: result: yes
configure:8681: checking for stdckdint.h
configure:8681: gcc -c -g -O2  conftest.c >&5
configure:8681: $? = 0
configure:8681: result: yes
configure:8681: checking for sys/time.h
configure:8681: gcc -c -g -O2  conftest.c >&5
configure:8681: $? = 0
configure:8681: result: yes
configure:8681: checking for features.h
configure:8681: gcc -c -g -O2  conftest.c >&5
configure:8681: $? = 0
configure:8681: result: yes
configure:8681: checking for sys/socket.h
configure:8681: gcc -c -g -O2  conftest.c >&5
configure:8681: $? = 0
configure:8681: result: yes
configure:8681: checking for arpa/inet.h
configure:8681: gcc -c -g -O2  conftest.c >&5
configure:8681: $? = 0
configure:8681: result: yes
configure:8681: checking for error.h
configure:8681: gcc -c -g -O2  conftest.c >&5
conftest.c:68:10: fatal error: error.h: No such file or directory
   68 | #include <error.h>
      |          ^~~~~~~~~
compilation terminated.
configure:8681: $? = 1
configure: failed program was:
| /* confdefs.h */
| #define PACKAGE_NAME "libunistring"
| #define PACKAGE_TARNAME "libunistring"
| #define PACKAGE_VERSION "dummy"
| #define PACKAGE_STRING "libunistring dummy"
| #define PACKAGE_BUGREPORT ""
| #define PACKAGE_URL ""
| #undef PACKAGE_VERSION
| #define PACKAGE_VERSION "1.4.2"
| #undef PACKAGE_STRING
| #define PACKAGE_STRING "libunistring 1.4.2"
| #define PACKAGE "libunistring"
| #define VERSION "1.4.2"
| #define HAVE_STDIO_H 1
| #define HAVE_STDLIB_H 1
| #define HAVE_STRING_H 1
| #define HAVE_INTTYPES_H 1
| #define HAVE_STDINT_H 1
| #define HAVE_STRINGS_H 1
| #define HAVE_SYS_STAT_H 1
| #define HAVE_SYS_TYPES_H 1
| #define HAVE_UNISTD_H 1
| #define HAVE_WCHAR_H 1
| #define HAVE_STDBOOL_H 1
| #define HAVE_UCHAR_H 1
| #define HAVE_THREADS_H 1
| #define HAVE_LANGINFO_H 1
| #define HAVE_ICONV_H 1
| #define HAVE_LIMITS_H 1
| #define HAVE_WCTYPE_H 1
| #define HAVE_MATH_H 1
| #define HAVE_SYS_MMAN_H 1
| #define HAVE_PTHREAD_H 1
| #define HAVE_STDCKDINT_H 1
| #define HAVE_SYS_TIME_H 1
| #define HAVE_FEATURES_H 1
| #define HAVE_SYS_SOCKET_H 1
| #define HAVE_ARPA_INET_H 1
| /* end confdefs.h.  */
| #include <stddef.h>
| #ifdef HAVE_STDIO_H
| # include <stdio.h>
| #endif
| #ifdef HAVE_STDLIB_H
| # include <stdlib.h>
| #endif
| #ifdef HAVE_STRING_H
| # include <string.h>
| #endif
| #ifdef HAVE_INTTYPES_H
| # include <inttypes.h>
| #endif
| #ifdef HAVE_STDINT_H
| # include <stdint.h>
| #endif
| #ifdef HAVE_STRINGS_H
| # include <strings.h>
| #endif
| #ifdef HAVE_SYS_TYPES_H
| # include <sys/types.h>
| #endif
| #ifdef HAVE_SYS_STAT_H
| # include <sys/stat.h>
| #endif
| #ifdef HAVE_UNISTD_H
| # include <unistd.h>
| #endif
| #include <error.h>
configure:8681: result: no
configure:8681: checking for sys/process.h
configure:8681: gcc -c -g -O2  conftest.c >&5
conftest.c:68:10: fatal error: sys/process.h: No such file or directory
   68 | #include <sys/process.h>
      |          ^~~~~~~~~~~~~~~
compilation terminated.
configure:8681: $? = 1
configure: failed program was:
| /* confdefs.h */
| #define PACKAGE_NAME "libunistring"
| #define PACKAGE_TARNAME "libunistring"
| #define PACKAGE_VERSION "dummy"
| #define PACKAGE_STRING "libunistring dummy"
| #define PACKAGE_BUGREPORT ""
| #define PACKAGE_URL ""
| #undef PACKAGE_VERSION
| #define PACKAGE_VERSION "1.4.2"
| #undef PACKAGE_STRING
| #define PACKAGE_STRING "libunistring 1.4.2"
| #define PACKAGE "libunistring"
| #define VERSION "1.4.2"
| #define HAVE_STDIO_H 1
| #define HAVE_STDLIB_H 1
| #define HAVE_STRING_H 1
| #define HAVE_INTTYPES_H 1
| #define HAVE_STDINT_H 1
| #define HAVE_STRINGS_H 1
| #define HAVE_SYS_STAT_H 1
| #define HAVE_SYS_TYPES_H 1
| #define HAVE_UNISTD_H 1
| #define HAVE_WCHAR_H 1
| #define HAVE_STDBOOL_H 1
| #define HAVE_UCHAR_H 1
| #define HAVE_THREADS_H 1
| #define HAVE_LANGINFO_H 1
| #define HAVE_ICONV_H 1
| #define HAVE_LIMITS_H 1
| #define HAVE_WCTYPE_H 1
| #define HAVE_MATH_H 1
| #define HAVE_SYS_MMAN_H 1
| #define HAVE_PTHREAD_H 1
| #define HAVE_STDCKDINT_H 1
| #define HAVE_SYS_TIME_H 1
| #define HAVE_FEATURES_H 1
| #define HAVE_SYS_SOCKET_H 1
| #define HAVE_ARPA_INET_H 1
| /* end confdefs.h.  */
| #include <stddef.h>
| #ifdef HAVE_STDIO_H
| # include <stdio.h>
| #endif
| #ifdef HAVE_STDLIB_H
| # include <stdlib.h>
| #endif
| #ifdef HAVE_STRING_H
| # include <string.h>
| #endif
| #ifdef HAVE_INTTYPES_H
| # include <inttypes.h>
| #endif
| #ifdef HAVE_STDINT_H
| # include <stdint.h>
| #endif
| #ifdef HAVE_STRINGS_H
| # include <strings.h>
| #endif
| #ifdef HAVE_SYS_TYPES_H
| # include <sys/types.h>
| #endif
| #ifdef HAVE_SYS_STAT_H
| # include <sys/stat.h>
| #endif
| #ifdef HAVE_UNISTD_H
| # include <unistd.h>
| #endif
| #include <sys/process.h>
configure:8681: result: no
configure:8681: checking for netdb.h
configure:8681: gcc -c -g -O2  conftest.c >&5
configure:8681: $? = 0
configure:8681: result: yes
configure:8681: checking for netinet/in.h
configure:8681: gcc -c -g -O2  conftest.c >&5
configure:8681: $? = 0
configure:8681: result: yes
configure:8681: checking for semaphore.h
configure:8681: gcc -c -g -O2  conftest.c >&5
configure:8681: $? = 0
configure:8681: result: yes
configure:8681: checking for sys/param.h
configure:8681: gcc -c -g -O2  conftest.c >&5
configure:8681: $? = 0
configure:8681: result: yes
configure:8681: checking for sys/select.h
configure:8681: gcc -c -g -O2  conftest.c >&5
configure:8681: $? = 0
configure:8681: result: yes
configure:8681: checking for sys/wait.h
configure:8681: gcc -c -g -O2  conftest.c >&5
configure:8681: $? = 0
configure:8681: result: yes
configure:8681: checking for sys/ioctl.h
configure:8681: gcc -c -g -O2  conftest.c >&5
configure:8681: $? = 0
configure:8681: result: yes
configure:8681: checking for sys/un.h
configure:8681: gcc -c -g -O2  conftest.c >&5
configure:8681: $? = 0
configure:8681: result: yes
configure:8681: checking for sys/uio.h
configure:8681: gcc -c -g -O2  conftest.c >&5
configure:8681: $? = 0
configure:8681: result: yes
configure:8712: checking whether it is safe to define __EXTENSIONS__
configure:8731: gcc -c -g -O2  conftest.c >&5
configure:8731: $? = 0
configure:8741: result: yes
configure:8744: checking whether _XOPEN_SOURCE should be defined
configure:8766: gcc -c -g -O2  conftest.c >&5
configure:8766: $? = 0
configure:8795: result: no
configure:8869: checking for egrep -e
configure:8999: result: /bin/grep -E
configure:9006: checking for Minix Amsterdam compiler
configure:9034: result: no
configure:9097: checking for ar
configure:9118: found /usr/bin/ar
configure:9130: result: ar
configure:9211: checking for ranlib
configure:9232: found /usr/bin/ranlib
configure:9244: result: ranlib
configure:9311: checking for gcc option to support large files
configure:9346: gcc -c -g -O2  conftest.c >&5
configure:9346: $? = 0
configure:9352: gcc -c -g -O2  -DFTYPE=ino_t conftest.c >&5
configure:9352: $? = 0
configure:9389: result: none needed
configure:11116: checking how to print strings
configure:11143: result: printf
configure:11164: checking for a sed that does not truncate output
configure:11236: result: /bin/sed
configure:11254: checking for grep that handles long lines and -e
configure:11320: result: /bin/grep
configure:11325: checking for egrep
configure:11395: result: /bin/grep -E
configure:11402: checking for fgrep
configure:11472: result: /bin/grep -F
configure:11509: checking for ld used by gcc
configure:11578: result: /usr/x86_64-alpine-linux-musl/bin/ld
configure:11585: checking if the linker (/usr/x86_64-alpine-linux-musl/bin/ld) is GNU ld
configure:11602: result: yes
configure:11614: checking for BSD- or MS-compatible name lister (nm)
configure:11670: result: /usr/bin/nm -B
configure:11812: checking the name lister (/usr/bin/nm -B) interface
configure:11820: gcc -c -g -O2  conftest.c >&5
configure:11823: /usr/bin/nm -B "conftest.o"
configure:11826: output
0000000000000000 B some_variable
configure:11834: result: BSD nm
configure:11837: checking whether ln -s works
configure:11841: result: yes
configure:11849: checking the maximum length of command line arguments
configure:11982: result: 98304
configure:12030: checking how to convert x86_64-pc-linux-musl file names to x86_64-pc-linux-musl format
configure:12072: result: func_convert_file_noop
configure:12079: checking how to convert x86_64-pc-linux-musl file names to toolchain format
configure:12101: result: func_convert_file_noop
configure:12108: checking for /usr/x86_64-alpine-linux-musl/bin/ld option to reload object files
configure:12117: result: -r
configure:12150: checking for file
configure:12171: found /usr/bin/file
configure:12184: result: file
configure:12247: checking for objdump
configure:12268: found /usr/bin/objdump
configure:12280: result: objdump
configure:12309: checking how to recognize dependent libraries
configure:12518: result: pass_all
configure:12609: checking for dlltool
configure:12645: result: no
configure:12672: checking how to associate runtime and link libraries
configure:12701: result: printf %s\n
configure:12853: checking for archiver @FILE support
configure:12871: gcc -c -g -O2  conftest.c >&5
configure:12871: $? = 0
configure:12875: ar cr libconftest.a @conftest.lst >&5
configure:12878: $? = 0
configure:12883: ar cr libconftest.a @conftest.lst >&5
ar: conftest.o: No such file or directory
configure:12886: $? = 1
configure:12899: result: @
configure:12963: checking for strip
configure:12984: found /usr/bin/strip
configure:12996: result: strip
configure:13099: checking command to parse /usr/bin/nm -B output from gcc object
configure:13253: gcc -c -g -O2  conftest.c >&5
configure:13256: $? = 0
configure:13260: /usr/bin/nm -B conftest.o | /bin/sed -n -e 's/^.*[	 ]\([ABCDGIRSTW][ABCDGIRSTW]*\)[	 ][	 ]*\([_A-Za-z][_A-Za-z0-9]*\)$/\1 \2 \2/p' | /bin/sed '/ __gnu_lto/d' > conftest.nm
configure:13326: gcc -o conftest -g -O2   conftest.c conftstm.o >&5
configure:13329: $? = 0
configure:13368: result: ok
configure:13415: checking for sysroot
configure:13449: result: no
configure:13456: checking for a working dd
configure:13501: result: /bin/dd
configure:13505: checking how to truncate binary pipes
configure:13522: result: /bin/dd bs=4096 count=1
configure:13659: gcc -c -g -O2  conftest.c >&5
configure:13662: $? = 0
configure:13862: checking for mt
configure:13898: result: no
configure:13918: checking if : is a manifest tool
configure:13925: : '-?'
configure:13934: result: no
configure:14727: checking for dlfcn.h
configure:14727: gcc -c -g -O2  conftest.c >&5
configure:14727: $? = 0
configure:14727: result: yes
configure:15364: checking for objdir
configure:15381: result: .libs
configure:15647: checking if gcc supports -fno-rtti -fno-exceptions
configure:15666: gcc -c -g -O2  -fno-rtti -fno-exceptions conftest.c >&5
cc1: warning: command-line option '-fno-rtti' is valid for C++/D/ObjC++ but not for C
configure:15670: $? = 0
configure:15684: result: no
configure:16057: checking for gcc option to produce PIC
configure:16066: result: -fPIC -DPIC
configure:16074: checking if gcc PIC flag -fPIC -DPIC works
configure:16093: gcc -c -g -O2  -fPIC -DPIC -DPIC conftest.c >&5
configure:16097: $? = 0
configure:16111: result: yes
configure:16140: checking if gcc static flag -static works
configure:16170: result: yes
configure:16185: checking if gcc supports -c -o file.o
configure:16207: gcc -c -g -O2  -o out/conftest2.o conftest.c >&5
configure:16211: $? = 0
configure:16234: result: yes
configure:16242: checking if gcc supports -c -o file.o
configure:16291: result: yes
configure:16324: checking whether the gcc linker (/usr/x86_64-alpine-linux-musl/bin/ld -m elf_x86_64) supports shared libraries
configure:17608: result: yes
configure:17645: checking whether -lc should be explicitly linked in
configure:17654: gcc -c -g -O2  conftest.c >&5
configure:17657: $? = 0
configure:17672: gcc -shared  -fPIC -DPIC conftest.o  -v -Wl,-soname -Wl,conftest -o conftest 2\>\&1 \| /bin/grep  -lc  \>/dev/null 2\>\&1
configure:17675: $? = 0
configure:17690: result: no
configure:17850: checking dynamic linker characteristics
configure:18469: gcc -o conftest -g -O2   -Wl,-rpath -Wl,/foo conftest.c  >&5
configure:18469: $? = 0
configure:19234: result: GNU/Linux ld.so
configure:19356: checking how to hardcode library paths into programs
configure:19381: result: immediate
configure:19981: checking whether stripping libraries is possible
configure:19990: result: yes
configure:20032: checking if libtool supports shared libraries
configure:20034: result: yes
configure:20037: checking whether to build shared libraries
configure:20062: result: yes
configure:20065: checking whether to build static libraries
configure:20069: result: no
configure:20156: checking for windres
configure:20192: result: no
configure:20342: checking for size_t
configure:20342: gcc -c -g -O2  conftest.c >&5
configure:20342: $? = 0
configure:20342: gcc -c -g -O2  conftest.c >&5
conftest.c: In function 'main':
conftest.c:102:21: error: expected expression before ')' token
  102 | if (sizeof ((size_t)))
      |                     ^
configure:20342: $? = 1
configure: failed program was:
| /* confdefs.h */
| #define PACKAGE_NAME "libunistring"
| #define PACKAGE_TARNAME "libunistring"
| #define PACKAGE_VERSION "dummy"
| #define PACKAGE_STRING "libunistring dummy"
| #define PACKAGE_BUGREPORT ""
| #define PACKAGE_URL ""
| #undef PACKAGE_VERSION
| #define PACKAGE_VERSION "1.4.2"
| #undef PACKAGE_STRING
| #define PACKAGE_STRING "libunistring 1.4.2"
| #define PACKAGE "libunistring"
| #define VERSION "1.4.2"
| #define HAVE_STDIO_H 1
| #define HAVE_STDLIB_H 1
| #define HAVE_STRING_H 1
| #define HAVE_INTTYPES_H 1
| #define HAVE_STDINT_H 1
| #define HAVE_STRINGS_H 1
| #define HAVE_SYS_STAT_H 1
| #define HAVE_SYS_TYPES_H 1
| #define HAVE_UNISTD_H 1
| #define HAVE_WCHAR_H 1
| #define HAVE_STDBOOL_H 1
| #define HAVE_UCHAR_H 1
| #define HAVE_THREADS_H 1
| #define HAVE_LANGINFO_H 1
| #define HAVE_ICONV_H 1
| #define HAVE_LIMITS_H 1
| #define HAVE_WCTYPE_H 1
| #define HAVE_MATH_H 1
| #define HAVE_SYS_MMAN_H 1
| #define HAVE_PTHREAD_H 1
| #define HAVE_STDCKDINT_H 1
| #define HAVE_SYS_TIME_H 1
| #define HAVE_FEATURES_H 1
| #define HAVE_SYS_SOCKET_H 1
| #define HAVE_ARPA_INET_H 1
| #define HAVE_NETDB_H 1
| #define HAVE_NETINET_IN_H 1
| #define HAVE_SEMAPHORE_H 1
| #define HAVE_SYS_PARAM_H 1
| #define HAVE_SYS_SELECT_H 1
| #define HAVE_SYS_WAIT_H 1
| #define HAVE_SYS_IOCTL_H 1
| #define HAVE_SYS_UN_H 1
| #define HAVE_SYS_UIO_H 1
| #define STDC_HEADERS 1
| #define _ALL_SOURCE 1
| #define _DARWIN_C_SOURCE 1
| #define _GNU_SOURCE 1
| #define _HPUX_ALT_XOPEN_SOCKET_API 1
| #define _NETBSD_SOURCE 1
| #define _OPENBSD_SOURCE 1
| #define _POSIX_PTHREAD_SEMANTICS 1
| #define __STDC_WANT_IEC_60559_ATTRIBS_EXT__ 1
| #define __STDC_WANT_IEC_60559_BFP_EXT__ 1
| #define __STDC_WANT_IEC_60559_DFP_EXT__ 1
| #define __STDC_WANT_IEC_60559_EXT__ 1
| #define __STDC_WANT_IEC_60559_FUNCS_EXT__ 1
| #define __STDC_WANT_IEC_60559_TYPES_EXT__ 1
| #define __STDC_WANT_LIB_EXT2__ 1
| #define __STDC_WANT_MATH_SPEC_FUNCS__ 1
| #define _TANDEM_SOURCE 1
| #define __EXTENSIONS__ 1
| #define _LINUX_SOURCE_COMPAT 1
| #define __USE_MINGW_ANSI_STDIO 1
| #define HAVE_DLFCN_H 1
| #define LT_OBJDIR ".libs/"
| /* end confdefs.h.  */
| #include <stddef.h>
| #ifdef HAVE_STDIO_H
| # include <stdio.h>
| #endif
| #ifdef HAVE_STDLIB_H
| # include <stdlib.h>
| #endif
| #ifdef HAVE_STRING_H
| # include <string.h>
| #endif
| #ifdef HAVE_INTTYPES_H
| # include <inttypes.h>
| #endif
| #ifdef HAVE_STDINT_H
| # include <stdint.h>
| #endif
| #ifdef HAVE_STRINGS_H
| # include <strings.h>
| #endif
| #ifdef HAVE_SYS_TYPES_H
| # include <sys/types.h>
| #endif
| #ifdef HAVE_SYS_STAT_H
| # include <sys/stat.h>
| #endif
| #ifdef HAVE_UNISTD_H
| # include <unistd.h>
| #endif
| int
| main (void)
| {
| if (sizeof ((size_t)))
| 	    return 0;
|   ;
|   return 0;
| }
configure:20342: result: yes
configure:20355: checking for working alloca.h
configure:20373: gcc -o conftest -g -O2   conftest.c  >&5
configure:20373: $? = 0
configure:20384: result: yes
configure:20392: checking for alloca
configure:20437: result: yes
configure:20510: checking for C/C++ restrict keyword
configure:20540: gcc -c -g -O2  conftest.c >&5
configure:20540: $? = 0
configure:20550: result: __restrict__
configure:20563: checking whether the preprocessor supports include_next
configure:20602: gcc -c -g -O2  -Iconftestd1b -Iconftestd2 conftest.c >&5
configure:20602: $? = 0
configure:20628: result: yes
configure:20650: checking whether source code line length is unlimited
configure:20677: result: yes
configure:20697: checking whether char8_t is correctly defined
configure:20721: gcc -c -g -O2  conftest.c >&5
conftest.c:79:23: error: 'char8_t' undeclared here (not in a function); did you mean 'char32_t'?
   79 |           int verify[(char8_t)(-1) >= 0 && sizeof (char8_t) == sizeof (unsigned char) ? 1 : -1];
      |                       ^~~~~~~
      |                       char32_t
configure:20721: $? = 1
configure: failed program was:
| /* confdefs.h */
| #define PACKAGE_NAME "libunistring"
| #define PACKAGE_TARNAME "libunistring"
| #define PACKAGE_VERSION "dummy"
| #define PACKAGE_STRING "libunistring dummy"
| #define PACKAGE_BUGREPORT ""
| #define PACKAGE_URL ""
| #undef PACKAGE_VERSION
| #define PACKAGE_VERSION "1.4.2"
| #undef PACKAGE_STRING
| #define PACKAGE_STRING "libunistring 1.4.2"
| #define PACKAGE "libunistring"
| #define VERSION "1.4.2"
| #define HAVE_STDIO_H 1
| #define HAVE_STDLIB_H 1
| #define HAVE_STRING_H 1
| #define HAVE_INTTYPES_H 1
| #define HAVE_STDINT_H 1
| #define HAVE_STRINGS_H 1
| #define HAVE_SYS_STAT_H 1
| #define HAVE_SYS_TYPES_H 1
| #define HAVE_UNISTD_H 1
| #define HAVE_WCHAR_H 1
| #define HAVE_STDBOOL_H 1
| #define HAVE_UCHAR_H 1
| #define HAVE_THREADS_H 1
| #define HAVE_LANGINFO_H 1
| #define HAVE_ICONV_H 1
| #define HAVE_LIMITS_H 1
| #define HAVE_WCTYPE_H 1
| #define HAVE_MATH_H 1
| #define HAVE_SYS_MMAN_H 1
| #define HAVE_PTHREAD_H 1
| #define HAVE_STDCKDINT_H 1
| #define HAVE_SYS_TIME_H 1
| #define HAVE_FEATURES_H 1
| #define HAVE_SYS_SOCKET_H 1
| #define HAVE_ARPA_INET_H 1
| #define HAVE_NETDB_H 1
| #define HAVE_NETINET_IN_H 1
| #define HAVE_SEMAPHORE_H 1
| #define HAVE_SYS_PARAM_H 1
| #define HAVE_SYS_SELECT_H 1
| #define HAVE_SYS_WAIT_H 1
| #define HAVE_SYS_IOCTL_H 1
| #define HAVE_SYS_UN_H 1
| #define HAVE_SYS_UIO_H 1
| #define STDC_HEADERS 1
| #define _ALL_SOURCE 1
| #define _DARWIN_C_SOURCE 1
| #define _GNU_SOURCE 1
| #define _HPUX_ALT_XOPEN_SOCKET_API 1
| #define _NETBSD_SOURCE 1
| #define _OPENBSD_SOURCE 1
| #define _POSIX_PTHREAD_SEMANTICS 1
| #define __STDC_WANT_IEC_60559_ATTRIBS_EXT__ 1
| #define __STDC_WANT_IEC_60559_BFP_EXT__ 1
| #define __STDC_WANT_IEC_60559_DFP_EXT__ 1
| #define __STDC_WANT_IEC_60559_EXT__ 1
| #define __STDC_WANT_IEC_60559_FUNCS_EXT__ 1
| #define __STDC_WANT_IEC_60559_TYPES_EXT__ 1
| #define __STDC_WANT_LIB_EXT2__ 1
| #define __STDC_WANT_MATH_SPEC_FUNCS__ 1
| #define _TANDEM_SOURCE 1
| #define __EXTENSIONS__ 1
| #define _LINUX_SOURCE_COMPAT 1
| #define __USE_MINGW_ANSI_STDIO 1
| #define HAVE_DLFCN_H 1
| #define LT_OBJDIR ".libs/"
| #define HAVE_ALLOCA_H 1
| #define HAVE_ALLOCA 1
| #define restrict __restrict__
| /* end confdefs.h.  */
| 
|           #ifdef __HAIKU__
|            #include <stdint.h>
|           #endif
|           #include <uchar.h>
|           int verify[(char8_t)(-1) >= 0 && sizeof (char8_t) == sizeof (unsigned char) ? 1 : -1];
| 
| int
| main (void)
| {
| 
|   ;
|   return 0;
| }
| 
configure:20732: result: no
configure:20742: checking whether char16_t is correctly defined
configure:20768: gcc -c -g -O2  conftest.c >&5
configure:20768: $? = 0
configure:20779: result: yes
configure:20789: checking whether char32_t is correctly defined
configure:20815: gcc -c -g -O2  conftest.c >&5
configure:20815: $? = 0
configure:20826: result: yes
configure:20928: checking whether the C++ compiler has <uchar.h>
configure:20938:    -c conftest.cpp
./configure: eval: line 20939: -c: not found
configure:20941: $? = 127
configure:20951: result: no
configure:21039: checking for bit size of wchar_t
configure:21045: gcc -o conftest -g -O2   conftest.c  >&5
configure:21045: $? = 0
configure:21045: ./conftest
configure:21045: $? = 0
configure:21065: result: 32
configure:21156: checking for mbstate_t
configure:21174: gcc -c -g -O2  conftest.c >&5
configure:21174: $? = 0
configure:21184: result: yes
configure:21200: checking for mbsinit
configure:21200: gcc -o conftest -g -O2   conftest.c  >&5
configure:21200: $? = 0
configure:21200: result: yes
configure:21200: checking for mbrtowc
configure:21200: gcc -o conftest -g -O2   conftest.c  >&5
configure:21200: $? = 0
configure:21200: result: yes
configure:21200: checking for symlink
configure:21200: gcc -o conftest -g -O2   conftest.c  >&5
configure:21200: $? = 0
configure:21200: result: yes
configure:21200: checking for getlocalename_l
configure:21200: gcc -o conftest -g -O2   conftest.c  >&5
/usr/lib/gcc/x86_64-alpine-linux-musl/15.2.0/../../../../x86_64-alpine-linux-musl/bin/ld: /tmp/ccnBMhFi.o: in function `main':
/home/bloink/Work/unnamedlinuxdistro/libunistring/conftest.c:106:(.text.startup+0x5): undefined reference to `getlocalename_l'
collect2: error: ld returned 1 exit status
configure:21200: $? = 1
configure: failed program was:
| /* confdefs.h */
| #define PACKAGE_NAME "libunistring"
| #define PACKAGE_TARNAME "libunistring"
| #define PACKAGE_VERSION "dummy"
| #define PACKAGE_STRING "libunistring dummy"
| #define PACKAGE_BUGREPORT ""
| #define PACKAGE_URL ""
| #undef PACKAGE_VERSION
| #define PACKAGE_VERSION "1.4.2"
| #undef PACKAGE_STRING
| #define PACKAGE_STRING "libunistring 1.4.2"
| #define PACKAGE "libunistring"
| #define VERSION "1.4.2"
| #define HAVE_STDIO_H 1
| #define HAVE_STDLIB_H 1
| #define HAVE_STRING_H 1
| #define HAVE_INTTYPES_H 1
| #define HAVE_STDINT_H 1
| #define HAVE_STRINGS_H 1
| #define HAVE_SYS_STAT_H 1
| #define HAVE_SYS_TYPES_H 1
| #define HAVE_UNISTD_H 1
| #define HAVE_WCHAR_H 1
| #define HAVE_STDBOOL_H 1
| #define HAVE_UCHAR_H 1
| #define HAVE_THREADS_H 1
| #define HAVE_LANGINFO_H 1
| #define HAVE_ICONV_H 1
| #define HAVE_LIMITS_H 1
| #define HAVE_WCTYPE_H 1
| #define HAVE_MATH_H 1
| #define HAVE_SYS_MMAN_H 1
| #define HAVE_PTHREAD_H 1
| #define HAVE_STDCKDINT_H 1
| #define HAVE_SYS_TIME_H 1
| #define HAVE_FEATURES_H 1
| #define HAVE_SYS_SOCKET_H 1
| #define HAVE_ARPA_INET_H 1
| #define HAVE_NETDB_H 1
| #define HAVE_NETINET_IN_H 1
| #define HAVE_SEMAPHORE_H 1
| #define HAVE_SYS_PARAM_H 1
| #define HAVE_SYS_SELECT_H 1
| #define HAVE_SYS_WAIT_H 1
| #define HAVE_SYS_IOCTL_H 1
| #define HAVE_SYS_UN_H 1
| #define HAVE_SYS_UIO_H 1
| #define STDC_HEADERS 1
| #define _ALL_SOURCE 1
| #define _DARWIN_C_SOURCE 1
| #define _GNU_SOURCE 1
| #define _HPUX_ALT_XOPEN_SOCKET_API 1
| #define _NETBSD_SOURCE 1
| #define _OPENBSD_SOURCE 1
| #define _POSIX_PTHREAD_SEMANTICS 1
| #define __STDC_WANT_IEC_60559_ATTRIBS_EXT__ 1
| #define __STDC_WANT_IEC_60559_BFP_EXT__ 1
| #define __STDC_WANT_IEC_60559_DFP_EXT__ 1
| #define __STDC_WANT_IEC_60559_EXT__ 1
| #define __STDC_WANT_IEC_60559_FUNCS_EXT__ 1
| #define __STDC_WANT_IEC_60559_TYPES_EXT__ 1
| #define __STDC_WANT_LIB_EXT2__ 1
| #define __STDC_WANT_MATH_SPEC_FUNCS__ 1
| #define _TANDEM_SOURCE 1
| #define __EXTENSIONS__ 1
| #define _LINUX_SOURCE_COMPAT 1
| #define __USE_MINGW_ANSI_STDIO 1
| #define HAVE_DLFCN_H 1
| #define LT_OBJDIR ".libs/"
| #define HAVE_ALLOCA_H 1
| #define HAVE_ALLOCA 1
| #define restrict __restrict__
| #define BITSIZEOF_WCHAR_T 32
| #define HAVE_MBSTATE_T 1
| #define HAVE_MBSINIT 1
| #define HAVE_MBRTOWC 1
| #define HAVE_SYMLINK 1
| /* end confdefs.h.  */
| /* Define getlocalename_l to an innocuous variant, in case <limits.h> declares getlocalename_l.
|    For example, HP-UX 11i <limits.h> declares gettimeofday.  */
| #define getlocalename_l innocuous_getlocalename_l
| 
| /* System header to define __stub macros and hopefully few prototypes,
|    which can conflict with char getlocalename_l (void); below.  */
| 
| #include <limits.h>
| #undef getlocalename_l
| 
| /* Override any GCC internal prototype to avoid an error.
|    Use char because int might match the return type of a GCC
|    builtin and then its argument prototype would still apply.  */
| #ifdef __cplusplus
| extern "C"
| #endif
| char getlocalename_l (void);
| /* The GNU C library defines this for functions which it implements
|     to always fail with ENOSYS.  Some functions are actually named
|     something starting with __ and the normal name is an alias.  */
| #if defined __stub_getlocalename_l || defined __stub___getlocalename_l
| choke me
| #endif
| 
| int
| main (void)
| {
| return getlocalename_l ();
|   ;
|   return 0;
| }
configure:21200: result: no
configure:21200: checking for iswcntrl
configure:21200: gcc -o conftest -g -O2   conftest.c  >&5
conftest.c:95:6: warning: conflicting types for built-in function 'iswcntrl'; expected 'int(unsigned int)' [-Wbuiltin-declaration-mismatch]
   95 | char iswcntrl (void);
      |      ^~~~~~~~
conftest.c:87:1: note: 'iswcntrl' is declared in header '<wctype.h>'
   86 | #include <limits.h>
   87 | #undef iswcntrl
configure:21200: $? = 0
configure:21200: result: yes
configure:21200: checking for mprotect
configure:21200: gcc -o conftest -g -O2   conftest.c  >&5
configure:21200: $? = 0
configure:21200: result: yes
configure:21200: checking for snprintf
configure:21200: gcc -o conftest -g -O2   conftest.c  >&5
conftest.c:97:6: warning: conflicting types for built-in function 'snprintf'; expected 'int(char *, long unsigned int,  const char *, ...)' [-Wbuiltin-declaration-mismatch]
   97 | char snprintf (void);
      |      ^~~~~~~~
conftest.c:89:1: note: 'snprintf' is declared in header '<stdio.h>'
   88 | #include <limits.h>
   89 | #undef snprintf
configure:21200: $? = 0
configure:21200: result: yes
configure:21200: checking for strdup
configure:21200: gcc -o conftest -g -O2   conftest.c  >&5
conftest.c:98:6: warning: conflicting types for built-in function 'strdup'; expected 'char *(const char *)' [-Wbuiltin-declaration-mismatch]
   98 | char strdup (void);
      |      ^~~~~~
configure:21200: $? = 0
configure:21200: result: yes
configure:21200: checking for wcwidth
configure:21200: gcc -o conftest -g -O2   conftest.c  >&5
configure:21200: $? = 0
configure:21200: result: yes
configure:21200: checking for btowc
configure:21200: gcc -o conftest -g -O2   conftest.c  >&5
configure:21200: $? = 0
configure:21200: result: yes
configure:21200: checking for _set_invalid_parameter_handler
configure:21200: gcc -o conftest -g -O2   conftest.c  >&5
/usr/lib/gcc/x86_64-alpine-linux-musl/15.2.0/../../../../x86_64-alpine-linux-musl/bin/ld: /tmp/ccinKhGB.o: in function `main':
/home/bloink/Work/unnamedlinuxdistro/libunistring/conftest.c:112:(.text.startup+0x5): undefined reference to `_set_invalid_parameter_handler'
collect2: error: ld returned 1 exit status
configure:21200: $? = 1
configure: failed program was:
| /* confdefs.h */
| #define PACKAGE_NAME "libunistring"
| #define PACKAGE_TARNAME "libunistring"
| #define PACKAGE_VERSION "dummy"
| #define PACKAGE_STRING "libunistring dummy"
| #define PACKAGE_BUGREPORT ""
| #define PACKAGE_URL ""
| #undef PACKAGE_VERSION
| #define PACKAGE_VERSION "1.4.2"
| #undef PACKAGE_STRING
| #define PACKAGE_STRING "libunistring 1.4.2"
| #define PACKAGE "libunistring"
| #define VERSION "1.4.2"
| #define HAVE_STDIO_H 1
| #define HAVE_STDLIB_H 1
| #define HAVE_STRING_H 1
| #define HAVE_INTTYPES_H 1
| #define HAVE_STDINT_H 1
| #define HAVE_STRINGS_H 1
| #define HAVE_SYS_STAT_H 1
| #define HAVE_SYS_TYPES_H 1
| #define HAVE_UNISTD_H 1
| #define HAVE_WCHAR_H 1
| #define HAVE_STDBOOL_H 1
| #define HAVE_UCHAR_H 1
| #define HAVE_THREADS_H 1
| #define HAVE_LANGINFO_H 1
| #define HAVE_ICONV_H 1
| #define HAVE_LIMITS_H 1
| #define HAVE_WCTYPE_H 1
| #define HAVE_MATH_H 1
| #define HAVE_SYS_MMAN_H 1
| #define HAVE_PTHREAD_H 1
| #define HAVE_STDCKDINT_H 1
| #define HAVE_SYS_TIME_H 1
| #define HAVE_FEATURES_H 1
| #define HAVE_SYS_SOCKET_H 1
| #define HAVE_ARPA_INET_H 1
| #define HAVE_NETDB_H 1
| #define HAVE_NETINET_IN_H 1
| #define HAVE_SEMAPHORE_H 1
| #define HAVE_SYS_PARAM_H 1
| #define HAVE_SYS_SELECT_H 1
| #define HAVE_SYS_WAIT_H 1
| #define HAVE_SYS_IOCTL_H 1
| #define HAVE_SYS_UN_H 1
| #define HAVE_SYS_UIO_H 1
| #define STDC_HEADERS 1
| #define _ALL_SOURCE 1
| #define _DARWIN_C_SOURCE 1
| #define _GNU_SOURCE 1
| #define _HPUX_ALT_XOPEN_SOCKET_API 1
| #define _NETBSD_SOURCE 1
| #define _OPENBSD_SOURCE 1
| #define _POSIX_PTHREAD_SEMANTICS 1
| #define __STDC_WANT_IEC_60559_ATTRIBS_EXT__ 1
| #define __STDC_WANT_IEC_60559_BFP_EXT__ 1
| #define __STDC_WANT_IEC_60559_DFP_EXT__ 1
| #define __STDC_WANT_IEC_60559_EXT__ 1
| #define __STDC_WANT_IEC_60559_FUNCS_EXT__ 1
| #define __STDC_WANT_IEC_60559_TYPES_EXT__ 1
| #define __STDC_WANT_LIB_EXT2__ 1
| #define __STDC_WANT_MATH_SPEC_FUNCS__ 1
| #define _TANDEM_SOURCE 1
| #define __EXTENSIONS__ 1
| #define _LINUX_SOURCE_COMPAT 1
| #define __USE_MINGW_ANSI_STDIO 1
| #define HAVE_DLFCN_H 1
| #define LT_OBJDIR ".libs/"
| #define HAVE_ALLOCA_H 1
| #define HAVE_ALLOCA 1
| #define restrict __restrict__
| #define BITSIZEOF_WCHAR_T 32
| #define HAVE_MBSTATE_T 1
| #define HAVE_MBSINIT 1
| #define HAVE_MBRTOWC 1
| #define HAVE_SYMLINK 1
| #define HAVE_ISWCNTRL 1
| #define HAVE_MPROTECT 1
| #define HAVE_SNPRINTF 1
| #define HAVE_STRDUP 1
| #define HAVE_WCWIDTH 1
| #define HAVE_BTOWC 1
| /* end confdefs.h.  */
| /* Define _set_invalid_parameter_handler to an innocuous variant, in case <limits.h> declares _set_invalid_parameter_handler.
|    For example, HP-UX 11i <limits.h> declares gettimeofday.  */
| #define _set_invalid_parameter_handler innocuous__set_invalid_parameter_handler
| 
| /* System header to define __stub macros and hopefully few prototypes,
|    which can conflict with char _set_invalid_parameter_handler (void); below.  */
| 
| #include <limits.h>
| #undef _set_invalid_parameter_handler
| 
| /* Override any GCC internal prototype to avoid an error.
|    Use char because int might match the return type of a GCC
|    builtin and then its argument prototype would still apply.  */
| #ifdef __cplusplus
| extern "C"
| #endif
| char _set_invalid_parameter_handler (void);
| /* The GNU C library defines this for functions which it implements
|     to always fail with ENOSYS.  Some functions are actually named
|     something starting with __ and the normal name is an alias.  */
| #if defined __stub__set_invalid_parameter_handler || defined __stub____set_invalid_parameter_handler
| choke me
| #endif
| 
| int
| main (void)
| {
| return _set_invalid_parameter_handler ();
|   ;
|   return 0;
| }
configure:21200: result: no
configure:21200: checking for fcntl
configure:21200: gcc -o conftest -g -O2   conftest.c  >&5
configure:21200: $? = 0
configure:21200: result: yes
configure:21200: checking for getdtablesize
configure:21200: gcc -o conftest -g -O2   conftest.c  >&5
configure:21200: $? = 0
configure:21200: result: yes
configure:21200: checking for getexecname
configure:21200: gcc -o conftest -g -O2   conftest.c  >&5
/usr/lib/gcc/x86_64-alpine-linux-musl/15.2.0/../../../../x86_64-alpine-linux-musl/bin/ld: /tmp/ccpcoADE.o: in function `main':
/home/bloink/Work/unnamedlinuxdistro/libunistring/conftest.c:114:(.text.startup+0x5): undefined reference to `getexecname'
collect2: error: ld returned 1 exit status
configure:21200: $? = 1
configure: failed program was:
| /* confdefs.h */
| #define PACKAGE_NAME "libunistring"
| #define PACKAGE_TARNAME "libunistring"
| #define PACKAGE_VERSION "dummy"
| #define PACKAGE_STRING "libunistring dummy"
| #define PACKAGE_BUGREPORT ""
| #define PACKAGE_URL ""
| #undef PACKAGE_VERSION
| #define PACKAGE_VERSION "1.4.2"
| #undef PACKAGE_STRING
| #define PACKAGE_STRING "libunistring 1.4.2"
| #define PACKAGE "libunistring"
| #define VERSION "1.4.2"
| #define HAVE_STDIO_H 1
| #define HAVE_STDLIB_H 1
| #define HAVE_STRING_H 1
| #define HAVE_INTTYPES_H 1
| #define HAVE_STDINT_H 1
| #define HAVE_STRINGS_H 1
| #define HAVE_SYS_STAT_H 1
| #define HAVE_SYS_TYPES_H 1
| #define HAVE_UNISTD_H 1
| #define HAVE_WCHAR_H 1
| #define HAVE_STDBOOL_H 1
| #define HAVE_UCHAR_H 1
| #define HAVE_THREADS_H 1
| #define HAVE_LANGINFO_H 1
| #define HAVE_ICONV_H 1
| #define HAVE_LIMITS_H 1
| #define HAVE_WCTYPE_H 1
| #define HAVE_MATH_H 1
| #define HAVE_SYS_MMAN_H 1
| #define HAVE_PTHREAD_H 1
| #define HAVE_STDCKDINT_H 1
| #define HAVE_SYS_TIME_H 1
| #define HAVE_FEATURES_H 1
| #define HAVE_SYS_SOCKET_H 1
| #define HAVE_ARPA_INET_H 1
| #define HAVE_NETDB_H 1
| #define HAVE_NETINET_IN_H 1
| #define HAVE_SEMAPHORE_H 1
| #define HAVE_SYS_PARAM_H 1
| #define HAVE_SYS_SELECT_H 1
| #define HAVE_SYS_WAIT_H 1
| #define HAVE_SYS_IOCTL_H 1
| #define HAVE_SYS_UN_H 1
| #define HAVE_SYS_UIO_H 1
| #define STDC_HEADERS 1
| #define _ALL_SOURCE 1
| #define _DARWIN_C_SOURCE 1
| #define _GNU_SOURCE 1
| #define _HPUX_ALT_XOPEN_SOCKET_API 1
| #define _NETBSD_SOURCE 1
| #define _OPENBSD_SOURCE 1
| #define _POSIX_PTHREAD_SEMANTICS 1
| #define __STDC_WANT_IEC_60559_ATTRIBS_EXT__ 1
| #define __STDC_WANT_IEC_60559_BFP_EXT__ 1
| #define __STDC_WANT_IEC_60559_DFP_EXT__ 1
| #define __STDC_WANT_IEC_60559_EXT__ 1
| #define __STDC_WANT_IEC_60559_FUNCS_EXT__ 1
| #define __STDC_WANT_IEC_60559_TYPES_EXT__ 1
| #define __STDC_WANT_LIB_EXT2__ 1
| #define __STDC_WANT_MATH_SPEC_FUNCS__ 1
| #define _TANDEM_SOURCE 1
| #define __EXTENSIONS__ 1
| #define _LINUX_SOURCE_COMPAT 1
| #define __USE_MINGW_ANSI_STDIO 1
| #define HAVE_DLFCN_H 1
| #define LT_OBJDIR ".libs/"
| #define HAVE_ALLOCA_H 1
| #define HAVE_ALLOCA 1
| #define restrict __restrict__
| #define BITSIZEOF_WCHAR_T 32
| #define HAVE_MBSTATE_T 1
| #define HAVE_MBSINIT 1
| #define HAVE_MBRTOWC 1
| #define HAVE_SYMLINK 1
| #define HAVE_ISWCNTRL 1
| #define HAVE_MPROTECT 1
| #define HAVE_SNPRINTF 1
| #define HAVE_STRDUP 1
| #define HAVE_WCWIDTH 1
| #define HAVE_BTOWC 1
| #define HAVE_FCNTL 1
| #define HAVE_GETDTABLESIZE 1
| /* end confdefs.h.  */
| /* Define getexecname to an innocuous variant, in case <limits.h> declares getexecname.
|    For example, HP-UX 11i <limits.h> declares gettimeofday.  */
| #define getexecname innocuous_getexecname
| 
| /* System header to define __stub macros and hopefully few prototypes,
|    which can conflict with char getexecname (void); below.  */
| 
| #include <limits.h>
| #undef getexecname
| 
| /* Override any GCC internal prototype to avoid an error.
|    Use char because int might match the return type of a GCC
|    builtin and then its argument prototype would still apply.  */
| #ifdef __cplusplus
| extern "C"
| #endif
| char getexecname (void);
| /* The GNU C library defines this for functions which it implements
|     to always fail with ENOSYS.  Some functions are actually named
|     something starting with __ and the normal name is an alias.  */
| #if defined __stub_getexecname || defined __stub___getexecname
| choke me
| #endif
| 
| int
| main (void)
| {
| return getexecname ();
|   ;
|   return 0;
| }
configure:21200: result: no
configure:21200: checking for gettimeofday
configure:21200: gcc -o conftest -g -O2   conftest.c  >&5
configure:21200: $? = 0
configure:21200: result: yes
configure:21200: checking for isblank
configure:21200: gcc -o conftest -g -O2   conftest.c  >&5
conftest.c:104:6: warning: conflicting types for built-in function 'isblank'; expected 'int(int)' [-Wbuiltin-declaration-mismatch]
  104 | char isblank (void);
      |      ^~~~~~~
conftest.c:96:1: note: 'isblank' is declared in header '<ctype.h>'
   95 | #include <limits.h>
   96 | #undef isblank
configure:21200: $? = 0
configure:21200: result: yes
configure:21200: checking for lstat
configure:21200: gcc -o conftest -g -O2   conftest.c  >&5
configure:21200: $? = 0
configure:21200: result: yes
configure:21200: checking for __xpg_strerror_r
configure:21200: gcc -o conftest -g -O2   conftest.c  >&5
configure:21200: $? = 0
configure:21200: result: yes
configure:21200: checking for pipe
configure:21200: gcc -o conftest -g -O2   conftest.c  >&5
configure:21200: $? = 0
configure:21200: result: yes
configure:21200: checking for pselect
configure:21200: gcc -o conftest -g -O2   conftest.c  >&5
configure:21200: $? = 0
configure:21200: result: yes
configure:21200: checking for pthread_sigmask
configure:21200: gcc -o conftest -g -O2   conftest.c  >&5
configure:21200: $? = 0
configure:21200: result: yes
configure:21200: checking for setenv
configure:21200: gcc -o conftest -g -O2   conftest.c  >&5
configure:21200: $? = 0
configure:21200: result: yes
configure:21200: checking for sleep
configure:21200: gcc -o conftest -g -O2   conftest.c  >&5
configure:21200: $? = 0
configure:21200: result: yes
configure:21200: checking for shutdown
configure:21200: gcc -o conftest -g -O2   conftest.c  >&5
configure:21200: $? = 0
configure:21200: result: yes
configure:21200: checking for usleep
configure:21200: gcc -o conftest -g -O2   conftest.c  >&5
configure:21200: $? = 0
configure:21200: result: yes
configure:21200: checking for wcrtomb
configure:21200: gcc -o conftest -g -O2   conftest.c  >&5
configure:21200: $? = 0
configure:21200: result: yes
configure:21200: checking for wctob
configure:21200: gcc -o conftest -g -O2   conftest.c  >&5
configure:21200: $? = 0
configure:21200: result: yes
configure:21211: checking for nl_langinfo and CODESET
configure:21228: gcc -o conftest -g -O2   conftest.c  >&5
configure:21228: $? = 0
configure:21240: result: yes
configure:21251: checking for a traditional japanese locale
configure:21331: gcc -o conftest -g -O2   conftest.c  >&5
configure:21334: $? = 0
configure:21394: result: none
configure:21408: checking for an english Unicode locale
configure:21531: result: en_US.UTF-8
configure:21545: checking for a transitional chinese locale
configure:21640: gcc -o conftest -g -O2   conftest.c  >&5
configure:21643: $? = 0
configure:21696: result: none
configure:21723: checking whether mbrtowc handles incomplete characters
configure:21803: gcc -o conftest -g -O2   conftest.c  >&5
configure:21803: $? = 0
configure:21803: ./conftest
configure:21803: $? = 0
configure:21820: result: yes
configure:21826: checking whether mbrtowc works as well as mbtowc
configure:21886: result: guessing yes
configure:21902: checking for gcc options needed to detect all undeclared functions
configure:21924: gcc -c -g -O2   conftest.c >&5
conftest.c: In function 'main':
conftest.c:105:8: error: 'strchr' undeclared (first use in this function)
  105 | (void) strchr;
      |        ^~~~~~
conftest.c:1:1: note: 'strchr' is defined in header '<string.h>'; this is probably fixable by adding '#include <string.h>'
    1 | /* confdefs.h */
conftest.c:105:8: note: each undeclared identifier is reported only once for each function it appears in
  105 | (void) strchr;
      |        ^~~~~~
configure:21924: $? = 1
configure: failed program was:
| /* confdefs.h */
| #define PACKAGE_NAME "libunistring"
| #define PACKAGE_TARNAME "libunistring"
| #define PACKAGE_VERSION "dummy"
| #define PACKAGE_STRING "libunistring dummy"
| #define PACKAGE_BUGREPORT ""
| #define PACKAGE_URL ""
| #undef PACKAGE_VERSION
| #define PACKAGE_VERSION "1.4.2"
| #undef PACKAGE_STRING
| #define PACKAGE_STRING "libunistring 1.4.2"
| #define PACKAGE "libunistring"
| #define VERSION "1.4.2"
| #define HAVE_STDIO_H 1
| #define HAVE_STDLIB_H 1
| #define HAVE_STRING_H 1
| #define HAVE_INTTYPES_H 1
| #define HAVE_STDINT_H 1
| #define HAVE_STRINGS_H 1
| #define HAVE_SYS_STAT_H 1
| #define HAVE_SYS_TYPES_H 1
| #define HAVE_UNISTD_H 1
| #define HAVE_WCHAR_H 1
| #define HAVE_STDBOOL_H 1
| #define HAVE_UCHAR_H 1
| #define HAVE_THREADS_H 1
| #define HAVE_LANGINFO_H 1
| #define HAVE_ICONV_H 1
| #define HAVE_LIMITS_H 1
| #define HAVE_WCTYPE_H 1
| #define HAVE_MATH_H 1
| #define HAVE_SYS_MMAN_H 1
| #define HAVE_PTHREAD_H 1
| #define HAVE_STDCKDINT_H 1
| #define HAVE_SYS_TIME_H 1
| #define HAVE_FEATURES_H 1
| #define HAVE_SYS_SOCKET_H 1
| #define HAVE_ARPA_INET_H 1
| #define HAVE_NETDB_H 1
| #define HAVE_NETINET_IN_H 1
| #define HAVE_SEMAPHORE_H 1
| #define HAVE_SYS_PARAM_H 1
| #define HAVE_SYS_SELECT_H 1
| #define HAVE_SYS_WAIT_H 1
| #define HAVE_SYS_IOCTL_H 1
| #define HAVE_SYS_UN_H 1
| #define HAVE_SYS_UIO_H 1
| #define STDC_HEADERS 1
| #define _ALL_SOURCE 1
| #define _DARWIN_C_SOURCE 1
| #define _GNU_SOURCE 1
| #define _HPUX_ALT_XOPEN_SOCKET_API 1
| #define _NETBSD_SOURCE 1
| #define _OPENBSD_SOURCE 1
| #define _POSIX_PTHREAD_SEMANTICS 1
| #define __STDC_WANT_IEC_60559_ATTRIBS_EXT__ 1
| #define __STDC_WANT_IEC_60559_BFP_EXT__ 1
| #define __STDC_WANT_IEC_60559_DFP_EXT__ 1
| #define __STDC_WANT_IEC_60559_EXT__ 1
| #define __STDC_WANT_IEC_60559_FUNCS_EXT__ 1
| #define __STDC_WANT_IEC_60559_TYPES_EXT__ 1
| #define __STDC_WANT_LIB_EXT2__ 1
| #define __STDC_WANT_MATH_SPEC_FUNCS__ 1
| #define _TANDEM_SOURCE 1
| #define __EXTENSIONS__ 1
| #define _LINUX_SOURCE_COMPAT 1
| #define __USE_MINGW_ANSI_STDIO 1
| #define HAVE_DLFCN_H 1
| #define LT_OBJDIR ".libs/"
| #define HAVE_ALLOCA_H 1
| #define HAVE_ALLOCA 1
| #define restrict __restrict__
| #define BITSIZEOF_WCHAR_T 32
| #define HAVE_MBSTATE_T 1
| #define HAVE_MBSINIT 1
| #define HAVE_MBRTOWC 1
| #define HAVE_SYMLINK 1
| #define HAVE_ISWCNTRL 1
| #define HAVE_MPROTECT 1
| #define HAVE_SNPRINTF 1
| #define HAVE_STRDUP 1
| #define HAVE_WCWIDTH 1
| #define HAVE_BTOWC 1
| #define HAVE_FCNTL 1
| #define HAVE_GETDTABLESIZE 1
| #define HAVE_GETTIMEOFDAY 1
| #define HAVE_ISBLANK 1
| #define HAVE_LSTAT 1
| #define HAVE___XPG_STRERROR_R 1
| #define HAVE_PIPE 1
| #define HAVE_PSELECT 1
| #define HAVE_PTHREAD_SIGMASK 1
| #define HAVE_SETENV 1
| #define HAVE_SLEEP 1
| #define HAVE_SHUTDOWN 1
| #define HAVE_USLEEP 1
| #define HAVE_WCRTOMB 1
| #define HAVE_WCTOB 1
| #define HAVE_LANGINFO_CODESET 1
| /* end confdefs.h.  */
| 
| int
| main (void)
| {
| (void) strchr;
|   ;
|   return 0;
| }
configure:21951: gcc -c -g -O2   conftest.c >&5
configure:21951: $? = 0
configure:21971: result: none needed
configure:21986: checking whether mbrtoc32 is declared
configure:21986: gcc -c -g -O2   conftest.c >&5
configure:21986: $? = 0
configure:21986: result: yes
configure:21997: checking for mbrtoc32
configure:22022: gcc -o conftest -g -O2   conftest.c  >&5
configure:22022: $? = 0
configure:22034: result: yes
configure:22043: checking for a traditional french locale
configure:22120: gcc -o conftest -g -O2   conftest.c  >&5
configure:22123: $? = 0
configure:22181: result: none
configure:22202: checking whether mbrtoc32 works as well as mbrtowc
configure:22291: result: guessing yes
configure:22306: checking whether c32rtomb is declared
configure:22306: gcc -c -g -O2   conftest.c >&5
configure:22306: $? = 0
configure:22306: result: yes
configure:22317: checking for c32rtomb
configure:22342: gcc -o conftest -g -O2   conftest.c  >&5
configure:22342: $? = 0
configure:22354: result: yes
configure:22369: checking whether c32rtomb works as well as wcrtomb
configure:22449: result: guessing yes
configure:22593: checking for complete errno.h
configure:22673: result: yes
configure:22755: checking whether ctype.h defines __header_inline
configure:22769: gcc -E  conftest.c
conftest.c:105:28: error: #error "<ctype.h> does not define __header_inline"
  105 |                           #error "<ctype.h> does not define __header_inline"
      |                            ^~~~~
configure:22769: $? = 1
configure: failed program was:
| /* confdefs.h */
| #define PACKAGE_NAME "libunistring"
| #define PACKAGE_TARNAME "libunistring"
| #define PACKAGE_VERSION "dummy"
| #define PACKAGE_STRING "libunistring dummy"
| #define PACKAGE_BUGREPORT ""
| #define PACKAGE_URL ""
| #undef PACKAGE_VERSION
| #define PACKAGE_VERSION "1.4.2"
| #undef PACKAGE_STRING
| #define PACKAGE_STRING "libunistring 1.4.2"
| #define PACKAGE "libunistring"
| #define VERSION "1.4.2"
| #define HAVE_STDIO_H 1
| #define HAVE_STDLIB_H 1
| #define HAVE_STRING_H 1
| #define HAVE_INTTYPES_H 1
| #define HAVE_STDINT_H 1
| #define HAVE_STRINGS_H 1
| #define HAVE_SYS_STAT_H 1
| #define HAVE_SYS_TYPES_H 1
| #define HAVE_UNISTD_H 1
| #define HAVE_WCHAR_H 1
| #define HAVE_STDBOOL_H 1
| #define HAVE_UCHAR_H 1
| #define HAVE_THREADS_H 1
| #define HAVE_LANGINFO_H 1
| #define HAVE_ICONV_H 1
| #define HAVE_LIMITS_H 1
| #define HAVE_WCTYPE_H 1
| #define HAVE_MATH_H 1
| #define HAVE_SYS_MMAN_H 1
| #define HAVE_PTHREAD_H 1
| #define HAVE_STDCKDINT_H 1
| #define HAVE_SYS_TIME_H 1
| #define HAVE_FEATURES_H 1
| #define HAVE_SYS_SOCKET_H 1
| #define HAVE_ARPA_INET_H 1
| #define HAVE_NETDB_H 1
| #define HAVE_NETINET_IN_H 1
| #define HAVE_SEMAPHORE_H 1
| #define HAVE_SYS_PARAM_H 1
| #define HAVE_SYS_SELECT_H 1
| #define HAVE_SYS_WAIT_H 1
| #define HAVE_SYS_IOCTL_H 1
| #define HAVE_SYS_UN_H 1
| #define HAVE_SYS_UIO_H 1
| #define STDC_HEADERS 1
| #define _ALL_SOURCE 1
| #define _DARWIN_C_SOURCE 1
| #define _GNU_SOURCE 1
| #define _HPUX_ALT_XOPEN_SOCKET_API 1
| #define _NETBSD_SOURCE 1
| #define _OPENBSD_SOURCE 1
| #define _POSIX_PTHREAD_SEMANTICS 1
| #define __STDC_WANT_IEC_60559_ATTRIBS_EXT__ 1
| #define __STDC_WANT_IEC_60559_BFP_EXT__ 1
| #define __STDC_WANT_IEC_60559_DFP_EXT__ 1
| #define __STDC_WANT_IEC_60559_EXT__ 1
| #define __STDC_WANT_IEC_60559_FUNCS_EXT__ 1
| #define __STDC_WANT_IEC_60559_TYPES_EXT__ 1
| #define __STDC_WANT_LIB_EXT2__ 1
| #define __STDC_WANT_MATH_SPEC_FUNCS__ 1
| #define _TANDEM_SOURCE 1
| #define __EXTENSIONS__ 1
| #define _LINUX_SOURCE_COMPAT 1
| #define __USE_MINGW_ANSI_STDIO 1
| #define HAVE_DLFCN_H 1
| #define LT_OBJDIR ".libs/"
| #define HAVE_ALLOCA_H 1
| #define HAVE_ALLOCA 1
| #define restrict __restrict__
| #define BITSIZEOF_WCHAR_T 32
| #define HAVE_MBSTATE_T 1
| #define HAVE_MBSINIT 1
| #define HAVE_MBRTOWC 1
| #define HAVE_SYMLINK 1
| #define HAVE_ISWCNTRL 1
| #define HAVE_MPROTECT 1
| #define HAVE_SNPRINTF 1
| #define HAVE_STRDUP 1
| #define HAVE_WCWIDTH 1
| #define HAVE_BTOWC 1
| #define HAVE_FCNTL 1
| #define HAVE_GETDTABLESIZE 1
| #define HAVE_GETTIMEOFDAY 1
| #define HAVE_ISBLANK 1
| #define HAVE_LSTAT 1
| #define HAVE___XPG_STRERROR_R 1
| #define HAVE_PIPE 1
| #define HAVE_PSELECT 1
| #define HAVE_PTHREAD_SIGMASK 1
| #define HAVE_SETENV 1
| #define HAVE_SLEEP 1
| #define HAVE_SHUTDOWN 1
| #define HAVE_USLEEP 1
| #define HAVE_WCRTOMB 1
| #define HAVE_WCTOB 1
| #define HAVE_LANGINFO_CODESET 1
| #define HAVE_WORKING_MBRTOC32 1
| #define HAVE_WORKING_C32RTOMB 1
| /* end confdefs.h.  */
| #include <ctype.h>
|                          #ifndef __header_inline
|                           #error "<ctype.h> does not define __header_inline"
|                          #endif
| 
configure:22779: result: no
configure:22859: checking for working fcntl.h
configure:22994: gcc -o conftest -g -O2   conftest.c  >&5
configure:22994: $? = 0
configure:22994: ./conftest
configure:22994: $? = 0
configure:23025: result: yes
configure:23059: checking for pid_t
configure:23059: gcc -c -g -O2  conftest.c >&5
configure:23059: $? = 0
configure:23059: gcc -c -g -O2  conftest.c >&5
conftest.c: In function 'main':
conftest.c:138:20: error: expected expression before ')' token
  138 | if (sizeof ((pid_t)))
      |                    ^
configure:23059: $? = 1
configure: failed program was:
| /* confdefs.h */
| #define PACKAGE_NAME "libunistring"
| #define PACKAGE_TARNAME "libunistring"
| #define PACKAGE_VERSION "dummy"
| #define PACKAGE_STRING "libunistring dummy"
| #define PACKAGE_BUGREPORT ""
| #define PACKAGE_URL ""
| #undef PACKAGE_VERSION
| #define PACKAGE_VERSION "1.4.2"
| #undef PACKAGE_STRING
| #define PACKAGE_STRING "libunistring 1.4.2"
| #define PACKAGE "libunistring"
| #define VERSION "1.4.2"
| #define HAVE_STDIO_H 1
| #define HAVE_STDLIB_H 1
| #define HAVE_STRING_H 1
| #define HAVE_INTTYPES_H 1
| #define HAVE_STDINT_H 1
| #define HAVE_STRINGS_H 1
| #define HAVE_SYS_STAT_H 1
| #define HAVE_SYS_TYPES_H 1
| #define HAVE_UNISTD_H 1
| #define HAVE_WCHAR_H 1
| #define HAVE_STDBOOL_H 1
| #define HAVE_UCHAR_H 1
| #define HAVE_THREADS_H 1
| #define HAVE_LANGINFO_H 1
| #define HAVE_ICONV_H 1
| #define HAVE_LIMITS_H 1
| #define HAVE_WCTYPE_H 1
| #define HAVE_MATH_H 1
| #define HAVE_SYS_MMAN_H 1
| #define HAVE_PTHREAD_H 1
| #define HAVE_STDCKDINT_H 1
| #define HAVE_SYS_TIME_H 1
| #define HAVE_FEATURES_H 1
| #define HAVE_SYS_SOCKET_H 1
| #define HAVE_ARPA_INET_H 1
| #define HAVE_NETDB_H 1
| #define HAVE_NETINET_IN_H 1
| #define HAVE_SEMAPHORE_H 1
| #define HAVE_SYS_PARAM_H 1
| #define HAVE_SYS_SELECT_H 1
| #define HAVE_SYS_WAIT_H 1
| #define HAVE_SYS_IOCTL_H 1
| #define HAVE_SYS_UN_H 1
| #define HAVE_SYS_UIO_H 1
| #define STDC_HEADERS 1
| #define _ALL_SOURCE 1
| #define _DARWIN_C_SOURCE 1
| #define _GNU_SOURCE 1
| #define _HPUX_ALT_XOPEN_SOCKET_API 1
| #define _NETBSD_SOURCE 1
| #define _OPENBSD_SOURCE 1
| #define _POSIX_PTHREAD_SEMANTICS 1
| #define __STDC_WANT_IEC_60559_ATTRIBS_EXT__ 1
| #define __STDC_WANT_IEC_60559_BFP_EXT__ 1
| #define __STDC_WANT_IEC_60559_DFP_EXT__ 1
| #define __STDC_WANT_IEC_60559_EXT__ 1
| #define __STDC_WANT_IEC_60559_FUNCS_EXT__ 1
| #define __STDC_WANT_IEC_60559_TYPES_EXT__ 1
| #define __STDC_WANT_LIB_EXT2__ 1
| #define __STDC_WANT_MATH_SPEC_FUNCS__ 1
| #define _TANDEM_SOURCE 1
| #define __EXTENSIONS__ 1
| #define _LINUX_SOURCE_COMPAT 1
| #define __USE_MINGW_ANSI_STDIO 1
| #define HAVE_DLFCN_H 1
| #define LT_OBJDIR ".libs/"
| #define HAVE_ALLOCA_H 1
| #define HAVE_ALLOCA 1
| #define restrict __restrict__
| #define BITSIZEOF_WCHAR_T 32
| #define HAVE_MBSTATE_T 1
| #define HAVE_MBSINIT 1
| #define HAVE_MBRTOWC 1
| #define HAVE_SYMLINK 1
| #define HAVE_ISWCNTRL 1
| #define HAVE_MPROTECT 1
| #define HAVE_SNPRINTF 1
| #define HAVE_STRDUP 1
| #define HAVE_WCWIDTH 1
| #define HAVE_BTOWC 1
| #define HAVE_FCNTL 1
| #define HAVE_GETDTABLESIZE 1
| #define HAVE_GETTIMEOFDAY 1
| #define HAVE_ISBLANK 1
| #define HAVE_LSTAT 1
| #define HAVE___XPG_STRERROR_R 1
| #define HAVE_PIPE 1
| #define HAVE_PSELECT 1
| #define HAVE_PTHREAD_SIGMASK 1
| #define HAVE_SETENV 1
| #define HAVE_SLEEP 1
| #define HAVE_SHUTDOWN 1
| #define HAVE_USLEEP 1
| #define HAVE_WCRTOMB 1
| #define HAVE_WCTOB 1
| #define HAVE_LANGINFO_CODESET 1
| #define HAVE_WORKING_MBRTOC32 1
| #define HAVE_WORKING_C32RTOMB 1
| #define HAVE_WORKING_O_DIRECTORY 1
| #define HAVE_WORKING_O_NOATIME 1
| #define HAVE_WORKING_O_NOFOLLOW 1
| /* end confdefs.h.  */
| #include <stddef.h>
| #ifdef HAVE_STDIO_H
| # include <stdio.h>
| #endif
| #ifdef HAVE_STDLIB_H
| # include <stdlib.h>
| #endif
| #ifdef HAVE_STRING_H
| # include <string.h>
| #endif
| #ifdef HAVE_INTTYPES_H
| # include <inttypes.h>
| #endif
| #ifdef HAVE_STDINT_H
| # include <stdint.h>
| #endif
| #ifdef HAVE_STRINGS_H
| # include <strings.h>
| #endif
| #ifdef HAVE_SYS_TYPES_H
| # include <sys/types.h>
| #endif
| #ifdef HAVE_SYS_STAT_H
| # include <sys/stat.h>
| #endif
| #ifdef HAVE_UNISTD_H
| # include <unistd.h>
| #endif
| 
| int
| main (void)
| {
| if (sizeof ((pid_t)))
| 	    return 0;
|   ;
|   return 0;
| }
configure:23059: result: yes
configure:23097: checking for mode_t
configure:23097: gcc -c -g -O2  conftest.c >&5
configure:23097: $? = 0
configure:23097: gcc -c -g -O2  conftest.c >&5
conftest.c: In function 'main':
conftest.c:137:21: error: expected expression before ')' token
  137 | if (sizeof ((mode_t)))
      |                     ^
configure:23097: $? = 1
configure: failed program was:
| /* confdefs.h */
| #define PACKAGE_NAME "libunistring"
| #define PACKAGE_TARNAME "libunistring"
| #define PACKAGE_VERSION "dummy"
| #define PACKAGE_STRING "libunistring dummy"
| #define PACKAGE_BUGREPORT ""
| #define PACKAGE_URL ""
| #undef PACKAGE_VERSION
| #define PACKAGE_VERSION "1.4.2"
| #undef PACKAGE_STRING
| #define PACKAGE_STRING "libunistring 1.4.2"
| #define PACKAGE "libunistring"
| #define VERSION "1.4.2"
| #define HAVE_STDIO_H 1
| #define HAVE_STDLIB_H 1
| #define HAVE_STRING_H 1
| #define HAVE_INTTYPES_H 1
| #define HAVE_STDINT_H 1
| #define HAVE_STRINGS_H 1
| #define HAVE_SYS_STAT_H 1
| #define HAVE_SYS_TYPES_H 1
| #define HAVE_UNISTD_H 1
| #define HAVE_WCHAR_H 1
| #define HAVE_STDBOOL_H 1
| #define HAVE_UCHAR_H 1
| #define HAVE_THREADS_H 1
| #define HAVE_LANGINFO_H 1
| #define HAVE_ICONV_H 1
| #define HAVE_LIMITS_H 1
| #define HAVE_WCTYPE_H 1
| #define HAVE_MATH_H 1
| #define HAVE_SYS_MMAN_H 1
| #define HAVE_PTHREAD_H 1
| #define HAVE_STDCKDINT_H 1
| #define HAVE_SYS_TIME_H 1
| #define HAVE_FEATURES_H 1
| #define HAVE_SYS_SOCKET_H 1
| #define HAVE_ARPA_INET_H 1
| #define HAVE_NETDB_H 1
| #define HAVE_NETINET_IN_H 1
| #define HAVE_SEMAPHORE_H 1
| #define HAVE_SYS_PARAM_H 1
| #define HAVE_SYS_SELECT_H 1
| #define HAVE_SYS_WAIT_H 1
| #define HAVE_SYS_IOCTL_H 1
| #define HAVE_SYS_UN_H 1
| #define HAVE_SYS_UIO_H 1
| #define STDC_HEADERS 1
| #define _ALL_SOURCE 1
| #define _DARWIN_C_SOURCE 1
| #define _GNU_SOURCE 1
| #define _HPUX_ALT_XOPEN_SOCKET_API 1
| #define _NETBSD_SOURCE 1
| #define _OPENBSD_SOURCE 1
| #define _POSIX_PTHREAD_SEMANTICS 1
| #define __STDC_WANT_IEC_60559_ATTRIBS_EXT__ 1
| #define __STDC_WANT_IEC_60559_BFP_EXT__ 1
| #define __STDC_WANT_IEC_60559_DFP_EXT__ 1
| #define __STDC_WANT_IEC_60559_EXT__ 1
| #define __STDC_WANT_IEC_60559_FUNCS_EXT__ 1
| #define __STDC_WANT_IEC_60559_TYPES_EXT__ 1
| #define __STDC_WANT_LIB_EXT2__ 1
| #define __STDC_WANT_MATH_SPEC_FUNCS__ 1
| #define _TANDEM_SOURCE 1
| #define __EXTENSIONS__ 1
| #define _LINUX_SOURCE_COMPAT 1
| #define __USE_MINGW_ANSI_STDIO 1
| #define HAVE_DLFCN_H 1
| #define LT_OBJDIR ".libs/"
| #define HAVE_ALLOCA_H 1
| #define HAVE_ALLOCA 1
| #define restrict __restrict__
| #define BITSIZEOF_WCHAR_T 32
| #define HAVE_MBSTATE_T 1
| #define HAVE_MBSINIT 1
| #define HAVE_MBRTOWC 1
| #define HAVE_SYMLINK 1
| #define HAVE_ISWCNTRL 1
| #define HAVE_MPROTECT 1
| #define HAVE_SNPRINTF 1
| #define HAVE_STRDUP 1
| #define HAVE_WCWIDTH 1
| #define HAVE_BTOWC 1
| #define HAVE_FCNTL 1
| #define HAVE_GETDTABLESIZE 1
| #define HAVE_GETTIMEOFDAY 1
| #define HAVE_ISBLANK 1
| #define HAVE_LSTAT 1
| #define HAVE___XPG_STRERROR_R 1
| #define HAVE_PIPE 1
| #define HAVE_PSELECT 1
| #define HAVE_PTHREAD_SIGMASK 1
| #define HAVE_SETENV 1
| #define HAVE_SLEEP 1
| #define HAVE_SHUTDOWN 1
| #define HAVE_USLEEP 1
| #define HAVE_WCRTOMB 1
| #define HAVE_WCTOB 1
| #define HAVE_LANGINFO_CODESET 1
| #define HAVE_WORKING_MBRTOC32 1
| #define HAVE_WORKING_C32RTOMB 1
| #define HAVE_WORKING_O_DIRECTORY 1
| #define HAVE_WORKING_O_NOATIME 1
| #define HAVE_WORKING_O_NOFOLLOW 1
| /* end confdefs.h.  */
| #include <stddef.h>
| #ifdef HAVE_STDIO_H
| # include <stdio.h>
| #endif
| #ifdef HAVE_STDLIB_H
| # include <stdlib.h>
| #endif
| #ifdef HAVE_STRING_H
| # include <string.h>
| #endif
| #ifdef HAVE_INTTYPES_H
| # include <inttypes.h>
| #endif
| #ifdef HAVE_STDINT_H
| # include <stdint.h>
| #endif
| #ifdef HAVE_STRINGS_H
| # include <strings.h>
| #endif
| #ifdef HAVE_SYS_TYPES_H
| # include <sys/types.h>
| #endif
| #ifdef HAVE_SYS_STAT_H
| # include <sys/stat.h>
| #endif
| #ifdef HAVE_UNISTD_H
| # include <unistd.h>
| #endif
| int
| main (void)
| {
| if (sizeof ((mode_t)))
| 	    return 0;
|   ;
|   return 0;
| }
configure:23097: result: yes
configure:23228: checking whether byte ordering is bigendian
configure:23244: gcc -c -g -O2  conftest.c >&5
conftest.c:107:16: error: unknown type name 'not'
  107 |                not a universal capable compiler
      |                ^~~
conftest.c:107:22: error: expected '=', ',', ';', 'asm' or '__attribute__' before 'universal'
  107 |                not a universal capable compiler
      |                      ^~~~~~~~~
conftest.c:107:22: error: unknown type name 'universal'
configure:23244: $? = 1
configure: failed program was:
| /* confdefs.h */
| #define PACKAGE_NAME "libunistring"
| #define PACKAGE_TARNAME "libunistring"
| #define PACKAGE_VERSION "dummy"
| #define PACKAGE_STRING "libunistring dummy"
| #define PACKAGE_BUGREPORT ""
| #define PACKAGE_URL ""
| #undef PACKAGE_VERSION
| #define PACKAGE_VERSION "1.4.2"
| #undef PACKAGE_STRING
| #define PACKAGE_STRING "libunistring 1.4.2"
| #define PACKAGE "libunistring"
| #define VERSION "1.4.2"
| #define HAVE_STDIO_H 1
| #define HAVE_STDLIB_H 1
| #define HAVE_STRING_H 1
| #define HAVE_INTTYPES_H 1
| #define HAVE_STDINT_H 1
| #define HAVE_STRINGS_H 1
| #define HAVE_SYS_STAT_H 1
| #define HAVE_SYS_TYPES_H 1
| #define HAVE_UNISTD_H 1
| #define HAVE_WCHAR_H 1
| #define HAVE_STDBOOL_H 1
| #define HAVE_UCHAR_H 1
| #define HAVE_THREADS_H 1
| #define HAVE_LANGINFO_H 1
| #define HAVE_ICONV_H 1
| #define HAVE_LIMITS_H 1
| #define HAVE_WCTYPE_H 1
| #define HAVE_MATH_H 1
| #define HAVE_SYS_MMAN_H 1
| #define HAVE_PTHREAD_H 1
| #define HAVE_STDCKDINT_H 1
| #define HAVE_SYS_TIME_H 1
| #define HAVE_FEATURES_H 1
| #define HAVE_SYS_SOCKET_H 1
| #define HAVE_ARPA_INET_H 1
| #define HAVE_NETDB_H 1
| #define HAVE_NETINET_IN_H 1
| #define HAVE_SEMAPHORE_H 1
| #define HAVE_SYS_PARAM_H 1
| #define HAVE_SYS_SELECT_H 1
| #define HAVE_SYS_WAIT_H 1
| #define HAVE_SYS_IOCTL_H 1
| #define HAVE_SYS_UN_H 1
| #define HAVE_SYS_UIO_H 1
| #define STDC_HEADERS 1
| #define _ALL_SOURCE 1
| #define _DARWIN_C_SOURCE 1
| #define _GNU_SOURCE 1
| #define _HPUX_ALT_XOPEN_SOCKET_API 1
| #define _NETBSD_SOURCE 1
| #define _OPENBSD_SOURCE 1
| #define _POSIX_PTHREAD_SEMANTICS 1
| #define __STDC_WANT_IEC_60559_ATTRIBS_EXT__ 1
| #define __STDC_WANT_IEC_60559_BFP_EXT__ 1
| #define __STDC_WANT_IEC_60559_DFP_EXT__ 1
| #define __STDC_WANT_IEC_60559_EXT__ 1
| #define __STDC_WANT_IEC_60559_FUNCS_EXT__ 1
| #define __STDC_WANT_IEC_60559_TYPES_EXT__ 1
| #define __STDC_WANT_LIB_EXT2__ 1
| #define __STDC_WANT_MATH_SPEC_FUNCS__ 1
| #define _TANDEM_SOURCE 1
| #define __EXTENSIONS__ 1
| #define _LINUX_SOURCE_COMPAT 1
| #define __USE_MINGW_ANSI_STDIO 1
| #define HAVE_DLFCN_H 1
| #define LT_OBJDIR ".libs/"
| #define HAVE_ALLOCA_H 1
| #define HAVE_ALLOCA 1
| #define restrict __restrict__
| #define BITSIZEOF_WCHAR_T 32
| #define HAVE_MBSTATE_T 1
| #define HAVE_MBSINIT 1
| #define HAVE_MBRTOWC 1
| #define HAVE_SYMLINK 1
| #define HAVE_ISWCNTRL 1
| #define HAVE_MPROTECT 1
| #define HAVE_SNPRINTF 1
| #define HAVE_STRDUP 1
| #define HAVE_WCWIDTH 1
| #define HAVE_BTOWC 1
| #define HAVE_FCNTL 1
| #define HAVE_GETDTABLESIZE 1
| #define HAVE_GETTIMEOFDAY 1
| #define HAVE_ISBLANK 1
| #define HAVE_LSTAT 1
| #define HAVE___XPG_STRERROR_R 1
| #define HAVE_PIPE 1
| #define HAVE_PSELECT 1
| #define HAVE_PTHREAD_SIGMASK 1
| #define HAVE_SETENV 1
| #define HAVE_SLEEP 1
| #define HAVE_SHUTDOWN 1
| #define HAVE_USLEEP 1
| #define HAVE_WCRTOMB 1
| #define HAVE_WCTOB 1
| #define HAVE_LANGINFO_CODESET 1
| #define HAVE_WORKING_MBRTOC32 1
| #define HAVE_WORKING_C32RTOMB 1
| #define HAVE_WORKING_O_DIRECTORY 1
| #define HAVE_WORKING_O_NOATIME 1
| #define HAVE_WORKING_O_NOFOLLOW 1
| /* end confdefs.h.  */
| #ifndef __APPLE_CC__
| 	       not a universal capable compiler
| 	     #endif
| 	     typedef int dummy;
| 
configure:23290: gcc -c -g -O2  conftest.c >&5
configure:23290: $? = 0
configure:23309: gcc -c -g -O2  conftest.c >&5
conftest.c: In function 'main':
conftest.c:113:18: error: unknown type name 'not'; did you mean 'ino_t'?
  113 |                  not big endian
      |                  ^~~
      |                  ino_t
conftest.c:113:26: error: expected '=', ',', ';', 'asm' or '__attribute__' before 'endian'
  113 |                  not big endian
      |                          ^~~~~~
configure:23309: $? = 1
configure: failed program was:
| /* confdefs.h */
| #define PACKAGE_NAME "libunistring"
| #define PACKAGE_TARNAME "libunistring"
| #define PACKAGE_VERSION "dummy"
| #define PACKAGE_STRING "libunistring dummy"
| #define PACKAGE_BUGREPORT ""
| #define PACKAGE_URL ""
| #undef PACKAGE_VERSION
| #define PACKAGE_VERSION "1.4.2"
| #undef PACKAGE_STRING
| #define PACKAGE_STRING "libunistring 1.4.2"
| #define PACKAGE "libunistring"
| #define VERSION "1.4.2"
| #define HAVE_STDIO_H 1
| #define HAVE_STDLIB_H 1
| #define HAVE_STRING_H 1
| #define HAVE_INTTYPES_H 1
| #define HAVE_STDINT_H 1
| #define HAVE_STRINGS_H 1
| #define HAVE_SYS_STAT_H 1
| #define HAVE_SYS_TYPES_H 1
| #define HAVE_UNISTD_H 1
| #define HAVE_WCHAR_H 1
| #define HAVE_STDBOOL_H 1
| #define HAVE_UCHAR_H 1
| #define HAVE_THREADS_H 1
| #define HAVE_LANGINFO_H 1
| #define HAVE_ICONV_H 1
| #define HAVE_LIMITS_H 1
| #define HAVE_WCTYPE_H 1
| #define HAVE_MATH_H 1
| #define HAVE_SYS_MMAN_H 1
| #define HAVE_PTHREAD_H 1
| #define HAVE_STDCKDINT_H 1
| #define HAVE_SYS_TIME_H 1
| #define HAVE_FEATURES_H 1
| #define HAVE_SYS_SOCKET_H 1
| #define HAVE_ARPA_INET_H 1
| #define HAVE_NETDB_H 1
| #define HAVE_NETINET_IN_H 1
| #define HAVE_SEMAPHORE_H 1
| #define HAVE_SYS_PARAM_H 1
| #define HAVE_SYS_SELECT_H 1
| #define HAVE_SYS_WAIT_H 1
| #define HAVE_SYS_IOCTL_H 1
| #define HAVE_SYS_UN_H 1
| #define HAVE_SYS_UIO_H 1
| #define STDC_HEADERS 1
| #define _ALL_SOURCE 1
| #define _DARWIN_C_SOURCE 1
| #define _GNU_SOURCE 1
| #define _HPUX_ALT_XOPEN_SOCKET_API 1
| #define _NETBSD_SOURCE 1
| #define _OPENBSD_SOURCE 1
| #define _POSIX_PTHREAD_SEMANTICS 1
| #define __STDC_WANT_IEC_60559_ATTRIBS_EXT__ 1
| #define __STDC_WANT_IEC_60559_BFP_EXT__ 1
| #define __STDC_WANT_IEC_60559_DFP_EXT__ 1
| #define __STDC_WANT_IEC_60559_EXT__ 1
| #define __STDC_WANT_IEC_60559_FUNCS_EXT__ 1
| #define __STDC_WANT_IEC_60559_TYPES_EXT__ 1
| #define __STDC_WANT_LIB_EXT2__ 1
| #define __STDC_WANT_MATH_SPEC_FUNCS__ 1
| #define _TANDEM_SOURCE 1
| #define __EXTENSIONS__ 1
| #define _LINUX_SOURCE_COMPAT 1
| #define __USE_MINGW_ANSI_STDIO 1
| #define HAVE_DLFCN_H 1
| #define LT_OBJDIR ".libs/"
| #define HAVE_ALLOCA_H 1
| #define HAVE_ALLOCA 1
| #define restrict __restrict__
| #define BITSIZEOF_WCHAR_T 32
| #define HAVE_MBSTATE_T 1
| #define HAVE_MBSINIT 1
| #define HAVE_MBRTOWC 1
| #define HAVE_SYMLINK 1
| #define HAVE_ISWCNTRL 1
| #define HAVE_MPROTECT 1
| #define HAVE_SNPRINTF 1
| #define HAVE_STRDUP 1
| #define HAVE_WCWIDTH 1
| #define HAVE_BTOWC 1
| #define HAVE_FCNTL 1
| #define HAVE_GETDTABLESIZE 1
| #define HAVE_GETTIMEOFDAY 1
| #define HAVE_ISBLANK 1
| #define HAVE_LSTAT 1
| #define HAVE___XPG_STRERROR_R 1
| #define HAVE_PIPE 1
| #define HAVE_PSELECT 1
| #define HAVE_PTHREAD_SIGMASK 1
| #define HAVE_SETENV 1
| #define HAVE_SLEEP 1
| #define HAVE_SHUTDOWN 1
| #define HAVE_USLEEP 1
| #define HAVE_WCRTOMB 1
| #define HAVE_WCTOB 1
| #define HAVE_LANGINFO_CODESET 1
| #define HAVE_WORKING_MBRTOC32 1
| #define HAVE_WORKING_C32RTOMB 1
| #define HAVE_WORKING_O_DIRECTORY 1
| #define HAVE_WORKING_O_NOATIME 1
| #define HAVE_WORKING_O_NOFOLLOW 1
| /* end confdefs.h.  */
| #include <sys/types.h>
| 		#include <sys/param.h>
| 
| int
| main (void)
| {
| #if BYTE_ORDER != BIG_ENDIAN
| 		 not big endian
| 		#endif
| 
|   ;
|   return 0;
| }
configure:23450: result: no
configure:23979: checking whether frexp() can be used without linking with libm
configure:23998: gcc -o conftest -g -O2   conftest.c  >&5
configure:23998: $? = 0
configure:24010: result: yes
configure:24013: checking whether alarm is declared
configure:24013: gcc -c -g -O2   conftest.c >&5
configure:24013: $? = 0
configure:24013: result: yes
configure:24522: checking whether long double and double are the same
configure:24544: gcc -c -g -O2  conftest.c >&5
conftest.c: In function 'main':
conftest.c:111:13: error: size of array 'check' is negative
  111 | typedef int check[sizeof (long double) == sizeof (double)
      |             ^~~~~
configure:24544: $? = 1
configure: failed program was:
| /* confdefs.h */
| #define PACKAGE_NAME "libunistring"
| #define PACKAGE_TARNAME "libunistring"
| #define PACKAGE_VERSION "dummy"
| #define PACKAGE_STRING "libunistring dummy"
| #define PACKAGE_BUGREPORT ""
| #define PACKAGE_URL ""
| #undef PACKAGE_VERSION
| #define PACKAGE_VERSION "1.4.2"
| #undef PACKAGE_STRING
| #define PACKAGE_STRING "libunistring 1.4.2"
| #define PACKAGE "libunistring"
| #define VERSION "1.4.2"
| #define HAVE_STDIO_H 1
| #define HAVE_STDLIB_H 1
| #define HAVE_STRING_H 1
| #define HAVE_INTTYPES_H 1
| #define HAVE_STDINT_H 1
| #define HAVE_STRINGS_H 1
| #define HAVE_SYS_STAT_H 1
| #define HAVE_SYS_TYPES_H 1
| #define HAVE_UNISTD_H 1
| #define HAVE_WCHAR_H 1
| #define HAVE_STDBOOL_H 1
| #define HAVE_UCHAR_H 1
| #define HAVE_THREADS_H 1
| #define HAVE_LANGINFO_H 1
| #define HAVE_ICONV_H 1
| #define HAVE_LIMITS_H 1
| #define HAVE_WCTYPE_H 1
| #define HAVE_MATH_H 1
| #define HAVE_SYS_MMAN_H 1
| #define HAVE_PTHREAD_H 1
| #define HAVE_STDCKDINT_H 1
| #define HAVE_SYS_TIME_H 1
| #define HAVE_FEATURES_H 1
| #define HAVE_SYS_SOCKET_H 1
| #define HAVE_ARPA_INET_H 1
| #define HAVE_NETDB_H 1
| #define HAVE_NETINET_IN_H 1
| #define HAVE_SEMAPHORE_H 1
| #define HAVE_SYS_PARAM_H 1
| #define HAVE_SYS_SELECT_H 1
| #define HAVE_SYS_WAIT_H 1
| #define HAVE_SYS_IOCTL_H 1
| #define HAVE_SYS_UN_H 1
| #define HAVE_SYS_UIO_H 1
| #define STDC_HEADERS 1
| #define _ALL_SOURCE 1
| #define _DARWIN_C_SOURCE 1
| #define _GNU_SOURCE 1
| #define _HPUX_ALT_XOPEN_SOCKET_API 1
| #define _NETBSD_SOURCE 1
| #define _OPENBSD_SOURCE 1
| #define _POSIX_PTHREAD_SEMANTICS 1
| #define __STDC_WANT_IEC_60559_ATTRIBS_EXT__ 1
| #define __STDC_WANT_IEC_60559_BFP_EXT__ 1
| #define __STDC_WANT_IEC_60559_DFP_EXT__ 1
| #define __STDC_WANT_IEC_60559_EXT__ 1
| #define __STDC_WANT_IEC_60559_FUNCS_EXT__ 1
| #define __STDC_WANT_IEC_60559_TYPES_EXT__ 1
| #define __STDC_WANT_LIB_EXT2__ 1
| #define __STDC_WANT_MATH_SPEC_FUNCS__ 1
| #define _TANDEM_SOURCE 1
| #define __EXTENSIONS__ 1
| #define _LINUX_SOURCE_COMPAT 1
| #define __USE_MINGW_ANSI_STDIO 1
| #define HAVE_DLFCN_H 1
| #define LT_OBJDIR ".libs/"
| #define HAVE_ALLOCA_H 1
| #define HAVE_ALLOCA 1
| #define restrict __restrict__
| #define BITSIZEOF_WCHAR_T 32
| #define HAVE_MBSTATE_T 1
| #define HAVE_MBSINIT 1
| #define HAVE_MBRTOWC 1
| #define HAVE_SYMLINK 1
| #define HAVE_ISWCNTRL 1
| #define HAVE_MPROTECT 1
| #define HAVE_SNPRINTF 1
| #define HAVE_STRDUP 1
| #define HAVE_WCWIDTH 1
| #define HAVE_BTOWC 1
| #define HAVE_FCNTL 1
| #define HAVE_GETDTABLESIZE 1
| #define HAVE_GETTIMEOFDAY 1
| #define HAVE_ISBLANK 1
| #define HAVE_LSTAT 1
| #define HAVE___XPG_STRERROR_R 1
| #define HAVE_PIPE 1
| #define HAVE_PSELECT 1
| #define HAVE_PTHREAD_SIGMASK 1
| #define HAVE_SETENV 1
| #define HAVE_SLEEP 1
| #define HAVE_SHUTDOWN 1
| #define HAVE_USLEEP 1
| #define HAVE_WCRTOMB 1
| #define HAVE_WCTOB 1
| #define HAVE_LANGINFO_CODESET 1
| #define HAVE_WORKING_MBRTOC32 1
| #define HAVE_WORKING_C32RTOMB 1
| #define HAVE_WORKING_O_DIRECTORY 1
| #define HAVE_WORKING_O_NOATIME 1
| #define HAVE_WORKING_O_NOFOLLOW 1
| #define HAVE_DECL_ALARM 1
| /* end confdefs.h.  */
| #include <float.h>
| int
| main (void)
| {
| typedef int check[sizeof (long double) == sizeof (double)
|                               && LDBL_MANT_DIG == DBL_MANT_DIG
|                               && LDBL_MAX_EXP == DBL_MAX_EXP
|                               && LDBL_MIN_EXP == DBL_MIN_EXP
|                               ? 1 : -1];
| 
|   ;
|   return 0;
| }
configure:24555: result: no
configure:24591: checking for pthread.h
configure:24591: result: yes
configure:24627: gcc -o conftest -g -O2   conftest.c   >&5
configure:24627: $? = 0
configure:24638: gl_pthread_api=yes
configure:24639: LIBPTHREAD=
configure:24668: gl_pthread_in_glibc=no
configure:24676: checking for pthread_kill in -lpthread
configure:24705: gcc -o conftest -g -O2   conftest.c -lpthread   >&5
configure:24705: $? = 0
configure:24717: result: yes
configure:24920: LIBPMULTITHREAD=-lpthread
configure:24923: checking whether POSIX threads API is available
configure:24925: result: yes
configure:24950: gcc -o conftest -g -O2   conftest.c  >&5
configure:24950: $? = 0
configure:25073: checking whether setlocale (LC_ALL, NULL) is multithread-safe
configure:25117: result: no
configure:25135: checking whether setlocale (category, NULL) is multithread-safe
configure:25155: result: yes
configure:25181: checking whether imported symbols can be declared weak
configure:25208: gcc -o conftest -g -O2   conftest.c  >&5
configure:25208: $? = 0
configure:25248: gcc -o conftest -g -O2   conftest.c  >&5
configure:25248: $? = 0
configure:25248: ./conftest
configure:25248: $? = 0
configure:25299: result: yes
configure:25409: checking whether locale.h defines locale_t
configure:25427: gcc -c -g -O2  conftest.c >&5
configure:25427: $? = 0
configure:25438: result: yes
configure:25473: checking for uselocale
configure:25510: checking for uselocale
configure:25510: gcc -o conftest -g -O2   conftest.c  >&5
configure:25510: $? = 0
configure:25510: result: yes
configure:25526: result: yes
configure:25543: checking whether uselocale works
configure:25573: gcc -o conftest -g -O2   conftest.c  >&5
configure:25573: $? = 0
configure:25573: ./conftest
configure:25573: $? = 0
configure:25588: result: yes
configure:25609: checking for fake locale system (OpenBSD, Android)
configure:25643: gcc -o conftest -g -O2   conftest.c  >&5
configure:25643: $? = 0
configure:25643: ./conftest
configure:25643: $? = 1
configure: program exited with status 1
configure: failed program was:
| /* confdefs.h */
| #define PACKAGE_NAME "libunistring"
| #define PACKAGE_TARNAME "libunistring"
| #define PACKAGE_VERSION "dummy"
| #define PACKAGE_STRING "libunistring dummy"
| #define PACKAGE_BUGREPORT ""
| #define PACKAGE_URL ""
| #undef PACKAGE_VERSION
| #define PACKAGE_VERSION "1.4.2"
| #undef PACKAGE_STRING
| #define PACKAGE_STRING "libunistring 1.4.2"
| #define PACKAGE "libunistring"
| #define VERSION "1.4.2"
| #define HAVE_STDIO_H 1
| #define HAVE_STDLIB_H 1
| #define HAVE_STRING_H 1
| #define HAVE_INTTYPES_H 1
| #define HAVE_STDINT_H 1
| #define HAVE_STRINGS_H 1
| #define HAVE_SYS_STAT_H 1
| #define HAVE_SYS_TYPES_H 1
| #define HAVE_UNISTD_H 1
| #define HAVE_WCHAR_H 1
| #define HAVE_STDBOOL_H 1
| #define HAVE_UCHAR_H 1
| #define HAVE_THREADS_H 1
| #define HAVE_LANGINFO_H 1
| #define HAVE_ICONV_H 1
| #define HAVE_LIMITS_H 1
| #define HAVE_WCTYPE_H 1
| #define HAVE_MATH_H 1
| #define HAVE_SYS_MMAN_H 1
| #define HAVE_PTHREAD_H 1
| #define HAVE_STDCKDINT_H 1
| #define HAVE_SYS_TIME_H 1
| #define HAVE_FEATURES_H 1
| #define HAVE_SYS_SOCKET_H 1
| #define HAVE_ARPA_INET_H 1
| #define HAVE_NETDB_H 1
| #define HAVE_NETINET_IN_H 1
| #define HAVE_SEMAPHORE_H 1
| #define HAVE_SYS_PARAM_H 1
| #define HAVE_SYS_SELECT_H 1
| #define HAVE_SYS_WAIT_H 1
| #define HAVE_SYS_IOCTL_H 1
| #define HAVE_SYS_UN_H 1
| #define HAVE_SYS_UIO_H 1
| #define STDC_HEADERS 1
| #define _ALL_SOURCE 1
| #define _DARWIN_C_SOURCE 1
| #define _GNU_SOURCE 1
| #define _HPUX_ALT_XOPEN_SOCKET_API 1
| #define _NETBSD_SOURCE 1
| #define _OPENBSD_SOURCE 1
| #define _POSIX_PTHREAD_SEMANTICS 1
| #define __STDC_WANT_IEC_60559_ATTRIBS_EXT__ 1
| #define __STDC_WANT_IEC_60559_BFP_EXT__ 1
| #define __STDC_WANT_IEC_60559_DFP_EXT__ 1
| #define __STDC_WANT_IEC_60559_EXT__ 1
| #define __STDC_WANT_IEC_60559_FUNCS_EXT__ 1
| #define __STDC_WANT_IEC_60559_TYPES_EXT__ 1
| #define __STDC_WANT_LIB_EXT2__ 1
| #define __STDC_WANT_MATH_SPEC_FUNCS__ 1
| #define _TANDEM_SOURCE 1
| #define __EXTENSIONS__ 1
| #define _LINUX_SOURCE_COMPAT 1
| #define __USE_MINGW_ANSI_STDIO 1
| #define HAVE_DLFCN_H 1
| #define LT_OBJDIR ".libs/"
| #define HAVE_ALLOCA_H 1
| #define HAVE_ALLOCA 1
| #define restrict __restrict__
| #define BITSIZEOF_WCHAR_T 32
| #define HAVE_MBSTATE_T 1
| #define HAVE_MBSINIT 1
| #define HAVE_MBRTOWC 1
| #define HAVE_SYMLINK 1
| #define HAVE_ISWCNTRL 1
| #define HAVE_MPROTECT 1
| #define HAVE_SNPRINTF 1
| #define HAVE_STRDUP 1
| #define HAVE_WCWIDTH 1
| #define HAVE_BTOWC 1
| #define HAVE_FCNTL 1
| #define HAVE_GETDTABLESIZE 1
| #define HAVE_GETTIMEOFDAY 1
| #define HAVE_ISBLANK 1
| #define HAVE_LSTAT 1
| #define HAVE___XPG_STRERROR_R 1
| #define HAVE_PIPE 1
| #define HAVE_PSELECT 1
| #define HAVE_PTHREAD_SIGMASK 1
| #define HAVE_SETENV 1
| #define HAVE_SLEEP 1
| #define HAVE_SHUTDOWN 1
| #define HAVE_USLEEP 1
| #define HAVE_WCRTOMB 1
| #define HAVE_WCTOB 1
| #define HAVE_LANGINFO_CODESET 1
| #define HAVE_WORKING_MBRTOC32 1
| #define HAVE_WORKING_C32RTOMB 1
| #define HAVE_WORKING_O_DIRECTORY 1
| #define HAVE_WORKING_O_NOATIME 1
| #define HAVE_WORKING_O_NOFOLLOW 1
| #define HAVE_DECL_ALARM 1
| #define HAVE_PTHREAD_API 1
| #define SETLOCALE_NULL_ALL_MTSAFE 0
| #define SETLOCALE_NULL_ONE_MTSAFE 1
| #define HAVE_WEAK_SYMBOLS 1
| #define HAVE_USELOCALE 1
| #define HAVE_WORKING_USELOCALE 1
| /* end confdefs.h.  */
| 
| #include <locale.h>
| #if HAVE_XLOCALE_H
| # include <xlocale.h>
| #endif
| int main ()
| {
|   locale_t loc1, loc2;
|   if (setlocale (LC_ALL, "de_DE.UTF-8") == NULL) return 1;
|   if (setlocale (LC_ALL, "fr_FR.UTF-8") == NULL) return 1;
|   loc1 = newlocale (LC_ALL_MASK, "de_DE.UTF-8", (locale_t)0);
|   loc2 = newlocale (LC_ALL_MASK, "fr_FR.UTF-8", (locale_t)0);
|   return !(loc1 == loc2);
| }
configure:25660: result: no
configure:25679: checking for Solaris 11.4 locale system
configure:25716: result: no
configure:25878: checking for ld
configure:26011: result: /usr/x86_64-alpine-linux-musl/bin/ld -m elf_x86_64
configure:26018: checking if the linker (/usr/x86_64-alpine-linux-musl/bin/ld -m elf_x86_64) is GNU ld
configure:26035: result: yes
configure:26043: checking for shared library run path origin
configure:26058: result: done
configure:26081: checking 32-bit host C ABI
configure:26134: gcc -c -g -O2  conftest.c >&5
configure:26134: $? = 0
configure:26148: result: no
configure:26157: checking for ELF binary format
configure:26183: result: yes
configure:26235: checking for the common suffixes of directories in the library search path
configure:26312: result: lib,lib,lib
configure:26856: checking for iconv
configure:26881: gcc -o conftest -g -O2   conftest.c  >&5
configure:26881: $? = 0
configure:26918: result: yes
configure:26921: checking for working iconv
configure:27094: gcc -o conftest -g -O2   conftest.c  >&5
configure:27094: $? = 0
configure:27094: ./conftest
configure:27094: $? = 0
configure:27109: result: yes
configure:27137: checking whether iconv is compatible with its POSIX signature
configure:27162: gcc -c -g -O2  conftest.c >&5
configure:27162: $? = 0
configure:27173: result: yes
configure:27303: checking for inline
configure:27320: gcc -c -g -O2  conftest.c >&5
configure:27320: $? = 0
configure:27330: result: inline
configure:27431: checking whether limits.h has WORD_BIT, BOOL_WIDTH etc.
configure:27458: gcc -c -g -O2  conftest.c >&5
conftest.c:122:24: error: 'ULLONG_WIDTH' undeclared here (not in a function)
  122 |             int ullw = ULLONG_WIDTH;
      |                        ^~~~~~~~~~~~
conftest.c:123:22: error: 'BOOL_WIDTH' undeclared here (not in a function)
  123 |             int bw = BOOL_WIDTH;
      |                      ^~~~~~~~~~
conftest.c:124:22: error: 'BOOL_MAX' undeclared here (not in a function)
  124 |             int bm = BOOL_MAX;
      |                      ^~~~~~~~
configure:27458: $? = 1
configure: failed program was:
| /* confdefs.h */
| #define PACKAGE_NAME "libunistring"
| #define PACKAGE_TARNAME "libunistring"
| #define PACKAGE_VERSION "dummy"
| #define PACKAGE_STRING "libunistring dummy"
| #define PACKAGE_BUGREPORT ""
| #define PACKAGE_URL ""
| #undef PACKAGE_VERSION
| #define PACKAGE_VERSION "1.4.2"
| #undef PACKAGE_STRING
| #define PACKAGE_STRING "libunistring 1.4.2"
| #define PACKAGE "libunistring"
| #define VERSION "1.4.2"
| #define HAVE_STDIO_H 1
| #define HAVE_STDLIB_H 1
| #define HAVE_STRING_H 1
| #define HAVE_INTTYPES_H 1
| #define HAVE_STDINT_H 1
| #define HAVE_STRINGS_H 1
| #define HAVE_SYS_STAT_H 1
| #define HAVE_SYS_TYPES_H 1
| #define HAVE_UNISTD_H 1
| #define HAVE_WCHAR_H 1
| #define HAVE_STDBOOL_H 1
| #define HAVE_UCHAR_H 1
| #define HAVE_THREADS_H 1
| #define HAVE_LANGINFO_H 1
| #define HAVE_ICONV_H 1
| #define HAVE_LIMITS_H 1
| #define HAVE_WCTYPE_H 1
| #define HAVE_MATH_H 1
| #define HAVE_SYS_MMAN_H 1
| #define HAVE_PTHREAD_H 1
| #define HAVE_STDCKDINT_H 1
| #define HAVE_SYS_TIME_H 1
| #define HAVE_FEATURES_H 1
| #define HAVE_SYS_SOCKET_H 1
| #define HAVE_ARPA_INET_H 1
| #define HAVE_NETDB_H 1
| #define HAVE_NETINET_IN_H 1
| #define HAVE_SEMAPHORE_H 1
| #define HAVE_SYS_PARAM_H 1
| #define HAVE_SYS_SELECT_H 1
| #define HAVE_SYS_WAIT_H 1
| #define HAVE_SYS_IOCTL_H 1
| #define HAVE_SYS_UN_H 1
| #define HAVE_SYS_UIO_H 1
| #define STDC_HEADERS 1
| #define _ALL_SOURCE 1
| #define _DARWIN_C_SOURCE 1
| #define _GNU_SOURCE 1
| #define _HPUX_ALT_XOPEN_SOCKET_API 1
| #define _NETBSD_SOURCE 1
| #define _OPENBSD_SOURCE 1
| #define _POSIX_PTHREAD_SEMANTICS 1
| #define __STDC_WANT_IEC_60559_ATTRIBS_EXT__ 1
| #define __STDC_WANT_IEC_60559_BFP_EXT__ 1
| #define __STDC_WANT_IEC_60559_DFP_EXT__ 1
| #define __STDC_WANT_IEC_60559_EXT__ 1
| #define __STDC_WANT_IEC_60559_FUNCS_EXT__ 1
| #define __STDC_WANT_IEC_60559_TYPES_EXT__ 1
| #define __STDC_WANT_LIB_EXT2__ 1
| #define __STDC_WANT_MATH_SPEC_FUNCS__ 1
| #define _TANDEM_SOURCE 1
| #define __EXTENSIONS__ 1
| #define _LINUX_SOURCE_COMPAT 1
| #define __USE_MINGW_ANSI_STDIO 1
| #define HAVE_DLFCN_H 1
| #define LT_OBJDIR ".libs/"
| #define HAVE_ALLOCA_H 1
| #define HAVE_ALLOCA 1
| #define restrict __restrict__
| #define BITSIZEOF_WCHAR_T 32
| #define HAVE_MBSTATE_T 1
| #define HAVE_MBSINIT 1
| #define HAVE_MBRTOWC 1
| #define HAVE_SYMLINK 1
| #define HAVE_ISWCNTRL 1
| #define HAVE_MPROTECT 1
| #define HAVE_SNPRINTF 1
| #define HAVE_STRDUP 1
| #define HAVE_WCWIDTH 1
| #define HAVE_BTOWC 1
| #define HAVE_FCNTL 1
| #define HAVE_GETDTABLESIZE 1
| #define HAVE_GETTIMEOFDAY 1
| #define HAVE_ISBLANK 1
| #define HAVE_LSTAT 1
| #define HAVE___XPG_STRERROR_R 1
| #define HAVE_PIPE 1
| #define HAVE_PSELECT 1
| #define HAVE_PTHREAD_SIGMASK 1
| #define HAVE_SETENV 1
| #define HAVE_SLEEP 1
| #define HAVE_SHUTDOWN 1
| #define HAVE_USLEEP 1
| #define HAVE_WCRTOMB 1
| #define HAVE_WCTOB 1
| #define HAVE_LANGINFO_CODESET 1
| #define HAVE_WORKING_MBRTOC32 1
| #define HAVE_WORKING_C32RTOMB 1
| #define HAVE_WORKING_O_DIRECTORY 1
| #define HAVE_WORKING_O_NOATIME 1
| #define HAVE_WORKING_O_NOFOLLOW 1
| #define HAVE_DECL_ALARM 1
| #define HAVE_PTHREAD_API 1
| #define SETLOCALE_NULL_ALL_MTSAFE 0
| #define SETLOCALE_NULL_ONE_MTSAFE 1
| #define HAVE_WEAK_SYMBOLS 1
| #define HAVE_USELOCALE 1
| #define HAVE_WORKING_USELOCALE 1
| #define HAVE_GOOD_USELOCALE 1
| #define HAVE_ICONV 1
| #define ICONV_CONST 
| /* end confdefs.h.  */
| #ifndef __STDC_WANT_IEC_60559_BFP_EXT__
|              #define __STDC_WANT_IEC_60559_BFP_EXT__ 1
|             #endif
|             #include <limits.h>
|             long long llm = LLONG_MAX;
|             int wb = WORD_BIT;
|             int ullw = ULLONG_WIDTH;
|             int bw = BOOL_WIDTH;
|             int bm = BOOL_MAX;
|             int mblm = MB_LEN_MAX;
| 
| int
| main (void)
| {
| 
|   ;
|   return 0;
| }
configure:27468: result: no
configure:27505: checking for wint_t
configure:27523: gcc -c -g -O2  conftest.c >&5
configure:27523: $? = 0
configure:27533: result: yes
configure:27540: checking whether wint_t is large enough
configure:27559: gcc -c -g -O2  conftest.c >&5
configure:27559: $? = 0
configure:27569: result: yes
configure:27582: checking whether the compiler produces multi-arch binaries
configure:27597: gcc -c -g -O2  conftest.c >&5
conftest.c:118:13: error: unknown type name 'not'
  118 |             not a universal capable compiler
      |             ^~~
conftest.c:118:19: error: expected '=', ',', ';', 'asm' or '__attribute__' before 'universal'
  118 |             not a universal capable compiler
      |                   ^~~~~~~~~
conftest.c:118:19: error: unknown type name 'universal'
configure:27597: $? = 1
configure: failed program was:
| /* confdefs.h */
| #define PACKAGE_NAME "libunistring"
| #define PACKAGE_TARNAME "libunistring"
| #define PACKAGE_VERSION "dummy"
| #define PACKAGE_STRING "libunistring dummy"
| #define PACKAGE_BUGREPORT ""
| #define PACKAGE_URL ""
| #undef PACKAGE_VERSION
| #define PACKAGE_VERSION "1.4.2"
| #undef PACKAGE_STRING
| #define PACKAGE_STRING "libunistring 1.4.2"
| #define PACKAGE "libunistring"
| #define VERSION "1.4.2"
| #define HAVE_STDIO_H 1
| #define HAVE_STDLIB_H 1
| #define HAVE_STRING_H 1
| #define HAVE_INTTYPES_H 1
| #define HAVE_STDINT_H 1
| #define HAVE_STRINGS_H 1
| #define HAVE_SYS_STAT_H 1
| #define HAVE_SYS_TYPES_H 1
| #define HAVE_UNISTD_H 1
| #define HAVE_WCHAR_H 1
| #define HAVE_STDBOOL_H 1
| #define HAVE_UCHAR_H 1
| #define HAVE_THREADS_H 1
| #define HAVE_LANGINFO_H 1
| #define HAVE_ICONV_H 1
| #define HAVE_LIMITS_H 1
| #define HAVE_WCTYPE_H 1
| #define HAVE_MATH_H 1
| #define HAVE_SYS_MMAN_H 1
| #define HAVE_PTHREAD_H 1
| #define HAVE_STDCKDINT_H 1
| #define HAVE_SYS_TIME_H 1
| #define HAVE_FEATURES_H 1
| #define HAVE_SYS_SOCKET_H 1
| #define HAVE_ARPA_INET_H 1
| #define HAVE_NETDB_H 1
| #define HAVE_NETINET_IN_H 1
| #define HAVE_SEMAPHORE_H 1
| #define HAVE_SYS_PARAM_H 1
| #define HAVE_SYS_SELECT_H 1
| #define HAVE_SYS_WAIT_H 1
| #define HAVE_SYS_IOCTL_H 1
| #define HAVE_SYS_UN_H 1
| #define HAVE_SYS_UIO_H 1
| #define STDC_HEADERS 1
| #define _ALL_SOURCE 1
| #define _DARWIN_C_SOURCE 1
| #define _GNU_SOURCE 1
| #define _HPUX_ALT_XOPEN_SOCKET_API 1
| #define _NETBSD_SOURCE 1
| #define _OPENBSD_SOURCE 1
| #define _POSIX_PTHREAD_SEMANTICS 1
| #define __STDC_WANT_IEC_60559_ATTRIBS_EXT__ 1
| #define __STDC_WANT_IEC_60559_BFP_EXT__ 1
| #define __STDC_WANT_IEC_60559_DFP_EXT__ 1
| #define __STDC_WANT_IEC_60559_EXT__ 1
| #define __STDC_WANT_IEC_60559_FUNCS_EXT__ 1
| #define __STDC_WANT_IEC_60559_TYPES_EXT__ 1
| #define __STDC_WANT_LIB_EXT2__ 1
| #define __STDC_WANT_MATH_SPEC_FUNCS__ 1
| #define _TANDEM_SOURCE 1
| #define __EXTENSIONS__ 1
| #define _LINUX_SOURCE_COMPAT 1
| #define __USE_MINGW_ANSI_STDIO 1
| #define HAVE_DLFCN_H 1
| #define LT_OBJDIR ".libs/"
| #define HAVE_ALLOCA_H 1
| #define HAVE_ALLOCA 1
| #define restrict __restrict__
| #define BITSIZEOF_WCHAR_T 32
| #define HAVE_MBSTATE_T 1
| #define HAVE_MBSINIT 1
| #define HAVE_MBRTOWC 1
| #define HAVE_SYMLINK 1
| #define HAVE_ISWCNTRL 1
| #define HAVE_MPROTECT 1
| #define HAVE_SNPRINTF 1
| #define HAVE_STRDUP 1
| #define HAVE_WCWIDTH 1
| #define HAVE_BTOWC 1
| #define HAVE_FCNTL 1
| #define HAVE_GETDTABLESIZE 1
| #define HAVE_GETTIMEOFDAY 1
| #define HAVE_ISBLANK 1
| #define HAVE_LSTAT 1
| #define HAVE___XPG_STRERROR_R 1
| #define HAVE_PIPE 1
| #define HAVE_PSELECT 1
| #define HAVE_PTHREAD_SIGMASK 1
| #define HAVE_SETENV 1
| #define HAVE_SLEEP 1
| #define HAVE_SHUTDOWN 1
| #define HAVE_USLEEP 1
| #define HAVE_WCRTOMB 1
| #define HAVE_WCTOB 1
| #define HAVE_LANGINFO_CODESET 1
| #define HAVE_WORKING_MBRTOC32 1
| #define HAVE_WORKING_C32RTOMB 1
| #define HAVE_WORKING_O_DIRECTORY 1
| #define HAVE_WORKING_O_NOATIME 1
| #define HAVE_WORKING_O_NOFOLLOW 1
| #define HAVE_DECL_ALARM 1
| #define HAVE_PTHREAD_API 1
| #define SETLOCALE_NULL_ALL_MTSAFE 0
| #define SETLOCALE_NULL_ONE_MTSAFE 1
| #define HAVE_WEAK_SYMBOLS 1
| #define HAVE_USELOCALE 1
| #define HAVE_WORKING_USELOCALE 1
| #define HAVE_GOOD_USELOCALE 1
| #define HAVE_ICONV 1
| #define ICONV_CONST 
| #define HAVE_WINT_T 1
| /* end confdefs.h.  */
| #ifndef __APPLE_CC__
|             not a universal capable compiler
|            #endif
|            typedef int dummy;
| 
configure:27626: result: no
configure:27759: checking whether stdint.h conforms to C99
configure:27939: gcc -c -g -O2  conftest.c >&5
configure:27939: $? = 0
configure:28024: gcc -o conftest -g -O2   conftest.c  >&5
configure:28024: $? = 0
configure:28024: ./conftest
configure:28024: $? = 0
configure:28039: result: yes
configure:28050: checking whether stdint.h works without ISO C predefines
configure:28083: gcc -c -g -O2  conftest.c >&5
configure:28083: $? = 0
configure:28091: result: yes
configure:28102: checking whether stdint.h has UINTMAX_WIDTH etc.
configure:28135: gcc -c -g -O2  conftest.c >&5
conftest.c:133:24: error: 'UINTMAX_WIDTH' undeclared here (not in a function); did you mean 'UINTMAX_MAX'?
  133 |               int iw = UINTMAX_WIDTH;
      |                        ^~~~~~~~~~~~~
      |                        UINTMAX_MAX
configure:28135: $? = 1
configure: failed program was:
| /* confdefs.h */
| #define PACKAGE_NAME "libunistring"
| #define PACKAGE_TARNAME "libunistring"
| #define PACKAGE_VERSION "dummy"
| #define PACKAGE_STRING "libunistring dummy"
| #define PACKAGE_BUGREPORT ""
| #define PACKAGE_URL ""
| #undef PACKAGE_VERSION
| #define PACKAGE_VERSION "1.4.2"
| #undef PACKAGE_STRING
| #define PACKAGE_STRING "libunistring 1.4.2"
| #define PACKAGE "libunistring"
| #define VERSION "1.4.2"
| #define HAVE_STDIO_H 1
| #define HAVE_STDLIB_H 1
| #define HAVE_STRING_H 1
| #define HAVE_INTTYPES_H 1
| #define HAVE_STDINT_H 1
| #define HAVE_STRINGS_H 1
| #define HAVE_SYS_STAT_H 1
| #define HAVE_SYS_TYPES_H 1
| #define HAVE_UNISTD_H 1
| #define HAVE_WCHAR_H 1
| #define HAVE_STDBOOL_H 1
| #define HAVE_UCHAR_H 1
| #define HAVE_THREADS_H 1
| #define HAVE_LANGINFO_H 1
| #define HAVE_ICONV_H 1
| #define HAVE_LIMITS_H 1
| #define HAVE_WCTYPE_H 1
| #define HAVE_MATH_H 1
| #define HAVE_SYS_MMAN_H 1
| #define HAVE_PTHREAD_H 1
| #define HAVE_STDCKDINT_H 1
| #define HAVE_SYS_TIME_H 1
| #define HAVE_FEATURES_H 1
| #define HAVE_SYS_SOCKET_H 1
| #define HAVE_ARPA_INET_H 1
| #define HAVE_NETDB_H 1
| #define HAVE_NETINET_IN_H 1
| #define HAVE_SEMAPHORE_H 1
| #define HAVE_SYS_PARAM_H 1
| #define HAVE_SYS_SELECT_H 1
| #define HAVE_SYS_WAIT_H 1
| #define HAVE_SYS_IOCTL_H 1
| #define HAVE_SYS_UN_H 1
| #define HAVE_SYS_UIO_H 1
| #define STDC_HEADERS 1
| #define _ALL_SOURCE 1
| #define _DARWIN_C_SOURCE 1
| #define _GNU_SOURCE 1
| #define _HPUX_ALT_XOPEN_SOCKET_API 1
| #define _NETBSD_SOURCE 1
| #define _OPENBSD_SOURCE 1
| #define _POSIX_PTHREAD_SEMANTICS 1
| #define __STDC_WANT_IEC_60559_ATTRIBS_EXT__ 1
| #define __STDC_WANT_IEC_60559_BFP_EXT__ 1
| #define __STDC_WANT_IEC_60559_DFP_EXT__ 1
| #define __STDC_WANT_IEC_60559_EXT__ 1
| #define __STDC_WANT_IEC_60559_FUNCS_EXT__ 1
| #define __STDC_WANT_IEC_60559_TYPES_EXT__ 1
| #define __STDC_WANT_LIB_EXT2__ 1
| #define __STDC_WANT_MATH_SPEC_FUNCS__ 1
| #define _TANDEM_SOURCE 1
| #define __EXTENSIONS__ 1
| #define _LINUX_SOURCE_COMPAT 1
| #define __USE_MINGW_ANSI_STDIO 1
| #define HAVE_DLFCN_H 1
| #define LT_OBJDIR ".libs/"
| #define HAVE_ALLOCA_H 1
| #define HAVE_ALLOCA 1
| #define restrict __restrict__
| #define BITSIZEOF_WCHAR_T 32
| #define HAVE_MBSTATE_T 1
| #define HAVE_MBSINIT 1
| #define HAVE_MBRTOWC 1
| #define HAVE_SYMLINK 1
| #define HAVE_ISWCNTRL 1
| #define HAVE_MPROTECT 1
| #define HAVE_SNPRINTF 1
| #define HAVE_STRDUP 1
| #define HAVE_WCWIDTH 1
| #define HAVE_BTOWC 1
| #define HAVE_FCNTL 1
| #define HAVE_GETDTABLESIZE 1
| #define HAVE_GETTIMEOFDAY 1
| #define HAVE_ISBLANK 1
| #define HAVE_LSTAT 1
| #define HAVE___XPG_STRERROR_R 1
| #define HAVE_PIPE 1
| #define HAVE_PSELECT 1
| #define HAVE_PTHREAD_SIGMASK 1
| #define HAVE_SETENV 1
| #define HAVE_SLEEP 1
| #define HAVE_SHUTDOWN 1
| #define HAVE_USLEEP 1
| #define HAVE_WCRTOMB 1
| #define HAVE_WCTOB 1
| #define HAVE_LANGINFO_CODESET 1
| #define HAVE_WORKING_MBRTOC32 1
| #define HAVE_WORKING_C32RTOMB 1
| #define HAVE_WORKING_O_DIRECTORY 1
| #define HAVE_WORKING_O_NOATIME 1
| #define HAVE_WORKING_O_NOFOLLOW 1
| #define HAVE_DECL_ALARM 1
| #define HAVE_PTHREAD_API 1
| #define SETLOCALE_NULL_ALL_MTSAFE 0
| #define SETLOCALE_NULL_ONE_MTSAFE 1
| #define HAVE_WEAK_SYMBOLS 1
| #define HAVE_USELOCALE 1
| #define HAVE_WORKING_USELOCALE 1
| #define HAVE_GOOD_USELOCALE 1
| #define HAVE_ICONV 1
| #define ICONV_CONST 
| #define HAVE_WINT_T 1
| #define HAVE_LONG_LONG_INT 1
| #define HAVE_UNSIGNED_LONG_LONG_INT 1
| /* end confdefs.h.  */
| 
|               /* Work if build is not clean.  */
|               #define _GL_JUST_INCLUDE_SYSTEM_STDINT_H 1
|               #ifndef __STDC_WANT_IEC_60559_BFP_EXT__
|                #define __STDC_WANT_IEC_60559_BFP_EXT__ 1
|               #endif
|               #include <stdint.h>
| 
|   #include <stddef.h>
|   #include <signal.h>
|   #if HAVE_WCHAR_H
|   # include <wchar.h>
|   #endif
| 
|               int iw = UINTMAX_WIDTH;
| 
| int
| main (void)
| {
| 
|   ;
|   return 0;
| }
configure:28142: result: no
configure:28598: checking where to find the exponent in a 'double'
configure:28932: gcc -o conftest -g -O2   conftest.c  >&5
configure:28932: $? = 0
configure:28932: ./conftest
configure:28932: $? = 0
configure:28948: result: word 1 bit 20
configure:28964: checking where to find the exponent in a 'float'
configure:29043: gcc -o conftest -g -O2   conftest.c  >&5
configure:29043: $? = 0
configure:29043: ./conftest
configure:29043: $? = 0
configure:29059: result: word 0 bit 23
configure:29076: checking where to find the exponent in a 'long double'
configure:29301: gcc -o conftest -g -O2   conftest.c  >&5
configure:29301: $? = 0
configure:29301: ./conftest
configure:29301: $? = 0
configure:29317: result: word 2 bit 0
configure:29459: checking whether iswcntrl works
configure:29500: gcc -o conftest -g -O2   conftest.c  >&5
configure:29500: $? = 0
configure:29500: ./conftest
configure:29500: $? = 0
configure:29515: result: yes
configure:29541: checking for towlower
configure:29541: gcc -o conftest -g -O2   conftest.c  >&5
conftest.c:141:6: warning: conflicting types for built-in function 'towlower'; expected 'unsigned int(unsigned int)' [-Wbuiltin-declaration-mismatch]
  141 | char towlower (void);
      |      ^~~~~~~~
conftest.c:133:1: note: 'towlower' is declared in header '<wctype.h>'
  132 | #include <limits.h>
  133 | #undef towlower
configure:29541: $? = 0
configure:29541: result: yes
configure:29579: checking for wctype_t
configure:29601: gcc -c -g -O2  conftest.c >&5
configure:29601: $? = 0
configure:29612: result: yes
configure:29618: checking for wctrans_t
configure:29638: gcc -c -g -O2  conftest.c >&5
configure:29638: $? = 0
configure:29649: result: yes
configure:29706: checking for good max_align_t
configure:29743: gcc -c -g -O2  conftest.c >&5
configure:29743: $? = 0
configure:29754: result: yes
configure:29761: checking whether NULL can be used in arbitrary expressions
configure:29780: gcc -c -g -O2  conftest.c >&5
configure:29780: $? = 0
configure:29790: result: yes
configure:29797: checking for unreachable in C
configure:29816: gcc -o conftest -g -O2   conftest.c  >&5
conftest.c: In function 'main':
conftest.c:131:1: error: implicit declaration of function 'unreachable' [-Wimplicit-function-declaration]
  131 | unreachable ();
      | ^~~~~~~~~~~
configure:29816: $? = 1
configure: failed program was:
| /* confdefs.h */
| #define PACKAGE_NAME "libunistring"
| #define PACKAGE_TARNAME "libunistring"
| #define PACKAGE_VERSION "dummy"
| #define PACKAGE_STRING "libunistring dummy"
| #define PACKAGE_BUGREPORT ""
| #define PACKAGE_URL ""
| #undef PACKAGE_VERSION
| #define PACKAGE_VERSION "1.4.2"
| #undef PACKAGE_STRING
| #define PACKAGE_STRING "libunistring 1.4.2"
| #define PACKAGE "libunistring"
| #define VERSION "1.4.2"
| #define HAVE_STDIO_H 1
| #define HAVE_STDLIB_H 1
| #define HAVE_STRING_H 1
| #define HAVE_INTTYPES_H 1
| #define HAVE_STDINT_H 1
| #define HAVE_STRINGS_H 1
| #define HAVE_SYS_STAT_H 1
| #define HAVE_SYS_TYPES_H 1
| #define HAVE_UNISTD_H 1
| #define HAVE_WCHAR_H 1
| #define HAVE_STDBOOL_H 1
| #define HAVE_UCHAR_H 1
| #define HAVE_THREADS_H 1
| #define HAVE_LANGINFO_H 1
| #define HAVE_ICONV_H 1
| #define HAVE_LIMITS_H 1
| #define HAVE_WCTYPE_H 1
| #define HAVE_MATH_H 1
| #define HAVE_SYS_MMAN_H 1
| #define HAVE_PTHREAD_H 1
| #define HAVE_STDCKDINT_H 1
| #define HAVE_SYS_TIME_H 1
| #define HAVE_FEATURES_H 1
| #define HAVE_SYS_SOCKET_H 1
| #define HAVE_ARPA_INET_H 1
| #define HAVE_NETDB_H 1
| #define HAVE_NETINET_IN_H 1
| #define HAVE_SEMAPHORE_H 1
| #define HAVE_SYS_PARAM_H 1
| #define HAVE_SYS_SELECT_H 1
| #define HAVE_SYS_WAIT_H 1
| #define HAVE_SYS_IOCTL_H 1
| #define HAVE_SYS_UN_H 1
| #define HAVE_SYS_UIO_H 1
| #define STDC_HEADERS 1
| #define _ALL_SOURCE 1
| #define _DARWIN_C_SOURCE 1
| #define _GNU_SOURCE 1
| #define _HPUX_ALT_XOPEN_SOCKET_API 1
| #define _NETBSD_SOURCE 1
| #define _OPENBSD_SOURCE 1
| #define _POSIX_PTHREAD_SEMANTICS 1
| #define __STDC_WANT_IEC_60559_ATTRIBS_EXT__ 1
| #define __STDC_WANT_IEC_60559_BFP_EXT__ 1
| #define __STDC_WANT_IEC_60559_DFP_EXT__ 1
| #define __STDC_WANT_IEC_60559_EXT__ 1
| #define __STDC_WANT_IEC_60559_FUNCS_EXT__ 1
| #define __STDC_WANT_IEC_60559_TYPES_EXT__ 1
| #define __STDC_WANT_LIB_EXT2__ 1
| #define __STDC_WANT_MATH_SPEC_FUNCS__ 1
| #define _TANDEM_SOURCE 1
| #define __EXTENSIONS__ 1
| #define _LINUX_SOURCE_COMPAT 1
| #define __USE_MINGW_ANSI_STDIO 1
| #define HAVE_DLFCN_H 1
| #define LT_OBJDIR ".libs/"
| #define HAVE_ALLOCA_H 1
| #define HAVE_ALLOCA 1
| #define restrict __restrict__
| #define BITSIZEOF_WCHAR_T 32
| #define HAVE_MBSTATE_T 1
| #define HAVE_MBSINIT 1
| #define HAVE_MBRTOWC 1
| #define HAVE_SYMLINK 1
| #define HAVE_ISWCNTRL 1
| #define HAVE_MPROTECT 1
| #define HAVE_SNPRINTF 1
| #define HAVE_STRDUP 1
| #define HAVE_WCWIDTH 1
| #define HAVE_BTOWC 1
| #define HAVE_FCNTL 1
| #define HAVE_GETDTABLESIZE 1
| #define HAVE_GETTIMEOFDAY 1
| #define HAVE_ISBLANK 1
| #define HAVE_LSTAT 1
| #define HAVE___XPG_STRERROR_R 1
| #define HAVE_PIPE 1
| #define HAVE_PSELECT 1
| #define HAVE_PTHREAD_SIGMASK 1
| #define HAVE_SETENV 1
| #define HAVE_SLEEP 1
| #define HAVE_SHUTDOWN 1
| #define HAVE_USLEEP 1
| #define HAVE_WCRTOMB 1
| #define HAVE_WCTOB 1
| #define HAVE_LANGINFO_CODESET 1
| #define HAVE_WORKING_MBRTOC32 1
| #define HAVE_WORKING_C32RTOMB 1
| #define HAVE_WORKING_O_DIRECTORY 1
| #define HAVE_WORKING_O_NOATIME 1
| #define HAVE_WORKING_O_NOFOLLOW 1
| #define HAVE_DECL_ALARM 1
| #define HAVE_PTHREAD_API 1
| #define SETLOCALE_NULL_ALL_MTSAFE 0
| #define SETLOCALE_NULL_ONE_MTSAFE 1
| #define HAVE_WEAK_SYMBOLS 1
| #define HAVE_USELOCALE 1
| #define HAVE_WORKING_USELOCALE 1
| #define HAVE_GOOD_USELOCALE 1
| #define HAVE_ICONV 1
| #define ICONV_CONST 
| #define HAVE_WINT_T 1
| #define HAVE_LONG_LONG_INT 1
| #define HAVE_UNSIGNED_LONG_LONG_INT 1
| #define DBL_EXPBIT0_WORD 1
| #define DBL_EXPBIT0_BIT 20
| #define FLT_EXPBIT0_WORD 0
| #define FLT_EXPBIT0_BIT 23
| #define LDBL_EXPBIT0_WORD 2
| #define LDBL_EXPBIT0_BIT 0
| #define HAVE_TOWLOWER 1
| /* end confdefs.h.  */
| #include <stddef.h>
| 
| int
| main (void)
| {
| unreachable ();
| 
|   ;
|   return 0;
| }
configure:29828: result: no
configure:29839: checking whether nullptr_t needs <stddef.h>
configure:29849: gcc -c -g -O2  conftest.c >&5
conftest.c:126:1: error: unknown type name 'nullptr_t'
  126 | nullptr_t x;
      | ^~~~~~~~~
configure:29849: $? = 1
configure: failed program was:
| /* confdefs.h */
| #define PACKAGE_NAME "libunistring"
| #define PACKAGE_TARNAME "libunistring"
| #define PACKAGE_VERSION "dummy"
| #define PACKAGE_STRING "libunistring dummy"
| #define PACKAGE_BUGREPORT ""
| #define PACKAGE_URL ""
| #undef PACKAGE_VERSION
| #define PACKAGE_VERSION "1.4.2"
| #undef PACKAGE_STRING
| #define PACKAGE_STRING "libunistring 1.4.2"
| #define PACKAGE "libunistring"
| #define VERSION "1.4.2"
| #define HAVE_STDIO_H 1
| #define HAVE_STDLIB_H 1
| #define HAVE_STRING_H 1
| #define HAVE_INTTYPES_H 1
| #define HAVE_STDINT_H 1
| #define HAVE_STRINGS_H 1
| #define HAVE_SYS_STAT_H 1
| #define HAVE_SYS_TYPES_H 1
| #define HAVE_UNISTD_H 1
| #define HAVE_WCHAR_H 1
| #define HAVE_STDBOOL_H 1
| #define HAVE_UCHAR_H 1
| #define HAVE_THREADS_H 1
| #define HAVE_LANGINFO_H 1
| #define HAVE_ICONV_H 1
| #define HAVE_LIMITS_H 1
| #define HAVE_WCTYPE_H 1
| #define HAVE_MATH_H 1
| #define HAVE_SYS_MMAN_H 1
| #define HAVE_PTHREAD_H 1
| #define HAVE_STDCKDINT_H 1
| #define HAVE_SYS_TIME_H 1
| #define HAVE_FEATURES_H 1
| #define HAVE_SYS_SOCKET_H 1
| #define HAVE_ARPA_INET_H 1
| #define HAVE_NETDB_H 1
| #define HAVE_NETINET_IN_H 1
| #define HAVE_SEMAPHORE_H 1
| #define HAVE_SYS_PARAM_H 1
| #define HAVE_SYS_SELECT_H 1
| #define HAVE_SYS_WAIT_H 1
| #define HAVE_SYS_IOCTL_H 1
| #define HAVE_SYS_UN_H 1
| #define HAVE_SYS_UIO_H 1
| #define STDC_HEADERS 1
| #define _ALL_SOURCE 1
| #define _DARWIN_C_SOURCE 1
| #define _GNU_SOURCE 1
| #define _HPUX_ALT_XOPEN_SOCKET_API 1
| #define _NETBSD_SOURCE 1
| #define _OPENBSD_SOURCE 1
| #define _POSIX_PTHREAD_SEMANTICS 1
| #define __STDC_WANT_IEC_60559_ATTRIBS_EXT__ 1
| #define __STDC_WANT_IEC_60559_BFP_EXT__ 1
| #define __STDC_WANT_IEC_60559_DFP_EXT__ 1
| #define __STDC_WANT_IEC_60559_EXT__ 1
| #define __STDC_WANT_IEC_60559_FUNCS_EXT__ 1
| #define __STDC_WANT_IEC_60559_TYPES_EXT__ 1
| #define __STDC_WANT_LIB_EXT2__ 1
| #define __STDC_WANT_MATH_SPEC_FUNCS__ 1
| #define _TANDEM_SOURCE 1
| #define __EXTENSIONS__ 1
| #define _LINUX_SOURCE_COMPAT 1
| #define __USE_MINGW_ANSI_STDIO 1
| #define HAVE_DLFCN_H 1
| #define LT_OBJDIR ".libs/"
| #define HAVE_ALLOCA_H 1
| #define HAVE_ALLOCA 1
| #define restrict __restrict__
| #define BITSIZEOF_WCHAR_T 32
| #define HAVE_MBSTATE_T 1
| #define HAVE_MBSINIT 1
| #define HAVE_MBRTOWC 1
| #define HAVE_SYMLINK 1
| #define HAVE_ISWCNTRL 1
| #define HAVE_MPROTECT 1
| #define HAVE_SNPRINTF 1
| #define HAVE_STRDUP 1
| #define HAVE_WCWIDTH 1
| #define HAVE_BTOWC 1
| #define HAVE_FCNTL 1
| #define HAVE_GETDTABLESIZE 1
| #define HAVE_GETTIMEOFDAY 1
| #define HAVE_ISBLANK 1
| #define HAVE_LSTAT 1
| #define HAVE___XPG_STRERROR_R 1
| #define HAVE_PIPE 1
| #define HAVE_PSELECT 1
| #define HAVE_PTHREAD_SIGMASK 1
| #define HAVE_SETENV 1
| #define HAVE_SLEEP 1
| #define HAVE_SHUTDOWN 1
| #define HAVE_USLEEP 1
| #define HAVE_WCRTOMB 1
| #define HAVE_WCTOB 1
| #define HAVE_LANGINFO_CODESET 1
| #define HAVE_WORKING_MBRTOC32 1
| #define HAVE_WORKING_C32RTOMB 1
| #define HAVE_WORKING_O_DIRECTORY 1
| #define HAVE_WORKING_O_NOATIME 1
| #define HAVE_WORKING_O_NOFOLLOW 1
| #define HAVE_DECL_ALARM 1
| #define HAVE_PTHREAD_API 1
| #define SETLOCALE_NULL_ALL_MTSAFE 0
| #define SETLOCALE_NULL_ONE_MTSAFE 1
| #define HAVE_WEAK_SYMBOLS 1
| #define HAVE_USELOCALE 1
| #define HAVE_WORKING_USELOCALE 1
| #define HAVE_GOOD_USELOCALE 1
| #define HAVE_ICONV 1
| #define ICONV_CONST 
| #define HAVE_WINT_T 1
| #define HAVE_LONG_LONG_INT 1
| #define HAVE_UNSIGNED_LONG_LONG_INT 1
| #define DBL_EXPBIT0_WORD 1
| #define DBL_EXPBIT0_BIT 20
| #define FLT_EXPBIT0_WORD 0
| #define FLT_EXPBIT0_BIT 23
| #define LDBL_EXPBIT0_WORD 2
| #define LDBL_EXPBIT0_BIT 0
| #define HAVE_TOWLOWER 1
| /* end confdefs.h.  */
| nullptr_t x;
configure:29859: result: yes
configure:29866: checking whether <stddef.h> is idempotent
configure:29882: gcc -c -g -O2  conftest.c >&5
configure:29882: $? = 0
configure:29893: result: guessing yes
configure:29986: checking whether locale.h defines _locale_t
configure:30004: gcc -c -g -O2  conftest.c >&5
conftest.c:127:13: error: unknown type name '_locale_t'; did you mean 'locale_t'?
  127 |             _locale_t x;
      |             ^~~~~~~~~
      |             locale_t
configure:30004: $? = 1
configure: failed program was:
| /* confdefs.h */
| #define PACKAGE_NAME "libunistring"
| #define PACKAGE_TARNAME "libunistring"
| #define PACKAGE_VERSION "dummy"
| #define PACKAGE_STRING "libunistring dummy"
| #define PACKAGE_BUGREPORT ""
| #define PACKAGE_URL ""
| #undef PACKAGE_VERSION
| #define PACKAGE_VERSION "1.4.2"
| #undef PACKAGE_STRING
| #define PACKAGE_STRING "libunistring 1.4.2"
| #define PACKAGE "libunistring"
| #define VERSION "1.4.2"
| #define HAVE_STDIO_H 1
| #define HAVE_STDLIB_H 1
| #define HAVE_STRING_H 1
| #define HAVE_INTTYPES_H 1
| #define HAVE_STDINT_H 1
| #define HAVE_STRINGS_H 1
| #define HAVE_SYS_STAT_H 1
| #define HAVE_SYS_TYPES_H 1
| #define HAVE_UNISTD_H 1
| #define HAVE_WCHAR_H 1
| #define HAVE_STDBOOL_H 1
| #define HAVE_UCHAR_H 1
| #define HAVE_THREADS_H 1
| #define HAVE_LANGINFO_H 1
| #define HAVE_ICONV_H 1
| #define HAVE_LIMITS_H 1
| #define HAVE_WCTYPE_H 1
| #define HAVE_MATH_H 1
| #define HAVE_SYS_MMAN_H 1
| #define HAVE_PTHREAD_H 1
| #define HAVE_STDCKDINT_H 1
| #define HAVE_SYS_TIME_H 1
| #define HAVE_FEATURES_H 1
| #define HAVE_SYS_SOCKET_H 1
| #define HAVE_ARPA_INET_H 1
| #define HAVE_NETDB_H 1
| #define HAVE_NETINET_IN_H 1
| #define HAVE_SEMAPHORE_H 1
| #define HAVE_SYS_PARAM_H 1
| #define HAVE_SYS_SELECT_H 1
| #define HAVE_SYS_WAIT_H 1
| #define HAVE_SYS_IOCTL_H 1
| #define HAVE_SYS_UN_H 1
| #define HAVE_SYS_UIO_H 1
| #define STDC_HEADERS 1
| #define _ALL_SOURCE 1
| #define _DARWIN_C_SOURCE 1
| #define _GNU_SOURCE 1
| #define _HPUX_ALT_XOPEN_SOCKET_API 1
| #define _NETBSD_SOURCE 1
| #define _OPENBSD_SOURCE 1
| #define _POSIX_PTHREAD_SEMANTICS 1
| #define __STDC_WANT_IEC_60559_ATTRIBS_EXT__ 1
| #define __STDC_WANT_IEC_60559_BFP_EXT__ 1
| #define __STDC_WANT_IEC_60559_DFP_EXT__ 1
| #define __STDC_WANT_IEC_60559_EXT__ 1
| #define __STDC_WANT_IEC_60559_FUNCS_EXT__ 1
| #define __STDC_WANT_IEC_60559_TYPES_EXT__ 1
| #define __STDC_WANT_LIB_EXT2__ 1
| #define __STDC_WANT_MATH_SPEC_FUNCS__ 1
| #define _TANDEM_SOURCE 1
| #define __EXTENSIONS__ 1
| #define _LINUX_SOURCE_COMPAT 1
| #define __USE_MINGW_ANSI_STDIO 1
| #define HAVE_DLFCN_H 1
| #define LT_OBJDIR ".libs/"
| #define HAVE_ALLOCA_H 1
| #define HAVE_ALLOCA 1
| #define restrict __restrict__
| #define BITSIZEOF_WCHAR_T 32
| #define HAVE_MBSTATE_T 1
| #define HAVE_MBSINIT 1
| #define HAVE_MBRTOWC 1
| #define HAVE_SYMLINK 1
| #define HAVE_ISWCNTRL 1
| #define HAVE_MPROTECT 1
| #define HAVE_SNPRINTF 1
| #define HAVE_STRDUP 1
| #define HAVE_WCWIDTH 1
| #define HAVE_BTOWC 1
| #define HAVE_FCNTL 1
| #define HAVE_GETDTABLESIZE 1
| #define HAVE_GETTIMEOFDAY 1
| #define HAVE_ISBLANK 1
| #define HAVE_LSTAT 1
| #define HAVE___XPG_STRERROR_R 1
| #define HAVE_PIPE 1
| #define HAVE_PSELECT 1
| #define HAVE_PTHREAD_SIGMASK 1
| #define HAVE_SETENV 1
| #define HAVE_SLEEP 1
| #define HAVE_SHUTDOWN 1
| #define HAVE_USLEEP 1
| #define HAVE_WCRTOMB 1
| #define HAVE_WCTOB 1
| #define HAVE_LANGINFO_CODESET 1
| #define HAVE_WORKING_MBRTOC32 1
| #define HAVE_WORKING_C32RTOMB 1
| #define HAVE_WORKING_O_DIRECTORY 1
| #define HAVE_WORKING_O_NOATIME 1
| #define HAVE_WORKING_O_NOFOLLOW 1
| #define HAVE_DECL_ALARM 1
| #define HAVE_PTHREAD_API 1
| #define SETLOCALE_NULL_ALL_MTSAFE 0
| #define SETLOCALE_NULL_ONE_MTSAFE 1
| #define HAVE_WEAK_SYMBOLS 1
| #define HAVE_USELOCALE 1
| #define HAVE_WORKING_USELOCALE 1
| #define HAVE_GOOD_USELOCALE 1
| #define HAVE_ICONV 1
| #define ICONV_CONST 
| #define HAVE_WINT_T 1
| #define HAVE_LONG_LONG_INT 1
| #define HAVE_UNSIGNED_LONG_LONG_INT 1
| #define DBL_EXPBIT0_WORD 1
| #define DBL_EXPBIT0_BIT 20
| #define FLT_EXPBIT0_WORD 0
| #define FLT_EXPBIT0_BIT 23
| #define LDBL_EXPBIT0_WORD 2
| #define LDBL_EXPBIT0_BIT 0
| #define HAVE_TOWLOWER 1
| /* end confdefs.h.  */
| #include <locale.h>
|             _locale_t x;
| int
| main (void)
| {
| 
|   ;
|   return 0;
| }
configure:30015: result: no
configure:30036: checking whether locale.h conforms to POSIX:2001
configure:30055: gcc -c -g -O2  conftest.c >&5
configure:30055: $? = 0
configure:30065: result: yes
configure:30068: checking whether struct lconv is properly defined
configure:30088: gcc -c -g -O2  conftest.c >&5
configure:30088: $? = 0
configure:30099: result: yes
configure:30208: checking for CFPreferencesCopyAppValue
configure:30227: gcc -o conftest -g -O2   conftest.c  -Wl,-framework -Wl,CoreFoundation >&5
conftest.c:126:10: fatal error: CoreFoundation/CFPreferences.h: No such file or directory
  126 | #include <CoreFoundation/CFPreferences.h>
      |          ^~~~~~~~~~~~~~~~~~~~~~~~~~~~~~~~
compilation terminated.
configure:30227: $? = 1
configure: failed program was:
| /* confdefs.h */
| #define PACKAGE_NAME "libunistring"
| #define PACKAGE_TARNAME "libunistring"
| #define PACKAGE_VERSION "dummy"
| #define PACKAGE_STRING "libunistring dummy"
| #define PACKAGE_BUGREPORT ""
| #define PACKAGE_URL ""
| #undef PACKAGE_VERSION
| #define PACKAGE_VERSION "1.4.2"
| #undef PACKAGE_STRING
| #define PACKAGE_STRING "libunistring 1.4.2"
| #define PACKAGE "libunistring"
| #define VERSION "1.4.2"
| #define HAVE_STDIO_H 1
| #define HAVE_STDLIB_H 1
| #define HAVE_STRING_H 1
| #define HAVE_INTTYPES_H 1
| #define HAVE_STDINT_H 1
| #define HAVE_STRINGS_H 1
| #define HAVE_SYS_STAT_H 1
| #define HAVE_SYS_TYPES_H 1
| #define HAVE_UNISTD_H 1
| #define HAVE_WCHAR_H 1
| #define HAVE_STDBOOL_H 1
| #define HAVE_UCHAR_H 1
| #define HAVE_THREADS_H 1
| #define HAVE_LANGINFO_H 1
| #define HAVE_ICONV_H 1
| #define HAVE_LIMITS_H 1
| #define HAVE_WCTYPE_H 1
| #define HAVE_MATH_H 1
| #define HAVE_SYS_MMAN_H 1
| #define HAVE_PTHREAD_H 1
| #define HAVE_STDCKDINT_H 1
| #define HAVE_SYS_TIME_H 1
| #define HAVE_FEATURES_H 1
| #define HAVE_SYS_SOCKET_H 1
| #define HAVE_ARPA_INET_H 1
| #define HAVE_NETDB_H 1
| #define HAVE_NETINET_IN_H 1
| #define HAVE_SEMAPHORE_H 1
| #define HAVE_SYS_PARAM_H 1
| #define HAVE_SYS_SELECT_H 1
| #define HAVE_SYS_WAIT_H 1
| #define HAVE_SYS_IOCTL_H 1
| #define HAVE_SYS_UN_H 1
| #define HAVE_SYS_UIO_H 1
| #define STDC_HEADERS 1
| #define _ALL_SOURCE 1
| #define _DARWIN_C_SOURCE 1
| #define _GNU_SOURCE 1
| #define _HPUX_ALT_XOPEN_SOCKET_API 1
| #define _NETBSD_SOURCE 1
| #define _OPENBSD_SOURCE 1
| #define _POSIX_PTHREAD_SEMANTICS 1
| #define __STDC_WANT_IEC_60559_ATTRIBS_EXT__ 1
| #define __STDC_WANT_IEC_60559_BFP_EXT__ 1
| #define __STDC_WANT_IEC_60559_DFP_EXT__ 1
| #define __STDC_WANT_IEC_60559_EXT__ 1
| #define __STDC_WANT_IEC_60559_FUNCS_EXT__ 1
| #define __STDC_WANT_IEC_60559_TYPES_EXT__ 1
| #define __STDC_WANT_LIB_EXT2__ 1
| #define __STDC_WANT_MATH_SPEC_FUNCS__ 1
| #define _TANDEM_SOURCE 1
| #define __EXTENSIONS__ 1
| #define _LINUX_SOURCE_COMPAT 1
| #define __USE_MINGW_ANSI_STDIO 1
| #define HAVE_DLFCN_H 1
| #define LT_OBJDIR ".libs/"
| #define HAVE_ALLOCA_H 1
| #define HAVE_ALLOCA 1
| #define restrict __restrict__
| #define BITSIZEOF_WCHAR_T 32
| #define HAVE_MBSTATE_T 1
| #define HAVE_MBSINIT 1
| #define HAVE_MBRTOWC 1
| #define HAVE_SYMLINK 1
| #define HAVE_ISWCNTRL 1
| #define HAVE_MPROTECT 1
| #define HAVE_SNPRINTF 1
| #define HAVE_STRDUP 1
| #define HAVE_WCWIDTH 1
| #define HAVE_BTOWC 1
| #define HAVE_FCNTL 1
| #define HAVE_GETDTABLESIZE 1
| #define HAVE_GETTIMEOFDAY 1
| #define HAVE_ISBLANK 1
| #define HAVE_LSTAT 1
| #define HAVE___XPG_STRERROR_R 1
| #define HAVE_PIPE 1
| #define HAVE_PSELECT 1
| #define HAVE_PTHREAD_SIGMASK 1
| #define HAVE_SETENV 1
| #define HAVE_SLEEP 1
| #define HAVE_SHUTDOWN 1
| #define HAVE_USLEEP 1
| #define HAVE_WCRTOMB 1
| #define HAVE_WCTOB 1
| #define HAVE_LANGINFO_CODESET 1
| #define HAVE_WORKING_MBRTOC32 1
| #define HAVE_WORKING_C32RTOMB 1
| #define HAVE_WORKING_O_DIRECTORY 1
| #define HAVE_WORKING_O_NOATIME 1
| #define HAVE_WORKING_O_NOFOLLOW 1
| #define HAVE_DECL_ALARM 1
| #define HAVE_PTHREAD_API 1
| #define SETLOCALE_NULL_ALL_MTSAFE 0
| #define SETLOCALE_NULL_ONE_MTSAFE 1
| #define HAVE_WEAK_SYMBOLS 1
| #define HAVE_USELOCALE 1
| #define HAVE_WORKING_USELOCALE 1
| #define HAVE_GOOD_USELOCALE 1
| #define HAVE_ICONV 1
| #define ICONV_CONST 
| #define HAVE_WINT_T 1
| #define HAVE_LONG_LONG_INT 1
| #define HAVE_UNSIGNED_LONG_LONG_INT 1
| #define DBL_EXPBIT0_WORD 1
| #define DBL_EXPBIT0_BIT 20
| #define FLT_EXPBIT0_WORD 0
| #define FLT_EXPBIT0_BIT 23
| #define LDBL_EXPBIT0_WORD 2
| #define LDBL_EXPBIT0_BIT 0
| #define HAVE_TOWLOWER 1
| /* end confdefs.h.  */
| #include <CoreFoundation/CFPreferences.h>
| int
| main (void)
| {
| CFPreferencesCopyAppValue(NULL, NULL)
|   ;
|   return 0;
| }
configure:30239: result: no
configure:30246: checking for CFLocaleCopyPreferredLanguages
configure:30265: gcc -o conftest -g -O2   conftest.c  -Wl,-framework -Wl,CoreFoundation >&5
conftest.c:126:10: fatal error: CoreFoundation/CFLocale.h: No such file or directory
  126 | #include <CoreFoundation/CFLocale.h>
      |          ^~~~~~~~~~~~~~~~~~~~~~~~~~~
compilation terminated.
configure:30265: $? = 1
configure: failed program was:
| /* confdefs.h */
| #define PACKAGE_NAME "libunistring"
| #define PACKAGE_TARNAME "libunistring"
| #define PACKAGE_VERSION "dummy"
| #define PACKAGE_STRING "libunistring dummy"
| #define PACKAGE_BUGREPORT ""
| #define PACKAGE_URL ""
| #undef PACKAGE_VERSION
| #define PACKAGE_VERSION "1.4.2"
| #undef PACKAGE_STRING
| #define PACKAGE_STRING "libunistring 1.4.2"
| #define PACKAGE "libunistring"
| #define VERSION "1.4.2"
| #define HAVE_STDIO_H 1
| #define HAVE_STDLIB_H 1
| #define HAVE_STRING_H 1
| #define HAVE_INTTYPES_H 1
| #define HAVE_STDINT_H 1
| #define HAVE_STRINGS_H 1
| #define HAVE_SYS_STAT_H 1
| #define HAVE_SYS_TYPES_H 1
| #define HAVE_UNISTD_H 1
| #define HAVE_WCHAR_H 1
| #define HAVE_STDBOOL_H 1
| #define HAVE_UCHAR_H 1
| #define HAVE_THREADS_H 1
| #define HAVE_LANGINFO_H 1
| #define HAVE_ICONV_H 1
| #define HAVE_LIMITS_H 1
| #define HAVE_WCTYPE_H 1
| #define HAVE_MATH_H 1
| #define HAVE_SYS_MMAN_H 1
| #define HAVE_PTHREAD_H 1
| #define HAVE_STDCKDINT_H 1
| #define HAVE_SYS_TIME_H 1
| #define HAVE_FEATURES_H 1
| #define HAVE_SYS_SOCKET_H 1
| #define HAVE_ARPA_INET_H 1
| #define HAVE_NETDB_H 1
| #define HAVE_NETINET_IN_H 1
| #define HAVE_SEMAPHORE_H 1
| #define HAVE_SYS_PARAM_H 1
| #define HAVE_SYS_SELECT_H 1
| #define HAVE_SYS_WAIT_H 1
| #define HAVE_SYS_IOCTL_H 1
| #define HAVE_SYS_UN_H 1
| #define HAVE_SYS_UIO_H 1
| #define STDC_HEADERS 1
| #define _ALL_SOURCE 1
| #define _DARWIN_C_SOURCE 1
| #define _GNU_SOURCE 1
| #define _HPUX_ALT_XOPEN_SOCKET_API 1
| #define _NETBSD_SOURCE 1
| #define _OPENBSD_SOURCE 1
| #define _POSIX_PTHREAD_SEMANTICS 1
| #define __STDC_WANT_IEC_60559_ATTRIBS_EXT__ 1
| #define __STDC_WANT_IEC_60559_BFP_EXT__ 1
| #define __STDC_WANT_IEC_60559_DFP_EXT__ 1
| #define __STDC_WANT_IEC_60559_EXT__ 1
| #define __STDC_WANT_IEC_60559_FUNCS_EXT__ 1
| #define __STDC_WANT_IEC_60559_TYPES_EXT__ 1
| #define __STDC_WANT_LIB_EXT2__ 1
| #define __STDC_WANT_MATH_SPEC_FUNCS__ 1
| #define _TANDEM_SOURCE 1
| #define __EXTENSIONS__ 1
| #define _LINUX_SOURCE_COMPAT 1
| #define __USE_MINGW_ANSI_STDIO 1
| #define HAVE_DLFCN_H 1
| #define LT_OBJDIR ".libs/"
| #define HAVE_ALLOCA_H 1
| #define HAVE_ALLOCA 1
| #define restrict __restrict__
| #define BITSIZEOF_WCHAR_T 32
| #define HAVE_MBSTATE_T 1
| #define HAVE_MBSINIT 1
| #define HAVE_MBRTOWC 1
| #define HAVE_SYMLINK 1
| #define HAVE_ISWCNTRL 1
| #define HAVE_MPROTECT 1
| #define HAVE_SNPRINTF 1
| #define HAVE_STRDUP 1
| #define HAVE_WCWIDTH 1
| #define HAVE_BTOWC 1
| #define HAVE_FCNTL 1
| #define HAVE_GETDTABLESIZE 1
| #define HAVE_GETTIMEOFDAY 1
| #define HAVE_ISBLANK 1
| #define HAVE_LSTAT 1
| #define HAVE___XPG_STRERROR_R 1
| #define HAVE_PIPE 1
| #define HAVE_PSELECT 1
| #define HAVE_PTHREAD_SIGMASK 1
| #define HAVE_SETENV 1
| #define HAVE_SLEEP 1
| #define HAVE_SHUTDOWN 1
| #define HAVE_USLEEP 1
| #define HAVE_WCRTOMB 1
| #define HAVE_WCTOB 1
| #define HAVE_LANGINFO_CODESET 1
| #define HAVE_WORKING_MBRTOC32 1
| #define HAVE_WORKING_C32RTOMB 1
| #define HAVE_WORKING_O_DIRECTORY 1
| #define HAVE_WORKING_O_NOATIME 1
| #define HAVE_WORKING_O_NOFOLLOW 1
| #define HAVE_DECL_ALARM 1
| #define HAVE_PTHREAD_API 1
| #define SETLOCALE_NULL_ALL_MTSAFE 0
| #define SETLOCALE_NULL_ONE_MTSAFE 1
| #define HAVE_WEAK_SYMBOLS 1
| #define HAVE_USELOCALE 1
| #define HAVE_WORKING_USELOCALE 1
| #define HAVE_GOOD_USELOCALE 1
| #define HAVE_ICONV 1
| #define ICONV_CONST 
| #define HAVE_WINT_T 1
| #define HAVE_LONG_LONG_INT 1
| #define HAVE_UNSIGNED_LONG_LONG_INT 1
| #define DBL_EXPBIT0_WORD 1
| #define DBL_EXPBIT0_BIT 20
| #define FLT_EXPBIT0_WORD 0
| #define FLT_EXPBIT0_BIT 23
| #define LDBL_EXPBIT0_WORD 2
| #define LDBL_EXPBIT0_BIT 0
| #define HAVE_TOWLOWER 1
| /* end confdefs.h.  */
| #include <CoreFoundation/CFLocale.h>
| int
| main (void)
| {
| CFLocaleCopyPreferredLanguages();
|   ;
|   return 0;
| }
configure:30277: result: no
configure:30292: checking for LC_MESSAGES
configure:30309: gcc -o conftest -g -O2   conftest.c  >&5
configure:30309: $? = 0
configure:30320: result: yes
configure:30354: checking whether imported symbols can be declared weak
configure:30472: result: yes
configure:31754: checking for multithread API to use
configure:31756: result: posix
configure:31768: checking whether malloc is ptrdiff_t safe
configure:31805: gcc -c -g -O2  conftest.c >&5
configure:31805: $? = 0
configure:31816: result: yes
configure:31834: checking whether malloc, calloc set errno on failure
configure:31878: result: yes
configure:31898: checking whether malloc (0) returns nonnull
configure:31934: gcc -o conftest -g -O2   conftest.c  >&5
configure:31934: $? = 0
configure:31934: ./conftest
configure:31934: $? = 0
configure:31948: result: yes
configure:32056: checking whether NAN macro works
configure:32080: gcc -c -g -O2  conftest.c >&5
configure:32080: $? = 0
configure:32090: result: yes
configure:32095: checking whether HUGE_VAL works
configure:32114: gcc -c -g -O2  conftest.c >&5
configure:32114: $? = 0
configure:32124: result: yes
configure:32589: checking for MAP_ANONYMOUS
configure:32628: result: yes
configure:32649: checking whether memchr works
configure:32724: gcc -o conftest -g -O2   conftest.c  >&5
configure:32724: $? = 0
configure:32724: ./conftest
configure:32724: $? = 0
configure:32739: result: yes
configure:32750: checking whether <limits.h> defines MIN and MAX
configure:32768: gcc -c -g -O2  conftest.c >&5
conftest.c:135:21: error: implicit declaration of function 'MIN' [-Wimplicit-function-declaration]
  135 |             int x = MIN (42, 17);
      |                     ^~~
conftest.c:135:21: error: initializer element is not constant
configure:32768: $? = 1
configure: failed program was:
| /* confdefs.h */
| #define PACKAGE_NAME "libunistring"
| #define PACKAGE_TARNAME "libunistring"
| #define PACKAGE_VERSION "dummy"
| #define PACKAGE_STRING "libunistring dummy"
| #define PACKAGE_BUGREPORT ""
| #define PACKAGE_URL ""
| #undef PACKAGE_VERSION
| #define PACKAGE_VERSION "1.4.2"
| #undef PACKAGE_STRING
| #define PACKAGE_STRING "libunistring 1.4.2"
| #define PACKAGE "libunistring"
| #define VERSION "1.4.2"
| #define HAVE_STDIO_H 1
| #define HAVE_STDLIB_H 1
| #define HAVE_STRING_H 1
| #define HAVE_INTTYPES_H 1
| #define HAVE_STDINT_H 1
| #define HAVE_STRINGS_H 1
| #define HAVE_SYS_STAT_H 1
| #define HAVE_SYS_TYPES_H 1
| #define HAVE_UNISTD_H 1
| #define HAVE_WCHAR_H 1
| #define HAVE_STDBOOL_H 1
| #define HAVE_UCHAR_H 1
| #define HAVE_THREADS_H 1
| #define HAVE_LANGINFO_H 1
| #define HAVE_ICONV_H 1
| #define HAVE_LIMITS_H 1
| #define HAVE_WCTYPE_H 1
| #define HAVE_MATH_H 1
| #define HAVE_SYS_MMAN_H 1
| #define HAVE_PTHREAD_H 1
| #define HAVE_STDCKDINT_H 1
| #define HAVE_SYS_TIME_H 1
| #define HAVE_FEATURES_H 1
| #define HAVE_SYS_SOCKET_H 1
| #define HAVE_ARPA_INET_H 1
| #define HAVE_NETDB_H 1
| #define HAVE_NETINET_IN_H 1
| #define HAVE_SEMAPHORE_H 1
| #define HAVE_SYS_PARAM_H 1
| #define HAVE_SYS_SELECT_H 1
| #define HAVE_SYS_WAIT_H 1
| #define HAVE_SYS_IOCTL_H 1
| #define HAVE_SYS_UN_H 1
| #define HAVE_SYS_UIO_H 1
| #define STDC_HEADERS 1
| #define _ALL_SOURCE 1
| #define _DARWIN_C_SOURCE 1
| #define _GNU_SOURCE 1
| #define _HPUX_ALT_XOPEN_SOCKET_API 1
| #define _NETBSD_SOURCE 1
| #define _OPENBSD_SOURCE 1
| #define _POSIX_PTHREAD_SEMANTICS 1
| #define __STDC_WANT_IEC_60559_ATTRIBS_EXT__ 1
| #define __STDC_WANT_IEC_60559_BFP_EXT__ 1
| #define __STDC_WANT_IEC_60559_DFP_EXT__ 1
| #define __STDC_WANT_IEC_60559_EXT__ 1
| #define __STDC_WANT_IEC_60559_FUNCS_EXT__ 1
| #define __STDC_WANT_IEC_60559_TYPES_EXT__ 1
| #define __STDC_WANT_LIB_EXT2__ 1
| #define __STDC_WANT_MATH_SPEC_FUNCS__ 1
| #define _TANDEM_SOURCE 1
| #define __EXTENSIONS__ 1
| #define _LINUX_SOURCE_COMPAT 1
| #define __USE_MINGW_ANSI_STDIO 1
| #define HAVE_DLFCN_H 1
| #define LT_OBJDIR ".libs/"
| #define HAVE_ALLOCA_H 1
| #define HAVE_ALLOCA 1
| #define restrict __restrict__
| #define BITSIZEOF_WCHAR_T 32
| #define HAVE_MBSTATE_T 1
| #define HAVE_MBSINIT 1
| #define HAVE_MBRTOWC 1
| #define HAVE_SYMLINK 1
| #define HAVE_ISWCNTRL 1
| #define HAVE_MPROTECT 1
| #define HAVE_SNPRINTF 1
| #define HAVE_STRDUP 1
| #define HAVE_WCWIDTH 1
| #define HAVE_BTOWC 1
| #define HAVE_FCNTL 1
| #define HAVE_GETDTABLESIZE 1
| #define HAVE_GETTIMEOFDAY 1
| #define HAVE_ISBLANK 1
| #define HAVE_LSTAT 1
| #define HAVE___XPG_STRERROR_R 1
| #define HAVE_PIPE 1
| #define HAVE_PSELECT 1
| #define HAVE_PTHREAD_SIGMASK 1
| #define HAVE_SETENV 1
| #define HAVE_SLEEP 1
| #define HAVE_SHUTDOWN 1
| #define HAVE_USLEEP 1
| #define HAVE_WCRTOMB 1
| #define HAVE_WCTOB 1
| #define HAVE_LANGINFO_CODESET 1
| #define HAVE_WORKING_MBRTOC32 1
| #define HAVE_WORKING_C32RTOMB 1
| #define HAVE_WORKING_O_DIRECTORY 1
| #define HAVE_WORKING_O_NOATIME 1
| #define HAVE_WORKING_O_NOFOLLOW 1
| #define HAVE_DECL_ALARM 1
| #define HAVE_PTHREAD_API 1
| #define SETLOCALE_NULL_ALL_MTSAFE 0
| #define SETLOCALE_NULL_ONE_MTSAFE 1
| #define HAVE_WEAK_SYMBOLS 1
| #define HAVE_USELOCALE 1
| #define HAVE_WORKING_USELOCALE 1
| #define HAVE_GOOD_USELOCALE 1
| #define HAVE_ICONV 1
| #define ICONV_CONST 
| #define HAVE_WINT_T 1
| #define HAVE_LONG_LONG_INT 1
| #define HAVE_UNSIGNED_LONG_LONG_INT 1
| #define DBL_EXPBIT0_WORD 1
| #define DBL_EXPBIT0_BIT 20
| #define FLT_EXPBIT0_WORD 0
| #define FLT_EXPBIT0_BIT 23
| #define LDBL_EXPBIT0_WORD 2
| #define LDBL_EXPBIT0_BIT 0
| #define HAVE_TOWLOWER 1
| #define HAVE_LC_MESSAGES 1
| #define MUSL_LIBC 1
| #define HAVE_WEAK_SYMBOLS 1
| #define USE_POSIX_THREADS 1
| #define USE_POSIX_THREADS_WEAK 1
| #define HAVE_MALLOC_PTRDIFF 1
| #define HAVE_MALLOC_POSIX 1
| #define HAVE_MALLOC_0_NONNULL 1
| /* end confdefs.h.  */
| #include <limits.h>
|             int x = MIN (42, 17);
| int
| main (void)
| {
| 
|   ;
|   return 0;
| }
configure:32778: result: no
configure:32791: checking whether <sys/param.h> defines MIN and MAX
configure:32809: gcc -c -g -O2  conftest.c >&5
configure:32809: $? = 0
configure:32819: result: yes
configure:33041: checking for pthread_t
configure:33041: gcc -c -g -O2  conftest.c >&5
configure:33041: $? = 0
configure:33041: gcc -c -g -O2  conftest.c >&5
conftest.c: In function 'main':
conftest.c:170:24: error: expected expression before ')' token
  170 | if (sizeof ((pthread_t)))
      |                        ^
configure:33041: $? = 1
configure: failed program was:
| /* confdefs.h */
| #define PACKAGE_NAME "libunistring"
| #define PACKAGE_TARNAME "libunistring"
| #define PACKAGE_VERSION "dummy"
| #define PACKAGE_STRING "libunistring dummy"
| #define PACKAGE_BUGREPORT ""
| #define PACKAGE_URL ""
| #undef PACKAGE_VERSION
| #define PACKAGE_VERSION "1.4.2"
| #undef PACKAGE_STRING
| #define PACKAGE_STRING "libunistring 1.4.2"
| #define PACKAGE "libunistring"
| #define VERSION "1.4.2"
| #define HAVE_STDIO_H 1
| #define HAVE_STDLIB_H 1
| #define HAVE_STRING_H 1
| #define HAVE_INTTYPES_H 1
| #define HAVE_STDINT_H 1
| #define HAVE_STRINGS_H 1
| #define HAVE_SYS_STAT_H 1
| #define HAVE_SYS_TYPES_H 1
| #define HAVE_UNISTD_H 1
| #define HAVE_WCHAR_H 1
| #define HAVE_STDBOOL_H 1
| #define HAVE_UCHAR_H 1
| #define HAVE_THREADS_H 1
| #define HAVE_LANGINFO_H 1
| #define HAVE_ICONV_H 1
| #define HAVE_LIMITS_H 1
| #define HAVE_WCTYPE_H 1
| #define HAVE_MATH_H 1
| #define HAVE_SYS_MMAN_H 1
| #define HAVE_PTHREAD_H 1
| #define HAVE_STDCKDINT_H 1
| #define HAVE_SYS_TIME_H 1
| #define HAVE_FEATURES_H 1
| #define HAVE_SYS_SOCKET_H 1
| #define HAVE_ARPA_INET_H 1
| #define HAVE_NETDB_H 1
| #define HAVE_NETINET_IN_H 1
| #define HAVE_SEMAPHORE_H 1
| #define HAVE_SYS_PARAM_H 1
| #define HAVE_SYS_SELECT_H 1
| #define HAVE_SYS_WAIT_H 1
| #define HAVE_SYS_IOCTL_H 1
| #define HAVE_SYS_UN_H 1
| #define HAVE_SYS_UIO_H 1
| #define STDC_HEADERS 1
| #define _ALL_SOURCE 1
| #define _DARWIN_C_SOURCE 1
| #define _GNU_SOURCE 1
| #define _HPUX_ALT_XOPEN_SOCKET_API 1
| #define _NETBSD_SOURCE 1
| #define _OPENBSD_SOURCE 1
| #define _POSIX_PTHREAD_SEMANTICS 1
| #define __STDC_WANT_IEC_60559_ATTRIBS_EXT__ 1
| #define __STDC_WANT_IEC_60559_BFP_EXT__ 1
| #define __STDC_WANT_IEC_60559_DFP_EXT__ 1
| #define __STDC_WANT_IEC_60559_EXT__ 1
| #define __STDC_WANT_IEC_60559_FUNCS_EXT__ 1
| #define __STDC_WANT_IEC_60559_TYPES_EXT__ 1
| #define __STDC_WANT_LIB_EXT2__ 1
| #define __STDC_WANT_MATH_SPEC_FUNCS__ 1
| #define _TANDEM_SOURCE 1
| #define __EXTENSIONS__ 1
| #define _LINUX_SOURCE_COMPAT 1
| #define __USE_MINGW_ANSI_STDIO 1
| #define HAVE_DLFCN_H 1
| #define LT_OBJDIR ".libs/"
| #define HAVE_ALLOCA_H 1
| #define HAVE_ALLOCA 1
| #define restrict __restrict__
| #define BITSIZEOF_WCHAR_T 32
| #define HAVE_MBSTATE_T 1
| #define HAVE_MBSINIT 1
| #define HAVE_MBRTOWC 1
| #define HAVE_SYMLINK 1
| #define HAVE_ISWCNTRL 1
| #define HAVE_MPROTECT 1
| #define HAVE_SNPRINTF 1
| #define HAVE_STRDUP 1
| #define HAVE_WCWIDTH 1
| #define HAVE_BTOWC 1
| #define HAVE_FCNTL 1
| #define HAVE_GETDTABLESIZE 1
| #define HAVE_GETTIMEOFDAY 1
| #define HAVE_ISBLANK 1
| #define HAVE_LSTAT 1
| #define HAVE___XPG_STRERROR_R 1
| #define HAVE_PIPE 1
| #define HAVE_PSELECT 1
| #define HAVE_PTHREAD_SIGMASK 1
| #define HAVE_SETENV 1
| #define HAVE_SLEEP 1
| #define HAVE_SHUTDOWN 1
| #define HAVE_USLEEP 1
| #define HAVE_WCRTOMB 1
| #define HAVE_WCTOB 1
| #define HAVE_LANGINFO_CODESET 1
| #define HAVE_WORKING_MBRTOC32 1
| #define HAVE_WORKING_C32RTOMB 1
| #define HAVE_WORKING_O_DIRECTORY 1
| #define HAVE_WORKING_O_NOATIME 1
| #define HAVE_WORKING_O_NOFOLLOW 1
| #define HAVE_DECL_ALARM 1
| #define HAVE_PTHREAD_API 1
| #define SETLOCALE_NULL_ALL_MTSAFE 0
| #define SETLOCALE_NULL_ONE_MTSAFE 1
| #define HAVE_WEAK_SYMBOLS 1
| #define HAVE_USELOCALE 1
| #define HAVE_WORKING_USELOCALE 1
| #define HAVE_GOOD_USELOCALE 1
| #define HAVE_ICONV 1
| #define ICONV_CONST 
| #define HAVE_WINT_T 1
| #define HAVE_LONG_LONG_INT 1
| #define HAVE_UNSIGNED_LONG_LONG_INT 1
| #define DBL_EXPBIT0_WORD 1
| #define DBL_EXPBIT0_BIT 20
| #define FLT_EXPBIT0_WORD 0
| #define FLT_EXPBIT0_BIT 23
| #define LDBL_EXPBIT0_WORD 2
| #define LDBL_EXPBIT0_BIT 0
| #define HAVE_TOWLOWER 1
| #define HAVE_LC_MESSAGES 1
| #define MUSL_LIBC 1
| #define HAVE_WEAK_SYMBOLS 1
| #define USE_POSIX_THREADS 1
| #define USE_POSIX_THREADS_WEAK 1
| #define HAVE_MALLOC_PTRDIFF 1
| #define HAVE_MALLOC_POSIX 1
| #define HAVE_MALLOC_0_NONNULL 1
| #define HAVE_MINMAX_IN_SYS_PARAM_H 1
| /* end confdefs.h.  */
| #include <stddef.h>
| #ifdef HAVE_STDIO_H
| # include <stdio.h>
| #endif
| #ifdef HAVE_STDLIB_H
| # include <stdlib.h>
| #endif
| #ifdef HAVE_STRING_H
| # include <string.h>
| #endif
| #ifdef HAVE_INTTYPES_H
| # include <inttypes.h>
| #endif
| #ifdef HAVE_STDINT_H
| # include <stdint.h>
| #endif
| #ifdef HAVE_STRINGS_H
| # include <strings.h>
| #endif
| #ifdef HAVE_SYS_TYPES_H
| # include <sys/types.h>
| #endif
| #ifdef HAVE_SYS_STAT_H
| # include <sys/stat.h>
| #endif
| #ifdef HAVE_UNISTD_H
| # include <unistd.h>
| #endif
|      #if HAVE_PTHREAD_H
|       #include <pthread.h>
|      #endif
| 
| int
| main (void)
| {
| if (sizeof ((pthread_t)))
| 	    return 0;
|   ;
|   return 0;
| }
configure:33041: result: yes
configure:33053: checking for pthread_spinlock_t
configure:33053: gcc -c -g -O2  conftest.c >&5
configure:33053: $? = 0
configure:33053: gcc -c -g -O2  conftest.c >&5
conftest.c: In function 'main':
conftest.c:171:33: error: expected expression before ')' token
  171 | if (sizeof ((pthread_spinlock_t)))
      |                                 ^
configure:33053: $? = 1
configure: failed program was:
| /* confdefs.h */
| #define PACKAGE_NAME "libunistring"
| #define PACKAGE_TARNAME "libunistring"
| #define PACKAGE_VERSION "dummy"
| #define PACKAGE_STRING "libunistring dummy"
| #define PACKAGE_BUGREPORT ""
| #define PACKAGE_URL ""
| #undef PACKAGE_VERSION
| #define PACKAGE_VERSION "1.4.2"
| #undef PACKAGE_STRING
| #define PACKAGE_STRING "libunistring 1.4.2"
| #define PACKAGE "libunistring"
| #define VERSION "1.4.2"
| #define HAVE_STDIO_H 1
| #define HAVE_STDLIB_H 1
| #define HAVE_STRING_H 1
| #define HAVE_INTTYPES_H 1
| #define HAVE_STDINT_H 1
| #define HAVE_STRINGS_H 1
| #define HAVE_SYS_STAT_H 1
| #define HAVE_SYS_TYPES_H 1
| #define HAVE_UNISTD_H 1
| #define HAVE_WCHAR_H 1
| #define HAVE_STDBOOL_H 1
| #define HAVE_UCHAR_H 1
| #define HAVE_THREADS_H 1
| #define HAVE_LANGINFO_H 1
| #define HAVE_ICONV_H 1
| #define HAVE_LIMITS_H 1
| #define HAVE_WCTYPE_H 1
| #define HAVE_MATH_H 1
| #define HAVE_SYS_MMAN_H 1
| #define HAVE_PTHREAD_H 1
| #define HAVE_STDCKDINT_H 1
| #define HAVE_SYS_TIME_H 1
| #define HAVE_FEATURES_H 1
| #define HAVE_SYS_SOCKET_H 1
| #define HAVE_ARPA_INET_H 1
| #define HAVE_NETDB_H 1
| #define HAVE_NETINET_IN_H 1
| #define HAVE_SEMAPHORE_H 1
| #define HAVE_SYS_PARAM_H 1
| #define HAVE_SYS_SELECT_H 1
| #define HAVE_SYS_WAIT_H 1
| #define HAVE_SYS_IOCTL_H 1
| #define HAVE_SYS_UN_H 1
| #define HAVE_SYS_UIO_H 1
| #define STDC_HEADERS 1
| #define _ALL_SOURCE 1
| #define _DARWIN_C_SOURCE 1
| #define _GNU_SOURCE 1
| #define _HPUX_ALT_XOPEN_SOCKET_API 1
| #define _NETBSD_SOURCE 1
| #define _OPENBSD_SOURCE 1
| #define _POSIX_PTHREAD_SEMANTICS 1
| #define __STDC_WANT_IEC_60559_ATTRIBS_EXT__ 1
| #define __STDC_WANT_IEC_60559_BFP_EXT__ 1
| #define __STDC_WANT_IEC_60559_DFP_EXT__ 1
| #define __STDC_WANT_IEC_60559_EXT__ 1
| #define __STDC_WANT_IEC_60559_FUNCS_EXT__ 1
| #define __STDC_WANT_IEC_60559_TYPES_EXT__ 1
| #define __STDC_WANT_LIB_EXT2__ 1
| #define __STDC_WANT_MATH_SPEC_FUNCS__ 1
| #define _TANDEM_SOURCE 1
| #define __EXTENSIONS__ 1
| #define _LINUX_SOURCE_COMPAT 1
| #define __USE_MINGW_ANSI_STDIO 1
| #define HAVE_DLFCN_H 1
| #define LT_OBJDIR ".libs/"
| #define HAVE_ALLOCA_H 1
| #define HAVE_ALLOCA 1
| #define restrict __restrict__
| #define BITSIZEOF_WCHAR_T 32
| #define HAVE_MBSTATE_T 1
| #define HAVE_MBSINIT 1
| #define HAVE_MBRTOWC 1
| #define HAVE_SYMLINK 1
| #define HAVE_ISWCNTRL 1
| #define HAVE_MPROTECT 1
| #define HAVE_SNPRINTF 1
| #define HAVE_STRDUP 1
| #define HAVE_WCWIDTH 1
| #define HAVE_BTOWC 1
| #define HAVE_FCNTL 1
| #define HAVE_GETDTABLESIZE 1
| #define HAVE_GETTIMEOFDAY 1
| #define HAVE_ISBLANK 1
| #define HAVE_LSTAT 1
| #define HAVE___XPG_STRERROR_R 1
| #define HAVE_PIPE 1
| #define HAVE_PSELECT 1
| #define HAVE_PTHREAD_SIGMASK 1
| #define HAVE_SETENV 1
| #define HAVE_SLEEP 1
| #define HAVE_SHUTDOWN 1
| #define HAVE_USLEEP 1
| #define HAVE_WCRTOMB 1
| #define HAVE_WCTOB 1
| #define HAVE_LANGINFO_CODESET 1
| #define HAVE_WORKING_MBRTOC32 1
| #define HAVE_WORKING_C32RTOMB 1
| #define HAVE_WORKING_O_DIRECTORY 1
| #define HAVE_WORKING_O_NOATIME 1
| #define HAVE_WORKING_O_NOFOLLOW 1
| #define HAVE_DECL_ALARM 1
| #define HAVE_PTHREAD_API 1
| #define SETLOCALE_NULL_ALL_MTSAFE 0
| #define SETLOCALE_NULL_ONE_MTSAFE 1
| #define HAVE_WEAK_SYMBOLS 1
| #define HAVE_USELOCALE 1
| #define HAVE_WORKING_USELOCALE 1
| #define HAVE_GOOD_USELOCALE 1
| #define HAVE_ICONV 1
| #define ICONV_CONST 
| #define HAVE_WINT_T 1
| #define HAVE_LONG_LONG_INT 1
| #define HAVE_UNSIGNED_LONG_LONG_INT 1
| #define DBL_EXPBIT0_WORD 1
| #define DBL_EXPBIT0_BIT 20
| #define FLT_EXPBIT0_WORD 0
| #define FLT_EXPBIT0_BIT 23
| #define LDBL_EXPBIT0_WORD 2
| #define LDBL_EXPBIT0_BIT 0
| #define HAVE_TOWLOWER 1
| #define HAVE_LC_MESSAGES 1
| #define MUSL_LIBC 1
| #define HAVE_WEAK_SYMBOLS 1
| #define USE_POSIX_THREADS 1
| #define USE_POSIX_THREADS_WEAK 1
| #define HAVE_MALLOC_PTRDIFF 1
| #define HAVE_MALLOC_POSIX 1
| #define HAVE_MALLOC_0_NONNULL 1
| #define HAVE_MINMAX_IN_SYS_PARAM_H 1
| #define HAVE_PTHREAD_T 1
| /* end confdefs.h.  */
| #include <stddef.h>
| #ifdef HAVE_STDIO_H
| # include <stdio.h>
| #endif
| #ifdef HAVE_STDLIB_H
| # include <stdlib.h>
| #endif
| #ifdef HAVE_STRING_H
| # include <string.h>
| #endif
| #ifdef HAVE_INTTYPES_H
| # include <inttypes.h>
| #endif
| #ifdef HAVE_STDINT_H
| # include <stdint.h>
| #endif
| #ifdef HAVE_STRINGS_H
| # include <strings.h>
| #endif
| #ifdef HAVE_SYS_TYPES_H
| # include <sys/types.h>
| #endif
| #ifdef HAVE_SYS_STAT_H
| # include <sys/stat.h>
| #endif
| #ifdef HAVE_UNISTD_H
| # include <unistd.h>
| #endif
|      #if HAVE_PTHREAD_H
|       #include <pthread.h>
|      #endif
| 
| int
| main (void)
| {
| if (sizeof ((pthread_spinlock_t)))
| 	    return 0;
|   ;
|   return 0;
| }
configure:33053: result: yes
configure:33094: checking for pthread_spin_init
configure:33117: gcc -o conftest -g -O2   conftest.c  -lpthread >&5
configure:33117: $? = 0
configure:33130: result: yes
configure:33183: checking whether to activate relocatable installation
configure:33200: result: no
configure:33253: checking for library needed for dlopen and dlsym
configure:33271: gcc -o conftest -g -O2   conftest.c  >&5
configure:33271: $? = 0
configure:33309: result: none
configure:33318: checking for dladdr
configure:33318: gcc -o conftest -g -O2   conftest.c  >&5
configure:33318: $? = 0
configure:33318: result: yes
configure:33333: checking for glibc-compatible sys/cdefs.h
configure:33346: gcc -c -g -O2  conftest.c >&5
conftest.c:140:19: fatal error: sys/cdefs.h: No such file or directory
  140 |          #include <sys/cdefs.h>
      |                   ^~~~~~~~~~~~~
compilation terminated.
configure:33346: $? = 1
configure: failed program was:
| /* confdefs.h */
| #define PACKAGE_NAME "libunistring"
| #define PACKAGE_TARNAME "libunistring"
| #define PACKAGE_VERSION "dummy"
| #define PACKAGE_STRING "libunistring dummy"
| #define PACKAGE_BUGREPORT ""
| #define PACKAGE_URL ""
| #undef PACKAGE_VERSION
| #define PACKAGE_VERSION "1.4.2"
| #undef PACKAGE_STRING
| #define PACKAGE_STRING "libunistring 1.4.2"
| #define PACKAGE "libunistring"
| #define VERSION "1.4.2"
| #define HAVE_STDIO_H 1
| #define HAVE_STDLIB_H 1
| #define HAVE_STRING_H 1
| #define HAVE_INTTYPES_H 1
| #define HAVE_STDINT_H 1
| #define HAVE_STRINGS_H 1
| #define HAVE_SYS_STAT_H 1
| #define HAVE_SYS_TYPES_H 1
| #define HAVE_UNISTD_H 1
| #define HAVE_WCHAR_H 1
| #define HAVE_STDBOOL_H 1
| #define HAVE_UCHAR_H 1
| #define HAVE_THREADS_H 1
| #define HAVE_LANGINFO_H 1
| #define HAVE_ICONV_H 1
| #define HAVE_LIMITS_H 1
| #define HAVE_WCTYPE_H 1
| #define HAVE_MATH_H 1
| #define HAVE_SYS_MMAN_H 1
| #define HAVE_PTHREAD_H 1
| #define HAVE_STDCKDINT_H 1
| #define HAVE_SYS_TIME_H 1
| #define HAVE_FEATURES_H 1
| #define HAVE_SYS_SOCKET_H 1
| #define HAVE_ARPA_INET_H 1
| #define HAVE_NETDB_H 1
| #define HAVE_NETINET_IN_H 1
| #define HAVE_SEMAPHORE_H 1
| #define HAVE_SYS_PARAM_H 1
| #define HAVE_SYS_SELECT_H 1
| #define HAVE_SYS_WAIT_H 1
| #define HAVE_SYS_IOCTL_H 1
| #define HAVE_SYS_UN_H 1
| #define HAVE_SYS_UIO_H 1
| #define STDC_HEADERS 1
| #define _ALL_SOURCE 1
| #define _DARWIN_C_SOURCE 1
| #define _GNU_SOURCE 1
| #define _HPUX_ALT_XOPEN_SOCKET_API 1
| #define _NETBSD_SOURCE 1
| #define _OPENBSD_SOURCE 1
| #define _POSIX_PTHREAD_SEMANTICS 1
| #define __STDC_WANT_IEC_60559_ATTRIBS_EXT__ 1
| #define __STDC_WANT_IEC_60559_BFP_EXT__ 1
| #define __STDC_WANT_IEC_60559_DFP_EXT__ 1
| #define __STDC_WANT_IEC_60559_EXT__ 1
| #define __STDC_WANT_IEC_60559_FUNCS_EXT__ 1
| #define __STDC_WANT_IEC_60559_TYPES_EXT__ 1
| #define __STDC_WANT_LIB_EXT2__ 1
| #define __STDC_WANT_MATH_SPEC_FUNCS__ 1
| #define _TANDEM_SOURCE 1
| #define __EXTENSIONS__ 1
| #define _LINUX_SOURCE_COMPAT 1
| #define __USE_MINGW_ANSI_STDIO 1
| #define HAVE_DLFCN_H 1
| #define LT_OBJDIR ".libs/"
| #define HAVE_ALLOCA_H 1
| #define HAVE_ALLOCA 1
| #define restrict __restrict__
| #define BITSIZEOF_WCHAR_T 32
| #define HAVE_MBSTATE_T 1
| #define HAVE_MBSINIT 1
| #define HAVE_MBRTOWC 1
| #define HAVE_SYMLINK 1
| #define HAVE_ISWCNTRL 1
| #define HAVE_MPROTECT 1
| #define HAVE_SNPRINTF 1
| #define HAVE_STRDUP 1
| #define HAVE_WCWIDTH 1
| #define HAVE_BTOWC 1
| #define HAVE_FCNTL 1
| #define HAVE_GETDTABLESIZE 1
| #define HAVE_GETTIMEOFDAY 1
| #define HAVE_ISBLANK 1
| #define HAVE_LSTAT 1
| #define HAVE___XPG_STRERROR_R 1
| #define HAVE_PIPE 1
| #define HAVE_PSELECT 1
| #define HAVE_PTHREAD_SIGMASK 1
| #define HAVE_SETENV 1
| #define HAVE_SLEEP 1
| #define HAVE_SHUTDOWN 1
| #define HAVE_USLEEP 1
| #define HAVE_WCRTOMB 1
| #define HAVE_WCTOB 1
| #define HAVE_LANGINFO_CODESET 1
| #define HAVE_WORKING_MBRTOC32 1
| #define HAVE_WORKING_C32RTOMB 1
| #define HAVE_WORKING_O_DIRECTORY 1
| #define HAVE_WORKING_O_NOATIME 1
| #define HAVE_WORKING_O_NOFOLLOW 1
| #define HAVE_DECL_ALARM 1
| #define HAVE_PTHREAD_API 1
| #define SETLOCALE_NULL_ALL_MTSAFE 0
| #define SETLOCALE_NULL_ONE_MTSAFE 1
| #define HAVE_WEAK_SYMBOLS 1
| #define HAVE_USELOCALE 1
| #define HAVE_WORKING_USELOCALE 1
| #define HAVE_GOOD_USELOCALE 1
| #define HAVE_ICONV 1
| #define ICONV_CONST 
| #define HAVE_WINT_T 1
| #define HAVE_LONG_LONG_INT 1
| #define HAVE_UNSIGNED_LONG_LONG_INT 1
| #define DBL_EXPBIT0_WORD 1
| #define DBL_EXPBIT0_BIT 20
| #define FLT_EXPBIT0_WORD 0
| #define FLT_EXPBIT0_BIT 23
| #define LDBL_EXPBIT0_WORD 2
| #define LDBL_EXPBIT0_BIT 0
| #define HAVE_TOWLOWER 1
| #define HAVE_LC_MESSAGES 1
| #define MUSL_LIBC 1
| #define HAVE_WEAK_SYMBOLS 1
| #define USE_POSIX_THREADS 1
| #define USE_POSIX_THREADS_WEAK 1
| #define HAVE_MALLOC_PTRDIFF 1
| #define HAVE_MALLOC_POSIX 1
| #define HAVE_MALLOC_0_NONNULL 1
| #define HAVE_MINMAX_IN_SYS_PARAM_H 1
| #define HAVE_PTHREAD_T 1
| #define HAVE_PTHREAD_SPINLOCK_T 1
| #define INSTALLPREFIX "/home/bloink/Work/unnamedlinuxdistro/fs"
| #define HAVE_DLADDR_IN_LIBC 1
| /* end confdefs.h.  */
| 
|          #include <sys/cdefs.h>
|           enum { foo = __GNUC_PREREQ (14, 1) } bar;
| 
configure:33356: result: no
configure:33371: checking for sched.h
configure:33371: gcc -c -g -O2  conftest.c >&5
configure:33371: $? = 0
configure:33371: result: yes
configure:33464: checking for struct sched_param
configure:33464: gcc -c -g -O2  conftest.c >&5
configure:33464: $? = 0
configure:33464: gcc -c -g -O2  conftest.c >&5
conftest.c: In function 'main':
conftest.c:149:33: error: expected expression before ')' token
  149 | if (sizeof ((struct sched_param)))
      |                                 ^
configure:33464: $? = 1
configure: failed program was:
| /* confdefs.h */
| #define PACKAGE_NAME "libunistring"
| #define PACKAGE_TARNAME "libunistring"
| #define PACKAGE_VERSION "dummy"
| #define PACKAGE_STRING "libunistring dummy"
| #define PACKAGE_BUGREPORT ""
| #define PACKAGE_URL ""
| #undef PACKAGE_VERSION
| #define PACKAGE_VERSION "1.4.2"
| #undef PACKAGE_STRING
| #define PACKAGE_STRING "libunistring 1.4.2"
| #define PACKAGE "libunistring"
| #define VERSION "1.4.2"
| #define HAVE_STDIO_H 1
| #define HAVE_STDLIB_H 1
| #define HAVE_STRING_H 1
| #define HAVE_INTTYPES_H 1
| #define HAVE_STDINT_H 1
| #define HAVE_STRINGS_H 1
| #define HAVE_SYS_STAT_H 1
| #define HAVE_SYS_TYPES_H 1
| #define HAVE_UNISTD_H 1
| #define HAVE_WCHAR_H 1
| #define HAVE_STDBOOL_H 1
| #define HAVE_UCHAR_H 1
| #define HAVE_THREADS_H 1
| #define HAVE_LANGINFO_H 1
| #define HAVE_ICONV_H 1
| #define HAVE_LIMITS_H 1
| #define HAVE_WCTYPE_H 1
| #define HAVE_MATH_H 1
| #define HAVE_SYS_MMAN_H 1
| #define HAVE_PTHREAD_H 1
| #define HAVE_STDCKDINT_H 1
| #define HAVE_SYS_TIME_H 1
| #define HAVE_FEATURES_H 1
| #define HAVE_SYS_SOCKET_H 1
| #define HAVE_ARPA_INET_H 1
| #define HAVE_NETDB_H 1
| #define HAVE_NETINET_IN_H 1
| #define HAVE_SEMAPHORE_H 1
| #define HAVE_SYS_PARAM_H 1
| #define HAVE_SYS_SELECT_H 1
| #define HAVE_SYS_WAIT_H 1
| #define HAVE_SYS_IOCTL_H 1
| #define HAVE_SYS_UN_H 1
| #define HAVE_SYS_UIO_H 1
| #define STDC_HEADERS 1
| #define _ALL_SOURCE 1
| #define _DARWIN_C_SOURCE 1
| #define _GNU_SOURCE 1
| #define _HPUX_ALT_XOPEN_SOCKET_API 1
| #define _NETBSD_SOURCE 1
| #define _OPENBSD_SOURCE 1
| #define _POSIX_PTHREAD_SEMANTICS 1
| #define __STDC_WANT_IEC_60559_ATTRIBS_EXT__ 1
| #define __STDC_WANT_IEC_60559_BFP_EXT__ 1
| #define __STDC_WANT_IEC_60559_DFP_EXT__ 1
| #define __STDC_WANT_IEC_60559_EXT__ 1
| #define __STDC_WANT_IEC_60559_FUNCS_EXT__ 1
| #define __STDC_WANT_IEC_60559_TYPES_EXT__ 1
| #define __STDC_WANT_LIB_EXT2__ 1
| #define __STDC_WANT_MATH_SPEC_FUNCS__ 1
| #define _TANDEM_SOURCE 1
| #define __EXTENSIONS__ 1
| #define _LINUX_SOURCE_COMPAT 1
| #define __USE_MINGW_ANSI_STDIO 1
| #define HAVE_DLFCN_H 1
| #define LT_OBJDIR ".libs/"
| #define HAVE_ALLOCA_H 1
| #define HAVE_ALLOCA 1
| #define restrict __restrict__
| #define BITSIZEOF_WCHAR_T 32
| #define HAVE_MBSTATE_T 1
| #define HAVE_MBSINIT 1
| #define HAVE_MBRTOWC 1
| #define HAVE_SYMLINK 1
| #define HAVE_ISWCNTRL 1
| #define HAVE_MPROTECT 1
| #define HAVE_SNPRINTF 1
| #define HAVE_STRDUP 1
| #define HAVE_WCWIDTH 1
| #define HAVE_BTOWC 1
| #define HAVE_FCNTL 1
| #define HAVE_GETDTABLESIZE 1
| #define HAVE_GETTIMEOFDAY 1
| #define HAVE_ISBLANK 1
| #define HAVE_LSTAT 1
| #define HAVE___XPG_STRERROR_R 1
| #define HAVE_PIPE 1
| #define HAVE_PSELECT 1
| #define HAVE_PTHREAD_SIGMASK 1
| #define HAVE_SETENV 1
| #define HAVE_SLEEP 1
| #define HAVE_SHUTDOWN 1
| #define HAVE_USLEEP 1
| #define HAVE_WCRTOMB 1
| #define HAVE_WCTOB 1
| #define HAVE_LANGINFO_CODESET 1
| #define HAVE_WORKING_MBRTOC32 1
| #define HAVE_WORKING_C32RTOMB 1
| #define HAVE_WORKING_O_DIRECTORY 1
| #define HAVE_WORKING_O_NOATIME 1
| #define HAVE_WORKING_O_NOFOLLOW 1
| #define HAVE_DECL_ALARM 1
| #define HAVE_PTHREAD_API 1
| #define SETLOCALE_NULL_ALL_MTSAFE 0
| #define SETLOCALE_NULL_ONE_MTSAFE 1
| #define HAVE_WEAK_SYMBOLS 1
| #define HAVE_USELOCALE 1
| #define HAVE_WORKING_USELOCALE 1
| #define HAVE_GOOD_USELOCALE 1
| #define HAVE_ICONV 1
| #define ICONV_CONST 
| #define HAVE_WINT_T 1
| #define HAVE_LONG_LONG_INT 1
| #define HAVE_UNSIGNED_LONG_LONG_INT 1
| #define DBL_EXPBIT0_WORD 1
| #define DBL_EXPBIT0_BIT 20
| #define FLT_EXPBIT0_WORD 0
| #define FLT_EXPBIT0_BIT 23
| #define LDBL_EXPBIT0_WORD 2
| #define LDBL_EXPBIT0_BIT 0
| #define HAVE_TOWLOWER 1
| #define HAVE_LC_MESSAGES 1
| #define MUSL_LIBC 1
| #define HAVE_WEAK_SYMBOLS 1
| #define USE_POSIX_THREADS 1
| #define USE_POSIX_THREADS_WEAK 1
| #define HAVE_MALLOC_PTRDIFF 1
| #define HAVE_MALLOC_POSIX 1
| #define HAVE_MALLOC_0_NONNULL 1
| #define HAVE_MINMAX_IN_SYS_PARAM_H 1
| #define HAVE_PTHREAD_T 1
| #define HAVE_PTHREAD_SPINLOCK_T 1
| #define INSTALLPREFIX "/home/bloink/Work/unnamedlinuxdistro/fs"
| #define HAVE_DLADDR_IN_LIBC 1
| #define HAVE_SCHED_H 1
| /* end confdefs.h.  */
| #if HAVE_SYS_CDEFS_H
|          #include <sys/cdefs.h>
|         #endif
|         #include <sched.h>
| 
| 
| int
| main (void)
| {
| if (sizeof ((struct sched_param)))
| 	    return 0;
|   ;
|   return 0;
| }
configure:33464: result: yes
configure:33605: checking whether stdckdint.h can be included in C
configure:33623: gcc -c -g -O2  conftest.c >&5
configure:33623: $? = 0
configure:33633: result: yes
configure:33637: checking checking for an ISO C23 compliant stdckdint.h in C
configure:33660: gcc -c -g -O2  conftest.c >&5
configure:33660: $? = 0
configure:33670: result: yes
configure:33682: checking whether stdckdint.h can be included in C++
configure:33692:    -c conftest.cpp
./configure: eval: line 33693: -c: not found
configure:33695: $? = 127
configure:33705: result: no
configure:33783: checking whether ecvt is declared
configure:33783: gcc -c -g -O2   conftest.c >&5
configure:33783: $? = 0
configure:33783: result: yes
configure:33793: checking whether fcvt is declared
configure:33793: gcc -c -g -O2   conftest.c >&5
configure:33793: $? = 0
configure:33793: result: yes
configure:33803: checking whether gcvt is declared
configure:33803: gcc -c -g -O2   conftest.c >&5
configure:33803: $? = 0
configure:33803: result: yes
configure:33897: checking whether MB_CUR_MAX is correct
configure:33916: gcc -o conftest -g -O2   conftest.c  >&5
configure:33916: $? = 0
configure:33946: gcc -o conftest -g -O2   conftest.c  >&5
configure:33946: $? = 0
configure:33946: ./conftest
configure:33946: $? = 0
configure:33969: result: yes
configure:34077: checking whether streq is declared
configure:34077: gcc -c -g -O2   conftest.c >&5
conftest.c: In function 'main':
conftest.c:178:10: error: 'streq' undeclared (first use in this function); did you mean 'strsep'?
  178 |   (void) streq;
      |          ^~~~~
      |          strsep
conftest.c:178:10: note: each undeclared identifier is reported only once for each function it appears in
configure:34077: $? = 1
configure: failed program was:
| /* confdefs.h */
| #define PACKAGE_NAME "libunistring"
| #define PACKAGE_TARNAME "libunistring"
| #define PACKAGE_VERSION "dummy"
| #define PACKAGE_STRING "libunistring dummy"
| #define PACKAGE_BUGREPORT ""
| #define PACKAGE_URL ""
| #undef PACKAGE_VERSION
| #define PACKAGE_VERSION "1.4.2"
| #undef PACKAGE_STRING
| #define PACKAGE_STRING "libunistring 1.4.2"
| #define PACKAGE "libunistring"
| #define VERSION "1.4.2"
| #define HAVE_STDIO_H 1
| #define HAVE_STDLIB_H 1
| #define HAVE_STRING_H 1
| #define HAVE_INTTYPES_H 1
| #define HAVE_STDINT_H 1
| #define HAVE_STRINGS_H 1
| #define HAVE_SYS_STAT_H 1
| #define HAVE_SYS_TYPES_H 1
| #define HAVE_UNISTD_H 1
| #define HAVE_WCHAR_H 1
| #define HAVE_STDBOOL_H 1
| #define HAVE_UCHAR_H 1
| #define HAVE_THREADS_H 1
| #define HAVE_LANGINFO_H 1
| #define HAVE_ICONV_H 1
| #define HAVE_LIMITS_H 1
| #define HAVE_WCTYPE_H 1
| #define HAVE_MATH_H 1
| #define HAVE_SYS_MMAN_H 1
| #define HAVE_PTHREAD_H 1
| #define HAVE_STDCKDINT_H 1
| #define HAVE_SYS_TIME_H 1
| #define HAVE_FEATURES_H 1
| #define HAVE_SYS_SOCKET_H 1
| #define HAVE_ARPA_INET_H 1
| #define HAVE_NETDB_H 1
| #define HAVE_NETINET_IN_H 1
| #define HAVE_SEMAPHORE_H 1
| #define HAVE_SYS_PARAM_H 1
| #define HAVE_SYS_SELECT_H 1
| #define HAVE_SYS_WAIT_H 1
| #define HAVE_SYS_IOCTL_H 1
| #define HAVE_SYS_UN_H 1
| #define HAVE_SYS_UIO_H 1
| #define STDC_HEADERS 1
| #define _ALL_SOURCE 1
| #define _DARWIN_C_SOURCE 1
| #define _GNU_SOURCE 1
| #define _HPUX_ALT_XOPEN_SOCKET_API 1
| #define _NETBSD_SOURCE 1
| #define _OPENBSD_SOURCE 1
| #define _POSIX_PTHREAD_SEMANTICS 1
| #define __STDC_WANT_IEC_60559_ATTRIBS_EXT__ 1
| #define __STDC_WANT_IEC_60559_BFP_EXT__ 1
| #define __STDC_WANT_IEC_60559_DFP_EXT__ 1
| #define __STDC_WANT_IEC_60559_EXT__ 1
| #define __STDC_WANT_IEC_60559_FUNCS_EXT__ 1
| #define __STDC_WANT_IEC_60559_TYPES_EXT__ 1
| #define __STDC_WANT_LIB_EXT2__ 1
| #define __STDC_WANT_MATH_SPEC_FUNCS__ 1
| #define _TANDEM_SOURCE 1
| #define __EXTENSIONS__ 1
| #define _LINUX_SOURCE_COMPAT 1
| #define __USE_MINGW_ANSI_STDIO 1
| #define HAVE_DLFCN_H 1
| #define LT_OBJDIR ".libs/"
| #define HAVE_ALLOCA_H 1
| #define HAVE_ALLOCA 1
| #define restrict __restrict__
| #define BITSIZEOF_WCHAR_T 32
| #define HAVE_MBSTATE_T 1
| #define HAVE_MBSINIT 1
| #define HAVE_MBRTOWC 1
| #define HAVE_SYMLINK 1
| #define HAVE_ISWCNTRL 1
| #define HAVE_MPROTECT 1
| #define HAVE_SNPRINTF 1
| #define HAVE_STRDUP 1
| #define HAVE_WCWIDTH 1
| #define HAVE_BTOWC 1
| #define HAVE_FCNTL 1
| #define HAVE_GETDTABLESIZE 1
| #define HAVE_GETTIMEOFDAY 1
| #define HAVE_ISBLANK 1
| #define HAVE_LSTAT 1
| #define HAVE___XPG_STRERROR_R 1
| #define HAVE_PIPE 1
| #define HAVE_PSELECT 1
| #define HAVE_PTHREAD_SIGMASK 1
| #define HAVE_SETENV 1
| #define HAVE_SLEEP 1
| #define HAVE_SHUTDOWN 1
| #define HAVE_USLEEP 1
| #define HAVE_WCRTOMB 1
| #define HAVE_WCTOB 1
| #define HAVE_LANGINFO_CODESET 1
| #define HAVE_WORKING_MBRTOC32 1
| #define HAVE_WORKING_C32RTOMB 1
| #define HAVE_WORKING_O_DIRECTORY 1
| #define HAVE_WORKING_O_NOATIME 1
| #define HAVE_WORKING_O_NOFOLLOW 1
| #define HAVE_DECL_ALARM 1
| #define HAVE_PTHREAD_API 1
| #define SETLOCALE_NULL_ALL_MTSAFE 0
| #define SETLOCALE_NULL_ONE_MTSAFE 1
| #define HAVE_WEAK_SYMBOLS 1
| #define HAVE_USELOCALE 1
| #define HAVE_WORKING_USELOCALE 1
| #define HAVE_GOOD_USELOCALE 1
| #define HAVE_ICONV 1
| #define ICONV_CONST 
| #define HAVE_WINT_T 1
| #define HAVE_LONG_LONG_INT 1
| #define HAVE_UNSIGNED_LONG_LONG_INT 1
| #define DBL_EXPBIT0_WORD 1
| #define DBL_EXPBIT0_BIT 20
| #define FLT_EXPBIT0_WORD 0
| #define FLT_EXPBIT0_BIT 23
| #define LDBL_EXPBIT0_WORD 2
| #define LDBL_EXPBIT0_BIT 0
| #define HAVE_TOWLOWER 1
| #define HAVE_LC_MESSAGES 1
| #define MUSL_LIBC 1
| #define HAVE_WEAK_SYMBOLS 1
| #define USE_POSIX_THREADS 1
| #define USE_POSIX_THREADS_WEAK 1
| #define HAVE_MALLOC_PTRDIFF 1
| #define HAVE_MALLOC_POSIX 1
| #define HAVE_MALLOC_0_NONNULL 1
| #define HAVE_MINMAX_IN_SYS_PARAM_H 1
| #define HAVE_PTHREAD_T 1
| #define HAVE_PTHREAD_SPINLOCK_T 1
| #define INSTALLPREFIX "/home/bloink/Work/unnamedlinuxdistro/fs"
| #define HAVE_DLADDR_IN_LIBC 1
| #define HAVE_SCHED_H 1
| #define HAVE_DECL_ECVT 1
| #define HAVE_DECL_FCVT 1
| #define HAVE_DECL_GCVT 1
| /* end confdefs.h.  */
| #include <stddef.h>
| #ifdef HAVE_STDIO_H
| # include <stdio.h>
| #endif
| #ifdef HAVE_STDLIB_H
| # include <stdlib.h>
| #endif
| #ifdef HAVE_STRING_H
| # include <string.h>
| #endif
| #ifdef HAVE_INTTYPES_H
| # include <inttypes.h>
| #endif
| #ifdef HAVE_STDINT_H
| # include <stdint.h>
| #endif
| #ifdef HAVE_STRINGS_H
| # include <strings.h>
| #endif
| #ifdef HAVE_SYS_TYPES_H
| # include <sys/types.h>
| #endif
| #ifdef HAVE_SYS_STAT_H
| # include <sys/stat.h>
| #endif
| #ifdef HAVE_UNISTD_H
| # include <unistd.h>
| #endif
| int
| main (void)
| {
| #ifndef streq
| #ifdef __cplusplus
|   (void) streq;
| #else
|   (void) streq;
| #endif
| #endif
| 
|   ;
|   return 0;
| }
configure:34077: result: no
configure:34087: checking whether memeq is declared
configure:34087: gcc -c -g -O2   conftest.c >&5
conftest.c: In function 'main':
conftest.c:179:10: error: 'memeq' undeclared (first use in this function); did you mean 'memmem'?
  179 |   (void) memeq;
      |          ^~~~~
      |          memmem
conftest.c:179:10: note: each undeclared identifier is reported only once for each function it appears in
configure:34087: $? = 1
configure: failed program was:
| /* confdefs.h */
| #define PACKAGE_NAME "libunistring"
| #define PACKAGE_TARNAME "libunistring"
| #define PACKAGE_VERSION "dummy"
| #define PACKAGE_STRING "libunistring dummy"
| #define PACKAGE_BUGREPORT ""
| #define PACKAGE_URL ""
| #undef PACKAGE_VERSION
| #define PACKAGE_VERSION "1.4.2"
| #undef PACKAGE_STRING
| #define PACKAGE_STRING "libunistring 1.4.2"
| #define PACKAGE "libunistring"
| #define VERSION "1.4.2"
| #define HAVE_STDIO_H 1
| #define HAVE_STDLIB_H 1
| #define HAVE_STRING_H 1
| #define HAVE_INTTYPES_H 1
| #define HAVE_STDINT_H 1
| #define HAVE_STRINGS_H 1
| #define HAVE_SYS_STAT_H 1
| #define HAVE_SYS_TYPES_H 1
| #define HAVE_UNISTD_H 1
| #define HAVE_WCHAR_H 1
| #define HAVE_STDBOOL_H 1
| #define HAVE_UCHAR_H 1
| #define HAVE_THREADS_H 1
| #define HAVE_LANGINFO_H 1
| #define HAVE_ICONV_H 1
| #define HAVE_LIMITS_H 1
| #define HAVE_WCTYPE_H 1
| #define HAVE_MATH_H 1
| #define HAVE_SYS_MMAN_H 1
| #define HAVE_PTHREAD_H 1
| #define HAVE_STDCKDINT_H 1
| #define HAVE_SYS_TIME_H 1
| #define HAVE_FEATURES_H 1
| #define HAVE_SYS_SOCKET_H 1
| #define HAVE_ARPA_INET_H 1
| #define HAVE_NETDB_H 1
| #define HAVE_NETINET_IN_H 1
| #define HAVE_SEMAPHORE_H 1
| #define HAVE_SYS_PARAM_H 1
| #define HAVE_SYS_SELECT_H 1
| #define HAVE_SYS_WAIT_H 1
| #define HAVE_SYS_IOCTL_H 1
| #define HAVE_SYS_UN_H 1
| #define HAVE_SYS_UIO_H 1
| #define STDC_HEADERS 1
| #define _ALL_SOURCE 1
| #define _DARWIN_C_SOURCE 1
| #define _GNU_SOURCE 1
| #define _HPUX_ALT_XOPEN_SOCKET_API 1
| #define _NETBSD_SOURCE 1
| #define _OPENBSD_SOURCE 1
| #define _POSIX_PTHREAD_SEMANTICS 1
| #define __STDC_WANT_IEC_60559_ATTRIBS_EXT__ 1
| #define __STDC_WANT_IEC_60559_BFP_EXT__ 1
| #define __STDC_WANT_IEC_60559_DFP_EXT__ 1
| #define __STDC_WANT_IEC_60559_EXT__ 1
| #define __STDC_WANT_IEC_60559_FUNCS_EXT__ 1
| #define __STDC_WANT_IEC_60559_TYPES_EXT__ 1
| #define __STDC_WANT_LIB_EXT2__ 1
| #define __STDC_WANT_MATH_SPEC_FUNCS__ 1
| #define _TANDEM_SOURCE 1
| #define __EXTENSIONS__ 1
| #define _LINUX_SOURCE_COMPAT 1
| #define __USE_MINGW_ANSI_STDIO 1
| #define HAVE_DLFCN_H 1
| #define LT_OBJDIR ".libs/"
| #define HAVE_ALLOCA_H 1
| #define HAVE_ALLOCA 1
| #define restrict __restrict__
| #define BITSIZEOF_WCHAR_T 32
| #define HAVE_MBSTATE_T 1
| #define HAVE_MBSINIT 1
| #define HAVE_MBRTOWC 1
| #define HAVE_SYMLINK 1
| #define HAVE_ISWCNTRL 1
| #define HAVE_MPROTECT 1
| #define HAVE_SNPRINTF 1
| #define HAVE_STRDUP 1
| #define HAVE_WCWIDTH 1
| #define HAVE_BTOWC 1
| #define HAVE_FCNTL 1
| #define HAVE_GETDTABLESIZE 1
| #define HAVE_GETTIMEOFDAY 1
| #define HAVE_ISBLANK 1
| #define HAVE_LSTAT 1
| #define HAVE___XPG_STRERROR_R 1
| #define HAVE_PIPE 1
| #define HAVE_PSELECT 1
| #define HAVE_PTHREAD_SIGMASK 1
| #define HAVE_SETENV 1
| #define HAVE_SLEEP 1
| #define HAVE_SHUTDOWN 1
| #define HAVE_USLEEP 1
| #define HAVE_WCRTOMB 1
| #define HAVE_WCTOB 1
| #define HAVE_LANGINFO_CODESET 1
| #define HAVE_WORKING_MBRTOC32 1
| #define HAVE_WORKING_C32RTOMB 1
| #define HAVE_WORKING_O_DIRECTORY 1
| #define HAVE_WORKING_O_NOATIME 1
| #define HAVE_WORKING_O_NOFOLLOW 1
| #define HAVE_DECL_ALARM 1
| #define HAVE_PTHREAD_API 1
| #define SETLOCALE_NULL_ALL_MTSAFE 0
| #define SETLOCALE_NULL_ONE_MTSAFE 1
| #define HAVE_WEAK_SYMBOLS 1
| #define HAVE_USELOCALE 1
| #define HAVE_WORKING_USELOCALE 1
| #define HAVE_GOOD_USELOCALE 1
| #define HAVE_ICONV 1
| #define ICONV_CONST 
| #define HAVE_WINT_T 1
| #define HAVE_LONG_LONG_INT 1
| #define HAVE_UNSIGNED_LONG_LONG_INT 1
| #define DBL_EXPBIT0_WORD 1
| #define DBL_EXPBIT0_BIT 20
| #define FLT_EXPBIT0_WORD 0
| #define FLT_EXPBIT0_BIT 23
| #define LDBL_EXPBIT0_WORD 2
| #define LDBL_EXPBIT0_BIT 0
| #define HAVE_TOWLOWER 1
| #define HAVE_LC_MESSAGES 1
| #define MUSL_LIBC 1
| #define HAVE_WEAK_SYMBOLS 1
| #define USE_POSIX_THREADS 1
| #define USE_POSIX_THREADS_WEAK 1
| #define HAVE_MALLOC_PTRDIFF 1
| #define HAVE_MALLOC_POSIX 1
| #define HAVE_MALLOC_0_NONNULL 1
| #define HAVE_MINMAX_IN_SYS_PARAM_H 1
| #define HAVE_PTHREAD_T 1
| #define HAVE_PTHREAD_SPINLOCK_T 1
| #define INSTALLPREFIX "/home/bloink/Work/unnamedlinuxdistro/fs"
| #define HAVE_DLADDR_IN_LIBC 1
| #define HAVE_SCHED_H 1
| #define HAVE_DECL_ECVT 1
| #define HAVE_DECL_FCVT 1
| #define HAVE_DECL_GCVT 1
| #define HAVE_DECL_STREQ 0
| /* end confdefs.h.  */
| #include <stddef.h>
| #ifdef HAVE_STDIO_H
| # include <stdio.h>
| #endif
| #ifdef HAVE_STDLIB_H
| # include <stdlib.h>
| #endif
| #ifdef HAVE_STRING_H
| # include <string.h>
| #endif
| #ifdef HAVE_INTTYPES_H
| # include <inttypes.h>
| #endif
| #ifdef HAVE_STDINT_H
| # include <stdint.h>
| #endif
| #ifdef HAVE_STRINGS_H
| # include <strings.h>
| #endif
| #ifdef HAVE_SYS_TYPES_H
| # include <sys/types.h>
| #endif
| #ifdef HAVE_SYS_STAT_H
| # include <sys/stat.h>
| #endif
| #ifdef HAVE_UNISTD_H
| # include <unistd.h>
| #endif
| int
| main (void)
| {
| #ifndef memeq
| #ifdef __cplusplus
|   (void) memeq;
| #else
|   (void) memeq;
| #endif
| #endif
| 
|   ;
|   return 0;
| }
configure:34087: result: no
configure:34105: checking whether strncat works
configure:34187: gcc -o conftest -g -O2   conftest.c  >&5
configure:34187: $? = 0
configure:34187: ./conftest
configure:34187: $? = 0
configure:34202: result: yes
configure:34217: checking whether strncpy works
configure:34297: gcc -o conftest -g -O2   conftest.c  >&5
configure:34297: $? = 0
configure:34297: ./conftest
configure:34297: $? = 0
configure:34312: result: yes
configure:34325: checking whether strstr works
configure:34388: gcc -o conftest -g -O2   conftest.c  >&5
configure:34388: $? = 0
configure:34388: ./conftest
configure:34388: $? = 0
configure:34403: result: yes
configure:34510: checking for off64_t
configure:34528: gcc -c -g -O2  conftest.c >&5
conftest.c: In function 'main':
conftest.c:149:17: error: 'off64_t' undeclared (first use in this function); did you mean 'off_t'?
  149 | int x = sizeof (off64_t *) + sizeof (off64_t);
      |                 ^~~~~~~
      |                 off_t
conftest.c:149:17: note: each undeclared identifier is reported only once for each function it appears in
conftest.c:149:26: error: expected expression before ')' token
  149 | int x = sizeof (off64_t *) + sizeof (off64_t);
      |                          ^
configure:34528: $? = 1
configure: failed program was:
| /* confdefs.h */
| #define PACKAGE_NAME "libunistring"
| #define PACKAGE_TARNAME "libunistring"
| #define PACKAGE_VERSION "dummy"
| #define PACKAGE_STRING "libunistring dummy"
| #define PACKAGE_BUGREPORT ""
| #define PACKAGE_URL ""
| #undef PACKAGE_VERSION
| #define PACKAGE_VERSION "1.4.2"
| #undef PACKAGE_STRING
| #define PACKAGE_STRING "libunistring 1.4.2"
| #define PACKAGE "libunistring"
| #define VERSION "1.4.2"
| #define HAVE_STDIO_H 1
| #define HAVE_STDLIB_H 1
| #define HAVE_STRING_H 1
| #define HAVE_INTTYPES_H 1
| #define HAVE_STDINT_H 1
| #define HAVE_STRINGS_H 1
| #define HAVE_SYS_STAT_H 1
| #define HAVE_SYS_TYPES_H 1
| #define HAVE_UNISTD_H 1
| #define HAVE_WCHAR_H 1
| #define HAVE_STDBOOL_H 1
| #define HAVE_UCHAR_H 1
| #define HAVE_THREADS_H 1
| #define HAVE_LANGINFO_H 1
| #define HAVE_ICONV_H 1
| #define HAVE_LIMITS_H 1
| #define HAVE_WCTYPE_H 1
| #define HAVE_MATH_H 1
| #define HAVE_SYS_MMAN_H 1
| #define HAVE_PTHREAD_H 1
| #define HAVE_STDCKDINT_H 1
| #define HAVE_SYS_TIME_H 1
| #define HAVE_FEATURES_H 1
| #define HAVE_SYS_SOCKET_H 1
| #define HAVE_ARPA_INET_H 1
| #define HAVE_NETDB_H 1
| #define HAVE_NETINET_IN_H 1
| #define HAVE_SEMAPHORE_H 1
| #define HAVE_SYS_PARAM_H 1
| #define HAVE_SYS_SELECT_H 1
| #define HAVE_SYS_WAIT_H 1
| #define HAVE_SYS_IOCTL_H 1
| #define HAVE_SYS_UN_H 1
| #define HAVE_SYS_UIO_H 1
| #define STDC_HEADERS 1
| #define _ALL_SOURCE 1
| #define _DARWIN_C_SOURCE 1
| #define _GNU_SOURCE 1
| #define _HPUX_ALT_XOPEN_SOCKET_API 1
| #define _NETBSD_SOURCE 1
| #define _OPENBSD_SOURCE 1
| #define _POSIX_PTHREAD_SEMANTICS 1
| #define __STDC_WANT_IEC_60559_ATTRIBS_EXT__ 1
| #define __STDC_WANT_IEC_60559_BFP_EXT__ 1
| #define __STDC_WANT_IEC_60559_DFP_EXT__ 1
| #define __STDC_WANT_IEC_60559_EXT__ 1
| #define __STDC_WANT_IEC_60559_FUNCS_EXT__ 1
| #define __STDC_WANT_IEC_60559_TYPES_EXT__ 1
| #define __STDC_WANT_LIB_EXT2__ 1
| #define __STDC_WANT_MATH_SPEC_FUNCS__ 1
| #define _TANDEM_SOURCE 1
| #define __EXTENSIONS__ 1
| #define _LINUX_SOURCE_COMPAT 1
| #define __USE_MINGW_ANSI_STDIO 1
| #define HAVE_DLFCN_H 1
| #define LT_OBJDIR ".libs/"
| #define HAVE_ALLOCA_H 1
| #define HAVE_ALLOCA 1
| #define restrict __restrict__
| #define BITSIZEOF_WCHAR_T 32
| #define HAVE_MBSTATE_T 1
| #define HAVE_MBSINIT 1
| #define HAVE_MBRTOWC 1
| #define HAVE_SYMLINK 1
| #define HAVE_ISWCNTRL 1
| #define HAVE_MPROTECT 1
| #define HAVE_SNPRINTF 1
| #define HAVE_STRDUP 1
| #define HAVE_WCWIDTH 1
| #define HAVE_BTOWC 1
| #define HAVE_FCNTL 1
| #define HAVE_GETDTABLESIZE 1
| #define HAVE_GETTIMEOFDAY 1
| #define HAVE_ISBLANK 1
| #define HAVE_LSTAT 1
| #define HAVE___XPG_STRERROR_R 1
| #define HAVE_PIPE 1
| #define HAVE_PSELECT 1
| #define HAVE_PTHREAD_SIGMASK 1
| #define HAVE_SETENV 1
| #define HAVE_SLEEP 1
| #define HAVE_SHUTDOWN 1
| #define HAVE_USLEEP 1
| #define HAVE_WCRTOMB 1
| #define HAVE_WCTOB 1
| #define HAVE_LANGINFO_CODESET 1
| #define HAVE_WORKING_MBRTOC32 1
| #define HAVE_WORKING_C32RTOMB 1
| #define HAVE_WORKING_O_DIRECTORY 1
| #define HAVE_WORKING_O_NOATIME 1
| #define HAVE_WORKING_O_NOFOLLOW 1
| #define HAVE_DECL_ALARM 1
| #define HAVE_PTHREAD_API 1
| #define SETLOCALE_NULL_ALL_MTSAFE 0
| #define SETLOCALE_NULL_ONE_MTSAFE 1
| #define HAVE_WEAK_SYMBOLS 1
| #define HAVE_USELOCALE 1
| #define HAVE_WORKING_USELOCALE 1
| #define HAVE_GOOD_USELOCALE 1
| #define HAVE_ICONV 1
| #define ICONV_CONST 
| #define HAVE_WINT_T 1
| #define HAVE_LONG_LONG_INT 1
| #define HAVE_UNSIGNED_LONG_LONG_INT 1
| #define DBL_EXPBIT0_WORD 1
| #define DBL_EXPBIT0_BIT 20
| #define FLT_EXPBIT0_WORD 0
| #define FLT_EXPBIT0_BIT 23
| #define LDBL_EXPBIT0_WORD 2
| #define LDBL_EXPBIT0_BIT 0
| #define HAVE_TOWLOWER 1
| #define HAVE_LC_MESSAGES 1
| #define MUSL_LIBC 1
| #define HAVE_WEAK_SYMBOLS 1
| #define USE_POSIX_THREADS 1
| #define USE_POSIX_THREADS_WEAK 1
| #define HAVE_MALLOC_PTRDIFF 1
| #define HAVE_MALLOC_POSIX 1
| #define HAVE_MALLOC_0_NONNULL 1
| #define HAVE_MINMAX_IN_SYS_PARAM_H 1
| #define HAVE_PTHREAD_T 1
| #define HAVE_PTHREAD_SPINLOCK_T 1
| #define INSTALLPREFIX "/home/bloink/Work/unnamedlinuxdistro/fs"
| #define HAVE_DLADDR_IN_LIBC 1
| #define HAVE_SCHED_H 1
| #define HAVE_DECL_ECVT 1
| #define HAVE_DECL_FCVT 1
| #define HAVE_DECL_GCVT 1
| #define HAVE_DECL_STREQ 0
| #define HAVE_DECL_MEMEQ 0
| /* end confdefs.h.  */
| #include <sys/types.h>
| int
| main (void)
| {
| int x = sizeof (off64_t *) + sizeof (off64_t);
|             return !x;
|   ;
|   return 0;
| }
configure:34538: result: no
configure:34642: checking for blksize_t
configure:34642: gcc -c -g -O2  conftest.c >&5
configure:34642: $? = 0
configure:34642: gcc -c -g -O2  conftest.c >&5
conftest.c: In function 'main':
conftest.c:177:24: error: expected expression before ')' token
  177 | if (sizeof ((blksize_t)))
      |                        ^
configure:34642: $? = 1
configure: failed program was:
| /* confdefs.h */
| #define PACKAGE_NAME "libunistring"
| #define PACKAGE_TARNAME "libunistring"
| #define PACKAGE_VERSION "dummy"
| #define PACKAGE_STRING "libunistring dummy"
| #define PACKAGE_BUGREPORT ""
| #define PACKAGE_URL ""
| #undef PACKAGE_VERSION
| #define PACKAGE_VERSION "1.4.2"
| #undef PACKAGE_STRING
| #define PACKAGE_STRING "libunistring 1.4.2"
| #define PACKAGE "libunistring"
| #define VERSION "1.4.2"
| #define HAVE_STDIO_H 1
| #define HAVE_STDLIB_H 1
| #define HAVE_STRING_H 1
| #define HAVE_INTTYPES_H 1
| #define HAVE_STDINT_H 1
| #define HAVE_STRINGS_H 1
| #define HAVE_SYS_STAT_H 1
| #define HAVE_SYS_TYPES_H 1
| #define HAVE_UNISTD_H 1
| #define HAVE_WCHAR_H 1
| #define HAVE_STDBOOL_H 1
| #define HAVE_UCHAR_H 1
| #define HAVE_THREADS_H 1
| #define HAVE_LANGINFO_H 1
| #define HAVE_ICONV_H 1
| #define HAVE_LIMITS_H 1
| #define HAVE_WCTYPE_H 1
| #define HAVE_MATH_H 1
| #define HAVE_SYS_MMAN_H 1
| #define HAVE_PTHREAD_H 1
| #define HAVE_STDCKDINT_H 1
| #define HAVE_SYS_TIME_H 1
| #define HAVE_FEATURES_H 1
| #define HAVE_SYS_SOCKET_H 1
| #define HAVE_ARPA_INET_H 1
| #define HAVE_NETDB_H 1
| #define HAVE_NETINET_IN_H 1
| #define HAVE_SEMAPHORE_H 1
| #define HAVE_SYS_PARAM_H 1
| #define HAVE_SYS_SELECT_H 1
| #define HAVE_SYS_WAIT_H 1
| #define HAVE_SYS_IOCTL_H 1
| #define HAVE_SYS_UN_H 1
| #define HAVE_SYS_UIO_H 1
| #define STDC_HEADERS 1
| #define _ALL_SOURCE 1
| #define _DARWIN_C_SOURCE 1
| #define _GNU_SOURCE 1
| #define _HPUX_ALT_XOPEN_SOCKET_API 1
| #define _NETBSD_SOURCE 1
| #define _OPENBSD_SOURCE 1
| #define _POSIX_PTHREAD_SEMANTICS 1
| #define __STDC_WANT_IEC_60559_ATTRIBS_EXT__ 1
| #define __STDC_WANT_IEC_60559_BFP_EXT__ 1
| #define __STDC_WANT_IEC_60559_DFP_EXT__ 1
| #define __STDC_WANT_IEC_60559_EXT__ 1
| #define __STDC_WANT_IEC_60559_FUNCS_EXT__ 1
| #define __STDC_WANT_IEC_60559_TYPES_EXT__ 1
| #define __STDC_WANT_LIB_EXT2__ 1
| #define __STDC_WANT_MATH_SPEC_FUNCS__ 1
| #define _TANDEM_SOURCE 1
| #define __EXTENSIONS__ 1
| #define _LINUX_SOURCE_COMPAT 1
| #define __USE_MINGW_ANSI_STDIO 1
| #define HAVE_DLFCN_H 1
| #define LT_OBJDIR ".libs/"
| #define HAVE_ALLOCA_H 1
| #define HAVE_ALLOCA 1
| #define restrict __restrict__
| #define BITSIZEOF_WCHAR_T 32
| #define HAVE_MBSTATE_T 1
| #define HAVE_MBSINIT 1
| #define HAVE_MBRTOWC 1
| #define HAVE_SYMLINK 1
| #define HAVE_ISWCNTRL 1
| #define HAVE_MPROTECT 1
| #define HAVE_SNPRINTF 1
| #define HAVE_STRDUP 1
| #define HAVE_WCWIDTH 1
| #define HAVE_BTOWC 1
| #define HAVE_FCNTL 1
| #define HAVE_GETDTABLESIZE 1
| #define HAVE_GETTIMEOFDAY 1
| #define HAVE_ISBLANK 1
| #define HAVE_LSTAT 1
| #define HAVE___XPG_STRERROR_R 1
| #define HAVE_PIPE 1
| #define HAVE_PSELECT 1
| #define HAVE_PTHREAD_SIGMASK 1
| #define HAVE_SETENV 1
| #define HAVE_SLEEP 1
| #define HAVE_SHUTDOWN 1
| #define HAVE_USLEEP 1
| #define HAVE_WCRTOMB 1
| #define HAVE_WCTOB 1
| #define HAVE_LANGINFO_CODESET 1
| #define HAVE_WORKING_MBRTOC32 1
| #define HAVE_WORKING_C32RTOMB 1
| #define HAVE_WORKING_O_DIRECTORY 1
| #define HAVE_WORKING_O_NOATIME 1
| #define HAVE_WORKING_O_NOFOLLOW 1
| #define HAVE_DECL_ALARM 1
| #define HAVE_PTHREAD_API 1
| #define SETLOCALE_NULL_ALL_MTSAFE 0
| #define SETLOCALE_NULL_ONE_MTSAFE 1
| #define HAVE_WEAK_SYMBOLS 1
| #define HAVE_USELOCALE 1
| #define HAVE_WORKING_USELOCALE 1
| #define HAVE_GOOD_USELOCALE 1
| #define HAVE_ICONV 1
| #define ICONV_CONST 
| #define HAVE_WINT_T 1
| #define HAVE_LONG_LONG_INT 1
| #define HAVE_UNSIGNED_LONG_LONG_INT 1
| #define DBL_EXPBIT0_WORD 1
| #define DBL_EXPBIT0_BIT 20
| #define FLT_EXPBIT0_WORD 0
| #define FLT_EXPBIT0_BIT 23
| #define LDBL_EXPBIT0_WORD 2
| #define LDBL_EXPBIT0_BIT 0
| #define HAVE_TOWLOWER 1
| #define HAVE_LC_MESSAGES 1
| #define MUSL_LIBC 1
| #define HAVE_WEAK_SYMBOLS 1
| #define USE_POSIX_THREADS 1
| #define USE_POSIX_THREADS_WEAK 1
| #define HAVE_MALLOC_PTRDIFF 1
| #define HAVE_MALLOC_POSIX 1
| #define HAVE_MALLOC_0_NONNULL 1
| #define HAVE_MINMAX_IN_SYS_PARAM_H 1
| #define HAVE_PTHREAD_T 1
| #define HAVE_PTHREAD_SPINLOCK_T 1
| #define INSTALLPREFIX "/home/bloink/Work/unnamedlinuxdistro/fs"
| #define HAVE_DLADDR_IN_LIBC 1
| #define HAVE_SCHED_H 1
| #define HAVE_DECL_ECVT 1
| #define HAVE_DECL_FCVT 1
| #define HAVE_DECL_GCVT 1
| #define HAVE_DECL_STREQ 0
| #define HAVE_DECL_MEMEQ 0
| #define _USE_STD_STAT 1
| /* end confdefs.h.  */
| #include <stddef.h>
| #ifdef HAVE_STDIO_H
| # include <stdio.h>
| #endif
| #ifdef HAVE_STDLIB_H
| # include <stdlib.h>
| #endif
| #ifdef HAVE_STRING_H
| # include <string.h>
| #endif
| #ifdef HAVE_INTTYPES_H
| # include <inttypes.h>
| #endif
| #ifdef HAVE_STDINT_H
| # include <stdint.h>
| #endif
| #ifdef HAVE_STRINGS_H
| # include <strings.h>
| #endif
| #ifdef HAVE_SYS_TYPES_H
| # include <sys/types.h>
| #endif
| #ifdef HAVE_SYS_STAT_H
| # include <sys/stat.h>
| #endif
| #ifdef HAVE_UNISTD_H
| # include <unistd.h>
| #endif
| int
| main (void)
| {
| if (sizeof ((blksize_t)))
| 	    return 0;
|   ;
|   return 0;
| }
configure:34642: result: yes
configure:34653: checking for blkcnt_t
configure:34653: gcc -c -g -O2  conftest.c >&5
configure:34653: $? = 0
configure:34653: gcc -c -g -O2  conftest.c >&5
conftest.c: In function 'main':
conftest.c:177:23: error: expected expression before ')' token
  177 | if (sizeof ((blkcnt_t)))
      |                       ^
configure:34653: $? = 1
configure: failed program was:
| /* confdefs.h */
| #define PACKAGE_NAME "libunistring"
| #define PACKAGE_TARNAME "libunistring"
| #define PACKAGE_VERSION "dummy"
| #define PACKAGE_STRING "libunistring dummy"
| #define PACKAGE_BUGREPORT ""
| #define PACKAGE_URL ""
| #undef PACKAGE_VERSION
| #define PACKAGE_VERSION "1.4.2"
| #undef PACKAGE_STRING
| #define PACKAGE_STRING "libunistring 1.4.2"
| #define PACKAGE "libunistring"
| #define VERSION "1.4.2"
| #define HAVE_STDIO_H 1
| #define HAVE_STDLIB_H 1
| #define HAVE_STRING_H 1
| #define HAVE_INTTYPES_H 1
| #define HAVE_STDINT_H 1
| #define HAVE_STRINGS_H 1
| #define HAVE_SYS_STAT_H 1
| #define HAVE_SYS_TYPES_H 1
| #define HAVE_UNISTD_H 1
| #define HAVE_WCHAR_H 1
| #define HAVE_STDBOOL_H 1
| #define HAVE_UCHAR_H 1
| #define HAVE_THREADS_H 1
| #define HAVE_LANGINFO_H 1
| #define HAVE_ICONV_H 1
| #define HAVE_LIMITS_H 1
| #define HAVE_WCTYPE_H 1
| #define HAVE_MATH_H 1
| #define HAVE_SYS_MMAN_H 1
| #define HAVE_PTHREAD_H 1
| #define HAVE_STDCKDINT_H 1
| #define HAVE_SYS_TIME_H 1
| #define HAVE_FEATURES_H 1
| #define HAVE_SYS_SOCKET_H 1
| #define HAVE_ARPA_INET_H 1
| #define HAVE_NETDB_H 1
| #define HAVE_NETINET_IN_H 1
| #define HAVE_SEMAPHORE_H 1
| #define HAVE_SYS_PARAM_H 1
| #define HAVE_SYS_SELECT_H 1
| #define HAVE_SYS_WAIT_H 1
| #define HAVE_SYS_IOCTL_H 1
| #define HAVE_SYS_UN_H 1
| #define HAVE_SYS_UIO_H 1
| #define STDC_HEADERS 1
| #define _ALL_SOURCE 1
| #define _DARWIN_C_SOURCE 1
| #define _GNU_SOURCE 1
| #define _HPUX_ALT_XOPEN_SOCKET_API 1
| #define _NETBSD_SOURCE 1
| #define _OPENBSD_SOURCE 1
| #define _POSIX_PTHREAD_SEMANTICS 1
| #define __STDC_WANT_IEC_60559_ATTRIBS_EXT__ 1
| #define __STDC_WANT_IEC_60559_BFP_EXT__ 1
| #define __STDC_WANT_IEC_60559_DFP_EXT__ 1
| #define __STDC_WANT_IEC_60559_EXT__ 1
| #define __STDC_WANT_IEC_60559_FUNCS_EXT__ 1
| #define __STDC_WANT_IEC_60559_TYPES_EXT__ 1
| #define __STDC_WANT_LIB_EXT2__ 1
| #define __STDC_WANT_MATH_SPEC_FUNCS__ 1
| #define _TANDEM_SOURCE 1
| #define __EXTENSIONS__ 1
| #define _LINUX_SOURCE_COMPAT 1
| #define __USE_MINGW_ANSI_STDIO 1
| #define HAVE_DLFCN_H 1
| #define LT_OBJDIR ".libs/"
| #define HAVE_ALLOCA_H 1
| #define HAVE_ALLOCA 1
| #define restrict __restrict__
| #define BITSIZEOF_WCHAR_T 32
| #define HAVE_MBSTATE_T 1
| #define HAVE_MBSINIT 1
| #define HAVE_MBRTOWC 1
| #define HAVE_SYMLINK 1
| #define HAVE_ISWCNTRL 1
| #define HAVE_MPROTECT 1
| #define HAVE_SNPRINTF 1
| #define HAVE_STRDUP 1
| #define HAVE_WCWIDTH 1
| #define HAVE_BTOWC 1
| #define HAVE_FCNTL 1
| #define HAVE_GETDTABLESIZE 1
| #define HAVE_GETTIMEOFDAY 1
| #define HAVE_ISBLANK 1
| #define HAVE_LSTAT 1
| #define HAVE___XPG_STRERROR_R 1
| #define HAVE_PIPE 1
| #define HAVE_PSELECT 1
| #define HAVE_PTHREAD_SIGMASK 1
| #define HAVE_SETENV 1
| #define HAVE_SLEEP 1
| #define HAVE_SHUTDOWN 1
| #define HAVE_USLEEP 1
| #define HAVE_WCRTOMB 1
| #define HAVE_WCTOB 1
| #define HAVE_LANGINFO_CODESET 1
| #define HAVE_WORKING_MBRTOC32 1
| #define HAVE_WORKING_C32RTOMB 1
| #define HAVE_WORKING_O_DIRECTORY 1
| #define HAVE_WORKING_O_NOATIME 1
| #define HAVE_WORKING_O_NOFOLLOW 1
| #define HAVE_DECL_ALARM 1
| #define HAVE_PTHREAD_API 1
| #define SETLOCALE_NULL_ALL_MTSAFE 0
| #define SETLOCALE_NULL_ONE_MTSAFE 1
| #define HAVE_WEAK_SYMBOLS 1
| #define HAVE_USELOCALE 1
| #define HAVE_WORKING_USELOCALE 1
| #define HAVE_GOOD_USELOCALE 1
| #define HAVE_ICONV 1
| #define ICONV_CONST 
| #define HAVE_WINT_T 1
| #define HAVE_LONG_LONG_INT 1
| #define HAVE_UNSIGNED_LONG_LONG_INT 1
| #define DBL_EXPBIT0_WORD 1
| #define DBL_EXPBIT0_BIT 20
| #define FLT_EXPBIT0_WORD 0
| #define FLT_EXPBIT0_BIT 23
| #define LDBL_EXPBIT0_WORD 2
| #define LDBL_EXPBIT0_BIT 0
| #define HAVE_TOWLOWER 1
| #define HAVE_LC_MESSAGES 1
| #define MUSL_LIBC 1
| #define HAVE_WEAK_SYMBOLS 1
| #define USE_POSIX_THREADS 1
| #define USE_POSIX_THREADS_WEAK 1
| #define HAVE_MALLOC_PTRDIFF 1
| #define HAVE_MALLOC_POSIX 1
| #define HAVE_MALLOC_0_NONNULL 1
| #define HAVE_MINMAX_IN_SYS_PARAM_H 1
| #define HAVE_PTHREAD_T 1
| #define HAVE_PTHREAD_SPINLOCK_T 1
| #define INSTALLPREFIX "/home/bloink/Work/unnamedlinuxdistro/fs"
| #define HAVE_DLADDR_IN_LIBC 1
| #define HAVE_SCHED_H 1
| #define HAVE_DECL_ECVT 1
| #define HAVE_DECL_FCVT 1
| #define HAVE_DECL_GCVT 1
| #define HAVE_DECL_STREQ 0
| #define HAVE_DECL_MEMEQ 0
| #define _USE_STD_STAT 1
| /* end confdefs.h.  */
| #include <stddef.h>
| #ifdef HAVE_STDIO_H
| # include <stdio.h>
| #endif
| #ifdef HAVE_STDLIB_H
| # include <stdlib.h>
| #endif
| #ifdef HAVE_STRING_H
| # include <string.h>
| #endif
| #ifdef HAVE_INTTYPES_H
| # include <inttypes.h>
| #endif
| #ifdef HAVE_STDINT_H
| # include <stdint.h>
| #endif
| #ifdef HAVE_STRINGS_H
| # include <strings.h>
| #endif
| #ifdef HAVE_SYS_TYPES_H
| # include <sys/types.h>
| #endif
| #ifdef HAVE_SYS_STAT_H
| # include <sys/stat.h>
| #endif
| #ifdef HAVE_UNISTD_H
| # include <unistd.h>
| #endif
| int
| main (void)
| {
| if (sizeof ((blkcnt_t)))
| 	    return 0;
|   ;
|   return 0;
| }
configure:34653: result: yes
configure:34693: checking for struct timespec in <time.h>
configure:34711: gcc -c -g -O2  conftest.c >&5
configure:34711: $? = 0
configure:34721: result: yes
configure:34922: checking for TIME_UTC in <time.h>
configure:34940: gcc -c -g -O2  conftest.c >&5
configure:34940: $? = 0
configure:34950: result: yes
configure:35760: checking whether execvpe is declared
configure:35760: gcc -c -g -O2   conftest.c >&5
configure:35760: $? = 0
configure:35760: result: yes
configure:36224: checking for inttypes.h
configure:36244: gcc -c -g -O2  conftest.c >&5
configure:36244: $? = 0
configure:36254: result: yes
configure:36263: checking for stdint.h
configure:36281: gcc -c -g -O2  conftest.c >&5
configure:36281: $? = 0
configure:36291: result: yes
configure:36302: checking for intmax_t
configure:36328: gcc -c -g -O2  conftest.c >&5
configure:36328: $? = 0
configure:36338: result: yes
configure:36357: checking whether snprintf returns a byte count as in C99
configure:36454: gcc -o conftest -g -O2   conftest.c  >&5
configure:36454: $? = 0
configure:36454: ./conftest
configure:36454: $? = 0
configure:36469: result: yes
configure:36475: checking whether snprintf truncates the result as in C99
configure:36555: gcc -o conftest -g -O2   conftest.c  >&5
configure:36555: $? = 0
configure:36555: ./conftest
configure:36555: $? = 0
configure:36570: result: yes
configure:36576: checking for wcslen
configure:36576: gcc -o conftest -g -O2   conftest.c  >&5
configure:36576: $? = 0
configure:36576: result: yes
configure:36586: checking for snprintf
configure:36586: result: yes
configure:36592: checking for strnlen
configure:36592: gcc -o conftest -g -O2   conftest.c  >&5
conftest.c:168:6: warning: conflicting types for built-in function 'strnlen'; expected 'long unsigned int(const char *, long unsigned int)' [-Wbuiltin-declaration-mismatch]
  168 | char strnlen (void);
      |      ^~~~~~~
configure:36592: $? = 0
configure:36592: result: yes
configure:36598: checking for wcrtomb
configure:36598: result: yes
configure:36605: checking whether _snprintf is declared
configure:36605: gcc -c -g -O2   conftest.c >&5
conftest.c: In function 'main':
conftest.c:163:10: error: '_snprintf' undeclared (first use in this function); did you mean 'vsnprintf'?
  163 |   (void) _snprintf;
      |          ^~~~~~~~~
      |          vsnprintf
conftest.c:163:10: note: each undeclared identifier is reported only once for each function it appears in
configure:36605: $? = 1
configure: failed program was:
| /* confdefs.h */
| #define PACKAGE_NAME "libunistring"
| #define PACKAGE_TARNAME "libunistring"
| #define PACKAGE_VERSION "dummy"
| #define PACKAGE_STRING "libunistring dummy"
| #define PACKAGE_BUGREPORT ""
| #define PACKAGE_URL ""
| #undef PACKAGE_VERSION
| #define PACKAGE_VERSION "1.4.2"
| #undef PACKAGE_STRING
| #define PACKAGE_STRING "libunistring 1.4.2"
| #define PACKAGE "libunistring"
| #define VERSION "1.4.2"
| #define HAVE_STDIO_H 1
| #define HAVE_STDLIB_H 1
| #define HAVE_STRING_H 1
| #define HAVE_INTTYPES_H 1
| #define HAVE_STDINT_H 1
| #define HAVE_STRINGS_H 1
| #define HAVE_SYS_STAT_H 1
| #define HAVE_SYS_TYPES_H 1
| #define HAVE_UNISTD_H 1
| #define HAVE_WCHAR_H 1
| #define HAVE_STDBOOL_H 1
| #define HAVE_UCHAR_H 1
| #define HAVE_THREADS_H 1
| #define HAVE_LANGINFO_H 1
| #define HAVE_ICONV_H 1
| #define HAVE_LIMITS_H 1
| #define HAVE_WCTYPE_H 1
| #define HAVE_MATH_H 1
| #define HAVE_SYS_MMAN_H 1
| #define HAVE_PTHREAD_H 1
| #define HAVE_STDCKDINT_H 1
| #define HAVE_SYS_TIME_H 1
| #define HAVE_FEATURES_H 1
| #define HAVE_SYS_SOCKET_H 1
| #define HAVE_ARPA_INET_H 1
| #define HAVE_NETDB_H 1
| #define HAVE_NETINET_IN_H 1
| #define HAVE_SEMAPHORE_H 1
| #define HAVE_SYS_PARAM_H 1
| #define HAVE_SYS_SELECT_H 1
| #define HAVE_SYS_WAIT_H 1
| #define HAVE_SYS_IOCTL_H 1
| #define HAVE_SYS_UN_H 1
| #define HAVE_SYS_UIO_H 1
| #define STDC_HEADERS 1
| #define _ALL_SOURCE 1
| #define _DARWIN_C_SOURCE 1
| #define _GNU_SOURCE 1
| #define _HPUX_ALT_XOPEN_SOCKET_API 1
| #define _NETBSD_SOURCE 1
| #define _OPENBSD_SOURCE 1
| #define _POSIX_PTHREAD_SEMANTICS 1
| #define __STDC_WANT_IEC_60559_ATTRIBS_EXT__ 1
| #define __STDC_WANT_IEC_60559_BFP_EXT__ 1
| #define __STDC_WANT_IEC_60559_DFP_EXT__ 1
| #define __STDC_WANT_IEC_60559_EXT__ 1
| #define __STDC_WANT_IEC_60559_FUNCS_EXT__ 1
| #define __STDC_WANT_IEC_60559_TYPES_EXT__ 1
| #define __STDC_WANT_LIB_EXT2__ 1
| #define __STDC_WANT_MATH_SPEC_FUNCS__ 1
| #define _TANDEM_SOURCE 1
| #define __EXTENSIONS__ 1
| #define _LINUX_SOURCE_COMPAT 1
| #define __USE_MINGW_ANSI_STDIO 1
| #define HAVE_DLFCN_H 1
| #define LT_OBJDIR ".libs/"
| #define HAVE_ALLOCA_H 1
| #define HAVE_ALLOCA 1
| #define restrict __restrict__
| #define BITSIZEOF_WCHAR_T 32
| #define HAVE_MBSTATE_T 1
| #define HAVE_MBSINIT 1
| #define HAVE_MBRTOWC 1
| #define HAVE_SYMLINK 1
| #define HAVE_ISWCNTRL 1
| #define HAVE_MPROTECT 1
| #define HAVE_SNPRINTF 1
| #define HAVE_STRDUP 1
| #define HAVE_WCWIDTH 1
| #define HAVE_BTOWC 1
| #define HAVE_FCNTL 1
| #define HAVE_GETDTABLESIZE 1
| #define HAVE_GETTIMEOFDAY 1
| #define HAVE_ISBLANK 1
| #define HAVE_LSTAT 1
| #define HAVE___XPG_STRERROR_R 1
| #define HAVE_PIPE 1
| #define HAVE_PSELECT 1
| #define HAVE_PTHREAD_SIGMASK 1
| #define HAVE_SETENV 1
| #define HAVE_SLEEP 1
| #define HAVE_SHUTDOWN 1
| #define HAVE_USLEEP 1
| #define HAVE_WCRTOMB 1
| #define HAVE_WCTOB 1
| #define HAVE_LANGINFO_CODESET 1
| #define HAVE_WORKING_MBRTOC32 1
| #define HAVE_WORKING_C32RTOMB 1
| #define HAVE_WORKING_O_DIRECTORY 1
| #define HAVE_WORKING_O_NOATIME 1
| #define HAVE_WORKING_O_NOFOLLOW 1
| #define HAVE_DECL_ALARM 1
| #define HAVE_PTHREAD_API 1
| #define SETLOCALE_NULL_ALL_MTSAFE 0
| #define SETLOCALE_NULL_ONE_MTSAFE 1
| #define HAVE_WEAK_SYMBOLS 1
| #define HAVE_USELOCALE 1
| #define HAVE_WORKING_USELOCALE 1
| #define HAVE_GOOD_USELOCALE 1
| #define HAVE_ICONV 1
| #define ICONV_CONST 
| #define HAVE_WINT_T 1
| #define HAVE_LONG_LONG_INT 1
| #define HAVE_UNSIGNED_LONG_LONG_INT 1
| #define DBL_EXPBIT0_WORD 1
| #define DBL_EXPBIT0_BIT 20
| #define FLT_EXPBIT0_WORD 0
| #define FLT_EXPBIT0_BIT 23
| #define LDBL_EXPBIT0_WORD 2
| #define LDBL_EXPBIT0_BIT 0
| #define HAVE_TOWLOWER 1
| #define HAVE_LC_MESSAGES 1
| #define MUSL_LIBC 1
| #define HAVE_WEAK_SYMBOLS 1
| #define USE_POSIX_THREADS 1
| #define USE_POSIX_THREADS_WEAK 1
| #define HAVE_MALLOC_PTRDIFF 1
| #define HAVE_MALLOC_POSIX 1
| #define HAVE_MALLOC_0_NONNULL 1
| #define HAVE_MINMAX_IN_SYS_PARAM_H 1
| #define HAVE_PTHREAD_T 1
| #define HAVE_PTHREAD_SPINLOCK_T 1
| #define INSTALLPREFIX "/home/bloink/Work/unnamedlinuxdistro/fs"
| #define HAVE_DLADDR_IN_LIBC 1
| #define HAVE_SCHED_H 1
| #define HAVE_DECL_ECVT 1
| #define HAVE_DECL_FCVT 1
| #define HAVE_DECL_GCVT 1
| #define HAVE_DECL_STREQ 0
| #define HAVE_DECL_MEMEQ 0
| #define _USE_STD_STAT 1
| #define HAVE_DECL_EXECVPE 1
| #define HAVE_INTTYPES_H_WITH_UINTMAX 1
| #define HAVE_STDINT_H_WITH_UINTMAX 1
| #define HAVE_INTMAX_T 1
| #define HAVE_WCSLEN 1
| #define HAVE_SNPRINTF 1
| #define HAVE_STRNLEN 1
| #define HAVE_WCRTOMB 1
| /* end confdefs.h.  */
| #include <stdio.h>
| 
| int
| main (void)
| {
| #ifndef _snprintf
| #ifdef __cplusplus
|   (void) _snprintf;
| #else
|   (void) _snprintf;
| #endif
| #endif
| 
|   ;
|   return 0;
| }
configure:36605: result: no
configure:36636: checking whether printf supports 'long double' arguments
configure:36699: gcc -o conftest -g -O2   conftest.c  >&5
configure:36699: $? = 0
configure:36699: ./conftest
configure:36699: $? = 0
configure:36714: result: yes
configure:36731: checking whether printf supports infinite 'double' arguments
configure:36863: gcc -o conftest -g -O2   conftest.c  >&5
configure:36863: $? = 0
configure:36863: ./conftest
configure:36863: $? = 0
configure:36878: result: yes
configure:36893: checking whether printf supports infinite 'long double' arguments
configure:37216: gcc -o conftest -g -O2   conftest.c  >&5
configure:37216: $? = 0
configure:37216: ./conftest
configure:37216: $? = 0
configure:37231: result: yes
configure:37241: checking whether printf supports the 'a' and 'A' directives
configure:37350: gcc -o conftest -g -O2   conftest.c  >&5
configure:37350: $? = 0
configure:37350: ./conftest
configure:37350: $? = 0
configure:37365: result: yes
configure:37370: checking whether printf supports the 'b' directive
configure:37431: gcc -o conftest -g -O2   conftest.c  >&5
configure:37431: $? = 0
configure:37431: ./conftest
configure:37431: $? = 1
configure: program exited with status 1
configure: failed program was:
| /* confdefs.h */
| #define PACKAGE_NAME "libunistring"
| #define PACKAGE_TARNAME "libunistring"
| #define PACKAGE_VERSION "dummy"
| #define PACKAGE_STRING "libunistring dummy"
| #define PACKAGE_BUGREPORT ""
| #define PACKAGE_URL ""
| #undef PACKAGE_VERSION
| #define PACKAGE_VERSION "1.4.2"
| #undef PACKAGE_STRING
| #define PACKAGE_STRING "libunistring 1.4.2"
| #define PACKAGE "libunistring"
| #define VERSION "1.4.2"
| #define HAVE_STDIO_H 1
| #define HAVE_STDLIB_H 1
| #define HAVE_STRING_H 1
| #define HAVE_INTTYPES_H 1
| #define HAVE_STDINT_H 1
| #define HAVE_STRINGS_H 1
| #define HAVE_SYS_STAT_H 1
| #define HAVE_SYS_TYPES_H 1
| #define HAVE_UNISTD_H 1
| #define HAVE_WCHAR_H 1
| #define HAVE_STDBOOL_H 1
| #define HAVE_UCHAR_H 1
| #define HAVE_THREADS_H 1
| #define HAVE_LANGINFO_H 1
| #define HAVE_ICONV_H 1
| #define HAVE_LIMITS_H 1
| #define HAVE_WCTYPE_H 1
| #define HAVE_MATH_H 1
| #define HAVE_SYS_MMAN_H 1
| #define HAVE_PTHREAD_H 1
| #define HAVE_STDCKDINT_H 1
| #define HAVE_SYS_TIME_H 1
| #define HAVE_FEATURES_H 1
| #define HAVE_SYS_SOCKET_H 1
| #define HAVE_ARPA_INET_H 1
| #define HAVE_NETDB_H 1
| #define HAVE_NETINET_IN_H 1
| #define HAVE_SEMAPHORE_H 1
| #define HAVE_SYS_PARAM_H 1
| #define HAVE_SYS_SELECT_H 1
| #define HAVE_SYS_WAIT_H 1
| #define HAVE_SYS_IOCTL_H 1
| #define HAVE_SYS_UN_H 1
| #define HAVE_SYS_UIO_H 1
| #define STDC_HEADERS 1
| #define _ALL_SOURCE 1
| #define _DARWIN_C_SOURCE 1
| #define _GNU_SOURCE 1
| #define _HPUX_ALT_XOPEN_SOCKET_API 1
| #define _NETBSD_SOURCE 1
| #define _OPENBSD_SOURCE 1
| #define _POSIX_PTHREAD_SEMANTICS 1
| #define __STDC_WANT_IEC_60559_ATTRIBS_EXT__ 1
| #define __STDC_WANT_IEC_60559_BFP_EXT__ 1
| #define __STDC_WANT_IEC_60559_DFP_EXT__ 1
| #define __STDC_WANT_IEC_60559_EXT__ 1
| #define __STDC_WANT_IEC_60559_FUNCS_EXT__ 1
| #define __STDC_WANT_IEC_60559_TYPES_EXT__ 1
| #define __STDC_WANT_LIB_EXT2__ 1
| #define __STDC_WANT_MATH_SPEC_FUNCS__ 1
| #define _TANDEM_SOURCE 1
| #define __EXTENSIONS__ 1
| #define _LINUX_SOURCE_COMPAT 1
| #define __USE_MINGW_ANSI_STDIO 1
| #define HAVE_DLFCN_H 1
| #define LT_OBJDIR ".libs/"
| #define HAVE_ALLOCA_H 1
| #define HAVE_ALLOCA 1
| #define restrict __restrict__
| #define BITSIZEOF_WCHAR_T 32
| #define HAVE_MBSTATE_T 1
| #define HAVE_MBSINIT 1
| #define HAVE_MBRTOWC 1
| #define HAVE_SYMLINK 1
| #define HAVE_ISWCNTRL 1
| #define HAVE_MPROTECT 1
| #define HAVE_SNPRINTF 1
| #define HAVE_STRDUP 1
| #define HAVE_WCWIDTH 1
| #define HAVE_BTOWC 1
| #define HAVE_FCNTL 1
| #define HAVE_GETDTABLESIZE 1
| #define HAVE_GETTIMEOFDAY 1
| #define HAVE_ISBLANK 1
| #define HAVE_LSTAT 1
| #define HAVE___XPG_STRERROR_R 1
| #define HAVE_PIPE 1
| #define HAVE_PSELECT 1
| #define HAVE_PTHREAD_SIGMASK 1
| #define HAVE_SETENV 1
| #define HAVE_SLEEP 1
| #define HAVE_SHUTDOWN 1
| #define HAVE_USLEEP 1
| #define HAVE_WCRTOMB 1
| #define HAVE_WCTOB 1
| #define HAVE_LANGINFO_CODESET 1
| #define HAVE_WORKING_MBRTOC32 1
| #define HAVE_WORKING_C32RTOMB 1
| #define HAVE_WORKING_O_DIRECTORY 1
| #define HAVE_WORKING_O_NOATIME 1
| #define HAVE_WORKING_O_NOFOLLOW 1
| #define HAVE_DECL_ALARM 1
| #define HAVE_PTHREAD_API 1
| #define SETLOCALE_NULL_ALL_MTSAFE 0
| #define SETLOCALE_NULL_ONE_MTSAFE 1
| #define HAVE_WEAK_SYMBOLS 1
| #define HAVE_USELOCALE 1
| #define HAVE_WORKING_USELOCALE 1
| #define HAVE_GOOD_USELOCALE 1
| #define HAVE_ICONV 1
| #define ICONV_CONST 
| #define HAVE_WINT_T 1
| #define HAVE_LONG_LONG_INT 1
| #define HAVE_UNSIGNED_LONG_LONG_INT 1
| #define DBL_EXPBIT0_WORD 1
| #define DBL_EXPBIT0_BIT 20
| #define FLT_EXPBIT0_WORD 0
| #define FLT_EXPBIT0_BIT 23
| #define LDBL_EXPBIT0_WORD 2
| #define LDBL_EXPBIT0_BIT 0
| #define HAVE_TOWLOWER 1
| #define HAVE_LC_MESSAGES 1
| #define MUSL_LIBC 1
| #define HAVE_WEAK_SYMBOLS 1
| #define USE_POSIX_THREADS 1
| #define USE_POSIX_THREADS_WEAK 1
| #define HAVE_MALLOC_PTRDIFF 1
| #define HAVE_MALLOC_POSIX 1
| #define HAVE_MALLOC_0_NONNULL 1
| #define HAVE_MINMAX_IN_SYS_PARAM_H 1
| #define HAVE_PTHREAD_T 1
| #define HAVE_PTHREAD_SPINLOCK_T 1
| #define INSTALLPREFIX "/home/bloink/Work/unnamedlinuxdistro/fs"
| #define HAVE_DLADDR_IN_LIBC 1
| #define HAVE_SCHED_H 1
| #define HAVE_DECL_ECVT 1
| #define HAVE_DECL_FCVT 1
| #define HAVE_DECL_GCVT 1
| #define HAVE_DECL_STREQ 0
| #define HAVE_DECL_MEMEQ 0
| #define _USE_STD_STAT 1
| #define HAVE_DECL_EXECVPE 1
| #define HAVE_INTTYPES_H_WITH_UINTMAX 1
| #define HAVE_STDINT_H_WITH_UINTMAX 1
| #define HAVE_INTMAX_T 1
| #define HAVE_WCSLEN 1
| #define HAVE_SNPRINTF 1
| #define HAVE_STRNLEN 1
| #define HAVE_WCRTOMB 1
| #define HAVE_DECL__SNPRINTF 0
| #define HAVE_SNPRINTF_RETVAL_C99 1
| #define HAVE_SNPRINTF_TRUNCATION_C99 1
| #define CHECK_PRINTF_SAFE 1
| /* end confdefs.h.  */
| 
| #include <stdio.h>
| #include <string.h>
| static char buf[100];
| int main ()
| {
|   int result = 0;
|   if (sprintf (buf, "%b %d", 12345, 33, 44, 55) < 0
|       || strcmp (buf, "11000000111001 33") != 0)
|     result |= 1;
|   return result;
| }
configure:37446: result: no
configure:37451: checking whether printf supports the 'F' directive
configure:37530: gcc -o conftest -g -O2   conftest.c  >&5
configure:37530: $? = 0
configure:37530: ./conftest
configure:37530: $? = 0
configure:37545: result: yes
configure:37550: checking whether printf supports the 'ls' directive
configure:37622: gcc -o conftest -g -O2   conftest.c  >&5
configure:37622: $? = 0
configure:37622: ./conftest
configure:37622: $? = 0
configure:37637: result: yes
configure:37642: checking whether printf supports the 'lc' directive correctly
configure:37680: gcc -o conftest -g -O2   conftest.c  >&5
configure:37680: $? = 0
configure:37680: ./conftest
configure:37680: $? = 0
configure:37695: result: yes
configure:37700: checking whether printf supports the grouping flag
configure:37735: gcc -o conftest -g -O2   conftest.c  >&5
configure:37735: $? = 0
configure:37735: ./conftest
configure:37735: $? = 0
configure:37750: result: yes
configure:37756: checking whether printf supports grouping on integers with a precision
configure:37799: gcc -o conftest -g -O2   conftest.c  >&5
configure:37799: $? = 0
configure:37799: ./conftest
configure:37799: $? = 0
configure:37817: result: yes
configure:37823: checking whether printf supports grouping with a multibyte separator
configure:37864: gcc -o conftest -g -O2   conftest.c  >&5
configure:37864: $? = 0
configure:37864: ./conftest
configure:37864: $? = 0
configure:37883: result: guessing yes
configure:37888: checking whether printf supports the left-adjust flag correctly
configure:37927: gcc -o conftest -g -O2   conftest.c  >&5
configure:37927: $? = 0
configure:37927: ./conftest
configure:37927: $? = 0
configure:37942: result: yes
configure:37947: checking whether printf supports the zero flag correctly
configure:37989: gcc -o conftest -g -O2   conftest.c  >&5
configure:37989: $? = 0
configure:37989: ./conftest
configure:37989: $? = 0
configure:38004: result: yes
configure:38009: checking whether printf supports the alternative flag with a zero precision
configure:38043: gcc -o conftest -g -O2   conftest.c  >&5
configure:38043: $? = 0
configure:38043: ./conftest
configure:38043: $? = 0
configure:38058: result: yes
configure:38063: checking whether printf supports large precisions
configure:38110: gcc -o conftest -g -O2   conftest.c  >&5
configure:38110: $? = 0
configure:38110: ./conftest
configure:38110: $? = 0
configure:38125: result: yes
configure:38131: checking whether printf survives out-of-memory conditions
configure:38304: gcc -o conftest -g -O2   conftest.c  >&5
configure:38307: $? = 0
configure:38311: $? = 0
configure:38355: result: yes
configure:38364: checking whether <wchar.h> uses 'inline' correctly
configure:38421: result: yes
configure:38543: checking whether wcsdup is declared
configure:38543: gcc -c -g -O2   conftest.c >&5
configure:38543: $? = 0
configure:38543: result: yes
configure:38563: checking for C compiler option to allow warnings
configure:38572: gcc -g -O2  -c conftest.c 2>conftest1.err
configure:38575: $? = 0
configure:38578: gcc -g -O2  -Wno-error -c conftest.c 2>conftest2.err
configure:38581: $? = 0
configure:38592: result: -Wno-error
configure:38671: checking whether <sys/socket.h> is self-contained
configure:38689: gcc -c -g -O2  conftest.c >&5
configure:38689: $? = 0
configure:38700: result: yes
configure:38703: checking for shutdown
configure:38703: result: yes
configure:38711: checking whether <sys/socket.h> defines the SHUT_* macros
configure:38729: gcc -c -g -O2  conftest.c >&5
configure:38729: $? = 0
configure:38740: result: yes
configure:38852: checking for struct sockaddr_storage
configure:38852: gcc -c -g -O2  conftest.c >&5
configure:38852: $? = 0
configure:38852: gcc -c -g -O2  conftest.c >&5
conftest.c: In function 'main':
conftest.c:176:38: error: expected expression before ')' token
  176 | if (sizeof ((struct sockaddr_storage)))
      |                                      ^
configure:38852: $? = 1
configure: failed program was:
| /* confdefs.h */
| #define PACKAGE_NAME "libunistring"
| #define PACKAGE_TARNAME "libunistring"
| #define PACKAGE_VERSION "dummy"
| #define PACKAGE_STRING "libunistring dummy"
| #define PACKAGE_BUGREPORT ""
| #define PACKAGE_URL ""
| #undef PACKAGE_VERSION
| #define PACKAGE_VERSION "1.4.2"
| #undef PACKAGE_STRING
| #define PACKAGE_STRING "libunistring 1.4.2"
| #define PACKAGE "libunistring"
| #define VERSION "1.4.2"
| #define HAVE_STDIO_H 1
| #define HAVE_STDLIB_H 1
| #define HAVE_STRING_H 1
| #define HAVE_INTTYPES_H 1
| #define HAVE_STDINT_H 1
| #define HAVE_STRINGS_H 1
| #define HAVE_SYS_STAT_H 1
| #define HAVE_SYS_TYPES_H 1
| #define HAVE_UNISTD_H 1
| #define HAVE_WCHAR_H 1
| #define HAVE_STDBOOL_H 1
| #define HAVE_UCHAR_H 1
| #define HAVE_THREADS_H 1
| #define HAVE_LANGINFO_H 1
| #define HAVE_ICONV_H 1
| #define HAVE_LIMITS_H 1
| #define HAVE_WCTYPE_H 1
| #define HAVE_MATH_H 1
| #define HAVE_SYS_MMAN_H 1
| #define HAVE_PTHREAD_H 1
| #define HAVE_STDCKDINT_H 1
| #define HAVE_SYS_TIME_H 1
| #define HAVE_FEATURES_H 1
| #define HAVE_SYS_SOCKET_H 1
| #define HAVE_ARPA_INET_H 1
| #define HAVE_NETDB_H 1
| #define HAVE_NETINET_IN_H 1
| #define HAVE_SEMAPHORE_H 1
| #define HAVE_SYS_PARAM_H 1
| #define HAVE_SYS_SELECT_H 1
| #define HAVE_SYS_WAIT_H 1
| #define HAVE_SYS_IOCTL_H 1
| #define HAVE_SYS_UN_H 1
| #define HAVE_SYS_UIO_H 1
| #define STDC_HEADERS 1
| #define _ALL_SOURCE 1
| #define _DARWIN_C_SOURCE 1
| #define _GNU_SOURCE 1
| #define _HPUX_ALT_XOPEN_SOCKET_API 1
| #define _NETBSD_SOURCE 1
| #define _OPENBSD_SOURCE 1
| #define _POSIX_PTHREAD_SEMANTICS 1
| #define __STDC_WANT_IEC_60559_ATTRIBS_EXT__ 1
| #define __STDC_WANT_IEC_60559_BFP_EXT__ 1
| #define __STDC_WANT_IEC_60559_DFP_EXT__ 1
| #define __STDC_WANT_IEC_60559_EXT__ 1
| #define __STDC_WANT_IEC_60559_FUNCS_EXT__ 1
| #define __STDC_WANT_IEC_60559_TYPES_EXT__ 1
| #define __STDC_WANT_LIB_EXT2__ 1
| #define __STDC_WANT_MATH_SPEC_FUNCS__ 1
| #define _TANDEM_SOURCE 1
| #define __EXTENSIONS__ 1
| #define _LINUX_SOURCE_COMPAT 1
| #define __USE_MINGW_ANSI_STDIO 1
| #define HAVE_DLFCN_H 1
| #define LT_OBJDIR ".libs/"
| #define HAVE_ALLOCA_H 1
| #define HAVE_ALLOCA 1
| #define restrict __restrict__
| #define BITSIZEOF_WCHAR_T 32
| #define HAVE_MBSTATE_T 1
| #define HAVE_MBSINIT 1
| #define HAVE_MBRTOWC 1
| #define HAVE_SYMLINK 1
| #define HAVE_ISWCNTRL 1
| #define HAVE_MPROTECT 1
| #define HAVE_SNPRINTF 1
| #define HAVE_STRDUP 1
| #define HAVE_WCWIDTH 1
| #define HAVE_BTOWC 1
| #define HAVE_FCNTL 1
| #define HAVE_GETDTABLESIZE 1
| #define HAVE_GETTIMEOFDAY 1
| #define HAVE_ISBLANK 1
| #define HAVE_LSTAT 1
| #define HAVE___XPG_STRERROR_R 1
| #define HAVE_PIPE 1
| #define HAVE_PSELECT 1
| #define HAVE_PTHREAD_SIGMASK 1
| #define HAVE_SETENV 1
| #define HAVE_SLEEP 1
| #define HAVE_SHUTDOWN 1
| #define HAVE_USLEEP 1
| #define HAVE_WCRTOMB 1
| #define HAVE_WCTOB 1
| #define HAVE_LANGINFO_CODESET 1
| #define HAVE_WORKING_MBRTOC32 1
| #define HAVE_WORKING_C32RTOMB 1
| #define HAVE_WORKING_O_DIRECTORY 1
| #define HAVE_WORKING_O_NOATIME 1
| #define HAVE_WORKING_O_NOFOLLOW 1
| #define HAVE_DECL_ALARM 1
| #define HAVE_PTHREAD_API 1
| #define SETLOCALE_NULL_ALL_MTSAFE 0
| #define SETLOCALE_NULL_ONE_MTSAFE 1
| #define HAVE_WEAK_SYMBOLS 1
| #define HAVE_USELOCALE 1
| #define HAVE_WORKING_USELOCALE 1
| #define HAVE_GOOD_USELOCALE 1
| #define HAVE_ICONV 1
| #define ICONV_CONST 
| #define HAVE_WINT_T 1
| #define HAVE_LONG_LONG_INT 1
| #define HAVE_UNSIGNED_LONG_LONG_INT 1
| #define DBL_EXPBIT0_WORD 1
| #define DBL_EXPBIT0_BIT 20
| #define FLT_EXPBIT0_WORD 0
| #define FLT_EXPBIT0_BIT 23
| #define LDBL_EXPBIT0_WORD 2
| #define LDBL_EXPBIT0_BIT 0
| #define HAVE_TOWLOWER 1
| #define HAVE_LC_MESSAGES 1
| #define MUSL_LIBC 1
| #define HAVE_WEAK_SYMBOLS 1
| #define USE_POSIX_THREADS 1
| #define USE_POSIX_THREADS_WEAK 1
| #define HAVE_MALLOC_PTRDIFF 1
| #define HAVE_MALLOC_POSIX 1
| #define HAVE_MALLOC_0_NONNULL 1
| #define HAVE_MINMAX_IN_SYS_PARAM_H 1
| #define HAVE_PTHREAD_T 1
| #define HAVE_PTHREAD_SPINLOCK_T 1
| #define INSTALLPREFIX "/home/bloink/Work/unnamedlinuxdistro/fs"
| #define HAVE_DLADDR_IN_LIBC 1
| #define HAVE_SCHED_H 1
| #define HAVE_DECL_ECVT 1
| #define HAVE_DECL_FCVT 1
| #define HAVE_DECL_GCVT 1
| #define HAVE_DECL_STREQ 0
| #define HAVE_DECL_MEMEQ 0
| #define _USE_STD_STAT 1
| #define HAVE_DECL_EXECVPE 1
| #define HAVE_INTTYPES_H_WITH_UINTMAX 1
| #define HAVE_STDINT_H_WITH_UINTMAX 1
| #define HAVE_INTMAX_T 1
| #define HAVE_WCSLEN 1
| #define HAVE_SNPRINTF 1
| #define HAVE_STRNLEN 1
| #define HAVE_WCRTOMB 1
| #define HAVE_DECL__SNPRINTF 0
| #define HAVE_SNPRINTF_RETVAL_C99 1
| #define HAVE_SNPRINTF_TRUNCATION_C99 1
| #define CHECK_PRINTF_SAFE 1
| #define HAVE_DECL_WCSDUP 1
| #define HAVE_SHUTDOWN 1
| /* end confdefs.h.  */
| 
|   /* sys/types.h is not needed according to POSIX, but the
|      sys/socket.h in i386-unknown-freebsd4.10 and
|      powerpc-apple-darwin5.5 required it. */
| #include <sys/types.h>
| #ifdef HAVE_SYS_SOCKET_H
| #include <sys/socket.h>
| #endif
| #ifdef HAVE_WS2TCPIP_H
| #include <ws2tcpip.h>
| #endif
| 
| 
| int
| main (void)
| {
| if (sizeof ((struct sockaddr_storage)))
| 	    return 0;
|   ;
|   return 0;
| }
configure:38852: result: yes
configure:38872: checking for sa_family_t
configure:38872: gcc -c -g -O2  conftest.c >&5
configure:38872: $? = 0
configure:38872: gcc -c -g -O2  conftest.c >&5
conftest.c: In function 'main':
conftest.c:177:26: error: expected expression before ')' token
  177 | if (sizeof ((sa_family_t)))
      |                          ^
configure:38872: $? = 1
configure: failed program was:
| /* confdefs.h */
| #define PACKAGE_NAME "libunistring"
| #define PACKAGE_TARNAME "libunistring"
| #define PACKAGE_VERSION "dummy"
| #define PACKAGE_STRING "libunistring dummy"
| #define PACKAGE_BUGREPORT ""
| #define PACKAGE_URL ""
| #undef PACKAGE_VERSION
| #define PACKAGE_VERSION "1.4.2"
| #undef PACKAGE_STRING
| #define PACKAGE_STRING "libunistring 1.4.2"
| #define PACKAGE "libunistring"
| #define VERSION "1.4.2"
| #define HAVE_STDIO_H 1
| #define HAVE_STDLIB_H 1
| #define HAVE_STRING_H 1
| #define HAVE_INTTYPES_H 1
| #define HAVE_STDINT_H 1
| #define HAVE_STRINGS_H 1
| #define HAVE_SYS_STAT_H 1
| #define HAVE_SYS_TYPES_H 1
| #define HAVE_UNISTD_H 1
| #define HAVE_WCHAR_H 1
| #define HAVE_STDBOOL_H 1
| #define HAVE_UCHAR_H 1
| #define HAVE_THREADS_H 1
| #define HAVE_LANGINFO_H 1
| #define HAVE_ICONV_H 1
| #define HAVE_LIMITS_H 1
| #define HAVE_WCTYPE_H 1
| #define HAVE_MATH_H 1
| #define HAVE_SYS_MMAN_H 1
| #define HAVE_PTHREAD_H 1
| #define HAVE_STDCKDINT_H 1
| #define HAVE_SYS_TIME_H 1
| #define HAVE_FEATURES_H 1
| #define HAVE_SYS_SOCKET_H 1
| #define HAVE_ARPA_INET_H 1
| #define HAVE_NETDB_H 1
| #define HAVE_NETINET_IN_H 1
| #define HAVE_SEMAPHORE_H 1
| #define HAVE_SYS_PARAM_H 1
| #define HAVE_SYS_SELECT_H 1
| #define HAVE_SYS_WAIT_H 1
| #define HAVE_SYS_IOCTL_H 1
| #define HAVE_SYS_UN_H 1
| #define HAVE_SYS_UIO_H 1
| #define STDC_HEADERS 1
| #define _ALL_SOURCE 1
| #define _DARWIN_C_SOURCE 1
| #define _GNU_SOURCE 1
| #define _HPUX_ALT_XOPEN_SOCKET_API 1
| #define _NETBSD_SOURCE 1
| #define _OPENBSD_SOURCE 1
| #define _POSIX_PTHREAD_SEMANTICS 1
| #define __STDC_WANT_IEC_60559_ATTRIBS_EXT__ 1
| #define __STDC_WANT_IEC_60559_BFP_EXT__ 1
| #define __STDC_WANT_IEC_60559_DFP_EXT__ 1
| #define __STDC_WANT_IEC_60559_EXT__ 1
| #define __STDC_WANT_IEC_60559_FUNCS_EXT__ 1
| #define __STDC_WANT_IEC_60559_TYPES_EXT__ 1
| #define __STDC_WANT_LIB_EXT2__ 1
| #define __STDC_WANT_MATH_SPEC_FUNCS__ 1
| #define _TANDEM_SOURCE 1
| #define __EXTENSIONS__ 1
| #define _LINUX_SOURCE_COMPAT 1
| #define __USE_MINGW_ANSI_STDIO 1
| #define HAVE_DLFCN_H 1
| #define LT_OBJDIR ".libs/"
| #define HAVE_ALLOCA_H 1
| #define HAVE_ALLOCA 1
| #define restrict __restrict__
| #define BITSIZEOF_WCHAR_T 32
| #define HAVE_MBSTATE_T 1
| #define HAVE_MBSINIT 1
| #define HAVE_MBRTOWC 1
| #define HAVE_SYMLINK 1
| #define HAVE_ISWCNTRL 1
| #define HAVE_MPROTECT 1
| #define HAVE_SNPRINTF 1
| #define HAVE_STRDUP 1
| #define HAVE_WCWIDTH 1
| #define HAVE_BTOWC 1
| #define HAVE_FCNTL 1
| #define HAVE_GETDTABLESIZE 1
| #define HAVE_GETTIMEOFDAY 1
| #define HAVE_ISBLANK 1
| #define HAVE_LSTAT 1
| #define HAVE___XPG_STRERROR_R 1
| #define HAVE_PIPE 1
| #define HAVE_PSELECT 1
| #define HAVE_PTHREAD_SIGMASK 1
| #define HAVE_SETENV 1
| #define HAVE_SLEEP 1
| #define HAVE_SHUTDOWN 1
| #define HAVE_USLEEP 1
| #define HAVE_WCRTOMB 1
| #define HAVE_WCTOB 1
| #define HAVE_LANGINFO_CODESET 1
| #define HAVE_WORKING_MBRTOC32 1
| #define HAVE_WORKING_C32RTOMB 1
| #define HAVE_WORKING_O_DIRECTORY 1
| #define HAVE_WORKING_O_NOATIME 1
| #define HAVE_WORKING_O_NOFOLLOW 1
| #define HAVE_DECL_ALARM 1
| #define HAVE_PTHREAD_API 1
| #define SETLOCALE_NULL_ALL_MTSAFE 0
| #define SETLOCALE_NULL_ONE_MTSAFE 1
| #define HAVE_WEAK_SYMBOLS 1
| #define HAVE_USELOCALE 1
| #define HAVE_WORKING_USELOCALE 1
| #define HAVE_GOOD_USELOCALE 1
| #define HAVE_ICONV 1
| #define ICONV_CONST 
| #define HAVE_WINT_T 1
| #define HAVE_LONG_LONG_INT 1
| #define HAVE_UNSIGNED_LONG_LONG_INT 1
| #define DBL_EXPBIT0_WORD 1
| #define DBL_EXPBIT0_BIT 20
| #define FLT_EXPBIT0_WORD 0
| #define FLT_EXPBIT0_BIT 23
| #define LDBL_EXPBIT0_WORD 2
| #define LDBL_EXPBIT0_BIT 0
| #define HAVE_TOWLOWER 1
| #define HAVE_LC_MESSAGES 1
| #define MUSL_LIBC 1
| #define HAVE_WEAK_SYMBOLS 1
| #define USE_POSIX_THREADS 1
| #define USE_POSIX_THREADS_WEAK 1
| #define HAVE_MALLOC_PTRDIFF 1
| #define HAVE_MALLOC_POSIX 1
| #define HAVE_MALLOC_0_NONNULL 1
| #define HAVE_MINMAX_IN_SYS_PARAM_H 1
| #define HAVE_PTHREAD_T 1
| #define HAVE_PTHREAD_SPINLOCK_T 1
| #define INSTALLPREFIX "/home/bloink/Work/unnamedlinuxdistro/fs"
| #define HAVE_DLADDR_IN_LIBC 1
| #define HAVE_SCHED_H 1
| #define HAVE_DECL_ECVT 1
| #define HAVE_DECL_FCVT 1
| #define HAVE_DECL_GCVT 1
| #define HAVE_DECL_STREQ 0
| #define HAVE_DECL_MEMEQ 0
| #define _USE_STD_STAT 1
| #define HAVE_DECL_EXECVPE 1
| #define HAVE_INTTYPES_H_WITH_UINTMAX 1
| #define HAVE_STDINT_H_WITH_UINTMAX 1
| #define HAVE_INTMAX_T 1
| #define HAVE_WCSLEN 1
| #define HAVE_SNPRINTF 1
| #define HAVE_STRNLEN 1
| #define HAVE_WCRTOMB 1
| #define HAVE_DECL__SNPRINTF 0
| #define HAVE_SNPRINTF_RETVAL_C99 1
| #define HAVE_SNPRINTF_TRUNCATION_C99 1
| #define CHECK_PRINTF_SAFE 1
| #define HAVE_DECL_WCSDUP 1
| #define HAVE_SHUTDOWN 1
| #define HAVE_STRUCT_SOCKADDR_STORAGE 1
| /* end confdefs.h.  */
| 
|   /* sys/types.h is not needed according to POSIX, but the
|      sys/socket.h in i386-unknown-freebsd4.10 and
|      powerpc-apple-darwin5.5 required it. */
| #include <sys/types.h>
| #ifdef HAVE_SYS_SOCKET_H
| #include <sys/socket.h>
| #endif
| #ifdef HAVE_WS2TCPIP_H
| #include <ws2tcpip.h>
| #endif
| 
| 
| int
| main (void)
| {
| if (sizeof ((sa_family_t)))
| 	    return 0;
|   ;
|   return 0;
| }
configure:38872: result: yes
configure:38904: checking for struct sockaddr_storage.ss_family
configure:38904: gcc -c -g -O2  conftest.c >&5
configure:38904: $? = 0
configure:38904: result: yes
configure:39155: checking for a french Unicode locale
configure:39287: result: fr_FR.UTF-8
configure:39321: checking for a turkish Unicode locale
configure:39394: gcc -o conftest -g -O2   conftest.c  >&5
configure:39397: $? = 0
configure:39447: result: none
configure:39680: checking if environ is properly declared
configure:39704: gcc -c -g -O2  conftest.c >&5
conftest.c:170:26: error: conflicting types for 'environ'; have 'foo_t'
  170 |             extern foo_t environ;
      |                          ^~~~~~~
In file included from /usr/include/fortify/unistd.h:23,
                 from conftest.c:164:
/usr/include/unistd.h:188:15: note: previous declaration of 'environ' with type 'char **'
  188 | extern char **environ;
      |               ^~~~~~~
configure:39704: $? = 1
configure: failed program was:
| /* confdefs.h */
| #define PACKAGE_NAME "libunistring"
| #define PACKAGE_TARNAME "libunistring"
| #define PACKAGE_VERSION "dummy"
| #define PACKAGE_STRING "libunistring dummy"
| #define PACKAGE_BUGREPORT ""
| #define PACKAGE_URL ""
| #undef PACKAGE_VERSION
| #define PACKAGE_VERSION "1.4.2"
| #undef PACKAGE_STRING
| #define PACKAGE_STRING "libunistring 1.4.2"
| #define PACKAGE "libunistring"
| #define VERSION "1.4.2"
| #define HAVE_STDIO_H 1
| #define HAVE_STDLIB_H 1
| #define HAVE_STRING_H 1
| #define HAVE_INTTYPES_H 1
| #define HAVE_STDINT_H 1
| #define HAVE_STRINGS_H 1
| #define HAVE_SYS_STAT_H 1
| #define HAVE_SYS_TYPES_H 1
| #define HAVE_UNISTD_H 1
| #define HAVE_WCHAR_H 1
| #define HAVE_STDBOOL_H 1
| #define HAVE_UCHAR_H 1
| #define HAVE_THREADS_H 1
| #define HAVE_LANGINFO_H 1
| #define HAVE_ICONV_H 1
| #define HAVE_LIMITS_H 1
| #define HAVE_WCTYPE_H 1
| #define HAVE_MATH_H 1
| #define HAVE_SYS_MMAN_H 1
| #define HAVE_PTHREAD_H 1
| #define HAVE_STDCKDINT_H 1
| #define HAVE_SYS_TIME_H 1
| #define HAVE_FEATURES_H 1
| #define HAVE_SYS_SOCKET_H 1
| #define HAVE_ARPA_INET_H 1
| #define HAVE_NETDB_H 1
| #define HAVE_NETINET_IN_H 1
| #define HAVE_SEMAPHORE_H 1
| #define HAVE_SYS_PARAM_H 1
| #define HAVE_SYS_SELECT_H 1
| #define HAVE_SYS_WAIT_H 1
| #define HAVE_SYS_IOCTL_H 1
| #define HAVE_SYS_UN_H 1
| #define HAVE_SYS_UIO_H 1
| #define STDC_HEADERS 1
| #define _ALL_SOURCE 1
| #define _DARWIN_C_SOURCE 1
| #define _GNU_SOURCE 1
| #define _HPUX_ALT_XOPEN_SOCKET_API 1
| #define _NETBSD_SOURCE 1
| #define _OPENBSD_SOURCE 1
| #define _POSIX_PTHREAD_SEMANTICS 1
| #define __STDC_WANT_IEC_60559_ATTRIBS_EXT__ 1
| #define __STDC_WANT_IEC_60559_BFP_EXT__ 1
| #define __STDC_WANT_IEC_60559_DFP_EXT__ 1
| #define __STDC_WANT_IEC_60559_EXT__ 1
| #define __STDC_WANT_IEC_60559_FUNCS_EXT__ 1
| #define __STDC_WANT_IEC_60559_TYPES_EXT__ 1
| #define __STDC_WANT_LIB_EXT2__ 1
| #define __STDC_WANT_MATH_SPEC_FUNCS__ 1
| #define _TANDEM_SOURCE 1
| #define __EXTENSIONS__ 1
| #define _LINUX_SOURCE_COMPAT 1
| #define __USE_MINGW_ANSI_STDIO 1
| #define HAVE_DLFCN_H 1
| #define LT_OBJDIR ".libs/"
| #define HAVE_ALLOCA_H 1
| #define HAVE_ALLOCA 1
| #define restrict __restrict__
| #define BITSIZEOF_WCHAR_T 32
| #define HAVE_MBSTATE_T 1
| #define HAVE_MBSINIT 1
| #define HAVE_MBRTOWC 1
| #define HAVE_SYMLINK 1
| #define HAVE_ISWCNTRL 1
| #define HAVE_MPROTECT 1
| #define HAVE_SNPRINTF 1
| #define HAVE_STRDUP 1
| #define HAVE_WCWIDTH 1
| #define HAVE_BTOWC 1
| #define HAVE_FCNTL 1
| #define HAVE_GETDTABLESIZE 1
| #define HAVE_GETTIMEOFDAY 1
| #define HAVE_ISBLANK 1
| #define HAVE_LSTAT 1
| #define HAVE___XPG_STRERROR_R 1
| #define HAVE_PIPE 1
| #define HAVE_PSELECT 1
| #define HAVE_PTHREAD_SIGMASK 1
| #define HAVE_SETENV 1
| #define HAVE_SLEEP 1
| #define HAVE_SHUTDOWN 1
| #define HAVE_USLEEP 1
| #define HAVE_WCRTOMB 1
| #define HAVE_WCTOB 1
| #define HAVE_LANGINFO_CODESET 1
| #define HAVE_WORKING_MBRTOC32 1
| #define HAVE_WORKING_C32RTOMB 1
| #define HAVE_WORKING_O_DIRECTORY 1
| #define HAVE_WORKING_O_NOATIME 1
| #define HAVE_WORKING_O_NOFOLLOW 1
| #define HAVE_DECL_ALARM 1
| #define HAVE_PTHREAD_API 1
| #define SETLOCALE_NULL_ALL_MTSAFE 0
| #define SETLOCALE_NULL_ONE_MTSAFE 1
| #define HAVE_WEAK_SYMBOLS 1
| #define HAVE_USELOCALE 1
| #define HAVE_WORKING_USELOCALE 1
| #define HAVE_GOOD_USELOCALE 1
| #define HAVE_ICONV 1
| #define ICONV_CONST 
| #define HAVE_WINT_T 1
| #define HAVE_LONG_LONG_INT 1
| #define HAVE_UNSIGNED_LONG_LONG_INT 1
| #define DBL_EXPBIT0_WORD 1
| #define DBL_EXPBIT0_BIT 20
| #define FLT_EXPBIT0_WORD 0
| #define FLT_EXPBIT0_BIT 23
| #define LDBL_EXPBIT0_WORD 2
| #define LDBL_EXPBIT0_BIT 0
| #define HAVE_TOWLOWER 1
| #define HAVE_LC_MESSAGES 1
| #define MUSL_LIBC 1
| #define HAVE_WEAK_SYMBOLS 1
| #define USE_POSIX_THREADS 1
| #define USE_POSIX_THREADS_WEAK 1
| #define HAVE_MALLOC_PTRDIFF 1
| #define HAVE_MALLOC_POSIX 1
| #define HAVE_MALLOC_0_NONNULL 1
| #define HAVE_MINMAX_IN_SYS_PARAM_H 1
| #define HAVE_PTHREAD_T 1
| #define HAVE_PTHREAD_SPINLOCK_T 1
| #define INSTALLPREFIX "/home/bloink/Work/unnamedlinuxdistro/fs"
| #define HAVE_DLADDR_IN_LIBC 1
| #define HAVE_SCHED_H 1
| #define HAVE_DECL_ECVT 1
| #define HAVE_DECL_FCVT 1
| #define HAVE_DECL_GCVT 1
| #define HAVE_DECL_STREQ 0
| #define HAVE_DECL_MEMEQ 0
| #define _USE_STD_STAT 1
| #define HAVE_DECL_EXECVPE 1
| #define HAVE_INTTYPES_H_WITH_UINTMAX 1
| #define HAVE_STDINT_H_WITH_UINTMAX 1
| #define HAVE_INTMAX_T 1
| #define HAVE_WCSLEN 1
| #define HAVE_SNPRINTF 1
| #define HAVE_STRNLEN 1
| #define HAVE_WCRTOMB 1
| #define HAVE_DECL__SNPRINTF 0
| #define HAVE_SNPRINTF_RETVAL_C99 1
| #define HAVE_SNPRINTF_TRUNCATION_C99 1
| #define CHECK_PRINTF_SAFE 1
| #define HAVE_DECL_WCSDUP 1
| #define HAVE_SHUTDOWN 1
| #define HAVE_STRUCT_SOCKADDR_STORAGE 1
| #define HAVE_SA_FAMILY_T 1
| #define HAVE_STRUCT_SOCKADDR_STORAGE_SS_FAMILY 1
| /* end confdefs.h.  */
| #if HAVE_UNISTD_H
|      #include <unistd.h>
|      #endif
|      /* mingw, BeOS, Haiku declare environ in <stdlib.h>, not in <unistd.h>.  */
|      #include <stdlib.h>
| 
|             typedef struct { int foo; } foo_t;
|             extern foo_t environ;
| int
| main (void)
| {
| environ.foo = 1;
|   ;
|   return 0;
| }
configure:39714: result: yes
configure:39821: checking for error
configure:39858: checking for error
configure:39858: gcc -o conftest -g -O2   conftest.c  >&5
/usr/lib/gcc/x86_64-alpine-linux-musl/15.2.0/../../../../x86_64-alpine-linux-musl/bin/ld: /tmp/cclAEHhH.o: in function `main':
/home/bloink/Work/unnamedlinuxdistro/libunistring/conftest.c:191:(.text.startup+0x5): undefined reference to `error'
collect2: error: ld returned 1 exit status
configure:39858: $? = 1
configure: failed program was:
| /* confdefs.h */
| #define PACKAGE_NAME "libunistring"
| #define PACKAGE_TARNAME "libunistring"
| #define PACKAGE_VERSION "dummy"
| #define PACKAGE_STRING "libunistring dummy"
| #define PACKAGE_BUGREPORT ""
| #define PACKAGE_URL ""
| #undef PACKAGE_VERSION
| #define PACKAGE_VERSION "1.4.2"
| #undef PACKAGE_STRING
| #define PACKAGE_STRING "libunistring 1.4.2"
| #define PACKAGE "libunistring"
| #define VERSION "1.4.2"
| #define HAVE_STDIO_H 1
| #define HAVE_STDLIB_H 1
| #define HAVE_STRING_H 1
| #define HAVE_INTTYPES_H 1
| #define HAVE_STDINT_H 1
| #define HAVE_STRINGS_H 1
| #define HAVE_SYS_STAT_H 1
| #define HAVE_SYS_TYPES_H 1
| #define HAVE_UNISTD_H 1
| #define HAVE_WCHAR_H 1
| #define HAVE_STDBOOL_H 1
| #define HAVE_UCHAR_H 1
| #define HAVE_THREADS_H 1
| #define HAVE_LANGINFO_H 1
| #define HAVE_ICONV_H 1
| #define HAVE_LIMITS_H 1
| #define HAVE_WCTYPE_H 1
| #define HAVE_MATH_H 1
| #define HAVE_SYS_MMAN_H 1
| #define HAVE_PTHREAD_H 1
| #define HAVE_STDCKDINT_H 1
| #define HAVE_SYS_TIME_H 1
| #define HAVE_FEATURES_H 1
| #define HAVE_SYS_SOCKET_H 1
| #define HAVE_ARPA_INET_H 1
| #define HAVE_NETDB_H 1
| #define HAVE_NETINET_IN_H 1
| #define HAVE_SEMAPHORE_H 1
| #define HAVE_SYS_PARAM_H 1
| #define HAVE_SYS_SELECT_H 1
| #define HAVE_SYS_WAIT_H 1
| #define HAVE_SYS_IOCTL_H 1
| #define HAVE_SYS_UN_H 1
| #define HAVE_SYS_UIO_H 1
| #define STDC_HEADERS 1
| #define _ALL_SOURCE 1
| #define _DARWIN_C_SOURCE 1
| #define _GNU_SOURCE 1
| #define _HPUX_ALT_XOPEN_SOCKET_API 1
| #define _NETBSD_SOURCE 1
| #define _OPENBSD_SOURCE 1
| #define _POSIX_PTHREAD_SEMANTICS 1
| #define __STDC_WANT_IEC_60559_ATTRIBS_EXT__ 1
| #define __STDC_WANT_IEC_60559_BFP_EXT__ 1
| #define __STDC_WANT_IEC_60559_DFP_EXT__ 1
| #define __STDC_WANT_IEC_60559_EXT__ 1
| #define __STDC_WANT_IEC_60559_FUNCS_EXT__ 1
| #define __STDC_WANT_IEC_60559_TYPES_EXT__ 1
| #define __STDC_WANT_LIB_EXT2__ 1
| #define __STDC_WANT_MATH_SPEC_FUNCS__ 1
| #define _TANDEM_SOURCE 1
| #define __EXTENSIONS__ 1
| #define _LINUX_SOURCE_COMPAT 1
| #define __USE_MINGW_ANSI_STDIO 1
| #define HAVE_DLFCN_H 1
| #define LT_OBJDIR ".libs/"
| #define HAVE_ALLOCA_H 1
| #define HAVE_ALLOCA 1
| #define restrict __restrict__
| #define BITSIZEOF_WCHAR_T 32
| #define HAVE_MBSTATE_T 1
| #define HAVE_MBSINIT 1
| #define HAVE_MBRTOWC 1
| #define HAVE_SYMLINK 1
| #define HAVE_ISWCNTRL 1
| #define HAVE_MPROTECT 1
| #define HAVE_SNPRINTF 1
| #define HAVE_STRDUP 1
| #define HAVE_WCWIDTH 1
| #define HAVE_BTOWC 1
| #define HAVE_FCNTL 1
| #define HAVE_GETDTABLESIZE 1
| #define HAVE_GETTIMEOFDAY 1
| #define HAVE_ISBLANK 1
| #define HAVE_LSTAT 1
| #define HAVE___XPG_STRERROR_R 1
| #define HAVE_PIPE 1
| #define HAVE_PSELECT 1
| #define HAVE_PTHREAD_SIGMASK 1
| #define HAVE_SETENV 1
| #define HAVE_SLEEP 1
| #define HAVE_SHUTDOWN 1
| #define HAVE_USLEEP 1
| #define HAVE_WCRTOMB 1
| #define HAVE_WCTOB 1
| #define HAVE_LANGINFO_CODESET 1
| #define HAVE_WORKING_MBRTOC32 1
| #define HAVE_WORKING_C32RTOMB 1
| #define HAVE_WORKING_O_DIRECTORY 1
| #define HAVE_WORKING_O_NOATIME 1
| #define HAVE_WORKING_O_NOFOLLOW 1
| #define HAVE_DECL_ALARM 1
| #define HAVE_PTHREAD_API 1
| #define SETLOCALE_NULL_ALL_MTSAFE 0
| #define SETLOCALE_NULL_ONE_MTSAFE 1
| #define HAVE_WEAK_SYMBOLS 1
| #define HAVE_USELOCALE 1
| #define HAVE_WORKING_USELOCALE 1
| #define HAVE_GOOD_USELOCALE 1
| #define HAVE_ICONV 1
| #define ICONV_CONST 
| #define HAVE_WINT_T 1
| #define HAVE_LONG_LONG_INT 1
| #define HAVE_UNSIGNED_LONG_LONG_INT 1
| #define DBL_EXPBIT0_WORD 1
| #define DBL_EXPBIT0_BIT 20
| #define FLT_EXPBIT0_WORD 0
| #define FLT_EXPBIT0_BIT 23
| #define LDBL_EXPBIT0_WORD 2
| #define LDBL_EXPBIT0_BIT 0
| #define HAVE_TOWLOWER 1
| #define HAVE_LC_MESSAGES 1
| #define MUSL_LIBC 1
| #define HAVE_WEAK_SYMBOLS 1
| #define USE_POSIX_THREADS 1
| #define USE_POSIX_THREADS_WEAK 1
| #define HAVE_MALLOC_PTRDIFF 1
| #define HAVE_MALLOC_POSIX 1
| #define HAVE_MALLOC_0_NONNULL 1
| #define HAVE_MINMAX_IN_SYS_PARAM_H 1
| #define HAVE_PTHREAD_T 1
| #define HAVE_PTHREAD_SPINLOCK_T 1
| #define INSTALLPREFIX "/home/bloink/Work/unnamedlinuxdistro/fs"
| #define HAVE_DLADDR_IN_LIBC 1
| #define HAVE_SCHED_H 1
| #define HAVE_DECL_ECVT 1
| #define HAVE_DECL_FCVT 1
| #define HAVE_DECL_GCVT 1
| #define HAVE_DECL_STREQ 0
| #define HAVE_DECL_MEMEQ 0
| #define _USE_STD_STAT 1
| #define HAVE_DECL_EXECVPE 1
| #define HAVE_INTTYPES_H_WITH_UINTMAX 1
| #define HAVE_STDINT_H_WITH_UINTMAX 1
| #define HAVE_INTMAX_T 1
| #define HAVE_WCSLEN 1
| #define HAVE_SNPRINTF 1
| #define HAVE_STRNLEN 1
| #define HAVE_WCRTOMB 1
| #define HAVE_DECL__SNPRINTF 0
| #define HAVE_SNPRINTF_RETVAL_C99 1
| #define HAVE_SNPRINTF_TRUNCATION_C99 1
| #define CHECK_PRINTF_SAFE 1
| #define HAVE_DECL_WCSDUP 1
| #define HAVE_SHUTDOWN 1
| #define HAVE_STRUCT_SOCKADDR_STORAGE 1
| #define HAVE_SA_FAMILY_T 1
| #define HAVE_STRUCT_SOCKADDR_STORAGE_SS_FAMILY 1
| #define HAVE_ENVIRON_DECL 1
| /* end confdefs.h.  */
| /* Define error to an innocuous variant, in case <limits.h> declares error.
|    For example, HP-UX 11i <limits.h> declares gettimeofday.  */
| #define error innocuous_error
| 
| /* System header to define __stub macros and hopefully few prototypes,
|    which can conflict with char error (void); below.  */
| 
| #include <limits.h>
| #undef error
| 
| /* Override any GCC internal prototype to avoid an error.
|    Use char because int might match the return type of a GCC
|    builtin and then its argument prototype would still apply.  */
| #ifdef __cplusplus
| extern "C"
| #endif
| char error (void);
| /* The GNU C library defines this for functions which it implements
|     to always fail with ENOSYS.  Some functions are actually named
|     something starting with __ and the normal name is an alias.  */
| #if defined __stub_error || defined __stub___error
| choke me
| #endif
| 
| int
| main (void)
| {
| return error ();
|   ;
|   return 0;
| }
configure:39858: result: no
configure:39874: result: no
configure:39897: checking whether error_at_line is declared
configure:39897: gcc -c -g -O2   conftest.c >&5
conftest.c:164:10: fatal error: error.h: No such file or directory
  164 | #include <error.h>
      |          ^~~~~~~~~
compilation terminated.
configure:39897: $? = 1
configure: failed program was:
| /* confdefs.h */
| #define PACKAGE_NAME "libunistring"
| #define PACKAGE_TARNAME "libunistring"
| #define PACKAGE_VERSION "dummy"
| #define PACKAGE_STRING "libunistring dummy"
| #define PACKAGE_BUGREPORT ""
| #define PACKAGE_URL ""
| #undef PACKAGE_VERSION
| #define PACKAGE_VERSION "1.4.2"
| #undef PACKAGE_STRING
| #define PACKAGE_STRING "libunistring 1.4.2"
| #define PACKAGE "libunistring"
| #define VERSION "1.4.2"
| #define HAVE_STDIO_H 1
| #define HAVE_STDLIB_H 1
| #define HAVE_STRING_H 1
| #define HAVE_INTTYPES_H 1
| #define HAVE_STDINT_H 1
| #define HAVE_STRINGS_H 1
| #define HAVE_SYS_STAT_H 1
| #define HAVE_SYS_TYPES_H 1
| #define HAVE_UNISTD_H 1
| #define HAVE_WCHAR_H 1
| #define HAVE_STDBOOL_H 1
| #define HAVE_UCHAR_H 1
| #define HAVE_THREADS_H 1
| #define HAVE_LANGINFO_H 1
| #define HAVE_ICONV_H 1
| #define HAVE_LIMITS_H 1
| #define HAVE_WCTYPE_H 1
| #define HAVE_MATH_H 1
| #define HAVE_SYS_MMAN_H 1
| #define HAVE_PTHREAD_H 1
| #define HAVE_STDCKDINT_H 1
| #define HAVE_SYS_TIME_H 1
| #define HAVE_FEATURES_H 1
| #define HAVE_SYS_SOCKET_H 1
| #define HAVE_ARPA_INET_H 1
| #define HAVE_NETDB_H 1
| #define HAVE_NETINET_IN_H 1
| #define HAVE_SEMAPHORE_H 1
| #define HAVE_SYS_PARAM_H 1
| #define HAVE_SYS_SELECT_H 1
| #define HAVE_SYS_WAIT_H 1
| #define HAVE_SYS_IOCTL_H 1
| #define HAVE_SYS_UN_H 1
| #define HAVE_SYS_UIO_H 1
| #define STDC_HEADERS 1
| #define _ALL_SOURCE 1
| #define _DARWIN_C_SOURCE 1
| #define _GNU_SOURCE 1
| #define _HPUX_ALT_XOPEN_SOCKET_API 1
| #define _NETBSD_SOURCE 1
| #define _OPENBSD_SOURCE 1
| #define _POSIX_PTHREAD_SEMANTICS 1
| #define __STDC_WANT_IEC_60559_ATTRIBS_EXT__ 1
| #define __STDC_WANT_IEC_60559_BFP_EXT__ 1
| #define __STDC_WANT_IEC_60559_DFP_EXT__ 1
| #define __STDC_WANT_IEC_60559_EXT__ 1
| #define __STDC_WANT_IEC_60559_FUNCS_EXT__ 1
| #define __STDC_WANT_IEC_60559_TYPES_EXT__ 1
| #define __STDC_WANT_LIB_EXT2__ 1
| #define __STDC_WANT_MATH_SPEC_FUNCS__ 1
| #define _TANDEM_SOURCE 1
| #define __EXTENSIONS__ 1
| #define _LINUX_SOURCE_COMPAT 1
| #define __USE_MINGW_ANSI_STDIO 1
| #define HAVE_DLFCN_H 1
| #define LT_OBJDIR ".libs/"
| #define HAVE_ALLOCA_H 1
| #define HAVE_ALLOCA 1
| #define restrict __restrict__
| #define BITSIZEOF_WCHAR_T 32
| #define HAVE_MBSTATE_T 1
| #define HAVE_MBSINIT 1
| #define HAVE_MBRTOWC 1
| #define HAVE_SYMLINK 1
| #define HAVE_ISWCNTRL 1
| #define HAVE_MPROTECT 1
| #define HAVE_SNPRINTF 1
| #define HAVE_STRDUP 1
| #define HAVE_WCWIDTH 1
| #define HAVE_BTOWC 1
| #define HAVE_FCNTL 1
| #define HAVE_GETDTABLESIZE 1
| #define HAVE_GETTIMEOFDAY 1
| #define HAVE_ISBLANK 1
| #define HAVE_LSTAT 1
| #define HAVE___XPG_STRERROR_R 1
| #define HAVE_PIPE 1
| #define HAVE_PSELECT 1
| #define HAVE_PTHREAD_SIGMASK 1
| #define HAVE_SETENV 1
| #define HAVE_SLEEP 1
| #define HAVE_SHUTDOWN 1
| #define HAVE_USLEEP 1
| #define HAVE_WCRTOMB 1
| #define HAVE_WCTOB 1
| #define HAVE_LANGINFO_CODESET 1
| #define HAVE_WORKING_MBRTOC32 1
| #define HAVE_WORKING_C32RTOMB 1
| #define HAVE_WORKING_O_DIRECTORY 1
| #define HAVE_WORKING_O_NOATIME 1
| #define HAVE_WORKING_O_NOFOLLOW 1
| #define HAVE_DECL_ALARM 1
| #define HAVE_PTHREAD_API 1
| #define SETLOCALE_NULL_ALL_MTSAFE 0
| #define SETLOCALE_NULL_ONE_MTSAFE 1
| #define HAVE_WEAK_SYMBOLS 1
| #define HAVE_USELOCALE 1
| #define HAVE_WORKING_USELOCALE 1
| #define HAVE_GOOD_USELOCALE 1
| #define HAVE_ICONV 1
| #define ICONV_CONST 
| #define HAVE_WINT_T 1
| #define HAVE_LONG_LONG_INT 1
| #define HAVE_UNSIGNED_LONG_LONG_INT 1
| #define DBL_EXPBIT0_WORD 1
| #define DBL_EXPBIT0_BIT 20
| #define FLT_EXPBIT0_WORD 0
| #define FLT_EXPBIT0_BIT 23
| #define LDBL_EXPBIT0_WORD 2
| #define LDBL_EXPBIT0_BIT 0
| #define HAVE_TOWLOWER 1
| #define HAVE_LC_MESSAGES 1
| #define MUSL_LIBC 1
| #define HAVE_WEAK_SYMBOLS 1
| #define USE_POSIX_THREADS 1
| #define USE_POSIX_THREADS_WEAK 1
| #define HAVE_MALLOC_PTRDIFF 1
| #define HAVE_MALLOC_POSIX 1
| #define HAVE_MALLOC_0_NONNULL 1
| #define HAVE_MINMAX_IN_SYS_PARAM_H 1
| #define HAVE_PTHREAD_T 1
| #define HAVE_PTHREAD_SPINLOCK_T 1
| #define INSTALLPREFIX "/home/bloink/Work/unnamedlinuxdistro/fs"
| #define HAVE_DLADDR_IN_LIBC 1
| #define HAVE_SCHED_H 1
| #define HAVE_DECL_ECVT 1
| #define HAVE_DECL_FCVT 1
| #define HAVE_DECL_GCVT 1
| #define HAVE_DECL_STREQ 0
| #define HAVE_DECL_MEMEQ 0
| #define _USE_STD_STAT 1
| #define HAVE_DECL_EXECVPE 1
| #define HAVE_INTTYPES_H_WITH_UINTMAX 1
| #define HAVE_STDINT_H_WITH_UINTMAX 1
| #define HAVE_INTMAX_T 1
| #define HAVE_WCSLEN 1
| #define HAVE_SNPRINTF 1
| #define HAVE_STRNLEN 1
| #define HAVE_WCRTOMB 1
| #define HAVE_DECL__SNPRINTF 0
| #define HAVE_SNPRINTF_RETVAL_C99 1
| #define HAVE_SNPRINTF_TRUNCATION_C99 1
| #define CHECK_PRINTF_SAFE 1
| #define HAVE_DECL_WCSDUP 1
| #define HAVE_SHUTDOWN 1
| #define HAVE_STRUCT_SOCKADDR_STORAGE 1
| #define HAVE_SA_FAMILY_T 1
| #define HAVE_STRUCT_SOCKADDR_STORAGE_SS_FAMILY 1
| #define HAVE_ENVIRON_DECL 1
| /* end confdefs.h.  */
| #include <error.h>
| 
| int
| main (void)
| {
| #ifndef error_at_line
| #ifdef __cplusplus
|   (void) error_at_line;
| #else
|   (void) error_at_line;
| #endif
| #endif
| 
|   ;
|   return 0;
| }
configure:39897: result: no
configure:40051: checking whether strerror_r is declared
configure:40051: gcc -c -g -O2   conftest.c >&5
configure:40051: $? = 0
configure:40051: result: yes
configure:40071: checking whether strerror_r returns char *
configure:40096: gcc -c -g -O2  conftest.c >&5
conftest.c: In function 'main':
conftest.c:172:20: error: invalid type argument of unary '*' (have 'int')
  172 |           char x = *strerror_r (0, buf, sizeof buf);
      |                    ^~~~~~~~~~~~~~~~~~~~~~~~~~~~~~~~
conftest.c:173:21: error: initialization of 'char *' from 'int' makes pointer from integer without a cast [-Wint-conversion]
  173 |           char *p = strerror_r (0, buf, sizeof buf);
      |                     ^~~~~~~~~~
configure:40096: $? = 1
configure: failed program was:
| /* confdefs.h */
| #define PACKAGE_NAME "libunistring"
| #define PACKAGE_TARNAME "libunistring"
| #define PACKAGE_VERSION "dummy"
| #define PACKAGE_STRING "libunistring dummy"
| #define PACKAGE_BUGREPORT ""
| #define PACKAGE_URL ""
| #undef PACKAGE_VERSION
| #define PACKAGE_VERSION "1.4.2"
| #undef PACKAGE_STRING
| #define PACKAGE_STRING "libunistring 1.4.2"
| #define PACKAGE "libunistring"
| #define VERSION "1.4.2"
| #define HAVE_STDIO_H 1
| #define HAVE_STDLIB_H 1
| #define HAVE_STRING_H 1
| #define HAVE_INTTYPES_H 1
| #define HAVE_STDINT_H 1
| #define HAVE_STRINGS_H 1
| #define HAVE_SYS_STAT_H 1
| #define HAVE_SYS_TYPES_H 1
| #define HAVE_UNISTD_H 1
| #define HAVE_WCHAR_H 1
| #define HAVE_STDBOOL_H 1
| #define HAVE_UCHAR_H 1
| #define HAVE_THREADS_H 1
| #define HAVE_LANGINFO_H 1
| #define HAVE_ICONV_H 1
| #define HAVE_LIMITS_H 1
| #define HAVE_WCTYPE_H 1
| #define HAVE_MATH_H 1
| #define HAVE_SYS_MMAN_H 1
| #define HAVE_PTHREAD_H 1
| #define HAVE_STDCKDINT_H 1
| #define HAVE_SYS_TIME_H 1
| #define HAVE_FEATURES_H 1
| #define HAVE_SYS_SOCKET_H 1
| #define HAVE_ARPA_INET_H 1
| #define HAVE_NETDB_H 1
| #define HAVE_NETINET_IN_H 1
| #define HAVE_SEMAPHORE_H 1
| #define HAVE_SYS_PARAM_H 1
| #define HAVE_SYS_SELECT_H 1
| #define HAVE_SYS_WAIT_H 1
| #define HAVE_SYS_IOCTL_H 1
| #define HAVE_SYS_UN_H 1
| #define HAVE_SYS_UIO_H 1
| #define STDC_HEADERS 1
| #define _ALL_SOURCE 1
| #define _DARWIN_C_SOURCE 1
| #define _GNU_SOURCE 1
| #define _HPUX_ALT_XOPEN_SOCKET_API 1
| #define _NETBSD_SOURCE 1
| #define _OPENBSD_SOURCE 1
| #define _POSIX_PTHREAD_SEMANTICS 1
| #define __STDC_WANT_IEC_60559_ATTRIBS_EXT__ 1
| #define __STDC_WANT_IEC_60559_BFP_EXT__ 1
| #define __STDC_WANT_IEC_60559_DFP_EXT__ 1
| #define __STDC_WANT_IEC_60559_EXT__ 1
| #define __STDC_WANT_IEC_60559_FUNCS_EXT__ 1
| #define __STDC_WANT_IEC_60559_TYPES_EXT__ 1
| #define __STDC_WANT_LIB_EXT2__ 1
| #define __STDC_WANT_MATH_SPEC_FUNCS__ 1
| #define _TANDEM_SOURCE 1
| #define __EXTENSIONS__ 1
| #define _LINUX_SOURCE_COMPAT 1
| #define __USE_MINGW_ANSI_STDIO 1
| #define HAVE_DLFCN_H 1
| #define LT_OBJDIR ".libs/"
| #define HAVE_ALLOCA_H 1
| #define HAVE_ALLOCA 1
| #define restrict __restrict__
| #define BITSIZEOF_WCHAR_T 32
| #define HAVE_MBSTATE_T 1
| #define HAVE_MBSINIT 1
| #define HAVE_MBRTOWC 1
| #define HAVE_SYMLINK 1
| #define HAVE_ISWCNTRL 1
| #define HAVE_MPROTECT 1
| #define HAVE_SNPRINTF 1
| #define HAVE_STRDUP 1
| #define HAVE_WCWIDTH 1
| #define HAVE_BTOWC 1
| #define HAVE_FCNTL 1
| #define HAVE_GETDTABLESIZE 1
| #define HAVE_GETTIMEOFDAY 1
| #define HAVE_ISBLANK 1
| #define HAVE_LSTAT 1
| #define HAVE___XPG_STRERROR_R 1
| #define HAVE_PIPE 1
| #define HAVE_PSELECT 1
| #define HAVE_PTHREAD_SIGMASK 1
| #define HAVE_SETENV 1
| #define HAVE_SLEEP 1
| #define HAVE_SHUTDOWN 1
| #define HAVE_USLEEP 1
| #define HAVE_WCRTOMB 1
| #define HAVE_WCTOB 1
| #define HAVE_LANGINFO_CODESET 1
| #define HAVE_WORKING_MBRTOC32 1
| #define HAVE_WORKING_C32RTOMB 1
| #define HAVE_WORKING_O_DIRECTORY 1
| #define HAVE_WORKING_O_NOATIME 1
| #define HAVE_WORKING_O_NOFOLLOW 1
| #define HAVE_DECL_ALARM 1
| #define HAVE_PTHREAD_API 1
| #define SETLOCALE_NULL_ALL_MTSAFE 0
| #define SETLOCALE_NULL_ONE_MTSAFE 1
| #define HAVE_WEAK_SYMBOLS 1
| #define HAVE_USELOCALE 1
| #define HAVE_WORKING_USELOCALE 1
| #define HAVE_GOOD_USELOCALE 1
| #define HAVE_ICONV 1
| #define ICONV_CONST 
| #define HAVE_WINT_T 1
| #define HAVE_LONG_LONG_INT 1
| #define HAVE_UNSIGNED_LONG_LONG_INT 1
| #define DBL_EXPBIT0_WORD 1
| #define DBL_EXPBIT0_BIT 20
| #define FLT_EXPBIT0_WORD 0
| #define FLT_EXPBIT0_BIT 23
| #define LDBL_EXPBIT0_WORD 2
| #define LDBL_EXPBIT0_BIT 0
| #define HAVE_TOWLOWER 1
| #define HAVE_LC_MESSAGES 1
| #define MUSL_LIBC 1
| #define HAVE_WEAK_SYMBOLS 1
| #define USE_POSIX_THREADS 1
| #define USE_POSIX_THREADS_WEAK 1
| #define HAVE_MALLOC_PTRDIFF 1
| #define HAVE_MALLOC_POSIX 1
| #define HAVE_MALLOC_0_NONNULL 1
| #define HAVE_MINMAX_IN_SYS_PARAM_H 1
| #define HAVE_PTHREAD_T 1
| #define HAVE_PTHREAD_SPINLOCK_T 1
| #define INSTALLPREFIX "/home/bloink/Work/unnamedlinuxdistro/fs"
| #define HAVE_DLADDR_IN_LIBC 1
| #define HAVE_SCHED_H 1
| #define HAVE_DECL_ECVT 1
| #define HAVE_DECL_FCVT 1
| #define HAVE_DECL_GCVT 1
| #define HAVE_DECL_STREQ 0
| #define HAVE_DECL_MEMEQ 0
| #define _USE_STD_STAT 1
| #define HAVE_DECL_EXECVPE 1
| #define HAVE_INTTYPES_H_WITH_UINTMAX 1
| #define HAVE_STDINT_H_WITH_UINTMAX 1
| #define HAVE_INTMAX_T 1
| #define HAVE_WCSLEN 1
| #define HAVE_SNPRINTF 1
| #define HAVE_STRNLEN 1
| #define HAVE_WCRTOMB 1
| #define HAVE_DECL__SNPRINTF 0
| #define HAVE_SNPRINTF_RETVAL_C99 1
| #define HAVE_SNPRINTF_TRUNCATION_C99 1
| #define CHECK_PRINTF_SAFE 1
| #define HAVE_DECL_WCSDUP 1
| #define HAVE_SHUTDOWN 1
| #define HAVE_STRUCT_SOCKADDR_STORAGE 1
| #define HAVE_SA_FAMILY_T 1
| #define HAVE_STRUCT_SOCKADDR_STORAGE_SS_FAMILY 1
| #define HAVE_ENVIRON_DECL 1
| #define HAVE_DECL_STRERROR_R 1
| #define HAVE_STRERROR_R 1
| /* end confdefs.h.  */
| #include <string.h>
| int
| main (void)
| {
| 
| 	  char buf[100];
| 	  char x = *strerror_r (0, buf, sizeof buf);
| 	  char *p = strerror_r (0, buf, sizeof buf);
| 	  return !p || x;
| 
|   ;
|   return 0;
| }
configure:40106: result: no
configure:40486: checking whether stat file-mode macros are broken
configure:40514: gcc -c -g -O2  conftest.c >&5
configure:40514: $? = 0
configure:40524: result: no
configure:40630: checking for nlink_t
configure:40630: gcc -c -g -O2  conftest.c >&5
configure:40630: $? = 0
configure:40630: gcc -c -g -O2  conftest.c >&5
conftest.c: In function 'main':
conftest.c:172:22: error: expected expression before ')' token
  172 | if (sizeof ((nlink_t)))
      |                      ^
configure:40630: $? = 1
configure: failed program was:
| /* confdefs.h */
| #define PACKAGE_NAME "libunistring"
| #define PACKAGE_TARNAME "libunistring"
| #define PACKAGE_VERSION "dummy"
| #define PACKAGE_STRING "libunistring dummy"
| #define PACKAGE_BUGREPORT ""
| #define PACKAGE_URL ""
| #undef PACKAGE_VERSION
| #define PACKAGE_VERSION "1.4.2"
| #undef PACKAGE_STRING
| #define PACKAGE_STRING "libunistring 1.4.2"
| #define PACKAGE "libunistring"
| #define VERSION "1.4.2"
| #define HAVE_STDIO_H 1
| #define HAVE_STDLIB_H 1
| #define HAVE_STRING_H 1
| #define HAVE_INTTYPES_H 1
| #define HAVE_STDINT_H 1
| #define HAVE_STRINGS_H 1
| #define HAVE_SYS_STAT_H 1
| #define HAVE_SYS_TYPES_H 1
| #define HAVE_UNISTD_H 1
| #define HAVE_WCHAR_H 1
| #define HAVE_STDBOOL_H 1
| #define HAVE_UCHAR_H 1
| #define HAVE_THREADS_H 1
| #define HAVE_LANGINFO_H 1
| #define HAVE_ICONV_H 1
| #define HAVE_LIMITS_H 1
| #define HAVE_WCTYPE_H 1
| #define HAVE_MATH_H 1
| #define HAVE_SYS_MMAN_H 1
| #define HAVE_PTHREAD_H 1
| #define HAVE_STDCKDINT_H 1
| #define HAVE_SYS_TIME_H 1
| #define HAVE_FEATURES_H 1
| #define HAVE_SYS_SOCKET_H 1
| #define HAVE_ARPA_INET_H 1
| #define HAVE_NETDB_H 1
| #define HAVE_NETINET_IN_H 1
| #define HAVE_SEMAPHORE_H 1
| #define HAVE_SYS_PARAM_H 1
| #define HAVE_SYS_SELECT_H 1
| #define HAVE_SYS_WAIT_H 1
| #define HAVE_SYS_IOCTL_H 1
| #define HAVE_SYS_UN_H 1
| #define HAVE_SYS_UIO_H 1
| #define STDC_HEADERS 1
| #define _ALL_SOURCE 1
| #define _DARWIN_C_SOURCE 1
| #define _GNU_SOURCE 1
| #define _HPUX_ALT_XOPEN_SOCKET_API 1
| #define _NETBSD_SOURCE 1
| #define _OPENBSD_SOURCE 1
| #define _POSIX_PTHREAD_SEMANTICS 1
| #define __STDC_WANT_IEC_60559_ATTRIBS_EXT__ 1
| #define __STDC_WANT_IEC_60559_BFP_EXT__ 1
| #define __STDC_WANT_IEC_60559_DFP_EXT__ 1
| #define __STDC_WANT_IEC_60559_EXT__ 1
| #define __STDC_WANT_IEC_60559_FUNCS_EXT__ 1
| #define __STDC_WANT_IEC_60559_TYPES_EXT__ 1
| #define __STDC_WANT_LIB_EXT2__ 1
| #define __STDC_WANT_MATH_SPEC_FUNCS__ 1
| #define _TANDEM_SOURCE 1
| #define __EXTENSIONS__ 1
| #define _LINUX_SOURCE_COMPAT 1
| #define __USE_MINGW_ANSI_STDIO 1
| #define HAVE_DLFCN_H 1
| #define LT_OBJDIR ".libs/"
| #define HAVE_ALLOCA_H 1
| #define HAVE_ALLOCA 1
| #define restrict __restrict__
| #define BITSIZEOF_WCHAR_T 32
| #define HAVE_MBSTATE_T 1
| #define HAVE_MBSINIT 1
| #define HAVE_MBRTOWC 1
| #define HAVE_SYMLINK 1
| #define HAVE_ISWCNTRL 1
| #define HAVE_MPROTECT 1
| #define HAVE_SNPRINTF 1
| #define HAVE_STRDUP 1
| #define HAVE_WCWIDTH 1
| #define HAVE_BTOWC 1
| #define HAVE_FCNTL 1
| #define HAVE_GETDTABLESIZE 1
| #define HAVE_GETTIMEOFDAY 1
| #define HAVE_ISBLANK 1
| #define HAVE_LSTAT 1
| #define HAVE___XPG_STRERROR_R 1
| #define HAVE_PIPE 1
| #define HAVE_PSELECT 1
| #define HAVE_PTHREAD_SIGMASK 1
| #define HAVE_SETENV 1
| #define HAVE_SLEEP 1
| #define HAVE_SHUTDOWN 1
| #define HAVE_USLEEP 1
| #define HAVE_WCRTOMB 1
| #define HAVE_WCTOB 1
| #define HAVE_LANGINFO_CODESET 1
| #define HAVE_WORKING_MBRTOC32 1
| #define HAVE_WORKING_C32RTOMB 1
| #define HAVE_WORKING_O_DIRECTORY 1
| #define HAVE_WORKING_O_NOATIME 1
| #define HAVE_WORKING_O_NOFOLLOW 1
| #define HAVE_DECL_ALARM 1
| #define HAVE_PTHREAD_API 1
| #define SETLOCALE_NULL_ALL_MTSAFE 0
| #define SETLOCALE_NULL_ONE_MTSAFE 1
| #define HAVE_WEAK_SYMBOLS 1
| #define HAVE_USELOCALE 1
| #define HAVE_WORKING_USELOCALE 1
| #define HAVE_GOOD_USELOCALE 1
| #define HAVE_ICONV 1
| #define ICONV_CONST 
| #define HAVE_WINT_T 1
| #define HAVE_LONG_LONG_INT 1
| #define HAVE_UNSIGNED_LONG_LONG_INT 1
| #define DBL_EXPBIT0_WORD 1
| #define DBL_EXPBIT0_BIT 20
| #define FLT_EXPBIT0_WORD 0
| #define FLT_EXPBIT0_BIT 23
| #define LDBL_EXPBIT0_WORD 2
| #define LDBL_EXPBIT0_BIT 0
| #define HAVE_TOWLOWER 1
| #define HAVE_LC_MESSAGES 1
| #define MUSL_LIBC 1
| #define HAVE_WEAK_SYMBOLS 1
| #define USE_POSIX_THREADS 1
| #define USE_POSIX_THREADS_WEAK 1
| #define HAVE_MALLOC_PTRDIFF 1
| #define HAVE_MALLOC_POSIX 1
| #define HAVE_MALLOC_0_NONNULL 1
| #define HAVE_MINMAX_IN_SYS_PARAM_H 1
| #define HAVE_PTHREAD_T 1
| #define HAVE_PTHREAD_SPINLOCK_T 1
| #define INSTALLPREFIX "/home/bloink/Work/unnamedlinuxdistro/fs"
| #define HAVE_DLADDR_IN_LIBC 1
| #define HAVE_SCHED_H 1
| #define HAVE_DECL_ECVT 1
| #define HAVE_DECL_FCVT 1
| #define HAVE_DECL_GCVT 1
| #define HAVE_DECL_STREQ 0
| #define HAVE_DECL_MEMEQ 0
| #define _USE_STD_STAT 1
| #define HAVE_DECL_EXECVPE 1
| #define HAVE_INTTYPES_H_WITH_UINTMAX 1
| #define HAVE_STDINT_H_WITH_UINTMAX 1
| #define HAVE_INTMAX_T 1
| #define HAVE_WCSLEN 1
| #define HAVE_SNPRINTF 1
| #define HAVE_STRNLEN 1
| #define HAVE_WCRTOMB 1
| #define HAVE_DECL__SNPRINTF 0
| #define HAVE_SNPRINTF_RETVAL_C99 1
| #define HAVE_SNPRINTF_TRUNCATION_C99 1
| #define CHECK_PRINTF_SAFE 1
| #define HAVE_DECL_WCSDUP 1
| #define HAVE_SHUTDOWN 1
| #define HAVE_STRUCT_SOCKADDR_STORAGE 1
| #define HAVE_SA_FAMILY_T 1
| #define HAVE_STRUCT_SOCKADDR_STORAGE_SS_FAMILY 1
| #define HAVE_ENVIRON_DECL 1
| #define HAVE_DECL_STRERROR_R 1
| #define HAVE_STRERROR_R 1
| /* end confdefs.h.  */
| #include <sys/types.h>
|      #include <sys/stat.h>
| 
| int
| main (void)
| {
| if (sizeof ((nlink_t)))
| 	    return 0;
|   ;
|   return 0;
| }
configure:40630: result: yes
configure:40752: checking whether getcwd (NULL, 0) allocates memory for result
configure:40815: gcc -o conftest -g -O2   conftest.c  >&5
configure:40815: $? = 0
configure:40815: ./conftest
configure:40815: $? = 0
configure:40829: result: yes
configure:40833: checking for getcwd with POSIX signature
configure:40860: gcc -c -g -O2  conftest.c >&5
configure:40860: $? = 0
configure:40871: result: yes
configure:40875: checking whether getdtablesize is declared
configure:40875: gcc -c -g -O2   conftest.c >&5
configure:40875: $? = 0
configure:40875: result: yes
configure:41010: checking for struct timeval
configure:41034: gcc -c -g -O2  conftest.c >&5
configure:41034: $? = 0
configure:41045: result: yes
configure:41050: checking for wide-enough struct timeval.tv_sec member
configure:41078: gcc -c -g -O2  conftest.c >&5
configure:41078: $? = 0
configure:41089: result: yes
configure:41113: checking for IPv4 sockets
configure:41140: gcc -c -g -O2  conftest.c >&5
configure:41140: $? = 0
configure:41150: result: yes
configure:41158: checking for IPv6 sockets
configure:41188: gcc -c -g -O2  conftest.c >&5
configure:41188: $? = 0
configure:41198: result: yes
configure:41227: gcc -c -g -O2  conftest.c >&5
configure:41227: $? = 0
configure:41267: checking whether INT32_MAX < INTMAX_MAX
configure:41300: gcc -c -g -O2  conftest.c >&5
configure:41300: $? = 0
configure:41310: result: yes
configure:41321: checking whether INT64_MAX == LONG_MAX
configure:41354: gcc -c -g -O2  conftest.c >&5
configure:41354: $? = 0
configure:41364: result: yes
configure:41377: checking whether UINT32_MAX < UINTMAX_MAX
configure:41410: gcc -c -g -O2  conftest.c >&5
configure:41410: $? = 0
configure:41420: result: yes
configure:41431: checking whether UINT64_MAX == ULONG_MAX
configure:41464: gcc -c -g -O2  conftest.c >&5
configure:41464: $? = 0
configure:41474: result: yes
configure:41609: checking for library needed for semaphore functions
configure:41628: gcc -o conftest -g -O2   conftest.c  -lpthread >&5
configure:41628: $? = 0
configure:41662: result: none
configure:41673: checking whether lstat correctly handles trailing slash
configure:41720: gcc -o conftest -g -O2   conftest.c  >&5
configure:41720: $? = 0
configure:41720: ./conftest
configure:41720: $? = 0
configure:41736: result: yes
configure:41750: checking for O_CLOEXEC
configure:41771: gcc -c -g -O2  conftest.c >&5
configure:41771: $? = 0
configure:41781: result: yes
configure:41786: checking for promoted mode_t type
configure:41804: gcc -c -g -O2  conftest.c >&5
conftest.c: In function 'main':
conftest.c:174:13: error: size of array 'array' is negative
  174 | typedef int array[2 * (sizeof (mode_t) < sizeof (int)) - 1];
      |             ^~~~~
configure:41804: $? = 1
configure: failed program was:
| /* confdefs.h */
| #define PACKAGE_NAME "libunistring"
| #define PACKAGE_TARNAME "libunistring"
| #define PACKAGE_VERSION "dummy"
| #define PACKAGE_STRING "libunistring dummy"
| #define PACKAGE_BUGREPORT ""
| #define PACKAGE_URL ""
| #undef PACKAGE_VERSION
| #define PACKAGE_VERSION "1.4.2"
| #undef PACKAGE_STRING
| #define PACKAGE_STRING "libunistring 1.4.2"
| #define PACKAGE "libunistring"
| #define VERSION "1.4.2"
| #define HAVE_STDIO_H 1
| #define HAVE_STDLIB_H 1
| #define HAVE_STRING_H 1
| #define HAVE_INTTYPES_H 1
| #define HAVE_STDINT_H 1
| #define HAVE_STRINGS_H 1
| #define HAVE_SYS_STAT_H 1
| #define HAVE_SYS_TYPES_H 1
| #define HAVE_UNISTD_H 1
| #define HAVE_WCHAR_H 1
| #define HAVE_STDBOOL_H 1
| #define HAVE_UCHAR_H 1
| #define HAVE_THREADS_H 1
| #define HAVE_LANGINFO_H 1
| #define HAVE_ICONV_H 1
| #define HAVE_LIMITS_H 1
| #define HAVE_WCTYPE_H 1
| #define HAVE_MATH_H 1
| #define HAVE_SYS_MMAN_H 1
| #define HAVE_PTHREAD_H 1
| #define HAVE_STDCKDINT_H 1
| #define HAVE_SYS_TIME_H 1
| #define HAVE_FEATURES_H 1
| #define HAVE_SYS_SOCKET_H 1
| #define HAVE_ARPA_INET_H 1
| #define HAVE_NETDB_H 1
| #define HAVE_NETINET_IN_H 1
| #define HAVE_SEMAPHORE_H 1
| #define HAVE_SYS_PARAM_H 1
| #define HAVE_SYS_SELECT_H 1
| #define HAVE_SYS_WAIT_H 1
| #define HAVE_SYS_IOCTL_H 1
| #define HAVE_SYS_UN_H 1
| #define HAVE_SYS_UIO_H 1
| #define STDC_HEADERS 1
| #define _ALL_SOURCE 1
| #define _DARWIN_C_SOURCE 1
| #define _GNU_SOURCE 1
| #define _HPUX_ALT_XOPEN_SOCKET_API 1
| #define _NETBSD_SOURCE 1
| #define _OPENBSD_SOURCE 1
| #define _POSIX_PTHREAD_SEMANTICS 1
| #define __STDC_WANT_IEC_60559_ATTRIBS_EXT__ 1
| #define __STDC_WANT_IEC_60559_BFP_EXT__ 1
| #define __STDC_WANT_IEC_60559_DFP_EXT__ 1
| #define __STDC_WANT_IEC_60559_EXT__ 1
| #define __STDC_WANT_IEC_60559_FUNCS_EXT__ 1
| #define __STDC_WANT_IEC_60559_TYPES_EXT__ 1
| #define __STDC_WANT_LIB_EXT2__ 1
| #define __STDC_WANT_MATH_SPEC_FUNCS__ 1
| #define _TANDEM_SOURCE 1
| #define __EXTENSIONS__ 1
| #define _LINUX_SOURCE_COMPAT 1
| #define __USE_MINGW_ANSI_STDIO 1
| #define HAVE_DLFCN_H 1
| #define LT_OBJDIR ".libs/"
| #define HAVE_ALLOCA_H 1
| #define HAVE_ALLOCA 1
| #define restrict __restrict__
| #define BITSIZEOF_WCHAR_T 32
| #define HAVE_MBSTATE_T 1
| #define HAVE_MBSINIT 1
| #define HAVE_MBRTOWC 1
| #define HAVE_SYMLINK 1
| #define HAVE_ISWCNTRL 1
| #define HAVE_MPROTECT 1
| #define HAVE_SNPRINTF 1
| #define HAVE_STRDUP 1
| #define HAVE_WCWIDTH 1
| #define HAVE_BTOWC 1
| #define HAVE_FCNTL 1
| #define HAVE_GETDTABLESIZE 1
| #define HAVE_GETTIMEOFDAY 1
| #define HAVE_ISBLANK 1
| #define HAVE_LSTAT 1
| #define HAVE___XPG_STRERROR_R 1
| #define HAVE_PIPE 1
| #define HAVE_PSELECT 1
| #define HAVE_PTHREAD_SIGMASK 1
| #define HAVE_SETENV 1
| #define HAVE_SLEEP 1
| #define HAVE_SHUTDOWN 1
| #define HAVE_USLEEP 1
| #define HAVE_WCRTOMB 1
| #define HAVE_WCTOB 1
| #define HAVE_LANGINFO_CODESET 1
| #define HAVE_WORKING_MBRTOC32 1
| #define HAVE_WORKING_C32RTOMB 1
| #define HAVE_WORKING_O_DIRECTORY 1
| #define HAVE_WORKING_O_NOATIME 1
| #define HAVE_WORKING_O_NOFOLLOW 1
| #define HAVE_DECL_ALARM 1
| #define HAVE_PTHREAD_API 1
| #define SETLOCALE_NULL_ALL_MTSAFE 0
| #define SETLOCALE_NULL_ONE_MTSAFE 1
| #define HAVE_WEAK_SYMBOLS 1
| #define HAVE_USELOCALE 1
| #define HAVE_WORKING_USELOCALE 1
| #define HAVE_GOOD_USELOCALE 1
| #define HAVE_ICONV 1
| #define ICONV_CONST 
| #define HAVE_WINT_T 1
| #define HAVE_LONG_LONG_INT 1
| #define HAVE_UNSIGNED_LONG_LONG_INT 1
| #define DBL_EXPBIT0_WORD 1
| #define DBL_EXPBIT0_BIT 20
| #define FLT_EXPBIT0_WORD 0
| #define FLT_EXPBIT0_BIT 23
| #define LDBL_EXPBIT0_WORD 2
| #define LDBL_EXPBIT0_BIT 0
| #define HAVE_TOWLOWER 1
| #define HAVE_LC_MESSAGES 1
| #define MUSL_LIBC 1
| #define HAVE_WEAK_SYMBOLS 1
| #define USE_POSIX_THREADS 1
| #define USE_POSIX_THREADS_WEAK 1
| #define HAVE_MALLOC_PTRDIFF 1
| #define HAVE_MALLOC_POSIX 1
| #define HAVE_MALLOC_0_NONNULL 1
| #define HAVE_MINMAX_IN_SYS_PARAM_H 1
| #define HAVE_PTHREAD_T 1
| #define HAVE_PTHREAD_SPINLOCK_T 1
| #define INSTALLPREFIX "/home/bloink/Work/unnamedlinuxdistro/fs"
| #define HAVE_DLADDR_IN_LIBC 1
| #define HAVE_SCHED_H 1
| #define HAVE_DECL_ECVT 1
| #define HAVE_DECL_FCVT 1
| #define HAVE_DECL_GCVT 1
| #define HAVE_DECL_STREQ 0
| #define HAVE_DECL_MEMEQ 0
| #define _USE_STD_STAT 1
| #define HAVE_DECL_EXECVPE 1
| #define HAVE_INTTYPES_H_WITH_UINTMAX 1
| #define HAVE_STDINT_H_WITH_UINTMAX 1
| #define HAVE_INTMAX_T 1
| #define HAVE_WCSLEN 1
| #define HAVE_SNPRINTF 1
| #define HAVE_STRNLEN 1
| #define HAVE_WCRTOMB 1
| #define HAVE_DECL__SNPRINTF 0
| #define HAVE_SNPRINTF_RETVAL_C99 1
| #define HAVE_SNPRINTF_TRUNCATION_C99 1
| #define CHECK_PRINTF_SAFE 1
| #define HAVE_DECL_WCSDUP 1
| #define HAVE_SHUTDOWN 1
| #define HAVE_STRUCT_SOCKADDR_STORAGE 1
| #define HAVE_SA_FAMILY_T 1
| #define HAVE_STRUCT_SOCKADDR_STORAGE_SS_FAMILY 1
| #define HAVE_ENVIRON_DECL 1
| #define HAVE_DECL_STRERROR_R 1
| #define HAVE_STRERROR_R 1
| #define HAVE_DECL_GETDTABLESIZE 1
| #define HAVE_IPV4 1
| #define HAVE_IPV6 1
| #define LSTAT_FOLLOWS_SLASHED_SYMLINK 1
| /* end confdefs.h.  */
| #include <sys/types.h>
| int
| main (void)
| {
| typedef int array[2 * (sizeof (mode_t) < sizeof (int)) - 1];
|   ;
|   return 0;
| }
configure:41815: result: mode_t
configure:41824: checking whether strerror(0) succeeds
configure:41865: gcc -o conftest -g -O2   conftest.c  >&5
configure:41865: $? = 0
configure:41865: ./conftest
configure:41865: $? = 0
configure:41880: result: yes
configure:41902: checking for strerror_r
configure:41939: checking for strerror_r
configure:41939: gcc -o conftest -g -O2   conftest.c  >&5
configure:41939: $? = 0
configure:41939: result: yes
configure:41955: result: yes
configure:41971: checking for strerror_r with POSIX signature
configure:41990: gcc -c -g -O2  conftest.c >&5
configure:41990: $? = 0
configure:42001: result: yes
configure:42004: checking whether strerror_r works
configure:42061: gcc -o conftest -g -O2   conftest.c  >&5
configure:42061: $? = 0
configure:42061: ./conftest
configure:42061: $? = 0
configure:42076: result: yes
configure:42182: checking whether <sys/select.h> is self-contained
configure:42200: gcc -c -g -O2  conftest.c >&5
configure:42200: $? = 0
configure:42221: gcc -c -g -O2  conftest.c >&5
configure:42221: $? = 0
configure:42252: gcc -o conftest -g -O2   conftest.c  >&5
configure:42252: $? = 0
configure:42268: result: yes
configure:42439: checking whether _putenv is declared
configure:42439: gcc -c -g -O2   conftest.c >&5
conftest.c: In function 'main':
conftest.c:207:10: error: '_putenv' undeclared (first use in this function); did you mean 'putenv'?
  207 |   (void) _putenv;
      |          ^~~~~~~
      |          putenv
conftest.c:207:10: note: each undeclared identifier is reported only once for each function it appears in
configure:42439: $? = 1
configure: failed program was:
| /* confdefs.h */
| #define PACKAGE_NAME "libunistring"
| #define PACKAGE_TARNAME "libunistring"
| #define PACKAGE_VERSION "dummy"
| #define PACKAGE_STRING "libunistring dummy"
| #define PACKAGE_BUGREPORT ""
| #define PACKAGE_URL ""
| #undef PACKAGE_VERSION
| #define PACKAGE_VERSION "1.4.2"
| #undef PACKAGE_STRING
| #define PACKAGE_STRING "libunistring 1.4.2"
| #define PACKAGE "libunistring"
| #define VERSION "1.4.2"
| #define HAVE_STDIO_H 1
| #define HAVE_STDLIB_H 1
| #define HAVE_STRING_H 1
| #define HAVE_INTTYPES_H 1
| #define HAVE_STDINT_H 1
| #define HAVE_STRINGS_H 1
| #define HAVE_SYS_STAT_H 1
| #define HAVE_SYS_TYPES_H 1
| #define HAVE_UNISTD_H 1
| #define HAVE_WCHAR_H 1
| #define HAVE_STDBOOL_H 1
| #define HAVE_UCHAR_H 1
| #define HAVE_THREADS_H 1
| #define HAVE_LANGINFO_H 1
| #define HAVE_ICONV_H 1
| #define HAVE_LIMITS_H 1
| #define HAVE_WCTYPE_H 1
| #define HAVE_MATH_H 1
| #define HAVE_SYS_MMAN_H 1
| #define HAVE_PTHREAD_H 1
| #define HAVE_STDCKDINT_H 1
| #define HAVE_SYS_TIME_H 1
| #define HAVE_FEATURES_H 1
| #define HAVE_SYS_SOCKET_H 1
| #define HAVE_ARPA_INET_H 1
| #define HAVE_NETDB_H 1
| #define HAVE_NETINET_IN_H 1
| #define HAVE_SEMAPHORE_H 1
| #define HAVE_SYS_PARAM_H 1
| #define HAVE_SYS_SELECT_H 1
| #define HAVE_SYS_WAIT_H 1
| #define HAVE_SYS_IOCTL_H 1
| #define HAVE_SYS_UN_H 1
| #define HAVE_SYS_UIO_H 1
| #define STDC_HEADERS 1
| #define _ALL_SOURCE 1
| #define _DARWIN_C_SOURCE 1
| #define _GNU_SOURCE 1
| #define _HPUX_ALT_XOPEN_SOCKET_API 1
| #define _NETBSD_SOURCE 1
| #define _OPENBSD_SOURCE 1
| #define _POSIX_PTHREAD_SEMANTICS 1
| #define __STDC_WANT_IEC_60559_ATTRIBS_EXT__ 1
| #define __STDC_WANT_IEC_60559_BFP_EXT__ 1
| #define __STDC_WANT_IEC_60559_DFP_EXT__ 1
| #define __STDC_WANT_IEC_60559_EXT__ 1
| #define __STDC_WANT_IEC_60559_FUNCS_EXT__ 1
| #define __STDC_WANT_IEC_60559_TYPES_EXT__ 1
| #define __STDC_WANT_LIB_EXT2__ 1
| #define __STDC_WANT_MATH_SPEC_FUNCS__ 1
| #define _TANDEM_SOURCE 1
| #define __EXTENSIONS__ 1
| #define _LINUX_SOURCE_COMPAT 1
| #define __USE_MINGW_ANSI_STDIO 1
| #define HAVE_DLFCN_H 1
| #define LT_OBJDIR ".libs/"
| #define HAVE_ALLOCA_H 1
| #define HAVE_ALLOCA 1
| #define restrict __restrict__
| #define BITSIZEOF_WCHAR_T 32
| #define HAVE_MBSTATE_T 1
| #define HAVE_MBSINIT 1
| #define HAVE_MBRTOWC 1
| #define HAVE_SYMLINK 1
| #define HAVE_ISWCNTRL 1
| #define HAVE_MPROTECT 1
| #define HAVE_SNPRINTF 1
| #define HAVE_STRDUP 1
| #define HAVE_WCWIDTH 1
| #define HAVE_BTOWC 1
| #define HAVE_FCNTL 1
| #define HAVE_GETDTABLESIZE 1
| #define HAVE_GETTIMEOFDAY 1
| #define HAVE_ISBLANK 1
| #define HAVE_LSTAT 1
| #define HAVE___XPG_STRERROR_R 1
| #define HAVE_PIPE 1
| #define HAVE_PSELECT 1
| #define HAVE_PTHREAD_SIGMASK 1
| #define HAVE_SETENV 1
| #define HAVE_SLEEP 1
| #define HAVE_SHUTDOWN 1
| #define HAVE_USLEEP 1
| #define HAVE_WCRTOMB 1
| #define HAVE_WCTOB 1
| #define HAVE_LANGINFO_CODESET 1
| #define HAVE_WORKING_MBRTOC32 1
| #define HAVE_WORKING_C32RTOMB 1
| #define HAVE_WORKING_O_DIRECTORY 1
| #define HAVE_WORKING_O_NOATIME 1
| #define HAVE_WORKING_O_NOFOLLOW 1
| #define HAVE_DECL_ALARM 1
| #define HAVE_PTHREAD_API 1
| #define SETLOCALE_NULL_ALL_MTSAFE 0
| #define SETLOCALE_NULL_ONE_MTSAFE 1
| #define HAVE_WEAK_SYMBOLS 1
| #define HAVE_USELOCALE 1
| #define HAVE_WORKING_USELOCALE 1
| #define HAVE_GOOD_USELOCALE 1
| #define HAVE_ICONV 1
| #define ICONV_CONST 
| #define HAVE_WINT_T 1
| #define HAVE_LONG_LONG_INT 1
| #define HAVE_UNSIGNED_LONG_LONG_INT 1
| #define DBL_EXPBIT0_WORD 1
| #define DBL_EXPBIT0_BIT 20
| #define FLT_EXPBIT0_WORD 0
| #define FLT_EXPBIT0_BIT 23
| #define LDBL_EXPBIT0_WORD 2
| #define LDBL_EXPBIT0_BIT 0
| #define HAVE_TOWLOWER 1
| #define HAVE_LC_MESSAGES 1
| #define MUSL_LIBC 1
| #define HAVE_WEAK_SYMBOLS 1
| #define USE_POSIX_THREADS 1
| #define USE_POSIX_THREADS_WEAK 1
| #define HAVE_MALLOC_PTRDIFF 1
| #define HAVE_MALLOC_POSIX 1
| #define HAVE_MALLOC_0_NONNULL 1
| #define HAVE_MINMAX_IN_SYS_PARAM_H 1
| #define HAVE_PTHREAD_T 1
| #define HAVE_PTHREAD_SPINLOCK_T 1
| #define INSTALLPREFIX "/home/bloink/Work/unnamedlinuxdistro/fs"
| #define HAVE_DLADDR_IN_LIBC 1
| #define HAVE_SCHED_H 1
| #define HAVE_DECL_ECVT 1
| #define HAVE_DECL_FCVT 1
| #define HAVE_DECL_GCVT 1
| #define HAVE_DECL_STREQ 0
| #define HAVE_DECL_MEMEQ 0
| #define _USE_STD_STAT 1
| #define HAVE_DECL_EXECVPE 1
| #define HAVE_INTTYPES_H_WITH_UINTMAX 1
| #define HAVE_STDINT_H_WITH_UINTMAX 1
| #define HAVE_INTMAX_T 1
| #define HAVE_WCSLEN 1
| #define HAVE_SNPRINTF 1
| #define HAVE_STRNLEN 1
| #define HAVE_WCRTOMB 1
| #define HAVE_DECL__SNPRINTF 0
| #define HAVE_SNPRINTF_RETVAL_C99 1
| #define HAVE_SNPRINTF_TRUNCATION_C99 1
| #define CHECK_PRINTF_SAFE 1
| #define HAVE_DECL_WCSDUP 1
| #define HAVE_SHUTDOWN 1
| #define HAVE_STRUCT_SOCKADDR_STORAGE 1
| #define HAVE_SA_FAMILY_T 1
| #define HAVE_STRUCT_SOCKADDR_STORAGE_SS_FAMILY 1
| #define HAVE_ENVIRON_DECL 1
| #define HAVE_DECL_STRERROR_R 1
| #define HAVE_STRERROR_R 1
| #define HAVE_DECL_GETDTABLESIZE 1
| #define HAVE_IPV4 1
| #define HAVE_IPV6 1
| #define LSTAT_FOLLOWS_SLASHED_SYMLINK 1
| #define PROMOTED_MODE_T mode_t
| #define HAVE_STRERROR_R 1
| /* end confdefs.h.  */
| #include <stddef.h>
| #ifdef HAVE_STDIO_H
| # include <stdio.h>
| #endif
| #ifdef HAVE_STDLIB_H
| # include <stdlib.h>
| #endif
| #ifdef HAVE_STRING_H
| # include <string.h>
| #endif
| #ifdef HAVE_INTTYPES_H
| # include <inttypes.h>
| #endif
| #ifdef HAVE_STDINT_H
| # include <stdint.h>
| #endif
| #ifdef HAVE_STRINGS_H
| # include <strings.h>
| #endif
| #ifdef HAVE_SYS_TYPES_H
| # include <sys/types.h>
| #endif
| #ifdef HAVE_SYS_STAT_H
| # include <sys/stat.h>
| #endif
| #ifdef HAVE_UNISTD_H
| # include <unistd.h>
| #endif
| int
| main (void)
| {
| #ifndef _putenv
| #ifdef __cplusplus
|   (void) _putenv;
| #else
|   (void) _putenv;
| #endif
| #endif
| 
|   ;
|   return 0;
| }
configure:42439: result: no
configure:42450: checking for sigset_t
configure:42450: gcc -c -g -O2  conftest.c >&5
configure:42450: $? = 0
configure:42450: gcc -c -g -O2  conftest.c >&5
conftest.c: In function 'main':
conftest.c:182:23: error: expected expression before ')' token
  182 | if (sizeof ((sigset_t)))
      |                       ^
configure:42450: $? = 1
configure: failed program was:
| /* confdefs.h */
| #define PACKAGE_NAME "libunistring"
| #define PACKAGE_TARNAME "libunistring"
| #define PACKAGE_VERSION "dummy"
| #define PACKAGE_STRING "libunistring dummy"
| #define PACKAGE_BUGREPORT ""
| #define PACKAGE_URL ""
| #undef PACKAGE_VERSION
| #define PACKAGE_VERSION "1.4.2"
| #undef PACKAGE_STRING
| #define PACKAGE_STRING "libunistring 1.4.2"
| #define PACKAGE "libunistring"
| #define VERSION "1.4.2"
| #define HAVE_STDIO_H 1
| #define HAVE_STDLIB_H 1
| #define HAVE_STRING_H 1
| #define HAVE_INTTYPES_H 1
| #define HAVE_STDINT_H 1
| #define HAVE_STRINGS_H 1
| #define HAVE_SYS_STAT_H 1
| #define HAVE_SYS_TYPES_H 1
| #define HAVE_UNISTD_H 1
| #define HAVE_WCHAR_H 1
| #define HAVE_STDBOOL_H 1
| #define HAVE_UCHAR_H 1
| #define HAVE_THREADS_H 1
| #define HAVE_LANGINFO_H 1
| #define HAVE_ICONV_H 1
| #define HAVE_LIMITS_H 1
| #define HAVE_WCTYPE_H 1
| #define HAVE_MATH_H 1
| #define HAVE_SYS_MMAN_H 1
| #define HAVE_PTHREAD_H 1
| #define HAVE_STDCKDINT_H 1
| #define HAVE_SYS_TIME_H 1
| #define HAVE_FEATURES_H 1
| #define HAVE_SYS_SOCKET_H 1
| #define HAVE_ARPA_INET_H 1
| #define HAVE_NETDB_H 1
| #define HAVE_NETINET_IN_H 1
| #define HAVE_SEMAPHORE_H 1
| #define HAVE_SYS_PARAM_H 1
| #define HAVE_SYS_SELECT_H 1
| #define HAVE_SYS_WAIT_H 1
| #define HAVE_SYS_IOCTL_H 1
| #define HAVE_SYS_UN_H 1
| #define HAVE_SYS_UIO_H 1
| #define STDC_HEADERS 1
| #define _ALL_SOURCE 1
| #define _DARWIN_C_SOURCE 1
| #define _GNU_SOURCE 1
| #define _HPUX_ALT_XOPEN_SOCKET_API 1
| #define _NETBSD_SOURCE 1
| #define _OPENBSD_SOURCE 1
| #define _POSIX_PTHREAD_SEMANTICS 1
| #define __STDC_WANT_IEC_60559_ATTRIBS_EXT__ 1
| #define __STDC_WANT_IEC_60559_BFP_EXT__ 1
| #define __STDC_WANT_IEC_60559_DFP_EXT__ 1
| #define __STDC_WANT_IEC_60559_EXT__ 1
| #define __STDC_WANT_IEC_60559_FUNCS_EXT__ 1
| #define __STDC_WANT_IEC_60559_TYPES_EXT__ 1
| #define __STDC_WANT_LIB_EXT2__ 1
| #define __STDC_WANT_MATH_SPEC_FUNCS__ 1
| #define _TANDEM_SOURCE 1
| #define __EXTENSIONS__ 1
| #define _LINUX_SOURCE_COMPAT 1
| #define __USE_MINGW_ANSI_STDIO 1
| #define HAVE_DLFCN_H 1
| #define LT_OBJDIR ".libs/"
| #define HAVE_ALLOCA_H 1
| #define HAVE_ALLOCA 1
| #define restrict __restrict__
| #define BITSIZEOF_WCHAR_T 32
| #define HAVE_MBSTATE_T 1
| #define HAVE_MBSINIT 1
| #define HAVE_MBRTOWC 1
| #define HAVE_SYMLINK 1
| #define HAVE_ISWCNTRL 1
| #define HAVE_MPROTECT 1
| #define HAVE_SNPRINTF 1
| #define HAVE_STRDUP 1
| #define HAVE_WCWIDTH 1
| #define HAVE_BTOWC 1
| #define HAVE_FCNTL 1
| #define HAVE_GETDTABLESIZE 1
| #define HAVE_GETTIMEOFDAY 1
| #define HAVE_ISBLANK 1
| #define HAVE_LSTAT 1
| #define HAVE___XPG_STRERROR_R 1
| #define HAVE_PIPE 1
| #define HAVE_PSELECT 1
| #define HAVE_PTHREAD_SIGMASK 1
| #define HAVE_SETENV 1
| #define HAVE_SLEEP 1
| #define HAVE_SHUTDOWN 1
| #define HAVE_USLEEP 1
| #define HAVE_WCRTOMB 1
| #define HAVE_WCTOB 1
| #define HAVE_LANGINFO_CODESET 1
| #define HAVE_WORKING_MBRTOC32 1
| #define HAVE_WORKING_C32RTOMB 1
| #define HAVE_WORKING_O_DIRECTORY 1
| #define HAVE_WORKING_O_NOATIME 1
| #define HAVE_WORKING_O_NOFOLLOW 1
| #define HAVE_DECL_ALARM 1
| #define HAVE_PTHREAD_API 1
| #define SETLOCALE_NULL_ALL_MTSAFE 0
| #define SETLOCALE_NULL_ONE_MTSAFE 1
| #define HAVE_WEAK_SYMBOLS 1
| #define HAVE_USELOCALE 1
| #define HAVE_WORKING_USELOCALE 1
| #define HAVE_GOOD_USELOCALE 1
| #define HAVE_ICONV 1
| #define ICONV_CONST 
| #define HAVE_WINT_T 1
| #define HAVE_LONG_LONG_INT 1
| #define HAVE_UNSIGNED_LONG_LONG_INT 1
| #define DBL_EXPBIT0_WORD 1
| #define DBL_EXPBIT0_BIT 20
| #define FLT_EXPBIT0_WORD 0
| #define FLT_EXPBIT0_BIT 23
| #define LDBL_EXPBIT0_WORD 2
| #define LDBL_EXPBIT0_BIT 0
| #define HAVE_TOWLOWER 1
| #define HAVE_LC_MESSAGES 1
| #define MUSL_LIBC 1
| #define HAVE_WEAK_SYMBOLS 1
| #define USE_POSIX_THREADS 1
| #define USE_POSIX_THREADS_WEAK 1
| #define HAVE_MALLOC_PTRDIFF 1
| #define HAVE_MALLOC_POSIX 1
| #define HAVE_MALLOC_0_NONNULL 1
| #define HAVE_MINMAX_IN_SYS_PARAM_H 1
| #define HAVE_PTHREAD_T 1
| #define HAVE_PTHREAD_SPINLOCK_T 1
| #define INSTALLPREFIX "/home/bloink/Work/unnamedlinuxdistro/fs"
| #define HAVE_DLADDR_IN_LIBC 1
| #define HAVE_SCHED_H 1
| #define HAVE_DECL_ECVT 1
| #define HAVE_DECL_FCVT 1
| #define HAVE_DECL_GCVT 1
| #define HAVE_DECL_STREQ 0
| #define HAVE_DECL_MEMEQ 0
| #define _USE_STD_STAT 1
| #define HAVE_DECL_EXECVPE 1
| #define HAVE_INTTYPES_H_WITH_UINTMAX 1
| #define HAVE_STDINT_H_WITH_UINTMAX 1
| #define HAVE_INTMAX_T 1
| #define HAVE_WCSLEN 1
| #define HAVE_SNPRINTF 1
| #define HAVE_STRNLEN 1
| #define HAVE_WCRTOMB 1
| #define HAVE_DECL__SNPRINTF 0
| #define HAVE_SNPRINTF_RETVAL_C99 1
| #define HAVE_SNPRINTF_TRUNCATION_C99 1
| #define CHECK_PRINTF_SAFE 1
| #define HAVE_DECL_WCSDUP 1
| #define HAVE_SHUTDOWN 1
| #define HAVE_STRUCT_SOCKADDR_STORAGE 1
| #define HAVE_SA_FAMILY_T 1
| #define HAVE_STRUCT_SOCKADDR_STORAGE_SS_FAMILY 1
| #define HAVE_ENVIRON_DECL 1
| #define HAVE_DECL_STRERROR_R 1
| #define HAVE_STRERROR_R 1
| #define HAVE_DECL_GETDTABLESIZE 1
| #define HAVE_IPV4 1
| #define HAVE_IPV6 1
| #define LSTAT_FOLLOWS_SLASHED_SYMLINK 1
| #define PROMOTED_MODE_T mode_t
| #define HAVE_STRERROR_R 1
| #define HAVE_DECL__PUTENV 0
| /* end confdefs.h.  */
| 
|       #include <signal.h>
|       /* Mingw defines sigset_t not in <signal.h>, but in <sys/types.h>.  */
|       #include <sys/types.h>
| 
| 
| int
| main (void)
| {
| if (sizeof ((sigset_t)))
| 	    return 0;
|   ;
|   return 0;
| }
configure:42450: result: yes
configure:42471: checking whether initstate is declared
configure:42471: gcc -c -g -O2   conftest.c >&5
configure:42471: $? = 0
configure:42471: result: yes
configure:42481: checking whether setstate is declared
configure:42481: gcc -c -g -O2   conftest.c >&5
configure:42481: $? = 0
configure:42481: result: yes
configure:42492: checking whether realloc should abort upon undefined behaviour
configure:42501: result: no
configure:42579: checking for library containing setsockopt
configure:42602: gcc -o conftest -g -O2   conftest.c  >&5
configure:42602: $? = 0
configure:42689: result: none needed
configure:42704: checking whether setenv is declared
configure:42704: gcc -c -g -O2   conftest.c >&5
configure:42704: $? = 0
configure:42704: result: yes
configure:42725: checking for search.h
configure:42725: gcc -c -g -O2  conftest.c >&5
configure:42725: $? = 0
configure:42725: result: yes
configure:42735: checking for tsearch
configure:42772: checking for tsearch
configure:42772: gcc -o conftest -g -O2   conftest.c  >&5
configure:42772: $? = 0
configure:42772: result: yes
configure:42788: result: yes
configure:42804: checking for uid_t
configure:42804: gcc -c -g -O2  conftest.c >&5
configure:42804: $? = 0
configure:42804: gcc -c -g -O2  conftest.c >&5
conftest.c: In function 'main':
conftest.c:210:20: error: expected expression before ')' token
  210 | if (sizeof ((uid_t)))
      |                    ^
configure:42804: $? = 1
configure: failed program was:
| /* confdefs.h */
| #define PACKAGE_NAME "libunistring"
| #define PACKAGE_TARNAME "libunistring"
| #define PACKAGE_VERSION "dummy"
| #define PACKAGE_STRING "libunistring dummy"
| #define PACKAGE_BUGREPORT ""
| #define PACKAGE_URL ""
| #undef PACKAGE_VERSION
| #define PACKAGE_VERSION "1.4.2"
| #undef PACKAGE_STRING
| #define PACKAGE_STRING "libunistring 1.4.2"
| #define PACKAGE "libunistring"
| #define VERSION "1.4.2"
| #define HAVE_STDIO_H 1
| #define HAVE_STDLIB_H 1
| #define HAVE_STRING_H 1
| #define HAVE_INTTYPES_H 1
| #define HAVE_STDINT_H 1
| #define HAVE_STRINGS_H 1
| #define HAVE_SYS_STAT_H 1
| #define HAVE_SYS_TYPES_H 1
| #define HAVE_UNISTD_H 1
| #define HAVE_WCHAR_H 1
| #define HAVE_STDBOOL_H 1
| #define HAVE_UCHAR_H 1
| #define HAVE_THREADS_H 1
| #define HAVE_LANGINFO_H 1
| #define HAVE_ICONV_H 1
| #define HAVE_LIMITS_H 1
| #define HAVE_WCTYPE_H 1
| #define HAVE_MATH_H 1
| #define HAVE_SYS_MMAN_H 1
| #define HAVE_PTHREAD_H 1
| #define HAVE_STDCKDINT_H 1
| #define HAVE_SYS_TIME_H 1
| #define HAVE_FEATURES_H 1
| #define HAVE_SYS_SOCKET_H 1
| #define HAVE_ARPA_INET_H 1
| #define HAVE_NETDB_H 1
| #define HAVE_NETINET_IN_H 1
| #define HAVE_SEMAPHORE_H 1
| #define HAVE_SYS_PARAM_H 1
| #define HAVE_SYS_SELECT_H 1
| #define HAVE_SYS_WAIT_H 1
| #define HAVE_SYS_IOCTL_H 1
| #define HAVE_SYS_UN_H 1
| #define HAVE_SYS_UIO_H 1
| #define STDC_HEADERS 1
| #define _ALL_SOURCE 1
| #define _DARWIN_C_SOURCE 1
| #define _GNU_SOURCE 1
| #define _HPUX_ALT_XOPEN_SOCKET_API 1
| #define _NETBSD_SOURCE 1
| #define _OPENBSD_SOURCE 1
| #define _POSIX_PTHREAD_SEMANTICS 1
| #define __STDC_WANT_IEC_60559_ATTRIBS_EXT__ 1
| #define __STDC_WANT_IEC_60559_BFP_EXT__ 1
| #define __STDC_WANT_IEC_60559_DFP_EXT__ 1
| #define __STDC_WANT_IEC_60559_EXT__ 1
| #define __STDC_WANT_IEC_60559_FUNCS_EXT__ 1
| #define __STDC_WANT_IEC_60559_TYPES_EXT__ 1
| #define __STDC_WANT_LIB_EXT2__ 1
| #define __STDC_WANT_MATH_SPEC_FUNCS__ 1
| #define _TANDEM_SOURCE 1
| #define __EXTENSIONS__ 1
| #define _LINUX_SOURCE_COMPAT 1
| #define __USE_MINGW_ANSI_STDIO 1
| #define HAVE_DLFCN_H 1
| #define LT_OBJDIR ".libs/"
| #define HAVE_ALLOCA_H 1
| #define HAVE_ALLOCA 1
| #define restrict __restrict__
| #define BITSIZEOF_WCHAR_T 32
| #define HAVE_MBSTATE_T 1
| #define HAVE_MBSINIT 1
| #define HAVE_MBRTOWC 1
| #define HAVE_SYMLINK 1
| #define HAVE_ISWCNTRL 1
| #define HAVE_MPROTECT 1
| #define HAVE_SNPRINTF 1
| #define HAVE_STRDUP 1
| #define HAVE_WCWIDTH 1
| #define HAVE_BTOWC 1
| #define HAVE_FCNTL 1
| #define HAVE_GETDTABLESIZE 1
| #define HAVE_GETTIMEOFDAY 1
| #define HAVE_ISBLANK 1
| #define HAVE_LSTAT 1
| #define HAVE___XPG_STRERROR_R 1
| #define HAVE_PIPE 1
| #define HAVE_PSELECT 1
| #define HAVE_PTHREAD_SIGMASK 1
| #define HAVE_SETENV 1
| #define HAVE_SLEEP 1
| #define HAVE_SHUTDOWN 1
| #define HAVE_USLEEP 1
| #define HAVE_WCRTOMB 1
| #define HAVE_WCTOB 1
| #define HAVE_LANGINFO_CODESET 1
| #define HAVE_WORKING_MBRTOC32 1
| #define HAVE_WORKING_C32RTOMB 1
| #define HAVE_WORKING_O_DIRECTORY 1
| #define HAVE_WORKING_O_NOATIME 1
| #define HAVE_WORKING_O_NOFOLLOW 1
| #define HAVE_DECL_ALARM 1
| #define HAVE_PTHREAD_API 1
| #define SETLOCALE_NULL_ALL_MTSAFE 0
| #define SETLOCALE_NULL_ONE_MTSAFE 1
| #define HAVE_WEAK_SYMBOLS 1
| #define HAVE_USELOCALE 1
| #define HAVE_WORKING_USELOCALE 1
| #define HAVE_GOOD_USELOCALE 1
| #define HAVE_ICONV 1
| #define ICONV_CONST 
| #define HAVE_WINT_T 1
| #define HAVE_LONG_LONG_INT 1
| #define HAVE_UNSIGNED_LONG_LONG_INT 1
| #define DBL_EXPBIT0_WORD 1
| #define DBL_EXPBIT0_BIT 20
| #define FLT_EXPBIT0_WORD 0
| #define FLT_EXPBIT0_BIT 23
| #define LDBL_EXPBIT0_WORD 2
| #define LDBL_EXPBIT0_BIT 0
| #define HAVE_TOWLOWER 1
| #define HAVE_LC_MESSAGES 1
| #define MUSL_LIBC 1
| #define HAVE_WEAK_SYMBOLS 1
| #define USE_POSIX_THREADS 1
| #define USE_POSIX_THREADS_WEAK 1
| #define HAVE_MALLOC_PTRDIFF 1
| #define HAVE_MALLOC_POSIX 1
| #define HAVE_MALLOC_0_NONNULL 1
| #define HAVE_MINMAX_IN_SYS_PARAM_H 1
| #define HAVE_PTHREAD_T 1
| #define HAVE_PTHREAD_SPINLOCK_T 1
| #define INSTALLPREFIX "/home/bloink/Work/unnamedlinuxdistro/fs"
| #define HAVE_DLADDR_IN_LIBC 1
| #define HAVE_SCHED_H 1
| #define HAVE_DECL_ECVT 1
| #define HAVE_DECL_FCVT 1
| #define HAVE_DECL_GCVT 1
| #define HAVE_DECL_STREQ 0
| #define HAVE_DECL_MEMEQ 0
| #define _USE_STD_STAT 1
| #define HAVE_DECL_EXECVPE 1
| #define HAVE_INTTYPES_H_WITH_UINTMAX 1
| #define HAVE_STDINT_H_WITH_UINTMAX 1
| #define HAVE_INTMAX_T 1
| #define HAVE_WCSLEN 1
| #define HAVE_SNPRINTF 1
| #define HAVE_STRNLEN 1
| #define HAVE_WCRTOMB 1
| #define HAVE_DECL__SNPRINTF 0
| #define HAVE_SNPRINTF_RETVAL_C99 1
| #define HAVE_SNPRINTF_TRUNCATION_C99 1
| #define CHECK_PRINTF_SAFE 1
| #define HAVE_DECL_WCSDUP 1
| #define HAVE_SHUTDOWN 1
| #define HAVE_STRUCT_SOCKADDR_STORAGE 1
| #define HAVE_SA_FAMILY_T 1
| #define HAVE_STRUCT_SOCKADDR_STORAGE_SS_FAMILY 1
| #define HAVE_ENVIRON_DECL 1
| #define HAVE_DECL_STRERROR_R 1
| #define HAVE_STRERROR_R 1
| #define HAVE_DECL_GETDTABLESIZE 1
| #define HAVE_IPV4 1
| #define HAVE_IPV6 1
| #define LSTAT_FOLLOWS_SLASHED_SYMLINK 1
| #define PROMOTED_MODE_T mode_t
| #define HAVE_STRERROR_R 1
| #define HAVE_DECL__PUTENV 0
| #define HAVE_SIGSET_T 1
| #define HAVE_DECL_INITSTATE 1
| #define HAVE_DECL_SETSTATE 1
| #define HAVE_DECL_SETENV 1
| #define HAVE_SEARCH_H 1
| #define HAVE_TSEARCH 1
| /* end confdefs.h.  */
| #include <stddef.h>
| #ifdef HAVE_STDIO_H
| # include <stdio.h>
| #endif
| #ifdef HAVE_STDLIB_H
| # include <stdlib.h>
| #endif
| #ifdef HAVE_STRING_H
| # include <string.h>
| #endif
| #ifdef HAVE_INTTYPES_H
| # include <inttypes.h>
| #endif
| #ifdef HAVE_STDINT_H
| # include <stdint.h>
| #endif
| #ifdef HAVE_STRINGS_H
| # include <strings.h>
| #endif
| #ifdef HAVE_SYS_TYPES_H
| # include <sys/types.h>
| #endif
| #ifdef HAVE_SYS_STAT_H
| # include <sys/stat.h>
| #endif
| #ifdef HAVE_UNISTD_H
| # include <unistd.h>
| #endif
| int
| main (void)
| {
| if (sizeof ((uid_t)))
| 	    return 0;
|   ;
|   return 0;
| }
configure:42804: result: yes
configure:42815: checking for gid_t
configure:42815: gcc -c -g -O2  conftest.c >&5
configure:42815: $? = 0
configure:42815: gcc -c -g -O2  conftest.c >&5
conftest.c: In function 'main':
conftest.c:210:20: error: expected expression before ')' token
  210 | if (sizeof ((gid_t)))
      |                    ^
configure:42815: $? = 1
configure: failed program was:
| /* confdefs.h */
| #define PACKAGE_NAME "libunistring"
| #define PACKAGE_TARNAME "libunistring"
| #define PACKAGE_VERSION "dummy"
| #define PACKAGE_STRING "libunistring dummy"
| #define PACKAGE_BUGREPORT ""
| #define PACKAGE_URL ""
| #undef PACKAGE_VERSION
| #define PACKAGE_VERSION "1.4.2"
| #undef PACKAGE_STRING
| #define PACKAGE_STRING "libunistring 1.4.2"
| #define PACKAGE "libunistring"
| #define VERSION "1.4.2"
| #define HAVE_STDIO_H 1
| #define HAVE_STDLIB_H 1
| #define HAVE_STRING_H 1
| #define HAVE_INTTYPES_H 1
| #define HAVE_STDINT_H 1
| #define HAVE_STRINGS_H 1
| #define HAVE_SYS_STAT_H 1
| #define HAVE_SYS_TYPES_H 1
| #define HAVE_UNISTD_H 1
| #define HAVE_WCHAR_H 1
| #define HAVE_STDBOOL_H 1
| #define HAVE_UCHAR_H 1
| #define HAVE_THREADS_H 1
| #define HAVE_LANGINFO_H 1
| #define HAVE_ICONV_H 1
| #define HAVE_LIMITS_H 1
| #define HAVE_WCTYPE_H 1
| #define HAVE_MATH_H 1
| #define HAVE_SYS_MMAN_H 1
| #define HAVE_PTHREAD_H 1
| #define HAVE_STDCKDINT_H 1
| #define HAVE_SYS_TIME_H 1
| #define HAVE_FEATURES_H 1
| #define HAVE_SYS_SOCKET_H 1
| #define HAVE_ARPA_INET_H 1
| #define HAVE_NETDB_H 1
| #define HAVE_NETINET_IN_H 1
| #define HAVE_SEMAPHORE_H 1
| #define HAVE_SYS_PARAM_H 1
| #define HAVE_SYS_SELECT_H 1
| #define HAVE_SYS_WAIT_H 1
| #define HAVE_SYS_IOCTL_H 1
| #define HAVE_SYS_UN_H 1
| #define HAVE_SYS_UIO_H 1
| #define STDC_HEADERS 1
| #define _ALL_SOURCE 1
| #define _DARWIN_C_SOURCE 1
| #define _GNU_SOURCE 1
| #define _HPUX_ALT_XOPEN_SOCKET_API 1
| #define _NETBSD_SOURCE 1
| #define _OPENBSD_SOURCE 1
| #define _POSIX_PTHREAD_SEMANTICS 1
| #define __STDC_WANT_IEC_60559_ATTRIBS_EXT__ 1
| #define __STDC_WANT_IEC_60559_BFP_EXT__ 1
| #define __STDC_WANT_IEC_60559_DFP_EXT__ 1
| #define __STDC_WANT_IEC_60559_EXT__ 1
| #define __STDC_WANT_IEC_60559_FUNCS_EXT__ 1
| #define __STDC_WANT_IEC_60559_TYPES_EXT__ 1
| #define __STDC_WANT_LIB_EXT2__ 1
| #define __STDC_WANT_MATH_SPEC_FUNCS__ 1
| #define _TANDEM_SOURCE 1
| #define __EXTENSIONS__ 1
| #define _LINUX_SOURCE_COMPAT 1
| #define __USE_MINGW_ANSI_STDIO 1
| #define HAVE_DLFCN_H 1
| #define LT_OBJDIR ".libs/"
| #define HAVE_ALLOCA_H 1
| #define HAVE_ALLOCA 1
| #define restrict __restrict__
| #define BITSIZEOF_WCHAR_T 32
| #define HAVE_MBSTATE_T 1
| #define HAVE_MBSINIT 1
| #define HAVE_MBRTOWC 1
| #define HAVE_SYMLINK 1
| #define HAVE_ISWCNTRL 1
| #define HAVE_MPROTECT 1
| #define HAVE_SNPRINTF 1
| #define HAVE_STRDUP 1
| #define HAVE_WCWIDTH 1
| #define HAVE_BTOWC 1
| #define HAVE_FCNTL 1
| #define HAVE_GETDTABLESIZE 1
| #define HAVE_GETTIMEOFDAY 1
| #define HAVE_ISBLANK 1
| #define HAVE_LSTAT 1
| #define HAVE___XPG_STRERROR_R 1
| #define HAVE_PIPE 1
| #define HAVE_PSELECT 1
| #define HAVE_PTHREAD_SIGMASK 1
| #define HAVE_SETENV 1
| #define HAVE_SLEEP 1
| #define HAVE_SHUTDOWN 1
| #define HAVE_USLEEP 1
| #define HAVE_WCRTOMB 1
| #define HAVE_WCTOB 1
| #define HAVE_LANGINFO_CODESET 1
| #define HAVE_WORKING_MBRTOC32 1
| #define HAVE_WORKING_C32RTOMB 1
| #define HAVE_WORKING_O_DIRECTORY 1
| #define HAVE_WORKING_O_NOATIME 1
| #define HAVE_WORKING_O_NOFOLLOW 1
| #define HAVE_DECL_ALARM 1
| #define HAVE_PTHREAD_API 1
| #define SETLOCALE_NULL_ALL_MTSAFE 0
| #define SETLOCALE_NULL_ONE_MTSAFE 1
| #define HAVE_WEAK_SYMBOLS 1
| #define HAVE_USELOCALE 1
| #define HAVE_WORKING_USELOCALE 1
| #define HAVE_GOOD_USELOCALE 1
| #define HAVE_ICONV 1
| #define ICONV_CONST 
| #define HAVE_WINT_T 1
| #define HAVE_LONG_LONG_INT 1
| #define HAVE_UNSIGNED_LONG_LONG_INT 1
| #define DBL_EXPBIT0_WORD 1
| #define DBL_EXPBIT0_BIT 20
| #define FLT_EXPBIT0_WORD 0
| #define FLT_EXPBIT0_BIT 23
| #define LDBL_EXPBIT0_WORD 2
| #define LDBL_EXPBIT0_BIT 0
| #define HAVE_TOWLOWER 1
| #define HAVE_LC_MESSAGES 1
| #define MUSL_LIBC 1
| #define HAVE_WEAK_SYMBOLS 1
| #define USE_POSIX_THREADS 1
| #define USE_POSIX_THREADS_WEAK 1
| #define HAVE_MALLOC_PTRDIFF 1
| #define HAVE_MALLOC_POSIX 1
| #define HAVE_MALLOC_0_NONNULL 1
| #define HAVE_MINMAX_IN_SYS_PARAM_H 1
| #define HAVE_PTHREAD_T 1
| #define HAVE_PTHREAD_SPINLOCK_T 1
| #define INSTALLPREFIX "/home/bloink/Work/unnamedlinuxdistro/fs"
| #define HAVE_DLADDR_IN_LIBC 1
| #define HAVE_SCHED_H 1
| #define HAVE_DECL_ECVT 1
| #define HAVE_DECL_FCVT 1
| #define HAVE_DECL_GCVT 1
| #define HAVE_DECL_STREQ 0
| #define HAVE_DECL_MEMEQ 0
| #define _USE_STD_STAT 1
| #define HAVE_DECL_EXECVPE 1
| #define HAVE_INTTYPES_H_WITH_UINTMAX 1
| #define HAVE_STDINT_H_WITH_UINTMAX 1
| #define HAVE_INTMAX_T 1
| #define HAVE_WCSLEN 1
| #define HAVE_SNPRINTF 1
| #define HAVE_STRNLEN 1
| #define HAVE_WCRTOMB 1
| #define HAVE_DECL__SNPRINTF 0
| #define HAVE_SNPRINTF_RETVAL_C99 1
| #define HAVE_SNPRINTF_TRUNCATION_C99 1
| #define CHECK_PRINTF_SAFE 1
| #define HAVE_DECL_WCSDUP 1
| #define HAVE_SHUTDOWN 1
| #define HAVE_STRUCT_SOCKADDR_STORAGE 1
| #define HAVE_SA_FAMILY_T 1
| #define HAVE_STRUCT_SOCKADDR_STORAGE_SS_FAMILY 1
| #define HAVE_ENVIRON_DECL 1
| #define HAVE_DECL_STRERROR_R 1
| #define HAVE_STRERROR_R 1
| #define HAVE_DECL_GETDTABLESIZE 1
| #define HAVE_IPV4 1
| #define HAVE_IPV6 1
| #define LSTAT_FOLLOWS_SLASHED_SYMLINK 1
| #define PROMOTED_MODE_T mode_t
| #define HAVE_STRERROR_R 1
| #define HAVE_DECL__PUTENV 0
| #define HAVE_SIGSET_T 1
| #define HAVE_DECL_INITSTATE 1
| #define HAVE_DECL_SETSTATE 1
| #define HAVE_DECL_SETENV 1
| #define HAVE_SEARCH_H 1
| #define HAVE_TSEARCH 1
| /* end confdefs.h.  */
| #include <stddef.h>
| #ifdef HAVE_STDIO_H
| # include <stdio.h>
| #endif
| #ifdef HAVE_STDLIB_H
| # include <stdlib.h>
| #endif
| #ifdef HAVE_STRING_H
| # include <string.h>
| #endif
| #ifdef HAVE_INTTYPES_H
| # include <inttypes.h>
| #endif
| #ifdef HAVE_STDINT_H
| # include <stdint.h>
| #endif
| #ifdef HAVE_STRINGS_H
| # include <strings.h>
| #endif
| #ifdef HAVE_SYS_TYPES_H
| # include <sys/types.h>
| #endif
| #ifdef HAVE_SYS_STAT_H
| # include <sys/stat.h>
| #endif
| #ifdef HAVE_UNISTD_H
| # include <unistd.h>
| #endif
| int
| main (void)
| {
| if (sizeof ((gid_t)))
| 	    return 0;
|   ;
|   return 0;
| }
configure:42815: result: yes
configure:42905: checking for volatile sig_atomic_t
configure:42905: gcc -c -g -O2  conftest.c >&5
configure:42905: $? = 0
configure:42905: gcc -c -g -O2  conftest.c >&5
conftest.c: In function 'main':
conftest.c:186:36: error: expected expression before ')' token
  186 | if (sizeof ((volatile sig_atomic_t)))
      |                                    ^
configure:42905: $? = 1
configure: failed program was:
| /* confdefs.h */
| #define PACKAGE_NAME "libunistring"
| #define PACKAGE_TARNAME "libunistring"
| #define PACKAGE_VERSION "dummy"
| #define PACKAGE_STRING "libunistring dummy"
| #define PACKAGE_BUGREPORT ""
| #define PACKAGE_URL ""
| #undef PACKAGE_VERSION
| #define PACKAGE_VERSION "1.4.2"
| #undef PACKAGE_STRING
| #define PACKAGE_STRING "libunistring 1.4.2"
| #define PACKAGE "libunistring"
| #define VERSION "1.4.2"
| #define HAVE_STDIO_H 1
| #define HAVE_STDLIB_H 1
| #define HAVE_STRING_H 1
| #define HAVE_INTTYPES_H 1
| #define HAVE_STDINT_H 1
| #define HAVE_STRINGS_H 1
| #define HAVE_SYS_STAT_H 1
| #define HAVE_SYS_TYPES_H 1
| #define HAVE_UNISTD_H 1
| #define HAVE_WCHAR_H 1
| #define HAVE_STDBOOL_H 1
| #define HAVE_UCHAR_H 1
| #define HAVE_THREADS_H 1
| #define HAVE_LANGINFO_H 1
| #define HAVE_ICONV_H 1
| #define HAVE_LIMITS_H 1
| #define HAVE_WCTYPE_H 1
| #define HAVE_MATH_H 1
| #define HAVE_SYS_MMAN_H 1
| #define HAVE_PTHREAD_H 1
| #define HAVE_STDCKDINT_H 1
| #define HAVE_SYS_TIME_H 1
| #define HAVE_FEATURES_H 1
| #define HAVE_SYS_SOCKET_H 1
| #define HAVE_ARPA_INET_H 1
| #define HAVE_NETDB_H 1
| #define HAVE_NETINET_IN_H 1
| #define HAVE_SEMAPHORE_H 1
| #define HAVE_SYS_PARAM_H 1
| #define HAVE_SYS_SELECT_H 1
| #define HAVE_SYS_WAIT_H 1
| #define HAVE_SYS_IOCTL_H 1
| #define HAVE_SYS_UN_H 1
| #define HAVE_SYS_UIO_H 1
| #define STDC_HEADERS 1
| #define _ALL_SOURCE 1
| #define _DARWIN_C_SOURCE 1
| #define _GNU_SOURCE 1
| #define _HPUX_ALT_XOPEN_SOCKET_API 1
| #define _NETBSD_SOURCE 1
| #define _OPENBSD_SOURCE 1
| #define _POSIX_PTHREAD_SEMANTICS 1
| #define __STDC_WANT_IEC_60559_ATTRIBS_EXT__ 1
| #define __STDC_WANT_IEC_60559_BFP_EXT__ 1
| #define __STDC_WANT_IEC_60559_DFP_EXT__ 1
| #define __STDC_WANT_IEC_60559_EXT__ 1
| #define __STDC_WANT_IEC_60559_FUNCS_EXT__ 1
| #define __STDC_WANT_IEC_60559_TYPES_EXT__ 1
| #define __STDC_WANT_LIB_EXT2__ 1
| #define __STDC_WANT_MATH_SPEC_FUNCS__ 1
| #define _TANDEM_SOURCE 1
| #define __EXTENSIONS__ 1
| #define _LINUX_SOURCE_COMPAT 1
| #define __USE_MINGW_ANSI_STDIO 1
| #define HAVE_DLFCN_H 1
| #define LT_OBJDIR ".libs/"
| #define HAVE_ALLOCA_H 1
| #define HAVE_ALLOCA 1
| #define restrict __restrict__
| #define BITSIZEOF_WCHAR_T 32
| #define HAVE_MBSTATE_T 1
| #define HAVE_MBSINIT 1
| #define HAVE_MBRTOWC 1
| #define HAVE_SYMLINK 1
| #define HAVE_ISWCNTRL 1
| #define HAVE_MPROTECT 1
| #define HAVE_SNPRINTF 1
| #define HAVE_STRDUP 1
| #define HAVE_WCWIDTH 1
| #define HAVE_BTOWC 1
| #define HAVE_FCNTL 1
| #define HAVE_GETDTABLESIZE 1
| #define HAVE_GETTIMEOFDAY 1
| #define HAVE_ISBLANK 1
| #define HAVE_LSTAT 1
| #define HAVE___XPG_STRERROR_R 1
| #define HAVE_PIPE 1
| #define HAVE_PSELECT 1
| #define HAVE_PTHREAD_SIGMASK 1
| #define HAVE_SETENV 1
| #define HAVE_SLEEP 1
| #define HAVE_SHUTDOWN 1
| #define HAVE_USLEEP 1
| #define HAVE_WCRTOMB 1
| #define HAVE_WCTOB 1
| #define HAVE_LANGINFO_CODESET 1
| #define HAVE_WORKING_MBRTOC32 1
| #define HAVE_WORKING_C32RTOMB 1
| #define HAVE_WORKING_O_DIRECTORY 1
| #define HAVE_WORKING_O_NOATIME 1
| #define HAVE_WORKING_O_NOFOLLOW 1
| #define HAVE_DECL_ALARM 1
| #define HAVE_PTHREAD_API 1
| #define SETLOCALE_NULL_ALL_MTSAFE 0
| #define SETLOCALE_NULL_ONE_MTSAFE 1
| #define HAVE_WEAK_SYMBOLS 1
| #define HAVE_USELOCALE 1
| #define HAVE_WORKING_USELOCALE 1
| #define HAVE_GOOD_USELOCALE 1
| #define HAVE_ICONV 1
| #define ICONV_CONST 
| #define HAVE_WINT_T 1
| #define HAVE_LONG_LONG_INT 1
| #define HAVE_UNSIGNED_LONG_LONG_INT 1
| #define DBL_EXPBIT0_WORD 1
| #define DBL_EXPBIT0_BIT 20
| #define FLT_EXPBIT0_WORD 0
| #define FLT_EXPBIT0_BIT 23
| #define LDBL_EXPBIT0_WORD 2
| #define LDBL_EXPBIT0_BIT 0
| #define HAVE_TOWLOWER 1
| #define HAVE_LC_MESSAGES 1
| #define MUSL_LIBC 1
| #define HAVE_WEAK_SYMBOLS 1
| #define USE_POSIX_THREADS 1
| #define USE_POSIX_THREADS_WEAK 1
| #define HAVE_MALLOC_PTRDIFF 1
| #define HAVE_MALLOC_POSIX 1
| #define HAVE_MALLOC_0_NONNULL 1
| #define HAVE_MINMAX_IN_SYS_PARAM_H 1
| #define HAVE_PTHREAD_T 1
| #define HAVE_PTHREAD_SPINLOCK_T 1
| #define INSTALLPREFIX "/home/bloink/Work/unnamedlinuxdistro/fs"
| #define HAVE_DLADDR_IN_LIBC 1
| #define HAVE_SCHED_H 1
| #define HAVE_DECL_ECVT 1
| #define HAVE_DECL_FCVT 1
| #define HAVE_DECL_GCVT 1
| #define HAVE_DECL_STREQ 0
| #define HAVE_DECL_MEMEQ 0
| #define _USE_STD_STAT 1
| #define HAVE_DECL_EXECVPE 1
| #define HAVE_INTTYPES_H_WITH_UINTMAX 1
| #define HAVE_STDINT_H_WITH_UINTMAX 1
| #define HAVE_INTMAX_T 1
| #define HAVE_WCSLEN 1
| #define HAVE_SNPRINTF 1
| #define HAVE_STRNLEN 1
| #define HAVE_WCRTOMB 1
| #define HAVE_DECL__SNPRINTF 0
| #define HAVE_SNPRINTF_RETVAL_C99 1
| #define HAVE_SNPRINTF_TRUNCATION_C99 1
| #define CHECK_PRINTF_SAFE 1
| #define HAVE_DECL_WCSDUP 1
| #define HAVE_SHUTDOWN 1
| #define HAVE_STRUCT_SOCKADDR_STORAGE 1
| #define HAVE_SA_FAMILY_T 1
| #define HAVE_STRUCT_SOCKADDR_STORAGE_SS_FAMILY 1
| #define HAVE_ENVIRON_DECL 1
| #define HAVE_DECL_STRERROR_R 1
| #define HAVE_STRERROR_R 1
| #define HAVE_DECL_GETDTABLESIZE 1
| #define HAVE_IPV4 1
| #define HAVE_IPV6 1
| #define LSTAT_FOLLOWS_SLASHED_SYMLINK 1
| #define PROMOTED_MODE_T mode_t
| #define HAVE_STRERROR_R 1
| #define HAVE_DECL__PUTENV 0
| #define HAVE_SIGSET_T 1
| #define HAVE_DECL_INITSTATE 1
| #define HAVE_DECL_SETSTATE 1
| #define HAVE_DECL_SETENV 1
| #define HAVE_SEARCH_H 1
| #define HAVE_TSEARCH 1
| /* end confdefs.h.  */
| 
| #include <signal.h>
| 
| 
| int
| main (void)
| {
| if (sizeof ((volatile sig_atomic_t)))
| 	    return 0;
|   ;
|   return 0;
| }
configure:42905: result: yes
configure:42923: checking for sighandler_t
configure:42923: gcc -c -g -O2  conftest.c >&5
configure:42923: $? = 0
configure:42923: gcc -c -g -O2  conftest.c >&5
conftest.c: In function 'main':
conftest.c:186:27: error: expected expression before ')' token
  186 | if (sizeof ((sighandler_t)))
      |                           ^
configure:42923: $? = 1
configure: failed program was:
| /* confdefs.h */
| #define PACKAGE_NAME "libunistring"
| #define PACKAGE_TARNAME "libunistring"
| #define PACKAGE_VERSION "dummy"
| #define PACKAGE_STRING "libunistring dummy"
| #define PACKAGE_BUGREPORT ""
| #define PACKAGE_URL ""
| #undef PACKAGE_VERSION
| #define PACKAGE_VERSION "1.4.2"
| #undef PACKAGE_STRING
| #define PACKAGE_STRING "libunistring 1.4.2"
| #define PACKAGE "libunistring"
| #define VERSION "1.4.2"
| #define HAVE_STDIO_H 1
| #define HAVE_STDLIB_H 1
| #define HAVE_STRING_H 1
| #define HAVE_INTTYPES_H 1
| #define HAVE_STDINT_H 1
| #define HAVE_STRINGS_H 1
| #define HAVE_SYS_STAT_H 1
| #define HAVE_SYS_TYPES_H 1
| #define HAVE_UNISTD_H 1
| #define HAVE_WCHAR_H 1
| #define HAVE_STDBOOL_H 1
| #define HAVE_UCHAR_H 1
| #define HAVE_THREADS_H 1
| #define HAVE_LANGINFO_H 1
| #define HAVE_ICONV_H 1
| #define HAVE_LIMITS_H 1
| #define HAVE_WCTYPE_H 1
| #define HAVE_MATH_H 1
| #define HAVE_SYS_MMAN_H 1
| #define HAVE_PTHREAD_H 1
| #define HAVE_STDCKDINT_H 1
| #define HAVE_SYS_TIME_H 1
| #define HAVE_FEATURES_H 1
| #define HAVE_SYS_SOCKET_H 1
| #define HAVE_ARPA_INET_H 1
| #define HAVE_NETDB_H 1
| #define HAVE_NETINET_IN_H 1
| #define HAVE_SEMAPHORE_H 1
| #define HAVE_SYS_PARAM_H 1
| #define HAVE_SYS_SELECT_H 1
| #define HAVE_SYS_WAIT_H 1
| #define HAVE_SYS_IOCTL_H 1
| #define HAVE_SYS_UN_H 1
| #define HAVE_SYS_UIO_H 1
| #define STDC_HEADERS 1
| #define _ALL_SOURCE 1
| #define _DARWIN_C_SOURCE 1
| #define _GNU_SOURCE 1
| #define _HPUX_ALT_XOPEN_SOCKET_API 1
| #define _NETBSD_SOURCE 1
| #define _OPENBSD_SOURCE 1
| #define _POSIX_PTHREAD_SEMANTICS 1
| #define __STDC_WANT_IEC_60559_ATTRIBS_EXT__ 1
| #define __STDC_WANT_IEC_60559_BFP_EXT__ 1
| #define __STDC_WANT_IEC_60559_DFP_EXT__ 1
| #define __STDC_WANT_IEC_60559_EXT__ 1
| #define __STDC_WANT_IEC_60559_FUNCS_EXT__ 1
| #define __STDC_WANT_IEC_60559_TYPES_EXT__ 1
| #define __STDC_WANT_LIB_EXT2__ 1
| #define __STDC_WANT_MATH_SPEC_FUNCS__ 1
| #define _TANDEM_SOURCE 1
| #define __EXTENSIONS__ 1
| #define _LINUX_SOURCE_COMPAT 1
| #define __USE_MINGW_ANSI_STDIO 1
| #define HAVE_DLFCN_H 1
| #define LT_OBJDIR ".libs/"
| #define HAVE_ALLOCA_H 1
| #define HAVE_ALLOCA 1
| #define restrict __restrict__
| #define BITSIZEOF_WCHAR_T 32
| #define HAVE_MBSTATE_T 1
| #define HAVE_MBSINIT 1
| #define HAVE_MBRTOWC 1
| #define HAVE_SYMLINK 1
| #define HAVE_ISWCNTRL 1
| #define HAVE_MPROTECT 1
| #define HAVE_SNPRINTF 1
| #define HAVE_STRDUP 1
| #define HAVE_WCWIDTH 1
| #define HAVE_BTOWC 1
| #define HAVE_FCNTL 1
| #define HAVE_GETDTABLESIZE 1
| #define HAVE_GETTIMEOFDAY 1
| #define HAVE_ISBLANK 1
| #define HAVE_LSTAT 1
| #define HAVE___XPG_STRERROR_R 1
| #define HAVE_PIPE 1
| #define HAVE_PSELECT 1
| #define HAVE_PTHREAD_SIGMASK 1
| #define HAVE_SETENV 1
| #define HAVE_SLEEP 1
| #define HAVE_SHUTDOWN 1
| #define HAVE_USLEEP 1
| #define HAVE_WCRTOMB 1
| #define HAVE_WCTOB 1
| #define HAVE_LANGINFO_CODESET 1
| #define HAVE_WORKING_MBRTOC32 1
| #define HAVE_WORKING_C32RTOMB 1
| #define HAVE_WORKING_O_DIRECTORY 1
| #define HAVE_WORKING_O_NOATIME 1
| #define HAVE_WORKING_O_NOFOLLOW 1
| #define HAVE_DECL_ALARM 1
| #define HAVE_PTHREAD_API 1
| #define SETLOCALE_NULL_ALL_MTSAFE 0
| #define SETLOCALE_NULL_ONE_MTSAFE 1
| #define HAVE_WEAK_SYMBOLS 1
| #define HAVE_USELOCALE 1
| #define HAVE_WORKING_USELOCALE 1
| #define HAVE_GOOD_USELOCALE 1
| #define HAVE_ICONV 1
| #define ICONV_CONST 
| #define HAVE_WINT_T 1
| #define HAVE_LONG_LONG_INT 1
| #define HAVE_UNSIGNED_LONG_LONG_INT 1
| #define DBL_EXPBIT0_WORD 1
| #define DBL_EXPBIT0_BIT 20
| #define FLT_EXPBIT0_WORD 0
| #define FLT_EXPBIT0_BIT 23
| #define LDBL_EXPBIT0_WORD 2
| #define LDBL_EXPBIT0_BIT 0
| #define HAVE_TOWLOWER 1
| #define HAVE_LC_MESSAGES 1
| #define MUSL_LIBC 1
| #define HAVE_WEAK_SYMBOLS 1
| #define USE_POSIX_THREADS 1
| #define USE_POSIX_THREADS_WEAK 1
| #define HAVE_MALLOC_PTRDIFF 1
| #define HAVE_MALLOC_POSIX 1
| #define HAVE_MALLOC_0_NONNULL 1
| #define HAVE_MINMAX_IN_SYS_PARAM_H 1
| #define HAVE_PTHREAD_T 1
| #define HAVE_PTHREAD_SPINLOCK_T 1
| #define INSTALLPREFIX "/home/bloink/Work/unnamedlinuxdistro/fs"
| #define HAVE_DLADDR_IN_LIBC 1
| #define HAVE_SCHED_H 1
| #define HAVE_DECL_ECVT 1
| #define HAVE_DECL_FCVT 1
| #define HAVE_DECL_GCVT 1
| #define HAVE_DECL_STREQ 0
| #define HAVE_DECL_MEMEQ 0
| #define _USE_STD_STAT 1
| #define HAVE_DECL_EXECVPE 1
| #define HAVE_INTTYPES_H_WITH_UINTMAX 1
| #define HAVE_STDINT_H_WITH_UINTMAX 1
| #define HAVE_INTMAX_T 1
| #define HAVE_WCSLEN 1
| #define HAVE_SNPRINTF 1
| #define HAVE_STRNLEN 1
| #define HAVE_WCRTOMB 1
| #define HAVE_DECL__SNPRINTF 0
| #define HAVE_SNPRINTF_RETVAL_C99 1
| #define HAVE_SNPRINTF_TRUNCATION_C99 1
| #define CHECK_PRINTF_SAFE 1
| #define HAVE_DECL_WCSDUP 1
| #define HAVE_SHUTDOWN 1
| #define HAVE_STRUCT_SOCKADDR_STORAGE 1
| #define HAVE_SA_FAMILY_T 1
| #define HAVE_STRUCT_SOCKADDR_STORAGE_SS_FAMILY 1
| #define HAVE_ENVIRON_DECL 1
| #define HAVE_DECL_STRERROR_R 1
| #define HAVE_STRERROR_R 1
| #define HAVE_DECL_GETDTABLESIZE 1
| #define HAVE_IPV4 1
| #define HAVE_IPV6 1
| #define LSTAT_FOLLOWS_SLASHED_SYMLINK 1
| #define PROMOTED_MODE_T mode_t
| #define HAVE_STRERROR_R 1
| #define HAVE_DECL__PUTENV 0
| #define HAVE_SIGSET_T 1
| #define HAVE_DECL_INITSTATE 1
| #define HAVE_DECL_SETSTATE 1
| #define HAVE_DECL_SETENV 1
| #define HAVE_SEARCH_H 1
| #define HAVE_TSEARCH 1
| /* end confdefs.h.  */
| 
| #include <signal.h>
| 
| 
| int
| main (void)
| {
| if (sizeof ((sighandler_t)))
| 	    return 0;
|   ;
|   return 0;
| }
configure:42923: result: yes
configure:43120: checking whether fcloseall is declared
configure:43120: gcc -c -g -O2   conftest.c >&5
conftest.c: In function 'main':
conftest.c:214:10: error: 'fcloseall' undeclared (first use in this function); did you mean 'fclose'?
  214 |   (void) fcloseall;
      |          ^~~~~~~~~
      |          fclose
conftest.c:214:10: note: each undeclared identifier is reported only once for each function it appears in
configure:43120: $? = 1
configure: failed program was:
| /* confdefs.h */
| #define PACKAGE_NAME "libunistring"
| #define PACKAGE_TARNAME "libunistring"
| #define PACKAGE_VERSION "dummy"
| #define PACKAGE_STRING "libunistring dummy"
| #define PACKAGE_BUGREPORT ""
| #define PACKAGE_URL ""
| #undef PACKAGE_VERSION
| #define PACKAGE_VERSION "1.4.2"
| #undef PACKAGE_STRING
| #define PACKAGE_STRING "libunistring 1.4.2"
| #define PACKAGE "libunistring"
| #define VERSION "1.4.2"
| #define HAVE_STDIO_H 1
| #define HAVE_STDLIB_H 1
| #define HAVE_STRING_H 1
| #define HAVE_INTTYPES_H 1
| #define HAVE_STDINT_H 1
| #define HAVE_STRINGS_H 1
| #define HAVE_SYS_STAT_H 1
| #define HAVE_SYS_TYPES_H 1
| #define HAVE_UNISTD_H 1
| #define HAVE_WCHAR_H 1
| #define HAVE_STDBOOL_H 1
| #define HAVE_UCHAR_H 1
| #define HAVE_THREADS_H 1
| #define HAVE_LANGINFO_H 1
| #define HAVE_ICONV_H 1
| #define HAVE_LIMITS_H 1
| #define HAVE_WCTYPE_H 1
| #define HAVE_MATH_H 1
| #define HAVE_SYS_MMAN_H 1
| #define HAVE_PTHREAD_H 1
| #define HAVE_STDCKDINT_H 1
| #define HAVE_SYS_TIME_H 1
| #define HAVE_FEATURES_H 1
| #define HAVE_SYS_SOCKET_H 1
| #define HAVE_ARPA_INET_H 1
| #define HAVE_NETDB_H 1
| #define HAVE_NETINET_IN_H 1
| #define HAVE_SEMAPHORE_H 1
| #define HAVE_SYS_PARAM_H 1
| #define HAVE_SYS_SELECT_H 1
| #define HAVE_SYS_WAIT_H 1
| #define HAVE_SYS_IOCTL_H 1
| #define HAVE_SYS_UN_H 1
| #define HAVE_SYS_UIO_H 1
| #define STDC_HEADERS 1
| #define _ALL_SOURCE 1
| #define _DARWIN_C_SOURCE 1
| #define _GNU_SOURCE 1
| #define _HPUX_ALT_XOPEN_SOCKET_API 1
| #define _NETBSD_SOURCE 1
| #define _OPENBSD_SOURCE 1
| #define _POSIX_PTHREAD_SEMANTICS 1
| #define __STDC_WANT_IEC_60559_ATTRIBS_EXT__ 1
| #define __STDC_WANT_IEC_60559_BFP_EXT__ 1
| #define __STDC_WANT_IEC_60559_DFP_EXT__ 1
| #define __STDC_WANT_IEC_60559_EXT__ 1
| #define __STDC_WANT_IEC_60559_FUNCS_EXT__ 1
| #define __STDC_WANT_IEC_60559_TYPES_EXT__ 1
| #define __STDC_WANT_LIB_EXT2__ 1
| #define __STDC_WANT_MATH_SPEC_FUNCS__ 1
| #define _TANDEM_SOURCE 1
| #define __EXTENSIONS__ 1
| #define _LINUX_SOURCE_COMPAT 1
| #define __USE_MINGW_ANSI_STDIO 1
| #define HAVE_DLFCN_H 1
| #define LT_OBJDIR ".libs/"
| #define HAVE_ALLOCA_H 1
| #define HAVE_ALLOCA 1
| #define restrict __restrict__
| #define BITSIZEOF_WCHAR_T 32
| #define HAVE_MBSTATE_T 1
| #define HAVE_MBSINIT 1
| #define HAVE_MBRTOWC 1
| #define HAVE_SYMLINK 1
| #define HAVE_ISWCNTRL 1
| #define HAVE_MPROTECT 1
| #define HAVE_SNPRINTF 1
| #define HAVE_STRDUP 1
| #define HAVE_WCWIDTH 1
| #define HAVE_BTOWC 1
| #define HAVE_FCNTL 1
| #define HAVE_GETDTABLESIZE 1
| #define HAVE_GETTIMEOFDAY 1
| #define HAVE_ISBLANK 1
| #define HAVE_LSTAT 1
| #define HAVE___XPG_STRERROR_R 1
| #define HAVE_PIPE 1
| #define HAVE_PSELECT 1
| #define HAVE_PTHREAD_SIGMASK 1
| #define HAVE_SETENV 1
| #define HAVE_SLEEP 1
| #define HAVE_SHUTDOWN 1
| #define HAVE_USLEEP 1
| #define HAVE_WCRTOMB 1
| #define HAVE_WCTOB 1
| #define HAVE_LANGINFO_CODESET 1
| #define HAVE_WORKING_MBRTOC32 1
| #define HAVE_WORKING_C32RTOMB 1
| #define HAVE_WORKING_O_DIRECTORY 1
| #define HAVE_WORKING_O_NOATIME 1
| #define HAVE_WORKING_O_NOFOLLOW 1
| #define HAVE_DECL_ALARM 1
| #define HAVE_PTHREAD_API 1
| #define SETLOCALE_NULL_ALL_MTSAFE 0
| #define SETLOCALE_NULL_ONE_MTSAFE 1
| #define HAVE_WEAK_SYMBOLS 1
| #define HAVE_USELOCALE 1
| #define HAVE_WORKING_USELOCALE 1
| #define HAVE_GOOD_USELOCALE 1
| #define HAVE_ICONV 1
| #define ICONV_CONST 
| #define HAVE_WINT_T 1
| #define HAVE_LONG_LONG_INT 1
| #define HAVE_UNSIGNED_LONG_LONG_INT 1
| #define DBL_EXPBIT0_WORD 1
| #define DBL_EXPBIT0_BIT 20
| #define FLT_EXPBIT0_WORD 0
| #define FLT_EXPBIT0_BIT 23
| #define LDBL_EXPBIT0_WORD 2
| #define LDBL_EXPBIT0_BIT 0
| #define HAVE_TOWLOWER 1
| #define HAVE_LC_MESSAGES 1
| #define MUSL_LIBC 1
| #define HAVE_WEAK_SYMBOLS 1
| #define USE_POSIX_THREADS 1
| #define USE_POSIX_THREADS_WEAK 1
| #define HAVE_MALLOC_PTRDIFF 1
| #define HAVE_MALLOC_POSIX 1
| #define HAVE_MALLOC_0_NONNULL 1
| #define HAVE_MINMAX_IN_SYS_PARAM_H 1
| #define HAVE_PTHREAD_T 1
| #define HAVE_PTHREAD_SPINLOCK_T 1
| #define INSTALLPREFIX "/home/bloink/Work/unnamedlinuxdistro/fs"
| #define HAVE_DLADDR_IN_LIBC 1
| #define HAVE_SCHED_H 1
| #define HAVE_DECL_ECVT 1
| #define HAVE_DECL_FCVT 1
| #define HAVE_DECL_GCVT 1
| #define HAVE_DECL_STREQ 0
| #define HAVE_DECL_MEMEQ 0
| #define _USE_STD_STAT 1
| #define HAVE_DECL_EXECVPE 1
| #define HAVE_INTTYPES_H_WITH_UINTMAX 1
| #define HAVE_STDINT_H_WITH_UINTMAX 1
| #define HAVE_INTMAX_T 1
| #define HAVE_WCSLEN 1
| #define HAVE_SNPRINTF 1
| #define HAVE_STRNLEN 1
| #define HAVE_WCRTOMB 1
| #define HAVE_DECL__SNPRINTF 0
| #define HAVE_SNPRINTF_RETVAL_C99 1
| #define HAVE_SNPRINTF_TRUNCATION_C99 1
| #define CHECK_PRINTF_SAFE 1
| #define HAVE_DECL_WCSDUP 1
| #define HAVE_SHUTDOWN 1
| #define HAVE_STRUCT_SOCKADDR_STORAGE 1
| #define HAVE_SA_FAMILY_T 1
| #define HAVE_STRUCT_SOCKADDR_STORAGE_SS_FAMILY 1
| #define HAVE_ENVIRON_DECL 1
| #define HAVE_DECL_STRERROR_R 1
| #define HAVE_STRERROR_R 1
| #define HAVE_DECL_GETDTABLESIZE 1
| #define HAVE_IPV4 1
| #define HAVE_IPV6 1
| #define LSTAT_FOLLOWS_SLASHED_SYMLINK 1
| #define PROMOTED_MODE_T mode_t
| #define HAVE_STRERROR_R 1
| #define HAVE_DECL__PUTENV 0
| #define HAVE_SIGSET_T 1
| #define HAVE_DECL_INITSTATE 1
| #define HAVE_DECL_SETSTATE 1
| #define HAVE_DECL_SETENV 1
| #define HAVE_SEARCH_H 1
| #define HAVE_TSEARCH 1
| /* end confdefs.h.  */
| #include <stddef.h>
| #ifdef HAVE_STDIO_H
| # include <stdio.h>
| #endif
| #ifdef HAVE_STDLIB_H
| # include <stdlib.h>
| #endif
| #ifdef HAVE_STRING_H
| # include <string.h>
| #endif
| #ifdef HAVE_INTTYPES_H
| # include <inttypes.h>
| #endif
| #ifdef HAVE_STDINT_H
| # include <stdint.h>
| #endif
| #ifdef HAVE_STRINGS_H
| # include <strings.h>
| #endif
| #ifdef HAVE_SYS_TYPES_H
| # include <sys/types.h>
| #endif
| #ifdef HAVE_SYS_STAT_H
| # include <sys/stat.h>
| #endif
| #ifdef HAVE_UNISTD_H
| # include <unistd.h>
| #endif
| int
| main (void)
| {
| #ifndef fcloseall
| #ifdef __cplusplus
|   (void) fcloseall;
| #else
|   (void) fcloseall;
| #endif
| #endif
| 
|   ;
|   return 0;
| }
configure:43120: result: no
configure:43130: checking whether getw is declared
configure:43130: gcc -c -g -O2   conftest.c >&5
configure:43130: $? = 0
configure:43130: result: yes
configure:43140: checking whether putw is declared
configure:43140: gcc -c -g -O2   conftest.c >&5
configure:43140: $? = 0
configure:43140: result: yes
configure:43226: checking which flavor of printf attribute matches inttypes macros
configure:43254: gcc -c -g -O2  conftest.c >&5
configure:43254: $? = 0
configure:43264: result: system
configure:43307: checking whether <sys/ioctl.h> declares ioctl
configure:43324: gcc -c -g -O2  conftest.c >&5
configure:43324: $? = 0
configure:43335: result: yes
configure:43525: checking for a traditional Arabic locale
configure:43584: gcc -o conftest -g -O2   conftest.c  >&5
configure:43587: $? = 0
configure:43629: result: none
configure:43640: checking whether unsetenv is declared
configure:43640: gcc -c -g -O2   conftest.c >&5
configure:43640: $? = 0
configure:43640: result: yes
configure:43702: gcc -g -O2  -E conftest.c > conftest.out
configure:43705: $? = 0
configure:43750: checking for alloca as a compiler built-in
configure:43778: result: yes
configure:43834: checking for static_assert
configure:43872: gcc -c -g -O2  conftest.c >&5
configure:43872: $? = 0
configure:43886: result: yes, a keyword
configure:44010: checking for bool, true, false
configure:44025: gcc -c -g -O2  conftest.c >&5
configure:44025: $? = 0
configure:44035: result: yes
configure:44048: checking for __builtin_expect
configure:44064: gcc -o conftest -g -O2   conftest.c  >&5
configure:44064: $? = 0
configure:44094: result: yes
configure:44469: checking for flexible array member
configure:44498: gcc -c -g -O2  conftest.c >&5
configure:44498: $? = 0
configure:44508: result: yes
configure:44573: checking whether float.h conforms to ISO C23
configure:44599: gcc -c -g -O2  conftest.c >&5
conftest.c:204:26: error: 'FLT_NORM_MAX' undeclared here (not in a function)
  204 |             float maxf = FLT_NORM_MAX;
      |                          ^~~~~~~~~~~~
conftest.c:205:27: error: 'DBL_NORM_MAX' undeclared here (not in a function)
  205 |             double maxd = DBL_NORM_MAX;
      |                           ^~~~~~~~~~~~
conftest.c:206:32: error: 'LDBL_NORM_MAX' undeclared here (not in a function); did you mean 'LDBL_MAX'?
  206 |             long double maxl = LDBL_NORM_MAX;
      |                                ^~~~~~~~~~~~~
      |                                LDBL_MAX
conftest.c: In function 'main':
conftest.c:211:12: error: 'FLT_SNAN' undeclared (first use in this function)
  211 | float sf = FLT_SNAN;
      |            ^~~~~~~~
conftest.c:211:12: note: each undeclared identifier is reported only once for each function it appears in
conftest.c:212:25: error: 'DBL_SNAN' undeclared (first use in this function)
  212 |             double sd = DBL_SNAN;
      |                         ^~~~~~~~
conftest.c:213:30: error: 'LDBL_SNAN' undeclared (first use in this function); did you mean 'LDBL_MAX'?
  213 |             long double sl = LDBL_SNAN;
      |                              ^~~~~~~~~
      |                              LDBL_MAX
configure:44599: $? = 1
configure: failed program was:
| /* confdefs.h */
| #define PACKAGE_NAME "libunistring"
| #define PACKAGE_TARNAME "libunistring"
| #define PACKAGE_VERSION "dummy"
| #define PACKAGE_STRING "libunistring dummy"
| #define PACKAGE_BUGREPORT ""
| #define PACKAGE_URL ""
| #undef PACKAGE_VERSION
| #define PACKAGE_VERSION "1.4.2"
| #undef PACKAGE_STRING
| #define PACKAGE_STRING "libunistring 1.4.2"
| #define PACKAGE "libunistring"
| #define VERSION "1.4.2"
| #define HAVE_STDIO_H 1
| #define HAVE_STDLIB_H 1
| #define HAVE_STRING_H 1
| #define HAVE_INTTYPES_H 1
| #define HAVE_STDINT_H 1
| #define HAVE_STRINGS_H 1
| #define HAVE_SYS_STAT_H 1
| #define HAVE_SYS_TYPES_H 1
| #define HAVE_UNISTD_H 1
| #define HAVE_WCHAR_H 1
| #define HAVE_STDBOOL_H 1
| #define HAVE_UCHAR_H 1
| #define HAVE_THREADS_H 1
| #define HAVE_LANGINFO_H 1
| #define HAVE_ICONV_H 1
| #define HAVE_LIMITS_H 1
| #define HAVE_WCTYPE_H 1
| #define HAVE_MATH_H 1
| #define HAVE_SYS_MMAN_H 1
| #define HAVE_PTHREAD_H 1
| #define HAVE_STDCKDINT_H 1
| #define HAVE_SYS_TIME_H 1
| #define HAVE_FEATURES_H 1
| #define HAVE_SYS_SOCKET_H 1
| #define HAVE_ARPA_INET_H 1
| #define HAVE_NETDB_H 1
| #define HAVE_NETINET_IN_H 1
| #define HAVE_SEMAPHORE_H 1
| #define HAVE_SYS_PARAM_H 1
| #define HAVE_SYS_SELECT_H 1
| #define HAVE_SYS_WAIT_H 1
| #define HAVE_SYS_IOCTL_H 1
| #define HAVE_SYS_UN_H 1
| #define HAVE_SYS_UIO_H 1
| #define STDC_HEADERS 1
| #define _ALL_SOURCE 1
| #define _DARWIN_C_SOURCE 1
| #define _GNU_SOURCE 1
| #define _HPUX_ALT_XOPEN_SOCKET_API 1
| #define _NETBSD_SOURCE 1
| #define _OPENBSD_SOURCE 1
| #define _POSIX_PTHREAD_SEMANTICS 1
| #define __STDC_WANT_IEC_60559_ATTRIBS_EXT__ 1
| #define __STDC_WANT_IEC_60559_BFP_EXT__ 1
| #define __STDC_WANT_IEC_60559_DFP_EXT__ 1
| #define __STDC_WANT_IEC_60559_EXT__ 1
| #define __STDC_WANT_IEC_60559_FUNCS_EXT__ 1
| #define __STDC_WANT_IEC_60559_TYPES_EXT__ 1
| #define __STDC_WANT_LIB_EXT2__ 1
| #define __STDC_WANT_MATH_SPEC_FUNCS__ 1
| #define _TANDEM_SOURCE 1
| #define __EXTENSIONS__ 1
| #define _LINUX_SOURCE_COMPAT 1
| #define __USE_MINGW_ANSI_STDIO 1
| #define HAVE_DLFCN_H 1
| #define LT_OBJDIR ".libs/"
| #define HAVE_ALLOCA_H 1
| #define HAVE_ALLOCA 1
| #define restrict __restrict__
| #define BITSIZEOF_WCHAR_T 32
| #define HAVE_MBSTATE_T 1
| #define HAVE_MBSINIT 1
| #define HAVE_MBRTOWC 1
| #define HAVE_SYMLINK 1
| #define HAVE_ISWCNTRL 1
| #define HAVE_MPROTECT 1
| #define HAVE_SNPRINTF 1
| #define HAVE_STRDUP 1
| #define HAVE_WCWIDTH 1
| #define HAVE_BTOWC 1
| #define HAVE_FCNTL 1
| #define HAVE_GETDTABLESIZE 1
| #define HAVE_GETTIMEOFDAY 1
| #define HAVE_ISBLANK 1
| #define HAVE_LSTAT 1
| #define HAVE___XPG_STRERROR_R 1
| #define HAVE_PIPE 1
| #define HAVE_PSELECT 1
| #define HAVE_PTHREAD_SIGMASK 1
| #define HAVE_SETENV 1
| #define HAVE_SLEEP 1
| #define HAVE_SHUTDOWN 1
| #define HAVE_USLEEP 1
| #define HAVE_WCRTOMB 1
| #define HAVE_WCTOB 1
| #define HAVE_LANGINFO_CODESET 1
| #define HAVE_WORKING_MBRTOC32 1
| #define HAVE_WORKING_C32RTOMB 1
| #define HAVE_WORKING_O_DIRECTORY 1
| #define HAVE_WORKING_O_NOATIME 1
| #define HAVE_WORKING_O_NOFOLLOW 1
| #define HAVE_DECL_ALARM 1
| #define HAVE_PTHREAD_API 1
| #define SETLOCALE_NULL_ALL_MTSAFE 0
| #define SETLOCALE_NULL_ONE_MTSAFE 1
| #define HAVE_WEAK_SYMBOLS 1
| #define HAVE_USELOCALE 1
| #define HAVE_WORKING_USELOCALE 1
| #define HAVE_GOOD_USELOCALE 1
| #define HAVE_ICONV 1
| #define ICONV_CONST 
| #define HAVE_WINT_T 1
| #define HAVE_LONG_LONG_INT 1
| #define HAVE_UNSIGNED_LONG_LONG_INT 1
| #define DBL_EXPBIT0_WORD 1
| #define DBL_EXPBIT0_BIT 20
| #define FLT_EXPBIT0_WORD 0
| #define FLT_EXPBIT0_BIT 23
| #define LDBL_EXPBIT0_WORD 2
| #define LDBL_EXPBIT0_BIT 0
| #define HAVE_TOWLOWER 1
| #define HAVE_LC_MESSAGES 1
| #define MUSL_LIBC 1
| #define HAVE_WEAK_SYMBOLS 1
| #define USE_POSIX_THREADS 1
| #define USE_POSIX_THREADS_WEAK 1
| #define HAVE_MALLOC_PTRDIFF 1
| #define HAVE_MALLOC_POSIX 1
| #define HAVE_MALLOC_0_NONNULL 1
| #define HAVE_MINMAX_IN_SYS_PARAM_H 1
| #define HAVE_PTHREAD_T 1
| #define HAVE_PTHREAD_SPINLOCK_T 1
| #define INSTALLPREFIX "/home/bloink/Work/unnamedlinuxdistro/fs"
| #define HAVE_DLADDR_IN_LIBC 1
| #define HAVE_SCHED_H 1
| #define HAVE_DECL_ECVT 1
| #define HAVE_DECL_FCVT 1
| #define HAVE_DECL_GCVT 1
| #define HAVE_DECL_STREQ 0
| #define HAVE_DECL_MEMEQ 0
| #define _USE_STD_STAT 1
| #define HAVE_DECL_EXECVPE 1
| #define HAVE_INTTYPES_H_WITH_UINTMAX 1
| #define HAVE_STDINT_H_WITH_UINTMAX 1
| #define HAVE_INTMAX_T 1
| #define HAVE_WCSLEN 1
| #define HAVE_SNPRINTF 1
| #define HAVE_STRNLEN 1
| #define HAVE_WCRTOMB 1
| #define HAVE_DECL__SNPRINTF 0
| #define HAVE_SNPRINTF_RETVAL_C99 1
| #define HAVE_SNPRINTF_TRUNCATION_C99 1
| #define CHECK_PRINTF_SAFE 1
| #define HAVE_DECL_WCSDUP 1
| #define HAVE_SHUTDOWN 1
| #define HAVE_STRUCT_SOCKADDR_STORAGE 1
| #define HAVE_SA_FAMILY_T 1
| #define HAVE_STRUCT_SOCKADDR_STORAGE_SS_FAMILY 1
| #define HAVE_ENVIRON_DECL 1
| #define HAVE_DECL_STRERROR_R 1
| #define HAVE_STRERROR_R 1
| #define HAVE_DECL_GETDTABLESIZE 1
| #define HAVE_IPV4 1
| #define HAVE_IPV6 1
| #define LSTAT_FOLLOWS_SLASHED_SYMLINK 1
| #define PROMOTED_MODE_T mode_t
| #define HAVE_STRERROR_R 1
| #define HAVE_DECL__PUTENV 0
| #define HAVE_SIGSET_T 1
| #define HAVE_DECL_INITSTATE 1
| #define HAVE_DECL_SETSTATE 1
| #define HAVE_DECL_SETENV 1
| #define HAVE_SEARCH_H 1
| #define HAVE_TSEARCH 1
| #define HAVE_DECL_FCLOSEALL 0
| #define HAVE_DECL_GETW 1
| #define HAVE_DECL_PUTW 1
| #define HAVE_DECL_UNSETENV 1
| #define HAVE_ALLOCA 1
| #define HAVE_C_STATIC_ASSERT 1
| #define HAVE_C_BOOL 1
| #define HAVE___BUILTIN_EXPECT 1
| #define GNULIB_TEST_C32ISALNUM 1
| #define GNULIB_TEST_C32ISALPHA 1
| #define GNULIB_TEST_C32ISBLANK 1
| #define GNULIB_TEST_C32ISCNTRL 1
| #define GNULIB_TEST_C32ISDIGIT 1
| #define GNULIB_TEST_C32ISGRAPH 1
| #define GNULIB_TEST_C32ISLOWER 1
| #define GNULIB_TEST_C32ISPRINT 1
| #define GNULIB_TEST_C32ISPUNCT 1
| #define GNULIB_TEST_C32ISSPACE 1
| #define GNULIB_TEST_C32ISUPPER 1
| #define GNULIB_TEST_C32ISXDIGIT 1
| #define GNULIB_TEST_C32TOLOWER 1
| #define GNULIB_TEST_C32WIDTH 1
| #define FLEXIBLE_ARRAY_MEMBER /**/
| /* end confdefs.h.  */
| #include <float.h>
|             int x[] = { FLT_DECIMAL_DIG, DBL_DECIMAL_DIG, LDBL_DECIMAL_DIG };
|             float maxf = FLT_NORM_MAX;
|             double maxd = DBL_NORM_MAX;
|             long double maxl = LDBL_NORM_MAX;
| 
| int
| main (void)
| {
| float sf = FLT_SNAN;
|             double sd = DBL_SNAN;
|             long double sl = LDBL_SNAN;
|             return (sf != 0) + (sd != 0) + (sl != 0);
| 
|   ;
|   return 0;
| }
configure:44610: result: no
configure:44618: checking whether conversion from 'int' to 'long double' works
configure:44668: gcc -o conftest -g -O2   conftest.c  >&5
configure:44668: $? = 0
configure:44668: ./conftest
configure:44668: $? = 0
configure:44683: result: yes
configure:44834: checking whether free is known to preserve errno
configure:44858: gcc -c -g -O2  conftest.c >&5
conftest.c: In function 'main':
conftest.c:211:16: error: #error "'free' is not known to preserve errno"
  211 |               #error "'free' is not known to preserve errno"
      |                ^~~~~
configure:44858: $? = 1
configure: failed program was:
| /* confdefs.h */
| #define PACKAGE_NAME "libunistring"
| #define PACKAGE_TARNAME "libunistring"
| #define PACKAGE_VERSION "dummy"
| #define PACKAGE_STRING "libunistring dummy"
| #define PACKAGE_BUGREPORT ""
| #define PACKAGE_URL ""
| #undef PACKAGE_VERSION
| #define PACKAGE_VERSION "1.4.2"
| #undef PACKAGE_STRING
| #define PACKAGE_STRING "libunistring 1.4.2"
| #define PACKAGE "libunistring"
| #define VERSION "1.4.2"
| #define HAVE_STDIO_H 1
| #define HAVE_STDLIB_H 1
| #define HAVE_STRING_H 1
| #define HAVE_INTTYPES_H 1
| #define HAVE_STDINT_H 1
| #define HAVE_STRINGS_H 1
| #define HAVE_SYS_STAT_H 1
| #define HAVE_SYS_TYPES_H 1
| #define HAVE_UNISTD_H 1
| #define HAVE_WCHAR_H 1
| #define HAVE_STDBOOL_H 1
| #define HAVE_UCHAR_H 1
| #define HAVE_THREADS_H 1
| #define HAVE_LANGINFO_H 1
| #define HAVE_ICONV_H 1
| #define HAVE_LIMITS_H 1
| #define HAVE_WCTYPE_H 1
| #define HAVE_MATH_H 1
| #define HAVE_SYS_MMAN_H 1
| #define HAVE_PTHREAD_H 1
| #define HAVE_STDCKDINT_H 1
| #define HAVE_SYS_TIME_H 1
| #define HAVE_FEATURES_H 1
| #define HAVE_SYS_SOCKET_H 1
| #define HAVE_ARPA_INET_H 1
| #define HAVE_NETDB_H 1
| #define HAVE_NETINET_IN_H 1
| #define HAVE_SEMAPHORE_H 1
| #define HAVE_SYS_PARAM_H 1
| #define HAVE_SYS_SELECT_H 1
| #define HAVE_SYS_WAIT_H 1
| #define HAVE_SYS_IOCTL_H 1
| #define HAVE_SYS_UN_H 1
| #define HAVE_SYS_UIO_H 1
| #define STDC_HEADERS 1
| #define _ALL_SOURCE 1
| #define _DARWIN_C_SOURCE 1
| #define _GNU_SOURCE 1
| #define _HPUX_ALT_XOPEN_SOCKET_API 1
| #define _NETBSD_SOURCE 1
| #define _OPENBSD_SOURCE 1
| #define _POSIX_PTHREAD_SEMANTICS 1
| #define __STDC_WANT_IEC_60559_ATTRIBS_EXT__ 1
| #define __STDC_WANT_IEC_60559_BFP_EXT__ 1
| #define __STDC_WANT_IEC_60559_DFP_EXT__ 1
| #define __STDC_WANT_IEC_60559_EXT__ 1
| #define __STDC_WANT_IEC_60559_FUNCS_EXT__ 1
| #define __STDC_WANT_IEC_60559_TYPES_EXT__ 1
| #define __STDC_WANT_LIB_EXT2__ 1
| #define __STDC_WANT_MATH_SPEC_FUNCS__ 1
| #define _TANDEM_SOURCE 1
| #define __EXTENSIONS__ 1
| #define _LINUX_SOURCE_COMPAT 1
| #define __USE_MINGW_ANSI_STDIO 1
| #define HAVE_DLFCN_H 1
| #define LT_OBJDIR ".libs/"
| #define HAVE_ALLOCA_H 1
| #define HAVE_ALLOCA 1
| #define restrict __restrict__
| #define BITSIZEOF_WCHAR_T 32
| #define HAVE_MBSTATE_T 1
| #define HAVE_MBSINIT 1
| #define HAVE_MBRTOWC 1
| #define HAVE_SYMLINK 1
| #define HAVE_ISWCNTRL 1
| #define HAVE_MPROTECT 1
| #define HAVE_SNPRINTF 1
| #define HAVE_STRDUP 1
| #define HAVE_WCWIDTH 1
| #define HAVE_BTOWC 1
| #define HAVE_FCNTL 1
| #define HAVE_GETDTABLESIZE 1
| #define HAVE_GETTIMEOFDAY 1
| #define HAVE_ISBLANK 1
| #define HAVE_LSTAT 1
| #define HAVE___XPG_STRERROR_R 1
| #define HAVE_PIPE 1
| #define HAVE_PSELECT 1
| #define HAVE_PTHREAD_SIGMASK 1
| #define HAVE_SETENV 1
| #define HAVE_SLEEP 1
| #define HAVE_SHUTDOWN 1
| #define HAVE_USLEEP 1
| #define HAVE_WCRTOMB 1
| #define HAVE_WCTOB 1
| #define HAVE_LANGINFO_CODESET 1
| #define HAVE_WORKING_MBRTOC32 1
| #define HAVE_WORKING_C32RTOMB 1
| #define HAVE_WORKING_O_DIRECTORY 1
| #define HAVE_WORKING_O_NOATIME 1
| #define HAVE_WORKING_O_NOFOLLOW 1
| #define HAVE_DECL_ALARM 1
| #define HAVE_PTHREAD_API 1
| #define SETLOCALE_NULL_ALL_MTSAFE 0
| #define SETLOCALE_NULL_ONE_MTSAFE 1
| #define HAVE_WEAK_SYMBOLS 1
| #define HAVE_USELOCALE 1
| #define HAVE_WORKING_USELOCALE 1
| #define HAVE_GOOD_USELOCALE 1
| #define HAVE_ICONV 1
| #define ICONV_CONST 
| #define HAVE_WINT_T 1
| #define HAVE_LONG_LONG_INT 1
| #define HAVE_UNSIGNED_LONG_LONG_INT 1
| #define DBL_EXPBIT0_WORD 1
| #define DBL_EXPBIT0_BIT 20
| #define FLT_EXPBIT0_WORD 0
| #define FLT_EXPBIT0_BIT 23
| #define LDBL_EXPBIT0_WORD 2
| #define LDBL_EXPBIT0_BIT 0
| #define HAVE_TOWLOWER 1
| #define HAVE_LC_MESSAGES 1
| #define MUSL_LIBC 1
| #define HAVE_WEAK_SYMBOLS 1
| #define USE_POSIX_THREADS 1
| #define USE_POSIX_THREADS_WEAK 1
| #define HAVE_MALLOC_PTRDIFF 1
| #define HAVE_MALLOC_POSIX 1
| #define HAVE_MALLOC_0_NONNULL 1
| #define HAVE_MINMAX_IN_SYS_PARAM_H 1
| #define HAVE_PTHREAD_T 1
| #define HAVE_PTHREAD_SPINLOCK_T 1
| #define INSTALLPREFIX "/home/bloink/Work/unnamedlinuxdistro/fs"
| #define HAVE_DLADDR_IN_LIBC 1
| #define HAVE_SCHED_H 1
| #define HAVE_DECL_ECVT 1
| #define HAVE_DECL_FCVT 1
| #define HAVE_DECL_GCVT 1
| #define HAVE_DECL_STREQ 0
| #define HAVE_DECL_MEMEQ 0
| #define _USE_STD_STAT 1
| #define HAVE_DECL_EXECVPE 1
| #define HAVE_INTTYPES_H_WITH_UINTMAX 1
| #define HAVE_STDINT_H_WITH_UINTMAX 1
| #define HAVE_INTMAX_T 1
| #define HAVE_WCSLEN 1
| #define HAVE_SNPRINTF 1
| #define HAVE_STRNLEN 1
| #define HAVE_WCRTOMB 1
| #define HAVE_DECL__SNPRINTF 0
| #define HAVE_SNPRINTF_RETVAL_C99 1
| #define HAVE_SNPRINTF_TRUNCATION_C99 1
| #define CHECK_PRINTF_SAFE 1
| #define HAVE_DECL_WCSDUP 1
| #define HAVE_SHUTDOWN 1
| #define HAVE_STRUCT_SOCKADDR_STORAGE 1
| #define HAVE_SA_FAMILY_T 1
| #define HAVE_STRUCT_SOCKADDR_STORAGE_SS_FAMILY 1
| #define HAVE_ENVIRON_DECL 1
| #define HAVE_DECL_STRERROR_R 1
| #define HAVE_STRERROR_R 1
| #define HAVE_DECL_GETDTABLESIZE 1
| #define HAVE_IPV4 1
| #define HAVE_IPV6 1
| #define LSTAT_FOLLOWS_SLASHED_SYMLINK 1
| #define PROMOTED_MODE_T mode_t
| #define HAVE_STRERROR_R 1
| #define HAVE_DECL__PUTENV 0
| #define HAVE_SIGSET_T 1
| #define HAVE_DECL_INITSTATE 1
| #define HAVE_DECL_SETSTATE 1
| #define HAVE_DECL_SETENV 1
| #define HAVE_SEARCH_H 1
| #define HAVE_TSEARCH 1
| #define HAVE_DECL_FCLOSEALL 0
| #define HAVE_DECL_GETW 1
| #define HAVE_DECL_PUTW 1
| #define HAVE_DECL_UNSETENV 1
| #define HAVE_ALLOCA 1
| #define HAVE_C_STATIC_ASSERT 1
| #define HAVE_C_BOOL 1
| #define HAVE___BUILTIN_EXPECT 1
| #define GNULIB_TEST_C32ISALNUM 1
| #define GNULIB_TEST_C32ISALPHA 1
| #define GNULIB_TEST_C32ISBLANK 1
| #define GNULIB_TEST_C32ISCNTRL 1
| #define GNULIB_TEST_C32ISDIGIT 1
| #define GNULIB_TEST_C32ISGRAPH 1
| #define GNULIB_TEST_C32ISLOWER 1
| #define GNULIB_TEST_C32ISPRINT 1
| #define GNULIB_TEST_C32ISPUNCT 1
| #define GNULIB_TEST_C32ISSPACE 1
| #define GNULIB_TEST_C32ISUPPER 1
| #define GNULIB_TEST_C32ISXDIGIT 1
| #define GNULIB_TEST_C32TOLOWER 1
| #define GNULIB_TEST_C32WIDTH 1
| #define FLEXIBLE_ARRAY_MEMBER /**/
| /* end confdefs.h.  */
| #include <stdlib.h>
| 
| int
| main (void)
| {
| #if 2 < __GLIBC__ + (33 <= __GLIBC_MINOR__)
|             #elif defined __OpenBSD__
|             #elif defined __sun
|             #else
|               #error "'free' is not known to preserve errno"
|             #endif
| 
|   ;
|   return 0;
| }
configure:44869: result: no
configure:44926: checking whether frexp works
configure:45033: gcc -o conftest -g -O2   conftest.c  >&5
configure:45033: $? = 0
configure:45033: ./conftest
configure:45033: $? = 0
configure:45048: result: yes
configure:45099: checking whether frexpl is declared
configure:45099: gcc -c -g -O2   conftest.c >&5
configure:45099: $? = 0
configure:45099: result: yes
configure:45110: checking whether frexpl() can be used without linking with libm
configure:45129: gcc -o conftest -g -O2   conftest.c  >&5
configure:45129: $? = 0
configure:45141: result: yes
configure:45147: checking whether frexpl works
configure:45256: gcc -o conftest -g -O2   conftest.c  >&5
configure:45256: $? = 0
configure:45256: ./conftest
configure:45256: $? = 0
configure:45271: result: yes
configure:45323: checking for __fseterr
configure:45362: checking for __fseterr
configure:45362: gcc -o conftest -g -O2   conftest.c  >&5
configure:45362: $? = 0
configure:45362: result: yes
configure:45378: result: yes
configure:45416: checking for newlocale
configure:45453: checking for newlocale
configure:45453: gcc -o conftest -g -O2   conftest.c  >&5
configure:45453: $? = 0
configure:45453: result: yes
configure:45469: result: yes
configure:45485: checking for duplocale
configure:45522: checking for duplocale
configure:45522: gcc -o conftest -g -O2   conftest.c  >&5
configure:45522: $? = 0
configure:45522: result: yes
configure:45538: result: yes
configure:45554: checking for freelocale
configure:45591: checking for freelocale
configure:45591: gcc -o conftest -g -O2   conftest.c  >&5
configure:45591: $? = 0
configure:45591: result: yes
configure:45607: result: yes
configure:45684: checking for newlocale
configure:45737: result: yes
configure:45753: checking for duplocale
configure:45806: result: yes
configure:45822: checking for freelocale
configure:45875: result: yes
configure:46122: checking whether the compiler generally respects inline
configure:46144: gcc -c -g -O2  conftest.c >&5
configure:46144: $? = 0
configure:46156: result: yes
configure:46173: checking whether isnan(double) can be used without linking with libm
configure:46199: gcc -o conftest -g -O2   conftest.c  >&5
configure:46199: $? = 0
configure:46211: result: yes
configure:46238: checking whether isnan(float) can be used without linking with libm
configure:46264: gcc -o conftest -g -O2   conftest.c  >&5
configure:46264: $? = 0
configure:46276: result: yes
configure:46283: checking whether isnan(float) works
configure:46339: gcc -o conftest -g -O2   conftest.c  >&5
configure:46339: $? = 0
configure:46339: ./conftest
configure:46339: $? = 0
configure:46354: result: yes
configure:46389: checking whether isnan(long double) can be used without linking with libm
configure:46415: gcc -o conftest -g -O2   conftest.c  >&5
configure:46415: $? = 0
configure:46427: result: yes
configure:46436: checking whether isnanl works
configure:46573: gcc -o conftest -g -O2   conftest.c  >&5
configure:46573: $? = 0
configure:46573: ./conftest
configure:46573: $? = 0
configure:46588: result: yes
configure:46624: checking for iswblank
configure:46661: checking for iswblank
configure:46661: gcc -o conftest -g -O2   conftest.c  >&5
conftest.c:235:6: warning: conflicting types for built-in function 'iswblank'; expected 'int(unsigned int)' [-Wbuiltin-declaration-mismatch]
  235 | char iswblank (void);
      |      ^~~~~~~~
conftest.c:227:1: note: 'iswblank' is declared in header '<wctype.h>'
  226 | #include <limits.h>
  227 | #undef iswblank
configure:46661: $? = 0
configure:46661: result: yes
configure:46677: result: yes
configure:46691: checking whether iswblank is declared
configure:46691: gcc -c -g -O2   conftest.c >&5
configure:46691: $? = 0
configure:46691: result: yes
configure:46769: checking whether iswdigit is ISO C compliant
configure:46864: gcc -o conftest -g -O2   conftest.c  >&5
configure:46864: $? = 0
configure:46864: ./conftest
configure:46864: $? = 0
configure:46880: result: yes
configure:46928: checking whether iswpunct is consistent with ispunct
configure:46960: gcc -o conftest -g -O2   conftest.c  >&5
configure:46960: $? = 0
configure:46960: ./conftest
configure:46960: $? = 0
configure:46975: result: yes
configure:47027: checking whether iswxdigit is ISO C compliant
configure:47113: gcc -o conftest -g -O2   conftest.c  >&5
configure:47113: $? = 0
configure:47113: ./conftest
configure:47113: $? = 0
configure:47129: result: yes
configure:47224: checking whether localeconv works
configure:47256: gcc -o conftest -g -O2   conftest.c  >&5
configure:47256: $? = 0
configure:47256: ./conftest
configure:47256: $? = 0
configure:47271: result: yes
configure:47415: checking for pthread_rwlock_t
configure:47415: gcc -c -g -O2  conftest.c >&5
configure:47415: $? = 0
configure:47415: gcc -c -g -O2  conftest.c >&5
conftest.c: In function 'main':
conftest.c:234:31: error: expected expression before ')' token
  234 | if (sizeof ((pthread_rwlock_t)))
      |                               ^
configure:47415: $? = 1
configure: failed program was:
| /* confdefs.h */
| #define PACKAGE_NAME "libunistring"
| #define PACKAGE_TARNAME "libunistring"
| #define PACKAGE_VERSION "dummy"
| #define PACKAGE_STRING "libunistring dummy"
| #define PACKAGE_BUGREPORT ""
| #define PACKAGE_URL ""
| #undef PACKAGE_VERSION
| #define PACKAGE_VERSION "1.4.2"
| #undef PACKAGE_STRING
| #define PACKAGE_STRING "libunistring 1.4.2"
| #define PACKAGE "libunistring"
| #define VERSION "1.4.2"
| #define HAVE_STDIO_H 1
| #define HAVE_STDLIB_H 1
| #define HAVE_STRING_H 1
| #define HAVE_INTTYPES_H 1
| #define HAVE_STDINT_H 1
| #define HAVE_STRINGS_H 1
| #define HAVE_SYS_STAT_H 1
| #define HAVE_SYS_TYPES_H 1
| #define HAVE_UNISTD_H 1
| #define HAVE_WCHAR_H 1
| #define HAVE_STDBOOL_H 1
| #define HAVE_UCHAR_H 1
| #define HAVE_THREADS_H 1
| #define HAVE_LANGINFO_H 1
| #define HAVE_ICONV_H 1
| #define HAVE_LIMITS_H 1
| #define HAVE_WCTYPE_H 1
| #define HAVE_MATH_H 1
| #define HAVE_SYS_MMAN_H 1
| #define HAVE_PTHREAD_H 1
| #define HAVE_STDCKDINT_H 1
| #define HAVE_SYS_TIME_H 1
| #define HAVE_FEATURES_H 1
| #define HAVE_SYS_SOCKET_H 1
| #define HAVE_ARPA_INET_H 1
| #define HAVE_NETDB_H 1
| #define HAVE_NETINET_IN_H 1
| #define HAVE_SEMAPHORE_H 1
| #define HAVE_SYS_PARAM_H 1
| #define HAVE_SYS_SELECT_H 1
| #define HAVE_SYS_WAIT_H 1
| #define HAVE_SYS_IOCTL_H 1
| #define HAVE_SYS_UN_H 1
| #define HAVE_SYS_UIO_H 1
| #define STDC_HEADERS 1
| #define _ALL_SOURCE 1
| #define _DARWIN_C_SOURCE 1
| #define _GNU_SOURCE 1
| #define _HPUX_ALT_XOPEN_SOCKET_API 1
| #define _NETBSD_SOURCE 1
| #define _OPENBSD_SOURCE 1
| #define _POSIX_PTHREAD_SEMANTICS 1
| #define __STDC_WANT_IEC_60559_ATTRIBS_EXT__ 1
| #define __STDC_WANT_IEC_60559_BFP_EXT__ 1
| #define __STDC_WANT_IEC_60559_DFP_EXT__ 1
| #define __STDC_WANT_IEC_60559_EXT__ 1
| #define __STDC_WANT_IEC_60559_FUNCS_EXT__ 1
| #define __STDC_WANT_IEC_60559_TYPES_EXT__ 1
| #define __STDC_WANT_LIB_EXT2__ 1
| #define __STDC_WANT_MATH_SPEC_FUNCS__ 1
| #define _TANDEM_SOURCE 1
| #define __EXTENSIONS__ 1
| #define _LINUX_SOURCE_COMPAT 1
| #define __USE_MINGW_ANSI_STDIO 1
| #define HAVE_DLFCN_H 1
| #define LT_OBJDIR ".libs/"
| #define HAVE_ALLOCA_H 1
| #define HAVE_ALLOCA 1
| #define restrict __restrict__
| #define BITSIZEOF_WCHAR_T 32
| #define HAVE_MBSTATE_T 1
| #define HAVE_MBSINIT 1
| #define HAVE_MBRTOWC 1
| #define HAVE_SYMLINK 1
| #define HAVE_ISWCNTRL 1
| #define HAVE_MPROTECT 1
| #define HAVE_SNPRINTF 1
| #define HAVE_STRDUP 1
| #define HAVE_WCWIDTH 1
| #define HAVE_BTOWC 1
| #define HAVE_FCNTL 1
| #define HAVE_GETDTABLESIZE 1
| #define HAVE_GETTIMEOFDAY 1
| #define HAVE_ISBLANK 1
| #define HAVE_LSTAT 1
| #define HAVE___XPG_STRERROR_R 1
| #define HAVE_PIPE 1
| #define HAVE_PSELECT 1
| #define HAVE_PTHREAD_SIGMASK 1
| #define HAVE_SETENV 1
| #define HAVE_SLEEP 1
| #define HAVE_SHUTDOWN 1
| #define HAVE_USLEEP 1
| #define HAVE_WCRTOMB 1
| #define HAVE_WCTOB 1
| #define HAVE_LANGINFO_CODESET 1
| #define HAVE_WORKING_MBRTOC32 1
| #define HAVE_WORKING_C32RTOMB 1
| #define HAVE_WORKING_O_DIRECTORY 1
| #define HAVE_WORKING_O_NOATIME 1
| #define HAVE_WORKING_O_NOFOLLOW 1
| #define HAVE_DECL_ALARM 1
| #define HAVE_PTHREAD_API 1
| #define SETLOCALE_NULL_ALL_MTSAFE 0
| #define SETLOCALE_NULL_ONE_MTSAFE 1
| #define HAVE_WEAK_SYMBOLS 1
| #define HAVE_USELOCALE 1
| #define HAVE_WORKING_USELOCALE 1
| #define HAVE_GOOD_USELOCALE 1
| #define HAVE_ICONV 1
| #define ICONV_CONST 
| #define HAVE_WINT_T 1
| #define HAVE_LONG_LONG_INT 1
| #define HAVE_UNSIGNED_LONG_LONG_INT 1
| #define DBL_EXPBIT0_WORD 1
| #define DBL_EXPBIT0_BIT 20
| #define FLT_EXPBIT0_WORD 0
| #define FLT_EXPBIT0_BIT 23
| #define LDBL_EXPBIT0_WORD 2
| #define LDBL_EXPBIT0_BIT 0
| #define HAVE_TOWLOWER 1
| #define HAVE_LC_MESSAGES 1
| #define MUSL_LIBC 1
| #define HAVE_WEAK_SYMBOLS 1
| #define USE_POSIX_THREADS 1
| #define USE_POSIX_THREADS_WEAK 1
| #define HAVE_MALLOC_PTRDIFF 1
| #define HAVE_MALLOC_POSIX 1
| #define HAVE_MALLOC_0_NONNULL 1
| #define HAVE_MINMAX_IN_SYS_PARAM_H 1
| #define HAVE_PTHREAD_T 1
| #define HAVE_PTHREAD_SPINLOCK_T 1
| #define INSTALLPREFIX "/home/bloink/Work/unnamedlinuxdistro/fs"
| #define HAVE_DLADDR_IN_LIBC 1
| #define HAVE_SCHED_H 1
| #define HAVE_DECL_ECVT 1
| #define HAVE_DECL_FCVT 1
| #define HAVE_DECL_GCVT 1
| #define HAVE_DECL_STREQ 0
| #define HAVE_DECL_MEMEQ 0
| #define _USE_STD_STAT 1
| #define HAVE_DECL_EXECVPE 1
| #define HAVE_INTTYPES_H_WITH_UINTMAX 1
| #define HAVE_STDINT_H_WITH_UINTMAX 1
| #define HAVE_INTMAX_T 1
| #define HAVE_WCSLEN 1
| #define HAVE_SNPRINTF 1
| #define HAVE_STRNLEN 1
| #define HAVE_WCRTOMB 1
| #define HAVE_DECL__SNPRINTF 0
| #define HAVE_SNPRINTF_RETVAL_C99 1
| #define HAVE_SNPRINTF_TRUNCATION_C99 1
| #define CHECK_PRINTF_SAFE 1
| #define HAVE_DECL_WCSDUP 1
| #define HAVE_SHUTDOWN 1
| #define HAVE_STRUCT_SOCKADDR_STORAGE 1
| #define HAVE_SA_FAMILY_T 1
| #define HAVE_STRUCT_SOCKADDR_STORAGE_SS_FAMILY 1
| #define HAVE_ENVIRON_DECL 1
| #define HAVE_DECL_STRERROR_R 1
| #define HAVE_STRERROR_R 1
| #define HAVE_DECL_GETDTABLESIZE 1
| #define HAVE_IPV4 1
| #define HAVE_IPV6 1
| #define LSTAT_FOLLOWS_SLASHED_SYMLINK 1
| #define PROMOTED_MODE_T mode_t
| #define HAVE_STRERROR_R 1
| #define HAVE_DECL__PUTENV 0
| #define HAVE_SIGSET_T 1
| #define HAVE_DECL_INITSTATE 1
| #define HAVE_DECL_SETSTATE 1
| #define HAVE_DECL_SETENV 1
| #define HAVE_SEARCH_H 1
| #define HAVE_TSEARCH 1
| #define HAVE_DECL_FCLOSEALL 0
| #define HAVE_DECL_GETW 1
| #define HAVE_DECL_PUTW 1
| #define HAVE_DECL_UNSETENV 1
| #define HAVE_ALLOCA 1
| #define HAVE_C_STATIC_ASSERT 1
| #define HAVE_C_BOOL 1
| #define HAVE___BUILTIN_EXPECT 1
| #define GNULIB_TEST_C32ISALNUM 1
| #define GNULIB_TEST_C32ISALPHA 1
| #define GNULIB_TEST_C32ISBLANK 1
| #define GNULIB_TEST_C32ISCNTRL 1
| #define GNULIB_TEST_C32ISDIGIT 1
| #define GNULIB_TEST_C32ISGRAPH 1
| #define GNULIB_TEST_C32ISLOWER 1
| #define GNULIB_TEST_C32ISPRINT 1
| #define GNULIB_TEST_C32ISPUNCT 1
| #define GNULIB_TEST_C32ISSPACE 1
| #define GNULIB_TEST_C32ISUPPER 1
| #define GNULIB_TEST_C32ISXDIGIT 1
| #define GNULIB_TEST_C32TOLOWER 1
| #define GNULIB_TEST_C32WIDTH 1
| #define FLEXIBLE_ARRAY_MEMBER /**/
| #define GNULIB_TEST_FREE_POSIX 1
| #define HAVE_FREXP_IN_LIBC 1
| #define GNULIB_TEST_FREXP 1
| #define HAVE_FREXPL_IN_LIBC 1
| #define GNULIB_TEST_FREXPL 1
| #define HAVE___FSETERR 1
| #define HAVE_NEWLOCALE 1
| #define HAVE_DUPLOCALE 1
| #define HAVE_FREELOCALE 1
| #define GNULIB_TEST_GETLOCALENAME_L_UNSAFE 1
| #define HAVE_NEWLOCALE 1
| #define HAVE_DUPLOCALE 1
| #define HAVE_FREELOCALE 1
| #define HAVE_INLINE 1
| #define HAVE_ISNAND_IN_LIBC 1
| #define HAVE_ISNANF_IN_LIBC 1
| #define HAVE_ISNANL_IN_LIBC 1
| #define HAVE_ISWBLANK 1
| #define HAVE_DECL_ISWBLANK 1
| #define GNULIB_TEST_ISWBLANK 1
| #define GNULIB_TEST_ISWDIGIT 1
| #define GNULIB_TEST_ISWPUNCT 1
| #define GNULIB_TEST_ISWXDIGIT 1
| #define GNULIB_TEST_LOCALECONV 1
| #define GNULIB_LOCALECONV 1
| #define GNULIB_TEST_LOCALENAME_ENVIRON 1
| #define GNULIB_TEST_LOCALENAME_UNSAFE 1
| /* end confdefs.h.  */
| #include <pthread.h>
| 
| int
| main (void)
| {
| if (sizeof ((pthread_rwlock_t)))
| 	    return 0;
|   ;
|   return 0;
| }
configure:47415: result: yes
configure:47428: checking whether pthread_rwlock_rdlock prefers a writer to a reader
configure:47573: gcc -o conftest -g -O2   conftest.c  -lpthread >&5
configure:47573: $? = 0
configure:47573: ./conftest
configure:47573: $? = 1
configure: program exited with status 1
configure: failed program was:
| /* confdefs.h */
| #define PACKAGE_NAME "libunistring"
| #define PACKAGE_TARNAME "libunistring"
| #define PACKAGE_VERSION "dummy"
| #define PACKAGE_STRING "libunistring dummy"
| #define PACKAGE_BUGREPORT ""
| #define PACKAGE_URL ""
| #undef PACKAGE_VERSION
| #define PACKAGE_VERSION "1.4.2"
| #undef PACKAGE_STRING
| #define PACKAGE_STRING "libunistring 1.4.2"
| #define PACKAGE "libunistring"
| #define VERSION "1.4.2"
| #define HAVE_STDIO_H 1
| #define HAVE_STDLIB_H 1
| #define HAVE_STRING_H 1
| #define HAVE_INTTYPES_H 1
| #define HAVE_STDINT_H 1
| #define HAVE_STRINGS_H 1
| #define HAVE_SYS_STAT_H 1
| #define HAVE_SYS_TYPES_H 1
| #define HAVE_UNISTD_H 1
| #define HAVE_WCHAR_H 1
| #define HAVE_STDBOOL_H 1
| #define HAVE_UCHAR_H 1
| #define HAVE_THREADS_H 1
| #define HAVE_LANGINFO_H 1
| #define HAVE_ICONV_H 1
| #define HAVE_LIMITS_H 1
| #define HAVE_WCTYPE_H 1
| #define HAVE_MATH_H 1
| #define HAVE_SYS_MMAN_H 1
| #define HAVE_PTHREAD_H 1
| #define HAVE_STDCKDINT_H 1
| #define HAVE_SYS_TIME_H 1
| #define HAVE_FEATURES_H 1
| #define HAVE_SYS_SOCKET_H 1
| #define HAVE_ARPA_INET_H 1
| #define HAVE_NETDB_H 1
| #define HAVE_NETINET_IN_H 1
| #define HAVE_SEMAPHORE_H 1
| #define HAVE_SYS_PARAM_H 1
| #define HAVE_SYS_SELECT_H 1
| #define HAVE_SYS_WAIT_H 1
| #define HAVE_SYS_IOCTL_H 1
| #define HAVE_SYS_UN_H 1
| #define HAVE_SYS_UIO_H 1
| #define STDC_HEADERS 1
| #define _ALL_SOURCE 1
| #define _DARWIN_C_SOURCE 1
| #define _GNU_SOURCE 1
| #define _HPUX_ALT_XOPEN_SOCKET_API 1
| #define _NETBSD_SOURCE 1
| #define _OPENBSD_SOURCE 1
| #define _POSIX_PTHREAD_SEMANTICS 1
| #define __STDC_WANT_IEC_60559_ATTRIBS_EXT__ 1
| #define __STDC_WANT_IEC_60559_BFP_EXT__ 1
| #define __STDC_WANT_IEC_60559_DFP_EXT__ 1
| #define __STDC_WANT_IEC_60559_EXT__ 1
| #define __STDC_WANT_IEC_60559_FUNCS_EXT__ 1
| #define __STDC_WANT_IEC_60559_TYPES_EXT__ 1
| #define __STDC_WANT_LIB_EXT2__ 1
| #define __STDC_WANT_MATH_SPEC_FUNCS__ 1
| #define _TANDEM_SOURCE 1
| #define __EXTENSIONS__ 1
| #define _LINUX_SOURCE_COMPAT 1
| #define __USE_MINGW_ANSI_STDIO 1
| #define HAVE_DLFCN_H 1
| #define LT_OBJDIR ".libs/"
| #define HAVE_ALLOCA_H 1
| #define HAVE_ALLOCA 1
| #define restrict __restrict__
| #define BITSIZEOF_WCHAR_T 32
| #define HAVE_MBSTATE_T 1
| #define HAVE_MBSINIT 1
| #define HAVE_MBRTOWC 1
| #define HAVE_SYMLINK 1
| #define HAVE_ISWCNTRL 1
| #define HAVE_MPROTECT 1
| #define HAVE_SNPRINTF 1
| #define HAVE_STRDUP 1
| #define HAVE_WCWIDTH 1
| #define HAVE_BTOWC 1
| #define HAVE_FCNTL 1
| #define HAVE_GETDTABLESIZE 1
| #define HAVE_GETTIMEOFDAY 1
| #define HAVE_ISBLANK 1
| #define HAVE_LSTAT 1
| #define HAVE___XPG_STRERROR_R 1
| #define HAVE_PIPE 1
| #define HAVE_PSELECT 1
| #define HAVE_PTHREAD_SIGMASK 1
| #define HAVE_SETENV 1
| #define HAVE_SLEEP 1
| #define HAVE_SHUTDOWN 1
| #define HAVE_USLEEP 1
| #define HAVE_WCRTOMB 1
| #define HAVE_WCTOB 1
| #define HAVE_LANGINFO_CODESET 1
| #define HAVE_WORKING_MBRTOC32 1
| #define HAVE_WORKING_C32RTOMB 1
| #define HAVE_WORKING_O_DIRECTORY 1
| #define HAVE_WORKING_O_NOATIME 1
| #define HAVE_WORKING_O_NOFOLLOW 1
| #define HAVE_DECL_ALARM 1
| #define HAVE_PTHREAD_API 1
| #define SETLOCALE_NULL_ALL_MTSAFE 0
| #define SETLOCALE_NULL_ONE_MTSAFE 1
| #define HAVE_WEAK_SYMBOLS 1
| #define HAVE_USELOCALE 1
| #define HAVE_WORKING_USELOCALE 1
| #define HAVE_GOOD_USELOCALE 1
| #define HAVE_ICONV 1
| #define ICONV_CONST 
| #define HAVE_WINT_T 1
| #define HAVE_LONG_LONG_INT 1
| #define HAVE_UNSIGNED_LONG_LONG_INT 1
| #define DBL_EXPBIT0_WORD 1
| #define DBL_EXPBIT0_BIT 20
| #define FLT_EXPBIT0_WORD 0
| #define FLT_EXPBIT0_BIT 23
| #define LDBL_EXPBIT0_WORD 2
| #define LDBL_EXPBIT0_BIT 0
| #define HAVE_TOWLOWER 1
| #define HAVE_LC_MESSAGES 1
| #define MUSL_LIBC 1
| #define HAVE_WEAK_SYMBOLS 1
| #define USE_POSIX_THREADS 1
| #define USE_POSIX_THREADS_WEAK 1
| #define HAVE_MALLOC_PTRDIFF 1
| #define HAVE_MALLOC_POSIX 1
| #define HAVE_MALLOC_0_NONNULL 1
| #define HAVE_MINMAX_IN_SYS_PARAM_H 1
| #define HAVE_PTHREAD_T 1
| #define HAVE_PTHREAD_SPINLOCK_T 1
| #define INSTALLPREFIX "/home/bloink/Work/unnamedlinuxdistro/fs"
| #define HAVE_DLADDR_IN_LIBC 1
| #define HAVE_SCHED_H 1
| #define HAVE_DECL_ECVT 1
| #define HAVE_DECL_FCVT 1
| #define HAVE_DECL_GCVT 1
| #define HAVE_DECL_STREQ 0
| #define HAVE_DECL_MEMEQ 0
| #define _USE_STD_STAT 1
| #define HAVE_DECL_EXECVPE 1
| #define HAVE_INTTYPES_H_WITH_UINTMAX 1
| #define HAVE_STDINT_H_WITH_UINTMAX 1
| #define HAVE_INTMAX_T 1
| #define HAVE_WCSLEN 1
| #define HAVE_SNPRINTF 1
| #define HAVE_STRNLEN 1
| #define HAVE_WCRTOMB 1
| #define HAVE_DECL__SNPRINTF 0
| #define HAVE_SNPRINTF_RETVAL_C99 1
| #define HAVE_SNPRINTF_TRUNCATION_C99 1
| #define CHECK_PRINTF_SAFE 1
| #define HAVE_DECL_WCSDUP 1
| #define HAVE_SHUTDOWN 1
| #define HAVE_STRUCT_SOCKADDR_STORAGE 1
| #define HAVE_SA_FAMILY_T 1
| #define HAVE_STRUCT_SOCKADDR_STORAGE_SS_FAMILY 1
| #define HAVE_ENVIRON_DECL 1
| #define HAVE_DECL_STRERROR_R 1
| #define HAVE_STRERROR_R 1
| #define HAVE_DECL_GETDTABLESIZE 1
| #define HAVE_IPV4 1
| #define HAVE_IPV6 1
| #define LSTAT_FOLLOWS_SLASHED_SYMLINK 1
| #define PROMOTED_MODE_T mode_t
| #define HAVE_STRERROR_R 1
| #define HAVE_DECL__PUTENV 0
| #define HAVE_SIGSET_T 1
| #define HAVE_DECL_INITSTATE 1
| #define HAVE_DECL_SETSTATE 1
| #define HAVE_DECL_SETENV 1
| #define HAVE_SEARCH_H 1
| #define HAVE_TSEARCH 1
| #define HAVE_DECL_FCLOSEALL 0
| #define HAVE_DECL_GETW 1
| #define HAVE_DECL_PUTW 1
| #define HAVE_DECL_UNSETENV 1
| #define HAVE_ALLOCA 1
| #define HAVE_C_STATIC_ASSERT 1
| #define HAVE_C_BOOL 1
| #define HAVE___BUILTIN_EXPECT 1
| #define GNULIB_TEST_C32ISALNUM 1
| #define GNULIB_TEST_C32ISALPHA 1
| #define GNULIB_TEST_C32ISBLANK 1
| #define GNULIB_TEST_C32ISCNTRL 1
| #define GNULIB_TEST_C32ISDIGIT 1
| #define GNULIB_TEST_C32ISGRAPH 1
| #define GNULIB_TEST_C32ISLOWER 1
| #define GNULIB_TEST_C32ISPRINT 1
| #define GNULIB_TEST_C32ISPUNCT 1
| #define GNULIB_TEST_C32ISSPACE 1
| #define GNULIB_TEST_C32ISUPPER 1
| #define GNULIB_TEST_C32ISXDIGIT 1
| #define GNULIB_TEST_C32TOLOWER 1
| #define GNULIB_TEST_C32WIDTH 1
| #define FLEXIBLE_ARRAY_MEMBER /**/
| #define GNULIB_TEST_FREE_POSIX 1
| #define HAVE_FREXP_IN_LIBC 1
| #define GNULIB_TEST_FREXP 1
| #define HAVE_FREXPL_IN_LIBC 1
| #define GNULIB_TEST_FREXPL 1
| #define HAVE___FSETERR 1
| #define HAVE_NEWLOCALE 1
| #define HAVE_DUPLOCALE 1
| #define HAVE_FREELOCALE 1
| #define GNULIB_TEST_GETLOCALENAME_L_UNSAFE 1
| #define HAVE_NEWLOCALE 1
| #define HAVE_DUPLOCALE 1
| #define HAVE_FREELOCALE 1
| #define HAVE_INLINE 1
| #define HAVE_ISNAND_IN_LIBC 1
| #define HAVE_ISNANF_IN_LIBC 1
| #define HAVE_ISNANL_IN_LIBC 1
| #define HAVE_ISWBLANK 1
| #define HAVE_DECL_ISWBLANK 1
| #define GNULIB_TEST_ISWBLANK 1
| #define GNULIB_TEST_ISWDIGIT 1
| #define GNULIB_TEST_ISWPUNCT 1
| #define GNULIB_TEST_ISWXDIGIT 1
| #define GNULIB_TEST_LOCALECONV 1
| #define GNULIB_LOCALECONV 1
| #define GNULIB_TEST_LOCALENAME_ENVIRON 1
| #define GNULIB_TEST_LOCALENAME_UNSAFE 1
| #define HAVE_PTHREAD_RWLOCK 1
| /* end confdefs.h.  */
| 
| #include <errno.h>
| #include <pthread.h>
| #include <stdlib.h>
| #include <unistd.h>
| 
| #define SUCCEED() exit (0)
| #define FAILURE() exit (1)
| #define UNEXPECTED(n) (exit (10 + (n)))
| 
| /* The main thread creates the waiting writer and the requesting reader threads
|    in the default way; this guarantees that they have the same priority.
|    We can reuse the main thread as first reader thread.  */
| 
| static pthread_rwlock_t lock;
| static pthread_t reader1;
| static pthread_t writer;
| static pthread_t reader2;
| static pthread_t timer;
| /* Used to pass control from writer to reader2 and from reader2 to timer,
|    as in a relay race.
|    Passing control from one running thread to another running thread
|    is most likely faster than to create the second thread.  */
| static pthread_mutex_t baton;
| 
| static void *
| timer_func (void *ignored)
| {
|   /* Step 13 (can be before or after step 12):
|      The timer thread takes the baton, then waits a moment to make sure
|      it can tell whether the second reader thread is blocked at step 12.  */
|   if (pthread_mutex_lock (&baton))
|     UNEXPECTED (13);
|   usleep (100000);
|   /* By the time we get here, it's clear that the second reader thread is
|      blocked at step 12.  This is the desired behaviour.  */
|   SUCCEED ();
| }
| 
| static void *
| reader2_func (void *ignored)
| {
|   int err;
| 
|   /* Step 8 (can be before or after step 7):
|      The second reader thread takes the baton, then waits a moment to make sure
|      the writer thread has reached step 7.  */
|   if (pthread_mutex_lock (&baton))
|     UNEXPECTED (8);
|   usleep (100000);
|   /* Step 9: The second reader thread requests the lock.  */
|   err = pthread_rwlock_tryrdlock (&lock);
|   if (err == 0)
|     FAILURE ();
|   else if (err != EBUSY)
|     UNEXPECTED (9);
|   /* Step 10: Launch a timer, to test whether the next call blocks.  */
|   if (pthread_create (&timer, NULL, timer_func, NULL))
|     UNEXPECTED (10);
|   /* Step 11: Release the baton.  */
|   if (pthread_mutex_unlock (&baton))
|     UNEXPECTED (11);
|   /* Step 12: The second reader thread requests the lock.  */
|   err = pthread_rwlock_rdlock (&lock);
|   if (err == 0)
|     FAILURE ();
|   else
|     UNEXPECTED (12);
| }
| 
| static void *
| writer_func (void *ignored)
| {
|   /* Step 4: Take the baton, so that the second reader thread does not go ahead
|      too early.  */
|   if (pthread_mutex_lock (&baton))
|     UNEXPECTED (4);
|   /* Step 5: Create the second reader thread.  */
|   if (pthread_create (&reader2, NULL, reader2_func, NULL))
|     UNEXPECTED (5);
|   /* Step 6: Release the baton.  */
|   if (pthread_mutex_unlock (&baton))
|     UNEXPECTED (6);
|   /* Step 7: The writer thread requests the lock.  */
|   if (pthread_rwlock_wrlock (&lock))
|     UNEXPECTED (7);
|   return NULL;
| }
| 
| int
| main ()
| {
|   reader1 = pthread_self ();
| 
|   /* Step 1: The main thread initializes the lock and the baton.  */
|   if (pthread_rwlock_init (&lock, NULL))
|     UNEXPECTED (1);
|   if (pthread_mutex_init (&baton, NULL))
|     UNEXPECTED (1);
|   /* Step 2: The main thread acquires the lock as a reader.  */
|   if (pthread_rwlock_rdlock (&lock))
|     UNEXPECTED (2);
|   /* Step 3: Create the writer thread.  */
|   if (pthread_create (&writer, NULL, writer_func, NULL))
|     UNEXPECTED (3);
|   /* Job done.  Go to sleep.  */
|   for (;;)
|     {
|       sleep (1);
|     }
| }
| 
configure:47589: result: no
configure:47623: gcc -c -g -O2  conftest.c >&5
configure:47623: $? = 0
configure:47705: checking whether mbrtoc32 works on empty input
configure:47740: gcc -o conftest -g -O2   conftest.c  >&5
configure:47740: $? = 0
configure:47740: ./conftest
configure:47740: $? = 0
configure:47755: result: yes
configure:47759: checking whether the C locale is free of encoding errors
configure:47806: gcc -o conftest -g -O2   conftest.c  >&5
configure:47806: $? = 0
configure:47806: ./conftest
configure:47806: $? = 0
configure:47821: result: yes
configure:47825: checking whether mbrtoc32 works in an UTF-8 locale
configure:47876: gcc -o conftest -g -O2   conftest.c  >&5
configure:47876: $? = 0
configure:47876: ./conftest
configure:47876: $? = 0
configure:47891: result: yes
configure:48119: checking whether mbrtowc handles a NULL pwc argument
configure:48173: gcc -o conftest -g -O2   conftest.c  >&5
configure:48173: $? = 0
configure:48173: ./conftest
configure:48173: $? = 0
configure:48189: result: yes
configure:48197: checking whether mbrtowc has a correct return value
configure:48311: gcc -o conftest -g -O2   conftest.c  >&5
configure:48311: $? = 0
configure:48311: ./conftest
configure:48311: $? = 0
configure:48330: result: yes
configure:48336: checking whether mbrtowc returns 0 when parsing a NUL character
configure:48391: result: guessing yes
configure:48396: checking whether mbrtowc stores incomplete characters
configure:48507: gcc -o conftest -g -O2   conftest.c  >&5
configure:48507: $? = 0
configure:48507: ./conftest
configure:48507: $? = 0
configure:48525: result: no
configure:48530: checking whether mbrtowc works on empty input
configure:48561: gcc -o conftest -g -O2   conftest.c  >&5
configure:48561: $? = 0
configure:48561: ./conftest
configure:48561: $? = 0
configure:48576: result: yes
configure:48580: checking whether the C locale is free of encoding errors
configure:48624: gcc -o conftest -g -O2   conftest.c  >&5
configure:48624: $? = 0
configure:48624: ./conftest
configure:48624: $? = 0
configure:48639: result: yes
configure:49207: checking whether frexp works
configure:49329: result: yes
configure:49341: checking whether ldexp can be used without linking with libm
configure:49361: gcc -o conftest -g -O2   conftest.c  >&5
configure:49361: $? = 0
configure:49373: result: yes
configure:49386: checking whether frexpl() can be used without linking with libm
configure:49417: result: yes
configure:49423: checking whether frexpl works
configure:49547: result: yes
configure:49562: checking whether frexpl is declared
configure:49562: result: yes
configure:49574: checking whether ldexpl() can be used without linking with libm
configure:49593: gcc -o conftest -g -O2   conftest.c  >&5
configure:49593: $? = 0
configure:49605: result: yes
configure:49611: checking whether ldexpl works
configure:49656: gcc -o conftest -g -O2   conftest.c  >&5
configure:49656: $? = 0
configure:49656: ./conftest
configure:49656: $? = 0
configure:49671: result: yes
configure:49679: checking whether ldexpl is declared
configure:49679: gcc -c -g -O2   conftest.c >&5
configure:49679: $? = 0
configure:49679: result: yes
configure:49699: checking for PTHREAD_CREATE_DETACHED
configure:49718: gcc -c -g -O2  conftest.c >&5
configure:49718: $? = 0
configure:49729: result: yes
configure:49735: checking for PTHREAD_MUTEX_RECURSIVE
configure:49754: gcc -c -g -O2  conftest.c >&5
configure:49754: $? = 0
configure:49765: result: yes
configure:49771: checking for PTHREAD_MUTEX_ROBUST
configure:49790: gcc -c -g -O2  conftest.c >&5
configure:49790: $? = 0
configure:49801: result: yes
configure:49807: checking for PTHREAD_PROCESS_SHARED
configure:49826: gcc -c -g -O2  conftest.c >&5
configure:49826: $? = 0
configure:49837: result: yes
configure:49872: checking whether pthread_once works
configure:49885: result: yes
configure:49892: checking whether pthread_once can be used without linking with libpthread
configure:49931: gcc -o conftest -g -O2   conftest.c  >&5
configure:49931: $? = 0
configure:49931: ./conftest
configure:49931: $? = 0
configure:49946: result: yes
configure:50052: checking whether the -Werror option is usable
configure:50071: gcc -c -g -O2 -Werror  conftest.c >&5
configure:50071: $? = 0
configure:50083: result: yes
configure:50085: checking for simple visibility declarations
configure:50117: gcc -c -g -O2 -fvisibility=hidden -Werror  conftest.c >&5
configure:50117: $? = 0
configure:50129: result: yes
configure:50167: checking for signbit macro
configure:50278: gcc -o conftest -g -O2   conftest.c  >&5
configure:50278: $? = 0
configure:50278: ./conftest
configure:50278: $? = 0
configure:50293: result: yes
configure:50295: checking for signbit compiler built-ins
configure:50408: gcc -o conftest -g -O2   conftest.c  >&5
configure:50408: $? = 0
configure:50408: ./conftest
configure:50408: $? = 0
configure:50423: result: yes
configure:50966: checking for stdint.h
configure:50966: result: yes
configure:50973: checking for SIZE_MAX
configure:51052: result: yes
configure:51062: checking for ssize_t
configure:51080: gcc -c -g -O2  conftest.c >&5
configure:51080: $? = 0
configure:51090: result: yes
configure:51429: checking whether strstr works in linear time
configure:51516: gcc -o conftest -g -O2   conftest.c  >&5
configure:51516: $? = 0
configure:51516: ./conftest
configure:51516: $? = 0
configure:51531: result: yes
configure:51559: checking whether strstr works
configure:51637: result: yes
configure:51967: checking for sys/single_threaded.h
configure:51967: gcc -c -g -O2  conftest.c >&5
conftest.c:280:10: fatal error: sys/single_threaded.h: No such file or directory
  280 | #include <sys/single_threaded.h>
      |          ^~~~~~~~~~~~~~~~~~~~~~~
compilation terminated.
configure:51967: $? = 1
configure: failed program was:
| /* confdefs.h */
| #define PACKAGE_NAME "libunistring"
| #define PACKAGE_TARNAME "libunistring"
| #define PACKAGE_VERSION "dummy"
| #define PACKAGE_STRING "libunistring dummy"
| #define PACKAGE_BUGREPORT ""
| #define PACKAGE_URL ""
| #undef PACKAGE_VERSION
| #define PACKAGE_VERSION "1.4.2"
| #undef PACKAGE_STRING
| #define PACKAGE_STRING "libunistring 1.4.2"
| #define PACKAGE "libunistring"
| #define VERSION "1.4.2"
| #define HAVE_STDIO_H 1
| #define HAVE_STDLIB_H 1
| #define HAVE_STRING_H 1
| #define HAVE_INTTYPES_H 1
| #define HAVE_STDINT_H 1
| #define HAVE_STRINGS_H 1
| #define HAVE_SYS_STAT_H 1
| #define HAVE_SYS_TYPES_H 1
| #define HAVE_UNISTD_H 1
| #define HAVE_WCHAR_H 1
| #define HAVE_STDBOOL_H 1
| #define HAVE_UCHAR_H 1
| #define HAVE_THREADS_H 1
| #define HAVE_LANGINFO_H 1
| #define HAVE_ICONV_H 1
| #define HAVE_LIMITS_H 1
| #define HAVE_WCTYPE_H 1
| #define HAVE_MATH_H 1
| #define HAVE_SYS_MMAN_H 1
| #define HAVE_PTHREAD_H 1
| #define HAVE_STDCKDINT_H 1
| #define HAVE_SYS_TIME_H 1
| #define HAVE_FEATURES_H 1
| #define HAVE_SYS_SOCKET_H 1
| #define HAVE_ARPA_INET_H 1
| #define HAVE_NETDB_H 1
| #define HAVE_NETINET_IN_H 1
| #define HAVE_SEMAPHORE_H 1
| #define HAVE_SYS_PARAM_H 1
| #define HAVE_SYS_SELECT_H 1
| #define HAVE_SYS_WAIT_H 1
| #define HAVE_SYS_IOCTL_H 1
| #define HAVE_SYS_UN_H 1
| #define HAVE_SYS_UIO_H 1
| #define STDC_HEADERS 1
| #define _ALL_SOURCE 1
| #define _DARWIN_C_SOURCE 1
| #define _GNU_SOURCE 1
| #define _HPUX_ALT_XOPEN_SOCKET_API 1
| #define _NETBSD_SOURCE 1
| #define _OPENBSD_SOURCE 1
| #define _POSIX_PTHREAD_SEMANTICS 1
| #define __STDC_WANT_IEC_60559_ATTRIBS_EXT__ 1
| #define __STDC_WANT_IEC_60559_BFP_EXT__ 1
| #define __STDC_WANT_IEC_60559_DFP_EXT__ 1
| #define __STDC_WANT_IEC_60559_EXT__ 1
| #define __STDC_WANT_IEC_60559_FUNCS_EXT__ 1
| #define __STDC_WANT_IEC_60559_TYPES_EXT__ 1
| #define __STDC_WANT_LIB_EXT2__ 1
| #define __STDC_WANT_MATH_SPEC_FUNCS__ 1
| #define _TANDEM_SOURCE 1
| #define __EXTENSIONS__ 1
| #define _LINUX_SOURCE_COMPAT 1
| #define __USE_MINGW_ANSI_STDIO 1
| #define HAVE_DLFCN_H 1
| #define LT_OBJDIR ".libs/"
| #define HAVE_ALLOCA_H 1
| #define HAVE_ALLOCA 1
| #define restrict __restrict__
| #define BITSIZEOF_WCHAR_T 32
| #define HAVE_MBSTATE_T 1
| #define HAVE_MBSINIT 1
| #define HAVE_MBRTOWC 1
| #define HAVE_SYMLINK 1
| #define HAVE_ISWCNTRL 1
| #define HAVE_MPROTECT 1
| #define HAVE_SNPRINTF 1
| #define HAVE_STRDUP 1
| #define HAVE_WCWIDTH 1
| #define HAVE_BTOWC 1
| #define HAVE_FCNTL 1
| #define HAVE_GETDTABLESIZE 1
| #define HAVE_GETTIMEOFDAY 1
| #define HAVE_ISBLANK 1
| #define HAVE_LSTAT 1
| #define HAVE___XPG_STRERROR_R 1
| #define HAVE_PIPE 1
| #define HAVE_PSELECT 1
| #define HAVE_PTHREAD_SIGMASK 1
| #define HAVE_SETENV 1
| #define HAVE_SLEEP 1
| #define HAVE_SHUTDOWN 1
| #define HAVE_USLEEP 1
| #define HAVE_WCRTOMB 1
| #define HAVE_WCTOB 1
| #define HAVE_LANGINFO_CODESET 1
| #define HAVE_WORKING_MBRTOC32 1
| #define HAVE_WORKING_C32RTOMB 1
| #define HAVE_WORKING_O_DIRECTORY 1
| #define HAVE_WORKING_O_NOATIME 1
| #define HAVE_WORKING_O_NOFOLLOW 1
| #define HAVE_DECL_ALARM 1
| #define HAVE_PTHREAD_API 1
| #define SETLOCALE_NULL_ALL_MTSAFE 0
| #define SETLOCALE_NULL_ONE_MTSAFE 1
| #define HAVE_WEAK_SYMBOLS 1
| #define HAVE_USELOCALE 1
| #define HAVE_WORKING_USELOCALE 1
| #define HAVE_GOOD_USELOCALE 1
| #define HAVE_ICONV 1
| #define ICONV_CONST 
| #define HAVE_WINT_T 1
| #define HAVE_LONG_LONG_INT 1
| #define HAVE_UNSIGNED_LONG_LONG_INT 1
| #define DBL_EXPBIT0_WORD 1
| #define DBL_EXPBIT0_BIT 20
| #define FLT_EXPBIT0_WORD 0
| #define FLT_EXPBIT0_BIT 23
| #define LDBL_EXPBIT0_WORD 2
| #define LDBL_EXPBIT0_BIT 0
| #define HAVE_TOWLOWER 1
| #define HAVE_LC_MESSAGES 1
| #define MUSL_LIBC 1
| #define HAVE_WEAK_SYMBOLS 1
| #define USE_POSIX_THREADS 1
| #define USE_POSIX_THREADS_WEAK 1
| #define HAVE_MALLOC_PTRDIFF 1
| #define HAVE_MALLOC_POSIX 1
| #define HAVE_MALLOC_0_NONNULL 1
| #define HAVE_MINMAX_IN_SYS_PARAM_H 1
| #define HAVE_PTHREAD_T 1
| #define HAVE_PTHREAD_SPINLOCK_T 1
| #define INSTALLPREFIX "/home/bloink/Work/unnamedlinuxdistro/fs"
| #define HAVE_DLADDR_IN_LIBC 1
| #define HAVE_SCHED_H 1
| #define HAVE_DECL_ECVT 1
| #define HAVE_DECL_FCVT 1
| #define HAVE_DECL_GCVT 1
| #define HAVE_DECL_STREQ 0
| #define HAVE_DECL_MEMEQ 0
| #define _USE_STD_STAT 1
| #define HAVE_DECL_EXECVPE 1
| #define HAVE_INTTYPES_H_WITH_UINTMAX 1
| #define HAVE_STDINT_H_WITH_UINTMAX 1
| #define HAVE_INTMAX_T 1
| #define HAVE_WCSLEN 1
| #define HAVE_SNPRINTF 1
| #define HAVE_STRNLEN 1
| #define HAVE_WCRTOMB 1
| #define HAVE_DECL__SNPRINTF 0
| #define HAVE_SNPRINTF_RETVAL_C99 1
| #define HAVE_SNPRINTF_TRUNCATION_C99 1
| #define CHECK_PRINTF_SAFE 1
| #define HAVE_DECL_WCSDUP 1
| #define HAVE_SHUTDOWN 1
| #define HAVE_STRUCT_SOCKADDR_STORAGE 1
| #define HAVE_SA_FAMILY_T 1
| #define HAVE_STRUCT_SOCKADDR_STORAGE_SS_FAMILY 1
| #define HAVE_ENVIRON_DECL 1
| #define HAVE_DECL_STRERROR_R 1
| #define HAVE_STRERROR_R 1
| #define HAVE_DECL_GETDTABLESIZE 1
| #define HAVE_IPV4 1
| #define HAVE_IPV6 1
| #define LSTAT_FOLLOWS_SLASHED_SYMLINK 1
| #define PROMOTED_MODE_T mode_t
| #define HAVE_STRERROR_R 1
| #define HAVE_DECL__PUTENV 0
| #define HAVE_SIGSET_T 1
| #define HAVE_DECL_INITSTATE 1
| #define HAVE_DECL_SETSTATE 1
| #define HAVE_DECL_SETENV 1
| #define HAVE_SEARCH_H 1
| #define HAVE_TSEARCH 1
| #define HAVE_DECL_FCLOSEALL 0
| #define HAVE_DECL_GETW 1
| #define HAVE_DECL_PUTW 1
| #define HAVE_DECL_UNSETENV 1
| #define HAVE_ALLOCA 1
| #define HAVE_C_STATIC_ASSERT 1
| #define HAVE_C_BOOL 1
| #define HAVE___BUILTIN_EXPECT 1
| #define GNULIB_TEST_C32ISALNUM 1
| #define GNULIB_TEST_C32ISALPHA 1
| #define GNULIB_TEST_C32ISBLANK 1
| #define GNULIB_TEST_C32ISCNTRL 1
| #define GNULIB_TEST_C32ISDIGIT 1
| #define GNULIB_TEST_C32ISGRAPH 1
| #define GNULIB_TEST_C32ISLOWER 1
| #define GNULIB_TEST_C32ISPRINT 1
| #define GNULIB_TEST_C32ISPUNCT 1
| #define GNULIB_TEST_C32ISSPACE 1
| #define GNULIB_TEST_C32ISUPPER 1
| #define GNULIB_TEST_C32ISXDIGIT 1
| #define GNULIB_TEST_C32TOLOWER 1
| #define GNULIB_TEST_C32WIDTH 1
| #define FLEXIBLE_ARRAY_MEMBER /**/
| #define GNULIB_TEST_FREE_POSIX 1
| #define HAVE_FREXP_IN_LIBC 1
| #define GNULIB_TEST_FREXP 1
| #define HAVE_FREXPL_IN_LIBC 1
| #define GNULIB_TEST_FREXPL 1
| #define HAVE___FSETERR 1
| #define HAVE_NEWLOCALE 1
| #define HAVE_DUPLOCALE 1
| #define HAVE_FREELOCALE 1
| #define GNULIB_TEST_GETLOCALENAME_L_UNSAFE 1
| #define HAVE_NEWLOCALE 1
| #define HAVE_DUPLOCALE 1
| #define HAVE_FREELOCALE 1
| #define HAVE_INLINE 1
| #define HAVE_ISNAND_IN_LIBC 1
| #define HAVE_ISNANF_IN_LIBC 1
| #define HAVE_ISNANL_IN_LIBC 1
| #define HAVE_ISWBLANK 1
| #define HAVE_DECL_ISWBLANK 1
| #define GNULIB_TEST_ISWBLANK 1
| #define GNULIB_TEST_ISWDIGIT 1
| #define GNULIB_TEST_ISWPUNCT 1
| #define GNULIB_TEST_ISWXDIGIT 1
| #define GNULIB_TEST_LOCALECONV 1
| #define GNULIB_LOCALECONV 1
| #define GNULIB_TEST_LOCALENAME_ENVIRON 1
| #define GNULIB_TEST_LOCALENAME_UNSAFE 1
| #define HAVE_PTHREAD_RWLOCK 1
| #define HAVE_PTHREAD_MUTEX_RECURSIVE 1
| #define GNULIB_LOCK 1
| #define GNULIB_TEST_MALLOC_POSIX 1
| #define GNULIB_TEST_MBRTOC32 1
| #define GNULIB_TEST_MBRTOWC 1
| #define GNULIB_TEST_MBSINIT 1
| #define GNULIB_TEST_MBSNLEN 1
| #define GNULIB_TEST_MBSZERO 1
| #define GNULIB_TEST_MEMCHR 1
| #define HAVE_FREXP_IN_LIBC 1
| #define HAVE_LDEXP_IN_LIBC 1
| #define HAVE_FREXPL_IN_LIBC 1
| #define HAVE_LDEXPL_IN_LIBC 1
| #define GNULIB_TEST_PTHREAD_ONCE 1
| #define HAVE_VISIBILITY 1
| #define GNULIB_TEST_SETLOCALE_NULL 1
| #define GNULIB_TEST_SIGNBIT_NO_CXX 1
| #define HAVE_STDINT_H 1
| #define GNULIB_TEST_STRINGEQ 1
| #define GNULIB_TEST_STRNCAT 1
| #define GNULIB_TEST_STRNCPY 1
| #define GNULIB_TEST_STRSTR 1
| /* end confdefs.h.  */
| #include <stddef.h>
| #ifdef HAVE_STDIO_H
| # include <stdio.h>
| #endif
| #ifdef HAVE_STDLIB_H
| # include <stdlib.h>
| #endif
| #ifdef HAVE_STRING_H
| # include <string.h>
| #endif
| #ifdef HAVE_INTTYPES_H
| # include <inttypes.h>
| #endif
| #ifdef HAVE_STDINT_H
| # include <stdint.h>
| #endif
| #ifdef HAVE_STRINGS_H
| # include <strings.h>
| #endif
| #ifdef HAVE_SYS_TYPES_H
| # include <sys/types.h>
| #endif
| #ifdef HAVE_SYS_STAT_H
| # include <sys/stat.h>
| #endif
| #ifdef HAVE_UNISTD_H
| # include <unistd.h>
| #endif
| #include <sys/single_threaded.h>
configure:51967: result: no
configure:64658: checking for ptrdiff_t
configure:64658: gcc -c -g -O2  conftest.c >&5
configure:64658: $? = 0
configure:64658: gcc -c -g -O2  conftest.c >&5
conftest.c: In function 'main':
conftest.c:297:24: error: expected expression before ')' token
  297 | if (sizeof ((ptrdiff_t)))
      |                        ^
configure:64658: $? = 1
configure: failed program was:
| /* confdefs.h */
| #define PACKAGE_NAME "libunistring"
| #define PACKAGE_TARNAME "libunistring"
| #define PACKAGE_VERSION "dummy"
| #define PACKAGE_STRING "libunistring dummy"
| #define PACKAGE_BUGREPORT ""
| #define PACKAGE_URL ""
| #undef PACKAGE_VERSION
| #define PACKAGE_VERSION "1.4.2"
| #undef PACKAGE_STRING
| #define PACKAGE_STRING "libunistring 1.4.2"
| #define PACKAGE "libunistring"
| #define VERSION "1.4.2"
| #define HAVE_STDIO_H 1
| #define HAVE_STDLIB_H 1
| #define HAVE_STRING_H 1
| #define HAVE_INTTYPES_H 1
| #define HAVE_STDINT_H 1
| #define HAVE_STRINGS_H 1
| #define HAVE_SYS_STAT_H 1
| #define HAVE_SYS_TYPES_H 1
| #define HAVE_UNISTD_H 1
| #define HAVE_WCHAR_H 1
| #define HAVE_STDBOOL_H 1
| #define HAVE_UCHAR_H 1
| #define HAVE_THREADS_H 1
| #define HAVE_LANGINFO_H 1
| #define HAVE_ICONV_H 1
| #define HAVE_LIMITS_H 1
| #define HAVE_WCTYPE_H 1
| #define HAVE_MATH_H 1
| #define HAVE_SYS_MMAN_H 1
| #define HAVE_PTHREAD_H 1
| #define HAVE_STDCKDINT_H 1
| #define HAVE_SYS_TIME_H 1
| #define HAVE_FEATURES_H 1
| #define HAVE_SYS_SOCKET_H 1
| #define HAVE_ARPA_INET_H 1
| #define HAVE_NETDB_H 1
| #define HAVE_NETINET_IN_H 1
| #define HAVE_SEMAPHORE_H 1
| #define HAVE_SYS_PARAM_H 1
| #define HAVE_SYS_SELECT_H 1
| #define HAVE_SYS_WAIT_H 1
| #define HAVE_SYS_IOCTL_H 1
| #define HAVE_SYS_UN_H 1
| #define HAVE_SYS_UIO_H 1
| #define STDC_HEADERS 1
| #define _ALL_SOURCE 1
| #define _DARWIN_C_SOURCE 1
| #define _GNU_SOURCE 1
| #define _HPUX_ALT_XOPEN_SOCKET_API 1
| #define _NETBSD_SOURCE 1
| #define _OPENBSD_SOURCE 1
| #define _POSIX_PTHREAD_SEMANTICS 1
| #define __STDC_WANT_IEC_60559_ATTRIBS_EXT__ 1
| #define __STDC_WANT_IEC_60559_BFP_EXT__ 1
| #define __STDC_WANT_IEC_60559_DFP_EXT__ 1
| #define __STDC_WANT_IEC_60559_EXT__ 1
| #define __STDC_WANT_IEC_60559_FUNCS_EXT__ 1
| #define __STDC_WANT_IEC_60559_TYPES_EXT__ 1
| #define __STDC_WANT_LIB_EXT2__ 1
| #define __STDC_WANT_MATH_SPEC_FUNCS__ 1
| #define _TANDEM_SOURCE 1
| #define __EXTENSIONS__ 1
| #define _LINUX_SOURCE_COMPAT 1
| #define __USE_MINGW_ANSI_STDIO 1
| #define HAVE_DLFCN_H 1
| #define LT_OBJDIR ".libs/"
| #define HAVE_ALLOCA_H 1
| #define HAVE_ALLOCA 1
| #define restrict __restrict__
| #define BITSIZEOF_WCHAR_T 32
| #define HAVE_MBSTATE_T 1
| #define HAVE_MBSINIT 1
| #define HAVE_MBRTOWC 1
| #define HAVE_SYMLINK 1
| #define HAVE_ISWCNTRL 1
| #define HAVE_MPROTECT 1
| #define HAVE_SNPRINTF 1
| #define HAVE_STRDUP 1
| #define HAVE_WCWIDTH 1
| #define HAVE_BTOWC 1
| #define HAVE_FCNTL 1
| #define HAVE_GETDTABLESIZE 1
| #define HAVE_GETTIMEOFDAY 1
| #define HAVE_ISBLANK 1
| #define HAVE_LSTAT 1
| #define HAVE___XPG_STRERROR_R 1
| #define HAVE_PIPE 1
| #define HAVE_PSELECT 1
| #define HAVE_PTHREAD_SIGMASK 1
| #define HAVE_SETENV 1
| #define HAVE_SLEEP 1
| #define HAVE_SHUTDOWN 1
| #define HAVE_USLEEP 1
| #define HAVE_WCRTOMB 1
| #define HAVE_WCTOB 1
| #define HAVE_LANGINFO_CODESET 1
| #define HAVE_WORKING_MBRTOC32 1
| #define HAVE_WORKING_C32RTOMB 1
| #define HAVE_WORKING_O_DIRECTORY 1
| #define HAVE_WORKING_O_NOATIME 1
| #define HAVE_WORKING_O_NOFOLLOW 1
| #define HAVE_DECL_ALARM 1
| #define HAVE_PTHREAD_API 1
| #define SETLOCALE_NULL_ALL_MTSAFE 0
| #define SETLOCALE_NULL_ONE_MTSAFE 1
| #define HAVE_WEAK_SYMBOLS 1
| #define HAVE_USELOCALE 1
| #define HAVE_WORKING_USELOCALE 1
| #define HAVE_GOOD_USELOCALE 1
| #define HAVE_ICONV 1
| #define ICONV_CONST 
| #define HAVE_WINT_T 1
| #define HAVE_LONG_LONG_INT 1
| #define HAVE_UNSIGNED_LONG_LONG_INT 1
| #define DBL_EXPBIT0_WORD 1
| #define DBL_EXPBIT0_BIT 20
| #define FLT_EXPBIT0_WORD 0
| #define FLT_EXPBIT0_BIT 23
| #define LDBL_EXPBIT0_WORD 2
| #define LDBL_EXPBIT0_BIT 0
| #define HAVE_TOWLOWER 1
| #define HAVE_LC_MESSAGES 1
| #define MUSL_LIBC 1
| #define HAVE_WEAK_SYMBOLS 1
| #define USE_POSIX_THREADS 1
| #define USE_POSIX_THREADS_WEAK 1
| #define HAVE_MALLOC_PTRDIFF 1
| #define HAVE_MALLOC_POSIX 1
| #define HAVE_MALLOC_0_NONNULL 1
| #define HAVE_MINMAX_IN_SYS_PARAM_H 1
| #define HAVE_PTHREAD_T 1
| #define HAVE_PTHREAD_SPINLOCK_T 1
| #define INSTALLPREFIX "/home/bloink/Work/unnamedlinuxdistro/fs"
| #define HAVE_DLADDR_IN_LIBC 1
| #define HAVE_SCHED_H 1
| #define HAVE_DECL_ECVT 1
| #define HAVE_DECL_FCVT 1
| #define HAVE_DECL_GCVT 1
| #define HAVE_DECL_STREQ 0
| #define HAVE_DECL_MEMEQ 0
| #define _USE_STD_STAT 1
| #define HAVE_DECL_EXECVPE 1
| #define HAVE_INTTYPES_H_WITH_UINTMAX 1
| #define HAVE_STDINT_H_WITH_UINTMAX 1
| #define HAVE_INTMAX_T 1
| #define HAVE_WCSLEN 1
| #define HAVE_SNPRINTF 1
| #define HAVE_STRNLEN 1
| #define HAVE_WCRTOMB 1
| #define HAVE_DECL__SNPRINTF 0
| #define HAVE_SNPRINTF_RETVAL_C99 1
| #define HAVE_SNPRINTF_TRUNCATION_C99 1
| #define CHECK_PRINTF_SAFE 1
| #define HAVE_DECL_WCSDUP 1
| #define HAVE_SHUTDOWN 1
| #define HAVE_STRUCT_SOCKADDR_STORAGE 1
| #define HAVE_SA_FAMILY_T 1
| #define HAVE_STRUCT_SOCKADDR_STORAGE_SS_FAMILY 1
| #define HAVE_ENVIRON_DECL 1
| #define HAVE_DECL_STRERROR_R 1
| #define HAVE_STRERROR_R 1
| #define HAVE_DECL_GETDTABLESIZE 1
| #define HAVE_IPV4 1
| #define HAVE_IPV6 1
| #define LSTAT_FOLLOWS_SLASHED_SYMLINK 1
| #define PROMOTED_MODE_T mode_t
| #define HAVE_STRERROR_R 1
| #define HAVE_DECL__PUTENV 0
| #define HAVE_SIGSET_T 1
| #define HAVE_DECL_INITSTATE 1
| #define HAVE_DECL_SETSTATE 1
| #define HAVE_DECL_SETENV 1
| #define HAVE_SEARCH_H 1
| #define HAVE_TSEARCH 1
| #define HAVE_DECL_FCLOSEALL 0
| #define HAVE_DECL_GETW 1
| #define HAVE_DECL_PUTW 1
| #define HAVE_DECL_UNSETENV 1
| #define HAVE_ALLOCA 1
| #define HAVE_C_STATIC_ASSERT 1
| #define HAVE_C_BOOL 1
| #define HAVE___BUILTIN_EXPECT 1
| #define GNULIB_TEST_C32ISALNUM 1
| #define GNULIB_TEST_C32ISALPHA 1
| #define GNULIB_TEST_C32ISBLANK 1
| #define GNULIB_TEST_C32ISCNTRL 1
| #define GNULIB_TEST_C32ISDIGIT 1
| #define GNULIB_TEST_C32ISGRAPH 1
| #define GNULIB_TEST_C32ISLOWER 1
| #define GNULIB_TEST_C32ISPRINT 1
| #define GNULIB_TEST_C32ISPUNCT 1
| #define GNULIB_TEST_C32ISSPACE 1
| #define GNULIB_TEST_C32ISUPPER 1
| #define GNULIB_TEST_C32ISXDIGIT 1
| #define GNULIB_TEST_C32TOLOWER 1
| #define GNULIB_TEST_C32WIDTH 1
| #define FLEXIBLE_ARRAY_MEMBER /**/
| #define GNULIB_TEST_FREE_POSIX 1
| #define HAVE_FREXP_IN_LIBC 1
| #define GNULIB_TEST_FREXP 1
| #define HAVE_FREXPL_IN_LIBC 1
| #define GNULIB_TEST_FREXPL 1
| #define HAVE___FSETERR 1
| #define HAVE_NEWLOCALE 1
| #define HAVE_DUPLOCALE 1
| #define HAVE_FREELOCALE 1
| #define GNULIB_TEST_GETLOCALENAME_L_UNSAFE 1
| #define HAVE_NEWLOCALE 1
| #define HAVE_DUPLOCALE 1
| #define HAVE_FREELOCALE 1
| #define HAVE_INLINE 1
| #define HAVE_ISNAND_IN_LIBC 1
| #define HAVE_ISNANF_IN_LIBC 1
| #define HAVE_ISNANL_IN_LIBC 1
| #define HAVE_ISWBLANK 1
| #define HAVE_DECL_ISWBLANK 1
| #define GNULIB_TEST_ISWBLANK 1
| #define GNULIB_TEST_ISWDIGIT 1
| #define GNULIB_TEST_ISWPUNCT 1
| #define GNULIB_TEST_ISWXDIGIT 1
| #define GNULIB_TEST_LOCALECONV 1
| #define GNULIB_LOCALECONV 1
| #define GNULIB_TEST_LOCALENAME_ENVIRON 1
| #define GNULIB_TEST_LOCALENAME_UNSAFE 1
| #define HAVE_PTHREAD_RWLOCK 1
| #define HAVE_PTHREAD_MUTEX_RECURSIVE 1
| #define GNULIB_LOCK 1
| #define GNULIB_TEST_MALLOC_POSIX 1
| #define GNULIB_TEST_MBRTOC32 1
| #define GNULIB_TEST_MBRTOWC 1
| #define GNULIB_TEST_MBSINIT 1
| #define GNULIB_TEST_MBSNLEN 1
| #define GNULIB_TEST_MBSZERO 1
| #define GNULIB_TEST_MEMCHR 1
| #define HAVE_FREXP_IN_LIBC 1
| #define HAVE_LDEXP_IN_LIBC 1
| #define HAVE_FREXPL_IN_LIBC 1
| #define HAVE_LDEXPL_IN_LIBC 1
| #define GNULIB_TEST_PTHREAD_ONCE 1
| #define HAVE_VISIBILITY 1
| #define GNULIB_TEST_SETLOCALE_NULL 1
| #define GNULIB_TEST_SIGNBIT_NO_CXX 1
| #define HAVE_STDINT_H 1
| #define GNULIB_TEST_STRINGEQ 1
| #define GNULIB_TEST_STRNCAT 1
| #define GNULIB_TEST_STRNCPY 1
| #define GNULIB_TEST_STRSTR 1
| #define GNULIB_UNIGBRK_U16_GRAPHEME_BREAKS 1
| #define GNULIB_UNIGBRK_U16_GRAPHEME_NEXT 1
| #define GNULIB_UNIGBRK_U16_GRAPHEME_PREV 1
| #define GNULIB_UNIGBRK_U32_GRAPHEME_BREAKS 1
| #define GNULIB_UNIGBRK_U32_GRAPHEME_NEXT 1
| #define GNULIB_UNIGBRK_U32_GRAPHEME_PREV 1
| #define GNULIB_UNIGBRK_U8_GRAPHEME_BREAKS 1
| #define GNULIB_UNIGBRK_U8_GRAPHEME_NEXT 1
| #define GNULIB_UNIGBRK_U8_GRAPHEME_PREV 1
| #define GNULIB_UNIGBRK_UC_GRAPHEME_BREAKS 1
| #define GNULIB_UNIGBRK_ULC_GRAPHEME_BREAKS 1
| #define GNULIB_TEST_UNINORM_U16_NORMALIZE 1
| #define GNULIB_TEST_UNINORM_U32_NORMALIZE 1
| #define GNULIB_TEST_UNINORM_U8_NORMALIZE 1
| /* end confdefs.h.  */
| #include <stddef.h>
| #ifdef HAVE_STDIO_H
| # include <stdio.h>
| #endif
| #ifdef HAVE_STDLIB_H
| # include <stdlib.h>
| #endif
| #ifdef HAVE_STRING_H
| # include <string.h>
| #endif
| #ifdef HAVE_INTTYPES_H
| # include <inttypes.h>
| #endif
| #ifdef HAVE_STDINT_H
| # include <stdint.h>
| #endif
| #ifdef HAVE_STRINGS_H
| # include <strings.h>
| #endif
| #ifdef HAVE_SYS_TYPES_H
| # include <sys/types.h>
| #endif
| #ifdef HAVE_SYS_STAT_H
| # include <sys/stat.h>
| #endif
| #ifdef HAVE_UNISTD_H
| # include <unistd.h>
| #endif
| int
| main (void)
| {
| if (sizeof ((ptrdiff_t)))
| 	    return 0;
|   ;
|   return 0;
| }
configure:64658: result: yes
configure:65770: checking for ptrdiff_t
configure:65770: result: yes
configure:66882: checking for ptrdiff_t
configure:66882: result: yes
configure:68029: checking for ptrdiff_t
configure:68029: result: yes
configure:72212: checking for stpcpy
configure:72249: checking for stpcpy
configure:72249: gcc -o conftest -g -O2   conftest.c  >&5
conftest.c:300:6: warning: conflicting types for built-in function 'stpcpy'; expected 'char *(char *, const char *)' [-Wbuiltin-declaration-mismatch]
  300 | char stpcpy (void);
      |      ^~~~~~
configure:72249: $? = 0
configure:72249: result: yes
configure:72265: result: yes
configure:73665: checking whether wcwidth is declared
configure:73665: gcc -c -g -O2   conftest.c >&5
configure:73665: $? = 0
configure:73665: result: yes
configure:73716: checking whether wcwidth works reasonably in UTF-8 locales
configure:73768: gcc -o conftest -g -O2   conftest.c  >&5
configure:73768: $? = 0
configure:73768: ./conftest
configure:73768: $? = 0
configure:73783: result: yes
configure:73901: checking for stdint.h
configure:73901: result: yes
configure:73989: checking for alignas and alignof
configure:74047: gcc -c -g -O2  conftest.c >&5
configure:74047: $? = 0
configure:74061: result: yes, keywords
configure:74169: checking whether btowc(0) is correct
configure:74200: gcc -o conftest -g -O2   conftest.c  >&5
configure:74200: $? = 0
configure:74200: ./conftest
configure:74200: $? = 0
configure:74215: result: yes
configure:74219: checking whether btowc is consistent with mbrtowc in the C locale
configure:74275: gcc -o conftest -g -O2   conftest.c  >&5
configure:74275: $? = 0
configure:74275: ./conftest
configure:74275: $? = 0
configure:74290: result: yes
configure:74306: checking whether the C locale is free of encoding errors
configure:74365: result: yes
configure:74511: checking whether c32rtomb return value is correct
configure:74544: gcc -o conftest -g -O2   conftest.c  >&5
configure:74544: $? = 0
configure:74544: ./conftest
configure:74544: $? = 0
configure:74559: result: yes
configure:74657: checking whether calloc (0, n) and calloc (n, 0) return nonnull
configure:74693: gcc -o conftest -g -O2   conftest.c  >&5
configure:74693: $? = 0
configure:74693: ./conftest
configure:74693: $? = 0
configure:74707: result: yes
configure:74901: checking whether // is distinct from /
configure:74932: result: no
configure:74943: checking whether dup2 works
configure:75036: gcc -o conftest -g -O2   conftest.c  >&5
configure:75036: $? = 0
configure:75036: ./conftest
configure:75036: $? = 0
configure:75051: result: yes
configure:75184: checking whether fcntl handles F_DUPFD correctly
configure:75248: gcc -o conftest -g -O2   conftest.c  >&5
configure:75248: $? = 0
configure:75248: ./conftest
configure:75248: $? = 0
configure:75262: result: yes
configure:75280: checking whether fcntl understands F_DUPFD_CLOEXEC
configure:75315: gcc -o conftest -g -O2   conftest.c  >&5
configure:75315: $? = 0
configure:75315: ./conftest
configure:75315: $? = 0
configure:75334: gcc -c -g -O2  conftest.c >&5
conftest.c:311:1: error: unknown type name 'choke'
  311 | choke me
      | ^~~~~
conftest.c:311:9: error: expected ';' before 'int'
  311 | choke me
      |         ^
      |         ;
......
  314 | int
      | ~~~      
configure:75334: $? = 1
configure: failed program was:
| /* confdefs.h */
| #define PACKAGE_NAME "libunistring"
| #define PACKAGE_TARNAME "libunistring"
| #define PACKAGE_VERSION "dummy"
| #define PACKAGE_STRING "libunistring dummy"
| #define PACKAGE_BUGREPORT ""
| #define PACKAGE_URL ""
| #undef PACKAGE_VERSION
| #define PACKAGE_VERSION "1.4.2"
| #undef PACKAGE_STRING
| #define PACKAGE_STRING "libunistring 1.4.2"
| #define PACKAGE "libunistring"
| #define VERSION "1.4.2"
| #define HAVE_STDIO_H 1
| #define HAVE_STDLIB_H 1
| #define HAVE_STRING_H 1
| #define HAVE_INTTYPES_H 1
| #define HAVE_STDINT_H 1
| #define HAVE_STRINGS_H 1
| #define HAVE_SYS_STAT_H 1
| #define HAVE_SYS_TYPES_H 1
| #define HAVE_UNISTD_H 1
| #define HAVE_WCHAR_H 1
| #define HAVE_STDBOOL_H 1
| #define HAVE_UCHAR_H 1
| #define HAVE_THREADS_H 1
| #define HAVE_LANGINFO_H 1
| #define HAVE_ICONV_H 1
| #define HAVE_LIMITS_H 1
| #define HAVE_WCTYPE_H 1
| #define HAVE_MATH_H 1
| #define HAVE_SYS_MMAN_H 1
| #define HAVE_PTHREAD_H 1
| #define HAVE_STDCKDINT_H 1
| #define HAVE_SYS_TIME_H 1
| #define HAVE_FEATURES_H 1
| #define HAVE_SYS_SOCKET_H 1
| #define HAVE_ARPA_INET_H 1
| #define HAVE_NETDB_H 1
| #define HAVE_NETINET_IN_H 1
| #define HAVE_SEMAPHORE_H 1
| #define HAVE_SYS_PARAM_H 1
| #define HAVE_SYS_SELECT_H 1
| #define HAVE_SYS_WAIT_H 1
| #define HAVE_SYS_IOCTL_H 1
| #define HAVE_SYS_UN_H 1
| #define HAVE_SYS_UIO_H 1
| #define STDC_HEADERS 1
| #define _ALL_SOURCE 1
| #define _DARWIN_C_SOURCE 1
| #define _GNU_SOURCE 1
| #define _HPUX_ALT_XOPEN_SOCKET_API 1
| #define _NETBSD_SOURCE 1
| #define _OPENBSD_SOURCE 1
| #define _POSIX_PTHREAD_SEMANTICS 1
| #define __STDC_WANT_IEC_60559_ATTRIBS_EXT__ 1
| #define __STDC_WANT_IEC_60559_BFP_EXT__ 1
| #define __STDC_WANT_IEC_60559_DFP_EXT__ 1
| #define __STDC_WANT_IEC_60559_EXT__ 1
| #define __STDC_WANT_IEC_60559_FUNCS_EXT__ 1
| #define __STDC_WANT_IEC_60559_TYPES_EXT__ 1
| #define __STDC_WANT_LIB_EXT2__ 1
| #define __STDC_WANT_MATH_SPEC_FUNCS__ 1
| #define _TANDEM_SOURCE 1
| #define __EXTENSIONS__ 1
| #define _LINUX_SOURCE_COMPAT 1
| #define __USE_MINGW_ANSI_STDIO 1
| #define HAVE_DLFCN_H 1
| #define LT_OBJDIR ".libs/"
| #define HAVE_ALLOCA_H 1
| #define HAVE_ALLOCA 1
| #define restrict __restrict__
| #define BITSIZEOF_WCHAR_T 32
| #define HAVE_MBSTATE_T 1
| #define HAVE_MBSINIT 1
| #define HAVE_MBRTOWC 1
| #define HAVE_SYMLINK 1
| #define HAVE_ISWCNTRL 1
| #define HAVE_MPROTECT 1
| #define HAVE_SNPRINTF 1
| #define HAVE_STRDUP 1
| #define HAVE_WCWIDTH 1
| #define HAVE_BTOWC 1
| #define HAVE_FCNTL 1
| #define HAVE_GETDTABLESIZE 1
| #define HAVE_GETTIMEOFDAY 1
| #define HAVE_ISBLANK 1
| #define HAVE_LSTAT 1
| #define HAVE___XPG_STRERROR_R 1
| #define HAVE_PIPE 1
| #define HAVE_PSELECT 1
| #define HAVE_PTHREAD_SIGMASK 1
| #define HAVE_SETENV 1
| #define HAVE_SLEEP 1
| #define HAVE_SHUTDOWN 1
| #define HAVE_USLEEP 1
| #define HAVE_WCRTOMB 1
| #define HAVE_WCTOB 1
| #define HAVE_LANGINFO_CODESET 1
| #define HAVE_WORKING_MBRTOC32 1
| #define HAVE_WORKING_C32RTOMB 1
| #define HAVE_WORKING_O_DIRECTORY 1
| #define HAVE_WORKING_O_NOATIME 1
| #define HAVE_WORKING_O_NOFOLLOW 1
| #define HAVE_DECL_ALARM 1
| #define HAVE_PTHREAD_API 1
| #define SETLOCALE_NULL_ALL_MTSAFE 0
| #define SETLOCALE_NULL_ONE_MTSAFE 1
| #define HAVE_WEAK_SYMBOLS 1
| #define HAVE_USELOCALE 1
| #define HAVE_WORKING_USELOCALE 1
| #define HAVE_GOOD_USELOCALE 1
| #define HAVE_ICONV 1
| #define ICONV_CONST 
| #define HAVE_WINT_T 1
| #define HAVE_LONG_LONG_INT 1
| #define HAVE_UNSIGNED_LONG_LONG_INT 1
| #define DBL_EXPBIT0_WORD 1
| #define DBL_EXPBIT0_BIT 20
| #define FLT_EXPBIT0_WORD 0
| #define FLT_EXPBIT0_BIT 23
| #define LDBL_EXPBIT0_WORD 2
| #define LDBL_EXPBIT0_BIT 0
| #define HAVE_TOWLOWER 1
| #define HAVE_LC_MESSAGES 1
| #define MUSL_LIBC 1
| #define HAVE_WEAK_SYMBOLS 1
| #define USE_POSIX_THREADS 1
| #define USE_POSIX_THREADS_WEAK 1
| #define HAVE_MALLOC_PTRDIFF 1
| #define HAVE_MALLOC_POSIX 1
| #define HAVE_MALLOC_0_NONNULL 1
| #define HAVE_MINMAX_IN_SYS_PARAM_H 1
| #define HAVE_PTHREAD_T 1
| #define HAVE_PTHREAD_SPINLOCK_T 1
| #define INSTALLPREFIX "/home/bloink/Work/unnamedlinuxdistro/fs"
| #define HAVE_DLADDR_IN_LIBC 1
| #define HAVE_SCHED_H 1
| #define HAVE_DECL_ECVT 1
| #define HAVE_DECL_FCVT 1
| #define HAVE_DECL_GCVT 1
| #define HAVE_DECL_STREQ 0
| #define HAVE_DECL_MEMEQ 0
| #define _USE_STD_STAT 1
| #define HAVE_DECL_EXECVPE 1
| #define HAVE_INTTYPES_H_WITH_UINTMAX 1
| #define HAVE_STDINT_H_WITH_UINTMAX 1
| #define HAVE_INTMAX_T 1
| #define HAVE_WCSLEN 1
| #define HAVE_SNPRINTF 1
| #define HAVE_STRNLEN 1
| #define HAVE_WCRTOMB 1
| #define HAVE_DECL__SNPRINTF 0
| #define HAVE_SNPRINTF_RETVAL_C99 1
| #define HAVE_SNPRINTF_TRUNCATION_C99 1
| #define CHECK_PRINTF_SAFE 1
| #define HAVE_DECL_WCSDUP 1
| #define HAVE_SHUTDOWN 1
| #define HAVE_STRUCT_SOCKADDR_STORAGE 1
| #define HAVE_SA_FAMILY_T 1
| #define HAVE_STRUCT_SOCKADDR_STORAGE_SS_FAMILY 1
| #define HAVE_ENVIRON_DECL 1
| #define HAVE_DECL_STRERROR_R 1
| #define HAVE_STRERROR_R 1
| #define HAVE_DECL_GETDTABLESIZE 1
| #define HAVE_IPV4 1
| #define HAVE_IPV6 1
| #define LSTAT_FOLLOWS_SLASHED_SYMLINK 1
| #define PROMOTED_MODE_T mode_t
| #define HAVE_STRERROR_R 1
| #define HAVE_DECL__PUTENV 0
| #define HAVE_SIGSET_T 1
| #define HAVE_DECL_INITSTATE 1
| #define HAVE_DECL_SETSTATE 1
| #define HAVE_DECL_SETENV 1
| #define HAVE_SEARCH_H 1
| #define HAVE_TSEARCH 1
| #define HAVE_DECL_FCLOSEALL 0
| #define HAVE_DECL_GETW 1
| #define HAVE_DECL_PUTW 1
| #define HAVE_DECL_UNSETENV 1
| #define HAVE_ALLOCA 1
| #define HAVE_C_STATIC_ASSERT 1
| #define HAVE_C_BOOL 1
| #define HAVE___BUILTIN_EXPECT 1
| #define GNULIB_TEST_C32ISALNUM 1
| #define GNULIB_TEST_C32ISALPHA 1
| #define GNULIB_TEST_C32ISBLANK 1
| #define GNULIB_TEST_C32ISCNTRL 1
| #define GNULIB_TEST_C32ISDIGIT 1
| #define GNULIB_TEST_C32ISGRAPH 1
| #define GNULIB_TEST_C32ISLOWER 1
| #define GNULIB_TEST_C32ISPRINT 1
| #define GNULIB_TEST_C32ISPUNCT 1
| #define GNULIB_TEST_C32ISSPACE 1
| #define GNULIB_TEST_C32ISUPPER 1
| #define GNULIB_TEST_C32ISXDIGIT 1
| #define GNULIB_TEST_C32TOLOWER 1
| #define GNULIB_TEST_C32WIDTH 1
| #define FLEXIBLE_ARRAY_MEMBER /**/
| #define GNULIB_TEST_FREE_POSIX 1
| #define HAVE_FREXP_IN_LIBC 1
| #define GNULIB_TEST_FREXP 1
| #define HAVE_FREXPL_IN_LIBC 1
| #define GNULIB_TEST_FREXPL 1
| #define HAVE___FSETERR 1
| #define HAVE_NEWLOCALE 1
| #define HAVE_DUPLOCALE 1
| #define HAVE_FREELOCALE 1
| #define GNULIB_TEST_GETLOCALENAME_L_UNSAFE 1
| #define HAVE_NEWLOCALE 1
| #define HAVE_DUPLOCALE 1
| #define HAVE_FREELOCALE 1
| #define HAVE_INLINE 1
| #define HAVE_ISNAND_IN_LIBC 1
| #define HAVE_ISNANF_IN_LIBC 1
| #define HAVE_ISNANL_IN_LIBC 1
| #define HAVE_ISWBLANK 1
| #define HAVE_DECL_ISWBLANK 1
| #define GNULIB_TEST_ISWBLANK 1
| #define GNULIB_TEST_ISWDIGIT 1
| #define GNULIB_TEST_ISWPUNCT 1
| #define GNULIB_TEST_ISWXDIGIT 1
| #define GNULIB_TEST_LOCALECONV 1
| #define GNULIB_LOCALECONV 1
| #define GNULIB_TEST_LOCALENAME_ENVIRON 1
| #define GNULIB_TEST_LOCALENAME_UNSAFE 1
| #define HAVE_PTHREAD_RWLOCK 1
| #define HAVE_PTHREAD_MUTEX_RECURSIVE 1
| #define GNULIB_LOCK 1
| #define GNULIB_TEST_MALLOC_POSIX 1
| #define GNULIB_TEST_MBRTOC32 1
| #define GNULIB_TEST_MBRTOWC 1
| #define GNULIB_TEST_MBSINIT 1
| #define GNULIB_TEST_MBSNLEN 1
| #define GNULIB_TEST_MBSZERO 1
| #define GNULIB_TEST_MEMCHR 1
| #define HAVE_FREXP_IN_LIBC 1
| #define HAVE_LDEXP_IN_LIBC 1
| #define HAVE_FREXPL_IN_LIBC 1
| #define HAVE_LDEXPL_IN_LIBC 1
| #define GNULIB_TEST_PTHREAD_ONCE 1
| #define HAVE_VISIBILITY 1
| #define GNULIB_TEST_SETLOCALE_NULL 1
| #define GNULIB_TEST_SIGNBIT_NO_CXX 1
| #define HAVE_STDINT_H 1
| #define GNULIB_TEST_STRINGEQ 1
| #define GNULIB_TEST_STRNCAT 1
| #define GNULIB_TEST_STRNCPY 1
| #define GNULIB_TEST_STRSTR 1
| #define GNULIB_UNIGBRK_U16_GRAPHEME_BREAKS 1
| #define GNULIB_UNIGBRK_U16_GRAPHEME_NEXT 1
| #define GNULIB_UNIGBRK_U16_GRAPHEME_PREV 1
| #define GNULIB_UNIGBRK_U32_GRAPHEME_BREAKS 1
| #define GNULIB_UNIGBRK_U32_GRAPHEME_NEXT 1
| #define GNULIB_UNIGBRK_U32_GRAPHEME_PREV 1
| #define GNULIB_UNIGBRK_U8_GRAPHEME_BREAKS 1
| #define GNULIB_UNIGBRK_U8_GRAPHEME_NEXT 1
| #define GNULIB_UNIGBRK_U8_GRAPHEME_PREV 1
| #define GNULIB_UNIGBRK_UC_GRAPHEME_BREAKS 1
| #define GNULIB_UNIGBRK_ULC_GRAPHEME_BREAKS 1
| #define GNULIB_TEST_UNINORM_U16_NORMALIZE 1
| #define GNULIB_TEST_UNINORM_U32_NORMALIZE 1
| #define GNULIB_TEST_UNINORM_U8_NORMALIZE 1
| #define NEED_PRINTF_DIRECTIVE_B 1
| #define NEED_PRINTF_DIRECTIVE_B 1
| #define NEED_PRINTF_DIRECTIVE_B 1
| #define NEED_PRINTF_DIRECTIVE_B 1
| #define NEED_PRINTF_DIRECTIVE_B 1
| #define NEED_PRINTF_DIRECTIVE_B 1
| #define NEED_PRINTF_DIRECTIVE_B 1
| #define GNULIB_UNISTR_U16_MBTOUC 1
| #define GNULIB_UNISTR_U16_MBTOUC_UNSAFE 1
| #define GNULIB_UNISTR_U16_MBTOUCR 1
| #define GNULIB_UNISTR_U16_UCTOMB 1
| #define GNULIB_UNISTR_U32_MBTOUC 1
| #define GNULIB_UNISTR_U32_MBTOUC_UNSAFE 1
| #define GNULIB_UNISTR_U32_MBTOUCR 1
| #define GNULIB_UNISTR_U32_UCTOMB 1
| #define GNULIB_UNISTR_U8_MBTOUC 1
| #define GNULIB_UNISTR_U8_MBTOUC_UNSAFE 1
| #define GNULIB_UNISTR_U8_MBTOUCR 1
| #define HAVE_STPCPY 1
| #define GNULIB_UNISTR_U8_UCTOMB 1
| #define HAVE_DECL_WCWIDTH 1
| #define GNULIB_TEST_WCWIDTH 1
| #define HAVE_STDINT_H 1
| #define GNULIB_TEST_ACCEPT 1
| #define GNULIB_ACCEPT IN_LIBUNISTRING_GNULIB_TESTS
| #define HAVE_C_ALIGNASOF 1
| #define GNULIB_TEST_BIND 1
| #define GNULIB_BIND IN_LIBUNISTRING_GNULIB_TESTS
| #define GNULIB_TEST_BTOC32 1
| #define GNULIB_TEST_BTOWC 1
| #define GNULIB_TEST_C32RTOMB 1
| #define GNULIB_TEST_C32TOB 1
| #define GNULIB_TEST_CALLOC_GNU 1
| #define GNULIB_TEST_CALLOC_POSIX 1
| #define GNULIB_TEST_CLOEXEC 1
| #define GNULIB_TEST_CLOSE 1
| #define GNULIB_CLOSE IN_LIBUNISTRING_GNULIB_TESTS
| #define GNULIB_TEST_CONNECT 1
| #define GNULIB_CONNECT IN_LIBUNISTRING_GNULIB_TESTS
| #define GNULIB_TEST_DUP2 1
| #define GNULIB_TEST_ENVIRON 1
| /* end confdefs.h.  */
| 
| #ifdef __linux__
| /* The Linux kernel only added F_DUPFD_CLOEXEC in 2.6.24, so we always replace
|    it to support the semantics on older kernels that failed with EINVAL.  */
| choke me
| #endif
| 
| int
| main (void)
| {
| 
|   ;
|   return 0;
| }
configure:75355: result: needs runtime check
configure:75421: checking whether fdopen sets errno
configure:75456: gcc -o conftest -g -O2   conftest.c  >&5
configure:75456: $? = 0
configure:75456: ./conftest
configure:75456: $? = 0
configure:75471: result: yes
configure:75605: checking for ftruncate
configure:75642: checking for ftruncate
configure:75642: gcc -o conftest -g -O2   conftest.c  >&5
configure:75642: $? = 0
configure:75642: result: yes
configure:75658: result: yes
configure:75798: checking whether getdtablesize works
configure:75838: gcc -o conftest -g -O2   conftest.c  >&5
configure:75838: $? = 0
configure:75838: ./conftest
configure:75838: $? = 0
configure:75855: result: yes
configure:75921: checking for getprogname
configure:75958: checking for getprogname
configure:75958: gcc -o conftest -g -O2   conftest.c  >&5
/usr/lib/gcc/x86_64-alpine-linux-musl/15.2.0/../../../../x86_64-alpine-linux-musl/bin/ld: /tmp/ccMdgMLD.o: in function `main':
/home/bloink/Work/unnamedlinuxdistro/libunistring/conftest.c:342:(.text.startup+0x5): undefined reference to `getprogname'
collect2: error: ld returned 1 exit status
configure:75958: $? = 1
configure: failed program was:
| /* confdefs.h */
| #define PACKAGE_NAME "libunistring"
| #define PACKAGE_TARNAME "libunistring"
| #define PACKAGE_VERSION "dummy"
| #define PACKAGE_STRING "libunistring dummy"
| #define PACKAGE_BUGREPORT ""
| #define PACKAGE_URL ""
| #undef PACKAGE_VERSION
| #define PACKAGE_VERSION "1.4.2"
| #undef PACKAGE_STRING
| #define PACKAGE_STRING "libunistring 1.4.2"
| #define PACKAGE "libunistring"
| #define VERSION "1.4.2"
| #define HAVE_STDIO_H 1
| #define HAVE_STDLIB_H 1
| #define HAVE_STRING_H 1
| #define HAVE_INTTYPES_H 1
| #define HAVE_STDINT_H 1
| #define HAVE_STRINGS_H 1
| #define HAVE_SYS_STAT_H 1
| #define HAVE_SYS_TYPES_H 1
| #define HAVE_UNISTD_H 1
| #define HAVE_WCHAR_H 1
| #define HAVE_STDBOOL_H 1
| #define HAVE_UCHAR_H 1
| #define HAVE_THREADS_H 1
| #define HAVE_LANGINFO_H 1
| #define HAVE_ICONV_H 1
| #define HAVE_LIMITS_H 1
| #define HAVE_WCTYPE_H 1
| #define HAVE_MATH_H 1
| #define HAVE_SYS_MMAN_H 1
| #define HAVE_PTHREAD_H 1
| #define HAVE_STDCKDINT_H 1
| #define HAVE_SYS_TIME_H 1
| #define HAVE_FEATURES_H 1
| #define HAVE_SYS_SOCKET_H 1
| #define HAVE_ARPA_INET_H 1
| #define HAVE_NETDB_H 1
| #define HAVE_NETINET_IN_H 1
| #define HAVE_SEMAPHORE_H 1
| #define HAVE_SYS_PARAM_H 1
| #define HAVE_SYS_SELECT_H 1
| #define HAVE_SYS_WAIT_H 1
| #define HAVE_SYS_IOCTL_H 1
| #define HAVE_SYS_UN_H 1
| #define HAVE_SYS_UIO_H 1
| #define STDC_HEADERS 1
| #define _ALL_SOURCE 1
| #define _DARWIN_C_SOURCE 1
| #define _GNU_SOURCE 1
| #define _HPUX_ALT_XOPEN_SOCKET_API 1
| #define _NETBSD_SOURCE 1
| #define _OPENBSD_SOURCE 1
| #define _POSIX_PTHREAD_SEMANTICS 1
| #define __STDC_WANT_IEC_60559_ATTRIBS_EXT__ 1
| #define __STDC_WANT_IEC_60559_BFP_EXT__ 1
| #define __STDC_WANT_IEC_60559_DFP_EXT__ 1
| #define __STDC_WANT_IEC_60559_EXT__ 1
| #define __STDC_WANT_IEC_60559_FUNCS_EXT__ 1
| #define __STDC_WANT_IEC_60559_TYPES_EXT__ 1
| #define __STDC_WANT_LIB_EXT2__ 1
| #define __STDC_WANT_MATH_SPEC_FUNCS__ 1
| #define _TANDEM_SOURCE 1
| #define __EXTENSIONS__ 1
| #define _LINUX_SOURCE_COMPAT 1
| #define __USE_MINGW_ANSI_STDIO 1
| #define HAVE_DLFCN_H 1
| #define LT_OBJDIR ".libs/"
| #define HAVE_ALLOCA_H 1
| #define HAVE_ALLOCA 1
| #define restrict __restrict__
| #define BITSIZEOF_WCHAR_T 32
| #define HAVE_MBSTATE_T 1
| #define HAVE_MBSINIT 1
| #define HAVE_MBRTOWC 1
| #define HAVE_SYMLINK 1
| #define HAVE_ISWCNTRL 1
| #define HAVE_MPROTECT 1
| #define HAVE_SNPRINTF 1
| #define HAVE_STRDUP 1
| #define HAVE_WCWIDTH 1
| #define HAVE_BTOWC 1
| #define HAVE_FCNTL 1
| #define HAVE_GETDTABLESIZE 1
| #define HAVE_GETTIMEOFDAY 1
| #define HAVE_ISBLANK 1
| #define HAVE_LSTAT 1
| #define HAVE___XPG_STRERROR_R 1
| #define HAVE_PIPE 1
| #define HAVE_PSELECT 1
| #define HAVE_PTHREAD_SIGMASK 1
| #define HAVE_SETENV 1
| #define HAVE_SLEEP 1
| #define HAVE_SHUTDOWN 1
| #define HAVE_USLEEP 1
| #define HAVE_WCRTOMB 1
| #define HAVE_WCTOB 1
| #define HAVE_LANGINFO_CODESET 1
| #define HAVE_WORKING_MBRTOC32 1
| #define HAVE_WORKING_C32RTOMB 1
| #define HAVE_WORKING_O_DIRECTORY 1
| #define HAVE_WORKING_O_NOATIME 1
| #define HAVE_WORKING_O_NOFOLLOW 1
| #define HAVE_DECL_ALARM 1
| #define HAVE_PTHREAD_API 1
| #define SETLOCALE_NULL_ALL_MTSAFE 0
| #define SETLOCALE_NULL_ONE_MTSAFE 1
| #define HAVE_WEAK_SYMBOLS 1
| #define HAVE_USELOCALE 1
| #define HAVE_WORKING_USELOCALE 1
| #define HAVE_GOOD_USELOCALE 1
| #define HAVE_ICONV 1
| #define ICONV_CONST 
| #define HAVE_WINT_T 1
| #define HAVE_LONG_LONG_INT 1
| #define HAVE_UNSIGNED_LONG_LONG_INT 1
| #define DBL_EXPBIT0_WORD 1
| #define DBL_EXPBIT0_BIT 20
| #define FLT_EXPBIT0_WORD 0
| #define FLT_EXPBIT0_BIT 23
| #define LDBL_EXPBIT0_WORD 2
| #define LDBL_EXPBIT0_BIT 0
| #define HAVE_TOWLOWER 1
| #define HAVE_LC_MESSAGES 1
| #define MUSL_LIBC 1
| #define HAVE_WEAK_SYMBOLS 1
| #define USE_POSIX_THREADS 1
| #define USE_POSIX_THREADS_WEAK 1
| #define HAVE_MALLOC_PTRDIFF 1
| #define HAVE_MALLOC_POSIX 1
| #define HAVE_MALLOC_0_NONNULL 1
| #define HAVE_MINMAX_IN_SYS_PARAM_H 1
| #define HAVE_PTHREAD_T 1
| #define HAVE_PTHREAD_SPINLOCK_T 1
| #define INSTALLPREFIX "/home/bloink/Work/unnamedlinuxdistro/fs"
| #define HAVE_DLADDR_IN_LIBC 1
| #define HAVE_SCHED_H 1
| #define HAVE_DECL_ECVT 1
| #define HAVE_DECL_FCVT 1
| #define HAVE_DECL_GCVT 1
| #define HAVE_DECL_STREQ 0
| #define HAVE_DECL_MEMEQ 0
| #define _USE_STD_STAT 1
| #define HAVE_DECL_EXECVPE 1
| #define HAVE_INTTYPES_H_WITH_UINTMAX 1
| #define HAVE_STDINT_H_WITH_UINTMAX 1
| #define HAVE_INTMAX_T 1
| #define HAVE_WCSLEN 1
| #define HAVE_SNPRINTF 1
| #define HAVE_STRNLEN 1
| #define HAVE_WCRTOMB 1
| #define HAVE_DECL__SNPRINTF 0
| #define HAVE_SNPRINTF_RETVAL_C99 1
| #define HAVE_SNPRINTF_TRUNCATION_C99 1
| #define CHECK_PRINTF_SAFE 1
| #define HAVE_DECL_WCSDUP 1
| #define HAVE_SHUTDOWN 1
| #define HAVE_STRUCT_SOCKADDR_STORAGE 1
| #define HAVE_SA_FAMILY_T 1
| #define HAVE_STRUCT_SOCKADDR_STORAGE_SS_FAMILY 1
| #define HAVE_ENVIRON_DECL 1
| #define HAVE_DECL_STRERROR_R 1
| #define HAVE_STRERROR_R 1
| #define HAVE_DECL_GETDTABLESIZE 1
| #define HAVE_IPV4 1
| #define HAVE_IPV6 1
| #define LSTAT_FOLLOWS_SLASHED_SYMLINK 1
| #define PROMOTED_MODE_T mode_t
| #define HAVE_STRERROR_R 1
| #define HAVE_DECL__PUTENV 0
| #define HAVE_SIGSET_T 1
| #define HAVE_DECL_INITSTATE 1
| #define HAVE_DECL_SETSTATE 1
| #define HAVE_DECL_SETENV 1
| #define HAVE_SEARCH_H 1
| #define HAVE_TSEARCH 1
| #define HAVE_DECL_FCLOSEALL 0
| #define HAVE_DECL_GETW 1
| #define HAVE_DECL_PUTW 1
| #define HAVE_DECL_UNSETENV 1
| #define HAVE_ALLOCA 1
| #define HAVE_C_STATIC_ASSERT 1
| #define HAVE_C_BOOL 1
| #define HAVE___BUILTIN_EXPECT 1
| #define GNULIB_TEST_C32ISALNUM 1
| #define GNULIB_TEST_C32ISALPHA 1
| #define GNULIB_TEST_C32ISBLANK 1
| #define GNULIB_TEST_C32ISCNTRL 1
| #define GNULIB_TEST_C32ISDIGIT 1
| #define GNULIB_TEST_C32ISGRAPH 1
| #define GNULIB_TEST_C32ISLOWER 1
| #define GNULIB_TEST_C32ISPRINT 1
| #define GNULIB_TEST_C32ISPUNCT 1
| #define GNULIB_TEST_C32ISSPACE 1
| #define GNULIB_TEST_C32ISUPPER 1
| #define GNULIB_TEST_C32ISXDIGIT 1
| #define GNULIB_TEST_C32TOLOWER 1
| #define GNULIB_TEST_C32WIDTH 1
| #define FLEXIBLE_ARRAY_MEMBER /**/
| #define GNULIB_TEST_FREE_POSIX 1
| #define HAVE_FREXP_IN_LIBC 1
| #define GNULIB_TEST_FREXP 1
| #define HAVE_FREXPL_IN_LIBC 1
| #define GNULIB_TEST_FREXPL 1
| #define HAVE___FSETERR 1
| #define HAVE_NEWLOCALE 1
| #define HAVE_DUPLOCALE 1
| #define HAVE_FREELOCALE 1
| #define GNULIB_TEST_GETLOCALENAME_L_UNSAFE 1
| #define HAVE_NEWLOCALE 1
| #define HAVE_DUPLOCALE 1
| #define HAVE_FREELOCALE 1
| #define HAVE_INLINE 1
| #define HAVE_ISNAND_IN_LIBC 1
| #define HAVE_ISNANF_IN_LIBC 1
| #define HAVE_ISNANL_IN_LIBC 1
| #define HAVE_ISWBLANK 1
| #define HAVE_DECL_ISWBLANK 1
| #define GNULIB_TEST_ISWBLANK 1
| #define GNULIB_TEST_ISWDIGIT 1
| #define GNULIB_TEST_ISWPUNCT 1
| #define GNULIB_TEST_ISWXDIGIT 1
| #define GNULIB_TEST_LOCALECONV 1
| #define GNULIB_LOCALECONV 1
| #define GNULIB_TEST_LOCALENAME_ENVIRON 1
| #define GNULIB_TEST_LOCALENAME_UNSAFE 1
| #define HAVE_PTHREAD_RWLOCK 1
| #define HAVE_PTHREAD_MUTEX_RECURSIVE 1
| #define GNULIB_LOCK 1
| #define GNULIB_TEST_MALLOC_POSIX 1
| #define GNULIB_TEST_MBRTOC32 1
| #define GNULIB_TEST_MBRTOWC 1
| #define GNULIB_TEST_MBSINIT 1
| #define GNULIB_TEST_MBSNLEN 1
| #define GNULIB_TEST_MBSZERO 1
| #define GNULIB_TEST_MEMCHR 1
| #define HAVE_FREXP_IN_LIBC 1
| #define HAVE_LDEXP_IN_LIBC 1
| #define HAVE_FREXPL_IN_LIBC 1
| #define HAVE_LDEXPL_IN_LIBC 1
| #define GNULIB_TEST_PTHREAD_ONCE 1
| #define HAVE_VISIBILITY 1
| #define GNULIB_TEST_SETLOCALE_NULL 1
| #define GNULIB_TEST_SIGNBIT_NO_CXX 1
| #define HAVE_STDINT_H 1
| #define GNULIB_TEST_STRINGEQ 1
| #define GNULIB_TEST_STRNCAT 1
| #define GNULIB_TEST_STRNCPY 1
| #define GNULIB_TEST_STRSTR 1
| #define GNULIB_UNIGBRK_U16_GRAPHEME_BREAKS 1
| #define GNULIB_UNIGBRK_U16_GRAPHEME_NEXT 1
| #define GNULIB_UNIGBRK_U16_GRAPHEME_PREV 1
| #define GNULIB_UNIGBRK_U32_GRAPHEME_BREAKS 1
| #define GNULIB_UNIGBRK_U32_GRAPHEME_NEXT 1
| #define GNULIB_UNIGBRK_U32_GRAPHEME_PREV 1
| #define GNULIB_UNIGBRK_U8_GRAPHEME_BREAKS 1
| #define GNULIB_UNIGBRK_U8_GRAPHEME_NEXT 1
| #define GNULIB_UNIGBRK_U8_GRAPHEME_PREV 1
| #define GNULIB_UNIGBRK_UC_GRAPHEME_BREAKS 1
| #define GNULIB_UNIGBRK_ULC_GRAPHEME_BREAKS 1
| #define GNULIB_TEST_UNINORM_U16_NORMALIZE 1
| #define GNULIB_TEST_UNINORM_U32_NORMALIZE 1
| #define GNULIB_TEST_UNINORM_U8_NORMALIZE 1
| #define NEED_PRINTF_DIRECTIVE_B 1
| #define NEED_PRINTF_DIRECTIVE_B 1
| #define NEED_PRINTF_DIRECTIVE_B 1
| #define NEED_PRINTF_DIRECTIVE_B 1
| #define NEED_PRINTF_DIRECTIVE_B 1
| #define NEED_PRINTF_DIRECTIVE_B 1
| #define NEED_PRINTF_DIRECTIVE_B 1
| #define GNULIB_UNISTR_U16_MBTOUC 1
| #define GNULIB_UNISTR_U16_MBTOUC_UNSAFE 1
| #define GNULIB_UNISTR_U16_MBTOUCR 1
| #define GNULIB_UNISTR_U16_UCTOMB 1
| #define GNULIB_UNISTR_U32_MBTOUC 1
| #define GNULIB_UNISTR_U32_MBTOUC_UNSAFE 1
| #define GNULIB_UNISTR_U32_MBTOUCR 1
| #define GNULIB_UNISTR_U32_UCTOMB 1
| #define GNULIB_UNISTR_U8_MBTOUC 1
| #define GNULIB_UNISTR_U8_MBTOUC_UNSAFE 1
| #define GNULIB_UNISTR_U8_MBTOUCR 1
| #define HAVE_STPCPY 1
| #define GNULIB_UNISTR_U8_UCTOMB 1
| #define HAVE_DECL_WCWIDTH 1
| #define GNULIB_TEST_WCWIDTH 1
| #define HAVE_STDINT_H 1
| #define GNULIB_TEST_ACCEPT 1
| #define GNULIB_ACCEPT IN_LIBUNISTRING_GNULIB_TESTS
| #define HAVE_C_ALIGNASOF 1
| #define GNULIB_TEST_BIND 1
| #define GNULIB_BIND IN_LIBUNISTRING_GNULIB_TESTS
| #define GNULIB_TEST_BTOC32 1
| #define GNULIB_TEST_BTOWC 1
| #define GNULIB_TEST_C32RTOMB 1
| #define GNULIB_TEST_C32TOB 1
| #define GNULIB_TEST_CALLOC_GNU 1
| #define GNULIB_TEST_CALLOC_POSIX 1
| #define GNULIB_TEST_CLOEXEC 1
| #define GNULIB_TEST_CLOSE 1
| #define GNULIB_CLOSE IN_LIBUNISTRING_GNULIB_TESTS
| #define GNULIB_TEST_CONNECT 1
| #define GNULIB_CONNECT IN_LIBUNISTRING_GNULIB_TESTS
| #define GNULIB_TEST_DUP2 1
| #define GNULIB_TEST_ENVIRON 1
| #define GNULIB_TEST_FCNTL 1
| #define GNULIB_TEST_FDOPEN 1
| #define GNULIB_TEST_FSTAT 1
| #define GNULIB_FSTAT IN_LIBUNISTRING_GNULIB_TESTS
| #define HAVE_FTRUNCATE 1
| #define GNULIB_TEST_FTRUNCATE 1
| #define GNULIB_TEST_GETCWD 1
| #define GNULIB_TEST_GETDTABLESIZE 1
| /* end confdefs.h.  */
| /* Define getprogname to an innocuous variant, in case <limits.h> declares getprogname.
|    For example, HP-UX 11i <limits.h> declares gettimeofday.  */
| #define getprogname innocuous_getprogname
| 
| /* System header to define __stub macros and hopefully few prototypes,
|    which can conflict with char getprogname (void); below.  */
| 
| #include <limits.h>
| #undef getprogname
| 
| /* Override any GCC internal prototype to avoid an error.
|    Use char because int might match the return type of a GCC
|    builtin and then its argument prototype would still apply.  */
| #ifdef __cplusplus
| extern "C"
| #endif
| char getprogname (void);
| /* The GNU C library defines this for functions which it implements
|     to always fail with ENOSYS.  Some functions are actually named
|     something starting with __ and the normal name is an alias.  */
| #if defined __stub_getprogname || defined __stub___getprogname
| choke me
| #endif
| 
| int
| main (void)
| {
| return getprogname ();
|   ;
|   return 0;
| }
configure:75958: result: no
configure:75974: result: no
configure:75994: checking whether program_invocation_name is declared
configure:75994: gcc -c -g -O2   conftest.c >&5
configure:75994: $? = 0
configure:75994: result: yes
configure:76033: checking whether program_invocation_name is declared
configure:76033: result: yes
configure:76048: checking whether program_invocation_short_name is declared
configure:76048: gcc -c -g -O2   conftest.c >&5
configure:76048: $? = 0
configure:76048: result: yes
configure:76063: checking whether __argv is declared
configure:76063: gcc -c -g -O2   conftest.c >&5
conftest.c: In function 'main':
conftest.c:327:10: error: '__argv' undeclared (first use in this function)
  327 |   (void) __argv;
      |          ^~~~~~
conftest.c:327:10: note: each undeclared identifier is reported only once for each function it appears in
configure:76063: $? = 1
configure: failed program was:
| /* confdefs.h */
| #define PACKAGE_NAME "libunistring"
| #define PACKAGE_TARNAME "libunistring"
| #define PACKAGE_VERSION "dummy"
| #define PACKAGE_STRING "libunistring dummy"
| #define PACKAGE_BUGREPORT ""
| #define PACKAGE_URL ""
| #undef PACKAGE_VERSION
| #define PACKAGE_VERSION "1.4.2"
| #undef PACKAGE_STRING
| #define PACKAGE_STRING "libunistring 1.4.2"
| #define PACKAGE "libunistring"
| #define VERSION "1.4.2"
| #define HAVE_STDIO_H 1
| #define HAVE_STDLIB_H 1
| #define HAVE_STRING_H 1
| #define HAVE_INTTYPES_H 1
| #define HAVE_STDINT_H 1
| #define HAVE_STRINGS_H 1
| #define HAVE_SYS_STAT_H 1
| #define HAVE_SYS_TYPES_H 1
| #define HAVE_UNISTD_H 1
| #define HAVE_WCHAR_H 1
| #define HAVE_STDBOOL_H 1
| #define HAVE_UCHAR_H 1
| #define HAVE_THREADS_H 1
| #define HAVE_LANGINFO_H 1
| #define HAVE_ICONV_H 1
| #define HAVE_LIMITS_H 1
| #define HAVE_WCTYPE_H 1
| #define HAVE_MATH_H 1
| #define HAVE_SYS_MMAN_H 1
| #define HAVE_PTHREAD_H 1
| #define HAVE_STDCKDINT_H 1
| #define HAVE_SYS_TIME_H 1
| #define HAVE_FEATURES_H 1
| #define HAVE_SYS_SOCKET_H 1
| #define HAVE_ARPA_INET_H 1
| #define HAVE_NETDB_H 1
| #define HAVE_NETINET_IN_H 1
| #define HAVE_SEMAPHORE_H 1
| #define HAVE_SYS_PARAM_H 1
| #define HAVE_SYS_SELECT_H 1
| #define HAVE_SYS_WAIT_H 1
| #define HAVE_SYS_IOCTL_H 1
| #define HAVE_SYS_UN_H 1
| #define HAVE_SYS_UIO_H 1
| #define STDC_HEADERS 1
| #define _ALL_SOURCE 1
| #define _DARWIN_C_SOURCE 1
| #define _GNU_SOURCE 1
| #define _HPUX_ALT_XOPEN_SOCKET_API 1
| #define _NETBSD_SOURCE 1
| #define _OPENBSD_SOURCE 1
| #define _POSIX_PTHREAD_SEMANTICS 1
| #define __STDC_WANT_IEC_60559_ATTRIBS_EXT__ 1
| #define __STDC_WANT_IEC_60559_BFP_EXT__ 1
| #define __STDC_WANT_IEC_60559_DFP_EXT__ 1
| #define __STDC_WANT_IEC_60559_EXT__ 1
| #define __STDC_WANT_IEC_60559_FUNCS_EXT__ 1
| #define __STDC_WANT_IEC_60559_TYPES_EXT__ 1
| #define __STDC_WANT_LIB_EXT2__ 1
| #define __STDC_WANT_MATH_SPEC_FUNCS__ 1
| #define _TANDEM_SOURCE 1
| #define __EXTENSIONS__ 1
| #define _LINUX_SOURCE_COMPAT 1
| #define __USE_MINGW_ANSI_STDIO 1
| #define HAVE_DLFCN_H 1
| #define LT_OBJDIR ".libs/"
| #define HAVE_ALLOCA_H 1
| #define HAVE_ALLOCA 1
| #define restrict __restrict__
| #define BITSIZEOF_WCHAR_T 32
| #define HAVE_MBSTATE_T 1
| #define HAVE_MBSINIT 1
| #define HAVE_MBRTOWC 1
| #define HAVE_SYMLINK 1
| #define HAVE_ISWCNTRL 1
| #define HAVE_MPROTECT 1
| #define HAVE_SNPRINTF 1
| #define HAVE_STRDUP 1
| #define HAVE_WCWIDTH 1
| #define HAVE_BTOWC 1
| #define HAVE_FCNTL 1
| #define HAVE_GETDTABLESIZE 1
| #define HAVE_GETTIMEOFDAY 1
| #define HAVE_ISBLANK 1
| #define HAVE_LSTAT 1
| #define HAVE___XPG_STRERROR_R 1
| #define HAVE_PIPE 1
| #define HAVE_PSELECT 1
| #define HAVE_PTHREAD_SIGMASK 1
| #define HAVE_SETENV 1
| #define HAVE_SLEEP 1
| #define HAVE_SHUTDOWN 1
| #define HAVE_USLEEP 1
| #define HAVE_WCRTOMB 1
| #define HAVE_WCTOB 1
| #define HAVE_LANGINFO_CODESET 1
| #define HAVE_WORKING_MBRTOC32 1
| #define HAVE_WORKING_C32RTOMB 1
| #define HAVE_WORKING_O_DIRECTORY 1
| #define HAVE_WORKING_O_NOATIME 1
| #define HAVE_WORKING_O_NOFOLLOW 1
| #define HAVE_DECL_ALARM 1
| #define HAVE_PTHREAD_API 1
| #define SETLOCALE_NULL_ALL_MTSAFE 0
| #define SETLOCALE_NULL_ONE_MTSAFE 1
| #define HAVE_WEAK_SYMBOLS 1
| #define HAVE_USELOCALE 1
| #define HAVE_WORKING_USELOCALE 1
| #define HAVE_GOOD_USELOCALE 1
| #define HAVE_ICONV 1
| #define ICONV_CONST 
| #define HAVE_WINT_T 1
| #define HAVE_LONG_LONG_INT 1
| #define HAVE_UNSIGNED_LONG_LONG_INT 1
| #define DBL_EXPBIT0_WORD 1
| #define DBL_EXPBIT0_BIT 20
| #define FLT_EXPBIT0_WORD 0
| #define FLT_EXPBIT0_BIT 23
| #define LDBL_EXPBIT0_WORD 2
| #define LDBL_EXPBIT0_BIT 0
| #define HAVE_TOWLOWER 1
| #define HAVE_LC_MESSAGES 1
| #define MUSL_LIBC 1
| #define HAVE_WEAK_SYMBOLS 1
| #define USE_POSIX_THREADS 1
| #define USE_POSIX_THREADS_WEAK 1
| #define HAVE_MALLOC_PTRDIFF 1
| #define HAVE_MALLOC_POSIX 1
| #define HAVE_MALLOC_0_NONNULL 1
| #define HAVE_MINMAX_IN_SYS_PARAM_H 1
| #define HAVE_PTHREAD_T 1
| #define HAVE_PTHREAD_SPINLOCK_T 1
| #define INSTALLPREFIX "/home/bloink/Work/unnamedlinuxdistro/fs"
| #define HAVE_DLADDR_IN_LIBC 1
| #define HAVE_SCHED_H 1
| #define HAVE_DECL_ECVT 1
| #define HAVE_DECL_FCVT 1
| #define HAVE_DECL_GCVT 1
| #define HAVE_DECL_STREQ 0
| #define HAVE_DECL_MEMEQ 0
| #define _USE_STD_STAT 1
| #define HAVE_DECL_EXECVPE 1
| #define HAVE_INTTYPES_H_WITH_UINTMAX 1
| #define HAVE_STDINT_H_WITH_UINTMAX 1
| #define HAVE_INTMAX_T 1
| #define HAVE_WCSLEN 1
| #define HAVE_SNPRINTF 1
| #define HAVE_STRNLEN 1
| #define HAVE_WCRTOMB 1
| #define HAVE_DECL__SNPRINTF 0
| #define HAVE_SNPRINTF_RETVAL_C99 1
| #define HAVE_SNPRINTF_TRUNCATION_C99 1
| #define CHECK_PRINTF_SAFE 1
| #define HAVE_DECL_WCSDUP 1
| #define HAVE_SHUTDOWN 1
| #define HAVE_STRUCT_SOCKADDR_STORAGE 1
| #define HAVE_SA_FAMILY_T 1
| #define HAVE_STRUCT_SOCKADDR_STORAGE_SS_FAMILY 1
| #define HAVE_ENVIRON_DECL 1
| #define HAVE_DECL_STRERROR_R 1
| #define HAVE_STRERROR_R 1
| #define HAVE_DECL_GETDTABLESIZE 1
| #define HAVE_IPV4 1
| #define HAVE_IPV6 1
| #define LSTAT_FOLLOWS_SLASHED_SYMLINK 1
| #define PROMOTED_MODE_T mode_t
| #define HAVE_STRERROR_R 1
| #define HAVE_DECL__PUTENV 0
| #define HAVE_SIGSET_T 1
| #define HAVE_DECL_INITSTATE 1
| #define HAVE_DECL_SETSTATE 1
| #define HAVE_DECL_SETENV 1
| #define HAVE_SEARCH_H 1
| #define HAVE_TSEARCH 1
| #define HAVE_DECL_FCLOSEALL 0
| #define HAVE_DECL_GETW 1
| #define HAVE_DECL_PUTW 1
| #define HAVE_DECL_UNSETENV 1
| #define HAVE_ALLOCA 1
| #define HAVE_C_STATIC_ASSERT 1
| #define HAVE_C_BOOL 1
| #define HAVE___BUILTIN_EXPECT 1
| #define GNULIB_TEST_C32ISALNUM 1
| #define GNULIB_TEST_C32ISALPHA 1
| #define GNULIB_TEST_C32ISBLANK 1
| #define GNULIB_TEST_C32ISCNTRL 1
| #define GNULIB_TEST_C32ISDIGIT 1
| #define GNULIB_TEST_C32ISGRAPH 1
| #define GNULIB_TEST_C32ISLOWER 1
| #define GNULIB_TEST_C32ISPRINT 1
| #define GNULIB_TEST_C32ISPUNCT 1
| #define GNULIB_TEST_C32ISSPACE 1
| #define GNULIB_TEST_C32ISUPPER 1
| #define GNULIB_TEST_C32ISXDIGIT 1
| #define GNULIB_TEST_C32TOLOWER 1
| #define GNULIB_TEST_C32WIDTH 1
| #define FLEXIBLE_ARRAY_MEMBER /**/
| #define GNULIB_TEST_FREE_POSIX 1
| #define HAVE_FREXP_IN_LIBC 1
| #define GNULIB_TEST_FREXP 1
| #define HAVE_FREXPL_IN_LIBC 1
| #define GNULIB_TEST_FREXPL 1
| #define HAVE___FSETERR 1
| #define HAVE_NEWLOCALE 1
| #define HAVE_DUPLOCALE 1
| #define HAVE_FREELOCALE 1
| #define GNULIB_TEST_GETLOCALENAME_L_UNSAFE 1
| #define HAVE_NEWLOCALE 1
| #define HAVE_DUPLOCALE 1
| #define HAVE_FREELOCALE 1
| #define HAVE_INLINE 1
| #define HAVE_ISNAND_IN_LIBC 1
| #define HAVE_ISNANF_IN_LIBC 1
| #define HAVE_ISNANL_IN_LIBC 1
| #define HAVE_ISWBLANK 1
| #define HAVE_DECL_ISWBLANK 1
| #define GNULIB_TEST_ISWBLANK 1
| #define GNULIB_TEST_ISWDIGIT 1
| #define GNULIB_TEST_ISWPUNCT 1
| #define GNULIB_TEST_ISWXDIGIT 1
| #define GNULIB_TEST_LOCALECONV 1
| #define GNULIB_LOCALECONV 1
| #define GNULIB_TEST_LOCALENAME_ENVIRON 1
| #define GNULIB_TEST_LOCALENAME_UNSAFE 1
| #define HAVE_PTHREAD_RWLOCK 1
| #define HAVE_PTHREAD_MUTEX_RECURSIVE 1
| #define GNULIB_LOCK 1
| #define GNULIB_TEST_MALLOC_POSIX 1
| #define GNULIB_TEST_MBRTOC32 1
| #define GNULIB_TEST_MBRTOWC 1
| #define GNULIB_TEST_MBSINIT 1
| #define GNULIB_TEST_MBSNLEN 1
| #define GNULIB_TEST_MBSZERO 1
| #define GNULIB_TEST_MEMCHR 1
| #define HAVE_FREXP_IN_LIBC 1
| #define HAVE_LDEXP_IN_LIBC 1
| #define HAVE_FREXPL_IN_LIBC 1
| #define HAVE_LDEXPL_IN_LIBC 1
| #define GNULIB_TEST_PTHREAD_ONCE 1
| #define HAVE_VISIBILITY 1
| #define GNULIB_TEST_SETLOCALE_NULL 1
| #define GNULIB_TEST_SIGNBIT_NO_CXX 1
| #define HAVE_STDINT_H 1
| #define GNULIB_TEST_STRINGEQ 1
| #define GNULIB_TEST_STRNCAT 1
| #define GNULIB_TEST_STRNCPY 1
| #define GNULIB_TEST_STRSTR 1
| #define GNULIB_UNIGBRK_U16_GRAPHEME_BREAKS 1
| #define GNULIB_UNIGBRK_U16_GRAPHEME_NEXT 1
| #define GNULIB_UNIGBRK_U16_GRAPHEME_PREV 1
| #define GNULIB_UNIGBRK_U32_GRAPHEME_BREAKS 1
| #define GNULIB_UNIGBRK_U32_GRAPHEME_NEXT 1
| #define GNULIB_UNIGBRK_U32_GRAPHEME_PREV 1
| #define GNULIB_UNIGBRK_U8_GRAPHEME_BREAKS 1
| #define GNULIB_UNIGBRK_U8_GRAPHEME_NEXT 1
| #define GNULIB_UNIGBRK_U8_GRAPHEME_PREV 1
| #define GNULIB_UNIGBRK_UC_GRAPHEME_BREAKS 1
| #define GNULIB_UNIGBRK_ULC_GRAPHEME_BREAKS 1
| #define GNULIB_TEST_UNINORM_U16_NORMALIZE 1
| #define GNULIB_TEST_UNINORM_U32_NORMALIZE 1
| #define GNULIB_TEST_UNINORM_U8_NORMALIZE 1
| #define NEED_PRINTF_DIRECTIVE_B 1
| #define NEED_PRINTF_DIRECTIVE_B 1
| #define NEED_PRINTF_DIRECTIVE_B 1
| #define NEED_PRINTF_DIRECTIVE_B 1
| #define NEED_PRINTF_DIRECTIVE_B 1
| #define NEED_PRINTF_DIRECTIVE_B 1
| #define NEED_PRINTF_DIRECTIVE_B 1
| #define GNULIB_UNISTR_U16_MBTOUC 1
| #define GNULIB_UNISTR_U16_MBTOUC_UNSAFE 1
| #define GNULIB_UNISTR_U16_MBTOUCR 1
| #define GNULIB_UNISTR_U16_UCTOMB 1
| #define GNULIB_UNISTR_U32_MBTOUC 1
| #define GNULIB_UNISTR_U32_MBTOUC_UNSAFE 1
| #define GNULIB_UNISTR_U32_MBTOUCR 1
| #define GNULIB_UNISTR_U32_UCTOMB 1
| #define GNULIB_UNISTR_U8_MBTOUC 1
| #define GNULIB_UNISTR_U8_MBTOUC_UNSAFE 1
| #define GNULIB_UNISTR_U8_MBTOUCR 1
| #define HAVE_STPCPY 1
| #define GNULIB_UNISTR_U8_UCTOMB 1
| #define HAVE_DECL_WCWIDTH 1
| #define GNULIB_TEST_WCWIDTH 1
| #define HAVE_STDINT_H 1
| #define GNULIB_TEST_ACCEPT 1
| #define GNULIB_ACCEPT IN_LIBUNISTRING_GNULIB_TESTS
| #define HAVE_C_ALIGNASOF 1
| #define GNULIB_TEST_BIND 1
| #define GNULIB_BIND IN_LIBUNISTRING_GNULIB_TESTS
| #define GNULIB_TEST_BTOC32 1
| #define GNULIB_TEST_BTOWC 1
| #define GNULIB_TEST_C32RTOMB 1
| #define GNULIB_TEST_C32TOB 1
| #define GNULIB_TEST_CALLOC_GNU 1
| #define GNULIB_TEST_CALLOC_POSIX 1
| #define GNULIB_TEST_CLOEXEC 1
| #define GNULIB_TEST_CLOSE 1
| #define GNULIB_CLOSE IN_LIBUNISTRING_GNULIB_TESTS
| #define GNULIB_TEST_CONNECT 1
| #define GNULIB_CONNECT IN_LIBUNISTRING_GNULIB_TESTS
| #define GNULIB_TEST_DUP2 1
| #define GNULIB_TEST_ENVIRON 1
| #define GNULIB_TEST_FCNTL 1
| #define GNULIB_TEST_FDOPEN 1
| #define GNULIB_TEST_FSTAT 1
| #define GNULIB_FSTAT IN_LIBUNISTRING_GNULIB_TESTS
| #define HAVE_FTRUNCATE 1
| #define GNULIB_TEST_FTRUNCATE 1
| #define GNULIB_TEST_GETCWD 1
| #define GNULIB_TEST_GETDTABLESIZE 1
| #define HAVE_DECL_PROGRAM_INVOCATION_NAME 1
| #define HAVE_DECL_PROGRAM_INVOCATION_NAME 1
| #define HAVE_DECL_PROGRAM_INVOCATION_SHORT_NAME 1
| /* end confdefs.h.  */
| #include <stdlib.h>
| 
| int
| main (void)
| {
| #ifndef __argv
| #ifdef __cplusplus
|   (void) __argv;
| #else
|   (void) __argv;
| #endif
| #endif
| 
|   ;
|   return 0;
| }
configure:76063: result: no
configure:76162: checking for gettimeofday with POSIX signature
configure:76191: gcc -c -g -O2  conftest.c >&5
configure:76191: $? = 0
configure:76221: result: yes
configure:76344: checking for duplocale
configure:76397: result: yes
configure:76462: checking for library containing inet_pton
configure:76498: gcc -o conftest -g -O2   conftest.c  >&5
configure:76498: $? = 0
configure:76520: result: none required
configure:76550: checking whether inet_pton is declared
configure:76550: gcc -c -g -O2   conftest.c >&5
configure:76550: $? = 0
configure:76550: result: yes
configure:76612: checking whether byte ordering is bigendian
configure:76834: result: no
configure:76860: checking for ioctl
configure:76860: gcc -o conftest -g -O2   conftest.c  >&5
configure:76860: $? = 0
configure:76860: result: yes
configure:76867: checking for ioctl with POSIX signature
configure:76893: gcc -c -g -O2  conftest.c >&5
configure:76893: $? = 0
configure:76904: result: yes
configure:77016: checking whether the compiler supports the __inline keyword
configure:77034: gcc -c -g -O2  conftest.c >&5
configure:77034: $? = 0
configure:77044: result: yes
configure:77100: checking for newlocale
configure:77153: result: yes
configure:77169: checking for newlocale
configure:77222: result: yes
configure:77374: checking for mbtowc
configure:77411: checking for mbtowc
configure:77411: gcc -o conftest -g -O2   conftest.c  >&5
configure:77411: $? = 0
configure:77411: result: yes
configure:77427: result: yes
configure:77504: checking for mkfifo
configure:77522: gcc -o conftest -g -O2   conftest.c  >&5
configure:77522: $? = 0
configure:77534: result: yes
configure:77543: checking whether mkfifo rejects trailing slashes
configure:77585: gcc -o conftest -g -O2   conftest.c  >&5
configure:77585: $? = 0
configure:77585: ./conftest
configure:77585: $? = 0
configure:77600: result: yes
configure:77700: checking for library containing nanosleep
configure:77736: gcc -o conftest -g -O2   conftest.c  >&5
configure:77736: $? = 0
configure:77758: result: none required
configure:77779: checking for working nanosleep
configure:77871: gcc -o conftest -g -O2   conftest.c  >&5
configure:77871: $? = 0
configure:77871: ./conftest
configure:77871: $? = 6
configure: program exited with status 6
configure: failed program was:
| /* confdefs.h */
| #define PACKAGE_NAME "libunistring"
| #define PACKAGE_TARNAME "libunistring"
| #define PACKAGE_VERSION "dummy"
| #define PACKAGE_STRING "libunistring dummy"
| #define PACKAGE_BUGREPORT ""
| #define PACKAGE_URL ""
| #undef PACKAGE_VERSION
| #define PACKAGE_VERSION "1.4.2"
| #undef PACKAGE_STRING
| #define PACKAGE_STRING "libunistring 1.4.2"
| #define PACKAGE "libunistring"
| #define VERSION "1.4.2"
| #define HAVE_STDIO_H 1
| #define HAVE_STDLIB_H 1
| #define HAVE_STRING_H 1
| #define HAVE_INTTYPES_H 1
| #define HAVE_STDINT_H 1
| #define HAVE_STRINGS_H 1
| #define HAVE_SYS_STAT_H 1
| #define HAVE_SYS_TYPES_H 1
| #define HAVE_UNISTD_H 1
| #define HAVE_WCHAR_H 1
| #define HAVE_STDBOOL_H 1
| #define HAVE_UCHAR_H 1
| #define HAVE_THREADS_H 1
| #define HAVE_LANGINFO_H 1
| #define HAVE_ICONV_H 1
| #define HAVE_LIMITS_H 1
| #define HAVE_WCTYPE_H 1
| #define HAVE_MATH_H 1
| #define HAVE_SYS_MMAN_H 1
| #define HAVE_PTHREAD_H 1
| #define HAVE_STDCKDINT_H 1
| #define HAVE_SYS_TIME_H 1
| #define HAVE_FEATURES_H 1
| #define HAVE_SYS_SOCKET_H 1
| #define HAVE_ARPA_INET_H 1
| #define HAVE_NETDB_H 1
| #define HAVE_NETINET_IN_H 1
| #define HAVE_SEMAPHORE_H 1
| #define HAVE_SYS_PARAM_H 1
| #define HAVE_SYS_SELECT_H 1
| #define HAVE_SYS_WAIT_H 1
| #define HAVE_SYS_IOCTL_H 1
| #define HAVE_SYS_UN_H 1
| #define HAVE_SYS_UIO_H 1
| #define STDC_HEADERS 1
| #define _ALL_SOURCE 1
| #define _DARWIN_C_SOURCE 1
| #define _GNU_SOURCE 1
| #define _HPUX_ALT_XOPEN_SOCKET_API 1
| #define _NETBSD_SOURCE 1
| #define _OPENBSD_SOURCE 1
| #define _POSIX_PTHREAD_SEMANTICS 1
| #define __STDC_WANT_IEC_60559_ATTRIBS_EXT__ 1
| #define __STDC_WANT_IEC_60559_BFP_EXT__ 1
| #define __STDC_WANT_IEC_60559_DFP_EXT__ 1
| #define __STDC_WANT_IEC_60559_EXT__ 1
| #define __STDC_WANT_IEC_60559_FUNCS_EXT__ 1
| #define __STDC_WANT_IEC_60559_TYPES_EXT__ 1
| #define __STDC_WANT_LIB_EXT2__ 1
| #define __STDC_WANT_MATH_SPEC_FUNCS__ 1
| #define _TANDEM_SOURCE 1
| #define __EXTENSIONS__ 1
| #define _LINUX_SOURCE_COMPAT 1
| #define __USE_MINGW_ANSI_STDIO 1
| #define HAVE_DLFCN_H 1
| #define LT_OBJDIR ".libs/"
| #define HAVE_ALLOCA_H 1
| #define HAVE_ALLOCA 1
| #define restrict __restrict__
| #define BITSIZEOF_WCHAR_T 32
| #define HAVE_MBSTATE_T 1
| #define HAVE_MBSINIT 1
| #define HAVE_MBRTOWC 1
| #define HAVE_SYMLINK 1
| #define HAVE_ISWCNTRL 1
| #define HAVE_MPROTECT 1
| #define HAVE_SNPRINTF 1
| #define HAVE_STRDUP 1
| #define HAVE_WCWIDTH 1
| #define HAVE_BTOWC 1
| #define HAVE_FCNTL 1
| #define HAVE_GETDTABLESIZE 1
| #define HAVE_GETTIMEOFDAY 1
| #define HAVE_ISBLANK 1
| #define HAVE_LSTAT 1
| #define HAVE___XPG_STRERROR_R 1
| #define HAVE_PIPE 1
| #define HAVE_PSELECT 1
| #define HAVE_PTHREAD_SIGMASK 1
| #define HAVE_SETENV 1
| #define HAVE_SLEEP 1
| #define HAVE_SHUTDOWN 1
| #define HAVE_USLEEP 1
| #define HAVE_WCRTOMB 1
| #define HAVE_WCTOB 1
| #define HAVE_LANGINFO_CODESET 1
| #define HAVE_WORKING_MBRTOC32 1
| #define HAVE_WORKING_C32RTOMB 1
| #define HAVE_WORKING_O_DIRECTORY 1
| #define HAVE_WORKING_O_NOATIME 1
| #define HAVE_WORKING_O_NOFOLLOW 1
| #define HAVE_DECL_ALARM 1
| #define HAVE_PTHREAD_API 1
| #define SETLOCALE_NULL_ALL_MTSAFE 0
| #define SETLOCALE_NULL_ONE_MTSAFE 1
| #define HAVE_WEAK_SYMBOLS 1
| #define HAVE_USELOCALE 1
| #define HAVE_WORKING_USELOCALE 1
| #define HAVE_GOOD_USELOCALE 1
| #define HAVE_ICONV 1
| #define ICONV_CONST 
| #define HAVE_WINT_T 1
| #define HAVE_LONG_LONG_INT 1
| #define HAVE_UNSIGNED_LONG_LONG_INT 1
| #define DBL_EXPBIT0_WORD 1
| #define DBL_EXPBIT0_BIT 20
| #define FLT_EXPBIT0_WORD 0
| #define FLT_EXPBIT0_BIT 23
| #define LDBL_EXPBIT0_WORD 2
| #define LDBL_EXPBIT0_BIT 0
| #define HAVE_TOWLOWER 1
| #define HAVE_LC_MESSAGES 1
| #define MUSL_LIBC 1
| #define HAVE_WEAK_SYMBOLS 1
| #define USE_POSIX_THREADS 1
| #define USE_POSIX_THREADS_WEAK 1
| #define HAVE_MALLOC_PTRDIFF 1
| #define HAVE_MALLOC_POSIX 1
| #define HAVE_MALLOC_0_NONNULL 1
| #define HAVE_MINMAX_IN_SYS_PARAM_H 1
| #define HAVE_PTHREAD_T 1
| #define HAVE_PTHREAD_SPINLOCK_T 1
| #define INSTALLPREFIX "/home/bloink/Work/unnamedlinuxdistro/fs"
| #define HAVE_DLADDR_IN_LIBC 1
| #define HAVE_SCHED_H 1
| #define HAVE_DECL_ECVT 1
| #define HAVE_DECL_FCVT 1
| #define HAVE_DECL_GCVT 1
| #define HAVE_DECL_STREQ 0
| #define HAVE_DECL_MEMEQ 0
| #define _USE_STD_STAT 1
| #define HAVE_DECL_EXECVPE 1
| #define HAVE_INTTYPES_H_WITH_UINTMAX 1
| #define HAVE_STDINT_H_WITH_UINTMAX 1
| #define HAVE_INTMAX_T 1
| #define HAVE_WCSLEN 1
| #define HAVE_SNPRINTF 1
| #define HAVE_STRNLEN 1
| #define HAVE_WCRTOMB 1
| #define HAVE_DECL__SNPRINTF 0
| #define HAVE_SNPRINTF_RETVAL_C99 1
| #define HAVE_SNPRINTF_TRUNCATION_C99 1
| #define CHECK_PRINTF_SAFE 1
| #define HAVE_DECL_WCSDUP 1
| #define HAVE_SHUTDOWN 1
| #define HAVE_STRUCT_SOCKADDR_STORAGE 1
| #define HAVE_SA_FAMILY_T 1
| #define HAVE_STRUCT_SOCKADDR_STORAGE_SS_FAMILY 1
| #define HAVE_ENVIRON_DECL 1
| #define HAVE_DECL_STRERROR_R 1
| #define HAVE_STRERROR_R 1
| #define HAVE_DECL_GETDTABLESIZE 1
| #define HAVE_IPV4 1
| #define HAVE_IPV6 1
| #define LSTAT_FOLLOWS_SLASHED_SYMLINK 1
| #define PROMOTED_MODE_T mode_t
| #define HAVE_STRERROR_R 1
| #define HAVE_DECL__PUTENV 0
| #define HAVE_SIGSET_T 1
| #define HAVE_DECL_INITSTATE 1
| #define HAVE_DECL_SETSTATE 1
| #define HAVE_DECL_SETENV 1
| #define HAVE_SEARCH_H 1
| #define HAVE_TSEARCH 1
| #define HAVE_DECL_FCLOSEALL 0
| #define HAVE_DECL_GETW 1
| #define HAVE_DECL_PUTW 1
| #define HAVE_DECL_UNSETENV 1
| #define HAVE_ALLOCA 1
| #define HAVE_C_STATIC_ASSERT 1
| #define HAVE_C_BOOL 1
| #define HAVE___BUILTIN_EXPECT 1
| #define GNULIB_TEST_C32ISALNUM 1
| #define GNULIB_TEST_C32ISALPHA 1
| #define GNULIB_TEST_C32ISBLANK 1
| #define GNULIB_TEST_C32ISCNTRL 1
| #define GNULIB_TEST_C32ISDIGIT 1
| #define GNULIB_TEST_C32ISGRAPH 1
| #define GNULIB_TEST_C32ISLOWER 1
| #define GNULIB_TEST_C32ISPRINT 1
| #define GNULIB_TEST_C32ISPUNCT 1
| #define GNULIB_TEST_C32ISSPACE 1
| #define GNULIB_TEST_C32ISUPPER 1
| #define GNULIB_TEST_C32ISXDIGIT 1
| #define GNULIB_TEST_C32TOLOWER 1
| #define GNULIB_TEST_C32WIDTH 1
| #define FLEXIBLE_ARRAY_MEMBER /**/
| #define GNULIB_TEST_FREE_POSIX 1
| #define HAVE_FREXP_IN_LIBC 1
| #define GNULIB_TEST_FREXP 1
| #define HAVE_FREXPL_IN_LIBC 1
| #define GNULIB_TEST_FREXPL 1
| #define HAVE___FSETERR 1
| #define HAVE_NEWLOCALE 1
| #define HAVE_DUPLOCALE 1
| #define HAVE_FREELOCALE 1
| #define GNULIB_TEST_GETLOCALENAME_L_UNSAFE 1
| #define HAVE_NEWLOCALE 1
| #define HAVE_DUPLOCALE 1
| #define HAVE_FREELOCALE 1
| #define HAVE_INLINE 1
| #define HAVE_ISNAND_IN_LIBC 1
| #define HAVE_ISNANF_IN_LIBC 1
| #define HAVE_ISNANL_IN_LIBC 1
| #define HAVE_ISWBLANK 1
| #define HAVE_DECL_ISWBLANK 1
| #define GNULIB_TEST_ISWBLANK 1
| #define GNULIB_TEST_ISWDIGIT 1
| #define GNULIB_TEST_ISWPUNCT 1
| #define GNULIB_TEST_ISWXDIGIT 1
| #define GNULIB_TEST_LOCALECONV 1
| #define GNULIB_LOCALECONV 1
| #define GNULIB_TEST_LOCALENAME_ENVIRON 1
| #define GNULIB_TEST_LOCALENAME_UNSAFE 1
| #define HAVE_PTHREAD_RWLOCK 1
| #define HAVE_PTHREAD_MUTEX_RECURSIVE 1
| #define GNULIB_LOCK 1
| #define GNULIB_TEST_MALLOC_POSIX 1
| #define GNULIB_TEST_MBRTOC32 1
| #define GNULIB_TEST_MBRTOWC 1
| #define GNULIB_TEST_MBSINIT 1
| #define GNULIB_TEST_MBSNLEN 1
| #define GNULIB_TEST_MBSZERO 1
| #define GNULIB_TEST_MEMCHR 1
| #define HAVE_FREXP_IN_LIBC 1
| #define HAVE_LDEXP_IN_LIBC 1
| #define HAVE_FREXPL_IN_LIBC 1
| #define HAVE_LDEXPL_IN_LIBC 1
| #define GNULIB_TEST_PTHREAD_ONCE 1
| #define HAVE_VISIBILITY 1
| #define GNULIB_TEST_SETLOCALE_NULL 1
| #define GNULIB_TEST_SIGNBIT_NO_CXX 1
| #define HAVE_STDINT_H 1
| #define GNULIB_TEST_STRINGEQ 1
| #define GNULIB_TEST_STRNCAT 1
| #define GNULIB_TEST_STRNCPY 1
| #define GNULIB_TEST_STRSTR 1
| #define GNULIB_UNIGBRK_U16_GRAPHEME_BREAKS 1
| #define GNULIB_UNIGBRK_U16_GRAPHEME_NEXT 1
| #define GNULIB_UNIGBRK_U16_GRAPHEME_PREV 1
| #define GNULIB_UNIGBRK_U32_GRAPHEME_BREAKS 1
| #define GNULIB_UNIGBRK_U32_GRAPHEME_NEXT 1
| #define GNULIB_UNIGBRK_U32_GRAPHEME_PREV 1
| #define GNULIB_UNIGBRK_U8_GRAPHEME_BREAKS 1
| #define GNULIB_UNIGBRK_U8_GRAPHEME_NEXT 1
| #define GNULIB_UNIGBRK_U8_GRAPHEME_PREV 1
| #define GNULIB_UNIGBRK_UC_GRAPHEME_BREAKS 1
| #define GNULIB_UNIGBRK_ULC_GRAPHEME_BREAKS 1
| #define GNULIB_TEST_UNINORM_U16_NORMALIZE 1
| #define GNULIB_TEST_UNINORM_U32_NORMALIZE 1
| #define GNULIB_TEST_UNINORM_U8_NORMALIZE 1
| #define NEED_PRINTF_DIRECTIVE_B 1
| #define NEED_PRINTF_DIRECTIVE_B 1
| #define NEED_PRINTF_DIRECTIVE_B 1
| #define NEED_PRINTF_DIRECTIVE_B 1
| #define NEED_PRINTF_DIRECTIVE_B 1
| #define NEED_PRINTF_DIRECTIVE_B 1
| #define NEED_PRINTF_DIRECTIVE_B 1
| #define GNULIB_UNISTR_U16_MBTOUC 1
| #define GNULIB_UNISTR_U16_MBTOUC_UNSAFE 1
| #define GNULIB_UNISTR_U16_MBTOUCR 1
| #define GNULIB_UNISTR_U16_UCTOMB 1
| #define GNULIB_UNISTR_U32_MBTOUC 1
| #define GNULIB_UNISTR_U32_MBTOUC_UNSAFE 1
| #define GNULIB_UNISTR_U32_MBTOUCR 1
| #define GNULIB_UNISTR_U32_UCTOMB 1
| #define GNULIB_UNISTR_U8_MBTOUC 1
| #define GNULIB_UNISTR_U8_MBTOUC_UNSAFE 1
| #define GNULIB_UNISTR_U8_MBTOUCR 1
| #define HAVE_STPCPY 1
| #define GNULIB_UNISTR_U8_UCTOMB 1
| #define HAVE_DECL_WCWIDTH 1
| #define GNULIB_TEST_WCWIDTH 1
| #define HAVE_STDINT_H 1
| #define GNULIB_TEST_ACCEPT 1
| #define GNULIB_ACCEPT IN_LIBUNISTRING_GNULIB_TESTS
| #define HAVE_C_ALIGNASOF 1
| #define GNULIB_TEST_BIND 1
| #define GNULIB_BIND IN_LIBUNISTRING_GNULIB_TESTS
| #define GNULIB_TEST_BTOC32 1
| #define GNULIB_TEST_BTOWC 1
| #define GNULIB_TEST_C32RTOMB 1
| #define GNULIB_TEST_C32TOB 1
| #define GNULIB_TEST_CALLOC_GNU 1
| #define GNULIB_TEST_CALLOC_POSIX 1
| #define GNULIB_TEST_CLOEXEC 1
| #define GNULIB_TEST_CLOSE 1
| #define GNULIB_CLOSE IN_LIBUNISTRING_GNULIB_TESTS
| #define GNULIB_TEST_CONNECT 1
| #define GNULIB_CONNECT IN_LIBUNISTRING_GNULIB_TESTS
| #define GNULIB_TEST_DUP2 1
| #define GNULIB_TEST_ENVIRON 1
| #define GNULIB_TEST_FCNTL 1
| #define GNULIB_TEST_FDOPEN 1
| #define GNULIB_TEST_FSTAT 1
| #define GNULIB_FSTAT IN_LIBUNISTRING_GNULIB_TESTS
| #define HAVE_FTRUNCATE 1
| #define GNULIB_TEST_FTRUNCATE 1
| #define GNULIB_TEST_GETCWD 1
| #define GNULIB_TEST_GETDTABLESIZE 1
| #define HAVE_DECL_PROGRAM_INVOCATION_NAME 1
| #define HAVE_DECL_PROGRAM_INVOCATION_NAME 1
| #define HAVE_DECL_PROGRAM_INVOCATION_SHORT_NAME 1
| #define HAVE_DECL___ARGV 0
| #define GNULIB_TEST_GETPROGNAME 1
| #define GETTIMEOFDAY_TIMEZONE void
| #define GNULIB_TEST_GETTIMEOFDAY 1
| #define GNULIB_LOCALEDIR "/home/bloink/Work/unnamedlinuxdistro/fs/share/locale"
| #define HAVE_DUPLOCALE 1
| #define HAVE_DECL_INET_PTON 1
| #define HAVE_IOCTL 1
| #define GNULIB_TEST_IOCTL 1
| #define GNULIB_IOCTL IN_LIBUNISTRING_GNULIB_TESTS
| #define GNULIB_ISBLANK IN_LIBUNISTRING_GNULIB_TESTS
| #define HAVE___INLINE 1
| #define GNULIB_TEST_LISTEN 1
| #define GNULIB_LISTEN IN_LIBUNISTRING_GNULIB_TESTS
| #define HAVE_NEWLOCALE 1
| #define HAVE_NEWLOCALE 1
| #define GNULIB_TEST_LSTAT 1
| #define GNULIB_LSTAT IN_LIBUNISTRING_GNULIB_TESTS
| #define GNULIB_TEST_MALLOC_GNU 1
| #define HAVE_MBTOWC 1
| #define GNULIB_TEST_MBTOWC 1
| #define HAVE_MKFIFO 1
| #define GNULIB_TEST_MKFIFO 1
| #define GNULIB_MSVC_NOTHROW IN_LIBUNISTRING_GNULIB_TESTS
| /* end confdefs.h.  */
| 
|           #include <errno.h>
|           #include <limits.h>
|           #include <signal.h>
|           #include <time.h>
|           #include <unistd.h>
|           #define TYPE_SIGNED(t) (! ((t) 0 < (t) -1))
|           #define TYPE_MAXIMUM(t)             ((t) (! TYPE_SIGNED (t)                   ? (t) -1                   : ((((t) 1 << (sizeof (t) * CHAR_BIT - 2)) - 1) * 2 + 1)))
| 
|           #if HAVE_DECL_ALARM
|           static void
|           check_for_SIGALRM (int sig)
|           {
|             if (sig != SIGALRM)
|               _exit (1);
|           }
|           #endif
| 
|           int
|           main ()
|           {
|             static struct timespec ts_sleep;
|             static struct timespec ts_remaining;
|             /* Test for major problems first.  */
|             if (! nanosleep)
|               return 2;
|             ts_sleep.tv_sec = 0;
|             ts_sleep.tv_nsec = 1;
|             #if HAVE_DECL_ALARM
|             {
|               static struct sigaction act;
|               act.sa_handler = check_for_SIGALRM;
|               sigemptyset (&act.sa_mask);
|               sigaction (SIGALRM, &act, NULL);
|               alarm (1);
|               if (nanosleep (&ts_sleep, NULL) != 0)
|                 return 3;
|               /* Test for a minor problem: the handling of large arguments.  */
|               ts_sleep.tv_sec = TYPE_MAXIMUM (time_t);
|               ts_sleep.tv_nsec = 999999999;
|               alarm (1);
|               if (nanosleep (&ts_sleep, &ts_remaining) != -1)
|                 return 4;
|               if (errno != EINTR)
|                 return 5;
|               if (ts_remaining.tv_sec <= TYPE_MAXIMUM (time_t) - 10)
|                 return 6;
|             }
|             #else /* A simpler test for native Windows.  */
|             if (nanosleep (&ts_sleep, &ts_remaining) < 0)
|               return 3;
|             /* Test for 32-bit mingw bug: negative nanosecond values do not
|                cause failure.  */
|             ts_sleep.tv_sec = 1;
|             ts_sleep.tv_nsec = -1;
|             if (nanosleep (&ts_sleep, &ts_remaining) != -1)
|               return 7;
|             #endif
|             return 0;
|           }
configure:77890: result: no (mishandles large arguments)
configure:77995: checking whether <netinet/in.h> is self-contained
configure:78013: gcc -c -g -O2  conftest.c >&5
configure:78013: $? = 0
configure:78024: result: yes
configure:78179: checking whether open recognizes a trailing slash
configure:78224: gcc -o conftest -g -O2   conftest.c  >&5
configure:78224: $? = 0
configure:78224: ./conftest
configure:78224: $? = 0
configure:78240: result: yes
configure:78322: checking whether perror matches strerror
configure:78362: gcc -o conftest -g -O2   conftest.c  >&5
configure:78362: $? = 0
configure:78362: ./conftest
configure:78362: $? = 0
configure:78383: result: yes
configure:78496: checking whether signature of pselect conforms to POSIX
configure:78517: gcc -o conftest -g -O2   conftest.c  >&5
configure:78517: $? = 0
configure:78528: result: yes
configure:78531: checking whether pselect detects invalid fds
configure:78585: gcc -o conftest -g -O2   conftest.c  >&5
configure:78585: $? = 0
configure:78585: ./conftest
configure:78585: $? = 0
configure:78600: result: yes
configure:78751: checking for pthread_mutexattr_getrobust
configure:78772: gcc -o conftest -g -O2   conftest.c  -lpthread >&5
configure:78772: $? = 0
configure:78785: result: yes
configure:78871: checking for pthread_rwlock_init
configure:78910: gcc -o conftest -g -O2   conftest.c  -lpthread >&5
configure:78910: $? = 0
configure:78925: result: yes
configure:78943: checking whether pthread_rwlock_timedrdlock is declared
configure:78943: gcc -c -g -O2   conftest.c >&5
configure:78943: $? = 0
configure:78943: result: yes
configure:78957: checking for reasonable pthread_rwlock wait queue handling
configure:79313: result: guessing yes
configure:79400: checking whether pthread_create exists as a global function
configure:79421: gcc -o conftest -g -O2   conftest.c  -lpthread >&5
configure:79421: $? = 0
configure:79434: result: yes
configure:79488: checking whether pthread_mutex_timedlock is declared
configure:79488: gcc -c -g -O2   conftest.c >&5
configure:79488: $? = 0
configure:79488: result: yes
configure:79494: checking for pthread_mutex_timedlock
configure:79519: gcc -o conftest -g -O2   conftest.c  -lpthread >&5
configure:79519: $? = 0
configure:79532: result: yes
configure:79588: checking whether pthread_sigmask is a macro
configure:79616: result: no
configure:79701: checking whether pthread_sigmask works without -lpthread
configure:79732: gcc -o conftest -g -O2   conftest.c  >&5
configure:79732: $? = 0
configure:79732: ./conftest
configure:79732: $? = 1
configure: program exited with status 1
configure: failed program was:
| /* confdefs.h */
| #define PACKAGE_NAME "libunistring"
| #define PACKAGE_TARNAME "libunistring"
| #define PACKAGE_VERSION "dummy"
| #define PACKAGE_STRING "libunistring dummy"
| #define PACKAGE_BUGREPORT ""
| #define PACKAGE_URL ""
| #undef PACKAGE_VERSION
| #define PACKAGE_VERSION "1.4.2"
| #undef PACKAGE_STRING
| #define PACKAGE_STRING "libunistring 1.4.2"
| #define PACKAGE "libunistring"
| #define VERSION "1.4.2"
| #define HAVE_STDIO_H 1
| #define HAVE_STDLIB_H 1
| #define HAVE_STRING_H 1
| #define HAVE_INTTYPES_H 1
| #define HAVE_STDINT_H 1
| #define HAVE_STRINGS_H 1
| #define HAVE_SYS_STAT_H 1
| #define HAVE_SYS_TYPES_H 1
| #define HAVE_UNISTD_H 1
| #define HAVE_WCHAR_H 1
| #define HAVE_STDBOOL_H 1
| #define HAVE_UCHAR_H 1
| #define HAVE_THREADS_H 1
| #define HAVE_LANGINFO_H 1
| #define HAVE_ICONV_H 1
| #define HAVE_LIMITS_H 1
| #define HAVE_WCTYPE_H 1
| #define HAVE_MATH_H 1
| #define HAVE_SYS_MMAN_H 1
| #define HAVE_PTHREAD_H 1
| #define HAVE_STDCKDINT_H 1
| #define HAVE_SYS_TIME_H 1
| #define HAVE_FEATURES_H 1
| #define HAVE_SYS_SOCKET_H 1
| #define HAVE_ARPA_INET_H 1
| #define HAVE_NETDB_H 1
| #define HAVE_NETINET_IN_H 1
| #define HAVE_SEMAPHORE_H 1
| #define HAVE_SYS_PARAM_H 1
| #define HAVE_SYS_SELECT_H 1
| #define HAVE_SYS_WAIT_H 1
| #define HAVE_SYS_IOCTL_H 1
| #define HAVE_SYS_UN_H 1
| #define HAVE_SYS_UIO_H 1
| #define STDC_HEADERS 1
| #define _ALL_SOURCE 1
| #define _DARWIN_C_SOURCE 1
| #define _GNU_SOURCE 1
| #define _HPUX_ALT_XOPEN_SOCKET_API 1
| #define _NETBSD_SOURCE 1
| #define _OPENBSD_SOURCE 1
| #define _POSIX_PTHREAD_SEMANTICS 1
| #define __STDC_WANT_IEC_60559_ATTRIBS_EXT__ 1
| #define __STDC_WANT_IEC_60559_BFP_EXT__ 1
| #define __STDC_WANT_IEC_60559_DFP_EXT__ 1
| #define __STDC_WANT_IEC_60559_EXT__ 1
| #define __STDC_WANT_IEC_60559_FUNCS_EXT__ 1
| #define __STDC_WANT_IEC_60559_TYPES_EXT__ 1
| #define __STDC_WANT_LIB_EXT2__ 1
| #define __STDC_WANT_MATH_SPEC_FUNCS__ 1
| #define _TANDEM_SOURCE 1
| #define __EXTENSIONS__ 1
| #define _LINUX_SOURCE_COMPAT 1
| #define __USE_MINGW_ANSI_STDIO 1
| #define HAVE_DLFCN_H 1
| #define LT_OBJDIR ".libs/"
| #define HAVE_ALLOCA_H 1
| #define HAVE_ALLOCA 1
| #define restrict __restrict__
| #define BITSIZEOF_WCHAR_T 32
| #define HAVE_MBSTATE_T 1
| #define HAVE_MBSINIT 1
| #define HAVE_MBRTOWC 1
| #define HAVE_SYMLINK 1
| #define HAVE_ISWCNTRL 1
| #define HAVE_MPROTECT 1
| #define HAVE_SNPRINTF 1
| #define HAVE_STRDUP 1
| #define HAVE_WCWIDTH 1
| #define HAVE_BTOWC 1
| #define HAVE_FCNTL 1
| #define HAVE_GETDTABLESIZE 1
| #define HAVE_GETTIMEOFDAY 1
| #define HAVE_ISBLANK 1
| #define HAVE_LSTAT 1
| #define HAVE___XPG_STRERROR_R 1
| #define HAVE_PIPE 1
| #define HAVE_PSELECT 1
| #define HAVE_PTHREAD_SIGMASK 1
| #define HAVE_SETENV 1
| #define HAVE_SLEEP 1
| #define HAVE_SHUTDOWN 1
| #define HAVE_USLEEP 1
| #define HAVE_WCRTOMB 1
| #define HAVE_WCTOB 1
| #define HAVE_LANGINFO_CODESET 1
| #define HAVE_WORKING_MBRTOC32 1
| #define HAVE_WORKING_C32RTOMB 1
| #define HAVE_WORKING_O_DIRECTORY 1
| #define HAVE_WORKING_O_NOATIME 1
| #define HAVE_WORKING_O_NOFOLLOW 1
| #define HAVE_DECL_ALARM 1
| #define HAVE_PTHREAD_API 1
| #define SETLOCALE_NULL_ALL_MTSAFE 0
| #define SETLOCALE_NULL_ONE_MTSAFE 1
| #define HAVE_WEAK_SYMBOLS 1
| #define HAVE_USELOCALE 1
| #define HAVE_WORKING_USELOCALE 1
| #define HAVE_GOOD_USELOCALE 1
| #define HAVE_ICONV 1
| #define ICONV_CONST 
| #define HAVE_WINT_T 1
| #define HAVE_LONG_LONG_INT 1
| #define HAVE_UNSIGNED_LONG_LONG_INT 1
| #define DBL_EXPBIT0_WORD 1
| #define DBL_EXPBIT0_BIT 20
| #define FLT_EXPBIT0_WORD 0
| #define FLT_EXPBIT0_BIT 23
| #define LDBL_EXPBIT0_WORD 2
| #define LDBL_EXPBIT0_BIT 0
| #define HAVE_TOWLOWER 1
| #define HAVE_LC_MESSAGES 1
| #define MUSL_LIBC 1
| #define HAVE_WEAK_SYMBOLS 1
| #define USE_POSIX_THREADS 1
| #define USE_POSIX_THREADS_WEAK 1
| #define HAVE_MALLOC_PTRDIFF 1
| #define HAVE_MALLOC_POSIX 1
| #define HAVE_MALLOC_0_NONNULL 1
| #define HAVE_MINMAX_IN_SYS_PARAM_H 1
| #define HAVE_PTHREAD_T 1
| #define HAVE_PTHREAD_SPINLOCK_T 1
| #define INSTALLPREFIX "/home/bloink/Work/unnamedlinuxdistro/fs"
| #define HAVE_DLADDR_IN_LIBC 1
| #define HAVE_SCHED_H 1
| #define HAVE_DECL_ECVT 1
| #define HAVE_DECL_FCVT 1
| #define HAVE_DECL_GCVT 1
| #define HAVE_DECL_STREQ 0
| #define HAVE_DECL_MEMEQ 0
| #define _USE_STD_STAT 1
| #define HAVE_DECL_EXECVPE 1
| #define HAVE_INTTYPES_H_WITH_UINTMAX 1
| #define HAVE_STDINT_H_WITH_UINTMAX 1
| #define HAVE_INTMAX_T 1
| #define HAVE_WCSLEN 1
| #define HAVE_SNPRINTF 1
| #define HAVE_STRNLEN 1
| #define HAVE_WCRTOMB 1
| #define HAVE_DECL__SNPRINTF 0
| #define HAVE_SNPRINTF_RETVAL_C99 1
| #define HAVE_SNPRINTF_TRUNCATION_C99 1
| #define CHECK_PRINTF_SAFE 1
| #define HAVE_DECL_WCSDUP 1
| #define HAVE_SHUTDOWN 1
| #define HAVE_STRUCT_SOCKADDR_STORAGE 1
| #define HAVE_SA_FAMILY_T 1
| #define HAVE_STRUCT_SOCKADDR_STORAGE_SS_FAMILY 1
| #define HAVE_ENVIRON_DECL 1
| #define HAVE_DECL_STRERROR_R 1
| #define HAVE_STRERROR_R 1
| #define HAVE_DECL_GETDTABLESIZE 1
| #define HAVE_IPV4 1
| #define HAVE_IPV6 1
| #define LSTAT_FOLLOWS_SLASHED_SYMLINK 1
| #define PROMOTED_MODE_T mode_t
| #define HAVE_STRERROR_R 1
| #define HAVE_DECL__PUTENV 0
| #define HAVE_SIGSET_T 1
| #define HAVE_DECL_INITSTATE 1
| #define HAVE_DECL_SETSTATE 1
| #define HAVE_DECL_SETENV 1
| #define HAVE_SEARCH_H 1
| #define HAVE_TSEARCH 1
| #define HAVE_DECL_FCLOSEALL 0
| #define HAVE_DECL_GETW 1
| #define HAVE_DECL_PUTW 1
| #define HAVE_DECL_UNSETENV 1
| #define HAVE_ALLOCA 1
| #define HAVE_C_STATIC_ASSERT 1
| #define HAVE_C_BOOL 1
| #define HAVE___BUILTIN_EXPECT 1
| #define GNULIB_TEST_C32ISALNUM 1
| #define GNULIB_TEST_C32ISALPHA 1
| #define GNULIB_TEST_C32ISBLANK 1
| #define GNULIB_TEST_C32ISCNTRL 1
| #define GNULIB_TEST_C32ISDIGIT 1
| #define GNULIB_TEST_C32ISGRAPH 1
| #define GNULIB_TEST_C32ISLOWER 1
| #define GNULIB_TEST_C32ISPRINT 1
| #define GNULIB_TEST_C32ISPUNCT 1
| #define GNULIB_TEST_C32ISSPACE 1
| #define GNULIB_TEST_C32ISUPPER 1
| #define GNULIB_TEST_C32ISXDIGIT 1
| #define GNULIB_TEST_C32TOLOWER 1
| #define GNULIB_TEST_C32WIDTH 1
| #define FLEXIBLE_ARRAY_MEMBER /**/
| #define GNULIB_TEST_FREE_POSIX 1
| #define HAVE_FREXP_IN_LIBC 1
| #define GNULIB_TEST_FREXP 1
| #define HAVE_FREXPL_IN_LIBC 1
| #define GNULIB_TEST_FREXPL 1
| #define HAVE___FSETERR 1
| #define HAVE_NEWLOCALE 1
| #define HAVE_DUPLOCALE 1
| #define HAVE_FREELOCALE 1
| #define GNULIB_TEST_GETLOCALENAME_L_UNSAFE 1
| #define HAVE_NEWLOCALE 1
| #define HAVE_DUPLOCALE 1
| #define HAVE_FREELOCALE 1
| #define HAVE_INLINE 1
| #define HAVE_ISNAND_IN_LIBC 1
| #define HAVE_ISNANF_IN_LIBC 1
| #define HAVE_ISNANL_IN_LIBC 1
| #define HAVE_ISWBLANK 1
| #define HAVE_DECL_ISWBLANK 1
| #define GNULIB_TEST_ISWBLANK 1
| #define GNULIB_TEST_ISWDIGIT 1
| #define GNULIB_TEST_ISWPUNCT 1
| #define GNULIB_TEST_ISWXDIGIT 1
| #define GNULIB_TEST_LOCALECONV 1
| #define GNULIB_LOCALECONV 1
| #define GNULIB_TEST_LOCALENAME_ENVIRON 1
| #define GNULIB_TEST_LOCALENAME_UNSAFE 1
| #define HAVE_PTHREAD_RWLOCK 1
| #define HAVE_PTHREAD_MUTEX_RECURSIVE 1
| #define GNULIB_LOCK 1
| #define GNULIB_TEST_MALLOC_POSIX 1
| #define GNULIB_TEST_MBRTOC32 1
| #define GNULIB_TEST_MBRTOWC 1
| #define GNULIB_TEST_MBSINIT 1
| #define GNULIB_TEST_MBSNLEN 1
| #define GNULIB_TEST_MBSZERO 1
| #define GNULIB_TEST_MEMCHR 1
| #define HAVE_FREXP_IN_LIBC 1
| #define HAVE_LDEXP_IN_LIBC 1
| #define HAVE_FREXPL_IN_LIBC 1
| #define HAVE_LDEXPL_IN_LIBC 1
| #define GNULIB_TEST_PTHREAD_ONCE 1
| #define HAVE_VISIBILITY 1
| #define GNULIB_TEST_SETLOCALE_NULL 1
| #define GNULIB_TEST_SIGNBIT_NO_CXX 1
| #define HAVE_STDINT_H 1
| #define GNULIB_TEST_STRINGEQ 1
| #define GNULIB_TEST_STRNCAT 1
| #define GNULIB_TEST_STRNCPY 1
| #define GNULIB_TEST_STRSTR 1
| #define GNULIB_UNIGBRK_U16_GRAPHEME_BREAKS 1
| #define GNULIB_UNIGBRK_U16_GRAPHEME_NEXT 1
| #define GNULIB_UNIGBRK_U16_GRAPHEME_PREV 1
| #define GNULIB_UNIGBRK_U32_GRAPHEME_BREAKS 1
| #define GNULIB_UNIGBRK_U32_GRAPHEME_NEXT 1
| #define GNULIB_UNIGBRK_U32_GRAPHEME_PREV 1
| #define GNULIB_UNIGBRK_U8_GRAPHEME_BREAKS 1
| #define GNULIB_UNIGBRK_U8_GRAPHEME_NEXT 1
| #define GNULIB_UNIGBRK_U8_GRAPHEME_PREV 1
| #define GNULIB_UNIGBRK_UC_GRAPHEME_BREAKS 1
| #define GNULIB_UNIGBRK_ULC_GRAPHEME_BREAKS 1
| #define GNULIB_TEST_UNINORM_U16_NORMALIZE 1
| #define GNULIB_TEST_UNINORM_U32_NORMALIZE 1
| #define GNULIB_TEST_UNINORM_U8_NORMALIZE 1
| #define NEED_PRINTF_DIRECTIVE_B 1
| #define NEED_PRINTF_DIRECTIVE_B 1
| #define NEED_PRINTF_DIRECTIVE_B 1
| #define NEED_PRINTF_DIRECTIVE_B 1
| #define NEED_PRINTF_DIRECTIVE_B 1
| #define NEED_PRINTF_DIRECTIVE_B 1
| #define NEED_PRINTF_DIRECTIVE_B 1
| #define GNULIB_UNISTR_U16_MBTOUC 1
| #define GNULIB_UNISTR_U16_MBTOUC_UNSAFE 1
| #define GNULIB_UNISTR_U16_MBTOUCR 1
| #define GNULIB_UNISTR_U16_UCTOMB 1
| #define GNULIB_UNISTR_U32_MBTOUC 1
| #define GNULIB_UNISTR_U32_MBTOUC_UNSAFE 1
| #define GNULIB_UNISTR_U32_MBTOUCR 1
| #define GNULIB_UNISTR_U32_UCTOMB 1
| #define GNULIB_UNISTR_U8_MBTOUC 1
| #define GNULIB_UNISTR_U8_MBTOUC_UNSAFE 1
| #define GNULIB_UNISTR_U8_MBTOUCR 1
| #define HAVE_STPCPY 1
| #define GNULIB_UNISTR_U8_UCTOMB 1
| #define HAVE_DECL_WCWIDTH 1
| #define GNULIB_TEST_WCWIDTH 1
| #define HAVE_STDINT_H 1
| #define GNULIB_TEST_ACCEPT 1
| #define GNULIB_ACCEPT IN_LIBUNISTRING_GNULIB_TESTS
| #define HAVE_C_ALIGNASOF 1
| #define GNULIB_TEST_BIND 1
| #define GNULIB_BIND IN_LIBUNISTRING_GNULIB_TESTS
| #define GNULIB_TEST_BTOC32 1
| #define GNULIB_TEST_BTOWC 1
| #define GNULIB_TEST_C32RTOMB 1
| #define GNULIB_TEST_C32TOB 1
| #define GNULIB_TEST_CALLOC_GNU 1
| #define GNULIB_TEST_CALLOC_POSIX 1
| #define GNULIB_TEST_CLOEXEC 1
| #define GNULIB_TEST_CLOSE 1
| #define GNULIB_CLOSE IN_LIBUNISTRING_GNULIB_TESTS
| #define GNULIB_TEST_CONNECT 1
| #define GNULIB_CONNECT IN_LIBUNISTRING_GNULIB_TESTS
| #define GNULIB_TEST_DUP2 1
| #define GNULIB_TEST_ENVIRON 1
| #define GNULIB_TEST_FCNTL 1
| #define GNULIB_TEST_FDOPEN 1
| #define GNULIB_TEST_FSTAT 1
| #define GNULIB_FSTAT IN_LIBUNISTRING_GNULIB_TESTS
| #define HAVE_FTRUNCATE 1
| #define GNULIB_TEST_FTRUNCATE 1
| #define GNULIB_TEST_GETCWD 1
| #define GNULIB_TEST_GETDTABLESIZE 1
| #define HAVE_DECL_PROGRAM_INVOCATION_NAME 1
| #define HAVE_DECL_PROGRAM_INVOCATION_NAME 1
| #define HAVE_DECL_PROGRAM_INVOCATION_SHORT_NAME 1
| #define HAVE_DECL___ARGV 0
| #define GNULIB_TEST_GETPROGNAME 1
| #define GETTIMEOFDAY_TIMEZONE void
| #define GNULIB_TEST_GETTIMEOFDAY 1
| #define GNULIB_LOCALEDIR "/home/bloink/Work/unnamedlinuxdistro/fs/share/locale"
| #define HAVE_DUPLOCALE 1
| #define HAVE_DECL_INET_PTON 1
| #define HAVE_IOCTL 1
| #define GNULIB_TEST_IOCTL 1
| #define GNULIB_IOCTL IN_LIBUNISTRING_GNULIB_TESTS
| #define GNULIB_ISBLANK IN_LIBUNISTRING_GNULIB_TESTS
| #define HAVE___INLINE 1
| #define GNULIB_TEST_LISTEN 1
| #define GNULIB_LISTEN IN_LIBUNISTRING_GNULIB_TESTS
| #define HAVE_NEWLOCALE 1
| #define HAVE_NEWLOCALE 1
| #define GNULIB_TEST_LSTAT 1
| #define GNULIB_LSTAT IN_LIBUNISTRING_GNULIB_TESTS
| #define GNULIB_TEST_MALLOC_GNU 1
| #define HAVE_MBTOWC 1
| #define GNULIB_TEST_MBTOWC 1
| #define HAVE_MKFIFO 1
| #define GNULIB_TEST_MKFIFO 1
| #define GNULIB_MSVC_NOTHROW IN_LIBUNISTRING_GNULIB_TESTS
| #define HAVE_BUG_BIG_NANOSLEEP 1
| #define GNULIB_TEST_NANOSLEEP 1
| #define GNULIB_TEST_OPEN 1
| #define GNULIB_TEST_PERROR 1
| #define GNULIB_TEST_PIPE 1
| #define GNULIB_TEST_PSELECT 1
| #define GNULIB_TEST_PTHREAD_COND 1
| #define GNULIB_TEST_PTHREAD_MUTEX 1
| #define GNULIB_TEST_PTHREAD_RWLOCK 1
| #define GNULIB_TEST_PTHREAD_THREAD 1
| #define GNULIB_TEST_PTHREAD_MUTEX_TIMEDLOCK 1
| /* end confdefs.h.  */
| 
|                    #include <pthread.h>
|                    #include <signal.h>
|                    #include <stddef.h>
|                    int main ()
|                    {
|                      sigset_t set;
|                      sigemptyset (&set);
|                      return pthread_sigmask (1729, &set, NULL) != 0;
|                    }
configure:79747: result: yes
configure:79760: checking whether pthread_sigmask returns error numbers
configure:79794: gcc -o conftest -g -O2   conftest.c   >&5
configure:79794: $? = 0
configure:79794: ./conftest
configure:79794: $? = 0
configure:79810: result: yes
configure:79874: checking for putenv compatible with GNU and SVID
configure:79923: gcc -o conftest -g -O2   conftest.c  >&5
configure:79923: $? = 0
configure:79923: ./conftest
configure:79923: $? = 0
configure:79938: result: yes
configure:79996: checking for raise
configure:79996: gcc -o conftest -g -O2   conftest.c  >&5
configure:79996: $? = 0
configure:79996: result: yes
configure:80018: checking for sigprocmask
configure:80018: gcc -o conftest -g -O2   conftest.c  >&5
configure:80018: $? = 0
configure:80018: result: yes
configure:80080: checking for random
configure:80098: gcc -o conftest -g -O2   conftest.c  >&5
configure:80098: $? = 0
configure:80110: result: yes
configure:80114: checking for initstate
configure:80151: checking for initstate
configure:80151: gcc -o conftest -g -O2   conftest.c  >&5
configure:80151: $? = 0
configure:80151: result: yes
configure:80167: result: yes
configure:80183: checking for setstate
configure:80220: checking for setstate
configure:80220: gcc -o conftest -g -O2   conftest.c  >&5
configure:80220: $? = 0
configure:80220: result: yes
configure:80236: result: yes
configure:80347: checking for random.h
configure:80347: gcc -c -g -O2  conftest.c >&5
conftest.c:389:10: fatal error: random.h: No such file or directory
  389 | #include <random.h>
      |          ^~~~~~~~~~
compilation terminated.
configure:80347: $? = 1
configure: failed program was:
| /* confdefs.h */
| #define PACKAGE_NAME "libunistring"
| #define PACKAGE_TARNAME "libunistring"
| #define PACKAGE_VERSION "dummy"
| #define PACKAGE_STRING "libunistring dummy"
| #define PACKAGE_BUGREPORT ""
| #define PACKAGE_URL ""
| #undef PACKAGE_VERSION
| #define PACKAGE_VERSION "1.4.2"
| #undef PACKAGE_STRING
| #define PACKAGE_STRING "libunistring 1.4.2"
| #define PACKAGE "libunistring"
| #define VERSION "1.4.2"
| #define HAVE_STDIO_H 1
| #define HAVE_STDLIB_H 1
| #define HAVE_STRING_H 1
| #define HAVE_INTTYPES_H 1
| #define HAVE_STDINT_H 1
| #define HAVE_STRINGS_H 1
| #define HAVE_SYS_STAT_H 1
| #define HAVE_SYS_TYPES_H 1
| #define HAVE_UNISTD_H 1
| #define HAVE_WCHAR_H 1
| #define HAVE_STDBOOL_H 1
| #define HAVE_UCHAR_H 1
| #define HAVE_THREADS_H 1
| #define HAVE_LANGINFO_H 1
| #define HAVE_ICONV_H 1
| #define HAVE_LIMITS_H 1
| #define HAVE_WCTYPE_H 1
| #define HAVE_MATH_H 1
| #define HAVE_SYS_MMAN_H 1
| #define HAVE_PTHREAD_H 1
| #define HAVE_STDCKDINT_H 1
| #define HAVE_SYS_TIME_H 1
| #define HAVE_FEATURES_H 1
| #define HAVE_SYS_SOCKET_H 1
| #define HAVE_ARPA_INET_H 1
| #define HAVE_NETDB_H 1
| #define HAVE_NETINET_IN_H 1
| #define HAVE_SEMAPHORE_H 1
| #define HAVE_SYS_PARAM_H 1
| #define HAVE_SYS_SELECT_H 1
| #define HAVE_SYS_WAIT_H 1
| #define HAVE_SYS_IOCTL_H 1
| #define HAVE_SYS_UN_H 1
| #define HAVE_SYS_UIO_H 1
| #define STDC_HEADERS 1
| #define _ALL_SOURCE 1
| #define _DARWIN_C_SOURCE 1
| #define _GNU_SOURCE 1
| #define _HPUX_ALT_XOPEN_SOCKET_API 1
| #define _NETBSD_SOURCE 1
| #define _OPENBSD_SOURCE 1
| #define _POSIX_PTHREAD_SEMANTICS 1
| #define __STDC_WANT_IEC_60559_ATTRIBS_EXT__ 1
| #define __STDC_WANT_IEC_60559_BFP_EXT__ 1
| #define __STDC_WANT_IEC_60559_DFP_EXT__ 1
| #define __STDC_WANT_IEC_60559_EXT__ 1
| #define __STDC_WANT_IEC_60559_FUNCS_EXT__ 1
| #define __STDC_WANT_IEC_60559_TYPES_EXT__ 1
| #define __STDC_WANT_LIB_EXT2__ 1
| #define __STDC_WANT_MATH_SPEC_FUNCS__ 1
| #define _TANDEM_SOURCE 1
| #define __EXTENSIONS__ 1
| #define _LINUX_SOURCE_COMPAT 1
| #define __USE_MINGW_ANSI_STDIO 1
| #define HAVE_DLFCN_H 1
| #define LT_OBJDIR ".libs/"
| #define HAVE_ALLOCA_H 1
| #define HAVE_ALLOCA 1
| #define restrict __restrict__
| #define BITSIZEOF_WCHAR_T 32
| #define HAVE_MBSTATE_T 1
| #define HAVE_MBSINIT 1
| #define HAVE_MBRTOWC 1
| #define HAVE_SYMLINK 1
| #define HAVE_ISWCNTRL 1
| #define HAVE_MPROTECT 1
| #define HAVE_SNPRINTF 1
| #define HAVE_STRDUP 1
| #define HAVE_WCWIDTH 1
| #define HAVE_BTOWC 1
| #define HAVE_FCNTL 1
| #define HAVE_GETDTABLESIZE 1
| #define HAVE_GETTIMEOFDAY 1
| #define HAVE_ISBLANK 1
| #define HAVE_LSTAT 1
| #define HAVE___XPG_STRERROR_R 1
| #define HAVE_PIPE 1
| #define HAVE_PSELECT 1
| #define HAVE_PTHREAD_SIGMASK 1
| #define HAVE_SETENV 1
| #define HAVE_SLEEP 1
| #define HAVE_SHUTDOWN 1
| #define HAVE_USLEEP 1
| #define HAVE_WCRTOMB 1
| #define HAVE_WCTOB 1
| #define HAVE_LANGINFO_CODESET 1
| #define HAVE_WORKING_MBRTOC32 1
| #define HAVE_WORKING_C32RTOMB 1
| #define HAVE_WORKING_O_DIRECTORY 1
| #define HAVE_WORKING_O_NOATIME 1
| #define HAVE_WORKING_O_NOFOLLOW 1
| #define HAVE_DECL_ALARM 1
| #define HAVE_PTHREAD_API 1
| #define SETLOCALE_NULL_ALL_MTSAFE 0
| #define SETLOCALE_NULL_ONE_MTSAFE 1
| #define HAVE_WEAK_SYMBOLS 1
| #define HAVE_USELOCALE 1
| #define HAVE_WORKING_USELOCALE 1
| #define HAVE_GOOD_USELOCALE 1
| #define HAVE_ICONV 1
| #define ICONV_CONST 
| #define HAVE_WINT_T 1
| #define HAVE_LONG_LONG_INT 1
| #define HAVE_UNSIGNED_LONG_LONG_INT 1
| #define DBL_EXPBIT0_WORD 1
| #define DBL_EXPBIT0_BIT 20
| #define FLT_EXPBIT0_WORD 0
| #define FLT_EXPBIT0_BIT 23
| #define LDBL_EXPBIT0_WORD 2
| #define LDBL_EXPBIT0_BIT 0
| #define HAVE_TOWLOWER 1
| #define HAVE_LC_MESSAGES 1
| #define MUSL_LIBC 1
| #define HAVE_WEAK_SYMBOLS 1
| #define USE_POSIX_THREADS 1
| #define USE_POSIX_THREADS_WEAK 1
| #define HAVE_MALLOC_PTRDIFF 1
| #define HAVE_MALLOC_POSIX 1
| #define HAVE_MALLOC_0_NONNULL 1
| #define HAVE_MINMAX_IN_SYS_PARAM_H 1
| #define HAVE_PTHREAD_T 1
| #define HAVE_PTHREAD_SPINLOCK_T 1
| #define INSTALLPREFIX "/home/bloink/Work/unnamedlinuxdistro/fs"
| #define HAVE_DLADDR_IN_LIBC 1
| #define HAVE_SCHED_H 1
| #define HAVE_DECL_ECVT 1
| #define HAVE_DECL_FCVT 1
| #define HAVE_DECL_GCVT 1
| #define HAVE_DECL_STREQ 0
| #define HAVE_DECL_MEMEQ 0
| #define _USE_STD_STAT 1
| #define HAVE_DECL_EXECVPE 1
| #define HAVE_INTTYPES_H_WITH_UINTMAX 1
| #define HAVE_STDINT_H_WITH_UINTMAX 1
| #define HAVE_INTMAX_T 1
| #define HAVE_WCSLEN 1
| #define HAVE_SNPRINTF 1
| #define HAVE_STRNLEN 1
| #define HAVE_WCRTOMB 1
| #define HAVE_DECL__SNPRINTF 0
| #define HAVE_SNPRINTF_RETVAL_C99 1
| #define HAVE_SNPRINTF_TRUNCATION_C99 1
| #define CHECK_PRINTF_SAFE 1
| #define HAVE_DECL_WCSDUP 1
| #define HAVE_SHUTDOWN 1
| #define HAVE_STRUCT_SOCKADDR_STORAGE 1
| #define HAVE_SA_FAMILY_T 1
| #define HAVE_STRUCT_SOCKADDR_STORAGE_SS_FAMILY 1
| #define HAVE_ENVIRON_DECL 1
| #define HAVE_DECL_STRERROR_R 1
| #define HAVE_STRERROR_R 1
| #define HAVE_DECL_GETDTABLESIZE 1
| #define HAVE_IPV4 1
| #define HAVE_IPV6 1
| #define LSTAT_FOLLOWS_SLASHED_SYMLINK 1
| #define PROMOTED_MODE_T mode_t
| #define HAVE_STRERROR_R 1
| #define HAVE_DECL__PUTENV 0
| #define HAVE_SIGSET_T 1
| #define HAVE_DECL_INITSTATE 1
| #define HAVE_DECL_SETSTATE 1
| #define HAVE_DECL_SETENV 1
| #define HAVE_SEARCH_H 1
| #define HAVE_TSEARCH 1
| #define HAVE_DECL_FCLOSEALL 0
| #define HAVE_DECL_GETW 1
| #define HAVE_DECL_PUTW 1
| #define HAVE_DECL_UNSETENV 1
| #define HAVE_ALLOCA 1
| #define HAVE_C_STATIC_ASSERT 1
| #define HAVE_C_BOOL 1
| #define HAVE___BUILTIN_EXPECT 1
| #define GNULIB_TEST_C32ISALNUM 1
| #define GNULIB_TEST_C32ISALPHA 1
| #define GNULIB_TEST_C32ISBLANK 1
| #define GNULIB_TEST_C32ISCNTRL 1
| #define GNULIB_TEST_C32ISDIGIT 1
| #define GNULIB_TEST_C32ISGRAPH 1
| #define GNULIB_TEST_C32ISLOWER 1
| #define GNULIB_TEST_C32ISPRINT 1
| #define GNULIB_TEST_C32ISPUNCT 1
| #define GNULIB_TEST_C32ISSPACE 1
| #define GNULIB_TEST_C32ISUPPER 1
| #define GNULIB_TEST_C32ISXDIGIT 1
| #define GNULIB_TEST_C32TOLOWER 1
| #define GNULIB_TEST_C32WIDTH 1
| #define FLEXIBLE_ARRAY_MEMBER /**/
| #define GNULIB_TEST_FREE_POSIX 1
| #define HAVE_FREXP_IN_LIBC 1
| #define GNULIB_TEST_FREXP 1
| #define HAVE_FREXPL_IN_LIBC 1
| #define GNULIB_TEST_FREXPL 1
| #define HAVE___FSETERR 1
| #define HAVE_NEWLOCALE 1
| #define HAVE_DUPLOCALE 1
| #define HAVE_FREELOCALE 1
| #define GNULIB_TEST_GETLOCALENAME_L_UNSAFE 1
| #define HAVE_NEWLOCALE 1
| #define HAVE_DUPLOCALE 1
| #define HAVE_FREELOCALE 1
| #define HAVE_INLINE 1
| #define HAVE_ISNAND_IN_LIBC 1
| #define HAVE_ISNANF_IN_LIBC 1
| #define HAVE_ISNANL_IN_LIBC 1
| #define HAVE_ISWBLANK 1
| #define HAVE_DECL_ISWBLANK 1
| #define GNULIB_TEST_ISWBLANK 1
| #define GNULIB_TEST_ISWDIGIT 1
| #define GNULIB_TEST_ISWPUNCT 1
| #define GNULIB_TEST_ISWXDIGIT 1
| #define GNULIB_TEST_LOCALECONV 1
| #define GNULIB_LOCALECONV 1
| #define GNULIB_TEST_LOCALENAME_ENVIRON 1
| #define GNULIB_TEST_LOCALENAME_UNSAFE 1
| #define HAVE_PTHREAD_RWLOCK 1
| #define HAVE_PTHREAD_MUTEX_RECURSIVE 1
| #define GNULIB_LOCK 1
| #define GNULIB_TEST_MALLOC_POSIX 1
| #define GNULIB_TEST_MBRTOC32 1
| #define GNULIB_TEST_MBRTOWC 1
| #define GNULIB_TEST_MBSINIT 1
| #define GNULIB_TEST_MBSNLEN 1
| #define GNULIB_TEST_MBSZERO 1
| #define GNULIB_TEST_MEMCHR 1
| #define HAVE_FREXP_IN_LIBC 1
| #define HAVE_LDEXP_IN_LIBC 1
| #define HAVE_FREXPL_IN_LIBC 1
| #define HAVE_LDEXPL_IN_LIBC 1
| #define GNULIB_TEST_PTHREAD_ONCE 1
| #define HAVE_VISIBILITY 1
| #define GNULIB_TEST_SETLOCALE_NULL 1
| #define GNULIB_TEST_SIGNBIT_NO_CXX 1
| #define HAVE_STDINT_H 1
| #define GNULIB_TEST_STRINGEQ 1
| #define GNULIB_TEST_STRNCAT 1
| #define GNULIB_TEST_STRNCPY 1
| #define GNULIB_TEST_STRSTR 1
| #define GNULIB_UNIGBRK_U16_GRAPHEME_BREAKS 1
| #define GNULIB_UNIGBRK_U16_GRAPHEME_NEXT 1
| #define GNULIB_UNIGBRK_U16_GRAPHEME_PREV 1
| #define GNULIB_UNIGBRK_U32_GRAPHEME_BREAKS 1
| #define GNULIB_UNIGBRK_U32_GRAPHEME_NEXT 1
| #define GNULIB_UNIGBRK_U32_GRAPHEME_PREV 1
| #define GNULIB_UNIGBRK_U8_GRAPHEME_BREAKS 1
| #define GNULIB_UNIGBRK_U8_GRAPHEME_NEXT 1
| #define GNULIB_UNIGBRK_U8_GRAPHEME_PREV 1
| #define GNULIB_UNIGBRK_UC_GRAPHEME_BREAKS 1
| #define GNULIB_UNIGBRK_ULC_GRAPHEME_BREAKS 1
| #define GNULIB_TEST_UNINORM_U16_NORMALIZE 1
| #define GNULIB_TEST_UNINORM_U32_NORMALIZE 1
| #define GNULIB_TEST_UNINORM_U8_NORMALIZE 1
| #define NEED_PRINTF_DIRECTIVE_B 1
| #define NEED_PRINTF_DIRECTIVE_B 1
| #define NEED_PRINTF_DIRECTIVE_B 1
| #define NEED_PRINTF_DIRECTIVE_B 1
| #define NEED_PRINTF_DIRECTIVE_B 1
| #define NEED_PRINTF_DIRECTIVE_B 1
| #define NEED_PRINTF_DIRECTIVE_B 1
| #define GNULIB_UNISTR_U16_MBTOUC 1
| #define GNULIB_UNISTR_U16_MBTOUC_UNSAFE 1
| #define GNULIB_UNISTR_U16_MBTOUCR 1
| #define GNULIB_UNISTR_U16_UCTOMB 1
| #define GNULIB_UNISTR_U32_MBTOUC 1
| #define GNULIB_UNISTR_U32_MBTOUC_UNSAFE 1
| #define GNULIB_UNISTR_U32_MBTOUCR 1
| #define GNULIB_UNISTR_U32_UCTOMB 1
| #define GNULIB_UNISTR_U8_MBTOUC 1
| #define GNULIB_UNISTR_U8_MBTOUC_UNSAFE 1
| #define GNULIB_UNISTR_U8_MBTOUCR 1
| #define HAVE_STPCPY 1
| #define GNULIB_UNISTR_U8_UCTOMB 1
| #define HAVE_DECL_WCWIDTH 1
| #define GNULIB_TEST_WCWIDTH 1
| #define HAVE_STDINT_H 1
| #define GNULIB_TEST_ACCEPT 1
| #define GNULIB_ACCEPT IN_LIBUNISTRING_GNULIB_TESTS
| #define HAVE_C_ALIGNASOF 1
| #define GNULIB_TEST_BIND 1
| #define GNULIB_BIND IN_LIBUNISTRING_GNULIB_TESTS
| #define GNULIB_TEST_BTOC32 1
| #define GNULIB_TEST_BTOWC 1
| #define GNULIB_TEST_C32RTOMB 1
| #define GNULIB_TEST_C32TOB 1
| #define GNULIB_TEST_CALLOC_GNU 1
| #define GNULIB_TEST_CALLOC_POSIX 1
| #define GNULIB_TEST_CLOEXEC 1
| #define GNULIB_TEST_CLOSE 1
| #define GNULIB_CLOSE IN_LIBUNISTRING_GNULIB_TESTS
| #define GNULIB_TEST_CONNECT 1
| #define GNULIB_CONNECT IN_LIBUNISTRING_GNULIB_TESTS
| #define GNULIB_TEST_DUP2 1
| #define GNULIB_TEST_ENVIRON 1
| #define GNULIB_TEST_FCNTL 1
| #define GNULIB_TEST_FDOPEN 1
| #define GNULIB_TEST_FSTAT 1
| #define GNULIB_FSTAT IN_LIBUNISTRING_GNULIB_TESTS
| #define HAVE_FTRUNCATE 1
| #define GNULIB_TEST_FTRUNCATE 1
| #define GNULIB_TEST_GETCWD 1
| #define GNULIB_TEST_GETDTABLESIZE 1
| #define HAVE_DECL_PROGRAM_INVOCATION_NAME 1
| #define HAVE_DECL_PROGRAM_INVOCATION_NAME 1
| #define HAVE_DECL_PROGRAM_INVOCATION_SHORT_NAME 1
| #define HAVE_DECL___ARGV 0
| #define GNULIB_TEST_GETPROGNAME 1
| #define GETTIMEOFDAY_TIMEZONE void
| #define GNULIB_TEST_GETTIMEOFDAY 1
| #define GNULIB_LOCALEDIR "/home/bloink/Work/unnamedlinuxdistro/fs/share/locale"
| #define HAVE_DUPLOCALE 1
| #define HAVE_DECL_INET_PTON 1
| #define HAVE_IOCTL 1
| #define GNULIB_TEST_IOCTL 1
| #define GNULIB_IOCTL IN_LIBUNISTRING_GNULIB_TESTS
| #define GNULIB_ISBLANK IN_LIBUNISTRING_GNULIB_TESTS
| #define HAVE___INLINE 1
| #define GNULIB_TEST_LISTEN 1
| #define GNULIB_LISTEN IN_LIBUNISTRING_GNULIB_TESTS
| #define HAVE_NEWLOCALE 1
| #define HAVE_NEWLOCALE 1
| #define GNULIB_TEST_LSTAT 1
| #define GNULIB_LSTAT IN_LIBUNISTRING_GNULIB_TESTS
| #define GNULIB_TEST_MALLOC_GNU 1
| #define HAVE_MBTOWC 1
| #define GNULIB_TEST_MBTOWC 1
| #define HAVE_MKFIFO 1
| #define GNULIB_TEST_MKFIFO 1
| #define GNULIB_MSVC_NOTHROW IN_LIBUNISTRING_GNULIB_TESTS
| #define HAVE_BUG_BIG_NANOSLEEP 1
| #define GNULIB_TEST_NANOSLEEP 1
| #define GNULIB_TEST_OPEN 1
| #define GNULIB_TEST_PERROR 1
| #define GNULIB_TEST_PIPE 1
| #define GNULIB_TEST_PSELECT 1
| #define GNULIB_TEST_PTHREAD_COND 1
| #define GNULIB_TEST_PTHREAD_MUTEX 1
| #define GNULIB_TEST_PTHREAD_RWLOCK 1
| #define GNULIB_TEST_PTHREAD_THREAD 1
| #define GNULIB_TEST_PTHREAD_MUTEX_TIMEDLOCK 1
| #define GNULIB_TEST_PTHREAD_SIGMASK 1
| #define GNULIB_TEST_PUTENV 1
| #define HAVE_RAISE 1
| #define GNULIB_TEST_RAISE 1
| #define HAVE_INITSTATE 1
| #define HAVE_SETSTATE 1
| #define GNULIB_TEST_RANDOM 1
| /* end confdefs.h.  */
| #include <stddef.h>
| #ifdef HAVE_STDIO_H
| # include <stdio.h>
| #endif
| #ifdef HAVE_STDLIB_H
| # include <stdlib.h>
| #endif
| #ifdef HAVE_STRING_H
| # include <string.h>
| #endif
| #ifdef HAVE_INTTYPES_H
| # include <inttypes.h>
| #endif
| #ifdef HAVE_STDINT_H
| # include <stdint.h>
| #endif
| #ifdef HAVE_STRINGS_H
| # include <strings.h>
| #endif
| #ifdef HAVE_SYS_TYPES_H
| # include <sys/types.h>
| #endif
| #ifdef HAVE_SYS_STAT_H
| # include <sys/stat.h>
| #endif
| #ifdef HAVE_UNISTD_H
| # include <unistd.h>
| #endif
| 
| #include <random.h>
configure:80347: result: no
configure:80356: checking for struct random_data
configure:80356: gcc -c -g -O2  conftest.c >&5
conftest.c: In function 'main':
conftest.c:369:13: error: invalid application of 'sizeof' to incomplete type 'struct random_data'
  369 | if (sizeof (struct random_data))
      |             ^~~~~~
configure:80356: $? = 1
configure: failed program was:
| /* confdefs.h */
| #define PACKAGE_NAME "libunistring"
| #define PACKAGE_TARNAME "libunistring"
| #define PACKAGE_VERSION "dummy"
| #define PACKAGE_STRING "libunistring dummy"
| #define PACKAGE_BUGREPORT ""
| #define PACKAGE_URL ""
| #undef PACKAGE_VERSION
| #define PACKAGE_VERSION "1.4.2"
| #undef PACKAGE_STRING
| #define PACKAGE_STRING "libunistring 1.4.2"
| #define PACKAGE "libunistring"
| #define VERSION "1.4.2"
| #define HAVE_STDIO_H 1
| #define HAVE_STDLIB_H 1
| #define HAVE_STRING_H 1
| #define HAVE_INTTYPES_H 1
| #define HAVE_STDINT_H 1
| #define HAVE_STRINGS_H 1
| #define HAVE_SYS_STAT_H 1
| #define HAVE_SYS_TYPES_H 1
| #define HAVE_UNISTD_H 1
| #define HAVE_WCHAR_H 1
| #define HAVE_STDBOOL_H 1
| #define HAVE_UCHAR_H 1
| #define HAVE_THREADS_H 1
| #define HAVE_LANGINFO_H 1
| #define HAVE_ICONV_H 1
| #define HAVE_LIMITS_H 1
| #define HAVE_WCTYPE_H 1
| #define HAVE_MATH_H 1
| #define HAVE_SYS_MMAN_H 1
| #define HAVE_PTHREAD_H 1
| #define HAVE_STDCKDINT_H 1
| #define HAVE_SYS_TIME_H 1
| #define HAVE_FEATURES_H 1
| #define HAVE_SYS_SOCKET_H 1
| #define HAVE_ARPA_INET_H 1
| #define HAVE_NETDB_H 1
| #define HAVE_NETINET_IN_H 1
| #define HAVE_SEMAPHORE_H 1
| #define HAVE_SYS_PARAM_H 1
| #define HAVE_SYS_SELECT_H 1
| #define HAVE_SYS_WAIT_H 1
| #define HAVE_SYS_IOCTL_H 1
| #define HAVE_SYS_UN_H 1
| #define HAVE_SYS_UIO_H 1
| #define STDC_HEADERS 1
| #define _ALL_SOURCE 1
| #define _DARWIN_C_SOURCE 1
| #define _GNU_SOURCE 1
| #define _HPUX_ALT_XOPEN_SOCKET_API 1
| #define _NETBSD_SOURCE 1
| #define _OPENBSD_SOURCE 1
| #define _POSIX_PTHREAD_SEMANTICS 1
| #define __STDC_WANT_IEC_60559_ATTRIBS_EXT__ 1
| #define __STDC_WANT_IEC_60559_BFP_EXT__ 1
| #define __STDC_WANT_IEC_60559_DFP_EXT__ 1
| #define __STDC_WANT_IEC_60559_EXT__ 1
| #define __STDC_WANT_IEC_60559_FUNCS_EXT__ 1
| #define __STDC_WANT_IEC_60559_TYPES_EXT__ 1
| #define __STDC_WANT_LIB_EXT2__ 1
| #define __STDC_WANT_MATH_SPEC_FUNCS__ 1
| #define _TANDEM_SOURCE 1
| #define __EXTENSIONS__ 1
| #define _LINUX_SOURCE_COMPAT 1
| #define __USE_MINGW_ANSI_STDIO 1
| #define HAVE_DLFCN_H 1
| #define LT_OBJDIR ".libs/"
| #define HAVE_ALLOCA_H 1
| #define HAVE_ALLOCA 1
| #define restrict __restrict__
| #define BITSIZEOF_WCHAR_T 32
| #define HAVE_MBSTATE_T 1
| #define HAVE_MBSINIT 1
| #define HAVE_MBRTOWC 1
| #define HAVE_SYMLINK 1
| #define HAVE_ISWCNTRL 1
| #define HAVE_MPROTECT 1
| #define HAVE_SNPRINTF 1
| #define HAVE_STRDUP 1
| #define HAVE_WCWIDTH 1
| #define HAVE_BTOWC 1
| #define HAVE_FCNTL 1
| #define HAVE_GETDTABLESIZE 1
| #define HAVE_GETTIMEOFDAY 1
| #define HAVE_ISBLANK 1
| #define HAVE_LSTAT 1
| #define HAVE___XPG_STRERROR_R 1
| #define HAVE_PIPE 1
| #define HAVE_PSELECT 1
| #define HAVE_PTHREAD_SIGMASK 1
| #define HAVE_SETENV 1
| #define HAVE_SLEEP 1
| #define HAVE_SHUTDOWN 1
| #define HAVE_USLEEP 1
| #define HAVE_WCRTOMB 1
| #define HAVE_WCTOB 1
| #define HAVE_LANGINFO_CODESET 1
| #define HAVE_WORKING_MBRTOC32 1
| #define HAVE_WORKING_C32RTOMB 1
| #define HAVE_WORKING_O_DIRECTORY 1
| #define HAVE_WORKING_O_NOATIME 1
| #define HAVE_WORKING_O_NOFOLLOW 1
| #define HAVE_DECL_ALARM 1
| #define HAVE_PTHREAD_API 1
| #define SETLOCALE_NULL_ALL_MTSAFE 0
| #define SETLOCALE_NULL_ONE_MTSAFE 1
| #define HAVE_WEAK_SYMBOLS 1
| #define HAVE_USELOCALE 1
| #define HAVE_WORKING_USELOCALE 1
| #define HAVE_GOOD_USELOCALE 1
| #define HAVE_ICONV 1
| #define ICONV_CONST 
| #define HAVE_WINT_T 1
| #define HAVE_LONG_LONG_INT 1
| #define HAVE_UNSIGNED_LONG_LONG_INT 1
| #define DBL_EXPBIT0_WORD 1
| #define DBL_EXPBIT0_BIT 20
| #define FLT_EXPBIT0_WORD 0
| #define FLT_EXPBIT0_BIT 23
| #define LDBL_EXPBIT0_WORD 2
| #define LDBL_EXPBIT0_BIT 0
| #define HAVE_TOWLOWER 1
| #define HAVE_LC_MESSAGES 1
| #define MUSL_LIBC 1
| #define HAVE_WEAK_SYMBOLS 1
| #define USE_POSIX_THREADS 1
| #define USE_POSIX_THREADS_WEAK 1
| #define HAVE_MALLOC_PTRDIFF 1
| #define HAVE_MALLOC_POSIX 1
| #define HAVE_MALLOC_0_NONNULL 1
| #define HAVE_MINMAX_IN_SYS_PARAM_H 1
| #define HAVE_PTHREAD_T 1
| #define HAVE_PTHREAD_SPINLOCK_T 1
| #define INSTALLPREFIX "/home/bloink/Work/unnamedlinuxdistro/fs"
| #define HAVE_DLADDR_IN_LIBC 1
| #define HAVE_SCHED_H 1
| #define HAVE_DECL_ECVT 1
| #define HAVE_DECL_FCVT 1
| #define HAVE_DECL_GCVT 1
| #define HAVE_DECL_STREQ 0
| #define HAVE_DECL_MEMEQ 0
| #define _USE_STD_STAT 1
| #define HAVE_DECL_EXECVPE 1
| #define HAVE_INTTYPES_H_WITH_UINTMAX 1
| #define HAVE_STDINT_H_WITH_UINTMAX 1
| #define HAVE_INTMAX_T 1
| #define HAVE_WCSLEN 1
| #define HAVE_SNPRINTF 1
| #define HAVE_STRNLEN 1
| #define HAVE_WCRTOMB 1
| #define HAVE_DECL__SNPRINTF 0
| #define HAVE_SNPRINTF_RETVAL_C99 1
| #define HAVE_SNPRINTF_TRUNCATION_C99 1
| #define CHECK_PRINTF_SAFE 1
| #define HAVE_DECL_WCSDUP 1
| #define HAVE_SHUTDOWN 1
| #define HAVE_STRUCT_SOCKADDR_STORAGE 1
| #define HAVE_SA_FAMILY_T 1
| #define HAVE_STRUCT_SOCKADDR_STORAGE_SS_FAMILY 1
| #define HAVE_ENVIRON_DECL 1
| #define HAVE_DECL_STRERROR_R 1
| #define HAVE_STRERROR_R 1
| #define HAVE_DECL_GETDTABLESIZE 1
| #define HAVE_IPV4 1
| #define HAVE_IPV6 1
| #define LSTAT_FOLLOWS_SLASHED_SYMLINK 1
| #define PROMOTED_MODE_T mode_t
| #define HAVE_STRERROR_R 1
| #define HAVE_DECL__PUTENV 0
| #define HAVE_SIGSET_T 1
| #define HAVE_DECL_INITSTATE 1
| #define HAVE_DECL_SETSTATE 1
| #define HAVE_DECL_SETENV 1
| #define HAVE_SEARCH_H 1
| #define HAVE_TSEARCH 1
| #define HAVE_DECL_FCLOSEALL 0
| #define HAVE_DECL_GETW 1
| #define HAVE_DECL_PUTW 1
| #define HAVE_DECL_UNSETENV 1
| #define HAVE_ALLOCA 1
| #define HAVE_C_STATIC_ASSERT 1
| #define HAVE_C_BOOL 1
| #define HAVE___BUILTIN_EXPECT 1
| #define GNULIB_TEST_C32ISALNUM 1
| #define GNULIB_TEST_C32ISALPHA 1
| #define GNULIB_TEST_C32ISBLANK 1
| #define GNULIB_TEST_C32ISCNTRL 1
| #define GNULIB_TEST_C32ISDIGIT 1
| #define GNULIB_TEST_C32ISGRAPH 1
| #define GNULIB_TEST_C32ISLOWER 1
| #define GNULIB_TEST_C32ISPRINT 1
| #define GNULIB_TEST_C32ISPUNCT 1
| #define GNULIB_TEST_C32ISSPACE 1
| #define GNULIB_TEST_C32ISUPPER 1
| #define GNULIB_TEST_C32ISXDIGIT 1
| #define GNULIB_TEST_C32TOLOWER 1
| #define GNULIB_TEST_C32WIDTH 1
| #define FLEXIBLE_ARRAY_MEMBER /**/
| #define GNULIB_TEST_FREE_POSIX 1
| #define HAVE_FREXP_IN_LIBC 1
| #define GNULIB_TEST_FREXP 1
| #define HAVE_FREXPL_IN_LIBC 1
| #define GNULIB_TEST_FREXPL 1
| #define HAVE___FSETERR 1
| #define HAVE_NEWLOCALE 1
| #define HAVE_DUPLOCALE 1
| #define HAVE_FREELOCALE 1
| #define GNULIB_TEST_GETLOCALENAME_L_UNSAFE 1
| #define HAVE_NEWLOCALE 1
| #define HAVE_DUPLOCALE 1
| #define HAVE_FREELOCALE 1
| #define HAVE_INLINE 1
| #define HAVE_ISNAND_IN_LIBC 1
| #define HAVE_ISNANF_IN_LIBC 1
| #define HAVE_ISNANL_IN_LIBC 1
| #define HAVE_ISWBLANK 1
| #define HAVE_DECL_ISWBLANK 1
| #define GNULIB_TEST_ISWBLANK 1
| #define GNULIB_TEST_ISWDIGIT 1
| #define GNULIB_TEST_ISWPUNCT 1
| #define GNULIB_TEST_ISWXDIGIT 1
| #define GNULIB_TEST_LOCALECONV 1
| #define GNULIB_LOCALECONV 1
| #define GNULIB_TEST_LOCALENAME_ENVIRON 1
| #define GNULIB_TEST_LOCALENAME_UNSAFE 1
| #define HAVE_PTHREAD_RWLOCK 1
| #define HAVE_PTHREAD_MUTEX_RECURSIVE 1
| #define GNULIB_LOCK 1
| #define GNULIB_TEST_MALLOC_POSIX 1
| #define GNULIB_TEST_MBRTOC32 1
| #define GNULIB_TEST_MBRTOWC 1
| #define GNULIB_TEST_MBSINIT 1
| #define GNULIB_TEST_MBSNLEN 1
| #define GNULIB_TEST_MBSZERO 1
| #define GNULIB_TEST_MEMCHR 1
| #define HAVE_FREXP_IN_LIBC 1
| #define HAVE_LDEXP_IN_LIBC 1
| #define HAVE_FREXPL_IN_LIBC 1
| #define HAVE_LDEXPL_IN_LIBC 1
| #define GNULIB_TEST_PTHREAD_ONCE 1
| #define HAVE_VISIBILITY 1
| #define GNULIB_TEST_SETLOCALE_NULL 1
| #define GNULIB_TEST_SIGNBIT_NO_CXX 1
| #define HAVE_STDINT_H 1
| #define GNULIB_TEST_STRINGEQ 1
| #define GNULIB_TEST_STRNCAT 1
| #define GNULIB_TEST_STRNCPY 1
| #define GNULIB_TEST_STRSTR 1
| #define GNULIB_UNIGBRK_U16_GRAPHEME_BREAKS 1
| #define GNULIB_UNIGBRK_U16_GRAPHEME_NEXT 1
| #define GNULIB_UNIGBRK_U16_GRAPHEME_PREV 1
| #define GNULIB_UNIGBRK_U32_GRAPHEME_BREAKS 1
| #define GNULIB_UNIGBRK_U32_GRAPHEME_NEXT 1
| #define GNULIB_UNIGBRK_U32_GRAPHEME_PREV 1
| #define GNULIB_UNIGBRK_U8_GRAPHEME_BREAKS 1
| #define GNULIB_UNIGBRK_U8_GRAPHEME_NEXT 1
| #define GNULIB_UNIGBRK_U8_GRAPHEME_PREV 1
| #define GNULIB_UNIGBRK_UC_GRAPHEME_BREAKS 1
| #define GNULIB_UNIGBRK_ULC_GRAPHEME_BREAKS 1
| #define GNULIB_TEST_UNINORM_U16_NORMALIZE 1
| #define GNULIB_TEST_UNINORM_U32_NORMALIZE 1
| #define GNULIB_TEST_UNINORM_U8_NORMALIZE 1
| #define NEED_PRINTF_DIRECTIVE_B 1
| #define NEED_PRINTF_DIRECTIVE_B 1
| #define NEED_PRINTF_DIRECTIVE_B 1
| #define NEED_PRINTF_DIRECTIVE_B 1
| #define NEED_PRINTF_DIRECTIVE_B 1
| #define NEED_PRINTF_DIRECTIVE_B 1
| #define NEED_PRINTF_DIRECTIVE_B 1
| #define GNULIB_UNISTR_U16_MBTOUC 1
| #define GNULIB_UNISTR_U16_MBTOUC_UNSAFE 1
| #define GNULIB_UNISTR_U16_MBTOUCR 1
| #define GNULIB_UNISTR_U16_UCTOMB 1
| #define GNULIB_UNISTR_U32_MBTOUC 1
| #define GNULIB_UNISTR_U32_MBTOUC_UNSAFE 1
| #define GNULIB_UNISTR_U32_MBTOUCR 1
| #define GNULIB_UNISTR_U32_UCTOMB 1
| #define GNULIB_UNISTR_U8_MBTOUC 1
| #define GNULIB_UNISTR_U8_MBTOUC_UNSAFE 1
| #define GNULIB_UNISTR_U8_MBTOUCR 1
| #define HAVE_STPCPY 1
| #define GNULIB_UNISTR_U8_UCTOMB 1
| #define HAVE_DECL_WCWIDTH 1
| #define GNULIB_TEST_WCWIDTH 1
| #define HAVE_STDINT_H 1
| #define GNULIB_TEST_ACCEPT 1
| #define GNULIB_ACCEPT IN_LIBUNISTRING_GNULIB_TESTS
| #define HAVE_C_ALIGNASOF 1
| #define GNULIB_TEST_BIND 1
| #define GNULIB_BIND IN_LIBUNISTRING_GNULIB_TESTS
| #define GNULIB_TEST_BTOC32 1
| #define GNULIB_TEST_BTOWC 1
| #define GNULIB_TEST_C32RTOMB 1
| #define GNULIB_TEST_C32TOB 1
| #define GNULIB_TEST_CALLOC_GNU 1
| #define GNULIB_TEST_CALLOC_POSIX 1
| #define GNULIB_TEST_CLOEXEC 1
| #define GNULIB_TEST_CLOSE 1
| #define GNULIB_CLOSE IN_LIBUNISTRING_GNULIB_TESTS
| #define GNULIB_TEST_CONNECT 1
| #define GNULIB_CONNECT IN_LIBUNISTRING_GNULIB_TESTS
| #define GNULIB_TEST_DUP2 1
| #define GNULIB_TEST_ENVIRON 1
| #define GNULIB_TEST_FCNTL 1
| #define GNULIB_TEST_FDOPEN 1
| #define GNULIB_TEST_FSTAT 1
| #define GNULIB_FSTAT IN_LIBUNISTRING_GNULIB_TESTS
| #define HAVE_FTRUNCATE 1
| #define GNULIB_TEST_FTRUNCATE 1
| #define GNULIB_TEST_GETCWD 1
| #define GNULIB_TEST_GETDTABLESIZE 1
| #define HAVE_DECL_PROGRAM_INVOCATION_NAME 1
| #define HAVE_DECL_PROGRAM_INVOCATION_NAME 1
| #define HAVE_DECL_PROGRAM_INVOCATION_SHORT_NAME 1
| #define HAVE_DECL___ARGV 0
| #define GNULIB_TEST_GETPROGNAME 1
| #define GETTIMEOFDAY_TIMEZONE void
| #define GNULIB_TEST_GETTIMEOFDAY 1
| #define GNULIB_LOCALEDIR "/home/bloink/Work/unnamedlinuxdistro/fs/share/locale"
| #define HAVE_DUPLOCALE 1
| #define HAVE_DECL_INET_PTON 1
| #define HAVE_IOCTL 1
| #define GNULIB_TEST_IOCTL 1
| #define GNULIB_IOCTL IN_LIBUNISTRING_GNULIB_TESTS
| #define GNULIB_ISBLANK IN_LIBUNISTRING_GNULIB_TESTS
| #define HAVE___INLINE 1
| #define GNULIB_TEST_LISTEN 1
| #define GNULIB_LISTEN IN_LIBUNISTRING_GNULIB_TESTS
| #define HAVE_NEWLOCALE 1
| #define HAVE_NEWLOCALE 1
| #define GNULIB_TEST_LSTAT 1
| #define GNULIB_LSTAT IN_LIBUNISTRING_GNULIB_TESTS
| #define GNULIB_TEST_MALLOC_GNU 1
| #define HAVE_MBTOWC 1
| #define GNULIB_TEST_MBTOWC 1
| #define HAVE_MKFIFO 1
| #define GNULIB_TEST_MKFIFO 1
| #define GNULIB_MSVC_NOTHROW IN_LIBUNISTRING_GNULIB_TESTS
| #define HAVE_BUG_BIG_NANOSLEEP 1
| #define GNULIB_TEST_NANOSLEEP 1
| #define GNULIB_TEST_OPEN 1
| #define GNULIB_TEST_PERROR 1
| #define GNULIB_TEST_PIPE 1
| #define GNULIB_TEST_PSELECT 1
| #define GNULIB_TEST_PTHREAD_COND 1
| #define GNULIB_TEST_PTHREAD_MUTEX 1
| #define GNULIB_TEST_PTHREAD_RWLOCK 1
| #define GNULIB_TEST_PTHREAD_THREAD 1
| #define GNULIB_TEST_PTHREAD_MUTEX_TIMEDLOCK 1
| #define GNULIB_TEST_PTHREAD_SIGMASK 1
| #define GNULIB_TEST_PUTENV 1
| #define HAVE_RAISE 1
| #define GNULIB_TEST_RAISE 1
| #define HAVE_INITSTATE 1
| #define HAVE_SETSTATE 1
| #define GNULIB_TEST_RANDOM 1
| /* end confdefs.h.  */
| #include <stdlib.h>
|       #if HAVE_RANDOM_H
|       # include <random.h>
|       #endif
| 
| 
| int
| main (void)
| {
| if (sizeof (struct random_data))
| 	 return 0;
|   ;
|   return 0;
| }
configure:80356: result: no
configure:80379: checking for random_r
configure:80379: gcc -o conftest -g -O2   conftest.c  >&5
/usr/lib/gcc/x86_64-alpine-linux-musl/15.2.0/../../../../x86_64-alpine-linux-musl/bin/ld: /tmp/ccCFfNoc.o: in function `main':
/home/bloink/Work/unnamedlinuxdistro/libunistring/conftest.c:387:(.text.startup+0x5): undefined reference to `random_r'
collect2: error: ld returned 1 exit status
configure:80379: $? = 1
configure: failed program was:
| /* confdefs.h */
| #define PACKAGE_NAME "libunistring"
| #define PACKAGE_TARNAME "libunistring"
| #define PACKAGE_VERSION "dummy"
| #define PACKAGE_STRING "libunistring dummy"
| #define PACKAGE_BUGREPORT ""
| #define PACKAGE_URL ""
| #undef PACKAGE_VERSION
| #define PACKAGE_VERSION "1.4.2"
| #undef PACKAGE_STRING
| #define PACKAGE_STRING "libunistring 1.4.2"
| #define PACKAGE "libunistring"
| #define VERSION "1.4.2"
| #define HAVE_STDIO_H 1
| #define HAVE_STDLIB_H 1
| #define HAVE_STRING_H 1
| #define HAVE_INTTYPES_H 1
| #define HAVE_STDINT_H 1
| #define HAVE_STRINGS_H 1
| #define HAVE_SYS_STAT_H 1
| #define HAVE_SYS_TYPES_H 1
| #define HAVE_UNISTD_H 1
| #define HAVE_WCHAR_H 1
| #define HAVE_STDBOOL_H 1
| #define HAVE_UCHAR_H 1
| #define HAVE_THREADS_H 1
| #define HAVE_LANGINFO_H 1
| #define HAVE_ICONV_H 1
| #define HAVE_LIMITS_H 1
| #define HAVE_WCTYPE_H 1
| #define HAVE_MATH_H 1
| #define HAVE_SYS_MMAN_H 1
| #define HAVE_PTHREAD_H 1
| #define HAVE_STDCKDINT_H 1
| #define HAVE_SYS_TIME_H 1
| #define HAVE_FEATURES_H 1
| #define HAVE_SYS_SOCKET_H 1
| #define HAVE_ARPA_INET_H 1
| #define HAVE_NETDB_H 1
| #define HAVE_NETINET_IN_H 1
| #define HAVE_SEMAPHORE_H 1
| #define HAVE_SYS_PARAM_H 1
| #define HAVE_SYS_SELECT_H 1
| #define HAVE_SYS_WAIT_H 1
| #define HAVE_SYS_IOCTL_H 1
| #define HAVE_SYS_UN_H 1
| #define HAVE_SYS_UIO_H 1
| #define STDC_HEADERS 1
| #define _ALL_SOURCE 1
| #define _DARWIN_C_SOURCE 1
| #define _GNU_SOURCE 1
| #define _HPUX_ALT_XOPEN_SOCKET_API 1
| #define _NETBSD_SOURCE 1
| #define _OPENBSD_SOURCE 1
| #define _POSIX_PTHREAD_SEMANTICS 1
| #define __STDC_WANT_IEC_60559_ATTRIBS_EXT__ 1
| #define __STDC_WANT_IEC_60559_BFP_EXT__ 1
| #define __STDC_WANT_IEC_60559_DFP_EXT__ 1
| #define __STDC_WANT_IEC_60559_EXT__ 1
| #define __STDC_WANT_IEC_60559_FUNCS_EXT__ 1
| #define __STDC_WANT_IEC_60559_TYPES_EXT__ 1
| #define __STDC_WANT_LIB_EXT2__ 1
| #define __STDC_WANT_MATH_SPEC_FUNCS__ 1
| #define _TANDEM_SOURCE 1
| #define __EXTENSIONS__ 1
| #define _LINUX_SOURCE_COMPAT 1
| #define __USE_MINGW_ANSI_STDIO 1
| #define HAVE_DLFCN_H 1
| #define LT_OBJDIR ".libs/"
| #define HAVE_ALLOCA_H 1
| #define HAVE_ALLOCA 1
| #define restrict __restrict__
| #define BITSIZEOF_WCHAR_T 32
| #define HAVE_MBSTATE_T 1
| #define HAVE_MBSINIT 1
| #define HAVE_MBRTOWC 1
| #define HAVE_SYMLINK 1
| #define HAVE_ISWCNTRL 1
| #define HAVE_MPROTECT 1
| #define HAVE_SNPRINTF 1
| #define HAVE_STRDUP 1
| #define HAVE_WCWIDTH 1
| #define HAVE_BTOWC 1
| #define HAVE_FCNTL 1
| #define HAVE_GETDTABLESIZE 1
| #define HAVE_GETTIMEOFDAY 1
| #define HAVE_ISBLANK 1
| #define HAVE_LSTAT 1
| #define HAVE___XPG_STRERROR_R 1
| #define HAVE_PIPE 1
| #define HAVE_PSELECT 1
| #define HAVE_PTHREAD_SIGMASK 1
| #define HAVE_SETENV 1
| #define HAVE_SLEEP 1
| #define HAVE_SHUTDOWN 1
| #define HAVE_USLEEP 1
| #define HAVE_WCRTOMB 1
| #define HAVE_WCTOB 1
| #define HAVE_LANGINFO_CODESET 1
| #define HAVE_WORKING_MBRTOC32 1
| #define HAVE_WORKING_C32RTOMB 1
| #define HAVE_WORKING_O_DIRECTORY 1
| #define HAVE_WORKING_O_NOATIME 1
| #define HAVE_WORKING_O_NOFOLLOW 1
| #define HAVE_DECL_ALARM 1
| #define HAVE_PTHREAD_API 1
| #define SETLOCALE_NULL_ALL_MTSAFE 0
| #define SETLOCALE_NULL_ONE_MTSAFE 1
| #define HAVE_WEAK_SYMBOLS 1
| #define HAVE_USELOCALE 1
| #define HAVE_WORKING_USELOCALE 1
| #define HAVE_GOOD_USELOCALE 1
| #define HAVE_ICONV 1
| #define ICONV_CONST 
| #define HAVE_WINT_T 1
| #define HAVE_LONG_LONG_INT 1
| #define HAVE_UNSIGNED_LONG_LONG_INT 1
| #define DBL_EXPBIT0_WORD 1
| #define DBL_EXPBIT0_BIT 20
| #define FLT_EXPBIT0_WORD 0
| #define FLT_EXPBIT0_BIT 23
| #define LDBL_EXPBIT0_WORD 2
| #define LDBL_EXPBIT0_BIT 0
| #define HAVE_TOWLOWER 1
| #define HAVE_LC_MESSAGES 1
| #define MUSL_LIBC 1
| #define HAVE_WEAK_SYMBOLS 1
| #define USE_POSIX_THREADS 1
| #define USE_POSIX_THREADS_WEAK 1
| #define HAVE_MALLOC_PTRDIFF 1
| #define HAVE_MALLOC_POSIX 1
| #define HAVE_MALLOC_0_NONNULL 1
| #define HAVE_MINMAX_IN_SYS_PARAM_H 1
| #define HAVE_PTHREAD_T 1
| #define HAVE_PTHREAD_SPINLOCK_T 1
| #define INSTALLPREFIX "/home/bloink/Work/unnamedlinuxdistro/fs"
| #define HAVE_DLADDR_IN_LIBC 1
| #define HAVE_SCHED_H 1
| #define HAVE_DECL_ECVT 1
| #define HAVE_DECL_FCVT 1
| #define HAVE_DECL_GCVT 1
| #define HAVE_DECL_STREQ 0
| #define HAVE_DECL_MEMEQ 0
| #define _USE_STD_STAT 1
| #define HAVE_DECL_EXECVPE 1
| #define HAVE_INTTYPES_H_WITH_UINTMAX 1
| #define HAVE_STDINT_H_WITH_UINTMAX 1
| #define HAVE_INTMAX_T 1
| #define HAVE_WCSLEN 1
| #define HAVE_SNPRINTF 1
| #define HAVE_STRNLEN 1
| #define HAVE_WCRTOMB 1
| #define HAVE_DECL__SNPRINTF 0
| #define HAVE_SNPRINTF_RETVAL_C99 1
| #define HAVE_SNPRINTF_TRUNCATION_C99 1
| #define CHECK_PRINTF_SAFE 1
| #define HAVE_DECL_WCSDUP 1
| #define HAVE_SHUTDOWN 1
| #define HAVE_STRUCT_SOCKADDR_STORAGE 1
| #define HAVE_SA_FAMILY_T 1
| #define HAVE_STRUCT_SOCKADDR_STORAGE_SS_FAMILY 1
| #define HAVE_ENVIRON_DECL 1
| #define HAVE_DECL_STRERROR_R 1
| #define HAVE_STRERROR_R 1
| #define HAVE_DECL_GETDTABLESIZE 1
| #define HAVE_IPV4 1
| #define HAVE_IPV6 1
| #define LSTAT_FOLLOWS_SLASHED_SYMLINK 1
| #define PROMOTED_MODE_T mode_t
| #define HAVE_STRERROR_R 1
| #define HAVE_DECL__PUTENV 0
| #define HAVE_SIGSET_T 1
| #define HAVE_DECL_INITSTATE 1
| #define HAVE_DECL_SETSTATE 1
| #define HAVE_DECL_SETENV 1
| #define HAVE_SEARCH_H 1
| #define HAVE_TSEARCH 1
| #define HAVE_DECL_FCLOSEALL 0
| #define HAVE_DECL_GETW 1
| #define HAVE_DECL_PUTW 1
| #define HAVE_DECL_UNSETENV 1
| #define HAVE_ALLOCA 1
| #define HAVE_C_STATIC_ASSERT 1
| #define HAVE_C_BOOL 1
| #define HAVE___BUILTIN_EXPECT 1
| #define GNULIB_TEST_C32ISALNUM 1
| #define GNULIB_TEST_C32ISALPHA 1
| #define GNULIB_TEST_C32ISBLANK 1
| #define GNULIB_TEST_C32ISCNTRL 1
| #define GNULIB_TEST_C32ISDIGIT 1
| #define GNULIB_TEST_C32ISGRAPH 1
| #define GNULIB_TEST_C32ISLOWER 1
| #define GNULIB_TEST_C32ISPRINT 1
| #define GNULIB_TEST_C32ISPUNCT 1
| #define GNULIB_TEST_C32ISSPACE 1
| #define GNULIB_TEST_C32ISUPPER 1
| #define GNULIB_TEST_C32ISXDIGIT 1
| #define GNULIB_TEST_C32TOLOWER 1
| #define GNULIB_TEST_C32WIDTH 1
| #define FLEXIBLE_ARRAY_MEMBER /**/
| #define GNULIB_TEST_FREE_POSIX 1
| #define HAVE_FREXP_IN_LIBC 1
| #define GNULIB_TEST_FREXP 1
| #define HAVE_FREXPL_IN_LIBC 1
| #define GNULIB_TEST_FREXPL 1
| #define HAVE___FSETERR 1
| #define HAVE_NEWLOCALE 1
| #define HAVE_DUPLOCALE 1
| #define HAVE_FREELOCALE 1
| #define GNULIB_TEST_GETLOCALENAME_L_UNSAFE 1
| #define HAVE_NEWLOCALE 1
| #define HAVE_DUPLOCALE 1
| #define HAVE_FREELOCALE 1
| #define HAVE_INLINE 1
| #define HAVE_ISNAND_IN_LIBC 1
| #define HAVE_ISNANF_IN_LIBC 1
| #define HAVE_ISNANL_IN_LIBC 1
| #define HAVE_ISWBLANK 1
| #define HAVE_DECL_ISWBLANK 1
| #define GNULIB_TEST_ISWBLANK 1
| #define GNULIB_TEST_ISWDIGIT 1
| #define GNULIB_TEST_ISWPUNCT 1
| #define GNULIB_TEST_ISWXDIGIT 1
| #define GNULIB_TEST_LOCALECONV 1
| #define GNULIB_LOCALECONV 1
| #define GNULIB_TEST_LOCALENAME_ENVIRON 1
| #define GNULIB_TEST_LOCALENAME_UNSAFE 1
| #define HAVE_PTHREAD_RWLOCK 1
| #define HAVE_PTHREAD_MUTEX_RECURSIVE 1
| #define GNULIB_LOCK 1
| #define GNULIB_TEST_MALLOC_POSIX 1
| #define GNULIB_TEST_MBRTOC32 1
| #define GNULIB_TEST_MBRTOWC 1
| #define GNULIB_TEST_MBSINIT 1
| #define GNULIB_TEST_MBSNLEN 1
| #define GNULIB_TEST_MBSZERO 1
| #define GNULIB_TEST_MEMCHR 1
| #define HAVE_FREXP_IN_LIBC 1
| #define HAVE_LDEXP_IN_LIBC 1
| #define HAVE_FREXPL_IN_LIBC 1
| #define HAVE_LDEXPL_IN_LIBC 1
| #define GNULIB_TEST_PTHREAD_ONCE 1
| #define HAVE_VISIBILITY 1
| #define GNULIB_TEST_SETLOCALE_NULL 1
| #define GNULIB_TEST_SIGNBIT_NO_CXX 1
| #define HAVE_STDINT_H 1
| #define GNULIB_TEST_STRINGEQ 1
| #define GNULIB_TEST_STRNCAT 1
| #define GNULIB_TEST_STRNCPY 1
| #define GNULIB_TEST_STRSTR 1
| #define GNULIB_UNIGBRK_U16_GRAPHEME_BREAKS 1
| #define GNULIB_UNIGBRK_U16_GRAPHEME_NEXT 1
| #define GNULIB_UNIGBRK_U16_GRAPHEME_PREV 1
| #define GNULIB_UNIGBRK_U32_GRAPHEME_BREAKS 1
| #define GNULIB_UNIGBRK_U32_GRAPHEME_NEXT 1
| #define GNULIB_UNIGBRK_U32_GRAPHEME_PREV 1
| #define GNULIB_UNIGBRK_U8_GRAPHEME_BREAKS 1
| #define GNULIB_UNIGBRK_U8_GRAPHEME_NEXT 1
| #define GNULIB_UNIGBRK_U8_GRAPHEME_PREV 1
| #define GNULIB_UNIGBRK_UC_GRAPHEME_BREAKS 1
| #define GNULIB_UNIGBRK_ULC_GRAPHEME_BREAKS 1
| #define GNULIB_TEST_UNINORM_U16_NORMALIZE 1
| #define GNULIB_TEST_UNINORM_U32_NORMALIZE 1
| #define GNULIB_TEST_UNINORM_U8_NORMALIZE 1
| #define NEED_PRINTF_DIRECTIVE_B 1
| #define NEED_PRINTF_DIRECTIVE_B 1
| #define NEED_PRINTF_DIRECTIVE_B 1
| #define NEED_PRINTF_DIRECTIVE_B 1
| #define NEED_PRINTF_DIRECTIVE_B 1
| #define NEED_PRINTF_DIRECTIVE_B 1
| #define NEED_PRINTF_DIRECTIVE_B 1
| #define GNULIB_UNISTR_U16_MBTOUC 1
| #define GNULIB_UNISTR_U16_MBTOUC_UNSAFE 1
| #define GNULIB_UNISTR_U16_MBTOUCR 1
| #define GNULIB_UNISTR_U16_UCTOMB 1
| #define GNULIB_UNISTR_U32_MBTOUC 1
| #define GNULIB_UNISTR_U32_MBTOUC_UNSAFE 1
| #define GNULIB_UNISTR_U32_MBTOUCR 1
| #define GNULIB_UNISTR_U32_UCTOMB 1
| #define GNULIB_UNISTR_U8_MBTOUC 1
| #define GNULIB_UNISTR_U8_MBTOUC_UNSAFE 1
| #define GNULIB_UNISTR_U8_MBTOUCR 1
| #define HAVE_STPCPY 1
| #define GNULIB_UNISTR_U8_UCTOMB 1
| #define HAVE_DECL_WCWIDTH 1
| #define GNULIB_TEST_WCWIDTH 1
| #define HAVE_STDINT_H 1
| #define GNULIB_TEST_ACCEPT 1
| #define GNULIB_ACCEPT IN_LIBUNISTRING_GNULIB_TESTS
| #define HAVE_C_ALIGNASOF 1
| #define GNULIB_TEST_BIND 1
| #define GNULIB_BIND IN_LIBUNISTRING_GNULIB_TESTS
| #define GNULIB_TEST_BTOC32 1
| #define GNULIB_TEST_BTOWC 1
| #define GNULIB_TEST_C32RTOMB 1
| #define GNULIB_TEST_C32TOB 1
| #define GNULIB_TEST_CALLOC_GNU 1
| #define GNULIB_TEST_CALLOC_POSIX 1
| #define GNULIB_TEST_CLOEXEC 1
| #define GNULIB_TEST_CLOSE 1
| #define GNULIB_CLOSE IN_LIBUNISTRING_GNULIB_TESTS
| #define GNULIB_TEST_CONNECT 1
| #define GNULIB_CONNECT IN_LIBUNISTRING_GNULIB_TESTS
| #define GNULIB_TEST_DUP2 1
| #define GNULIB_TEST_ENVIRON 1
| #define GNULIB_TEST_FCNTL 1
| #define GNULIB_TEST_FDOPEN 1
| #define GNULIB_TEST_FSTAT 1
| #define GNULIB_FSTAT IN_LIBUNISTRING_GNULIB_TESTS
| #define HAVE_FTRUNCATE 1
| #define GNULIB_TEST_FTRUNCATE 1
| #define GNULIB_TEST_GETCWD 1
| #define GNULIB_TEST_GETDTABLESIZE 1
| #define HAVE_DECL_PROGRAM_INVOCATION_NAME 1
| #define HAVE_DECL_PROGRAM_INVOCATION_NAME 1
| #define HAVE_DECL_PROGRAM_INVOCATION_SHORT_NAME 1
| #define HAVE_DECL___ARGV 0
| #define GNULIB_TEST_GETPROGNAME 1
| #define GETTIMEOFDAY_TIMEZONE void
| #define GNULIB_TEST_GETTIMEOFDAY 1
| #define GNULIB_LOCALEDIR "/home/bloink/Work/unnamedlinuxdistro/fs/share/locale"
| #define HAVE_DUPLOCALE 1
| #define HAVE_DECL_INET_PTON 1
| #define HAVE_IOCTL 1
| #define GNULIB_TEST_IOCTL 1
| #define GNULIB_IOCTL IN_LIBUNISTRING_GNULIB_TESTS
| #define GNULIB_ISBLANK IN_LIBUNISTRING_GNULIB_TESTS
| #define HAVE___INLINE 1
| #define GNULIB_TEST_LISTEN 1
| #define GNULIB_LISTEN IN_LIBUNISTRING_GNULIB_TESTS
| #define HAVE_NEWLOCALE 1
| #define HAVE_NEWLOCALE 1
| #define GNULIB_TEST_LSTAT 1
| #define GNULIB_LSTAT IN_LIBUNISTRING_GNULIB_TESTS
| #define GNULIB_TEST_MALLOC_GNU 1
| #define HAVE_MBTOWC 1
| #define GNULIB_TEST_MBTOWC 1
| #define HAVE_MKFIFO 1
| #define GNULIB_TEST_MKFIFO 1
| #define GNULIB_MSVC_NOTHROW IN_LIBUNISTRING_GNULIB_TESTS
| #define HAVE_BUG_BIG_NANOSLEEP 1
| #define GNULIB_TEST_NANOSLEEP 1
| #define GNULIB_TEST_OPEN 1
| #define GNULIB_TEST_PERROR 1
| #define GNULIB_TEST_PIPE 1
| #define GNULIB_TEST_PSELECT 1
| #define GNULIB_TEST_PTHREAD_COND 1
| #define GNULIB_TEST_PTHREAD_MUTEX 1
| #define GNULIB_TEST_PTHREAD_RWLOCK 1
| #define GNULIB_TEST_PTHREAD_THREAD 1
| #define GNULIB_TEST_PTHREAD_MUTEX_TIMEDLOCK 1
| #define GNULIB_TEST_PTHREAD_SIGMASK 1
| #define GNULIB_TEST_PUTENV 1
| #define HAVE_RAISE 1
| #define GNULIB_TEST_RAISE 1
| #define HAVE_INITSTATE 1
| #define HAVE_SETSTATE 1
| #define GNULIB_TEST_RANDOM 1
| /* end confdefs.h.  */
| /* Define random_r to an innocuous variant, in case <limits.h> declares random_r.
|    For example, HP-UX 11i <limits.h> declares gettimeofday.  */
| #define random_r innocuous_random_r
| 
| /* System header to define __stub macros and hopefully few prototypes,
|    which can conflict with char random_r (void); below.  */
| 
| #include <limits.h>
| #undef random_r
| 
| /* Override any GCC internal prototype to avoid an error.
|    Use char because int might match the return type of a GCC
|    builtin and then its argument prototype would still apply.  */
| #ifdef __cplusplus
| extern "C"
| #endif
| char random_r (void);
| /* The GNU C library defines this for functions which it implements
|     to always fail with ENOSYS.  Some functions are actually named
|     something starting with __ and the normal name is an alias.  */
| #if defined __stub_random_r || defined __stub___random_r
| choke me
| #endif
| 
| int
| main (void)
| {
| return random_r ();
|   ;
|   return 0;
| }
configure:80379: result: no
configure:80442: checking whether realloc sets errno on failure
configure:80493: result: yes
configure:80516: checking whether realloc (..., 0) returns nonnull
configure:80554: gcc -o conftest -g -O2   conftest.c  >&5
configure:80554: $? = 0
configure:80554: ./conftest
configure:80554: $? = 0
configure:80568: result: yes
configure:80632: checking for reallocarray
configure:80669: checking for reallocarray
configure:80669: gcc -o conftest -g -O2   conftest.c  >&5
configure:80669: $? = 0
configure:80669: result: yes
configure:80685: result: yes
configure:80772: checking whether sched_yield is declared
configure:80772: gcc -c -g -O2   conftest.c >&5
configure:80772: $? = 0
configure:80772: result: yes
configure:80830: checking whether select supports a 0 argument
configure:80864: gcc -o conftest -g -O2   conftest.c  >&5
configure:80864: $? = 0
configure:80864: ./conftest
configure:80864: $? = 0
configure:80879: result: yes
configure:80886: checking whether select detects invalid fds
configure:80940: gcc -o conftest -g -O2   conftest.c  >&5
configure:80940: $? = 0
configure:80940: ./conftest
configure:80940: $? = 0
configure:80955: result: yes
configure:81045: checking whether setenv validates arguments
configure:81093: gcc -o conftest -g -O2   conftest.c  >&5
configure:81093: $? = 0
configure:81093: ./conftest
configure:81093: $? = 0
configure:81107: result: yes
configure:81304: checking for sigprocmask
configure:81304: result: yes
configure:81358: checking whether sleep is declared
configure:81358: gcc -c -g -O2   conftest.c >&5
configure:81358: $? = 0
configure:81358: result: yes
configure:81373: checking for working sleep
configure:81429: gcc -o conftest -g -O2   conftest.c  >&5
configure:81429: $? = 0
configure:81429: ./conftest
configure:81429: $? = 0
configure:81443: result: yes
configure:81559: checking for socklen_t
configure:81559: gcc -c -g -O2  conftest.c >&5
configure:81559: $? = 0
configure:81559: gcc -c -g -O2  conftest.c >&5
conftest.c: In function 'main':
conftest.c:396:24: error: expected expression before ')' token
  396 | if (sizeof ((socklen_t)))
      |                        ^
configure:81559: $? = 1
configure: failed program was:
| /* confdefs.h */
| #define PACKAGE_NAME "libunistring"
| #define PACKAGE_TARNAME "libunistring"
| #define PACKAGE_VERSION "dummy"
| #define PACKAGE_STRING "libunistring dummy"
| #define PACKAGE_BUGREPORT ""
| #define PACKAGE_URL ""
| #undef PACKAGE_VERSION
| #define PACKAGE_VERSION "1.4.2"
| #undef PACKAGE_STRING
| #define PACKAGE_STRING "libunistring 1.4.2"
| #define PACKAGE "libunistring"
| #define VERSION "1.4.2"
| #define HAVE_STDIO_H 1
| #define HAVE_STDLIB_H 1
| #define HAVE_STRING_H 1
| #define HAVE_INTTYPES_H 1
| #define HAVE_STDINT_H 1
| #define HAVE_STRINGS_H 1
| #define HAVE_SYS_STAT_H 1
| #define HAVE_SYS_TYPES_H 1
| #define HAVE_UNISTD_H 1
| #define HAVE_WCHAR_H 1
| #define HAVE_STDBOOL_H 1
| #define HAVE_UCHAR_H 1
| #define HAVE_THREADS_H 1
| #define HAVE_LANGINFO_H 1
| #define HAVE_ICONV_H 1
| #define HAVE_LIMITS_H 1
| #define HAVE_WCTYPE_H 1
| #define HAVE_MATH_H 1
| #define HAVE_SYS_MMAN_H 1
| #define HAVE_PTHREAD_H 1
| #define HAVE_STDCKDINT_H 1
| #define HAVE_SYS_TIME_H 1
| #define HAVE_FEATURES_H 1
| #define HAVE_SYS_SOCKET_H 1
| #define HAVE_ARPA_INET_H 1
| #define HAVE_NETDB_H 1
| #define HAVE_NETINET_IN_H 1
| #define HAVE_SEMAPHORE_H 1
| #define HAVE_SYS_PARAM_H 1
| #define HAVE_SYS_SELECT_H 1
| #define HAVE_SYS_WAIT_H 1
| #define HAVE_SYS_IOCTL_H 1
| #define HAVE_SYS_UN_H 1
| #define HAVE_SYS_UIO_H 1
| #define STDC_HEADERS 1
| #define _ALL_SOURCE 1
| #define _DARWIN_C_SOURCE 1
| #define _GNU_SOURCE 1
| #define _HPUX_ALT_XOPEN_SOCKET_API 1
| #define _NETBSD_SOURCE 1
| #define _OPENBSD_SOURCE 1
| #define _POSIX_PTHREAD_SEMANTICS 1
| #define __STDC_WANT_IEC_60559_ATTRIBS_EXT__ 1
| #define __STDC_WANT_IEC_60559_BFP_EXT__ 1
| #define __STDC_WANT_IEC_60559_DFP_EXT__ 1
| #define __STDC_WANT_IEC_60559_EXT__ 1
| #define __STDC_WANT_IEC_60559_FUNCS_EXT__ 1
| #define __STDC_WANT_IEC_60559_TYPES_EXT__ 1
| #define __STDC_WANT_LIB_EXT2__ 1
| #define __STDC_WANT_MATH_SPEC_FUNCS__ 1
| #define _TANDEM_SOURCE 1
| #define __EXTENSIONS__ 1
| #define _LINUX_SOURCE_COMPAT 1
| #define __USE_MINGW_ANSI_STDIO 1
| #define HAVE_DLFCN_H 1
| #define LT_OBJDIR ".libs/"
| #define HAVE_ALLOCA_H 1
| #define HAVE_ALLOCA 1
| #define restrict __restrict__
| #define BITSIZEOF_WCHAR_T 32
| #define HAVE_MBSTATE_T 1
| #define HAVE_MBSINIT 1
| #define HAVE_MBRTOWC 1
| #define HAVE_SYMLINK 1
| #define HAVE_ISWCNTRL 1
| #define HAVE_MPROTECT 1
| #define HAVE_SNPRINTF 1
| #define HAVE_STRDUP 1
| #define HAVE_WCWIDTH 1
| #define HAVE_BTOWC 1
| #define HAVE_FCNTL 1
| #define HAVE_GETDTABLESIZE 1
| #define HAVE_GETTIMEOFDAY 1
| #define HAVE_ISBLANK 1
| #define HAVE_LSTAT 1
| #define HAVE___XPG_STRERROR_R 1
| #define HAVE_PIPE 1
| #define HAVE_PSELECT 1
| #define HAVE_PTHREAD_SIGMASK 1
| #define HAVE_SETENV 1
| #define HAVE_SLEEP 1
| #define HAVE_SHUTDOWN 1
| #define HAVE_USLEEP 1
| #define HAVE_WCRTOMB 1
| #define HAVE_WCTOB 1
| #define HAVE_LANGINFO_CODESET 1
| #define HAVE_WORKING_MBRTOC32 1
| #define HAVE_WORKING_C32RTOMB 1
| #define HAVE_WORKING_O_DIRECTORY 1
| #define HAVE_WORKING_O_NOATIME 1
| #define HAVE_WORKING_O_NOFOLLOW 1
| #define HAVE_DECL_ALARM 1
| #define HAVE_PTHREAD_API 1
| #define SETLOCALE_NULL_ALL_MTSAFE 0
| #define SETLOCALE_NULL_ONE_MTSAFE 1
| #define HAVE_WEAK_SYMBOLS 1
| #define HAVE_USELOCALE 1
| #define HAVE_WORKING_USELOCALE 1
| #define HAVE_GOOD_USELOCALE 1
| #define HAVE_ICONV 1
| #define ICONV_CONST 
| #define HAVE_WINT_T 1
| #define HAVE_LONG_LONG_INT 1
| #define HAVE_UNSIGNED_LONG_LONG_INT 1
| #define DBL_EXPBIT0_WORD 1
| #define DBL_EXPBIT0_BIT 20
| #define FLT_EXPBIT0_WORD 0
| #define FLT_EXPBIT0_BIT 23
| #define LDBL_EXPBIT0_WORD 2
| #define LDBL_EXPBIT0_BIT 0
| #define HAVE_TOWLOWER 1
| #define HAVE_LC_MESSAGES 1
| #define MUSL_LIBC 1
| #define HAVE_WEAK_SYMBOLS 1
| #define USE_POSIX_THREADS 1
| #define USE_POSIX_THREADS_WEAK 1
| #define HAVE_MALLOC_PTRDIFF 1
| #define HAVE_MALLOC_POSIX 1
| #define HAVE_MALLOC_0_NONNULL 1
| #define HAVE_MINMAX_IN_SYS_PARAM_H 1
| #define HAVE_PTHREAD_T 1
| #define HAVE_PTHREAD_SPINLOCK_T 1
| #define INSTALLPREFIX "/home/bloink/Work/unnamedlinuxdistro/fs"
| #define HAVE_DLADDR_IN_LIBC 1
| #define HAVE_SCHED_H 1
| #define HAVE_DECL_ECVT 1
| #define HAVE_DECL_FCVT 1
| #define HAVE_DECL_GCVT 1
| #define HAVE_DECL_STREQ 0
| #define HAVE_DECL_MEMEQ 0
| #define _USE_STD_STAT 1
| #define HAVE_DECL_EXECVPE 1
| #define HAVE_INTTYPES_H_WITH_UINTMAX 1
| #define HAVE_STDINT_H_WITH_UINTMAX 1
| #define HAVE_INTMAX_T 1
| #define HAVE_WCSLEN 1
| #define HAVE_SNPRINTF 1
| #define HAVE_STRNLEN 1
| #define HAVE_WCRTOMB 1
| #define HAVE_DECL__SNPRINTF 0
| #define HAVE_SNPRINTF_RETVAL_C99 1
| #define HAVE_SNPRINTF_TRUNCATION_C99 1
| #define CHECK_PRINTF_SAFE 1
| #define HAVE_DECL_WCSDUP 1
| #define HAVE_SHUTDOWN 1
| #define HAVE_STRUCT_SOCKADDR_STORAGE 1
| #define HAVE_SA_FAMILY_T 1
| #define HAVE_STRUCT_SOCKADDR_STORAGE_SS_FAMILY 1
| #define HAVE_ENVIRON_DECL 1
| #define HAVE_DECL_STRERROR_R 1
| #define HAVE_STRERROR_R 1
| #define HAVE_DECL_GETDTABLESIZE 1
| #define HAVE_IPV4 1
| #define HAVE_IPV6 1
| #define LSTAT_FOLLOWS_SLASHED_SYMLINK 1
| #define PROMOTED_MODE_T mode_t
| #define HAVE_STRERROR_R 1
| #define HAVE_DECL__PUTENV 0
| #define HAVE_SIGSET_T 1
| #define HAVE_DECL_INITSTATE 1
| #define HAVE_DECL_SETSTATE 1
| #define HAVE_DECL_SETENV 1
| #define HAVE_SEARCH_H 1
| #define HAVE_TSEARCH 1
| #define HAVE_DECL_FCLOSEALL 0
| #define HAVE_DECL_GETW 1
| #define HAVE_DECL_PUTW 1
| #define HAVE_DECL_UNSETENV 1
| #define HAVE_ALLOCA 1
| #define HAVE_C_STATIC_ASSERT 1
| #define HAVE_C_BOOL 1
| #define HAVE___BUILTIN_EXPECT 1
| #define GNULIB_TEST_C32ISALNUM 1
| #define GNULIB_TEST_C32ISALPHA 1
| #define GNULIB_TEST_C32ISBLANK 1
| #define GNULIB_TEST_C32ISCNTRL 1
| #define GNULIB_TEST_C32ISDIGIT 1
| #define GNULIB_TEST_C32ISGRAPH 1
| #define GNULIB_TEST_C32ISLOWER 1
| #define GNULIB_TEST_C32ISPRINT 1
| #define GNULIB_TEST_C32ISPUNCT 1
| #define GNULIB_TEST_C32ISSPACE 1
| #define GNULIB_TEST_C32ISUPPER 1
| #define GNULIB_TEST_C32ISXDIGIT 1
| #define GNULIB_TEST_C32TOLOWER 1
| #define GNULIB_TEST_C32WIDTH 1
| #define FLEXIBLE_ARRAY_MEMBER /**/
| #define GNULIB_TEST_FREE_POSIX 1
| #define HAVE_FREXP_IN_LIBC 1
| #define GNULIB_TEST_FREXP 1
| #define HAVE_FREXPL_IN_LIBC 1
| #define GNULIB_TEST_FREXPL 1
| #define HAVE___FSETERR 1
| #define HAVE_NEWLOCALE 1
| #define HAVE_DUPLOCALE 1
| #define HAVE_FREELOCALE 1
| #define GNULIB_TEST_GETLOCALENAME_L_UNSAFE 1
| #define HAVE_NEWLOCALE 1
| #define HAVE_DUPLOCALE 1
| #define HAVE_FREELOCALE 1
| #define HAVE_INLINE 1
| #define HAVE_ISNAND_IN_LIBC 1
| #define HAVE_ISNANF_IN_LIBC 1
| #define HAVE_ISNANL_IN_LIBC 1
| #define HAVE_ISWBLANK 1
| #define HAVE_DECL_ISWBLANK 1
| #define GNULIB_TEST_ISWBLANK 1
| #define GNULIB_TEST_ISWDIGIT 1
| #define GNULIB_TEST_ISWPUNCT 1
| #define GNULIB_TEST_ISWXDIGIT 1
| #define GNULIB_TEST_LOCALECONV 1
| #define GNULIB_LOCALECONV 1
| #define GNULIB_TEST_LOCALENAME_ENVIRON 1
| #define GNULIB_TEST_LOCALENAME_UNSAFE 1
| #define HAVE_PTHREAD_RWLOCK 1
| #define HAVE_PTHREAD_MUTEX_RECURSIVE 1
| #define GNULIB_LOCK 1
| #define GNULIB_TEST_MALLOC_POSIX 1
| #define GNULIB_TEST_MBRTOC32 1
| #define GNULIB_TEST_MBRTOWC 1
| #define GNULIB_TEST_MBSINIT 1
| #define GNULIB_TEST_MBSNLEN 1
| #define GNULIB_TEST_MBSZERO 1
| #define GNULIB_TEST_MEMCHR 1
| #define HAVE_FREXP_IN_LIBC 1
| #define HAVE_LDEXP_IN_LIBC 1
| #define HAVE_FREXPL_IN_LIBC 1
| #define HAVE_LDEXPL_IN_LIBC 1
| #define GNULIB_TEST_PTHREAD_ONCE 1
| #define HAVE_VISIBILITY 1
| #define GNULIB_TEST_SETLOCALE_NULL 1
| #define GNULIB_TEST_SIGNBIT_NO_CXX 1
| #define HAVE_STDINT_H 1
| #define GNULIB_TEST_STRINGEQ 1
| #define GNULIB_TEST_STRNCAT 1
| #define GNULIB_TEST_STRNCPY 1
| #define GNULIB_TEST_STRSTR 1
| #define GNULIB_UNIGBRK_U16_GRAPHEME_BREAKS 1
| #define GNULIB_UNIGBRK_U16_GRAPHEME_NEXT 1
| #define GNULIB_UNIGBRK_U16_GRAPHEME_PREV 1
| #define GNULIB_UNIGBRK_U32_GRAPHEME_BREAKS 1
| #define GNULIB_UNIGBRK_U32_GRAPHEME_NEXT 1
| #define GNULIB_UNIGBRK_U32_GRAPHEME_PREV 1
| #define GNULIB_UNIGBRK_U8_GRAPHEME_BREAKS 1
| #define GNULIB_UNIGBRK_U8_GRAPHEME_NEXT 1
| #define GNULIB_UNIGBRK_U8_GRAPHEME_PREV 1
| #define GNULIB_UNIGBRK_UC_GRAPHEME_BREAKS 1
| #define GNULIB_UNIGBRK_ULC_GRAPHEME_BREAKS 1
| #define GNULIB_TEST_UNINORM_U16_NORMALIZE 1
| #define GNULIB_TEST_UNINORM_U32_NORMALIZE 1
| #define GNULIB_TEST_UNINORM_U8_NORMALIZE 1
| #define NEED_PRINTF_DIRECTIVE_B 1
| #define NEED_PRINTF_DIRECTIVE_B 1
| #define NEED_PRINTF_DIRECTIVE_B 1
| #define NEED_PRINTF_DIRECTIVE_B 1
| #define NEED_PRINTF_DIRECTIVE_B 1
| #define NEED_PRINTF_DIRECTIVE_B 1
| #define NEED_PRINTF_DIRECTIVE_B 1
| #define GNULIB_UNISTR_U16_MBTOUC 1
| #define GNULIB_UNISTR_U16_MBTOUC_UNSAFE 1
| #define GNULIB_UNISTR_U16_MBTOUCR 1
| #define GNULIB_UNISTR_U16_UCTOMB 1
| #define GNULIB_UNISTR_U32_MBTOUC 1
| #define GNULIB_UNISTR_U32_MBTOUC_UNSAFE 1
| #define GNULIB_UNISTR_U32_MBTOUCR 1
| #define GNULIB_UNISTR_U32_UCTOMB 1
| #define GNULIB_UNISTR_U8_MBTOUC 1
| #define GNULIB_UNISTR_U8_MBTOUC_UNSAFE 1
| #define GNULIB_UNISTR_U8_MBTOUCR 1
| #define HAVE_STPCPY 1
| #define GNULIB_UNISTR_U8_UCTOMB 1
| #define HAVE_DECL_WCWIDTH 1
| #define GNULIB_TEST_WCWIDTH 1
| #define HAVE_STDINT_H 1
| #define GNULIB_TEST_ACCEPT 1
| #define GNULIB_ACCEPT IN_LIBUNISTRING_GNULIB_TESTS
| #define HAVE_C_ALIGNASOF 1
| #define GNULIB_TEST_BIND 1
| #define GNULIB_BIND IN_LIBUNISTRING_GNULIB_TESTS
| #define GNULIB_TEST_BTOC32 1
| #define GNULIB_TEST_BTOWC 1
| #define GNULIB_TEST_C32RTOMB 1
| #define GNULIB_TEST_C32TOB 1
| #define GNULIB_TEST_CALLOC_GNU 1
| #define GNULIB_TEST_CALLOC_POSIX 1
| #define GNULIB_TEST_CLOEXEC 1
| #define GNULIB_TEST_CLOSE 1
| #define GNULIB_CLOSE IN_LIBUNISTRING_GNULIB_TESTS
| #define GNULIB_TEST_CONNECT 1
| #define GNULIB_CONNECT IN_LIBUNISTRING_GNULIB_TESTS
| #define GNULIB_TEST_DUP2 1
| #define GNULIB_TEST_ENVIRON 1
| #define GNULIB_TEST_FCNTL 1
| #define GNULIB_TEST_FDOPEN 1
| #define GNULIB_TEST_FSTAT 1
| #define GNULIB_FSTAT IN_LIBUNISTRING_GNULIB_TESTS
| #define HAVE_FTRUNCATE 1
| #define GNULIB_TEST_FTRUNCATE 1
| #define GNULIB_TEST_GETCWD 1
| #define GNULIB_TEST_GETDTABLESIZE 1
| #define HAVE_DECL_PROGRAM_INVOCATION_NAME 1
| #define HAVE_DECL_PROGRAM_INVOCATION_NAME 1
| #define HAVE_DECL_PROGRAM_INVOCATION_SHORT_NAME 1
| #define HAVE_DECL___ARGV 0
| #define GNULIB_TEST_GETPROGNAME 1
| #define GETTIMEOFDAY_TIMEZONE void
| #define GNULIB_TEST_GETTIMEOFDAY 1
| #define GNULIB_LOCALEDIR "/home/bloink/Work/unnamedlinuxdistro/fs/share/locale"
| #define HAVE_DUPLOCALE 1
| #define HAVE_DECL_INET_PTON 1
| #define HAVE_IOCTL 1
| #define GNULIB_TEST_IOCTL 1
| #define GNULIB_IOCTL IN_LIBUNISTRING_GNULIB_TESTS
| #define GNULIB_ISBLANK IN_LIBUNISTRING_GNULIB_TESTS
| #define HAVE___INLINE 1
| #define GNULIB_TEST_LISTEN 1
| #define GNULIB_LISTEN IN_LIBUNISTRING_GNULIB_TESTS
| #define HAVE_NEWLOCALE 1
| #define HAVE_NEWLOCALE 1
| #define GNULIB_TEST_LSTAT 1
| #define GNULIB_LSTAT IN_LIBUNISTRING_GNULIB_TESTS
| #define GNULIB_TEST_MALLOC_GNU 1
| #define HAVE_MBTOWC 1
| #define GNULIB_TEST_MBTOWC 1
| #define HAVE_MKFIFO 1
| #define GNULIB_TEST_MKFIFO 1
| #define GNULIB_MSVC_NOTHROW IN_LIBUNISTRING_GNULIB_TESTS
| #define HAVE_BUG_BIG_NANOSLEEP 1
| #define GNULIB_TEST_NANOSLEEP 1
| #define GNULIB_TEST_OPEN 1
| #define GNULIB_TEST_PERROR 1
| #define GNULIB_TEST_PIPE 1
| #define GNULIB_TEST_PSELECT 1
| #define GNULIB_TEST_PTHREAD_COND 1
| #define GNULIB_TEST_PTHREAD_MUTEX 1
| #define GNULIB_TEST_PTHREAD_RWLOCK 1
| #define GNULIB_TEST_PTHREAD_THREAD 1
| #define GNULIB_TEST_PTHREAD_MUTEX_TIMEDLOCK 1
| #define GNULIB_TEST_PTHREAD_SIGMASK 1
| #define GNULIB_TEST_PUTENV 1
| #define HAVE_RAISE 1
| #define GNULIB_TEST_RAISE 1
| #define HAVE_INITSTATE 1
| #define HAVE_SETSTATE 1
| #define GNULIB_TEST_RANDOM 1
| #define GNULIB_TEST_RANDOM_R 1
| #define HAVE_REALLOC_POSIX 1
| #define HAVE_REALLOC_0_NONNULL 1
| #define GNULIB_TEST_REALLOC_POSIX 1
| #define HAVE_REALLOCARRAY 1
| #define GNULIB_REALLOCARRAY IN_LIBUNISTRING_GNULIB_TESTS
| #define GNULIB_TEST_REALLOCARRAY 1
| #define GNULIB_TEST_SCHED_YIELD 1
| #define GNULIB_TEST_SELECT 1
| #define GNULIB_SELECT IN_LIBUNISTRING_GNULIB_TESTS
| #define GNULIB_TEST_SETENV 1
| #define NEED_SETLOCALE_IMPROVED 0
| #define NEED_SETLOCALE_MTSAFE 1
| #define GNULIB_TEST_SETLOCALE 1
| #define GNULIB_TEST_SETSOCKOPT 1
| #define GNULIB_SETSOCKOPT IN_LIBUNISTRING_GNULIB_TESTS
| #define GNULIB_TEST_SIGPROCMASK 1
| #define HAVE_DECL_SLEEP 1
| #define GNULIB_TEST_SLEEP 1
| #define GNULIB_TEST_SOCKET 1
| #define GNULIB_SOCKET IN_LIBUNISTRING_GNULIB_TESTS
| /* end confdefs.h.  */
| 
| /* <sys/types.h> is not needed according to POSIX, but the
|    <sys/socket.h> in i386-unknown-freebsd4.10 and
|    powerpc-apple-darwin5.5 required it. */
| #include <sys/types.h>
| #if HAVE_SYS_SOCKET_H
| # include <sys/socket.h>
| #elif HAVE_WS2TCPIP_H
| # include <ws2tcpip.h>
| #endif
| 
| 
| int
| main (void)
| {
| if (sizeof ((socklen_t)))
| 	    return 0;
|   ;
|   return 0;
| }
configure:81559: result: yes
configure:81633: checking whether stat handles trailing slashes on files
configure:81679: gcc -o conftest -g -O2   conftest.c  >&5
configure:81679: $? = 0
configure:81679: ./conftest
configure:81679: $? = 0
configure:81694: result: yes
configure:81781: checking for struct stat.st_atim.tv_nsec
configure:81781: gcc -c -g -O2  conftest.c >&5
configure:81781: $? = 0
configure:81781: result: yes
configure:81789: checking whether struct stat.st_atim is of type struct timespec
configure:81817: gcc -c -g -O2  conftest.c >&5
configure:81817: $? = 0
configure:81827: result: yes
configure:81879: checking for struct stat.st_birthtimespec.tv_nsec
configure:81879: gcc -c -g -O2  conftest.c >&5
conftest.c: In function 'main':
conftest.c:392:12: error: 'struct stat' has no member named 'st_birthtimespec'
  392 | if (ac_aggr.st_birthtimespec.tv_nsec)
      |            ^
configure:81879: $? = 1
configure: failed program was:
| /* confdefs.h */
| #define PACKAGE_NAME "libunistring"
| #define PACKAGE_TARNAME "libunistring"
| #define PACKAGE_VERSION "dummy"
| #define PACKAGE_STRING "libunistring dummy"
| #define PACKAGE_BUGREPORT ""
| #define PACKAGE_URL ""
| #undef PACKAGE_VERSION
| #define PACKAGE_VERSION "1.4.2"
| #undef PACKAGE_STRING
| #define PACKAGE_STRING "libunistring 1.4.2"
| #define PACKAGE "libunistring"
| #define VERSION "1.4.2"
| #define HAVE_STDIO_H 1
| #define HAVE_STDLIB_H 1
| #define HAVE_STRING_H 1
| #define HAVE_INTTYPES_H 1
| #define HAVE_STDINT_H 1
| #define HAVE_STRINGS_H 1
| #define HAVE_SYS_STAT_H 1
| #define HAVE_SYS_TYPES_H 1
| #define HAVE_UNISTD_H 1
| #define HAVE_WCHAR_H 1
| #define HAVE_STDBOOL_H 1
| #define HAVE_UCHAR_H 1
| #define HAVE_THREADS_H 1
| #define HAVE_LANGINFO_H 1
| #define HAVE_ICONV_H 1
| #define HAVE_LIMITS_H 1
| #define HAVE_WCTYPE_H 1
| #define HAVE_MATH_H 1
| #define HAVE_SYS_MMAN_H 1
| #define HAVE_PTHREAD_H 1
| #define HAVE_STDCKDINT_H 1
| #define HAVE_SYS_TIME_H 1
| #define HAVE_FEATURES_H 1
| #define HAVE_SYS_SOCKET_H 1
| #define HAVE_ARPA_INET_H 1
| #define HAVE_NETDB_H 1
| #define HAVE_NETINET_IN_H 1
| #define HAVE_SEMAPHORE_H 1
| #define HAVE_SYS_PARAM_H 1
| #define HAVE_SYS_SELECT_H 1
| #define HAVE_SYS_WAIT_H 1
| #define HAVE_SYS_IOCTL_H 1
| #define HAVE_SYS_UN_H 1
| #define HAVE_SYS_UIO_H 1
| #define STDC_HEADERS 1
| #define _ALL_SOURCE 1
| #define _DARWIN_C_SOURCE 1
| #define _GNU_SOURCE 1
| #define _HPUX_ALT_XOPEN_SOCKET_API 1
| #define _NETBSD_SOURCE 1
| #define _OPENBSD_SOURCE 1
| #define _POSIX_PTHREAD_SEMANTICS 1
| #define __STDC_WANT_IEC_60559_ATTRIBS_EXT__ 1
| #define __STDC_WANT_IEC_60559_BFP_EXT__ 1
| #define __STDC_WANT_IEC_60559_DFP_EXT__ 1
| #define __STDC_WANT_IEC_60559_EXT__ 1
| #define __STDC_WANT_IEC_60559_FUNCS_EXT__ 1
| #define __STDC_WANT_IEC_60559_TYPES_EXT__ 1
| #define __STDC_WANT_LIB_EXT2__ 1
| #define __STDC_WANT_MATH_SPEC_FUNCS__ 1
| #define _TANDEM_SOURCE 1
| #define __EXTENSIONS__ 1
| #define _LINUX_SOURCE_COMPAT 1
| #define __USE_MINGW_ANSI_STDIO 1
| #define HAVE_DLFCN_H 1
| #define LT_OBJDIR ".libs/"
| #define HAVE_ALLOCA_H 1
| #define HAVE_ALLOCA 1
| #define restrict __restrict__
| #define BITSIZEOF_WCHAR_T 32
| #define HAVE_MBSTATE_T 1
| #define HAVE_MBSINIT 1
| #define HAVE_MBRTOWC 1
| #define HAVE_SYMLINK 1
| #define HAVE_ISWCNTRL 1
| #define HAVE_MPROTECT 1
| #define HAVE_SNPRINTF 1
| #define HAVE_STRDUP 1
| #define HAVE_WCWIDTH 1
| #define HAVE_BTOWC 1
| #define HAVE_FCNTL 1
| #define HAVE_GETDTABLESIZE 1
| #define HAVE_GETTIMEOFDAY 1
| #define HAVE_ISBLANK 1
| #define HAVE_LSTAT 1
| #define HAVE___XPG_STRERROR_R 1
| #define HAVE_PIPE 1
| #define HAVE_PSELECT 1
| #define HAVE_PTHREAD_SIGMASK 1
| #define HAVE_SETENV 1
| #define HAVE_SLEEP 1
| #define HAVE_SHUTDOWN 1
| #define HAVE_USLEEP 1
| #define HAVE_WCRTOMB 1
| #define HAVE_WCTOB 1
| #define HAVE_LANGINFO_CODESET 1
| #define HAVE_WORKING_MBRTOC32 1
| #define HAVE_WORKING_C32RTOMB 1
| #define HAVE_WORKING_O_DIRECTORY 1
| #define HAVE_WORKING_O_NOATIME 1
| #define HAVE_WORKING_O_NOFOLLOW 1
| #define HAVE_DECL_ALARM 1
| #define HAVE_PTHREAD_API 1
| #define SETLOCALE_NULL_ALL_MTSAFE 0
| #define SETLOCALE_NULL_ONE_MTSAFE 1
| #define HAVE_WEAK_SYMBOLS 1
| #define HAVE_USELOCALE 1
| #define HAVE_WORKING_USELOCALE 1
| #define HAVE_GOOD_USELOCALE 1
| #define HAVE_ICONV 1
| #define ICONV_CONST 
| #define HAVE_WINT_T 1
| #define HAVE_LONG_LONG_INT 1
| #define HAVE_UNSIGNED_LONG_LONG_INT 1
| #define DBL_EXPBIT0_WORD 1
| #define DBL_EXPBIT0_BIT 20
| #define FLT_EXPBIT0_WORD 0
| #define FLT_EXPBIT0_BIT 23
| #define LDBL_EXPBIT0_WORD 2
| #define LDBL_EXPBIT0_BIT 0
| #define HAVE_TOWLOWER 1
| #define HAVE_LC_MESSAGES 1
| #define MUSL_LIBC 1
| #define HAVE_WEAK_SYMBOLS 1
| #define USE_POSIX_THREADS 1
| #define USE_POSIX_THREADS_WEAK 1
| #define HAVE_MALLOC_PTRDIFF 1
| #define HAVE_MALLOC_POSIX 1
| #define HAVE_MALLOC_0_NONNULL 1
| #define HAVE_MINMAX_IN_SYS_PARAM_H 1
| #define HAVE_PTHREAD_T 1
| #define HAVE_PTHREAD_SPINLOCK_T 1
| #define INSTALLPREFIX "/home/bloink/Work/unnamedlinuxdistro/fs"
| #define HAVE_DLADDR_IN_LIBC 1
| #define HAVE_SCHED_H 1
| #define HAVE_DECL_ECVT 1
| #define HAVE_DECL_FCVT 1
| #define HAVE_DECL_GCVT 1
| #define HAVE_DECL_STREQ 0
| #define HAVE_DECL_MEMEQ 0
| #define _USE_STD_STAT 1
| #define HAVE_DECL_EXECVPE 1
| #define HAVE_INTTYPES_H_WITH_UINTMAX 1
| #define HAVE_STDINT_H_WITH_UINTMAX 1
| #define HAVE_INTMAX_T 1
| #define HAVE_WCSLEN 1
| #define HAVE_SNPRINTF 1
| #define HAVE_STRNLEN 1
| #define HAVE_WCRTOMB 1
| #define HAVE_DECL__SNPRINTF 0
| #define HAVE_SNPRINTF_RETVAL_C99 1
| #define HAVE_SNPRINTF_TRUNCATION_C99 1
| #define CHECK_PRINTF_SAFE 1
| #define HAVE_DECL_WCSDUP 1
| #define HAVE_SHUTDOWN 1
| #define HAVE_STRUCT_SOCKADDR_STORAGE 1
| #define HAVE_SA_FAMILY_T 1
| #define HAVE_STRUCT_SOCKADDR_STORAGE_SS_FAMILY 1
| #define HAVE_ENVIRON_DECL 1
| #define HAVE_DECL_STRERROR_R 1
| #define HAVE_STRERROR_R 1
| #define HAVE_DECL_GETDTABLESIZE 1
| #define HAVE_IPV4 1
| #define HAVE_IPV6 1
| #define LSTAT_FOLLOWS_SLASHED_SYMLINK 1
| #define PROMOTED_MODE_T mode_t
| #define HAVE_STRERROR_R 1
| #define HAVE_DECL__PUTENV 0
| #define HAVE_SIGSET_T 1
| #define HAVE_DECL_INITSTATE 1
| #define HAVE_DECL_SETSTATE 1
| #define HAVE_DECL_SETENV 1
| #define HAVE_SEARCH_H 1
| #define HAVE_TSEARCH 1
| #define HAVE_DECL_FCLOSEALL 0
| #define HAVE_DECL_GETW 1
| #define HAVE_DECL_PUTW 1
| #define HAVE_DECL_UNSETENV 1
| #define HAVE_ALLOCA 1
| #define HAVE_C_STATIC_ASSERT 1
| #define HAVE_C_BOOL 1
| #define HAVE___BUILTIN_EXPECT 1
| #define GNULIB_TEST_C32ISALNUM 1
| #define GNULIB_TEST_C32ISALPHA 1
| #define GNULIB_TEST_C32ISBLANK 1
| #define GNULIB_TEST_C32ISCNTRL 1
| #define GNULIB_TEST_C32ISDIGIT 1
| #define GNULIB_TEST_C32ISGRAPH 1
| #define GNULIB_TEST_C32ISLOWER 1
| #define GNULIB_TEST_C32ISPRINT 1
| #define GNULIB_TEST_C32ISPUNCT 1
| #define GNULIB_TEST_C32ISSPACE 1
| #define GNULIB_TEST_C32ISUPPER 1
| #define GNULIB_TEST_C32ISXDIGIT 1
| #define GNULIB_TEST_C32TOLOWER 1
| #define GNULIB_TEST_C32WIDTH 1
| #define FLEXIBLE_ARRAY_MEMBER /**/
| #define GNULIB_TEST_FREE_POSIX 1
| #define HAVE_FREXP_IN_LIBC 1
| #define GNULIB_TEST_FREXP 1
| #define HAVE_FREXPL_IN_LIBC 1
| #define GNULIB_TEST_FREXPL 1
| #define HAVE___FSETERR 1
| #define HAVE_NEWLOCALE 1
| #define HAVE_DUPLOCALE 1
| #define HAVE_FREELOCALE 1
| #define GNULIB_TEST_GETLOCALENAME_L_UNSAFE 1
| #define HAVE_NEWLOCALE 1
| #define HAVE_DUPLOCALE 1
| #define HAVE_FREELOCALE 1
| #define HAVE_INLINE 1
| #define HAVE_ISNAND_IN_LIBC 1
| #define HAVE_ISNANF_IN_LIBC 1
| #define HAVE_ISNANL_IN_LIBC 1
| #define HAVE_ISWBLANK 1
| #define HAVE_DECL_ISWBLANK 1
| #define GNULIB_TEST_ISWBLANK 1
| #define GNULIB_TEST_ISWDIGIT 1
| #define GNULIB_TEST_ISWPUNCT 1
| #define GNULIB_TEST_ISWXDIGIT 1
| #define GNULIB_TEST_LOCALECONV 1
| #define GNULIB_LOCALECONV 1
| #define GNULIB_TEST_LOCALENAME_ENVIRON 1
| #define GNULIB_TEST_LOCALENAME_UNSAFE 1
| #define HAVE_PTHREAD_RWLOCK 1
| #define HAVE_PTHREAD_MUTEX_RECURSIVE 1
| #define GNULIB_LOCK 1
| #define GNULIB_TEST_MALLOC_POSIX 1
| #define GNULIB_TEST_MBRTOC32 1
| #define GNULIB_TEST_MBRTOWC 1
| #define GNULIB_TEST_MBSINIT 1
| #define GNULIB_TEST_MBSNLEN 1
| #define GNULIB_TEST_MBSZERO 1
| #define GNULIB_TEST_MEMCHR 1
| #define HAVE_FREXP_IN_LIBC 1
| #define HAVE_LDEXP_IN_LIBC 1
| #define HAVE_FREXPL_IN_LIBC 1
| #define HAVE_LDEXPL_IN_LIBC 1
| #define GNULIB_TEST_PTHREAD_ONCE 1
| #define HAVE_VISIBILITY 1
| #define GNULIB_TEST_SETLOCALE_NULL 1
| #define GNULIB_TEST_SIGNBIT_NO_CXX 1
| #define HAVE_STDINT_H 1
| #define GNULIB_TEST_STRINGEQ 1
| #define GNULIB_TEST_STRNCAT 1
| #define GNULIB_TEST_STRNCPY 1
| #define GNULIB_TEST_STRSTR 1
| #define GNULIB_UNIGBRK_U16_GRAPHEME_BREAKS 1
| #define GNULIB_UNIGBRK_U16_GRAPHEME_NEXT 1
| #define GNULIB_UNIGBRK_U16_GRAPHEME_PREV 1
| #define GNULIB_UNIGBRK_U32_GRAPHEME_BREAKS 1
| #define GNULIB_UNIGBRK_U32_GRAPHEME_NEXT 1
| #define GNULIB_UNIGBRK_U32_GRAPHEME_PREV 1
| #define GNULIB_UNIGBRK_U8_GRAPHEME_BREAKS 1
| #define GNULIB_UNIGBRK_U8_GRAPHEME_NEXT 1
| #define GNULIB_UNIGBRK_U8_GRAPHEME_PREV 1
| #define GNULIB_UNIGBRK_UC_GRAPHEME_BREAKS 1
| #define GNULIB_UNIGBRK_ULC_GRAPHEME_BREAKS 1
| #define GNULIB_TEST_UNINORM_U16_NORMALIZE 1
| #define GNULIB_TEST_UNINORM_U32_NORMALIZE 1
| #define GNULIB_TEST_UNINORM_U8_NORMALIZE 1
| #define NEED_PRINTF_DIRECTIVE_B 1
| #define NEED_PRINTF_DIRECTIVE_B 1
| #define NEED_PRINTF_DIRECTIVE_B 1
| #define NEED_PRINTF_DIRECTIVE_B 1
| #define NEED_PRINTF_DIRECTIVE_B 1
| #define NEED_PRINTF_DIRECTIVE_B 1
| #define NEED_PRINTF_DIRECTIVE_B 1
| #define GNULIB_UNISTR_U16_MBTOUC 1
| #define GNULIB_UNISTR_U16_MBTOUC_UNSAFE 1
| #define GNULIB_UNISTR_U16_MBTOUCR 1
| #define GNULIB_UNISTR_U16_UCTOMB 1
| #define GNULIB_UNISTR_U32_MBTOUC 1
| #define GNULIB_UNISTR_U32_MBTOUC_UNSAFE 1
| #define GNULIB_UNISTR_U32_MBTOUCR 1
| #define GNULIB_UNISTR_U32_UCTOMB 1
| #define GNULIB_UNISTR_U8_MBTOUC 1
| #define GNULIB_UNISTR_U8_MBTOUC_UNSAFE 1
| #define GNULIB_UNISTR_U8_MBTOUCR 1
| #define HAVE_STPCPY 1
| #define GNULIB_UNISTR_U8_UCTOMB 1
| #define HAVE_DECL_WCWIDTH 1
| #define GNULIB_TEST_WCWIDTH 1
| #define HAVE_STDINT_H 1
| #define GNULIB_TEST_ACCEPT 1
| #define GNULIB_ACCEPT IN_LIBUNISTRING_GNULIB_TESTS
| #define HAVE_C_ALIGNASOF 1
| #define GNULIB_TEST_BIND 1
| #define GNULIB_BIND IN_LIBUNISTRING_GNULIB_TESTS
| #define GNULIB_TEST_BTOC32 1
| #define GNULIB_TEST_BTOWC 1
| #define GNULIB_TEST_C32RTOMB 1
| #define GNULIB_TEST_C32TOB 1
| #define GNULIB_TEST_CALLOC_GNU 1
| #define GNULIB_TEST_CALLOC_POSIX 1
| #define GNULIB_TEST_CLOEXEC 1
| #define GNULIB_TEST_CLOSE 1
| #define GNULIB_CLOSE IN_LIBUNISTRING_GNULIB_TESTS
| #define GNULIB_TEST_CONNECT 1
| #define GNULIB_CONNECT IN_LIBUNISTRING_GNULIB_TESTS
| #define GNULIB_TEST_DUP2 1
| #define GNULIB_TEST_ENVIRON 1
| #define GNULIB_TEST_FCNTL 1
| #define GNULIB_TEST_FDOPEN 1
| #define GNULIB_TEST_FSTAT 1
| #define GNULIB_FSTAT IN_LIBUNISTRING_GNULIB_TESTS
| #define HAVE_FTRUNCATE 1
| #define GNULIB_TEST_FTRUNCATE 1
| #define GNULIB_TEST_GETCWD 1
| #define GNULIB_TEST_GETDTABLESIZE 1
| #define HAVE_DECL_PROGRAM_INVOCATION_NAME 1
| #define HAVE_DECL_PROGRAM_INVOCATION_NAME 1
| #define HAVE_DECL_PROGRAM_INVOCATION_SHORT_NAME 1
| #define HAVE_DECL___ARGV 0
| #define GNULIB_TEST_GETPROGNAME 1
| #define GETTIMEOFDAY_TIMEZONE void
| #define GNULIB_TEST_GETTIMEOFDAY 1
| #define GNULIB_LOCALEDIR "/home/bloink/Work/unnamedlinuxdistro/fs/share/locale"
| #define HAVE_DUPLOCALE 1
| #define HAVE_DECL_INET_PTON 1
| #define HAVE_IOCTL 1
| #define GNULIB_TEST_IOCTL 1
| #define GNULIB_IOCTL IN_LIBUNISTRING_GNULIB_TESTS
| #define GNULIB_ISBLANK IN_LIBUNISTRING_GNULIB_TESTS
| #define HAVE___INLINE 1
| #define GNULIB_TEST_LISTEN 1
| #define GNULIB_LISTEN IN_LIBUNISTRING_GNULIB_TESTS
| #define HAVE_NEWLOCALE 1
| #define HAVE_NEWLOCALE 1
| #define GNULIB_TEST_LSTAT 1
| #define GNULIB_LSTAT IN_LIBUNISTRING_GNULIB_TESTS
| #define GNULIB_TEST_MALLOC_GNU 1
| #define HAVE_MBTOWC 1
| #define GNULIB_TEST_MBTOWC 1
| #define HAVE_MKFIFO 1
| #define GNULIB_TEST_MKFIFO 1
| #define GNULIB_MSVC_NOTHROW IN_LIBUNISTRING_GNULIB_TESTS
| #define HAVE_BUG_BIG_NANOSLEEP 1
| #define GNULIB_TEST_NANOSLEEP 1
| #define GNULIB_TEST_OPEN 1
| #define GNULIB_TEST_PERROR 1
| #define GNULIB_TEST_PIPE 1
| #define GNULIB_TEST_PSELECT 1
| #define GNULIB_TEST_PTHREAD_COND 1
| #define GNULIB_TEST_PTHREAD_MUTEX 1
| #define GNULIB_TEST_PTHREAD_RWLOCK 1
| #define GNULIB_TEST_PTHREAD_THREAD 1
| #define GNULIB_TEST_PTHREAD_MUTEX_TIMEDLOCK 1
| #define GNULIB_TEST_PTHREAD_SIGMASK 1
| #define GNULIB_TEST_PUTENV 1
| #define HAVE_RAISE 1
| #define GNULIB_TEST_RAISE 1
| #define HAVE_INITSTATE 1
| #define HAVE_SETSTATE 1
| #define GNULIB_TEST_RANDOM 1
| #define GNULIB_TEST_RANDOM_R 1
| #define HAVE_REALLOC_POSIX 1
| #define HAVE_REALLOC_0_NONNULL 1
| #define GNULIB_TEST_REALLOC_POSIX 1
| #define HAVE_REALLOCARRAY 1
| #define GNULIB_REALLOCARRAY IN_LIBUNISTRING_GNULIB_TESTS
| #define GNULIB_TEST_REALLOCARRAY 1
| #define GNULIB_TEST_SCHED_YIELD 1
| #define GNULIB_TEST_SELECT 1
| #define GNULIB_SELECT IN_LIBUNISTRING_GNULIB_TESTS
| #define GNULIB_TEST_SETENV 1
| #define NEED_SETLOCALE_IMPROVED 0
| #define NEED_SETLOCALE_MTSAFE 1
| #define GNULIB_TEST_SETLOCALE 1
| #define GNULIB_TEST_SETSOCKOPT 1
| #define GNULIB_SETSOCKOPT IN_LIBUNISTRING_GNULIB_TESTS
| #define GNULIB_TEST_SIGPROCMASK 1
| #define HAVE_DECL_SLEEP 1
| #define GNULIB_TEST_SLEEP 1
| #define GNULIB_TEST_SOCKET 1
| #define GNULIB_SOCKET IN_LIBUNISTRING_GNULIB_TESTS
| #define GNULIB_TEST_STAT 1
| #define GNULIB_STAT IN_LIBUNISTRING_GNULIB_TESTS
| #define HAVE_STRUCT_STAT_ST_ATIM_TV_NSEC 1
| #define TYPEOF_STRUCT_STAT_ST_ATIM_IS_STRUCT_TIMESPEC 1
| /* end confdefs.h.  */
| #include <sys/types.h>
|      #include <sys/stat.h>
| 
| int
| main (void)
| {
| static struct stat ac_aggr;
| if (ac_aggr.st_birthtimespec.tv_nsec)
| return 0;
|   ;
|   return 0;
| }
configure:81879: gcc -c -g -O2  conftest.c >&5
conftest.c: In function 'main':
conftest.c:392:19: error: 'struct stat' has no member named 'st_birthtimespec'
  392 | if (sizeof ac_aggr.st_birthtimespec.tv_nsec)
      |                   ^
configure:81879: $? = 1
configure: failed program was:
| /* confdefs.h */
| #define PACKAGE_NAME "libunistring"
| #define PACKAGE_TARNAME "libunistring"
| #define PACKAGE_VERSION "dummy"
| #define PACKAGE_STRING "libunistring dummy"
| #define PACKAGE_BUGREPORT ""
| #define PACKAGE_URL ""
| #undef PACKAGE_VERSION
| #define PACKAGE_VERSION "1.4.2"
| #undef PACKAGE_STRING
| #define PACKAGE_STRING "libunistring 1.4.2"
| #define PACKAGE "libunistring"
| #define VERSION "1.4.2"
| #define HAVE_STDIO_H 1
| #define HAVE_STDLIB_H 1
| #define HAVE_STRING_H 1
| #define HAVE_INTTYPES_H 1
| #define HAVE_STDINT_H 1
| #define HAVE_STRINGS_H 1
| #define HAVE_SYS_STAT_H 1
| #define HAVE_SYS_TYPES_H 1
| #define HAVE_UNISTD_H 1
| #define HAVE_WCHAR_H 1
| #define HAVE_STDBOOL_H 1
| #define HAVE_UCHAR_H 1
| #define HAVE_THREADS_H 1
| #define HAVE_LANGINFO_H 1
| #define HAVE_ICONV_H 1
| #define HAVE_LIMITS_H 1
| #define HAVE_WCTYPE_H 1
| #define HAVE_MATH_H 1
| #define HAVE_SYS_MMAN_H 1
| #define HAVE_PTHREAD_H 1
| #define HAVE_STDCKDINT_H 1
| #define HAVE_SYS_TIME_H 1
| #define HAVE_FEATURES_H 1
| #define HAVE_SYS_SOCKET_H 1
| #define HAVE_ARPA_INET_H 1
| #define HAVE_NETDB_H 1
| #define HAVE_NETINET_IN_H 1
| #define HAVE_SEMAPHORE_H 1
| #define HAVE_SYS_PARAM_H 1
| #define HAVE_SYS_SELECT_H 1
| #define HAVE_SYS_WAIT_H 1
| #define HAVE_SYS_IOCTL_H 1
| #define HAVE_SYS_UN_H 1
| #define HAVE_SYS_UIO_H 1
| #define STDC_HEADERS 1
| #define _ALL_SOURCE 1
| #define _DARWIN_C_SOURCE 1
| #define _GNU_SOURCE 1
| #define _HPUX_ALT_XOPEN_SOCKET_API 1
| #define _NETBSD_SOURCE 1
| #define _OPENBSD_SOURCE 1
| #define _POSIX_PTHREAD_SEMANTICS 1
| #define __STDC_WANT_IEC_60559_ATTRIBS_EXT__ 1
| #define __STDC_WANT_IEC_60559_BFP_EXT__ 1
| #define __STDC_WANT_IEC_60559_DFP_EXT__ 1
| #define __STDC_WANT_IEC_60559_EXT__ 1
| #define __STDC_WANT_IEC_60559_FUNCS_EXT__ 1
| #define __STDC_WANT_IEC_60559_TYPES_EXT__ 1
| #define __STDC_WANT_LIB_EXT2__ 1
| #define __STDC_WANT_MATH_SPEC_FUNCS__ 1
| #define _TANDEM_SOURCE 1
| #define __EXTENSIONS__ 1
| #define _LINUX_SOURCE_COMPAT 1
| #define __USE_MINGW_ANSI_STDIO 1
| #define HAVE_DLFCN_H 1
| #define LT_OBJDIR ".libs/"
| #define HAVE_ALLOCA_H 1
| #define HAVE_ALLOCA 1
| #define restrict __restrict__
| #define BITSIZEOF_WCHAR_T 32
| #define HAVE_MBSTATE_T 1
| #define HAVE_MBSINIT 1
| #define HAVE_MBRTOWC 1
| #define HAVE_SYMLINK 1
| #define HAVE_ISWCNTRL 1
| #define HAVE_MPROTECT 1
| #define HAVE_SNPRINTF 1
| #define HAVE_STRDUP 1
| #define HAVE_WCWIDTH 1
| #define HAVE_BTOWC 1
| #define HAVE_FCNTL 1
| #define HAVE_GETDTABLESIZE 1
| #define HAVE_GETTIMEOFDAY 1
| #define HAVE_ISBLANK 1
| #define HAVE_LSTAT 1
| #define HAVE___XPG_STRERROR_R 1
| #define HAVE_PIPE 1
| #define HAVE_PSELECT 1
| #define HAVE_PTHREAD_SIGMASK 1
| #define HAVE_SETENV 1
| #define HAVE_SLEEP 1
| #define HAVE_SHUTDOWN 1
| #define HAVE_USLEEP 1
| #define HAVE_WCRTOMB 1
| #define HAVE_WCTOB 1
| #define HAVE_LANGINFO_CODESET 1
| #define HAVE_WORKING_MBRTOC32 1
| #define HAVE_WORKING_C32RTOMB 1
| #define HAVE_WORKING_O_DIRECTORY 1
| #define HAVE_WORKING_O_NOATIME 1
| #define HAVE_WORKING_O_NOFOLLOW 1
| #define HAVE_DECL_ALARM 1
| #define HAVE_PTHREAD_API 1
| #define SETLOCALE_NULL_ALL_MTSAFE 0
| #define SETLOCALE_NULL_ONE_MTSAFE 1
| #define HAVE_WEAK_SYMBOLS 1
| #define HAVE_USELOCALE 1
| #define HAVE_WORKING_USELOCALE 1
| #define HAVE_GOOD_USELOCALE 1
| #define HAVE_ICONV 1
| #define ICONV_CONST 
| #define HAVE_WINT_T 1
| #define HAVE_LONG_LONG_INT 1
| #define HAVE_UNSIGNED_LONG_LONG_INT 1
| #define DBL_EXPBIT0_WORD 1
| #define DBL_EXPBIT0_BIT 20
| #define FLT_EXPBIT0_WORD 0
| #define FLT_EXPBIT0_BIT 23
| #define LDBL_EXPBIT0_WORD 2
| #define LDBL_EXPBIT0_BIT 0
| #define HAVE_TOWLOWER 1
| #define HAVE_LC_MESSAGES 1
| #define MUSL_LIBC 1
| #define HAVE_WEAK_SYMBOLS 1
| #define USE_POSIX_THREADS 1
| #define USE_POSIX_THREADS_WEAK 1
| #define HAVE_MALLOC_PTRDIFF 1
| #define HAVE_MALLOC_POSIX 1
| #define HAVE_MALLOC_0_NONNULL 1
| #define HAVE_MINMAX_IN_SYS_PARAM_H 1
| #define HAVE_PTHREAD_T 1
| #define HAVE_PTHREAD_SPINLOCK_T 1
| #define INSTALLPREFIX "/home/bloink/Work/unnamedlinuxdistro/fs"
| #define HAVE_DLADDR_IN_LIBC 1
| #define HAVE_SCHED_H 1
| #define HAVE_DECL_ECVT 1
| #define HAVE_DECL_FCVT 1
| #define HAVE_DECL_GCVT 1
| #define HAVE_DECL_STREQ 0
| #define HAVE_DECL_MEMEQ 0
| #define _USE_STD_STAT 1
| #define HAVE_DECL_EXECVPE 1
| #define HAVE_INTTYPES_H_WITH_UINTMAX 1
| #define HAVE_STDINT_H_WITH_UINTMAX 1
| #define HAVE_INTMAX_T 1
| #define HAVE_WCSLEN 1
| #define HAVE_SNPRINTF 1
| #define HAVE_STRNLEN 1
| #define HAVE_WCRTOMB 1
| #define HAVE_DECL__SNPRINTF 0
| #define HAVE_SNPRINTF_RETVAL_C99 1
| #define HAVE_SNPRINTF_TRUNCATION_C99 1
| #define CHECK_PRINTF_SAFE 1
| #define HAVE_DECL_WCSDUP 1
| #define HAVE_SHUTDOWN 1
| #define HAVE_STRUCT_SOCKADDR_STORAGE 1
| #define HAVE_SA_FAMILY_T 1
| #define HAVE_STRUCT_SOCKADDR_STORAGE_SS_FAMILY 1
| #define HAVE_ENVIRON_DECL 1
| #define HAVE_DECL_STRERROR_R 1
| #define HAVE_STRERROR_R 1
| #define HAVE_DECL_GETDTABLESIZE 1
| #define HAVE_IPV4 1
| #define HAVE_IPV6 1
| #define LSTAT_FOLLOWS_SLASHED_SYMLINK 1
| #define PROMOTED_MODE_T mode_t
| #define HAVE_STRERROR_R 1
| #define HAVE_DECL__PUTENV 0
| #define HAVE_SIGSET_T 1
| #define HAVE_DECL_INITSTATE 1
| #define HAVE_DECL_SETSTATE 1
| #define HAVE_DECL_SETENV 1
| #define HAVE_SEARCH_H 1
| #define HAVE_TSEARCH 1
| #define HAVE_DECL_FCLOSEALL 0
| #define HAVE_DECL_GETW 1
| #define HAVE_DECL_PUTW 1
| #define HAVE_DECL_UNSETENV 1
| #define HAVE_ALLOCA 1
| #define HAVE_C_STATIC_ASSERT 1
| #define HAVE_C_BOOL 1
| #define HAVE___BUILTIN_EXPECT 1
| #define GNULIB_TEST_C32ISALNUM 1
| #define GNULIB_TEST_C32ISALPHA 1
| #define GNULIB_TEST_C32ISBLANK 1
| #define GNULIB_TEST_C32ISCNTRL 1
| #define GNULIB_TEST_C32ISDIGIT 1
| #define GNULIB_TEST_C32ISGRAPH 1
| #define GNULIB_TEST_C32ISLOWER 1
| #define GNULIB_TEST_C32ISPRINT 1
| #define GNULIB_TEST_C32ISPUNCT 1
| #define GNULIB_TEST_C32ISSPACE 1
| #define GNULIB_TEST_C32ISUPPER 1
| #define GNULIB_TEST_C32ISXDIGIT 1
| #define GNULIB_TEST_C32TOLOWER 1
| #define GNULIB_TEST_C32WIDTH 1
| #define FLEXIBLE_ARRAY_MEMBER /**/
| #define GNULIB_TEST_FREE_POSIX 1
| #define HAVE_FREXP_IN_LIBC 1
| #define GNULIB_TEST_FREXP 1
| #define HAVE_FREXPL_IN_LIBC 1
| #define GNULIB_TEST_FREXPL 1
| #define HAVE___FSETERR 1
| #define HAVE_NEWLOCALE 1
| #define HAVE_DUPLOCALE 1
| #define HAVE_FREELOCALE 1
| #define GNULIB_TEST_GETLOCALENAME_L_UNSAFE 1
| #define HAVE_NEWLOCALE 1
| #define HAVE_DUPLOCALE 1
| #define HAVE_FREELOCALE 1
| #define HAVE_INLINE 1
| #define HAVE_ISNAND_IN_LIBC 1
| #define HAVE_ISNANF_IN_LIBC 1
| #define HAVE_ISNANL_IN_LIBC 1
| #define HAVE_ISWBLANK 1
| #define HAVE_DECL_ISWBLANK 1
| #define GNULIB_TEST_ISWBLANK 1
| #define GNULIB_TEST_ISWDIGIT 1
| #define GNULIB_TEST_ISWPUNCT 1
| #define GNULIB_TEST_ISWXDIGIT 1
| #define GNULIB_TEST_LOCALECONV 1
| #define GNULIB_LOCALECONV 1
| #define GNULIB_TEST_LOCALENAME_ENVIRON 1
| #define GNULIB_TEST_LOCALENAME_UNSAFE 1
| #define HAVE_PTHREAD_RWLOCK 1
| #define HAVE_PTHREAD_MUTEX_RECURSIVE 1
| #define GNULIB_LOCK 1
| #define GNULIB_TEST_MALLOC_POSIX 1
| #define GNULIB_TEST_MBRTOC32 1
| #define GNULIB_TEST_MBRTOWC 1
| #define GNULIB_TEST_MBSINIT 1
| #define GNULIB_TEST_MBSNLEN 1
| #define GNULIB_TEST_MBSZERO 1
| #define GNULIB_TEST_MEMCHR 1
| #define HAVE_FREXP_IN_LIBC 1
| #define HAVE_LDEXP_IN_LIBC 1
| #define HAVE_FREXPL_IN_LIBC 1
| #define HAVE_LDEXPL_IN_LIBC 1
| #define GNULIB_TEST_PTHREAD_ONCE 1
| #define HAVE_VISIBILITY 1
| #define GNULIB_TEST_SETLOCALE_NULL 1
| #define GNULIB_TEST_SIGNBIT_NO_CXX 1
| #define HAVE_STDINT_H 1
| #define GNULIB_TEST_STRINGEQ 1
| #define GNULIB_TEST_STRNCAT 1
| #define GNULIB_TEST_STRNCPY 1
| #define GNULIB_TEST_STRSTR 1
| #define GNULIB_UNIGBRK_U16_GRAPHEME_BREAKS 1
| #define GNULIB_UNIGBRK_U16_GRAPHEME_NEXT 1
| #define GNULIB_UNIGBRK_U16_GRAPHEME_PREV 1
| #define GNULIB_UNIGBRK_U32_GRAPHEME_BREAKS 1
| #define GNULIB_UNIGBRK_U32_GRAPHEME_NEXT 1
| #define GNULIB_UNIGBRK_U32_GRAPHEME_PREV 1
| #define GNULIB_UNIGBRK_U8_GRAPHEME_BREAKS 1
| #define GNULIB_UNIGBRK_U8_GRAPHEME_NEXT 1
| #define GNULIB_UNIGBRK_U8_GRAPHEME_PREV 1
| #define GNULIB_UNIGBRK_UC_GRAPHEME_BREAKS 1
| #define GNULIB_UNIGBRK_ULC_GRAPHEME_BREAKS 1
| #define GNULIB_TEST_UNINORM_U16_NORMALIZE 1
| #define GNULIB_TEST_UNINORM_U32_NORMALIZE 1
| #define GNULIB_TEST_UNINORM_U8_NORMALIZE 1
| #define NEED_PRINTF_DIRECTIVE_B 1
| #define NEED_PRINTF_DIRECTIVE_B 1
| #define NEED_PRINTF_DIRECTIVE_B 1
| #define NEED_PRINTF_DIRECTIVE_B 1
| #define NEED_PRINTF_DIRECTIVE_B 1
| #define NEED_PRINTF_DIRECTIVE_B 1
| #define NEED_PRINTF_DIRECTIVE_B 1
| #define GNULIB_UNISTR_U16_MBTOUC 1
| #define GNULIB_UNISTR_U16_MBTOUC_UNSAFE 1
| #define GNULIB_UNISTR_U16_MBTOUCR 1
| #define GNULIB_UNISTR_U16_UCTOMB 1
| #define GNULIB_UNISTR_U32_MBTOUC 1
| #define GNULIB_UNISTR_U32_MBTOUC_UNSAFE 1
| #define GNULIB_UNISTR_U32_MBTOUCR 1
| #define GNULIB_UNISTR_U32_UCTOMB 1
| #define GNULIB_UNISTR_U8_MBTOUC 1
| #define GNULIB_UNISTR_U8_MBTOUC_UNSAFE 1
| #define GNULIB_UNISTR_U8_MBTOUCR 1
| #define HAVE_STPCPY 1
| #define GNULIB_UNISTR_U8_UCTOMB 1
| #define HAVE_DECL_WCWIDTH 1
| #define GNULIB_TEST_WCWIDTH 1
| #define HAVE_STDINT_H 1
| #define GNULIB_TEST_ACCEPT 1
| #define GNULIB_ACCEPT IN_LIBUNISTRING_GNULIB_TESTS
| #define HAVE_C_ALIGNASOF 1
| #define GNULIB_TEST_BIND 1
| #define GNULIB_BIND IN_LIBUNISTRING_GNULIB_TESTS
| #define GNULIB_TEST_BTOC32 1
| #define GNULIB_TEST_BTOWC 1
| #define GNULIB_TEST_C32RTOMB 1
| #define GNULIB_TEST_C32TOB 1
| #define GNULIB_TEST_CALLOC_GNU 1
| #define GNULIB_TEST_CALLOC_POSIX 1
| #define GNULIB_TEST_CLOEXEC 1
| #define GNULIB_TEST_CLOSE 1
| #define GNULIB_CLOSE IN_LIBUNISTRING_GNULIB_TESTS
| #define GNULIB_TEST_CONNECT 1
| #define GNULIB_CONNECT IN_LIBUNISTRING_GNULIB_TESTS
| #define GNULIB_TEST_DUP2 1
| #define GNULIB_TEST_ENVIRON 1
| #define GNULIB_TEST_FCNTL 1
| #define GNULIB_TEST_FDOPEN 1
| #define GNULIB_TEST_FSTAT 1
| #define GNULIB_FSTAT IN_LIBUNISTRING_GNULIB_TESTS
| #define HAVE_FTRUNCATE 1
| #define GNULIB_TEST_FTRUNCATE 1
| #define GNULIB_TEST_GETCWD 1
| #define GNULIB_TEST_GETDTABLESIZE 1
| #define HAVE_DECL_PROGRAM_INVOCATION_NAME 1
| #define HAVE_DECL_PROGRAM_INVOCATION_NAME 1
| #define HAVE_DECL_PROGRAM_INVOCATION_SHORT_NAME 1
| #define HAVE_DECL___ARGV 0
| #define GNULIB_TEST_GETPROGNAME 1
| #define GETTIMEOFDAY_TIMEZONE void
| #define GNULIB_TEST_GETTIMEOFDAY 1
| #define GNULIB_LOCALEDIR "/home/bloink/Work/unnamedlinuxdistro/fs/share/locale"
| #define HAVE_DUPLOCALE 1
| #define HAVE_DECL_INET_PTON 1
| #define HAVE_IOCTL 1
| #define GNULIB_TEST_IOCTL 1
| #define GNULIB_IOCTL IN_LIBUNISTRING_GNULIB_TESTS
| #define GNULIB_ISBLANK IN_LIBUNISTRING_GNULIB_TESTS
| #define HAVE___INLINE 1
| #define GNULIB_TEST_LISTEN 1
| #define GNULIB_LISTEN IN_LIBUNISTRING_GNULIB_TESTS
| #define HAVE_NEWLOCALE 1
| #define HAVE_NEWLOCALE 1
| #define GNULIB_TEST_LSTAT 1
| #define GNULIB_LSTAT IN_LIBUNISTRING_GNULIB_TESTS
| #define GNULIB_TEST_MALLOC_GNU 1
| #define HAVE_MBTOWC 1
| #define GNULIB_TEST_MBTOWC 1
| #define HAVE_MKFIFO 1
| #define GNULIB_TEST_MKFIFO 1
| #define GNULIB_MSVC_NOTHROW IN_LIBUNISTRING_GNULIB_TESTS
| #define HAVE_BUG_BIG_NANOSLEEP 1
| #define GNULIB_TEST_NANOSLEEP 1
| #define GNULIB_TEST_OPEN 1
| #define GNULIB_TEST_PERROR 1
| #define GNULIB_TEST_PIPE 1
| #define GNULIB_TEST_PSELECT 1
| #define GNULIB_TEST_PTHREAD_COND 1
| #define GNULIB_TEST_PTHREAD_MUTEX 1
| #define GNULIB_TEST_PTHREAD_RWLOCK 1
| #define GNULIB_TEST_PTHREAD_THREAD 1
| #define GNULIB_TEST_PTHREAD_MUTEX_TIMEDLOCK 1
| #define GNULIB_TEST_PTHREAD_SIGMASK 1
| #define GNULIB_TEST_PUTENV 1
| #define HAVE_RAISE 1
| #define GNULIB_TEST_RAISE 1
| #define HAVE_INITSTATE 1
| #define HAVE_SETSTATE 1
| #define GNULIB_TEST_RANDOM 1
| #define GNULIB_TEST_RANDOM_R 1
| #define HAVE_REALLOC_POSIX 1
| #define HAVE_REALLOC_0_NONNULL 1
| #define GNULIB_TEST_REALLOC_POSIX 1
| #define HAVE_REALLOCARRAY 1
| #define GNULIB_REALLOCARRAY IN_LIBUNISTRING_GNULIB_TESTS
| #define GNULIB_TEST_REALLOCARRAY 1
| #define GNULIB_TEST_SCHED_YIELD 1
| #define GNULIB_TEST_SELECT 1
| #define GNULIB_SELECT IN_LIBUNISTRING_GNULIB_TESTS
| #define GNULIB_TEST_SETENV 1
| #define NEED_SETLOCALE_IMPROVED 0
| #define NEED_SETLOCALE_MTSAFE 1
| #define GNULIB_TEST_SETLOCALE 1
| #define GNULIB_TEST_SETSOCKOPT 1
| #define GNULIB_SETSOCKOPT IN_LIBUNISTRING_GNULIB_TESTS
| #define GNULIB_TEST_SIGPROCMASK 1
| #define HAVE_DECL_SLEEP 1
| #define GNULIB_TEST_SLEEP 1
| #define GNULIB_TEST_SOCKET 1
| #define GNULIB_SOCKET IN_LIBUNISTRING_GNULIB_TESTS
| #define GNULIB_TEST_STAT 1
| #define GNULIB_STAT IN_LIBUNISTRING_GNULIB_TESTS
| #define HAVE_STRUCT_STAT_ST_ATIM_TV_NSEC 1
| #define TYPEOF_STRUCT_STAT_ST_ATIM_IS_STRUCT_TIMESPEC 1
| /* end confdefs.h.  */
| #include <sys/types.h>
|      #include <sys/stat.h>
| 
| int
| main (void)
| {
| static struct stat ac_aggr;
| if (sizeof ac_aggr.st_birthtimespec.tv_nsec)
| return 0;
|   ;
|   return 0;
| }
configure:81879: result: no
configure:81889: checking for struct stat.st_birthtimensec
configure:81889: gcc -c -g -O2  conftest.c >&5
conftest.c: In function 'main':
conftest.c:392:12: error: 'struct stat' has no member named 'st_birthtimensec'
  392 | if (ac_aggr.st_birthtimensec)
      |            ^
configure:81889: $? = 1
configure: failed program was:
| /* confdefs.h */
| #define PACKAGE_NAME "libunistring"
| #define PACKAGE_TARNAME "libunistring"
| #define PACKAGE_VERSION "dummy"
| #define PACKAGE_STRING "libunistring dummy"
| #define PACKAGE_BUGREPORT ""
| #define PACKAGE_URL ""
| #undef PACKAGE_VERSION
| #define PACKAGE_VERSION "1.4.2"
| #undef PACKAGE_STRING
| #define PACKAGE_STRING "libunistring 1.4.2"
| #define PACKAGE "libunistring"
| #define VERSION "1.4.2"
| #define HAVE_STDIO_H 1
| #define HAVE_STDLIB_H 1
| #define HAVE_STRING_H 1
| #define HAVE_INTTYPES_H 1
| #define HAVE_STDINT_H 1
| #define HAVE_STRINGS_H 1
| #define HAVE_SYS_STAT_H 1
| #define HAVE_SYS_TYPES_H 1
| #define HAVE_UNISTD_H 1
| #define HAVE_WCHAR_H 1
| #define HAVE_STDBOOL_H 1
| #define HAVE_UCHAR_H 1
| #define HAVE_THREADS_H 1
| #define HAVE_LANGINFO_H 1
| #define HAVE_ICONV_H 1
| #define HAVE_LIMITS_H 1
| #define HAVE_WCTYPE_H 1
| #define HAVE_MATH_H 1
| #define HAVE_SYS_MMAN_H 1
| #define HAVE_PTHREAD_H 1
| #define HAVE_STDCKDINT_H 1
| #define HAVE_SYS_TIME_H 1
| #define HAVE_FEATURES_H 1
| #define HAVE_SYS_SOCKET_H 1
| #define HAVE_ARPA_INET_H 1
| #define HAVE_NETDB_H 1
| #define HAVE_NETINET_IN_H 1
| #define HAVE_SEMAPHORE_H 1
| #define HAVE_SYS_PARAM_H 1
| #define HAVE_SYS_SELECT_H 1
| #define HAVE_SYS_WAIT_H 1
| #define HAVE_SYS_IOCTL_H 1
| #define HAVE_SYS_UN_H 1
| #define HAVE_SYS_UIO_H 1
| #define STDC_HEADERS 1
| #define _ALL_SOURCE 1
| #define _DARWIN_C_SOURCE 1
| #define _GNU_SOURCE 1
| #define _HPUX_ALT_XOPEN_SOCKET_API 1
| #define _NETBSD_SOURCE 1
| #define _OPENBSD_SOURCE 1
| #define _POSIX_PTHREAD_SEMANTICS 1
| #define __STDC_WANT_IEC_60559_ATTRIBS_EXT__ 1
| #define __STDC_WANT_IEC_60559_BFP_EXT__ 1
| #define __STDC_WANT_IEC_60559_DFP_EXT__ 1
| #define __STDC_WANT_IEC_60559_EXT__ 1
| #define __STDC_WANT_IEC_60559_FUNCS_EXT__ 1
| #define __STDC_WANT_IEC_60559_TYPES_EXT__ 1
| #define __STDC_WANT_LIB_EXT2__ 1
| #define __STDC_WANT_MATH_SPEC_FUNCS__ 1
| #define _TANDEM_SOURCE 1
| #define __EXTENSIONS__ 1
| #define _LINUX_SOURCE_COMPAT 1
| #define __USE_MINGW_ANSI_STDIO 1
| #define HAVE_DLFCN_H 1
| #define LT_OBJDIR ".libs/"
| #define HAVE_ALLOCA_H 1
| #define HAVE_ALLOCA 1
| #define restrict __restrict__
| #define BITSIZEOF_WCHAR_T 32
| #define HAVE_MBSTATE_T 1
| #define HAVE_MBSINIT 1
| #define HAVE_MBRTOWC 1
| #define HAVE_SYMLINK 1
| #define HAVE_ISWCNTRL 1
| #define HAVE_MPROTECT 1
| #define HAVE_SNPRINTF 1
| #define HAVE_STRDUP 1
| #define HAVE_WCWIDTH 1
| #define HAVE_BTOWC 1
| #define HAVE_FCNTL 1
| #define HAVE_GETDTABLESIZE 1
| #define HAVE_GETTIMEOFDAY 1
| #define HAVE_ISBLANK 1
| #define HAVE_LSTAT 1
| #define HAVE___XPG_STRERROR_R 1
| #define HAVE_PIPE 1
| #define HAVE_PSELECT 1
| #define HAVE_PTHREAD_SIGMASK 1
| #define HAVE_SETENV 1
| #define HAVE_SLEEP 1
| #define HAVE_SHUTDOWN 1
| #define HAVE_USLEEP 1
| #define HAVE_WCRTOMB 1
| #define HAVE_WCTOB 1
| #define HAVE_LANGINFO_CODESET 1
| #define HAVE_WORKING_MBRTOC32 1
| #define HAVE_WORKING_C32RTOMB 1
| #define HAVE_WORKING_O_DIRECTORY 1
| #define HAVE_WORKING_O_NOATIME 1
| #define HAVE_WORKING_O_NOFOLLOW 1
| #define HAVE_DECL_ALARM 1
| #define HAVE_PTHREAD_API 1
| #define SETLOCALE_NULL_ALL_MTSAFE 0
| #define SETLOCALE_NULL_ONE_MTSAFE 1
| #define HAVE_WEAK_SYMBOLS 1
| #define HAVE_USELOCALE 1
| #define HAVE_WORKING_USELOCALE 1
| #define HAVE_GOOD_USELOCALE 1
| #define HAVE_ICONV 1
| #define ICONV_CONST 
| #define HAVE_WINT_T 1
| #define HAVE_LONG_LONG_INT 1
| #define HAVE_UNSIGNED_LONG_LONG_INT 1
| #define DBL_EXPBIT0_WORD 1
| #define DBL_EXPBIT0_BIT 20
| #define FLT_EXPBIT0_WORD 0
| #define FLT_EXPBIT0_BIT 23
| #define LDBL_EXPBIT0_WORD 2
| #define LDBL_EXPBIT0_BIT 0
| #define HAVE_TOWLOWER 1
| #define HAVE_LC_MESSAGES 1
| #define MUSL_LIBC 1
| #define HAVE_WEAK_SYMBOLS 1
| #define USE_POSIX_THREADS 1
| #define USE_POSIX_THREADS_WEAK 1
| #define HAVE_MALLOC_PTRDIFF 1
| #define HAVE_MALLOC_POSIX 1
| #define HAVE_MALLOC_0_NONNULL 1
| #define HAVE_MINMAX_IN_SYS_PARAM_H 1
| #define HAVE_PTHREAD_T 1
| #define HAVE_PTHREAD_SPINLOCK_T 1
| #define INSTALLPREFIX "/home/bloink/Work/unnamedlinuxdistro/fs"
| #define HAVE_DLADDR_IN_LIBC 1
| #define HAVE_SCHED_H 1
| #define HAVE_DECL_ECVT 1
| #define HAVE_DECL_FCVT 1
| #define HAVE_DECL_GCVT 1
| #define HAVE_DECL_STREQ 0
| #define HAVE_DECL_MEMEQ 0
| #define _USE_STD_STAT 1
| #define HAVE_DECL_EXECVPE 1
| #define HAVE_INTTYPES_H_WITH_UINTMAX 1
| #define HAVE_STDINT_H_WITH_UINTMAX 1
| #define HAVE_INTMAX_T 1
| #define HAVE_WCSLEN 1
| #define HAVE_SNPRINTF 1
| #define HAVE_STRNLEN 1
| #define HAVE_WCRTOMB 1
| #define HAVE_DECL__SNPRINTF 0
| #define HAVE_SNPRINTF_RETVAL_C99 1
| #define HAVE_SNPRINTF_TRUNCATION_C99 1
| #define CHECK_PRINTF_SAFE 1
| #define HAVE_DECL_WCSDUP 1
| #define HAVE_SHUTDOWN 1
| #define HAVE_STRUCT_SOCKADDR_STORAGE 1
| #define HAVE_SA_FAMILY_T 1
| #define HAVE_STRUCT_SOCKADDR_STORAGE_SS_FAMILY 1
| #define HAVE_ENVIRON_DECL 1
| #define HAVE_DECL_STRERROR_R 1
| #define HAVE_STRERROR_R 1
| #define HAVE_DECL_GETDTABLESIZE 1
| #define HAVE_IPV4 1
| #define HAVE_IPV6 1
| #define LSTAT_FOLLOWS_SLASHED_SYMLINK 1
| #define PROMOTED_MODE_T mode_t
| #define HAVE_STRERROR_R 1
| #define HAVE_DECL__PUTENV 0
| #define HAVE_SIGSET_T 1
| #define HAVE_DECL_INITSTATE 1
| #define HAVE_DECL_SETSTATE 1
| #define HAVE_DECL_SETENV 1
| #define HAVE_SEARCH_H 1
| #define HAVE_TSEARCH 1
| #define HAVE_DECL_FCLOSEALL 0
| #define HAVE_DECL_GETW 1
| #define HAVE_DECL_PUTW 1
| #define HAVE_DECL_UNSETENV 1
| #define HAVE_ALLOCA 1
| #define HAVE_C_STATIC_ASSERT 1
| #define HAVE_C_BOOL 1
| #define HAVE___BUILTIN_EXPECT 1
| #define GNULIB_TEST_C32ISALNUM 1
| #define GNULIB_TEST_C32ISALPHA 1
| #define GNULIB_TEST_C32ISBLANK 1
| #define GNULIB_TEST_C32ISCNTRL 1
| #define GNULIB_TEST_C32ISDIGIT 1
| #define GNULIB_TEST_C32ISGRAPH 1
| #define GNULIB_TEST_C32ISLOWER 1
| #define GNULIB_TEST_C32ISPRINT 1
| #define GNULIB_TEST_C32ISPUNCT 1
| #define GNULIB_TEST_C32ISSPACE 1
| #define GNULIB_TEST_C32ISUPPER 1
| #define GNULIB_TEST_C32ISXDIGIT 1
| #define GNULIB_TEST_C32TOLOWER 1
| #define GNULIB_TEST_C32WIDTH 1
| #define FLEXIBLE_ARRAY_MEMBER /**/
| #define GNULIB_TEST_FREE_POSIX 1
| #define HAVE_FREXP_IN_LIBC 1
| #define GNULIB_TEST_FREXP 1
| #define HAVE_FREXPL_IN_LIBC 1
| #define GNULIB_TEST_FREXPL 1
| #define HAVE___FSETERR 1
| #define HAVE_NEWLOCALE 1
| #define HAVE_DUPLOCALE 1
| #define HAVE_FREELOCALE 1
| #define GNULIB_TEST_GETLOCALENAME_L_UNSAFE 1
| #define HAVE_NEWLOCALE 1
| #define HAVE_DUPLOCALE 1
| #define HAVE_FREELOCALE 1
| #define HAVE_INLINE 1
| #define HAVE_ISNAND_IN_LIBC 1
| #define HAVE_ISNANF_IN_LIBC 1
| #define HAVE_ISNANL_IN_LIBC 1
| #define HAVE_ISWBLANK 1
| #define HAVE_DECL_ISWBLANK 1
| #define GNULIB_TEST_ISWBLANK 1
| #define GNULIB_TEST_ISWDIGIT 1
| #define GNULIB_TEST_ISWPUNCT 1
| #define GNULIB_TEST_ISWXDIGIT 1
| #define GNULIB_TEST_LOCALECONV 1
| #define GNULIB_LOCALECONV 1
| #define GNULIB_TEST_LOCALENAME_ENVIRON 1
| #define GNULIB_TEST_LOCALENAME_UNSAFE 1
| #define HAVE_PTHREAD_RWLOCK 1
| #define HAVE_PTHREAD_MUTEX_RECURSIVE 1
| #define GNULIB_LOCK 1
| #define GNULIB_TEST_MALLOC_POSIX 1
| #define GNULIB_TEST_MBRTOC32 1
| #define GNULIB_TEST_MBRTOWC 1
| #define GNULIB_TEST_MBSINIT 1
| #define GNULIB_TEST_MBSNLEN 1
| #define GNULIB_TEST_MBSZERO 1
| #define GNULIB_TEST_MEMCHR 1
| #define HAVE_FREXP_IN_LIBC 1
| #define HAVE_LDEXP_IN_LIBC 1
| #define HAVE_FREXPL_IN_LIBC 1
| #define HAVE_LDEXPL_IN_LIBC 1
| #define GNULIB_TEST_PTHREAD_ONCE 1
| #define HAVE_VISIBILITY 1
| #define GNULIB_TEST_SETLOCALE_NULL 1
| #define GNULIB_TEST_SIGNBIT_NO_CXX 1
| #define HAVE_STDINT_H 1
| #define GNULIB_TEST_STRINGEQ 1
| #define GNULIB_TEST_STRNCAT 1
| #define GNULIB_TEST_STRNCPY 1
| #define GNULIB_TEST_STRSTR 1
| #define GNULIB_UNIGBRK_U16_GRAPHEME_BREAKS 1
| #define GNULIB_UNIGBRK_U16_GRAPHEME_NEXT 1
| #define GNULIB_UNIGBRK_U16_GRAPHEME_PREV 1
| #define GNULIB_UNIGBRK_U32_GRAPHEME_BREAKS 1
| #define GNULIB_UNIGBRK_U32_GRAPHEME_NEXT 1
| #define GNULIB_UNIGBRK_U32_GRAPHEME_PREV 1
| #define GNULIB_UNIGBRK_U8_GRAPHEME_BREAKS 1
| #define GNULIB_UNIGBRK_U8_GRAPHEME_NEXT 1
| #define GNULIB_UNIGBRK_U8_GRAPHEME_PREV 1
| #define GNULIB_UNIGBRK_UC_GRAPHEME_BREAKS 1
| #define GNULIB_UNIGBRK_ULC_GRAPHEME_BREAKS 1
| #define GNULIB_TEST_UNINORM_U16_NORMALIZE 1
| #define GNULIB_TEST_UNINORM_U32_NORMALIZE 1
| #define GNULIB_TEST_UNINORM_U8_NORMALIZE 1
| #define NEED_PRINTF_DIRECTIVE_B 1
| #define NEED_PRINTF_DIRECTIVE_B 1
| #define NEED_PRINTF_DIRECTIVE_B 1
| #define NEED_PRINTF_DIRECTIVE_B 1
| #define NEED_PRINTF_DIRECTIVE_B 1
| #define NEED_PRINTF_DIRECTIVE_B 1
| #define NEED_PRINTF_DIRECTIVE_B 1
| #define GNULIB_UNISTR_U16_MBTOUC 1
| #define GNULIB_UNISTR_U16_MBTOUC_UNSAFE 1
| #define GNULIB_UNISTR_U16_MBTOUCR 1
| #define GNULIB_UNISTR_U16_UCTOMB 1
| #define GNULIB_UNISTR_U32_MBTOUC 1
| #define GNULIB_UNISTR_U32_MBTOUC_UNSAFE 1
| #define GNULIB_UNISTR_U32_MBTOUCR 1
| #define GNULIB_UNISTR_U32_UCTOMB 1
| #define GNULIB_UNISTR_U8_MBTOUC 1
| #define GNULIB_UNISTR_U8_MBTOUC_UNSAFE 1
| #define GNULIB_UNISTR_U8_MBTOUCR 1
| #define HAVE_STPCPY 1
| #define GNULIB_UNISTR_U8_UCTOMB 1
| #define HAVE_DECL_WCWIDTH 1
| #define GNULIB_TEST_WCWIDTH 1
| #define HAVE_STDINT_H 1
| #define GNULIB_TEST_ACCEPT 1
| #define GNULIB_ACCEPT IN_LIBUNISTRING_GNULIB_TESTS
| #define HAVE_C_ALIGNASOF 1
| #define GNULIB_TEST_BIND 1
| #define GNULIB_BIND IN_LIBUNISTRING_GNULIB_TESTS
| #define GNULIB_TEST_BTOC32 1
| #define GNULIB_TEST_BTOWC 1
| #define GNULIB_TEST_C32RTOMB 1
| #define GNULIB_TEST_C32TOB 1
| #define GNULIB_TEST_CALLOC_GNU 1
| #define GNULIB_TEST_CALLOC_POSIX 1
| #define GNULIB_TEST_CLOEXEC 1
| #define GNULIB_TEST_CLOSE 1
| #define GNULIB_CLOSE IN_LIBUNISTRING_GNULIB_TESTS
| #define GNULIB_TEST_CONNECT 1
| #define GNULIB_CONNECT IN_LIBUNISTRING_GNULIB_TESTS
| #define GNULIB_TEST_DUP2 1
| #define GNULIB_TEST_ENVIRON 1
| #define GNULIB_TEST_FCNTL 1
| #define GNULIB_TEST_FDOPEN 1
| #define GNULIB_TEST_FSTAT 1
| #define GNULIB_FSTAT IN_LIBUNISTRING_GNULIB_TESTS
| #define HAVE_FTRUNCATE 1
| #define GNULIB_TEST_FTRUNCATE 1
| #define GNULIB_TEST_GETCWD 1
| #define GNULIB_TEST_GETDTABLESIZE 1
| #define HAVE_DECL_PROGRAM_INVOCATION_NAME 1
| #define HAVE_DECL_PROGRAM_INVOCATION_NAME 1
| #define HAVE_DECL_PROGRAM_INVOCATION_SHORT_NAME 1
| #define HAVE_DECL___ARGV 0
| #define GNULIB_TEST_GETPROGNAME 1
| #define GETTIMEOFDAY_TIMEZONE void
| #define GNULIB_TEST_GETTIMEOFDAY 1
| #define GNULIB_LOCALEDIR "/home/bloink/Work/unnamedlinuxdistro/fs/share/locale"
| #define HAVE_DUPLOCALE 1
| #define HAVE_DECL_INET_PTON 1
| #define HAVE_IOCTL 1
| #define GNULIB_TEST_IOCTL 1
| #define GNULIB_IOCTL IN_LIBUNISTRING_GNULIB_TESTS
| #define GNULIB_ISBLANK IN_LIBUNISTRING_GNULIB_TESTS
| #define HAVE___INLINE 1
| #define GNULIB_TEST_LISTEN 1
| #define GNULIB_LISTEN IN_LIBUNISTRING_GNULIB_TESTS
| #define HAVE_NEWLOCALE 1
| #define HAVE_NEWLOCALE 1
| #define GNULIB_TEST_LSTAT 1
| #define GNULIB_LSTAT IN_LIBUNISTRING_GNULIB_TESTS
| #define GNULIB_TEST_MALLOC_GNU 1
| #define HAVE_MBTOWC 1
| #define GNULIB_TEST_MBTOWC 1
| #define HAVE_MKFIFO 1
| #define GNULIB_TEST_MKFIFO 1
| #define GNULIB_MSVC_NOTHROW IN_LIBUNISTRING_GNULIB_TESTS
| #define HAVE_BUG_BIG_NANOSLEEP 1
| #define GNULIB_TEST_NANOSLEEP 1
| #define GNULIB_TEST_OPEN 1
| #define GNULIB_TEST_PERROR 1
| #define GNULIB_TEST_PIPE 1
| #define GNULIB_TEST_PSELECT 1
| #define GNULIB_TEST_PTHREAD_COND 1
| #define GNULIB_TEST_PTHREAD_MUTEX 1
| #define GNULIB_TEST_PTHREAD_RWLOCK 1
| #define GNULIB_TEST_PTHREAD_THREAD 1
| #define GNULIB_TEST_PTHREAD_MUTEX_TIMEDLOCK 1
| #define GNULIB_TEST_PTHREAD_SIGMASK 1
| #define GNULIB_TEST_PUTENV 1
| #define HAVE_RAISE 1
| #define GNULIB_TEST_RAISE 1
| #define HAVE_INITSTATE 1
| #define HAVE_SETSTATE 1
| #define GNULIB_TEST_RANDOM 1
| #define GNULIB_TEST_RANDOM_R 1
| #define HAVE_REALLOC_POSIX 1
| #define HAVE_REALLOC_0_NONNULL 1
| #define GNULIB_TEST_REALLOC_POSIX 1
| #define HAVE_REALLOCARRAY 1
| #define GNULIB_REALLOCARRAY IN_LIBUNISTRING_GNULIB_TESTS
| #define GNULIB_TEST_REALLOCARRAY 1
| #define GNULIB_TEST_SCHED_YIELD 1
| #define GNULIB_TEST_SELECT 1
| #define GNULIB_SELECT IN_LIBUNISTRING_GNULIB_TESTS
| #define GNULIB_TEST_SETENV 1
| #define NEED_SETLOCALE_IMPROVED 0
| #define NEED_SETLOCALE_MTSAFE 1
| #define GNULIB_TEST_SETLOCALE 1
| #define GNULIB_TEST_SETSOCKOPT 1
| #define GNULIB_SETSOCKOPT IN_LIBUNISTRING_GNULIB_TESTS
| #define GNULIB_TEST_SIGPROCMASK 1
| #define HAVE_DECL_SLEEP 1
| #define GNULIB_TEST_SLEEP 1
| #define GNULIB_TEST_SOCKET 1
| #define GNULIB_SOCKET IN_LIBUNISTRING_GNULIB_TESTS
| #define GNULIB_TEST_STAT 1
| #define GNULIB_STAT IN_LIBUNISTRING_GNULIB_TESTS
| #define HAVE_STRUCT_STAT_ST_ATIM_TV_NSEC 1
| #define TYPEOF_STRUCT_STAT_ST_ATIM_IS_STRUCT_TIMESPEC 1
| /* end confdefs.h.  */
| #include <sys/types.h>
|         #include <sys/stat.h>
| 
| int
| main (void)
| {
| static struct stat ac_aggr;
| if (ac_aggr.st_birthtimensec)
| return 0;
|   ;
|   return 0;
| }
configure:81889: gcc -c -g -O2  conftest.c >&5
conftest.c: In function 'main':
conftest.c:392:19: error: 'struct stat' has no member named 'st_birthtimensec'
  392 | if (sizeof ac_aggr.st_birthtimensec)
      |                   ^
configure:81889: $? = 1
configure: failed program was:
| /* confdefs.h */
| #define PACKAGE_NAME "libunistring"
| #define PACKAGE_TARNAME "libunistring"
| #define PACKAGE_VERSION "dummy"
| #define PACKAGE_STRING "libunistring dummy"
| #define PACKAGE_BUGREPORT ""
| #define PACKAGE_URL ""
| #undef PACKAGE_VERSION
| #define PACKAGE_VERSION "1.4.2"
| #undef PACKAGE_STRING
| #define PACKAGE_STRING "libunistring 1.4.2"
| #define PACKAGE "libunistring"
| #define VERSION "1.4.2"
| #define HAVE_STDIO_H 1
| #define HAVE_STDLIB_H 1
| #define HAVE_STRING_H 1
| #define HAVE_INTTYPES_H 1
| #define HAVE_STDINT_H 1
| #define HAVE_STRINGS_H 1
| #define HAVE_SYS_STAT_H 1
| #define HAVE_SYS_TYPES_H 1
| #define HAVE_UNISTD_H 1
| #define HAVE_WCHAR_H 1
| #define HAVE_STDBOOL_H 1
| #define HAVE_UCHAR_H 1
| #define HAVE_THREADS_H 1
| #define HAVE_LANGINFO_H 1
| #define HAVE_ICONV_H 1
| #define HAVE_LIMITS_H 1
| #define HAVE_WCTYPE_H 1
| #define HAVE_MATH_H 1
| #define HAVE_SYS_MMAN_H 1
| #define HAVE_PTHREAD_H 1
| #define HAVE_STDCKDINT_H 1
| #define HAVE_SYS_TIME_H 1
| #define HAVE_FEATURES_H 1
| #define HAVE_SYS_SOCKET_H 1
| #define HAVE_ARPA_INET_H 1
| #define HAVE_NETDB_H 1
| #define HAVE_NETINET_IN_H 1
| #define HAVE_SEMAPHORE_H 1
| #define HAVE_SYS_PARAM_H 1
| #define HAVE_SYS_SELECT_H 1
| #define HAVE_SYS_WAIT_H 1
| #define HAVE_SYS_IOCTL_H 1
| #define HAVE_SYS_UN_H 1
| #define HAVE_SYS_UIO_H 1
| #define STDC_HEADERS 1
| #define _ALL_SOURCE 1
| #define _DARWIN_C_SOURCE 1
| #define _GNU_SOURCE 1
| #define _HPUX_ALT_XOPEN_SOCKET_API 1
| #define _NETBSD_SOURCE 1
| #define _OPENBSD_SOURCE 1
| #define _POSIX_PTHREAD_SEMANTICS 1
| #define __STDC_WANT_IEC_60559_ATTRIBS_EXT__ 1
| #define __STDC_WANT_IEC_60559_BFP_EXT__ 1
| #define __STDC_WANT_IEC_60559_DFP_EXT__ 1
| #define __STDC_WANT_IEC_60559_EXT__ 1
| #define __STDC_WANT_IEC_60559_FUNCS_EXT__ 1
| #define __STDC_WANT_IEC_60559_TYPES_EXT__ 1
| #define __STDC_WANT_LIB_EXT2__ 1
| #define __STDC_WANT_MATH_SPEC_FUNCS__ 1
| #define _TANDEM_SOURCE 1
| #define __EXTENSIONS__ 1
| #define _LINUX_SOURCE_COMPAT 1
| #define __USE_MINGW_ANSI_STDIO 1
| #define HAVE_DLFCN_H 1
| #define LT_OBJDIR ".libs/"
| #define HAVE_ALLOCA_H 1
| #define HAVE_ALLOCA 1
| #define restrict __restrict__
| #define BITSIZEOF_WCHAR_T 32
| #define HAVE_MBSTATE_T 1
| #define HAVE_MBSINIT 1
| #define HAVE_MBRTOWC 1
| #define HAVE_SYMLINK 1
| #define HAVE_ISWCNTRL 1
| #define HAVE_MPROTECT 1
| #define HAVE_SNPRINTF 1
| #define HAVE_STRDUP 1
| #define HAVE_WCWIDTH 1
| #define HAVE_BTOWC 1
| #define HAVE_FCNTL 1
| #define HAVE_GETDTABLESIZE 1
| #define HAVE_GETTIMEOFDAY 1
| #define HAVE_ISBLANK 1
| #define HAVE_LSTAT 1
| #define HAVE___XPG_STRERROR_R 1
| #define HAVE_PIPE 1
| #define HAVE_PSELECT 1
| #define HAVE_PTHREAD_SIGMASK 1
| #define HAVE_SETENV 1
| #define HAVE_SLEEP 1
| #define HAVE_SHUTDOWN 1
| #define HAVE_USLEEP 1
| #define HAVE_WCRTOMB 1
| #define HAVE_WCTOB 1
| #define HAVE_LANGINFO_CODESET 1
| #define HAVE_WORKING_MBRTOC32 1
| #define HAVE_WORKING_C32RTOMB 1
| #define HAVE_WORKING_O_DIRECTORY 1
| #define HAVE_WORKING_O_NOATIME 1
| #define HAVE_WORKING_O_NOFOLLOW 1
| #define HAVE_DECL_ALARM 1
| #define HAVE_PTHREAD_API 1
| #define SETLOCALE_NULL_ALL_MTSAFE 0
| #define SETLOCALE_NULL_ONE_MTSAFE 1
| #define HAVE_WEAK_SYMBOLS 1
| #define HAVE_USELOCALE 1
| #define HAVE_WORKING_USELOCALE 1
| #define HAVE_GOOD_USELOCALE 1
| #define HAVE_ICONV 1
| #define ICONV_CONST 
| #define HAVE_WINT_T 1
| #define HAVE_LONG_LONG_INT 1
| #define HAVE_UNSIGNED_LONG_LONG_INT 1
| #define DBL_EXPBIT0_WORD 1
| #define DBL_EXPBIT0_BIT 20
| #define FLT_EXPBIT0_WORD 0
| #define FLT_EXPBIT0_BIT 23
| #define LDBL_EXPBIT0_WORD 2
| #define LDBL_EXPBIT0_BIT 0
| #define HAVE_TOWLOWER 1
| #define HAVE_LC_MESSAGES 1
| #define MUSL_LIBC 1
| #define HAVE_WEAK_SYMBOLS 1
| #define USE_POSIX_THREADS 1
| #define USE_POSIX_THREADS_WEAK 1
| #define HAVE_MALLOC_PTRDIFF 1
| #define HAVE_MALLOC_POSIX 1
| #define HAVE_MALLOC_0_NONNULL 1
| #define HAVE_MINMAX_IN_SYS_PARAM_H 1
| #define HAVE_PTHREAD_T 1
| #define HAVE_PTHREAD_SPINLOCK_T 1
| #define INSTALLPREFIX "/home/bloink/Work/unnamedlinuxdistro/fs"
| #define HAVE_DLADDR_IN_LIBC 1
| #define HAVE_SCHED_H 1
| #define HAVE_DECL_ECVT 1
| #define HAVE_DECL_FCVT 1
| #define HAVE_DECL_GCVT 1
| #define HAVE_DECL_STREQ 0
| #define HAVE_DECL_MEMEQ 0
| #define _USE_STD_STAT 1
| #define HAVE_DECL_EXECVPE 1
| #define HAVE_INTTYPES_H_WITH_UINTMAX 1
| #define HAVE_STDINT_H_WITH_UINTMAX 1
| #define HAVE_INTMAX_T 1
| #define HAVE_WCSLEN 1
| #define HAVE_SNPRINTF 1
| #define HAVE_STRNLEN 1
| #define HAVE_WCRTOMB 1
| #define HAVE_DECL__SNPRINTF 0
| #define HAVE_SNPRINTF_RETVAL_C99 1
| #define HAVE_SNPRINTF_TRUNCATION_C99 1
| #define CHECK_PRINTF_SAFE 1
| #define HAVE_DECL_WCSDUP 1
| #define HAVE_SHUTDOWN 1
| #define HAVE_STRUCT_SOCKADDR_STORAGE 1
| #define HAVE_SA_FAMILY_T 1
| #define HAVE_STRUCT_SOCKADDR_STORAGE_SS_FAMILY 1
| #define HAVE_ENVIRON_DECL 1
| #define HAVE_DECL_STRERROR_R 1
| #define HAVE_STRERROR_R 1
| #define HAVE_DECL_GETDTABLESIZE 1
| #define HAVE_IPV4 1
| #define HAVE_IPV6 1
| #define LSTAT_FOLLOWS_SLASHED_SYMLINK 1
| #define PROMOTED_MODE_T mode_t
| #define HAVE_STRERROR_R 1
| #define HAVE_DECL__PUTENV 0
| #define HAVE_SIGSET_T 1
| #define HAVE_DECL_INITSTATE 1
| #define HAVE_DECL_SETSTATE 1
| #define HAVE_DECL_SETENV 1
| #define HAVE_SEARCH_H 1
| #define HAVE_TSEARCH 1
| #define HAVE_DECL_FCLOSEALL 0
| #define HAVE_DECL_GETW 1
| #define HAVE_DECL_PUTW 1
| #define HAVE_DECL_UNSETENV 1
| #define HAVE_ALLOCA 1
| #define HAVE_C_STATIC_ASSERT 1
| #define HAVE_C_BOOL 1
| #define HAVE___BUILTIN_EXPECT 1
| #define GNULIB_TEST_C32ISALNUM 1
| #define GNULIB_TEST_C32ISALPHA 1
| #define GNULIB_TEST_C32ISBLANK 1
| #define GNULIB_TEST_C32ISCNTRL 1
| #define GNULIB_TEST_C32ISDIGIT 1
| #define GNULIB_TEST_C32ISGRAPH 1
| #define GNULIB_TEST_C32ISLOWER 1
| #define GNULIB_TEST_C32ISPRINT 1
| #define GNULIB_TEST_C32ISPUNCT 1
| #define GNULIB_TEST_C32ISSPACE 1
| #define GNULIB_TEST_C32ISUPPER 1
| #define GNULIB_TEST_C32ISXDIGIT 1
| #define GNULIB_TEST_C32TOLOWER 1
| #define GNULIB_TEST_C32WIDTH 1
| #define FLEXIBLE_ARRAY_MEMBER /**/
| #define GNULIB_TEST_FREE_POSIX 1
| #define HAVE_FREXP_IN_LIBC 1
| #define GNULIB_TEST_FREXP 1
| #define HAVE_FREXPL_IN_LIBC 1
| #define GNULIB_TEST_FREXPL 1
| #define HAVE___FSETERR 1
| #define HAVE_NEWLOCALE 1
| #define HAVE_DUPLOCALE 1
| #define HAVE_FREELOCALE 1
| #define GNULIB_TEST_GETLOCALENAME_L_UNSAFE 1
| #define HAVE_NEWLOCALE 1
| #define HAVE_DUPLOCALE 1
| #define HAVE_FREELOCALE 1
| #define HAVE_INLINE 1
| #define HAVE_ISNAND_IN_LIBC 1
| #define HAVE_ISNANF_IN_LIBC 1
| #define HAVE_ISNANL_IN_LIBC 1
| #define HAVE_ISWBLANK 1
| #define HAVE_DECL_ISWBLANK 1
| #define GNULIB_TEST_ISWBLANK 1
| #define GNULIB_TEST_ISWDIGIT 1
| #define GNULIB_TEST_ISWPUNCT 1
| #define GNULIB_TEST_ISWXDIGIT 1
| #define GNULIB_TEST_LOCALECONV 1
| #define GNULIB_LOCALECONV 1
| #define GNULIB_TEST_LOCALENAME_ENVIRON 1
| #define GNULIB_TEST_LOCALENAME_UNSAFE 1
| #define HAVE_PTHREAD_RWLOCK 1
| #define HAVE_PTHREAD_MUTEX_RECURSIVE 1
| #define GNULIB_LOCK 1
| #define GNULIB_TEST_MALLOC_POSIX 1
| #define GNULIB_TEST_MBRTOC32 1
| #define GNULIB_TEST_MBRTOWC 1
| #define GNULIB_TEST_MBSINIT 1
| #define GNULIB_TEST_MBSNLEN 1
| #define GNULIB_TEST_MBSZERO 1
| #define GNULIB_TEST_MEMCHR 1
| #define HAVE_FREXP_IN_LIBC 1
| #define HAVE_LDEXP_IN_LIBC 1
| #define HAVE_FREXPL_IN_LIBC 1
| #define HAVE_LDEXPL_IN_LIBC 1
| #define GNULIB_TEST_PTHREAD_ONCE 1
| #define HAVE_VISIBILITY 1
| #define GNULIB_TEST_SETLOCALE_NULL 1
| #define GNULIB_TEST_SIGNBIT_NO_CXX 1
| #define HAVE_STDINT_H 1
| #define GNULIB_TEST_STRINGEQ 1
| #define GNULIB_TEST_STRNCAT 1
| #define GNULIB_TEST_STRNCPY 1
| #define GNULIB_TEST_STRSTR 1
| #define GNULIB_UNIGBRK_U16_GRAPHEME_BREAKS 1
| #define GNULIB_UNIGBRK_U16_GRAPHEME_NEXT 1
| #define GNULIB_UNIGBRK_U16_GRAPHEME_PREV 1
| #define GNULIB_UNIGBRK_U32_GRAPHEME_BREAKS 1
| #define GNULIB_UNIGBRK_U32_GRAPHEME_NEXT 1
| #define GNULIB_UNIGBRK_U32_GRAPHEME_PREV 1
| #define GNULIB_UNIGBRK_U8_GRAPHEME_BREAKS 1
| #define GNULIB_UNIGBRK_U8_GRAPHEME_NEXT 1
| #define GNULIB_UNIGBRK_U8_GRAPHEME_PREV 1
| #define GNULIB_UNIGBRK_UC_GRAPHEME_BREAKS 1
| #define GNULIB_UNIGBRK_ULC_GRAPHEME_BREAKS 1
| #define GNULIB_TEST_UNINORM_U16_NORMALIZE 1
| #define GNULIB_TEST_UNINORM_U32_NORMALIZE 1
| #define GNULIB_TEST_UNINORM_U8_NORMALIZE 1
| #define NEED_PRINTF_DIRECTIVE_B 1
| #define NEED_PRINTF_DIRECTIVE_B 1
| #define NEED_PRINTF_DIRECTIVE_B 1
| #define NEED_PRINTF_DIRECTIVE_B 1
| #define NEED_PRINTF_DIRECTIVE_B 1
| #define NEED_PRINTF_DIRECTIVE_B 1
| #define NEED_PRINTF_DIRECTIVE_B 1
| #define GNULIB_UNISTR_U16_MBTOUC 1
| #define GNULIB_UNISTR_U16_MBTOUC_UNSAFE 1
| #define GNULIB_UNISTR_U16_MBTOUCR 1
| #define GNULIB_UNISTR_U16_UCTOMB 1
| #define GNULIB_UNISTR_U32_MBTOUC 1
| #define GNULIB_UNISTR_U32_MBTOUC_UNSAFE 1
| #define GNULIB_UNISTR_U32_MBTOUCR 1
| #define GNULIB_UNISTR_U32_UCTOMB 1
| #define GNULIB_UNISTR_U8_MBTOUC 1
| #define GNULIB_UNISTR_U8_MBTOUC_UNSAFE 1
| #define GNULIB_UNISTR_U8_MBTOUCR 1
| #define HAVE_STPCPY 1
| #define GNULIB_UNISTR_U8_UCTOMB 1
| #define HAVE_DECL_WCWIDTH 1
| #define GNULIB_TEST_WCWIDTH 1
| #define HAVE_STDINT_H 1
| #define GNULIB_TEST_ACCEPT 1
| #define GNULIB_ACCEPT IN_LIBUNISTRING_GNULIB_TESTS
| #define HAVE_C_ALIGNASOF 1
| #define GNULIB_TEST_BIND 1
| #define GNULIB_BIND IN_LIBUNISTRING_GNULIB_TESTS
| #define GNULIB_TEST_BTOC32 1
| #define GNULIB_TEST_BTOWC 1
| #define GNULIB_TEST_C32RTOMB 1
| #define GNULIB_TEST_C32TOB 1
| #define GNULIB_TEST_CALLOC_GNU 1
| #define GNULIB_TEST_CALLOC_POSIX 1
| #define GNULIB_TEST_CLOEXEC 1
| #define GNULIB_TEST_CLOSE 1
| #define GNULIB_CLOSE IN_LIBUNISTRING_GNULIB_TESTS
| #define GNULIB_TEST_CONNECT 1
| #define GNULIB_CONNECT IN_LIBUNISTRING_GNULIB_TESTS
| #define GNULIB_TEST_DUP2 1
| #define GNULIB_TEST_ENVIRON 1
| #define GNULIB_TEST_FCNTL 1
| #define GNULIB_TEST_FDOPEN 1
| #define GNULIB_TEST_FSTAT 1
| #define GNULIB_FSTAT IN_LIBUNISTRING_GNULIB_TESTS
| #define HAVE_FTRUNCATE 1
| #define GNULIB_TEST_FTRUNCATE 1
| #define GNULIB_TEST_GETCWD 1
| #define GNULIB_TEST_GETDTABLESIZE 1
| #define HAVE_DECL_PROGRAM_INVOCATION_NAME 1
| #define HAVE_DECL_PROGRAM_INVOCATION_NAME 1
| #define HAVE_DECL_PROGRAM_INVOCATION_SHORT_NAME 1
| #define HAVE_DECL___ARGV 0
| #define GNULIB_TEST_GETPROGNAME 1
| #define GETTIMEOFDAY_TIMEZONE void
| #define GNULIB_TEST_GETTIMEOFDAY 1
| #define GNULIB_LOCALEDIR "/home/bloink/Work/unnamedlinuxdistro/fs/share/locale"
| #define HAVE_DUPLOCALE 1
| #define HAVE_DECL_INET_PTON 1
| #define HAVE_IOCTL 1
| #define GNULIB_TEST_IOCTL 1
| #define GNULIB_IOCTL IN_LIBUNISTRING_GNULIB_TESTS
| #define GNULIB_ISBLANK IN_LIBUNISTRING_GNULIB_TESTS
| #define HAVE___INLINE 1
| #define GNULIB_TEST_LISTEN 1
| #define GNULIB_LISTEN IN_LIBUNISTRING_GNULIB_TESTS
| #define HAVE_NEWLOCALE 1
| #define HAVE_NEWLOCALE 1
| #define GNULIB_TEST_LSTAT 1
| #define GNULIB_LSTAT IN_LIBUNISTRING_GNULIB_TESTS
| #define GNULIB_TEST_MALLOC_GNU 1
| #define HAVE_MBTOWC 1
| #define GNULIB_TEST_MBTOWC 1
| #define HAVE_MKFIFO 1
| #define GNULIB_TEST_MKFIFO 1
| #define GNULIB_MSVC_NOTHROW IN_LIBUNISTRING_GNULIB_TESTS
| #define HAVE_BUG_BIG_NANOSLEEP 1
| #define GNULIB_TEST_NANOSLEEP 1
| #define GNULIB_TEST_OPEN 1
| #define GNULIB_TEST_PERROR 1
| #define GNULIB_TEST_PIPE 1
| #define GNULIB_TEST_PSELECT 1
| #define GNULIB_TEST_PTHREAD_COND 1
| #define GNULIB_TEST_PTHREAD_MUTEX 1
| #define GNULIB_TEST_PTHREAD_RWLOCK 1
| #define GNULIB_TEST_PTHREAD_THREAD 1
| #define GNULIB_TEST_PTHREAD_MUTEX_TIMEDLOCK 1
| #define GNULIB_TEST_PTHREAD_SIGMASK 1
| #define GNULIB_TEST_PUTENV 1
| #define HAVE_RAISE 1
| #define GNULIB_TEST_RAISE 1
| #define HAVE_INITSTATE 1
| #define HAVE_SETSTATE 1
| #define GNULIB_TEST_RANDOM 1
| #define GNULIB_TEST_RANDOM_R 1
| #define HAVE_REALLOC_POSIX 1
| #define HAVE_REALLOC_0_NONNULL 1
| #define GNULIB_TEST_REALLOC_POSIX 1
| #define HAVE_REALLOCARRAY 1
| #define GNULIB_REALLOCARRAY IN_LIBUNISTRING_GNULIB_TESTS
| #define GNULIB_TEST_REALLOCARRAY 1
| #define GNULIB_TEST_SCHED_YIELD 1
| #define GNULIB_TEST_SELECT 1
| #define GNULIB_SELECT IN_LIBUNISTRING_GNULIB_TESTS
| #define GNULIB_TEST_SETENV 1
| #define NEED_SETLOCALE_IMPROVED 0
| #define NEED_SETLOCALE_MTSAFE 1
| #define GNULIB_TEST_SETLOCALE 1
| #define GNULIB_TEST_SETSOCKOPT 1
| #define GNULIB_SETSOCKOPT IN_LIBUNISTRING_GNULIB_TESTS
| #define GNULIB_TEST_SIGPROCMASK 1
| #define HAVE_DECL_SLEEP 1
| #define GNULIB_TEST_SLEEP 1
| #define GNULIB_TEST_SOCKET 1
| #define GNULIB_SOCKET IN_LIBUNISTRING_GNULIB_TESTS
| #define GNULIB_TEST_STAT 1
| #define GNULIB_STAT IN_LIBUNISTRING_GNULIB_TESTS
| #define HAVE_STRUCT_STAT_ST_ATIM_TV_NSEC 1
| #define TYPEOF_STRUCT_STAT_ST_ATIM_IS_STRUCT_TIMESPEC 1
| /* end confdefs.h.  */
| #include <sys/types.h>
|         #include <sys/stat.h>
| 
| int
| main (void)
| {
| static struct stat ac_aggr;
| if (sizeof ac_aggr.st_birthtimensec)
| return 0;
|   ;
|   return 0;
| }
configure:81889: result: no
configure:81899: checking for struct stat.st_birthtim.tv_nsec
configure:81899: gcc -c -g -O2  conftest.c >&5
conftest.c: In function 'main':
conftest.c:392:12: error: 'struct stat' has no member named 'st_birthtim'
  392 | if (ac_aggr.st_birthtim.tv_nsec)
      |            ^
configure:81899: $? = 1
configure: failed program was:
| /* confdefs.h */
| #define PACKAGE_NAME "libunistring"
| #define PACKAGE_TARNAME "libunistring"
| #define PACKAGE_VERSION "dummy"
| #define PACKAGE_STRING "libunistring dummy"
| #define PACKAGE_BUGREPORT ""
| #define PACKAGE_URL ""
| #undef PACKAGE_VERSION
| #define PACKAGE_VERSION "1.4.2"
| #undef PACKAGE_STRING
| #define PACKAGE_STRING "libunistring 1.4.2"
| #define PACKAGE "libunistring"
| #define VERSION "1.4.2"
| #define HAVE_STDIO_H 1
| #define HAVE_STDLIB_H 1
| #define HAVE_STRING_H 1
| #define HAVE_INTTYPES_H 1
| #define HAVE_STDINT_H 1
| #define HAVE_STRINGS_H 1
| #define HAVE_SYS_STAT_H 1
| #define HAVE_SYS_TYPES_H 1
| #define HAVE_UNISTD_H 1
| #define HAVE_WCHAR_H 1
| #define HAVE_STDBOOL_H 1
| #define HAVE_UCHAR_H 1
| #define HAVE_THREADS_H 1
| #define HAVE_LANGINFO_H 1
| #define HAVE_ICONV_H 1
| #define HAVE_LIMITS_H 1
| #define HAVE_WCTYPE_H 1
| #define HAVE_MATH_H 1
| #define HAVE_SYS_MMAN_H 1
| #define HAVE_PTHREAD_H 1
| #define HAVE_STDCKDINT_H 1
| #define HAVE_SYS_TIME_H 1
| #define HAVE_FEATURES_H 1
| #define HAVE_SYS_SOCKET_H 1
| #define HAVE_ARPA_INET_H 1
| #define HAVE_NETDB_H 1
| #define HAVE_NETINET_IN_H 1
| #define HAVE_SEMAPHORE_H 1
| #define HAVE_SYS_PARAM_H 1
| #define HAVE_SYS_SELECT_H 1
| #define HAVE_SYS_WAIT_H 1
| #define HAVE_SYS_IOCTL_H 1
| #define HAVE_SYS_UN_H 1
| #define HAVE_SYS_UIO_H 1
| #define STDC_HEADERS 1
| #define _ALL_SOURCE 1
| #define _DARWIN_C_SOURCE 1
| #define _GNU_SOURCE 1
| #define _HPUX_ALT_XOPEN_SOCKET_API 1
| #define _NETBSD_SOURCE 1
| #define _OPENBSD_SOURCE 1
| #define _POSIX_PTHREAD_SEMANTICS 1
| #define __STDC_WANT_IEC_60559_ATTRIBS_EXT__ 1
| #define __STDC_WANT_IEC_60559_BFP_EXT__ 1
| #define __STDC_WANT_IEC_60559_DFP_EXT__ 1
| #define __STDC_WANT_IEC_60559_EXT__ 1
| #define __STDC_WANT_IEC_60559_FUNCS_EXT__ 1
| #define __STDC_WANT_IEC_60559_TYPES_EXT__ 1
| #define __STDC_WANT_LIB_EXT2__ 1
| #define __STDC_WANT_MATH_SPEC_FUNCS__ 1
| #define _TANDEM_SOURCE 1
| #define __EXTENSIONS__ 1
| #define _LINUX_SOURCE_COMPAT 1
| #define __USE_MINGW_ANSI_STDIO 1
| #define HAVE_DLFCN_H 1
| #define LT_OBJDIR ".libs/"
| #define HAVE_ALLOCA_H 1
| #define HAVE_ALLOCA 1
| #define restrict __restrict__
| #define BITSIZEOF_WCHAR_T 32
| #define HAVE_MBSTATE_T 1
| #define HAVE_MBSINIT 1
| #define HAVE_MBRTOWC 1
| #define HAVE_SYMLINK 1
| #define HAVE_ISWCNTRL 1
| #define HAVE_MPROTECT 1
| #define HAVE_SNPRINTF 1
| #define HAVE_STRDUP 1
| #define HAVE_WCWIDTH 1
| #define HAVE_BTOWC 1
| #define HAVE_FCNTL 1
| #define HAVE_GETDTABLESIZE 1
| #define HAVE_GETTIMEOFDAY 1
| #define HAVE_ISBLANK 1
| #define HAVE_LSTAT 1
| #define HAVE___XPG_STRERROR_R 1
| #define HAVE_PIPE 1
| #define HAVE_PSELECT 1
| #define HAVE_PTHREAD_SIGMASK 1
| #define HAVE_SETENV 1
| #define HAVE_SLEEP 1
| #define HAVE_SHUTDOWN 1
| #define HAVE_USLEEP 1
| #define HAVE_WCRTOMB 1
| #define HAVE_WCTOB 1
| #define HAVE_LANGINFO_CODESET 1
| #define HAVE_WORKING_MBRTOC32 1
| #define HAVE_WORKING_C32RTOMB 1
| #define HAVE_WORKING_O_DIRECTORY 1
| #define HAVE_WORKING_O_NOATIME 1
| #define HAVE_WORKING_O_NOFOLLOW 1
| #define HAVE_DECL_ALARM 1
| #define HAVE_PTHREAD_API 1
| #define SETLOCALE_NULL_ALL_MTSAFE 0
| #define SETLOCALE_NULL_ONE_MTSAFE 1
| #define HAVE_WEAK_SYMBOLS 1
| #define HAVE_USELOCALE 1
| #define HAVE_WORKING_USELOCALE 1
| #define HAVE_GOOD_USELOCALE 1
| #define HAVE_ICONV 1
| #define ICONV_CONST 
| #define HAVE_WINT_T 1
| #define HAVE_LONG_LONG_INT 1
| #define HAVE_UNSIGNED_LONG_LONG_INT 1
| #define DBL_EXPBIT0_WORD 1
| #define DBL_EXPBIT0_BIT 20
| #define FLT_EXPBIT0_WORD 0
| #define FLT_EXPBIT0_BIT 23
| #define LDBL_EXPBIT0_WORD 2
| #define LDBL_EXPBIT0_BIT 0
| #define HAVE_TOWLOWER 1
| #define HAVE_LC_MESSAGES 1
| #define MUSL_LIBC 1
| #define HAVE_WEAK_SYMBOLS 1
| #define USE_POSIX_THREADS 1
| #define USE_POSIX_THREADS_WEAK 1
| #define HAVE_MALLOC_PTRDIFF 1
| #define HAVE_MALLOC_POSIX 1
| #define HAVE_MALLOC_0_NONNULL 1
| #define HAVE_MINMAX_IN_SYS_PARAM_H 1
| #define HAVE_PTHREAD_T 1
| #define HAVE_PTHREAD_SPINLOCK_T 1
| #define INSTALLPREFIX "/home/bloink/Work/unnamedlinuxdistro/fs"
| #define HAVE_DLADDR_IN_LIBC 1
| #define HAVE_SCHED_H 1
| #define HAVE_DECL_ECVT 1
| #define HAVE_DECL_FCVT 1
| #define HAVE_DECL_GCVT 1
| #define HAVE_DECL_STREQ 0
| #define HAVE_DECL_MEMEQ 0
| #define _USE_STD_STAT 1
| #define HAVE_DECL_EXECVPE 1
| #define HAVE_INTTYPES_H_WITH_UINTMAX 1
| #define HAVE_STDINT_H_WITH_UINTMAX 1
| #define HAVE_INTMAX_T 1
| #define HAVE_WCSLEN 1
| #define HAVE_SNPRINTF 1
| #define HAVE_STRNLEN 1
| #define HAVE_WCRTOMB 1
| #define HAVE_DECL__SNPRINTF 0
| #define HAVE_SNPRINTF_RETVAL_C99 1
| #define HAVE_SNPRINTF_TRUNCATION_C99 1
| #define CHECK_PRINTF_SAFE 1
| #define HAVE_DECL_WCSDUP 1
| #define HAVE_SHUTDOWN 1
| #define HAVE_STRUCT_SOCKADDR_STORAGE 1
| #define HAVE_SA_FAMILY_T 1
| #define HAVE_STRUCT_SOCKADDR_STORAGE_SS_FAMILY 1
| #define HAVE_ENVIRON_DECL 1
| #define HAVE_DECL_STRERROR_R 1
| #define HAVE_STRERROR_R 1
| #define HAVE_DECL_GETDTABLESIZE 1
| #define HAVE_IPV4 1
| #define HAVE_IPV6 1
| #define LSTAT_FOLLOWS_SLASHED_SYMLINK 1
| #define PROMOTED_MODE_T mode_t
| #define HAVE_STRERROR_R 1
| #define HAVE_DECL__PUTENV 0
| #define HAVE_SIGSET_T 1
| #define HAVE_DECL_INITSTATE 1
| #define HAVE_DECL_SETSTATE 1
| #define HAVE_DECL_SETENV 1
| #define HAVE_SEARCH_H 1
| #define HAVE_TSEARCH 1
| #define HAVE_DECL_FCLOSEALL 0
| #define HAVE_DECL_GETW 1
| #define HAVE_DECL_PUTW 1
| #define HAVE_DECL_UNSETENV 1
| #define HAVE_ALLOCA 1
| #define HAVE_C_STATIC_ASSERT 1
| #define HAVE_C_BOOL 1
| #define HAVE___BUILTIN_EXPECT 1
| #define GNULIB_TEST_C32ISALNUM 1
| #define GNULIB_TEST_C32ISALPHA 1
| #define GNULIB_TEST_C32ISBLANK 1
| #define GNULIB_TEST_C32ISCNTRL 1
| #define GNULIB_TEST_C32ISDIGIT 1
| #define GNULIB_TEST_C32ISGRAPH 1
| #define GNULIB_TEST_C32ISLOWER 1
| #define GNULIB_TEST_C32ISPRINT 1
| #define GNULIB_TEST_C32ISPUNCT 1
| #define GNULIB_TEST_C32ISSPACE 1
| #define GNULIB_TEST_C32ISUPPER 1
| #define GNULIB_TEST_C32ISXDIGIT 1
| #define GNULIB_TEST_C32TOLOWER 1
| #define GNULIB_TEST_C32WIDTH 1
| #define FLEXIBLE_ARRAY_MEMBER /**/
| #define GNULIB_TEST_FREE_POSIX 1
| #define HAVE_FREXP_IN_LIBC 1
| #define GNULIB_TEST_FREXP 1
| #define HAVE_FREXPL_IN_LIBC 1
| #define GNULIB_TEST_FREXPL 1
| #define HAVE___FSETERR 1
| #define HAVE_NEWLOCALE 1
| #define HAVE_DUPLOCALE 1
| #define HAVE_FREELOCALE 1
| #define GNULIB_TEST_GETLOCALENAME_L_UNSAFE 1
| #define HAVE_NEWLOCALE 1
| #define HAVE_DUPLOCALE 1
| #define HAVE_FREELOCALE 1
| #define HAVE_INLINE 1
| #define HAVE_ISNAND_IN_LIBC 1
| #define HAVE_ISNANF_IN_LIBC 1
| #define HAVE_ISNANL_IN_LIBC 1
| #define HAVE_ISWBLANK 1
| #define HAVE_DECL_ISWBLANK 1
| #define GNULIB_TEST_ISWBLANK 1
| #define GNULIB_TEST_ISWDIGIT 1
| #define GNULIB_TEST_ISWPUNCT 1
| #define GNULIB_TEST_ISWXDIGIT 1
| #define GNULIB_TEST_LOCALECONV 1
| #define GNULIB_LOCALECONV 1
| #define GNULIB_TEST_LOCALENAME_ENVIRON 1
| #define GNULIB_TEST_LOCALENAME_UNSAFE 1
| #define HAVE_PTHREAD_RWLOCK 1
| #define HAVE_PTHREAD_MUTEX_RECURSIVE 1
| #define GNULIB_LOCK 1
| #define GNULIB_TEST_MALLOC_POSIX 1
| #define GNULIB_TEST_MBRTOC32 1
| #define GNULIB_TEST_MBRTOWC 1
| #define GNULIB_TEST_MBSINIT 1
| #define GNULIB_TEST_MBSNLEN 1
| #define GNULIB_TEST_MBSZERO 1
| #define GNULIB_TEST_MEMCHR 1
| #define HAVE_FREXP_IN_LIBC 1
| #define HAVE_LDEXP_IN_LIBC 1
| #define HAVE_FREXPL_IN_LIBC 1
| #define HAVE_LDEXPL_IN_LIBC 1
| #define GNULIB_TEST_PTHREAD_ONCE 1
| #define HAVE_VISIBILITY 1
| #define GNULIB_TEST_SETLOCALE_NULL 1
| #define GNULIB_TEST_SIGNBIT_NO_CXX 1
| #define HAVE_STDINT_H 1
| #define GNULIB_TEST_STRINGEQ 1
| #define GNULIB_TEST_STRNCAT 1
| #define GNULIB_TEST_STRNCPY 1
| #define GNULIB_TEST_STRSTR 1
| #define GNULIB_UNIGBRK_U16_GRAPHEME_BREAKS 1
| #define GNULIB_UNIGBRK_U16_GRAPHEME_NEXT 1
| #define GNULIB_UNIGBRK_U16_GRAPHEME_PREV 1
| #define GNULIB_UNIGBRK_U32_GRAPHEME_BREAKS 1
| #define GNULIB_UNIGBRK_U32_GRAPHEME_NEXT 1
| #define GNULIB_UNIGBRK_U32_GRAPHEME_PREV 1
| #define GNULIB_UNIGBRK_U8_GRAPHEME_BREAKS 1
| #define GNULIB_UNIGBRK_U8_GRAPHEME_NEXT 1
| #define GNULIB_UNIGBRK_U8_GRAPHEME_PREV 1
| #define GNULIB_UNIGBRK_UC_GRAPHEME_BREAKS 1
| #define GNULIB_UNIGBRK_ULC_GRAPHEME_BREAKS 1
| #define GNULIB_TEST_UNINORM_U16_NORMALIZE 1
| #define GNULIB_TEST_UNINORM_U32_NORMALIZE 1
| #define GNULIB_TEST_UNINORM_U8_NORMALIZE 1
| #define NEED_PRINTF_DIRECTIVE_B 1
| #define NEED_PRINTF_DIRECTIVE_B 1
| #define NEED_PRINTF_DIRECTIVE_B 1
| #define NEED_PRINTF_DIRECTIVE_B 1
| #define NEED_PRINTF_DIRECTIVE_B 1
| #define NEED_PRINTF_DIRECTIVE_B 1
| #define NEED_PRINTF_DIRECTIVE_B 1
| #define GNULIB_UNISTR_U16_MBTOUC 1
| #define GNULIB_UNISTR_U16_MBTOUC_UNSAFE 1
| #define GNULIB_UNISTR_U16_MBTOUCR 1
| #define GNULIB_UNISTR_U16_UCTOMB 1
| #define GNULIB_UNISTR_U32_MBTOUC 1
| #define GNULIB_UNISTR_U32_MBTOUC_UNSAFE 1
| #define GNULIB_UNISTR_U32_MBTOUCR 1
| #define GNULIB_UNISTR_U32_UCTOMB 1
| #define GNULIB_UNISTR_U8_MBTOUC 1
| #define GNULIB_UNISTR_U8_MBTOUC_UNSAFE 1
| #define GNULIB_UNISTR_U8_MBTOUCR 1
| #define HAVE_STPCPY 1
| #define GNULIB_UNISTR_U8_UCTOMB 1
| #define HAVE_DECL_WCWIDTH 1
| #define GNULIB_TEST_WCWIDTH 1
| #define HAVE_STDINT_H 1
| #define GNULIB_TEST_ACCEPT 1
| #define GNULIB_ACCEPT IN_LIBUNISTRING_GNULIB_TESTS
| #define HAVE_C_ALIGNASOF 1
| #define GNULIB_TEST_BIND 1
| #define GNULIB_BIND IN_LIBUNISTRING_GNULIB_TESTS
| #define GNULIB_TEST_BTOC32 1
| #define GNULIB_TEST_BTOWC 1
| #define GNULIB_TEST_C32RTOMB 1
| #define GNULIB_TEST_C32TOB 1
| #define GNULIB_TEST_CALLOC_GNU 1
| #define GNULIB_TEST_CALLOC_POSIX 1
| #define GNULIB_TEST_CLOEXEC 1
| #define GNULIB_TEST_CLOSE 1
| #define GNULIB_CLOSE IN_LIBUNISTRING_GNULIB_TESTS
| #define GNULIB_TEST_CONNECT 1
| #define GNULIB_CONNECT IN_LIBUNISTRING_GNULIB_TESTS
| #define GNULIB_TEST_DUP2 1
| #define GNULIB_TEST_ENVIRON 1
| #define GNULIB_TEST_FCNTL 1
| #define GNULIB_TEST_FDOPEN 1
| #define GNULIB_TEST_FSTAT 1
| #define GNULIB_FSTAT IN_LIBUNISTRING_GNULIB_TESTS
| #define HAVE_FTRUNCATE 1
| #define GNULIB_TEST_FTRUNCATE 1
| #define GNULIB_TEST_GETCWD 1
| #define GNULIB_TEST_GETDTABLESIZE 1
| #define HAVE_DECL_PROGRAM_INVOCATION_NAME 1
| #define HAVE_DECL_PROGRAM_INVOCATION_NAME 1
| #define HAVE_DECL_PROGRAM_INVOCATION_SHORT_NAME 1
| #define HAVE_DECL___ARGV 0
| #define GNULIB_TEST_GETPROGNAME 1
| #define GETTIMEOFDAY_TIMEZONE void
| #define GNULIB_TEST_GETTIMEOFDAY 1
| #define GNULIB_LOCALEDIR "/home/bloink/Work/unnamedlinuxdistro/fs/share/locale"
| #define HAVE_DUPLOCALE 1
| #define HAVE_DECL_INET_PTON 1
| #define HAVE_IOCTL 1
| #define GNULIB_TEST_IOCTL 1
| #define GNULIB_IOCTL IN_LIBUNISTRING_GNULIB_TESTS
| #define GNULIB_ISBLANK IN_LIBUNISTRING_GNULIB_TESTS
| #define HAVE___INLINE 1
| #define GNULIB_TEST_LISTEN 1
| #define GNULIB_LISTEN IN_LIBUNISTRING_GNULIB_TESTS
| #define HAVE_NEWLOCALE 1
| #define HAVE_NEWLOCALE 1
| #define GNULIB_TEST_LSTAT 1
| #define GNULIB_LSTAT IN_LIBUNISTRING_GNULIB_TESTS
| #define GNULIB_TEST_MALLOC_GNU 1
| #define HAVE_MBTOWC 1
| #define GNULIB_TEST_MBTOWC 1
| #define HAVE_MKFIFO 1
| #define GNULIB_TEST_MKFIFO 1
| #define GNULIB_MSVC_NOTHROW IN_LIBUNISTRING_GNULIB_TESTS
| #define HAVE_BUG_BIG_NANOSLEEP 1
| #define GNULIB_TEST_NANOSLEEP 1
| #define GNULIB_TEST_OPEN 1
| #define GNULIB_TEST_PERROR 1
| #define GNULIB_TEST_PIPE 1
| #define GNULIB_TEST_PSELECT 1
| #define GNULIB_TEST_PTHREAD_COND 1
| #define GNULIB_TEST_PTHREAD_MUTEX 1
| #define GNULIB_TEST_PTHREAD_RWLOCK 1
| #define GNULIB_TEST_PTHREAD_THREAD 1
| #define GNULIB_TEST_PTHREAD_MUTEX_TIMEDLOCK 1
| #define GNULIB_TEST_PTHREAD_SIGMASK 1
| #define GNULIB_TEST_PUTENV 1
| #define HAVE_RAISE 1
| #define GNULIB_TEST_RAISE 1
| #define HAVE_INITSTATE 1
| #define HAVE_SETSTATE 1
| #define GNULIB_TEST_RANDOM 1
| #define GNULIB_TEST_RANDOM_R 1
| #define HAVE_REALLOC_POSIX 1
| #define HAVE_REALLOC_0_NONNULL 1
| #define GNULIB_TEST_REALLOC_POSIX 1
| #define HAVE_REALLOCARRAY 1
| #define GNULIB_REALLOCARRAY IN_LIBUNISTRING_GNULIB_TESTS
| #define GNULIB_TEST_REALLOCARRAY 1
| #define GNULIB_TEST_SCHED_YIELD 1
| #define GNULIB_TEST_SELECT 1
| #define GNULIB_SELECT IN_LIBUNISTRING_GNULIB_TESTS
| #define GNULIB_TEST_SETENV 1
| #define NEED_SETLOCALE_IMPROVED 0
| #define NEED_SETLOCALE_MTSAFE 1
| #define GNULIB_TEST_SETLOCALE 1
| #define GNULIB_TEST_SETSOCKOPT 1
| #define GNULIB_SETSOCKOPT IN_LIBUNISTRING_GNULIB_TESTS
| #define GNULIB_TEST_SIGPROCMASK 1
| #define HAVE_DECL_SLEEP 1
| #define GNULIB_TEST_SLEEP 1
| #define GNULIB_TEST_SOCKET 1
| #define GNULIB_SOCKET IN_LIBUNISTRING_GNULIB_TESTS
| #define GNULIB_TEST_STAT 1
| #define GNULIB_STAT IN_LIBUNISTRING_GNULIB_TESTS
| #define HAVE_STRUCT_STAT_ST_ATIM_TV_NSEC 1
| #define TYPEOF_STRUCT_STAT_ST_ATIM_IS_STRUCT_TIMESPEC 1
| /* end confdefs.h.  */
| #include <sys/types.h>
|           #include <sys/stat.h>
| 
| int
| main (void)
| {
| static struct stat ac_aggr;
| if (ac_aggr.st_birthtim.tv_nsec)
| return 0;
|   ;
|   return 0;
| }
configure:81899: gcc -c -g -O2  conftest.c >&5
conftest.c: In function 'main':
conftest.c:392:19: error: 'struct stat' has no member named 'st_birthtim'
  392 | if (sizeof ac_aggr.st_birthtim.tv_nsec)
      |                   ^
configure:81899: $? = 1
configure: failed program was:
| /* confdefs.h */
| #define PACKAGE_NAME "libunistring"
| #define PACKAGE_TARNAME "libunistring"
| #define PACKAGE_VERSION "dummy"
| #define PACKAGE_STRING "libunistring dummy"
| #define PACKAGE_BUGREPORT ""
| #define PACKAGE_URL ""
| #undef PACKAGE_VERSION
| #define PACKAGE_VERSION "1.4.2"
| #undef PACKAGE_STRING
| #define PACKAGE_STRING "libunistring 1.4.2"
| #define PACKAGE "libunistring"
| #define VERSION "1.4.2"
| #define HAVE_STDIO_H 1
| #define HAVE_STDLIB_H 1
| #define HAVE_STRING_H 1
| #define HAVE_INTTYPES_H 1
| #define HAVE_STDINT_H 1
| #define HAVE_STRINGS_H 1
| #define HAVE_SYS_STAT_H 1
| #define HAVE_SYS_TYPES_H 1
| #define HAVE_UNISTD_H 1
| #define HAVE_WCHAR_H 1
| #define HAVE_STDBOOL_H 1
| #define HAVE_UCHAR_H 1
| #define HAVE_THREADS_H 1
| #define HAVE_LANGINFO_H 1
| #define HAVE_ICONV_H 1
| #define HAVE_LIMITS_H 1
| #define HAVE_WCTYPE_H 1
| #define HAVE_MATH_H 1
| #define HAVE_SYS_MMAN_H 1
| #define HAVE_PTHREAD_H 1
| #define HAVE_STDCKDINT_H 1
| #define HAVE_SYS_TIME_H 1
| #define HAVE_FEATURES_H 1
| #define HAVE_SYS_SOCKET_H 1
| #define HAVE_ARPA_INET_H 1
| #define HAVE_NETDB_H 1
| #define HAVE_NETINET_IN_H 1
| #define HAVE_SEMAPHORE_H 1
| #define HAVE_SYS_PARAM_H 1
| #define HAVE_SYS_SELECT_H 1
| #define HAVE_SYS_WAIT_H 1
| #define HAVE_SYS_IOCTL_H 1
| #define HAVE_SYS_UN_H 1
| #define HAVE_SYS_UIO_H 1
| #define STDC_HEADERS 1
| #define _ALL_SOURCE 1
| #define _DARWIN_C_SOURCE 1
| #define _GNU_SOURCE 1
| #define _HPUX_ALT_XOPEN_SOCKET_API 1
| #define _NETBSD_SOURCE 1
| #define _OPENBSD_SOURCE 1
| #define _POSIX_PTHREAD_SEMANTICS 1
| #define __STDC_WANT_IEC_60559_ATTRIBS_EXT__ 1
| #define __STDC_WANT_IEC_60559_BFP_EXT__ 1
| #define __STDC_WANT_IEC_60559_DFP_EXT__ 1
| #define __STDC_WANT_IEC_60559_EXT__ 1
| #define __STDC_WANT_IEC_60559_FUNCS_EXT__ 1
| #define __STDC_WANT_IEC_60559_TYPES_EXT__ 1
| #define __STDC_WANT_LIB_EXT2__ 1
| #define __STDC_WANT_MATH_SPEC_FUNCS__ 1
| #define _TANDEM_SOURCE 1
| #define __EXTENSIONS__ 1
| #define _LINUX_SOURCE_COMPAT 1
| #define __USE_MINGW_ANSI_STDIO 1
| #define HAVE_DLFCN_H 1
| #define LT_OBJDIR ".libs/"
| #define HAVE_ALLOCA_H 1
| #define HAVE_ALLOCA 1
| #define restrict __restrict__
| #define BITSIZEOF_WCHAR_T 32
| #define HAVE_MBSTATE_T 1
| #define HAVE_MBSINIT 1
| #define HAVE_MBRTOWC 1
| #define HAVE_SYMLINK 1
| #define HAVE_ISWCNTRL 1
| #define HAVE_MPROTECT 1
| #define HAVE_SNPRINTF 1
| #define HAVE_STRDUP 1
| #define HAVE_WCWIDTH 1
| #define HAVE_BTOWC 1
| #define HAVE_FCNTL 1
| #define HAVE_GETDTABLESIZE 1
| #define HAVE_GETTIMEOFDAY 1
| #define HAVE_ISBLANK 1
| #define HAVE_LSTAT 1
| #define HAVE___XPG_STRERROR_R 1
| #define HAVE_PIPE 1
| #define HAVE_PSELECT 1
| #define HAVE_PTHREAD_SIGMASK 1
| #define HAVE_SETENV 1
| #define HAVE_SLEEP 1
| #define HAVE_SHUTDOWN 1
| #define HAVE_USLEEP 1
| #define HAVE_WCRTOMB 1
| #define HAVE_WCTOB 1
| #define HAVE_LANGINFO_CODESET 1
| #define HAVE_WORKING_MBRTOC32 1
| #define HAVE_WORKING_C32RTOMB 1
| #define HAVE_WORKING_O_DIRECTORY 1
| #define HAVE_WORKING_O_NOATIME 1
| #define HAVE_WORKING_O_NOFOLLOW 1
| #define HAVE_DECL_ALARM 1
| #define HAVE_PTHREAD_API 1
| #define SETLOCALE_NULL_ALL_MTSAFE 0
| #define SETLOCALE_NULL_ONE_MTSAFE 1
| #define HAVE_WEAK_SYMBOLS 1
| #define HAVE_USELOCALE 1
| #define HAVE_WORKING_USELOCALE 1
| #define HAVE_GOOD_USELOCALE 1
| #define HAVE_ICONV 1
| #define ICONV_CONST 
| #define HAVE_WINT_T 1
| #define HAVE_LONG_LONG_INT 1
| #define HAVE_UNSIGNED_LONG_LONG_INT 1
| #define DBL_EXPBIT0_WORD 1
| #define DBL_EXPBIT0_BIT 20
| #define FLT_EXPBIT0_WORD 0
| #define FLT_EXPBIT0_BIT 23
| #define LDBL_EXPBIT0_WORD 2
| #define LDBL_EXPBIT0_BIT 0
| #define HAVE_TOWLOWER 1
| #define HAVE_LC_MESSAGES 1
| #define MUSL_LIBC 1
| #define HAVE_WEAK_SYMBOLS 1
| #define USE_POSIX_THREADS 1
| #define USE_POSIX_THREADS_WEAK 1
| #define HAVE_MALLOC_PTRDIFF 1
| #define HAVE_MALLOC_POSIX 1
| #define HAVE_MALLOC_0_NONNULL 1
| #define HAVE_MINMAX_IN_SYS_PARAM_H 1
| #define HAVE_PTHREAD_T 1
| #define HAVE_PTHREAD_SPINLOCK_T 1
| #define INSTALLPREFIX "/home/bloink/Work/unnamedlinuxdistro/fs"
| #define HAVE_DLADDR_IN_LIBC 1
| #define HAVE_SCHED_H 1
| #define HAVE_DECL_ECVT 1
| #define HAVE_DECL_FCVT 1
| #define HAVE_DECL_GCVT 1
| #define HAVE_DECL_STREQ 0
| #define HAVE_DECL_MEMEQ 0
| #define _USE_STD_STAT 1
| #define HAVE_DECL_EXECVPE 1
| #define HAVE_INTTYPES_H_WITH_UINTMAX 1
| #define HAVE_STDINT_H_WITH_UINTMAX 1
| #define HAVE_INTMAX_T 1
| #define HAVE_WCSLEN 1
| #define HAVE_SNPRINTF 1
| #define HAVE_STRNLEN 1
| #define HAVE_WCRTOMB 1
| #define HAVE_DECL__SNPRINTF 0
| #define HAVE_SNPRINTF_RETVAL_C99 1
| #define HAVE_SNPRINTF_TRUNCATION_C99 1
| #define CHECK_PRINTF_SAFE 1
| #define HAVE_DECL_WCSDUP 1
| #define HAVE_SHUTDOWN 1
| #define HAVE_STRUCT_SOCKADDR_STORAGE 1
| #define HAVE_SA_FAMILY_T 1
| #define HAVE_STRUCT_SOCKADDR_STORAGE_SS_FAMILY 1
| #define HAVE_ENVIRON_DECL 1
| #define HAVE_DECL_STRERROR_R 1
| #define HAVE_STRERROR_R 1
| #define HAVE_DECL_GETDTABLESIZE 1
| #define HAVE_IPV4 1
| #define HAVE_IPV6 1
| #define LSTAT_FOLLOWS_SLASHED_SYMLINK 1
| #define PROMOTED_MODE_T mode_t
| #define HAVE_STRERROR_R 1
| #define HAVE_DECL__PUTENV 0
| #define HAVE_SIGSET_T 1
| #define HAVE_DECL_INITSTATE 1
| #define HAVE_DECL_SETSTATE 1
| #define HAVE_DECL_SETENV 1
| #define HAVE_SEARCH_H 1
| #define HAVE_TSEARCH 1
| #define HAVE_DECL_FCLOSEALL 0
| #define HAVE_DECL_GETW 1
| #define HAVE_DECL_PUTW 1
| #define HAVE_DECL_UNSETENV 1
| #define HAVE_ALLOCA 1
| #define HAVE_C_STATIC_ASSERT 1
| #define HAVE_C_BOOL 1
| #define HAVE___BUILTIN_EXPECT 1
| #define GNULIB_TEST_C32ISALNUM 1
| #define GNULIB_TEST_C32ISALPHA 1
| #define GNULIB_TEST_C32ISBLANK 1
| #define GNULIB_TEST_C32ISCNTRL 1
| #define GNULIB_TEST_C32ISDIGIT 1
| #define GNULIB_TEST_C32ISGRAPH 1
| #define GNULIB_TEST_C32ISLOWER 1
| #define GNULIB_TEST_C32ISPRINT 1
| #define GNULIB_TEST_C32ISPUNCT 1
| #define GNULIB_TEST_C32ISSPACE 1
| #define GNULIB_TEST_C32ISUPPER 1
| #define GNULIB_TEST_C32ISXDIGIT 1
| #define GNULIB_TEST_C32TOLOWER 1
| #define GNULIB_TEST_C32WIDTH 1
| #define FLEXIBLE_ARRAY_MEMBER /**/
| #define GNULIB_TEST_FREE_POSIX 1
| #define HAVE_FREXP_IN_LIBC 1
| #define GNULIB_TEST_FREXP 1
| #define HAVE_FREXPL_IN_LIBC 1
| #define GNULIB_TEST_FREXPL 1
| #define HAVE___FSETERR 1
| #define HAVE_NEWLOCALE 1
| #define HAVE_DUPLOCALE 1
| #define HAVE_FREELOCALE 1
| #define GNULIB_TEST_GETLOCALENAME_L_UNSAFE 1
| #define HAVE_NEWLOCALE 1
| #define HAVE_DUPLOCALE 1
| #define HAVE_FREELOCALE 1
| #define HAVE_INLINE 1
| #define HAVE_ISNAND_IN_LIBC 1
| #define HAVE_ISNANF_IN_LIBC 1
| #define HAVE_ISNANL_IN_LIBC 1
| #define HAVE_ISWBLANK 1
| #define HAVE_DECL_ISWBLANK 1
| #define GNULIB_TEST_ISWBLANK 1
| #define GNULIB_TEST_ISWDIGIT 1
| #define GNULIB_TEST_ISWPUNCT 1
| #define GNULIB_TEST_ISWXDIGIT 1
| #define GNULIB_TEST_LOCALECONV 1
| #define GNULIB_LOCALECONV 1
| #define GNULIB_TEST_LOCALENAME_ENVIRON 1
| #define GNULIB_TEST_LOCALENAME_UNSAFE 1
| #define HAVE_PTHREAD_RWLOCK 1
| #define HAVE_PTHREAD_MUTEX_RECURSIVE 1
| #define GNULIB_LOCK 1
| #define GNULIB_TEST_MALLOC_POSIX 1
| #define GNULIB_TEST_MBRTOC32 1
| #define GNULIB_TEST_MBRTOWC 1
| #define GNULIB_TEST_MBSINIT 1
| #define GNULIB_TEST_MBSNLEN 1
| #define GNULIB_TEST_MBSZERO 1
| #define GNULIB_TEST_MEMCHR 1
| #define HAVE_FREXP_IN_LIBC 1
| #define HAVE_LDEXP_IN_LIBC 1
| #define HAVE_FREXPL_IN_LIBC 1
| #define HAVE_LDEXPL_IN_LIBC 1
| #define GNULIB_TEST_PTHREAD_ONCE 1
| #define HAVE_VISIBILITY 1
| #define GNULIB_TEST_SETLOCALE_NULL 1
| #define GNULIB_TEST_SIGNBIT_NO_CXX 1
| #define HAVE_STDINT_H 1
| #define GNULIB_TEST_STRINGEQ 1
| #define GNULIB_TEST_STRNCAT 1
| #define GNULIB_TEST_STRNCPY 1
| #define GNULIB_TEST_STRSTR 1
| #define GNULIB_UNIGBRK_U16_GRAPHEME_BREAKS 1
| #define GNULIB_UNIGBRK_U16_GRAPHEME_NEXT 1
| #define GNULIB_UNIGBRK_U16_GRAPHEME_PREV 1
| #define GNULIB_UNIGBRK_U32_GRAPHEME_BREAKS 1
| #define GNULIB_UNIGBRK_U32_GRAPHEME_NEXT 1
| #define GNULIB_UNIGBRK_U32_GRAPHEME_PREV 1
| #define GNULIB_UNIGBRK_U8_GRAPHEME_BREAKS 1
| #define GNULIB_UNIGBRK_U8_GRAPHEME_NEXT 1
| #define GNULIB_UNIGBRK_U8_GRAPHEME_PREV 1
| #define GNULIB_UNIGBRK_UC_GRAPHEME_BREAKS 1
| #define GNULIB_UNIGBRK_ULC_GRAPHEME_BREAKS 1
| #define GNULIB_TEST_UNINORM_U16_NORMALIZE 1
| #define GNULIB_TEST_UNINORM_U32_NORMALIZE 1
| #define GNULIB_TEST_UNINORM_U8_NORMALIZE 1
| #define NEED_PRINTF_DIRECTIVE_B 1
| #define NEED_PRINTF_DIRECTIVE_B 1
| #define NEED_PRINTF_DIRECTIVE_B 1
| #define NEED_PRINTF_DIRECTIVE_B 1
| #define NEED_PRINTF_DIRECTIVE_B 1
| #define NEED_PRINTF_DIRECTIVE_B 1
| #define NEED_PRINTF_DIRECTIVE_B 1
| #define GNULIB_UNISTR_U16_MBTOUC 1
| #define GNULIB_UNISTR_U16_MBTOUC_UNSAFE 1
| #define GNULIB_UNISTR_U16_MBTOUCR 1
| #define GNULIB_UNISTR_U16_UCTOMB 1
| #define GNULIB_UNISTR_U32_MBTOUC 1
| #define GNULIB_UNISTR_U32_MBTOUC_UNSAFE 1
| #define GNULIB_UNISTR_U32_MBTOUCR 1
| #define GNULIB_UNISTR_U32_UCTOMB 1
| #define GNULIB_UNISTR_U8_MBTOUC 1
| #define GNULIB_UNISTR_U8_MBTOUC_UNSAFE 1
| #define GNULIB_UNISTR_U8_MBTOUCR 1
| #define HAVE_STPCPY 1
| #define GNULIB_UNISTR_U8_UCTOMB 1
| #define HAVE_DECL_WCWIDTH 1
| #define GNULIB_TEST_WCWIDTH 1
| #define HAVE_STDINT_H 1
| #define GNULIB_TEST_ACCEPT 1
| #define GNULIB_ACCEPT IN_LIBUNISTRING_GNULIB_TESTS
| #define HAVE_C_ALIGNASOF 1
| #define GNULIB_TEST_BIND 1
| #define GNULIB_BIND IN_LIBUNISTRING_GNULIB_TESTS
| #define GNULIB_TEST_BTOC32 1
| #define GNULIB_TEST_BTOWC 1
| #define GNULIB_TEST_C32RTOMB 1
| #define GNULIB_TEST_C32TOB 1
| #define GNULIB_TEST_CALLOC_GNU 1
| #define GNULIB_TEST_CALLOC_POSIX 1
| #define GNULIB_TEST_CLOEXEC 1
| #define GNULIB_TEST_CLOSE 1
| #define GNULIB_CLOSE IN_LIBUNISTRING_GNULIB_TESTS
| #define GNULIB_TEST_CONNECT 1
| #define GNULIB_CONNECT IN_LIBUNISTRING_GNULIB_TESTS
| #define GNULIB_TEST_DUP2 1
| #define GNULIB_TEST_ENVIRON 1
| #define GNULIB_TEST_FCNTL 1
| #define GNULIB_TEST_FDOPEN 1
| #define GNULIB_TEST_FSTAT 1
| #define GNULIB_FSTAT IN_LIBUNISTRING_GNULIB_TESTS
| #define HAVE_FTRUNCATE 1
| #define GNULIB_TEST_FTRUNCATE 1
| #define GNULIB_TEST_GETCWD 1
| #define GNULIB_TEST_GETDTABLESIZE 1
| #define HAVE_DECL_PROGRAM_INVOCATION_NAME 1
| #define HAVE_DECL_PROGRAM_INVOCATION_NAME 1
| #define HAVE_DECL_PROGRAM_INVOCATION_SHORT_NAME 1
| #define HAVE_DECL___ARGV 0
| #define GNULIB_TEST_GETPROGNAME 1
| #define GETTIMEOFDAY_TIMEZONE void
| #define GNULIB_TEST_GETTIMEOFDAY 1
| #define GNULIB_LOCALEDIR "/home/bloink/Work/unnamedlinuxdistro/fs/share/locale"
| #define HAVE_DUPLOCALE 1
| #define HAVE_DECL_INET_PTON 1
| #define HAVE_IOCTL 1
| #define GNULIB_TEST_IOCTL 1
| #define GNULIB_IOCTL IN_LIBUNISTRING_GNULIB_TESTS
| #define GNULIB_ISBLANK IN_LIBUNISTRING_GNULIB_TESTS
| #define HAVE___INLINE 1
| #define GNULIB_TEST_LISTEN 1
| #define GNULIB_LISTEN IN_LIBUNISTRING_GNULIB_TESTS
| #define HAVE_NEWLOCALE 1
| #define HAVE_NEWLOCALE 1
| #define GNULIB_TEST_LSTAT 1
| #define GNULIB_LSTAT IN_LIBUNISTRING_GNULIB_TESTS
| #define GNULIB_TEST_MALLOC_GNU 1
| #define HAVE_MBTOWC 1
| #define GNULIB_TEST_MBTOWC 1
| #define HAVE_MKFIFO 1
| #define GNULIB_TEST_MKFIFO 1
| #define GNULIB_MSVC_NOTHROW IN_LIBUNISTRING_GNULIB_TESTS
| #define HAVE_BUG_BIG_NANOSLEEP 1
| #define GNULIB_TEST_NANOSLEEP 1
| #define GNULIB_TEST_OPEN 1
| #define GNULIB_TEST_PERROR 1
| #define GNULIB_TEST_PIPE 1
| #define GNULIB_TEST_PSELECT 1
| #define GNULIB_TEST_PTHREAD_COND 1
| #define GNULIB_TEST_PTHREAD_MUTEX 1
| #define GNULIB_TEST_PTHREAD_RWLOCK 1
| #define GNULIB_TEST_PTHREAD_THREAD 1
| #define GNULIB_TEST_PTHREAD_MUTEX_TIMEDLOCK 1
| #define GNULIB_TEST_PTHREAD_SIGMASK 1
| #define GNULIB_TEST_PUTENV 1
| #define HAVE_RAISE 1
| #define GNULIB_TEST_RAISE 1
| #define HAVE_INITSTATE 1
| #define HAVE_SETSTATE 1
| #define GNULIB_TEST_RANDOM 1
| #define GNULIB_TEST_RANDOM_R 1
| #define HAVE_REALLOC_POSIX 1
| #define HAVE_REALLOC_0_NONNULL 1
| #define GNULIB_TEST_REALLOC_POSIX 1
| #define HAVE_REALLOCARRAY 1
| #define GNULIB_REALLOCARRAY IN_LIBUNISTRING_GNULIB_TESTS
| #define GNULIB_TEST_REALLOCARRAY 1
| #define GNULIB_TEST_SCHED_YIELD 1
| #define GNULIB_TEST_SELECT 1
| #define GNULIB_SELECT IN_LIBUNISTRING_GNULIB_TESTS
| #define GNULIB_TEST_SETENV 1
| #define NEED_SETLOCALE_IMPROVED 0
| #define NEED_SETLOCALE_MTSAFE 1
| #define GNULIB_TEST_SETLOCALE 1
| #define GNULIB_TEST_SETSOCKOPT 1
| #define GNULIB_SETSOCKOPT IN_LIBUNISTRING_GNULIB_TESTS
| #define GNULIB_TEST_SIGPROCMASK 1
| #define HAVE_DECL_SLEEP 1
| #define GNULIB_TEST_SLEEP 1
| #define GNULIB_TEST_SOCKET 1
| #define GNULIB_SOCKET IN_LIBUNISTRING_GNULIB_TESTS
| #define GNULIB_TEST_STAT 1
| #define GNULIB_STAT IN_LIBUNISTRING_GNULIB_TESTS
| #define HAVE_STRUCT_STAT_ST_ATIM_TV_NSEC 1
| #define TYPEOF_STRUCT_STAT_ST_ATIM_IS_STRUCT_TIMESPEC 1
| /* end confdefs.h.  */
| #include <sys/types.h>
|           #include <sys/stat.h>
| 
| int
| main (void)
| {
| static struct stat ac_aggr;
| if (sizeof ac_aggr.st_birthtim.tv_nsec)
| return 0;
|   ;
|   return 0;
| }
configure:81899: result: no
configure:82424: checking for vasprintf
configure:82424: gcc -o conftest -g -O2   conftest.c  >&5
configure:82424: $? = 0
configure:82424: result: yes
configure:82439: checking for stpcpy
configure:82492: result: yes
configure:82632: checking for working strerror function
configure:82662: gcc -o conftest -g -O2   conftest.c  >&5
configure:82662: $? = 0
configure:82662: ./conftest
configure:82662: $? = 0
configure:82677: result: yes
configure:82948: checking whether symlink handles trailing slash correctly
configure:82988: gcc -o conftest -g -O2   conftest.c  >&5
configure:82988: $? = 0
configure:82988: ./conftest
configure:82988: $? = 0
configure:83003: result: yes
configure:83078: checking for IPv4 sockets
configure:83115: result: yes
configure:83123: checking for IPv6 sockets
configure:83163: result: yes
configure:83186: checking for UNIX domain sockets
configure:83216: gcc -c -g -O2  conftest.c >&5
configure:83216: $? = 0
configure:83226: result: yes
configure:83263: checking for pthread_atfork
configure:83300: checking for pthread_atfork
configure:83300: gcc -o conftest -g -O2   conftest.c  -lpthread >&5
configure:83300: $? = 0
configure:83300: result: yes
configure:83316: result: yes
configure:83335: checking whether time() works
configure:83373: result: guessing yes
configure:83520: checking for unsetenv
configure:83520: gcc -o conftest -g -O2   conftest.c  >&5
configure:83520: $? = 0
configure:83520: result: yes
configure:83531: checking for unsetenv() return type
configure:83555: gcc -c -g -O2  conftest.c >&5
configure:83555: $? = 0
configure:83565: result: int
configure:83574: checking whether unsetenv obeys POSIX
configure:83624: gcc -o conftest -g -O2   conftest.c  >&5
configure:83624: $? = 0
configure:83624: ./conftest
configure:83624: $? = 0
configure:83639: result: yes
configure:83701: checking for useconds_t
configure:83701: gcc -c -g -O2  conftest.c >&5
configure:83701: $? = 0
configure:83701: gcc -c -g -O2  conftest.c >&5
conftest.c: In function 'main':
conftest.c:452:25: error: expected expression before ')' token
  452 | if (sizeof ((useconds_t)))
      |                         ^
configure:83701: $? = 1
configure: failed program was:
| /* confdefs.h */
| #define PACKAGE_NAME "libunistring"
| #define PACKAGE_TARNAME "libunistring"
| #define PACKAGE_VERSION "dummy"
| #define PACKAGE_STRING "libunistring dummy"
| #define PACKAGE_BUGREPORT ""
| #define PACKAGE_URL ""
| #undef PACKAGE_VERSION
| #define PACKAGE_VERSION "1.4.2"
| #undef PACKAGE_STRING
| #define PACKAGE_STRING "libunistring 1.4.2"
| #define PACKAGE "libunistring"
| #define VERSION "1.4.2"
| #define HAVE_STDIO_H 1
| #define HAVE_STDLIB_H 1
| #define HAVE_STRING_H 1
| #define HAVE_INTTYPES_H 1
| #define HAVE_STDINT_H 1
| #define HAVE_STRINGS_H 1
| #define HAVE_SYS_STAT_H 1
| #define HAVE_SYS_TYPES_H 1
| #define HAVE_UNISTD_H 1
| #define HAVE_WCHAR_H 1
| #define HAVE_STDBOOL_H 1
| #define HAVE_UCHAR_H 1
| #define HAVE_THREADS_H 1
| #define HAVE_LANGINFO_H 1
| #define HAVE_ICONV_H 1
| #define HAVE_LIMITS_H 1
| #define HAVE_WCTYPE_H 1
| #define HAVE_MATH_H 1
| #define HAVE_SYS_MMAN_H 1
| #define HAVE_PTHREAD_H 1
| #define HAVE_STDCKDINT_H 1
| #define HAVE_SYS_TIME_H 1
| #define HAVE_FEATURES_H 1
| #define HAVE_SYS_SOCKET_H 1
| #define HAVE_ARPA_INET_H 1
| #define HAVE_NETDB_H 1
| #define HAVE_NETINET_IN_H 1
| #define HAVE_SEMAPHORE_H 1
| #define HAVE_SYS_PARAM_H 1
| #define HAVE_SYS_SELECT_H 1
| #define HAVE_SYS_WAIT_H 1
| #define HAVE_SYS_IOCTL_H 1
| #define HAVE_SYS_UN_H 1
| #define HAVE_SYS_UIO_H 1
| #define STDC_HEADERS 1
| #define _ALL_SOURCE 1
| #define _DARWIN_C_SOURCE 1
| #define _GNU_SOURCE 1
| #define _HPUX_ALT_XOPEN_SOCKET_API 1
| #define _NETBSD_SOURCE 1
| #define _OPENBSD_SOURCE 1
| #define _POSIX_PTHREAD_SEMANTICS 1
| #define __STDC_WANT_IEC_60559_ATTRIBS_EXT__ 1
| #define __STDC_WANT_IEC_60559_BFP_EXT__ 1
| #define __STDC_WANT_IEC_60559_DFP_EXT__ 1
| #define __STDC_WANT_IEC_60559_EXT__ 1
| #define __STDC_WANT_IEC_60559_FUNCS_EXT__ 1
| #define __STDC_WANT_IEC_60559_TYPES_EXT__ 1
| #define __STDC_WANT_LIB_EXT2__ 1
| #define __STDC_WANT_MATH_SPEC_FUNCS__ 1
| #define _TANDEM_SOURCE 1
| #define __EXTENSIONS__ 1
| #define _LINUX_SOURCE_COMPAT 1
| #define __USE_MINGW_ANSI_STDIO 1
| #define HAVE_DLFCN_H 1
| #define LT_OBJDIR ".libs/"
| #define HAVE_ALLOCA_H 1
| #define HAVE_ALLOCA 1
| #define restrict __restrict__
| #define BITSIZEOF_WCHAR_T 32
| #define HAVE_MBSTATE_T 1
| #define HAVE_MBSINIT 1
| #define HAVE_MBRTOWC 1
| #define HAVE_SYMLINK 1
| #define HAVE_ISWCNTRL 1
| #define HAVE_MPROTECT 1
| #define HAVE_SNPRINTF 1
| #define HAVE_STRDUP 1
| #define HAVE_WCWIDTH 1
| #define HAVE_BTOWC 1
| #define HAVE_FCNTL 1
| #define HAVE_GETDTABLESIZE 1
| #define HAVE_GETTIMEOFDAY 1
| #define HAVE_ISBLANK 1
| #define HAVE_LSTAT 1
| #define HAVE___XPG_STRERROR_R 1
| #define HAVE_PIPE 1
| #define HAVE_PSELECT 1
| #define HAVE_PTHREAD_SIGMASK 1
| #define HAVE_SETENV 1
| #define HAVE_SLEEP 1
| #define HAVE_SHUTDOWN 1
| #define HAVE_USLEEP 1
| #define HAVE_WCRTOMB 1
| #define HAVE_WCTOB 1
| #define HAVE_LANGINFO_CODESET 1
| #define HAVE_WORKING_MBRTOC32 1
| #define HAVE_WORKING_C32RTOMB 1
| #define HAVE_WORKING_O_DIRECTORY 1
| #define HAVE_WORKING_O_NOATIME 1
| #define HAVE_WORKING_O_NOFOLLOW 1
| #define HAVE_DECL_ALARM 1
| #define HAVE_PTHREAD_API 1
| #define SETLOCALE_NULL_ALL_MTSAFE 0
| #define SETLOCALE_NULL_ONE_MTSAFE 1
| #define HAVE_WEAK_SYMBOLS 1
| #define HAVE_USELOCALE 1
| #define HAVE_WORKING_USELOCALE 1
| #define HAVE_GOOD_USELOCALE 1
| #define HAVE_ICONV 1
| #define ICONV_CONST 
| #define HAVE_WINT_T 1
| #define HAVE_LONG_LONG_INT 1
| #define HAVE_UNSIGNED_LONG_LONG_INT 1
| #define DBL_EXPBIT0_WORD 1
| #define DBL_EXPBIT0_BIT 20
| #define FLT_EXPBIT0_WORD 0
| #define FLT_EXPBIT0_BIT 23
| #define LDBL_EXPBIT0_WORD 2
| #define LDBL_EXPBIT0_BIT 0
| #define HAVE_TOWLOWER 1
| #define HAVE_LC_MESSAGES 1
| #define MUSL_LIBC 1
| #define HAVE_WEAK_SYMBOLS 1
| #define USE_POSIX_THREADS 1
| #define USE_POSIX_THREADS_WEAK 1
| #define HAVE_MALLOC_PTRDIFF 1
| #define HAVE_MALLOC_POSIX 1
| #define HAVE_MALLOC_0_NONNULL 1
| #define HAVE_MINMAX_IN_SYS_PARAM_H 1
| #define HAVE_PTHREAD_T 1
| #define HAVE_PTHREAD_SPINLOCK_T 1
| #define INSTALLPREFIX "/home/bloink/Work/unnamedlinuxdistro/fs"
| #define HAVE_DLADDR_IN_LIBC 1
| #define HAVE_SCHED_H 1
| #define HAVE_DECL_ECVT 1
| #define HAVE_DECL_FCVT 1
| #define HAVE_DECL_GCVT 1
| #define HAVE_DECL_STREQ 0
| #define HAVE_DECL_MEMEQ 0
| #define _USE_STD_STAT 1
| #define HAVE_DECL_EXECVPE 1
| #define HAVE_INTTYPES_H_WITH_UINTMAX 1
| #define HAVE_STDINT_H_WITH_UINTMAX 1
| #define HAVE_INTMAX_T 1
| #define HAVE_WCSLEN 1
| #define HAVE_SNPRINTF 1
| #define HAVE_STRNLEN 1
| #define HAVE_WCRTOMB 1
| #define HAVE_DECL__SNPRINTF 0
| #define HAVE_SNPRINTF_RETVAL_C99 1
| #define HAVE_SNPRINTF_TRUNCATION_C99 1
| #define CHECK_PRINTF_SAFE 1
| #define HAVE_DECL_WCSDUP 1
| #define HAVE_SHUTDOWN 1
| #define HAVE_STRUCT_SOCKADDR_STORAGE 1
| #define HAVE_SA_FAMILY_T 1
| #define HAVE_STRUCT_SOCKADDR_STORAGE_SS_FAMILY 1
| #define HAVE_ENVIRON_DECL 1
| #define HAVE_DECL_STRERROR_R 1
| #define HAVE_STRERROR_R 1
| #define HAVE_DECL_GETDTABLESIZE 1
| #define HAVE_IPV4 1
| #define HAVE_IPV6 1
| #define LSTAT_FOLLOWS_SLASHED_SYMLINK 1
| #define PROMOTED_MODE_T mode_t
| #define HAVE_STRERROR_R 1
| #define HAVE_DECL__PUTENV 0
| #define HAVE_SIGSET_T 1
| #define HAVE_DECL_INITSTATE 1
| #define HAVE_DECL_SETSTATE 1
| #define HAVE_DECL_SETENV 1
| #define HAVE_SEARCH_H 1
| #define HAVE_TSEARCH 1
| #define HAVE_DECL_FCLOSEALL 0
| #define HAVE_DECL_GETW 1
| #define HAVE_DECL_PUTW 1
| #define HAVE_DECL_UNSETENV 1
| #define HAVE_ALLOCA 1
| #define HAVE_C_STATIC_ASSERT 1
| #define HAVE_C_BOOL 1
| #define HAVE___BUILTIN_EXPECT 1
| #define GNULIB_TEST_C32ISALNUM 1
| #define GNULIB_TEST_C32ISALPHA 1
| #define GNULIB_TEST_C32ISBLANK 1
| #define GNULIB_TEST_C32ISCNTRL 1
| #define GNULIB_TEST_C32ISDIGIT 1
| #define GNULIB_TEST_C32ISGRAPH 1
| #define GNULIB_TEST_C32ISLOWER 1
| #define GNULIB_TEST_C32ISPRINT 1
| #define GNULIB_TEST_C32ISPUNCT 1
| #define GNULIB_TEST_C32ISSPACE 1
| #define GNULIB_TEST_C32ISUPPER 1
| #define GNULIB_TEST_C32ISXDIGIT 1
| #define GNULIB_TEST_C32TOLOWER 1
| #define GNULIB_TEST_C32WIDTH 1
| #define FLEXIBLE_ARRAY_MEMBER /**/
| #define GNULIB_TEST_FREE_POSIX 1
| #define HAVE_FREXP_IN_LIBC 1
| #define GNULIB_TEST_FREXP 1
| #define HAVE_FREXPL_IN_LIBC 1
| #define GNULIB_TEST_FREXPL 1
| #define HAVE___FSETERR 1
| #define HAVE_NEWLOCALE 1
| #define HAVE_DUPLOCALE 1
| #define HAVE_FREELOCALE 1
| #define GNULIB_TEST_GETLOCALENAME_L_UNSAFE 1
| #define HAVE_NEWLOCALE 1
| #define HAVE_DUPLOCALE 1
| #define HAVE_FREELOCALE 1
| #define HAVE_INLINE 1
| #define HAVE_ISNAND_IN_LIBC 1
| #define HAVE_ISNANF_IN_LIBC 1
| #define HAVE_ISNANL_IN_LIBC 1
| #define HAVE_ISWBLANK 1
| #define HAVE_DECL_ISWBLANK 1
| #define GNULIB_TEST_ISWBLANK 1
| #define GNULIB_TEST_ISWDIGIT 1
| #define GNULIB_TEST_ISWPUNCT 1
| #define GNULIB_TEST_ISWXDIGIT 1
| #define GNULIB_TEST_LOCALECONV 1
| #define GNULIB_LOCALECONV 1
| #define GNULIB_TEST_LOCALENAME_ENVIRON 1
| #define GNULIB_TEST_LOCALENAME_UNSAFE 1
| #define HAVE_PTHREAD_RWLOCK 1
| #define HAVE_PTHREAD_MUTEX_RECURSIVE 1
| #define GNULIB_LOCK 1
| #define GNULIB_TEST_MALLOC_POSIX 1
| #define GNULIB_TEST_MBRTOC32 1
| #define GNULIB_TEST_MBRTOWC 1
| #define GNULIB_TEST_MBSINIT 1
| #define GNULIB_TEST_MBSNLEN 1
| #define GNULIB_TEST_MBSZERO 1
| #define GNULIB_TEST_MEMCHR 1
| #define HAVE_FREXP_IN_LIBC 1
| #define HAVE_LDEXP_IN_LIBC 1
| #define HAVE_FREXPL_IN_LIBC 1
| #define HAVE_LDEXPL_IN_LIBC 1
| #define GNULIB_TEST_PTHREAD_ONCE 1
| #define HAVE_VISIBILITY 1
| #define GNULIB_TEST_SETLOCALE_NULL 1
| #define GNULIB_TEST_SIGNBIT_NO_CXX 1
| #define HAVE_STDINT_H 1
| #define GNULIB_TEST_STRINGEQ 1
| #define GNULIB_TEST_STRNCAT 1
| #define GNULIB_TEST_STRNCPY 1
| #define GNULIB_TEST_STRSTR 1
| #define GNULIB_UNIGBRK_U16_GRAPHEME_BREAKS 1
| #define GNULIB_UNIGBRK_U16_GRAPHEME_NEXT 1
| #define GNULIB_UNIGBRK_U16_GRAPHEME_PREV 1
| #define GNULIB_UNIGBRK_U32_GRAPHEME_BREAKS 1
| #define GNULIB_UNIGBRK_U32_GRAPHEME_NEXT 1
| #define GNULIB_UNIGBRK_U32_GRAPHEME_PREV 1
| #define GNULIB_UNIGBRK_U8_GRAPHEME_BREAKS 1
| #define GNULIB_UNIGBRK_U8_GRAPHEME_NEXT 1
| #define GNULIB_UNIGBRK_U8_GRAPHEME_PREV 1
| #define GNULIB_UNIGBRK_UC_GRAPHEME_BREAKS 1
| #define GNULIB_UNIGBRK_ULC_GRAPHEME_BREAKS 1
| #define GNULIB_TEST_UNINORM_U16_NORMALIZE 1
| #define GNULIB_TEST_UNINORM_U32_NORMALIZE 1
| #define GNULIB_TEST_UNINORM_U8_NORMALIZE 1
| #define NEED_PRINTF_DIRECTIVE_B 1
| #define NEED_PRINTF_DIRECTIVE_B 1
| #define NEED_PRINTF_DIRECTIVE_B 1
| #define NEED_PRINTF_DIRECTIVE_B 1
| #define NEED_PRINTF_DIRECTIVE_B 1
| #define NEED_PRINTF_DIRECTIVE_B 1
| #define NEED_PRINTF_DIRECTIVE_B 1
| #define GNULIB_UNISTR_U16_MBTOUC 1
| #define GNULIB_UNISTR_U16_MBTOUC_UNSAFE 1
| #define GNULIB_UNISTR_U16_MBTOUCR 1
| #define GNULIB_UNISTR_U16_UCTOMB 1
| #define GNULIB_UNISTR_U32_MBTOUC 1
| #define GNULIB_UNISTR_U32_MBTOUC_UNSAFE 1
| #define GNULIB_UNISTR_U32_MBTOUCR 1
| #define GNULIB_UNISTR_U32_UCTOMB 1
| #define GNULIB_UNISTR_U8_MBTOUC 1
| #define GNULIB_UNISTR_U8_MBTOUC_UNSAFE 1
| #define GNULIB_UNISTR_U8_MBTOUCR 1
| #define HAVE_STPCPY 1
| #define GNULIB_UNISTR_U8_UCTOMB 1
| #define HAVE_DECL_WCWIDTH 1
| #define GNULIB_TEST_WCWIDTH 1
| #define HAVE_STDINT_H 1
| #define GNULIB_TEST_ACCEPT 1
| #define GNULIB_ACCEPT IN_LIBUNISTRING_GNULIB_TESTS
| #define HAVE_C_ALIGNASOF 1
| #define GNULIB_TEST_BIND 1
| #define GNULIB_BIND IN_LIBUNISTRING_GNULIB_TESTS
| #define GNULIB_TEST_BTOC32 1
| #define GNULIB_TEST_BTOWC 1
| #define GNULIB_TEST_C32RTOMB 1
| #define GNULIB_TEST_C32TOB 1
| #define GNULIB_TEST_CALLOC_GNU 1
| #define GNULIB_TEST_CALLOC_POSIX 1
| #define GNULIB_TEST_CLOEXEC 1
| #define GNULIB_TEST_CLOSE 1
| #define GNULIB_CLOSE IN_LIBUNISTRING_GNULIB_TESTS
| #define GNULIB_TEST_CONNECT 1
| #define GNULIB_CONNECT IN_LIBUNISTRING_GNULIB_TESTS
| #define GNULIB_TEST_DUP2 1
| #define GNULIB_TEST_ENVIRON 1
| #define GNULIB_TEST_FCNTL 1
| #define GNULIB_TEST_FDOPEN 1
| #define GNULIB_TEST_FSTAT 1
| #define GNULIB_FSTAT IN_LIBUNISTRING_GNULIB_TESTS
| #define HAVE_FTRUNCATE 1
| #define GNULIB_TEST_FTRUNCATE 1
| #define GNULIB_TEST_GETCWD 1
| #define GNULIB_TEST_GETDTABLESIZE 1
| #define HAVE_DECL_PROGRAM_INVOCATION_NAME 1
| #define HAVE_DECL_PROGRAM_INVOCATION_NAME 1
| #define HAVE_DECL_PROGRAM_INVOCATION_SHORT_NAME 1
| #define HAVE_DECL___ARGV 0
| #define GNULIB_TEST_GETPROGNAME 1
| #define GETTIMEOFDAY_TIMEZONE void
| #define GNULIB_TEST_GETTIMEOFDAY 1
| #define GNULIB_LOCALEDIR "/home/bloink/Work/unnamedlinuxdistro/fs/share/locale"
| #define HAVE_DUPLOCALE 1
| #define HAVE_DECL_INET_PTON 1
| #define HAVE_IOCTL 1
| #define GNULIB_TEST_IOCTL 1
| #define GNULIB_IOCTL IN_LIBUNISTRING_GNULIB_TESTS
| #define GNULIB_ISBLANK IN_LIBUNISTRING_GNULIB_TESTS
| #define HAVE___INLINE 1
| #define GNULIB_TEST_LISTEN 1
| #define GNULIB_LISTEN IN_LIBUNISTRING_GNULIB_TESTS
| #define HAVE_NEWLOCALE 1
| #define HAVE_NEWLOCALE 1
| #define GNULIB_TEST_LSTAT 1
| #define GNULIB_LSTAT IN_LIBUNISTRING_GNULIB_TESTS
| #define GNULIB_TEST_MALLOC_GNU 1
| #define HAVE_MBTOWC 1
| #define GNULIB_TEST_MBTOWC 1
| #define HAVE_MKFIFO 1
| #define GNULIB_TEST_MKFIFO 1
| #define GNULIB_MSVC_NOTHROW IN_LIBUNISTRING_GNULIB_TESTS
| #define HAVE_BUG_BIG_NANOSLEEP 1
| #define GNULIB_TEST_NANOSLEEP 1
| #define GNULIB_TEST_OPEN 1
| #define GNULIB_TEST_PERROR 1
| #define GNULIB_TEST_PIPE 1
| #define GNULIB_TEST_PSELECT 1
| #define GNULIB_TEST_PTHREAD_COND 1
| #define GNULIB_TEST_PTHREAD_MUTEX 1
| #define GNULIB_TEST_PTHREAD_RWLOCK 1
| #define GNULIB_TEST_PTHREAD_THREAD 1
| #define GNULIB_TEST_PTHREAD_MUTEX_TIMEDLOCK 1
| #define GNULIB_TEST_PTHREAD_SIGMASK 1
| #define GNULIB_TEST_PUTENV 1
| #define HAVE_RAISE 1
| #define GNULIB_TEST_RAISE 1
| #define HAVE_INITSTATE 1
| #define HAVE_SETSTATE 1
| #define GNULIB_TEST_RANDOM 1
| #define GNULIB_TEST_RANDOM_R 1
| #define HAVE_REALLOC_POSIX 1
| #define HAVE_REALLOC_0_NONNULL 1
| #define GNULIB_TEST_REALLOC_POSIX 1
| #define HAVE_REALLOCARRAY 1
| #define GNULIB_REALLOCARRAY IN_LIBUNISTRING_GNULIB_TESTS
| #define GNULIB_TEST_REALLOCARRAY 1
| #define GNULIB_TEST_SCHED_YIELD 1
| #define GNULIB_TEST_SELECT 1
| #define GNULIB_SELECT IN_LIBUNISTRING_GNULIB_TESTS
| #define GNULIB_TEST_SETENV 1
| #define NEED_SETLOCALE_IMPROVED 0
| #define NEED_SETLOCALE_MTSAFE 1
| #define GNULIB_TEST_SETLOCALE 1
| #define GNULIB_TEST_SETSOCKOPT 1
| #define GNULIB_SETSOCKOPT IN_LIBUNISTRING_GNULIB_TESTS
| #define GNULIB_TEST_SIGPROCMASK 1
| #define HAVE_DECL_SLEEP 1
| #define GNULIB_TEST_SLEEP 1
| #define GNULIB_TEST_SOCKET 1
| #define GNULIB_SOCKET IN_LIBUNISTRING_GNULIB_TESTS
| #define GNULIB_TEST_STAT 1
| #define GNULIB_STAT IN_LIBUNISTRING_GNULIB_TESTS
| #define HAVE_STRUCT_STAT_ST_ATIM_TV_NSEC 1
| #define TYPEOF_STRUCT_STAT_ST_ATIM_IS_STRUCT_TIMESPEC 1
| #define GNULIB_TEST_FSCANF 1
| #define GNULIB_FSCANF IN_LIBUNISTRING_GNULIB_TESTS
| #define GNULIB_TEST_SCANF 1
| #define GNULIB_SCANF IN_LIBUNISTRING_GNULIB_TESTS
| #define GNULIB_TEST_FGETC 1
| #define GNULIB_TEST_GETC 1
| #define GNULIB_TEST_GETCHAR 1
| #define GNULIB_TEST_FGETS 1
| #define GNULIB_TEST_FREAD 1
| #define GNULIB_TEST_FPRINTF 1
| #define GNULIB_TEST_PRINTF 1
| #define GNULIB_TEST_VFPRINTF 1
| #define GNULIB_TEST_VPRINTF 1
| #define GNULIB_TEST_FPUTC 1
| #define GNULIB_TEST_PUTC 1
| #define GNULIB_TEST_PUTCHAR 1
| #define GNULIB_TEST_FPUTS 1
| #define GNULIB_TEST_PUTS 1
| #define GNULIB_TEST_FWRITE 1
| #define HAVE_VASPRINTF 1
| #define HAVE_STPCPY 1
| #define GNULIB_TEST_STPCPY 1
| #define GNULIB_TEST_STR_ENDSWITH 1
| #define GNULIB_TEST_STR_STARTSWITH 1
| #define GNULIB_STRERROR IN_LIBUNISTRING_GNULIB_TESTS
| #define GNULIB_TEST_STRERROR 1
| #define GNULIB_TEST_STRERROR_R 1
| #define GNULIB_STRERROR_R_POSIX IN_LIBUNISTRING_GNULIB_TESTS
| #define GNULIB_TEST_SYMLINK 1
| #define HAVE_IPV4 1
| #define HAVE_IPV6 1
| #define HAVE_UNIXSOCKET 1
| #define HAVE_PTHREAD_ATFORK 1
| #define GNULIB_TEST_TIME 1
| #define HAVE_UNSETENV 1
| #define GNULIB_TEST_UNSETENV 1
| /* end confdefs.h.  */
| #include <stddef.h>
| #ifdef HAVE_STDIO_H
| # include <stdio.h>
| #endif
| #ifdef HAVE_STDLIB_H
| # include <stdlib.h>
| #endif
| #ifdef HAVE_STRING_H
| # include <string.h>
| #endif
| #ifdef HAVE_INTTYPES_H
| # include <inttypes.h>
| #endif
| #ifdef HAVE_STDINT_H
| # include <stdint.h>
| #endif
| #ifdef HAVE_STRINGS_H
| # include <strings.h>
| #endif
| #ifdef HAVE_SYS_TYPES_H
| # include <sys/types.h>
| #endif
| #ifdef HAVE_SYS_STAT_H
| # include <sys/stat.h>
| #endif
| #ifdef HAVE_UNISTD_H
| # include <unistd.h>
| #endif
| int
| main (void)
| {
| if (sizeof ((useconds_t)))
| 	    return 0;
|   ;
|   return 0;
| }
configure:83701: result: yes
configure:83715: checking whether usleep allows large arguments
configure:83750: gcc -o conftest -g -O2   conftest.c  >&5
configure:83750: $? = 0
configure:83750: ./conftest
configure:83750: $? = 0
configure:83764: result: yes
configure:83814: checking for variable-length arrays
configure:83827: gcc -c -g -O2  conftest.c >&5
conftest.c:423:10: error: #error __STDC_NO_VLA__ not defined
  423 |         #error __STDC_NO_VLA__ not defined
      |          ^~~~~
configure:83827: $? = 1
configure: failed program was:
| /* confdefs.h */
| #define PACKAGE_NAME "libunistring"
| #define PACKAGE_TARNAME "libunistring"
| #define PACKAGE_VERSION "dummy"
| #define PACKAGE_STRING "libunistring dummy"
| #define PACKAGE_BUGREPORT ""
| #define PACKAGE_URL ""
| #undef PACKAGE_VERSION
| #define PACKAGE_VERSION "1.4.2"
| #undef PACKAGE_STRING
| #define PACKAGE_STRING "libunistring 1.4.2"
| #define PACKAGE "libunistring"
| #define VERSION "1.4.2"
| #define HAVE_STDIO_H 1
| #define HAVE_STDLIB_H 1
| #define HAVE_STRING_H 1
| #define HAVE_INTTYPES_H 1
| #define HAVE_STDINT_H 1
| #define HAVE_STRINGS_H 1
| #define HAVE_SYS_STAT_H 1
| #define HAVE_SYS_TYPES_H 1
| #define HAVE_UNISTD_H 1
| #define HAVE_WCHAR_H 1
| #define HAVE_STDBOOL_H 1
| #define HAVE_UCHAR_H 1
| #define HAVE_THREADS_H 1
| #define HAVE_LANGINFO_H 1
| #define HAVE_ICONV_H 1
| #define HAVE_LIMITS_H 1
| #define HAVE_WCTYPE_H 1
| #define HAVE_MATH_H 1
| #define HAVE_SYS_MMAN_H 1
| #define HAVE_PTHREAD_H 1
| #define HAVE_STDCKDINT_H 1
| #define HAVE_SYS_TIME_H 1
| #define HAVE_FEATURES_H 1
| #define HAVE_SYS_SOCKET_H 1
| #define HAVE_ARPA_INET_H 1
| #define HAVE_NETDB_H 1
| #define HAVE_NETINET_IN_H 1
| #define HAVE_SEMAPHORE_H 1
| #define HAVE_SYS_PARAM_H 1
| #define HAVE_SYS_SELECT_H 1
| #define HAVE_SYS_WAIT_H 1
| #define HAVE_SYS_IOCTL_H 1
| #define HAVE_SYS_UN_H 1
| #define HAVE_SYS_UIO_H 1
| #define STDC_HEADERS 1
| #define _ALL_SOURCE 1
| #define _DARWIN_C_SOURCE 1
| #define _GNU_SOURCE 1
| #define _HPUX_ALT_XOPEN_SOCKET_API 1
| #define _NETBSD_SOURCE 1
| #define _OPENBSD_SOURCE 1
| #define _POSIX_PTHREAD_SEMANTICS 1
| #define __STDC_WANT_IEC_60559_ATTRIBS_EXT__ 1
| #define __STDC_WANT_IEC_60559_BFP_EXT__ 1
| #define __STDC_WANT_IEC_60559_DFP_EXT__ 1
| #define __STDC_WANT_IEC_60559_EXT__ 1
| #define __STDC_WANT_IEC_60559_FUNCS_EXT__ 1
| #define __STDC_WANT_IEC_60559_TYPES_EXT__ 1
| #define __STDC_WANT_LIB_EXT2__ 1
| #define __STDC_WANT_MATH_SPEC_FUNCS__ 1
| #define _TANDEM_SOURCE 1
| #define __EXTENSIONS__ 1
| #define _LINUX_SOURCE_COMPAT 1
| #define __USE_MINGW_ANSI_STDIO 1
| #define HAVE_DLFCN_H 1
| #define LT_OBJDIR ".libs/"
| #define HAVE_ALLOCA_H 1
| #define HAVE_ALLOCA 1
| #define restrict __restrict__
| #define BITSIZEOF_WCHAR_T 32
| #define HAVE_MBSTATE_T 1
| #define HAVE_MBSINIT 1
| #define HAVE_MBRTOWC 1
| #define HAVE_SYMLINK 1
| #define HAVE_ISWCNTRL 1
| #define HAVE_MPROTECT 1
| #define HAVE_SNPRINTF 1
| #define HAVE_STRDUP 1
| #define HAVE_WCWIDTH 1
| #define HAVE_BTOWC 1
| #define HAVE_FCNTL 1
| #define HAVE_GETDTABLESIZE 1
| #define HAVE_GETTIMEOFDAY 1
| #define HAVE_ISBLANK 1
| #define HAVE_LSTAT 1
| #define HAVE___XPG_STRERROR_R 1
| #define HAVE_PIPE 1
| #define HAVE_PSELECT 1
| #define HAVE_PTHREAD_SIGMASK 1
| #define HAVE_SETENV 1
| #define HAVE_SLEEP 1
| #define HAVE_SHUTDOWN 1
| #define HAVE_USLEEP 1
| #define HAVE_WCRTOMB 1
| #define HAVE_WCTOB 1
| #define HAVE_LANGINFO_CODESET 1
| #define HAVE_WORKING_MBRTOC32 1
| #define HAVE_WORKING_C32RTOMB 1
| #define HAVE_WORKING_O_DIRECTORY 1
| #define HAVE_WORKING_O_NOATIME 1
| #define HAVE_WORKING_O_NOFOLLOW 1
| #define HAVE_DECL_ALARM 1
| #define HAVE_PTHREAD_API 1
| #define SETLOCALE_NULL_ALL_MTSAFE 0
| #define SETLOCALE_NULL_ONE_MTSAFE 1
| #define HAVE_WEAK_SYMBOLS 1
| #define HAVE_USELOCALE 1
| #define HAVE_WORKING_USELOCALE 1
| #define HAVE_GOOD_USELOCALE 1
| #define HAVE_ICONV 1
| #define ICONV_CONST 
| #define HAVE_WINT_T 1
| #define HAVE_LONG_LONG_INT 1
| #define HAVE_UNSIGNED_LONG_LONG_INT 1
| #define DBL_EXPBIT0_WORD 1
| #define DBL_EXPBIT0_BIT 20
| #define FLT_EXPBIT0_WORD 0
| #define FLT_EXPBIT0_BIT 23
| #define LDBL_EXPBIT0_WORD 2
| #define LDBL_EXPBIT0_BIT 0
| #define HAVE_TOWLOWER 1
| #define HAVE_LC_MESSAGES 1
| #define MUSL_LIBC 1
| #define HAVE_WEAK_SYMBOLS 1
| #define USE_POSIX_THREADS 1
| #define USE_POSIX_THREADS_WEAK 1
| #define HAVE_MALLOC_PTRDIFF 1
| #define HAVE_MALLOC_POSIX 1
| #define HAVE_MALLOC_0_NONNULL 1
| #define HAVE_MINMAX_IN_SYS_PARAM_H 1
| #define HAVE_PTHREAD_T 1
| #define HAVE_PTHREAD_SPINLOCK_T 1
| #define INSTALLPREFIX "/home/bloink/Work/unnamedlinuxdistro/fs"
| #define HAVE_DLADDR_IN_LIBC 1
| #define HAVE_SCHED_H 1
| #define HAVE_DECL_ECVT 1
| #define HAVE_DECL_FCVT 1
| #define HAVE_DECL_GCVT 1
| #define HAVE_DECL_STREQ 0
| #define HAVE_DECL_MEMEQ 0
| #define _USE_STD_STAT 1
| #define HAVE_DECL_EXECVPE 1
| #define HAVE_INTTYPES_H_WITH_UINTMAX 1
| #define HAVE_STDINT_H_WITH_UINTMAX 1
| #define HAVE_INTMAX_T 1
| #define HAVE_WCSLEN 1
| #define HAVE_SNPRINTF 1
| #define HAVE_STRNLEN 1
| #define HAVE_WCRTOMB 1
| #define HAVE_DECL__SNPRINTF 0
| #define HAVE_SNPRINTF_RETVAL_C99 1
| #define HAVE_SNPRINTF_TRUNCATION_C99 1
| #define CHECK_PRINTF_SAFE 1
| #define HAVE_DECL_WCSDUP 1
| #define HAVE_SHUTDOWN 1
| #define HAVE_STRUCT_SOCKADDR_STORAGE 1
| #define HAVE_SA_FAMILY_T 1
| #define HAVE_STRUCT_SOCKADDR_STORAGE_SS_FAMILY 1
| #define HAVE_ENVIRON_DECL 1
| #define HAVE_DECL_STRERROR_R 1
| #define HAVE_STRERROR_R 1
| #define HAVE_DECL_GETDTABLESIZE 1
| #define HAVE_IPV4 1
| #define HAVE_IPV6 1
| #define LSTAT_FOLLOWS_SLASHED_SYMLINK 1
| #define PROMOTED_MODE_T mode_t
| #define HAVE_STRERROR_R 1
| #define HAVE_DECL__PUTENV 0
| #define HAVE_SIGSET_T 1
| #define HAVE_DECL_INITSTATE 1
| #define HAVE_DECL_SETSTATE 1
| #define HAVE_DECL_SETENV 1
| #define HAVE_SEARCH_H 1
| #define HAVE_TSEARCH 1
| #define HAVE_DECL_FCLOSEALL 0
| #define HAVE_DECL_GETW 1
| #define HAVE_DECL_PUTW 1
| #define HAVE_DECL_UNSETENV 1
| #define HAVE_ALLOCA 1
| #define HAVE_C_STATIC_ASSERT 1
| #define HAVE_C_BOOL 1
| #define HAVE___BUILTIN_EXPECT 1
| #define GNULIB_TEST_C32ISALNUM 1
| #define GNULIB_TEST_C32ISALPHA 1
| #define GNULIB_TEST_C32ISBLANK 1
| #define GNULIB_TEST_C32ISCNTRL 1
| #define GNULIB_TEST_C32ISDIGIT 1
| #define GNULIB_TEST_C32ISGRAPH 1
| #define GNULIB_TEST_C32ISLOWER 1
| #define GNULIB_TEST_C32ISPRINT 1
| #define GNULIB_TEST_C32ISPUNCT 1
| #define GNULIB_TEST_C32ISSPACE 1
| #define GNULIB_TEST_C32ISUPPER 1
| #define GNULIB_TEST_C32ISXDIGIT 1
| #define GNULIB_TEST_C32TOLOWER 1
| #define GNULIB_TEST_C32WIDTH 1
| #define FLEXIBLE_ARRAY_MEMBER /**/
| #define GNULIB_TEST_FREE_POSIX 1
| #define HAVE_FREXP_IN_LIBC 1
| #define GNULIB_TEST_FREXP 1
| #define HAVE_FREXPL_IN_LIBC 1
| #define GNULIB_TEST_FREXPL 1
| #define HAVE___FSETERR 1
| #define HAVE_NEWLOCALE 1
| #define HAVE_DUPLOCALE 1
| #define HAVE_FREELOCALE 1
| #define GNULIB_TEST_GETLOCALENAME_L_UNSAFE 1
| #define HAVE_NEWLOCALE 1
| #define HAVE_DUPLOCALE 1
| #define HAVE_FREELOCALE 1
| #define HAVE_INLINE 1
| #define HAVE_ISNAND_IN_LIBC 1
| #define HAVE_ISNANF_IN_LIBC 1
| #define HAVE_ISNANL_IN_LIBC 1
| #define HAVE_ISWBLANK 1
| #define HAVE_DECL_ISWBLANK 1
| #define GNULIB_TEST_ISWBLANK 1
| #define GNULIB_TEST_ISWDIGIT 1
| #define GNULIB_TEST_ISWPUNCT 1
| #define GNULIB_TEST_ISWXDIGIT 1
| #define GNULIB_TEST_LOCALECONV 1
| #define GNULIB_LOCALECONV 1
| #define GNULIB_TEST_LOCALENAME_ENVIRON 1
| #define GNULIB_TEST_LOCALENAME_UNSAFE 1
| #define HAVE_PTHREAD_RWLOCK 1
| #define HAVE_PTHREAD_MUTEX_RECURSIVE 1
| #define GNULIB_LOCK 1
| #define GNULIB_TEST_MALLOC_POSIX 1
| #define GNULIB_TEST_MBRTOC32 1
| #define GNULIB_TEST_MBRTOWC 1
| #define GNULIB_TEST_MBSINIT 1
| #define GNULIB_TEST_MBSNLEN 1
| #define GNULIB_TEST_MBSZERO 1
| #define GNULIB_TEST_MEMCHR 1
| #define HAVE_FREXP_IN_LIBC 1
| #define HAVE_LDEXP_IN_LIBC 1
| #define HAVE_FREXPL_IN_LIBC 1
| #define HAVE_LDEXPL_IN_LIBC 1
| #define GNULIB_TEST_PTHREAD_ONCE 1
| #define HAVE_VISIBILITY 1
| #define GNULIB_TEST_SETLOCALE_NULL 1
| #define GNULIB_TEST_SIGNBIT_NO_CXX 1
| #define HAVE_STDINT_H 1
| #define GNULIB_TEST_STRINGEQ 1
| #define GNULIB_TEST_STRNCAT 1
| #define GNULIB_TEST_STRNCPY 1
| #define GNULIB_TEST_STRSTR 1
| #define GNULIB_UNIGBRK_U16_GRAPHEME_BREAKS 1
| #define GNULIB_UNIGBRK_U16_GRAPHEME_NEXT 1
| #define GNULIB_UNIGBRK_U16_GRAPHEME_PREV 1
| #define GNULIB_UNIGBRK_U32_GRAPHEME_BREAKS 1
| #define GNULIB_UNIGBRK_U32_GRAPHEME_NEXT 1
| #define GNULIB_UNIGBRK_U32_GRAPHEME_PREV 1
| #define GNULIB_UNIGBRK_U8_GRAPHEME_BREAKS 1
| #define GNULIB_UNIGBRK_U8_GRAPHEME_NEXT 1
| #define GNULIB_UNIGBRK_U8_GRAPHEME_PREV 1
| #define GNULIB_UNIGBRK_UC_GRAPHEME_BREAKS 1
| #define GNULIB_UNIGBRK_ULC_GRAPHEME_BREAKS 1
| #define GNULIB_TEST_UNINORM_U16_NORMALIZE 1
| #define GNULIB_TEST_UNINORM_U32_NORMALIZE 1
| #define GNULIB_TEST_UNINORM_U8_NORMALIZE 1
| #define NEED_PRINTF_DIRECTIVE_B 1
| #define NEED_PRINTF_DIRECTIVE_B 1
| #define NEED_PRINTF_DIRECTIVE_B 1
| #define NEED_PRINTF_DIRECTIVE_B 1
| #define NEED_PRINTF_DIRECTIVE_B 1
| #define NEED_PRINTF_DIRECTIVE_B 1
| #define NEED_PRINTF_DIRECTIVE_B 1
| #define GNULIB_UNISTR_U16_MBTOUC 1
| #define GNULIB_UNISTR_U16_MBTOUC_UNSAFE 1
| #define GNULIB_UNISTR_U16_MBTOUCR 1
| #define GNULIB_UNISTR_U16_UCTOMB 1
| #define GNULIB_UNISTR_U32_MBTOUC 1
| #define GNULIB_UNISTR_U32_MBTOUC_UNSAFE 1
| #define GNULIB_UNISTR_U32_MBTOUCR 1
| #define GNULIB_UNISTR_U32_UCTOMB 1
| #define GNULIB_UNISTR_U8_MBTOUC 1
| #define GNULIB_UNISTR_U8_MBTOUC_UNSAFE 1
| #define GNULIB_UNISTR_U8_MBTOUCR 1
| #define HAVE_STPCPY 1
| #define GNULIB_UNISTR_U8_UCTOMB 1
| #define HAVE_DECL_WCWIDTH 1
| #define GNULIB_TEST_WCWIDTH 1
| #define HAVE_STDINT_H 1
| #define GNULIB_TEST_ACCEPT 1
| #define GNULIB_ACCEPT IN_LIBUNISTRING_GNULIB_TESTS
| #define HAVE_C_ALIGNASOF 1
| #define GNULIB_TEST_BIND 1
| #define GNULIB_BIND IN_LIBUNISTRING_GNULIB_TESTS
| #define GNULIB_TEST_BTOC32 1
| #define GNULIB_TEST_BTOWC 1
| #define GNULIB_TEST_C32RTOMB 1
| #define GNULIB_TEST_C32TOB 1
| #define GNULIB_TEST_CALLOC_GNU 1
| #define GNULIB_TEST_CALLOC_POSIX 1
| #define GNULIB_TEST_CLOEXEC 1
| #define GNULIB_TEST_CLOSE 1
| #define GNULIB_CLOSE IN_LIBUNISTRING_GNULIB_TESTS
| #define GNULIB_TEST_CONNECT 1
| #define GNULIB_CONNECT IN_LIBUNISTRING_GNULIB_TESTS
| #define GNULIB_TEST_DUP2 1
| #define GNULIB_TEST_ENVIRON 1
| #define GNULIB_TEST_FCNTL 1
| #define GNULIB_TEST_FDOPEN 1
| #define GNULIB_TEST_FSTAT 1
| #define GNULIB_FSTAT IN_LIBUNISTRING_GNULIB_TESTS
| #define HAVE_FTRUNCATE 1
| #define GNULIB_TEST_FTRUNCATE 1
| #define GNULIB_TEST_GETCWD 1
| #define GNULIB_TEST_GETDTABLESIZE 1
| #define HAVE_DECL_PROGRAM_INVOCATION_NAME 1
| #define HAVE_DECL_PROGRAM_INVOCATION_NAME 1
| #define HAVE_DECL_PROGRAM_INVOCATION_SHORT_NAME 1
| #define HAVE_DECL___ARGV 0
| #define GNULIB_TEST_GETPROGNAME 1
| #define GETTIMEOFDAY_TIMEZONE void
| #define GNULIB_TEST_GETTIMEOFDAY 1
| #define GNULIB_LOCALEDIR "/home/bloink/Work/unnamedlinuxdistro/fs/share/locale"
| #define HAVE_DUPLOCALE 1
| #define HAVE_DECL_INET_PTON 1
| #define HAVE_IOCTL 1
| #define GNULIB_TEST_IOCTL 1
| #define GNULIB_IOCTL IN_LIBUNISTRING_GNULIB_TESTS
| #define GNULIB_ISBLANK IN_LIBUNISTRING_GNULIB_TESTS
| #define HAVE___INLINE 1
| #define GNULIB_TEST_LISTEN 1
| #define GNULIB_LISTEN IN_LIBUNISTRING_GNULIB_TESTS
| #define HAVE_NEWLOCALE 1
| #define HAVE_NEWLOCALE 1
| #define GNULIB_TEST_LSTAT 1
| #define GNULIB_LSTAT IN_LIBUNISTRING_GNULIB_TESTS
| #define GNULIB_TEST_MALLOC_GNU 1
| #define HAVE_MBTOWC 1
| #define GNULIB_TEST_MBTOWC 1
| #define HAVE_MKFIFO 1
| #define GNULIB_TEST_MKFIFO 1
| #define GNULIB_MSVC_NOTHROW IN_LIBUNISTRING_GNULIB_TESTS
| #define HAVE_BUG_BIG_NANOSLEEP 1
| #define GNULIB_TEST_NANOSLEEP 1
| #define GNULIB_TEST_OPEN 1
| #define GNULIB_TEST_PERROR 1
| #define GNULIB_TEST_PIPE 1
| #define GNULIB_TEST_PSELECT 1
| #define GNULIB_TEST_PTHREAD_COND 1
| #define GNULIB_TEST_PTHREAD_MUTEX 1
| #define GNULIB_TEST_PTHREAD_RWLOCK 1
| #define GNULIB_TEST_PTHREAD_THREAD 1
| #define GNULIB_TEST_PTHREAD_MUTEX_TIMEDLOCK 1
| #define GNULIB_TEST_PTHREAD_SIGMASK 1
| #define GNULIB_TEST_PUTENV 1
| #define HAVE_RAISE 1
| #define GNULIB_TEST_RAISE 1
| #define HAVE_INITSTATE 1
| #define HAVE_SETSTATE 1
| #define GNULIB_TEST_RANDOM 1
| #define GNULIB_TEST_RANDOM_R 1
| #define HAVE_REALLOC_POSIX 1
| #define HAVE_REALLOC_0_NONNULL 1
| #define GNULIB_TEST_REALLOC_POSIX 1
| #define HAVE_REALLOCARRAY 1
| #define GNULIB_REALLOCARRAY IN_LIBUNISTRING_GNULIB_TESTS
| #define GNULIB_TEST_REALLOCARRAY 1
| #define GNULIB_TEST_SCHED_YIELD 1
| #define GNULIB_TEST_SELECT 1
| #define GNULIB_SELECT IN_LIBUNISTRING_GNULIB_TESTS
| #define GNULIB_TEST_SETENV 1
| #define NEED_SETLOCALE_IMPROVED 0
| #define NEED_SETLOCALE_MTSAFE 1
| #define GNULIB_TEST_SETLOCALE 1
| #define GNULIB_TEST_SETSOCKOPT 1
| #define GNULIB_SETSOCKOPT IN_LIBUNISTRING_GNULIB_TESTS
| #define GNULIB_TEST_SIGPROCMASK 1
| #define HAVE_DECL_SLEEP 1
| #define GNULIB_TEST_SLEEP 1
| #define GNULIB_TEST_SOCKET 1
| #define GNULIB_SOCKET IN_LIBUNISTRING_GNULIB_TESTS
| #define GNULIB_TEST_STAT 1
| #define GNULIB_STAT IN_LIBUNISTRING_GNULIB_TESTS
| #define HAVE_STRUCT_STAT_ST_ATIM_TV_NSEC 1
| #define TYPEOF_STRUCT_STAT_ST_ATIM_IS_STRUCT_TIMESPEC 1
| #define GNULIB_TEST_FSCANF 1
| #define GNULIB_FSCANF IN_LIBUNISTRING_GNULIB_TESTS
| #define GNULIB_TEST_SCANF 1
| #define GNULIB_SCANF IN_LIBUNISTRING_GNULIB_TESTS
| #define GNULIB_TEST_FGETC 1
| #define GNULIB_TEST_GETC 1
| #define GNULIB_TEST_GETCHAR 1
| #define GNULIB_TEST_FGETS 1
| #define GNULIB_TEST_FREAD 1
| #define GNULIB_TEST_FPRINTF 1
| #define GNULIB_TEST_PRINTF 1
| #define GNULIB_TEST_VFPRINTF 1
| #define GNULIB_TEST_VPRINTF 1
| #define GNULIB_TEST_FPUTC 1
| #define GNULIB_TEST_PUTC 1
| #define GNULIB_TEST_PUTCHAR 1
| #define GNULIB_TEST_FPUTS 1
| #define GNULIB_TEST_PUTS 1
| #define GNULIB_TEST_FWRITE 1
| #define HAVE_VASPRINTF 1
| #define HAVE_STPCPY 1
| #define GNULIB_TEST_STPCPY 1
| #define GNULIB_TEST_STR_ENDSWITH 1
| #define GNULIB_TEST_STR_STARTSWITH 1
| #define GNULIB_STRERROR IN_LIBUNISTRING_GNULIB_TESTS
| #define GNULIB_TEST_STRERROR 1
| #define GNULIB_TEST_STRERROR_R 1
| #define GNULIB_STRERROR_R_POSIX IN_LIBUNISTRING_GNULIB_TESTS
| #define GNULIB_TEST_SYMLINK 1
| #define HAVE_IPV4 1
| #define HAVE_IPV6 1
| #define HAVE_UNIXSOCKET 1
| #define HAVE_PTHREAD_ATFORK 1
| #define GNULIB_TEST_TIME 1
| #define HAVE_UNSETENV 1
| #define GNULIB_TEST_UNSETENV 1
| #define GNULIB_TEST_USLEEP 1
| /* end confdefs.h.  */
| 	#ifndef __STDC_NO_VLA__
| 	#error __STDC_NO_VLA__ not defined
| 	#endif
| 
configure:83871: gcc -c -g -O2  conftest.c >&5
configure:83871: $? = 0
configure:83884: result: yes
configure:83928: checking whether wcrtomb works in the C locale
configure:83961: gcc -o conftest -g -O2   conftest.c  >&5
configure:83961: $? = 0
configure:83961: ./conftest
configure:83961: $? = 0
configure:83976: result: yes
configure:83987: checking whether wcrtomb return value is correct
configure:84050: gcc -o conftest -g -O2   conftest.c  >&5
configure:84050: $? = 0
configure:84050: ./conftest
configure:84050: $? = 0
configure:84066: result: yes
configure:84145: checking whether wctob works
configure:84242: result: guessing yes
configure:84536: checking for gawk
configure:84569: result: gawk
configure:84606: checking for texi2dvi
configure:84643: result: /home/bloink/Work/unnamedlinuxdistro/libunistring/build-aux/missing texi2dvi
configure:84653: checking for dvips
configure:84690: result: /home/bloink/Work/unnamedlinuxdistro/libunistring/build-aux/missing dvips
configure:84700: checking for perl
configure:84723: found /usr/bin/perl
configure:84737: result: /usr/bin/perl
configure:84884: checking that generated files are newer than configure
configure:84890: result: done
configure:85022: creating ./config.status

## ---------------------- ##
## Running config.status. ##
## ---------------------- ##

This file was extended by libunistring config.status dummy, which was
generated by GNU Autoconf 2.72.  Invocation command line was

  CONFIG_FILES    = 
  CONFIG_HEADERS  = 
  CONFIG_LINKS    = 
  CONFIG_COMMANDS = 
  $ ./config.status 

on aerynos

config.status:4631: creating Makefile
config.status:4631: creating doc/Makefile
config.status:4631: creating gnulib-local/Makefile
config.status:4631: creating lib/Makefile
config.status:4631: creating lib/exported.sh
config.status:4631: creating lib/unistring/version.h
config.status:4631: creating lib/unistring/woe32dll.h
config.status:4631: creating tests/Makefile
config.status:4631: creating install-tests/Makefile
config.status:4631: creating config.h
config.status:4860: executing depfiles commands
config.status:4935: cd tests       && sed -e '/# am--include-marker/d' Makefile         | make -f - am--depfiles
make: Nothing to be done for 'am--depfiles'.
config.status:4942: $? = 0
config.status:4860: executing libtool commands

## ---------------- ##
## Cache variables. ##
## ---------------- ##

ac_cv_build='x86_64-pc-linux-musl'
ac_cv_c_bigendian='no'
ac_cv_c_compiler_gnu='yes'
ac_cv_c_flexmember='yes'
ac_cv_c_inline='inline'
ac_cv_c_restrict='__restrict__'
ac_cv_c_undeclared_builtin_options='none needed'
ac_cv_c_vararrays='yes'
ac_cv_env_CC_set=''
ac_cv_env_CC_value=''
ac_cv_env_CFLAGS_set=''
ac_cv_env_CFLAGS_value=''
ac_cv_env_CPPFLAGS_set=''
ac_cv_env_CPPFLAGS_value=''
ac_cv_env_CPP_set=''
ac_cv_env_CPP_value=''
ac_cv_env_LDFLAGS_set=''
ac_cv_env_LDFLAGS_value=''
ac_cv_env_LIBS_set=''
ac_cv_env_LIBS_value=''
ac_cv_env_LT_SYS_LIBRARY_PATH_set=''
ac_cv_env_LT_SYS_LIBRARY_PATH_value=''
ac_cv_env_build_alias_set=''
ac_cv_env_build_alias_value=''
ac_cv_env_host_alias_set=''
ac_cv_env_host_alias_value=''
ac_cv_env_target_alias_set=''
ac_cv_env_target_alias_value=''
ac_cv_func___fseterr='yes'
ac_cv_func___xpg_strerror_r='yes'
ac_cv_func__set_invalid_parameter_handler='no'
ac_cv_func_alloca_works='yes'
ac_cv_func_btowc='yes'
ac_cv_func_dladdr='yes'
ac_cv_func_duplocale='yes'
ac_cv_func_error='no'
ac_cv_func_fcntl='yes'
ac_cv_func_freelocale='yes'
ac_cv_func_ftruncate='yes'
ac_cv_func_getdtablesize='yes'
ac_cv_func_getexecname='no'
ac_cv_func_getlocalename_l='no'
ac_cv_func_getprogname='no'
ac_cv_func_gettimeofday='yes'
ac_cv_func_initstate='yes'
ac_cv_func_ioctl='yes'
ac_cv_func_isblank='yes'
ac_cv_func_iswblank='yes'
ac_cv_func_iswcntrl='yes'
ac_cv_func_lstat='yes'
ac_cv_func_malloc_0_nonnull='yes'
ac_cv_func_mbrtowc='yes'
ac_cv_func_mbsinit='yes'
ac_cv_func_mbtowc='yes'
ac_cv_func_mprotect='yes'
ac_cv_func_newlocale='yes'
ac_cv_func_pipe='yes'
ac_cv_func_pselect='yes'
ac_cv_func_pthread_atfork='yes'
ac_cv_func_pthread_sigmask='yes'
ac_cv_func_raise='yes'
ac_cv_func_random_r='no'
ac_cv_func_reallocarray='yes'
ac_cv_func_setenv='yes'
ac_cv_func_setstate='yes'
ac_cv_func_shutdown='yes'
ac_cv_func_sigprocmask='yes'
ac_cv_func_sleep='yes'
ac_cv_func_snprintf='yes'
ac_cv_func_stpcpy='yes'
ac_cv_func_strdup='yes'
ac_cv_func_strerror_r='yes'
ac_cv_func_strerror_r_char_p='no'
ac_cv_func_strnlen='yes'
ac_cv_func_symlink='yes'
ac_cv_func_towlower='yes'
ac_cv_func_tsearch='yes'
ac_cv_func_unsetenv='yes'
ac_cv_func_uselocale='yes'
ac_cv_func_usleep='yes'
ac_cv_func_vasprintf='yes'
ac_cv_func_wcrtomb='yes'
ac_cv_func_wcslen='yes'
ac_cv_func_wctob='yes'
ac_cv_func_wcwidth='yes'
ac_cv_have_decl___argv='no'
ac_cv_have_decl__putenv='no'
ac_cv_have_decl__snprintf='no'
ac_cv_have_decl_alarm='yes'
ac_cv_have_decl_c32rtomb='yes'
ac_cv_have_decl_ecvt='yes'
ac_cv_have_decl_error_at_line='no'
ac_cv_have_decl_execvpe='yes'
ac_cv_have_decl_fcloseall='no'
ac_cv_have_decl_fcvt='yes'
ac_cv_have_decl_frexpl='yes'
ac_cv_have_decl_gcvt='yes'
ac_cv_have_decl_getdtablesize='yes'
ac_cv_have_decl_getw='yes'
ac_cv_have_decl_inet_pton='yes'
ac_cv_have_decl_initstate='yes'
ac_cv_have_decl_iswblank='yes'
ac_cv_have_decl_ldexpl='yes'
ac_cv_have_decl_mbrtoc32='yes'
ac_cv_have_decl_memeq='no'
ac_cv_have_decl_program_invocation_name='yes'
ac_cv_have_decl_program_invocation_short_name='yes'
ac_cv_have_decl_pthread_mutex_timedlock='yes'
ac_cv_have_decl_pthread_rwlock_timedrdlock='yes'
ac_cv_have_decl_putw='yes'
ac_cv_have_decl_sched_yield='yes'
ac_cv_have_decl_setenv='yes'
ac_cv_have_decl_setstate='yes'
ac_cv_have_decl_sleep='yes'
ac_cv_have_decl_streq='no'
ac_cv_have_decl_strerror_r='yes'
ac_cv_have_decl_unsetenv='yes'
ac_cv_have_decl_wcsdup='yes'
ac_cv_have_decl_wcwidth='yes'
ac_cv_header_arpa_inet_h='yes'
ac_cv_header_crtdefs_h='no'
ac_cv_header_dlfcn_h='yes'
ac_cv_header_error_h='no'
ac_cv_header_features_h='yes'
ac_cv_header_iconv_h='yes'
ac_cv_header_inttypes_h='yes'
ac_cv_header_langinfo_h='yes'
ac_cv_header_limits_h='yes'
ac_cv_header_math_h='yes'
ac_cv_header_minix_config_h='no'
ac_cv_header_netdb_h='yes'
ac_cv_header_netinet_in_h='yes'
ac_cv_header_pthread_h='yes'
ac_cv_header_random_h='no'
ac_cv_header_sched_h='yes'
ac_cv_header_search_h='yes'
ac_cv_header_semaphore_h='yes'
ac_cv_header_stat_broken='no'
ac_cv_header_stdbool_h='yes'
ac_cv_header_stdckdint_h='yes'
ac_cv_header_stdint_h='yes'
ac_cv_header_stdio_h='yes'
ac_cv_header_stdlib_h='yes'
ac_cv_header_string_h='yes'
ac_cv_header_strings_h='yes'
ac_cv_header_sys_ioctl_h='yes'
ac_cv_header_sys_mman_h='yes'
ac_cv_header_sys_param_h='yes'
ac_cv_header_sys_process_h='no'
ac_cv_header_sys_select_h='yes'
ac_cv_header_sys_single_threaded_h='no'
ac_cv_header_sys_socket_h='yes'
ac_cv_header_sys_stat_h='yes'
ac_cv_header_sys_time_h='yes'
ac_cv_header_sys_types_h='yes'
ac_cv_header_sys_uio_h='yes'
ac_cv_header_sys_un_h='yes'
ac_cv_header_sys_wait_h='yes'
ac_cv_header_threads_h='yes'
ac_cv_header_uchar_h='yes'
ac_cv_header_unistd_h='yes'
ac_cv_header_wchar_h='yes'
ac_cv_header_wctype_h='yes'
ac_cv_header_xlocale_h='no'
ac_cv_host='x86_64-pc-linux-musl'
ac_cv_lib_error_at_line='no'
ac_cv_lib_pthread_pthread_kill='yes'
ac_cv_member_struct_sockaddr_storage_ss_family='yes'
ac_cv_member_struct_stat_st_atim_tv_nsec='yes'
ac_cv_member_struct_stat_st_birthtim_tv_nsec='no'
ac_cv_member_struct_stat_st_birthtimensec='no'
ac_cv_member_struct_stat_st_birthtimespec_tv_nsec='no'
ac_cv_objext='o'
ac_cv_path_DVIPS='/home/bloink/Work/unnamedlinuxdistro/libunistring/build-aux/missing dvips'
ac_cv_path_EGREP='/bin/grep -E'
ac_cv_path_EGREP_TRADITIONAL='/bin/grep -E'
ac_cv_path_FGREP='/bin/grep -F'
ac_cv_path_GREP='/bin/grep'
ac_cv_path_PERL='/usr/bin/perl'
ac_cv_path_SED='/bin/sed'
ac_cv_path_TEXI2DVI='/home/bloink/Work/unnamedlinuxdistro/libunistring/build-aux/missing texi2dvi'
ac_cv_path_install='/usr/bin/install -c'
ac_cv_path_lt_DD='/bin/dd'
ac_cv_path_mkdir='/bin/mkdir'
ac_cv_prog_AWK='gawk'
ac_cv_prog_CPP='gcc -E'
ac_cv_prog_FILECMD='file'
ac_cv_prog_ac_ct_AR='ar'
ac_cv_prog_ac_ct_CC='gcc'
ac_cv_prog_ac_ct_OBJDUMP='objdump'
ac_cv_prog_ac_ct_RANLIB='ranlib'
ac_cv_prog_ac_ct_STRIP='strip'
ac_cv_prog_cc_c11=''
ac_cv_prog_cc_g='yes'
ac_cv_prog_cc_stdc=''
ac_cv_prog_make_make_set='yes'
ac_cv_safe_to_define___extensions__='yes'
ac_cv_search_inet_pton='none required'
ac_cv_search_nanosleep='none required'
ac_cv_should_define__xopen_source='no'
ac_cv_sys_largefile_opts='none needed'
ac_cv_type_blkcnt_t='yes'
ac_cv_type_blksize_t='yes'
ac_cv_type_gid_t='yes'
ac_cv_type_mbstate_t='yes'
ac_cv_type_mode_t='yes'
ac_cv_type_nlink_t='yes'
ac_cv_type_pid_t='yes'
ac_cv_type_pthread_rwlock_t='yes'
ac_cv_type_pthread_spinlock_t='yes'
ac_cv_type_pthread_t='yes'
ac_cv_type_ptrdiff_t='yes'
ac_cv_type_sa_family_t='yes'
ac_cv_type_sighandler_t='yes'
ac_cv_type_sigset_t='yes'
ac_cv_type_size_t='yes'
ac_cv_type_socklen_t='yes'
ac_cv_type_struct_random_data='no'
ac_cv_type_struct_sched_param='yes'
ac_cv_type_struct_sockaddr_storage='yes'
ac_cv_type_uid_t='yes'
ac_cv_type_useconds_t='yes'
ac_cv_type_volatile_sig_atomic_t='yes'
ac_cv_typeof_struct_stat_st_atim_is_struct_timespec='yes'
ac_cv_working_alloca_h='yes'
acl_cv_hardcode_direct='no'
acl_cv_hardcode_libdir_flag_spec='${wl}-rpath ${wl}$libdir'
acl_cv_hardcode_libdir_separator=''
acl_cv_hardcode_minus_L='no'
acl_cv_libdirstems='lib,lib,lib'
acl_cv_libext='a'
acl_cv_libname_spec='lib$name'
acl_cv_library_names_spec='$libname$shrext'
acl_cv_prog_gnu_ld='yes'
acl_cv_rpath='done'
acl_cv_shlibext='so'
acl_cv_wl='-Wl,'
am_cv_CC_dependencies_compiler_type='gcc3'
am_cv_filesystem_timestamp_resolution='0.01'
am_cv_func_iconv='yes'
am_cv_func_iconv_summary='yes, in libc'
am_cv_func_iconv_works='yes'
am_cv_langinfo_codeset='yes'
am_cv_lib_iconv='no'
am_cv_make_support_nested_variables='yes'
am_cv_prog_cc_c_o='yes'
am_cv_prog_tar_ustar='gnutar'
am_cv_sleep_fractional_seconds='yes'
am_cv_xargs_n_works='yes'
gl_cv___builtin_expect='yes'
gl_cv_bitsizeof_wchar_t='32'
gl_cv_c___inline='yes'
gl_cv_c_amsterdam_compiler='no'
gl_cv_c_bool='yes'
gl_cv_c_func_unreachable='no'
gl_cv_c_inline_effective='yes'
gl_cv_c_multiarch='no'
gl_cv_cc_double_expbit0='word 1 bit 20'
gl_cv_cc_float_expbit0='word 0 bit 23'
gl_cv_cc_long_double_expbit0='word 2 bit 0'
gl_cv_cc_vis_werror='yes'
gl_cv_cc_visibility='yes'
gl_cv_cc_wallow='-Wno-error'
gl_cv_compiler_check_decl_option='none'
gl_cv_compiler_clang='no'
gl_cv_const_PTHREAD_CREATE_DETACHED='yes'
gl_cv_const_PTHREAD_MUTEX_RECURSIVE='yes'
gl_cv_const_PTHREAD_MUTEX_ROBUST='yes'
gl_cv_const_PTHREAD_PROCESS_SHARED='yes'
gl_cv_cxx_have_uchar_h='no'
gl_cv_decl_ioctl_in_sys_ioctl_h='yes'
gl_cv_decl_null_works='yes'
gl_cv_double_slash_root='no'
gl_cv_elf='yes'
gl_cv_func_btowc_consistent='yes'
gl_cv_func_btowc_nul='yes'
gl_cv_func_c32rtomb='yes'
gl_cv_func_c32rtomb_retval='yes'
gl_cv_func_c32rtomb_sanitycheck='guessing yes'
gl_cv_func_calloc_0_nonnull='yes'
gl_cv_func_dup2_works='yes'
gl_cv_func_fcntl_f_dupfd_cloexec='needs runtime check'
gl_cv_func_fcntl_f_dupfd_works='yes'
gl_cv_func_fdopen_works='yes'
gl_cv_func_free_preserves_errno='no'
gl_cv_func_frexp_no_libm='yes'
gl_cv_func_frexp_works='yes'
gl_cv_func_frexpl_no_libm='yes'
gl_cv_func_frexpl_works='yes'
gl_cv_func_getcwd_null='yes'
gl_cv_func_getcwd_posix_signature='yes'
gl_cv_func_getdtablesize_works='yes'
gl_cv_func_gettimeofday_posix_signature='yes'
gl_cv_func_ioctl_posix_signature='yes'
gl_cv_func_isnand_no_libm='yes'
gl_cv_func_isnanf_no_libm='yes'
gl_cv_func_isnanf_works='yes'
gl_cv_func_isnanl_no_libm='yes'
gl_cv_func_isnanl_works='yes'
gl_cv_func_iswcntrl_works='yes'
gl_cv_func_iswdigit_works='yes'
gl_cv_func_iswpunct_works='yes'
gl_cv_func_iswxdigit_works='yes'
gl_cv_func_itold_works='yes'
gl_cv_func_ldexp_no_libm='yes'
gl_cv_func_ldexpl_no_libm='yes'
gl_cv_func_ldexpl_works='yes'
gl_cv_func_localeconv_works='yes'
gl_cv_func_lstat_dereferences_slashed_symlink='yes'
gl_cv_func_malloc_posix='yes'
gl_cv_func_mbrtoc32='yes'
gl_cv_func_mbrtoc32_C_locale_sans_EILSEQ='yes'
gl_cv_func_mbrtoc32_empty_input='yes'
gl_cv_func_mbrtoc32_sanitycheck='guessing yes'
gl_cv_func_mbrtoc32_utf8_locale_works='yes'
gl_cv_func_mbrtowc_C_locale_sans_EILSEQ='yes'
gl_cv_func_mbrtowc_empty_input='yes'
gl_cv_func_mbrtowc_incomplete_state='yes'
gl_cv_func_mbrtowc_nul_retval='guessing yes'
gl_cv_func_mbrtowc_null_arg1='yes'
gl_cv_func_mbrtowc_retval='yes'
gl_cv_func_mbrtowc_sanitycheck='guessing yes'
gl_cv_func_mbrtowc_stores_incomplete='no'
gl_cv_func_memchr_works='yes'
gl_cv_func_mkfifo='yes'
gl_cv_func_mkfifo_works='yes'
gl_cv_func_nanosleep='no (mishandles large arguments)'
gl_cv_func_open_slash='yes'
gl_cv_func_perror_works='yes'
gl_cv_func_printf_attribute_flavor='system'
gl_cv_func_printf_directive_a='yes'
gl_cv_func_printf_directive_b='no'
gl_cv_func_printf_directive_f='yes'
gl_cv_func_printf_directive_lc='yes'
gl_cv_func_printf_directive_ls='yes'
gl_cv_func_printf_enomem='yes'
gl_cv_func_printf_flag_alt_precision_zero='yes'
gl_cv_func_printf_flag_grouping='yes'
gl_cv_func_printf_flag_grouping_int_precision='yes'
gl_cv_func_printf_flag_grouping_multibyte='guessing yes'
gl_cv_func_printf_flag_leftadjust='yes'
gl_cv_func_printf_flag_zero='yes'
gl_cv_func_printf_infinite='yes'
gl_cv_func_printf_infinite_long_double='yes'
gl_cv_func_printf_long_double='yes'
gl_cv_func_printf_precision='yes'
gl_cv_func_pselect_detects_ebadf='yes'
gl_cv_func_pthread_create='yes'
gl_cv_func_pthread_mutex_timedlock_in_LIBMULTITHREAD='yes'
gl_cv_func_pthread_mutexattr_getrobust='yes'
gl_cv_func_pthread_once_no_lib='yes'
gl_cv_func_pthread_once_works='yes'
gl_cv_func_pthread_rwlock_good_waitqueue='guessing yes'
gl_cv_func_pthread_rwlock_init='yes'
gl_cv_func_pthread_sigmask_in_libc_works='yes'
gl_cv_func_pthread_sigmask_macro='no'
gl_cv_func_pthread_sigmask_return_works='yes'
gl_cv_func_pthread_spin_init_in_LIBMULTITHREAD='yes'
gl_cv_func_random='yes'
gl_cv_func_realloc_0_nonnull='yes'
gl_cv_func_realloc_posix='yes'
gl_cv_func_realloc_sanitize='no'
gl_cv_func_select_detects_ebadf='yes'
gl_cv_func_select_supports0='yes'
gl_cv_func_setenv_works='yes'
gl_cv_func_setlocale_null_all_mtsafe='no'
gl_cv_func_setlocale_null_one_mtsafe='yes'
gl_cv_func_signbit='yes'
gl_cv_func_signbit_builtins='yes'
gl_cv_func_sleep_works='yes'
gl_cv_func_snprintf_retval_c99='yes'
gl_cv_func_snprintf_truncation_c99='yes'
gl_cv_func_stat_file_slash='yes'
gl_cv_func_strerror_0_works='yes'
gl_cv_func_strerror_r_posix_signature='yes'
gl_cv_func_strerror_r_works='yes'
gl_cv_func_strncat_works='yes'
gl_cv_func_strncpy_works='yes'
gl_cv_func_strstr_linear='yes'
gl_cv_func_strstr_works_always='yes'
gl_cv_func_svid_putenv='yes'
gl_cv_func_symlink_works='yes'
gl_cv_func_time_works='guessing yes'
gl_cv_func_unsetenv_works='yes'
gl_cv_func_usleep_works='yes'
gl_cv_func_wcrtomb_retval='yes'
gl_cv_func_wcrtomb_works='yes'
gl_cv_func_wctob_works='guessing yes'
gl_cv_func_wcwidth_works='yes'
gl_cv_func_working_strerror='yes'
gl_cv_have___header_inline='no'
gl_cv_have_include_next='yes'
gl_cv_have_weak='yes'
gl_cv_header_c_stdckdint_h='yes'
gl_cv_header_c_stdckdint_h_works='yes'
gl_cv_header_cxx_stdckdint_h='no'
gl_cv_header_errno_h_complete='yes'
gl_cv_header_float_h_isoc23='no'
gl_cv_header_inttypes_h='yes'
gl_cv_header_limits_width='no'
gl_cv_header_locale_h_needs_xlocale_h='no'
gl_cv_header_locale_h_posix2001='yes'
gl_cv_header_locale_has_locale_t='yes'
gl_cv_header_locale_has_windows_locale_t='no'
gl_cv_header_math_huge_val_works='yes'
gl_cv_header_math_nan_works='yes'
gl_cv_header_netinet_in_h_selfcontained='yes'
gl_cv_header_stdint_h='yes'
gl_cv_header_stdint_width='no'
gl_cv_header_stdint_without_STDC_macros='yes'
gl_cv_header_sys_cdefs_h='no'
gl_cv_header_sys_select_h_selfcontained='yes'
gl_cv_header_sys_socket_h_selfcontained='yes'
gl_cv_header_sys_socket_h_shut='yes'
gl_cv_header_wchar_h_correct_inline='yes'
gl_cv_header_working_fcntl_h='yes'
gl_cv_header_working_stdalign_h='yes, keywords'
gl_cv_header_working_stdint_h='yes'
gl_cv_host_cpu_c_abi_32bit='no'
gl_cv_iconv_nonconst='yes'
gl_cv_lib_dl='none'
gl_cv_lib_socket='none needed'
gl_cv_long_double_equals_double='no'
gl_cv_macro_MB_CUR_MAX_good='yes'
gl_cv_macro_O_CLOEXEC='yes'
gl_cv_malloc_ptrdiff='yes'
gl_cv_minmax_in_limits_h='no'
gl_cv_minmax_in_sys_param_h='yes'
gl_cv_next_arpa_inet_h='<arpa/inet.h>'
gl_cv_next_ctype_h='<ctype.h>'
gl_cv_next_error_h='<error.h>'
gl_cv_next_fcntl_h='<fcntl.h>'
gl_cv_next_float_h='<float.h>'
gl_cv_next_iconv_h='<iconv.h>'
gl_cv_next_inttypes_h='<inttypes.h>'
gl_cv_next_limits_h='<limits.h>'
gl_cv_next_locale_h='<locale.h>'
gl_cv_next_math_h='<math.h>'
gl_cv_next_pthread_h='<pthread.h>'
gl_cv_next_sched_h='<sched.h>'
gl_cv_next_signal_h='<signal.h>'
gl_cv_next_stdckdint_h='<stdckdint.h>'
gl_cv_next_stddef_h='<stddef.h>'
gl_cv_next_stdint_h='<stdint.h>'
gl_cv_next_stdio_h='<stdio.h>'
gl_cv_next_stdlib_h='<stdlib.h>'
gl_cv_next_string_h='<string.h>'
gl_cv_next_sys_ioctl_h='<sys/ioctl.h>'
gl_cv_next_sys_select_h='<sys/select.h>'
gl_cv_next_sys_socket_h='<sys/socket.h>'
gl_cv_next_sys_stat_h='<sys/stat.h>'
gl_cv_next_sys_time_h='<sys/time.h>'
gl_cv_next_sys_types_h='<sys/types.h>'
gl_cv_next_sys_uio_h='<sys/uio.h>'
gl_cv_next_time_h='<time.h>'
gl_cv_next_uchar_h='<uchar.h>'
gl_cv_next_unistd_h='<unistd.h>'
gl_cv_next_wchar_h='<wchar.h>'
gl_cv_next_wctype_h='<wctype.h>'
gl_cv_nullptr_t_needs_stddef='yes'
gl_cv_off64_t='no'
gl_cv_onwards_func___fseterr='yes'
gl_cv_onwards_func_duplocale='yes'
gl_cv_onwards_func_error='no'
gl_cv_onwards_func_freelocale='yes'
gl_cv_onwards_func_ftruncate='yes'
gl_cv_onwards_func_getprogname='no'
gl_cv_onwards_func_initstate='yes'
gl_cv_onwards_func_iswblank='yes'
gl_cv_onwards_func_mbtowc='yes'
gl_cv_onwards_func_newlocale='yes'
gl_cv_onwards_func_pthread_atfork='yes'
gl_cv_onwards_func_reallocarray='yes'
gl_cv_onwards_func_setstate='yes'
gl_cv_onwards_func_stpcpy='yes'
gl_cv_onwards_func_strerror_r='yes'
gl_cv_onwards_func_tsearch='yes'
gl_cv_onwards_func_uselocale='yes'
gl_cv_promoted_mode_t='mode_t'
gl_cv_pthread_rwlock_rdlock_prefer_writer='no'
gl_cv_rpl_alloca='yes'
gl_cv_semaphore_lib='none'
gl_cv_sig_pselect='yes'
gl_cv_size_max='yes'
gl_cv_socket_ipv4='yes'
gl_cv_socket_ipv6='yes'
gl_cv_socket_unix='yes'
gl_cv_source_line_length_unlimited='yes'
gl_cv_ssize_t='yes'
gl_cv_static_assert='yes, a keyword'
gl_cv_stddef_idempotent='guessing yes'
gl_cv_sys_struct_lconv_ok='yes'
gl_cv_sys_struct_timespec_in_time_h='yes'
gl_cv_sys_struct_timeval='yes'
gl_cv_sys_struct_timeval_tv_sec='yes'
gl_cv_test_INT32_MAX_LT_INTMAX_MAX='yes'
gl_cv_test_INT64_MAX_EQ_LONG_MAX='yes'
gl_cv_test_UINT32_MAX_LT_UINTMAX_MAX='yes'
gl_cv_test_UINT64_MAX_EQ_ULONG_MAX='yes'
gl_cv_time_h_has_TIME_UTC='yes'
gl_cv_type_char16_t_works='yes'
gl_cv_type_char32_t_works='yes'
gl_cv_type_char8_t_works='no'
gl_cv_type_max_align_t='yes'
gl_cv_type_sigset_t='yes'
gl_cv_type_wctrans_t='yes'
gl_cv_type_wctype_t='yes'
gl_cv_type_wint_t_large_enough='yes'
gt_cv_c_intmax_t='yes'
gt_cv_c_wint_t='yes'
gt_cv_func_CFLocaleCopyPreferredLanguages='no'
gt_cv_func_CFPreferencesCopyAppValue='no'
gt_cv_func_unsetenv_ret='int'
gt_cv_func_uselocale_works='yes'
gt_cv_locale_ar='none'
gt_cv_locale_en_utf8='en_US.UTF-8'
gt_cv_locale_fake='no'
gt_cv_locale_fr='none'
gt_cv_locale_fr_utf8='fr_FR.UTF-8'
gt_cv_locale_ja='none'
gt_cv_locale_solaris114='no'
gt_cv_locale_tr_utf8='none'
gt_cv_locale_zh_CN='none'
gt_cv_val_LC_MESSAGES='yes'
gt_cv_var_environ_declaration='yes'
lt_cv_ar_at_file='@'
lt_cv_archive_cmds_need_lc='no'
lt_cv_deplibs_check_method='pass_all'
lt_cv_file_magic_cmd='$MAGIC_CMD'
lt_cv_file_magic_test_file=''
lt_cv_ld_reload_flag='-r'
lt_cv_nm_interface='BSD nm'
lt_cv_objdir='.libs'
lt_cv_path_LD='/usr/x86_64-alpine-linux-musl/bin/ld'
lt_cv_path_NM='/usr/bin/nm -B'
lt_cv_path_manifest_tool='no'
lt_cv_prog_compiler_c_o='yes'
lt_cv_prog_compiler_c_o_RC='yes'
lt_cv_prog_compiler_pic='-fPIC -DPIC'
lt_cv_prog_compiler_pic_works='yes'
lt_cv_prog_compiler_rtti_exceptions='no'
lt_cv_prog_compiler_static_works='yes'
lt_cv_prog_gnu_ld='yes'
lt_cv_sharedlib_from_linklib_cmd='printf %s\n'
lt_cv_shlibpath_overrides_runpath='yes'
lt_cv_sys_global_symbol_pipe='/bin/sed -n -e '"'"'s/^.*[	 ]\([ABCDGIRSTW][ABCDGIRSTW]*\)[	 ][	 ]*\([_A-Za-z][_A-Za-z0-9]*\)$/\1 \2 \2/p'"'"' | /bin/sed '"'"'/ __gnu_lto/d'"'"
lt_cv_sys_global_symbol_to_c_name_address='/bin/sed -n -e '"'"'s/^: \(.*\) .*$/  {"\1", (void *) 0},/p'"'"' -e '"'"'s/^[ABCDGIRSTW][ABCDGIRSTW]* .* \(.*\)$/  {"\1", (void *) \&\1},/p'"'"
lt_cv_sys_global_symbol_to_c_name_address_lib_prefix='/bin/sed -n -e '"'"'s/^: \(.*\) .*$/  {"\1", (void *) 0},/p'"'"' -e '"'"'s/^[ABCDGIRSTW][ABCDGIRSTW]* .* \(lib.*\)$/  {"\1", (void *) \&\1},/p'"'"' -e '"'"'s/^[ABCDGIRSTW][ABCDGIRSTW]* .* \(.*\)$/  {"lib\1", (void *) \&\1},/p'"'"
lt_cv_sys_global_symbol_to_cdecl='/bin/sed -n -e '"'"'s/^T .* \(.*\)$/extern int \1();/p'"'"' -e '"'"'s/^[ABCDGIRSTW][ABCDGIRSTW]* .* \(.*\)$/extern char \1;/p'"'"
lt_cv_sys_global_symbol_to_import=''
lt_cv_sys_max_cmd_len='98304'
lt_cv_to_host_file_cmd='func_convert_file_noop'
lt_cv_to_tool_file_cmd='func_convert_file_noop'
lt_cv_truncate_bin='/bin/dd bs=4096 count=1'

## ----------------- ##
## Output variables. ##
## ----------------- ##

ACLOCAL='${SHELL} '\''/home/bloink/Work/unnamedlinuxdistro/libunistring/build-aux/missing'\'' aclocal-1.18'
ALLOCA=''
ALLOCA_H='alloca.h'
AMDEPBACKSLASH='\'
AMDEP_FALSE='#'
AMDEP_TRUE=''
AMTAR='$${TAR-tar}'
AM_BACKSLASH='\'
AM_DEFAULT_V='$(AM_DEFAULT_VERBOSITY)'
AM_DEFAULT_VERBOSITY='1'
AM_V='$(V)'
APPLE_UNIVERSAL_BUILD='0'
AR='ar'
ARFLAGS='cr'
AS='as'
ASSERT_H=''
AUGMENT_SHLIBPATH='LD_LIBRARY_PATH='\''$(libdir)'\'':"$$LD_LIBRARY_PATH"; export LD_LIBRARY_PATH;'
AUTOCONF='${SHELL} '\''/home/bloink/Work/unnamedlinuxdistro/libunistring/build-aux/missing'\'' autoconf'
AUTOHEADER='${SHELL} '\''/home/bloink/Work/unnamedlinuxdistro/libunistring/build-aux/missing'\'' autoheader'
AUTOMAKE='${SHELL} '\''/home/bloink/Work/unnamedlinuxdistro/libunistring/build-aux/missing'\'' automake-1.18'
AWK='gawk'
BITSIZEOF_PTRDIFF_T=''
BITSIZEOF_SIG_ATOMIC_T=''
BITSIZEOF_SIZE_T=''
BITSIZEOF_WCHAR_T='32'
BITSIZEOF_WINT_T=''
CAN_PRINT_STACK_TRACE='0'
CC='gcc'
CCDEPMODE='depmode=gcc3'
CFLAGS='-g -O2'
CFLAG_VISIBILITY='-fvisibility=hidden'
CPP='gcc -E'
CPPFLAGS=''
CSCOPE='cscope'
CTAGS='ctags'
CXX_HAS_CHAR8_TYPE='0'
CXX_HAS_UCHAR_TYPES='0'
CXX_HAVE_UCHAR_H='0'
CYGPATH_W='echo'
DEFS='-DHAVE_CONFIG_H'
DEPDIR='.deps'
DLLTOOL='false'
DLL_VARIABLE=''
DSYMUTIL=''
DUMPBIN=''
DVIPS='/home/bloink/Work/unnamedlinuxdistro/libunistring/build-aux/missing dvips'
ECHO_C=''
ECHO_N='-n'
ECHO_T=''
EGREP='/bin/grep -E'
ERRNO_H=''
ETAGS='etags'
EXEEXT=''
FGREP='/bin/grep -F'
FILECMD='file'
FLOAT_H='float.h'
GETLOCALENAME_L_LIB=''
GLOBAL_SYMBOL_PIPE='/bin/sed -n -e '\''s/^.*[	 ]\([ABCDGIRSTW][ABCDGIRSTW]*\)[	 ][	 ]*\([_A-Za-z][_A-Za-z0-9]*\)$/\1 \2 \2/p'\'' | /bin/sed '\''/ __gnu_lto/d'\'''
GL_CFLAG_ALLOW_WARNINGS='-Wno-error'
GL_CFLAG_GNULIB_WARNINGS=' -Wno-cast-qual -Wno-conversion -Wno-float-equal -Wno-sign-compare -Wno-undef -Wno-unused-function -Wno-unused-parameter -Wno-float-conversion -Wimplicit-fallthrough -Wno-pedantic -Wno-sign-conversion -Wno-type-limits -Wno-unused-const-variable -Wno-unsuffixed-float-constants'
GL_COND_LIBTOOL_FALSE='#'
GL_COND_LIBTOOL_TRUE=''
GL_COND_OBJ_ACCEPT_FALSE=''
GL_COND_OBJ_ACCEPT_TRUE='#'
GL_COND_OBJ_BIND_FALSE=''
GL_COND_OBJ_BIND_TRUE='#'
GL_COND_OBJ_BTOWC_FALSE=''
GL_COND_OBJ_BTOWC_TRUE='#'
GL_COND_OBJ_C32RTOMB_FALSE=''
GL_COND_OBJ_C32RTOMB_TRUE='#'
GL_COND_OBJ_CLOSE_FALSE=''
GL_COND_OBJ_CLOSE_TRUE='#'
GL_COND_OBJ_CONNECT_FALSE=''
GL_COND_OBJ_CONNECT_TRUE='#'
GL_COND_OBJ_DUP2_FALSE=''
GL_COND_OBJ_DUP2_TRUE='#'
GL_COND_OBJ_ERROR_FALSE='#'
GL_COND_OBJ_ERROR_TRUE=''
GL_COND_OBJ_FCNTL_FALSE='#'
GL_COND_OBJ_FCNTL_TRUE=''
GL_COND_OBJ_FDOPEN_FALSE=''
GL_COND_OBJ_FDOPEN_TRUE='#'
GL_COND_OBJ_FLOAT_FALSE='#'
GL_COND_OBJ_FLOAT_TRUE=''
GL_COND_OBJ_FREE_FALSE='#'
GL_COND_OBJ_FREE_TRUE=''
GL_COND_OBJ_FSETERR_FALSE=''
GL_COND_OBJ_FSETERR_TRUE='#'
GL_COND_OBJ_FSTAT_FALSE=''
GL_COND_OBJ_FSTAT_TRUE='#'
GL_COND_OBJ_FTRUNCATE_FALSE=''
GL_COND_OBJ_FTRUNCATE_TRUE='#'
GL_COND_OBJ_GETCWD_LGPL_FALSE=''
GL_COND_OBJ_GETCWD_LGPL_TRUE='#'
GL_COND_OBJ_GETDTABLESIZE_FALSE=''
GL_COND_OBJ_GETDTABLESIZE_TRUE='#'
GL_COND_OBJ_GETLOCALENAME_L_UNSAFE_LIMITED_FALSE='#'
GL_COND_OBJ_GETLOCALENAME_L_UNSAFE_LIMITED_TRUE=''
GL_COND_OBJ_GETPROGNAME_FALSE='#'
GL_COND_OBJ_GETPROGNAME_TRUE=''
GL_COND_OBJ_GETTIMEOFDAY_FALSE=''
GL_COND_OBJ_GETTIMEOFDAY_TRUE='#'
GL_COND_OBJ_ICONV_FALSE=''
GL_COND_OBJ_ICONV_OPEN_FALSE=''
GL_COND_OBJ_ICONV_OPEN_TRUE='#'
GL_COND_OBJ_ICONV_TRUE='#'
GL_COND_OBJ_INET_PTON_FALSE=''
GL_COND_OBJ_INET_PTON_TRUE='#'
GL_COND_OBJ_IOCTL_FALSE=''
GL_COND_OBJ_IOCTL_TRUE='#'
GL_COND_OBJ_ISBLANK_FALSE=''
GL_COND_OBJ_ISBLANK_TRUE='#'
GL_COND_OBJ_ISWBLANK_FALSE=''
GL_COND_OBJ_ISWBLANK_TRUE='#'
GL_COND_OBJ_ISWDIGIT_FALSE=''
GL_COND_OBJ_ISWDIGIT_TRUE='#'
GL_COND_OBJ_ISWPUNCT_FALSE=''
GL_COND_OBJ_ISWPUNCT_TRUE='#'
GL_COND_OBJ_ISWXDIGIT_FALSE=''
GL_COND_OBJ_ISWXDIGIT_TRUE='#'
GL_COND_OBJ_ITOLD_FALSE=''
GL_COND_OBJ_ITOLD_TRUE='#'
GL_COND_OBJ_LISTEN_FALSE=''
GL_COND_OBJ_LISTEN_TRUE='#'
GL_COND_OBJ_LOCALECONV_FALSE=''
GL_COND_OBJ_LOCALECONV_TRUE='#'
GL_COND_OBJ_LOCALENAME_UNSAFE_LIMITED_FALSE='#'
GL_COND_OBJ_LOCALENAME_UNSAFE_LIMITED_TRUE=''
GL_COND_OBJ_LSTAT_FALSE=''
GL_COND_OBJ_LSTAT_TRUE='#'
GL_COND_OBJ_MBRTOC32_FALSE=''
GL_COND_OBJ_MBRTOC32_TRUE='#'
GL_COND_OBJ_MBRTOWC_FALSE=''
GL_COND_OBJ_MBRTOWC_TRUE='#'
GL_COND_OBJ_MBSINIT_FALSE=''
GL_COND_OBJ_MBSINIT_TRUE='#'
GL_COND_OBJ_MBTOWC_FALSE=''
GL_COND_OBJ_MBTOWC_TRUE='#'
GL_COND_OBJ_MEMCHR_FALSE=''
GL_COND_OBJ_MEMCHR_TRUE='#'
GL_COND_OBJ_MKFIFO_FALSE=''
GL_COND_OBJ_MKFIFO_TRUE='#'
GL_COND_OBJ_MSVC_INVAL_FALSE=''
GL_COND_OBJ_MSVC_INVAL_TRUE='#'
GL_COND_OBJ_MSVC_NOTHROW_FALSE=''
GL_COND_OBJ_MSVC_NOTHROW_TRUE='#'
GL_COND_OBJ_NANOSLEEP_FALSE='#'
GL_COND_OBJ_NANOSLEEP_TRUE=''
GL_COND_OBJ_OPEN_FALSE=''
GL_COND_OBJ_OPEN_TRUE='#'
GL_COND_OBJ_PERROR_FALSE=''
GL_COND_OBJ_PERROR_TRUE='#'
GL_COND_OBJ_PIPE_FALSE=''
GL_COND_OBJ_PIPE_TRUE='#'
GL_COND_OBJ_PSELECT_FALSE=''
GL_COND_OBJ_PSELECT_TRUE='#'
GL_COND_OBJ_PTHREAD_COND_FALSE=''
GL_COND_OBJ_PTHREAD_COND_TRUE='#'
GL_COND_OBJ_PTHREAD_MUTEX_FALSE=''
GL_COND_OBJ_PTHREAD_MUTEX_TIMEDLOCK_FALSE=''
GL_COND_OBJ_PTHREAD_MUTEX_TIMEDLOCK_TRUE='#'
GL_COND_OBJ_PTHREAD_MUTEX_TRUE='#'
GL_COND_OBJ_PTHREAD_ONCE_FALSE=''
GL_COND_OBJ_PTHREAD_ONCE_TRUE='#'
GL_COND_OBJ_PTHREAD_RWLOCK_FALSE=''
GL_COND_OBJ_PTHREAD_RWLOCK_TRUE='#'
GL_COND_OBJ_PTHREAD_SIGMASK_FALSE=''
GL_COND_OBJ_PTHREAD_SIGMASK_TRUE='#'
GL_COND_OBJ_PTHREAD_THREAD_FALSE=''
GL_COND_OBJ_PTHREAD_THREAD_TRUE='#'
GL_COND_OBJ_PUTENV_FALSE=''
GL_COND_OBJ_PUTENV_TRUE='#'
GL_COND_OBJ_RAISE_FALSE=''
GL_COND_OBJ_RAISE_TRUE='#'
GL_COND_OBJ_RANDOM_FALSE=''
GL_COND_OBJ_RANDOM_R_FALSE='#'
GL_COND_OBJ_RANDOM_R_TRUE=''
GL_COND_OBJ_RANDOM_TRUE='#'
GL_COND_OBJ_REALLOCARRAY_FALSE=''
GL_COND_OBJ_REALLOCARRAY_TRUE='#'
GL_COND_OBJ_REALLOC_POSIX_FALSE=''
GL_COND_OBJ_REALLOC_POSIX_TRUE='#'
GL_COND_OBJ_SCHED_YIELD_FALSE=''
GL_COND_OBJ_SCHED_YIELD_TRUE='#'
GL_COND_OBJ_SELECT_FALSE=''
GL_COND_OBJ_SELECT_TRUE='#'
GL_COND_OBJ_SETENV_FALSE=''
GL_COND_OBJ_SETENV_TRUE='#'
GL_COND_OBJ_SETLOCALE_FALSE='#'
GL_COND_OBJ_SETLOCALE_FIXES_FALSE=''
GL_COND_OBJ_SETLOCALE_FIXES_TRUE='#'
GL_COND_OBJ_SETLOCALE_LOCK_FALSE='#'
GL_COND_OBJ_SETLOCALE_LOCK_TRUE=''
GL_COND_OBJ_SETLOCALE_TRUE=''
GL_COND_OBJ_SETSOCKOPT_FALSE=''
GL_COND_OBJ_SETSOCKOPT_TRUE='#'
GL_COND_OBJ_SIGNBIT3_FALSE=''
GL_COND_OBJ_SIGNBIT3_TRUE='#'
GL_COND_OBJ_SIGPROCMASK_FALSE=''
GL_COND_OBJ_SIGPROCMASK_TRUE='#'
GL_COND_OBJ_SLEEP_FALSE=''
GL_COND_OBJ_SLEEP_TRUE='#'
GL_COND_OBJ_SOCKET_FALSE=''
GL_COND_OBJ_SOCKET_TRUE='#'
GL_COND_OBJ_STAT_FALSE=''
GL_COND_OBJ_STAT_TRUE='#'
GL_COND_OBJ_STDIO_CONSOLESAFE_FALSE=''
GL_COND_OBJ_STDIO_CONSOLESAFE_TRUE='#'
GL_COND_OBJ_STDIO_READ_FALSE=''
GL_COND_OBJ_STDIO_READ_TRUE='#'
GL_COND_OBJ_STDIO_WRITE_FALSE=''
GL_COND_OBJ_STDIO_WRITE_TRUE='#'
GL_COND_OBJ_STPCPY_FALSE=''
GL_COND_OBJ_STPCPY_TRUE='#'
GL_COND_OBJ_STRERROR_FALSE=''
GL_COND_OBJ_STRERROR_OVERRIDE_FALSE=''
GL_COND_OBJ_STRERROR_OVERRIDE_TRUE='#'
GL_COND_OBJ_STRERROR_TRUE='#'
GL_COND_OBJ_STRNCAT_FALSE=''
GL_COND_OBJ_STRNCAT_TRUE='#'
GL_COND_OBJ_STRNCPY_FALSE=''
GL_COND_OBJ_STRNCPY_TRUE='#'
GL_COND_OBJ_SYMLINK_FALSE=''
GL_COND_OBJ_SYMLINK_TRUE='#'
GL_COND_OBJ_TIME_FALSE=''
GL_COND_OBJ_TIME_TRUE='#'
GL_COND_OBJ_UNSETENV_FALSE=''
GL_COND_OBJ_UNSETENV_TRUE='#'
GL_COND_OBJ_USLEEP_FALSE=''
GL_COND_OBJ_USLEEP_TRUE='#'
GL_COND_OBJ_WCRTOMB_FALSE=''
GL_COND_OBJ_WCRTOMB_TRUE='#'
GL_COND_OBJ_WCTOB_FALSE=''
GL_COND_OBJ_WCTOB_TRUE='#'
GL_COND_OBJ_WCTOMB_FALSE=''
GL_COND_OBJ_WCTOMB_TRUE='#'
GL_COND_OBJ_WCWIDTH_FALSE=''
GL_COND_OBJ_WCWIDTH_TRUE='#'
GL_COND_OBJ_WINDOWS_COND_FALSE=''
GL_COND_OBJ_WINDOWS_COND_TRUE='#'
GL_COND_OBJ_WINDOWS_MUTEX_FALSE=''
GL_COND_OBJ_WINDOWS_MUTEX_TRUE='#'
GL_COND_OBJ_WINDOWS_ONCE_FALSE=''
GL_COND_OBJ_WINDOWS_ONCE_TRUE='#'
GL_COND_OBJ_WINDOWS_RECMUTEX_FALSE=''
GL_COND_OBJ_WINDOWS_RECMUTEX_TRUE='#'
GL_COND_OBJ_WINDOWS_RWLOCK_FALSE=''
GL_COND_OBJ_WINDOWS_RWLOCK_TRUE='#'
GL_COND_OBJ_WINDOWS_THREAD_FALSE=''
GL_COND_OBJ_WINDOWS_THREAD_TRUE='#'
GL_COND_OBJ_WINDOWS_TIMEDMUTEX_FALSE=''
GL_COND_OBJ_WINDOWS_TIMEDMUTEX_TRUE='#'
GL_COND_OBJ_WINDOWS_TIMEDRECMUTEX_FALSE=''
GL_COND_OBJ_WINDOWS_TIMEDRECMUTEX_TRUE='#'
GL_COND_OBJ_WINDOWS_TIMEDRWLOCK_FALSE=''
GL_COND_OBJ_WINDOWS_TIMEDRWLOCK_TRUE='#'
GL_COND_OBJ_WINDOWS_TLS_FALSE=''
GL_COND_OBJ_WINDOWS_TLS_TRUE='#'
GL_CXXFLAG_ALLOW_WARNINGS=''
GL_GENERATE_ALLOCA_H_FALSE='#'
GL_GENERATE_ALLOCA_H_TRUE=''
GL_GENERATE_ASSERT_H_FALSE=''
GL_GENERATE_ASSERT_H_TRUE='#'
GL_GENERATE_ERRNO_H_FALSE=''
GL_GENERATE_ERRNO_H_TRUE='#'
GL_GENERATE_FLOAT_H_FALSE='#'
GL_GENERATE_FLOAT_H_TRUE=''
GL_GENERATE_ICONV_H_FALSE='#'
GL_GENERATE_ICONV_H_TRUE=''
GL_GENERATE_LIMITS_H_FALSE='#'
GL_GENERATE_LIMITS_H_TRUE=''
GL_GENERATE_NETINET_IN_H_FALSE=''
GL_GENERATE_NETINET_IN_H_TRUE='#'
GL_GENERATE_STDCKDINT_H_FALSE='#'
GL_GENERATE_STDCKDINT_H_TRUE=''
GL_GENERATE_STDDEF_H_FALSE='#'
GL_GENERATE_STDDEF_H_TRUE=''
GL_GENERATE_STDINT_H_FALSE='#'
GL_GENERATE_STDINT_H_TRUE=''
GL_GNULIB_ABORT_DEBUG='0'
GL_GNULIB_ACCEPT4='0'
GL_GNULIB_ACCEPT='IN_LIBUNISTRING_GNULIB_TESTS'
GL_GNULIB_ACCESS='0'
GL_GNULIB_ACOSF='0'
GL_GNULIB_ACOSL='0'
GL_GNULIB_ALIGNED_ALLOC='0'
GL_GNULIB_ASINF='0'
GL_GNULIB_ASINL='0'
GL_GNULIB_ATAN2F='0'
GL_GNULIB_ATANF='0'
GL_GNULIB_ATANL='0'
GL_GNULIB_ATOLL='0'
GL_GNULIB_BIND='IN_LIBUNISTRING_GNULIB_TESTS'
GL_GNULIB_BTOC32='IN_LIBUNISTRING_GNULIB_TESTS'
GL_GNULIB_BTOWC='IN_LIBUNISTRING_GNULIB_TESTS'
GL_GNULIB_C32ISALNUM='1'
GL_GNULIB_C32ISALPHA='1'
GL_GNULIB_C32ISBLANK='1'
GL_GNULIB_C32ISCNTRL='1'
GL_GNULIB_C32ISDIGIT='1'
GL_GNULIB_C32ISGRAPH='1'
GL_GNULIB_C32ISLOWER='1'
GL_GNULIB_C32ISPRINT='1'
GL_GNULIB_C32ISPUNCT='1'
GL_GNULIB_C32ISSPACE='1'
GL_GNULIB_C32ISUPPER='1'
GL_GNULIB_C32ISXDIGIT='1'
GL_GNULIB_C32RTOMB='IN_LIBUNISTRING_GNULIB_TESTS'
GL_GNULIB_C32SNRTOMBS='0'
GL_GNULIB_C32SRTOMBS='0'
GL_GNULIB_C32STOMBS='0'
GL_GNULIB_C32SWIDTH='0'
GL_GNULIB_C32TOB='IN_LIBUNISTRING_GNULIB_TESTS'
GL_GNULIB_C32TOLOWER='1'
GL_GNULIB_C32TOUPPER='0'
GL_GNULIB_C32WIDTH='1'
GL_GNULIB_C32_APPLY_MAPPING='0'
GL_GNULIB_C32_APPLY_TYPE_TEST='0'
GL_GNULIB_C32_GET_MAPPING='0'
GL_GNULIB_C32_GET_TYPE_TEST='0'
GL_GNULIB_CALLOC_GNU='IN_LIBUNISTRING_GNULIB_TESTS'
GL_GNULIB_CALLOC_POSIX='IN_LIBUNISTRING_GNULIB_TESTS'
GL_GNULIB_CANONICALIZE_FILE_NAME='0'
GL_GNULIB_CBRT='0'
GL_GNULIB_CBRTF='0'
GL_GNULIB_CBRTL='0'
GL_GNULIB_CEIL='0'
GL_GNULIB_CEILF='0'
GL_GNULIB_CEILL='0'
GL_GNULIB_CHDIR='0'
GL_GNULIB_CHMOD='0'
GL_GNULIB_CHOWN='0'
GL_GNULIB_CLOSE='IN_LIBUNISTRING_GNULIB_TESTS'
GL_GNULIB_CONNECT='IN_LIBUNISTRING_GNULIB_TESTS'
GL_GNULIB_COPYSIGN='0'
GL_GNULIB_COPYSIGNF='0'
GL_GNULIB_COPYSIGNL='0'
GL_GNULIB_COPY_FILE_RANGE='0'
GL_GNULIB_COSF='0'
GL_GNULIB_COSHF='0'
GL_GNULIB_COSL='0'
GL_GNULIB_CREAT='0'
GL_GNULIB_CTIME='0'
GL_GNULIB_DPRINTF='0'
GL_GNULIB_DUP2='IN_LIBUNISTRING_GNULIB_TESTS'
GL_GNULIB_DUP3='0'
GL_GNULIB_DUP='0'
GL_GNULIB_DUPLOCALE='0'
GL_GNULIB_DZPRINTF='0'
GL_GNULIB_ENVIRON='IN_LIBUNISTRING_GNULIB_TESTS'
GL_GNULIB_EUIDACCESS='0'
GL_GNULIB_EXECL='0'
GL_GNULIB_EXECLE='0'
GL_GNULIB_EXECLP='0'
GL_GNULIB_EXECV='0'
GL_GNULIB_EXECVE='0'
GL_GNULIB_EXECVP='0'
GL_GNULIB_EXECVPE='0'
GL_GNULIB_EXP2='0'
GL_GNULIB_EXP2F='0'
GL_GNULIB_EXP2L='0'
GL_GNULIB_EXPF='0'
GL_GNULIB_EXPL='0'
GL_GNULIB_EXPLICIT_BZERO='0'
GL_GNULIB_EXPM1='0'
GL_GNULIB_EXPM1F='0'
GL_GNULIB_EXPM1L='0'
GL_GNULIB_FABSF='0'
GL_GNULIB_FABSL='0'
GL_GNULIB_FACCESSAT='0'
GL_GNULIB_FCHDIR='0'
GL_GNULIB_FCHMODAT='0'
GL_GNULIB_FCHOWNAT='0'
GL_GNULIB_FCLOSE='0'
GL_GNULIB_FCNTL='IN_LIBUNISTRING_GNULIB_TESTS'
GL_GNULIB_FDATASYNC='0'
GL_GNULIB_FDOPEN='IN_LIBUNISTRING_GNULIB_TESTS'
GL_GNULIB_FFLUSH='0'
GL_GNULIB_FFSL='0'
GL_GNULIB_FFSLL='0'
GL_GNULIB_FGETC='IN_LIBUNISTRING_GNULIB_TESTS'
GL_GNULIB_FGETS='IN_LIBUNISTRING_GNULIB_TESTS'
GL_GNULIB_FLOOR='0'
GL_GNULIB_FLOORF='0'
GL_GNULIB_FLOORL='0'
GL_GNULIB_FMA='0'
GL_GNULIB_FMAF='0'
GL_GNULIB_FMAL='0'
GL_GNULIB_FMOD='0'
GL_GNULIB_FMODF='0'
GL_GNULIB_FMODL='0'
GL_GNULIB_FOPEN='0'
GL_GNULIB_FOPEN_GNU='0'
GL_GNULIB_FPRINTF='IN_LIBUNISTRING_GNULIB_TESTS'
GL_GNULIB_FPRINTF_POSIX='0'
GL_GNULIB_FPURGE='0'
GL_GNULIB_FPUTC='IN_LIBUNISTRING_GNULIB_TESTS'
GL_GNULIB_FPUTS='IN_LIBUNISTRING_GNULIB_TESTS'
GL_GNULIB_FREAD='IN_LIBUNISTRING_GNULIB_TESTS'
GL_GNULIB_FREELOCALE='0'
GL_GNULIB_FREE_POSIX='1'
GL_GNULIB_FREOPEN='0'
GL_GNULIB_FREXP='1'
GL_GNULIB_FREXPF='0'
GL_GNULIB_FREXPL='1'
GL_GNULIB_FSCANF='IN_LIBUNISTRING_GNULIB_TESTS'
GL_GNULIB_FSEEK='0'
GL_GNULIB_FSEEKO='0'
GL_GNULIB_FSTAT='IN_LIBUNISTRING_GNULIB_TESTS'
GL_GNULIB_FSTATAT='0'
GL_GNULIB_FSYNC='0'
GL_GNULIB_FTELL='0'
GL_GNULIB_FTELLO='0'
GL_GNULIB_FTRUNCATE='IN_LIBUNISTRING_GNULIB_TESTS'
GL_GNULIB_FUTIMENS='0'
GL_GNULIB_FWRITE='IN_LIBUNISTRING_GNULIB_TESTS'
GL_GNULIB_FZPRINTF='0'
GL_GNULIB_GETC='IN_LIBUNISTRING_GNULIB_TESTS'
GL_GNULIB_GETCHAR='IN_LIBUNISTRING_GNULIB_TESTS'
GL_GNULIB_GETCWD='IN_LIBUNISTRING_GNULIB_TESTS'
GL_GNULIB_GETDELIM='0'
GL_GNULIB_GETDOMAINNAME='0'
GL_GNULIB_GETDTABLESIZE='IN_LIBUNISTRING_GNULIB_TESTS'
GL_GNULIB_GETENTROPY='0'
GL_GNULIB_GETGROUPS='0'
GL_GNULIB_GETHOSTNAME='0'
GL_GNULIB_GETLINE='0'
GL_GNULIB_GETLOADAVG='0'
GL_GNULIB_GETLOCALENAME_L='0'
GL_GNULIB_GETLOCALENAME_L_UNSAFE='1'
GL_GNULIB_GETLOGIN='0'
GL_GNULIB_GETLOGIN_R='0'
GL_GNULIB_GETOPT_POSIX='0'
GL_GNULIB_GETPAGESIZE='0'
GL_GNULIB_GETPASS='0'
GL_GNULIB_GETPASS_GNU='0'
GL_GNULIB_GETPAYLOAD='0'
GL_GNULIB_GETPAYLOADF='0'
GL_GNULIB_GETPAYLOADL='0'
GL_GNULIB_GETPEERNAME='0'
GL_GNULIB_GETPROGNAME='IN_LIBUNISTRING_GNULIB_TESTS'
GL_GNULIB_GETSOCKNAME='0'
GL_GNULIB_GETSOCKOPT='0'
GL_GNULIB_GETSUBOPT='0'
GL_GNULIB_GETTIMEOFDAY='IN_LIBUNISTRING_GNULIB_TESTS'
GL_GNULIB_GETUMASK='0'
GL_GNULIB_GETUSERSHELL='0'
GL_GNULIB_GRANTPT='0'
GL_GNULIB_GROUP_MEMBER='0'
GL_GNULIB_HYPOT='0'
GL_GNULIB_HYPOTF='0'
GL_GNULIB_HYPOTL='0'
GL_GNULIB_ICONV='1'
GL_GNULIB_ILOGB='0'
GL_GNULIB_ILOGBF='0'
GL_GNULIB_ILOGBL='0'
GL_GNULIB_IMAXABS='0'
GL_GNULIB_IMAXDIV='0'
GL_GNULIB_INET_NTOP='0'
GL_GNULIB_INET_PTON='IN_LIBUNISTRING_GNULIB_TESTS'
GL_GNULIB_IOCTL='IN_LIBUNISTRING_GNULIB_TESTS'
GL_GNULIB_ISALNUM_L='0'
GL_GNULIB_ISALPHA_L='0'
GL_GNULIB_ISATTY='0'
GL_GNULIB_ISBLANK='IN_LIBUNISTRING_GNULIB_TESTS'
GL_GNULIB_ISBLANK_L='0'
GL_GNULIB_ISCNTRL_L='0'
GL_GNULIB_ISDIGIT_L='0'
GL_GNULIB_ISFINITE='0'
GL_GNULIB_ISFINITE_NO_CXX='0'
GL_GNULIB_ISGRAPH_L='0'
GL_GNULIB_ISINF='0'
GL_GNULIB_ISINF_NO_CXX='0'
GL_GNULIB_ISLOWER_L='0'
GL_GNULIB_ISNAN='0'
GL_GNULIB_ISNAND='0'
GL_GNULIB_ISNANF='0'
GL_GNULIB_ISNANL='0'
GL_GNULIB_ISNAN_NO_CXX='0'
GL_GNULIB_ISPRINT_L='0'
GL_GNULIB_ISPUNCT_L='0'
GL_GNULIB_ISSPACE_L='0'
GL_GNULIB_ISUPPER_L='0'
GL_GNULIB_ISWBLANK='1'
GL_GNULIB_ISWCTYPE='0'
GL_GNULIB_ISWDIGIT='1'
GL_GNULIB_ISWPUNCT='1'
GL_GNULIB_ISWXDIGIT='1'
GL_GNULIB_ISXDIGIT_L='0'
GL_GNULIB_LCHMOD='0'
GL_GNULIB_LCHOWN='0'
GL_GNULIB_LDEXP='0'
GL_GNULIB_LDEXPF='0'
GL_GNULIB_LDEXPL='0'
GL_GNULIB_LINK='0'
GL_GNULIB_LINKAT='0'
GL_GNULIB_LISTEN='IN_LIBUNISTRING_GNULIB_TESTS'
GL_GNULIB_LOCALECONV='1'
GL_GNULIB_LOCALENAME_UNSAFE='1'
GL_GNULIB_LOCALTIME='0'
GL_GNULIB_LOG10='0'
GL_GNULIB_LOG10F='0'
GL_GNULIB_LOG10L='0'
GL_GNULIB_LOG1P='0'
GL_GNULIB_LOG1PF='0'
GL_GNULIB_LOG1PL='0'
GL_GNULIB_LOG2='0'
GL_GNULIB_LOG2F='0'
GL_GNULIB_LOG2L='0'
GL_GNULIB_LOG='0'
GL_GNULIB_LOGB='0'
GL_GNULIB_LOGBF='0'
GL_GNULIB_LOGBL='0'
GL_GNULIB_LOGF='0'
GL_GNULIB_LOGL='0'
GL_GNULIB_LOGP1='0'
GL_GNULIB_LOGP1F='0'
GL_GNULIB_LOGP1L='0'
GL_GNULIB_LSEEK='0'
GL_GNULIB_LSTAT='IN_LIBUNISTRING_GNULIB_TESTS'
GL_GNULIB_MALLOC_GNU='IN_LIBUNISTRING_GNULIB_TESTS'
GL_GNULIB_MALLOC_POSIX='1'
GL_GNULIB_MBRLEN='0'
GL_GNULIB_MBRTOC16='0'
GL_GNULIB_MBRTOC32='1'
GL_GNULIB_MBRTOWC='1'
GL_GNULIB_MBSCASECMP='0'
GL_GNULIB_MBSCASESTR='0'
GL_GNULIB_MBSCHR='0'
GL_GNULIB_MBSCSPN='0'
GL_GNULIB_MBSINIT='1'
GL_GNULIB_MBSLEN='0'
GL_GNULIB_MBSNCASECMP='0'
GL_GNULIB_MBSNLEN='1'
GL_GNULIB_MBSNRTOC32S='0'
GL_GNULIB_MBSNRTOWCS='0'
GL_GNULIB_MBSPBRK='0'
GL_GNULIB_MBSPCASECMP='0'
GL_GNULIB_MBSRCHR='0'
GL_GNULIB_MBSRTOC32S='0'
GL_GNULIB_MBSRTOWCS='0'
GL_GNULIB_MBSSEP='0'
GL_GNULIB_MBSSPN='0'
GL_GNULIB_MBSSTR='0'
GL_GNULIB_MBSTOC32S='0'
GL_GNULIB_MBSTOK_R='0'
GL_GNULIB_MBSTOWCS='0'
GL_GNULIB_MBSZERO='1'
GL_GNULIB_MBS_ENDSWITH='0'
GL_GNULIB_MBS_STARTSWITH='0'
GL_GNULIB_MBTOWC='IN_LIBUNISTRING_GNULIB_TESTS'
GL_GNULIB_MDA_ACCESS='1'
GL_GNULIB_MDA_CHDIR='1'
GL_GNULIB_MDA_CHMOD='1'
GL_GNULIB_MDA_CLOSE='1'
GL_GNULIB_MDA_CREAT='1'
GL_GNULIB_MDA_DUP2='1'
GL_GNULIB_MDA_DUP='1'
GL_GNULIB_MDA_ECVT='1'
GL_GNULIB_MDA_EXECL='1'
GL_GNULIB_MDA_EXECLE='1'
GL_GNULIB_MDA_EXECLP='1'
GL_GNULIB_MDA_EXECV='1'
GL_GNULIB_MDA_EXECVE='1'
GL_GNULIB_MDA_EXECVP='1'
GL_GNULIB_MDA_EXECVPE='1'
GL_GNULIB_MDA_FCLOSEALL='1'
GL_GNULIB_MDA_FCVT='1'
GL_GNULIB_MDA_FDOPEN='1'
GL_GNULIB_MDA_FILENO='1'
GL_GNULIB_MDA_GCVT='1'
GL_GNULIB_MDA_GETCWD='1'
GL_GNULIB_MDA_GETPID='1'
GL_GNULIB_MDA_GETW='1'
GL_GNULIB_MDA_ISATTY='1'
GL_GNULIB_MDA_J0='1'
GL_GNULIB_MDA_J1='1'
GL_GNULIB_MDA_JN='1'
GL_GNULIB_MDA_LSEEK='1'
GL_GNULIB_MDA_MEMCCPY='1'
GL_GNULIB_MDA_MKDIR='1'
GL_GNULIB_MDA_MKTEMP='1'
GL_GNULIB_MDA_OPEN='1'
GL_GNULIB_MDA_PUTENV='1'
GL_GNULIB_MDA_PUTW='1'
GL_GNULIB_MDA_READ='1'
GL_GNULIB_MDA_RMDIR='1'
GL_GNULIB_MDA_STRDUP='1'
GL_GNULIB_MDA_SWAB='1'
GL_GNULIB_MDA_TEMPNAM='1'
GL_GNULIB_MDA_TZSET='1'
GL_GNULIB_MDA_UMASK='1'
GL_GNULIB_MDA_UNLINK='1'
GL_GNULIB_MDA_WCSDUP='1'
GL_GNULIB_MDA_WRITE='1'
GL_GNULIB_MDA_Y0='1'
GL_GNULIB_MDA_Y1='1'
GL_GNULIB_MDA_YN='1'
GL_GNULIB_MEMCHR='1'
GL_GNULIB_MEMMEM='0'
GL_GNULIB_MEMPCPY='0'
GL_GNULIB_MEMRCHR='0'
GL_GNULIB_MEMSET_EXPLICIT='0'
GL_GNULIB_MKDIR='0'
GL_GNULIB_MKDIRAT='0'
GL_GNULIB_MKDTEMP='0'
GL_GNULIB_MKFIFO='IN_LIBUNISTRING_GNULIB_TESTS'
GL_GNULIB_MKFIFOAT='0'
GL_GNULIB_MKNOD='0'
GL_GNULIB_MKNODAT='0'
GL_GNULIB_MKOSTEMP='0'
GL_GNULIB_MKOSTEMPS='0'
GL_GNULIB_MKSTEMP='0'
GL_GNULIB_MKSTEMPS='0'
GL_GNULIB_MKTIME='0'
GL_GNULIB_MODF='0'
GL_GNULIB_MODFF='0'
GL_GNULIB_MODFL='0'
GL_GNULIB_NANOSLEEP='IN_LIBUNISTRING_GNULIB_TESTS'
GL_GNULIB_NEWLOCALE='0'
GL_GNULIB_NONBLOCKING='0'
GL_GNULIB_OBSTACK_PRINTF='0'
GL_GNULIB_OBSTACK_PRINTF_POSIX='0'
GL_GNULIB_OBSTACK_ZPRINTF='0'
GL_GNULIB_OPEN='IN_LIBUNISTRING_GNULIB_TESTS'
GL_GNULIB_OPENAT2='0'
GL_GNULIB_OPENAT='0'
GL_GNULIB_OVERRIDES_STRUCT_STAT='0'
GL_GNULIB_PCLOSE='0'
GL_GNULIB_PERROR='IN_LIBUNISTRING_GNULIB_TESTS'
GL_GNULIB_PIPE2='0'
GL_GNULIB_PIPE='IN_LIBUNISTRING_GNULIB_TESTS'
GL_GNULIB_POPEN='0'
GL_GNULIB_POSIX_MEMALIGN='0'
GL_GNULIB_POSIX_OPENPT='0'
GL_GNULIB_POWF='0'
GL_GNULIB_PREAD='0'
GL_GNULIB_PRINTF='IN_LIBUNISTRING_GNULIB_TESTS'
GL_GNULIB_PRINTF_POSIX='0'
GL_GNULIB_PSELECT='IN_LIBUNISTRING_GNULIB_TESTS'
GL_GNULIB_PTHREAD_COND='IN_LIBUNISTRING_GNULIB_TESTS'
GL_GNULIB_PTHREAD_MUTEX='IN_LIBUNISTRING_GNULIB_TESTS'
GL_GNULIB_PTHREAD_MUTEX_TIMEDLOCK='IN_LIBUNISTRING_GNULIB_TESTS'
GL_GNULIB_PTHREAD_ONCE='1'
GL_GNULIB_PTHREAD_RWLOCK='IN_LIBUNISTRING_GNULIB_TESTS'
GL_GNULIB_PTHREAD_SIGMASK='IN_LIBUNISTRING_GNULIB_TESTS'
GL_GNULIB_PTHREAD_SPIN='0'
GL_GNULIB_PTHREAD_THREAD='IN_LIBUNISTRING_GNULIB_TESTS'
GL_GNULIB_PTHREAD_TSS='0'
GL_GNULIB_PTSNAME='0'
GL_GNULIB_PTSNAME_R='0'
GL_GNULIB_PUTC='IN_LIBUNISTRING_GNULIB_TESTS'
GL_GNULIB_PUTCHAR='IN_LIBUNISTRING_GNULIB_TESTS'
GL_GNULIB_PUTENV='IN_LIBUNISTRING_GNULIB_TESTS'
GL_GNULIB_PUTS='IN_LIBUNISTRING_GNULIB_TESTS'
GL_GNULIB_PWRITE='0'
GL_GNULIB_QSORT_R='0'
GL_GNULIB_RAISE='IN_LIBUNISTRING_GNULIB_TESTS'
GL_GNULIB_RAND='0'
GL_GNULIB_RANDOM='IN_LIBUNISTRING_GNULIB_TESTS'
GL_GNULIB_RANDOM_R='IN_LIBUNISTRING_GNULIB_TESTS'
GL_GNULIB_RAWMEMCHR='0'
GL_GNULIB_READ='0'
GL_GNULIB_READLINK='0'
GL_GNULIB_READLINKAT='0'
GL_GNULIB_REALLOCARRAY='IN_LIBUNISTRING_GNULIB_TESTS'
GL_GNULIB_REALLOC_POSIX='IN_LIBUNISTRING_GNULIB_TESTS'
GL_GNULIB_REALPATH='0'
GL_GNULIB_RECV='0'
GL_GNULIB_RECVFROM='0'
GL_GNULIB_REMAINDER='0'
GL_GNULIB_REMAINDERF='0'
GL_GNULIB_REMAINDERL='0'
GL_GNULIB_REMOVE='0'
GL_GNULIB_RENAME='0'
GL_GNULIB_RENAMEAT='0'
GL_GNULIB_RINT='0'
GL_GNULIB_RINTF='0'
GL_GNULIB_RINTL='0'
GL_GNULIB_RMDIR='0'
GL_GNULIB_ROUND='0'
GL_GNULIB_ROUNDF='0'
GL_GNULIB_ROUNDL='0'
GL_GNULIB_RPMATCH='0'
GL_GNULIB_SCANF='IN_LIBUNISTRING_GNULIB_TESTS'
GL_GNULIB_SCHED_YIELD='IN_LIBUNISTRING_GNULIB_TESTS'
GL_GNULIB_SECURE_GETENV='0'
GL_GNULIB_SELECT='IN_LIBUNISTRING_GNULIB_TESTS'
GL_GNULIB_SEND='0'
GL_GNULIB_SENDTO='0'
GL_GNULIB_SETENV='IN_LIBUNISTRING_GNULIB_TESTS'
GL_GNULIB_SETHOSTNAME='0'
GL_GNULIB_SETLOCALE='IN_LIBUNISTRING_GNULIB_TESTS'
GL_GNULIB_SETLOCALE_NULL='1'
GL_GNULIB_SETPAYLOAD='0'
GL_GNULIB_SETPAYLOADF='0'
GL_GNULIB_SETPAYLOADL='0'
GL_GNULIB_SETPAYLOADSIG='0'
GL_GNULIB_SETPAYLOADSIGF='0'
GL_GNULIB_SETPAYLOADSIGL='0'
GL_GNULIB_SETSOCKOPT='IN_LIBUNISTRING_GNULIB_TESTS'
GL_GNULIB_SHUTDOWN='0'
GL_GNULIB_SIG2STR='0'
GL_GNULIB_SIGABBREV_NP='0'
GL_GNULIB_SIGACTION='0'
GL_GNULIB_SIGDESCR_NP='0'
GL_GNULIB_SIGNAL_H_SIGPIPE='0'
GL_GNULIB_SIGNBIT='0'
GL_GNULIB_SIGNBIT_NO_CXX='1'
GL_GNULIB_SIGPROCMASK='IN_LIBUNISTRING_GNULIB_TESTS'
GL_GNULIB_SINF='0'
GL_GNULIB_SINHF='0'
GL_GNULIB_SINL='0'
GL_GNULIB_SLEEP='IN_LIBUNISTRING_GNULIB_TESTS'
GL_GNULIB_SNPRINTF='0'
GL_GNULIB_SNZPRINTF='0'
GL_GNULIB_SOCKET='IN_LIBUNISTRING_GNULIB_TESTS'
GL_GNULIB_SPRINTF_POSIX='0'
GL_GNULIB_SQRTF='0'
GL_GNULIB_SQRTL='0'
GL_GNULIB_STACK_TRACE='0'
GL_GNULIB_STAT='IN_LIBUNISTRING_GNULIB_TESTS'
GL_GNULIB_STDIO_H_NONBLOCKING='0'
GL_GNULIB_STDIO_H_SIGPIPE='0'
GL_GNULIB_STPCPY='IN_LIBUNISTRING_GNULIB_TESTS'
GL_GNULIB_STPNCPY='0'
GL_GNULIB_STRCASESTR='0'
GL_GNULIB_STRCHRNUL='0'
GL_GNULIB_STRDUP='0'
GL_GNULIB_STRERROR='IN_LIBUNISTRING_GNULIB_TESTS'
GL_GNULIB_STRERRORNAME_NP='0'
GL_GNULIB_STRERROR_L='0'
GL_GNULIB_STRERROR_R='IN_LIBUNISTRING_GNULIB_TESTS'
GL_GNULIB_STRFTIME='0'
GL_GNULIB_STRINGEQ='1'
GL_GNULIB_STRNCAT='1'
GL_GNULIB_STRNCPY='1'
GL_GNULIB_STRNDUP='0'
GL_GNULIB_STRNLEN='0'
GL_GNULIB_STRNUL='0'
GL_GNULIB_STRPBRK='0'
GL_GNULIB_STRPTIME='0'
GL_GNULIB_STRSEP='0'
GL_GNULIB_STRSIGNAL='0'
GL_GNULIB_STRSTR='1'
GL_GNULIB_STRTOD='0'
GL_GNULIB_STRTOF='0'
GL_GNULIB_STRTOIMAX='0'
GL_GNULIB_STRTOK_R='0'
GL_GNULIB_STRTOL='0'
GL_GNULIB_STRTOLD='0'
GL_GNULIB_STRTOLL='0'
GL_GNULIB_STRTOUL='0'
GL_GNULIB_STRTOULL='0'
GL_GNULIB_STRTOUMAX='0'
GL_GNULIB_STRVERSCMP='0'
GL_GNULIB_STR_ENDSWITH='IN_LIBUNISTRING_GNULIB_TESTS'
GL_GNULIB_STR_STARTSWITH='IN_LIBUNISTRING_GNULIB_TESTS'
GL_GNULIB_SYMLINK='IN_LIBUNISTRING_GNULIB_TESTS'
GL_GNULIB_SYMLINKAT='0'
GL_GNULIB_SYSTEM_POSIX='0'
GL_GNULIB_SZPRINTF='0'
GL_GNULIB_TANF='0'
GL_GNULIB_TANHF='0'
GL_GNULIB_TANL='0'
GL_GNULIB_TIME='IN_LIBUNISTRING_GNULIB_TESTS'
GL_GNULIB_TIMEGM='0'
GL_GNULIB_TIMESPEC_GET='0'
GL_GNULIB_TIMESPEC_GETRES='0'
GL_GNULIB_TIME_R='0'
GL_GNULIB_TIME_RZ='0'
GL_GNULIB_TMPFILE='0'
GL_GNULIB_TOLOWER_L='0'
GL_GNULIB_TOTALORDER='0'
GL_GNULIB_TOTALORDERF='0'
GL_GNULIB_TOTALORDERL='0'
GL_GNULIB_TOTALORDERMAG='0'
GL_GNULIB_TOTALORDERMAGF='0'
GL_GNULIB_TOTALORDERMAGL='0'
GL_GNULIB_TOUPPER_L='0'
GL_GNULIB_TOWCTRANS='0'
GL_GNULIB_TRUNC='0'
GL_GNULIB_TRUNCATE='0'
GL_GNULIB_TRUNCF='0'
GL_GNULIB_TRUNCL='0'
GL_GNULIB_TTYNAME_R='0'
GL_GNULIB_TZNAME='0'
GL_GNULIB_TZSET='0'
GL_GNULIB_UNICASE_EMPTY_PREFIX_CONTEXT_DLL_VARIABLE='LIBUNISTRING_DLL_VARIABLE'
GL_GNULIB_UNICASE_EMPTY_SUFFIX_CONTEXT_DLL_VARIABLE='LIBUNISTRING_DLL_VARIABLE'
GL_GNULIB_UNICTYPE_CATEGORY_CC_DLL_VARIABLE='LIBUNISTRING_DLL_VARIABLE'
GL_GNULIB_UNICTYPE_CATEGORY_CF_DLL_VARIABLE='LIBUNISTRING_DLL_VARIABLE'
GL_GNULIB_UNICTYPE_CATEGORY_CN_DLL_VARIABLE='LIBUNISTRING_DLL_VARIABLE'
GL_GNULIB_UNICTYPE_CATEGORY_CO_DLL_VARIABLE='LIBUNISTRING_DLL_VARIABLE'
GL_GNULIB_UNICTYPE_CATEGORY_CS_DLL_VARIABLE='LIBUNISTRING_DLL_VARIABLE'
GL_GNULIB_UNICTYPE_CATEGORY_C_DLL_VARIABLE='LIBUNISTRING_DLL_VARIABLE'
GL_GNULIB_UNICTYPE_CATEGORY_LC_DLL_VARIABLE='LIBUNISTRING_DLL_VARIABLE'
GL_GNULIB_UNICTYPE_CATEGORY_LL_DLL_VARIABLE='LIBUNISTRING_DLL_VARIABLE'
GL_GNULIB_UNICTYPE_CATEGORY_LM_DLL_VARIABLE='LIBUNISTRING_DLL_VARIABLE'
GL_GNULIB_UNICTYPE_CATEGORY_LO_DLL_VARIABLE='LIBUNISTRING_DLL_VARIABLE'
GL_GNULIB_UNICTYPE_CATEGORY_LT_DLL_VARIABLE='LIBUNISTRING_DLL_VARIABLE'
GL_GNULIB_UNICTYPE_CATEGORY_LU_DLL_VARIABLE='LIBUNISTRING_DLL_VARIABLE'
GL_GNULIB_UNICTYPE_CATEGORY_L_DLL_VARIABLE='LIBUNISTRING_DLL_VARIABLE'
GL_GNULIB_UNICTYPE_CATEGORY_MC_DLL_VARIABLE='LIBUNISTRING_DLL_VARIABLE'
GL_GNULIB_UNICTYPE_CATEGORY_ME_DLL_VARIABLE='LIBUNISTRING_DLL_VARIABLE'
GL_GNULIB_UNICTYPE_CATEGORY_MN_DLL_VARIABLE='LIBUNISTRING_DLL_VARIABLE'
GL_GNULIB_UNICTYPE_CATEGORY_M_DLL_VARIABLE='LIBUNISTRING_DLL_VARIABLE'
GL_GNULIB_UNICTYPE_CATEGORY_ND_DLL_VARIABLE='LIBUNISTRING_DLL_VARIABLE'
GL_GNULIB_UNICTYPE_CATEGORY_NL_DLL_VARIABLE='LIBUNISTRING_DLL_VARIABLE'
GL_GNULIB_UNICTYPE_CATEGORY_NO_DLL_VARIABLE='LIBUNISTRING_DLL_VARIABLE'
GL_GNULIB_UNICTYPE_CATEGORY_N_DLL_VARIABLE='LIBUNISTRING_DLL_VARIABLE'
GL_GNULIB_UNICTYPE_CATEGORY_PC_DLL_VARIABLE='LIBUNISTRING_DLL_VARIABLE'
GL_GNULIB_UNICTYPE_CATEGORY_PD_DLL_VARIABLE='LIBUNISTRING_DLL_VARIABLE'
GL_GNULIB_UNICTYPE_CATEGORY_PE_DLL_VARIABLE='LIBUNISTRING_DLL_VARIABLE'
GL_GNULIB_UNICTYPE_CATEGORY_PF_DLL_VARIABLE='LIBUNISTRING_DLL_VARIABLE'
GL_GNULIB_UNICTYPE_CATEGORY_PI_DLL_VARIABLE='LIBUNISTRING_DLL_VARIABLE'
GL_GNULIB_UNICTYPE_CATEGORY_PO_DLL_VARIABLE='LIBUNISTRING_DLL_VARIABLE'
GL_GNULIB_UNICTYPE_CATEGORY_PS_DLL_VARIABLE='LIBUNISTRING_DLL_VARIABLE'
GL_GNULIB_UNICTYPE_CATEGORY_P_DLL_VARIABLE='LIBUNISTRING_DLL_VARIABLE'
GL_GNULIB_UNICTYPE_CATEGORY_SC_DLL_VARIABLE='LIBUNISTRING_DLL_VARIABLE'
GL_GNULIB_UNICTYPE_CATEGORY_SK_DLL_VARIABLE='LIBUNISTRING_DLL_VARIABLE'
GL_GNULIB_UNICTYPE_CATEGORY_SM_DLL_VARIABLE='LIBUNISTRING_DLL_VARIABLE'
GL_GNULIB_UNICTYPE_CATEGORY_SO_DLL_VARIABLE='LIBUNISTRING_DLL_VARIABLE'
GL_GNULIB_UNICTYPE_CATEGORY_S_DLL_VARIABLE='LIBUNISTRING_DLL_VARIABLE'
GL_GNULIB_UNICTYPE_CATEGORY_ZL_DLL_VARIABLE='LIBUNISTRING_DLL_VARIABLE'
GL_GNULIB_UNICTYPE_CATEGORY_ZP_DLL_VARIABLE='LIBUNISTRING_DLL_VARIABLE'
GL_GNULIB_UNICTYPE_CATEGORY_ZS_DLL_VARIABLE='LIBUNISTRING_DLL_VARIABLE'
GL_GNULIB_UNICTYPE_CATEGORY_Z_DLL_VARIABLE='LIBUNISTRING_DLL_VARIABLE'
GL_GNULIB_UNICTYPE_PROPERTY_ALPHABETIC_DLL_VARIABLE='LIBUNISTRING_DLL_VARIABLE'
GL_GNULIB_UNICTYPE_PROPERTY_ASCII_HEX_DIGIT_DLL_VARIABLE='LIBUNISTRING_DLL_VARIABLE'
GL_GNULIB_UNICTYPE_PROPERTY_BIDI_ARABIC_DIGIT_DLL_VARIABLE='LIBUNISTRING_DLL_VARIABLE'
GL_GNULIB_UNICTYPE_PROPERTY_BIDI_ARABIC_RIGHT_TO_LEFT_DLL_VARIABLE='LIBUNISTRING_DLL_VARIABLE'
GL_GNULIB_UNICTYPE_PROPERTY_BIDI_BLOCK_SEPARATOR_DLL_VARIABLE='LIBUNISTRING_DLL_VARIABLE'
GL_GNULIB_UNICTYPE_PROPERTY_BIDI_BOUNDARY_NEUTRAL_DLL_VARIABLE='LIBUNISTRING_DLL_VARIABLE'
GL_GNULIB_UNICTYPE_PROPERTY_BIDI_COMMON_SEPARATOR_DLL_VARIABLE='LIBUNISTRING_DLL_VARIABLE'
GL_GNULIB_UNICTYPE_PROPERTY_BIDI_CONTROL_DLL_VARIABLE='LIBUNISTRING_DLL_VARIABLE'
GL_GNULIB_UNICTYPE_PROPERTY_BIDI_EMBEDDING_OR_OVERRIDE_DLL_VARIABLE='LIBUNISTRING_DLL_VARIABLE'
GL_GNULIB_UNICTYPE_PROPERTY_BIDI_EUROPEAN_DIGIT_DLL_VARIABLE='LIBUNISTRING_DLL_VARIABLE'
GL_GNULIB_UNICTYPE_PROPERTY_BIDI_EUR_NUM_SEPARATOR_DLL_VARIABLE='LIBUNISTRING_DLL_VARIABLE'
GL_GNULIB_UNICTYPE_PROPERTY_BIDI_EUR_NUM_TERMINATOR_DLL_VARIABLE='LIBUNISTRING_DLL_VARIABLE'
GL_GNULIB_UNICTYPE_PROPERTY_BIDI_HEBREW_RIGHT_TO_LEFT_DLL_VARIABLE='LIBUNISTRING_DLL_VARIABLE'
GL_GNULIB_UNICTYPE_PROPERTY_BIDI_LEFT_TO_RIGHT_DLL_VARIABLE='LIBUNISTRING_DLL_VARIABLE'
GL_GNULIB_UNICTYPE_PROPERTY_BIDI_NON_SPACING_MARK_DLL_VARIABLE='LIBUNISTRING_DLL_VARIABLE'
GL_GNULIB_UNICTYPE_PROPERTY_BIDI_OTHER_NEUTRAL_DLL_VARIABLE='LIBUNISTRING_DLL_VARIABLE'
GL_GNULIB_UNICTYPE_PROPERTY_BIDI_PDF_DLL_VARIABLE='LIBUNISTRING_DLL_VARIABLE'
GL_GNULIB_UNICTYPE_PROPERTY_BIDI_SEGMENT_SEPARATOR_DLL_VARIABLE='LIBUNISTRING_DLL_VARIABLE'
GL_GNULIB_UNICTYPE_PROPERTY_BIDI_WHITESPACE_DLL_VARIABLE='LIBUNISTRING_DLL_VARIABLE'
GL_GNULIB_UNICTYPE_PROPERTY_CASED_DLL_VARIABLE='LIBUNISTRING_DLL_VARIABLE'
GL_GNULIB_UNICTYPE_PROPERTY_CASE_IGNORABLE_DLL_VARIABLE='LIBUNISTRING_DLL_VARIABLE'
GL_GNULIB_UNICTYPE_PROPERTY_CHANGES_WHEN_CASEFOLDED_DLL_VARIABLE='LIBUNISTRING_DLL_VARIABLE'
GL_GNULIB_UNICTYPE_PROPERTY_CHANGES_WHEN_CASEMAPPED_DLL_VARIABLE='LIBUNISTRING_DLL_VARIABLE'
GL_GNULIB_UNICTYPE_PROPERTY_CHANGES_WHEN_LOWERCASED_DLL_VARIABLE='LIBUNISTRING_DLL_VARIABLE'
GL_GNULIB_UNICTYPE_PROPERTY_CHANGES_WHEN_TITLECASED_DLL_VARIABLE='LIBUNISTRING_DLL_VARIABLE'
GL_GNULIB_UNICTYPE_PROPERTY_CHANGES_WHEN_UPPERCASED_DLL_VARIABLE='LIBUNISTRING_DLL_VARIABLE'
GL_GNULIB_UNICTYPE_PROPERTY_COMBINING_DLL_VARIABLE='LIBUNISTRING_DLL_VARIABLE'
GL_GNULIB_UNICTYPE_PROPERTY_COMPOSITE_DLL_VARIABLE='LIBUNISTRING_DLL_VARIABLE'
GL_GNULIB_UNICTYPE_PROPERTY_CURRENCY_SYMBOL_DLL_VARIABLE='LIBUNISTRING_DLL_VARIABLE'
GL_GNULIB_UNICTYPE_PROPERTY_DASH_DLL_VARIABLE='LIBUNISTRING_DLL_VARIABLE'
GL_GNULIB_UNICTYPE_PROPERTY_DECIMAL_DIGIT_DLL_VARIABLE='LIBUNISTRING_DLL_VARIABLE'
GL_GNULIB_UNICTYPE_PROPERTY_DEFAULT_IGNORABLE_CODE_POINT_DLL_VARIABLE='LIBUNISTRING_DLL_VARIABLE'
GL_GNULIB_UNICTYPE_PROPERTY_DEPRECATED_DLL_VARIABLE='LIBUNISTRING_DLL_VARIABLE'
GL_GNULIB_UNICTYPE_PROPERTY_DIACRITIC_DLL_VARIABLE='LIBUNISTRING_DLL_VARIABLE'
GL_GNULIB_UNICTYPE_PROPERTY_EMOJI_COMPONENT_DLL_VARIABLE='LIBUNISTRING_DLL_VARIABLE'
GL_GNULIB_UNICTYPE_PROPERTY_EMOJI_DLL_VARIABLE='LIBUNISTRING_DLL_VARIABLE'
GL_GNULIB_UNICTYPE_PROPERTY_EMOJI_MODIFIER_BASE_DLL_VARIABLE='LIBUNISTRING_DLL_VARIABLE'
GL_GNULIB_UNICTYPE_PROPERTY_EMOJI_MODIFIER_DLL_VARIABLE='LIBUNISTRING_DLL_VARIABLE'
GL_GNULIB_UNICTYPE_PROPERTY_EMOJI_PRESENTATION_DLL_VARIABLE='LIBUNISTRING_DLL_VARIABLE'
GL_GNULIB_UNICTYPE_PROPERTY_EXTENDED_PICTOGRAPHIC_DLL_VARIABLE='LIBUNISTRING_DLL_VARIABLE'
GL_GNULIB_UNICTYPE_PROPERTY_EXTENDER_DLL_VARIABLE='LIBUNISTRING_DLL_VARIABLE'
GL_GNULIB_UNICTYPE_PROPERTY_FORMAT_CONTROL_DLL_VARIABLE='LIBUNISTRING_DLL_VARIABLE'
GL_GNULIB_UNICTYPE_PROPERTY_GRAPHEME_BASE_DLL_VARIABLE='LIBUNISTRING_DLL_VARIABLE'
GL_GNULIB_UNICTYPE_PROPERTY_GRAPHEME_EXTEND_DLL_VARIABLE='LIBUNISTRING_DLL_VARIABLE'
GL_GNULIB_UNICTYPE_PROPERTY_GRAPHEME_LINK_DLL_VARIABLE='LIBUNISTRING_DLL_VARIABLE'
GL_GNULIB_UNICTYPE_PROPERTY_HEX_DIGIT_DLL_VARIABLE='LIBUNISTRING_DLL_VARIABLE'
GL_GNULIB_UNICTYPE_PROPERTY_HYPHEN_DLL_VARIABLE='LIBUNISTRING_DLL_VARIABLE'
GL_GNULIB_UNICTYPE_PROPERTY_IDEOGRAPHIC_DLL_VARIABLE='LIBUNISTRING_DLL_VARIABLE'
GL_GNULIB_UNICTYPE_PROPERTY_IDS_BINARY_OPERATOR_DLL_VARIABLE='LIBUNISTRING_DLL_VARIABLE'
GL_GNULIB_UNICTYPE_PROPERTY_IDS_TRINARY_OPERATOR_DLL_VARIABLE='LIBUNISTRING_DLL_VARIABLE'
GL_GNULIB_UNICTYPE_PROPERTY_IDS_UNARY_OPERATOR_DLL_VARIABLE='LIBUNISTRING_DLL_VARIABLE'
GL_GNULIB_UNICTYPE_PROPERTY_ID_COMPAT_MATH_CONTINUE_DLL_VARIABLE='LIBUNISTRING_DLL_VARIABLE'
GL_GNULIB_UNICTYPE_PROPERTY_ID_COMPAT_MATH_START_DLL_VARIABLE='LIBUNISTRING_DLL_VARIABLE'
GL_GNULIB_UNICTYPE_PROPERTY_ID_CONTINUE_DLL_VARIABLE='LIBUNISTRING_DLL_VARIABLE'
GL_GNULIB_UNICTYPE_PROPERTY_ID_START_DLL_VARIABLE='LIBUNISTRING_DLL_VARIABLE'
GL_GNULIB_UNICTYPE_PROPERTY_IGNORABLE_CONTROL_DLL_VARIABLE='LIBUNISTRING_DLL_VARIABLE'
GL_GNULIB_UNICTYPE_PROPERTY_ISO_CONTROL_DLL_VARIABLE='LIBUNISTRING_DLL_VARIABLE'
GL_GNULIB_UNICTYPE_PROPERTY_JOIN_CONTROL_DLL_VARIABLE='LIBUNISTRING_DLL_VARIABLE'
GL_GNULIB_UNICTYPE_PROPERTY_LEFT_OF_PAIR_DLL_VARIABLE='LIBUNISTRING_DLL_VARIABLE'
GL_GNULIB_UNICTYPE_PROPERTY_LINE_SEPARATOR_DLL_VARIABLE='LIBUNISTRING_DLL_VARIABLE'
GL_GNULIB_UNICTYPE_PROPERTY_LOGICAL_ORDER_EXCEPTION_DLL_VARIABLE='LIBUNISTRING_DLL_VARIABLE'
GL_GNULIB_UNICTYPE_PROPERTY_LOWERCASE_DLL_VARIABLE='LIBUNISTRING_DLL_VARIABLE'
GL_GNULIB_UNICTYPE_PROPERTY_MATH_DLL_VARIABLE='LIBUNISTRING_DLL_VARIABLE'
GL_GNULIB_UNICTYPE_PROPERTY_MODIFIER_COMBINING_MARK_DLL_VARIABLE='LIBUNISTRING_DLL_VARIABLE'
GL_GNULIB_UNICTYPE_PROPERTY_NON_BREAK_DLL_VARIABLE='LIBUNISTRING_DLL_VARIABLE'
GL_GNULIB_UNICTYPE_PROPERTY_NOT_A_CHARACTER_DLL_VARIABLE='LIBUNISTRING_DLL_VARIABLE'
GL_GNULIB_UNICTYPE_PROPERTY_NUMERIC_DLL_VARIABLE='LIBUNISTRING_DLL_VARIABLE'
GL_GNULIB_UNICTYPE_PROPERTY_OTHER_ALPHABETIC_DLL_VARIABLE='LIBUNISTRING_DLL_VARIABLE'
GL_GNULIB_UNICTYPE_PROPERTY_OTHER_DEFAULT_IGNORABLE_CODE_POINT_DLL_VARIABLE='LIBUNISTRING_DLL_VARIABLE'
GL_GNULIB_UNICTYPE_PROPERTY_OTHER_GRAPHEME_EXTEND_DLL_VARIABLE='LIBUNISTRING_DLL_VARIABLE'
GL_GNULIB_UNICTYPE_PROPERTY_OTHER_ID_CONTINUE_DLL_VARIABLE='LIBUNISTRING_DLL_VARIABLE'
GL_GNULIB_UNICTYPE_PROPERTY_OTHER_ID_START_DLL_VARIABLE='LIBUNISTRING_DLL_VARIABLE'
GL_GNULIB_UNICTYPE_PROPERTY_OTHER_LOWERCASE_DLL_VARIABLE='LIBUNISTRING_DLL_VARIABLE'
GL_GNULIB_UNICTYPE_PROPERTY_OTHER_MATH_DLL_VARIABLE='LIBUNISTRING_DLL_VARIABLE'
GL_GNULIB_UNICTYPE_PROPERTY_OTHER_UPPERCASE_DLL_VARIABLE='LIBUNISTRING_DLL_VARIABLE'
GL_GNULIB_UNICTYPE_PROPERTY_PAIRED_PUNCTUATION_DLL_VARIABLE='LIBUNISTRING_DLL_VARIABLE'
GL_GNULIB_UNICTYPE_PROPERTY_PARAGRAPH_SEPARATOR_DLL_VARIABLE='LIBUNISTRING_DLL_VARIABLE'
GL_GNULIB_UNICTYPE_PROPERTY_PATTERN_SYNTAX_DLL_VARIABLE='LIBUNISTRING_DLL_VARIABLE'
GL_GNULIB_UNICTYPE_PROPERTY_PATTERN_WHITE_SPACE_DLL_VARIABLE='LIBUNISTRING_DLL_VARIABLE'
GL_GNULIB_UNICTYPE_PROPERTY_PREPENDED_CONCATENATION_MARK_DLL_VARIABLE='LIBUNISTRING_DLL_VARIABLE'
GL_GNULIB_UNICTYPE_PROPERTY_PRIVATE_USE_DLL_VARIABLE='LIBUNISTRING_DLL_VARIABLE'
GL_GNULIB_UNICTYPE_PROPERTY_PUNCTUATION_DLL_VARIABLE='LIBUNISTRING_DLL_VARIABLE'
GL_GNULIB_UNICTYPE_PROPERTY_QUOTATION_MARK_DLL_VARIABLE='LIBUNISTRING_DLL_VARIABLE'
GL_GNULIB_UNICTYPE_PROPERTY_RADICAL_DLL_VARIABLE='LIBUNISTRING_DLL_VARIABLE'
GL_GNULIB_UNICTYPE_PROPERTY_REGIONAL_INDICATOR_DLL_VARIABLE='LIBUNISTRING_DLL_VARIABLE'
GL_GNULIB_UNICTYPE_PROPERTY_SENTENCE_TERMINAL_DLL_VARIABLE='LIBUNISTRING_DLL_VARIABLE'
GL_GNULIB_UNICTYPE_PROPERTY_SOFT_DOTTED_DLL_VARIABLE='LIBUNISTRING_DLL_VARIABLE'
GL_GNULIB_UNICTYPE_PROPERTY_SPACE_DLL_VARIABLE='LIBUNISTRING_DLL_VARIABLE'
GL_GNULIB_UNICTYPE_PROPERTY_TERMINAL_PUNCTUATION_DLL_VARIABLE='LIBUNISTRING_DLL_VARIABLE'
GL_GNULIB_UNICTYPE_PROPERTY_TITLECASE_DLL_VARIABLE='LIBUNISTRING_DLL_VARIABLE'
GL_GNULIB_UNICTYPE_PROPERTY_UNASSIGNED_CODE_VALUE_DLL_VARIABLE='LIBUNISTRING_DLL_VARIABLE'
GL_GNULIB_UNICTYPE_PROPERTY_UNIFIED_IDEOGRAPH_DLL_VARIABLE='LIBUNISTRING_DLL_VARIABLE'
GL_GNULIB_UNICTYPE_PROPERTY_UPPERCASE_DLL_VARIABLE='LIBUNISTRING_DLL_VARIABLE'
GL_GNULIB_UNICTYPE_PROPERTY_VARIATION_SELECTOR_DLL_VARIABLE='LIBUNISTRING_DLL_VARIABLE'
GL_GNULIB_UNICTYPE_PROPERTY_WHITE_SPACE_DLL_VARIABLE='LIBUNISTRING_DLL_VARIABLE'
GL_GNULIB_UNICTYPE_PROPERTY_XID_CONTINUE_DLL_VARIABLE='LIBUNISTRING_DLL_VARIABLE'
GL_GNULIB_UNICTYPE_PROPERTY_XID_START_DLL_VARIABLE='LIBUNISTRING_DLL_VARIABLE'
GL_GNULIB_UNICTYPE_PROPERTY_ZERO_WIDTH_DLL_VARIABLE='LIBUNISTRING_DLL_VARIABLE'
GL_GNULIB_UNIMETADATA_UNICODE_VERSION_DLL_VARIABLE='LIBUNISTRING_DLL_VARIABLE'
GL_GNULIB_UNINORM_NFC_DLL_VARIABLE='LIBUNISTRING_DLL_VARIABLE'
GL_GNULIB_UNINORM_NFD_DLL_VARIABLE='LIBUNISTRING_DLL_VARIABLE'
GL_GNULIB_UNINORM_NFKC_DLL_VARIABLE='LIBUNISTRING_DLL_VARIABLE'
GL_GNULIB_UNINORM_NFKD_DLL_VARIABLE='LIBUNISTRING_DLL_VARIABLE'
GL_GNULIB_UNISTD_H_GETOPT='0'
GL_GNULIB_UNISTD_H_NONBLOCKING='0'
GL_GNULIB_UNISTD_H_SIGPIPE='0'
GL_GNULIB_UNLINK='0'
GL_GNULIB_UNLINKAT='0'
GL_GNULIB_UNLOCKPT='0'
GL_GNULIB_UNSETENV='IN_LIBUNISTRING_GNULIB_TESTS'
GL_GNULIB_USLEEP='IN_LIBUNISTRING_GNULIB_TESTS'
GL_GNULIB_UTIMENSAT='0'
GL_GNULIB_VASPRINTF='0'
GL_GNULIB_VASZPRINTF='0'
GL_GNULIB_VDPRINTF='0'
GL_GNULIB_VDZPRINTF='0'
GL_GNULIB_VFPRINTF='IN_LIBUNISTRING_GNULIB_TESTS'
GL_GNULIB_VFPRINTF_POSIX='0'
GL_GNULIB_VFSCANF='0'
GL_GNULIB_VFZPRINTF='0'
GL_GNULIB_VPRINTF='IN_LIBUNISTRING_GNULIB_TESTS'
GL_GNULIB_VPRINTF_POSIX='0'
GL_GNULIB_VSCANF='0'
GL_GNULIB_VSNPRINTF='0'
GL_GNULIB_VSNZPRINTF='0'
GL_GNULIB_VSPRINTF_POSIX='0'
GL_GNULIB_VSZPRINTF='0'
GL_GNULIB_VZPRINTF='0'
GL_GNULIB_WCPCPY='0'
GL_GNULIB_WCPNCPY='0'
GL_GNULIB_WCRTOMB='IN_LIBUNISTRING_GNULIB_TESTS'
GL_GNULIB_WCSCASECMP='0'
GL_GNULIB_WCSCAT='0'
GL_GNULIB_WCSCHR='0'
GL_GNULIB_WCSCMP='0'
GL_GNULIB_WCSCOLL='0'
GL_GNULIB_WCSCPY='0'
GL_GNULIB_WCSCSPN='0'
GL_GNULIB_WCSDUP='0'
GL_GNULIB_WCSFTIME='0'
GL_GNULIB_WCSLEN='0'
GL_GNULIB_WCSNCASECMP='0'
GL_GNULIB_WCSNCAT='0'
GL_GNULIB_WCSNCMP='0'
GL_GNULIB_WCSNCPY='0'
GL_GNULIB_WCSNLEN='0'
GL_GNULIB_WCSNRTOMBS='0'
GL_GNULIB_WCSPBRK='0'
GL_GNULIB_WCSRCHR='0'
GL_GNULIB_WCSRTOMBS='0'
GL_GNULIB_WCSSPN='0'
GL_GNULIB_WCSSTR='0'
GL_GNULIB_WCSTOK='0'
GL_GNULIB_WCSWIDTH='0'
GL_GNULIB_WCSXFRM='0'
GL_GNULIB_WCTOB='IN_LIBUNISTRING_GNULIB_TESTS'
GL_GNULIB_WCTOMB='IN_LIBUNISTRING_GNULIB_TESTS'
GL_GNULIB_WCTRANS='0'
GL_GNULIB_WCTYPE='0'
GL_GNULIB_WCWIDTH='1'
GL_GNULIB_WGETCWD='0'
GL_GNULIB_WMEMCHR='0'
GL_GNULIB_WMEMCMP='0'
GL_GNULIB_WMEMCPY='0'
GL_GNULIB_WMEMMOVE='0'
GL_GNULIB_WMEMPCPY='0'
GL_GNULIB_WMEMSET='0'
GL_GNULIB_WRITE='0'
GL_GNULIB_ZPRINTF='0'
GL_GNULIB__EXIT='0'
GNULIBHEADERS_OVERRIDE_CHAR16_T='0'
GNULIBHEADERS_OVERRIDE_CHAR32_T='0'
GNULIBHEADERS_OVERRIDE_CHAR8_T='1'
GNULIBHEADERS_OVERRIDE_WINT_T='0'
GNULIB_LOCALEDIR='${datarootdir}/locale'
GNULIB_LOCALEDIR_c='"/home/bloink/Work/unnamedlinuxdistro/fs/share/locale"'
GNULIB_LOCALEDIR_c_make='\"$(GNULIB_LOCALEDIR)\"'
GREP='/bin/grep'
HARD_LOCALE_LIB=''
HAVE_ACCEPT4='1'
HAVE_ACOSF='1'
HAVE_ACOSL='1'
HAVE_ALIGNED_ALLOC='1'
HAVE_ALLOCA_H='1'
HAVE_ARPA_INET_H='1'
HAVE_ASINF='1'
HAVE_ASINL='1'
HAVE_ATAN2F='1'
HAVE_ATANF='1'
HAVE_ATANL='1'
HAVE_ATOLL='1'
HAVE_BLKCNT_T='1'
HAVE_BLKSIZE_T='1'
HAVE_BTOWC='1'
HAVE_C32RTOMB='1'
HAVE_C99_STDINT_H='1'
HAVE_CANONICALIZE_FILE_NAME='1'
HAVE_CBRT='1'
HAVE_CBRTF='1'
HAVE_CBRTL='1'
HAVE_CHOWN='1'
HAVE_COPYSIGN='1'
HAVE_COPYSIGNF='1'
HAVE_COPYSIGNL='1'
HAVE_COPY_FILE_RANGE='1'
HAVE_COSF='1'
HAVE_COSHF='1'
HAVE_COSL='1'
HAVE_CRTDEFS_H='0'
HAVE_CXX_STDCKDINT_H='0'
HAVE_C_STDCKDINT_H='1'
HAVE_C_UNREACHABLE='0'
HAVE_DECL_ACOSL='1'
HAVE_DECL_ASINL='1'
HAVE_DECL_ATANL='1'
HAVE_DECL_CEILF='1'
HAVE_DECL_CEILL='1'
HAVE_DECL_COSL='1'
HAVE_DECL_ECVT='1'
HAVE_DECL_ENVIRON='1'
HAVE_DECL_EXECVPE='1'
HAVE_DECL_EXPL='1'
HAVE_DECL_FCHDIR='1'
HAVE_DECL_FCLOSEALL='0'
HAVE_DECL_FCVT='1'
HAVE_DECL_FDATASYNC='1'
HAVE_DECL_FLOORF='1'
HAVE_DECL_FLOORL='1'
HAVE_DECL_FPURGE='1'
HAVE_DECL_FREXPL='1'
HAVE_DECL_FSEEKO='1'
HAVE_DECL_FTELLO='1'
HAVE_DECL_GCVT='1'
HAVE_DECL_GETDELIM='1'
HAVE_DECL_GETDOMAINNAME='1'
HAVE_DECL_GETLINE='1'
HAVE_DECL_GETLOADAVG='1'
HAVE_DECL_GETLOGIN='1'
HAVE_DECL_GETLOGIN_R='1'
HAVE_DECL_GETPAGESIZE='1'
HAVE_DECL_GETUSERSHELL='1'
HAVE_DECL_GETW='1'
HAVE_DECL_HTONL='1'
HAVE_DECL_HTONS='1'
HAVE_DECL_IMAXABS='1'
HAVE_DECL_IMAXDIV='1'
HAVE_DECL_INET_NTOP='1'
HAVE_DECL_INET_PTON='1'
HAVE_DECL_INITSTATE='1'
HAVE_DECL_LDEXPL='1'
HAVE_DECL_LOCALTIME_R='1'
HAVE_DECL_LOG10L='1'
HAVE_DECL_LOGB='1'
HAVE_DECL_LOGL='1'
HAVE_DECL_MEMEQ='0'
HAVE_DECL_MEMMEM='1'
HAVE_DECL_MEMRCHR='1'
HAVE_DECL_NTOHL='1'
HAVE_DECL_NTOHS='1'
HAVE_DECL_OBSTACK_PRINTF='1'
HAVE_DECL_PROGRAM_INVOCATION_NAME='1'
HAVE_DECL_PUTW='1'
HAVE_DECL_SETENV='1'
HAVE_DECL_SETHOSTNAME='1'
HAVE_DECL_SETSTATE='1'
HAVE_DECL_SINL='1'
HAVE_DECL_SNPRINTF='1'
HAVE_DECL_SQRTL='1'
HAVE_DECL_STRDUP='1'
HAVE_DECL_STREQ='0'
HAVE_DECL_STRERROR_R='1'
HAVE_DECL_STRNDUP='1'
HAVE_DECL_STRNLEN='1'
HAVE_DECL_STRSIGNAL='1'
HAVE_DECL_STRTOIMAX='1'
HAVE_DECL_STRTOK_R='1'
HAVE_DECL_STRTOUMAX='1'
HAVE_DECL_TANL='1'
HAVE_DECL_TRUNC='1'
HAVE_DECL_TRUNCATE='1'
HAVE_DECL_TRUNCF='1'
HAVE_DECL_TRUNCL='1'
HAVE_DECL_TTYNAME_R='1'
HAVE_DECL_UNSETENV='1'
HAVE_DECL_VSNPRINTF='1'
HAVE_DECL_WCSDUP='1'
HAVE_DECL_WCWIDTH='1'
HAVE_DPRINTF='1'
HAVE_DUP3='1'
HAVE_DUPLOCALE='1'
HAVE_ERROR='0'
HAVE_ERROR_AT_LINE='0'
HAVE_ERROR_H='0'
HAVE_EUIDACCESS='1'
HAVE_EXECVPE='1'
HAVE_EXP2='1'
HAVE_EXP2F='1'
HAVE_EXP2L='1'
HAVE_EXPF='1'
HAVE_EXPL='1'
HAVE_EXPLICIT_BZERO='1'
HAVE_EXPM1='1'
HAVE_EXPM1F='1'
HAVE_EXPM1L='1'
HAVE_FABSF='1'
HAVE_FABSL='1'
HAVE_FACCESSAT='1'
HAVE_FCHDIR='1'
HAVE_FCHMODAT='1'
HAVE_FCHOWNAT='1'
HAVE_FCNTL='1'
HAVE_FDATASYNC='1'
HAVE_FEATURES_H='1'
HAVE_FFSL='1'
HAVE_FFSLL='1'
HAVE_FMA='1'
HAVE_FMAF='1'
HAVE_FMAL='1'
HAVE_FMODF='1'
HAVE_FMODL='1'
HAVE_FREELOCALE='1'
HAVE_FREXPF='1'
HAVE_FSEEKO='1'
HAVE_FSTATAT='1'
HAVE_FSYNC='1'
HAVE_FTELLO='1'
HAVE_FTRUNCATE='1'
HAVE_FUTIMENS='1'
HAVE_GETDTABLESIZE='1'
HAVE_GETENTROPY='1'
HAVE_GETGROUPS='1'
HAVE_GETHOSTNAME='1'
HAVE_GETLOCALENAME_L='0'
HAVE_GETLOGIN='1'
HAVE_GETPAGESIZE='1'
HAVE_GETPASS='1'
HAVE_GETPAYLOAD='1'
HAVE_GETPAYLOADF='1'
HAVE_GETPAYLOADL='1'
HAVE_GETPROGNAME='0'
HAVE_GETSUBOPT='1'
HAVE_GETTIMEOFDAY='1'
HAVE_GETUMASK='1'
HAVE_GLOBAL_SYMBOL_PIPE='1'
HAVE_GRANTPT='1'
HAVE_GROUP_MEMBER='1'
HAVE_HYPOTF='1'
HAVE_HYPOTL='1'
HAVE_ILOGB='1'
HAVE_ILOGBF='1'
HAVE_ILOGBL='1'
HAVE_IMAXABS='1'
HAVE_IMAXDIV='1'
HAVE_IMAXDIV_T='1'
HAVE_INITSTATE='1'
HAVE_INTTYPES_H='1'
HAVE_ISALNUM_L='1'
HAVE_ISALPHA_L='1'
HAVE_ISBLANK='1'
HAVE_ISBLANK_L='1'
HAVE_ISCNTRL_L='1'
HAVE_ISDIGIT_L='1'
HAVE_ISGRAPH_L='1'
HAVE_ISLOWER_L='1'
HAVE_ISNAND='1'
HAVE_ISNANF='1'
HAVE_ISNANL='1'
HAVE_ISPRINT_L='1'
HAVE_ISPUNCT_L='1'
HAVE_ISSPACE_L='1'
HAVE_ISUPPER_L='1'
HAVE_ISWBLANK='1'
HAVE_ISWCNTRL='1'
HAVE_ISXDIGIT_L='1'
HAVE_LCHMOD='1'
HAVE_LCHOWN='1'
HAVE_LDEXPF='1'
HAVE_LINK='1'
HAVE_LINKAT='1'
HAVE_LOCALE_T='1'
HAVE_LOG10F='1'
HAVE_LOG10L='1'
HAVE_LOG1P='1'
HAVE_LOG1PF='1'
HAVE_LOG1PL='1'
HAVE_LOG2='1'
HAVE_LOG2F='1'
HAVE_LOG2L='1'
HAVE_LOGBF='1'
HAVE_LOGBL='1'
HAVE_LOGF='1'
HAVE_LOGL='1'
HAVE_LOGP1='1'
HAVE_LOGP1F='1'
HAVE_LOGP1L='1'
HAVE_LSTAT='1'
HAVE_MAX_ALIGN_T='1'
HAVE_MBRLEN='1'
HAVE_MBRTOC16='1'
HAVE_MBRTOC32='1'
HAVE_MBRTOWC='1'
HAVE_MBSINIT='1'
HAVE_MBSLEN='0'
HAVE_MBSNRTOWCS='1'
HAVE_MBSRTOWCS='1'
HAVE_MBTOWC='1'
HAVE_MEMPCPY='1'
HAVE_MEMSET_EXPLICIT='1'
HAVE_MKDIRAT='1'
HAVE_MKDTEMP='1'
HAVE_MKFIFO='1'
HAVE_MKFIFOAT='1'
HAVE_MKNOD='1'
HAVE_MKNODAT='1'
HAVE_MKOSTEMP='1'
HAVE_MKOSTEMPS='1'
HAVE_MKSTEMP='1'
HAVE_MKSTEMPS='1'
HAVE_MODFF='1'
HAVE_MODFL='1'
HAVE_MSVC_INVALID_PARAMETER_HANDLER='0'
HAVE_NANOSLEEP='1'
HAVE_NETINET_IN_H=''
HAVE_NEWLOCALE='1'
HAVE_OFF64_T='0'
HAVE_OPENAT2='0'
HAVE_OPENAT='1'
HAVE_OS_H='0'
HAVE_PCLOSE='1'
HAVE_PIPE2='1'
HAVE_PIPE='1'
HAVE_POPEN='1'
HAVE_POSIX_MEMALIGN='1'
HAVE_POSIX_OPENPT='1'
HAVE_POSIX_SIGNALBLOCKING='1'
HAVE_POWF='1'
HAVE_PREAD='1'
HAVE_PSELECT='1'
HAVE_PTHREAD_ATTR_DESTROY='1'
HAVE_PTHREAD_ATTR_GETDETACHSTATE='1'
HAVE_PTHREAD_ATTR_INIT='1'
HAVE_PTHREAD_ATTR_SETDETACHSTATE='1'
HAVE_PTHREAD_CONDATTR_DESTROY='1'
HAVE_PTHREAD_CONDATTR_INIT='1'
HAVE_PTHREAD_COND_BROADCAST='1'
HAVE_PTHREAD_COND_DESTROY='1'
HAVE_PTHREAD_COND_INIT='1'
HAVE_PTHREAD_COND_SIGNAL='1'
HAVE_PTHREAD_COND_TIMEDWAIT='1'
HAVE_PTHREAD_COND_WAIT='1'
HAVE_PTHREAD_CREATE='1'
HAVE_PTHREAD_CREATE_DETACHED='1'
HAVE_PTHREAD_DETACH='1'
HAVE_PTHREAD_EQUAL='1'
HAVE_PTHREAD_EXIT='1'
HAVE_PTHREAD_GETSPECIFIC='1'
HAVE_PTHREAD_H='1'
HAVE_PTHREAD_JOIN='1'
HAVE_PTHREAD_KEY_CREATE='1'
HAVE_PTHREAD_KEY_DELETE='1'
HAVE_PTHREAD_MUTEXATTR_DESTROY='1'
HAVE_PTHREAD_MUTEXATTR_GETROBUST='1'
HAVE_PTHREAD_MUTEXATTR_GETTYPE='1'
HAVE_PTHREAD_MUTEXATTR_INIT='1'
HAVE_PTHREAD_MUTEXATTR_SETROBUST='1'
HAVE_PTHREAD_MUTEXATTR_SETTYPE='1'
HAVE_PTHREAD_MUTEX_DESTROY='1'
HAVE_PTHREAD_MUTEX_INIT='1'
HAVE_PTHREAD_MUTEX_LOCK='1'
HAVE_PTHREAD_MUTEX_RECURSIVE='1'
HAVE_PTHREAD_MUTEX_ROBUST='1'
HAVE_PTHREAD_MUTEX_TIMEDLOCK='1'
HAVE_PTHREAD_MUTEX_TRYLOCK='1'
HAVE_PTHREAD_MUTEX_UNLOCK='1'
HAVE_PTHREAD_ONCE='1'
HAVE_PTHREAD_PROCESS_SHARED='1'
HAVE_PTHREAD_RWLOCKATTR_DESTROY='1'
HAVE_PTHREAD_RWLOCKATTR_INIT='1'
HAVE_PTHREAD_RWLOCK_DESTROY='1'
HAVE_PTHREAD_RWLOCK_INIT='1'
HAVE_PTHREAD_RWLOCK_RDLOCK='1'
HAVE_PTHREAD_RWLOCK_TIMEDRDLOCK='1'
HAVE_PTHREAD_RWLOCK_TIMEDWRLOCK='1'
HAVE_PTHREAD_RWLOCK_TRYRDLOCK='1'
HAVE_PTHREAD_RWLOCK_TRYWRLOCK='1'
HAVE_PTHREAD_RWLOCK_UNLOCK='1'
HAVE_PTHREAD_RWLOCK_WRLOCK='1'
HAVE_PTHREAD_SELF='1'
HAVE_PTHREAD_SETSPECIFIC='1'
HAVE_PTHREAD_SIGMASK='1'
HAVE_PTHREAD_SPINLOCK_T='1'
HAVE_PTHREAD_SPIN_DESTROY='1'
HAVE_PTHREAD_SPIN_INIT='1'
HAVE_PTHREAD_SPIN_LOCK='1'
HAVE_PTHREAD_SPIN_TRYLOCK='1'
HAVE_PTHREAD_SPIN_UNLOCK='1'
HAVE_PTHREAD_T='1'
HAVE_PTSNAME='1'
HAVE_PTSNAME_R='1'
HAVE_PWRITE='1'
HAVE_QSORT_R='1'
HAVE_RAISE='1'
HAVE_RANDOM='1'
HAVE_RANDOM_R='0'
HAVE_RAWMEMCHR='1'
HAVE_READLINK='1'
HAVE_READLINKAT='1'
HAVE_REALLOCARRAY='1'
HAVE_REALPATH='1'
HAVE_REMAINDER='1'
HAVE_REMAINDERF='1'
HAVE_REMAINDERL='1'
HAVE_RENAMEAT='1'
HAVE_RINT='1'
HAVE_RINTF='1'
HAVE_RINTL='1'
HAVE_ROUND='1'
HAVE_ROUNDF='1'
HAVE_ROUNDL='1'
HAVE_RPMATCH='1'
HAVE_SAME_LONG_DOUBLE_AS_DOUBLE='0'
HAVE_SA_FAMILY_T='1'
HAVE_SCHED_H='1'
HAVE_SCHED_YIELD='1'
HAVE_SECURE_GETENV='1'
HAVE_SETENV='1'
HAVE_SETHOSTNAME='1'
HAVE_SETPAYLOAD='1'
HAVE_SETPAYLOADF='1'
HAVE_SETPAYLOADL='1'
HAVE_SETPAYLOADSIG='1'
HAVE_SETPAYLOADSIGF='1'
HAVE_SETPAYLOADSIGL='1'
HAVE_SETSTATE='1'
HAVE_SIG2STR='1'
HAVE_SIGABBREV_NP='1'
HAVE_SIGACTION='1'
HAVE_SIGDESCR_NP='1'
HAVE_SIGHANDLER_T='1'
HAVE_SIGINFO_T='1'
HAVE_SIGNED_SIG_ATOMIC_T=''
HAVE_SIGNED_WCHAR_T=''
HAVE_SIGNED_WINT_T=''
HAVE_SIGSET_T='1'
HAVE_SINF='1'
HAVE_SINHF='1'
HAVE_SINL='1'
HAVE_SLEEP='1'
HAVE_SQRTF='1'
HAVE_SQRTL='1'
HAVE_STDCKDINT_H='1'
HAVE_STDINT_H='1'
HAVE_STPCPY='1'
HAVE_STPNCPY='1'
HAVE_STR2SIG='1'
HAVE_STRCASESTR='1'
HAVE_STRCHRNUL='1'
HAVE_STRERRORNAME_NP='1'
HAVE_STRERROR_L='1'
HAVE_STRPBRK='1'
HAVE_STRPTIME='1'
HAVE_STRSEP='1'
HAVE_STRTOD='1'
HAVE_STRTOF='1'
HAVE_STRTOL='1'
HAVE_STRTOLD='1'
HAVE_STRTOLL='1'
HAVE_STRTOUL='1'
HAVE_STRTOULL='1'
HAVE_STRUCT_RANDOM_DATA='0'
HAVE_STRUCT_SCHED_PARAM='1'
HAVE_STRUCT_SIGACTION_SA_SIGACTION='1'
HAVE_STRUCT_SOCKADDR_STORAGE='1'
HAVE_STRUCT_SOCKADDR_STORAGE_SS_FAMILY='1'
HAVE_STRUCT_TIMEVAL='1'
HAVE_STRVERSCMP='1'
HAVE_SYMLINK='1'
HAVE_SYMLINKAT='1'
HAVE_SYS_BITYPES_H='0'
HAVE_SYS_CDEFS_H='0'
HAVE_SYS_INTTYPES_H='0'
HAVE_SYS_IOCTL_H='1'
HAVE_SYS_LOADAVG_H='0'
HAVE_SYS_PARAM_H='0'
HAVE_SYS_PROCESS_H='0'
HAVE_SYS_SELECT_H='1'
HAVE_SYS_SOCKET_H='1'
HAVE_SYS_TIME_H='1'
HAVE_SYS_TYPES_H='1'
HAVE_SYS_UIO_H='1'
HAVE_TANF='1'
HAVE_TANHF='1'
HAVE_TANL='1'
HAVE_TIMEGM='1'
HAVE_TIMESPEC_GET='1'
HAVE_TIMESPEC_GETRES='1'
HAVE_TIMEZONE_T='0'
HAVE_TOLOWER_L='1'
HAVE_TOTALORDER='1'
HAVE_TOTALORDERF='1'
HAVE_TOTALORDERL='1'
HAVE_TOTALORDERMAG='1'
HAVE_TOTALORDERMAGF='1'
HAVE_TOTALORDERMAGL='1'
HAVE_TOUPPER_L='1'
HAVE_TYPE_VOLATILE_SIG_ATOMIC_T='1'
HAVE_TZALLOC='0'
HAVE_UCHAR_H='1'
HAVE_UNISTD_H='1'
HAVE_UNISTRING_WOE32DLL_H='1'
HAVE_UNLINKAT='1'
HAVE_UNLOCKPT='1'
HAVE_USLEEP='1'
HAVE_UTIMENSAT='1'
HAVE_VASPRINTF='1'
HAVE_VDPRINTF='1'
HAVE_VISIBILITY='1'
HAVE_WCHAR_H='1'
HAVE_WCPCPY='1'
HAVE_WCPNCPY='1'
HAVE_WCRTOMB='1'
HAVE_WCSCASECMP='1'
HAVE_WCSCAT='1'
HAVE_WCSCHR='1'
HAVE_WCSCMP='1'
HAVE_WCSCOLL='1'
HAVE_WCSCPY='1'
HAVE_WCSCSPN='1'
HAVE_WCSDUP='1'
HAVE_WCSFTIME='1'
HAVE_WCSLEN='1'
HAVE_WCSNCASECMP='1'
HAVE_WCSNCAT='1'
HAVE_WCSNCMP='1'
HAVE_WCSNCPY='1'
HAVE_WCSNLEN='1'
HAVE_WCSNRTOMBS='1'
HAVE_WCSPBRK='1'
HAVE_WCSRCHR='1'
HAVE_WCSRTOMBS='1'
HAVE_WCSSPN='1'
HAVE_WCSSTR='1'
HAVE_WCSTOK='1'
HAVE_WCSWIDTH='1'
HAVE_WCSXFRM='1'
HAVE_WCTOB='1'
HAVE_WCTRANS_T='1'
HAVE_WCTYPE_H='1'
HAVE_WCTYPE_T='1'
HAVE_WINDOWS_LOCALE_T='0'
HAVE_WINSOCK2_H='0'
HAVE_WINT_T='1'
HAVE_WMEMCHR='1'
HAVE_WMEMCMP='1'
HAVE_WMEMCPY='1'
HAVE_WMEMMOVE='1'
HAVE_WMEMPCPY='1'
HAVE_WMEMSET='1'
HAVE_WORKING_C32RTOMB='1'
HAVE_WORKING_CXX_STDCKDINT_H='0'
HAVE_WORKING_C_STDCKDINT_H='1'
HAVE_WORKING_MBRTOC32='1'
HAVE_WS2TCPIP_H='0'
HAVE_XLOCALE_H='0'
HAVE__EXIT='1'
HEXVERSION='0x010402'
ICONV_CONST=''
ICONV_H='iconv.h'
INCLUDE_NEXT='include_next'
INCLUDE_NEXT_AS_FIRST_DIRECTIVE='include_next'
INET_PTON_LIB=''
INSTALL_DATA='${INSTALL} -m 644'
INSTALL_PROGRAM='${INSTALL}'
INSTALL_SCRIPT='${INSTALL}'
INSTALL_STRIP_PROGRAM='$(install_sh) -c -s'
INT32_MAX_LT_INTMAX_MAX='1'
INT64_MAX_EQ_LONG_MAX='1'
INTL_MACOSX_LIBS=''
LC_COLLATE_IMPLEMENTED='false'
LC_MONETARY_IMPLEMENTED='false'
LC_NUMERIC_IMPLEMENTED='false'
LC_TIME_IMPLEMENTED='false'
LD='/usr/x86_64-alpine-linux-musl/bin/ld -m elf_x86_64'
LDFLAGS=''
LIBC_IS_GNU_FALSE=''
LIBC_IS_GNU_TRUE='#'
LIBC_IS_MUSL_FALSE='#'
LIBC_IS_MUSL_TRUE=''
LIBDL=''
LIBICONV=''
LIBINTL=''
LIBMULTITHREAD='-lpthread'
LIBOBJS=''
LIBPMULTITHREAD='-lpthread'
LIBPTHREAD=''
LIBS=''
LIBSOCKET=''
LIBSTDTHREAD=''
LIBTESTS_LIBDEPS=''
LIBTHREAD=''
LIBTOOL='$(SHELL) $(top_builddir)/libtool'
LIBUNISTRING_COMPILE_UNICASE_EMPTY_PREFIX_CONTEXT_FALSE='#'
LIBUNISTRING_COMPILE_UNICASE_EMPTY_PREFIX_CONTEXT_TRUE=''
LIBUNISTRING_COMPILE_UNICASE_EMPTY_SUFFIX_CONTEXT_FALSE='#'
LIBUNISTRING_COMPILE_UNICASE_EMPTY_SUFFIX_CONTEXT_TRUE=''
LIBUNISTRING_COMPILE_UNICASE_LOCALE_LANGUAGE_FALSE='#'
LIBUNISTRING_COMPILE_UNICASE_LOCALE_LANGUAGE_TRUE=''
LIBUNISTRING_COMPILE_UNICASE_TOLOWER_FALSE='#'
LIBUNISTRING_COMPILE_UNICASE_TOLOWER_TRUE=''
LIBUNISTRING_COMPILE_UNICASE_TOTITLE_FALSE='#'
LIBUNISTRING_COMPILE_UNICASE_TOTITLE_TRUE=''
LIBUNISTRING_COMPILE_UNICASE_TOUPPER_FALSE='#'
LIBUNISTRING_COMPILE_UNICASE_TOUPPER_TRUE=''
LIBUNISTRING_COMPILE_UNICASE_U16_CASECMP_FALSE='#'
LIBUNISTRING_COMPILE_UNICASE_U16_CASECMP_TRUE=''
LIBUNISTRING_COMPILE_UNICASE_U16_CASECOLL_FALSE='#'
LIBUNISTRING_COMPILE_UNICASE_U16_CASECOLL_TRUE=''
LIBUNISTRING_COMPILE_UNICASE_U16_CASEFOLD_FALSE='#'
LIBUNISTRING_COMPILE_UNICASE_U16_CASEFOLD_TRUE=''
LIBUNISTRING_COMPILE_UNICASE_U16_CASEXFRM_FALSE='#'
LIBUNISTRING_COMPILE_UNICASE_U16_CASEXFRM_TRUE=''
LIBUNISTRING_COMPILE_UNICASE_U16_CT_CASEFOLD_FALSE='#'
LIBUNISTRING_COMPILE_UNICASE_U16_CT_CASEFOLD_TRUE=''
LIBUNISTRING_COMPILE_UNICASE_U16_CT_TOLOWER_FALSE='#'
LIBUNISTRING_COMPILE_UNICASE_U16_CT_TOLOWER_TRUE=''
LIBUNISTRING_COMPILE_UNICASE_U16_CT_TOTITLE_FALSE='#'
LIBUNISTRING_COMPILE_UNICASE_U16_CT_TOTITLE_TRUE=''
LIBUNISTRING_COMPILE_UNICASE_U16_CT_TOUPPER_FALSE='#'
LIBUNISTRING_COMPILE_UNICASE_U16_CT_TOUPPER_TRUE=''
LIBUNISTRING_COMPILE_UNICASE_U16_IS_CASED_FALSE='#'
LIBUNISTRING_COMPILE_UNICASE_U16_IS_CASED_TRUE=''
LIBUNISTRING_COMPILE_UNICASE_U16_IS_CASEFOLDED_FALSE='#'
LIBUNISTRING_COMPILE_UNICASE_U16_IS_CASEFOLDED_TRUE=''
LIBUNISTRING_COMPILE_UNICASE_U16_IS_LOWERCASE_FALSE='#'
LIBUNISTRING_COMPILE_UNICASE_U16_IS_LOWERCASE_TRUE=''
LIBUNISTRING_COMPILE_UNICASE_U16_IS_TITLECASE_FALSE='#'
LIBUNISTRING_COMPILE_UNICASE_U16_IS_TITLECASE_TRUE=''
LIBUNISTRING_COMPILE_UNICASE_U16_IS_UPPERCASE_FALSE='#'
LIBUNISTRING_COMPILE_UNICASE_U16_IS_UPPERCASE_TRUE=''
LIBUNISTRING_COMPILE_UNICASE_U16_PREFIX_CONTEXT_FALSE='#'
LIBUNISTRING_COMPILE_UNICASE_U16_PREFIX_CONTEXT_TRUE=''
LIBUNISTRING_COMPILE_UNICASE_U16_SUFFIX_CONTEXT_FALSE='#'
LIBUNISTRING_COMPILE_UNICASE_U16_SUFFIX_CONTEXT_TRUE=''
LIBUNISTRING_COMPILE_UNICASE_U16_TOLOWER_FALSE='#'
LIBUNISTRING_COMPILE_UNICASE_U16_TOLOWER_TRUE=''
LIBUNISTRING_COMPILE_UNICASE_U16_TOTITLE_FALSE='#'
LIBUNISTRING_COMPILE_UNICASE_U16_TOTITLE_TRUE=''
LIBUNISTRING_COMPILE_UNICASE_U16_TOUPPER_FALSE='#'
LIBUNISTRING_COMPILE_UNICASE_U16_TOUPPER_TRUE=''
LIBUNISTRING_COMPILE_UNICASE_U32_CASECMP_FALSE='#'
LIBUNISTRING_COMPILE_UNICASE_U32_CASECMP_TRUE=''
LIBUNISTRING_COMPILE_UNICASE_U32_CASECOLL_FALSE='#'
LIBUNISTRING_COMPILE_UNICASE_U32_CASECOLL_TRUE=''
LIBUNISTRING_COMPILE_UNICASE_U32_CASEFOLD_FALSE='#'
LIBUNISTRING_COMPILE_UNICASE_U32_CASEFOLD_TRUE=''
LIBUNISTRING_COMPILE_UNICASE_U32_CASEXFRM_FALSE='#'
LIBUNISTRING_COMPILE_UNICASE_U32_CASEXFRM_TRUE=''
LIBUNISTRING_COMPILE_UNICASE_U32_CT_CASEFOLD_FALSE='#'
LIBUNISTRING_COMPILE_UNICASE_U32_CT_CASEFOLD_TRUE=''
LIBUNISTRING_COMPILE_UNICASE_U32_CT_TOLOWER_FALSE='#'
LIBUNISTRING_COMPILE_UNICASE_U32_CT_TOLOWER_TRUE=''
LIBUNISTRING_COMPILE_UNICASE_U32_CT_TOTITLE_FALSE='#'
LIBUNISTRING_COMPILE_UNICASE_U32_CT_TOTITLE_TRUE=''
LIBUNISTRING_COMPILE_UNICASE_U32_CT_TOUPPER_FALSE='#'
LIBUNISTRING_COMPILE_UNICASE_U32_CT_TOUPPER_TRUE=''
LIBUNISTRING_COMPILE_UNICASE_U32_IS_CASED_FALSE='#'
LIBUNISTRING_COMPILE_UNICASE_U32_IS_CASED_TRUE=''
LIBUNISTRING_COMPILE_UNICASE_U32_IS_CASEFOLDED_FALSE='#'
LIBUNISTRING_COMPILE_UNICASE_U32_IS_CASEFOLDED_TRUE=''
LIBUNISTRING_COMPILE_UNICASE_U32_IS_LOWERCASE_FALSE='#'
LIBUNISTRING_COMPILE_UNICASE_U32_IS_LOWERCASE_TRUE=''
LIBUNISTRING_COMPILE_UNICASE_U32_IS_TITLECASE_FALSE='#'
LIBUNISTRING_COMPILE_UNICASE_U32_IS_TITLECASE_TRUE=''
LIBUNISTRING_COMPILE_UNICASE_U32_IS_UPPERCASE_FALSE='#'
LIBUNISTRING_COMPILE_UNICASE_U32_IS_UPPERCASE_TRUE=''
LIBUNISTRING_COMPILE_UNICASE_U32_PREFIX_CONTEXT_FALSE='#'
LIBUNISTRING_COMPILE_UNICASE_U32_PREFIX_CONTEXT_TRUE=''
LIBUNISTRING_COMPILE_UNICASE_U32_SUFFIX_CONTEXT_FALSE='#'
LIBUNISTRING_COMPILE_UNICASE_U32_SUFFIX_CONTEXT_TRUE=''
LIBUNISTRING_COMPILE_UNICASE_U32_TOLOWER_FALSE='#'
LIBUNISTRING_COMPILE_UNICASE_U32_TOLOWER_TRUE=''
LIBUNISTRING_COMPILE_UNICASE_U32_TOTITLE_FALSE='#'
LIBUNISTRING_COMPILE_UNICASE_U32_TOTITLE_TRUE=''
LIBUNISTRING_COMPILE_UNICASE_U32_TOUPPER_FALSE='#'
LIBUNISTRING_COMPILE_UNICASE_U32_TOUPPER_TRUE=''
LIBUNISTRING_COMPILE_UNICASE_U8_CASECMP_FALSE='#'
LIBUNISTRING_COMPILE_UNICASE_U8_CASECMP_TRUE=''
LIBUNISTRING_COMPILE_UNICASE_U8_CASECOLL_FALSE='#'
LIBUNISTRING_COMPILE_UNICASE_U8_CASECOLL_TRUE=''
LIBUNISTRING_COMPILE_UNICASE_U8_CASEFOLD_FALSE='#'
LIBUNISTRING_COMPILE_UNICASE_U8_CASEFOLD_TRUE=''
LIBUNISTRING_COMPILE_UNICASE_U8_CASEXFRM_FALSE='#'
LIBUNISTRING_COMPILE_UNICASE_U8_CASEXFRM_TRUE=''
LIBUNISTRING_COMPILE_UNICASE_U8_CT_CASEFOLD_FALSE='#'
LIBUNISTRING_COMPILE_UNICASE_U8_CT_CASEFOLD_TRUE=''
LIBUNISTRING_COMPILE_UNICASE_U8_CT_TOLOWER_FALSE='#'
LIBUNISTRING_COMPILE_UNICASE_U8_CT_TOLOWER_TRUE=''
LIBUNISTRING_COMPILE_UNICASE_U8_CT_TOTITLE_FALSE='#'
LIBUNISTRING_COMPILE_UNICASE_U8_CT_TOTITLE_TRUE=''
LIBUNISTRING_COMPILE_UNICASE_U8_CT_TOUPPER_FALSE='#'
LIBUNISTRING_COMPILE_UNICASE_U8_CT_TOUPPER_TRUE=''
LIBUNISTRING_COMPILE_UNICASE_U8_IS_CASED_FALSE='#'
LIBUNISTRING_COMPILE_UNICASE_U8_IS_CASED_TRUE=''
LIBUNISTRING_COMPILE_UNICASE_U8_IS_CASEFOLDED_FALSE='#'
LIBUNISTRING_COMPILE_UNICASE_U8_IS_CASEFOLDED_TRUE=''
LIBUNISTRING_COMPILE_UNICASE_U8_IS_LOWERCASE_FALSE='#'
LIBUNISTRING_COMPILE_UNICASE_U8_IS_LOWERCASE_TRUE=''
LIBUNISTRING_COMPILE_UNICASE_U8_IS_TITLECASE_FALSE='#'
LIBUNISTRING_COMPILE_UNICASE_U8_IS_TITLECASE_TRUE=''
LIBUNISTRING_COMPILE_UNICASE_U8_IS_UPPERCASE_FALSE='#'
LIBUNISTRING_COMPILE_UNICASE_U8_IS_UPPERCASE_TRUE=''
LIBUNISTRING_COMPILE_UNICASE_U8_PREFIX_CONTEXT_FALSE='#'
LIBUNISTRING_COMPILE_UNICASE_U8_PREFIX_CONTEXT_TRUE=''
LIBUNISTRING_COMPILE_UNICASE_U8_SUFFIX_CONTEXT_FALSE='#'
LIBUNISTRING_COMPILE_UNICASE_U8_SUFFIX_CONTEXT_TRUE=''
LIBUNISTRING_COMPILE_UNICASE_U8_TOLOWER_FALSE='#'
LIBUNISTRING_COMPILE_UNICASE_U8_TOLOWER_TRUE=''
LIBUNISTRING_COMPILE_UNICASE_U8_TOTITLE_FALSE='#'
LIBUNISTRING_COMPILE_UNICASE_U8_TOTITLE_TRUE=''
LIBUNISTRING_COMPILE_UNICASE_U8_TOUPPER_FALSE='#'
LIBUNISTRING_COMPILE_UNICASE_U8_TOUPPER_TRUE=''
LIBUNISTRING_COMPILE_UNICASE_ULC_CASECMP_FALSE='#'
LIBUNISTRING_COMPILE_UNICASE_ULC_CASECMP_TRUE=''
LIBUNISTRING_COMPILE_UNICASE_ULC_CASECOLL_FALSE='#'
LIBUNISTRING_COMPILE_UNICASE_ULC_CASECOLL_TRUE=''
LIBUNISTRING_COMPILE_UNICASE_ULC_CASEXFRM_FALSE='#'
LIBUNISTRING_COMPILE_UNICASE_ULC_CASEXFRM_TRUE=''
LIBUNISTRING_COMPILE_UNICONV_U16_CONV_FROM_ENC_FALSE='#'
LIBUNISTRING_COMPILE_UNICONV_U16_CONV_FROM_ENC_TRUE=''
LIBUNISTRING_COMPILE_UNICONV_U16_CONV_TO_ENC_FALSE='#'
LIBUNISTRING_COMPILE_UNICONV_U16_CONV_TO_ENC_TRUE=''
LIBUNISTRING_COMPILE_UNICONV_U16_STRCONV_FROM_ENC_FALSE='#'
LIBUNISTRING_COMPILE_UNICONV_U16_STRCONV_FROM_ENC_TRUE=''
LIBUNISTRING_COMPILE_UNICONV_U16_STRCONV_FROM_LOCALE_FALSE='#'
LIBUNISTRING_COMPILE_UNICONV_U16_STRCONV_FROM_LOCALE_TRUE=''
LIBUNISTRING_COMPILE_UNICONV_U16_STRCONV_TO_ENC_FALSE='#'
LIBUNISTRING_COMPILE_UNICONV_U16_STRCONV_TO_ENC_TRUE=''
LIBUNISTRING_COMPILE_UNICONV_U16_STRCONV_TO_LOCALE_FALSE='#'
LIBUNISTRING_COMPILE_UNICONV_U16_STRCONV_TO_LOCALE_TRUE=''
LIBUNISTRING_COMPILE_UNICONV_U32_CONV_FROM_ENC_FALSE='#'
LIBUNISTRING_COMPILE_UNICONV_U32_CONV_FROM_ENC_TRUE=''
LIBUNISTRING_COMPILE_UNICONV_U32_CONV_TO_ENC_FALSE='#'
LIBUNISTRING_COMPILE_UNICONV_U32_CONV_TO_ENC_TRUE=''
LIBUNISTRING_COMPILE_UNICONV_U32_STRCONV_FROM_ENC_FALSE='#'
LIBUNISTRING_COMPILE_UNICONV_U32_STRCONV_FROM_ENC_TRUE=''
LIBUNISTRING_COMPILE_UNICONV_U32_STRCONV_FROM_LOCALE_FALSE='#'
LIBUNISTRING_COMPILE_UNICONV_U32_STRCONV_FROM_LOCALE_TRUE=''
LIBUNISTRING_COMPILE_UNICONV_U32_STRCONV_TO_ENC_FALSE='#'
LIBUNISTRING_COMPILE_UNICONV_U32_STRCONV_TO_ENC_TRUE=''
LIBUNISTRING_COMPILE_UNICONV_U32_STRCONV_TO_LOCALE_FALSE='#'
LIBUNISTRING_COMPILE_UNICONV_U32_STRCONV_TO_LOCALE_TRUE=''
LIBUNISTRING_COMPILE_UNICONV_U8_CONV_FROM_ENC_FALSE='#'
LIBUNISTRING_COMPILE_UNICONV_U8_CONV_FROM_ENC_TRUE=''
LIBUNISTRING_COMPILE_UNICONV_U8_CONV_TO_ENC_FALSE='#'
LIBUNISTRING_COMPILE_UNICONV_U8_CONV_TO_ENC_TRUE=''
LIBUNISTRING_COMPILE_UNICONV_U8_STRCONV_FROM_ENC_FALSE='#'
LIBUNISTRING_COMPILE_UNICONV_U8_STRCONV_FROM_ENC_TRUE=''
LIBUNISTRING_COMPILE_UNICONV_U8_STRCONV_FROM_LOCALE_FALSE='#'
LIBUNISTRING_COMPILE_UNICONV_U8_STRCONV_FROM_LOCALE_TRUE=''
LIBUNISTRING_COMPILE_UNICONV_U8_STRCONV_TO_ENC_FALSE='#'
LIBUNISTRING_COMPILE_UNICONV_U8_STRCONV_TO_ENC_TRUE=''
LIBUNISTRING_COMPILE_UNICONV_U8_STRCONV_TO_LOCALE_FALSE='#'
LIBUNISTRING_COMPILE_UNICONV_U8_STRCONV_TO_LOCALE_TRUE=''
LIBUNISTRING_COMPILE_UNICTYPE_BIDICLASS_BYNAME_FALSE='#'
LIBUNISTRING_COMPILE_UNICTYPE_BIDICLASS_BYNAME_TRUE=''
LIBUNISTRING_COMPILE_UNICTYPE_BIDICLASS_LONGNAME_FALSE='#'
LIBUNISTRING_COMPILE_UNICTYPE_BIDICLASS_LONGNAME_TRUE=''
LIBUNISTRING_COMPILE_UNICTYPE_BIDICLASS_NAME_FALSE='#'
LIBUNISTRING_COMPILE_UNICTYPE_BIDICLASS_NAME_TRUE=''
LIBUNISTRING_COMPILE_UNICTYPE_BIDICLASS_OF_FALSE='#'
LIBUNISTRING_COMPILE_UNICTYPE_BIDICLASS_OF_TRUE=''
LIBUNISTRING_COMPILE_UNICTYPE_BIDICLASS_TEST_FALSE='#'
LIBUNISTRING_COMPILE_UNICTYPE_BIDICLASS_TEST_TRUE=''
LIBUNISTRING_COMPILE_UNICTYPE_BLOCK_LIST_FALSE='#'
LIBUNISTRING_COMPILE_UNICTYPE_BLOCK_LIST_TRUE=''
LIBUNISTRING_COMPILE_UNICTYPE_BLOCK_TEST_FALSE='#'
LIBUNISTRING_COMPILE_UNICTYPE_BLOCK_TEST_TRUE=''
LIBUNISTRING_COMPILE_UNICTYPE_CATEGORY_AND_FALSE='#'
LIBUNISTRING_COMPILE_UNICTYPE_CATEGORY_AND_NOT_FALSE='#'
LIBUNISTRING_COMPILE_UNICTYPE_CATEGORY_AND_NOT_TRUE=''
LIBUNISTRING_COMPILE_UNICTYPE_CATEGORY_AND_TRUE=''
LIBUNISTRING_COMPILE_UNICTYPE_CATEGORY_BYNAME_FALSE='#'
LIBUNISTRING_COMPILE_UNICTYPE_CATEGORY_BYNAME_TRUE=''
LIBUNISTRING_COMPILE_UNICTYPE_CATEGORY_CC_FALSE='#'
LIBUNISTRING_COMPILE_UNICTYPE_CATEGORY_CC_TRUE=''
LIBUNISTRING_COMPILE_UNICTYPE_CATEGORY_CF_FALSE='#'
LIBUNISTRING_COMPILE_UNICTYPE_CATEGORY_CF_TRUE=''
LIBUNISTRING_COMPILE_UNICTYPE_CATEGORY_CN_FALSE='#'
LIBUNISTRING_COMPILE_UNICTYPE_CATEGORY_CN_TRUE=''
LIBUNISTRING_COMPILE_UNICTYPE_CATEGORY_CO_FALSE='#'
LIBUNISTRING_COMPILE_UNICTYPE_CATEGORY_CO_TRUE=''
LIBUNISTRING_COMPILE_UNICTYPE_CATEGORY_CS_FALSE='#'
LIBUNISTRING_COMPILE_UNICTYPE_CATEGORY_CS_TRUE=''
LIBUNISTRING_COMPILE_UNICTYPE_CATEGORY_C_FALSE='#'
LIBUNISTRING_COMPILE_UNICTYPE_CATEGORY_C_TRUE=''
LIBUNISTRING_COMPILE_UNICTYPE_CATEGORY_LC_FALSE='#'
LIBUNISTRING_COMPILE_UNICTYPE_CATEGORY_LC_TRUE=''
LIBUNISTRING_COMPILE_UNICTYPE_CATEGORY_LL_FALSE='#'
LIBUNISTRING_COMPILE_UNICTYPE_CATEGORY_LL_TRUE=''
LIBUNISTRING_COMPILE_UNICTYPE_CATEGORY_LM_FALSE='#'
LIBUNISTRING_COMPILE_UNICTYPE_CATEGORY_LM_TRUE=''
LIBUNISTRING_COMPILE_UNICTYPE_CATEGORY_LONGNAME_FALSE='#'
LIBUNISTRING_COMPILE_UNICTYPE_CATEGORY_LONGNAME_TRUE=''
LIBUNISTRING_COMPILE_UNICTYPE_CATEGORY_LO_FALSE='#'
LIBUNISTRING_COMPILE_UNICTYPE_CATEGORY_LO_TRUE=''
LIBUNISTRING_COMPILE_UNICTYPE_CATEGORY_LT_FALSE='#'
LIBUNISTRING_COMPILE_UNICTYPE_CATEGORY_LT_TRUE=''
LIBUNISTRING_COMPILE_UNICTYPE_CATEGORY_LU_FALSE='#'
LIBUNISTRING_COMPILE_UNICTYPE_CATEGORY_LU_TRUE=''
LIBUNISTRING_COMPILE_UNICTYPE_CATEGORY_L_FALSE='#'
LIBUNISTRING_COMPILE_UNICTYPE_CATEGORY_L_TRUE=''
LIBUNISTRING_COMPILE_UNICTYPE_CATEGORY_MC_FALSE='#'
LIBUNISTRING_COMPILE_UNICTYPE_CATEGORY_MC_TRUE=''
LIBUNISTRING_COMPILE_UNICTYPE_CATEGORY_ME_FALSE='#'
LIBUNISTRING_COMPILE_UNICTYPE_CATEGORY_ME_TRUE=''
LIBUNISTRING_COMPILE_UNICTYPE_CATEGORY_MN_FALSE='#'
LIBUNISTRING_COMPILE_UNICTYPE_CATEGORY_MN_TRUE=''
LIBUNISTRING_COMPILE_UNICTYPE_CATEGORY_M_FALSE='#'
LIBUNISTRING_COMPILE_UNICTYPE_CATEGORY_M_TRUE=''
LIBUNISTRING_COMPILE_UNICTYPE_CATEGORY_NAME_FALSE='#'
LIBUNISTRING_COMPILE_UNICTYPE_CATEGORY_NAME_TRUE=''
LIBUNISTRING_COMPILE_UNICTYPE_CATEGORY_ND_FALSE='#'
LIBUNISTRING_COMPILE_UNICTYPE_CATEGORY_ND_TRUE=''
LIBUNISTRING_COMPILE_UNICTYPE_CATEGORY_NL_FALSE='#'
LIBUNISTRING_COMPILE_UNICTYPE_CATEGORY_NL_TRUE=''
LIBUNISTRING_COMPILE_UNICTYPE_CATEGORY_NO_FALSE='#'
LIBUNISTRING_COMPILE_UNICTYPE_CATEGORY_NO_TRUE=''
LIBUNISTRING_COMPILE_UNICTYPE_CATEGORY_N_FALSE='#'
LIBUNISTRING_COMPILE_UNICTYPE_CATEGORY_N_TRUE=''
LIBUNISTRING_COMPILE_UNICTYPE_CATEGORY_OF_FALSE='#'
LIBUNISTRING_COMPILE_UNICTYPE_CATEGORY_OF_TRUE=''
LIBUNISTRING_COMPILE_UNICTYPE_CATEGORY_OR_FALSE='#'
LIBUNISTRING_COMPILE_UNICTYPE_CATEGORY_OR_TRUE=''
LIBUNISTRING_COMPILE_UNICTYPE_CATEGORY_PC_FALSE='#'
LIBUNISTRING_COMPILE_UNICTYPE_CATEGORY_PC_TRUE=''
LIBUNISTRING_COMPILE_UNICTYPE_CATEGORY_PD_FALSE='#'
LIBUNISTRING_COMPILE_UNICTYPE_CATEGORY_PD_TRUE=''
LIBUNISTRING_COMPILE_UNICTYPE_CATEGORY_PE_FALSE='#'
LIBUNISTRING_COMPILE_UNICTYPE_CATEGORY_PE_TRUE=''
LIBUNISTRING_COMPILE_UNICTYPE_CATEGORY_PF_FALSE='#'
LIBUNISTRING_COMPILE_UNICTYPE_CATEGORY_PF_TRUE=''
LIBUNISTRING_COMPILE_UNICTYPE_CATEGORY_PI_FALSE='#'
LIBUNISTRING_COMPILE_UNICTYPE_CATEGORY_PI_TRUE=''
LIBUNISTRING_COMPILE_UNICTYPE_CATEGORY_PO_FALSE='#'
LIBUNISTRING_COMPILE_UNICTYPE_CATEGORY_PO_TRUE=''
LIBUNISTRING_COMPILE_UNICTYPE_CATEGORY_PS_FALSE='#'
LIBUNISTRING_COMPILE_UNICTYPE_CATEGORY_PS_TRUE=''
LIBUNISTRING_COMPILE_UNICTYPE_CATEGORY_P_FALSE='#'
LIBUNISTRING_COMPILE_UNICTYPE_CATEGORY_P_TRUE=''
LIBUNISTRING_COMPILE_UNICTYPE_CATEGORY_SC_FALSE='#'
LIBUNISTRING_COMPILE_UNICTYPE_CATEGORY_SC_TRUE=''
LIBUNISTRING_COMPILE_UNICTYPE_CATEGORY_SK_FALSE='#'
LIBUNISTRING_COMPILE_UNICTYPE_CATEGORY_SK_TRUE=''
LIBUNISTRING_COMPILE_UNICTYPE_CATEGORY_SM_FALSE='#'
LIBUNISTRING_COMPILE_UNICTYPE_CATEGORY_SM_TRUE=''
LIBUNISTRING_COMPILE_UNICTYPE_CATEGORY_SO_FALSE='#'
LIBUNISTRING_COMPILE_UNICTYPE_CATEGORY_SO_TRUE=''
LIBUNISTRING_COMPILE_UNICTYPE_CATEGORY_S_FALSE='#'
LIBUNISTRING_COMPILE_UNICTYPE_CATEGORY_S_TRUE=''
LIBUNISTRING_COMPILE_UNICTYPE_CATEGORY_TEST_FALSE='#'
LIBUNISTRING_COMPILE_UNICTYPE_CATEGORY_TEST_TRUE=''
LIBUNISTRING_COMPILE_UNICTYPE_CATEGORY_ZL_FALSE='#'
LIBUNISTRING_COMPILE_UNICTYPE_CATEGORY_ZL_TRUE=''
LIBUNISTRING_COMPILE_UNICTYPE_CATEGORY_ZP_FALSE='#'
LIBUNISTRING_COMPILE_UNICTYPE_CATEGORY_ZP_TRUE=''
LIBUNISTRING_COMPILE_UNICTYPE_CATEGORY_ZS_FALSE='#'
LIBUNISTRING_COMPILE_UNICTYPE_CATEGORY_ZS_TRUE=''
LIBUNISTRING_COMPILE_UNICTYPE_CATEGORY_Z_FALSE='#'
LIBUNISTRING_COMPILE_UNICTYPE_CATEGORY_Z_TRUE=''
LIBUNISTRING_COMPILE_UNICTYPE_COMBINING_CLASS_BYNAME_FALSE='#'
LIBUNISTRING_COMPILE_UNICTYPE_COMBINING_CLASS_BYNAME_TRUE=''
LIBUNISTRING_COMPILE_UNICTYPE_COMBINING_CLASS_FALSE='#'
LIBUNISTRING_COMPILE_UNICTYPE_COMBINING_CLASS_LONGNAME_FALSE='#'
LIBUNISTRING_COMPILE_UNICTYPE_COMBINING_CLASS_LONGNAME_TRUE=''
LIBUNISTRING_COMPILE_UNICTYPE_COMBINING_CLASS_NAME_FALSE='#'
LIBUNISTRING_COMPILE_UNICTYPE_COMBINING_CLASS_NAME_TRUE=''
LIBUNISTRING_COMPILE_UNICTYPE_COMBINING_CLASS_TRUE=''
LIBUNISTRING_COMPILE_UNICTYPE_CTYPE_ALNUM_FALSE='#'
LIBUNISTRING_COMPILE_UNICTYPE_CTYPE_ALNUM_TRUE=''
LIBUNISTRING_COMPILE_UNICTYPE_CTYPE_ALPHA_FALSE='#'
LIBUNISTRING_COMPILE_UNICTYPE_CTYPE_ALPHA_TRUE=''
LIBUNISTRING_COMPILE_UNICTYPE_CTYPE_BLANK_FALSE='#'
LIBUNISTRING_COMPILE_UNICTYPE_CTYPE_BLANK_TRUE=''
LIBUNISTRING_COMPILE_UNICTYPE_CTYPE_CNTRL_FALSE='#'
LIBUNISTRING_COMPILE_UNICTYPE_CTYPE_CNTRL_TRUE=''
LIBUNISTRING_COMPILE_UNICTYPE_CTYPE_DIGIT_FALSE='#'
LIBUNISTRING_COMPILE_UNICTYPE_CTYPE_DIGIT_TRUE=''
LIBUNISTRING_COMPILE_UNICTYPE_CTYPE_GRAPH_FALSE='#'
LIBUNISTRING_COMPILE_UNICTYPE_CTYPE_GRAPH_TRUE=''
LIBUNISTRING_COMPILE_UNICTYPE_CTYPE_LOWER_FALSE='#'
LIBUNISTRING_COMPILE_UNICTYPE_CTYPE_LOWER_TRUE=''
LIBUNISTRING_COMPILE_UNICTYPE_CTYPE_PRINT_FALSE='#'
LIBUNISTRING_COMPILE_UNICTYPE_CTYPE_PRINT_TRUE=''
LIBUNISTRING_COMPILE_UNICTYPE_CTYPE_PUNCT_FALSE='#'
LIBUNISTRING_COMPILE_UNICTYPE_CTYPE_PUNCT_TRUE=''
LIBUNISTRING_COMPILE_UNICTYPE_CTYPE_SPACE_FALSE='#'
LIBUNISTRING_COMPILE_UNICTYPE_CTYPE_SPACE_TRUE=''
LIBUNISTRING_COMPILE_UNICTYPE_CTYPE_UPPER_FALSE='#'
LIBUNISTRING_COMPILE_UNICTYPE_CTYPE_UPPER_TRUE=''
LIBUNISTRING_COMPILE_UNICTYPE_CTYPE_XDIGIT_FALSE='#'
LIBUNISTRING_COMPILE_UNICTYPE_CTYPE_XDIGIT_TRUE=''
LIBUNISTRING_COMPILE_UNICTYPE_DECIMAL_DIGIT_FALSE='#'
LIBUNISTRING_COMPILE_UNICTYPE_DECIMAL_DIGIT_TRUE=''
LIBUNISTRING_COMPILE_UNICTYPE_DIGIT_FALSE='#'
LIBUNISTRING_COMPILE_UNICTYPE_DIGIT_TRUE=''
LIBUNISTRING_COMPILE_UNICTYPE_INCB_BYNAME_FALSE='#'
LIBUNISTRING_COMPILE_UNICTYPE_INCB_BYNAME_TRUE=''
LIBUNISTRING_COMPILE_UNICTYPE_INCB_NAME_FALSE='#'
LIBUNISTRING_COMPILE_UNICTYPE_INCB_NAME_TRUE=''
LIBUNISTRING_COMPILE_UNICTYPE_INCB_OF_FALSE='#'
LIBUNISTRING_COMPILE_UNICTYPE_INCB_OF_TRUE=''
LIBUNISTRING_COMPILE_UNICTYPE_JOININGGROUP_BYNAME_FALSE='#'
LIBUNISTRING_COMPILE_UNICTYPE_JOININGGROUP_BYNAME_TRUE=''
LIBUNISTRING_COMPILE_UNICTYPE_JOININGGROUP_NAME_FALSE='#'
LIBUNISTRING_COMPILE_UNICTYPE_JOININGGROUP_NAME_TRUE=''
LIBUNISTRING_COMPILE_UNICTYPE_JOININGGROUP_OF_FALSE='#'
LIBUNISTRING_COMPILE_UNICTYPE_JOININGGROUP_OF_TRUE=''
LIBUNISTRING_COMPILE_UNICTYPE_JOININGTYPE_BYNAME_FALSE='#'
LIBUNISTRING_COMPILE_UNICTYPE_JOININGTYPE_BYNAME_TRUE=''
LIBUNISTRING_COMPILE_UNICTYPE_JOININGTYPE_LONGNAME_FALSE='#'
LIBUNISTRING_COMPILE_UNICTYPE_JOININGTYPE_LONGNAME_TRUE=''
LIBUNISTRING_COMPILE_UNICTYPE_JOININGTYPE_NAME_FALSE='#'
LIBUNISTRING_COMPILE_UNICTYPE_JOININGTYPE_NAME_TRUE=''
LIBUNISTRING_COMPILE_UNICTYPE_JOININGTYPE_OF_FALSE='#'
LIBUNISTRING_COMPILE_UNICTYPE_JOININGTYPE_OF_TRUE=''
LIBUNISTRING_COMPILE_UNICTYPE_MIRROR_FALSE='#'
LIBUNISTRING_COMPILE_UNICTYPE_MIRROR_TRUE=''
LIBUNISTRING_COMPILE_UNICTYPE_NUMERIC_FALSE='#'
LIBUNISTRING_COMPILE_UNICTYPE_NUMERIC_TRUE=''
LIBUNISTRING_COMPILE_UNICTYPE_PROPERTY_ALPHABETIC_FALSE='#'
LIBUNISTRING_COMPILE_UNICTYPE_PROPERTY_ALPHABETIC_TRUE=''
LIBUNISTRING_COMPILE_UNICTYPE_PROPERTY_ASCII_HEX_DIGIT_FALSE='#'
LIBUNISTRING_COMPILE_UNICTYPE_PROPERTY_ASCII_HEX_DIGIT_TRUE=''
LIBUNISTRING_COMPILE_UNICTYPE_PROPERTY_BIDI_ARABIC_DIGIT_FALSE='#'
LIBUNISTRING_COMPILE_UNICTYPE_PROPERTY_BIDI_ARABIC_DIGIT_TRUE=''
LIBUNISTRING_COMPILE_UNICTYPE_PROPERTY_BIDI_ARABIC_RIGHT_TO_LEFT_FALSE='#'
LIBUNISTRING_COMPILE_UNICTYPE_PROPERTY_BIDI_ARABIC_RIGHT_TO_LEFT_TRUE=''
LIBUNISTRING_COMPILE_UNICTYPE_PROPERTY_BIDI_BLOCK_SEPARATOR_FALSE='#'
LIBUNISTRING_COMPILE_UNICTYPE_PROPERTY_BIDI_BLOCK_SEPARATOR_TRUE=''
LIBUNISTRING_COMPILE_UNICTYPE_PROPERTY_BIDI_BOUNDARY_NEUTRAL_FALSE='#'
LIBUNISTRING_COMPILE_UNICTYPE_PROPERTY_BIDI_BOUNDARY_NEUTRAL_TRUE=''
LIBUNISTRING_COMPILE_UNICTYPE_PROPERTY_BIDI_COMMON_SEPARATOR_FALSE='#'
LIBUNISTRING_COMPILE_UNICTYPE_PROPERTY_BIDI_COMMON_SEPARATOR_TRUE=''
LIBUNISTRING_COMPILE_UNICTYPE_PROPERTY_BIDI_CONTROL_FALSE='#'
LIBUNISTRING_COMPILE_UNICTYPE_PROPERTY_BIDI_CONTROL_TRUE=''
LIBUNISTRING_COMPILE_UNICTYPE_PROPERTY_BIDI_EMBEDDING_OR_OVERRIDE_FALSE='#'
LIBUNISTRING_COMPILE_UNICTYPE_PROPERTY_BIDI_EMBEDDING_OR_OVERRIDE_TRUE=''
LIBUNISTRING_COMPILE_UNICTYPE_PROPERTY_BIDI_EUROPEAN_DIGIT_FALSE='#'
LIBUNISTRING_COMPILE_UNICTYPE_PROPERTY_BIDI_EUROPEAN_DIGIT_TRUE=''
LIBUNISTRING_COMPILE_UNICTYPE_PROPERTY_BIDI_EUR_NUM_SEPARATOR_FALSE='#'
LIBUNISTRING_COMPILE_UNICTYPE_PROPERTY_BIDI_EUR_NUM_SEPARATOR_TRUE=''
LIBUNISTRING_COMPILE_UNICTYPE_PROPERTY_BIDI_EUR_NUM_TERMINATOR_FALSE='#'
LIBUNISTRING_COMPILE_UNICTYPE_PROPERTY_BIDI_EUR_NUM_TERMINATOR_TRUE=''
LIBUNISTRING_COMPILE_UNICTYPE_PROPERTY_BIDI_HEBREW_RIGHT_TO_LEFT_FALSE='#'
LIBUNISTRING_COMPILE_UNICTYPE_PROPERTY_BIDI_HEBREW_RIGHT_TO_LEFT_TRUE=''
LIBUNISTRING_COMPILE_UNICTYPE_PROPERTY_BIDI_LEFT_TO_RIGHT_FALSE='#'
LIBUNISTRING_COMPILE_UNICTYPE_PROPERTY_BIDI_LEFT_TO_RIGHT_TRUE=''
LIBUNISTRING_COMPILE_UNICTYPE_PROPERTY_BIDI_NON_SPACING_MARK_FALSE='#'
LIBUNISTRING_COMPILE_UNICTYPE_PROPERTY_BIDI_NON_SPACING_MARK_TRUE=''
LIBUNISTRING_COMPILE_UNICTYPE_PROPERTY_BIDI_OTHER_NEUTRAL_FALSE='#'
LIBUNISTRING_COMPILE_UNICTYPE_PROPERTY_BIDI_OTHER_NEUTRAL_TRUE=''
LIBUNISTRING_COMPILE_UNICTYPE_PROPERTY_BIDI_PDF_FALSE='#'
LIBUNISTRING_COMPILE_UNICTYPE_PROPERTY_BIDI_PDF_TRUE=''
LIBUNISTRING_COMPILE_UNICTYPE_PROPERTY_BIDI_SEGMENT_SEPARATOR_FALSE='#'
LIBUNISTRING_COMPILE_UNICTYPE_PROPERTY_BIDI_SEGMENT_SEPARATOR_TRUE=''
LIBUNISTRING_COMPILE_UNICTYPE_PROPERTY_BIDI_WHITESPACE_FALSE='#'
LIBUNISTRING_COMPILE_UNICTYPE_PROPERTY_BIDI_WHITESPACE_TRUE=''
LIBUNISTRING_COMPILE_UNICTYPE_PROPERTY_BYNAME_FALSE='#'
LIBUNISTRING_COMPILE_UNICTYPE_PROPERTY_BYNAME_TRUE=''
LIBUNISTRING_COMPILE_UNICTYPE_PROPERTY_CASED_FALSE='#'
LIBUNISTRING_COMPILE_UNICTYPE_PROPERTY_CASED_TRUE=''
LIBUNISTRING_COMPILE_UNICTYPE_PROPERTY_CASE_IGNORABLE_FALSE='#'
LIBUNISTRING_COMPILE_UNICTYPE_PROPERTY_CASE_IGNORABLE_TRUE=''
LIBUNISTRING_COMPILE_UNICTYPE_PROPERTY_CHANGES_WHEN_CASEFOLDED_FALSE='#'
LIBUNISTRING_COMPILE_UNICTYPE_PROPERTY_CHANGES_WHEN_CASEFOLDED_TRUE=''
LIBUNISTRING_COMPILE_UNICTYPE_PROPERTY_CHANGES_WHEN_CASEMAPPED_FALSE='#'
LIBUNISTRING_COMPILE_UNICTYPE_PROPERTY_CHANGES_WHEN_CASEMAPPED_TRUE=''
LIBUNISTRING_COMPILE_UNICTYPE_PROPERTY_CHANGES_WHEN_LOWERCASED_FALSE='#'
LIBUNISTRING_COMPILE_UNICTYPE_PROPERTY_CHANGES_WHEN_LOWERCASED_TRUE=''
LIBUNISTRING_COMPILE_UNICTYPE_PROPERTY_CHANGES_WHEN_TITLECASED_FALSE='#'
LIBUNISTRING_COMPILE_UNICTYPE_PROPERTY_CHANGES_WHEN_TITLECASED_TRUE=''
LIBUNISTRING_COMPILE_UNICTYPE_PROPERTY_CHANGES_WHEN_UPPERCASED_FALSE='#'
LIBUNISTRING_COMPILE_UNICTYPE_PROPERTY_CHANGES_WHEN_UPPERCASED_TRUE=''
LIBUNISTRING_COMPILE_UNICTYPE_PROPERTY_COMBINING_FALSE='#'
LIBUNISTRING_COMPILE_UNICTYPE_PROPERTY_COMBINING_TRUE=''
LIBUNISTRING_COMPILE_UNICTYPE_PROPERTY_COMPOSITE_FALSE='#'
LIBUNISTRING_COMPILE_UNICTYPE_PROPERTY_COMPOSITE_TRUE=''
LIBUNISTRING_COMPILE_UNICTYPE_PROPERTY_CURRENCY_SYMBOL_FALSE='#'
LIBUNISTRING_COMPILE_UNICTYPE_PROPERTY_CURRENCY_SYMBOL_TRUE=''
LIBUNISTRING_COMPILE_UNICTYPE_PROPERTY_DASH_FALSE='#'
LIBUNISTRING_COMPILE_UNICTYPE_PROPERTY_DASH_TRUE=''
LIBUNISTRING_COMPILE_UNICTYPE_PROPERTY_DECIMAL_DIGIT_FALSE='#'
LIBUNISTRING_COMPILE_UNICTYPE_PROPERTY_DECIMAL_DIGIT_TRUE=''
LIBUNISTRING_COMPILE_UNICTYPE_PROPERTY_DEFAULT_IGNORABLE_CODE_POINT_FALSE='#'
LIBUNISTRING_COMPILE_UNICTYPE_PROPERTY_DEFAULT_IGNORABLE_CODE_POINT_TRUE=''
LIBUNISTRING_COMPILE_UNICTYPE_PROPERTY_DEPRECATED_FALSE='#'
LIBUNISTRING_COMPILE_UNICTYPE_PROPERTY_DEPRECATED_TRUE=''
LIBUNISTRING_COMPILE_UNICTYPE_PROPERTY_DIACRITIC_FALSE='#'
LIBUNISTRING_COMPILE_UNICTYPE_PROPERTY_DIACRITIC_TRUE=''
LIBUNISTRING_COMPILE_UNICTYPE_PROPERTY_EMOJI_COMPONENT_FALSE='#'
LIBUNISTRING_COMPILE_UNICTYPE_PROPERTY_EMOJI_COMPONENT_TRUE=''
LIBUNISTRING_COMPILE_UNICTYPE_PROPERTY_EMOJI_FALSE='#'
LIBUNISTRING_COMPILE_UNICTYPE_PROPERTY_EMOJI_MODIFIER_BASE_FALSE='#'
LIBUNISTRING_COMPILE_UNICTYPE_PROPERTY_EMOJI_MODIFIER_BASE_TRUE=''
LIBUNISTRING_COMPILE_UNICTYPE_PROPERTY_EMOJI_MODIFIER_FALSE='#'
LIBUNISTRING_COMPILE_UNICTYPE_PROPERTY_EMOJI_MODIFIER_TRUE=''
LIBUNISTRING_COMPILE_UNICTYPE_PROPERTY_EMOJI_PRESENTATION_FALSE='#'
LIBUNISTRING_COMPILE_UNICTYPE_PROPERTY_EMOJI_PRESENTATION_TRUE=''
LIBUNISTRING_COMPILE_UNICTYPE_PROPERTY_EMOJI_TRUE=''
LIBUNISTRING_COMPILE_UNICTYPE_PROPERTY_EXTENDED_PICTOGRAPHIC_FALSE='#'
LIBUNISTRING_COMPILE_UNICTYPE_PROPERTY_EXTENDED_PICTOGRAPHIC_TRUE=''
LIBUNISTRING_COMPILE_UNICTYPE_PROPERTY_EXTENDER_FALSE='#'
LIBUNISTRING_COMPILE_UNICTYPE_PROPERTY_EXTENDER_TRUE=''
LIBUNISTRING_COMPILE_UNICTYPE_PROPERTY_FORMAT_CONTROL_FALSE='#'
LIBUNISTRING_COMPILE_UNICTYPE_PROPERTY_FORMAT_CONTROL_TRUE=''
LIBUNISTRING_COMPILE_UNICTYPE_PROPERTY_GRAPHEME_BASE_FALSE='#'
LIBUNISTRING_COMPILE_UNICTYPE_PROPERTY_GRAPHEME_BASE_TRUE=''
LIBUNISTRING_COMPILE_UNICTYPE_PROPERTY_GRAPHEME_EXTEND_FALSE='#'
LIBUNISTRING_COMPILE_UNICTYPE_PROPERTY_GRAPHEME_EXTEND_TRUE=''
LIBUNISTRING_COMPILE_UNICTYPE_PROPERTY_GRAPHEME_LINK_FALSE='#'
LIBUNISTRING_COMPILE_UNICTYPE_PROPERTY_GRAPHEME_LINK_TRUE=''
LIBUNISTRING_COMPILE_UNICTYPE_PROPERTY_HEX_DIGIT_FALSE='#'
LIBUNISTRING_COMPILE_UNICTYPE_PROPERTY_HEX_DIGIT_TRUE=''
LIBUNISTRING_COMPILE_UNICTYPE_PROPERTY_HYPHEN_FALSE='#'
LIBUNISTRING_COMPILE_UNICTYPE_PROPERTY_HYPHEN_TRUE=''
LIBUNISTRING_COMPILE_UNICTYPE_PROPERTY_IDEOGRAPHIC_FALSE='#'
LIBUNISTRING_COMPILE_UNICTYPE_PROPERTY_IDEOGRAPHIC_TRUE=''
LIBUNISTRING_COMPILE_UNICTYPE_PROPERTY_IDS_BINARY_OPERATOR_FALSE='#'
LIBUNISTRING_COMPILE_UNICTYPE_PROPERTY_IDS_BINARY_OPERATOR_TRUE=''
LIBUNISTRING_COMPILE_UNICTYPE_PROPERTY_IDS_TRINARY_OPERATOR_FALSE='#'
LIBUNISTRING_COMPILE_UNICTYPE_PROPERTY_IDS_TRINARY_OPERATOR_TRUE=''
LIBUNISTRING_COMPILE_UNICTYPE_PROPERTY_IDS_UNARY_OPERATOR_FALSE='#'
LIBUNISTRING_COMPILE_UNICTYPE_PROPERTY_IDS_UNARY_OPERATOR_TRUE=''
LIBUNISTRING_COMPILE_UNICTYPE_PROPERTY_ID_COMPAT_MATH_CONTINUE_FALSE='#'
LIBUNISTRING_COMPILE_UNICTYPE_PROPERTY_ID_COMPAT_MATH_CONTINUE_TRUE=''
LIBUNISTRING_COMPILE_UNICTYPE_PROPERTY_ID_COMPAT_MATH_START_FALSE='#'
LIBUNISTRING_COMPILE_UNICTYPE_PROPERTY_ID_COMPAT_MATH_START_TRUE=''
LIBUNISTRING_COMPILE_UNICTYPE_PROPERTY_ID_CONTINUE_FALSE='#'
LIBUNISTRING_COMPILE_UNICTYPE_PROPERTY_ID_CONTINUE_TRUE=''
LIBUNISTRING_COMPILE_UNICTYPE_PROPERTY_ID_START_FALSE='#'
LIBUNISTRING_COMPILE_UNICTYPE_PROPERTY_ID_START_TRUE=''
LIBUNISTRING_COMPILE_UNICTYPE_PROPERTY_IGNORABLE_CONTROL_FALSE='#'
LIBUNISTRING_COMPILE_UNICTYPE_PROPERTY_IGNORABLE_CONTROL_TRUE=''
LIBUNISTRING_COMPILE_UNICTYPE_PROPERTY_ISO_CONTROL_FALSE='#'
LIBUNISTRING_COMPILE_UNICTYPE_PROPERTY_ISO_CONTROL_TRUE=''
LIBUNISTRING_COMPILE_UNICTYPE_PROPERTY_JOIN_CONTROL_FALSE='#'
LIBUNISTRING_COMPILE_UNICTYPE_PROPERTY_JOIN_CONTROL_TRUE=''
LIBUNISTRING_COMPILE_UNICTYPE_PROPERTY_LEFT_OF_PAIR_FALSE='#'
LIBUNISTRING_COMPILE_UNICTYPE_PROPERTY_LEFT_OF_PAIR_TRUE=''
LIBUNISTRING_COMPILE_UNICTYPE_PROPERTY_LINE_SEPARATOR_FALSE='#'
LIBUNISTRING_COMPILE_UNICTYPE_PROPERTY_LINE_SEPARATOR_TRUE=''
LIBUNISTRING_COMPILE_UNICTYPE_PROPERTY_LOGICAL_ORDER_EXCEPTION_FALSE='#'
LIBUNISTRING_COMPILE_UNICTYPE_PROPERTY_LOGICAL_ORDER_EXCEPTION_TRUE=''
LIBUNISTRING_COMPILE_UNICTYPE_PROPERTY_LOWERCASE_FALSE='#'
LIBUNISTRING_COMPILE_UNICTYPE_PROPERTY_LOWERCASE_TRUE=''
LIBUNISTRING_COMPILE_UNICTYPE_PROPERTY_MATH_FALSE='#'
LIBUNISTRING_COMPILE_UNICTYPE_PROPERTY_MATH_TRUE=''
LIBUNISTRING_COMPILE_UNICTYPE_PROPERTY_MODIFIER_COMBINING_MARK_FALSE='#'
LIBUNISTRING_COMPILE_UNICTYPE_PROPERTY_MODIFIER_COMBINING_MARK_TRUE=''
LIBUNISTRING_COMPILE_UNICTYPE_PROPERTY_NON_BREAK_FALSE='#'
LIBUNISTRING_COMPILE_UNICTYPE_PROPERTY_NON_BREAK_TRUE=''
LIBUNISTRING_COMPILE_UNICTYPE_PROPERTY_NOT_A_CHARACTER_FALSE='#'
LIBUNISTRING_COMPILE_UNICTYPE_PROPERTY_NOT_A_CHARACTER_TRUE=''
LIBUNISTRING_COMPILE_UNICTYPE_PROPERTY_NUMERIC_FALSE='#'
LIBUNISTRING_COMPILE_UNICTYPE_PROPERTY_NUMERIC_TRUE=''
LIBUNISTRING_COMPILE_UNICTYPE_PROPERTY_OTHER_ALPHABETIC_FALSE='#'
LIBUNISTRING_COMPILE_UNICTYPE_PROPERTY_OTHER_ALPHABETIC_TRUE=''
LIBUNISTRING_COMPILE_UNICTYPE_PROPERTY_OTHER_DEFAULT_IGNORABLE_CODE_POINT_FALSE='#'
LIBUNISTRING_COMPILE_UNICTYPE_PROPERTY_OTHER_DEFAULT_IGNORABLE_CODE_POINT_TRUE=''
LIBUNISTRING_COMPILE_UNICTYPE_PROPERTY_OTHER_GRAPHEME_EXTEND_FALSE='#'
LIBUNISTRING_COMPILE_UNICTYPE_PROPERTY_OTHER_GRAPHEME_EXTEND_TRUE=''
LIBUNISTRING_COMPILE_UNICTYPE_PROPERTY_OTHER_ID_CONTINUE_FALSE='#'
LIBUNISTRING_COMPILE_UNICTYPE_PROPERTY_OTHER_ID_CONTINUE_TRUE=''
LIBUNISTRING_COMPILE_UNICTYPE_PROPERTY_OTHER_ID_START_FALSE='#'
LIBUNISTRING_COMPILE_UNICTYPE_PROPERTY_OTHER_ID_START_TRUE=''
LIBUNISTRING_COMPILE_UNICTYPE_PROPERTY_OTHER_LOWERCASE_FALSE='#'
LIBUNISTRING_COMPILE_UNICTYPE_PROPERTY_OTHER_LOWERCASE_TRUE=''
LIBUNISTRING_COMPILE_UNICTYPE_PROPERTY_OTHER_MATH_FALSE='#'
LIBUNISTRING_COMPILE_UNICTYPE_PROPERTY_OTHER_MATH_TRUE=''
LIBUNISTRING_COMPILE_UNICTYPE_PROPERTY_OTHER_UPPERCASE_FALSE='#'
LIBUNISTRING_COMPILE_UNICTYPE_PROPERTY_OTHER_UPPERCASE_TRUE=''
LIBUNISTRING_COMPILE_UNICTYPE_PROPERTY_PAIRED_PUNCTUATION_FALSE='#'
LIBUNISTRING_COMPILE_UNICTYPE_PROPERTY_PAIRED_PUNCTUATION_TRUE=''
LIBUNISTRING_COMPILE_UNICTYPE_PROPERTY_PARAGRAPH_SEPARATOR_FALSE='#'
LIBUNISTRING_COMPILE_UNICTYPE_PROPERTY_PARAGRAPH_SEPARATOR_TRUE=''
LIBUNISTRING_COMPILE_UNICTYPE_PROPERTY_PATTERN_SYNTAX_FALSE='#'
LIBUNISTRING_COMPILE_UNICTYPE_PROPERTY_PATTERN_SYNTAX_TRUE=''
LIBUNISTRING_COMPILE_UNICTYPE_PROPERTY_PATTERN_WHITE_SPACE_FALSE='#'
LIBUNISTRING_COMPILE_UNICTYPE_PROPERTY_PATTERN_WHITE_SPACE_TRUE=''
LIBUNISTRING_COMPILE_UNICTYPE_PROPERTY_PREPENDED_CONCATENATION_MARK_FALSE='#'
LIBUNISTRING_COMPILE_UNICTYPE_PROPERTY_PREPENDED_CONCATENATION_MARK_TRUE=''
LIBUNISTRING_COMPILE_UNICTYPE_PROPERTY_PRIVATE_USE_FALSE='#'
LIBUNISTRING_COMPILE_UNICTYPE_PROPERTY_PRIVATE_USE_TRUE=''
LIBUNISTRING_COMPILE_UNICTYPE_PROPERTY_PUNCTUATION_FALSE='#'
LIBUNISTRING_COMPILE_UNICTYPE_PROPERTY_PUNCTUATION_TRUE=''
LIBUNISTRING_COMPILE_UNICTYPE_PROPERTY_QUOTATION_MARK_FALSE='#'
LIBUNISTRING_COMPILE_UNICTYPE_PROPERTY_QUOTATION_MARK_TRUE=''
LIBUNISTRING_COMPILE_UNICTYPE_PROPERTY_RADICAL_FALSE='#'
LIBUNISTRING_COMPILE_UNICTYPE_PROPERTY_RADICAL_TRUE=''
LIBUNISTRING_COMPILE_UNICTYPE_PROPERTY_REGIONAL_INDICATOR_FALSE='#'
LIBUNISTRING_COMPILE_UNICTYPE_PROPERTY_REGIONAL_INDICATOR_TRUE=''
LIBUNISTRING_COMPILE_UNICTYPE_PROPERTY_SENTENCE_TERMINAL_FALSE='#'
LIBUNISTRING_COMPILE_UNICTYPE_PROPERTY_SENTENCE_TERMINAL_TRUE=''
LIBUNISTRING_COMPILE_UNICTYPE_PROPERTY_SOFT_DOTTED_FALSE='#'
LIBUNISTRING_COMPILE_UNICTYPE_PROPERTY_SOFT_DOTTED_TRUE=''
LIBUNISTRING_COMPILE_UNICTYPE_PROPERTY_SPACE_FALSE='#'
LIBUNISTRING_COMPILE_UNICTYPE_PROPERTY_SPACE_TRUE=''
LIBUNISTRING_COMPILE_UNICTYPE_PROPERTY_TERMINAL_PUNCTUATION_FALSE='#'
LIBUNISTRING_COMPILE_UNICTYPE_PROPERTY_TERMINAL_PUNCTUATION_TRUE=''
LIBUNISTRING_COMPILE_UNICTYPE_PROPERTY_TEST_FALSE='#'
LIBUNISTRING_COMPILE_UNICTYPE_PROPERTY_TEST_TRUE=''
LIBUNISTRING_COMPILE_UNICTYPE_PROPERTY_TITLECASE_FALSE='#'
LIBUNISTRING_COMPILE_UNICTYPE_PROPERTY_TITLECASE_TRUE=''
LIBUNISTRING_COMPILE_UNICTYPE_PROPERTY_UNASSIGNED_CODE_VALUE_FALSE='#'
LIBUNISTRING_COMPILE_UNICTYPE_PROPERTY_UNASSIGNED_CODE_VALUE_TRUE=''
LIBUNISTRING_COMPILE_UNICTYPE_PROPERTY_UNIFIED_IDEOGRAPH_FALSE='#'
LIBUNISTRING_COMPILE_UNICTYPE_PROPERTY_UNIFIED_IDEOGRAPH_TRUE=''
LIBUNISTRING_COMPILE_UNICTYPE_PROPERTY_UPPERCASE_FALSE='#'
LIBUNISTRING_COMPILE_UNICTYPE_PROPERTY_UPPERCASE_TRUE=''
LIBUNISTRING_COMPILE_UNICTYPE_PROPERTY_VARIATION_SELECTOR_FALSE='#'
LIBUNISTRING_COMPILE_UNICTYPE_PROPERTY_VARIATION_SELECTOR_TRUE=''
LIBUNISTRING_COMPILE_UNICTYPE_PROPERTY_WHITE_SPACE_FALSE='#'
LIBUNISTRING_COMPILE_UNICTYPE_PROPERTY_WHITE_SPACE_TRUE=''
LIBUNISTRING_COMPILE_UNICTYPE_PROPERTY_XID_CONTINUE_FALSE='#'
LIBUNISTRING_COMPILE_UNICTYPE_PROPERTY_XID_CONTINUE_TRUE=''
LIBUNISTRING_COMPILE_UNICTYPE_PROPERTY_XID_START_FALSE='#'
LIBUNISTRING_COMPILE_UNICTYPE_PROPERTY_XID_START_TRUE=''
LIBUNISTRING_COMPILE_UNICTYPE_PROPERTY_ZERO_WIDTH_FALSE='#'
LIBUNISTRING_COMPILE_UNICTYPE_PROPERTY_ZERO_WIDTH_TRUE=''
LIBUNISTRING_COMPILE_UNICTYPE_SCRIPTS_FALSE='#'
LIBUNISTRING_COMPILE_UNICTYPE_SCRIPTS_TRUE=''
LIBUNISTRING_COMPILE_UNICTYPE_SYNTAX_C_IDENT_FALSE='#'
LIBUNISTRING_COMPILE_UNICTYPE_SYNTAX_C_IDENT_TRUE=''
LIBUNISTRING_COMPILE_UNICTYPE_SYNTAX_C_WHITESPACE_FALSE='#'
LIBUNISTRING_COMPILE_UNICTYPE_SYNTAX_C_WHITESPACE_TRUE=''
LIBUNISTRING_COMPILE_UNICTYPE_SYNTAX_JAVA_IDENT_FALSE='#'
LIBUNISTRING_COMPILE_UNICTYPE_SYNTAX_JAVA_IDENT_TRUE=''
LIBUNISTRING_COMPILE_UNICTYPE_SYNTAX_JAVA_WHITESPACE_FALSE='#'
LIBUNISTRING_COMPILE_UNICTYPE_SYNTAX_JAVA_WHITESPACE_TRUE=''
LIBUNISTRING_COMPILE_UNIGBRK_U16_GRAPHEME_BREAKS_FALSE='#'
LIBUNISTRING_COMPILE_UNIGBRK_U16_GRAPHEME_BREAKS_TRUE=''
LIBUNISTRING_COMPILE_UNIGBRK_U16_GRAPHEME_NEXT_FALSE='#'
LIBUNISTRING_COMPILE_UNIGBRK_U16_GRAPHEME_NEXT_TRUE=''
LIBUNISTRING_COMPILE_UNIGBRK_U16_GRAPHEME_PREV_FALSE='#'
LIBUNISTRING_COMPILE_UNIGBRK_U16_GRAPHEME_PREV_TRUE=''
LIBUNISTRING_COMPILE_UNIGBRK_U32_GRAPHEME_BREAKS_FALSE='#'
LIBUNISTRING_COMPILE_UNIGBRK_U32_GRAPHEME_BREAKS_TRUE=''
LIBUNISTRING_COMPILE_UNIGBRK_U32_GRAPHEME_NEXT_FALSE='#'
LIBUNISTRING_COMPILE_UNIGBRK_U32_GRAPHEME_NEXT_TRUE=''
LIBUNISTRING_COMPILE_UNIGBRK_U32_GRAPHEME_PREV_FALSE='#'
LIBUNISTRING_COMPILE_UNIGBRK_U32_GRAPHEME_PREV_TRUE=''
LIBUNISTRING_COMPILE_UNIGBRK_U8_GRAPHEME_BREAKS_FALSE='#'
LIBUNISTRING_COMPILE_UNIGBRK_U8_GRAPHEME_BREAKS_TRUE=''
LIBUNISTRING_COMPILE_UNIGBRK_U8_GRAPHEME_NEXT_FALSE='#'
LIBUNISTRING_COMPILE_UNIGBRK_U8_GRAPHEME_NEXT_TRUE=''
LIBUNISTRING_COMPILE_UNIGBRK_U8_GRAPHEME_PREV_FALSE='#'
LIBUNISTRING_COMPILE_UNIGBRK_U8_GRAPHEME_PREV_TRUE=''
LIBUNISTRING_COMPILE_UNIGBRK_UC_GBRK_PROP_FALSE='#'
LIBUNISTRING_COMPILE_UNIGBRK_UC_GBRK_PROP_TRUE=''
LIBUNISTRING_COMPILE_UNIGBRK_UC_GRAPHEME_BREAKS_FALSE='#'
LIBUNISTRING_COMPILE_UNIGBRK_UC_GRAPHEME_BREAKS_TRUE=''
LIBUNISTRING_COMPILE_UNIGBRK_UC_IS_GRAPHEME_BREAK_FALSE='#'
LIBUNISTRING_COMPILE_UNIGBRK_UC_IS_GRAPHEME_BREAK_TRUE=''
LIBUNISTRING_COMPILE_UNIGBRK_ULC_GRAPHEME_BREAKS_FALSE='#'
LIBUNISTRING_COMPILE_UNIGBRK_ULC_GRAPHEME_BREAKS_TRUE=''
LIBUNISTRING_COMPILE_UNILBRK_U16_POSSIBLE_LINEBREAKS_FALSE='#'
LIBUNISTRING_COMPILE_UNILBRK_U16_POSSIBLE_LINEBREAKS_TRUE=''
LIBUNISTRING_COMPILE_UNILBRK_U16_WIDTH_LINEBREAKS_FALSE='#'
LIBUNISTRING_COMPILE_UNILBRK_U16_WIDTH_LINEBREAKS_TRUE=''
LIBUNISTRING_COMPILE_UNILBRK_U32_POSSIBLE_LINEBREAKS_FALSE='#'
LIBUNISTRING_COMPILE_UNILBRK_U32_POSSIBLE_LINEBREAKS_TRUE=''
LIBUNISTRING_COMPILE_UNILBRK_U32_WIDTH_LINEBREAKS_FALSE='#'
LIBUNISTRING_COMPILE_UNILBRK_U32_WIDTH_LINEBREAKS_TRUE=''
LIBUNISTRING_COMPILE_UNILBRK_U8_POSSIBLE_LINEBREAKS_FALSE='#'
LIBUNISTRING_COMPILE_UNILBRK_U8_POSSIBLE_LINEBREAKS_TRUE=''
LIBUNISTRING_COMPILE_UNILBRK_U8_WIDTH_LINEBREAKS_FALSE='#'
LIBUNISTRING_COMPILE_UNILBRK_U8_WIDTH_LINEBREAKS_TRUE=''
LIBUNISTRING_COMPILE_UNILBRK_ULC_POSSIBLE_LINEBREAKS_FALSE='#'
LIBUNISTRING_COMPILE_UNILBRK_ULC_POSSIBLE_LINEBREAKS_TRUE=''
LIBUNISTRING_COMPILE_UNILBRK_ULC_WIDTH_LINEBREAKS_FALSE='#'
LIBUNISTRING_COMPILE_UNILBRK_ULC_WIDTH_LINEBREAKS_TRUE=''
LIBUNISTRING_COMPILE_UNIMETADATA_U_VERSION_FALSE='#'
LIBUNISTRING_COMPILE_UNIMETADATA_U_VERSION_TRUE=''
LIBUNISTRING_COMPILE_UNINAME_UNINAME_FALSE='#'
LIBUNISTRING_COMPILE_UNINAME_UNINAME_TRUE=''
LIBUNISTRING_COMPILE_UNINORM_CANONICAL_DECOMPOSITION_FALSE='#'
LIBUNISTRING_COMPILE_UNINORM_CANONICAL_DECOMPOSITION_TRUE=''
LIBUNISTRING_COMPILE_UNINORM_COMPOSITION_FALSE='#'
LIBUNISTRING_COMPILE_UNINORM_COMPOSITION_TRUE=''
LIBUNISTRING_COMPILE_UNINORM_DECOMPOSING_FORM_FALSE='#'
LIBUNISTRING_COMPILE_UNINORM_DECOMPOSING_FORM_TRUE=''
LIBUNISTRING_COMPILE_UNINORM_DECOMPOSITION_FALSE='#'
LIBUNISTRING_COMPILE_UNINORM_DECOMPOSITION_TRUE=''
LIBUNISTRING_COMPILE_UNINORM_FILTER_FALSE='#'
LIBUNISTRING_COMPILE_UNINORM_FILTER_TRUE=''
LIBUNISTRING_COMPILE_UNINORM_NFC_FALSE='#'
LIBUNISTRING_COMPILE_UNINORM_NFC_TRUE=''
LIBUNISTRING_COMPILE_UNINORM_NFD_FALSE='#'
LIBUNISTRING_COMPILE_UNINORM_NFD_TRUE=''
LIBUNISTRING_COMPILE_UNINORM_NFKC_FALSE='#'
LIBUNISTRING_COMPILE_UNINORM_NFKC_TRUE=''
LIBUNISTRING_COMPILE_UNINORM_NFKD_FALSE='#'
LIBUNISTRING_COMPILE_UNINORM_NFKD_TRUE=''
LIBUNISTRING_COMPILE_UNINORM_U16_NORMALIZE_FALSE='#'
LIBUNISTRING_COMPILE_UNINORM_U16_NORMALIZE_TRUE=''
LIBUNISTRING_COMPILE_UNINORM_U16_NORMCMP_FALSE='#'
LIBUNISTRING_COMPILE_UNINORM_U16_NORMCMP_TRUE=''
LIBUNISTRING_COMPILE_UNINORM_U16_NORMCOLL_FALSE='#'
LIBUNISTRING_COMPILE_UNINORM_U16_NORMCOLL_TRUE=''
LIBUNISTRING_COMPILE_UNINORM_U16_NORMXFRM_FALSE='#'
LIBUNISTRING_COMPILE_UNINORM_U16_NORMXFRM_TRUE=''
LIBUNISTRING_COMPILE_UNINORM_U32_NORMALIZE_FALSE='#'
LIBUNISTRING_COMPILE_UNINORM_U32_NORMALIZE_TRUE=''
LIBUNISTRING_COMPILE_UNINORM_U32_NORMCMP_FALSE='#'
LIBUNISTRING_COMPILE_UNINORM_U32_NORMCMP_TRUE=''
LIBUNISTRING_COMPILE_UNINORM_U32_NORMCOLL_FALSE='#'
LIBUNISTRING_COMPILE_UNINORM_U32_NORMCOLL_TRUE=''
LIBUNISTRING_COMPILE_UNINORM_U32_NORMXFRM_FALSE='#'
LIBUNISTRING_COMPILE_UNINORM_U32_NORMXFRM_TRUE=''
LIBUNISTRING_COMPILE_UNINORM_U8_NORMALIZE_FALSE='#'
LIBUNISTRING_COMPILE_UNINORM_U8_NORMALIZE_TRUE=''
LIBUNISTRING_COMPILE_UNINORM_U8_NORMCMP_FALSE='#'
LIBUNISTRING_COMPILE_UNINORM_U8_NORMCMP_TRUE=''
LIBUNISTRING_COMPILE_UNINORM_U8_NORMCOLL_FALSE='#'
LIBUNISTRING_COMPILE_UNINORM_U8_NORMCOLL_TRUE=''
LIBUNISTRING_COMPILE_UNINORM_U8_NORMXFRM_FALSE='#'
LIBUNISTRING_COMPILE_UNINORM_U8_NORMXFRM_TRUE=''
LIBUNISTRING_COMPILE_UNISTDIO_U16_ASNPRINTF_FALSE='#'
LIBUNISTRING_COMPILE_UNISTDIO_U16_ASNPRINTF_TRUE=''
LIBUNISTRING_COMPILE_UNISTDIO_U16_ASPRINTF_FALSE='#'
LIBUNISTRING_COMPILE_UNISTDIO_U16_ASPRINTF_TRUE=''
LIBUNISTRING_COMPILE_UNISTDIO_U16_SNPRINTF_FALSE='#'
LIBUNISTRING_COMPILE_UNISTDIO_U16_SNPRINTF_TRUE=''
LIBUNISTRING_COMPILE_UNISTDIO_U16_SPRINTF_FALSE='#'
LIBUNISTRING_COMPILE_UNISTDIO_U16_SPRINTF_TRUE=''
LIBUNISTRING_COMPILE_UNISTDIO_U16_U16_ASNPRINTF_FALSE='#'
LIBUNISTRING_COMPILE_UNISTDIO_U16_U16_ASNPRINTF_TRUE=''
LIBUNISTRING_COMPILE_UNISTDIO_U16_U16_ASPRINTF_FALSE='#'
LIBUNISTRING_COMPILE_UNISTDIO_U16_U16_ASPRINTF_TRUE=''
LIBUNISTRING_COMPILE_UNISTDIO_U16_U16_SNPRINTF_FALSE='#'
LIBUNISTRING_COMPILE_UNISTDIO_U16_U16_SNPRINTF_TRUE=''
LIBUNISTRING_COMPILE_UNISTDIO_U16_U16_SPRINTF_FALSE='#'
LIBUNISTRING_COMPILE_UNISTDIO_U16_U16_SPRINTF_TRUE=''
LIBUNISTRING_COMPILE_UNISTDIO_U16_U16_VASNPRINTF_FALSE='#'
LIBUNISTRING_COMPILE_UNISTDIO_U16_U16_VASNPRINTF_TRUE=''
LIBUNISTRING_COMPILE_UNISTDIO_U16_U16_VASPRINTF_FALSE='#'
LIBUNISTRING_COMPILE_UNISTDIO_U16_U16_VASPRINTF_TRUE=''
LIBUNISTRING_COMPILE_UNISTDIO_U16_U16_VSNPRINTF_FALSE='#'
LIBUNISTRING_COMPILE_UNISTDIO_U16_U16_VSNPRINTF_TRUE=''
LIBUNISTRING_COMPILE_UNISTDIO_U16_U16_VSPRINTF_FALSE='#'
LIBUNISTRING_COMPILE_UNISTDIO_U16_U16_VSPRINTF_TRUE=''
LIBUNISTRING_COMPILE_UNISTDIO_U16_VASNPRINTF_FALSE='#'
LIBUNISTRING_COMPILE_UNISTDIO_U16_VASNPRINTF_TRUE=''
LIBUNISTRING_COMPILE_UNISTDIO_U16_VASPRINTF_FALSE='#'
LIBUNISTRING_COMPILE_UNISTDIO_U16_VASPRINTF_TRUE=''
LIBUNISTRING_COMPILE_UNISTDIO_U16_VSNPRINTF_FALSE='#'
LIBUNISTRING_COMPILE_UNISTDIO_U16_VSNPRINTF_TRUE=''
LIBUNISTRING_COMPILE_UNISTDIO_U16_VSPRINTF_FALSE='#'
LIBUNISTRING_COMPILE_UNISTDIO_U16_VSPRINTF_TRUE=''
LIBUNISTRING_COMPILE_UNISTDIO_U32_ASNPRINTF_FALSE='#'
LIBUNISTRING_COMPILE_UNISTDIO_U32_ASNPRINTF_TRUE=''
LIBUNISTRING_COMPILE_UNISTDIO_U32_ASPRINTF_FALSE='#'
LIBUNISTRING_COMPILE_UNISTDIO_U32_ASPRINTF_TRUE=''
LIBUNISTRING_COMPILE_UNISTDIO_U32_SNPRINTF_FALSE='#'
LIBUNISTRING_COMPILE_UNISTDIO_U32_SNPRINTF_TRUE=''
LIBUNISTRING_COMPILE_UNISTDIO_U32_SPRINTF_FALSE='#'
LIBUNISTRING_COMPILE_UNISTDIO_U32_SPRINTF_TRUE=''
LIBUNISTRING_COMPILE_UNISTDIO_U32_U32_ASNPRINTF_FALSE='#'
LIBUNISTRING_COMPILE_UNISTDIO_U32_U32_ASNPRINTF_TRUE=''
LIBUNISTRING_COMPILE_UNISTDIO_U32_U32_ASPRINTF_FALSE='#'
LIBUNISTRING_COMPILE_UNISTDIO_U32_U32_ASPRINTF_TRUE=''
LIBUNISTRING_COMPILE_UNISTDIO_U32_U32_SNPRINTF_FALSE='#'
LIBUNISTRING_COMPILE_UNISTDIO_U32_U32_SNPRINTF_TRUE=''
LIBUNISTRING_COMPILE_UNISTDIO_U32_U32_SPRINTF_FALSE='#'
LIBUNISTRING_COMPILE_UNISTDIO_U32_U32_SPRINTF_TRUE=''
LIBUNISTRING_COMPILE_UNISTDIO_U32_U32_VASNPRINTF_FALSE='#'
LIBUNISTRING_COMPILE_UNISTDIO_U32_U32_VASNPRINTF_TRUE=''
LIBUNISTRING_COMPILE_UNISTDIO_U32_U32_VASPRINTF_FALSE='#'
LIBUNISTRING_COMPILE_UNISTDIO_U32_U32_VASPRINTF_TRUE=''
LIBUNISTRING_COMPILE_UNISTDIO_U32_U32_VSNPRINTF_FALSE='#'
LIBUNISTRING_COMPILE_UNISTDIO_U32_U32_VSNPRINTF_TRUE=''
LIBUNISTRING_COMPILE_UNISTDIO_U32_U32_VSPRINTF_FALSE='#'
LIBUNISTRING_COMPILE_UNISTDIO_U32_U32_VSPRINTF_TRUE=''
LIBUNISTRING_COMPILE_UNISTDIO_U32_VASNPRINTF_FALSE='#'
LIBUNISTRING_COMPILE_UNISTDIO_U32_VASNPRINTF_TRUE=''
LIBUNISTRING_COMPILE_UNISTDIO_U32_VASPRINTF_FALSE='#'
LIBUNISTRING_COMPILE_UNISTDIO_U32_VASPRINTF_TRUE=''
LIBUNISTRING_COMPILE_UNISTDIO_U32_VSNPRINTF_FALSE='#'
LIBUNISTRING_COMPILE_UNISTDIO_U32_VSNPRINTF_TRUE=''
LIBUNISTRING_COMPILE_UNISTDIO_U32_VSPRINTF_FALSE='#'
LIBUNISTRING_COMPILE_UNISTDIO_U32_VSPRINTF_TRUE=''
LIBUNISTRING_COMPILE_UNISTDIO_U8_ASNPRINTF_FALSE='#'
LIBUNISTRING_COMPILE_UNISTDIO_U8_ASNPRINTF_TRUE=''
LIBUNISTRING_COMPILE_UNISTDIO_U8_ASPRINTF_FALSE='#'
LIBUNISTRING_COMPILE_UNISTDIO_U8_ASPRINTF_TRUE=''
LIBUNISTRING_COMPILE_UNISTDIO_U8_SNPRINTF_FALSE='#'
LIBUNISTRING_COMPILE_UNISTDIO_U8_SNPRINTF_TRUE=''
LIBUNISTRING_COMPILE_UNISTDIO_U8_SPRINTF_FALSE='#'
LIBUNISTRING_COMPILE_UNISTDIO_U8_SPRINTF_TRUE=''
LIBUNISTRING_COMPILE_UNISTDIO_U8_U8_ASNPRINTF_FALSE='#'
LIBUNISTRING_COMPILE_UNISTDIO_U8_U8_ASNPRINTF_TRUE=''
LIBUNISTRING_COMPILE_UNISTDIO_U8_U8_ASPRINTF_FALSE='#'
LIBUNISTRING_COMPILE_UNISTDIO_U8_U8_ASPRINTF_TRUE=''
LIBUNISTRING_COMPILE_UNISTDIO_U8_U8_SNPRINTF_FALSE='#'
LIBUNISTRING_COMPILE_UNISTDIO_U8_U8_SNPRINTF_TRUE=''
LIBUNISTRING_COMPILE_UNISTDIO_U8_U8_SPRINTF_FALSE='#'
LIBUNISTRING_COMPILE_UNISTDIO_U8_U8_SPRINTF_TRUE=''
LIBUNISTRING_COMPILE_UNISTDIO_U8_U8_VASNPRINTF_FALSE='#'
LIBUNISTRING_COMPILE_UNISTDIO_U8_U8_VASNPRINTF_TRUE=''
LIBUNISTRING_COMPILE_UNISTDIO_U8_U8_VASPRINTF_FALSE='#'
LIBUNISTRING_COMPILE_UNISTDIO_U8_U8_VASPRINTF_TRUE=''
LIBUNISTRING_COMPILE_UNISTDIO_U8_U8_VSNPRINTF_FALSE='#'
LIBUNISTRING_COMPILE_UNISTDIO_U8_U8_VSNPRINTF_TRUE=''
LIBUNISTRING_COMPILE_UNISTDIO_U8_U8_VSPRINTF_FALSE='#'
LIBUNISTRING_COMPILE_UNISTDIO_U8_U8_VSPRINTF_TRUE=''
LIBUNISTRING_COMPILE_UNISTDIO_U8_VASNPRINTF_FALSE='#'
LIBUNISTRING_COMPILE_UNISTDIO_U8_VASNPRINTF_TRUE=''
LIBUNISTRING_COMPILE_UNISTDIO_U8_VASPRINTF_FALSE='#'
LIBUNISTRING_COMPILE_UNISTDIO_U8_VASPRINTF_TRUE=''
LIBUNISTRING_COMPILE_UNISTDIO_U8_VSNPRINTF_FALSE='#'
LIBUNISTRING_COMPILE_UNISTDIO_U8_VSNPRINTF_TRUE=''
LIBUNISTRING_COMPILE_UNISTDIO_U8_VSPRINTF_FALSE='#'
LIBUNISTRING_COMPILE_UNISTDIO_U8_VSPRINTF_TRUE=''
LIBUNISTRING_COMPILE_UNISTDIO_ULC_ASNPRINTF_FALSE='#'
LIBUNISTRING_COMPILE_UNISTDIO_ULC_ASNPRINTF_TRUE=''
LIBUNISTRING_COMPILE_UNISTDIO_ULC_ASPRINTF_FALSE='#'
LIBUNISTRING_COMPILE_UNISTDIO_ULC_ASPRINTF_TRUE=''
LIBUNISTRING_COMPILE_UNISTDIO_ULC_FPRINTF_FALSE='#'
LIBUNISTRING_COMPILE_UNISTDIO_ULC_FPRINTF_TRUE=''
LIBUNISTRING_COMPILE_UNISTDIO_ULC_SNPRINTF_FALSE='#'
LIBUNISTRING_COMPILE_UNISTDIO_ULC_SNPRINTF_TRUE=''
LIBUNISTRING_COMPILE_UNISTDIO_ULC_SPRINTF_FALSE='#'
LIBUNISTRING_COMPILE_UNISTDIO_ULC_SPRINTF_TRUE=''
LIBUNISTRING_COMPILE_UNISTDIO_ULC_VASNPRINTF_FALSE='#'
LIBUNISTRING_COMPILE_UNISTDIO_ULC_VASNPRINTF_TRUE=''
LIBUNISTRING_COMPILE_UNISTDIO_ULC_VASPRINTF_FALSE='#'
LIBUNISTRING_COMPILE_UNISTDIO_ULC_VASPRINTF_TRUE=''
LIBUNISTRING_COMPILE_UNISTDIO_ULC_VFPRINTF_FALSE='#'
LIBUNISTRING_COMPILE_UNISTDIO_ULC_VFPRINTF_TRUE=''
LIBUNISTRING_COMPILE_UNISTDIO_ULC_VSNPRINTF_FALSE='#'
LIBUNISTRING_COMPILE_UNISTDIO_ULC_VSNPRINTF_TRUE=''
LIBUNISTRING_COMPILE_UNISTDIO_ULC_VSPRINTF_FALSE='#'
LIBUNISTRING_COMPILE_UNISTDIO_ULC_VSPRINTF_TRUE=''
LIBUNISTRING_COMPILE_UNISTR_U16_CHECK_FALSE='#'
LIBUNISTRING_COMPILE_UNISTR_U16_CHECK_TRUE=''
LIBUNISTRING_COMPILE_UNISTR_U16_CHR_FALSE='#'
LIBUNISTRING_COMPILE_UNISTR_U16_CHR_TRUE=''
LIBUNISTRING_COMPILE_UNISTR_U16_CMP2_FALSE='#'
LIBUNISTRING_COMPILE_UNISTR_U16_CMP2_TRUE=''
LIBUNISTRING_COMPILE_UNISTR_U16_CMP_FALSE='#'
LIBUNISTRING_COMPILE_UNISTR_U16_CMP_TRUE=''
LIBUNISTRING_COMPILE_UNISTR_U16_CPY_ALLOC_FALSE='#'
LIBUNISTRING_COMPILE_UNISTR_U16_CPY_ALLOC_TRUE=''
LIBUNISTRING_COMPILE_UNISTR_U16_CPY_FALSE='#'
LIBUNISTRING_COMPILE_UNISTR_U16_CPY_TRUE=''
LIBUNISTRING_COMPILE_UNISTR_U16_ENDSWITH_FALSE='#'
LIBUNISTRING_COMPILE_UNISTR_U16_ENDSWITH_TRUE=''
LIBUNISTRING_COMPILE_UNISTR_U16_MBLEN_FALSE='#'
LIBUNISTRING_COMPILE_UNISTR_U16_MBLEN_TRUE=''
LIBUNISTRING_COMPILE_UNISTR_U16_MBSNLEN_FALSE='#'
LIBUNISTRING_COMPILE_UNISTR_U16_MBSNLEN_TRUE=''
LIBUNISTRING_COMPILE_UNISTR_U16_MBTOUCR_FALSE='#'
LIBUNISTRING_COMPILE_UNISTR_U16_MBTOUCR_TRUE=''
LIBUNISTRING_COMPILE_UNISTR_U16_MBTOUC_FALSE='#'
LIBUNISTRING_COMPILE_UNISTR_U16_MBTOUC_TRUE=''
LIBUNISTRING_COMPILE_UNISTR_U16_MBTOUC_UNSAFE_FALSE='#'
LIBUNISTRING_COMPILE_UNISTR_U16_MBTOUC_UNSAFE_TRUE=''
LIBUNISTRING_COMPILE_UNISTR_U16_MOVE_FALSE='#'
LIBUNISTRING_COMPILE_UNISTR_U16_MOVE_TRUE=''
LIBUNISTRING_COMPILE_UNISTR_U16_NEXT_FALSE='#'
LIBUNISTRING_COMPILE_UNISTR_U16_NEXT_TRUE=''
LIBUNISTRING_COMPILE_UNISTR_U16_PCPY_FALSE='#'
LIBUNISTRING_COMPILE_UNISTR_U16_PCPY_TRUE=''
LIBUNISTRING_COMPILE_UNISTR_U16_PREV_FALSE='#'
LIBUNISTRING_COMPILE_UNISTR_U16_PREV_TRUE=''
LIBUNISTRING_COMPILE_UNISTR_U16_SET_FALSE='#'
LIBUNISTRING_COMPILE_UNISTR_U16_SET_TRUE=''
LIBUNISTRING_COMPILE_UNISTR_U16_STARTSWITH_FALSE='#'
LIBUNISTRING_COMPILE_UNISTR_U16_STARTSWITH_TRUE=''
LIBUNISTRING_COMPILE_UNISTR_U16_STPCPY_FALSE='#'
LIBUNISTRING_COMPILE_UNISTR_U16_STPCPY_TRUE=''
LIBUNISTRING_COMPILE_UNISTR_U16_STPNCPY_FALSE='#'
LIBUNISTRING_COMPILE_UNISTR_U16_STPNCPY_TRUE=''
LIBUNISTRING_COMPILE_UNISTR_U16_STRCAT_FALSE='#'
LIBUNISTRING_COMPILE_UNISTR_U16_STRCAT_TRUE=''
LIBUNISTRING_COMPILE_UNISTR_U16_STRCHR_FALSE='#'
LIBUNISTRING_COMPILE_UNISTR_U16_STRCHR_TRUE=''
LIBUNISTRING_COMPILE_UNISTR_U16_STRCMP_FALSE='#'
LIBUNISTRING_COMPILE_UNISTR_U16_STRCMP_TRUE=''
LIBUNISTRING_COMPILE_UNISTR_U16_STRCOLL_FALSE='#'
LIBUNISTRING_COMPILE_UNISTR_U16_STRCOLL_TRUE=''
LIBUNISTRING_COMPILE_UNISTR_U16_STRCPY_FALSE='#'
LIBUNISTRING_COMPILE_UNISTR_U16_STRCPY_TRUE=''
LIBUNISTRING_COMPILE_UNISTR_U16_STRCSPN_FALSE='#'
LIBUNISTRING_COMPILE_UNISTR_U16_STRCSPN_TRUE=''
LIBUNISTRING_COMPILE_UNISTR_U16_STRDUP_FALSE='#'
LIBUNISTRING_COMPILE_UNISTR_U16_STRDUP_TRUE=''
LIBUNISTRING_COMPILE_UNISTR_U16_STRLEN_FALSE='#'
LIBUNISTRING_COMPILE_UNISTR_U16_STRLEN_TRUE=''
LIBUNISTRING_COMPILE_UNISTR_U16_STRMBLEN_FALSE='#'
LIBUNISTRING_COMPILE_UNISTR_U16_STRMBLEN_TRUE=''
LIBUNISTRING_COMPILE_UNISTR_U16_STRMBTOUC_FALSE='#'
LIBUNISTRING_COMPILE_UNISTR_U16_STRMBTOUC_TRUE=''
LIBUNISTRING_COMPILE_UNISTR_U16_STRNCAT_FALSE='#'
LIBUNISTRING_COMPILE_UNISTR_U16_STRNCAT_TRUE=''
LIBUNISTRING_COMPILE_UNISTR_U16_STRNCMP_FALSE='#'
LIBUNISTRING_COMPILE_UNISTR_U16_STRNCMP_TRUE=''
LIBUNISTRING_COMPILE_UNISTR_U16_STRNCPY_FALSE='#'
LIBUNISTRING_COMPILE_UNISTR_U16_STRNCPY_TRUE=''
LIBUNISTRING_COMPILE_UNISTR_U16_STRNLEN_FALSE='#'
LIBUNISTRING_COMPILE_UNISTR_U16_STRNLEN_TRUE=''
LIBUNISTRING_COMPILE_UNISTR_U16_STRPBRK_FALSE='#'
LIBUNISTRING_COMPILE_UNISTR_U16_STRPBRK_TRUE=''
LIBUNISTRING_COMPILE_UNISTR_U16_STRRCHR_FALSE='#'
LIBUNISTRING_COMPILE_UNISTR_U16_STRRCHR_TRUE=''
LIBUNISTRING_COMPILE_UNISTR_U16_STRSPN_FALSE='#'
LIBUNISTRING_COMPILE_UNISTR_U16_STRSPN_TRUE=''
LIBUNISTRING_COMPILE_UNISTR_U16_STRSTR_FALSE='#'
LIBUNISTRING_COMPILE_UNISTR_U16_STRSTR_TRUE=''
LIBUNISTRING_COMPILE_UNISTR_U16_STRTOK_FALSE='#'
LIBUNISTRING_COMPILE_UNISTR_U16_STRTOK_TRUE=''
LIBUNISTRING_COMPILE_UNISTR_U16_TO_U32_FALSE='#'
LIBUNISTRING_COMPILE_UNISTR_U16_TO_U32_TRUE=''
LIBUNISTRING_COMPILE_UNISTR_U16_TO_U8_FALSE='#'
LIBUNISTRING_COMPILE_UNISTR_U16_TO_U8_TRUE=''
LIBUNISTRING_COMPILE_UNISTR_U16_UCTOMB_FALSE='#'
LIBUNISTRING_COMPILE_UNISTR_U16_UCTOMB_TRUE=''
LIBUNISTRING_COMPILE_UNISTR_U32_CHECK_FALSE='#'
LIBUNISTRING_COMPILE_UNISTR_U32_CHECK_TRUE=''
LIBUNISTRING_COMPILE_UNISTR_U32_CHR_FALSE='#'
LIBUNISTRING_COMPILE_UNISTR_U32_CHR_TRUE=''
LIBUNISTRING_COMPILE_UNISTR_U32_CMP2_FALSE='#'
LIBUNISTRING_COMPILE_UNISTR_U32_CMP2_TRUE=''
LIBUNISTRING_COMPILE_UNISTR_U32_CMP_FALSE='#'
LIBUNISTRING_COMPILE_UNISTR_U32_CMP_TRUE=''
LIBUNISTRING_COMPILE_UNISTR_U32_CPY_ALLOC_FALSE='#'
LIBUNISTRING_COMPILE_UNISTR_U32_CPY_ALLOC_TRUE=''
LIBUNISTRING_COMPILE_UNISTR_U32_CPY_FALSE='#'
LIBUNISTRING_COMPILE_UNISTR_U32_CPY_TRUE=''
LIBUNISTRING_COMPILE_UNISTR_U32_ENDSWITH_FALSE='#'
LIBUNISTRING_COMPILE_UNISTR_U32_ENDSWITH_TRUE=''
LIBUNISTRING_COMPILE_UNISTR_U32_MBLEN_FALSE='#'
LIBUNISTRING_COMPILE_UNISTR_U32_MBLEN_TRUE=''
LIBUNISTRING_COMPILE_UNISTR_U32_MBSNLEN_FALSE='#'
LIBUNISTRING_COMPILE_UNISTR_U32_MBSNLEN_TRUE=''
LIBUNISTRING_COMPILE_UNISTR_U32_MBTOUCR_FALSE='#'
LIBUNISTRING_COMPILE_UNISTR_U32_MBTOUCR_TRUE=''
LIBUNISTRING_COMPILE_UNISTR_U32_MBTOUC_FALSE='#'
LIBUNISTRING_COMPILE_UNISTR_U32_MBTOUC_TRUE=''
LIBUNISTRING_COMPILE_UNISTR_U32_MBTOUC_UNSAFE_FALSE='#'
LIBUNISTRING_COMPILE_UNISTR_U32_MBTOUC_UNSAFE_TRUE=''
LIBUNISTRING_COMPILE_UNISTR_U32_MOVE_FALSE='#'
LIBUNISTRING_COMPILE_UNISTR_U32_MOVE_TRUE=''
LIBUNISTRING_COMPILE_UNISTR_U32_NEXT_FALSE='#'
LIBUNISTRING_COMPILE_UNISTR_U32_NEXT_TRUE=''
LIBUNISTRING_COMPILE_UNISTR_U32_PCPY_FALSE='#'
LIBUNISTRING_COMPILE_UNISTR_U32_PCPY_TRUE=''
LIBUNISTRING_COMPILE_UNISTR_U32_PREV_FALSE='#'
LIBUNISTRING_COMPILE_UNISTR_U32_PREV_TRUE=''
LIBUNISTRING_COMPILE_UNISTR_U32_SET_FALSE='#'
LIBUNISTRING_COMPILE_UNISTR_U32_SET_TRUE=''
LIBUNISTRING_COMPILE_UNISTR_U32_STARTSWITH_FALSE='#'
LIBUNISTRING_COMPILE_UNISTR_U32_STARTSWITH_TRUE=''
LIBUNISTRING_COMPILE_UNISTR_U32_STPCPY_FALSE='#'
LIBUNISTRING_COMPILE_UNISTR_U32_STPCPY_TRUE=''
LIBUNISTRING_COMPILE_UNISTR_U32_STPNCPY_FALSE='#'
LIBUNISTRING_COMPILE_UNISTR_U32_STPNCPY_TRUE=''
LIBUNISTRING_COMPILE_UNISTR_U32_STRCAT_FALSE='#'
LIBUNISTRING_COMPILE_UNISTR_U32_STRCAT_TRUE=''
LIBUNISTRING_COMPILE_UNISTR_U32_STRCHR_FALSE='#'
LIBUNISTRING_COMPILE_UNISTR_U32_STRCHR_TRUE=''
LIBUNISTRING_COMPILE_UNISTR_U32_STRCMP_FALSE='#'
LIBUNISTRING_COMPILE_UNISTR_U32_STRCMP_TRUE=''
LIBUNISTRING_COMPILE_UNISTR_U32_STRCOLL_FALSE='#'
LIBUNISTRING_COMPILE_UNISTR_U32_STRCOLL_TRUE=''
LIBUNISTRING_COMPILE_UNISTR_U32_STRCPY_FALSE='#'
LIBUNISTRING_COMPILE_UNISTR_U32_STRCPY_TRUE=''
LIBUNISTRING_COMPILE_UNISTR_U32_STRCSPN_FALSE='#'
LIBUNISTRING_COMPILE_UNISTR_U32_STRCSPN_TRUE=''
LIBUNISTRING_COMPILE_UNISTR_U32_STRDUP_FALSE='#'
LIBUNISTRING_COMPILE_UNISTR_U32_STRDUP_TRUE=''
LIBUNISTRING_COMPILE_UNISTR_U32_STRLEN_FALSE='#'
LIBUNISTRING_COMPILE_UNISTR_U32_STRLEN_TRUE=''
LIBUNISTRING_COMPILE_UNISTR_U32_STRMBLEN_FALSE='#'
LIBUNISTRING_COMPILE_UNISTR_U32_STRMBLEN_TRUE=''
LIBUNISTRING_COMPILE_UNISTR_U32_STRMBTOUC_FALSE='#'
LIBUNISTRING_COMPILE_UNISTR_U32_STRMBTOUC_TRUE=''
LIBUNISTRING_COMPILE_UNISTR_U32_STRNCAT_FALSE='#'
LIBUNISTRING_COMPILE_UNISTR_U32_STRNCAT_TRUE=''
LIBUNISTRING_COMPILE_UNISTR_U32_STRNCMP_FALSE='#'
LIBUNISTRING_COMPILE_UNISTR_U32_STRNCMP_TRUE=''
LIBUNISTRING_COMPILE_UNISTR_U32_STRNCPY_FALSE='#'
LIBUNISTRING_COMPILE_UNISTR_U32_STRNCPY_TRUE=''
LIBUNISTRING_COMPILE_UNISTR_U32_STRNLEN_FALSE='#'
LIBUNISTRING_COMPILE_UNISTR_U32_STRNLEN_TRUE=''
LIBUNISTRING_COMPILE_UNISTR_U32_STRPBRK_FALSE='#'
LIBUNISTRING_COMPILE_UNISTR_U32_STRPBRK_TRUE=''
LIBUNISTRING_COMPILE_UNISTR_U32_STRRCHR_FALSE='#'
LIBUNISTRING_COMPILE_UNISTR_U32_STRRCHR_TRUE=''
LIBUNISTRING_COMPILE_UNISTR_U32_STRSPN_FALSE='#'
LIBUNISTRING_COMPILE_UNISTR_U32_STRSPN_TRUE=''
LIBUNISTRING_COMPILE_UNISTR_U32_STRSTR_FALSE='#'
LIBUNISTRING_COMPILE_UNISTR_U32_STRSTR_TRUE=''
LIBUNISTRING_COMPILE_UNISTR_U32_STRTOK_FALSE='#'
LIBUNISTRING_COMPILE_UNISTR_U32_STRTOK_TRUE=''
LIBUNISTRING_COMPILE_UNISTR_U32_TO_U16_FALSE='#'
LIBUNISTRING_COMPILE_UNISTR_U32_TO_U16_TRUE=''
LIBUNISTRING_COMPILE_UNISTR_U32_TO_U8_FALSE='#'
LIBUNISTRING_COMPILE_UNISTR_U32_TO_U8_TRUE=''
LIBUNISTRING_COMPILE_UNISTR_U32_UCTOMB_FALSE='#'
LIBUNISTRING_COMPILE_UNISTR_U32_UCTOMB_TRUE=''
LIBUNISTRING_COMPILE_UNISTR_U8_CHECK_FALSE='#'
LIBUNISTRING_COMPILE_UNISTR_U8_CHECK_TRUE=''
LIBUNISTRING_COMPILE_UNISTR_U8_CHR_FALSE='#'
LIBUNISTRING_COMPILE_UNISTR_U8_CHR_TRUE=''
LIBUNISTRING_COMPILE_UNISTR_U8_CMP2_FALSE='#'
LIBUNISTRING_COMPILE_UNISTR_U8_CMP2_TRUE=''
LIBUNISTRING_COMPILE_UNISTR_U8_CMP_FALSE='#'
LIBUNISTRING_COMPILE_UNISTR_U8_CMP_TRUE=''
LIBUNISTRING_COMPILE_UNISTR_U8_CPY_ALLOC_FALSE='#'
LIBUNISTRING_COMPILE_UNISTR_U8_CPY_ALLOC_TRUE=''
LIBUNISTRING_COMPILE_UNISTR_U8_CPY_FALSE='#'
LIBUNISTRING_COMPILE_UNISTR_U8_CPY_TRUE=''
LIBUNISTRING_COMPILE_UNISTR_U8_ENDSWITH_FALSE='#'
LIBUNISTRING_COMPILE_UNISTR_U8_ENDSWITH_TRUE=''
LIBUNISTRING_COMPILE_UNISTR_U8_MBLEN_FALSE='#'
LIBUNISTRING_COMPILE_UNISTR_U8_MBLEN_TRUE=''
LIBUNISTRING_COMPILE_UNISTR_U8_MBSNLEN_FALSE='#'
LIBUNISTRING_COMPILE_UNISTR_U8_MBSNLEN_TRUE=''
LIBUNISTRING_COMPILE_UNISTR_U8_MBTOUCR_FALSE='#'
LIBUNISTRING_COMPILE_UNISTR_U8_MBTOUCR_TRUE=''
LIBUNISTRING_COMPILE_UNISTR_U8_MBTOUC_FALSE='#'
LIBUNISTRING_COMPILE_UNISTR_U8_MBTOUC_TRUE=''
LIBUNISTRING_COMPILE_UNISTR_U8_MBTOUC_UNSAFE_FALSE='#'
LIBUNISTRING_COMPILE_UNISTR_U8_MBTOUC_UNSAFE_TRUE=''
LIBUNISTRING_COMPILE_UNISTR_U8_MOVE_FALSE='#'
LIBUNISTRING_COMPILE_UNISTR_U8_MOVE_TRUE=''
LIBUNISTRING_COMPILE_UNISTR_U8_NEXT_FALSE='#'
LIBUNISTRING_COMPILE_UNISTR_U8_NEXT_TRUE=''
LIBUNISTRING_COMPILE_UNISTR_U8_PCPY_FALSE='#'
LIBUNISTRING_COMPILE_UNISTR_U8_PCPY_TRUE=''
LIBUNISTRING_COMPILE_UNISTR_U8_PREV_FALSE='#'
LIBUNISTRING_COMPILE_UNISTR_U8_PREV_TRUE=''
LIBUNISTRING_COMPILE_UNISTR_U8_SET_FALSE='#'
LIBUNISTRING_COMPILE_UNISTR_U8_SET_TRUE=''
LIBUNISTRING_COMPILE_UNISTR_U8_STARTSWITH_FALSE='#'
LIBUNISTRING_COMPILE_UNISTR_U8_STARTSWITH_TRUE=''
LIBUNISTRING_COMPILE_UNISTR_U8_STPCPY_FALSE='#'
LIBUNISTRING_COMPILE_UNISTR_U8_STPCPY_TRUE=''
LIBUNISTRING_COMPILE_UNISTR_U8_STPNCPY_FALSE='#'
LIBUNISTRING_COMPILE_UNISTR_U8_STPNCPY_TRUE=''
LIBUNISTRING_COMPILE_UNISTR_U8_STRCAT_FALSE='#'
LIBUNISTRING_COMPILE_UNISTR_U8_STRCAT_TRUE=''
LIBUNISTRING_COMPILE_UNISTR_U8_STRCHR_FALSE='#'
LIBUNISTRING_COMPILE_UNISTR_U8_STRCHR_TRUE=''
LIBUNISTRING_COMPILE_UNISTR_U8_STRCMP_FALSE='#'
LIBUNISTRING_COMPILE_UNISTR_U8_STRCMP_TRUE=''
LIBUNISTRING_COMPILE_UNISTR_U8_STRCOLL_FALSE='#'
LIBUNISTRING_COMPILE_UNISTR_U8_STRCOLL_TRUE=''
LIBUNISTRING_COMPILE_UNISTR_U8_STRCPY_FALSE='#'
LIBUNISTRING_COMPILE_UNISTR_U8_STRCPY_TRUE=''
LIBUNISTRING_COMPILE_UNISTR_U8_STRCSPN_FALSE='#'
LIBUNISTRING_COMPILE_UNISTR_U8_STRCSPN_TRUE=''
LIBUNISTRING_COMPILE_UNISTR_U8_STRDUP_FALSE='#'
LIBUNISTRING_COMPILE_UNISTR_U8_STRDUP_TRUE=''
LIBUNISTRING_COMPILE_UNISTR_U8_STRLEN_FALSE='#'
LIBUNISTRING_COMPILE_UNISTR_U8_STRLEN_TRUE=''
LIBUNISTRING_COMPILE_UNISTR_U8_STRMBLEN_FALSE='#'
LIBUNISTRING_COMPILE_UNISTR_U8_STRMBLEN_TRUE=''
LIBUNISTRING_COMPILE_UNISTR_U8_STRMBTOUC_FALSE='#'
LIBUNISTRING_COMPILE_UNISTR_U8_STRMBTOUC_TRUE=''
LIBUNISTRING_COMPILE_UNISTR_U8_STRNCAT_FALSE='#'
LIBUNISTRING_COMPILE_UNISTR_U8_STRNCAT_TRUE=''
LIBUNISTRING_COMPILE_UNISTR_U8_STRNCMP_FALSE='#'
LIBUNISTRING_COMPILE_UNISTR_U8_STRNCMP_TRUE=''
LIBUNISTRING_COMPILE_UNISTR_U8_STRNCPY_FALSE='#'
LIBUNISTRING_COMPILE_UNISTR_U8_STRNCPY_TRUE=''
LIBUNISTRING_COMPILE_UNISTR_U8_STRNLEN_FALSE='#'
LIBUNISTRING_COMPILE_UNISTR_U8_STRNLEN_TRUE=''
LIBUNISTRING_COMPILE_UNISTR_U8_STRPBRK_FALSE='#'
LIBUNISTRING_COMPILE_UNISTR_U8_STRPBRK_TRUE=''
LIBUNISTRING_COMPILE_UNISTR_U8_STRRCHR_FALSE='#'
LIBUNISTRING_COMPILE_UNISTR_U8_STRRCHR_TRUE=''
LIBUNISTRING_COMPILE_UNISTR_U8_STRSPN_FALSE='#'
LIBUNISTRING_COMPILE_UNISTR_U8_STRSPN_TRUE=''
LIBUNISTRING_COMPILE_UNISTR_U8_STRSTR_FALSE='#'
LIBUNISTRING_COMPILE_UNISTR_U8_STRSTR_TRUE=''
LIBUNISTRING_COMPILE_UNISTR_U8_STRTOK_FALSE='#'
LIBUNISTRING_COMPILE_UNISTR_U8_STRTOK_TRUE=''
LIBUNISTRING_COMPILE_UNISTR_U8_TO_U16_FALSE='#'
LIBUNISTRING_COMPILE_UNISTR_U8_TO_U16_TRUE=''
LIBUNISTRING_COMPILE_UNISTR_U8_TO_U32_FALSE='#'
LIBUNISTRING_COMPILE_UNISTR_U8_TO_U32_TRUE=''
LIBUNISTRING_COMPILE_UNISTR_U8_UCTOMB_FALSE='#'
LIBUNISTRING_COMPILE_UNISTR_U8_UCTOMB_TRUE=''
LIBUNISTRING_COMPILE_UNIWBRK_U16_WORDBREAKS_FALSE='#'
LIBUNISTRING_COMPILE_UNIWBRK_U16_WORDBREAKS_TRUE=''
LIBUNISTRING_COMPILE_UNIWBRK_U32_WORDBREAKS_FALSE='#'
LIBUNISTRING_COMPILE_UNIWBRK_U32_WORDBREAKS_TRUE=''
LIBUNISTRING_COMPILE_UNIWBRK_U8_WORDBREAKS_FALSE='#'
LIBUNISTRING_COMPILE_UNIWBRK_U8_WORDBREAKS_TRUE=''
LIBUNISTRING_COMPILE_UNIWBRK_ULC_WORDBREAKS_FALSE='#'
LIBUNISTRING_COMPILE_UNIWBRK_ULC_WORDBREAKS_TRUE=''
LIBUNISTRING_COMPILE_UNIWBRK_WORDBREAK_PROPERTY_FALSE='#'
LIBUNISTRING_COMPILE_UNIWBRK_WORDBREAK_PROPERTY_TRUE=''
LIBUNISTRING_COMPILE_UNIWIDTH_U16_STRWIDTH_FALSE='#'
LIBUNISTRING_COMPILE_UNIWIDTH_U16_STRWIDTH_TRUE=''
LIBUNISTRING_COMPILE_UNIWIDTH_U16_WIDTH_FALSE='#'
LIBUNISTRING_COMPILE_UNIWIDTH_U16_WIDTH_TRUE=''
LIBUNISTRING_COMPILE_UNIWIDTH_U32_STRWIDTH_FALSE='#'
LIBUNISTRING_COMPILE_UNIWIDTH_U32_STRWIDTH_TRUE=''
LIBUNISTRING_COMPILE_UNIWIDTH_U32_WIDTH_FALSE='#'
LIBUNISTRING_COMPILE_UNIWIDTH_U32_WIDTH_TRUE=''
LIBUNISTRING_COMPILE_UNIWIDTH_U8_STRWIDTH_FALSE='#'
LIBUNISTRING_COMPILE_UNIWIDTH_U8_STRWIDTH_TRUE=''
LIBUNISTRING_COMPILE_UNIWIDTH_U8_WIDTH_FALSE='#'
LIBUNISTRING_COMPILE_UNIWIDTH_U8_WIDTH_TRUE=''
LIBUNISTRING_COMPILE_UNIWIDTH_WIDTH_FALSE='#'
LIBUNISTRING_COMPILE_UNIWIDTH_WIDTH_TRUE=''
LIBUNISTRING_UNICASE_H='unicase.h'
LIBUNISTRING_UNICONV_H='uniconv.h'
LIBUNISTRING_UNICTYPE_H='unictype.h'
LIBUNISTRING_UNIGBRK_H='unigbrk.h'
LIBUNISTRING_UNILBRK_H='unilbrk.h'
LIBUNISTRING_UNIMETADATA_H='unimetadata.h'
LIBUNISTRING_UNINAME_H='uniname.h'
LIBUNISTRING_UNINORM_H='uninorm.h'
LIBUNISTRING_UNISTDIO_H='unistdio.h'
LIBUNISTRING_UNISTR_H='unistr.h'
LIBUNISTRING_UNITYPES_H='unitypes.h'
LIBUNISTRING_UNIWBRK_H='uniwbrk.h'
LIBUNISTRING_UNIWIDTH_H='uniwidth.h'
LIB_HARD_LOCALE=''
LIB_MBRTOWC=''
LIB_NANOSLEEP=''
LIB_PTHREAD='-lpthread'
LIB_PTHREAD_SIGMASK=''
LIB_SCHED_YIELD=''
LIB_SELECT=''
LIB_SEMAPHORE=''
LIB_SETLOCALE=''
LIB_SETLOCALE_NULL=''
LIMITS_H='limits.h'
LIPO=''
LN_S='ln -s'
LOCALCHARSET_TESTS_ENVIRONMENT=''
LOCALENAME_ENHANCE_LOCALE_FUNCS='0'
LOCALE_AR='none'
LOCALE_EN_UTF8='en_US.UTF-8'
LOCALE_FR='none'
LOCALE_FR_UTF8='fr_FR.UTF-8'
LOCALE_JA='none'
LOCALE_TR_UTF8='none'
LOCALE_ZH_CN='none'
LTLIBICONV=''
LTLIBINTL=''
LTLIBMULTITHREAD='-lpthread'
LTLIBOBJS=''
LTLIBTHREAD=''
LT_SYS_LIBRARY_PATH=''
MAKEINFO='${SHELL} '\''/home/bloink/Work/unnamedlinuxdistro/libunistring/build-aux/missing'\'' makeinfo'
MANIFEST_TOOL=':'
MBRTOWC_LIB=''
MKDIR_P='/bin/mkdir -p'
NAMESPACING='yes'
NANOSLEEP_LIB=''
NETINET_IN_H=''
NEXT_ARPA_INET_H='<arpa/inet.h>'
NEXT_ASSERT_H=''
NEXT_AS_FIRST_DIRECTIVE_ARPA_INET_H='<arpa/inet.h>'
NEXT_AS_FIRST_DIRECTIVE_ASSERT_H=''
NEXT_AS_FIRST_DIRECTIVE_CTYPE_H='<ctype.h>'
NEXT_AS_FIRST_DIRECTIVE_ERRNO_H=''
NEXT_AS_FIRST_DIRECTIVE_ERROR_H='<error.h>'
NEXT_AS_FIRST_DIRECTIVE_FCNTL_H='<fcntl.h>'
NEXT_AS_FIRST_DIRECTIVE_FLOAT_H='<float.h>'
NEXT_AS_FIRST_DIRECTIVE_ICONV_H='<iconv.h>'
NEXT_AS_FIRST_DIRECTIVE_INTTYPES_H='<inttypes.h>'
NEXT_AS_FIRST_DIRECTIVE_LIMITS_H='<limits.h>'
NEXT_AS_FIRST_DIRECTIVE_LOCALE_H='<locale.h>'
NEXT_AS_FIRST_DIRECTIVE_MATH_H='<math.h>'
NEXT_AS_FIRST_DIRECTIVE_NETINET_IN_H=''
NEXT_AS_FIRST_DIRECTIVE_PTHREAD_H='<pthread.h>'
NEXT_AS_FIRST_DIRECTIVE_SCHED_H='<sched.h>'
NEXT_AS_FIRST_DIRECTIVE_SIGNAL_H='<signal.h>'
NEXT_AS_FIRST_DIRECTIVE_STDCKDINT_H='<stdckdint.h>'
NEXT_AS_FIRST_DIRECTIVE_STDDEF_H='<stddef.h>'
NEXT_AS_FIRST_DIRECTIVE_STDINT_H='<stdint.h>'
NEXT_AS_FIRST_DIRECTIVE_STDIO_H='<stdio.h>'
NEXT_AS_FIRST_DIRECTIVE_STDLIB_H='<stdlib.h>'
NEXT_AS_FIRST_DIRECTIVE_STRING_H='<string.h>'
NEXT_AS_FIRST_DIRECTIVE_SYS_IOCTL_H='<sys/ioctl.h>'
NEXT_AS_FIRST_DIRECTIVE_SYS_SELECT_H='<sys/select.h>'
NEXT_AS_FIRST_DIRECTIVE_SYS_SOCKET_H='<sys/socket.h>'
NEXT_AS_FIRST_DIRECTIVE_SYS_STAT_H='<sys/stat.h>'
NEXT_AS_FIRST_DIRECTIVE_SYS_TIME_H='<sys/time.h>'
NEXT_AS_FIRST_DIRECTIVE_SYS_TYPES_H='<sys/types.h>'
NEXT_AS_FIRST_DIRECTIVE_SYS_UIO_H='<sys/uio.h>'
NEXT_AS_FIRST_DIRECTIVE_TIME_H='<time.h>'
NEXT_AS_FIRST_DIRECTIVE_UCHAR_H='<uchar.h>'
NEXT_AS_FIRST_DIRECTIVE_UNISTD_H='<unistd.h>'
NEXT_AS_FIRST_DIRECTIVE_WCHAR_H='<wchar.h>'
NEXT_AS_FIRST_DIRECTIVE_WCTYPE_H='<wctype.h>'
NEXT_CTYPE_H='<ctype.h>'
NEXT_ERRNO_H=''
NEXT_ERROR_H='<error.h>'
NEXT_FCNTL_H='<fcntl.h>'
NEXT_FLOAT_H='<float.h>'
NEXT_ICONV_H='<iconv.h>'
NEXT_INTTYPES_H='<inttypes.h>'
NEXT_LIMITS_H='<limits.h>'
NEXT_LOCALE_H='<locale.h>'
NEXT_MATH_H='<math.h>'
NEXT_NETINET_IN_H=''
NEXT_PTHREAD_H='<pthread.h>'
NEXT_SCHED_H='<sched.h>'
NEXT_SIGNAL_H='<signal.h>'
NEXT_STDCKDINT_H='<stdckdint.h>'
NEXT_STDDEF_H='<stddef.h>'
NEXT_STDINT_H='<stdint.h>'
NEXT_STDIO_H='<stdio.h>'
NEXT_STDLIB_H='<stdlib.h>'
NEXT_STRING_H='<string.h>'
NEXT_SYS_IOCTL_H='<sys/ioctl.h>'
NEXT_SYS_SELECT_H='<sys/select.h>'
NEXT_SYS_SOCKET_H='<sys/socket.h>'
NEXT_SYS_STAT_H='<sys/stat.h>'
NEXT_SYS_TIME_H='<sys/time.h>'
NEXT_SYS_TYPES_H='<sys/types.h>'
NEXT_SYS_UIO_H='<sys/uio.h>'
NEXT_TIME_H='<time.h>'
NEXT_UCHAR_H='<uchar.h>'
NEXT_UNISTD_H='<unistd.h>'
NEXT_WCHAR_H='<wchar.h>'
NEXT_WCTYPE_H='<wctype.h>'
NM='/usr/bin/nm -B'
NMEDIT=''
NULLPTR_T_NEEDS_STDDEF='1'
OBJDUMP='objdump'
OBJEXT='o'
OS_IS_AIX_FALSE=''
OS_IS_AIX_TRUE='#'
OS_IS_ANDROID_FALSE=''
OS_IS_ANDROID_TRUE='#'
OS_IS_CYGWIN_FALSE=''
OS_IS_CYGWIN_TRUE='#'
OS_IS_FREEBSD_FALSE=''
OS_IS_FREEBSD_TRUE='#'
OS_IS_HAIKU_FALSE=''
OS_IS_HAIKU_TRUE='#'
OS_IS_MACOS11_FALSE=''
OS_IS_MACOS11_TRUE='#'
OS_IS_MACOS12_FALSE=''
OS_IS_MACOS12_TRUE='#'
OS_IS_MACOS13_FALSE=''
OS_IS_MACOS13_TRUE='#'
OS_IS_MACOS14_FALSE=''
OS_IS_MACOS14_TRUE='#'
OS_IS_MACOS_FALSE=''
OS_IS_MACOS_TRUE='#'
OS_IS_NATIVE_WINDOWS_FALSE=''
OS_IS_NATIVE_WINDOWS_TRUE='#'
OS_IS_NETBSD_FALSE=''
OS_IS_NETBSD_TRUE='#'
OS_IS_OPENBSD_FALSE=''
OS_IS_OPENBSD_TRUE='#'
OS_IS_SOLARIS11_FALSE=''
OS_IS_SOLARIS11_TRUE='#'
OTOOL64=''
OTOOL=''
PACKAGE='libunistring'
PACKAGE_BUGREPORT=''
PACKAGE_NAME='libunistring'
PACKAGE_STRING='libunistring 1.4.2'
PACKAGE_TARNAME='libunistring'
PACKAGE_URL=''
PACKAGE_VERSION='1.4.2'
PATH_SEPARATOR=':'
PERL='/usr/bin/perl'
PLATFORM_IS_MINGW_FALSE=''
PLATFORM_IS_MINGW_TRUE='#'
PLATFORM_IS_MSVC_FALSE=''
PLATFORM_IS_MSVC_TRUE='#'
PRAGMA_COLUMNS=''
PRAGMA_SYSTEM_HEADER='#pragma GCC system_header'
PRIPTR_PREFIX='"l"'
PTHREAD_H_DEFINES_STRUCT_TIMESPEC='0'
PTHREAD_ONCE_LIB=''
PTHREAD_SIGMASK_LIB=''
PTRDIFF_T_SUFFIX=''
RANLIB='ranlib'
RC=''
RELOCATABLE='no'
REPLACE_ABORT='0'
REPLACE_ACCESS='0'
REPLACE_ACOSF='0'
REPLACE_ALIGNED_ALLOC='0'
REPLACE_ASINF='0'
REPLACE_ATAN2F='0'
REPLACE_ATANF='0'
REPLACE_BTOWC='0'
REPLACE_C32RTOMB='0'
REPLACE_CALLOC_FOR_CALLOC_GNU='0'
REPLACE_CALLOC_FOR_CALLOC_POSIX='0'
REPLACE_CANONICALIZE_FILE_NAME='0'
REPLACE_CBRTF='0'
REPLACE_CBRTL='0'
REPLACE_CEIL='0'
REPLACE_CEILF='0'
REPLACE_CEILL='0'
REPLACE_CHMOD='0'
REPLACE_CHOWN='0'
REPLACE_CLOSE='0'
REPLACE_COPY_FILE_RANGE='0'
REPLACE_COSF='0'
REPLACE_COSHF='0'
REPLACE_CREAT='0'
REPLACE_CTIME='0'
REPLACE_DPRINTF='0'
REPLACE_DUP2='0'
REPLACE_DUP3='0'
REPLACE_DUP='0'
REPLACE_DUPLOCALE='0'
REPLACE_ERROR='0'
REPLACE_ERROR_AT_LINE='0'
REPLACE_EXECL='0'
REPLACE_EXECLE='0'
REPLACE_EXECLP='0'
REPLACE_EXECV='0'
REPLACE_EXECVE='0'
REPLACE_EXECVP='0'
REPLACE_EXECVPE='0'
REPLACE_EXP2='0'
REPLACE_EXP2L='0'
REPLACE_EXPF='0'
REPLACE_EXPL='0'
REPLACE_EXPM1='0'
REPLACE_EXPM1F='0'
REPLACE_EXPM1L='0'
REPLACE_FABSL='0'
REPLACE_FACCESSAT='0'
REPLACE_FCHDIR='0'
REPLACE_FCHMODAT='0'
REPLACE_FCHOWNAT='0'
REPLACE_FCLOSE='0'
REPLACE_FCNTL='1'
REPLACE_FDATASYNC='0'
REPLACE_FDOPEN='0'
REPLACE_FFLUSH='0'
REPLACE_FFSLL='0'
REPLACE_FLOOR='0'
REPLACE_FLOORF='0'
REPLACE_FLOORL='0'
REPLACE_FMA='0'
REPLACE_FMAF='0'
REPLACE_FMAL='0'
REPLACE_FMOD='0'
REPLACE_FMODF='0'
REPLACE_FMODL='0'
REPLACE_FOPEN='0'
REPLACE_FOPEN_FOR_FOPEN_GNU='0'
REPLACE_FPRINTF='0'
REPLACE_FPURGE='0'
REPLACE_FREE='1'
REPLACE_FREELOCALE='0'
REPLACE_FREOPEN='0'
REPLACE_FREXP='0'
REPLACE_FREXPF='0'
REPLACE_FREXPL='0'
REPLACE_FSEEK='0'
REPLACE_FSEEKO='0'
REPLACE_FSTAT='0'
REPLACE_FSTATAT='0'
REPLACE_FTELL='0'
REPLACE_FTELLO='0'
REPLACE_FTRUNCATE='0'
REPLACE_FUTIMENS='0'
REPLACE_GETCWD='0'
REPLACE_GETDELIM='0'
REPLACE_GETDOMAINNAME='0'
REPLACE_GETDTABLESIZE='0'
REPLACE_GETENTROPY='0'
REPLACE_GETGROUPS='0'
REPLACE_GETLINE='0'
REPLACE_GETLOADAVG='0'
REPLACE_GETLOCALENAME_L='0'
REPLACE_GETLOGIN='0'
REPLACE_GETLOGIN_R='0'
REPLACE_GETPAGESIZE='0'
REPLACE_GETPASS='0'
REPLACE_GETPASS_FOR_GETPASS_GNU='0'
REPLACE_GETPAYLOAD='0'
REPLACE_GETPAYLOADF='0'
REPLACE_GETPAYLOADL='0'
REPLACE_GETPROGNAME='0'
REPLACE_GETSUBOPT='0'
REPLACE_GETTIMEOFDAY='0'
REPLACE_GETUSERSHELL='0'
REPLACE_GMTIME='0'
REPLACE_HUGE_VAL='0'
REPLACE_HYPOT='0'
REPLACE_HYPOTF='0'
REPLACE_HYPOTL='0'
REPLACE_ICONV='0'
REPLACE_ICONV_OPEN='0'
REPLACE_ICONV_UTF='0'
REPLACE_ILOGB='0'
REPLACE_ILOGBF='0'
REPLACE_ILOGBL='0'
REPLACE_IMAXABS='0'
REPLACE_IMAXDIV='0'
REPLACE_INET_NTOP='0'
REPLACE_INET_PTON='0'
REPLACE_INITSTATE='0'
REPLACE_IOCTL='0'
REPLACE_ISATTY='0'
REPLACE_ISFINITE='0'
REPLACE_ISINF='0'
REPLACE_ISNAN='0'
REPLACE_ISWBLANK='0'
REPLACE_ISWCNTRL='0'
REPLACE_ISWDIGIT='0'
REPLACE_ISWPUNCT='0'
REPLACE_ISWXDIGIT='0'
REPLACE_ITOLD='0'
REPLACE_LCHOWN='0'
REPLACE_LDEXP='0'
REPLACE_LDEXPL='0'
REPLACE_LINK='0'
REPLACE_LINKAT='0'
REPLACE_LOCALECONV='0'
REPLACE_LOCALTIME='0'
REPLACE_LOCALTIME_R='0'
REPLACE_LOCALTIME_RZ='0'
REPLACE_LOG10='0'
REPLACE_LOG10F='0'
REPLACE_LOG10L='0'
REPLACE_LOG1P='0'
REPLACE_LOG1PF='0'
REPLACE_LOG1PL='0'
REPLACE_LOG2='0'
REPLACE_LOG2F='0'
REPLACE_LOG2L='0'
REPLACE_LOG='0'
REPLACE_LOGB='0'
REPLACE_LOGBF='0'
REPLACE_LOGBL='0'
REPLACE_LOGF='0'
REPLACE_LOGL='0'
REPLACE_LSEEK='0'
REPLACE_LSTAT='0'
REPLACE_MALLOC_FOR_MALLOC_GNU='0'
REPLACE_MALLOC_FOR_MALLOC_POSIX='0'
REPLACE_MBRLEN='0'
REPLACE_MBRTOC16='0'
REPLACE_MBRTOC32='0'
REPLACE_MBRTOWC='0'
REPLACE_MBSINIT='0'
REPLACE_MBSNRTOWCS='0'
REPLACE_MBSRTOWCS='0'
REPLACE_MBSTATE_T='0'
REPLACE_MBSTOWCS='0'
REPLACE_MBTOWC='0'
REPLACE_MB_CUR_MAX='0'
REPLACE_MEMCHR='0'
REPLACE_MEMMEM='0'
REPLACE_MEMPCPY='0'
REPLACE_MEMSET_EXPLICIT='0'
REPLACE_MKDIR='0'
REPLACE_MKFIFO='0'
REPLACE_MKFIFOAT='0'
REPLACE_MKNOD='0'
REPLACE_MKNODAT='0'
REPLACE_MKOSTEMP='0'
REPLACE_MKOSTEMPS='0'
REPLACE_MKSTEMP='0'
REPLACE_MKTIME='0'
REPLACE_MKTIME_Z='0'
REPLACE_MODF='0'
REPLACE_MODFF='0'
REPLACE_MODFL='0'
REPLACE_NAN='0'
REPLACE_NANOSLEEP='1'
REPLACE_NEWLOCALE='0'
REPLACE_NULL='0'
REPLACE_OBSTACK_PRINTF='0'
REPLACE_OPEN='0'
REPLACE_OPENAT='0'
REPLACE_PERROR='0'
REPLACE_PIPE2='0'
REPLACE_POPEN='0'
REPLACE_POSIX_MEMALIGN='0'
REPLACE_POSIX_OPENPT='0'
REPLACE_PREAD='0'
REPLACE_PRINTF='0'
REPLACE_PSELECT='0'
REPLACE_PTHREAD_ATTR_DESTROY='0'
REPLACE_PTHREAD_ATTR_GETDETACHSTATE='0'
REPLACE_PTHREAD_ATTR_INIT='0'
REPLACE_PTHREAD_ATTR_SETDETACHSTATE='0'
REPLACE_PTHREAD_CONDATTR_DESTROY='0'
REPLACE_PTHREAD_CONDATTR_INIT='0'
REPLACE_PTHREAD_COND_BROADCAST='0'
REPLACE_PTHREAD_COND_DESTROY='0'
REPLACE_PTHREAD_COND_INIT='0'
REPLACE_PTHREAD_COND_SIGNAL='0'
REPLACE_PTHREAD_COND_TIMEDWAIT='0'
REPLACE_PTHREAD_COND_WAIT='0'
REPLACE_PTHREAD_CREATE='0'
REPLACE_PTHREAD_DETACH='0'
REPLACE_PTHREAD_EQUAL='0'
REPLACE_PTHREAD_EXIT='0'
REPLACE_PTHREAD_GETSPECIFIC='0'
REPLACE_PTHREAD_JOIN='0'
REPLACE_PTHREAD_KEY_CREATE='0'
REPLACE_PTHREAD_KEY_DELETE='0'
REPLACE_PTHREAD_MUTEXATTR_DESTROY='0'
REPLACE_PTHREAD_MUTEXATTR_GETROBUST='0'
REPLACE_PTHREAD_MUTEXATTR_GETTYPE='0'
REPLACE_PTHREAD_MUTEXATTR_INIT='0'
REPLACE_PTHREAD_MUTEXATTR_SETROBUST='0'
REPLACE_PTHREAD_MUTEXATTR_SETTYPE='0'
REPLACE_PTHREAD_MUTEX_DESTROY='0'
REPLACE_PTHREAD_MUTEX_INIT='0'
REPLACE_PTHREAD_MUTEX_LOCK='0'
REPLACE_PTHREAD_MUTEX_TIMEDLOCK='0'
REPLACE_PTHREAD_MUTEX_TRYLOCK='0'
REPLACE_PTHREAD_MUTEX_UNLOCK='0'
REPLACE_PTHREAD_ONCE='0'
REPLACE_PTHREAD_RWLOCKATTR_DESTROY='0'
REPLACE_PTHREAD_RWLOCKATTR_INIT='0'
REPLACE_PTHREAD_RWLOCK_DESTROY='0'
REPLACE_PTHREAD_RWLOCK_INIT='0'
REPLACE_PTHREAD_RWLOCK_RDLOCK='0'
REPLACE_PTHREAD_RWLOCK_TIMEDRDLOCK='0'
REPLACE_PTHREAD_RWLOCK_TIMEDWRLOCK='0'
REPLACE_PTHREAD_RWLOCK_TRYRDLOCK='0'
REPLACE_PTHREAD_RWLOCK_TRYWRLOCK='0'
REPLACE_PTHREAD_RWLOCK_UNLOCK='0'
REPLACE_PTHREAD_RWLOCK_WRLOCK='0'
REPLACE_PTHREAD_SELF='0'
REPLACE_PTHREAD_SETSPECIFIC='0'
REPLACE_PTHREAD_SIGMASK='0'
REPLACE_PTHREAD_SPIN_DESTROY='0'
REPLACE_PTHREAD_SPIN_INIT='0'
REPLACE_PTHREAD_SPIN_LOCK='0'
REPLACE_PTHREAD_SPIN_TRYLOCK='0'
REPLACE_PTHREAD_SPIN_UNLOCK='0'
REPLACE_PTSNAME='0'
REPLACE_PTSNAME_R='0'
REPLACE_PUTENV='0'
REPLACE_PWRITE='0'
REPLACE_QSORT_R='0'
REPLACE_RAISE='0'
REPLACE_RAND='0'
REPLACE_RANDOM='0'
REPLACE_RANDOM_R='0'
REPLACE_READ='0'
REPLACE_READLINK='0'
REPLACE_READLINKAT='0'
REPLACE_REALLOCARRAY='0'
REPLACE_REALLOC_FOR_REALLOC_POSIX='0'
REPLACE_REALPATH='0'
REPLACE_REMAINDER='0'
REPLACE_REMAINDERF='0'
REPLACE_REMAINDERL='0'
REPLACE_REMOVE='0'
REPLACE_RENAME='0'
REPLACE_RENAMEAT='0'
REPLACE_RINTL='0'
REPLACE_RMDIR='0'
REPLACE_ROUND='0'
REPLACE_ROUNDF='0'
REPLACE_ROUNDL='0'
REPLACE_SCHED_YIELD='0'
REPLACE_SELECT='0'
REPLACE_SETENV='0'
REPLACE_SETHOSTNAME='0'
REPLACE_SETLOCALE='1'
REPLACE_SETSTATE='0'
REPLACE_SIGNBIT='0'
REPLACE_SIGNBIT_USING_BUILTINS='1'
REPLACE_SINF='0'
REPLACE_SINHF='0'
REPLACE_SINL='0'
REPLACE_SLEEP='0'
REPLACE_SNPRINTF='0'
REPLACE_SPRINTF='0'
REPLACE_SQRTF='0'
REPLACE_SQRTL='0'
REPLACE_STAT='0'
REPLACE_STDIO_READ_FUNCS='0'
REPLACE_STDIO_WRITE_FUNCS='0'
REPLACE_STPCPY='0'
REPLACE_STPNCPY='0'
REPLACE_STRCASESTR='0'
REPLACE_STRCHRNUL='0'
REPLACE_STRDUP='0'
REPLACE_STRERROR='0'
REPLACE_STRERRORNAME_NP='0'
REPLACE_STRERROR_L='0'
REPLACE_STRERROR_R='0'
REPLACE_STRFTIME='0'
REPLACE_STRNCAT='0'
REPLACE_STRNCPY='0'
REPLACE_STRNDUP='0'
REPLACE_STRNLEN='0'
REPLACE_STRSIGNAL='0'
REPLACE_STRSTR='0'
REPLACE_STRTOD='0'
REPLACE_STRTOF='0'
REPLACE_STRTOIMAX='0'
REPLACE_STRTOK_R='0'
REPLACE_STRTOL='0'
REPLACE_STRTOLD='0'
REPLACE_STRTOLL='0'
REPLACE_STRTOUL='0'
REPLACE_STRTOULL='0'
REPLACE_STRTOUMAX='0'
REPLACE_STRUCT_LCONV='0'
REPLACE_STRUCT_TIMEVAL='0'
REPLACE_STRVERSCMP='0'
REPLACE_SYMLINK='0'
REPLACE_SYMLINKAT='0'
REPLACE_TANF='0'
REPLACE_TANHF='0'
REPLACE_TIME='0'
REPLACE_TIMEGM='0'
REPLACE_TIMESPEC_GET='0'
REPLACE_TIMESPEC_GETRES='0'
REPLACE_TMPFILE='0'
REPLACE_TOTALORDER='0'
REPLACE_TOTALORDERF='0'
REPLACE_TOTALORDERL='0'
REPLACE_TOTALORDERMAG='0'
REPLACE_TOTALORDERMAGF='0'
REPLACE_TOTALORDERMAGL='0'
REPLACE_TOWLOWER='0'
REPLACE_TRUNC='0'
REPLACE_TRUNCATE='0'
REPLACE_TRUNCF='0'
REPLACE_TRUNCL='0'
REPLACE_TTYNAME_R='0'
REPLACE_TZSET='0'
REPLACE_UNLINK='0'
REPLACE_UNLINKAT='0'
REPLACE_UNSETENV='0'
REPLACE_USLEEP='0'
REPLACE_UTIMENSAT='0'
REPLACE_VASPRINTF='0'
REPLACE_VDPRINTF='0'
REPLACE_VFPRINTF='0'
REPLACE_VPRINTF='0'
REPLACE_VSNPRINTF='0'
REPLACE_VSPRINTF='0'
REPLACE_WCRTOMB='0'
REPLACE_WCSCMP='0'
REPLACE_WCSFTIME='0'
REPLACE_WCSNCAT='0'
REPLACE_WCSNCMP='0'
REPLACE_WCSNRTOMBS='0'
REPLACE_WCSRTOMBS='0'
REPLACE_WCSSTR='0'
REPLACE_WCSTOK='0'
REPLACE_WCSWIDTH='0'
REPLACE_WCTOB='0'
REPLACE_WCTOMB='0'
REPLACE_WCTRANS='0'
REPLACE_WCTYPE='0'
REPLACE_WCWIDTH='0'
REPLACE_WMEMCMP='0'
REPLACE_WMEMPCPY='0'
REPLACE_WRITE='0'
REPLACE__EXIT='0'
SCHED_YIELD_LIB=''
SED='/bin/sed'
SELECT_LIB=''
SETLOCALE_LIB=''
SETLOCALE_NULL_LIB=''
SET_MAKE=''
SHELL='/bin/sh'
SIG_ATOMIC_T_SUFFIX=''
SIZE_T_SUFFIX=''
SMALL_WCHAR_T='0'
STDCKDINT_H='stdckdint.h'
STDDEF_H='stddef.h'
STDDEF_NOT_IDEMPOTENT='0'
STDINT_H='stdint.h'
STRIP='strip'
SYS_IOCTL_H_HAVE_WINSOCK2_H='0'
SYS_IOCTL_H_HAVE_WINSOCK2_H_AND_USE_SOCKETS='0'
SYS_TIME_H_DEFINES_STRUCT_TIMESPEC='0'
TEXI2DVI='/home/bloink/Work/unnamedlinuxdistro/libunistring/build-aux/missing texi2dvi'
TIME_H_DEFINES_STRUCT_TIMESPEC='1'
TIME_H_DEFINES_TIME_UTC='1'
UINT32_MAX_LT_UINTMAX_MAX='1'
UINT64_MAX_EQ_ULONG_MAX='1'
UNDEFINE_STRTOK_R='0'
UNISTD_H_DEFINES_STRUCT_TIMESPEC='0'
UNISTD_H_HAVE_SYS_RANDOM_H='0'
UNISTD_H_HAVE_WINSOCK2_H='0'
UNISTD_H_HAVE_WINSOCK2_H_AND_USE_SOCKETS='0'
VERSION='1.4.2'
WCHAR_T_SUFFIX=''
WINDOWS_64_BIT_OFF_T='0'
WINDOWS_64_BIT_ST_SIZE='0'
WINDOWS_STAT_INODES='0'
WINDOWS_STAT_TIMESPEC='0'
WINDRES=''
WINT_T_SUFFIX=''
WOE32DLL_FALSE=''
WOE32DLL_TRUE='#'
WOE32_FALSE=''
WOE32_TRUE='#'
YIELD_LIB=''
ac_ct_AR='ar'
ac_ct_CC='gcc'
ac_ct_DUMPBIN=''
am__EXEEXT_FALSE=''
am__EXEEXT_TRUE='#'
am__fastdepCC_FALSE='#'
am__fastdepCC_TRUE=''
am__include='include'
am__isrc=''
am__leading_dot='.'
am__nodep='_no'
am__quote=''
am__rm_f_notfound=''
am__tar='${AMTAR} chof - --owner=root --group=root "$$tardir"'
am__untar='tar -xf -'
am__xargs_n='xargs -n'
bindir='${exec_prefix}/bin'
build='x86_64-pc-linux-musl'
build_alias=''
build_cpu='x86_64'
build_os='linux-musl'
build_vendor='pc'
datadir='${datarootdir}'
datarootdir='${prefix}/share'
docdir='${datarootdir}/doc/${PACKAGE_TARNAME}'
dvidir='${docdir}'
exec_prefix='${prefix}'
gl_LIBOBJDEPS=''
gl_LIBOBJS=''
gl_LTLIBOBJS=''
gl_libunistring_LIBOBJDEPS=''
gl_libunistring_LIBOBJS=''
gl_libunistring_LTLIBOBJS=''
gltests_LIBOBJDEPS=''
gltests_LIBOBJS=''
gltests_LTLIBOBJS=''
gltests_WITNESS='IN_LIBUNISTRING_GNULIB_TESTS'
gltests_libunistring_LIBOBJDEPS=''
gltests_libunistring_LIBOBJS=''
gltests_libunistring_LTLIBOBJS=''
host='x86_64-pc-linux-musl'
host_alias=''
host_cpu='x86_64'
host_os='linux-musl'
host_vendor='pc'
htmldir='${docdir}'
includedir='${prefix}/include'
infodir='${datarootdir}/info'
install_sh='${SHELL} /home/bloink/Work/unnamedlinuxdistro/libunistring/build-aux/install-sh'
libdir='${exec_prefix}/lib'
libexecdir='${exec_prefix}/libexec'
localedir='${datarootdir}/locale'
localstatedir='${prefix}/var'
mandir='${datarootdir}/man'
mkdir_p='$(MKDIR_P)'
oldincludedir='/usr/include'
pdfdir='${docdir}'
prefix='/home/bloink/Work/unnamedlinuxdistro/fs'
program_transform_name='s,x,x,'
psdir='${docdir}'
reloc_final_prefix_c='"/home/bloink/Work/unnamedlinuxdistro/fs"'
reloc_final_prefix_c_make='\"$(reloc_final_prefix)\"'
runstatedir='${localstatedir}/run'
sbindir='${exec_prefix}/sbin'
sharedstatedir='${prefix}/com'
sysconfdir='${prefix}/etc'
target_alias=''

## ----------- ##
## confdefs.h. ##
## ----------- ##

/* confdefs.h */
#define PACKAGE_NAME "libunistring"
#define PACKAGE_TARNAME "libunistring"
#define PACKAGE_VERSION "dummy"
#define PACKAGE_STRING "libunistring dummy"
#define PACKAGE_BUGREPORT ""
#define PACKAGE_URL ""
#undef PACKAGE_VERSION
#define PACKAGE_VERSION "1.4.2"
#undef PACKAGE_STRING
#define PACKAGE_STRING "libunistring 1.4.2"
#define PACKAGE "libunistring"
#define VERSION "1.4.2"
#define HAVE_STDIO_H 1
#define HAVE_STDLIB_H 1
#define HAVE_STRING_H 1
#define HAVE_INTTYPES_H 1
#define HAVE_STDINT_H 1
#define HAVE_STRINGS_H 1
#define HAVE_SYS_STAT_H 1
#define HAVE_SYS_TYPES_H 1
#define HAVE_UNISTD_H 1
#define HAVE_WCHAR_H 1
#define HAVE_STDBOOL_H 1
#define HAVE_UCHAR_H 1
#define HAVE_THREADS_H 1
#define HAVE_LANGINFO_H 1
#define HAVE_ICONV_H 1
#define HAVE_LIMITS_H 1
#define HAVE_WCTYPE_H 1
#define HAVE_MATH_H 1
#define HAVE_SYS_MMAN_H 1
#define HAVE_PTHREAD_H 1
#define HAVE_STDCKDINT_H 1
#define HAVE_SYS_TIME_H 1
#define HAVE_FEATURES_H 1
#define HAVE_SYS_SOCKET_H 1
#define HAVE_ARPA_INET_H 1
#define HAVE_NETDB_H 1
#define HAVE_NETINET_IN_H 1
#define HAVE_SEMAPHORE_H 1
#define HAVE_SYS_PARAM_H 1
#define HAVE_SYS_SELECT_H 1
#define HAVE_SYS_WAIT_H 1
#define HAVE_SYS_IOCTL_H 1
#define HAVE_SYS_UN_H 1
#define HAVE_SYS_UIO_H 1
#define STDC_HEADERS 1
#define _ALL_SOURCE 1
#define _DARWIN_C_SOURCE 1
#define _GNU_SOURCE 1
#define _HPUX_ALT_XOPEN_SOCKET_API 1
#define _NETBSD_SOURCE 1
#define _OPENBSD_SOURCE 1
#define _POSIX_PTHREAD_SEMANTICS 1
#define __STDC_WANT_IEC_60559_ATTRIBS_EXT__ 1
#define __STDC_WANT_IEC_60559_BFP_EXT__ 1
#define __STDC_WANT_IEC_60559_DFP_EXT__ 1
#define __STDC_WANT_IEC_60559_EXT__ 1
#define __STDC_WANT_IEC_60559_FUNCS_EXT__ 1
#define __STDC_WANT_IEC_60559_TYPES_EXT__ 1
#define __STDC_WANT_LIB_EXT2__ 1
#define __STDC_WANT_MATH_SPEC_FUNCS__ 1
#define _TANDEM_SOURCE 1
#define __EXTENSIONS__ 1
#define _LINUX_SOURCE_COMPAT 1
#define __USE_MINGW_ANSI_STDIO 1
#define HAVE_DLFCN_H 1
#define LT_OBJDIR ".libs/"
#define HAVE_ALLOCA_H 1
#define HAVE_ALLOCA 1
#define restrict __restrict__
#define BITSIZEOF_WCHAR_T 32
#define HAVE_MBSTATE_T 1
#define HAVE_MBSINIT 1
#define HAVE_MBRTOWC 1
#define HAVE_SYMLINK 1
#define HAVE_ISWCNTRL 1
#define HAVE_MPROTECT 1
#define HAVE_SNPRINTF 1
#define HAVE_STRDUP 1
#define HAVE_WCWIDTH 1
#define HAVE_BTOWC 1
#define HAVE_FCNTL 1
#define HAVE_GETDTABLESIZE 1
#define HAVE_GETTIMEOFDAY 1
#define HAVE_ISBLANK 1
#define HAVE_LSTAT 1
#define HAVE___XPG_STRERROR_R 1
#define HAVE_PIPE 1
#define HAVE_PSELECT 1
#define HAVE_PTHREAD_SIGMASK 1
#define HAVE_SETENV 1
#define HAVE_SLEEP 1
#define HAVE_SHUTDOWN 1
#define HAVE_USLEEP 1
#define HAVE_WCRTOMB 1
#define HAVE_WCTOB 1
#define HAVE_LANGINFO_CODESET 1
#define HAVE_WORKING_MBRTOC32 1
#define HAVE_WORKING_C32RTOMB 1
#define HAVE_WORKING_O_DIRECTORY 1
#define HAVE_WORKING_O_NOATIME 1
#define HAVE_WORKING_O_NOFOLLOW 1
#define HAVE_DECL_ALARM 1
#define HAVE_PTHREAD_API 1
#define SETLOCALE_NULL_ALL_MTSAFE 0
#define SETLOCALE_NULL_ONE_MTSAFE 1
#define HAVE_WEAK_SYMBOLS 1
#define HAVE_USELOCALE 1
#define HAVE_WORKING_USELOCALE 1
#define HAVE_GOOD_USELOCALE 1
#define HAVE_ICONV 1
#define ICONV_CONST 
#define HAVE_WINT_T 1
#define HAVE_LONG_LONG_INT 1
#define HAVE_UNSIGNED_LONG_LONG_INT 1
#define DBL_EXPBIT0_WORD 1
#define DBL_EXPBIT0_BIT 20
#define FLT_EXPBIT0_WORD 0
#define FLT_EXPBIT0_BIT 23
#define LDBL_EXPBIT0_WORD 2
#define LDBL_EXPBIT0_BIT 0
#define HAVE_TOWLOWER 1
#define HAVE_LC_MESSAGES 1
#define MUSL_LIBC 1
#define HAVE_WEAK_SYMBOLS 1
#define USE_POSIX_THREADS 1
#define USE_POSIX_THREADS_WEAK 1
#define HAVE_MALLOC_PTRDIFF 1
#define HAVE_MALLOC_POSIX 1
#define HAVE_MALLOC_0_NONNULL 1
#define HAVE_MINMAX_IN_SYS_PARAM_H 1
#define HAVE_PTHREAD_T 1
#define HAVE_PTHREAD_SPINLOCK_T 1
#define INSTALLPREFIX "/home/bloink/Work/unnamedlinuxdistro/fs"
#define HAVE_DLADDR_IN_LIBC 1
#define HAVE_SCHED_H 1
#define HAVE_DECL_ECVT 1
#define HAVE_DECL_FCVT 1
#define HAVE_DECL_GCVT 1
#define HAVE_DECL_STREQ 0
#define HAVE_DECL_MEMEQ 0
#define _USE_STD_STAT 1
#define HAVE_DECL_EXECVPE 1
#define HAVE_INTTYPES_H_WITH_UINTMAX 1
#define HAVE_STDINT_H_WITH_UINTMAX 1
#define HAVE_INTMAX_T 1
#define HAVE_WCSLEN 1
#define HAVE_SNPRINTF 1
#define HAVE_STRNLEN 1
#define HAVE_WCRTOMB 1
#define HAVE_DECL__SNPRINTF 0
#define HAVE_SNPRINTF_RETVAL_C99 1
#define HAVE_SNPRINTF_TRUNCATION_C99 1
#define CHECK_PRINTF_SAFE 1
#define HAVE_DECL_WCSDUP 1
#define HAVE_SHUTDOWN 1
#define HAVE_STRUCT_SOCKADDR_STORAGE 1
#define HAVE_SA_FAMILY_T 1
#define HAVE_STRUCT_SOCKADDR_STORAGE_SS_FAMILY 1
#define HAVE_ENVIRON_DECL 1
#define HAVE_DECL_STRERROR_R 1
#define HAVE_STRERROR_R 1
#define HAVE_DECL_GETDTABLESIZE 1
#define HAVE_IPV4 1
#define HAVE_IPV6 1
#define LSTAT_FOLLOWS_SLASHED_SYMLINK 1
#define PROMOTED_MODE_T mode_t
#define HAVE_STRERROR_R 1
#define HAVE_DECL__PUTENV 0
#define HAVE_SIGSET_T 1
#define HAVE_DECL_INITSTATE 1
#define HAVE_DECL_SETSTATE 1
#define HAVE_DECL_SETENV 1
#define HAVE_SEARCH_H 1
#define HAVE_TSEARCH 1
#define HAVE_DECL_FCLOSEALL 0
#define HAVE_DECL_GETW 1
#define HAVE_DECL_PUTW 1
#define HAVE_DECL_UNSETENV 1
#define HAVE_ALLOCA 1
#define HAVE_C_STATIC_ASSERT 1
#define HAVE_C_BOOL 1
#define HAVE___BUILTIN_EXPECT 1
#define GNULIB_TEST_C32ISALNUM 1
#define GNULIB_TEST_C32ISALPHA 1
#define GNULIB_TEST_C32ISBLANK 1
#define GNULIB_TEST_C32ISCNTRL 1
#define GNULIB_TEST_C32ISDIGIT 1
#define GNULIB_TEST_C32ISGRAPH 1
#define GNULIB_TEST_C32ISLOWER 1
#define GNULIB_TEST_C32ISPRINT 1
#define GNULIB_TEST_C32ISPUNCT 1
#define GNULIB_TEST_C32ISSPACE 1
#define GNULIB_TEST_C32ISUPPER 1
#define GNULIB_TEST_C32ISXDIGIT 1
#define GNULIB_TEST_C32TOLOWER 1
#define GNULIB_TEST_C32WIDTH 1
#define FLEXIBLE_ARRAY_MEMBER /**/
#define GNULIB_TEST_FREE_POSIX 1
#define HAVE_FREXP_IN_LIBC 1
#define GNULIB_TEST_FREXP 1
#define HAVE_FREXPL_IN_LIBC 1
#define GNULIB_TEST_FREXPL 1
#define HAVE___FSETERR 1
#define HAVE_NEWLOCALE 1
#define HAVE_DUPLOCALE 1
#define HAVE_FREELOCALE 1
#define GNULIB_TEST_GETLOCALENAME_L_UNSAFE 1
#define HAVE_NEWLOCALE 1
#define HAVE_DUPLOCALE 1
#define HAVE_FREELOCALE 1
#define HAVE_INLINE 1
#define HAVE_ISNAND_IN_LIBC 1
#define HAVE_ISNANF_IN_LIBC 1
#define HAVE_ISNANL_IN_LIBC 1
#define HAVE_ISWBLANK 1
#define HAVE_DECL_ISWBLANK 1
#define GNULIB_TEST_ISWBLANK 1
#define GNULIB_TEST_ISWDIGIT 1
#define GNULIB_TEST_ISWPUNCT 1
#define GNULIB_TEST_ISWXDIGIT 1
#define GNULIB_TEST_LOCALECONV 1
#define GNULIB_LOCALECONV 1
#define GNULIB_TEST_LOCALENAME_ENVIRON 1
#define GNULIB_TEST_LOCALENAME_UNSAFE 1
#define HAVE_PTHREAD_RWLOCK 1
#define HAVE_PTHREAD_MUTEX_RECURSIVE 1
#define GNULIB_LOCK 1
#define GNULIB_TEST_MALLOC_POSIX 1
#define GNULIB_TEST_MBRTOC32 1
#define GNULIB_TEST_MBRTOWC 1
#define GNULIB_TEST_MBSINIT 1
#define GNULIB_TEST_MBSNLEN 1
#define GNULIB_TEST_MBSZERO 1
#define GNULIB_TEST_MEMCHR 1
#define HAVE_FREXP_IN_LIBC 1
#define HAVE_LDEXP_IN_LIBC 1
#define HAVE_FREXPL_IN_LIBC 1
#define HAVE_LDEXPL_IN_LIBC 1
#define GNULIB_TEST_PTHREAD_ONCE 1
#define HAVE_VISIBILITY 1
#define GNULIB_TEST_SETLOCALE_NULL 1
#define GNULIB_TEST_SIGNBIT_NO_CXX 1
#define HAVE_STDINT_H 1
#define GNULIB_TEST_STRINGEQ 1
#define GNULIB_TEST_STRNCAT 1
#define GNULIB_TEST_STRNCPY 1
#define GNULIB_TEST_STRSTR 1
#define GNULIB_UNIGBRK_U16_GRAPHEME_BREAKS 1
#define GNULIB_UNIGBRK_U16_GRAPHEME_NEXT 1
#define GNULIB_UNIGBRK_U16_GRAPHEME_PREV 1
#define GNULIB_UNIGBRK_U32_GRAPHEME_BREAKS 1
#define GNULIB_UNIGBRK_U32_GRAPHEME_NEXT 1
#define GNULIB_UNIGBRK_U32_GRAPHEME_PREV 1
#define GNULIB_UNIGBRK_U8_GRAPHEME_BREAKS 1
#define GNULIB_UNIGBRK_U8_GRAPHEME_NEXT 1
#define GNULIB_UNIGBRK_U8_GRAPHEME_PREV 1
#define GNULIB_UNIGBRK_UC_GRAPHEME_BREAKS 1
#define GNULIB_UNIGBRK_ULC_GRAPHEME_BREAKS 1
#define GNULIB_TEST_UNINORM_U16_NORMALIZE 1
#define GNULIB_TEST_UNINORM_U32_NORMALIZE 1
#define GNULIB_TEST_UNINORM_U8_NORMALIZE 1
#define NEED_PRINTF_DIRECTIVE_B 1
#define NEED_PRINTF_DIRECTIVE_B 1
#define NEED_PRINTF_DIRECTIVE_B 1
#define NEED_PRINTF_DIRECTIVE_B 1
#define NEED_PRINTF_DIRECTIVE_B 1
#define NEED_PRINTF_DIRECTIVE_B 1
#define NEED_PRINTF_DIRECTIVE_B 1
#define GNULIB_UNISTR_U16_MBTOUC 1
#define GNULIB_UNISTR_U16_MBTOUC_UNSAFE 1
#define GNULIB_UNISTR_U16_MBTOUCR 1
#define GNULIB_UNISTR_U16_UCTOMB 1
#define GNULIB_UNISTR_U32_MBTOUC 1
#define GNULIB_UNISTR_U32_MBTOUC_UNSAFE 1
#define GNULIB_UNISTR_U32_MBTOUCR 1
#define GNULIB_UNISTR_U32_UCTOMB 1
#define GNULIB_UNISTR_U8_MBTOUC 1
#define GNULIB_UNISTR_U8_MBTOUC_UNSAFE 1
#define GNULIB_UNISTR_U8_MBTOUCR 1
#define HAVE_STPCPY 1
#define GNULIB_UNISTR_U8_UCTOMB 1
#define HAVE_DECL_WCWIDTH 1
#define GNULIB_TEST_WCWIDTH 1
#define HAVE_STDINT_H 1
#define GNULIB_TEST_ACCEPT 1
#define GNULIB_ACCEPT IN_LIBUNISTRING_GNULIB_TESTS
#define HAVE_C_ALIGNASOF 1
#define GNULIB_TEST_BIND 1
#define GNULIB_BIND IN_LIBUNISTRING_GNULIB_TESTS
#define GNULIB_TEST_BTOC32 1
#define GNULIB_TEST_BTOWC 1
#define GNULIB_TEST_C32RTOMB 1
#define GNULIB_TEST_C32TOB 1
#define GNULIB_TEST_CALLOC_GNU 1
#define GNULIB_TEST_CALLOC_POSIX 1
#define GNULIB_TEST_CLOEXEC 1
#define GNULIB_TEST_CLOSE 1
#define GNULIB_CLOSE IN_LIBUNISTRING_GNULIB_TESTS
#define GNULIB_TEST_CONNECT 1
#define GNULIB_CONNECT IN_LIBUNISTRING_GNULIB_TESTS
#define GNULIB_TEST_DUP2 1
#define GNULIB_TEST_ENVIRON 1
#define GNULIB_TEST_FCNTL 1
#define GNULIB_TEST_FDOPEN 1
#define GNULIB_TEST_FSTAT 1
#define GNULIB_FSTAT IN_LIBUNISTRING_GNULIB_TESTS
#define HAVE_FTRUNCATE 1
#define GNULIB_TEST_FTRUNCATE 1
#define GNULIB_TEST_GETCWD 1
#define GNULIB_TEST_GETDTABLESIZE 1
#define HAVE_DECL_PROGRAM_INVOCATION_NAME 1
#define HAVE_DECL_PROGRAM_INVOCATION_NAME 1
#define HAVE_DECL_PROGRAM_INVOCATION_SHORT_NAME 1
#define HAVE_DECL___ARGV 0
#define GNULIB_TEST_GETPROGNAME 1
#define GETTIMEOFDAY_TIMEZONE void
#define GNULIB_TEST_GETTIMEOFDAY 1
#define GNULIB_LOCALEDIR "/home/bloink/Work/unnamedlinuxdistro/fs/share/locale"
#define HAVE_DUPLOCALE 1
#define HAVE_DECL_INET_PTON 1
#define HAVE_IOCTL 1
#define GNULIB_TEST_IOCTL 1
#define GNULIB_IOCTL IN_LIBUNISTRING_GNULIB_TESTS
#define GNULIB_ISBLANK IN_LIBUNISTRING_GNULIB_TESTS
#define HAVE___INLINE 1
#define GNULIB_TEST_LISTEN 1
#define GNULIB_LISTEN IN_LIBUNISTRING_GNULIB_TESTS
#define HAVE_NEWLOCALE 1
#define HAVE_NEWLOCALE 1
#define GNULIB_TEST_LSTAT 1
#define GNULIB_LSTAT IN_LIBUNISTRING_GNULIB_TESTS
#define GNULIB_TEST_MALLOC_GNU 1
#define HAVE_MBTOWC 1
#define GNULIB_TEST_MBTOWC 1
#define HAVE_MKFIFO 1
#define GNULIB_TEST_MKFIFO 1
#define GNULIB_MSVC_NOTHROW IN_LIBUNISTRING_GNULIB_TESTS
#define HAVE_BUG_BIG_NANOSLEEP 1
#define GNULIB_TEST_NANOSLEEP 1
#define GNULIB_TEST_OPEN 1
#define GNULIB_TEST_PERROR 1
#define GNULIB_TEST_PIPE 1
#define GNULIB_TEST_PSELECT 1
#define GNULIB_TEST_PTHREAD_COND 1
#define GNULIB_TEST_PTHREAD_MUTEX 1
#define GNULIB_TEST_PTHREAD_RWLOCK 1
#define GNULIB_TEST_PTHREAD_THREAD 1
#define GNULIB_TEST_PTHREAD_MUTEX_TIMEDLOCK 1
#define GNULIB_TEST_PTHREAD_SIGMASK 1
#define GNULIB_TEST_PUTENV 1
#define HAVE_RAISE 1
#define GNULIB_TEST_RAISE 1
#define HAVE_INITSTATE 1
#define HAVE_SETSTATE 1
#define GNULIB_TEST_RANDOM 1
#define GNULIB_TEST_RANDOM_R 1
#define HAVE_REALLOC_POSIX 1
#define HAVE_REALLOC_0_NONNULL 1
#define GNULIB_TEST_REALLOC_POSIX 1
#define HAVE_REALLOCARRAY 1
#define GNULIB_REALLOCARRAY IN_LIBUNISTRING_GNULIB_TESTS
#define GNULIB_TEST_REALLOCARRAY 1
#define GNULIB_TEST_SCHED_YIELD 1
#define GNULIB_TEST_SELECT 1
#define GNULIB_SELECT IN_LIBUNISTRING_GNULIB_TESTS
#define GNULIB_TEST_SETENV 1
#define NEED_SETLOCALE_IMPROVED 0
#define NEED_SETLOCALE_MTSAFE 1
#define GNULIB_TEST_SETLOCALE 1
#define GNULIB_TEST_SETSOCKOPT 1
#define GNULIB_SETSOCKOPT IN_LIBUNISTRING_GNULIB_TESTS
#define GNULIB_TEST_SIGPROCMASK 1
#define HAVE_DECL_SLEEP 1
#define GNULIB_TEST_SLEEP 1
#define GNULIB_TEST_SOCKET 1
#define GNULIB_SOCKET IN_LIBUNISTRING_GNULIB_TESTS
#define GNULIB_TEST_STAT 1
#define GNULIB_STAT IN_LIBUNISTRING_GNULIB_TESTS
#define HAVE_STRUCT_STAT_ST_ATIM_TV_NSEC 1
#define TYPEOF_STRUCT_STAT_ST_ATIM_IS_STRUCT_TIMESPEC 1
#define GNULIB_TEST_FSCANF 1
#define GNULIB_FSCANF IN_LIBUNISTRING_GNULIB_TESTS
#define GNULIB_TEST_SCANF 1
#define GNULIB_SCANF IN_LIBUNISTRING_GNULIB_TESTS
#define GNULIB_TEST_FGETC 1
#define GNULIB_TEST_GETC 1
#define GNULIB_TEST_GETCHAR 1
#define GNULIB_TEST_FGETS 1
#define GNULIB_TEST_FREAD 1
#define GNULIB_TEST_FPRINTF 1
#define GNULIB_TEST_PRINTF 1
#define GNULIB_TEST_VFPRINTF 1
#define GNULIB_TEST_VPRINTF 1
#define GNULIB_TEST_FPUTC 1
#define GNULIB_TEST_PUTC 1
#define GNULIB_TEST_PUTCHAR 1
#define GNULIB_TEST_FPUTS 1
#define GNULIB_TEST_PUTS 1
#define GNULIB_TEST_FWRITE 1
#define HAVE_VASPRINTF 1
#define HAVE_STPCPY 1
#define GNULIB_TEST_STPCPY 1
#define GNULIB_TEST_STR_ENDSWITH 1
#define GNULIB_TEST_STR_STARTSWITH 1
#define GNULIB_STRERROR IN_LIBUNISTRING_GNULIB_TESTS
#define GNULIB_TEST_STRERROR 1
#define GNULIB_TEST_STRERROR_R 1
#define GNULIB_STRERROR_R_POSIX IN_LIBUNISTRING_GNULIB_TESTS
#define GNULIB_TEST_SYMLINK 1
#define HAVE_IPV4 1
#define HAVE_IPV6 1
#define HAVE_UNIXSOCKET 1
#define HAVE_PTHREAD_ATFORK 1
#define GNULIB_TEST_TIME 1
#define HAVE_UNSETENV 1
#define GNULIB_TEST_UNSETENV 1
#define GNULIB_TEST_USLEEP 1
#define HAVE_C_VARARRAYS 1
#define GNULIB_TEST_WCRTOMB 1
#define GNULIB_TEST_WCTOB 1
#define GNULIB_TEST_WCTOMB 1
#define GNULIB_XALLOC IN_LIBUNISTRING_GNULIB_TESTS
#define GNULIB_XALLOC_DIE IN_LIBUNISTRING_GNULIB_TESTS

configure: exit 0
