This file contains any messages produced by compilers while
running configure, to aid debugging if configure makes a mistake.

It was created by util-linux configure 2.40.2, which was
generated by GNU Autoconf 2.71.  Invocation command line was

  $ ./configure --prefix=/usr --sysconfdir=/etc --disable-widechar --disable-liblastlog2 CPPFLAGS=-I/home/sonakrie/Work/testicular_linux/util-linux/../fs/usr/include LDFLAGS=-L/home/sonakrie/Work/testicular_linux/util-linux/../fs/usr/lib

## --------- ##
## Platform. ##
## --------- ##

hostname = nobara-laptop
uname -m = x86_64
uname -r = 7.1.4-200.nobara.fc44.x86_64
uname -s = Linux
uname -v = #1 SMP PREEMPT_DYNAMIC Mon Jul 20 03:39:43 UTC 2026

/usr/bin/uname -p = unknown
/bin/uname -X     = unknown

/bin/arch              = x86_64
/usr/bin/arch -k       = unknown
/usr/convex/getsysinfo = unknown
/usr/bin/hostinfo      = unknown
/bin/machine           = unknown
/usr/bin/oslevel       = unknown
/bin/universe          = unknown

PATH: /home/sonakrie/.local/bin/
PATH: /home/sonakrie/bin/
PATH: /usr/local/sbin/
PATH: /usr/local/bin/
PATH: /usr/sbin/
PATH: /usr/bin/
PATH: /sbin/
PATH: /bin/


## ----------- ##
## Core tests. ##
## ----------- ##

configure:3983: looking for aux files: config.rpath ltmain.sh config.guess config.sub ar-lib missing install-sh compile
configure:3996:  trying ./config/
configure:4025:   ./config/config.rpath found
configure:4025:   ./config/ltmain.sh found
configure:4025:   ./config/config.guess found
configure:4025:   ./config/config.sub found
configure:4025:   ./config/ar-lib found
configure:4025:   ./config/missing found
configure:4007:   ./config/install-sh found
configure:4025:   ./config/compile found
configure:4209: checking for gcc
configure:4230: found /usr/bin/gcc
configure:4241: result: gcc
configure:4594: checking for C compiler version
configure:4603: gcc --version >&5
gcc (Alpine 15.2.0) 15.2.0
Copyright (C) 2025 Free Software Foundation, Inc.
This is free software; see the source for copying conditions.  There is NO
warranty; not even for MERCHANTABILITY or FITNESS FOR A PARTICULAR PURPOSE.

configure:4614: $? = 0
configure:4603: gcc -v >&5
Using built-in specs.
COLLECT_GCC=gcc
COLLECT_LTO_WRAPPER=/usr/libexec/gcc/x86_64-alpine-linux-musl/15.2.0/lto-wrapper
Target: x86_64-alpine-linux-musl
Configured with: /home/buildozer/aports/main/gcc/src/gcc-15.2.0/configure --prefix=/usr --mandir=/usr/share/man --infodir=/usr/share/info --build=x86_64-alpine-linux-musl --host=x86_64-alpine-linux-musl --target=x86_64-alpine-linux-musl --enable-checking=release --disable-cet --disable-fixed-point --disable-libstdcxx-pch --disable-multilib --disable-nls --disable-werror --disable-symvers --enable-__cxa_atexit --enable-default-pie --enable-default-ssp --enable-languages=c,c++,d,objc,go,fortran,ada --enable-link-serialization=2 --enable-linker-build-id --disable-libssp --enable-libsanitizer --enable-shared --enable-threads --enable-tls --with-bugurl=https://gitlab.alpinelinux.org/alpine/aports/-/issues --with-system-zlib --with-linker-hash-style=gnu --with-pkgversion='Alpine 15.2.0'
Thread model: posix
Supported LTO compression algorithms: zlib
gcc version 15.2.0 (Alpine 15.2.0) 
configure:4614: $? = 0
configure:4603: gcc -V >&5
gcc: error: unrecognized command-line option '-V'
gcc: fatal error: no input files
compilation terminated.
configure:4614: $? = 1
configure:4603: gcc -qversion >&5
gcc: error: unrecognized command-line option '-qversion'; did you mean '--version'?
gcc: fatal error: no input files
compilation terminated.
configure:4614: $? = 1
configure:4603: gcc -version >&5
gcc: error: unrecognized command-line option '-version'
gcc: fatal error: no input files
compilation terminated.
configure:4614: $? = 1
configure:4634: checking whether the C compiler works
configure:4656: gcc  -I/home/sonakrie/Work/testicular_linux/util-linux/../fs/usr/include -L/home/sonakrie/Work/testicular_linux/util-linux/../fs/usr/lib conftest.c  >&5
configure:4660: $? = 0
configure:4710: result: yes
configure:4713: checking for C compiler default output file name
configure:4715: result: a.out
configure:4721: checking for suffix of executables
configure:4728: gcc -o conftest  -I/home/sonakrie/Work/testicular_linux/util-linux/../fs/usr/include -L/home/sonakrie/Work/testicular_linux/util-linux/../fs/usr/lib conftest.c  >&5
configure:4732: $? = 0
configure:4755: result: 
configure:4777: checking whether we are cross compiling
configure:4785: gcc -o conftest  -I/home/sonakrie/Work/testicular_linux/util-linux/../fs/usr/include -L/home/sonakrie/Work/testicular_linux/util-linux/../fs/usr/lib conftest.c  >&5
configure:4789: $? = 0
configure:4796: ./conftest
configure:4800: $? = 0
configure:4815: result: no
configure:4820: checking for suffix of object files
configure:4843: gcc -c  -I/home/sonakrie/Work/testicular_linux/util-linux/../fs/usr/include conftest.c >&5
configure:4847: $? = 0
configure:4869: result: o
configure:4873: checking whether the compiler supports GNU C
configure:4893: gcc -c  -I/home/sonakrie/Work/testicular_linux/util-linux/../fs/usr/include conftest.c >&5
configure:4893: $? = 0
configure:4903: result: yes
configure:4914: checking whether gcc accepts -g
configure:4935: gcc -c -g -I/home/sonakrie/Work/testicular_linux/util-linux/../fs/usr/include conftest.c >&5
configure:4935: $? = 0
configure:4979: result: yes
configure:4999: checking for gcc option to enable C11 features
configure:5014: gcc  -c -g -O2 -I/home/sonakrie/Work/testicular_linux/util-linux/../fs/usr/include conftest.c >&5
conftest.c: In function 'e':
conftest.c:23:14: warning: old-style function definition [-Wold-style-definition]
   23 | static char *e (p, i)
      |              ^
configure:5014: $? = 0
configure:5032: result: none needed
configure:5148: checking whether gcc understands -c and -o together
configure:5171: gcc -c conftest.c -o conftest2.o
configure:5174: $? = 0
configure:5171: gcc -c conftest.c -o conftest2.o
configure:5174: $? = 0
configure:5186: result: yes
configure:5208: checking for stdio.h
configure:5208: gcc -c -g -O2 -I/home/sonakrie/Work/testicular_linux/util-linux/../fs/usr/include conftest.c >&5
configure:5208: $? = 0
configure:5208: result: yes
configure:5208: checking for stdlib.h
configure:5208: gcc -c -g -O2 -I/home/sonakrie/Work/testicular_linux/util-linux/../fs/usr/include conftest.c >&5
configure:5208: $? = 0
configure:5208: result: yes
configure:5208: checking for string.h
configure:5208: gcc -c -g -O2 -I/home/sonakrie/Work/testicular_linux/util-linux/../fs/usr/include conftest.c >&5
configure:5208: $? = 0
configure:5208: result: yes
configure:5208: checking for inttypes.h
configure:5208: gcc -c -g -O2 -I/home/sonakrie/Work/testicular_linux/util-linux/../fs/usr/include conftest.c >&5
configure:5208: $? = 0
configure:5208: result: yes
configure:5208: checking for stdint.h
configure:5208: gcc -c -g -O2 -I/home/sonakrie/Work/testicular_linux/util-linux/../fs/usr/include conftest.c >&5
configure:5208: $? = 0
configure:5208: result: yes
configure:5208: checking for strings.h
configure:5208: gcc -c -g -O2 -I/home/sonakrie/Work/testicular_linux/util-linux/../fs/usr/include conftest.c >&5
configure:5208: $? = 0
configure:5208: result: yes
configure:5208: checking for sys/stat.h
configure:5208: gcc -c -g -O2 -I/home/sonakrie/Work/testicular_linux/util-linux/../fs/usr/include conftest.c >&5
configure:5208: $? = 0
configure:5208: result: yes
configure:5208: checking for sys/types.h
configure:5208: gcc -c -g -O2 -I/home/sonakrie/Work/testicular_linux/util-linux/../fs/usr/include conftest.c >&5
configure:5208: $? = 0
configure:5208: result: yes
configure:5208: checking for unistd.h
configure:5208: gcc -c -g -O2 -I/home/sonakrie/Work/testicular_linux/util-linux/../fs/usr/include conftest.c >&5
configure:5208: $? = 0
configure:5208: result: yes
configure:5208: checking for wchar.h
configure:5208: gcc -c -g -O2 -I/home/sonakrie/Work/testicular_linux/util-linux/../fs/usr/include conftest.c >&5
configure:5208: $? = 0
configure:5208: result: yes
configure:5208: checking for minix/config.h
configure:5208: gcc -c -g -O2 -I/home/sonakrie/Work/testicular_linux/util-linux/../fs/usr/include conftest.c >&5
conftest.c:47:10: fatal error: minix/config.h: No such file or directory
   47 | #include <minix/config.h>
      |          ^~~~~~~~~~~~~~~~
compilation terminated.
configure:5208: $? = 1
configure: failed program was:
| /* confdefs.h */
| #define PACKAGE_NAME "util-linux"
| #define PACKAGE_TARNAME "util-linux"
| #define PACKAGE_VERSION "2.40.2"
| #define PACKAGE_STRING "util-linux 2.40.2"
| #define PACKAGE_BUGREPORT "kzak@redhat.com"
| #define PACKAGE_URL "https://www.kernel.org/pub/linux/utils/util-linux/"
| #define HAVE_STDIO_H 1
| #define HAVE_STDLIB_H 1
| #define HAVE_STRING_H 1
| #define HAVE_INTTYPES_H 1
| #define HAVE_STDINT_H 1
| #define HAVE_STRINGS_H 1
| #define HAVE_SYS_STAT_H 1
| #define HAVE_SYS_TYPES_H 1
| #define HAVE_UNISTD_H 1
| #define HAVE_WCHAR_H 1
| /* end confdefs.h.  */
| #include <stddef.h>
| #ifdef HAVE_STDIO_H
| # include <stdio.h>
| #endif
| #ifdef HAVE_STDLIB_H
| # include <stdlib.h>
| #endif
| #ifdef HAVE_STRING_H
| # include <string.h>
| #endif
| #ifdef HAVE_INTTYPES_H
| # include <inttypes.h>
| #endif
| #ifdef HAVE_STDINT_H
| # include <stdint.h>
| #endif
| #ifdef HAVE_STRINGS_H
| # include <strings.h>
| #endif
| #ifdef HAVE_SYS_TYPES_H
| # include <sys/types.h>
| #endif
| #ifdef HAVE_SYS_STAT_H
| # include <sys/stat.h>
| #endif
| #ifdef HAVE_UNISTD_H
| # include <unistd.h>
| #endif
| #include <minix/config.h>
configure:5208: result: no
configure:5239: checking whether it is safe to define __EXTENSIONS__
configure:5258: gcc -c -g -O2 -I/home/sonakrie/Work/testicular_linux/util-linux/../fs/usr/include conftest.c >&5
configure:5258: $? = 0
configure:5266: result: yes
configure:5269: checking whether _XOPEN_SOURCE should be defined
configure:5291: gcc -c -g -O2 -I/home/sonakrie/Work/testicular_linux/util-linux/../fs/usr/include conftest.c >&5
configure:5291: $? = 0
configure:5318: result: no
configure:5391: checking for a BSD-compatible install
configure:5464: result: /usr/bin/install -c
configure:5475: checking whether build environment is sane
configure:5530: result: yes
configure:5685: checking for a race-free mkdir -p
configure:5729: result: /bin/mkdir -p
configure:5736: checking for gawk
configure:5771: result: no
configure:5736: checking for mawk
configure:5771: result: no
configure:5736: checking for nawk
configure:5771: result: no
configure:5736: checking for awk
configure:5757: found /usr/bin/awk
configure:5768: result: awk
configure:5779: checking whether make sets $(MAKE)
configure:5802: result: yes
configure:5824: checking whether make supports the include directive
configure:5839: make -f confmf.GNU && cat confinc.out
this is the am__doit target
configure:5842: $? = 0
configure:5861: result: yes (GNU style)
configure:5896: checking whether make supports nested variables
configure:5914: result: yes
configure:5989: checking how to create a pax tar archive
configure:6000: tar --version
tar (GNU tar) 1.35
Copyright (C) 2023 Free Software Foundation, Inc.
License GPLv3+: GNU GPL version 3 or later <https://gnu.org/licenses/gpl.html>.
This is free software: you are free to change and redistribute it.
There is NO WARRANTY, to the extent permitted by law.

Written by John Gilmore and Jay Fenlason.
configure:6003: $? = 0
configure:6043: tardir=conftest.dir && eval tar --format=posix -chf - "$tardir" >conftest.tar
configure:6046: $? = 0
configure:6050: tar -xf - <conftest.tar
configure:6053: $? = 0
configure:6055: cat conftest.dir/file
GrepMe
configure:6058: $? = 0
configure:6072: result: gnutar
configure:6081: checking dependency style of gcc
configure:6193: result: gcc3
configure:6278: checking whether make supports nested variables
configure:6296: result: yes
configure:6362: checking for ar
configure:6383: found /usr/bin/ar
configure:6394: result: ar
configure:6420: checking the archiver (ar) interface
configure:6437: gcc -c -g -O2 -I/home/sonakrie/Work/testicular_linux/util-linux/../fs/usr/include conftest.c >&5
configure:6437: $? = 0
configure:6440: ar cru libconftest.a conftest.o >&5
ar: `u' modifier ignored since `D' is the default (see `U')
configure:6443: $? = 0
configure:6471: result: ar
configure:6541: Default --exec-prefix detected.
configure:6545:   --bindir defaults to /bin
configure:6552:   --sbindir defaults to /sbin
configure:6559:   --libdir defaults to /lib
configure:6580: Default --prefix detected.
configure:6584:   --localstatedir defaults to /var
configure:6614:   --runstatedir defaults to /run
configure:6705: checking for gcc
configure:6737: result: gcc
configure:7090: checking for C compiler version
configure:7099: gcc --version >&5
gcc (Alpine 15.2.0) 15.2.0
Copyright (C) 2025 Free Software Foundation, Inc.
This is free software; see the source for copying conditions.  There is NO
warranty; not even for MERCHANTABILITY or FITNESS FOR A PARTICULAR PURPOSE.

configure:7110: $? = 0
configure:7099: gcc -v >&5
Using built-in specs.
COLLECT_GCC=gcc
COLLECT_LTO_WRAPPER=/usr/libexec/gcc/x86_64-alpine-linux-musl/15.2.0/lto-wrapper
Target: x86_64-alpine-linux-musl
Configured with: /home/buildozer/aports/main/gcc/src/gcc-15.2.0/configure --prefix=/usr --mandir=/usr/share/man --infodir=/usr/share/info --build=x86_64-alpine-linux-musl --host=x86_64-alpine-linux-musl --target=x86_64-alpine-linux-musl --enable-checking=release --disable-cet --disable-fixed-point --disable-libstdcxx-pch --disable-multilib --disable-nls --disable-werror --disable-symvers --enable-__cxa_atexit --enable-default-pie --enable-default-ssp --enable-languages=c,c++,d,objc,go,fortran,ada --enable-link-serialization=2 --enable-linker-build-id --disable-libssp --enable-libsanitizer --enable-shared --enable-threads --enable-tls --with-bugurl=https://gitlab.alpinelinux.org/alpine/aports/-/issues --with-system-zlib --with-linker-hash-style=gnu --with-pkgversion='Alpine 15.2.0'
Thread model: posix
Supported LTO compression algorithms: zlib
gcc version 15.2.0 (Alpine 15.2.0) 
configure:7110: $? = 0
configure:7099: gcc -V >&5
gcc: error: unrecognized command-line option '-V'
gcc: fatal error: no input files
compilation terminated.
configure:7110: $? = 1
configure:7099: gcc -qversion >&5
gcc: error: unrecognized command-line option '-qversion'; did you mean '--version'?
gcc: fatal error: no input files
compilation terminated.
configure:7110: $? = 1
configure:7099: gcc -version >&5
gcc: error: unrecognized command-line option '-version'
gcc: fatal error: no input files
compilation terminated.
configure:7110: $? = 1
configure:7114: checking whether the compiler supports GNU C
configure:7144: result: yes
configure:7155: checking whether gcc accepts -g
configure:7220: result: yes
configure:7240: checking for gcc option to enable C11 features
configure:7273: result: none needed
configure:7389: checking whether gcc understands -c and -o together
configure:7427: result: yes
configure:7450: checking for bison
configure:7471: found /usr/bin/bison
configure:7482: result: bison -y
configure:7494: checking for a sed that does not truncate output
configure:7564: result: /bin/sed
configure:7573: checking for flex
configure:7596: found /usr/bin/flex
configure:7608: result: /usr/bin/flex
configure:7618: checking for bison
configure:7641: found /usr/bin/bison
configure:7653: result: /usr/bin/bison
configure:7668: checking build system type
configure:7683: result: x86_64-pc-linux-musl
configure:7703: checking host system type
configure:7717: result: x86_64-pc-linux-musl
configure:7737: checking for an ANSI C-conforming const
configure:7804: gcc -c -g -O2 -I/home/sonakrie/Work/testicular_linux/util-linux/../fs/usr/include conftest.c >&5
configure:7804: $? = 0
configure:7812: result: yes
configure:7820: checking for working volatile
configure:7840: gcc -c -g -O2 -I/home/sonakrie/Work/testicular_linux/util-linux/../fs/usr/include conftest.c >&5
configure:7840: $? = 0
configure:7848: result: yes
configure:7862: checking how to run the C preprocessor
configure:7888: gcc -E -I/home/sonakrie/Work/testicular_linux/util-linux/../fs/usr/include conftest.c
configure:7888: $? = 0
configure:7903: gcc -E -I/home/sonakrie/Work/testicular_linux/util-linux/../fs/usr/include conftest.c
conftest.c:38:10: fatal error: ac_nonexistent.h: No such file or directory
   38 | #include <ac_nonexistent.h>
      |          ^~~~~~~~~~~~~~~~~~
compilation terminated.
configure:7903: $? = 1
configure: failed program was:
| /* confdefs.h */
| #define PACKAGE_NAME "util-linux"
| #define PACKAGE_TARNAME "util-linux"
| #define PACKAGE_VERSION "2.40.2"
| #define PACKAGE_STRING "util-linux 2.40.2"
| #define PACKAGE_BUGREPORT "kzak@redhat.com"
| #define PACKAGE_URL "https://www.kernel.org/pub/linux/utils/util-linux/"
| #define HAVE_STDIO_H 1
| #define HAVE_STDLIB_H 1
| #define HAVE_STRING_H 1
| #define HAVE_INTTYPES_H 1
| #define HAVE_STDINT_H 1
| #define HAVE_STRINGS_H 1
| #define HAVE_SYS_STAT_H 1
| #define HAVE_SYS_TYPES_H 1
| #define HAVE_UNISTD_H 1
| #define HAVE_WCHAR_H 1
| #define STDC_HEADERS 1
| #define _ALL_SOURCE 1
| #define _DARWIN_C_SOURCE 1
| #define _GNU_SOURCE 1
| #define _HPUX_ALT_XOPEN_SOCKET_API 1
| #define _NETBSD_SOURCE 1
| #define _OPENBSD_SOURCE 1
| #define _POSIX_PTHREAD_SEMANTICS 1
| #define __STDC_WANT_IEC_60559_ATTRIBS_EXT__ 1
| #define __STDC_WANT_IEC_60559_BFP_EXT__ 1
| #define __STDC_WANT_IEC_60559_DFP_EXT__ 1
| #define __STDC_WANT_IEC_60559_FUNCS_EXT__ 1
| #define __STDC_WANT_IEC_60559_TYPES_EXT__ 1
| #define __STDC_WANT_LIB_EXT2__ 1
| #define __STDC_WANT_MATH_SPEC_FUNCS__ 1
| #define _TANDEM_SOURCE 1
| #define __EXTENSIONS__ 1
| #define PACKAGE "util-linux"
| #define VERSION "2.40.2"
| /* end confdefs.h.  */
| #include <ac_nonexistent.h>
configure:7930: result: gcc -E
configure:7944: gcc -E -I/home/sonakrie/Work/testicular_linux/util-linux/../fs/usr/include conftest.c
configure:7944: $? = 0
configure:7959: gcc -E -I/home/sonakrie/Work/testicular_linux/util-linux/../fs/usr/include conftest.c
conftest.c:38:10: fatal error: ac_nonexistent.h: No such file or directory
   38 | #include <ac_nonexistent.h>
      |          ^~~~~~~~~~~~~~~~~~
compilation terminated.
configure:7959: $? = 1
configure: failed program was:
| /* confdefs.h */
| #define PACKAGE_NAME "util-linux"
| #define PACKAGE_TARNAME "util-linux"
| #define PACKAGE_VERSION "2.40.2"
| #define PACKAGE_STRING "util-linux 2.40.2"
| #define PACKAGE_BUGREPORT "kzak@redhat.com"
| #define PACKAGE_URL "https://www.kernel.org/pub/linux/utils/util-linux/"
| #define HAVE_STDIO_H 1
| #define HAVE_STDLIB_H 1
| #define HAVE_STRING_H 1
| #define HAVE_INTTYPES_H 1
| #define HAVE_STDINT_H 1
| #define HAVE_STRINGS_H 1
| #define HAVE_SYS_STAT_H 1
| #define HAVE_SYS_TYPES_H 1
| #define HAVE_UNISTD_H 1
| #define HAVE_WCHAR_H 1
| #define STDC_HEADERS 1
| #define _ALL_SOURCE 1
| #define _DARWIN_C_SOURCE 1
| #define _GNU_SOURCE 1
| #define _HPUX_ALT_XOPEN_SOCKET_API 1
| #define _NETBSD_SOURCE 1
| #define _OPENBSD_SOURCE 1
| #define _POSIX_PTHREAD_SEMANTICS 1
| #define __STDC_WANT_IEC_60559_ATTRIBS_EXT__ 1
| #define __STDC_WANT_IEC_60559_BFP_EXT__ 1
| #define __STDC_WANT_IEC_60559_DFP_EXT__ 1
| #define __STDC_WANT_IEC_60559_FUNCS_EXT__ 1
| #define __STDC_WANT_IEC_60559_TYPES_EXT__ 1
| #define __STDC_WANT_LIB_EXT2__ 1
| #define __STDC_WANT_MATH_SPEC_FUNCS__ 1
| #define _TANDEM_SOURCE 1
| #define __EXTENSIONS__ 1
| #define PACKAGE "util-linux"
| #define VERSION "2.40.2"
| /* end confdefs.h.  */
| #include <ac_nonexistent.h>
configure:7992: checking whether compiler handles -fno-common
configure:8017: gcc -E -Werror -I/home/sonakrie/Work/testicular_linux/util-linux/../fs/usr/include -fno-common conftest.c
configure:8017: $? = 0
configure:8030: result: yes
configure:8039: checking whether compiler handles -Wall
configure:8064: gcc -E -Werror -I/home/sonakrie/Work/testicular_linux/util-linux/../fs/usr/include -Wall conftest.c
configure:8064: $? = 0
configure:8077: result: yes
configure:8086: checking whether compiler handles -Wextra
configure:8111: gcc -E -Werror -I/home/sonakrie/Work/testicular_linux/util-linux/../fs/usr/include -Wextra conftest.c
configure:8111: $? = 0
configure:8124: result: yes
configure:8134: checking whether compiler handles -Waddress-of-packed-member
configure:8159: gcc -E -Werror -I/home/sonakrie/Work/testicular_linux/util-linux/../fs/usr/include -Waddress-of-packed-member conftest.c
configure:8159: $? = 0
configure:8172: result: yes
configure:8181: checking whether compiler handles -Wdiscarded-qualifiers
configure:8206: gcc -E -Werror -I/home/sonakrie/Work/testicular_linux/util-linux/../fs/usr/include -Wdiscarded-qualifiers conftest.c
configure:8206: $? = 0
configure:8219: result: yes
configure:8228: checking whether compiler handles -Wembedded-directive
configure:8253: gcc -E -Werror -I/home/sonakrie/Work/testicular_linux/util-linux/../fs/usr/include -Wembedded-directive conftest.c
gcc: error: unrecognized command-line option '-Wembedded-directive'; did you mean '--embed-directory'?
configure:8253: $? = 1
configure: failed program was:
| /* confdefs.h */
| #define PACKAGE_NAME "util-linux"
| #define PACKAGE_TARNAME "util-linux"
| #define PACKAGE_VERSION "2.40.2"
| #define PACKAGE_STRING "util-linux 2.40.2"
| #define PACKAGE_BUGREPORT "kzak@redhat.com"
| #define PACKAGE_URL "https://www.kernel.org/pub/linux/utils/util-linux/"
| #define HAVE_STDIO_H 1
| #define HAVE_STDLIB_H 1
| #define HAVE_STRING_H 1
| #define HAVE_INTTYPES_H 1
| #define HAVE_STDINT_H 1
| #define HAVE_STRINGS_H 1
| #define HAVE_SYS_STAT_H 1
| #define HAVE_SYS_TYPES_H 1
| #define HAVE_UNISTD_H 1
| #define HAVE_WCHAR_H 1
| #define STDC_HEADERS 1
| #define _ALL_SOURCE 1
| #define _DARWIN_C_SOURCE 1
| #define _GNU_SOURCE 1
| #define _HPUX_ALT_XOPEN_SOCKET_API 1
| #define _NETBSD_SOURCE 1
| #define _OPENBSD_SOURCE 1
| #define _POSIX_PTHREAD_SEMANTICS 1
| #define __STDC_WANT_IEC_60559_ATTRIBS_EXT__ 1
| #define __STDC_WANT_IEC_60559_BFP_EXT__ 1
| #define __STDC_WANT_IEC_60559_DFP_EXT__ 1
| #define __STDC_WANT_IEC_60559_FUNCS_EXT__ 1
| #define __STDC_WANT_IEC_60559_TYPES_EXT__ 1
| #define __STDC_WANT_LIB_EXT2__ 1
| #define __STDC_WANT_MATH_SPEC_FUNCS__ 1
| #define _TANDEM_SOURCE 1
| #define __EXTENSIONS__ 1
| #define PACKAGE "util-linux"
| #define VERSION "2.40.2"
| /* end confdefs.h.  */
| 
| int
| main (void)
| {
| 
|   ;
|   return 0;
| }
configure:8266: result: no
configure:8275: checking whether compiler handles -Wextra-semi
configure:8300: gcc -E -Werror -I/home/sonakrie/Work/testicular_linux/util-linux/../fs/usr/include -Wextra-semi conftest.c
cc1: error: command-line option '-Wextra-semi' is valid for C++/ObjC++ but not for C [-Werror]
cc1: all warnings being treated as errors
configure:8300: $? = 1
configure: failed program was:
| /* confdefs.h */
| #define PACKAGE_NAME "util-linux"
| #define PACKAGE_TARNAME "util-linux"
| #define PACKAGE_VERSION "2.40.2"
| #define PACKAGE_STRING "util-linux 2.40.2"
| #define PACKAGE_BUGREPORT "kzak@redhat.com"
| #define PACKAGE_URL "https://www.kernel.org/pub/linux/utils/util-linux/"
| #define HAVE_STDIO_H 1
| #define HAVE_STDLIB_H 1
| #define HAVE_STRING_H 1
| #define HAVE_INTTYPES_H 1
| #define HAVE_STDINT_H 1
| #define HAVE_STRINGS_H 1
| #define HAVE_SYS_STAT_H 1
| #define HAVE_SYS_TYPES_H 1
| #define HAVE_UNISTD_H 1
| #define HAVE_WCHAR_H 1
| #define STDC_HEADERS 1
| #define _ALL_SOURCE 1
| #define _DARWIN_C_SOURCE 1
| #define _GNU_SOURCE 1
| #define _HPUX_ALT_XOPEN_SOCKET_API 1
| #define _NETBSD_SOURCE 1
| #define _OPENBSD_SOURCE 1
| #define _POSIX_PTHREAD_SEMANTICS 1
| #define __STDC_WANT_IEC_60559_ATTRIBS_EXT__ 1
| #define __STDC_WANT_IEC_60559_BFP_EXT__ 1
| #define __STDC_WANT_IEC_60559_DFP_EXT__ 1
| #define __STDC_WANT_IEC_60559_FUNCS_EXT__ 1
| #define __STDC_WANT_IEC_60559_TYPES_EXT__ 1
| #define __STDC_WANT_LIB_EXT2__ 1
| #define __STDC_WANT_MATH_SPEC_FUNCS__ 1
| #define _TANDEM_SOURCE 1
| #define __EXTENSIONS__ 1
| #define PACKAGE "util-linux"
| #define VERSION "2.40.2"
| /* end confdefs.h.  */
| 
| int
| main (void)
| {
| 
|   ;
|   return 0;
| }
configure:8313: result: no
configure:8322: checking whether compiler handles -Wformat-security
configure:8347: gcc -E -Werror -I/home/sonakrie/Work/testicular_linux/util-linux/../fs/usr/include -Wformat-security conftest.c
configure:8347: $? = 0
configure:8360: result: yes
configure:8369: checking whether compiler handles -Wimplicit-function-declaration
configure:8394: gcc -E -Werror -I/home/sonakrie/Work/testicular_linux/util-linux/../fs/usr/include -Wimplicit-function-declaration conftest.c
configure:8394: $? = 0
configure:8407: result: yes
configure:8416: checking whether compiler handles -Wmissing-declarations
configure:8441: gcc -E -Werror -I/home/sonakrie/Work/testicular_linux/util-linux/../fs/usr/include -Wmissing-declarations conftest.c
configure:8441: $? = 0
configure:8454: result: yes
configure:8463: checking whether compiler handles -Wmissing-parameter-type
configure:8488: gcc -E -Werror -I/home/sonakrie/Work/testicular_linux/util-linux/../fs/usr/include -Wmissing-parameter-type conftest.c
configure:8488: $? = 0
configure:8501: result: yes
configure:8510: checking whether compiler handles -Wmissing-prototypes
configure:8535: gcc -E -Werror -I/home/sonakrie/Work/testicular_linux/util-linux/../fs/usr/include -Wmissing-prototypes conftest.c
configure:8535: $? = 0
configure:8548: result: yes
configure:8557: checking whether compiler handles -Wnested-externs
configure:8582: gcc -E -Werror -I/home/sonakrie/Work/testicular_linux/util-linux/../fs/usr/include -Wnested-externs conftest.c
configure:8582: $? = 0
configure:8595: result: yes
configure:8604: checking whether compiler handles -Wno-missing-field-initializers
configure:8629: gcc -E -Werror -I/home/sonakrie/Work/testicular_linux/util-linux/../fs/usr/include -Wno-missing-field-initializers conftest.c
configure:8629: $? = 0
configure:8642: result: yes
configure:8651: checking whether compiler handles -Wold-style-definition
configure:8676: gcc -E -Werror -I/home/sonakrie/Work/testicular_linux/util-linux/../fs/usr/include -Wold-style-definition conftest.c
configure:8676: $? = 0
configure:8689: result: yes
configure:8698: checking whether compiler handles -Wpointer-arith
configure:8723: gcc -E -Werror -I/home/sonakrie/Work/testicular_linux/util-linux/../fs/usr/include -Wpointer-arith conftest.c
configure:8723: $? = 0
configure:8736: result: yes
configure:8745: checking whether compiler handles -Wredundant-decls
configure:8770: gcc -E -Werror -I/home/sonakrie/Work/testicular_linux/util-linux/../fs/usr/include -Wredundant-decls conftest.c
configure:8770: $? = 0
configure:8783: result: yes
configure:8792: checking whether compiler handles -Wsign-compare
configure:8817: gcc -E -Werror -I/home/sonakrie/Work/testicular_linux/util-linux/../fs/usr/include -Wsign-compare conftest.c
configure:8817: $? = 0
configure:8830: result: yes
configure:8839: checking whether compiler handles -Wstrict-prototypes
configure:8864: gcc -E -Werror -I/home/sonakrie/Work/testicular_linux/util-linux/../fs/usr/include -Wstrict-prototypes conftest.c
configure:8864: $? = 0
configure:8877: result: yes
configure:8886: checking whether compiler handles -Wtype-limits
configure:8911: gcc -E -Werror -I/home/sonakrie/Work/testicular_linux/util-linux/../fs/usr/include -Wtype-limits conftest.c
configure:8911: $? = 0
configure:8924: result: yes
configure:8933: checking whether compiler handles -Wuninitialized
configure:8958: gcc -E -Werror -I/home/sonakrie/Work/testicular_linux/util-linux/../fs/usr/include -Wuninitialized conftest.c
configure:8958: $? = 0
configure:8971: result: yes
configure:8980: checking whether compiler handles -Wunused-but-set-parameter
configure:9005: gcc -E -Werror -I/home/sonakrie/Work/testicular_linux/util-linux/../fs/usr/include -Wunused-but-set-parameter conftest.c
configure:9005: $? = 0
configure:9018: result: yes
configure:9027: checking whether compiler handles -Wunused-but-set-variable
configure:9052: gcc -E -Werror -I/home/sonakrie/Work/testicular_linux/util-linux/../fs/usr/include -Wunused-but-set-variable conftest.c
configure:9052: $? = 0
configure:9065: result: yes
configure:9074: checking whether compiler handles -Wunused-parameter
configure:9099: gcc -E -Werror -I/home/sonakrie/Work/testicular_linux/util-linux/../fs/usr/include -Wunused-parameter conftest.c
configure:9099: $? = 0
configure:9112: result: yes
configure:9121: checking whether compiler handles -Wunused-result
configure:9146: gcc -E -Werror -I/home/sonakrie/Work/testicular_linux/util-linux/../fs/usr/include -Wunused-result conftest.c
configure:9146: $? = 0
configure:9159: result: yes
configure:9168: checking whether compiler handles -Wunused-variable
configure:9193: gcc -E -Werror -I/home/sonakrie/Work/testicular_linux/util-linux/../fs/usr/include -Wunused-variable conftest.c
configure:9193: $? = 0
configure:9206: result: yes
configure:9215: checking whether compiler handles -Wvla
configure:9240: gcc -E -Werror -I/home/sonakrie/Work/testicular_linux/util-linux/../fs/usr/include -Wvla conftest.c
configure:9240: $? = 0
configure:9253: result: yes
configure:9262: checking whether compiler handles -Walloca
configure:9287: gcc -E -Werror -I/home/sonakrie/Work/testicular_linux/util-linux/../fs/usr/include -Walloca conftest.c
configure:9287: $? = 0
configure:9300: result: yes
configure:9372: checking whether compiler handles -Werror=sequence-point
configure:9397: gcc -E -Werror -I/home/sonakrie/Work/testicular_linux/util-linux/../fs/usr/include -Werror=sequence-point conftest.c
configure:9397: $? = 0
configure:9410: result: yes
configure:9425: checking whether compiler handles -Wno-clobbered
configure:9450: gcc -E -Werror -I/home/sonakrie/Work/testicular_linux/util-linux/../fs/usr/include -Wno-clobbered conftest.c
configure:9450: $? = 0
configure:9463: result: yes
configure:9474: checking whether compiler handles -Wno-cast-function-type
configure:9499: gcc -E -Werror -I/home/sonakrie/Work/testicular_linux/util-linux/../fs/usr/include -Wno-cast-function-type conftest.c
configure:9499: $? = 0
configure:9512: result: yes
configure:9876: checking for g++
configure:9897: found /usr/bin/g++
configure:9908: result: g++
configure:9935: checking for C++ compiler version
configure:9944: g++ --version >&5
g++ (Alpine 15.2.0) 15.2.0
Copyright (C) 2025 Free Software Foundation, Inc.
This is free software; see the source for copying conditions.  There is NO
warranty; not even for MERCHANTABILITY or FITNESS FOR A PARTICULAR PURPOSE.

configure:9955: $? = 0
configure:9944: g++ -v >&5
Using built-in specs.
COLLECT_GCC=g++
COLLECT_LTO_WRAPPER=/usr/libexec/gcc/x86_64-alpine-linux-musl/15.2.0/lto-wrapper
Target: x86_64-alpine-linux-musl
Configured with: /home/buildozer/aports/main/gcc/src/gcc-15.2.0/configure --prefix=/usr --mandir=/usr/share/man --infodir=/usr/share/info --build=x86_64-alpine-linux-musl --host=x86_64-alpine-linux-musl --target=x86_64-alpine-linux-musl --enable-checking=release --disable-cet --disable-fixed-point --disable-libstdcxx-pch --disable-multilib --disable-nls --disable-werror --disable-symvers --enable-__cxa_atexit --enable-default-pie --enable-default-ssp --enable-languages=c,c++,d,objc,go,fortran,ada --enable-link-serialization=2 --enable-linker-build-id --disable-libssp --enable-libsanitizer --enable-shared --enable-threads --enable-tls --with-bugurl=https://gitlab.alpinelinux.org/alpine/aports/-/issues --with-system-zlib --with-linker-hash-style=gnu --with-pkgversion='Alpine 15.2.0'
Thread model: posix
Supported LTO compression algorithms: zlib
gcc version 15.2.0 (Alpine 15.2.0) 
configure:9955: $? = 0
configure:9944: g++ -V >&5
g++: error: unrecognized command-line option '-V'
g++: fatal error: no input files
compilation terminated.
configure:9955: $? = 1
configure:9944: g++ -qversion >&5
g++: error: unrecognized command-line option '-qversion'; did you mean '--version'?
g++: fatal error: no input files
compilation terminated.
configure:9955: $? = 1
configure:9959: checking whether the compiler supports GNU C++
configure:9979: g++ -c  -I/home/sonakrie/Work/testicular_linux/util-linux/../fs/usr/include conftest.cpp >&5
configure:9979: $? = 0
configure:9989: result: yes
configure:10000: checking whether g++ accepts -g
configure:10021: g++ -c -g -I/home/sonakrie/Work/testicular_linux/util-linux/../fs/usr/include conftest.cpp >&5
configure:10021: $? = 0
configure:10065: result: yes
configure:10085: checking for g++ option to enable C++11 features
configure:10100: g++  -c -g -O2 -I/home/sonakrie/Work/testicular_linux/util-linux/../fs/usr/include conftest.cpp >&5
conftest.cpp: In function 'int main(int, char**)':
conftest.cpp:204:25: warning: empty parentheses were disambiguated as a function declaration [-Wvexing-parse]
  204 |   cxx11test::delegate d2();
      |                         ^~
conftest.cpp:204:25: note: remove parentheses to default-initialize a variable
  204 |   cxx11test::delegate d2();
      |                         ^~
      |                         --
conftest.cpp:204:25: note: or replace parentheses with braces to value-initialize a variable
configure:10100: $? = 0
configure:10118: result: none needed
configure:10184: checking dependency style of g++
configure:10296: result: gcc3
configure:10447: checking how to print strings
configure:10474: result: printf
configure:10495: checking for a sed that does not truncate output
configure:10565: result: /bin/sed
configure:10583: checking for grep that handles long lines and -e
configure:10647: result: /bin/grep
configure:10652: checking for egrep
configure:10720: result: /bin/grep -E
configure:10725: checking for fgrep
configure:10793: result: /bin/grep -F
configure:10829: checking for ld used by gcc
configure:10897: result: /usr/x86_64-alpine-linux-musl/bin/ld
configure:10904: checking if the linker (/usr/x86_64-alpine-linux-musl/bin/ld) is GNU ld
configure:10920: result: yes
configure:10932: checking for BSD- or MS-compatible name lister (nm)
configure:10987: result: /usr/bin/nm -B
configure:11127: checking the name lister (/usr/bin/nm -B) interface
configure:11135: gcc -c -g -O2 -I/home/sonakrie/Work/testicular_linux/util-linux/../fs/usr/include conftest.c >&5
configure:11138: /usr/bin/nm -B "conftest.o"
configure:11141: output
0000000000000000 B some_variable
configure:11148: result: BSD nm
configure:11151: checking whether ln -s works
configure:11155: result: yes
configure:11163: checking the maximum length of command line arguments
configure:11295: result: 98304
configure:11343: checking how to convert x86_64-pc-linux-musl file names to x86_64-pc-linux-musl format
configure:11384: result: func_convert_file_noop
configure:11391: checking how to convert x86_64-pc-linux-musl file names to toolchain format
configure:11412: result: func_convert_file_noop
configure:11419: checking for /usr/x86_64-alpine-linux-musl/bin/ld option to reload object files
configure:11427: result: -r
configure:11506: checking for file
configure:11527: found /usr/bin/file
configure:11538: result: file
configure:11614: checking for objdump
configure:11635: found /usr/bin/objdump
configure:11646: result: objdump
configure:11678: checking how to recognize dependent libraries
configure:11879: result: pass_all
configure:11969: checking for dlltool
configure:12004: result: no
configure:12034: checking how to associate runtime and link libraries
configure:12062: result: printf %s\n
configure:12212: checking for archiver @FILE support
configure:12230: gcc -c -g -O2 -I/home/sonakrie/Work/testicular_linux/util-linux/../fs/usr/include conftest.c >&5
configure:12230: $? = 0
configure:12234: ar cr libconftest.a @conftest.lst >&5
configure:12237: $? = 0
configure:12242: ar cr libconftest.a @conftest.lst >&5
ar: conftest.o: No such file or directory
configure:12245: $? = 1
configure:12257: result: @
configure:12320: checking for strip
configure:12341: found /usr/bin/strip
configure:12352: result: strip
configure:12429: checking for ranlib
configure:12450: found /usr/bin/ranlib
configure:12461: result: ranlib
configure:12563: checking command to parse /usr/bin/nm -B output from gcc object
configure:12717: gcc -c -g -O2 -I/home/sonakrie/Work/testicular_linux/util-linux/../fs/usr/include conftest.c >&5
configure:12720: $? = 0
configure:12724: /usr/bin/nm -B conftest.o \| /bin/sed -n -e 's/^.*[ ]\([ABCDGIRSTW][ABCDGIRSTW]*\)[ ][ ]*\([_A-Za-z][_A-Za-z0-9]*\)$/\1 \2 \2/p' | /bin/sed '/ __gnu_lto/d' \> conftest.nm
configure:12727: $? = 0
configure:12793: gcc -o conftest -g -O2 -I/home/sonakrie/Work/testicular_linux/util-linux/../fs/usr/include -L/home/sonakrie/Work/testicular_linux/util-linux/../fs/usr/lib conftest.c conftstm.o >&5
configure:12796: $? = 0
configure:12834: result: ok
configure:12881: checking for sysroot
configure:12912: result: no
configure:12919: checking for a working dd
configure:12963: result: /bin/dd
configure:12967: checking how to truncate binary pipes
configure:12983: result: /bin/dd bs=4096 count=1
configure:13120: gcc -c -g -O2 -I/home/sonakrie/Work/testicular_linux/util-linux/../fs/usr/include conftest.c >&5
configure:13123: $? = 0
configure:13320: checking for mt
configure:13355: result: no
configure:13375: checking if : is a manifest tool
configure:13382: : '-?'
configure:13390: result: no
configure:14111: checking for dlfcn.h
configure:14111: gcc -c -g -O2 -I/home/sonakrie/Work/testicular_linux/util-linux/../fs/usr/include conftest.c >&5
configure:14111: $? = 0
configure:14111: result: yes
configure:14381: checking for objdir
configure:14397: result: .libs
configure:14661: checking if gcc supports -fno-rtti -fno-exceptions
configure:14680: gcc -c -g -O2 -I/home/sonakrie/Work/testicular_linux/util-linux/../fs/usr/include -fno-rtti -fno-exceptions conftest.c >&5
cc1: warning: command-line option '-fno-rtti' is valid for C++/D/ObjC++ but not for C
configure:14684: $? = 0
configure:14697: result: no
configure:15055: checking for gcc option to produce PIC
configure:15063: result: -fPIC -DPIC
configure:15071: checking if gcc PIC flag -fPIC -DPIC works
configure:15090: gcc -c -g -O2 -I/home/sonakrie/Work/testicular_linux/util-linux/../fs/usr/include -fPIC -DPIC -DPIC conftest.c >&5
configure:15094: $? = 0
configure:15107: result: yes
configure:15136: checking if gcc static flag -static works
configure:15165: result: yes
configure:15180: checking if gcc supports -c -o file.o
configure:15202: gcc -c -g -O2 -I/home/sonakrie/Work/testicular_linux/util-linux/../fs/usr/include -o out/conftest2.o conftest.c >&5
configure:15206: $? = 0
configure:15228: result: yes
configure:15236: checking if gcc supports -c -o file.o
configure:15284: result: yes
configure:15317: checking whether the gcc linker (/usr/x86_64-alpine-linux-musl/bin/ld -m elf_x86_64) supports shared libraries
configure:16585: result: yes
configure:16622: checking whether -lc should be explicitly linked in
configure:16631: gcc -c -g -O2 -I/home/sonakrie/Work/testicular_linux/util-linux/../fs/usr/include conftest.c >&5
configure:16634: $? = 0
configure:16649: gcc -shared  -fPIC -DPIC conftest.o  -v -Wl,-soname -Wl,conftest -o conftest 2\>\&1 \| /bin/grep  -lc  \>/dev/null 2\>\&1
configure:16652: $? = 0
configure:16666: result: no
configure:16826: checking dynamic linker characteristics
configure:17408: gcc -o conftest -g -O2 -I/home/sonakrie/Work/testicular_linux/util-linux/../fs/usr/include -L/home/sonakrie/Work/testicular_linux/util-linux/../fs/usr/lib -Wl,-rpath -Wl,/foo conftest.c  >&5
configure:17408: $? = 0
configure:17650: result: GNU/Linux ld.so
configure:17772: checking how to hardcode library paths into programs
configure:17797: result: immediate
configure:18349: checking whether stripping libraries is possible
configure:18358: result: yes
configure:18400: checking if libtool supports shared libraries
configure:18402: result: yes
configure:18405: checking whether to build shared libraries
configure:18430: result: yes
configure:18433: checking whether to build static libraries
configure:18437: result: yes
configure:18460: checking how to run the C++ preprocessor
configure:18482: g++ -E -I/home/sonakrie/Work/testicular_linux/util-linux/../fs/usr/include conftest.cpp
configure:18482: $? = 0
configure:18497: g++ -E -I/home/sonakrie/Work/testicular_linux/util-linux/../fs/usr/include conftest.cpp
conftest.cpp:40:10: fatal error: ac_nonexistent.h: No such file or directory
   40 | #include <ac_nonexistent.h>
      |          ^~~~~~~~~~~~~~~~~~
compilation terminated.
configure:18497: $? = 1
configure: failed program was:
| /* confdefs.h */
| #define PACKAGE_NAME "util-linux"
| #define PACKAGE_TARNAME "util-linux"
| #define PACKAGE_VERSION "2.40.2"
| #define PACKAGE_STRING "util-linux 2.40.2"
| #define PACKAGE_BUGREPORT "kzak@redhat.com"
| #define PACKAGE_URL "https://www.kernel.org/pub/linux/utils/util-linux/"
| #define HAVE_STDIO_H 1
| #define HAVE_STDLIB_H 1
| #define HAVE_STRING_H 1
| #define HAVE_INTTYPES_H 1
| #define HAVE_STDINT_H 1
| #define HAVE_STRINGS_H 1
| #define HAVE_SYS_STAT_H 1
| #define HAVE_SYS_TYPES_H 1
| #define HAVE_UNISTD_H 1
| #define HAVE_WCHAR_H 1
| #define STDC_HEADERS 1
| #define _ALL_SOURCE 1
| #define _DARWIN_C_SOURCE 1
| #define _GNU_SOURCE 1
| #define _HPUX_ALT_XOPEN_SOCKET_API 1
| #define _NETBSD_SOURCE 1
| #define _OPENBSD_SOURCE 1
| #define _POSIX_PTHREAD_SEMANTICS 1
| #define __STDC_WANT_IEC_60559_ATTRIBS_EXT__ 1
| #define __STDC_WANT_IEC_60559_BFP_EXT__ 1
| #define __STDC_WANT_IEC_60559_DFP_EXT__ 1
| #define __STDC_WANT_IEC_60559_FUNCS_EXT__ 1
| #define __STDC_WANT_IEC_60559_TYPES_EXT__ 1
| #define __STDC_WANT_LIB_EXT2__ 1
| #define __STDC_WANT_MATH_SPEC_FUNCS__ 1
| #define _TANDEM_SOURCE 1
| #define __EXTENSIONS__ 1
| #define PACKAGE "util-linux"
| #define VERSION "2.40.2"
| #define HAVE_DLFCN_H 1
| #define LT_OBJDIR ".libs/"
| /* end confdefs.h.  */
| #include <ac_nonexistent.h>
configure:18524: result: g++ -E
configure:18538: g++ -E -I/home/sonakrie/Work/testicular_linux/util-linux/../fs/usr/include conftest.cpp
configure:18538: $? = 0
configure:18553: g++ -E -I/home/sonakrie/Work/testicular_linux/util-linux/../fs/usr/include conftest.cpp
conftest.cpp:40:10: fatal error: ac_nonexistent.h: No such file or directory
   40 | #include <ac_nonexistent.h>
      |          ^~~~~~~~~~~~~~~~~~
compilation terminated.
configure:18553: $? = 1
configure: failed program was:
| /* confdefs.h */
| #define PACKAGE_NAME "util-linux"
| #define PACKAGE_TARNAME "util-linux"
| #define PACKAGE_VERSION "2.40.2"
| #define PACKAGE_STRING "util-linux 2.40.2"
| #define PACKAGE_BUGREPORT "kzak@redhat.com"
| #define PACKAGE_URL "https://www.kernel.org/pub/linux/utils/util-linux/"
| #define HAVE_STDIO_H 1
| #define HAVE_STDLIB_H 1
| #define HAVE_STRING_H 1
| #define HAVE_INTTYPES_H 1
| #define HAVE_STDINT_H 1
| #define HAVE_STRINGS_H 1
| #define HAVE_SYS_STAT_H 1
| #define HAVE_SYS_TYPES_H 1
| #define HAVE_UNISTD_H 1
| #define HAVE_WCHAR_H 1
| #define STDC_HEADERS 1
| #define _ALL_SOURCE 1
| #define _DARWIN_C_SOURCE 1
| #define _GNU_SOURCE 1
| #define _HPUX_ALT_XOPEN_SOCKET_API 1
| #define _NETBSD_SOURCE 1
| #define _OPENBSD_SOURCE 1
| #define _POSIX_PTHREAD_SEMANTICS 1
| #define __STDC_WANT_IEC_60559_ATTRIBS_EXT__ 1
| #define __STDC_WANT_IEC_60559_BFP_EXT__ 1
| #define __STDC_WANT_IEC_60559_DFP_EXT__ 1
| #define __STDC_WANT_IEC_60559_FUNCS_EXT__ 1
| #define __STDC_WANT_IEC_60559_TYPES_EXT__ 1
| #define __STDC_WANT_LIB_EXT2__ 1
| #define __STDC_WANT_MATH_SPEC_FUNCS__ 1
| #define _TANDEM_SOURCE 1
| #define __EXTENSIONS__ 1
| #define PACKAGE "util-linux"
| #define VERSION "2.40.2"
| #define HAVE_DLFCN_H 1
| #define LT_OBJDIR ".libs/"
| /* end confdefs.h.  */
| #include <ac_nonexistent.h>
configure:18718: checking for ld used by g++
configure:18786: result: /usr/x86_64-alpine-linux-musl/bin/ld -m elf_x86_64
configure:18793: checking if the linker (/usr/x86_64-alpine-linux-musl/bin/ld -m elf_x86_64) is GNU ld
configure:18809: result: yes
configure:18864: checking whether the g++ linker (/usr/x86_64-alpine-linux-musl/bin/ld -m elf_x86_64) supports shared libraries
configure:19942: result: yes
configure:19978: g++ -c -g -O2 -I/home/sonakrie/Work/testicular_linux/util-linux/../fs/usr/include conftest.cpp >&5
configure:19981: $? = 0
configure:20462: checking for g++ option to produce PIC
configure:20470: result: -fPIC -DPIC
configure:20478: checking if g++ PIC flag -fPIC -DPIC works
configure:20497: g++ -c -g -O2 -I/home/sonakrie/Work/testicular_linux/util-linux/../fs/usr/include -fPIC -DPIC -DPIC conftest.cpp >&5
configure:20501: $? = 0
configure:20514: result: yes
configure:20537: checking if g++ static flag -static works
configure:20566: result: yes
configure:20578: checking if g++ supports -c -o file.o
configure:20600: g++ -c -g -O2 -I/home/sonakrie/Work/testicular_linux/util-linux/../fs/usr/include -o out/conftest2.o conftest.cpp >&5
configure:20604: $? = 0
configure:20626: result: yes
configure:20631: checking if g++ supports -c -o file.o
configure:20679: result: yes
configure:20709: checking whether the g++ linker (/usr/x86_64-alpine-linux-musl/bin/ld -m elf_x86_64) supports shared libraries
configure:20749: result: yes
configure:20891: checking dynamic linker characteristics
configure:21642: result: GNU/Linux ld.so
configure:21707: checking how to hardcode library paths into programs
configure:21732: result: immediate
configure:21811: checking linker version script flag
configure:21846: gcc -o conftest -g -O2 -I/home/sonakrie/Work/testicular_linux/util-linux/../fs/usr/include -L/home/sonakrie/Work/testicular_linux/util-linux/../fs/usr/lib -Wl,--version-script,conftest.map conftest.c  >&5
configure:21846: $? = 0
configure:21942: gcc -o conftest -g -O2 -I/home/sonakrie/Work/testicular_linux/util-linux/../fs/usr/include -L/home/sonakrie/Work/testicular_linux/util-linux/../fs/usr/lib -Wl,--version-script,conftest.map conftest.c  >&5
/usr/lib/gcc/x86_64-alpine-linux-musl/15.2.0/../../../../x86_64-alpine-linux-musl/bin/ld:conftest.map:0: syntax error in VERSION script
collect2: error: ld returned 1 exit status
configure:21942: $? = 1
configure: failed program was:
| /* confdefs.h */
| #define PACKAGE_NAME "util-linux"
| #define PACKAGE_TARNAME "util-linux"
| #define PACKAGE_VERSION "2.40.2"
| #define PACKAGE_STRING "util-linux 2.40.2"
| #define PACKAGE_BUGREPORT "kzak@redhat.com"
| #define PACKAGE_URL "https://www.kernel.org/pub/linux/utils/util-linux/"
| #define HAVE_STDIO_H 1
| #define HAVE_STDLIB_H 1
| #define HAVE_STRING_H 1
| #define HAVE_INTTYPES_H 1
| #define HAVE_STDINT_H 1
| #define HAVE_STRINGS_H 1
| #define HAVE_SYS_STAT_H 1
| #define HAVE_SYS_TYPES_H 1
| #define HAVE_UNISTD_H 1
| #define HAVE_WCHAR_H 1
| #define STDC_HEADERS 1
| #define _ALL_SOURCE 1
| #define _DARWIN_C_SOURCE 1
| #define _GNU_SOURCE 1
| #define _HPUX_ALT_XOPEN_SOCKET_API 1
| #define _NETBSD_SOURCE 1
| #define _OPENBSD_SOURCE 1
| #define _POSIX_PTHREAD_SEMANTICS 1
| #define __STDC_WANT_IEC_60559_ATTRIBS_EXT__ 1
| #define __STDC_WANT_IEC_60559_BFP_EXT__ 1
| #define __STDC_WANT_IEC_60559_DFP_EXT__ 1
| #define __STDC_WANT_IEC_60559_FUNCS_EXT__ 1
| #define __STDC_WANT_IEC_60559_TYPES_EXT__ 1
| #define __STDC_WANT_LIB_EXT2__ 1
| #define __STDC_WANT_MATH_SPEC_FUNCS__ 1
| #define _TANDEM_SOURCE 1
| #define __EXTENSIONS__ 1
| #define PACKAGE "util-linux"
| #define VERSION "2.40.2"
| #define HAVE_DLFCN_H 1
| #define LT_OBJDIR ".libs/"
| /* end confdefs.h.  */
| int show, hide;
| int
| main (void)
| {
| 
|   ;
|   return 0;
| }
configure:21961: result: --version-script
configure:21969: checking if version scripts can use complex wildcards
configure:22004: gcc -o conftest -g -O2 -I/home/sonakrie/Work/testicular_linux/util-linux/../fs/usr/include -L/home/sonakrie/Work/testicular_linux/util-linux/../fs/usr/lib -Wl,--version-script,conftest.map conftest.c  >&5
configure:22004: $? = 0
configure:22022: result: yes
configure:22132: checking for pkg-config
configure:22155: found /usr/bin/pkg-config
configure:22167: result: /usr/bin/pkg-config
configure:22192: checking pkg-config is at least version 0.9.0
configure:22195: result: yes
configure:22255: checking whether to build gtk-doc documentation
configure:22257: result: no
configure:22264: checking for gtkdoc-check
configure:22302: result: no
configure:22330: checking for xsltproc
configure:22368: result: no
configure:22556: checking for special C compiler options needed for large files
configure:22604: result: no
configure:22610: checking for _FILE_OFFSET_BITS value needed for large files
configure:22636: gcc -c -g -O2 -I/home/sonakrie/Work/testicular_linux/util-linux/../fs/usr/include conftest.c >&5
configure:22636: $? = 0
configure:22670: result: no
configure:22753: checking whether to enable assertions
configure:22774: result: yes
configure:22777: checking whether struct tm is in sys/time.h or time.h
configure:22798: gcc -c -g -O2 -I/home/sonakrie/Work/testicular_linux/util-linux/../fs/usr/include conftest.c >&5
configure:22798: $? = 0
configure:22806: result: time.h
configure:22814: checking for gcc options needed to detect all undeclared functions
configure:22836: gcc -c -g -O2  -I/home/sonakrie/Work/testicular_linux/util-linux/../fs/usr/include conftest.c >&5
conftest.c: In function 'main':
conftest.c:44:8: error: 'strchr' undeclared (first use in this function)
   44 | (void) strchr;
      |        ^~~~~~
conftest.c:1:1: note: 'strchr' is defined in header '<string.h>'; this is probably fixable by adding '#include <string.h>'
    1 | /* confdefs.h */
conftest.c:44:8: note: each undeclared identifier is reported only once for each function it appears in
   44 | (void) strchr;
      |        ^~~~~~
configure:22836: $? = 1
configure: failed program was:
| /* confdefs.h */
| #define PACKAGE_NAME "util-linux"
| #define PACKAGE_TARNAME "util-linux"
| #define PACKAGE_VERSION "2.40.2"
| #define PACKAGE_STRING "util-linux 2.40.2"
| #define PACKAGE_BUGREPORT "kzak@redhat.com"
| #define PACKAGE_URL "https://www.kernel.org/pub/linux/utils/util-linux/"
| #define HAVE_STDIO_H 1
| #define HAVE_STDLIB_H 1
| #define HAVE_STRING_H 1
| #define HAVE_INTTYPES_H 1
| #define HAVE_STDINT_H 1
| #define HAVE_STRINGS_H 1
| #define HAVE_SYS_STAT_H 1
| #define HAVE_SYS_TYPES_H 1
| #define HAVE_UNISTD_H 1
| #define HAVE_WCHAR_H 1
| #define STDC_HEADERS 1
| #define _ALL_SOURCE 1
| #define _DARWIN_C_SOURCE 1
| #define _GNU_SOURCE 1
| #define _HPUX_ALT_XOPEN_SOCKET_API 1
| #define _NETBSD_SOURCE 1
| #define _OPENBSD_SOURCE 1
| #define _POSIX_PTHREAD_SEMANTICS 1
| #define __STDC_WANT_IEC_60559_ATTRIBS_EXT__ 1
| #define __STDC_WANT_IEC_60559_BFP_EXT__ 1
| #define __STDC_WANT_IEC_60559_DFP_EXT__ 1
| #define __STDC_WANT_IEC_60559_FUNCS_EXT__ 1
| #define __STDC_WANT_IEC_60559_TYPES_EXT__ 1
| #define __STDC_WANT_LIB_EXT2__ 1
| #define __STDC_WANT_MATH_SPEC_FUNCS__ 1
| #define _TANDEM_SOURCE 1
| #define __EXTENSIONS__ 1
| #define PACKAGE "util-linux"
| #define VERSION "2.40.2"
| #define HAVE_DLFCN_H 1
| #define LT_OBJDIR ".libs/"
| /* end confdefs.h.  */
| 
| int
| main (void)
| {
| (void) strchr;
|   ;
|   return 0;
| }
configure:22863: gcc -c -g -O2  -I/home/sonakrie/Work/testicular_linux/util-linux/../fs/usr/include conftest.c >&5
configure:22863: $? = 0
configure:22880: result: none needed
configure:22894: checking for struct tm.tm_zone
configure:22894: gcc -c -g -O2 -I/home/sonakrie/Work/testicular_linux/util-linux/../fs/usr/include conftest.c >&5
configure:22894: $? = 0
configure:22894: result: yes
configure:22963: checking for gcc option for timestamps after 2038
configure:22995: gcc -c -g -O2 -I/home/sonakrie/Work/testicular_linux/util-linux/../fs/usr/include conftest.c >&5
configure:22995: $? = 0
configure:23006: result: none needed
configure:23077: checking whether NLS is requested
configure:23087: result: yes
configure:23127: checking for msgfmt
configure: trying /usr/bin/msgfmt...
0 translated messages.
configure:23160: result: /usr/bin/msgfmt
configure:23169: checking for gmsgfmt
configure:23205: result: /usr/bin/msgfmt
configure:23255: checking for xgettext
configure: trying /usr/bin/xgettext...
/usr/bin/xgettext: warning: file '/dev/null' extension '' is unknown; will try C
configure:23288: result: /usr/bin/xgettext
configure:23333: checking for msgmerge
configure: trying /usr/bin/msgmerge...
configure:23365: result: /usr/bin/msgmerge
configure:23424: checking for ld used by gcc
configure:23492: result: /usr/x86_64-alpine-linux-musl/bin/ld -m elf_x86_64
configure:23499: checking if the linker (/usr/x86_64-alpine-linux-musl/bin/ld -m elf_x86_64) is GNU ld
configure:23515: result: yes
configure:23523: checking for shared library run path origin
configure:23537: result: done
configure:24113: checking for CFPreferencesCopyAppValue
configure:24132: gcc -o conftest -g -O2 -I/home/sonakrie/Work/testicular_linux/util-linux/../fs/usr/include -L/home/sonakrie/Work/testicular_linux/util-linux/../fs/usr/lib conftest.c  -Wl,-framework -Wl,CoreFoundation >&5
conftest.c:42:10: fatal error: CoreFoundation/CFPreferences.h: No such file or directory
   42 | #include <CoreFoundation/CFPreferences.h>
      |          ^~~~~~~~~~~~~~~~~~~~~~~~~~~~~~~~
compilation terminated.
configure:24132: $? = 1
configure: failed program was:
| /* confdefs.h */
| #define PACKAGE_NAME "util-linux"
| #define PACKAGE_TARNAME "util-linux"
| #define PACKAGE_VERSION "2.40.2"
| #define PACKAGE_STRING "util-linux 2.40.2"
| #define PACKAGE_BUGREPORT "kzak@redhat.com"
| #define PACKAGE_URL "https://www.kernel.org/pub/linux/utils/util-linux/"
| #define HAVE_STDIO_H 1
| #define HAVE_STDLIB_H 1
| #define HAVE_STRING_H 1
| #define HAVE_INTTYPES_H 1
| #define HAVE_STDINT_H 1
| #define HAVE_STRINGS_H 1
| #define HAVE_SYS_STAT_H 1
| #define HAVE_SYS_TYPES_H 1
| #define HAVE_UNISTD_H 1
| #define HAVE_WCHAR_H 1
| #define STDC_HEADERS 1
| #define _ALL_SOURCE 1
| #define _DARWIN_C_SOURCE 1
| #define _GNU_SOURCE 1
| #define _HPUX_ALT_XOPEN_SOCKET_API 1
| #define _NETBSD_SOURCE 1
| #define _OPENBSD_SOURCE 1
| #define _POSIX_PTHREAD_SEMANTICS 1
| #define __STDC_WANT_IEC_60559_ATTRIBS_EXT__ 1
| #define __STDC_WANT_IEC_60559_BFP_EXT__ 1
| #define __STDC_WANT_IEC_60559_DFP_EXT__ 1
| #define __STDC_WANT_IEC_60559_FUNCS_EXT__ 1
| #define __STDC_WANT_IEC_60559_TYPES_EXT__ 1
| #define __STDC_WANT_LIB_EXT2__ 1
| #define __STDC_WANT_MATH_SPEC_FUNCS__ 1
| #define _TANDEM_SOURCE 1
| #define __EXTENSIONS__ 1
| #define PACKAGE "util-linux"
| #define VERSION "2.40.2"
| #define HAVE_DLFCN_H 1
| #define LT_OBJDIR ".libs/"
| #define HAVE_STRUCT_TM_TM_ZONE 1
| #define HAVE_TM_ZONE 1
| /* end confdefs.h.  */
| #include <CoreFoundation/CFPreferences.h>
| int
| main (void)
| {
| CFPreferencesCopyAppValue(NULL, NULL)
|   ;
|   return 0;
| }
configure:24142: result: no
configure:24149: checking for CFLocaleCopyCurrent
configure:24168: gcc -o conftest -g -O2 -I/home/sonakrie/Work/testicular_linux/util-linux/../fs/usr/include -L/home/sonakrie/Work/testicular_linux/util-linux/../fs/usr/lib conftest.c  -Wl,-framework -Wl,CoreFoundation >&5
conftest.c:42:10: fatal error: CoreFoundation/CFLocale.h: No such file or directory
   42 | #include <CoreFoundation/CFLocale.h>
      |          ^~~~~~~~~~~~~~~~~~~~~~~~~~~
compilation terminated.
configure:24168: $? = 1
configure: failed program was:
| /* confdefs.h */
| #define PACKAGE_NAME "util-linux"
| #define PACKAGE_TARNAME "util-linux"
| #define PACKAGE_VERSION "2.40.2"
| #define PACKAGE_STRING "util-linux 2.40.2"
| #define PACKAGE_BUGREPORT "kzak@redhat.com"
| #define PACKAGE_URL "https://www.kernel.org/pub/linux/utils/util-linux/"
| #define HAVE_STDIO_H 1
| #define HAVE_STDLIB_H 1
| #define HAVE_STRING_H 1
| #define HAVE_INTTYPES_H 1
| #define HAVE_STDINT_H 1
| #define HAVE_STRINGS_H 1
| #define HAVE_SYS_STAT_H 1
| #define HAVE_SYS_TYPES_H 1
| #define HAVE_UNISTD_H 1
| #define HAVE_WCHAR_H 1
| #define STDC_HEADERS 1
| #define _ALL_SOURCE 1
| #define _DARWIN_C_SOURCE 1
| #define _GNU_SOURCE 1
| #define _HPUX_ALT_XOPEN_SOCKET_API 1
| #define _NETBSD_SOURCE 1
| #define _OPENBSD_SOURCE 1
| #define _POSIX_PTHREAD_SEMANTICS 1
| #define __STDC_WANT_IEC_60559_ATTRIBS_EXT__ 1
| #define __STDC_WANT_IEC_60559_BFP_EXT__ 1
| #define __STDC_WANT_IEC_60559_DFP_EXT__ 1
| #define __STDC_WANT_IEC_60559_FUNCS_EXT__ 1
| #define __STDC_WANT_IEC_60559_TYPES_EXT__ 1
| #define __STDC_WANT_LIB_EXT2__ 1
| #define __STDC_WANT_MATH_SPEC_FUNCS__ 1
| #define _TANDEM_SOURCE 1
| #define __EXTENSIONS__ 1
| #define PACKAGE "util-linux"
| #define VERSION "2.40.2"
| #define HAVE_DLFCN_H 1
| #define LT_OBJDIR ".libs/"
| #define HAVE_STRUCT_TM_TM_ZONE 1
| #define HAVE_TM_ZONE 1
| /* end confdefs.h.  */
| #include <CoreFoundation/CFLocale.h>
| int
| main (void)
| {
| CFLocaleCopyCurrent();
|   ;
|   return 0;
| }
configure:24178: result: no
configure:24227: checking for GNU gettext in libc
configure:24252: gcc -o conftest -g -O2 -I/home/sonakrie/Work/testicular_linux/util-linux/../fs/usr/include -L/home/sonakrie/Work/testicular_linux/util-linux/../fs/usr/lib conftest.c  >&5
conftest.c:43:10: fatal error: libintl.h: No such file or directory
   43 | #include <libintl.h>
      |          ^~~~~~~~~~~
compilation terminated.
configure:24252: $? = 1
configure: failed program was:
| /* confdefs.h */
| #define PACKAGE_NAME "util-linux"
| #define PACKAGE_TARNAME "util-linux"
| #define PACKAGE_VERSION "2.40.2"
| #define PACKAGE_STRING "util-linux 2.40.2"
| #define PACKAGE_BUGREPORT "kzak@redhat.com"
| #define PACKAGE_URL "https://www.kernel.org/pub/linux/utils/util-linux/"
| #define HAVE_STDIO_H 1
| #define HAVE_STDLIB_H 1
| #define HAVE_STRING_H 1
| #define HAVE_INTTYPES_H 1
| #define HAVE_STDINT_H 1
| #define HAVE_STRINGS_H 1
| #define HAVE_SYS_STAT_H 1
| #define HAVE_SYS_TYPES_H 1
| #define HAVE_UNISTD_H 1
| #define HAVE_WCHAR_H 1
| #define STDC_HEADERS 1
| #define _ALL_SOURCE 1
| #define _DARWIN_C_SOURCE 1
| #define _GNU_SOURCE 1
| #define _HPUX_ALT_XOPEN_SOCKET_API 1
| #define _NETBSD_SOURCE 1
| #define _OPENBSD_SOURCE 1
| #define _POSIX_PTHREAD_SEMANTICS 1
| #define __STDC_WANT_IEC_60559_ATTRIBS_EXT__ 1
| #define __STDC_WANT_IEC_60559_BFP_EXT__ 1
| #define __STDC_WANT_IEC_60559_DFP_EXT__ 1
| #define __STDC_WANT_IEC_60559_FUNCS_EXT__ 1
| #define __STDC_WANT_IEC_60559_TYPES_EXT__ 1
| #define __STDC_WANT_LIB_EXT2__ 1
| #define __STDC_WANT_MATH_SPEC_FUNCS__ 1
| #define _TANDEM_SOURCE 1
| #define __EXTENSIONS__ 1
| #define PACKAGE "util-linux"
| #define VERSION "2.40.2"
| #define HAVE_DLFCN_H 1
| #define LT_OBJDIR ".libs/"
| #define HAVE_STRUCT_TM_TM_ZONE 1
| #define HAVE_TM_ZONE 1
| /* end confdefs.h.  */
| 
| #include <libintl.h>
| 
| extern int _nl_msg_cat_cntr;
| extern int *_nl_domain_bindings;
| 
| int
| main (void)
| {
| 
| bindtextdomain ("", "");
| return * gettext ("") + _nl_msg_cat_cntr + *_nl_domain_bindings
| 
|   ;
|   return 0;
| }
configure:24262: result: no
configure:24296: checking for iconv
configure:24321: gcc -o conftest -g -O2 -I/home/sonakrie/Work/testicular_linux/util-linux/../fs/usr/include -L/home/sonakrie/Work/testicular_linux/util-linux/../fs/usr/lib conftest.c  >&5
configure:24321: $? = 0
configure:24357: result: yes
configure:24360: checking for working iconv
configure:24482: gcc -o conftest -g -O2 -I/home/sonakrie/Work/testicular_linux/util-linux/../fs/usr/include -L/home/sonakrie/Work/testicular_linux/util-linux/../fs/usr/lib conftest.c  >&5
configure:24482: $? = 0
configure:24482: ./conftest
configure:24482: $? = 0
configure:24495: result: yes
configure:24985: checking for GNU gettext in libintl
configure:25018: gcc -o conftest -g -O2 -I/home/sonakrie/Work/testicular_linux/util-linux/../fs/usr/include  -L/home/sonakrie/Work/testicular_linux/util-linux/../fs/usr/lib conftest.c  -lintl >&5
conftest.c:44:10: fatal error: libintl.h: No such file or directory
   44 | #include <libintl.h>
      |          ^~~~~~~~~~~
compilation terminated.
configure:25018: $? = 1
configure: failed program was:
| /* confdefs.h */
| #define PACKAGE_NAME "util-linux"
| #define PACKAGE_TARNAME "util-linux"
| #define PACKAGE_VERSION "2.40.2"
| #define PACKAGE_STRING "util-linux 2.40.2"
| #define PACKAGE_BUGREPORT "kzak@redhat.com"
| #define PACKAGE_URL "https://www.kernel.org/pub/linux/utils/util-linux/"
| #define HAVE_STDIO_H 1
| #define HAVE_STDLIB_H 1
| #define HAVE_STRING_H 1
| #define HAVE_INTTYPES_H 1
| #define HAVE_STDINT_H 1
| #define HAVE_STRINGS_H 1
| #define HAVE_SYS_STAT_H 1
| #define HAVE_SYS_TYPES_H 1
| #define HAVE_UNISTD_H 1
| #define HAVE_WCHAR_H 1
| #define STDC_HEADERS 1
| #define _ALL_SOURCE 1
| #define _DARWIN_C_SOURCE 1
| #define _GNU_SOURCE 1
| #define _HPUX_ALT_XOPEN_SOCKET_API 1
| #define _NETBSD_SOURCE 1
| #define _OPENBSD_SOURCE 1
| #define _POSIX_PTHREAD_SEMANTICS 1
| #define __STDC_WANT_IEC_60559_ATTRIBS_EXT__ 1
| #define __STDC_WANT_IEC_60559_BFP_EXT__ 1
| #define __STDC_WANT_IEC_60559_DFP_EXT__ 1
| #define __STDC_WANT_IEC_60559_FUNCS_EXT__ 1
| #define __STDC_WANT_IEC_60559_TYPES_EXT__ 1
| #define __STDC_WANT_LIB_EXT2__ 1
| #define __STDC_WANT_MATH_SPEC_FUNCS__ 1
| #define _TANDEM_SOURCE 1
| #define __EXTENSIONS__ 1
| #define PACKAGE "util-linux"
| #define VERSION "2.40.2"
| #define HAVE_DLFCN_H 1
| #define LT_OBJDIR ".libs/"
| #define HAVE_STRUCT_TM_TM_ZONE 1
| #define HAVE_TM_ZONE 1
| #define HAVE_ICONV 1
| /* end confdefs.h.  */
| 
| #include <libintl.h>
| 
| extern int _nl_msg_cat_cntr;
| extern
| #ifdef __cplusplus
| "C"
| #endif
| const char *_nl_expand_alias (const char *);
| 
| int
| main (void)
| {
| 
| bindtextdomain ("", "");
| return * gettext ("") + _nl_msg_cat_cntr + *_nl_expand_alias ("")
| 
|   ;
|   return 0;
| }
configure:25065: result: no
configure:25100: checking whether to use NLS
configure:25102: result: no
configure:25193: checking for linux/compiler.h
configure:25193: gcc -c -g -O2 -I/home/sonakrie/Work/testicular_linux/util-linux/../fs/usr/include conftest.c >&5
conftest.c:49:10: fatal error: linux/compiler.h: No such file or directory
   49 | #include <linux/compiler.h>
      |          ^~~~~~~~~~~~~~~~~~
compilation terminated.
configure:25193: $? = 1
configure: failed program was:
| /* confdefs.h */
| #define PACKAGE_NAME "util-linux"
| #define PACKAGE_TARNAME "util-linux"
| #define PACKAGE_VERSION "2.40.2"
| #define PACKAGE_STRING "util-linux 2.40.2"
| #define PACKAGE_BUGREPORT "kzak@redhat.com"
| #define PACKAGE_URL "https://www.kernel.org/pub/linux/utils/util-linux/"
| #define HAVE_STDIO_H 1
| #define HAVE_STDLIB_H 1
| #define HAVE_STRING_H 1
| #define HAVE_INTTYPES_H 1
| #define HAVE_STDINT_H 1
| #define HAVE_STRINGS_H 1
| #define HAVE_SYS_STAT_H 1
| #define HAVE_SYS_TYPES_H 1
| #define HAVE_UNISTD_H 1
| #define HAVE_WCHAR_H 1
| #define STDC_HEADERS 1
| #define _ALL_SOURCE 1
| #define _DARWIN_C_SOURCE 1
| #define _GNU_SOURCE 1
| #define _HPUX_ALT_XOPEN_SOCKET_API 1
| #define _NETBSD_SOURCE 1
| #define _OPENBSD_SOURCE 1
| #define _POSIX_PTHREAD_SEMANTICS 1
| #define __STDC_WANT_IEC_60559_ATTRIBS_EXT__ 1
| #define __STDC_WANT_IEC_60559_BFP_EXT__ 1
| #define __STDC_WANT_IEC_60559_DFP_EXT__ 1
| #define __STDC_WANT_IEC_60559_FUNCS_EXT__ 1
| #define __STDC_WANT_IEC_60559_TYPES_EXT__ 1
| #define __STDC_WANT_LIB_EXT2__ 1
| #define __STDC_WANT_MATH_SPEC_FUNCS__ 1
| #define _TANDEM_SOURCE 1
| #define __EXTENSIONS__ 1
| #define PACKAGE "util-linux"
| #define VERSION "2.40.2"
| #define HAVE_DLFCN_H 1
| #define LT_OBJDIR ".libs/"
| #define HAVE_STRUCT_TM_TM_ZONE 1
| #define HAVE_TM_ZONE 1
| #define HAVE_ICONV 1
| /* end confdefs.h.  */
| 
| #ifdef HAVE_LINUX_COMPILER_H
| #include <linux/compiler.h>
| #endif
| 
| 
| #include <linux/compiler.h>
configure:25193: result: no
configure:25204: checking for linux/blkpg.h
configure:25204: gcc -c -g -O2 -I/home/sonakrie/Work/testicular_linux/util-linux/../fs/usr/include conftest.c >&5
configure:25204: $? = 0
configure:25204: result: yes
configure:25215: checking for linux/major.h
configure:25215: gcc -c -g -O2 -I/home/sonakrie/Work/testicular_linux/util-linux/../fs/usr/include conftest.c >&5
configure:25215: $? = 0
configure:25215: result: yes
configure:25227: checking for asm-generic/fcntl.h
configure:25227: gcc -c -g -O2 -I/home/sonakrie/Work/testicular_linux/util-linux/../fs/usr/include conftest.c >&5
configure:25227: $? = 0
configure:25227: result: yes
configure:25233: checking for asm/fcntl.h
configure:25233: gcc -c -g -O2 -I/home/sonakrie/Work/testicular_linux/util-linux/../fs/usr/include conftest.c >&5
configure:25233: $? = 0
configure:25233: result: yes
configure:25239: checking for asm/io.h
configure:25239: gcc -c -g -O2 -I/home/sonakrie/Work/testicular_linux/util-linux/../fs/usr/include conftest.c >&5
conftest.c:75:10: fatal error: asm/io.h: No such file or directory
   75 | #include <asm/io.h>
      |          ^~~~~~~~~~
compilation terminated.
configure:25239: $? = 1
configure: failed program was:
| /* confdefs.h */
| #define PACKAGE_NAME "util-linux"
| #define PACKAGE_TARNAME "util-linux"
| #define PACKAGE_VERSION "2.40.2"
| #define PACKAGE_STRING "util-linux 2.40.2"
| #define PACKAGE_BUGREPORT "kzak@redhat.com"
| #define PACKAGE_URL "https://www.kernel.org/pub/linux/utils/util-linux/"
| #define HAVE_STDIO_H 1
| #define HAVE_STDLIB_H 1
| #define HAVE_STRING_H 1
| #define HAVE_INTTYPES_H 1
| #define HAVE_STDINT_H 1
| #define HAVE_STRINGS_H 1
| #define HAVE_SYS_STAT_H 1
| #define HAVE_SYS_TYPES_H 1
| #define HAVE_UNISTD_H 1
| #define HAVE_WCHAR_H 1
| #define STDC_HEADERS 1
| #define _ALL_SOURCE 1
| #define _DARWIN_C_SOURCE 1
| #define _GNU_SOURCE 1
| #define _HPUX_ALT_XOPEN_SOCKET_API 1
| #define _NETBSD_SOURCE 1
| #define _OPENBSD_SOURCE 1
| #define _POSIX_PTHREAD_SEMANTICS 1
| #define __STDC_WANT_IEC_60559_ATTRIBS_EXT__ 1
| #define __STDC_WANT_IEC_60559_BFP_EXT__ 1
| #define __STDC_WANT_IEC_60559_DFP_EXT__ 1
| #define __STDC_WANT_IEC_60559_FUNCS_EXT__ 1
| #define __STDC_WANT_IEC_60559_TYPES_EXT__ 1
| #define __STDC_WANT_LIB_EXT2__ 1
| #define __STDC_WANT_MATH_SPEC_FUNCS__ 1
| #define _TANDEM_SOURCE 1
| #define __EXTENSIONS__ 1
| #define PACKAGE "util-linux"
| #define VERSION "2.40.2"
| #define HAVE_DLFCN_H 1
| #define LT_OBJDIR ".libs/"
| #define HAVE_STRUCT_TM_TM_ZONE 1
| #define HAVE_TM_ZONE 1
| #define HAVE_ICONV 1
| #define HAVE_LINUX_BLKPG_H 1
| #define HAVE_LINUX_MAJOR_H 1
| #define HAVE_ASM_GENERIC_FCNTL_H 1
| #define HAVE_ASM_FCNTL_H 1
| /* end confdefs.h.  */
| #include <stddef.h>
| #ifdef HAVE_STDIO_H
| # include <stdio.h>
| #endif
| #ifdef HAVE_STDLIB_H
| # include <stdlib.h>
| #endif
| #ifdef HAVE_STRING_H
| # include <string.h>
| #endif
| #ifdef HAVE_INTTYPES_H
| # include <inttypes.h>
| #endif
| #ifdef HAVE_STDINT_H
| # include <stdint.h>
| #endif
| #ifdef HAVE_STRINGS_H
| # include <strings.h>
| #endif
| #ifdef HAVE_SYS_TYPES_H
| # include <sys/types.h>
| #endif
| #ifdef HAVE_SYS_STAT_H
| # include <sys/stat.h>
| #endif
| #ifdef HAVE_UNISTD_H
| # include <unistd.h>
| #endif
| #include <asm/io.h>
configure:25239: result: no
configure:25245: checking for byteswap.h
configure:25245: gcc -c -g -O2 -I/home/sonakrie/Work/testicular_linux/util-linux/../fs/usr/include conftest.c >&5
configure:25245: $? = 0
configure:25245: result: yes
configure:25251: checking for endian.h
configure:25251: gcc -c -g -O2 -I/home/sonakrie/Work/testicular_linux/util-linux/../fs/usr/include conftest.c >&5
configure:25251: $? = 0
configure:25251: result: yes
configure:25257: checking for err.h
configure:25257: gcc -c -g -O2 -I/home/sonakrie/Work/testicular_linux/util-linux/../fs/usr/include conftest.c >&5
configure:25257: $? = 0
configure:25257: result: yes
configure:25263: checking for errno.h
configure:25263: gcc -c -g -O2 -I/home/sonakrie/Work/testicular_linux/util-linux/../fs/usr/include conftest.c >&5
configure:25263: $? = 0
configure:25263: result: yes
configure:25269: checking for fcntl.h
configure:25269: gcc -c -g -O2 -I/home/sonakrie/Work/testicular_linux/util-linux/../fs/usr/include conftest.c >&5
configure:25269: $? = 0
configure:25269: result: yes
configure:25275: checking for getopt.h
configure:25275: gcc -c -g -O2 -I/home/sonakrie/Work/testicular_linux/util-linux/../fs/usr/include conftest.c >&5
configure:25275: $? = 0
configure:25275: result: yes
configure:25281: checking for inttypes.h
configure:25281: result: yes
configure:25287: checking for lastlog.h
configure:25287: gcc -c -g -O2 -I/home/sonakrie/Work/testicular_linux/util-linux/../fs/usr/include conftest.c >&5
configure:25287: $? = 0
configure:25287: result: yes
configure:25293: checking for libutil.h
configure:25293: gcc -c -g -O2 -I/home/sonakrie/Work/testicular_linux/util-linux/../fs/usr/include conftest.c >&5
conftest.c:83:10: fatal error: libutil.h: No such file or directory
   83 | #include <libutil.h>
      |          ^~~~~~~~~~~
compilation terminated.
configure:25293: $? = 1
configure: failed program was:
| /* confdefs.h */
| #define PACKAGE_NAME "util-linux"
| #define PACKAGE_TARNAME "util-linux"
| #define PACKAGE_VERSION "2.40.2"
| #define PACKAGE_STRING "util-linux 2.40.2"
| #define PACKAGE_BUGREPORT "kzak@redhat.com"
| #define PACKAGE_URL "https://www.kernel.org/pub/linux/utils/util-linux/"
| #define HAVE_STDIO_H 1
| #define HAVE_STDLIB_H 1
| #define HAVE_STRING_H 1
| #define HAVE_INTTYPES_H 1
| #define HAVE_STDINT_H 1
| #define HAVE_STRINGS_H 1
| #define HAVE_SYS_STAT_H 1
| #define HAVE_SYS_TYPES_H 1
| #define HAVE_UNISTD_H 1
| #define HAVE_WCHAR_H 1
| #define STDC_HEADERS 1
| #define _ALL_SOURCE 1
| #define _DARWIN_C_SOURCE 1
| #define _GNU_SOURCE 1
| #define _HPUX_ALT_XOPEN_SOCKET_API 1
| #define _NETBSD_SOURCE 1
| #define _OPENBSD_SOURCE 1
| #define _POSIX_PTHREAD_SEMANTICS 1
| #define __STDC_WANT_IEC_60559_ATTRIBS_EXT__ 1
| #define __STDC_WANT_IEC_60559_BFP_EXT__ 1
| #define __STDC_WANT_IEC_60559_DFP_EXT__ 1
| #define __STDC_WANT_IEC_60559_FUNCS_EXT__ 1
| #define __STDC_WANT_IEC_60559_TYPES_EXT__ 1
| #define __STDC_WANT_LIB_EXT2__ 1
| #define __STDC_WANT_MATH_SPEC_FUNCS__ 1
| #define _TANDEM_SOURCE 1
| #define __EXTENSIONS__ 1
| #define PACKAGE "util-linux"
| #define VERSION "2.40.2"
| #define HAVE_DLFCN_H 1
| #define LT_OBJDIR ".libs/"
| #define HAVE_STRUCT_TM_TM_ZONE 1
| #define HAVE_TM_ZONE 1
| #define HAVE_ICONV 1
| #define HAVE_LINUX_BLKPG_H 1
| #define HAVE_LINUX_MAJOR_H 1
| #define HAVE_ASM_GENERIC_FCNTL_H 1
| #define HAVE_ASM_FCNTL_H 1
| #define HAVE_BYTESWAP_H 1
| #define HAVE_ENDIAN_H 1
| #define HAVE_ERR_H 1
| #define HAVE_ERRNO_H 1
| #define HAVE_FCNTL_H 1
| #define HAVE_GETOPT_H 1
| #define HAVE_INTTYPES_H 1
| #define HAVE_LASTLOG_H 1
| /* end confdefs.h.  */
| #include <stddef.h>
| #ifdef HAVE_STDIO_H
| # include <stdio.h>
| #endif
| #ifdef HAVE_STDLIB_H
| # include <stdlib.h>
| #endif
| #ifdef HAVE_STRING_H
| # include <string.h>
| #endif
| #ifdef HAVE_INTTYPES_H
| # include <inttypes.h>
| #endif
| #ifdef HAVE_STDINT_H
| # include <stdint.h>
| #endif
| #ifdef HAVE_STRINGS_H
| # include <strings.h>
| #endif
| #ifdef HAVE_SYS_TYPES_H
| # include <sys/types.h>
| #endif
| #ifdef HAVE_SYS_STAT_H
| # include <sys/stat.h>
| #endif
| #ifdef HAVE_UNISTD_H
| # include <unistd.h>
| #endif
| #include <libutil.h>
configure:25293: result: no
configure:25299: checking for linux/blkzoned.h
configure:25299: gcc -c -g -O2 -I/home/sonakrie/Work/testicular_linux/util-linux/../fs/usr/include conftest.c >&5
configure:25299: $? = 0
configure:25299: result: yes
configure:25305: checking for linux/btrfs.h
configure:25305: gcc -c -g -O2 -I/home/sonakrie/Work/testicular_linux/util-linux/../fs/usr/include conftest.c >&5
configure:25305: $? = 0
configure:25305: result: yes
configure:25311: checking for linux/capability.h
configure:25311: gcc -c -g -O2 -I/home/sonakrie/Work/testicular_linux/util-linux/../fs/usr/include conftest.c >&5
configure:25311: $? = 0
configure:25311: result: yes
configure:25317: checking for linux/cdrom.h
configure:25317: gcc -c -g -O2 -I/home/sonakrie/Work/testicular_linux/util-linux/../fs/usr/include conftest.c >&5
configure:25317: $? = 0
configure:25317: result: yes
configure:25323: checking for linux/falloc.h
configure:25323: gcc -c -g -O2 -I/home/sonakrie/Work/testicular_linux/util-linux/../fs/usr/include conftest.c >&5
configure:25323: $? = 0
configure:25323: result: yes
configure:25329: checking for linux/fd.h
configure:25329: gcc -c -g -O2 -I/home/sonakrie/Work/testicular_linux/util-linux/../fs/usr/include conftest.c >&5
configure:25329: $? = 0
configure:25329: result: yes
configure:25335: checking for linux/fiemap.h
configure:25335: gcc -c -g -O2 -I/home/sonakrie/Work/testicular_linux/util-linux/../fs/usr/include conftest.c >&5
configure:25335: $? = 0
configure:25335: result: yes
configure:25341: checking for linux/landlock.h
configure:25341: gcc -c -g -O2 -I/home/sonakrie/Work/testicular_linux/util-linux/../fs/usr/include conftest.c >&5
configure:25341: $? = 0
configure:25341: result: yes
configure:25347: checking for linux/kcmp.h
configure:25347: gcc -c -g -O2 -I/home/sonakrie/Work/testicular_linux/util-linux/../fs/usr/include conftest.c >&5
configure:25347: $? = 0
configure:25347: result: yes
configure:25353: checking for linux/net_namespace.h
configure:25353: gcc -c -g -O2 -I/home/sonakrie/Work/testicular_linux/util-linux/../fs/usr/include conftest.c >&5
configure:25353: $? = 0
configure:25353: result: yes
configure:25359: checking for linux/nsfs.h
configure:25359: gcc -c -g -O2 -I/home/sonakrie/Work/testicular_linux/util-linux/../fs/usr/include conftest.c >&5
configure:25359: $? = 0
configure:25359: result: yes
configure:25365: checking for linux/pr.h
configure:25365: gcc -c -g -O2 -I/home/sonakrie/Work/testicular_linux/util-linux/../fs/usr/include conftest.c >&5
configure:25365: $? = 0
configure:25365: result: yes
configure:25371: checking for linux/raw.h
configure:25371: gcc -c -g -O2 -I/home/sonakrie/Work/testicular_linux/util-linux/../fs/usr/include conftest.c >&5
conftest.c:95:10: fatal error: linux/raw.h: No such file or directory
   95 | #include <linux/raw.h>
      |          ^~~~~~~~~~~~~
compilation terminated.
configure:25371: $? = 1
configure: failed program was:
| /* confdefs.h */
| #define PACKAGE_NAME "util-linux"
| #define PACKAGE_TARNAME "util-linux"
| #define PACKAGE_VERSION "2.40.2"
| #define PACKAGE_STRING "util-linux 2.40.2"
| #define PACKAGE_BUGREPORT "kzak@redhat.com"
| #define PACKAGE_URL "https://www.kernel.org/pub/linux/utils/util-linux/"
| #define HAVE_STDIO_H 1
| #define HAVE_STDLIB_H 1
| #define HAVE_STRING_H 1
| #define HAVE_INTTYPES_H 1
| #define HAVE_STDINT_H 1
| #define HAVE_STRINGS_H 1
| #define HAVE_SYS_STAT_H 1
| #define HAVE_SYS_TYPES_H 1
| #define HAVE_UNISTD_H 1
| #define HAVE_WCHAR_H 1
| #define STDC_HEADERS 1
| #define _ALL_SOURCE 1
| #define _DARWIN_C_SOURCE 1
| #define _GNU_SOURCE 1
| #define _HPUX_ALT_XOPEN_SOCKET_API 1
| #define _NETBSD_SOURCE 1
| #define _OPENBSD_SOURCE 1
| #define _POSIX_PTHREAD_SEMANTICS 1
| #define __STDC_WANT_IEC_60559_ATTRIBS_EXT__ 1
| #define __STDC_WANT_IEC_60559_BFP_EXT__ 1
| #define __STDC_WANT_IEC_60559_DFP_EXT__ 1
| #define __STDC_WANT_IEC_60559_FUNCS_EXT__ 1
| #define __STDC_WANT_IEC_60559_TYPES_EXT__ 1
| #define __STDC_WANT_LIB_EXT2__ 1
| #define __STDC_WANT_MATH_SPEC_FUNCS__ 1
| #define _TANDEM_SOURCE 1
| #define __EXTENSIONS__ 1
| #define PACKAGE "util-linux"
| #define VERSION "2.40.2"
| #define HAVE_DLFCN_H 1
| #define LT_OBJDIR ".libs/"
| #define HAVE_STRUCT_TM_TM_ZONE 1
| #define HAVE_TM_ZONE 1
| #define HAVE_ICONV 1
| #define HAVE_LINUX_BLKPG_H 1
| #define HAVE_LINUX_MAJOR_H 1
| #define HAVE_ASM_GENERIC_FCNTL_H 1
| #define HAVE_ASM_FCNTL_H 1
| #define HAVE_BYTESWAP_H 1
| #define HAVE_ENDIAN_H 1
| #define HAVE_ERR_H 1
| #define HAVE_ERRNO_H 1
| #define HAVE_FCNTL_H 1
| #define HAVE_GETOPT_H 1
| #define HAVE_INTTYPES_H 1
| #define HAVE_LASTLOG_H 1
| #define HAVE_LINUX_BLKZONED_H 1
| #define HAVE_LINUX_BTRFS_H 1
| #define HAVE_LINUX_CAPABILITY_H 1
| #define HAVE_LINUX_CDROM_H 1
| #define HAVE_LINUX_FALLOC_H 1
| #define HAVE_LINUX_FD_H 1
| #define HAVE_LINUX_FIEMAP_H 1
| #define HAVE_LINUX_LANDLOCK_H 1
| #define HAVE_LINUX_KCMP_H 1
| #define HAVE_LINUX_NET_NAMESPACE_H 1
| #define HAVE_LINUX_NSFS_H 1
| #define HAVE_LINUX_PR_H 1
| /* end confdefs.h.  */
| #include <stddef.h>
| #ifdef HAVE_STDIO_H
| # include <stdio.h>
| #endif
| #ifdef HAVE_STDLIB_H
| # include <stdlib.h>
| #endif
| #ifdef HAVE_STRING_H
| # include <string.h>
| #endif
| #ifdef HAVE_INTTYPES_H
| # include <inttypes.h>
| #endif
| #ifdef HAVE_STDINT_H
| # include <stdint.h>
| #endif
| #ifdef HAVE_STRINGS_H
| # include <strings.h>
| #endif
| #ifdef HAVE_SYS_TYPES_H
| # include <sys/types.h>
| #endif
| #ifdef HAVE_SYS_STAT_H
| # include <sys/stat.h>
| #endif
| #ifdef HAVE_UNISTD_H
| # include <unistd.h>
| #endif
| #include <linux/raw.h>
configure:25371: result: no
configure:25377: checking for linux/securebits.h
configure:25377: gcc -c -g -O2 -I/home/sonakrie/Work/testicular_linux/util-linux/../fs/usr/include conftest.c >&5
configure:25377: $? = 0
configure:25377: result: yes
configure:25383: checking for linux/tiocl.h
configure:25383: gcc -c -g -O2 -I/home/sonakrie/Work/testicular_linux/util-linux/../fs/usr/include conftest.c >&5
configure:25383: $? = 0
configure:25383: result: yes
configure:25389: checking for linux/version.h
configure:25389: gcc -c -g -O2 -I/home/sonakrie/Work/testicular_linux/util-linux/../fs/usr/include conftest.c >&5
configure:25389: $? = 0
configure:25389: result: yes
configure:25395: checking for linux/watchdog.h
configure:25395: gcc -c -g -O2 -I/home/sonakrie/Work/testicular_linux/util-linux/../fs/usr/include conftest.c >&5
configure:25395: $? = 0
configure:25395: result: yes
configure:25401: checking for linux/if_alg.h
configure:25401: gcc -c -g -O2 -I/home/sonakrie/Work/testicular_linux/util-linux/../fs/usr/include conftest.c >&5
configure:25401: $? = 0
configure:25401: result: yes
configure:25407: checking for locale.h
configure:25407: gcc -c -g -O2 -I/home/sonakrie/Work/testicular_linux/util-linux/../fs/usr/include conftest.c >&5
configure:25407: $? = 0
configure:25407: result: yes
configure:25413: checking for mntent.h
configure:25413: gcc -c -g -O2 -I/home/sonakrie/Work/testicular_linux/util-linux/../fs/usr/include conftest.c >&5
configure:25413: $? = 0
configure:25413: result: yes
configure:25419: checking for net/if_dl.h
configure:25419: gcc -c -g -O2 -I/home/sonakrie/Work/testicular_linux/util-linux/../fs/usr/include conftest.c >&5
conftest.c:102:10: fatal error: net/if_dl.h: No such file or directory
  102 | #include <net/if_dl.h>
      |          ^~~~~~~~~~~~~
compilation terminated.
configure:25419: $? = 1
configure: failed program was:
| /* confdefs.h */
| #define PACKAGE_NAME "util-linux"
| #define PACKAGE_TARNAME "util-linux"
| #define PACKAGE_VERSION "2.40.2"
| #define PACKAGE_STRING "util-linux 2.40.2"
| #define PACKAGE_BUGREPORT "kzak@redhat.com"
| #define PACKAGE_URL "https://www.kernel.org/pub/linux/utils/util-linux/"
| #define HAVE_STDIO_H 1
| #define HAVE_STDLIB_H 1
| #define HAVE_STRING_H 1
| #define HAVE_INTTYPES_H 1
| #define HAVE_STDINT_H 1
| #define HAVE_STRINGS_H 1
| #define HAVE_SYS_STAT_H 1
| #define HAVE_SYS_TYPES_H 1
| #define HAVE_UNISTD_H 1
| #define HAVE_WCHAR_H 1
| #define STDC_HEADERS 1
| #define _ALL_SOURCE 1
| #define _DARWIN_C_SOURCE 1
| #define _GNU_SOURCE 1
| #define _HPUX_ALT_XOPEN_SOCKET_API 1
| #define _NETBSD_SOURCE 1
| #define _OPENBSD_SOURCE 1
| #define _POSIX_PTHREAD_SEMANTICS 1
| #define __STDC_WANT_IEC_60559_ATTRIBS_EXT__ 1
| #define __STDC_WANT_IEC_60559_BFP_EXT__ 1
| #define __STDC_WANT_IEC_60559_DFP_EXT__ 1
| #define __STDC_WANT_IEC_60559_FUNCS_EXT__ 1
| #define __STDC_WANT_IEC_60559_TYPES_EXT__ 1
| #define __STDC_WANT_LIB_EXT2__ 1
| #define __STDC_WANT_MATH_SPEC_FUNCS__ 1
| #define _TANDEM_SOURCE 1
| #define __EXTENSIONS__ 1
| #define PACKAGE "util-linux"
| #define VERSION "2.40.2"
| #define HAVE_DLFCN_H 1
| #define LT_OBJDIR ".libs/"
| #define HAVE_STRUCT_TM_TM_ZONE 1
| #define HAVE_TM_ZONE 1
| #define HAVE_ICONV 1
| #define HAVE_LINUX_BLKPG_H 1
| #define HAVE_LINUX_MAJOR_H 1
| #define HAVE_ASM_GENERIC_FCNTL_H 1
| #define HAVE_ASM_FCNTL_H 1
| #define HAVE_BYTESWAP_H 1
| #define HAVE_ENDIAN_H 1
| #define HAVE_ERR_H 1
| #define HAVE_ERRNO_H 1
| #define HAVE_FCNTL_H 1
| #define HAVE_GETOPT_H 1
| #define HAVE_INTTYPES_H 1
| #define HAVE_LASTLOG_H 1
| #define HAVE_LINUX_BLKZONED_H 1
| #define HAVE_LINUX_BTRFS_H 1
| #define HAVE_LINUX_CAPABILITY_H 1
| #define HAVE_LINUX_CDROM_H 1
| #define HAVE_LINUX_FALLOC_H 1
| #define HAVE_LINUX_FD_H 1
| #define HAVE_LINUX_FIEMAP_H 1
| #define HAVE_LINUX_LANDLOCK_H 1
| #define HAVE_LINUX_KCMP_H 1
| #define HAVE_LINUX_NET_NAMESPACE_H 1
| #define HAVE_LINUX_NSFS_H 1
| #define HAVE_LINUX_PR_H 1
| #define HAVE_LINUX_SECUREBITS_H 1
| #define HAVE_LINUX_TIOCL_H 1
| #define HAVE_LINUX_VERSION_H 1
| #define HAVE_LINUX_WATCHDOG_H 1
| #define HAVE_LINUX_IF_ALG_H 1
| #define HAVE_LOCALE_H 1
| #define HAVE_MNTENT_H 1
| /* end confdefs.h.  */
| #include <stddef.h>
| #ifdef HAVE_STDIO_H
| # include <stdio.h>
| #endif
| #ifdef HAVE_STDLIB_H
| # include <stdlib.h>
| #endif
| #ifdef HAVE_STRING_H
| # include <string.h>
| #endif
| #ifdef HAVE_INTTYPES_H
| # include <inttypes.h>
| #endif
| #ifdef HAVE_STDINT_H
| # include <stdint.h>
| #endif
| #ifdef HAVE_STRINGS_H
| # include <strings.h>
| #endif
| #ifdef HAVE_SYS_TYPES_H
| # include <sys/types.h>
| #endif
| #ifdef HAVE_SYS_STAT_H
| # include <sys/stat.h>
| #endif
| #ifdef HAVE_UNISTD_H
| # include <unistd.h>
| #endif
| #include <net/if_dl.h>
configure:25419: result: no
configure:25425: checking for net/if.h
configure:25425: gcc -c -g -O2 -I/home/sonakrie/Work/testicular_linux/util-linux/../fs/usr/include conftest.c >&5
configure:25425: $? = 0
configure:25425: result: yes
configure:25431: checking for netinet/in.h
configure:25431: gcc -c -g -O2 -I/home/sonakrie/Work/testicular_linux/util-linux/../fs/usr/include conftest.c >&5
configure:25431: $? = 0
configure:25431: result: yes
configure:25437: checking for paths.h
configure:25437: gcc -c -g -O2 -I/home/sonakrie/Work/testicular_linux/util-linux/../fs/usr/include conftest.c >&5
configure:25437: $? = 0
configure:25437: result: yes
configure:25443: checking for pty.h
configure:25443: gcc -c -g -O2 -I/home/sonakrie/Work/testicular_linux/util-linux/../fs/usr/include conftest.c >&5
configure:25443: $? = 0
configure:25443: result: yes
configure:25449: checking for security/pam_appl.h
configure:25449: gcc -c -g -O2 -I/home/sonakrie/Work/testicular_linux/util-linux/../fs/usr/include conftest.c >&5
configure:25449: $? = 0
configure:25449: result: yes
configure:25455: checking for security/pam_modules.h
configure:25455: gcc -c -g -O2 -I/home/sonakrie/Work/testicular_linux/util-linux/../fs/usr/include conftest.c >&5
configure:25455: $? = 0
configure:25455: result: yes
configure:25461: checking for shadow.h
configure:25461: gcc -c -g -O2 -I/home/sonakrie/Work/testicular_linux/util-linux/../fs/usr/include conftest.c >&5
configure:25461: $? = 0
configure:25461: result: yes
configure:25467: checking for stdint.h
configure:25467: result: yes
configure:25473: checking for stdio_ext.h
configure:25473: gcc -c -g -O2 -I/home/sonakrie/Work/testicular_linux/util-linux/../fs/usr/include conftest.c >&5
configure:25473: $? = 0
configure:25473: result: yes
configure:25479: checking for stdlib.h
configure:25479: result: yes
configure:25485: checking for sys/disk.h
configure:25485: gcc -c -g -O2 -I/home/sonakrie/Work/testicular_linux/util-linux/../fs/usr/include conftest.c >&5
conftest.c:112:10: fatal error: sys/disk.h: No such file or directory
  112 | #include <sys/disk.h>
      |          ^~~~~~~~~~~~
compilation terminated.
configure:25485: $? = 1
configure: failed program was:
| /* confdefs.h */
| #define PACKAGE_NAME "util-linux"
| #define PACKAGE_TARNAME "util-linux"
| #define PACKAGE_VERSION "2.40.2"
| #define PACKAGE_STRING "util-linux 2.40.2"
| #define PACKAGE_BUGREPORT "kzak@redhat.com"
| #define PACKAGE_URL "https://www.kernel.org/pub/linux/utils/util-linux/"
| #define HAVE_STDIO_H 1
| #define HAVE_STDLIB_H 1
| #define HAVE_STRING_H 1
| #define HAVE_INTTYPES_H 1
| #define HAVE_STDINT_H 1
| #define HAVE_STRINGS_H 1
| #define HAVE_SYS_STAT_H 1
| #define HAVE_SYS_TYPES_H 1
| #define HAVE_UNISTD_H 1
| #define HAVE_WCHAR_H 1
| #define STDC_HEADERS 1
| #define _ALL_SOURCE 1
| #define _DARWIN_C_SOURCE 1
| #define _GNU_SOURCE 1
| #define _HPUX_ALT_XOPEN_SOCKET_API 1
| #define _NETBSD_SOURCE 1
| #define _OPENBSD_SOURCE 1
| #define _POSIX_PTHREAD_SEMANTICS 1
| #define __STDC_WANT_IEC_60559_ATTRIBS_EXT__ 1
| #define __STDC_WANT_IEC_60559_BFP_EXT__ 1
| #define __STDC_WANT_IEC_60559_DFP_EXT__ 1
| #define __STDC_WANT_IEC_60559_FUNCS_EXT__ 1
| #define __STDC_WANT_IEC_60559_TYPES_EXT__ 1
| #define __STDC_WANT_LIB_EXT2__ 1
| #define __STDC_WANT_MATH_SPEC_FUNCS__ 1
| #define _TANDEM_SOURCE 1
| #define __EXTENSIONS__ 1
| #define PACKAGE "util-linux"
| #define VERSION "2.40.2"
| #define HAVE_DLFCN_H 1
| #define LT_OBJDIR ".libs/"
| #define HAVE_STRUCT_TM_TM_ZONE 1
| #define HAVE_TM_ZONE 1
| #define HAVE_ICONV 1
| #define HAVE_LINUX_BLKPG_H 1
| #define HAVE_LINUX_MAJOR_H 1
| #define HAVE_ASM_GENERIC_FCNTL_H 1
| #define HAVE_ASM_FCNTL_H 1
| #define HAVE_BYTESWAP_H 1
| #define HAVE_ENDIAN_H 1
| #define HAVE_ERR_H 1
| #define HAVE_ERRNO_H 1
| #define HAVE_FCNTL_H 1
| #define HAVE_GETOPT_H 1
| #define HAVE_INTTYPES_H 1
| #define HAVE_LASTLOG_H 1
| #define HAVE_LINUX_BLKZONED_H 1
| #define HAVE_LINUX_BTRFS_H 1
| #define HAVE_LINUX_CAPABILITY_H 1
| #define HAVE_LINUX_CDROM_H 1
| #define HAVE_LINUX_FALLOC_H 1
| #define HAVE_LINUX_FD_H 1
| #define HAVE_LINUX_FIEMAP_H 1
| #define HAVE_LINUX_LANDLOCK_H 1
| #define HAVE_LINUX_KCMP_H 1
| #define HAVE_LINUX_NET_NAMESPACE_H 1
| #define HAVE_LINUX_NSFS_H 1
| #define HAVE_LINUX_PR_H 1
| #define HAVE_LINUX_SECUREBITS_H 1
| #define HAVE_LINUX_TIOCL_H 1
| #define HAVE_LINUX_VERSION_H 1
| #define HAVE_LINUX_WATCHDOG_H 1
| #define HAVE_LINUX_IF_ALG_H 1
| #define HAVE_LOCALE_H 1
| #define HAVE_MNTENT_H 1
| #define HAVE_NET_IF_H 1
| #define HAVE_NETINET_IN_H 1
| #define HAVE_PATHS_H 1
| #define HAVE_PTY_H 1
| #define HAVE_SECURITY_PAM_APPL_H 1
| #define HAVE_SECURITY_PAM_MODULES_H 1
| #define HAVE_SHADOW_H 1
| #define HAVE_STDINT_H 1
| #define HAVE_STDIO_EXT_H 1
| #define HAVE_STDLIB_H 1
| /* end confdefs.h.  */
| #include <stddef.h>
| #ifdef HAVE_STDIO_H
| # include <stdio.h>
| #endif
| #ifdef HAVE_STDLIB_H
| # include <stdlib.h>
| #endif
| #ifdef HAVE_STRING_H
| # include <string.h>
| #endif
| #ifdef HAVE_INTTYPES_H
| # include <inttypes.h>
| #endif
| #ifdef HAVE_STDINT_H
| # include <stdint.h>
| #endif
| #ifdef HAVE_STRINGS_H
| # include <strings.h>
| #endif
| #ifdef HAVE_SYS_TYPES_H
| # include <sys/types.h>
| #endif
| #ifdef HAVE_SYS_STAT_H
| # include <sys/stat.h>
| #endif
| #ifdef HAVE_UNISTD_H
| # include <unistd.h>
| #endif
| #include <sys/disk.h>
configure:25485: result: no
configure:25491: checking for sys/disklabel.h
configure:25491: gcc -c -g -O2 -I/home/sonakrie/Work/testicular_linux/util-linux/../fs/usr/include conftest.c >&5
conftest.c:112:10: fatal error: sys/disklabel.h: No such file or directory
  112 | #include <sys/disklabel.h>
      |          ^~~~~~~~~~~~~~~~~
compilation terminated.
configure:25491: $? = 1
configure: failed program was:
| /* confdefs.h */
| #define PACKAGE_NAME "util-linux"
| #define PACKAGE_TARNAME "util-linux"
| #define PACKAGE_VERSION "2.40.2"
| #define PACKAGE_STRING "util-linux 2.40.2"
| #define PACKAGE_BUGREPORT "kzak@redhat.com"
| #define PACKAGE_URL "https://www.kernel.org/pub/linux/utils/util-linux/"
| #define HAVE_STDIO_H 1
| #define HAVE_STDLIB_H 1
| #define HAVE_STRING_H 1
| #define HAVE_INTTYPES_H 1
| #define HAVE_STDINT_H 1
| #define HAVE_STRINGS_H 1
| #define HAVE_SYS_STAT_H 1
| #define HAVE_SYS_TYPES_H 1
| #define HAVE_UNISTD_H 1
| #define HAVE_WCHAR_H 1
| #define STDC_HEADERS 1
| #define _ALL_SOURCE 1
| #define _DARWIN_C_SOURCE 1
| #define _GNU_SOURCE 1
| #define _HPUX_ALT_XOPEN_SOCKET_API 1
| #define _NETBSD_SOURCE 1
| #define _OPENBSD_SOURCE 1
| #define _POSIX_PTHREAD_SEMANTICS 1
| #define __STDC_WANT_IEC_60559_ATTRIBS_EXT__ 1
| #define __STDC_WANT_IEC_60559_BFP_EXT__ 1
| #define __STDC_WANT_IEC_60559_DFP_EXT__ 1
| #define __STDC_WANT_IEC_60559_FUNCS_EXT__ 1
| #define __STDC_WANT_IEC_60559_TYPES_EXT__ 1
| #define __STDC_WANT_LIB_EXT2__ 1
| #define __STDC_WANT_MATH_SPEC_FUNCS__ 1
| #define _TANDEM_SOURCE 1
| #define __EXTENSIONS__ 1
| #define PACKAGE "util-linux"
| #define VERSION "2.40.2"
| #define HAVE_DLFCN_H 1
| #define LT_OBJDIR ".libs/"
| #define HAVE_STRUCT_TM_TM_ZONE 1
| #define HAVE_TM_ZONE 1
| #define HAVE_ICONV 1
| #define HAVE_LINUX_BLKPG_H 1
| #define HAVE_LINUX_MAJOR_H 1
| #define HAVE_ASM_GENERIC_FCNTL_H 1
| #define HAVE_ASM_FCNTL_H 1
| #define HAVE_BYTESWAP_H 1
| #define HAVE_ENDIAN_H 1
| #define HAVE_ERR_H 1
| #define HAVE_ERRNO_H 1
| #define HAVE_FCNTL_H 1
| #define HAVE_GETOPT_H 1
| #define HAVE_INTTYPES_H 1
| #define HAVE_LASTLOG_H 1
| #define HAVE_LINUX_BLKZONED_H 1
| #define HAVE_LINUX_BTRFS_H 1
| #define HAVE_LINUX_CAPABILITY_H 1
| #define HAVE_LINUX_CDROM_H 1
| #define HAVE_LINUX_FALLOC_H 1
| #define HAVE_LINUX_FD_H 1
| #define HAVE_LINUX_FIEMAP_H 1
| #define HAVE_LINUX_LANDLOCK_H 1
| #define HAVE_LINUX_KCMP_H 1
| #define HAVE_LINUX_NET_NAMESPACE_H 1
| #define HAVE_LINUX_NSFS_H 1
| #define HAVE_LINUX_PR_H 1
| #define HAVE_LINUX_SECUREBITS_H 1
| #define HAVE_LINUX_TIOCL_H 1
| #define HAVE_LINUX_VERSION_H 1
| #define HAVE_LINUX_WATCHDOG_H 1
| #define HAVE_LINUX_IF_ALG_H 1
| #define HAVE_LOCALE_H 1
| #define HAVE_MNTENT_H 1
| #define HAVE_NET_IF_H 1
| #define HAVE_NETINET_IN_H 1
| #define HAVE_PATHS_H 1
| #define HAVE_PTY_H 1
| #define HAVE_SECURITY_PAM_APPL_H 1
| #define HAVE_SECURITY_PAM_MODULES_H 1
| #define HAVE_SHADOW_H 1
| #define HAVE_STDINT_H 1
| #define HAVE_STDIO_EXT_H 1
| #define HAVE_STDLIB_H 1
| /* end confdefs.h.  */
| #include <stddef.h>
| #ifdef HAVE_STDIO_H
| # include <stdio.h>
| #endif
| #ifdef HAVE_STDLIB_H
| # include <stdlib.h>
| #endif
| #ifdef HAVE_STRING_H
| # include <string.h>
| #endif
| #ifdef HAVE_INTTYPES_H
| # include <inttypes.h>
| #endif
| #ifdef HAVE_STDINT_H
| # include <stdint.h>
| #endif
| #ifdef HAVE_STRINGS_H
| # include <strings.h>
| #endif
| #ifdef HAVE_SYS_TYPES_H
| # include <sys/types.h>
| #endif
| #ifdef HAVE_SYS_STAT_H
| # include <sys/stat.h>
| #endif
| #ifdef HAVE_UNISTD_H
| # include <unistd.h>
| #endif
| #include <sys/disklabel.h>
configure:25491: result: no
configure:25497: checking for sys/endian.h
configure:25497: gcc -c -g -O2 -I/home/sonakrie/Work/testicular_linux/util-linux/../fs/usr/include conftest.c >&5
conftest.c:112:10: fatal error: sys/endian.h: No such file or directory
  112 | #include <sys/endian.h>
      |          ^~~~~~~~~~~~~~
compilation terminated.
configure:25497: $? = 1
configure: failed program was:
| /* confdefs.h */
| #define PACKAGE_NAME "util-linux"
| #define PACKAGE_TARNAME "util-linux"
| #define PACKAGE_VERSION "2.40.2"
| #define PACKAGE_STRING "util-linux 2.40.2"
| #define PACKAGE_BUGREPORT "kzak@redhat.com"
| #define PACKAGE_URL "https://www.kernel.org/pub/linux/utils/util-linux/"
| #define HAVE_STDIO_H 1
| #define HAVE_STDLIB_H 1
| #define HAVE_STRING_H 1
| #define HAVE_INTTYPES_H 1
| #define HAVE_STDINT_H 1
| #define HAVE_STRINGS_H 1
| #define HAVE_SYS_STAT_H 1
| #define HAVE_SYS_TYPES_H 1
| #define HAVE_UNISTD_H 1
| #define HAVE_WCHAR_H 1
| #define STDC_HEADERS 1
| #define _ALL_SOURCE 1
| #define _DARWIN_C_SOURCE 1
| #define _GNU_SOURCE 1
| #define _HPUX_ALT_XOPEN_SOCKET_API 1
| #define _NETBSD_SOURCE 1
| #define _OPENBSD_SOURCE 1
| #define _POSIX_PTHREAD_SEMANTICS 1
| #define __STDC_WANT_IEC_60559_ATTRIBS_EXT__ 1
| #define __STDC_WANT_IEC_60559_BFP_EXT__ 1
| #define __STDC_WANT_IEC_60559_DFP_EXT__ 1
| #define __STDC_WANT_IEC_60559_FUNCS_EXT__ 1
| #define __STDC_WANT_IEC_60559_TYPES_EXT__ 1
| #define __STDC_WANT_LIB_EXT2__ 1
| #define __STDC_WANT_MATH_SPEC_FUNCS__ 1
| #define _TANDEM_SOURCE 1
| #define __EXTENSIONS__ 1
| #define PACKAGE "util-linux"
| #define VERSION "2.40.2"
| #define HAVE_DLFCN_H 1
| #define LT_OBJDIR ".libs/"
| #define HAVE_STRUCT_TM_TM_ZONE 1
| #define HAVE_TM_ZONE 1
| #define HAVE_ICONV 1
| #define HAVE_LINUX_BLKPG_H 1
| #define HAVE_LINUX_MAJOR_H 1
| #define HAVE_ASM_GENERIC_FCNTL_H 1
| #define HAVE_ASM_FCNTL_H 1
| #define HAVE_BYTESWAP_H 1
| #define HAVE_ENDIAN_H 1
| #define HAVE_ERR_H 1
| #define HAVE_ERRNO_H 1
| #define HAVE_FCNTL_H 1
| #define HAVE_GETOPT_H 1
| #define HAVE_INTTYPES_H 1
| #define HAVE_LASTLOG_H 1
| #define HAVE_LINUX_BLKZONED_H 1
| #define HAVE_LINUX_BTRFS_H 1
| #define HAVE_LINUX_CAPABILITY_H 1
| #define HAVE_LINUX_CDROM_H 1
| #define HAVE_LINUX_FALLOC_H 1
| #define HAVE_LINUX_FD_H 1
| #define HAVE_LINUX_FIEMAP_H 1
| #define HAVE_LINUX_LANDLOCK_H 1
| #define HAVE_LINUX_KCMP_H 1
| #define HAVE_LINUX_NET_NAMESPACE_H 1
| #define HAVE_LINUX_NSFS_H 1
| #define HAVE_LINUX_PR_H 1
| #define HAVE_LINUX_SECUREBITS_H 1
| #define HAVE_LINUX_TIOCL_H 1
| #define HAVE_LINUX_VERSION_H 1
| #define HAVE_LINUX_WATCHDOG_H 1
| #define HAVE_LINUX_IF_ALG_H 1
| #define HAVE_LOCALE_H 1
| #define HAVE_MNTENT_H 1
| #define HAVE_NET_IF_H 1
| #define HAVE_NETINET_IN_H 1
| #define HAVE_PATHS_H 1
| #define HAVE_PTY_H 1
| #define HAVE_SECURITY_PAM_APPL_H 1
| #define HAVE_SECURITY_PAM_MODULES_H 1
| #define HAVE_SHADOW_H 1
| #define HAVE_STDINT_H 1
| #define HAVE_STDIO_EXT_H 1
| #define HAVE_STDLIB_H 1
| /* end confdefs.h.  */
| #include <stddef.h>
| #ifdef HAVE_STDIO_H
| # include <stdio.h>
| #endif
| #ifdef HAVE_STDLIB_H
| # include <stdlib.h>
| #endif
| #ifdef HAVE_STRING_H
| # include <string.h>
| #endif
| #ifdef HAVE_INTTYPES_H
| # include <inttypes.h>
| #endif
| #ifdef HAVE_STDINT_H
| # include <stdint.h>
| #endif
| #ifdef HAVE_STRINGS_H
| # include <strings.h>
| #endif
| #ifdef HAVE_SYS_TYPES_H
| # include <sys/types.h>
| #endif
| #ifdef HAVE_SYS_STAT_H
| # include <sys/stat.h>
| #endif
| #ifdef HAVE_UNISTD_H
| # include <unistd.h>
| #endif
| #include <sys/endian.h>
configure:25497: result: no
configure:25503: checking for sys/file.h
configure:25503: gcc -c -g -O2 -I/home/sonakrie/Work/testicular_linux/util-linux/../fs/usr/include conftest.c >&5
configure:25503: $? = 0
configure:25503: result: yes
configure:25509: checking for sys/ioccom.h
configure:25509: gcc -c -g -O2 -I/home/sonakrie/Work/testicular_linux/util-linux/../fs/usr/include conftest.c >&5
conftest.c:113:10: fatal error: sys/ioccom.h: No such file or directory
  113 | #include <sys/ioccom.h>
      |          ^~~~~~~~~~~~~~
compilation terminated.
configure:25509: $? = 1
configure: failed program was:
| /* confdefs.h */
| #define PACKAGE_NAME "util-linux"
| #define PACKAGE_TARNAME "util-linux"
| #define PACKAGE_VERSION "2.40.2"
| #define PACKAGE_STRING "util-linux 2.40.2"
| #define PACKAGE_BUGREPORT "kzak@redhat.com"
| #define PACKAGE_URL "https://www.kernel.org/pub/linux/utils/util-linux/"
| #define HAVE_STDIO_H 1
| #define HAVE_STDLIB_H 1
| #define HAVE_STRING_H 1
| #define HAVE_INTTYPES_H 1
| #define HAVE_STDINT_H 1
| #define HAVE_STRINGS_H 1
| #define HAVE_SYS_STAT_H 1
| #define HAVE_SYS_TYPES_H 1
| #define HAVE_UNISTD_H 1
| #define HAVE_WCHAR_H 1
| #define STDC_HEADERS 1
| #define _ALL_SOURCE 1
| #define _DARWIN_C_SOURCE 1
| #define _GNU_SOURCE 1
| #define _HPUX_ALT_XOPEN_SOCKET_API 1
| #define _NETBSD_SOURCE 1
| #define _OPENBSD_SOURCE 1
| #define _POSIX_PTHREAD_SEMANTICS 1
| #define __STDC_WANT_IEC_60559_ATTRIBS_EXT__ 1
| #define __STDC_WANT_IEC_60559_BFP_EXT__ 1
| #define __STDC_WANT_IEC_60559_DFP_EXT__ 1
| #define __STDC_WANT_IEC_60559_FUNCS_EXT__ 1
| #define __STDC_WANT_IEC_60559_TYPES_EXT__ 1
| #define __STDC_WANT_LIB_EXT2__ 1
| #define __STDC_WANT_MATH_SPEC_FUNCS__ 1
| #define _TANDEM_SOURCE 1
| #define __EXTENSIONS__ 1
| #define PACKAGE "util-linux"
| #define VERSION "2.40.2"
| #define HAVE_DLFCN_H 1
| #define LT_OBJDIR ".libs/"
| #define HAVE_STRUCT_TM_TM_ZONE 1
| #define HAVE_TM_ZONE 1
| #define HAVE_ICONV 1
| #define HAVE_LINUX_BLKPG_H 1
| #define HAVE_LINUX_MAJOR_H 1
| #define HAVE_ASM_GENERIC_FCNTL_H 1
| #define HAVE_ASM_FCNTL_H 1
| #define HAVE_BYTESWAP_H 1
| #define HAVE_ENDIAN_H 1
| #define HAVE_ERR_H 1
| #define HAVE_ERRNO_H 1
| #define HAVE_FCNTL_H 1
| #define HAVE_GETOPT_H 1
| #define HAVE_INTTYPES_H 1
| #define HAVE_LASTLOG_H 1
| #define HAVE_LINUX_BLKZONED_H 1
| #define HAVE_LINUX_BTRFS_H 1
| #define HAVE_LINUX_CAPABILITY_H 1
| #define HAVE_LINUX_CDROM_H 1
| #define HAVE_LINUX_FALLOC_H 1
| #define HAVE_LINUX_FD_H 1
| #define HAVE_LINUX_FIEMAP_H 1
| #define HAVE_LINUX_LANDLOCK_H 1
| #define HAVE_LINUX_KCMP_H 1
| #define HAVE_LINUX_NET_NAMESPACE_H 1
| #define HAVE_LINUX_NSFS_H 1
| #define HAVE_LINUX_PR_H 1
| #define HAVE_LINUX_SECUREBITS_H 1
| #define HAVE_LINUX_TIOCL_H 1
| #define HAVE_LINUX_VERSION_H 1
| #define HAVE_LINUX_WATCHDOG_H 1
| #define HAVE_LINUX_IF_ALG_H 1
| #define HAVE_LOCALE_H 1
| #define HAVE_MNTENT_H 1
| #define HAVE_NET_IF_H 1
| #define HAVE_NETINET_IN_H 1
| #define HAVE_PATHS_H 1
| #define HAVE_PTY_H 1
| #define HAVE_SECURITY_PAM_APPL_H 1
| #define HAVE_SECURITY_PAM_MODULES_H 1
| #define HAVE_SHADOW_H 1
| #define HAVE_STDINT_H 1
| #define HAVE_STDIO_EXT_H 1
| #define HAVE_STDLIB_H 1
| #define HAVE_SYS_FILE_H 1
| /* end confdefs.h.  */
| #include <stddef.h>
| #ifdef HAVE_STDIO_H
| # include <stdio.h>
| #endif
| #ifdef HAVE_STDLIB_H
| # include <stdlib.h>
| #endif
| #ifdef HAVE_STRING_H
| # include <string.h>
| #endif
| #ifdef HAVE_INTTYPES_H
| # include <inttypes.h>
| #endif
| #ifdef HAVE_STDINT_H
| # include <stdint.h>
| #endif
| #ifdef HAVE_STRINGS_H
| # include <strings.h>
| #endif
| #ifdef HAVE_SYS_TYPES_H
| # include <sys/types.h>
| #endif
| #ifdef HAVE_SYS_STAT_H
| # include <sys/stat.h>
| #endif
| #ifdef HAVE_UNISTD_H
| # include <unistd.h>
| #endif
| #include <sys/ioccom.h>
configure:25509: result: no
configure:25515: checking for sys/ioctl.h
configure:25515: gcc -c -g -O2 -I/home/sonakrie/Work/testicular_linux/util-linux/../fs/usr/include conftest.c >&5
configure:25515: $? = 0
configure:25515: result: yes
configure:25521: checking for sys/io.h
configure:25521: gcc -c -g -O2 -I/home/sonakrie/Work/testicular_linux/util-linux/../fs/usr/include conftest.c >&5
configure:25521: $? = 0
configure:25521: result: yes
configure:25527: checking for sys/mkdev.h
configure:25527: gcc -c -g -O2 -I/home/sonakrie/Work/testicular_linux/util-linux/../fs/usr/include conftest.c >&5
conftest.c:115:10: fatal error: sys/mkdev.h: No such file or directory
  115 | #include <sys/mkdev.h>
      |          ^~~~~~~~~~~~~
compilation terminated.
configure:25527: $? = 1
configure: failed program was:
| /* confdefs.h */
| #define PACKAGE_NAME "util-linux"
| #define PACKAGE_TARNAME "util-linux"
| #define PACKAGE_VERSION "2.40.2"
| #define PACKAGE_STRING "util-linux 2.40.2"
| #define PACKAGE_BUGREPORT "kzak@redhat.com"
| #define PACKAGE_URL "https://www.kernel.org/pub/linux/utils/util-linux/"
| #define HAVE_STDIO_H 1
| #define HAVE_STDLIB_H 1
| #define HAVE_STRING_H 1
| #define HAVE_INTTYPES_H 1
| #define HAVE_STDINT_H 1
| #define HAVE_STRINGS_H 1
| #define HAVE_SYS_STAT_H 1
| #define HAVE_SYS_TYPES_H 1
| #define HAVE_UNISTD_H 1
| #define HAVE_WCHAR_H 1
| #define STDC_HEADERS 1
| #define _ALL_SOURCE 1
| #define _DARWIN_C_SOURCE 1
| #define _GNU_SOURCE 1
| #define _HPUX_ALT_XOPEN_SOCKET_API 1
| #define _NETBSD_SOURCE 1
| #define _OPENBSD_SOURCE 1
| #define _POSIX_PTHREAD_SEMANTICS 1
| #define __STDC_WANT_IEC_60559_ATTRIBS_EXT__ 1
| #define __STDC_WANT_IEC_60559_BFP_EXT__ 1
| #define __STDC_WANT_IEC_60559_DFP_EXT__ 1
| #define __STDC_WANT_IEC_60559_FUNCS_EXT__ 1
| #define __STDC_WANT_IEC_60559_TYPES_EXT__ 1
| #define __STDC_WANT_LIB_EXT2__ 1
| #define __STDC_WANT_MATH_SPEC_FUNCS__ 1
| #define _TANDEM_SOURCE 1
| #define __EXTENSIONS__ 1
| #define PACKAGE "util-linux"
| #define VERSION "2.40.2"
| #define HAVE_DLFCN_H 1
| #define LT_OBJDIR ".libs/"
| #define HAVE_STRUCT_TM_TM_ZONE 1
| #define HAVE_TM_ZONE 1
| #define HAVE_ICONV 1
| #define HAVE_LINUX_BLKPG_H 1
| #define HAVE_LINUX_MAJOR_H 1
| #define HAVE_ASM_GENERIC_FCNTL_H 1
| #define HAVE_ASM_FCNTL_H 1
| #define HAVE_BYTESWAP_H 1
| #define HAVE_ENDIAN_H 1
| #define HAVE_ERR_H 1
| #define HAVE_ERRNO_H 1
| #define HAVE_FCNTL_H 1
| #define HAVE_GETOPT_H 1
| #define HAVE_INTTYPES_H 1
| #define HAVE_LASTLOG_H 1
| #define HAVE_LINUX_BLKZONED_H 1
| #define HAVE_LINUX_BTRFS_H 1
| #define HAVE_LINUX_CAPABILITY_H 1
| #define HAVE_LINUX_CDROM_H 1
| #define HAVE_LINUX_FALLOC_H 1
| #define HAVE_LINUX_FD_H 1
| #define HAVE_LINUX_FIEMAP_H 1
| #define HAVE_LINUX_LANDLOCK_H 1
| #define HAVE_LINUX_KCMP_H 1
| #define HAVE_LINUX_NET_NAMESPACE_H 1
| #define HAVE_LINUX_NSFS_H 1
| #define HAVE_LINUX_PR_H 1
| #define HAVE_LINUX_SECUREBITS_H 1
| #define HAVE_LINUX_TIOCL_H 1
| #define HAVE_LINUX_VERSION_H 1
| #define HAVE_LINUX_WATCHDOG_H 1
| #define HAVE_LINUX_IF_ALG_H 1
| #define HAVE_LOCALE_H 1
| #define HAVE_MNTENT_H 1
| #define HAVE_NET_IF_H 1
| #define HAVE_NETINET_IN_H 1
| #define HAVE_PATHS_H 1
| #define HAVE_PTY_H 1
| #define HAVE_SECURITY_PAM_APPL_H 1
| #define HAVE_SECURITY_PAM_MODULES_H 1
| #define HAVE_SHADOW_H 1
| #define HAVE_STDINT_H 1
| #define HAVE_STDIO_EXT_H 1
| #define HAVE_STDLIB_H 1
| #define HAVE_SYS_FILE_H 1
| #define HAVE_SYS_IOCTL_H 1
| #define HAVE_SYS_IO_H 1
| /* end confdefs.h.  */
| #include <stddef.h>
| #ifdef HAVE_STDIO_H
| # include <stdio.h>
| #endif
| #ifdef HAVE_STDLIB_H
| # include <stdlib.h>
| #endif
| #ifdef HAVE_STRING_H
| # include <string.h>
| #endif
| #ifdef HAVE_INTTYPES_H
| # include <inttypes.h>
| #endif
| #ifdef HAVE_STDINT_H
| # include <stdint.h>
| #endif
| #ifdef HAVE_STRINGS_H
| # include <strings.h>
| #endif
| #ifdef HAVE_SYS_TYPES_H
| # include <sys/types.h>
| #endif
| #ifdef HAVE_SYS_STAT_H
| # include <sys/stat.h>
| #endif
| #ifdef HAVE_UNISTD_H
| # include <unistd.h>
| #endif
| #include <sys/mkdev.h>
configure:25527: result: no
configure:25533: checking for sys/mount.h
configure:25533: gcc -c -g -O2 -I/home/sonakrie/Work/testicular_linux/util-linux/../fs/usr/include conftest.c >&5
configure:25533: $? = 0
configure:25533: result: yes
configure:25539: checking for sys/param.h
configure:25539: gcc -c -g -O2 -I/home/sonakrie/Work/testicular_linux/util-linux/../fs/usr/include conftest.c >&5
configure:25539: $? = 0
configure:25539: result: yes
configure:25545: checking for sys/pidfd.h
configure:25545: gcc -c -g -O2 -I/home/sonakrie/Work/testicular_linux/util-linux/../fs/usr/include conftest.c >&5
conftest.c:117:10: fatal error: sys/pidfd.h: No such file or directory
  117 | #include <sys/pidfd.h>
      |          ^~~~~~~~~~~~~
compilation terminated.
configure:25545: $? = 1
configure: failed program was:
| /* confdefs.h */
| #define PACKAGE_NAME "util-linux"
| #define PACKAGE_TARNAME "util-linux"
| #define PACKAGE_VERSION "2.40.2"
| #define PACKAGE_STRING "util-linux 2.40.2"
| #define PACKAGE_BUGREPORT "kzak@redhat.com"
| #define PACKAGE_URL "https://www.kernel.org/pub/linux/utils/util-linux/"
| #define HAVE_STDIO_H 1
| #define HAVE_STDLIB_H 1
| #define HAVE_STRING_H 1
| #define HAVE_INTTYPES_H 1
| #define HAVE_STDINT_H 1
| #define HAVE_STRINGS_H 1
| #define HAVE_SYS_STAT_H 1
| #define HAVE_SYS_TYPES_H 1
| #define HAVE_UNISTD_H 1
| #define HAVE_WCHAR_H 1
| #define STDC_HEADERS 1
| #define _ALL_SOURCE 1
| #define _DARWIN_C_SOURCE 1
| #define _GNU_SOURCE 1
| #define _HPUX_ALT_XOPEN_SOCKET_API 1
| #define _NETBSD_SOURCE 1
| #define _OPENBSD_SOURCE 1
| #define _POSIX_PTHREAD_SEMANTICS 1
| #define __STDC_WANT_IEC_60559_ATTRIBS_EXT__ 1
| #define __STDC_WANT_IEC_60559_BFP_EXT__ 1
| #define __STDC_WANT_IEC_60559_DFP_EXT__ 1
| #define __STDC_WANT_IEC_60559_FUNCS_EXT__ 1
| #define __STDC_WANT_IEC_60559_TYPES_EXT__ 1
| #define __STDC_WANT_LIB_EXT2__ 1
| #define __STDC_WANT_MATH_SPEC_FUNCS__ 1
| #define _TANDEM_SOURCE 1
| #define __EXTENSIONS__ 1
| #define PACKAGE "util-linux"
| #define VERSION "2.40.2"
| #define HAVE_DLFCN_H 1
| #define LT_OBJDIR ".libs/"
| #define HAVE_STRUCT_TM_TM_ZONE 1
| #define HAVE_TM_ZONE 1
| #define HAVE_ICONV 1
| #define HAVE_LINUX_BLKPG_H 1
| #define HAVE_LINUX_MAJOR_H 1
| #define HAVE_ASM_GENERIC_FCNTL_H 1
| #define HAVE_ASM_FCNTL_H 1
| #define HAVE_BYTESWAP_H 1
| #define HAVE_ENDIAN_H 1
| #define HAVE_ERR_H 1
| #define HAVE_ERRNO_H 1
| #define HAVE_FCNTL_H 1
| #define HAVE_GETOPT_H 1
| #define HAVE_INTTYPES_H 1
| #define HAVE_LASTLOG_H 1
| #define HAVE_LINUX_BLKZONED_H 1
| #define HAVE_LINUX_BTRFS_H 1
| #define HAVE_LINUX_CAPABILITY_H 1
| #define HAVE_LINUX_CDROM_H 1
| #define HAVE_LINUX_FALLOC_H 1
| #define HAVE_LINUX_FD_H 1
| #define HAVE_LINUX_FIEMAP_H 1
| #define HAVE_LINUX_LANDLOCK_H 1
| #define HAVE_LINUX_KCMP_H 1
| #define HAVE_LINUX_NET_NAMESPACE_H 1
| #define HAVE_LINUX_NSFS_H 1
| #define HAVE_LINUX_PR_H 1
| #define HAVE_LINUX_SECUREBITS_H 1
| #define HAVE_LINUX_TIOCL_H 1
| #define HAVE_LINUX_VERSION_H 1
| #define HAVE_LINUX_WATCHDOG_H 1
| #define HAVE_LINUX_IF_ALG_H 1
| #define HAVE_LOCALE_H 1
| #define HAVE_MNTENT_H 1
| #define HAVE_NET_IF_H 1
| #define HAVE_NETINET_IN_H 1
| #define HAVE_PATHS_H 1
| #define HAVE_PTY_H 1
| #define HAVE_SECURITY_PAM_APPL_H 1
| #define HAVE_SECURITY_PAM_MODULES_H 1
| #define HAVE_SHADOW_H 1
| #define HAVE_STDINT_H 1
| #define HAVE_STDIO_EXT_H 1
| #define HAVE_STDLIB_H 1
| #define HAVE_SYS_FILE_H 1
| #define HAVE_SYS_IOCTL_H 1
| #define HAVE_SYS_IO_H 1
| #define HAVE_SYS_MOUNT_H 1
| #define HAVE_SYS_PARAM_H 1
| /* end confdefs.h.  */
| #include <stddef.h>
| #ifdef HAVE_STDIO_H
| # include <stdio.h>
| #endif
| #ifdef HAVE_STDLIB_H
| # include <stdlib.h>
| #endif
| #ifdef HAVE_STRING_H
| # include <string.h>
| #endif
| #ifdef HAVE_INTTYPES_H
| # include <inttypes.h>
| #endif
| #ifdef HAVE_STDINT_H
| # include <stdint.h>
| #endif
| #ifdef HAVE_STRINGS_H
| # include <strings.h>
| #endif
| #ifdef HAVE_SYS_TYPES_H
| # include <sys/types.h>
| #endif
| #ifdef HAVE_SYS_STAT_H
| # include <sys/stat.h>
| #endif
| #ifdef HAVE_UNISTD_H
| # include <unistd.h>
| #endif
| #include <sys/pidfd.h>
configure:25545: result: no
configure:25551: checking for sys/prctl.h
configure:25551: gcc -c -g -O2 -I/home/sonakrie/Work/testicular_linux/util-linux/../fs/usr/include conftest.c >&5
configure:25551: $? = 0
configure:25551: result: yes
configure:25557: checking for sys/resource.h
configure:25557: gcc -c -g -O2 -I/home/sonakrie/Work/testicular_linux/util-linux/../fs/usr/include conftest.c >&5
configure:25557: $? = 0
configure:25557: result: yes
configure:25563: checking for sys/sendfile.h
configure:25563: gcc -c -g -O2 -I/home/sonakrie/Work/testicular_linux/util-linux/../fs/usr/include conftest.c >&5
configure:25563: $? = 0
configure:25563: result: yes
configure:25569: checking for sys/signalfd.h
configure:25569: gcc -c -g -O2 -I/home/sonakrie/Work/testicular_linux/util-linux/../fs/usr/include conftest.c >&5
configure:25569: $? = 0
configure:25569: result: yes
configure:25575: checking for sys/socket.h
configure:25575: gcc -c -g -O2 -I/home/sonakrie/Work/testicular_linux/util-linux/../fs/usr/include conftest.c >&5
configure:25575: $? = 0
configure:25575: result: yes
configure:25581: checking for sys/sockio.h
configure:25581: gcc -c -g -O2 -I/home/sonakrie/Work/testicular_linux/util-linux/../fs/usr/include conftest.c >&5
conftest.c:122:10: fatal error: sys/sockio.h: No such file or directory
  122 | #include <sys/sockio.h>
      |          ^~~~~~~~~~~~~~
compilation terminated.
configure:25581: $? = 1
configure: failed program was:
| /* confdefs.h */
| #define PACKAGE_NAME "util-linux"
| #define PACKAGE_TARNAME "util-linux"
| #define PACKAGE_VERSION "2.40.2"
| #define PACKAGE_STRING "util-linux 2.40.2"
| #define PACKAGE_BUGREPORT "kzak@redhat.com"
| #define PACKAGE_URL "https://www.kernel.org/pub/linux/utils/util-linux/"
| #define HAVE_STDIO_H 1
| #define HAVE_STDLIB_H 1
| #define HAVE_STRING_H 1
| #define HAVE_INTTYPES_H 1
| #define HAVE_STDINT_H 1
| #define HAVE_STRINGS_H 1
| #define HAVE_SYS_STAT_H 1
| #define HAVE_SYS_TYPES_H 1
| #define HAVE_UNISTD_H 1
| #define HAVE_WCHAR_H 1
| #define STDC_HEADERS 1
| #define _ALL_SOURCE 1
| #define _DARWIN_C_SOURCE 1
| #define _GNU_SOURCE 1
| #define _HPUX_ALT_XOPEN_SOCKET_API 1
| #define _NETBSD_SOURCE 1
| #define _OPENBSD_SOURCE 1
| #define _POSIX_PTHREAD_SEMANTICS 1
| #define __STDC_WANT_IEC_60559_ATTRIBS_EXT__ 1
| #define __STDC_WANT_IEC_60559_BFP_EXT__ 1
| #define __STDC_WANT_IEC_60559_DFP_EXT__ 1
| #define __STDC_WANT_IEC_60559_FUNCS_EXT__ 1
| #define __STDC_WANT_IEC_60559_TYPES_EXT__ 1
| #define __STDC_WANT_LIB_EXT2__ 1
| #define __STDC_WANT_MATH_SPEC_FUNCS__ 1
| #define _TANDEM_SOURCE 1
| #define __EXTENSIONS__ 1
| #define PACKAGE "util-linux"
| #define VERSION "2.40.2"
| #define HAVE_DLFCN_H 1
| #define LT_OBJDIR ".libs/"
| #define HAVE_STRUCT_TM_TM_ZONE 1
| #define HAVE_TM_ZONE 1
| #define HAVE_ICONV 1
| #define HAVE_LINUX_BLKPG_H 1
| #define HAVE_LINUX_MAJOR_H 1
| #define HAVE_ASM_GENERIC_FCNTL_H 1
| #define HAVE_ASM_FCNTL_H 1
| #define HAVE_BYTESWAP_H 1
| #define HAVE_ENDIAN_H 1
| #define HAVE_ERR_H 1
| #define HAVE_ERRNO_H 1
| #define HAVE_FCNTL_H 1
| #define HAVE_GETOPT_H 1
| #define HAVE_INTTYPES_H 1
| #define HAVE_LASTLOG_H 1
| #define HAVE_LINUX_BLKZONED_H 1
| #define HAVE_LINUX_BTRFS_H 1
| #define HAVE_LINUX_CAPABILITY_H 1
| #define HAVE_LINUX_CDROM_H 1
| #define HAVE_LINUX_FALLOC_H 1
| #define HAVE_LINUX_FD_H 1
| #define HAVE_LINUX_FIEMAP_H 1
| #define HAVE_LINUX_LANDLOCK_H 1
| #define HAVE_LINUX_KCMP_H 1
| #define HAVE_LINUX_NET_NAMESPACE_H 1
| #define HAVE_LINUX_NSFS_H 1
| #define HAVE_LINUX_PR_H 1
| #define HAVE_LINUX_SECUREBITS_H 1
| #define HAVE_LINUX_TIOCL_H 1
| #define HAVE_LINUX_VERSION_H 1
| #define HAVE_LINUX_WATCHDOG_H 1
| #define HAVE_LINUX_IF_ALG_H 1
| #define HAVE_LOCALE_H 1
| #define HAVE_MNTENT_H 1
| #define HAVE_NET_IF_H 1
| #define HAVE_NETINET_IN_H 1
| #define HAVE_PATHS_H 1
| #define HAVE_PTY_H 1
| #define HAVE_SECURITY_PAM_APPL_H 1
| #define HAVE_SECURITY_PAM_MODULES_H 1
| #define HAVE_SHADOW_H 1
| #define HAVE_STDINT_H 1
| #define HAVE_STDIO_EXT_H 1
| #define HAVE_STDLIB_H 1
| #define HAVE_SYS_FILE_H 1
| #define HAVE_SYS_IOCTL_H 1
| #define HAVE_SYS_IO_H 1
| #define HAVE_SYS_MOUNT_H 1
| #define HAVE_SYS_PARAM_H 1
| #define HAVE_SYS_PRCTL_H 1
| #define HAVE_SYS_RESOURCE_H 1
| #define HAVE_SYS_SENDFILE_H 1
| #define HAVE_SYS_SIGNALFD_H 1
| #define HAVE_SYS_SOCKET_H 1
| /* end confdefs.h.  */
| #include <stddef.h>
| #ifdef HAVE_STDIO_H
| # include <stdio.h>
| #endif
| #ifdef HAVE_STDLIB_H
| # include <stdlib.h>
| #endif
| #ifdef HAVE_STRING_H
| # include <string.h>
| #endif
| #ifdef HAVE_INTTYPES_H
| # include <inttypes.h>
| #endif
| #ifdef HAVE_STDINT_H
| # include <stdint.h>
| #endif
| #ifdef HAVE_STRINGS_H
| # include <strings.h>
| #endif
| #ifdef HAVE_SYS_TYPES_H
| # include <sys/types.h>
| #endif
| #ifdef HAVE_SYS_STAT_H
| # include <sys/stat.h>
| #endif
| #ifdef HAVE_UNISTD_H
| # include <unistd.h>
| #endif
| #include <sys/sockio.h>
configure:25581: result: no
configure:25587: checking for sys/stat.h
configure:25587: result: yes
configure:25593: checking for sys/statfs.h
configure:25593: gcc -c -g -O2 -I/home/sonakrie/Work/testicular_linux/util-linux/../fs/usr/include conftest.c >&5
configure:25593: $? = 0
configure:25593: result: yes
configure:25599: checking for sys/swap.h
configure:25599: gcc -c -g -O2 -I/home/sonakrie/Work/testicular_linux/util-linux/../fs/usr/include conftest.c >&5
configure:25599: $? = 0
configure:25599: result: yes
configure:25605: checking for sys/syscall.h
configure:25605: gcc -c -g -O2 -I/home/sonakrie/Work/testicular_linux/util-linux/../fs/usr/include conftest.c >&5
configure:25605: $? = 0
configure:25605: result: yes
configure:25611: checking for sys/sysmacros.h
configure:25611: gcc -c -g -O2 -I/home/sonakrie/Work/testicular_linux/util-linux/../fs/usr/include conftest.c >&5
configure:25611: $? = 0
configure:25611: result: yes
configure:25617: checking for sys/time.h
configure:25617: gcc -c -g -O2 -I/home/sonakrie/Work/testicular_linux/util-linux/../fs/usr/include conftest.c >&5
configure:25617: $? = 0
configure:25617: result: yes
configure:25623: checking for sys/timex.h
configure:25623: gcc -c -g -O2 -I/home/sonakrie/Work/testicular_linux/util-linux/../fs/usr/include conftest.c >&5
configure:25623: $? = 0
configure:25623: result: yes
configure:25629: checking for sys/ttydefaults.h
configure:25629: gcc -c -g -O2 -I/home/sonakrie/Work/testicular_linux/util-linux/../fs/usr/include conftest.c >&5
configure:25629: $? = 0
configure:25629: result: yes
configure:25635: checking for sys/types.h
configure:25635: result: yes
configure:25641: checking for sys/ucred.h
configure:25641: gcc -c -g -O2 -I/home/sonakrie/Work/testicular_linux/util-linux/../fs/usr/include conftest.c >&5
conftest.c:131:10: fatal error: sys/ucred.h: No such file or directory
  131 | #include <sys/ucred.h>
      |          ^~~~~~~~~~~~~
compilation terminated.
configure:25641: $? = 1
configure: failed program was:
| /* confdefs.h */
| #define PACKAGE_NAME "util-linux"
| #define PACKAGE_TARNAME "util-linux"
| #define PACKAGE_VERSION "2.40.2"
| #define PACKAGE_STRING "util-linux 2.40.2"
| #define PACKAGE_BUGREPORT "kzak@redhat.com"
| #define PACKAGE_URL "https://www.kernel.org/pub/linux/utils/util-linux/"
| #define HAVE_STDIO_H 1
| #define HAVE_STDLIB_H 1
| #define HAVE_STRING_H 1
| #define HAVE_INTTYPES_H 1
| #define HAVE_STDINT_H 1
| #define HAVE_STRINGS_H 1
| #define HAVE_SYS_STAT_H 1
| #define HAVE_SYS_TYPES_H 1
| #define HAVE_UNISTD_H 1
| #define HAVE_WCHAR_H 1
| #define STDC_HEADERS 1
| #define _ALL_SOURCE 1
| #define _DARWIN_C_SOURCE 1
| #define _GNU_SOURCE 1
| #define _HPUX_ALT_XOPEN_SOCKET_API 1
| #define _NETBSD_SOURCE 1
| #define _OPENBSD_SOURCE 1
| #define _POSIX_PTHREAD_SEMANTICS 1
| #define __STDC_WANT_IEC_60559_ATTRIBS_EXT__ 1
| #define __STDC_WANT_IEC_60559_BFP_EXT__ 1
| #define __STDC_WANT_IEC_60559_DFP_EXT__ 1
| #define __STDC_WANT_IEC_60559_FUNCS_EXT__ 1
| #define __STDC_WANT_IEC_60559_TYPES_EXT__ 1
| #define __STDC_WANT_LIB_EXT2__ 1
| #define __STDC_WANT_MATH_SPEC_FUNCS__ 1
| #define _TANDEM_SOURCE 1
| #define __EXTENSIONS__ 1
| #define PACKAGE "util-linux"
| #define VERSION "2.40.2"
| #define HAVE_DLFCN_H 1
| #define LT_OBJDIR ".libs/"
| #define HAVE_STRUCT_TM_TM_ZONE 1
| #define HAVE_TM_ZONE 1
| #define HAVE_ICONV 1
| #define HAVE_LINUX_BLKPG_H 1
| #define HAVE_LINUX_MAJOR_H 1
| #define HAVE_ASM_GENERIC_FCNTL_H 1
| #define HAVE_ASM_FCNTL_H 1
| #define HAVE_BYTESWAP_H 1
| #define HAVE_ENDIAN_H 1
| #define HAVE_ERR_H 1
| #define HAVE_ERRNO_H 1
| #define HAVE_FCNTL_H 1
| #define HAVE_GETOPT_H 1
| #define HAVE_INTTYPES_H 1
| #define HAVE_LASTLOG_H 1
| #define HAVE_LINUX_BLKZONED_H 1
| #define HAVE_LINUX_BTRFS_H 1
| #define HAVE_LINUX_CAPABILITY_H 1
| #define HAVE_LINUX_CDROM_H 1
| #define HAVE_LINUX_FALLOC_H 1
| #define HAVE_LINUX_FD_H 1
| #define HAVE_LINUX_FIEMAP_H 1
| #define HAVE_LINUX_LANDLOCK_H 1
| #define HAVE_LINUX_KCMP_H 1
| #define HAVE_LINUX_NET_NAMESPACE_H 1
| #define HAVE_LINUX_NSFS_H 1
| #define HAVE_LINUX_PR_H 1
| #define HAVE_LINUX_SECUREBITS_H 1
| #define HAVE_LINUX_TIOCL_H 1
| #define HAVE_LINUX_VERSION_H 1
| #define HAVE_LINUX_WATCHDOG_H 1
| #define HAVE_LINUX_IF_ALG_H 1
| #define HAVE_LOCALE_H 1
| #define HAVE_MNTENT_H 1
| #define HAVE_NET_IF_H 1
| #define HAVE_NETINET_IN_H 1
| #define HAVE_PATHS_H 1
| #define HAVE_PTY_H 1
| #define HAVE_SECURITY_PAM_APPL_H 1
| #define HAVE_SECURITY_PAM_MODULES_H 1
| #define HAVE_SHADOW_H 1
| #define HAVE_STDINT_H 1
| #define HAVE_STDIO_EXT_H 1
| #define HAVE_STDLIB_H 1
| #define HAVE_SYS_FILE_H 1
| #define HAVE_SYS_IOCTL_H 1
| #define HAVE_SYS_IO_H 1
| #define HAVE_SYS_MOUNT_H 1
| #define HAVE_SYS_PARAM_H 1
| #define HAVE_SYS_PRCTL_H 1
| #define HAVE_SYS_RESOURCE_H 1
| #define HAVE_SYS_SENDFILE_H 1
| #define HAVE_SYS_SIGNALFD_H 1
| #define HAVE_SYS_SOCKET_H 1
| #define HAVE_SYS_STAT_H 1
| #define HAVE_SYS_STATFS_H 1
| #define HAVE_SYS_SWAP_H 1
| #define HAVE_SYS_SYSCALL_H 1
| #define HAVE_SYS_SYSMACROS_H 1
| #define HAVE_SYS_TIME_H 1
| #define HAVE_SYS_TIMEX_H 1
| #define HAVE_SYS_TTYDEFAULTS_H 1
| #define HAVE_SYS_TYPES_H 1
| /* end confdefs.h.  */
| #include <stddef.h>
| #ifdef HAVE_STDIO_H
| # include <stdio.h>
| #endif
| #ifdef HAVE_STDLIB_H
| # include <stdlib.h>
| #endif
| #ifdef HAVE_STRING_H
| # include <string.h>
| #endif
| #ifdef HAVE_INTTYPES_H
| # include <inttypes.h>
| #endif
| #ifdef HAVE_STDINT_H
| # include <stdint.h>
| #endif
| #ifdef HAVE_STRINGS_H
| # include <strings.h>
| #endif
| #ifdef HAVE_SYS_TYPES_H
| # include <sys/types.h>
| #endif
| #ifdef HAVE_SYS_STAT_H
| # include <sys/stat.h>
| #endif
| #ifdef HAVE_UNISTD_H
| # include <unistd.h>
| #endif
| #include <sys/ucred.h>
configure:25641: result: no
configure:25647: checking for sys/un.h
configure:25647: gcc -c -g -O2 -I/home/sonakrie/Work/testicular_linux/util-linux/../fs/usr/include conftest.c >&5
configure:25647: $? = 0
configure:25647: result: yes
configure:25653: checking for sys/vfs.h
configure:25653: gcc -c -g -O2 -I/home/sonakrie/Work/testicular_linux/util-linux/../fs/usr/include conftest.c >&5
configure:25653: $? = 0
configure:25653: result: yes
configure:25659: checking for sys/xattr.h
configure:25659: gcc -c -g -O2 -I/home/sonakrie/Work/testicular_linux/util-linux/../fs/usr/include conftest.c >&5
configure:25659: $? = 0
configure:25659: result: yes
configure:25665: checking for unistd.h
configure:25665: result: yes
configure:25671: checking for utmp.h
configure:25671: gcc -c -g -O2 -I/home/sonakrie/Work/testicular_linux/util-linux/../fs/usr/include conftest.c >&5
configure:25671: $? = 0
configure:25671: result: yes
configure:25677: checking for utmpx.h
configure:25677: gcc -c -g -O2 -I/home/sonakrie/Work/testicular_linux/util-linux/../fs/usr/include conftest.c >&5
configure:25677: $? = 0
configure:25677: result: yes
configure:25688: checking for linux/fs.h
configure:25688: gcc -c -g -O2 -I/home/sonakrie/Work/testicular_linux/util-linux/../fs/usr/include conftest.c >&5
configure:25688: $? = 0
configure:25688: result: yes
configure:25701: checking for linux/mount.h
configure:25701: gcc -c -g -O2 -I/home/sonakrie/Work/testicular_linux/util-linux/../fs/usr/include conftest.c >&5
configure:25701: $? = 0
configure:25701: result: yes
configure:25713: checking for linux/gsmmux.h
configure:25713: gcc -c -g -O2 -I/home/sonakrie/Work/testicular_linux/util-linux/../fs/usr/include conftest.c >&5
configure:25713: $? = 0
configure:25713: result: yes
configure:25727: checking for security/pam_misc.h
configure:25727: gcc -c -g -O2 -I/home/sonakrie/Work/testicular_linux/util-linux/../fs/usr/include conftest.c >&5
configure:25727: $? = 0
configure:25727: result: yes
configure:25757: checking whether BLK_ZONE_REP_CAPACITY is declared
configure:25757: gcc -c -g -O2  -I/home/sonakrie/Work/testicular_linux/util-linux/../fs/usr/include conftest.c >&5
configure:25757: $? = 0
configure:25757: result: yes
configure:25770: checking whether PR_REP_CAPACITY is declared
configure:25770: gcc -c -g -O2  -I/home/sonakrie/Work/testicular_linux/util-linux/../fs/usr/include conftest.c >&5
conftest.c: In function 'main':
conftest.c:125:10: error: 'PR_REP_CAPACITY' undeclared (first use in this function)
  125 |   (void) PR_REP_CAPACITY;
      |          ^~~~~~~~~~~~~~~
conftest.c:125:10: note: each undeclared identifier is reported only once for each function it appears in
configure:25770: $? = 1
configure: failed program was:
| /* confdefs.h */
| #define PACKAGE_NAME "util-linux"
| #define PACKAGE_TARNAME "util-linux"
| #define PACKAGE_VERSION "2.40.2"
| #define PACKAGE_STRING "util-linux 2.40.2"
| #define PACKAGE_BUGREPORT "kzak@redhat.com"
| #define PACKAGE_URL "https://www.kernel.org/pub/linux/utils/util-linux/"
| #define HAVE_STDIO_H 1
| #define HAVE_STDLIB_H 1
| #define HAVE_STRING_H 1
| #define HAVE_INTTYPES_H 1
| #define HAVE_STDINT_H 1
| #define HAVE_STRINGS_H 1
| #define HAVE_SYS_STAT_H 1
| #define HAVE_SYS_TYPES_H 1
| #define HAVE_UNISTD_H 1
| #define HAVE_WCHAR_H 1
| #define STDC_HEADERS 1
| #define _ALL_SOURCE 1
| #define _DARWIN_C_SOURCE 1
| #define _GNU_SOURCE 1
| #define _HPUX_ALT_XOPEN_SOCKET_API 1
| #define _NETBSD_SOURCE 1
| #define _OPENBSD_SOURCE 1
| #define _POSIX_PTHREAD_SEMANTICS 1
| #define __STDC_WANT_IEC_60559_ATTRIBS_EXT__ 1
| #define __STDC_WANT_IEC_60559_BFP_EXT__ 1
| #define __STDC_WANT_IEC_60559_DFP_EXT__ 1
| #define __STDC_WANT_IEC_60559_FUNCS_EXT__ 1
| #define __STDC_WANT_IEC_60559_TYPES_EXT__ 1
| #define __STDC_WANT_LIB_EXT2__ 1
| #define __STDC_WANT_MATH_SPEC_FUNCS__ 1
| #define _TANDEM_SOURCE 1
| #define __EXTENSIONS__ 1
| #define PACKAGE "util-linux"
| #define VERSION "2.40.2"
| #define HAVE_DLFCN_H 1
| #define LT_OBJDIR ".libs/"
| #define HAVE_STRUCT_TM_TM_ZONE 1
| #define HAVE_TM_ZONE 1
| #define HAVE_ICONV 1
| #define HAVE_LINUX_BLKPG_H 1
| #define HAVE_LINUX_MAJOR_H 1
| #define HAVE_ASM_GENERIC_FCNTL_H 1
| #define HAVE_ASM_FCNTL_H 1
| #define HAVE_BYTESWAP_H 1
| #define HAVE_ENDIAN_H 1
| #define HAVE_ERR_H 1
| #define HAVE_ERRNO_H 1
| #define HAVE_FCNTL_H 1
| #define HAVE_GETOPT_H 1
| #define HAVE_INTTYPES_H 1
| #define HAVE_LASTLOG_H 1
| #define HAVE_LINUX_BLKZONED_H 1
| #define HAVE_LINUX_BTRFS_H 1
| #define HAVE_LINUX_CAPABILITY_H 1
| #define HAVE_LINUX_CDROM_H 1
| #define HAVE_LINUX_FALLOC_H 1
| #define HAVE_LINUX_FD_H 1
| #define HAVE_LINUX_FIEMAP_H 1
| #define HAVE_LINUX_LANDLOCK_H 1
| #define HAVE_LINUX_KCMP_H 1
| #define HAVE_LINUX_NET_NAMESPACE_H 1
| #define HAVE_LINUX_NSFS_H 1
| #define HAVE_LINUX_PR_H 1
| #define HAVE_LINUX_SECUREBITS_H 1
| #define HAVE_LINUX_TIOCL_H 1
| #define HAVE_LINUX_VERSION_H 1
| #define HAVE_LINUX_WATCHDOG_H 1
| #define HAVE_LINUX_IF_ALG_H 1
| #define HAVE_LOCALE_H 1
| #define HAVE_MNTENT_H 1
| #define HAVE_NET_IF_H 1
| #define HAVE_NETINET_IN_H 1
| #define HAVE_PATHS_H 1
| #define HAVE_PTY_H 1
| #define HAVE_SECURITY_PAM_APPL_H 1
| #define HAVE_SECURITY_PAM_MODULES_H 1
| #define HAVE_SHADOW_H 1
| #define HAVE_STDINT_H 1
| #define HAVE_STDIO_EXT_H 1
| #define HAVE_STDLIB_H 1
| #define HAVE_SYS_FILE_H 1
| #define HAVE_SYS_IOCTL_H 1
| #define HAVE_SYS_IO_H 1
| #define HAVE_SYS_MOUNT_H 1
| #define HAVE_SYS_PARAM_H 1
| #define HAVE_SYS_PRCTL_H 1
| #define HAVE_SYS_RESOURCE_H 1
| #define HAVE_SYS_SENDFILE_H 1
| #define HAVE_SYS_SIGNALFD_H 1
| #define HAVE_SYS_SOCKET_H 1
| #define HAVE_SYS_STAT_H 1
| #define HAVE_SYS_STATFS_H 1
| #define HAVE_SYS_SWAP_H 1
| #define HAVE_SYS_SYSCALL_H 1
| #define HAVE_SYS_SYSMACROS_H 1
| #define HAVE_SYS_TIME_H 1
| #define HAVE_SYS_TIMEX_H 1
| #define HAVE_SYS_TTYDEFAULTS_H 1
| #define HAVE_SYS_TYPES_H 1
| #define HAVE_SYS_UN_H 1
| #define HAVE_SYS_VFS_H 1
| #define HAVE_SYS_XATTR_H 1
| #define HAVE_UNISTD_H 1
| #define HAVE_UTMP_H 1
| #define HAVE_UTMPX_H 1
| #define HAVE_LINUX_FS_H 1
| #define HAVE_LINUX_MOUNT_H 1
| #define HAVE_LINUX_GSMMUX_H 1
| #define HAVE_SECURITY_PAM_MISC_H 1
| #define HAVE_DECL_BLK_ZONE_REP_CAPACITY 1
| /* end confdefs.h.  */
| 
| 	#include <linux/pr.h>
| 
| 
| int
| main (void)
| {
| #ifndef PR_REP_CAPACITY
| #ifdef __cplusplus
|   (void) PR_REP_CAPACITY;
| #else
|   (void) PR_REP_CAPACITY;
| #endif
| #endif
| 
|   ;
|   return 0;
| }
configure:25770: result: no
configure:25783: checking for security/openpam.h
configure:25783: gcc -c -g -O2 -I/home/sonakrie/Work/testicular_linux/util-linux/../fs/usr/include conftest.c >&5
conftest.c:121:10: fatal error: security/openpam.h: No such file or directory
  121 | #include <security/openpam.h>
      |          ^~~~~~~~~~~~~~~~~~~~
compilation terminated.
configure:25783: $? = 1
configure: failed program was:
| /* confdefs.h */
| #define PACKAGE_NAME "util-linux"
| #define PACKAGE_TARNAME "util-linux"
| #define PACKAGE_VERSION "2.40.2"
| #define PACKAGE_STRING "util-linux 2.40.2"
| #define PACKAGE_BUGREPORT "kzak@redhat.com"
| #define PACKAGE_URL "https://www.kernel.org/pub/linux/utils/util-linux/"
| #define HAVE_STDIO_H 1
| #define HAVE_STDLIB_H 1
| #define HAVE_STRING_H 1
| #define HAVE_INTTYPES_H 1
| #define HAVE_STDINT_H 1
| #define HAVE_STRINGS_H 1
| #define HAVE_SYS_STAT_H 1
| #define HAVE_SYS_TYPES_H 1
| #define HAVE_UNISTD_H 1
| #define HAVE_WCHAR_H 1
| #define STDC_HEADERS 1
| #define _ALL_SOURCE 1
| #define _DARWIN_C_SOURCE 1
| #define _GNU_SOURCE 1
| #define _HPUX_ALT_XOPEN_SOCKET_API 1
| #define _NETBSD_SOURCE 1
| #define _OPENBSD_SOURCE 1
| #define _POSIX_PTHREAD_SEMANTICS 1
| #define __STDC_WANT_IEC_60559_ATTRIBS_EXT__ 1
| #define __STDC_WANT_IEC_60559_BFP_EXT__ 1
| #define __STDC_WANT_IEC_60559_DFP_EXT__ 1
| #define __STDC_WANT_IEC_60559_FUNCS_EXT__ 1
| #define __STDC_WANT_IEC_60559_TYPES_EXT__ 1
| #define __STDC_WANT_LIB_EXT2__ 1
| #define __STDC_WANT_MATH_SPEC_FUNCS__ 1
| #define _TANDEM_SOURCE 1
| #define __EXTENSIONS__ 1
| #define PACKAGE "util-linux"
| #define VERSION "2.40.2"
| #define HAVE_DLFCN_H 1
| #define LT_OBJDIR ".libs/"
| #define HAVE_STRUCT_TM_TM_ZONE 1
| #define HAVE_TM_ZONE 1
| #define HAVE_ICONV 1
| #define HAVE_LINUX_BLKPG_H 1
| #define HAVE_LINUX_MAJOR_H 1
| #define HAVE_ASM_GENERIC_FCNTL_H 1
| #define HAVE_ASM_FCNTL_H 1
| #define HAVE_BYTESWAP_H 1
| #define HAVE_ENDIAN_H 1
| #define HAVE_ERR_H 1
| #define HAVE_ERRNO_H 1
| #define HAVE_FCNTL_H 1
| #define HAVE_GETOPT_H 1
| #define HAVE_INTTYPES_H 1
| #define HAVE_LASTLOG_H 1
| #define HAVE_LINUX_BLKZONED_H 1
| #define HAVE_LINUX_BTRFS_H 1
| #define HAVE_LINUX_CAPABILITY_H 1
| #define HAVE_LINUX_CDROM_H 1
| #define HAVE_LINUX_FALLOC_H 1
| #define HAVE_LINUX_FD_H 1
| #define HAVE_LINUX_FIEMAP_H 1
| #define HAVE_LINUX_LANDLOCK_H 1
| #define HAVE_LINUX_KCMP_H 1
| #define HAVE_LINUX_NET_NAMESPACE_H 1
| #define HAVE_LINUX_NSFS_H 1
| #define HAVE_LINUX_PR_H 1
| #define HAVE_LINUX_SECUREBITS_H 1
| #define HAVE_LINUX_TIOCL_H 1
| #define HAVE_LINUX_VERSION_H 1
| #define HAVE_LINUX_WATCHDOG_H 1
| #define HAVE_LINUX_IF_ALG_H 1
| #define HAVE_LOCALE_H 1
| #define HAVE_MNTENT_H 1
| #define HAVE_NET_IF_H 1
| #define HAVE_NETINET_IN_H 1
| #define HAVE_PATHS_H 1
| #define HAVE_PTY_H 1
| #define HAVE_SECURITY_PAM_APPL_H 1
| #define HAVE_SECURITY_PAM_MODULES_H 1
| #define HAVE_SHADOW_H 1
| #define HAVE_STDINT_H 1
| #define HAVE_STDIO_EXT_H 1
| #define HAVE_STDLIB_H 1
| #define HAVE_SYS_FILE_H 1
| #define HAVE_SYS_IOCTL_H 1
| #define HAVE_SYS_IO_H 1
| #define HAVE_SYS_MOUNT_H 1
| #define HAVE_SYS_PARAM_H 1
| #define HAVE_SYS_PRCTL_H 1
| #define HAVE_SYS_RESOURCE_H 1
| #define HAVE_SYS_SENDFILE_H 1
| #define HAVE_SYS_SIGNALFD_H 1
| #define HAVE_SYS_SOCKET_H 1
| #define HAVE_SYS_STAT_H 1
| #define HAVE_SYS_STATFS_H 1
| #define HAVE_SYS_SWAP_H 1
| #define HAVE_SYS_SYSCALL_H 1
| #define HAVE_SYS_SYSMACROS_H 1
| #define HAVE_SYS_TIME_H 1
| #define HAVE_SYS_TIMEX_H 1
| #define HAVE_SYS_TTYDEFAULTS_H 1
| #define HAVE_SYS_TYPES_H 1
| #define HAVE_SYS_UN_H 1
| #define HAVE_SYS_VFS_H 1
| #define HAVE_SYS_XATTR_H 1
| #define HAVE_UNISTD_H 1
| #define HAVE_UTMP_H 1
| #define HAVE_UTMPX_H 1
| #define HAVE_LINUX_FS_H 1
| #define HAVE_LINUX_MOUNT_H 1
| #define HAVE_LINUX_GSMMUX_H 1
| #define HAVE_SECURITY_PAM_MISC_H 1
| #define HAVE_DECL_BLK_ZONE_REP_CAPACITY 1
| #define HAVE_DECL_PR_REP_CAPACITY 0
| /* end confdefs.h.  */
| 
| #ifdef HAVE_SECURITY_PAM_APPL_H
| #include <security/pam_appl.h>
| #endif
| 
| 
| #include <security/openpam.h>
configure:25783: result: no
configure:25798: checking for langinfo.h
configure:25798: gcc -c -g -O2 -I/home/sonakrie/Work/testicular_linux/util-linux/../fs/usr/include conftest.c >&5
configure:25798: $? = 0
configure:25798: result: yes
configure:25823: checking whether langinfo.h defines ALTMON_x constants
configure:25852: gcc -c -g -O2 -I/home/sonakrie/Work/testicular_linux/util-linux/../fs/usr/include conftest.c >&5
conftest.c: In function 'main':
conftest.c:124:28: error: 'ALTMON_1' undeclared (first use in this function); did you mean 'ABMON_1'?
  124 |         str = nl_langinfo (ALTMON_1);
      |                            ^~~~~~~~
      |                            ABMON_1
conftest.c:124:28: note: each undeclared identifier is reported only once for each function it appears in
conftest.c:125:28: error: 'ALTMON_2' undeclared (first use in this function); did you mean 'ABMON_2'?
  125 |         str = nl_langinfo (ALTMON_2);
      |                            ^~~~~~~~
      |                            ABMON_2
conftest.c:126:28: error: 'ALTMON_3' undeclared (first use in this function); did you mean 'ABMON_3'?
  126 |         str = nl_langinfo (ALTMON_3);
      |                            ^~~~~~~~
      |                            ABMON_3
conftest.c:127:28: error: 'ALTMON_4' undeclared (first use in this function); did you mean 'ABMON_4'?
  127 |         str = nl_langinfo (ALTMON_4);
      |                            ^~~~~~~~
      |                            ABMON_4
conftest.c:128:28: error: 'ALTMON_5' undeclared (first use in this function); did you mean 'ABMON_5'?
  128 |         str = nl_langinfo (ALTMON_5);
      |                            ^~~~~~~~
      |                            ABMON_5
conftest.c:129:28: error: 'ALTMON_6' undeclared (first use in this function); did you mean 'ABMON_6'?
  129 |         str = nl_langinfo (ALTMON_6);
      |                            ^~~~~~~~
      |                            ABMON_6
conftest.c:130:28: error: 'ALTMON_7' undeclared (first use in this function); did you mean 'ABMON_7'?
  130 |         str = nl_langinfo (ALTMON_7);
      |                            ^~~~~~~~
      |                            ABMON_7
conftest.c:131:28: error: 'ALTMON_8' undeclared (first use in this function); did you mean 'ABMON_8'?
  131 |         str = nl_langinfo (ALTMON_8);
      |                            ^~~~~~~~
      |                            ABMON_8
conftest.c:132:28: error: 'ALTMON_9' undeclared (first use in this function); did you mean 'ABMON_9'?
  132 |         str = nl_langinfo (ALTMON_9);
      |                            ^~~~~~~~
      |                            ABMON_9
conftest.c:133:28: error: 'ALTMON_10' undeclared (first use in this function); did you mean 'ABMON_10'?
  133 |         str = nl_langinfo (ALTMON_10);
      |                            ^~~~~~~~~
      |                            ABMON_10
conftest.c:134:28: error: 'ALTMON_11' undeclared (first use in this function); did you mean 'ABMON_11'?
  134 |         str = nl_langinfo (ALTMON_11);
      |                            ^~~~~~~~~
      |                            ABMON_11
conftest.c:135:28: error: 'ALTMON_12' undeclared (first use in this function); did you mean 'ABMON_12'?
  135 |         str = nl_langinfo (ALTMON_12);
      |                            ^~~~~~~~~
      |                            ABMON_12
configure:25852: $? = 1
configure: failed program was:
| /* confdefs.h */
| #define PACKAGE_NAME "util-linux"
| #define PACKAGE_TARNAME "util-linux"
| #define PACKAGE_VERSION "2.40.2"
| #define PACKAGE_STRING "util-linux 2.40.2"
| #define PACKAGE_BUGREPORT "kzak@redhat.com"
| #define PACKAGE_URL "https://www.kernel.org/pub/linux/utils/util-linux/"
| #define HAVE_STDIO_H 1
| #define HAVE_STDLIB_H 1
| #define HAVE_STRING_H 1
| #define HAVE_INTTYPES_H 1
| #define HAVE_STDINT_H 1
| #define HAVE_STRINGS_H 1
| #define HAVE_SYS_STAT_H 1
| #define HAVE_SYS_TYPES_H 1
| #define HAVE_UNISTD_H 1
| #define HAVE_WCHAR_H 1
| #define STDC_HEADERS 1
| #define _ALL_SOURCE 1
| #define _DARWIN_C_SOURCE 1
| #define _GNU_SOURCE 1
| #define _HPUX_ALT_XOPEN_SOCKET_API 1
| #define _NETBSD_SOURCE 1
| #define _OPENBSD_SOURCE 1
| #define _POSIX_PTHREAD_SEMANTICS 1
| #define __STDC_WANT_IEC_60559_ATTRIBS_EXT__ 1
| #define __STDC_WANT_IEC_60559_BFP_EXT__ 1
| #define __STDC_WANT_IEC_60559_DFP_EXT__ 1
| #define __STDC_WANT_IEC_60559_FUNCS_EXT__ 1
| #define __STDC_WANT_IEC_60559_TYPES_EXT__ 1
| #define __STDC_WANT_LIB_EXT2__ 1
| #define __STDC_WANT_MATH_SPEC_FUNCS__ 1
| #define _TANDEM_SOURCE 1
| #define __EXTENSIONS__ 1
| #define PACKAGE "util-linux"
| #define VERSION "2.40.2"
| #define HAVE_DLFCN_H 1
| #define LT_OBJDIR ".libs/"
| #define HAVE_STRUCT_TM_TM_ZONE 1
| #define HAVE_TM_ZONE 1
| #define HAVE_ICONV 1
| #define HAVE_LINUX_BLKPG_H 1
| #define HAVE_LINUX_MAJOR_H 1
| #define HAVE_ASM_GENERIC_FCNTL_H 1
| #define HAVE_ASM_FCNTL_H 1
| #define HAVE_BYTESWAP_H 1
| #define HAVE_ENDIAN_H 1
| #define HAVE_ERR_H 1
| #define HAVE_ERRNO_H 1
| #define HAVE_FCNTL_H 1
| #define HAVE_GETOPT_H 1
| #define HAVE_INTTYPES_H 1
| #define HAVE_LASTLOG_H 1
| #define HAVE_LINUX_BLKZONED_H 1
| #define HAVE_LINUX_BTRFS_H 1
| #define HAVE_LINUX_CAPABILITY_H 1
| #define HAVE_LINUX_CDROM_H 1
| #define HAVE_LINUX_FALLOC_H 1
| #define HAVE_LINUX_FD_H 1
| #define HAVE_LINUX_FIEMAP_H 1
| #define HAVE_LINUX_LANDLOCK_H 1
| #define HAVE_LINUX_KCMP_H 1
| #define HAVE_LINUX_NET_NAMESPACE_H 1
| #define HAVE_LINUX_NSFS_H 1
| #define HAVE_LINUX_PR_H 1
| #define HAVE_LINUX_SECUREBITS_H 1
| #define HAVE_LINUX_TIOCL_H 1
| #define HAVE_LINUX_VERSION_H 1
| #define HAVE_LINUX_WATCHDOG_H 1
| #define HAVE_LINUX_IF_ALG_H 1
| #define HAVE_LOCALE_H 1
| #define HAVE_MNTENT_H 1
| #define HAVE_NET_IF_H 1
| #define HAVE_NETINET_IN_H 1
| #define HAVE_PATHS_H 1
| #define HAVE_PTY_H 1
| #define HAVE_SECURITY_PAM_APPL_H 1
| #define HAVE_SECURITY_PAM_MODULES_H 1
| #define HAVE_SHADOW_H 1
| #define HAVE_STDINT_H 1
| #define HAVE_STDIO_EXT_H 1
| #define HAVE_STDLIB_H 1
| #define HAVE_SYS_FILE_H 1
| #define HAVE_SYS_IOCTL_H 1
| #define HAVE_SYS_IO_H 1
| #define HAVE_SYS_MOUNT_H 1
| #define HAVE_SYS_PARAM_H 1
| #define HAVE_SYS_PRCTL_H 1
| #define HAVE_SYS_RESOURCE_H 1
| #define HAVE_SYS_SENDFILE_H 1
| #define HAVE_SYS_SIGNALFD_H 1
| #define HAVE_SYS_SOCKET_H 1
| #define HAVE_SYS_STAT_H 1
| #define HAVE_SYS_STATFS_H 1
| #define HAVE_SYS_SWAP_H 1
| #define HAVE_SYS_SYSCALL_H 1
| #define HAVE_SYS_SYSMACROS_H 1
| #define HAVE_SYS_TIME_H 1
| #define HAVE_SYS_TIMEX_H 1
| #define HAVE_SYS_TTYDEFAULTS_H 1
| #define HAVE_SYS_TYPES_H 1
| #define HAVE_SYS_UN_H 1
| #define HAVE_SYS_VFS_H 1
| #define HAVE_SYS_XATTR_H 1
| #define HAVE_UNISTD_H 1
| #define HAVE_UTMP_H 1
| #define HAVE_UTMPX_H 1
| #define HAVE_LINUX_FS_H 1
| #define HAVE_LINUX_MOUNT_H 1
| #define HAVE_LINUX_GSMMUX_H 1
| #define HAVE_SECURITY_PAM_MISC_H 1
| #define HAVE_DECL_BLK_ZONE_REP_CAPACITY 1
| #define HAVE_DECL_PR_REP_CAPACITY 0
| #define HAVE_LANGINFO_H 1
| /* end confdefs.h.  */
| 
| 	#include <langinfo.h>
| 
| int
| main (void)
| {
| 
| 	char *str;
| 	str = nl_langinfo (ALTMON_1);
| 	str = nl_langinfo (ALTMON_2);
| 	str = nl_langinfo (ALTMON_3);
| 	str = nl_langinfo (ALTMON_4);
| 	str = nl_langinfo (ALTMON_5);
| 	str = nl_langinfo (ALTMON_6);
| 	str = nl_langinfo (ALTMON_7);
| 	str = nl_langinfo (ALTMON_8);
| 	str = nl_langinfo (ALTMON_9);
| 	str = nl_langinfo (ALTMON_10);
| 	str = nl_langinfo (ALTMON_11);
| 	str = nl_langinfo (ALTMON_12);
| 
|   ;
|   return 0;
| }
configure:25863: result: no
configure:25870: checking whether langinfo.h defines _NL_ABALTMON_x constants
configure:25899: gcc -c -g -O2 -I/home/sonakrie/Work/testicular_linux/util-linux/../fs/usr/include conftest.c >&5
conftest.c: In function 'main':
conftest.c:124:28: error: '_NL_ABALTMON_1' undeclared (first use in this function)
  124 |         str = nl_langinfo (_NL_ABALTMON_1);
      |                            ^~~~~~~~~~~~~~
conftest.c:124:28: note: each undeclared identifier is reported only once for each function it appears in
conftest.c:125:28: error: '_NL_ABALTMON_2' undeclared (first use in this function)
  125 |         str = nl_langinfo (_NL_ABALTMON_2);
      |                            ^~~~~~~~~~~~~~
conftest.c:126:28: error: '_NL_ABALTMON_3' undeclared (first use in this function)
  126 |         str = nl_langinfo (_NL_ABALTMON_3);
      |                            ^~~~~~~~~~~~~~
conftest.c:127:28: error: '_NL_ABALTMON_4' undeclared (first use in this function)
  127 |         str = nl_langinfo (_NL_ABALTMON_4);
      |                            ^~~~~~~~~~~~~~
conftest.c:128:28: error: '_NL_ABALTMON_5' undeclared (first use in this function)
  128 |         str = nl_langinfo (_NL_ABALTMON_5);
      |                            ^~~~~~~~~~~~~~
conftest.c:129:28: error: '_NL_ABALTMON_6' undeclared (first use in this function)
  129 |         str = nl_langinfo (_NL_ABALTMON_6);
      |                            ^~~~~~~~~~~~~~
conftest.c:130:28: error: '_NL_ABALTMON_7' undeclared (first use in this function)
  130 |         str = nl_langinfo (_NL_ABALTMON_7);
      |                            ^~~~~~~~~~~~~~
conftest.c:131:28: error: '_NL_ABALTMON_8' undeclared (first use in this function)
  131 |         str = nl_langinfo (_NL_ABALTMON_8);
      |                            ^~~~~~~~~~~~~~
conftest.c:132:28: error: '_NL_ABALTMON_9' undeclared (first use in this function)
  132 |         str = nl_langinfo (_NL_ABALTMON_9);
      |                            ^~~~~~~~~~~~~~
conftest.c:133:28: error: '_NL_ABALTMON_10' undeclared (first use in this function)
  133 |         str = nl_langinfo (_NL_ABALTMON_10);
      |                            ^~~~~~~~~~~~~~~
conftest.c:134:28: error: '_NL_ABALTMON_11' undeclared (first use in this function)
  134 |         str = nl_langinfo (_NL_ABALTMON_11);
      |                            ^~~~~~~~~~~~~~~
conftest.c:135:28: error: '_NL_ABALTMON_12' undeclared (first use in this function)
  135 |         str = nl_langinfo (_NL_ABALTMON_12);
      |                            ^~~~~~~~~~~~~~~
configure:25899: $? = 1
configure: failed program was:
| /* confdefs.h */
| #define PACKAGE_NAME "util-linux"
| #define PACKAGE_TARNAME "util-linux"
| #define PACKAGE_VERSION "2.40.2"
| #define PACKAGE_STRING "util-linux 2.40.2"
| #define PACKAGE_BUGREPORT "kzak@redhat.com"
| #define PACKAGE_URL "https://www.kernel.org/pub/linux/utils/util-linux/"
| #define HAVE_STDIO_H 1
| #define HAVE_STDLIB_H 1
| #define HAVE_STRING_H 1
| #define HAVE_INTTYPES_H 1
| #define HAVE_STDINT_H 1
| #define HAVE_STRINGS_H 1
| #define HAVE_SYS_STAT_H 1
| #define HAVE_SYS_TYPES_H 1
| #define HAVE_UNISTD_H 1
| #define HAVE_WCHAR_H 1
| #define STDC_HEADERS 1
| #define _ALL_SOURCE 1
| #define _DARWIN_C_SOURCE 1
| #define _GNU_SOURCE 1
| #define _HPUX_ALT_XOPEN_SOCKET_API 1
| #define _NETBSD_SOURCE 1
| #define _OPENBSD_SOURCE 1
| #define _POSIX_PTHREAD_SEMANTICS 1
| #define __STDC_WANT_IEC_60559_ATTRIBS_EXT__ 1
| #define __STDC_WANT_IEC_60559_BFP_EXT__ 1
| #define __STDC_WANT_IEC_60559_DFP_EXT__ 1
| #define __STDC_WANT_IEC_60559_FUNCS_EXT__ 1
| #define __STDC_WANT_IEC_60559_TYPES_EXT__ 1
| #define __STDC_WANT_LIB_EXT2__ 1
| #define __STDC_WANT_MATH_SPEC_FUNCS__ 1
| #define _TANDEM_SOURCE 1
| #define __EXTENSIONS__ 1
| #define PACKAGE "util-linux"
| #define VERSION "2.40.2"
| #define HAVE_DLFCN_H 1
| #define LT_OBJDIR ".libs/"
| #define HAVE_STRUCT_TM_TM_ZONE 1
| #define HAVE_TM_ZONE 1
| #define HAVE_ICONV 1
| #define HAVE_LINUX_BLKPG_H 1
| #define HAVE_LINUX_MAJOR_H 1
| #define HAVE_ASM_GENERIC_FCNTL_H 1
| #define HAVE_ASM_FCNTL_H 1
| #define HAVE_BYTESWAP_H 1
| #define HAVE_ENDIAN_H 1
| #define HAVE_ERR_H 1
| #define HAVE_ERRNO_H 1
| #define HAVE_FCNTL_H 1
| #define HAVE_GETOPT_H 1
| #define HAVE_INTTYPES_H 1
| #define HAVE_LASTLOG_H 1
| #define HAVE_LINUX_BLKZONED_H 1
| #define HAVE_LINUX_BTRFS_H 1
| #define HAVE_LINUX_CAPABILITY_H 1
| #define HAVE_LINUX_CDROM_H 1
| #define HAVE_LINUX_FALLOC_H 1
| #define HAVE_LINUX_FD_H 1
| #define HAVE_LINUX_FIEMAP_H 1
| #define HAVE_LINUX_LANDLOCK_H 1
| #define HAVE_LINUX_KCMP_H 1
| #define HAVE_LINUX_NET_NAMESPACE_H 1
| #define HAVE_LINUX_NSFS_H 1
| #define HAVE_LINUX_PR_H 1
| #define HAVE_LINUX_SECUREBITS_H 1
| #define HAVE_LINUX_TIOCL_H 1
| #define HAVE_LINUX_VERSION_H 1
| #define HAVE_LINUX_WATCHDOG_H 1
| #define HAVE_LINUX_IF_ALG_H 1
| #define HAVE_LOCALE_H 1
| #define HAVE_MNTENT_H 1
| #define HAVE_NET_IF_H 1
| #define HAVE_NETINET_IN_H 1
| #define HAVE_PATHS_H 1
| #define HAVE_PTY_H 1
| #define HAVE_SECURITY_PAM_APPL_H 1
| #define HAVE_SECURITY_PAM_MODULES_H 1
| #define HAVE_SHADOW_H 1
| #define HAVE_STDINT_H 1
| #define HAVE_STDIO_EXT_H 1
| #define HAVE_STDLIB_H 1
| #define HAVE_SYS_FILE_H 1
| #define HAVE_SYS_IOCTL_H 1
| #define HAVE_SYS_IO_H 1
| #define HAVE_SYS_MOUNT_H 1
| #define HAVE_SYS_PARAM_H 1
| #define HAVE_SYS_PRCTL_H 1
| #define HAVE_SYS_RESOURCE_H 1
| #define HAVE_SYS_SENDFILE_H 1
| #define HAVE_SYS_SIGNALFD_H 1
| #define HAVE_SYS_SOCKET_H 1
| #define HAVE_SYS_STAT_H 1
| #define HAVE_SYS_STATFS_H 1
| #define HAVE_SYS_SWAP_H 1
| #define HAVE_SYS_SYSCALL_H 1
| #define HAVE_SYS_SYSMACROS_H 1
| #define HAVE_SYS_TIME_H 1
| #define HAVE_SYS_TIMEX_H 1
| #define HAVE_SYS_TTYDEFAULTS_H 1
| #define HAVE_SYS_TYPES_H 1
| #define HAVE_SYS_UN_H 1
| #define HAVE_SYS_VFS_H 1
| #define HAVE_SYS_XATTR_H 1
| #define HAVE_UNISTD_H 1
| #define HAVE_UTMP_H 1
| #define HAVE_UTMPX_H 1
| #define HAVE_LINUX_FS_H 1
| #define HAVE_LINUX_MOUNT_H 1
| #define HAVE_LINUX_GSMMUX_H 1
| #define HAVE_SECURITY_PAM_MISC_H 1
| #define HAVE_DECL_BLK_ZONE_REP_CAPACITY 1
| #define HAVE_DECL_PR_REP_CAPACITY 0
| #define HAVE_LANGINFO_H 1
| /* end confdefs.h.  */
| 
| 	#include <langinfo.h>
| 
| int
| main (void)
| {
| 
| 	char *str;
| 	str = nl_langinfo (_NL_ABALTMON_1);
| 	str = nl_langinfo (_NL_ABALTMON_2);
| 	str = nl_langinfo (_NL_ABALTMON_3);
| 	str = nl_langinfo (_NL_ABALTMON_4);
| 	str = nl_langinfo (_NL_ABALTMON_5);
| 	str = nl_langinfo (_NL_ABALTMON_6);
| 	str = nl_langinfo (_NL_ABALTMON_7);
| 	str = nl_langinfo (_NL_ABALTMON_8);
| 	str = nl_langinfo (_NL_ABALTMON_9);
| 	str = nl_langinfo (_NL_ABALTMON_10);
| 	str = nl_langinfo (_NL_ABALTMON_11);
| 	str = nl_langinfo (_NL_ABALTMON_12);
| 
|   ;
|   return 0;
| }
configure:25910: result: no
configure:25964: gcc -c -g -O2 -I/home/sonakrie/Work/testicular_linux/util-linux/../fs/usr/include conftest.c >&5
configure:25964: $? = 0
configure:25973: checking for struct mount_attr
configure:25973: gcc -c -g -O2 -I/home/sonakrie/Work/testicular_linux/util-linux/../fs/usr/include conftest.c >&5
configure:25973: $? = 0
configure:25973: gcc -c -g -O2 -I/home/sonakrie/Work/testicular_linux/util-linux/../fs/usr/include conftest.c >&5
conftest.c: In function 'main':
conftest.c:122:32: error: expected expression before ')' token
  122 | if (sizeof ((struct mount_attr)))
      |                                ^
configure:25973: $? = 1
configure: failed program was:
| /* confdefs.h */
| #define PACKAGE_NAME "util-linux"
| #define PACKAGE_TARNAME "util-linux"
| #define PACKAGE_VERSION "2.40.2"
| #define PACKAGE_STRING "util-linux 2.40.2"
| #define PACKAGE_BUGREPORT "kzak@redhat.com"
| #define PACKAGE_URL "https://www.kernel.org/pub/linux/utils/util-linux/"
| #define HAVE_STDIO_H 1
| #define HAVE_STDLIB_H 1
| #define HAVE_STRING_H 1
| #define HAVE_INTTYPES_H 1
| #define HAVE_STDINT_H 1
| #define HAVE_STRINGS_H 1
| #define HAVE_SYS_STAT_H 1
| #define HAVE_SYS_TYPES_H 1
| #define HAVE_UNISTD_H 1
| #define HAVE_WCHAR_H 1
| #define STDC_HEADERS 1
| #define _ALL_SOURCE 1
| #define _DARWIN_C_SOURCE 1
| #define _GNU_SOURCE 1
| #define _HPUX_ALT_XOPEN_SOCKET_API 1
| #define _NETBSD_SOURCE 1
| #define _OPENBSD_SOURCE 1
| #define _POSIX_PTHREAD_SEMANTICS 1
| #define __STDC_WANT_IEC_60559_ATTRIBS_EXT__ 1
| #define __STDC_WANT_IEC_60559_BFP_EXT__ 1
| #define __STDC_WANT_IEC_60559_DFP_EXT__ 1
| #define __STDC_WANT_IEC_60559_FUNCS_EXT__ 1
| #define __STDC_WANT_IEC_60559_TYPES_EXT__ 1
| #define __STDC_WANT_LIB_EXT2__ 1
| #define __STDC_WANT_MATH_SPEC_FUNCS__ 1
| #define _TANDEM_SOURCE 1
| #define __EXTENSIONS__ 1
| #define PACKAGE "util-linux"
| #define VERSION "2.40.2"
| #define HAVE_DLFCN_H 1
| #define LT_OBJDIR ".libs/"
| #define HAVE_STRUCT_TM_TM_ZONE 1
| #define HAVE_TM_ZONE 1
| #define HAVE_ICONV 1
| #define HAVE_LINUX_BLKPG_H 1
| #define HAVE_LINUX_MAJOR_H 1
| #define HAVE_ASM_GENERIC_FCNTL_H 1
| #define HAVE_ASM_FCNTL_H 1
| #define HAVE_BYTESWAP_H 1
| #define HAVE_ENDIAN_H 1
| #define HAVE_ERR_H 1
| #define HAVE_ERRNO_H 1
| #define HAVE_FCNTL_H 1
| #define HAVE_GETOPT_H 1
| #define HAVE_INTTYPES_H 1
| #define HAVE_LASTLOG_H 1
| #define HAVE_LINUX_BLKZONED_H 1
| #define HAVE_LINUX_BTRFS_H 1
| #define HAVE_LINUX_CAPABILITY_H 1
| #define HAVE_LINUX_CDROM_H 1
| #define HAVE_LINUX_FALLOC_H 1
| #define HAVE_LINUX_FD_H 1
| #define HAVE_LINUX_FIEMAP_H 1
| #define HAVE_LINUX_LANDLOCK_H 1
| #define HAVE_LINUX_KCMP_H 1
| #define HAVE_LINUX_NET_NAMESPACE_H 1
| #define HAVE_LINUX_NSFS_H 1
| #define HAVE_LINUX_PR_H 1
| #define HAVE_LINUX_SECUREBITS_H 1
| #define HAVE_LINUX_TIOCL_H 1
| #define HAVE_LINUX_VERSION_H 1
| #define HAVE_LINUX_WATCHDOG_H 1
| #define HAVE_LINUX_IF_ALG_H 1
| #define HAVE_LOCALE_H 1
| #define HAVE_MNTENT_H 1
| #define HAVE_NET_IF_H 1
| #define HAVE_NETINET_IN_H 1
| #define HAVE_PATHS_H 1
| #define HAVE_PTY_H 1
| #define HAVE_SECURITY_PAM_APPL_H 1
| #define HAVE_SECURITY_PAM_MODULES_H 1
| #define HAVE_SHADOW_H 1
| #define HAVE_STDINT_H 1
| #define HAVE_STDIO_EXT_H 1
| #define HAVE_STDLIB_H 1
| #define HAVE_SYS_FILE_H 1
| #define HAVE_SYS_IOCTL_H 1
| #define HAVE_SYS_IO_H 1
| #define HAVE_SYS_MOUNT_H 1
| #define HAVE_SYS_PARAM_H 1
| #define HAVE_SYS_PRCTL_H 1
| #define HAVE_SYS_RESOURCE_H 1
| #define HAVE_SYS_SENDFILE_H 1
| #define HAVE_SYS_SIGNALFD_H 1
| #define HAVE_SYS_SOCKET_H 1
| #define HAVE_SYS_STAT_H 1
| #define HAVE_SYS_STATFS_H 1
| #define HAVE_SYS_SWAP_H 1
| #define HAVE_SYS_SYSCALL_H 1
| #define HAVE_SYS_SYSMACROS_H 1
| #define HAVE_SYS_TIME_H 1
| #define HAVE_SYS_TIMEX_H 1
| #define HAVE_SYS_TTYDEFAULTS_H 1
| #define HAVE_SYS_TYPES_H 1
| #define HAVE_SYS_UN_H 1
| #define HAVE_SYS_VFS_H 1
| #define HAVE_SYS_XATTR_H 1
| #define HAVE_UNISTD_H 1
| #define HAVE_UTMP_H 1
| #define HAVE_UTMPX_H 1
| #define HAVE_LINUX_FS_H 1
| #define HAVE_LINUX_MOUNT_H 1
| #define HAVE_LINUX_GSMMUX_H 1
| #define HAVE_SECURITY_PAM_MISC_H 1
| #define HAVE_DECL_BLK_ZONE_REP_CAPACITY 1
| #define HAVE_DECL_PR_REP_CAPACITY 0
| #define HAVE_LANGINFO_H 1
| #define HAVE_TM_GMTOFF 1
| /* end confdefs.h.  */
| #include <linux/mount.h>
| 
| int
| main (void)
| {
| if (sizeof ((struct mount_attr)))
| 	    return 0;
|   ;
|   return 0;
| }
configure:25973: result: yes
configure:25983: checking for enum fsconfig_command
configure:25983: gcc -c -g -O2 -I/home/sonakrie/Work/testicular_linux/util-linux/../fs/usr/include conftest.c >&5
configure:25983: $? = 0
configure:25983: gcc -c -g -O2 -I/home/sonakrie/Work/testicular_linux/util-linux/../fs/usr/include conftest.c >&5
conftest.c: In function 'main':
conftest.c:123:36: error: expected expression before ')' token
  123 | if (sizeof ((enum fsconfig_command)))
      |                                    ^
configure:25983: $? = 1
configure: failed program was:
| /* confdefs.h */
| #define PACKAGE_NAME "util-linux"
| #define PACKAGE_TARNAME "util-linux"
| #define PACKAGE_VERSION "2.40.2"
| #define PACKAGE_STRING "util-linux 2.40.2"
| #define PACKAGE_BUGREPORT "kzak@redhat.com"
| #define PACKAGE_URL "https://www.kernel.org/pub/linux/utils/util-linux/"
| #define HAVE_STDIO_H 1
| #define HAVE_STDLIB_H 1
| #define HAVE_STRING_H 1
| #define HAVE_INTTYPES_H 1
| #define HAVE_STDINT_H 1
| #define HAVE_STRINGS_H 1
| #define HAVE_SYS_STAT_H 1
| #define HAVE_SYS_TYPES_H 1
| #define HAVE_UNISTD_H 1
| #define HAVE_WCHAR_H 1
| #define STDC_HEADERS 1
| #define _ALL_SOURCE 1
| #define _DARWIN_C_SOURCE 1
| #define _GNU_SOURCE 1
| #define _HPUX_ALT_XOPEN_SOCKET_API 1
| #define _NETBSD_SOURCE 1
| #define _OPENBSD_SOURCE 1
| #define _POSIX_PTHREAD_SEMANTICS 1
| #define __STDC_WANT_IEC_60559_ATTRIBS_EXT__ 1
| #define __STDC_WANT_IEC_60559_BFP_EXT__ 1
| #define __STDC_WANT_IEC_60559_DFP_EXT__ 1
| #define __STDC_WANT_IEC_60559_FUNCS_EXT__ 1
| #define __STDC_WANT_IEC_60559_TYPES_EXT__ 1
| #define __STDC_WANT_LIB_EXT2__ 1
| #define __STDC_WANT_MATH_SPEC_FUNCS__ 1
| #define _TANDEM_SOURCE 1
| #define __EXTENSIONS__ 1
| #define PACKAGE "util-linux"
| #define VERSION "2.40.2"
| #define HAVE_DLFCN_H 1
| #define LT_OBJDIR ".libs/"
| #define HAVE_STRUCT_TM_TM_ZONE 1
| #define HAVE_TM_ZONE 1
| #define HAVE_ICONV 1
| #define HAVE_LINUX_BLKPG_H 1
| #define HAVE_LINUX_MAJOR_H 1
| #define HAVE_ASM_GENERIC_FCNTL_H 1
| #define HAVE_ASM_FCNTL_H 1
| #define HAVE_BYTESWAP_H 1
| #define HAVE_ENDIAN_H 1
| #define HAVE_ERR_H 1
| #define HAVE_ERRNO_H 1
| #define HAVE_FCNTL_H 1
| #define HAVE_GETOPT_H 1
| #define HAVE_INTTYPES_H 1
| #define HAVE_LASTLOG_H 1
| #define HAVE_LINUX_BLKZONED_H 1
| #define HAVE_LINUX_BTRFS_H 1
| #define HAVE_LINUX_CAPABILITY_H 1
| #define HAVE_LINUX_CDROM_H 1
| #define HAVE_LINUX_FALLOC_H 1
| #define HAVE_LINUX_FD_H 1
| #define HAVE_LINUX_FIEMAP_H 1
| #define HAVE_LINUX_LANDLOCK_H 1
| #define HAVE_LINUX_KCMP_H 1
| #define HAVE_LINUX_NET_NAMESPACE_H 1
| #define HAVE_LINUX_NSFS_H 1
| #define HAVE_LINUX_PR_H 1
| #define HAVE_LINUX_SECUREBITS_H 1
| #define HAVE_LINUX_TIOCL_H 1
| #define HAVE_LINUX_VERSION_H 1
| #define HAVE_LINUX_WATCHDOG_H 1
| #define HAVE_LINUX_IF_ALG_H 1
| #define HAVE_LOCALE_H 1
| #define HAVE_MNTENT_H 1
| #define HAVE_NET_IF_H 1
| #define HAVE_NETINET_IN_H 1
| #define HAVE_PATHS_H 1
| #define HAVE_PTY_H 1
| #define HAVE_SECURITY_PAM_APPL_H 1
| #define HAVE_SECURITY_PAM_MODULES_H 1
| #define HAVE_SHADOW_H 1
| #define HAVE_STDINT_H 1
| #define HAVE_STDIO_EXT_H 1
| #define HAVE_STDLIB_H 1
| #define HAVE_SYS_FILE_H 1
| #define HAVE_SYS_IOCTL_H 1
| #define HAVE_SYS_IO_H 1
| #define HAVE_SYS_MOUNT_H 1
| #define HAVE_SYS_PARAM_H 1
| #define HAVE_SYS_PRCTL_H 1
| #define HAVE_SYS_RESOURCE_H 1
| #define HAVE_SYS_SENDFILE_H 1
| #define HAVE_SYS_SIGNALFD_H 1
| #define HAVE_SYS_SOCKET_H 1
| #define HAVE_SYS_STAT_H 1
| #define HAVE_SYS_STATFS_H 1
| #define HAVE_SYS_SWAP_H 1
| #define HAVE_SYS_SYSCALL_H 1
| #define HAVE_SYS_SYSMACROS_H 1
| #define HAVE_SYS_TIME_H 1
| #define HAVE_SYS_TIMEX_H 1
| #define HAVE_SYS_TTYDEFAULTS_H 1
| #define HAVE_SYS_TYPES_H 1
| #define HAVE_SYS_UN_H 1
| #define HAVE_SYS_VFS_H 1
| #define HAVE_SYS_XATTR_H 1
| #define HAVE_UNISTD_H 1
| #define HAVE_UTMP_H 1
| #define HAVE_UTMPX_H 1
| #define HAVE_LINUX_FS_H 1
| #define HAVE_LINUX_MOUNT_H 1
| #define HAVE_LINUX_GSMMUX_H 1
| #define HAVE_SECURITY_PAM_MISC_H 1
| #define HAVE_DECL_BLK_ZONE_REP_CAPACITY 1
| #define HAVE_DECL_PR_REP_CAPACITY 0
| #define HAVE_LANGINFO_H 1
| #define HAVE_TM_GMTOFF 1
| #define HAVE_STRUCT_MOUNT_ATTR 1
| /* end confdefs.h.  */
| #include <linux/mount.h>
| 
| int
| main (void)
| {
| if (sizeof ((enum fsconfig_command)))
| 	    return 0;
|   ;
|   return 0;
| }
configure:25983: result: yes
configure:25994: checking for struct termios.c_line
configure:25994: gcc -c -g -O2 -I/home/sonakrie/Work/testicular_linux/util-linux/../fs/usr/include conftest.c >&5
configure:25994: $? = 0
configure:25994: result: yes
configure:26005: checking for struct stat.st_mtim.tv_nsec
configure:26005: gcc -c -g -O2 -I/home/sonakrie/Work/testicular_linux/util-linux/../fs/usr/include conftest.c >&5
configure:26005: $? = 0
configure:26005: result: yes
configure:26016: checking for struct statx
configure:26016: gcc -c -g -O2 -I/home/sonakrie/Work/testicular_linux/util-linux/../fs/usr/include conftest.c >&5
configure:26016: $? = 0
configure:26016: gcc -c -g -O2 -I/home/sonakrie/Work/testicular_linux/util-linux/../fs/usr/include conftest.c >&5
conftest.c: In function 'main':
conftest.c:126:27: error: expected expression before ')' token
  126 | if (sizeof ((struct statx)))
      |                           ^
configure:26016: $? = 1
configure: failed program was:
| /* confdefs.h */
| #define PACKAGE_NAME "util-linux"
| #define PACKAGE_TARNAME "util-linux"
| #define PACKAGE_VERSION "2.40.2"
| #define PACKAGE_STRING "util-linux 2.40.2"
| #define PACKAGE_BUGREPORT "kzak@redhat.com"
| #define PACKAGE_URL "https://www.kernel.org/pub/linux/utils/util-linux/"
| #define HAVE_STDIO_H 1
| #define HAVE_STDLIB_H 1
| #define HAVE_STRING_H 1
| #define HAVE_INTTYPES_H 1
| #define HAVE_STDINT_H 1
| #define HAVE_STRINGS_H 1
| #define HAVE_SYS_STAT_H 1
| #define HAVE_SYS_TYPES_H 1
| #define HAVE_UNISTD_H 1
| #define HAVE_WCHAR_H 1
| #define STDC_HEADERS 1
| #define _ALL_SOURCE 1
| #define _DARWIN_C_SOURCE 1
| #define _GNU_SOURCE 1
| #define _HPUX_ALT_XOPEN_SOCKET_API 1
| #define _NETBSD_SOURCE 1
| #define _OPENBSD_SOURCE 1
| #define _POSIX_PTHREAD_SEMANTICS 1
| #define __STDC_WANT_IEC_60559_ATTRIBS_EXT__ 1
| #define __STDC_WANT_IEC_60559_BFP_EXT__ 1
| #define __STDC_WANT_IEC_60559_DFP_EXT__ 1
| #define __STDC_WANT_IEC_60559_FUNCS_EXT__ 1
| #define __STDC_WANT_IEC_60559_TYPES_EXT__ 1
| #define __STDC_WANT_LIB_EXT2__ 1
| #define __STDC_WANT_MATH_SPEC_FUNCS__ 1
| #define _TANDEM_SOURCE 1
| #define __EXTENSIONS__ 1
| #define PACKAGE "util-linux"
| #define VERSION "2.40.2"
| #define HAVE_DLFCN_H 1
| #define LT_OBJDIR ".libs/"
| #define HAVE_STRUCT_TM_TM_ZONE 1
| #define HAVE_TM_ZONE 1
| #define HAVE_ICONV 1
| #define HAVE_LINUX_BLKPG_H 1
| #define HAVE_LINUX_MAJOR_H 1
| #define HAVE_ASM_GENERIC_FCNTL_H 1
| #define HAVE_ASM_FCNTL_H 1
| #define HAVE_BYTESWAP_H 1
| #define HAVE_ENDIAN_H 1
| #define HAVE_ERR_H 1
| #define HAVE_ERRNO_H 1
| #define HAVE_FCNTL_H 1
| #define HAVE_GETOPT_H 1
| #define HAVE_INTTYPES_H 1
| #define HAVE_LASTLOG_H 1
| #define HAVE_LINUX_BLKZONED_H 1
| #define HAVE_LINUX_BTRFS_H 1
| #define HAVE_LINUX_CAPABILITY_H 1
| #define HAVE_LINUX_CDROM_H 1
| #define HAVE_LINUX_FALLOC_H 1
| #define HAVE_LINUX_FD_H 1
| #define HAVE_LINUX_FIEMAP_H 1
| #define HAVE_LINUX_LANDLOCK_H 1
| #define HAVE_LINUX_KCMP_H 1
| #define HAVE_LINUX_NET_NAMESPACE_H 1
| #define HAVE_LINUX_NSFS_H 1
| #define HAVE_LINUX_PR_H 1
| #define HAVE_LINUX_SECUREBITS_H 1
| #define HAVE_LINUX_TIOCL_H 1
| #define HAVE_LINUX_VERSION_H 1
| #define HAVE_LINUX_WATCHDOG_H 1
| #define HAVE_LINUX_IF_ALG_H 1
| #define HAVE_LOCALE_H 1
| #define HAVE_MNTENT_H 1
| #define HAVE_NET_IF_H 1
| #define HAVE_NETINET_IN_H 1
| #define HAVE_PATHS_H 1
| #define HAVE_PTY_H 1
| #define HAVE_SECURITY_PAM_APPL_H 1
| #define HAVE_SECURITY_PAM_MODULES_H 1
| #define HAVE_SHADOW_H 1
| #define HAVE_STDINT_H 1
| #define HAVE_STDIO_EXT_H 1
| #define HAVE_STDLIB_H 1
| #define HAVE_SYS_FILE_H 1
| #define HAVE_SYS_IOCTL_H 1
| #define HAVE_SYS_IO_H 1
| #define HAVE_SYS_MOUNT_H 1
| #define HAVE_SYS_PARAM_H 1
| #define HAVE_SYS_PRCTL_H 1
| #define HAVE_SYS_RESOURCE_H 1
| #define HAVE_SYS_SENDFILE_H 1
| #define HAVE_SYS_SIGNALFD_H 1
| #define HAVE_SYS_SOCKET_H 1
| #define HAVE_SYS_STAT_H 1
| #define HAVE_SYS_STATFS_H 1
| #define HAVE_SYS_SWAP_H 1
| #define HAVE_SYS_SYSCALL_H 1
| #define HAVE_SYS_SYSMACROS_H 1
| #define HAVE_SYS_TIME_H 1
| #define HAVE_SYS_TIMEX_H 1
| #define HAVE_SYS_TTYDEFAULTS_H 1
| #define HAVE_SYS_TYPES_H 1
| #define HAVE_SYS_UN_H 1
| #define HAVE_SYS_VFS_H 1
| #define HAVE_SYS_XATTR_H 1
| #define HAVE_UNISTD_H 1
| #define HAVE_UTMP_H 1
| #define HAVE_UTMPX_H 1
| #define HAVE_LINUX_FS_H 1
| #define HAVE_LINUX_MOUNT_H 1
| #define HAVE_LINUX_GSMMUX_H 1
| #define HAVE_SECURITY_PAM_MISC_H 1
| #define HAVE_DECL_BLK_ZONE_REP_CAPACITY 1
| #define HAVE_DECL_PR_REP_CAPACITY 0
| #define HAVE_LANGINFO_H 1
| #define HAVE_TM_GMTOFF 1
| #define HAVE_STRUCT_MOUNT_ATTR 1
| #define HAVE_ENUM_FSCONFIG_COMMAND 1
| #define HAVE_STRUCT_TERMIOS_C_LINE 1
| #define HAVE_STRUCT_STAT_ST_MTIM_TV_NSEC 1
| /* end confdefs.h.  */
| #include <sys/stat.h>
| 
| int
| main (void)
| {
| if (sizeof ((struct statx)))
| 	    return 0;
|   ;
|   return 0;
| }
configure:26016: result: yes
configure:26026: checking for struct statx.stx_mnt_id
configure:26026: gcc -c -g -O2 -I/home/sonakrie/Work/testicular_linux/util-linux/../fs/usr/include conftest.c >&5
configure:26026: $? = 0
configure:26026: result: yes
configure:26037: checking whether _NL_TIME_WEEK_1STDAY is declared
configure:26037: gcc -c -g -O2  -I/home/sonakrie/Work/testicular_linux/util-linux/../fs/usr/include conftest.c >&5
conftest.c: In function 'main':
conftest.c:132:10: error: '_NL_TIME_WEEK_1STDAY' undeclared (first use in this function)
  132 |   (void) _NL_TIME_WEEK_1STDAY;
      |          ^~~~~~~~~~~~~~~~~~~~
conftest.c:132:10: note: each undeclared identifier is reported only once for each function it appears in
configure:26037: $? = 1
configure: failed program was:
| /* confdefs.h */
| #define PACKAGE_NAME "util-linux"
| #define PACKAGE_TARNAME "util-linux"
| #define PACKAGE_VERSION "2.40.2"
| #define PACKAGE_STRING "util-linux 2.40.2"
| #define PACKAGE_BUGREPORT "kzak@redhat.com"
| #define PACKAGE_URL "https://www.kernel.org/pub/linux/utils/util-linux/"
| #define HAVE_STDIO_H 1
| #define HAVE_STDLIB_H 1
| #define HAVE_STRING_H 1
| #define HAVE_INTTYPES_H 1
| #define HAVE_STDINT_H 1
| #define HAVE_STRINGS_H 1
| #define HAVE_SYS_STAT_H 1
| #define HAVE_SYS_TYPES_H 1
| #define HAVE_UNISTD_H 1
| #define HAVE_WCHAR_H 1
| #define STDC_HEADERS 1
| #define _ALL_SOURCE 1
| #define _DARWIN_C_SOURCE 1
| #define _GNU_SOURCE 1
| #define _HPUX_ALT_XOPEN_SOCKET_API 1
| #define _NETBSD_SOURCE 1
| #define _OPENBSD_SOURCE 1
| #define _POSIX_PTHREAD_SEMANTICS 1
| #define __STDC_WANT_IEC_60559_ATTRIBS_EXT__ 1
| #define __STDC_WANT_IEC_60559_BFP_EXT__ 1
| #define __STDC_WANT_IEC_60559_DFP_EXT__ 1
| #define __STDC_WANT_IEC_60559_FUNCS_EXT__ 1
| #define __STDC_WANT_IEC_60559_TYPES_EXT__ 1
| #define __STDC_WANT_LIB_EXT2__ 1
| #define __STDC_WANT_MATH_SPEC_FUNCS__ 1
| #define _TANDEM_SOURCE 1
| #define __EXTENSIONS__ 1
| #define PACKAGE "util-linux"
| #define VERSION "2.40.2"
| #define HAVE_DLFCN_H 1
| #define LT_OBJDIR ".libs/"
| #define HAVE_STRUCT_TM_TM_ZONE 1
| #define HAVE_TM_ZONE 1
| #define HAVE_ICONV 1
| #define HAVE_LINUX_BLKPG_H 1
| #define HAVE_LINUX_MAJOR_H 1
| #define HAVE_ASM_GENERIC_FCNTL_H 1
| #define HAVE_ASM_FCNTL_H 1
| #define HAVE_BYTESWAP_H 1
| #define HAVE_ENDIAN_H 1
| #define HAVE_ERR_H 1
| #define HAVE_ERRNO_H 1
| #define HAVE_FCNTL_H 1
| #define HAVE_GETOPT_H 1
| #define HAVE_INTTYPES_H 1
| #define HAVE_LASTLOG_H 1
| #define HAVE_LINUX_BLKZONED_H 1
| #define HAVE_LINUX_BTRFS_H 1
| #define HAVE_LINUX_CAPABILITY_H 1
| #define HAVE_LINUX_CDROM_H 1
| #define HAVE_LINUX_FALLOC_H 1
| #define HAVE_LINUX_FD_H 1
| #define HAVE_LINUX_FIEMAP_H 1
| #define HAVE_LINUX_LANDLOCK_H 1
| #define HAVE_LINUX_KCMP_H 1
| #define HAVE_LINUX_NET_NAMESPACE_H 1
| #define HAVE_LINUX_NSFS_H 1
| #define HAVE_LINUX_PR_H 1
| #define HAVE_LINUX_SECUREBITS_H 1
| #define HAVE_LINUX_TIOCL_H 1
| #define HAVE_LINUX_VERSION_H 1
| #define HAVE_LINUX_WATCHDOG_H 1
| #define HAVE_LINUX_IF_ALG_H 1
| #define HAVE_LOCALE_H 1
| #define HAVE_MNTENT_H 1
| #define HAVE_NET_IF_H 1
| #define HAVE_NETINET_IN_H 1
| #define HAVE_PATHS_H 1
| #define HAVE_PTY_H 1
| #define HAVE_SECURITY_PAM_APPL_H 1
| #define HAVE_SECURITY_PAM_MODULES_H 1
| #define HAVE_SHADOW_H 1
| #define HAVE_STDINT_H 1
| #define HAVE_STDIO_EXT_H 1
| #define HAVE_STDLIB_H 1
| #define HAVE_SYS_FILE_H 1
| #define HAVE_SYS_IOCTL_H 1
| #define HAVE_SYS_IO_H 1
| #define HAVE_SYS_MOUNT_H 1
| #define HAVE_SYS_PARAM_H 1
| #define HAVE_SYS_PRCTL_H 1
| #define HAVE_SYS_RESOURCE_H 1
| #define HAVE_SYS_SENDFILE_H 1
| #define HAVE_SYS_SIGNALFD_H 1
| #define HAVE_SYS_SOCKET_H 1
| #define HAVE_SYS_STAT_H 1
| #define HAVE_SYS_STATFS_H 1
| #define HAVE_SYS_SWAP_H 1
| #define HAVE_SYS_SYSCALL_H 1
| #define HAVE_SYS_SYSMACROS_H 1
| #define HAVE_SYS_TIME_H 1
| #define HAVE_SYS_TIMEX_H 1
| #define HAVE_SYS_TTYDEFAULTS_H 1
| #define HAVE_SYS_TYPES_H 1
| #define HAVE_SYS_UN_H 1
| #define HAVE_SYS_VFS_H 1
| #define HAVE_SYS_XATTR_H 1
| #define HAVE_UNISTD_H 1
| #define HAVE_UTMP_H 1
| #define HAVE_UTMPX_H 1
| #define HAVE_LINUX_FS_H 1
| #define HAVE_LINUX_MOUNT_H 1
| #define HAVE_LINUX_GSMMUX_H 1
| #define HAVE_SECURITY_PAM_MISC_H 1
| #define HAVE_DECL_BLK_ZONE_REP_CAPACITY 1
| #define HAVE_DECL_PR_REP_CAPACITY 0
| #define HAVE_LANGINFO_H 1
| #define HAVE_TM_GMTOFF 1
| #define HAVE_STRUCT_MOUNT_ATTR 1
| #define HAVE_ENUM_FSCONFIG_COMMAND 1
| #define HAVE_STRUCT_TERMIOS_C_LINE 1
| #define HAVE_STRUCT_STAT_ST_MTIM_TV_NSEC 1
| #define HAVE_STRUCT_STATX 1
| #define HAVE_STRUCT_STATX_STX_MNT_ID 1
| /* end confdefs.h.  */
| #include <langinfo.h>
| 
| int
| main (void)
| {
| #ifndef _NL_TIME_WEEK_1STDAY
| #ifdef __cplusplus
|   (void) _NL_TIME_WEEK_1STDAY;
| #else
|   (void) _NL_TIME_WEEK_1STDAY;
| #endif
| #endif
| 
|   ;
|   return 0;
| }
configure:26037: result: no
configure:26048: checking whether environ is declared
configure:26048: gcc -c -g -O2  -I/home/sonakrie/Work/testicular_linux/util-linux/../fs/usr/include conftest.c >&5
configure:26048: $? = 0
configure:26048: result: yes
configure:26056: checking whether strsignal is declared
configure:26056: gcc -c -g -O2  -I/home/sonakrie/Work/testicular_linux/util-linux/../fs/usr/include conftest.c >&5
configure:26056: $? = 0
configure:26056: result: yes
configure:26064: checking whether TIOCGLCKTRMIOS is declared
configure:26064: gcc -c -g -O2  -I/home/sonakrie/Work/testicular_linux/util-linux/../fs/usr/include conftest.c >&5
configure:26064: $? = 0
configure:26064: result: yes
configure:26072: checking whether SOCK_CLOEXEC is declared
configure:26072: gcc -c -g -O2  -I/home/sonakrie/Work/testicular_linux/util-linux/../fs/usr/include conftest.c >&5
configure:26072: $? = 0
configure:26072: result: yes
configure:26081: checking whether SOCK_NONBLOCK is declared
configure:26081: gcc -c -g -O2  -I/home/sonakrie/Work/testicular_linux/util-linux/../fs/usr/include conftest.c >&5
configure:26081: $? = 0
configure:26081: result: yes
configure:26090: checking whether SO_PASSCRED is declared
configure:26090: gcc -c -g -O2  -I/home/sonakrie/Work/testicular_linux/util-linux/../fs/usr/include conftest.c >&5
configure:26090: $? = 0
configure:26090: result: yes
configure:26100: checking for cachestat
configure:26100: gcc -o conftest -g -O2 -I/home/sonakrie/Work/testicular_linux/util-linux/../fs/usr/include -L/home/sonakrie/Work/testicular_linux/util-linux/../fs/usr/lib conftest.c  >&5
/usr/lib/gcc/x86_64-alpine-linux-musl/15.2.0/../../../../x86_64-alpine-linux-musl/bin/ld: /tmp/ccCAaCoJ.o: in function `main':
/home/sonakrie/Work/testicular_linux/util-linux/conftest.c:153:(.text.startup+0x5): undefined reference to `cachestat'
collect2: error: ld returned 1 exit status
configure:26100: $? = 1
configure: failed program was:
| /* confdefs.h */
| #define PACKAGE_NAME "util-linux"
| #define PACKAGE_TARNAME "util-linux"
| #define PACKAGE_VERSION "2.40.2"
| #define PACKAGE_STRING "util-linux 2.40.2"
| #define PACKAGE_BUGREPORT "kzak@redhat.com"
| #define PACKAGE_URL "https://www.kernel.org/pub/linux/utils/util-linux/"
| #define HAVE_STDIO_H 1
| #define HAVE_STDLIB_H 1
| #define HAVE_STRING_H 1
| #define HAVE_INTTYPES_H 1
| #define HAVE_STDINT_H 1
| #define HAVE_STRINGS_H 1
| #define HAVE_SYS_STAT_H 1
| #define HAVE_SYS_TYPES_H 1
| #define HAVE_UNISTD_H 1
| #define HAVE_WCHAR_H 1
| #define STDC_HEADERS 1
| #define _ALL_SOURCE 1
| #define _DARWIN_C_SOURCE 1
| #define _GNU_SOURCE 1
| #define _HPUX_ALT_XOPEN_SOCKET_API 1
| #define _NETBSD_SOURCE 1
| #define _OPENBSD_SOURCE 1
| #define _POSIX_PTHREAD_SEMANTICS 1
| #define __STDC_WANT_IEC_60559_ATTRIBS_EXT__ 1
| #define __STDC_WANT_IEC_60559_BFP_EXT__ 1
| #define __STDC_WANT_IEC_60559_DFP_EXT__ 1
| #define __STDC_WANT_IEC_60559_FUNCS_EXT__ 1
| #define __STDC_WANT_IEC_60559_TYPES_EXT__ 1
| #define __STDC_WANT_LIB_EXT2__ 1
| #define __STDC_WANT_MATH_SPEC_FUNCS__ 1
| #define _TANDEM_SOURCE 1
| #define __EXTENSIONS__ 1
| #define PACKAGE "util-linux"
| #define VERSION "2.40.2"
| #define HAVE_DLFCN_H 1
| #define LT_OBJDIR ".libs/"
| #define HAVE_STRUCT_TM_TM_ZONE 1
| #define HAVE_TM_ZONE 1
| #define HAVE_ICONV 1
| #define HAVE_LINUX_BLKPG_H 1
| #define HAVE_LINUX_MAJOR_H 1
| #define HAVE_ASM_GENERIC_FCNTL_H 1
| #define HAVE_ASM_FCNTL_H 1
| #define HAVE_BYTESWAP_H 1
| #define HAVE_ENDIAN_H 1
| #define HAVE_ERR_H 1
| #define HAVE_ERRNO_H 1
| #define HAVE_FCNTL_H 1
| #define HAVE_GETOPT_H 1
| #define HAVE_INTTYPES_H 1
| #define HAVE_LASTLOG_H 1
| #define HAVE_LINUX_BLKZONED_H 1
| #define HAVE_LINUX_BTRFS_H 1
| #define HAVE_LINUX_CAPABILITY_H 1
| #define HAVE_LINUX_CDROM_H 1
| #define HAVE_LINUX_FALLOC_H 1
| #define HAVE_LINUX_FD_H 1
| #define HAVE_LINUX_FIEMAP_H 1
| #define HAVE_LINUX_LANDLOCK_H 1
| #define HAVE_LINUX_KCMP_H 1
| #define HAVE_LINUX_NET_NAMESPACE_H 1
| #define HAVE_LINUX_NSFS_H 1
| #define HAVE_LINUX_PR_H 1
| #define HAVE_LINUX_SECUREBITS_H 1
| #define HAVE_LINUX_TIOCL_H 1
| #define HAVE_LINUX_VERSION_H 1
| #define HAVE_LINUX_WATCHDOG_H 1
| #define HAVE_LINUX_IF_ALG_H 1
| #define HAVE_LOCALE_H 1
| #define HAVE_MNTENT_H 1
| #define HAVE_NET_IF_H 1
| #define HAVE_NETINET_IN_H 1
| #define HAVE_PATHS_H 1
| #define HAVE_PTY_H 1
| #define HAVE_SECURITY_PAM_APPL_H 1
| #define HAVE_SECURITY_PAM_MODULES_H 1
| #define HAVE_SHADOW_H 1
| #define HAVE_STDINT_H 1
| #define HAVE_STDIO_EXT_H 1
| #define HAVE_STDLIB_H 1
| #define HAVE_SYS_FILE_H 1
| #define HAVE_SYS_IOCTL_H 1
| #define HAVE_SYS_IO_H 1
| #define HAVE_SYS_MOUNT_H 1
| #define HAVE_SYS_PARAM_H 1
| #define HAVE_SYS_PRCTL_H 1
| #define HAVE_SYS_RESOURCE_H 1
| #define HAVE_SYS_SENDFILE_H 1
| #define HAVE_SYS_SIGNALFD_H 1
| #define HAVE_SYS_SOCKET_H 1
| #define HAVE_SYS_STAT_H 1
| #define HAVE_SYS_STATFS_H 1
| #define HAVE_SYS_SWAP_H 1
| #define HAVE_SYS_SYSCALL_H 1
| #define HAVE_SYS_SYSMACROS_H 1
| #define HAVE_SYS_TIME_H 1
| #define HAVE_SYS_TIMEX_H 1
| #define HAVE_SYS_TTYDEFAULTS_H 1
| #define HAVE_SYS_TYPES_H 1
| #define HAVE_SYS_UN_H 1
| #define HAVE_SYS_VFS_H 1
| #define HAVE_SYS_XATTR_H 1
| #define HAVE_UNISTD_H 1
| #define HAVE_UTMP_H 1
| #define HAVE_UTMPX_H 1
| #define HAVE_LINUX_FS_H 1
| #define HAVE_LINUX_MOUNT_H 1
| #define HAVE_LINUX_GSMMUX_H 1
| #define HAVE_SECURITY_PAM_MISC_H 1
| #define HAVE_DECL_BLK_ZONE_REP_CAPACITY 1
| #define HAVE_DECL_PR_REP_CAPACITY 0
| #define HAVE_LANGINFO_H 1
| #define HAVE_TM_GMTOFF 1
| #define HAVE_STRUCT_MOUNT_ATTR 1
| #define HAVE_ENUM_FSCONFIG_COMMAND 1
| #define HAVE_STRUCT_TERMIOS_C_LINE 1
| #define HAVE_STRUCT_STAT_ST_MTIM_TV_NSEC 1
| #define HAVE_STRUCT_STATX 1
| #define HAVE_STRUCT_STATX_STX_MNT_ID 1
| #define HAVE_DECL__NL_TIME_WEEK_1STDAY 0
| #define HAVE_ENVIRON_DECL 1
| #define HAVE_STRSIGNAL_DECL 1
| /* end confdefs.h.  */
| /* Define cachestat to an innocuous variant, in case <limits.h> declares cachestat.
|    For example, HP-UX 11i <limits.h> declares gettimeofday.  */
| #define cachestat innocuous_cachestat
| 
| /* System header to define __stub macros and hopefully few prototypes,
|    which can conflict with char cachestat (); below.  */
| 
| #include <limits.h>
| #undef cachestat
| 
| /* Override any GCC internal prototype to avoid an error.
|    Use char because int might match the return type of a GCC
|    builtin and then its argument prototype would still apply.  */
| #ifdef __cplusplus
| extern "C"
| #endif
| char cachestat ();
| /* The GNU C library defines this for functions which it implements
|     to always fail with ENOSYS.  Some functions are actually named
|     something starting with __ and the normal name is an alias.  */
| #if defined __stub_cachestat || defined __stub___cachestat
| choke me
| #endif
| 
| int
| main (void)
| {
| return cachestat ();
|   ;
|   return 0;
| }
configure:26100: result: no
configure:26106: checking for clearenv
configure:26106: gcc -o conftest -g -O2 -I/home/sonakrie/Work/testicular_linux/util-linux/../fs/usr/include -L/home/sonakrie/Work/testicular_linux/util-linux/../fs/usr/lib conftest.c  >&5
configure:26106: $? = 0
configure:26106: result: yes
configure:26112: checking for close_range
configure:26112: gcc -o conftest -g -O2 -I/home/sonakrie/Work/testicular_linux/util-linux/../fs/usr/include -L/home/sonakrie/Work/testicular_linux/util-linux/../fs/usr/lib conftest.c  >&5
/usr/lib/gcc/x86_64-alpine-linux-musl/15.2.0/../../../../x86_64-alpine-linux-musl/bin/ld: /tmp/ccNlkfEM.o: in function `main':
/home/sonakrie/Work/testicular_linux/util-linux/conftest.c:154:(.text.startup+0x5): undefined reference to `close_range'
collect2: error: ld returned 1 exit status
configure:26112: $? = 1
configure: failed program was:
| /* confdefs.h */
| #define PACKAGE_NAME "util-linux"
| #define PACKAGE_TARNAME "util-linux"
| #define PACKAGE_VERSION "2.40.2"
| #define PACKAGE_STRING "util-linux 2.40.2"
| #define PACKAGE_BUGREPORT "kzak@redhat.com"
| #define PACKAGE_URL "https://www.kernel.org/pub/linux/utils/util-linux/"
| #define HAVE_STDIO_H 1
| #define HAVE_STDLIB_H 1
| #define HAVE_STRING_H 1
| #define HAVE_INTTYPES_H 1
| #define HAVE_STDINT_H 1
| #define HAVE_STRINGS_H 1
| #define HAVE_SYS_STAT_H 1
| #define HAVE_SYS_TYPES_H 1
| #define HAVE_UNISTD_H 1
| #define HAVE_WCHAR_H 1
| #define STDC_HEADERS 1
| #define _ALL_SOURCE 1
| #define _DARWIN_C_SOURCE 1
| #define _GNU_SOURCE 1
| #define _HPUX_ALT_XOPEN_SOCKET_API 1
| #define _NETBSD_SOURCE 1
| #define _OPENBSD_SOURCE 1
| #define _POSIX_PTHREAD_SEMANTICS 1
| #define __STDC_WANT_IEC_60559_ATTRIBS_EXT__ 1
| #define __STDC_WANT_IEC_60559_BFP_EXT__ 1
| #define __STDC_WANT_IEC_60559_DFP_EXT__ 1
| #define __STDC_WANT_IEC_60559_FUNCS_EXT__ 1
| #define __STDC_WANT_IEC_60559_TYPES_EXT__ 1
| #define __STDC_WANT_LIB_EXT2__ 1
| #define __STDC_WANT_MATH_SPEC_FUNCS__ 1
| #define _TANDEM_SOURCE 1
| #define __EXTENSIONS__ 1
| #define PACKAGE "util-linux"
| #define VERSION "2.40.2"
| #define HAVE_DLFCN_H 1
| #define LT_OBJDIR ".libs/"
| #define HAVE_STRUCT_TM_TM_ZONE 1
| #define HAVE_TM_ZONE 1
| #define HAVE_ICONV 1
| #define HAVE_LINUX_BLKPG_H 1
| #define HAVE_LINUX_MAJOR_H 1
| #define HAVE_ASM_GENERIC_FCNTL_H 1
| #define HAVE_ASM_FCNTL_H 1
| #define HAVE_BYTESWAP_H 1
| #define HAVE_ENDIAN_H 1
| #define HAVE_ERR_H 1
| #define HAVE_ERRNO_H 1
| #define HAVE_FCNTL_H 1
| #define HAVE_GETOPT_H 1
| #define HAVE_INTTYPES_H 1
| #define HAVE_LASTLOG_H 1
| #define HAVE_LINUX_BLKZONED_H 1
| #define HAVE_LINUX_BTRFS_H 1
| #define HAVE_LINUX_CAPABILITY_H 1
| #define HAVE_LINUX_CDROM_H 1
| #define HAVE_LINUX_FALLOC_H 1
| #define HAVE_LINUX_FD_H 1
| #define HAVE_LINUX_FIEMAP_H 1
| #define HAVE_LINUX_LANDLOCK_H 1
| #define HAVE_LINUX_KCMP_H 1
| #define HAVE_LINUX_NET_NAMESPACE_H 1
| #define HAVE_LINUX_NSFS_H 1
| #define HAVE_LINUX_PR_H 1
| #define HAVE_LINUX_SECUREBITS_H 1
| #define HAVE_LINUX_TIOCL_H 1
| #define HAVE_LINUX_VERSION_H 1
| #define HAVE_LINUX_WATCHDOG_H 1
| #define HAVE_LINUX_IF_ALG_H 1
| #define HAVE_LOCALE_H 1
| #define HAVE_MNTENT_H 1
| #define HAVE_NET_IF_H 1
| #define HAVE_NETINET_IN_H 1
| #define HAVE_PATHS_H 1
| #define HAVE_PTY_H 1
| #define HAVE_SECURITY_PAM_APPL_H 1
| #define HAVE_SECURITY_PAM_MODULES_H 1
| #define HAVE_SHADOW_H 1
| #define HAVE_STDINT_H 1
| #define HAVE_STDIO_EXT_H 1
| #define HAVE_STDLIB_H 1
| #define HAVE_SYS_FILE_H 1
| #define HAVE_SYS_IOCTL_H 1
| #define HAVE_SYS_IO_H 1
| #define HAVE_SYS_MOUNT_H 1
| #define HAVE_SYS_PARAM_H 1
| #define HAVE_SYS_PRCTL_H 1
| #define HAVE_SYS_RESOURCE_H 1
| #define HAVE_SYS_SENDFILE_H 1
| #define HAVE_SYS_SIGNALFD_H 1
| #define HAVE_SYS_SOCKET_H 1
| #define HAVE_SYS_STAT_H 1
| #define HAVE_SYS_STATFS_H 1
| #define HAVE_SYS_SWAP_H 1
| #define HAVE_SYS_SYSCALL_H 1
| #define HAVE_SYS_SYSMACROS_H 1
| #define HAVE_SYS_TIME_H 1
| #define HAVE_SYS_TIMEX_H 1
| #define HAVE_SYS_TTYDEFAULTS_H 1
| #define HAVE_SYS_TYPES_H 1
| #define HAVE_SYS_UN_H 1
| #define HAVE_SYS_VFS_H 1
| #define HAVE_SYS_XATTR_H 1
| #define HAVE_UNISTD_H 1
| #define HAVE_UTMP_H 1
| #define HAVE_UTMPX_H 1
| #define HAVE_LINUX_FS_H 1
| #define HAVE_LINUX_MOUNT_H 1
| #define HAVE_LINUX_GSMMUX_H 1
| #define HAVE_SECURITY_PAM_MISC_H 1
| #define HAVE_DECL_BLK_ZONE_REP_CAPACITY 1
| #define HAVE_DECL_PR_REP_CAPACITY 0
| #define HAVE_LANGINFO_H 1
| #define HAVE_TM_GMTOFF 1
| #define HAVE_STRUCT_MOUNT_ATTR 1
| #define HAVE_ENUM_FSCONFIG_COMMAND 1
| #define HAVE_STRUCT_TERMIOS_C_LINE 1
| #define HAVE_STRUCT_STAT_ST_MTIM_TV_NSEC 1
| #define HAVE_STRUCT_STATX 1
| #define HAVE_STRUCT_STATX_STX_MNT_ID 1
| #define HAVE_DECL__NL_TIME_WEEK_1STDAY 0
| #define HAVE_ENVIRON_DECL 1
| #define HAVE_STRSIGNAL_DECL 1
| #define HAVE_CLEARENV 1
| /* end confdefs.h.  */
| /* Define close_range to an innocuous variant, in case <limits.h> declares close_range.
|    For example, HP-UX 11i <limits.h> declares gettimeofday.  */
| #define close_range innocuous_close_range
| 
| /* System header to define __stub macros and hopefully few prototypes,
|    which can conflict with char close_range (); below.  */
| 
| #include <limits.h>
| #undef close_range
| 
| /* Override any GCC internal prototype to avoid an error.
|    Use char because int might match the return type of a GCC
|    builtin and then its argument prototype would still apply.  */
| #ifdef __cplusplus
| extern "C"
| #endif
| char close_range ();
| /* The GNU C library defines this for functions which it implements
|     to always fail with ENOSYS.  Some functions are actually named
|     something starting with __ and the normal name is an alias.  */
| #if defined __stub_close_range || defined __stub___close_range
| choke me
| #endif
| 
| int
| main (void)
| {
| return close_range ();
|   ;
|   return 0;
| }
configure:26112: result: no
configure:26118: checking for eaccess
configure:26118: gcc -o conftest -g -O2 -I/home/sonakrie/Work/testicular_linux/util-linux/../fs/usr/include -L/home/sonakrie/Work/testicular_linux/util-linux/../fs/usr/lib conftest.c  >&5
configure:26118: $? = 0
configure:26118: result: yes
configure:26124: checking for err
configure:26124: gcc -o conftest -g -O2 -I/home/sonakrie/Work/testicular_linux/util-linux/../fs/usr/include -L/home/sonakrie/Work/testicular_linux/util-linux/../fs/usr/lib conftest.c  >&5
configure:26124: $? = 0
configure:26124: result: yes
configure:26130: checking for errx
configure:26130: gcc -o conftest -g -O2 -I/home/sonakrie/Work/testicular_linux/util-linux/../fs/usr/include -L/home/sonakrie/Work/testicular_linux/util-linux/../fs/usr/lib conftest.c  >&5
configure:26130: $? = 0
configure:26130: result: yes
configure:26136: checking for explicit_bzero
configure:26136: gcc -o conftest -g -O2 -I/home/sonakrie/Work/testicular_linux/util-linux/../fs/usr/include -L/home/sonakrie/Work/testicular_linux/util-linux/../fs/usr/lib conftest.c  >&5
configure:26136: $? = 0
configure:26136: result: yes
configure:26142: checking for __fpending
configure:26142: gcc -o conftest -g -O2 -I/home/sonakrie/Work/testicular_linux/util-linux/../fs/usr/include -L/home/sonakrie/Work/testicular_linux/util-linux/../fs/usr/lib conftest.c  >&5
configure:26142: $? = 0
configure:26142: result: yes
configure:26148: checking for __fpurge
configure:26148: gcc -o conftest -g -O2 -I/home/sonakrie/Work/testicular_linux/util-linux/../fs/usr/include -L/home/sonakrie/Work/testicular_linux/util-linux/../fs/usr/lib conftest.c  >&5
configure:26148: $? = 0
configure:26148: result: yes
configure:26154: checking for fpurge
configure:26154: gcc -o conftest -g -O2 -I/home/sonakrie/Work/testicular_linux/util-linux/../fs/usr/include -L/home/sonakrie/Work/testicular_linux/util-linux/../fs/usr/lib conftest.c  >&5
configure:26154: $? = 0
configure:26154: result: yes
configure:26160: checking for fnmatch
configure:26160: gcc -o conftest -g -O2 -I/home/sonakrie/Work/testicular_linux/util-linux/../fs/usr/include -L/home/sonakrie/Work/testicular_linux/util-linux/../fs/usr/lib conftest.c  >&5
configure:26160: $? = 0
configure:26160: result: yes
configure:26166: checking for fsconfig
configure:26166: gcc -o conftest -g -O2 -I/home/sonakrie/Work/testicular_linux/util-linux/../fs/usr/include -L/home/sonakrie/Work/testicular_linux/util-linux/../fs/usr/lib conftest.c  >&5
/usr/lib/gcc/x86_64-alpine-linux-musl/15.2.0/../../../../x86_64-alpine-linux-musl/bin/ld: /tmp/cckjmoif.o: in function `main':
/home/sonakrie/Work/testicular_linux/util-linux/conftest.c:162:(.text.startup+0x5): undefined reference to `fsconfig'
collect2: error: ld returned 1 exit status
configure:26166: $? = 1
configure: failed program was:
| /* confdefs.h */
| #define PACKAGE_NAME "util-linux"
| #define PACKAGE_TARNAME "util-linux"
| #define PACKAGE_VERSION "2.40.2"
| #define PACKAGE_STRING "util-linux 2.40.2"
| #define PACKAGE_BUGREPORT "kzak@redhat.com"
| #define PACKAGE_URL "https://www.kernel.org/pub/linux/utils/util-linux/"
| #define HAVE_STDIO_H 1
| #define HAVE_STDLIB_H 1
| #define HAVE_STRING_H 1
| #define HAVE_INTTYPES_H 1
| #define HAVE_STDINT_H 1
| #define HAVE_STRINGS_H 1
| #define HAVE_SYS_STAT_H 1
| #define HAVE_SYS_TYPES_H 1
| #define HAVE_UNISTD_H 1
| #define HAVE_WCHAR_H 1
| #define STDC_HEADERS 1
| #define _ALL_SOURCE 1
| #define _DARWIN_C_SOURCE 1
| #define _GNU_SOURCE 1
| #define _HPUX_ALT_XOPEN_SOCKET_API 1
| #define _NETBSD_SOURCE 1
| #define _OPENBSD_SOURCE 1
| #define _POSIX_PTHREAD_SEMANTICS 1
| #define __STDC_WANT_IEC_60559_ATTRIBS_EXT__ 1
| #define __STDC_WANT_IEC_60559_BFP_EXT__ 1
| #define __STDC_WANT_IEC_60559_DFP_EXT__ 1
| #define __STDC_WANT_IEC_60559_FUNCS_EXT__ 1
| #define __STDC_WANT_IEC_60559_TYPES_EXT__ 1
| #define __STDC_WANT_LIB_EXT2__ 1
| #define __STDC_WANT_MATH_SPEC_FUNCS__ 1
| #define _TANDEM_SOURCE 1
| #define __EXTENSIONS__ 1
| #define PACKAGE "util-linux"
| #define VERSION "2.40.2"
| #define HAVE_DLFCN_H 1
| #define LT_OBJDIR ".libs/"
| #define HAVE_STRUCT_TM_TM_ZONE 1
| #define HAVE_TM_ZONE 1
| #define HAVE_ICONV 1
| #define HAVE_LINUX_BLKPG_H 1
| #define HAVE_LINUX_MAJOR_H 1
| #define HAVE_ASM_GENERIC_FCNTL_H 1
| #define HAVE_ASM_FCNTL_H 1
| #define HAVE_BYTESWAP_H 1
| #define HAVE_ENDIAN_H 1
| #define HAVE_ERR_H 1
| #define HAVE_ERRNO_H 1
| #define HAVE_FCNTL_H 1
| #define HAVE_GETOPT_H 1
| #define HAVE_INTTYPES_H 1
| #define HAVE_LASTLOG_H 1
| #define HAVE_LINUX_BLKZONED_H 1
| #define HAVE_LINUX_BTRFS_H 1
| #define HAVE_LINUX_CAPABILITY_H 1
| #define HAVE_LINUX_CDROM_H 1
| #define HAVE_LINUX_FALLOC_H 1
| #define HAVE_LINUX_FD_H 1
| #define HAVE_LINUX_FIEMAP_H 1
| #define HAVE_LINUX_LANDLOCK_H 1
| #define HAVE_LINUX_KCMP_H 1
| #define HAVE_LINUX_NET_NAMESPACE_H 1
| #define HAVE_LINUX_NSFS_H 1
| #define HAVE_LINUX_PR_H 1
| #define HAVE_LINUX_SECUREBITS_H 1
| #define HAVE_LINUX_TIOCL_H 1
| #define HAVE_LINUX_VERSION_H 1
| #define HAVE_LINUX_WATCHDOG_H 1
| #define HAVE_LINUX_IF_ALG_H 1
| #define HAVE_LOCALE_H 1
| #define HAVE_MNTENT_H 1
| #define HAVE_NET_IF_H 1
| #define HAVE_NETINET_IN_H 1
| #define HAVE_PATHS_H 1
| #define HAVE_PTY_H 1
| #define HAVE_SECURITY_PAM_APPL_H 1
| #define HAVE_SECURITY_PAM_MODULES_H 1
| #define HAVE_SHADOW_H 1
| #define HAVE_STDINT_H 1
| #define HAVE_STDIO_EXT_H 1
| #define HAVE_STDLIB_H 1
| #define HAVE_SYS_FILE_H 1
| #define HAVE_SYS_IOCTL_H 1
| #define HAVE_SYS_IO_H 1
| #define HAVE_SYS_MOUNT_H 1
| #define HAVE_SYS_PARAM_H 1
| #define HAVE_SYS_PRCTL_H 1
| #define HAVE_SYS_RESOURCE_H 1
| #define HAVE_SYS_SENDFILE_H 1
| #define HAVE_SYS_SIGNALFD_H 1
| #define HAVE_SYS_SOCKET_H 1
| #define HAVE_SYS_STAT_H 1
| #define HAVE_SYS_STATFS_H 1
| #define HAVE_SYS_SWAP_H 1
| #define HAVE_SYS_SYSCALL_H 1
| #define HAVE_SYS_SYSMACROS_H 1
| #define HAVE_SYS_TIME_H 1
| #define HAVE_SYS_TIMEX_H 1
| #define HAVE_SYS_TTYDEFAULTS_H 1
| #define HAVE_SYS_TYPES_H 1
| #define HAVE_SYS_UN_H 1
| #define HAVE_SYS_VFS_H 1
| #define HAVE_SYS_XATTR_H 1
| #define HAVE_UNISTD_H 1
| #define HAVE_UTMP_H 1
| #define HAVE_UTMPX_H 1
| #define HAVE_LINUX_FS_H 1
| #define HAVE_LINUX_MOUNT_H 1
| #define HAVE_LINUX_GSMMUX_H 1
| #define HAVE_SECURITY_PAM_MISC_H 1
| #define HAVE_DECL_BLK_ZONE_REP_CAPACITY 1
| #define HAVE_DECL_PR_REP_CAPACITY 0
| #define HAVE_LANGINFO_H 1
| #define HAVE_TM_GMTOFF 1
| #define HAVE_STRUCT_MOUNT_ATTR 1
| #define HAVE_ENUM_FSCONFIG_COMMAND 1
| #define HAVE_STRUCT_TERMIOS_C_LINE 1
| #define HAVE_STRUCT_STAT_ST_MTIM_TV_NSEC 1
| #define HAVE_STRUCT_STATX 1
| #define HAVE_STRUCT_STATX_STX_MNT_ID 1
| #define HAVE_DECL__NL_TIME_WEEK_1STDAY 0
| #define HAVE_ENVIRON_DECL 1
| #define HAVE_STRSIGNAL_DECL 1
| #define HAVE_CLEARENV 1
| #define HAVE_EACCESS 1
| #define HAVE_ERR 1
| #define HAVE_ERRX 1
| #define HAVE_EXPLICIT_BZERO 1
| #define HAVE___FPENDING 1
| #define HAVE___FPURGE 1
| #define HAVE_FPURGE 1
| #define HAVE_FNMATCH 1
| /* end confdefs.h.  */
| /* Define fsconfig to an innocuous variant, in case <limits.h> declares fsconfig.
|    For example, HP-UX 11i <limits.h> declares gettimeofday.  */
| #define fsconfig innocuous_fsconfig
| 
| /* System header to define __stub macros and hopefully few prototypes,
|    which can conflict with char fsconfig (); below.  */
| 
| #include <limits.h>
| #undef fsconfig
| 
| /* Override any GCC internal prototype to avoid an error.
|    Use char because int might match the return type of a GCC
|    builtin and then its argument prototype would still apply.  */
| #ifdef __cplusplus
| extern "C"
| #endif
| char fsconfig ();
| /* The GNU C library defines this for functions which it implements
|     to always fail with ENOSYS.  Some functions are actually named
|     something starting with __ and the normal name is an alias.  */
| #if defined __stub_fsconfig || defined __stub___fsconfig
| choke me
| #endif
| 
| int
| main (void)
| {
| return fsconfig ();
|   ;
|   return 0;
| }
configure:26166: result: no
configure:26172: checking for fsmount
configure:26172: gcc -o conftest -g -O2 -I/home/sonakrie/Work/testicular_linux/util-linux/../fs/usr/include -L/home/sonakrie/Work/testicular_linux/util-linux/../fs/usr/lib conftest.c  >&5
/usr/lib/gcc/x86_64-alpine-linux-musl/15.2.0/../../../../x86_64-alpine-linux-musl/bin/ld: /tmp/ccADelng.o: in function `main':
/home/sonakrie/Work/testicular_linux/util-linux/conftest.c:162:(.text.startup+0x5): undefined reference to `fsmount'
collect2: error: ld returned 1 exit status
configure:26172: $? = 1
configure: failed program was:
| /* confdefs.h */
| #define PACKAGE_NAME "util-linux"
| #define PACKAGE_TARNAME "util-linux"
| #define PACKAGE_VERSION "2.40.2"
| #define PACKAGE_STRING "util-linux 2.40.2"
| #define PACKAGE_BUGREPORT "kzak@redhat.com"
| #define PACKAGE_URL "https://www.kernel.org/pub/linux/utils/util-linux/"
| #define HAVE_STDIO_H 1
| #define HAVE_STDLIB_H 1
| #define HAVE_STRING_H 1
| #define HAVE_INTTYPES_H 1
| #define HAVE_STDINT_H 1
| #define HAVE_STRINGS_H 1
| #define HAVE_SYS_STAT_H 1
| #define HAVE_SYS_TYPES_H 1
| #define HAVE_UNISTD_H 1
| #define HAVE_WCHAR_H 1
| #define STDC_HEADERS 1
| #define _ALL_SOURCE 1
| #define _DARWIN_C_SOURCE 1
| #define _GNU_SOURCE 1
| #define _HPUX_ALT_XOPEN_SOCKET_API 1
| #define _NETBSD_SOURCE 1
| #define _OPENBSD_SOURCE 1
| #define _POSIX_PTHREAD_SEMANTICS 1
| #define __STDC_WANT_IEC_60559_ATTRIBS_EXT__ 1
| #define __STDC_WANT_IEC_60559_BFP_EXT__ 1
| #define __STDC_WANT_IEC_60559_DFP_EXT__ 1
| #define __STDC_WANT_IEC_60559_FUNCS_EXT__ 1
| #define __STDC_WANT_IEC_60559_TYPES_EXT__ 1
| #define __STDC_WANT_LIB_EXT2__ 1
| #define __STDC_WANT_MATH_SPEC_FUNCS__ 1
| #define _TANDEM_SOURCE 1
| #define __EXTENSIONS__ 1
| #define PACKAGE "util-linux"
| #define VERSION "2.40.2"
| #define HAVE_DLFCN_H 1
| #define LT_OBJDIR ".libs/"
| #define HAVE_STRUCT_TM_TM_ZONE 1
| #define HAVE_TM_ZONE 1
| #define HAVE_ICONV 1
| #define HAVE_LINUX_BLKPG_H 1
| #define HAVE_LINUX_MAJOR_H 1
| #define HAVE_ASM_GENERIC_FCNTL_H 1
| #define HAVE_ASM_FCNTL_H 1
| #define HAVE_BYTESWAP_H 1
| #define HAVE_ENDIAN_H 1
| #define HAVE_ERR_H 1
| #define HAVE_ERRNO_H 1
| #define HAVE_FCNTL_H 1
| #define HAVE_GETOPT_H 1
| #define HAVE_INTTYPES_H 1
| #define HAVE_LASTLOG_H 1
| #define HAVE_LINUX_BLKZONED_H 1
| #define HAVE_LINUX_BTRFS_H 1
| #define HAVE_LINUX_CAPABILITY_H 1
| #define HAVE_LINUX_CDROM_H 1
| #define HAVE_LINUX_FALLOC_H 1
| #define HAVE_LINUX_FD_H 1
| #define HAVE_LINUX_FIEMAP_H 1
| #define HAVE_LINUX_LANDLOCK_H 1
| #define HAVE_LINUX_KCMP_H 1
| #define HAVE_LINUX_NET_NAMESPACE_H 1
| #define HAVE_LINUX_NSFS_H 1
| #define HAVE_LINUX_PR_H 1
| #define HAVE_LINUX_SECUREBITS_H 1
| #define HAVE_LINUX_TIOCL_H 1
| #define HAVE_LINUX_VERSION_H 1
| #define HAVE_LINUX_WATCHDOG_H 1
| #define HAVE_LINUX_IF_ALG_H 1
| #define HAVE_LOCALE_H 1
| #define HAVE_MNTENT_H 1
| #define HAVE_NET_IF_H 1
| #define HAVE_NETINET_IN_H 1
| #define HAVE_PATHS_H 1
| #define HAVE_PTY_H 1
| #define HAVE_SECURITY_PAM_APPL_H 1
| #define HAVE_SECURITY_PAM_MODULES_H 1
| #define HAVE_SHADOW_H 1
| #define HAVE_STDINT_H 1
| #define HAVE_STDIO_EXT_H 1
| #define HAVE_STDLIB_H 1
| #define HAVE_SYS_FILE_H 1
| #define HAVE_SYS_IOCTL_H 1
| #define HAVE_SYS_IO_H 1
| #define HAVE_SYS_MOUNT_H 1
| #define HAVE_SYS_PARAM_H 1
| #define HAVE_SYS_PRCTL_H 1
| #define HAVE_SYS_RESOURCE_H 1
| #define HAVE_SYS_SENDFILE_H 1
| #define HAVE_SYS_SIGNALFD_H 1
| #define HAVE_SYS_SOCKET_H 1
| #define HAVE_SYS_STAT_H 1
| #define HAVE_SYS_STATFS_H 1
| #define HAVE_SYS_SWAP_H 1
| #define HAVE_SYS_SYSCALL_H 1
| #define HAVE_SYS_SYSMACROS_H 1
| #define HAVE_SYS_TIME_H 1
| #define HAVE_SYS_TIMEX_H 1
| #define HAVE_SYS_TTYDEFAULTS_H 1
| #define HAVE_SYS_TYPES_H 1
| #define HAVE_SYS_UN_H 1
| #define HAVE_SYS_VFS_H 1
| #define HAVE_SYS_XATTR_H 1
| #define HAVE_UNISTD_H 1
| #define HAVE_UTMP_H 1
| #define HAVE_UTMPX_H 1
| #define HAVE_LINUX_FS_H 1
| #define HAVE_LINUX_MOUNT_H 1
| #define HAVE_LINUX_GSMMUX_H 1
| #define HAVE_SECURITY_PAM_MISC_H 1
| #define HAVE_DECL_BLK_ZONE_REP_CAPACITY 1
| #define HAVE_DECL_PR_REP_CAPACITY 0
| #define HAVE_LANGINFO_H 1
| #define HAVE_TM_GMTOFF 1
| #define HAVE_STRUCT_MOUNT_ATTR 1
| #define HAVE_ENUM_FSCONFIG_COMMAND 1
| #define HAVE_STRUCT_TERMIOS_C_LINE 1
| #define HAVE_STRUCT_STAT_ST_MTIM_TV_NSEC 1
| #define HAVE_STRUCT_STATX 1
| #define HAVE_STRUCT_STATX_STX_MNT_ID 1
| #define HAVE_DECL__NL_TIME_WEEK_1STDAY 0
| #define HAVE_ENVIRON_DECL 1
| #define HAVE_STRSIGNAL_DECL 1
| #define HAVE_CLEARENV 1
| #define HAVE_EACCESS 1
| #define HAVE_ERR 1
| #define HAVE_ERRX 1
| #define HAVE_EXPLICIT_BZERO 1
| #define HAVE___FPENDING 1
| #define HAVE___FPURGE 1
| #define HAVE_FPURGE 1
| #define HAVE_FNMATCH 1
| /* end confdefs.h.  */
| /* Define fsmount to an innocuous variant, in case <limits.h> declares fsmount.
|    For example, HP-UX 11i <limits.h> declares gettimeofday.  */
| #define fsmount innocuous_fsmount
| 
| /* System header to define __stub macros and hopefully few prototypes,
|    which can conflict with char fsmount (); below.  */
| 
| #include <limits.h>
| #undef fsmount
| 
| /* Override any GCC internal prototype to avoid an error.
|    Use char because int might match the return type of a GCC
|    builtin and then its argument prototype would still apply.  */
| #ifdef __cplusplus
| extern "C"
| #endif
| char fsmount ();
| /* The GNU C library defines this for functions which it implements
|     to always fail with ENOSYS.  Some functions are actually named
|     something starting with __ and the normal name is an alias.  */
| #if defined __stub_fsmount || defined __stub___fsmount
| choke me
| #endif
| 
| int
| main (void)
| {
| return fsmount ();
|   ;
|   return 0;
| }
configure:26172: result: no
configure:26178: checking for fsopen
configure:26178: gcc -o conftest -g -O2 -I/home/sonakrie/Work/testicular_linux/util-linux/../fs/usr/include -L/home/sonakrie/Work/testicular_linux/util-linux/../fs/usr/lib conftest.c  >&5
/usr/lib/gcc/x86_64-alpine-linux-musl/15.2.0/../../../../x86_64-alpine-linux-musl/bin/ld: /tmp/ccbFjeCi.o: in function `main':
/home/sonakrie/Work/testicular_linux/util-linux/conftest.c:162:(.text.startup+0x5): undefined reference to `fsopen'
collect2: error: ld returned 1 exit status
configure:26178: $? = 1
configure: failed program was:
| /* confdefs.h */
| #define PACKAGE_NAME "util-linux"
| #define PACKAGE_TARNAME "util-linux"
| #define PACKAGE_VERSION "2.40.2"
| #define PACKAGE_STRING "util-linux 2.40.2"
| #define PACKAGE_BUGREPORT "kzak@redhat.com"
| #define PACKAGE_URL "https://www.kernel.org/pub/linux/utils/util-linux/"
| #define HAVE_STDIO_H 1
| #define HAVE_STDLIB_H 1
| #define HAVE_STRING_H 1
| #define HAVE_INTTYPES_H 1
| #define HAVE_STDINT_H 1
| #define HAVE_STRINGS_H 1
| #define HAVE_SYS_STAT_H 1
| #define HAVE_SYS_TYPES_H 1
| #define HAVE_UNISTD_H 1
| #define HAVE_WCHAR_H 1
| #define STDC_HEADERS 1
| #define _ALL_SOURCE 1
| #define _DARWIN_C_SOURCE 1
| #define _GNU_SOURCE 1
| #define _HPUX_ALT_XOPEN_SOCKET_API 1
| #define _NETBSD_SOURCE 1
| #define _OPENBSD_SOURCE 1
| #define _POSIX_PTHREAD_SEMANTICS 1
| #define __STDC_WANT_IEC_60559_ATTRIBS_EXT__ 1
| #define __STDC_WANT_IEC_60559_BFP_EXT__ 1
| #define __STDC_WANT_IEC_60559_DFP_EXT__ 1
| #define __STDC_WANT_IEC_60559_FUNCS_EXT__ 1
| #define __STDC_WANT_IEC_60559_TYPES_EXT__ 1
| #define __STDC_WANT_LIB_EXT2__ 1
| #define __STDC_WANT_MATH_SPEC_FUNCS__ 1
| #define _TANDEM_SOURCE 1
| #define __EXTENSIONS__ 1
| #define PACKAGE "util-linux"
| #define VERSION "2.40.2"
| #define HAVE_DLFCN_H 1
| #define LT_OBJDIR ".libs/"
| #define HAVE_STRUCT_TM_TM_ZONE 1
| #define HAVE_TM_ZONE 1
| #define HAVE_ICONV 1
| #define HAVE_LINUX_BLKPG_H 1
| #define HAVE_LINUX_MAJOR_H 1
| #define HAVE_ASM_GENERIC_FCNTL_H 1
| #define HAVE_ASM_FCNTL_H 1
| #define HAVE_BYTESWAP_H 1
| #define HAVE_ENDIAN_H 1
| #define HAVE_ERR_H 1
| #define HAVE_ERRNO_H 1
| #define HAVE_FCNTL_H 1
| #define HAVE_GETOPT_H 1
| #define HAVE_INTTYPES_H 1
| #define HAVE_LASTLOG_H 1
| #define HAVE_LINUX_BLKZONED_H 1
| #define HAVE_LINUX_BTRFS_H 1
| #define HAVE_LINUX_CAPABILITY_H 1
| #define HAVE_LINUX_CDROM_H 1
| #define HAVE_LINUX_FALLOC_H 1
| #define HAVE_LINUX_FD_H 1
| #define HAVE_LINUX_FIEMAP_H 1
| #define HAVE_LINUX_LANDLOCK_H 1
| #define HAVE_LINUX_KCMP_H 1
| #define HAVE_LINUX_NET_NAMESPACE_H 1
| #define HAVE_LINUX_NSFS_H 1
| #define HAVE_LINUX_PR_H 1
| #define HAVE_LINUX_SECUREBITS_H 1
| #define HAVE_LINUX_TIOCL_H 1
| #define HAVE_LINUX_VERSION_H 1
| #define HAVE_LINUX_WATCHDOG_H 1
| #define HAVE_LINUX_IF_ALG_H 1
| #define HAVE_LOCALE_H 1
| #define HAVE_MNTENT_H 1
| #define HAVE_NET_IF_H 1
| #define HAVE_NETINET_IN_H 1
| #define HAVE_PATHS_H 1
| #define HAVE_PTY_H 1
| #define HAVE_SECURITY_PAM_APPL_H 1
| #define HAVE_SECURITY_PAM_MODULES_H 1
| #define HAVE_SHADOW_H 1
| #define HAVE_STDINT_H 1
| #define HAVE_STDIO_EXT_H 1
| #define HAVE_STDLIB_H 1
| #define HAVE_SYS_FILE_H 1
| #define HAVE_SYS_IOCTL_H 1
| #define HAVE_SYS_IO_H 1
| #define HAVE_SYS_MOUNT_H 1
| #define HAVE_SYS_PARAM_H 1
| #define HAVE_SYS_PRCTL_H 1
| #define HAVE_SYS_RESOURCE_H 1
| #define HAVE_SYS_SENDFILE_H 1
| #define HAVE_SYS_SIGNALFD_H 1
| #define HAVE_SYS_SOCKET_H 1
| #define HAVE_SYS_STAT_H 1
| #define HAVE_SYS_STATFS_H 1
| #define HAVE_SYS_SWAP_H 1
| #define HAVE_SYS_SYSCALL_H 1
| #define HAVE_SYS_SYSMACROS_H 1
| #define HAVE_SYS_TIME_H 1
| #define HAVE_SYS_TIMEX_H 1
| #define HAVE_SYS_TTYDEFAULTS_H 1
| #define HAVE_SYS_TYPES_H 1
| #define HAVE_SYS_UN_H 1
| #define HAVE_SYS_VFS_H 1
| #define HAVE_SYS_XATTR_H 1
| #define HAVE_UNISTD_H 1
| #define HAVE_UTMP_H 1
| #define HAVE_UTMPX_H 1
| #define HAVE_LINUX_FS_H 1
| #define HAVE_LINUX_MOUNT_H 1
| #define HAVE_LINUX_GSMMUX_H 1
| #define HAVE_SECURITY_PAM_MISC_H 1
| #define HAVE_DECL_BLK_ZONE_REP_CAPACITY 1
| #define HAVE_DECL_PR_REP_CAPACITY 0
| #define HAVE_LANGINFO_H 1
| #define HAVE_TM_GMTOFF 1
| #define HAVE_STRUCT_MOUNT_ATTR 1
| #define HAVE_ENUM_FSCONFIG_COMMAND 1
| #define HAVE_STRUCT_TERMIOS_C_LINE 1
| #define HAVE_STRUCT_STAT_ST_MTIM_TV_NSEC 1
| #define HAVE_STRUCT_STATX 1
| #define HAVE_STRUCT_STATX_STX_MNT_ID 1
| #define HAVE_DECL__NL_TIME_WEEK_1STDAY 0
| #define HAVE_ENVIRON_DECL 1
| #define HAVE_STRSIGNAL_DECL 1
| #define HAVE_CLEARENV 1
| #define HAVE_EACCESS 1
| #define HAVE_ERR 1
| #define HAVE_ERRX 1
| #define HAVE_EXPLICIT_BZERO 1
| #define HAVE___FPENDING 1
| #define HAVE___FPURGE 1
| #define HAVE_FPURGE 1
| #define HAVE_FNMATCH 1
| /* end confdefs.h.  */
| /* Define fsopen to an innocuous variant, in case <limits.h> declares fsopen.
|    For example, HP-UX 11i <limits.h> declares gettimeofday.  */
| #define fsopen innocuous_fsopen
| 
| /* System header to define __stub macros and hopefully few prototypes,
|    which can conflict with char fsopen (); below.  */
| 
| #include <limits.h>
| #undef fsopen
| 
| /* Override any GCC internal prototype to avoid an error.
|    Use char because int might match the return type of a GCC
|    builtin and then its argument prototype would still apply.  */
| #ifdef __cplusplus
| extern "C"
| #endif
| char fsopen ();
| /* The GNU C library defines this for functions which it implements
|     to always fail with ENOSYS.  Some functions are actually named
|     something starting with __ and the normal name is an alias.  */
| #if defined __stub_fsopen || defined __stub___fsopen
| choke me
| #endif
| 
| int
| main (void)
| {
| return fsopen ();
|   ;
|   return 0;
| }
configure:26178: result: no
configure:26184: checking for fspick
configure:26184: gcc -o conftest -g -O2 -I/home/sonakrie/Work/testicular_linux/util-linux/../fs/usr/include -L/home/sonakrie/Work/testicular_linux/util-linux/../fs/usr/lib conftest.c  >&5
/usr/lib/gcc/x86_64-alpine-linux-musl/15.2.0/../../../../x86_64-alpine-linux-musl/bin/ld: /tmp/ccmmkHLj.o: in function `main':
/home/sonakrie/Work/testicular_linux/util-linux/conftest.c:162:(.text.startup+0x5): undefined reference to `fspick'
collect2: error: ld returned 1 exit status
configure:26184: $? = 1
configure: failed program was:
| /* confdefs.h */
| #define PACKAGE_NAME "util-linux"
| #define PACKAGE_TARNAME "util-linux"
| #define PACKAGE_VERSION "2.40.2"
| #define PACKAGE_STRING "util-linux 2.40.2"
| #define PACKAGE_BUGREPORT "kzak@redhat.com"
| #define PACKAGE_URL "https://www.kernel.org/pub/linux/utils/util-linux/"
| #define HAVE_STDIO_H 1
| #define HAVE_STDLIB_H 1
| #define HAVE_STRING_H 1
| #define HAVE_INTTYPES_H 1
| #define HAVE_STDINT_H 1
| #define HAVE_STRINGS_H 1
| #define HAVE_SYS_STAT_H 1
| #define HAVE_SYS_TYPES_H 1
| #define HAVE_UNISTD_H 1
| #define HAVE_WCHAR_H 1
| #define STDC_HEADERS 1
| #define _ALL_SOURCE 1
| #define _DARWIN_C_SOURCE 1
| #define _GNU_SOURCE 1
| #define _HPUX_ALT_XOPEN_SOCKET_API 1
| #define _NETBSD_SOURCE 1
| #define _OPENBSD_SOURCE 1
| #define _POSIX_PTHREAD_SEMANTICS 1
| #define __STDC_WANT_IEC_60559_ATTRIBS_EXT__ 1
| #define __STDC_WANT_IEC_60559_BFP_EXT__ 1
| #define __STDC_WANT_IEC_60559_DFP_EXT__ 1
| #define __STDC_WANT_IEC_60559_FUNCS_EXT__ 1
| #define __STDC_WANT_IEC_60559_TYPES_EXT__ 1
| #define __STDC_WANT_LIB_EXT2__ 1
| #define __STDC_WANT_MATH_SPEC_FUNCS__ 1
| #define _TANDEM_SOURCE 1
| #define __EXTENSIONS__ 1
| #define PACKAGE "util-linux"
| #define VERSION "2.40.2"
| #define HAVE_DLFCN_H 1
| #define LT_OBJDIR ".libs/"
| #define HAVE_STRUCT_TM_TM_ZONE 1
| #define HAVE_TM_ZONE 1
| #define HAVE_ICONV 1
| #define HAVE_LINUX_BLKPG_H 1
| #define HAVE_LINUX_MAJOR_H 1
| #define HAVE_ASM_GENERIC_FCNTL_H 1
| #define HAVE_ASM_FCNTL_H 1
| #define HAVE_BYTESWAP_H 1
| #define HAVE_ENDIAN_H 1
| #define HAVE_ERR_H 1
| #define HAVE_ERRNO_H 1
| #define HAVE_FCNTL_H 1
| #define HAVE_GETOPT_H 1
| #define HAVE_INTTYPES_H 1
| #define HAVE_LASTLOG_H 1
| #define HAVE_LINUX_BLKZONED_H 1
| #define HAVE_LINUX_BTRFS_H 1
| #define HAVE_LINUX_CAPABILITY_H 1
| #define HAVE_LINUX_CDROM_H 1
| #define HAVE_LINUX_FALLOC_H 1
| #define HAVE_LINUX_FD_H 1
| #define HAVE_LINUX_FIEMAP_H 1
| #define HAVE_LINUX_LANDLOCK_H 1
| #define HAVE_LINUX_KCMP_H 1
| #define HAVE_LINUX_NET_NAMESPACE_H 1
| #define HAVE_LINUX_NSFS_H 1
| #define HAVE_LINUX_PR_H 1
| #define HAVE_LINUX_SECUREBITS_H 1
| #define HAVE_LINUX_TIOCL_H 1
| #define HAVE_LINUX_VERSION_H 1
| #define HAVE_LINUX_WATCHDOG_H 1
| #define HAVE_LINUX_IF_ALG_H 1
| #define HAVE_LOCALE_H 1
| #define HAVE_MNTENT_H 1
| #define HAVE_NET_IF_H 1
| #define HAVE_NETINET_IN_H 1
| #define HAVE_PATHS_H 1
| #define HAVE_PTY_H 1
| #define HAVE_SECURITY_PAM_APPL_H 1
| #define HAVE_SECURITY_PAM_MODULES_H 1
| #define HAVE_SHADOW_H 1
| #define HAVE_STDINT_H 1
| #define HAVE_STDIO_EXT_H 1
| #define HAVE_STDLIB_H 1
| #define HAVE_SYS_FILE_H 1
| #define HAVE_SYS_IOCTL_H 1
| #define HAVE_SYS_IO_H 1
| #define HAVE_SYS_MOUNT_H 1
| #define HAVE_SYS_PARAM_H 1
| #define HAVE_SYS_PRCTL_H 1
| #define HAVE_SYS_RESOURCE_H 1
| #define HAVE_SYS_SENDFILE_H 1
| #define HAVE_SYS_SIGNALFD_H 1
| #define HAVE_SYS_SOCKET_H 1
| #define HAVE_SYS_STAT_H 1
| #define HAVE_SYS_STATFS_H 1
| #define HAVE_SYS_SWAP_H 1
| #define HAVE_SYS_SYSCALL_H 1
| #define HAVE_SYS_SYSMACROS_H 1
| #define HAVE_SYS_TIME_H 1
| #define HAVE_SYS_TIMEX_H 1
| #define HAVE_SYS_TTYDEFAULTS_H 1
| #define HAVE_SYS_TYPES_H 1
| #define HAVE_SYS_UN_H 1
| #define HAVE_SYS_VFS_H 1
| #define HAVE_SYS_XATTR_H 1
| #define HAVE_UNISTD_H 1
| #define HAVE_UTMP_H 1
| #define HAVE_UTMPX_H 1
| #define HAVE_LINUX_FS_H 1
| #define HAVE_LINUX_MOUNT_H 1
| #define HAVE_LINUX_GSMMUX_H 1
| #define HAVE_SECURITY_PAM_MISC_H 1
| #define HAVE_DECL_BLK_ZONE_REP_CAPACITY 1
| #define HAVE_DECL_PR_REP_CAPACITY 0
| #define HAVE_LANGINFO_H 1
| #define HAVE_TM_GMTOFF 1
| #define HAVE_STRUCT_MOUNT_ATTR 1
| #define HAVE_ENUM_FSCONFIG_COMMAND 1
| #define HAVE_STRUCT_TERMIOS_C_LINE 1
| #define HAVE_STRUCT_STAT_ST_MTIM_TV_NSEC 1
| #define HAVE_STRUCT_STATX 1
| #define HAVE_STRUCT_STATX_STX_MNT_ID 1
| #define HAVE_DECL__NL_TIME_WEEK_1STDAY 0
| #define HAVE_ENVIRON_DECL 1
| #define HAVE_STRSIGNAL_DECL 1
| #define HAVE_CLEARENV 1
| #define HAVE_EACCESS 1
| #define HAVE_ERR 1
| #define HAVE_ERRX 1
| #define HAVE_EXPLICIT_BZERO 1
| #define HAVE___FPENDING 1
| #define HAVE___FPURGE 1
| #define HAVE_FPURGE 1
| #define HAVE_FNMATCH 1
| /* end confdefs.h.  */
| /* Define fspick to an innocuous variant, in case <limits.h> declares fspick.
|    For example, HP-UX 11i <limits.h> declares gettimeofday.  */
| #define fspick innocuous_fspick
| 
| /* System header to define __stub macros and hopefully few prototypes,
|    which can conflict with char fspick (); below.  */
| 
| #include <limits.h>
| #undef fspick
| 
| /* Override any GCC internal prototype to avoid an error.
|    Use char because int might match the return type of a GCC
|    builtin and then its argument prototype would still apply.  */
| #ifdef __cplusplus
| extern "C"
| #endif
| char fspick ();
| /* The GNU C library defines this for functions which it implements
|     to always fail with ENOSYS.  Some functions are actually named
|     something starting with __ and the normal name is an alias.  */
| #if defined __stub_fspick || defined __stub___fspick
| choke me
| #endif
| 
| int
| main (void)
| {
| return fspick ();
|   ;
|   return 0;
| }
configure:26184: result: no
configure:26190: checking for fsync
configure:26190: gcc -o conftest -g -O2 -I/home/sonakrie/Work/testicular_linux/util-linux/../fs/usr/include -L/home/sonakrie/Work/testicular_linux/util-linux/../fs/usr/lib conftest.c  >&5
configure:26190: $? = 0
configure:26190: result: yes
configure:26196: checking for getdomainname
configure:26196: gcc -o conftest -g -O2 -I/home/sonakrie/Work/testicular_linux/util-linux/../fs/usr/include -L/home/sonakrie/Work/testicular_linux/util-linux/../fs/usr/lib conftest.c  >&5
configure:26196: $? = 0
configure:26196: result: yes
configure:26202: checking for getdtablesize
configure:26202: gcc -o conftest -g -O2 -I/home/sonakrie/Work/testicular_linux/util-linux/../fs/usr/include -L/home/sonakrie/Work/testicular_linux/util-linux/../fs/usr/lib conftest.c  >&5
configure:26202: $? = 0
configure:26202: result: yes
configure:26208: checking for getexecname
configure:26208: gcc -o conftest -g -O2 -I/home/sonakrie/Work/testicular_linux/util-linux/../fs/usr/include -L/home/sonakrie/Work/testicular_linux/util-linux/../fs/usr/lib conftest.c  >&5
/usr/lib/gcc/x86_64-alpine-linux-musl/15.2.0/../../../../x86_64-alpine-linux-musl/bin/ld: /tmp/ccMkgKhn.o: in function `main':
/home/sonakrie/Work/testicular_linux/util-linux/conftest.c:165:(.text.startup+0x5): undefined reference to `getexecname'
collect2: error: ld returned 1 exit status
configure:26208: $? = 1
configure: failed program was:
| /* confdefs.h */
| #define PACKAGE_NAME "util-linux"
| #define PACKAGE_TARNAME "util-linux"
| #define PACKAGE_VERSION "2.40.2"
| #define PACKAGE_STRING "util-linux 2.40.2"
| #define PACKAGE_BUGREPORT "kzak@redhat.com"
| #define PACKAGE_URL "https://www.kernel.org/pub/linux/utils/util-linux/"
| #define HAVE_STDIO_H 1
| #define HAVE_STDLIB_H 1
| #define HAVE_STRING_H 1
| #define HAVE_INTTYPES_H 1
| #define HAVE_STDINT_H 1
| #define HAVE_STRINGS_H 1
| #define HAVE_SYS_STAT_H 1
| #define HAVE_SYS_TYPES_H 1
| #define HAVE_UNISTD_H 1
| #define HAVE_WCHAR_H 1
| #define STDC_HEADERS 1
| #define _ALL_SOURCE 1
| #define _DARWIN_C_SOURCE 1
| #define _GNU_SOURCE 1
| #define _HPUX_ALT_XOPEN_SOCKET_API 1
| #define _NETBSD_SOURCE 1
| #define _OPENBSD_SOURCE 1
| #define _POSIX_PTHREAD_SEMANTICS 1
| #define __STDC_WANT_IEC_60559_ATTRIBS_EXT__ 1
| #define __STDC_WANT_IEC_60559_BFP_EXT__ 1
| #define __STDC_WANT_IEC_60559_DFP_EXT__ 1
| #define __STDC_WANT_IEC_60559_FUNCS_EXT__ 1
| #define __STDC_WANT_IEC_60559_TYPES_EXT__ 1
| #define __STDC_WANT_LIB_EXT2__ 1
| #define __STDC_WANT_MATH_SPEC_FUNCS__ 1
| #define _TANDEM_SOURCE 1
| #define __EXTENSIONS__ 1
| #define PACKAGE "util-linux"
| #define VERSION "2.40.2"
| #define HAVE_DLFCN_H 1
| #define LT_OBJDIR ".libs/"
| #define HAVE_STRUCT_TM_TM_ZONE 1
| #define HAVE_TM_ZONE 1
| #define HAVE_ICONV 1
| #define HAVE_LINUX_BLKPG_H 1
| #define HAVE_LINUX_MAJOR_H 1
| #define HAVE_ASM_GENERIC_FCNTL_H 1
| #define HAVE_ASM_FCNTL_H 1
| #define HAVE_BYTESWAP_H 1
| #define HAVE_ENDIAN_H 1
| #define HAVE_ERR_H 1
| #define HAVE_ERRNO_H 1
| #define HAVE_FCNTL_H 1
| #define HAVE_GETOPT_H 1
| #define HAVE_INTTYPES_H 1
| #define HAVE_LASTLOG_H 1
| #define HAVE_LINUX_BLKZONED_H 1
| #define HAVE_LINUX_BTRFS_H 1
| #define HAVE_LINUX_CAPABILITY_H 1
| #define HAVE_LINUX_CDROM_H 1
| #define HAVE_LINUX_FALLOC_H 1
| #define HAVE_LINUX_FD_H 1
| #define HAVE_LINUX_FIEMAP_H 1
| #define HAVE_LINUX_LANDLOCK_H 1
| #define HAVE_LINUX_KCMP_H 1
| #define HAVE_LINUX_NET_NAMESPACE_H 1
| #define HAVE_LINUX_NSFS_H 1
| #define HAVE_LINUX_PR_H 1
| #define HAVE_LINUX_SECUREBITS_H 1
| #define HAVE_LINUX_TIOCL_H 1
| #define HAVE_LINUX_VERSION_H 1
| #define HAVE_LINUX_WATCHDOG_H 1
| #define HAVE_LINUX_IF_ALG_H 1
| #define HAVE_LOCALE_H 1
| #define HAVE_MNTENT_H 1
| #define HAVE_NET_IF_H 1
| #define HAVE_NETINET_IN_H 1
| #define HAVE_PATHS_H 1
| #define HAVE_PTY_H 1
| #define HAVE_SECURITY_PAM_APPL_H 1
| #define HAVE_SECURITY_PAM_MODULES_H 1
| #define HAVE_SHADOW_H 1
| #define HAVE_STDINT_H 1
| #define HAVE_STDIO_EXT_H 1
| #define HAVE_STDLIB_H 1
| #define HAVE_SYS_FILE_H 1
| #define HAVE_SYS_IOCTL_H 1
| #define HAVE_SYS_IO_H 1
| #define HAVE_SYS_MOUNT_H 1
| #define HAVE_SYS_PARAM_H 1
| #define HAVE_SYS_PRCTL_H 1
| #define HAVE_SYS_RESOURCE_H 1
| #define HAVE_SYS_SENDFILE_H 1
| #define HAVE_SYS_SIGNALFD_H 1
| #define HAVE_SYS_SOCKET_H 1
| #define HAVE_SYS_STAT_H 1
| #define HAVE_SYS_STATFS_H 1
| #define HAVE_SYS_SWAP_H 1
| #define HAVE_SYS_SYSCALL_H 1
| #define HAVE_SYS_SYSMACROS_H 1
| #define HAVE_SYS_TIME_H 1
| #define HAVE_SYS_TIMEX_H 1
| #define HAVE_SYS_TTYDEFAULTS_H 1
| #define HAVE_SYS_TYPES_H 1
| #define HAVE_SYS_UN_H 1
| #define HAVE_SYS_VFS_H 1
| #define HAVE_SYS_XATTR_H 1
| #define HAVE_UNISTD_H 1
| #define HAVE_UTMP_H 1
| #define HAVE_UTMPX_H 1
| #define HAVE_LINUX_FS_H 1
| #define HAVE_LINUX_MOUNT_H 1
| #define HAVE_LINUX_GSMMUX_H 1
| #define HAVE_SECURITY_PAM_MISC_H 1
| #define HAVE_DECL_BLK_ZONE_REP_CAPACITY 1
| #define HAVE_DECL_PR_REP_CAPACITY 0
| #define HAVE_LANGINFO_H 1
| #define HAVE_TM_GMTOFF 1
| #define HAVE_STRUCT_MOUNT_ATTR 1
| #define HAVE_ENUM_FSCONFIG_COMMAND 1
| #define HAVE_STRUCT_TERMIOS_C_LINE 1
| #define HAVE_STRUCT_STAT_ST_MTIM_TV_NSEC 1
| #define HAVE_STRUCT_STATX 1
| #define HAVE_STRUCT_STATX_STX_MNT_ID 1
| #define HAVE_DECL__NL_TIME_WEEK_1STDAY 0
| #define HAVE_ENVIRON_DECL 1
| #define HAVE_STRSIGNAL_DECL 1
| #define HAVE_CLEARENV 1
| #define HAVE_EACCESS 1
| #define HAVE_ERR 1
| #define HAVE_ERRX 1
| #define HAVE_EXPLICIT_BZERO 1
| #define HAVE___FPENDING 1
| #define HAVE___FPURGE 1
| #define HAVE_FPURGE 1
| #define HAVE_FNMATCH 1
| #define HAVE_FSYNC 1
| #define HAVE_GETDOMAINNAME 1
| #define HAVE_GETDTABLESIZE 1
| /* end confdefs.h.  */
| /* Define getexecname to an innocuous variant, in case <limits.h> declares getexecname.
|    For example, HP-UX 11i <limits.h> declares gettimeofday.  */
| #define getexecname innocuous_getexecname
| 
| /* System header to define __stub macros and hopefully few prototypes,
|    which can conflict with char getexecname (); below.  */
| 
| #include <limits.h>
| #undef getexecname
| 
| /* Override any GCC internal prototype to avoid an error.
|    Use char because int might match the return type of a GCC
|    builtin and then its argument prototype would still apply.  */
| #ifdef __cplusplus
| extern "C"
| #endif
| char getexecname ();
| /* The GNU C library defines this for functions which it implements
|     to always fail with ENOSYS.  Some functions are actually named
|     something starting with __ and the normal name is an alias.  */
| #if defined __stub_getexecname || defined __stub___getexecname
| choke me
| #endif
| 
| int
| main (void)
| {
| return getexecname ();
|   ;
|   return 0;
| }
configure:26208: result: no
configure:26214: checking for getmntinfo
configure:26214: gcc -o conftest -g -O2 -I/home/sonakrie/Work/testicular_linux/util-linux/../fs/usr/include -L/home/sonakrie/Work/testicular_linux/util-linux/../fs/usr/lib conftest.c  >&5
/usr/lib/gcc/x86_64-alpine-linux-musl/15.2.0/../../../../x86_64-alpine-linux-musl/bin/ld: /tmp/ccbOiJno.o: in function `main':
/home/sonakrie/Work/testicular_linux/util-linux/conftest.c:165:(.text.startup+0x5): undefined reference to `getmntinfo'
collect2: error: ld returned 1 exit status
configure:26214: $? = 1
configure: failed program was:
| /* confdefs.h */
| #define PACKAGE_NAME "util-linux"
| #define PACKAGE_TARNAME "util-linux"
| #define PACKAGE_VERSION "2.40.2"
| #define PACKAGE_STRING "util-linux 2.40.2"
| #define PACKAGE_BUGREPORT "kzak@redhat.com"
| #define PACKAGE_URL "https://www.kernel.org/pub/linux/utils/util-linux/"
| #define HAVE_STDIO_H 1
| #define HAVE_STDLIB_H 1
| #define HAVE_STRING_H 1
| #define HAVE_INTTYPES_H 1
| #define HAVE_STDINT_H 1
| #define HAVE_STRINGS_H 1
| #define HAVE_SYS_STAT_H 1
| #define HAVE_SYS_TYPES_H 1
| #define HAVE_UNISTD_H 1
| #define HAVE_WCHAR_H 1
| #define STDC_HEADERS 1
| #define _ALL_SOURCE 1
| #define _DARWIN_C_SOURCE 1
| #define _GNU_SOURCE 1
| #define _HPUX_ALT_XOPEN_SOCKET_API 1
| #define _NETBSD_SOURCE 1
| #define _OPENBSD_SOURCE 1
| #define _POSIX_PTHREAD_SEMANTICS 1
| #define __STDC_WANT_IEC_60559_ATTRIBS_EXT__ 1
| #define __STDC_WANT_IEC_60559_BFP_EXT__ 1
| #define __STDC_WANT_IEC_60559_DFP_EXT__ 1
| #define __STDC_WANT_IEC_60559_FUNCS_EXT__ 1
| #define __STDC_WANT_IEC_60559_TYPES_EXT__ 1
| #define __STDC_WANT_LIB_EXT2__ 1
| #define __STDC_WANT_MATH_SPEC_FUNCS__ 1
| #define _TANDEM_SOURCE 1
| #define __EXTENSIONS__ 1
| #define PACKAGE "util-linux"
| #define VERSION "2.40.2"
| #define HAVE_DLFCN_H 1
| #define LT_OBJDIR ".libs/"
| #define HAVE_STRUCT_TM_TM_ZONE 1
| #define HAVE_TM_ZONE 1
| #define HAVE_ICONV 1
| #define HAVE_LINUX_BLKPG_H 1
| #define HAVE_LINUX_MAJOR_H 1
| #define HAVE_ASM_GENERIC_FCNTL_H 1
| #define HAVE_ASM_FCNTL_H 1
| #define HAVE_BYTESWAP_H 1
| #define HAVE_ENDIAN_H 1
| #define HAVE_ERR_H 1
| #define HAVE_ERRNO_H 1
| #define HAVE_FCNTL_H 1
| #define HAVE_GETOPT_H 1
| #define HAVE_INTTYPES_H 1
| #define HAVE_LASTLOG_H 1
| #define HAVE_LINUX_BLKZONED_H 1
| #define HAVE_LINUX_BTRFS_H 1
| #define HAVE_LINUX_CAPABILITY_H 1
| #define HAVE_LINUX_CDROM_H 1
| #define HAVE_LINUX_FALLOC_H 1
| #define HAVE_LINUX_FD_H 1
| #define HAVE_LINUX_FIEMAP_H 1
| #define HAVE_LINUX_LANDLOCK_H 1
| #define HAVE_LINUX_KCMP_H 1
| #define HAVE_LINUX_NET_NAMESPACE_H 1
| #define HAVE_LINUX_NSFS_H 1
| #define HAVE_LINUX_PR_H 1
| #define HAVE_LINUX_SECUREBITS_H 1
| #define HAVE_LINUX_TIOCL_H 1
| #define HAVE_LINUX_VERSION_H 1
| #define HAVE_LINUX_WATCHDOG_H 1
| #define HAVE_LINUX_IF_ALG_H 1
| #define HAVE_LOCALE_H 1
| #define HAVE_MNTENT_H 1
| #define HAVE_NET_IF_H 1
| #define HAVE_NETINET_IN_H 1
| #define HAVE_PATHS_H 1
| #define HAVE_PTY_H 1
| #define HAVE_SECURITY_PAM_APPL_H 1
| #define HAVE_SECURITY_PAM_MODULES_H 1
| #define HAVE_SHADOW_H 1
| #define HAVE_STDINT_H 1
| #define HAVE_STDIO_EXT_H 1
| #define HAVE_STDLIB_H 1
| #define HAVE_SYS_FILE_H 1
| #define HAVE_SYS_IOCTL_H 1
| #define HAVE_SYS_IO_H 1
| #define HAVE_SYS_MOUNT_H 1
| #define HAVE_SYS_PARAM_H 1
| #define HAVE_SYS_PRCTL_H 1
| #define HAVE_SYS_RESOURCE_H 1
| #define HAVE_SYS_SENDFILE_H 1
| #define HAVE_SYS_SIGNALFD_H 1
| #define HAVE_SYS_SOCKET_H 1
| #define HAVE_SYS_STAT_H 1
| #define HAVE_SYS_STATFS_H 1
| #define HAVE_SYS_SWAP_H 1
| #define HAVE_SYS_SYSCALL_H 1
| #define HAVE_SYS_SYSMACROS_H 1
| #define HAVE_SYS_TIME_H 1
| #define HAVE_SYS_TIMEX_H 1
| #define HAVE_SYS_TTYDEFAULTS_H 1
| #define HAVE_SYS_TYPES_H 1
| #define HAVE_SYS_UN_H 1
| #define HAVE_SYS_VFS_H 1
| #define HAVE_SYS_XATTR_H 1
| #define HAVE_UNISTD_H 1
| #define HAVE_UTMP_H 1
| #define HAVE_UTMPX_H 1
| #define HAVE_LINUX_FS_H 1
| #define HAVE_LINUX_MOUNT_H 1
| #define HAVE_LINUX_GSMMUX_H 1
| #define HAVE_SECURITY_PAM_MISC_H 1
| #define HAVE_DECL_BLK_ZONE_REP_CAPACITY 1
| #define HAVE_DECL_PR_REP_CAPACITY 0
| #define HAVE_LANGINFO_H 1
| #define HAVE_TM_GMTOFF 1
| #define HAVE_STRUCT_MOUNT_ATTR 1
| #define HAVE_ENUM_FSCONFIG_COMMAND 1
| #define HAVE_STRUCT_TERMIOS_C_LINE 1
| #define HAVE_STRUCT_STAT_ST_MTIM_TV_NSEC 1
| #define HAVE_STRUCT_STATX 1
| #define HAVE_STRUCT_STATX_STX_MNT_ID 1
| #define HAVE_DECL__NL_TIME_WEEK_1STDAY 0
| #define HAVE_ENVIRON_DECL 1
| #define HAVE_STRSIGNAL_DECL 1
| #define HAVE_CLEARENV 1
| #define HAVE_EACCESS 1
| #define HAVE_ERR 1
| #define HAVE_ERRX 1
| #define HAVE_EXPLICIT_BZERO 1
| #define HAVE___FPENDING 1
| #define HAVE___FPURGE 1
| #define HAVE_FPURGE 1
| #define HAVE_FNMATCH 1
| #define HAVE_FSYNC 1
| #define HAVE_GETDOMAINNAME 1
| #define HAVE_GETDTABLESIZE 1
| /* end confdefs.h.  */
| /* Define getmntinfo to an innocuous variant, in case <limits.h> declares getmntinfo.
|    For example, HP-UX 11i <limits.h> declares gettimeofday.  */
| #define getmntinfo innocuous_getmntinfo
| 
| /* System header to define __stub macros and hopefully few prototypes,
|    which can conflict with char getmntinfo (); below.  */
| 
| #include <limits.h>
| #undef getmntinfo
| 
| /* Override any GCC internal prototype to avoid an error.
|    Use char because int might match the return type of a GCC
|    builtin and then its argument prototype would still apply.  */
| #ifdef __cplusplus
| extern "C"
| #endif
| char getmntinfo ();
| /* The GNU C library defines this for functions which it implements
|     to always fail with ENOSYS.  Some functions are actually named
|     something starting with __ and the normal name is an alias.  */
| #if defined __stub_getmntinfo || defined __stub___getmntinfo
| choke me
| #endif
| 
| int
| main (void)
| {
| return getmntinfo ();
|   ;
|   return 0;
| }
configure:26214: result: no
configure:26220: checking for getrandom
configure:26220: gcc -o conftest -g -O2 -I/home/sonakrie/Work/testicular_linux/util-linux/../fs/usr/include -L/home/sonakrie/Work/testicular_linux/util-linux/../fs/usr/lib conftest.c  >&5
configure:26220: $? = 0
configure:26220: result: yes
configure:26226: checking for getrlimit
configure:26226: gcc -o conftest -g -O2 -I/home/sonakrie/Work/testicular_linux/util-linux/../fs/usr/include -L/home/sonakrie/Work/testicular_linux/util-linux/../fs/usr/lib conftest.c  >&5
configure:26226: $? = 0
configure:26226: result: yes
configure:26232: checking for getsgnam
configure:26232: gcc -o conftest -g -O2 -I/home/sonakrie/Work/testicular_linux/util-linux/../fs/usr/include -L/home/sonakrie/Work/testicular_linux/util-linux/../fs/usr/lib conftest.c  >&5
/usr/lib/gcc/x86_64-alpine-linux-musl/15.2.0/../../../../x86_64-alpine-linux-musl/bin/ld: /tmp/ccHicaIC.o: in function `main':
/home/sonakrie/Work/testicular_linux/util-linux/conftest.c:167:(.text.startup+0x5): undefined reference to `getsgnam'
collect2: error: ld returned 1 exit status
configure:26232: $? = 1
configure: failed program was:
| /* confdefs.h */
| #define PACKAGE_NAME "util-linux"
| #define PACKAGE_TARNAME "util-linux"
| #define PACKAGE_VERSION "2.40.2"
| #define PACKAGE_STRING "util-linux 2.40.2"
| #define PACKAGE_BUGREPORT "kzak@redhat.com"
| #define PACKAGE_URL "https://www.kernel.org/pub/linux/utils/util-linux/"
| #define HAVE_STDIO_H 1
| #define HAVE_STDLIB_H 1
| #define HAVE_STRING_H 1
| #define HAVE_INTTYPES_H 1
| #define HAVE_STDINT_H 1
| #define HAVE_STRINGS_H 1
| #define HAVE_SYS_STAT_H 1
| #define HAVE_SYS_TYPES_H 1
| #define HAVE_UNISTD_H 1
| #define HAVE_WCHAR_H 1
| #define STDC_HEADERS 1
| #define _ALL_SOURCE 1
| #define _DARWIN_C_SOURCE 1
| #define _GNU_SOURCE 1
| #define _HPUX_ALT_XOPEN_SOCKET_API 1
| #define _NETBSD_SOURCE 1
| #define _OPENBSD_SOURCE 1
| #define _POSIX_PTHREAD_SEMANTICS 1
| #define __STDC_WANT_IEC_60559_ATTRIBS_EXT__ 1
| #define __STDC_WANT_IEC_60559_BFP_EXT__ 1
| #define __STDC_WANT_IEC_60559_DFP_EXT__ 1
| #define __STDC_WANT_IEC_60559_FUNCS_EXT__ 1
| #define __STDC_WANT_IEC_60559_TYPES_EXT__ 1
| #define __STDC_WANT_LIB_EXT2__ 1
| #define __STDC_WANT_MATH_SPEC_FUNCS__ 1
| #define _TANDEM_SOURCE 1
| #define __EXTENSIONS__ 1
| #define PACKAGE "util-linux"
| #define VERSION "2.40.2"
| #define HAVE_DLFCN_H 1
| #define LT_OBJDIR ".libs/"
| #define HAVE_STRUCT_TM_TM_ZONE 1
| #define HAVE_TM_ZONE 1
| #define HAVE_ICONV 1
| #define HAVE_LINUX_BLKPG_H 1
| #define HAVE_LINUX_MAJOR_H 1
| #define HAVE_ASM_GENERIC_FCNTL_H 1
| #define HAVE_ASM_FCNTL_H 1
| #define HAVE_BYTESWAP_H 1
| #define HAVE_ENDIAN_H 1
| #define HAVE_ERR_H 1
| #define HAVE_ERRNO_H 1
| #define HAVE_FCNTL_H 1
| #define HAVE_GETOPT_H 1
| #define HAVE_INTTYPES_H 1
| #define HAVE_LASTLOG_H 1
| #define HAVE_LINUX_BLKZONED_H 1
| #define HAVE_LINUX_BTRFS_H 1
| #define HAVE_LINUX_CAPABILITY_H 1
| #define HAVE_LINUX_CDROM_H 1
| #define HAVE_LINUX_FALLOC_H 1
| #define HAVE_LINUX_FD_H 1
| #define HAVE_LINUX_FIEMAP_H 1
| #define HAVE_LINUX_LANDLOCK_H 1
| #define HAVE_LINUX_KCMP_H 1
| #define HAVE_LINUX_NET_NAMESPACE_H 1
| #define HAVE_LINUX_NSFS_H 1
| #define HAVE_LINUX_PR_H 1
| #define HAVE_LINUX_SECUREBITS_H 1
| #define HAVE_LINUX_TIOCL_H 1
| #define HAVE_LINUX_VERSION_H 1
| #define HAVE_LINUX_WATCHDOG_H 1
| #define HAVE_LINUX_IF_ALG_H 1
| #define HAVE_LOCALE_H 1
| #define HAVE_MNTENT_H 1
| #define HAVE_NET_IF_H 1
| #define HAVE_NETINET_IN_H 1
| #define HAVE_PATHS_H 1
| #define HAVE_PTY_H 1
| #define HAVE_SECURITY_PAM_APPL_H 1
| #define HAVE_SECURITY_PAM_MODULES_H 1
| #define HAVE_SHADOW_H 1
| #define HAVE_STDINT_H 1
| #define HAVE_STDIO_EXT_H 1
| #define HAVE_STDLIB_H 1
| #define HAVE_SYS_FILE_H 1
| #define HAVE_SYS_IOCTL_H 1
| #define HAVE_SYS_IO_H 1
| #define HAVE_SYS_MOUNT_H 1
| #define HAVE_SYS_PARAM_H 1
| #define HAVE_SYS_PRCTL_H 1
| #define HAVE_SYS_RESOURCE_H 1
| #define HAVE_SYS_SENDFILE_H 1
| #define HAVE_SYS_SIGNALFD_H 1
| #define HAVE_SYS_SOCKET_H 1
| #define HAVE_SYS_STAT_H 1
| #define HAVE_SYS_STATFS_H 1
| #define HAVE_SYS_SWAP_H 1
| #define HAVE_SYS_SYSCALL_H 1
| #define HAVE_SYS_SYSMACROS_H 1
| #define HAVE_SYS_TIME_H 1
| #define HAVE_SYS_TIMEX_H 1
| #define HAVE_SYS_TTYDEFAULTS_H 1
| #define HAVE_SYS_TYPES_H 1
| #define HAVE_SYS_UN_H 1
| #define HAVE_SYS_VFS_H 1
| #define HAVE_SYS_XATTR_H 1
| #define HAVE_UNISTD_H 1
| #define HAVE_UTMP_H 1
| #define HAVE_UTMPX_H 1
| #define HAVE_LINUX_FS_H 1
| #define HAVE_LINUX_MOUNT_H 1
| #define HAVE_LINUX_GSMMUX_H 1
| #define HAVE_SECURITY_PAM_MISC_H 1
| #define HAVE_DECL_BLK_ZONE_REP_CAPACITY 1
| #define HAVE_DECL_PR_REP_CAPACITY 0
| #define HAVE_LANGINFO_H 1
| #define HAVE_TM_GMTOFF 1
| #define HAVE_STRUCT_MOUNT_ATTR 1
| #define HAVE_ENUM_FSCONFIG_COMMAND 1
| #define HAVE_STRUCT_TERMIOS_C_LINE 1
| #define HAVE_STRUCT_STAT_ST_MTIM_TV_NSEC 1
| #define HAVE_STRUCT_STATX 1
| #define HAVE_STRUCT_STATX_STX_MNT_ID 1
| #define HAVE_DECL__NL_TIME_WEEK_1STDAY 0
| #define HAVE_ENVIRON_DECL 1
| #define HAVE_STRSIGNAL_DECL 1
| #define HAVE_CLEARENV 1
| #define HAVE_EACCESS 1
| #define HAVE_ERR 1
| #define HAVE_ERRX 1
| #define HAVE_EXPLICIT_BZERO 1
| #define HAVE___FPENDING 1
| #define HAVE___FPURGE 1
| #define HAVE_FPURGE 1
| #define HAVE_FNMATCH 1
| #define HAVE_FSYNC 1
| #define HAVE_GETDOMAINNAME 1
| #define HAVE_GETDTABLESIZE 1
| #define HAVE_GETRANDOM 1
| #define HAVE_GETRLIMIT 1
| /* end confdefs.h.  */
| /* Define getsgnam to an innocuous variant, in case <limits.h> declares getsgnam.
|    For example, HP-UX 11i <limits.h> declares gettimeofday.  */
| #define getsgnam innocuous_getsgnam
| 
| /* System header to define __stub macros and hopefully few prototypes,
|    which can conflict with char getsgnam (); below.  */
| 
| #include <limits.h>
| #undef getsgnam
| 
| /* Override any GCC internal prototype to avoid an error.
|    Use char because int might match the return type of a GCC
|    builtin and then its argument prototype would still apply.  */
| #ifdef __cplusplus
| extern "C"
| #endif
| char getsgnam ();
| /* The GNU C library defines this for functions which it implements
|     to always fail with ENOSYS.  Some functions are actually named
|     something starting with __ and the normal name is an alias.  */
| #if defined __stub_getsgnam || defined __stub___getsgnam
| choke me
| #endif
| 
| int
| main (void)
| {
| return getsgnam ();
|   ;
|   return 0;
| }
configure:26232: result: no
configure:26238: checking for getttynam
configure:26238: gcc -o conftest -g -O2 -I/home/sonakrie/Work/testicular_linux/util-linux/../fs/usr/include -L/home/sonakrie/Work/testicular_linux/util-linux/../fs/usr/lib conftest.c  >&5
/usr/lib/gcc/x86_64-alpine-linux-musl/15.2.0/../../../../x86_64-alpine-linux-musl/bin/ld: /tmp/ccmDKNbD.o: in function `main':
/home/sonakrie/Work/testicular_linux/util-linux/conftest.c:167:(.text.startup+0x5): undefined reference to `getttynam'
collect2: error: ld returned 1 exit status
configure:26238: $? = 1
configure: failed program was:
| /* confdefs.h */
| #define PACKAGE_NAME "util-linux"
| #define PACKAGE_TARNAME "util-linux"
| #define PACKAGE_VERSION "2.40.2"
| #define PACKAGE_STRING "util-linux 2.40.2"
| #define PACKAGE_BUGREPORT "kzak@redhat.com"
| #define PACKAGE_URL "https://www.kernel.org/pub/linux/utils/util-linux/"
| #define HAVE_STDIO_H 1
| #define HAVE_STDLIB_H 1
| #define HAVE_STRING_H 1
| #define HAVE_INTTYPES_H 1
| #define HAVE_STDINT_H 1
| #define HAVE_STRINGS_H 1
| #define HAVE_SYS_STAT_H 1
| #define HAVE_SYS_TYPES_H 1
| #define HAVE_UNISTD_H 1
| #define HAVE_WCHAR_H 1
| #define STDC_HEADERS 1
| #define _ALL_SOURCE 1
| #define _DARWIN_C_SOURCE 1
| #define _GNU_SOURCE 1
| #define _HPUX_ALT_XOPEN_SOCKET_API 1
| #define _NETBSD_SOURCE 1
| #define _OPENBSD_SOURCE 1
| #define _POSIX_PTHREAD_SEMANTICS 1
| #define __STDC_WANT_IEC_60559_ATTRIBS_EXT__ 1
| #define __STDC_WANT_IEC_60559_BFP_EXT__ 1
| #define __STDC_WANT_IEC_60559_DFP_EXT__ 1
| #define __STDC_WANT_IEC_60559_FUNCS_EXT__ 1
| #define __STDC_WANT_IEC_60559_TYPES_EXT__ 1
| #define __STDC_WANT_LIB_EXT2__ 1
| #define __STDC_WANT_MATH_SPEC_FUNCS__ 1
| #define _TANDEM_SOURCE 1
| #define __EXTENSIONS__ 1
| #define PACKAGE "util-linux"
| #define VERSION "2.40.2"
| #define HAVE_DLFCN_H 1
| #define LT_OBJDIR ".libs/"
| #define HAVE_STRUCT_TM_TM_ZONE 1
| #define HAVE_TM_ZONE 1
| #define HAVE_ICONV 1
| #define HAVE_LINUX_BLKPG_H 1
| #define HAVE_LINUX_MAJOR_H 1
| #define HAVE_ASM_GENERIC_FCNTL_H 1
| #define HAVE_ASM_FCNTL_H 1
| #define HAVE_BYTESWAP_H 1
| #define HAVE_ENDIAN_H 1
| #define HAVE_ERR_H 1
| #define HAVE_ERRNO_H 1
| #define HAVE_FCNTL_H 1
| #define HAVE_GETOPT_H 1
| #define HAVE_INTTYPES_H 1
| #define HAVE_LASTLOG_H 1
| #define HAVE_LINUX_BLKZONED_H 1
| #define HAVE_LINUX_BTRFS_H 1
| #define HAVE_LINUX_CAPABILITY_H 1
| #define HAVE_LINUX_CDROM_H 1
| #define HAVE_LINUX_FALLOC_H 1
| #define HAVE_LINUX_FD_H 1
| #define HAVE_LINUX_FIEMAP_H 1
| #define HAVE_LINUX_LANDLOCK_H 1
| #define HAVE_LINUX_KCMP_H 1
| #define HAVE_LINUX_NET_NAMESPACE_H 1
| #define HAVE_LINUX_NSFS_H 1
| #define HAVE_LINUX_PR_H 1
| #define HAVE_LINUX_SECUREBITS_H 1
| #define HAVE_LINUX_TIOCL_H 1
| #define HAVE_LINUX_VERSION_H 1
| #define HAVE_LINUX_WATCHDOG_H 1
| #define HAVE_LINUX_IF_ALG_H 1
| #define HAVE_LOCALE_H 1
| #define HAVE_MNTENT_H 1
| #define HAVE_NET_IF_H 1
| #define HAVE_NETINET_IN_H 1
| #define HAVE_PATHS_H 1
| #define HAVE_PTY_H 1
| #define HAVE_SECURITY_PAM_APPL_H 1
| #define HAVE_SECURITY_PAM_MODULES_H 1
| #define HAVE_SHADOW_H 1
| #define HAVE_STDINT_H 1
| #define HAVE_STDIO_EXT_H 1
| #define HAVE_STDLIB_H 1
| #define HAVE_SYS_FILE_H 1
| #define HAVE_SYS_IOCTL_H 1
| #define HAVE_SYS_IO_H 1
| #define HAVE_SYS_MOUNT_H 1
| #define HAVE_SYS_PARAM_H 1
| #define HAVE_SYS_PRCTL_H 1
| #define HAVE_SYS_RESOURCE_H 1
| #define HAVE_SYS_SENDFILE_H 1
| #define HAVE_SYS_SIGNALFD_H 1
| #define HAVE_SYS_SOCKET_H 1
| #define HAVE_SYS_STAT_H 1
| #define HAVE_SYS_STATFS_H 1
| #define HAVE_SYS_SWAP_H 1
| #define HAVE_SYS_SYSCALL_H 1
| #define HAVE_SYS_SYSMACROS_H 1
| #define HAVE_SYS_TIME_H 1
| #define HAVE_SYS_TIMEX_H 1
| #define HAVE_SYS_TTYDEFAULTS_H 1
| #define HAVE_SYS_TYPES_H 1
| #define HAVE_SYS_UN_H 1
| #define HAVE_SYS_VFS_H 1
| #define HAVE_SYS_XATTR_H 1
| #define HAVE_UNISTD_H 1
| #define HAVE_UTMP_H 1
| #define HAVE_UTMPX_H 1
| #define HAVE_LINUX_FS_H 1
| #define HAVE_LINUX_MOUNT_H 1
| #define HAVE_LINUX_GSMMUX_H 1
| #define HAVE_SECURITY_PAM_MISC_H 1
| #define HAVE_DECL_BLK_ZONE_REP_CAPACITY 1
| #define HAVE_DECL_PR_REP_CAPACITY 0
| #define HAVE_LANGINFO_H 1
| #define HAVE_TM_GMTOFF 1
| #define HAVE_STRUCT_MOUNT_ATTR 1
| #define HAVE_ENUM_FSCONFIG_COMMAND 1
| #define HAVE_STRUCT_TERMIOS_C_LINE 1
| #define HAVE_STRUCT_STAT_ST_MTIM_TV_NSEC 1
| #define HAVE_STRUCT_STATX 1
| #define HAVE_STRUCT_STATX_STX_MNT_ID 1
| #define HAVE_DECL__NL_TIME_WEEK_1STDAY 0
| #define HAVE_ENVIRON_DECL 1
| #define HAVE_STRSIGNAL_DECL 1
| #define HAVE_CLEARENV 1
| #define HAVE_EACCESS 1
| #define HAVE_ERR 1
| #define HAVE_ERRX 1
| #define HAVE_EXPLICIT_BZERO 1
| #define HAVE___FPENDING 1
| #define HAVE___FPURGE 1
| #define HAVE_FPURGE 1
| #define HAVE_FNMATCH 1
| #define HAVE_FSYNC 1
| #define HAVE_GETDOMAINNAME 1
| #define HAVE_GETDTABLESIZE 1
| #define HAVE_GETRANDOM 1
| #define HAVE_GETRLIMIT 1
| /* end confdefs.h.  */
| /* Define getttynam to an innocuous variant, in case <limits.h> declares getttynam.
|    For example, HP-UX 11i <limits.h> declares gettimeofday.  */
| #define getttynam innocuous_getttynam
| 
| /* System header to define __stub macros and hopefully few prototypes,
|    which can conflict with char getttynam (); below.  */
| 
| #include <limits.h>
| #undef getttynam
| 
| /* Override any GCC internal prototype to avoid an error.
|    Use char because int might match the return type of a GCC
|    builtin and then its argument prototype would still apply.  */
| #ifdef __cplusplus
| extern "C"
| #endif
| char getttynam ();
| /* The GNU C library defines this for functions which it implements
|     to always fail with ENOSYS.  Some functions are actually named
|     something starting with __ and the normal name is an alias.  */
| #if defined __stub_getttynam || defined __stub___getttynam
| choke me
| #endif
| 
| int
| main (void)
| {
| return getttynam ();
|   ;
|   return 0;
| }
configure:26238: result: no
configure:26244: checking for inotify_init
configure:26244: gcc -o conftest -g -O2 -I/home/sonakrie/Work/testicular_linux/util-linux/../fs/usr/include -L/home/sonakrie/Work/testicular_linux/util-linux/../fs/usr/lib conftest.c  >&5
configure:26244: $? = 0
configure:26244: result: yes
configure:26250: checking for jrand48
configure:26250: gcc -o conftest -g -O2 -I/home/sonakrie/Work/testicular_linux/util-linux/../fs/usr/include -L/home/sonakrie/Work/testicular_linux/util-linux/../fs/usr/lib conftest.c  >&5
configure:26250: $? = 0
configure:26250: result: yes
configure:26256: checking for landlock_create_ruleset
configure:26256: gcc -o conftest -g -O2 -I/home/sonakrie/Work/testicular_linux/util-linux/../fs/usr/include -L/home/sonakrie/Work/testicular_linux/util-linux/../fs/usr/lib conftest.c  >&5
/usr/lib/gcc/x86_64-alpine-linux-musl/15.2.0/../../../../x86_64-alpine-linux-musl/bin/ld: /tmp/ccGJGjoI.o: in function `main':
/home/sonakrie/Work/testicular_linux/util-linux/conftest.c:169:(.text.startup+0x5): undefined reference to `landlock_create_ruleset'
collect2: error: ld returned 1 exit status
configure:26256: $? = 1
configure: failed program was:
| /* confdefs.h */
| #define PACKAGE_NAME "util-linux"
| #define PACKAGE_TARNAME "util-linux"
| #define PACKAGE_VERSION "2.40.2"
| #define PACKAGE_STRING "util-linux 2.40.2"
| #define PACKAGE_BUGREPORT "kzak@redhat.com"
| #define PACKAGE_URL "https://www.kernel.org/pub/linux/utils/util-linux/"
| #define HAVE_STDIO_H 1
| #define HAVE_STDLIB_H 1
| #define HAVE_STRING_H 1
| #define HAVE_INTTYPES_H 1
| #define HAVE_STDINT_H 1
| #define HAVE_STRINGS_H 1
| #define HAVE_SYS_STAT_H 1
| #define HAVE_SYS_TYPES_H 1
| #define HAVE_UNISTD_H 1
| #define HAVE_WCHAR_H 1
| #define STDC_HEADERS 1
| #define _ALL_SOURCE 1
| #define _DARWIN_C_SOURCE 1
| #define _GNU_SOURCE 1
| #define _HPUX_ALT_XOPEN_SOCKET_API 1
| #define _NETBSD_SOURCE 1
| #define _OPENBSD_SOURCE 1
| #define _POSIX_PTHREAD_SEMANTICS 1
| #define __STDC_WANT_IEC_60559_ATTRIBS_EXT__ 1
| #define __STDC_WANT_IEC_60559_BFP_EXT__ 1
| #define __STDC_WANT_IEC_60559_DFP_EXT__ 1
| #define __STDC_WANT_IEC_60559_FUNCS_EXT__ 1
| #define __STDC_WANT_IEC_60559_TYPES_EXT__ 1
| #define __STDC_WANT_LIB_EXT2__ 1
| #define __STDC_WANT_MATH_SPEC_FUNCS__ 1
| #define _TANDEM_SOURCE 1
| #define __EXTENSIONS__ 1
| #define PACKAGE "util-linux"
| #define VERSION "2.40.2"
| #define HAVE_DLFCN_H 1
| #define LT_OBJDIR ".libs/"
| #define HAVE_STRUCT_TM_TM_ZONE 1
| #define HAVE_TM_ZONE 1
| #define HAVE_ICONV 1
| #define HAVE_LINUX_BLKPG_H 1
| #define HAVE_LINUX_MAJOR_H 1
| #define HAVE_ASM_GENERIC_FCNTL_H 1
| #define HAVE_ASM_FCNTL_H 1
| #define HAVE_BYTESWAP_H 1
| #define HAVE_ENDIAN_H 1
| #define HAVE_ERR_H 1
| #define HAVE_ERRNO_H 1
| #define HAVE_FCNTL_H 1
| #define HAVE_GETOPT_H 1
| #define HAVE_INTTYPES_H 1
| #define HAVE_LASTLOG_H 1
| #define HAVE_LINUX_BLKZONED_H 1
| #define HAVE_LINUX_BTRFS_H 1
| #define HAVE_LINUX_CAPABILITY_H 1
| #define HAVE_LINUX_CDROM_H 1
| #define HAVE_LINUX_FALLOC_H 1
| #define HAVE_LINUX_FD_H 1
| #define HAVE_LINUX_FIEMAP_H 1
| #define HAVE_LINUX_LANDLOCK_H 1
| #define HAVE_LINUX_KCMP_H 1
| #define HAVE_LINUX_NET_NAMESPACE_H 1
| #define HAVE_LINUX_NSFS_H 1
| #define HAVE_LINUX_PR_H 1
| #define HAVE_LINUX_SECUREBITS_H 1
| #define HAVE_LINUX_TIOCL_H 1
| #define HAVE_LINUX_VERSION_H 1
| #define HAVE_LINUX_WATCHDOG_H 1
| #define HAVE_LINUX_IF_ALG_H 1
| #define HAVE_LOCALE_H 1
| #define HAVE_MNTENT_H 1
| #define HAVE_NET_IF_H 1
| #define HAVE_NETINET_IN_H 1
| #define HAVE_PATHS_H 1
| #define HAVE_PTY_H 1
| #define HAVE_SECURITY_PAM_APPL_H 1
| #define HAVE_SECURITY_PAM_MODULES_H 1
| #define HAVE_SHADOW_H 1
| #define HAVE_STDINT_H 1
| #define HAVE_STDIO_EXT_H 1
| #define HAVE_STDLIB_H 1
| #define HAVE_SYS_FILE_H 1
| #define HAVE_SYS_IOCTL_H 1
| #define HAVE_SYS_IO_H 1
| #define HAVE_SYS_MOUNT_H 1
| #define HAVE_SYS_PARAM_H 1
| #define HAVE_SYS_PRCTL_H 1
| #define HAVE_SYS_RESOURCE_H 1
| #define HAVE_SYS_SENDFILE_H 1
| #define HAVE_SYS_SIGNALFD_H 1
| #define HAVE_SYS_SOCKET_H 1
| #define HAVE_SYS_STAT_H 1
| #define HAVE_SYS_STATFS_H 1
| #define HAVE_SYS_SWAP_H 1
| #define HAVE_SYS_SYSCALL_H 1
| #define HAVE_SYS_SYSMACROS_H 1
| #define HAVE_SYS_TIME_H 1
| #define HAVE_SYS_TIMEX_H 1
| #define HAVE_SYS_TTYDEFAULTS_H 1
| #define HAVE_SYS_TYPES_H 1
| #define HAVE_SYS_UN_H 1
| #define HAVE_SYS_VFS_H 1
| #define HAVE_SYS_XATTR_H 1
| #define HAVE_UNISTD_H 1
| #define HAVE_UTMP_H 1
| #define HAVE_UTMPX_H 1
| #define HAVE_LINUX_FS_H 1
| #define HAVE_LINUX_MOUNT_H 1
| #define HAVE_LINUX_GSMMUX_H 1
| #define HAVE_SECURITY_PAM_MISC_H 1
| #define HAVE_DECL_BLK_ZONE_REP_CAPACITY 1
| #define HAVE_DECL_PR_REP_CAPACITY 0
| #define HAVE_LANGINFO_H 1
| #define HAVE_TM_GMTOFF 1
| #define HAVE_STRUCT_MOUNT_ATTR 1
| #define HAVE_ENUM_FSCONFIG_COMMAND 1
| #define HAVE_STRUCT_TERMIOS_C_LINE 1
| #define HAVE_STRUCT_STAT_ST_MTIM_TV_NSEC 1
| #define HAVE_STRUCT_STATX 1
| #define HAVE_STRUCT_STATX_STX_MNT_ID 1
| #define HAVE_DECL__NL_TIME_WEEK_1STDAY 0
| #define HAVE_ENVIRON_DECL 1
| #define HAVE_STRSIGNAL_DECL 1
| #define HAVE_CLEARENV 1
| #define HAVE_EACCESS 1
| #define HAVE_ERR 1
| #define HAVE_ERRX 1
| #define HAVE_EXPLICIT_BZERO 1
| #define HAVE___FPENDING 1
| #define HAVE___FPURGE 1
| #define HAVE_FPURGE 1
| #define HAVE_FNMATCH 1
| #define HAVE_FSYNC 1
| #define HAVE_GETDOMAINNAME 1
| #define HAVE_GETDTABLESIZE 1
| #define HAVE_GETRANDOM 1
| #define HAVE_GETRLIMIT 1
| #define HAVE_INOTIFY_INIT 1
| #define HAVE_JRAND48 1
| /* end confdefs.h.  */
| /* Define landlock_create_ruleset to an innocuous variant, in case <limits.h> declares landlock_create_ruleset.
|    For example, HP-UX 11i <limits.h> declares gettimeofday.  */
| #define landlock_create_ruleset innocuous_landlock_create_ruleset
| 
| /* System header to define __stub macros and hopefully few prototypes,
|    which can conflict with char landlock_create_ruleset (); below.  */
| 
| #include <limits.h>
| #undef landlock_create_ruleset
| 
| /* Override any GCC internal prototype to avoid an error.
|    Use char because int might match the return type of a GCC
|    builtin and then its argument prototype would still apply.  */
| #ifdef __cplusplus
| extern "C"
| #endif
| char landlock_create_ruleset ();
| /* The GNU C library defines this for functions which it implements
|     to always fail with ENOSYS.  Some functions are actually named
|     something starting with __ and the normal name is an alias.  */
| #if defined __stub_landlock_create_ruleset || defined __stub___landlock_create_ruleset
| choke me
| #endif
| 
| int
| main (void)
| {
| return landlock_create_ruleset ();
|   ;
|   return 0;
| }
configure:26256: result: no
configure:26262: checking for landlock_add_rule
configure:26262: gcc -o conftest -g -O2 -I/home/sonakrie/Work/testicular_linux/util-linux/../fs/usr/include -L/home/sonakrie/Work/testicular_linux/util-linux/../fs/usr/lib conftest.c  >&5
/usr/lib/gcc/x86_64-alpine-linux-musl/15.2.0/../../../../x86_64-alpine-linux-musl/bin/ld: /tmp/ccKEDbCK.o: in function `main':
/home/sonakrie/Work/testicular_linux/util-linux/conftest.c:169:(.text.startup+0x5): undefined reference to `landlock_add_rule'
collect2: error: ld returned 1 exit status
configure:26262: $? = 1
configure: failed program was:
| /* confdefs.h */
| #define PACKAGE_NAME "util-linux"
| #define PACKAGE_TARNAME "util-linux"
| #define PACKAGE_VERSION "2.40.2"
| #define PACKAGE_STRING "util-linux 2.40.2"
| #define PACKAGE_BUGREPORT "kzak@redhat.com"
| #define PACKAGE_URL "https://www.kernel.org/pub/linux/utils/util-linux/"
| #define HAVE_STDIO_H 1
| #define HAVE_STDLIB_H 1
| #define HAVE_STRING_H 1
| #define HAVE_INTTYPES_H 1
| #define HAVE_STDINT_H 1
| #define HAVE_STRINGS_H 1
| #define HAVE_SYS_STAT_H 1
| #define HAVE_SYS_TYPES_H 1
| #define HAVE_UNISTD_H 1
| #define HAVE_WCHAR_H 1
| #define STDC_HEADERS 1
| #define _ALL_SOURCE 1
| #define _DARWIN_C_SOURCE 1
| #define _GNU_SOURCE 1
| #define _HPUX_ALT_XOPEN_SOCKET_API 1
| #define _NETBSD_SOURCE 1
| #define _OPENBSD_SOURCE 1
| #define _POSIX_PTHREAD_SEMANTICS 1
| #define __STDC_WANT_IEC_60559_ATTRIBS_EXT__ 1
| #define __STDC_WANT_IEC_60559_BFP_EXT__ 1
| #define __STDC_WANT_IEC_60559_DFP_EXT__ 1
| #define __STDC_WANT_IEC_60559_FUNCS_EXT__ 1
| #define __STDC_WANT_IEC_60559_TYPES_EXT__ 1
| #define __STDC_WANT_LIB_EXT2__ 1
| #define __STDC_WANT_MATH_SPEC_FUNCS__ 1
| #define _TANDEM_SOURCE 1
| #define __EXTENSIONS__ 1
| #define PACKAGE "util-linux"
| #define VERSION "2.40.2"
| #define HAVE_DLFCN_H 1
| #define LT_OBJDIR ".libs/"
| #define HAVE_STRUCT_TM_TM_ZONE 1
| #define HAVE_TM_ZONE 1
| #define HAVE_ICONV 1
| #define HAVE_LINUX_BLKPG_H 1
| #define HAVE_LINUX_MAJOR_H 1
| #define HAVE_ASM_GENERIC_FCNTL_H 1
| #define HAVE_ASM_FCNTL_H 1
| #define HAVE_BYTESWAP_H 1
| #define HAVE_ENDIAN_H 1
| #define HAVE_ERR_H 1
| #define HAVE_ERRNO_H 1
| #define HAVE_FCNTL_H 1
| #define HAVE_GETOPT_H 1
| #define HAVE_INTTYPES_H 1
| #define HAVE_LASTLOG_H 1
| #define HAVE_LINUX_BLKZONED_H 1
| #define HAVE_LINUX_BTRFS_H 1
| #define HAVE_LINUX_CAPABILITY_H 1
| #define HAVE_LINUX_CDROM_H 1
| #define HAVE_LINUX_FALLOC_H 1
| #define HAVE_LINUX_FD_H 1
| #define HAVE_LINUX_FIEMAP_H 1
| #define HAVE_LINUX_LANDLOCK_H 1
| #define HAVE_LINUX_KCMP_H 1
| #define HAVE_LINUX_NET_NAMESPACE_H 1
| #define HAVE_LINUX_NSFS_H 1
| #define HAVE_LINUX_PR_H 1
| #define HAVE_LINUX_SECUREBITS_H 1
| #define HAVE_LINUX_TIOCL_H 1
| #define HAVE_LINUX_VERSION_H 1
| #define HAVE_LINUX_WATCHDOG_H 1
| #define HAVE_LINUX_IF_ALG_H 1
| #define HAVE_LOCALE_H 1
| #define HAVE_MNTENT_H 1
| #define HAVE_NET_IF_H 1
| #define HAVE_NETINET_IN_H 1
| #define HAVE_PATHS_H 1
| #define HAVE_PTY_H 1
| #define HAVE_SECURITY_PAM_APPL_H 1
| #define HAVE_SECURITY_PAM_MODULES_H 1
| #define HAVE_SHADOW_H 1
| #define HAVE_STDINT_H 1
| #define HAVE_STDIO_EXT_H 1
| #define HAVE_STDLIB_H 1
| #define HAVE_SYS_FILE_H 1
| #define HAVE_SYS_IOCTL_H 1
| #define HAVE_SYS_IO_H 1
| #define HAVE_SYS_MOUNT_H 1
| #define HAVE_SYS_PARAM_H 1
| #define HAVE_SYS_PRCTL_H 1
| #define HAVE_SYS_RESOURCE_H 1
| #define HAVE_SYS_SENDFILE_H 1
| #define HAVE_SYS_SIGNALFD_H 1
| #define HAVE_SYS_SOCKET_H 1
| #define HAVE_SYS_STAT_H 1
| #define HAVE_SYS_STATFS_H 1
| #define HAVE_SYS_SWAP_H 1
| #define HAVE_SYS_SYSCALL_H 1
| #define HAVE_SYS_SYSMACROS_H 1
| #define HAVE_SYS_TIME_H 1
| #define HAVE_SYS_TIMEX_H 1
| #define HAVE_SYS_TTYDEFAULTS_H 1
| #define HAVE_SYS_TYPES_H 1
| #define HAVE_SYS_UN_H 1
| #define HAVE_SYS_VFS_H 1
| #define HAVE_SYS_XATTR_H 1
| #define HAVE_UNISTD_H 1
| #define HAVE_UTMP_H 1
| #define HAVE_UTMPX_H 1
| #define HAVE_LINUX_FS_H 1
| #define HAVE_LINUX_MOUNT_H 1
| #define HAVE_LINUX_GSMMUX_H 1
| #define HAVE_SECURITY_PAM_MISC_H 1
| #define HAVE_DECL_BLK_ZONE_REP_CAPACITY 1
| #define HAVE_DECL_PR_REP_CAPACITY 0
| #define HAVE_LANGINFO_H 1
| #define HAVE_TM_GMTOFF 1
| #define HAVE_STRUCT_MOUNT_ATTR 1
| #define HAVE_ENUM_FSCONFIG_COMMAND 1
| #define HAVE_STRUCT_TERMIOS_C_LINE 1
| #define HAVE_STRUCT_STAT_ST_MTIM_TV_NSEC 1
| #define HAVE_STRUCT_STATX 1
| #define HAVE_STRUCT_STATX_STX_MNT_ID 1
| #define HAVE_DECL__NL_TIME_WEEK_1STDAY 0
| #define HAVE_ENVIRON_DECL 1
| #define HAVE_STRSIGNAL_DECL 1
| #define HAVE_CLEARENV 1
| #define HAVE_EACCESS 1
| #define HAVE_ERR 1
| #define HAVE_ERRX 1
| #define HAVE_EXPLICIT_BZERO 1
| #define HAVE___FPENDING 1
| #define HAVE___FPURGE 1
| #define HAVE_FPURGE 1
| #define HAVE_FNMATCH 1
| #define HAVE_FSYNC 1
| #define HAVE_GETDOMAINNAME 1
| #define HAVE_GETDTABLESIZE 1
| #define HAVE_GETRANDOM 1
| #define HAVE_GETRLIMIT 1
| #define HAVE_INOTIFY_INIT 1
| #define HAVE_JRAND48 1
| /* end confdefs.h.  */
| /* Define landlock_add_rule to an innocuous variant, in case <limits.h> declares landlock_add_rule.
|    For example, HP-UX 11i <limits.h> declares gettimeofday.  */
| #define landlock_add_rule innocuous_landlock_add_rule
| 
| /* System header to define __stub macros and hopefully few prototypes,
|    which can conflict with char landlock_add_rule (); below.  */
| 
| #include <limits.h>
| #undef landlock_add_rule
| 
| /* Override any GCC internal prototype to avoid an error.
|    Use char because int might match the return type of a GCC
|    builtin and then its argument prototype would still apply.  */
| #ifdef __cplusplus
| extern "C"
| #endif
| char landlock_add_rule ();
| /* The GNU C library defines this for functions which it implements
|     to always fail with ENOSYS.  Some functions are actually named
|     something starting with __ and the normal name is an alias.  */
| #if defined __stub_landlock_add_rule || defined __stub___landlock_add_rule
| choke me
| #endif
| 
| int
| main (void)
| {
| return landlock_add_rule ();
|   ;
|   return 0;
| }
configure:26262: result: no
configure:26268: checking for landlock_restrict_self
configure:26268: gcc -o conftest -g -O2 -I/home/sonakrie/Work/testicular_linux/util-linux/../fs/usr/include -L/home/sonakrie/Work/testicular_linux/util-linux/../fs/usr/lib conftest.c  >&5
/usr/lib/gcc/x86_64-alpine-linux-musl/15.2.0/../../../../x86_64-alpine-linux-musl/bin/ld: /tmp/ccImKNGL.o: in function `main':
/home/sonakrie/Work/testicular_linux/util-linux/conftest.c:169:(.text.startup+0x5): undefined reference to `landlock_restrict_self'
collect2: error: ld returned 1 exit status
configure:26268: $? = 1
configure: failed program was:
| /* confdefs.h */
| #define PACKAGE_NAME "util-linux"
| #define PACKAGE_TARNAME "util-linux"
| #define PACKAGE_VERSION "2.40.2"
| #define PACKAGE_STRING "util-linux 2.40.2"
| #define PACKAGE_BUGREPORT "kzak@redhat.com"
| #define PACKAGE_URL "https://www.kernel.org/pub/linux/utils/util-linux/"
| #define HAVE_STDIO_H 1
| #define HAVE_STDLIB_H 1
| #define HAVE_STRING_H 1
| #define HAVE_INTTYPES_H 1
| #define HAVE_STDINT_H 1
| #define HAVE_STRINGS_H 1
| #define HAVE_SYS_STAT_H 1
| #define HAVE_SYS_TYPES_H 1
| #define HAVE_UNISTD_H 1
| #define HAVE_WCHAR_H 1
| #define STDC_HEADERS 1
| #define _ALL_SOURCE 1
| #define _DARWIN_C_SOURCE 1
| #define _GNU_SOURCE 1
| #define _HPUX_ALT_XOPEN_SOCKET_API 1
| #define _NETBSD_SOURCE 1
| #define _OPENBSD_SOURCE 1
| #define _POSIX_PTHREAD_SEMANTICS 1
| #define __STDC_WANT_IEC_60559_ATTRIBS_EXT__ 1
| #define __STDC_WANT_IEC_60559_BFP_EXT__ 1
| #define __STDC_WANT_IEC_60559_DFP_EXT__ 1
| #define __STDC_WANT_IEC_60559_FUNCS_EXT__ 1
| #define __STDC_WANT_IEC_60559_TYPES_EXT__ 1
| #define __STDC_WANT_LIB_EXT2__ 1
| #define __STDC_WANT_MATH_SPEC_FUNCS__ 1
| #define _TANDEM_SOURCE 1
| #define __EXTENSIONS__ 1
| #define PACKAGE "util-linux"
| #define VERSION "2.40.2"
| #define HAVE_DLFCN_H 1
| #define LT_OBJDIR ".libs/"
| #define HAVE_STRUCT_TM_TM_ZONE 1
| #define HAVE_TM_ZONE 1
| #define HAVE_ICONV 1
| #define HAVE_LINUX_BLKPG_H 1
| #define HAVE_LINUX_MAJOR_H 1
| #define HAVE_ASM_GENERIC_FCNTL_H 1
| #define HAVE_ASM_FCNTL_H 1
| #define HAVE_BYTESWAP_H 1
| #define HAVE_ENDIAN_H 1
| #define HAVE_ERR_H 1
| #define HAVE_ERRNO_H 1
| #define HAVE_FCNTL_H 1
| #define HAVE_GETOPT_H 1
| #define HAVE_INTTYPES_H 1
| #define HAVE_LASTLOG_H 1
| #define HAVE_LINUX_BLKZONED_H 1
| #define HAVE_LINUX_BTRFS_H 1
| #define HAVE_LINUX_CAPABILITY_H 1
| #define HAVE_LINUX_CDROM_H 1
| #define HAVE_LINUX_FALLOC_H 1
| #define HAVE_LINUX_FD_H 1
| #define HAVE_LINUX_FIEMAP_H 1
| #define HAVE_LINUX_LANDLOCK_H 1
| #define HAVE_LINUX_KCMP_H 1
| #define HAVE_LINUX_NET_NAMESPACE_H 1
| #define HAVE_LINUX_NSFS_H 1
| #define HAVE_LINUX_PR_H 1
| #define HAVE_LINUX_SECUREBITS_H 1
| #define HAVE_LINUX_TIOCL_H 1
| #define HAVE_LINUX_VERSION_H 1
| #define HAVE_LINUX_WATCHDOG_H 1
| #define HAVE_LINUX_IF_ALG_H 1
| #define HAVE_LOCALE_H 1
| #define HAVE_MNTENT_H 1
| #define HAVE_NET_IF_H 1
| #define HAVE_NETINET_IN_H 1
| #define HAVE_PATHS_H 1
| #define HAVE_PTY_H 1
| #define HAVE_SECURITY_PAM_APPL_H 1
| #define HAVE_SECURITY_PAM_MODULES_H 1
| #define HAVE_SHADOW_H 1
| #define HAVE_STDINT_H 1
| #define HAVE_STDIO_EXT_H 1
| #define HAVE_STDLIB_H 1
| #define HAVE_SYS_FILE_H 1
| #define HAVE_SYS_IOCTL_H 1
| #define HAVE_SYS_IO_H 1
| #define HAVE_SYS_MOUNT_H 1
| #define HAVE_SYS_PARAM_H 1
| #define HAVE_SYS_PRCTL_H 1
| #define HAVE_SYS_RESOURCE_H 1
| #define HAVE_SYS_SENDFILE_H 1
| #define HAVE_SYS_SIGNALFD_H 1
| #define HAVE_SYS_SOCKET_H 1
| #define HAVE_SYS_STAT_H 1
| #define HAVE_SYS_STATFS_H 1
| #define HAVE_SYS_SWAP_H 1
| #define HAVE_SYS_SYSCALL_H 1
| #define HAVE_SYS_SYSMACROS_H 1
| #define HAVE_SYS_TIME_H 1
| #define HAVE_SYS_TIMEX_H 1
| #define HAVE_SYS_TTYDEFAULTS_H 1
| #define HAVE_SYS_TYPES_H 1
| #define HAVE_SYS_UN_H 1
| #define HAVE_SYS_VFS_H 1
| #define HAVE_SYS_XATTR_H 1
| #define HAVE_UNISTD_H 1
| #define HAVE_UTMP_H 1
| #define HAVE_UTMPX_H 1
| #define HAVE_LINUX_FS_H 1
| #define HAVE_LINUX_MOUNT_H 1
| #define HAVE_LINUX_GSMMUX_H 1
| #define HAVE_SECURITY_PAM_MISC_H 1
| #define HAVE_DECL_BLK_ZONE_REP_CAPACITY 1
| #define HAVE_DECL_PR_REP_CAPACITY 0
| #define HAVE_LANGINFO_H 1
| #define HAVE_TM_GMTOFF 1
| #define HAVE_STRUCT_MOUNT_ATTR 1
| #define HAVE_ENUM_FSCONFIG_COMMAND 1
| #define HAVE_STRUCT_TERMIOS_C_LINE 1
| #define HAVE_STRUCT_STAT_ST_MTIM_TV_NSEC 1
| #define HAVE_STRUCT_STATX 1
| #define HAVE_STRUCT_STATX_STX_MNT_ID 1
| #define HAVE_DECL__NL_TIME_WEEK_1STDAY 0
| #define HAVE_ENVIRON_DECL 1
| #define HAVE_STRSIGNAL_DECL 1
| #define HAVE_CLEARENV 1
| #define HAVE_EACCESS 1
| #define HAVE_ERR 1
| #define HAVE_ERRX 1
| #define HAVE_EXPLICIT_BZERO 1
| #define HAVE___FPENDING 1
| #define HAVE___FPURGE 1
| #define HAVE_FPURGE 1
| #define HAVE_FNMATCH 1
| #define HAVE_FSYNC 1
| #define HAVE_GETDOMAINNAME 1
| #define HAVE_GETDTABLESIZE 1
| #define HAVE_GETRANDOM 1
| #define HAVE_GETRLIMIT 1
| #define HAVE_INOTIFY_INIT 1
| #define HAVE_JRAND48 1
| /* end confdefs.h.  */
| /* Define landlock_restrict_self to an innocuous variant, in case <limits.h> declares landlock_restrict_self.
|    For example, HP-UX 11i <limits.h> declares gettimeofday.  */
| #define landlock_restrict_self innocuous_landlock_restrict_self
| 
| /* System header to define __stub macros and hopefully few prototypes,
|    which can conflict with char landlock_restrict_self (); below.  */
| 
| #include <limits.h>
| #undef landlock_restrict_self
| 
| /* Override any GCC internal prototype to avoid an error.
|    Use char because int might match the return type of a GCC
|    builtin and then its argument prototype would still apply.  */
| #ifdef __cplusplus
| extern "C"
| #endif
| char landlock_restrict_self ();
| /* The GNU C library defines this for functions which it implements
|     to always fail with ENOSYS.  Some functions are actually named
|     something starting with __ and the normal name is an alias.  */
| #if defined __stub_landlock_restrict_self || defined __stub___landlock_restrict_self
| choke me
| #endif
| 
| int
| main (void)
| {
| return landlock_restrict_self ();
|   ;
|   return 0;
| }
configure:26268: result: no
configure:26274: checking for lchown
configure:26274: gcc -o conftest -g -O2 -I/home/sonakrie/Work/testicular_linux/util-linux/../fs/usr/include -L/home/sonakrie/Work/testicular_linux/util-linux/../fs/usr/lib conftest.c  >&5
configure:26274: $? = 0
configure:26274: result: yes
configure:26280: checking for lgetxattr
configure:26280: gcc -o conftest -g -O2 -I/home/sonakrie/Work/testicular_linux/util-linux/../fs/usr/include -L/home/sonakrie/Work/testicular_linux/util-linux/../fs/usr/lib conftest.c  >&5
configure:26280: $? = 0
configure:26280: result: yes
configure:26286: checking for llistxattr
configure:26286: gcc -o conftest -g -O2 -I/home/sonakrie/Work/testicular_linux/util-linux/../fs/usr/include -L/home/sonakrie/Work/testicular_linux/util-linux/../fs/usr/lib conftest.c  >&5
configure:26286: $? = 0
configure:26286: result: yes
configure:26292: checking for llseek
configure:26292: gcc -o conftest -g -O2 -I/home/sonakrie/Work/testicular_linux/util-linux/../fs/usr/include -L/home/sonakrie/Work/testicular_linux/util-linux/../fs/usr/lib conftest.c  >&5
/usr/lib/gcc/x86_64-alpine-linux-musl/15.2.0/../../../../x86_64-alpine-linux-musl/bin/ld: /tmp/ccJmBJAa.o: in function `main':
/home/sonakrie/Work/testicular_linux/util-linux/conftest.c:172:(.text.startup+0x5): undefined reference to `llseek'
collect2: error: ld returned 1 exit status
configure:26292: $? = 1
configure: failed program was:
| /* confdefs.h */
| #define PACKAGE_NAME "util-linux"
| #define PACKAGE_TARNAME "util-linux"
| #define PACKAGE_VERSION "2.40.2"
| #define PACKAGE_STRING "util-linux 2.40.2"
| #define PACKAGE_BUGREPORT "kzak@redhat.com"
| #define PACKAGE_URL "https://www.kernel.org/pub/linux/utils/util-linux/"
| #define HAVE_STDIO_H 1
| #define HAVE_STDLIB_H 1
| #define HAVE_STRING_H 1
| #define HAVE_INTTYPES_H 1
| #define HAVE_STDINT_H 1
| #define HAVE_STRINGS_H 1
| #define HAVE_SYS_STAT_H 1
| #define HAVE_SYS_TYPES_H 1
| #define HAVE_UNISTD_H 1
| #define HAVE_WCHAR_H 1
| #define STDC_HEADERS 1
| #define _ALL_SOURCE 1
| #define _DARWIN_C_SOURCE 1
| #define _GNU_SOURCE 1
| #define _HPUX_ALT_XOPEN_SOCKET_API 1
| #define _NETBSD_SOURCE 1
| #define _OPENBSD_SOURCE 1
| #define _POSIX_PTHREAD_SEMANTICS 1
| #define __STDC_WANT_IEC_60559_ATTRIBS_EXT__ 1
| #define __STDC_WANT_IEC_60559_BFP_EXT__ 1
| #define __STDC_WANT_IEC_60559_DFP_EXT__ 1
| #define __STDC_WANT_IEC_60559_FUNCS_EXT__ 1
| #define __STDC_WANT_IEC_60559_TYPES_EXT__ 1
| #define __STDC_WANT_LIB_EXT2__ 1
| #define __STDC_WANT_MATH_SPEC_FUNCS__ 1
| #define _TANDEM_SOURCE 1
| #define __EXTENSIONS__ 1
| #define PACKAGE "util-linux"
| #define VERSION "2.40.2"
| #define HAVE_DLFCN_H 1
| #define LT_OBJDIR ".libs/"
| #define HAVE_STRUCT_TM_TM_ZONE 1
| #define HAVE_TM_ZONE 1
| #define HAVE_ICONV 1
| #define HAVE_LINUX_BLKPG_H 1
| #define HAVE_LINUX_MAJOR_H 1
| #define HAVE_ASM_GENERIC_FCNTL_H 1
| #define HAVE_ASM_FCNTL_H 1
| #define HAVE_BYTESWAP_H 1
| #define HAVE_ENDIAN_H 1
| #define HAVE_ERR_H 1
| #define HAVE_ERRNO_H 1
| #define HAVE_FCNTL_H 1
| #define HAVE_GETOPT_H 1
| #define HAVE_INTTYPES_H 1
| #define HAVE_LASTLOG_H 1
| #define HAVE_LINUX_BLKZONED_H 1
| #define HAVE_LINUX_BTRFS_H 1
| #define HAVE_LINUX_CAPABILITY_H 1
| #define HAVE_LINUX_CDROM_H 1
| #define HAVE_LINUX_FALLOC_H 1
| #define HAVE_LINUX_FD_H 1
| #define HAVE_LINUX_FIEMAP_H 1
| #define HAVE_LINUX_LANDLOCK_H 1
| #define HAVE_LINUX_KCMP_H 1
| #define HAVE_LINUX_NET_NAMESPACE_H 1
| #define HAVE_LINUX_NSFS_H 1
| #define HAVE_LINUX_PR_H 1
| #define HAVE_LINUX_SECUREBITS_H 1
| #define HAVE_LINUX_TIOCL_H 1
| #define HAVE_LINUX_VERSION_H 1
| #define HAVE_LINUX_WATCHDOG_H 1
| #define HAVE_LINUX_IF_ALG_H 1
| #define HAVE_LOCALE_H 1
| #define HAVE_MNTENT_H 1
| #define HAVE_NET_IF_H 1
| #define HAVE_NETINET_IN_H 1
| #define HAVE_PATHS_H 1
| #define HAVE_PTY_H 1
| #define HAVE_SECURITY_PAM_APPL_H 1
| #define HAVE_SECURITY_PAM_MODULES_H 1
| #define HAVE_SHADOW_H 1
| #define HAVE_STDINT_H 1
| #define HAVE_STDIO_EXT_H 1
| #define HAVE_STDLIB_H 1
| #define HAVE_SYS_FILE_H 1
| #define HAVE_SYS_IOCTL_H 1
| #define HAVE_SYS_IO_H 1
| #define HAVE_SYS_MOUNT_H 1
| #define HAVE_SYS_PARAM_H 1
| #define HAVE_SYS_PRCTL_H 1
| #define HAVE_SYS_RESOURCE_H 1
| #define HAVE_SYS_SENDFILE_H 1
| #define HAVE_SYS_SIGNALFD_H 1
| #define HAVE_SYS_SOCKET_H 1
| #define HAVE_SYS_STAT_H 1
| #define HAVE_SYS_STATFS_H 1
| #define HAVE_SYS_SWAP_H 1
| #define HAVE_SYS_SYSCALL_H 1
| #define HAVE_SYS_SYSMACROS_H 1
| #define HAVE_SYS_TIME_H 1
| #define HAVE_SYS_TIMEX_H 1
| #define HAVE_SYS_TTYDEFAULTS_H 1
| #define HAVE_SYS_TYPES_H 1
| #define HAVE_SYS_UN_H 1
| #define HAVE_SYS_VFS_H 1
| #define HAVE_SYS_XATTR_H 1
| #define HAVE_UNISTD_H 1
| #define HAVE_UTMP_H 1
| #define HAVE_UTMPX_H 1
| #define HAVE_LINUX_FS_H 1
| #define HAVE_LINUX_MOUNT_H 1
| #define HAVE_LINUX_GSMMUX_H 1
| #define HAVE_SECURITY_PAM_MISC_H 1
| #define HAVE_DECL_BLK_ZONE_REP_CAPACITY 1
| #define HAVE_DECL_PR_REP_CAPACITY 0
| #define HAVE_LANGINFO_H 1
| #define HAVE_TM_GMTOFF 1
| #define HAVE_STRUCT_MOUNT_ATTR 1
| #define HAVE_ENUM_FSCONFIG_COMMAND 1
| #define HAVE_STRUCT_TERMIOS_C_LINE 1
| #define HAVE_STRUCT_STAT_ST_MTIM_TV_NSEC 1
| #define HAVE_STRUCT_STATX 1
| #define HAVE_STRUCT_STATX_STX_MNT_ID 1
| #define HAVE_DECL__NL_TIME_WEEK_1STDAY 0
| #define HAVE_ENVIRON_DECL 1
| #define HAVE_STRSIGNAL_DECL 1
| #define HAVE_CLEARENV 1
| #define HAVE_EACCESS 1
| #define HAVE_ERR 1
| #define HAVE_ERRX 1
| #define HAVE_EXPLICIT_BZERO 1
| #define HAVE___FPENDING 1
| #define HAVE___FPURGE 1
| #define HAVE_FPURGE 1
| #define HAVE_FNMATCH 1
| #define HAVE_FSYNC 1
| #define HAVE_GETDOMAINNAME 1
| #define HAVE_GETDTABLESIZE 1
| #define HAVE_GETRANDOM 1
| #define HAVE_GETRLIMIT 1
| #define HAVE_INOTIFY_INIT 1
| #define HAVE_JRAND48 1
| #define HAVE_LCHOWN 1
| #define HAVE_LGETXATTR 1
| #define HAVE_LLISTXATTR 1
| /* end confdefs.h.  */
| /* Define llseek to an innocuous variant, in case <limits.h> declares llseek.
|    For example, HP-UX 11i <limits.h> declares gettimeofday.  */
| #define llseek innocuous_llseek
| 
| /* System header to define __stub macros and hopefully few prototypes,
|    which can conflict with char llseek (); below.  */
| 
| #include <limits.h>
| #undef llseek
| 
| /* Override any GCC internal prototype to avoid an error.
|    Use char because int might match the return type of a GCC
|    builtin and then its argument prototype would still apply.  */
| #ifdef __cplusplus
| extern "C"
| #endif
| char llseek ();
| /* The GNU C library defines this for functions which it implements
|     to always fail with ENOSYS.  Some functions are actually named
|     something starting with __ and the normal name is an alias.  */
| #if defined __stub_llseek || defined __stub___llseek
| choke me
| #endif
| 
| int
| main (void)
| {
| return llseek ();
|   ;
|   return 0;
| }
configure:26292: result: no
configure:26298: checking for newlocale
configure:26298: gcc -o conftest -g -O2 -I/home/sonakrie/Work/testicular_linux/util-linux/../fs/usr/include -L/home/sonakrie/Work/testicular_linux/util-linux/../fs/usr/lib conftest.c  >&5
configure:26298: $? = 0
configure:26298: result: yes
configure:26304: checking for mempcpy
configure:26304: gcc -o conftest -g -O2 -I/home/sonakrie/Work/testicular_linux/util-linux/../fs/usr/include -L/home/sonakrie/Work/testicular_linux/util-linux/../fs/usr/lib conftest.c  >&5
conftest.c:162:6: warning: conflicting types for built-in function 'mempcpy'; expected 'void *(void *, const void *, long unsigned int)' [-Wbuiltin-declaration-mismatch]
  162 | char mempcpy ();
      |      ^~~~~~~
configure:26304: $? = 0
configure:26304: result: yes
configure:26310: checking for mkostemp
configure:26310: gcc -o conftest -g -O2 -I/home/sonakrie/Work/testicular_linux/util-linux/../fs/usr/include -L/home/sonakrie/Work/testicular_linux/util-linux/../fs/usr/lib conftest.c  >&5
configure:26310: $? = 0
configure:26310: result: yes
configure:26316: checking for move_mount
configure:26316: gcc -o conftest -g -O2 -I/home/sonakrie/Work/testicular_linux/util-linux/../fs/usr/include -L/home/sonakrie/Work/testicular_linux/util-linux/../fs/usr/lib conftest.c  >&5
/usr/lib/gcc/x86_64-alpine-linux-musl/15.2.0/../../../../x86_64-alpine-linux-musl/bin/ld: /tmp/ccbIBiNe.o: in function `main':
/home/sonakrie/Work/testicular_linux/util-linux/conftest.c:175:(.text.startup+0x5): undefined reference to `move_mount'
collect2: error: ld returned 1 exit status
configure:26316: $? = 1
configure: failed program was:
| /* confdefs.h */
| #define PACKAGE_NAME "util-linux"
| #define PACKAGE_TARNAME "util-linux"
| #define PACKAGE_VERSION "2.40.2"
| #define PACKAGE_STRING "util-linux 2.40.2"
| #define PACKAGE_BUGREPORT "kzak@redhat.com"
| #define PACKAGE_URL "https://www.kernel.org/pub/linux/utils/util-linux/"
| #define HAVE_STDIO_H 1
| #define HAVE_STDLIB_H 1
| #define HAVE_STRING_H 1
| #define HAVE_INTTYPES_H 1
| #define HAVE_STDINT_H 1
| #define HAVE_STRINGS_H 1
| #define HAVE_SYS_STAT_H 1
| #define HAVE_SYS_TYPES_H 1
| #define HAVE_UNISTD_H 1
| #define HAVE_WCHAR_H 1
| #define STDC_HEADERS 1
| #define _ALL_SOURCE 1
| #define _DARWIN_C_SOURCE 1
| #define _GNU_SOURCE 1
| #define _HPUX_ALT_XOPEN_SOCKET_API 1
| #define _NETBSD_SOURCE 1
| #define _OPENBSD_SOURCE 1
| #define _POSIX_PTHREAD_SEMANTICS 1
| #define __STDC_WANT_IEC_60559_ATTRIBS_EXT__ 1
| #define __STDC_WANT_IEC_60559_BFP_EXT__ 1
| #define __STDC_WANT_IEC_60559_DFP_EXT__ 1
| #define __STDC_WANT_IEC_60559_FUNCS_EXT__ 1
| #define __STDC_WANT_IEC_60559_TYPES_EXT__ 1
| #define __STDC_WANT_LIB_EXT2__ 1
| #define __STDC_WANT_MATH_SPEC_FUNCS__ 1
| #define _TANDEM_SOURCE 1
| #define __EXTENSIONS__ 1
| #define PACKAGE "util-linux"
| #define VERSION "2.40.2"
| #define HAVE_DLFCN_H 1
| #define LT_OBJDIR ".libs/"
| #define HAVE_STRUCT_TM_TM_ZONE 1
| #define HAVE_TM_ZONE 1
| #define HAVE_ICONV 1
| #define HAVE_LINUX_BLKPG_H 1
| #define HAVE_LINUX_MAJOR_H 1
| #define HAVE_ASM_GENERIC_FCNTL_H 1
| #define HAVE_ASM_FCNTL_H 1
| #define HAVE_BYTESWAP_H 1
| #define HAVE_ENDIAN_H 1
| #define HAVE_ERR_H 1
| #define HAVE_ERRNO_H 1
| #define HAVE_FCNTL_H 1
| #define HAVE_GETOPT_H 1
| #define HAVE_INTTYPES_H 1
| #define HAVE_LASTLOG_H 1
| #define HAVE_LINUX_BLKZONED_H 1
| #define HAVE_LINUX_BTRFS_H 1
| #define HAVE_LINUX_CAPABILITY_H 1
| #define HAVE_LINUX_CDROM_H 1
| #define HAVE_LINUX_FALLOC_H 1
| #define HAVE_LINUX_FD_H 1
| #define HAVE_LINUX_FIEMAP_H 1
| #define HAVE_LINUX_LANDLOCK_H 1
| #define HAVE_LINUX_KCMP_H 1
| #define HAVE_LINUX_NET_NAMESPACE_H 1
| #define HAVE_LINUX_NSFS_H 1
| #define HAVE_LINUX_PR_H 1
| #define HAVE_LINUX_SECUREBITS_H 1
| #define HAVE_LINUX_TIOCL_H 1
| #define HAVE_LINUX_VERSION_H 1
| #define HAVE_LINUX_WATCHDOG_H 1
| #define HAVE_LINUX_IF_ALG_H 1
| #define HAVE_LOCALE_H 1
| #define HAVE_MNTENT_H 1
| #define HAVE_NET_IF_H 1
| #define HAVE_NETINET_IN_H 1
| #define HAVE_PATHS_H 1
| #define HAVE_PTY_H 1
| #define HAVE_SECURITY_PAM_APPL_H 1
| #define HAVE_SECURITY_PAM_MODULES_H 1
| #define HAVE_SHADOW_H 1
| #define HAVE_STDINT_H 1
| #define HAVE_STDIO_EXT_H 1
| #define HAVE_STDLIB_H 1
| #define HAVE_SYS_FILE_H 1
| #define HAVE_SYS_IOCTL_H 1
| #define HAVE_SYS_IO_H 1
| #define HAVE_SYS_MOUNT_H 1
| #define HAVE_SYS_PARAM_H 1
| #define HAVE_SYS_PRCTL_H 1
| #define HAVE_SYS_RESOURCE_H 1
| #define HAVE_SYS_SENDFILE_H 1
| #define HAVE_SYS_SIGNALFD_H 1
| #define HAVE_SYS_SOCKET_H 1
| #define HAVE_SYS_STAT_H 1
| #define HAVE_SYS_STATFS_H 1
| #define HAVE_SYS_SWAP_H 1
| #define HAVE_SYS_SYSCALL_H 1
| #define HAVE_SYS_SYSMACROS_H 1
| #define HAVE_SYS_TIME_H 1
| #define HAVE_SYS_TIMEX_H 1
| #define HAVE_SYS_TTYDEFAULTS_H 1
| #define HAVE_SYS_TYPES_H 1
| #define HAVE_SYS_UN_H 1
| #define HAVE_SYS_VFS_H 1
| #define HAVE_SYS_XATTR_H 1
| #define HAVE_UNISTD_H 1
| #define HAVE_UTMP_H 1
| #define HAVE_UTMPX_H 1
| #define HAVE_LINUX_FS_H 1
| #define HAVE_LINUX_MOUNT_H 1
| #define HAVE_LINUX_GSMMUX_H 1
| #define HAVE_SECURITY_PAM_MISC_H 1
| #define HAVE_DECL_BLK_ZONE_REP_CAPACITY 1
| #define HAVE_DECL_PR_REP_CAPACITY 0
| #define HAVE_LANGINFO_H 1
| #define HAVE_TM_GMTOFF 1
| #define HAVE_STRUCT_MOUNT_ATTR 1
| #define HAVE_ENUM_FSCONFIG_COMMAND 1
| #define HAVE_STRUCT_TERMIOS_C_LINE 1
| #define HAVE_STRUCT_STAT_ST_MTIM_TV_NSEC 1
| #define HAVE_STRUCT_STATX 1
| #define HAVE_STRUCT_STATX_STX_MNT_ID 1
| #define HAVE_DECL__NL_TIME_WEEK_1STDAY 0
| #define HAVE_ENVIRON_DECL 1
| #define HAVE_STRSIGNAL_DECL 1
| #define HAVE_CLEARENV 1
| #define HAVE_EACCESS 1
| #define HAVE_ERR 1
| #define HAVE_ERRX 1
| #define HAVE_EXPLICIT_BZERO 1
| #define HAVE___FPENDING 1
| #define HAVE___FPURGE 1
| #define HAVE_FPURGE 1
| #define HAVE_FNMATCH 1
| #define HAVE_FSYNC 1
| #define HAVE_GETDOMAINNAME 1
| #define HAVE_GETDTABLESIZE 1
| #define HAVE_GETRANDOM 1
| #define HAVE_GETRLIMIT 1
| #define HAVE_INOTIFY_INIT 1
| #define HAVE_JRAND48 1
| #define HAVE_LCHOWN 1
| #define HAVE_LGETXATTR 1
| #define HAVE_LLISTXATTR 1
| #define HAVE_NEWLOCALE 1
| #define HAVE_MEMPCPY 1
| #define HAVE_MKOSTEMP 1
| /* end confdefs.h.  */
| /* Define move_mount to an innocuous variant, in case <limits.h> declares move_mount.
|    For example, HP-UX 11i <limits.h> declares gettimeofday.  */
| #define move_mount innocuous_move_mount
| 
| /* System header to define __stub macros and hopefully few prototypes,
|    which can conflict with char move_mount (); below.  */
| 
| #include <limits.h>
| #undef move_mount
| 
| /* Override any GCC internal prototype to avoid an error.
|    Use char because int might match the return type of a GCC
|    builtin and then its argument prototype would still apply.  */
| #ifdef __cplusplus
| extern "C"
| #endif
| char move_mount ();
| /* The GNU C library defines this for functions which it implements
|     to always fail with ENOSYS.  Some functions are actually named
|     something starting with __ and the normal name is an alias.  */
| #if defined __stub_move_mount || defined __stub___move_mount
| choke me
| #endif
| 
| int
| main (void)
| {
| return move_mount ();
|   ;
|   return 0;
| }
configure:26316: result: no
configure:26322: checking for mount_setattr
configure:26322: gcc -o conftest -g -O2 -I/home/sonakrie/Work/testicular_linux/util-linux/../fs/usr/include -L/home/sonakrie/Work/testicular_linux/util-linux/../fs/usr/lib conftest.c  >&5
/usr/lib/gcc/x86_64-alpine-linux-musl/15.2.0/../../../../x86_64-alpine-linux-musl/bin/ld: /tmp/ccgCbalf.o: in function `main':
/home/sonakrie/Work/testicular_linux/util-linux/conftest.c:175:(.text.startup+0x5): undefined reference to `mount_setattr'
collect2: error: ld returned 1 exit status
configure:26322: $? = 1
configure: failed program was:
| /* confdefs.h */
| #define PACKAGE_NAME "util-linux"
| #define PACKAGE_TARNAME "util-linux"
| #define PACKAGE_VERSION "2.40.2"
| #define PACKAGE_STRING "util-linux 2.40.2"
| #define PACKAGE_BUGREPORT "kzak@redhat.com"
| #define PACKAGE_URL "https://www.kernel.org/pub/linux/utils/util-linux/"
| #define HAVE_STDIO_H 1
| #define HAVE_STDLIB_H 1
| #define HAVE_STRING_H 1
| #define HAVE_INTTYPES_H 1
| #define HAVE_STDINT_H 1
| #define HAVE_STRINGS_H 1
| #define HAVE_SYS_STAT_H 1
| #define HAVE_SYS_TYPES_H 1
| #define HAVE_UNISTD_H 1
| #define HAVE_WCHAR_H 1
| #define STDC_HEADERS 1
| #define _ALL_SOURCE 1
| #define _DARWIN_C_SOURCE 1
| #define _GNU_SOURCE 1
| #define _HPUX_ALT_XOPEN_SOCKET_API 1
| #define _NETBSD_SOURCE 1
| #define _OPENBSD_SOURCE 1
| #define _POSIX_PTHREAD_SEMANTICS 1
| #define __STDC_WANT_IEC_60559_ATTRIBS_EXT__ 1
| #define __STDC_WANT_IEC_60559_BFP_EXT__ 1
| #define __STDC_WANT_IEC_60559_DFP_EXT__ 1
| #define __STDC_WANT_IEC_60559_FUNCS_EXT__ 1
| #define __STDC_WANT_IEC_60559_TYPES_EXT__ 1
| #define __STDC_WANT_LIB_EXT2__ 1
| #define __STDC_WANT_MATH_SPEC_FUNCS__ 1
| #define _TANDEM_SOURCE 1
| #define __EXTENSIONS__ 1
| #define PACKAGE "util-linux"
| #define VERSION "2.40.2"
| #define HAVE_DLFCN_H 1
| #define LT_OBJDIR ".libs/"
| #define HAVE_STRUCT_TM_TM_ZONE 1
| #define HAVE_TM_ZONE 1
| #define HAVE_ICONV 1
| #define HAVE_LINUX_BLKPG_H 1
| #define HAVE_LINUX_MAJOR_H 1
| #define HAVE_ASM_GENERIC_FCNTL_H 1
| #define HAVE_ASM_FCNTL_H 1
| #define HAVE_BYTESWAP_H 1
| #define HAVE_ENDIAN_H 1
| #define HAVE_ERR_H 1
| #define HAVE_ERRNO_H 1
| #define HAVE_FCNTL_H 1
| #define HAVE_GETOPT_H 1
| #define HAVE_INTTYPES_H 1
| #define HAVE_LASTLOG_H 1
| #define HAVE_LINUX_BLKZONED_H 1
| #define HAVE_LINUX_BTRFS_H 1
| #define HAVE_LINUX_CAPABILITY_H 1
| #define HAVE_LINUX_CDROM_H 1
| #define HAVE_LINUX_FALLOC_H 1
| #define HAVE_LINUX_FD_H 1
| #define HAVE_LINUX_FIEMAP_H 1
| #define HAVE_LINUX_LANDLOCK_H 1
| #define HAVE_LINUX_KCMP_H 1
| #define HAVE_LINUX_NET_NAMESPACE_H 1
| #define HAVE_LINUX_NSFS_H 1
| #define HAVE_LINUX_PR_H 1
| #define HAVE_LINUX_SECUREBITS_H 1
| #define HAVE_LINUX_TIOCL_H 1
| #define HAVE_LINUX_VERSION_H 1
| #define HAVE_LINUX_WATCHDOG_H 1
| #define HAVE_LINUX_IF_ALG_H 1
| #define HAVE_LOCALE_H 1
| #define HAVE_MNTENT_H 1
| #define HAVE_NET_IF_H 1
| #define HAVE_NETINET_IN_H 1
| #define HAVE_PATHS_H 1
| #define HAVE_PTY_H 1
| #define HAVE_SECURITY_PAM_APPL_H 1
| #define HAVE_SECURITY_PAM_MODULES_H 1
| #define HAVE_SHADOW_H 1
| #define HAVE_STDINT_H 1
| #define HAVE_STDIO_EXT_H 1
| #define HAVE_STDLIB_H 1
| #define HAVE_SYS_FILE_H 1
| #define HAVE_SYS_IOCTL_H 1
| #define HAVE_SYS_IO_H 1
| #define HAVE_SYS_MOUNT_H 1
| #define HAVE_SYS_PARAM_H 1
| #define HAVE_SYS_PRCTL_H 1
| #define HAVE_SYS_RESOURCE_H 1
| #define HAVE_SYS_SENDFILE_H 1
| #define HAVE_SYS_SIGNALFD_H 1
| #define HAVE_SYS_SOCKET_H 1
| #define HAVE_SYS_STAT_H 1
| #define HAVE_SYS_STATFS_H 1
| #define HAVE_SYS_SWAP_H 1
| #define HAVE_SYS_SYSCALL_H 1
| #define HAVE_SYS_SYSMACROS_H 1
| #define HAVE_SYS_TIME_H 1
| #define HAVE_SYS_TIMEX_H 1
| #define HAVE_SYS_TTYDEFAULTS_H 1
| #define HAVE_SYS_TYPES_H 1
| #define HAVE_SYS_UN_H 1
| #define HAVE_SYS_VFS_H 1
| #define HAVE_SYS_XATTR_H 1
| #define HAVE_UNISTD_H 1
| #define HAVE_UTMP_H 1
| #define HAVE_UTMPX_H 1
| #define HAVE_LINUX_FS_H 1
| #define HAVE_LINUX_MOUNT_H 1
| #define HAVE_LINUX_GSMMUX_H 1
| #define HAVE_SECURITY_PAM_MISC_H 1
| #define HAVE_DECL_BLK_ZONE_REP_CAPACITY 1
| #define HAVE_DECL_PR_REP_CAPACITY 0
| #define HAVE_LANGINFO_H 1
| #define HAVE_TM_GMTOFF 1
| #define HAVE_STRUCT_MOUNT_ATTR 1
| #define HAVE_ENUM_FSCONFIG_COMMAND 1
| #define HAVE_STRUCT_TERMIOS_C_LINE 1
| #define HAVE_STRUCT_STAT_ST_MTIM_TV_NSEC 1
| #define HAVE_STRUCT_STATX 1
| #define HAVE_STRUCT_STATX_STX_MNT_ID 1
| #define HAVE_DECL__NL_TIME_WEEK_1STDAY 0
| #define HAVE_ENVIRON_DECL 1
| #define HAVE_STRSIGNAL_DECL 1
| #define HAVE_CLEARENV 1
| #define HAVE_EACCESS 1
| #define HAVE_ERR 1
| #define HAVE_ERRX 1
| #define HAVE_EXPLICIT_BZERO 1
| #define HAVE___FPENDING 1
| #define HAVE___FPURGE 1
| #define HAVE_FPURGE 1
| #define HAVE_FNMATCH 1
| #define HAVE_FSYNC 1
| #define HAVE_GETDOMAINNAME 1
| #define HAVE_GETDTABLESIZE 1
| #define HAVE_GETRANDOM 1
| #define HAVE_GETRLIMIT 1
| #define HAVE_INOTIFY_INIT 1
| #define HAVE_JRAND48 1
| #define HAVE_LCHOWN 1
| #define HAVE_LGETXATTR 1
| #define HAVE_LLISTXATTR 1
| #define HAVE_NEWLOCALE 1
| #define HAVE_MEMPCPY 1
| #define HAVE_MKOSTEMP 1
| /* end confdefs.h.  */
| /* Define mount_setattr to an innocuous variant, in case <limits.h> declares mount_setattr.
|    For example, HP-UX 11i <limits.h> declares gettimeofday.  */
| #define mount_setattr innocuous_mount_setattr
| 
| /* System header to define __stub macros and hopefully few prototypes,
|    which can conflict with char mount_setattr (); below.  */
| 
| #include <limits.h>
| #undef mount_setattr
| 
| /* Override any GCC internal prototype to avoid an error.
|    Use char because int might match the return type of a GCC
|    builtin and then its argument prototype would still apply.  */
| #ifdef __cplusplus
| extern "C"
| #endif
| char mount_setattr ();
| /* The GNU C library defines this for functions which it implements
|     to always fail with ENOSYS.  Some functions are actually named
|     something starting with __ and the normal name is an alias.  */
| #if defined __stub_mount_setattr || defined __stub___mount_setattr
| choke me
| #endif
| 
| int
| main (void)
| {
| return mount_setattr ();
|   ;
|   return 0;
| }
configure:26322: result: no
configure:26328: checking for nanosleep
configure:26328: gcc -o conftest -g -O2 -I/home/sonakrie/Work/testicular_linux/util-linux/../fs/usr/include -L/home/sonakrie/Work/testicular_linux/util-linux/../fs/usr/lib conftest.c  >&5
configure:26328: $? = 0
configure:26328: result: yes
configure:26334: checking for ntp_gettime
configure:26334: gcc -o conftest -g -O2 -I/home/sonakrie/Work/testicular_linux/util-linux/../fs/usr/include -L/home/sonakrie/Work/testicular_linux/util-linux/../fs/usr/lib conftest.c  >&5
/usr/lib/gcc/x86_64-alpine-linux-musl/15.2.0/../../../../x86_64-alpine-linux-musl/bin/ld: /tmp/ccgLJOdi.o: in function `main':
/home/sonakrie/Work/testicular_linux/util-linux/conftest.c:176:(.text.startup+0x5): undefined reference to `ntp_gettime'
collect2: error: ld returned 1 exit status
configure:26334: $? = 1
configure: failed program was:
| /* confdefs.h */
| #define PACKAGE_NAME "util-linux"
| #define PACKAGE_TARNAME "util-linux"
| #define PACKAGE_VERSION "2.40.2"
| #define PACKAGE_STRING "util-linux 2.40.2"
| #define PACKAGE_BUGREPORT "kzak@redhat.com"
| #define PACKAGE_URL "https://www.kernel.org/pub/linux/utils/util-linux/"
| #define HAVE_STDIO_H 1
| #define HAVE_STDLIB_H 1
| #define HAVE_STRING_H 1
| #define HAVE_INTTYPES_H 1
| #define HAVE_STDINT_H 1
| #define HAVE_STRINGS_H 1
| #define HAVE_SYS_STAT_H 1
| #define HAVE_SYS_TYPES_H 1
| #define HAVE_UNISTD_H 1
| #define HAVE_WCHAR_H 1
| #define STDC_HEADERS 1
| #define _ALL_SOURCE 1
| #define _DARWIN_C_SOURCE 1
| #define _GNU_SOURCE 1
| #define _HPUX_ALT_XOPEN_SOCKET_API 1
| #define _NETBSD_SOURCE 1
| #define _OPENBSD_SOURCE 1
| #define _POSIX_PTHREAD_SEMANTICS 1
| #define __STDC_WANT_IEC_60559_ATTRIBS_EXT__ 1
| #define __STDC_WANT_IEC_60559_BFP_EXT__ 1
| #define __STDC_WANT_IEC_60559_DFP_EXT__ 1
| #define __STDC_WANT_IEC_60559_FUNCS_EXT__ 1
| #define __STDC_WANT_IEC_60559_TYPES_EXT__ 1
| #define __STDC_WANT_LIB_EXT2__ 1
| #define __STDC_WANT_MATH_SPEC_FUNCS__ 1
| #define _TANDEM_SOURCE 1
| #define __EXTENSIONS__ 1
| #define PACKAGE "util-linux"
| #define VERSION "2.40.2"
| #define HAVE_DLFCN_H 1
| #define LT_OBJDIR ".libs/"
| #define HAVE_STRUCT_TM_TM_ZONE 1
| #define HAVE_TM_ZONE 1
| #define HAVE_ICONV 1
| #define HAVE_LINUX_BLKPG_H 1
| #define HAVE_LINUX_MAJOR_H 1
| #define HAVE_ASM_GENERIC_FCNTL_H 1
| #define HAVE_ASM_FCNTL_H 1
| #define HAVE_BYTESWAP_H 1
| #define HAVE_ENDIAN_H 1
| #define HAVE_ERR_H 1
| #define HAVE_ERRNO_H 1
| #define HAVE_FCNTL_H 1
| #define HAVE_GETOPT_H 1
| #define HAVE_INTTYPES_H 1
| #define HAVE_LASTLOG_H 1
| #define HAVE_LINUX_BLKZONED_H 1
| #define HAVE_LINUX_BTRFS_H 1
| #define HAVE_LINUX_CAPABILITY_H 1
| #define HAVE_LINUX_CDROM_H 1
| #define HAVE_LINUX_FALLOC_H 1
| #define HAVE_LINUX_FD_H 1
| #define HAVE_LINUX_FIEMAP_H 1
| #define HAVE_LINUX_LANDLOCK_H 1
| #define HAVE_LINUX_KCMP_H 1
| #define HAVE_LINUX_NET_NAMESPACE_H 1
| #define HAVE_LINUX_NSFS_H 1
| #define HAVE_LINUX_PR_H 1
| #define HAVE_LINUX_SECUREBITS_H 1
| #define HAVE_LINUX_TIOCL_H 1
| #define HAVE_LINUX_VERSION_H 1
| #define HAVE_LINUX_WATCHDOG_H 1
| #define HAVE_LINUX_IF_ALG_H 1
| #define HAVE_LOCALE_H 1
| #define HAVE_MNTENT_H 1
| #define HAVE_NET_IF_H 1
| #define HAVE_NETINET_IN_H 1
| #define HAVE_PATHS_H 1
| #define HAVE_PTY_H 1
| #define HAVE_SECURITY_PAM_APPL_H 1
| #define HAVE_SECURITY_PAM_MODULES_H 1
| #define HAVE_SHADOW_H 1
| #define HAVE_STDINT_H 1
| #define HAVE_STDIO_EXT_H 1
| #define HAVE_STDLIB_H 1
| #define HAVE_SYS_FILE_H 1
| #define HAVE_SYS_IOCTL_H 1
| #define HAVE_SYS_IO_H 1
| #define HAVE_SYS_MOUNT_H 1
| #define HAVE_SYS_PARAM_H 1
| #define HAVE_SYS_PRCTL_H 1
| #define HAVE_SYS_RESOURCE_H 1
| #define HAVE_SYS_SENDFILE_H 1
| #define HAVE_SYS_SIGNALFD_H 1
| #define HAVE_SYS_SOCKET_H 1
| #define HAVE_SYS_STAT_H 1
| #define HAVE_SYS_STATFS_H 1
| #define HAVE_SYS_SWAP_H 1
| #define HAVE_SYS_SYSCALL_H 1
| #define HAVE_SYS_SYSMACROS_H 1
| #define HAVE_SYS_TIME_H 1
| #define HAVE_SYS_TIMEX_H 1
| #define HAVE_SYS_TTYDEFAULTS_H 1
| #define HAVE_SYS_TYPES_H 1
| #define HAVE_SYS_UN_H 1
| #define HAVE_SYS_VFS_H 1
| #define HAVE_SYS_XATTR_H 1
| #define HAVE_UNISTD_H 1
| #define HAVE_UTMP_H 1
| #define HAVE_UTMPX_H 1
| #define HAVE_LINUX_FS_H 1
| #define HAVE_LINUX_MOUNT_H 1
| #define HAVE_LINUX_GSMMUX_H 1
| #define HAVE_SECURITY_PAM_MISC_H 1
| #define HAVE_DECL_BLK_ZONE_REP_CAPACITY 1
| #define HAVE_DECL_PR_REP_CAPACITY 0
| #define HAVE_LANGINFO_H 1
| #define HAVE_TM_GMTOFF 1
| #define HAVE_STRUCT_MOUNT_ATTR 1
| #define HAVE_ENUM_FSCONFIG_COMMAND 1
| #define HAVE_STRUCT_TERMIOS_C_LINE 1
| #define HAVE_STRUCT_STAT_ST_MTIM_TV_NSEC 1
| #define HAVE_STRUCT_STATX 1
| #define HAVE_STRUCT_STATX_STX_MNT_ID 1
| #define HAVE_DECL__NL_TIME_WEEK_1STDAY 0
| #define HAVE_ENVIRON_DECL 1
| #define HAVE_STRSIGNAL_DECL 1
| #define HAVE_CLEARENV 1
| #define HAVE_EACCESS 1
| #define HAVE_ERR 1
| #define HAVE_ERRX 1
| #define HAVE_EXPLICIT_BZERO 1
| #define HAVE___FPENDING 1
| #define HAVE___FPURGE 1
| #define HAVE_FPURGE 1
| #define HAVE_FNMATCH 1
| #define HAVE_FSYNC 1
| #define HAVE_GETDOMAINNAME 1
| #define HAVE_GETDTABLESIZE 1
| #define HAVE_GETRANDOM 1
| #define HAVE_GETRLIMIT 1
| #define HAVE_INOTIFY_INIT 1
| #define HAVE_JRAND48 1
| #define HAVE_LCHOWN 1
| #define HAVE_LGETXATTR 1
| #define HAVE_LLISTXATTR 1
| #define HAVE_NEWLOCALE 1
| #define HAVE_MEMPCPY 1
| #define HAVE_MKOSTEMP 1
| #define HAVE_NANOSLEEP 1
| /* end confdefs.h.  */
| /* Define ntp_gettime to an innocuous variant, in case <limits.h> declares ntp_gettime.
|    For example, HP-UX 11i <limits.h> declares gettimeofday.  */
| #define ntp_gettime innocuous_ntp_gettime
| 
| /* System header to define __stub macros and hopefully few prototypes,
|    which can conflict with char ntp_gettime (); below.  */
| 
| #include <limits.h>
| #undef ntp_gettime
| 
| /* Override any GCC internal prototype to avoid an error.
|    Use char because int might match the return type of a GCC
|    builtin and then its argument prototype would still apply.  */
| #ifdef __cplusplus
| extern "C"
| #endif
| char ntp_gettime ();
| /* The GNU C library defines this for functions which it implements
|     to always fail with ENOSYS.  Some functions are actually named
|     something starting with __ and the normal name is an alias.  */
| #if defined __stub_ntp_gettime || defined __stub___ntp_gettime
| choke me
| #endif
| 
| int
| main (void)
| {
| return ntp_gettime ();
|   ;
|   return 0;
| }
configure:26334: result: no
configure:26340: checking for open_tree
configure:26340: gcc -o conftest -g -O2 -I/home/sonakrie/Work/testicular_linux/util-linux/../fs/usr/include -L/home/sonakrie/Work/testicular_linux/util-linux/../fs/usr/lib conftest.c  >&5
/usr/lib/gcc/x86_64-alpine-linux-musl/15.2.0/../../../../x86_64-alpine-linux-musl/bin/ld: /tmp/cceibGEk.o: in function `main':
/home/sonakrie/Work/testicular_linux/util-linux/conftest.c:176:(.text.startup+0x5): undefined reference to `open_tree'
collect2: error: ld returned 1 exit status
configure:26340: $? = 1
configure: failed program was:
| /* confdefs.h */
| #define PACKAGE_NAME "util-linux"
| #define PACKAGE_TARNAME "util-linux"
| #define PACKAGE_VERSION "2.40.2"
| #define PACKAGE_STRING "util-linux 2.40.2"
| #define PACKAGE_BUGREPORT "kzak@redhat.com"
| #define PACKAGE_URL "https://www.kernel.org/pub/linux/utils/util-linux/"
| #define HAVE_STDIO_H 1
| #define HAVE_STDLIB_H 1
| #define HAVE_STRING_H 1
| #define HAVE_INTTYPES_H 1
| #define HAVE_STDINT_H 1
| #define HAVE_STRINGS_H 1
| #define HAVE_SYS_STAT_H 1
| #define HAVE_SYS_TYPES_H 1
| #define HAVE_UNISTD_H 1
| #define HAVE_WCHAR_H 1
| #define STDC_HEADERS 1
| #define _ALL_SOURCE 1
| #define _DARWIN_C_SOURCE 1
| #define _GNU_SOURCE 1
| #define _HPUX_ALT_XOPEN_SOCKET_API 1
| #define _NETBSD_SOURCE 1
| #define _OPENBSD_SOURCE 1
| #define _POSIX_PTHREAD_SEMANTICS 1
| #define __STDC_WANT_IEC_60559_ATTRIBS_EXT__ 1
| #define __STDC_WANT_IEC_60559_BFP_EXT__ 1
| #define __STDC_WANT_IEC_60559_DFP_EXT__ 1
| #define __STDC_WANT_IEC_60559_FUNCS_EXT__ 1
| #define __STDC_WANT_IEC_60559_TYPES_EXT__ 1
| #define __STDC_WANT_LIB_EXT2__ 1
| #define __STDC_WANT_MATH_SPEC_FUNCS__ 1
| #define _TANDEM_SOURCE 1
| #define __EXTENSIONS__ 1
| #define PACKAGE "util-linux"
| #define VERSION "2.40.2"
| #define HAVE_DLFCN_H 1
| #define LT_OBJDIR ".libs/"
| #define HAVE_STRUCT_TM_TM_ZONE 1
| #define HAVE_TM_ZONE 1
| #define HAVE_ICONV 1
| #define HAVE_LINUX_BLKPG_H 1
| #define HAVE_LINUX_MAJOR_H 1
| #define HAVE_ASM_GENERIC_FCNTL_H 1
| #define HAVE_ASM_FCNTL_H 1
| #define HAVE_BYTESWAP_H 1
| #define HAVE_ENDIAN_H 1
| #define HAVE_ERR_H 1
| #define HAVE_ERRNO_H 1
| #define HAVE_FCNTL_H 1
| #define HAVE_GETOPT_H 1
| #define HAVE_INTTYPES_H 1
| #define HAVE_LASTLOG_H 1
| #define HAVE_LINUX_BLKZONED_H 1
| #define HAVE_LINUX_BTRFS_H 1
| #define HAVE_LINUX_CAPABILITY_H 1
| #define HAVE_LINUX_CDROM_H 1
| #define HAVE_LINUX_FALLOC_H 1
| #define HAVE_LINUX_FD_H 1
| #define HAVE_LINUX_FIEMAP_H 1
| #define HAVE_LINUX_LANDLOCK_H 1
| #define HAVE_LINUX_KCMP_H 1
| #define HAVE_LINUX_NET_NAMESPACE_H 1
| #define HAVE_LINUX_NSFS_H 1
| #define HAVE_LINUX_PR_H 1
| #define HAVE_LINUX_SECUREBITS_H 1
| #define HAVE_LINUX_TIOCL_H 1
| #define HAVE_LINUX_VERSION_H 1
| #define HAVE_LINUX_WATCHDOG_H 1
| #define HAVE_LINUX_IF_ALG_H 1
| #define HAVE_LOCALE_H 1
| #define HAVE_MNTENT_H 1
| #define HAVE_NET_IF_H 1
| #define HAVE_NETINET_IN_H 1
| #define HAVE_PATHS_H 1
| #define HAVE_PTY_H 1
| #define HAVE_SECURITY_PAM_APPL_H 1
| #define HAVE_SECURITY_PAM_MODULES_H 1
| #define HAVE_SHADOW_H 1
| #define HAVE_STDINT_H 1
| #define HAVE_STDIO_EXT_H 1
| #define HAVE_STDLIB_H 1
| #define HAVE_SYS_FILE_H 1
| #define HAVE_SYS_IOCTL_H 1
| #define HAVE_SYS_IO_H 1
| #define HAVE_SYS_MOUNT_H 1
| #define HAVE_SYS_PARAM_H 1
| #define HAVE_SYS_PRCTL_H 1
| #define HAVE_SYS_RESOURCE_H 1
| #define HAVE_SYS_SENDFILE_H 1
| #define HAVE_SYS_SIGNALFD_H 1
| #define HAVE_SYS_SOCKET_H 1
| #define HAVE_SYS_STAT_H 1
| #define HAVE_SYS_STATFS_H 1
| #define HAVE_SYS_SWAP_H 1
| #define HAVE_SYS_SYSCALL_H 1
| #define HAVE_SYS_SYSMACROS_H 1
| #define HAVE_SYS_TIME_H 1
| #define HAVE_SYS_TIMEX_H 1
| #define HAVE_SYS_TTYDEFAULTS_H 1
| #define HAVE_SYS_TYPES_H 1
| #define HAVE_SYS_UN_H 1
| #define HAVE_SYS_VFS_H 1
| #define HAVE_SYS_XATTR_H 1
| #define HAVE_UNISTD_H 1
| #define HAVE_UTMP_H 1
| #define HAVE_UTMPX_H 1
| #define HAVE_LINUX_FS_H 1
| #define HAVE_LINUX_MOUNT_H 1
| #define HAVE_LINUX_GSMMUX_H 1
| #define HAVE_SECURITY_PAM_MISC_H 1
| #define HAVE_DECL_BLK_ZONE_REP_CAPACITY 1
| #define HAVE_DECL_PR_REP_CAPACITY 0
| #define HAVE_LANGINFO_H 1
| #define HAVE_TM_GMTOFF 1
| #define HAVE_STRUCT_MOUNT_ATTR 1
| #define HAVE_ENUM_FSCONFIG_COMMAND 1
| #define HAVE_STRUCT_TERMIOS_C_LINE 1
| #define HAVE_STRUCT_STAT_ST_MTIM_TV_NSEC 1
| #define HAVE_STRUCT_STATX 1
| #define HAVE_STRUCT_STATX_STX_MNT_ID 1
| #define HAVE_DECL__NL_TIME_WEEK_1STDAY 0
| #define HAVE_ENVIRON_DECL 1
| #define HAVE_STRSIGNAL_DECL 1
| #define HAVE_CLEARENV 1
| #define HAVE_EACCESS 1
| #define HAVE_ERR 1
| #define HAVE_ERRX 1
| #define HAVE_EXPLICIT_BZERO 1
| #define HAVE___FPENDING 1
| #define HAVE___FPURGE 1
| #define HAVE_FPURGE 1
| #define HAVE_FNMATCH 1
| #define HAVE_FSYNC 1
| #define HAVE_GETDOMAINNAME 1
| #define HAVE_GETDTABLESIZE 1
| #define HAVE_GETRANDOM 1
| #define HAVE_GETRLIMIT 1
| #define HAVE_INOTIFY_INIT 1
| #define HAVE_JRAND48 1
| #define HAVE_LCHOWN 1
| #define HAVE_LGETXATTR 1
| #define HAVE_LLISTXATTR 1
| #define HAVE_NEWLOCALE 1
| #define HAVE_MEMPCPY 1
| #define HAVE_MKOSTEMP 1
| #define HAVE_NANOSLEEP 1
| /* end confdefs.h.  */
| /* Define open_tree to an innocuous variant, in case <limits.h> declares open_tree.
|    For example, HP-UX 11i <limits.h> declares gettimeofday.  */
| #define open_tree innocuous_open_tree
| 
| /* System header to define __stub macros and hopefully few prototypes,
|    which can conflict with char open_tree (); below.  */
| 
| #include <limits.h>
| #undef open_tree
| 
| /* Override any GCC internal prototype to avoid an error.
|    Use char because int might match the return type of a GCC
|    builtin and then its argument prototype would still apply.  */
| #ifdef __cplusplus
| extern "C"
| #endif
| char open_tree ();
| /* The GNU C library defines this for functions which it implements
|     to always fail with ENOSYS.  Some functions are actually named
|     something starting with __ and the normal name is an alias.  */
| #if defined __stub_open_tree || defined __stub___open_tree
| choke me
| #endif
| 
| int
| main (void)
| {
| return open_tree ();
|   ;
|   return 0;
| }
configure:26340: result: no
configure:26346: checking for personality
configure:26346: gcc -o conftest -g -O2 -I/home/sonakrie/Work/testicular_linux/util-linux/../fs/usr/include -L/home/sonakrie/Work/testicular_linux/util-linux/../fs/usr/lib conftest.c  >&5
configure:26346: $? = 0
configure:26346: result: yes
configure:26352: checking for pidfd_open
configure:26352: gcc -o conftest -g -O2 -I/home/sonakrie/Work/testicular_linux/util-linux/../fs/usr/include -L/home/sonakrie/Work/testicular_linux/util-linux/../fs/usr/lib conftest.c  >&5
/usr/lib/gcc/x86_64-alpine-linux-musl/15.2.0/../../../../x86_64-alpine-linux-musl/bin/ld: /tmp/ccigfehm.o: in function `main':
/home/sonakrie/Work/testicular_linux/util-linux/conftest.c:177:(.text.startup+0x5): undefined reference to `pidfd_open'
collect2: error: ld returned 1 exit status
configure:26352: $? = 1
configure: failed program was:
| /* confdefs.h */
| #define PACKAGE_NAME "util-linux"
| #define PACKAGE_TARNAME "util-linux"
| #define PACKAGE_VERSION "2.40.2"
| #define PACKAGE_STRING "util-linux 2.40.2"
| #define PACKAGE_BUGREPORT "kzak@redhat.com"
| #define PACKAGE_URL "https://www.kernel.org/pub/linux/utils/util-linux/"
| #define HAVE_STDIO_H 1
| #define HAVE_STDLIB_H 1
| #define HAVE_STRING_H 1
| #define HAVE_INTTYPES_H 1
| #define HAVE_STDINT_H 1
| #define HAVE_STRINGS_H 1
| #define HAVE_SYS_STAT_H 1
| #define HAVE_SYS_TYPES_H 1
| #define HAVE_UNISTD_H 1
| #define HAVE_WCHAR_H 1
| #define STDC_HEADERS 1
| #define _ALL_SOURCE 1
| #define _DARWIN_C_SOURCE 1
| #define _GNU_SOURCE 1
| #define _HPUX_ALT_XOPEN_SOCKET_API 1
| #define _NETBSD_SOURCE 1
| #define _OPENBSD_SOURCE 1
| #define _POSIX_PTHREAD_SEMANTICS 1
| #define __STDC_WANT_IEC_60559_ATTRIBS_EXT__ 1
| #define __STDC_WANT_IEC_60559_BFP_EXT__ 1
| #define __STDC_WANT_IEC_60559_DFP_EXT__ 1
| #define __STDC_WANT_IEC_60559_FUNCS_EXT__ 1
| #define __STDC_WANT_IEC_60559_TYPES_EXT__ 1
| #define __STDC_WANT_LIB_EXT2__ 1
| #define __STDC_WANT_MATH_SPEC_FUNCS__ 1
| #define _TANDEM_SOURCE 1
| #define __EXTENSIONS__ 1
| #define PACKAGE "util-linux"
| #define VERSION "2.40.2"
| #define HAVE_DLFCN_H 1
| #define LT_OBJDIR ".libs/"
| #define HAVE_STRUCT_TM_TM_ZONE 1
| #define HAVE_TM_ZONE 1
| #define HAVE_ICONV 1
| #define HAVE_LINUX_BLKPG_H 1
| #define HAVE_LINUX_MAJOR_H 1
| #define HAVE_ASM_GENERIC_FCNTL_H 1
| #define HAVE_ASM_FCNTL_H 1
| #define HAVE_BYTESWAP_H 1
| #define HAVE_ENDIAN_H 1
| #define HAVE_ERR_H 1
| #define HAVE_ERRNO_H 1
| #define HAVE_FCNTL_H 1
| #define HAVE_GETOPT_H 1
| #define HAVE_INTTYPES_H 1
| #define HAVE_LASTLOG_H 1
| #define HAVE_LINUX_BLKZONED_H 1
| #define HAVE_LINUX_BTRFS_H 1
| #define HAVE_LINUX_CAPABILITY_H 1
| #define HAVE_LINUX_CDROM_H 1
| #define HAVE_LINUX_FALLOC_H 1
| #define HAVE_LINUX_FD_H 1
| #define HAVE_LINUX_FIEMAP_H 1
| #define HAVE_LINUX_LANDLOCK_H 1
| #define HAVE_LINUX_KCMP_H 1
| #define HAVE_LINUX_NET_NAMESPACE_H 1
| #define HAVE_LINUX_NSFS_H 1
| #define HAVE_LINUX_PR_H 1
| #define HAVE_LINUX_SECUREBITS_H 1
| #define HAVE_LINUX_TIOCL_H 1
| #define HAVE_LINUX_VERSION_H 1
| #define HAVE_LINUX_WATCHDOG_H 1
| #define HAVE_LINUX_IF_ALG_H 1
| #define HAVE_LOCALE_H 1
| #define HAVE_MNTENT_H 1
| #define HAVE_NET_IF_H 1
| #define HAVE_NETINET_IN_H 1
| #define HAVE_PATHS_H 1
| #define HAVE_PTY_H 1
| #define HAVE_SECURITY_PAM_APPL_H 1
| #define HAVE_SECURITY_PAM_MODULES_H 1
| #define HAVE_SHADOW_H 1
| #define HAVE_STDINT_H 1
| #define HAVE_STDIO_EXT_H 1
| #define HAVE_STDLIB_H 1
| #define HAVE_SYS_FILE_H 1
| #define HAVE_SYS_IOCTL_H 1
| #define HAVE_SYS_IO_H 1
| #define HAVE_SYS_MOUNT_H 1
| #define HAVE_SYS_PARAM_H 1
| #define HAVE_SYS_PRCTL_H 1
| #define HAVE_SYS_RESOURCE_H 1
| #define HAVE_SYS_SENDFILE_H 1
| #define HAVE_SYS_SIGNALFD_H 1
| #define HAVE_SYS_SOCKET_H 1
| #define HAVE_SYS_STAT_H 1
| #define HAVE_SYS_STATFS_H 1
| #define HAVE_SYS_SWAP_H 1
| #define HAVE_SYS_SYSCALL_H 1
| #define HAVE_SYS_SYSMACROS_H 1
| #define HAVE_SYS_TIME_H 1
| #define HAVE_SYS_TIMEX_H 1
| #define HAVE_SYS_TTYDEFAULTS_H 1
| #define HAVE_SYS_TYPES_H 1
| #define HAVE_SYS_UN_H 1
| #define HAVE_SYS_VFS_H 1
| #define HAVE_SYS_XATTR_H 1
| #define HAVE_UNISTD_H 1
| #define HAVE_UTMP_H 1
| #define HAVE_UTMPX_H 1
| #define HAVE_LINUX_FS_H 1
| #define HAVE_LINUX_MOUNT_H 1
| #define HAVE_LINUX_GSMMUX_H 1
| #define HAVE_SECURITY_PAM_MISC_H 1
| #define HAVE_DECL_BLK_ZONE_REP_CAPACITY 1
| #define HAVE_DECL_PR_REP_CAPACITY 0
| #define HAVE_LANGINFO_H 1
| #define HAVE_TM_GMTOFF 1
| #define HAVE_STRUCT_MOUNT_ATTR 1
| #define HAVE_ENUM_FSCONFIG_COMMAND 1
| #define HAVE_STRUCT_TERMIOS_C_LINE 1
| #define HAVE_STRUCT_STAT_ST_MTIM_TV_NSEC 1
| #define HAVE_STRUCT_STATX 1
| #define HAVE_STRUCT_STATX_STX_MNT_ID 1
| #define HAVE_DECL__NL_TIME_WEEK_1STDAY 0
| #define HAVE_ENVIRON_DECL 1
| #define HAVE_STRSIGNAL_DECL 1
| #define HAVE_CLEARENV 1
| #define HAVE_EACCESS 1
| #define HAVE_ERR 1
| #define HAVE_ERRX 1
| #define HAVE_EXPLICIT_BZERO 1
| #define HAVE___FPENDING 1
| #define HAVE___FPURGE 1
| #define HAVE_FPURGE 1
| #define HAVE_FNMATCH 1
| #define HAVE_FSYNC 1
| #define HAVE_GETDOMAINNAME 1
| #define HAVE_GETDTABLESIZE 1
| #define HAVE_GETRANDOM 1
| #define HAVE_GETRLIMIT 1
| #define HAVE_INOTIFY_INIT 1
| #define HAVE_JRAND48 1
| #define HAVE_LCHOWN 1
| #define HAVE_LGETXATTR 1
| #define HAVE_LLISTXATTR 1
| #define HAVE_NEWLOCALE 1
| #define HAVE_MEMPCPY 1
| #define HAVE_MKOSTEMP 1
| #define HAVE_NANOSLEEP 1
| #define HAVE_PERSONALITY 1
| /* end confdefs.h.  */
| /* Define pidfd_open to an innocuous variant, in case <limits.h> declares pidfd_open.
|    For example, HP-UX 11i <limits.h> declares gettimeofday.  */
| #define pidfd_open innocuous_pidfd_open
| 
| /* System header to define __stub macros and hopefully few prototypes,
|    which can conflict with char pidfd_open (); below.  */
| 
| #include <limits.h>
| #undef pidfd_open
| 
| /* Override any GCC internal prototype to avoid an error.
|    Use char because int might match the return type of a GCC
|    builtin and then its argument prototype would still apply.  */
| #ifdef __cplusplus
| extern "C"
| #endif
| char pidfd_open ();
| /* The GNU C library defines this for functions which it implements
|     to always fail with ENOSYS.  Some functions are actually named
|     something starting with __ and the normal name is an alias.  */
| #if defined __stub_pidfd_open || defined __stub___pidfd_open
| choke me
| #endif
| 
| int
| main (void)
| {
| return pidfd_open ();
|   ;
|   return 0;
| }
configure:26352: result: no
configure:26358: checking for pidfd_send_signal
configure:26358: gcc -o conftest -g -O2 -I/home/sonakrie/Work/testicular_linux/util-linux/../fs/usr/include -L/home/sonakrie/Work/testicular_linux/util-linux/../fs/usr/lib conftest.c  >&5
/usr/lib/gcc/x86_64-alpine-linux-musl/15.2.0/../../../../x86_64-alpine-linux-musl/bin/ld: /tmp/ccHacEpn.o: in function `main':
/home/sonakrie/Work/testicular_linux/util-linux/conftest.c:177:(.text.startup+0x5): undefined reference to `pidfd_send_signal'
collect2: error: ld returned 1 exit status
configure:26358: $? = 1
configure: failed program was:
| /* confdefs.h */
| #define PACKAGE_NAME "util-linux"
| #define PACKAGE_TARNAME "util-linux"
| #define PACKAGE_VERSION "2.40.2"
| #define PACKAGE_STRING "util-linux 2.40.2"
| #define PACKAGE_BUGREPORT "kzak@redhat.com"
| #define PACKAGE_URL "https://www.kernel.org/pub/linux/utils/util-linux/"
| #define HAVE_STDIO_H 1
| #define HAVE_STDLIB_H 1
| #define HAVE_STRING_H 1
| #define HAVE_INTTYPES_H 1
| #define HAVE_STDINT_H 1
| #define HAVE_STRINGS_H 1
| #define HAVE_SYS_STAT_H 1
| #define HAVE_SYS_TYPES_H 1
| #define HAVE_UNISTD_H 1
| #define HAVE_WCHAR_H 1
| #define STDC_HEADERS 1
| #define _ALL_SOURCE 1
| #define _DARWIN_C_SOURCE 1
| #define _GNU_SOURCE 1
| #define _HPUX_ALT_XOPEN_SOCKET_API 1
| #define _NETBSD_SOURCE 1
| #define _OPENBSD_SOURCE 1
| #define _POSIX_PTHREAD_SEMANTICS 1
| #define __STDC_WANT_IEC_60559_ATTRIBS_EXT__ 1
| #define __STDC_WANT_IEC_60559_BFP_EXT__ 1
| #define __STDC_WANT_IEC_60559_DFP_EXT__ 1
| #define __STDC_WANT_IEC_60559_FUNCS_EXT__ 1
| #define __STDC_WANT_IEC_60559_TYPES_EXT__ 1
| #define __STDC_WANT_LIB_EXT2__ 1
| #define __STDC_WANT_MATH_SPEC_FUNCS__ 1
| #define _TANDEM_SOURCE 1
| #define __EXTENSIONS__ 1
| #define PACKAGE "util-linux"
| #define VERSION "2.40.2"
| #define HAVE_DLFCN_H 1
| #define LT_OBJDIR ".libs/"
| #define HAVE_STRUCT_TM_TM_ZONE 1
| #define HAVE_TM_ZONE 1
| #define HAVE_ICONV 1
| #define HAVE_LINUX_BLKPG_H 1
| #define HAVE_LINUX_MAJOR_H 1
| #define HAVE_ASM_GENERIC_FCNTL_H 1
| #define HAVE_ASM_FCNTL_H 1
| #define HAVE_BYTESWAP_H 1
| #define HAVE_ENDIAN_H 1
| #define HAVE_ERR_H 1
| #define HAVE_ERRNO_H 1
| #define HAVE_FCNTL_H 1
| #define HAVE_GETOPT_H 1
| #define HAVE_INTTYPES_H 1
| #define HAVE_LASTLOG_H 1
| #define HAVE_LINUX_BLKZONED_H 1
| #define HAVE_LINUX_BTRFS_H 1
| #define HAVE_LINUX_CAPABILITY_H 1
| #define HAVE_LINUX_CDROM_H 1
| #define HAVE_LINUX_FALLOC_H 1
| #define HAVE_LINUX_FD_H 1
| #define HAVE_LINUX_FIEMAP_H 1
| #define HAVE_LINUX_LANDLOCK_H 1
| #define HAVE_LINUX_KCMP_H 1
| #define HAVE_LINUX_NET_NAMESPACE_H 1
| #define HAVE_LINUX_NSFS_H 1
| #define HAVE_LINUX_PR_H 1
| #define HAVE_LINUX_SECUREBITS_H 1
| #define HAVE_LINUX_TIOCL_H 1
| #define HAVE_LINUX_VERSION_H 1
| #define HAVE_LINUX_WATCHDOG_H 1
| #define HAVE_LINUX_IF_ALG_H 1
| #define HAVE_LOCALE_H 1
| #define HAVE_MNTENT_H 1
| #define HAVE_NET_IF_H 1
| #define HAVE_NETINET_IN_H 1
| #define HAVE_PATHS_H 1
| #define HAVE_PTY_H 1
| #define HAVE_SECURITY_PAM_APPL_H 1
| #define HAVE_SECURITY_PAM_MODULES_H 1
| #define HAVE_SHADOW_H 1
| #define HAVE_STDINT_H 1
| #define HAVE_STDIO_EXT_H 1
| #define HAVE_STDLIB_H 1
| #define HAVE_SYS_FILE_H 1
| #define HAVE_SYS_IOCTL_H 1
| #define HAVE_SYS_IO_H 1
| #define HAVE_SYS_MOUNT_H 1
| #define HAVE_SYS_PARAM_H 1
| #define HAVE_SYS_PRCTL_H 1
| #define HAVE_SYS_RESOURCE_H 1
| #define HAVE_SYS_SENDFILE_H 1
| #define HAVE_SYS_SIGNALFD_H 1
| #define HAVE_SYS_SOCKET_H 1
| #define HAVE_SYS_STAT_H 1
| #define HAVE_SYS_STATFS_H 1
| #define HAVE_SYS_SWAP_H 1
| #define HAVE_SYS_SYSCALL_H 1
| #define HAVE_SYS_SYSMACROS_H 1
| #define HAVE_SYS_TIME_H 1
| #define HAVE_SYS_TIMEX_H 1
| #define HAVE_SYS_TTYDEFAULTS_H 1
| #define HAVE_SYS_TYPES_H 1
| #define HAVE_SYS_UN_H 1
| #define HAVE_SYS_VFS_H 1
| #define HAVE_SYS_XATTR_H 1
| #define HAVE_UNISTD_H 1
| #define HAVE_UTMP_H 1
| #define HAVE_UTMPX_H 1
| #define HAVE_LINUX_FS_H 1
| #define HAVE_LINUX_MOUNT_H 1
| #define HAVE_LINUX_GSMMUX_H 1
| #define HAVE_SECURITY_PAM_MISC_H 1
| #define HAVE_DECL_BLK_ZONE_REP_CAPACITY 1
| #define HAVE_DECL_PR_REP_CAPACITY 0
| #define HAVE_LANGINFO_H 1
| #define HAVE_TM_GMTOFF 1
| #define HAVE_STRUCT_MOUNT_ATTR 1
| #define HAVE_ENUM_FSCONFIG_COMMAND 1
| #define HAVE_STRUCT_TERMIOS_C_LINE 1
| #define HAVE_STRUCT_STAT_ST_MTIM_TV_NSEC 1
| #define HAVE_STRUCT_STATX 1
| #define HAVE_STRUCT_STATX_STX_MNT_ID 1
| #define HAVE_DECL__NL_TIME_WEEK_1STDAY 0
| #define HAVE_ENVIRON_DECL 1
| #define HAVE_STRSIGNAL_DECL 1
| #define HAVE_CLEARENV 1
| #define HAVE_EACCESS 1
| #define HAVE_ERR 1
| #define HAVE_ERRX 1
| #define HAVE_EXPLICIT_BZERO 1
| #define HAVE___FPENDING 1
| #define HAVE___FPURGE 1
| #define HAVE_FPURGE 1
| #define HAVE_FNMATCH 1
| #define HAVE_FSYNC 1
| #define HAVE_GETDOMAINNAME 1
| #define HAVE_GETDTABLESIZE 1
| #define HAVE_GETRANDOM 1
| #define HAVE_GETRLIMIT 1
| #define HAVE_INOTIFY_INIT 1
| #define HAVE_JRAND48 1
| #define HAVE_LCHOWN 1
| #define HAVE_LGETXATTR 1
| #define HAVE_LLISTXATTR 1
| #define HAVE_NEWLOCALE 1
| #define HAVE_MEMPCPY 1
| #define HAVE_MKOSTEMP 1
| #define HAVE_NANOSLEEP 1
| #define HAVE_PERSONALITY 1
| /* end confdefs.h.  */
| /* Define pidfd_send_signal to an innocuous variant, in case <limits.h> declares pidfd_send_signal.
|    For example, HP-UX 11i <limits.h> declares gettimeofday.  */
| #define pidfd_send_signal innocuous_pidfd_send_signal
| 
| /* System header to define __stub macros and hopefully few prototypes,
|    which can conflict with char pidfd_send_signal (); below.  */
| 
| #include <limits.h>
| #undef pidfd_send_signal
| 
| /* Override any GCC internal prototype to avoid an error.
|    Use char because int might match the return type of a GCC
|    builtin and then its argument prototype would still apply.  */
| #ifdef __cplusplus
| extern "C"
| #endif
| char pidfd_send_signal ();
| /* The GNU C library defines this for functions which it implements
|     to always fail with ENOSYS.  Some functions are actually named
|     something starting with __ and the normal name is an alias.  */
| #if defined __stub_pidfd_send_signal || defined __stub___pidfd_send_signal
| choke me
| #endif
| 
| int
| main (void)
| {
| return pidfd_send_signal ();
|   ;
|   return 0;
| }
configure:26358: result: no
configure:26364: checking for posix_fadvise
configure:26364: gcc -o conftest -g -O2 -I/home/sonakrie/Work/testicular_linux/util-linux/../fs/usr/include -L/home/sonakrie/Work/testicular_linux/util-linux/../fs/usr/lib conftest.c  >&5
configure:26364: $? = 0
configure:26364: result: yes
configure:26370: checking for prctl
configure:26370: gcc -o conftest -g -O2 -I/home/sonakrie/Work/testicular_linux/util-linux/../fs/usr/include -L/home/sonakrie/Work/testicular_linux/util-linux/../fs/usr/lib conftest.c  >&5
configure:26370: $? = 0
configure:26370: result: yes
configure:26376: checking for qsort_r
configure:26376: gcc -o conftest -g -O2 -I/home/sonakrie/Work/testicular_linux/util-linux/../fs/usr/include -L/home/sonakrie/Work/testicular_linux/util-linux/../fs/usr/lib conftest.c  >&5
configure:26376: $? = 0
configure:26376: result: yes
configure:26382: checking for reallocarray
configure:26382: gcc -o conftest -g -O2 -I/home/sonakrie/Work/testicular_linux/util-linux/../fs/usr/include -L/home/sonakrie/Work/testicular_linux/util-linux/../fs/usr/lib conftest.c  >&5
configure:26382: $? = 0
configure:26382: result: yes
configure:26388: checking for renameat2
configure:26388: gcc -o conftest -g -O2 -I/home/sonakrie/Work/testicular_linux/util-linux/../fs/usr/include -L/home/sonakrie/Work/testicular_linux/util-linux/../fs/usr/lib conftest.c  >&5
configure:26388: $? = 0
configure:26388: result: yes
configure:26394: checking for rpmatch
configure:26394: gcc -o conftest -g -O2 -I/home/sonakrie/Work/testicular_linux/util-linux/../fs/usr/include -L/home/sonakrie/Work/testicular_linux/util-linux/../fs/usr/lib conftest.c  >&5
/usr/lib/gcc/x86_64-alpine-linux-musl/15.2.0/../../../../x86_64-alpine-linux-musl/bin/ld: /tmp/ccacPPnE.o: in function `main':
/home/sonakrie/Work/testicular_linux/util-linux/conftest.c:182:(.text.startup+0x5): undefined reference to `rpmatch'
collect2: error: ld returned 1 exit status
configure:26394: $? = 1
configure: failed program was:
| /* confdefs.h */
| #define PACKAGE_NAME "util-linux"
| #define PACKAGE_TARNAME "util-linux"
| #define PACKAGE_VERSION "2.40.2"
| #define PACKAGE_STRING "util-linux 2.40.2"
| #define PACKAGE_BUGREPORT "kzak@redhat.com"
| #define PACKAGE_URL "https://www.kernel.org/pub/linux/utils/util-linux/"
| #define HAVE_STDIO_H 1
| #define HAVE_STDLIB_H 1
| #define HAVE_STRING_H 1
| #define HAVE_INTTYPES_H 1
| #define HAVE_STDINT_H 1
| #define HAVE_STRINGS_H 1
| #define HAVE_SYS_STAT_H 1
| #define HAVE_SYS_TYPES_H 1
| #define HAVE_UNISTD_H 1
| #define HAVE_WCHAR_H 1
| #define STDC_HEADERS 1
| #define _ALL_SOURCE 1
| #define _DARWIN_C_SOURCE 1
| #define _GNU_SOURCE 1
| #define _HPUX_ALT_XOPEN_SOCKET_API 1
| #define _NETBSD_SOURCE 1
| #define _OPENBSD_SOURCE 1
| #define _POSIX_PTHREAD_SEMANTICS 1
| #define __STDC_WANT_IEC_60559_ATTRIBS_EXT__ 1
| #define __STDC_WANT_IEC_60559_BFP_EXT__ 1
| #define __STDC_WANT_IEC_60559_DFP_EXT__ 1
| #define __STDC_WANT_IEC_60559_FUNCS_EXT__ 1
| #define __STDC_WANT_IEC_60559_TYPES_EXT__ 1
| #define __STDC_WANT_LIB_EXT2__ 1
| #define __STDC_WANT_MATH_SPEC_FUNCS__ 1
| #define _TANDEM_SOURCE 1
| #define __EXTENSIONS__ 1
| #define PACKAGE "util-linux"
| #define VERSION "2.40.2"
| #define HAVE_DLFCN_H 1
| #define LT_OBJDIR ".libs/"
| #define HAVE_STRUCT_TM_TM_ZONE 1
| #define HAVE_TM_ZONE 1
| #define HAVE_ICONV 1
| #define HAVE_LINUX_BLKPG_H 1
| #define HAVE_LINUX_MAJOR_H 1
| #define HAVE_ASM_GENERIC_FCNTL_H 1
| #define HAVE_ASM_FCNTL_H 1
| #define HAVE_BYTESWAP_H 1
| #define HAVE_ENDIAN_H 1
| #define HAVE_ERR_H 1
| #define HAVE_ERRNO_H 1
| #define HAVE_FCNTL_H 1
| #define HAVE_GETOPT_H 1
| #define HAVE_INTTYPES_H 1
| #define HAVE_LASTLOG_H 1
| #define HAVE_LINUX_BLKZONED_H 1
| #define HAVE_LINUX_BTRFS_H 1
| #define HAVE_LINUX_CAPABILITY_H 1
| #define HAVE_LINUX_CDROM_H 1
| #define HAVE_LINUX_FALLOC_H 1
| #define HAVE_LINUX_FD_H 1
| #define HAVE_LINUX_FIEMAP_H 1
| #define HAVE_LINUX_LANDLOCK_H 1
| #define HAVE_LINUX_KCMP_H 1
| #define HAVE_LINUX_NET_NAMESPACE_H 1
| #define HAVE_LINUX_NSFS_H 1
| #define HAVE_LINUX_PR_H 1
| #define HAVE_LINUX_SECUREBITS_H 1
| #define HAVE_LINUX_TIOCL_H 1
| #define HAVE_LINUX_VERSION_H 1
| #define HAVE_LINUX_WATCHDOG_H 1
| #define HAVE_LINUX_IF_ALG_H 1
| #define HAVE_LOCALE_H 1
| #define HAVE_MNTENT_H 1
| #define HAVE_NET_IF_H 1
| #define HAVE_NETINET_IN_H 1
| #define HAVE_PATHS_H 1
| #define HAVE_PTY_H 1
| #define HAVE_SECURITY_PAM_APPL_H 1
| #define HAVE_SECURITY_PAM_MODULES_H 1
| #define HAVE_SHADOW_H 1
| #define HAVE_STDINT_H 1
| #define HAVE_STDIO_EXT_H 1
| #define HAVE_STDLIB_H 1
| #define HAVE_SYS_FILE_H 1
| #define HAVE_SYS_IOCTL_H 1
| #define HAVE_SYS_IO_H 1
| #define HAVE_SYS_MOUNT_H 1
| #define HAVE_SYS_PARAM_H 1
| #define HAVE_SYS_PRCTL_H 1
| #define HAVE_SYS_RESOURCE_H 1
| #define HAVE_SYS_SENDFILE_H 1
| #define HAVE_SYS_SIGNALFD_H 1
| #define HAVE_SYS_SOCKET_H 1
| #define HAVE_SYS_STAT_H 1
| #define HAVE_SYS_STATFS_H 1
| #define HAVE_SYS_SWAP_H 1
| #define HAVE_SYS_SYSCALL_H 1
| #define HAVE_SYS_SYSMACROS_H 1
| #define HAVE_SYS_TIME_H 1
| #define HAVE_SYS_TIMEX_H 1
| #define HAVE_SYS_TTYDEFAULTS_H 1
| #define HAVE_SYS_TYPES_H 1
| #define HAVE_SYS_UN_H 1
| #define HAVE_SYS_VFS_H 1
| #define HAVE_SYS_XATTR_H 1
| #define HAVE_UNISTD_H 1
| #define HAVE_UTMP_H 1
| #define HAVE_UTMPX_H 1
| #define HAVE_LINUX_FS_H 1
| #define HAVE_LINUX_MOUNT_H 1
| #define HAVE_LINUX_GSMMUX_H 1
| #define HAVE_SECURITY_PAM_MISC_H 1
| #define HAVE_DECL_BLK_ZONE_REP_CAPACITY 1
| #define HAVE_DECL_PR_REP_CAPACITY 0
| #define HAVE_LANGINFO_H 1
| #define HAVE_TM_GMTOFF 1
| #define HAVE_STRUCT_MOUNT_ATTR 1
| #define HAVE_ENUM_FSCONFIG_COMMAND 1
| #define HAVE_STRUCT_TERMIOS_C_LINE 1
| #define HAVE_STRUCT_STAT_ST_MTIM_TV_NSEC 1
| #define HAVE_STRUCT_STATX 1
| #define HAVE_STRUCT_STATX_STX_MNT_ID 1
| #define HAVE_DECL__NL_TIME_WEEK_1STDAY 0
| #define HAVE_ENVIRON_DECL 1
| #define HAVE_STRSIGNAL_DECL 1
| #define HAVE_CLEARENV 1
| #define HAVE_EACCESS 1
| #define HAVE_ERR 1
| #define HAVE_ERRX 1
| #define HAVE_EXPLICIT_BZERO 1
| #define HAVE___FPENDING 1
| #define HAVE___FPURGE 1
| #define HAVE_FPURGE 1
| #define HAVE_FNMATCH 1
| #define HAVE_FSYNC 1
| #define HAVE_GETDOMAINNAME 1
| #define HAVE_GETDTABLESIZE 1
| #define HAVE_GETRANDOM 1
| #define HAVE_GETRLIMIT 1
| #define HAVE_INOTIFY_INIT 1
| #define HAVE_JRAND48 1
| #define HAVE_LCHOWN 1
| #define HAVE_LGETXATTR 1
| #define HAVE_LLISTXATTR 1
| #define HAVE_NEWLOCALE 1
| #define HAVE_MEMPCPY 1
| #define HAVE_MKOSTEMP 1
| #define HAVE_NANOSLEEP 1
| #define HAVE_PERSONALITY 1
| #define HAVE_POSIX_FADVISE 1
| #define HAVE_PRCTL 1
| #define HAVE_QSORT_R 1
| #define HAVE_REALLOCARRAY 1
| #define HAVE_RENAMEAT2 1
| /* end confdefs.h.  */
| /* Define rpmatch to an innocuous variant, in case <limits.h> declares rpmatch.
|    For example, HP-UX 11i <limits.h> declares gettimeofday.  */
| #define rpmatch innocuous_rpmatch
| 
| /* System header to define __stub macros and hopefully few prototypes,
|    which can conflict with char rpmatch (); below.  */
| 
| #include <limits.h>
| #undef rpmatch
| 
| /* Override any GCC internal prototype to avoid an error.
|    Use char because int might match the return type of a GCC
|    builtin and then its argument prototype would still apply.  */
| #ifdef __cplusplus
| extern "C"
| #endif
| char rpmatch ();
| /* The GNU C library defines this for functions which it implements
|     to always fail with ENOSYS.  Some functions are actually named
|     something starting with __ and the normal name is an alias.  */
| #if defined __stub_rpmatch || defined __stub___rpmatch
| choke me
| #endif
| 
| int
| main (void)
| {
| return rpmatch ();
|   ;
|   return 0;
| }
configure:26394: result: no
configure:26400: checking for scandirat
configure:26400: gcc -o conftest -g -O2 -I/home/sonakrie/Work/testicular_linux/util-linux/../fs/usr/include -L/home/sonakrie/Work/testicular_linux/util-linux/../fs/usr/lib conftest.c  >&5
/usr/lib/gcc/x86_64-alpine-linux-musl/15.2.0/../../../../x86_64-alpine-linux-musl/bin/ld: /tmp/ccKiNFEG.o: in function `main':
/home/sonakrie/Work/testicular_linux/util-linux/conftest.c:182:(.text.startup+0x5): undefined reference to `scandirat'
collect2: error: ld returned 1 exit status
configure:26400: $? = 1
configure: failed program was:
| /* confdefs.h */
| #define PACKAGE_NAME "util-linux"
| #define PACKAGE_TARNAME "util-linux"
| #define PACKAGE_VERSION "2.40.2"
| #define PACKAGE_STRING "util-linux 2.40.2"
| #define PACKAGE_BUGREPORT "kzak@redhat.com"
| #define PACKAGE_URL "https://www.kernel.org/pub/linux/utils/util-linux/"
| #define HAVE_STDIO_H 1
| #define HAVE_STDLIB_H 1
| #define HAVE_STRING_H 1
| #define HAVE_INTTYPES_H 1
| #define HAVE_STDINT_H 1
| #define HAVE_STRINGS_H 1
| #define HAVE_SYS_STAT_H 1
| #define HAVE_SYS_TYPES_H 1
| #define HAVE_UNISTD_H 1
| #define HAVE_WCHAR_H 1
| #define STDC_HEADERS 1
| #define _ALL_SOURCE 1
| #define _DARWIN_C_SOURCE 1
| #define _GNU_SOURCE 1
| #define _HPUX_ALT_XOPEN_SOCKET_API 1
| #define _NETBSD_SOURCE 1
| #define _OPENBSD_SOURCE 1
| #define _POSIX_PTHREAD_SEMANTICS 1
| #define __STDC_WANT_IEC_60559_ATTRIBS_EXT__ 1
| #define __STDC_WANT_IEC_60559_BFP_EXT__ 1
| #define __STDC_WANT_IEC_60559_DFP_EXT__ 1
| #define __STDC_WANT_IEC_60559_FUNCS_EXT__ 1
| #define __STDC_WANT_IEC_60559_TYPES_EXT__ 1
| #define __STDC_WANT_LIB_EXT2__ 1
| #define __STDC_WANT_MATH_SPEC_FUNCS__ 1
| #define _TANDEM_SOURCE 1
| #define __EXTENSIONS__ 1
| #define PACKAGE "util-linux"
| #define VERSION "2.40.2"
| #define HAVE_DLFCN_H 1
| #define LT_OBJDIR ".libs/"
| #define HAVE_STRUCT_TM_TM_ZONE 1
| #define HAVE_TM_ZONE 1
| #define HAVE_ICONV 1
| #define HAVE_LINUX_BLKPG_H 1
| #define HAVE_LINUX_MAJOR_H 1
| #define HAVE_ASM_GENERIC_FCNTL_H 1
| #define HAVE_ASM_FCNTL_H 1
| #define HAVE_BYTESWAP_H 1
| #define HAVE_ENDIAN_H 1
| #define HAVE_ERR_H 1
| #define HAVE_ERRNO_H 1
| #define HAVE_FCNTL_H 1
| #define HAVE_GETOPT_H 1
| #define HAVE_INTTYPES_H 1
| #define HAVE_LASTLOG_H 1
| #define HAVE_LINUX_BLKZONED_H 1
| #define HAVE_LINUX_BTRFS_H 1
| #define HAVE_LINUX_CAPABILITY_H 1
| #define HAVE_LINUX_CDROM_H 1
| #define HAVE_LINUX_FALLOC_H 1
| #define HAVE_LINUX_FD_H 1
| #define HAVE_LINUX_FIEMAP_H 1
| #define HAVE_LINUX_LANDLOCK_H 1
| #define HAVE_LINUX_KCMP_H 1
| #define HAVE_LINUX_NET_NAMESPACE_H 1
| #define HAVE_LINUX_NSFS_H 1
| #define HAVE_LINUX_PR_H 1
| #define HAVE_LINUX_SECUREBITS_H 1
| #define HAVE_LINUX_TIOCL_H 1
| #define HAVE_LINUX_VERSION_H 1
| #define HAVE_LINUX_WATCHDOG_H 1
| #define HAVE_LINUX_IF_ALG_H 1
| #define HAVE_LOCALE_H 1
| #define HAVE_MNTENT_H 1
| #define HAVE_NET_IF_H 1
| #define HAVE_NETINET_IN_H 1
| #define HAVE_PATHS_H 1
| #define HAVE_PTY_H 1
| #define HAVE_SECURITY_PAM_APPL_H 1
| #define HAVE_SECURITY_PAM_MODULES_H 1
| #define HAVE_SHADOW_H 1
| #define HAVE_STDINT_H 1
| #define HAVE_STDIO_EXT_H 1
| #define HAVE_STDLIB_H 1
| #define HAVE_SYS_FILE_H 1
| #define HAVE_SYS_IOCTL_H 1
| #define HAVE_SYS_IO_H 1
| #define HAVE_SYS_MOUNT_H 1
| #define HAVE_SYS_PARAM_H 1
| #define HAVE_SYS_PRCTL_H 1
| #define HAVE_SYS_RESOURCE_H 1
| #define HAVE_SYS_SENDFILE_H 1
| #define HAVE_SYS_SIGNALFD_H 1
| #define HAVE_SYS_SOCKET_H 1
| #define HAVE_SYS_STAT_H 1
| #define HAVE_SYS_STATFS_H 1
| #define HAVE_SYS_SWAP_H 1
| #define HAVE_SYS_SYSCALL_H 1
| #define HAVE_SYS_SYSMACROS_H 1
| #define HAVE_SYS_TIME_H 1
| #define HAVE_SYS_TIMEX_H 1
| #define HAVE_SYS_TTYDEFAULTS_H 1
| #define HAVE_SYS_TYPES_H 1
| #define HAVE_SYS_UN_H 1
| #define HAVE_SYS_VFS_H 1
| #define HAVE_SYS_XATTR_H 1
| #define HAVE_UNISTD_H 1
| #define HAVE_UTMP_H 1
| #define HAVE_UTMPX_H 1
| #define HAVE_LINUX_FS_H 1
| #define HAVE_LINUX_MOUNT_H 1
| #define HAVE_LINUX_GSMMUX_H 1
| #define HAVE_SECURITY_PAM_MISC_H 1
| #define HAVE_DECL_BLK_ZONE_REP_CAPACITY 1
| #define HAVE_DECL_PR_REP_CAPACITY 0
| #define HAVE_LANGINFO_H 1
| #define HAVE_TM_GMTOFF 1
| #define HAVE_STRUCT_MOUNT_ATTR 1
| #define HAVE_ENUM_FSCONFIG_COMMAND 1
| #define HAVE_STRUCT_TERMIOS_C_LINE 1
| #define HAVE_STRUCT_STAT_ST_MTIM_TV_NSEC 1
| #define HAVE_STRUCT_STATX 1
| #define HAVE_STRUCT_STATX_STX_MNT_ID 1
| #define HAVE_DECL__NL_TIME_WEEK_1STDAY 0
| #define HAVE_ENVIRON_DECL 1
| #define HAVE_STRSIGNAL_DECL 1
| #define HAVE_CLEARENV 1
| #define HAVE_EACCESS 1
| #define HAVE_ERR 1
| #define HAVE_ERRX 1
| #define HAVE_EXPLICIT_BZERO 1
| #define HAVE___FPENDING 1
| #define HAVE___FPURGE 1
| #define HAVE_FPURGE 1
| #define HAVE_FNMATCH 1
| #define HAVE_FSYNC 1
| #define HAVE_GETDOMAINNAME 1
| #define HAVE_GETDTABLESIZE 1
| #define HAVE_GETRANDOM 1
| #define HAVE_GETRLIMIT 1
| #define HAVE_INOTIFY_INIT 1
| #define HAVE_JRAND48 1
| #define HAVE_LCHOWN 1
| #define HAVE_LGETXATTR 1
| #define HAVE_LLISTXATTR 1
| #define HAVE_NEWLOCALE 1
| #define HAVE_MEMPCPY 1
| #define HAVE_MKOSTEMP 1
| #define HAVE_NANOSLEEP 1
| #define HAVE_PERSONALITY 1
| #define HAVE_POSIX_FADVISE 1
| #define HAVE_PRCTL 1
| #define HAVE_QSORT_R 1
| #define HAVE_REALLOCARRAY 1
| #define HAVE_RENAMEAT2 1
| /* end confdefs.h.  */
| /* Define scandirat to an innocuous variant, in case <limits.h> declares scandirat.
|    For example, HP-UX 11i <limits.h> declares gettimeofday.  */
| #define scandirat innocuous_scandirat
| 
| /* System header to define __stub macros and hopefully few prototypes,
|    which can conflict with char scandirat (); below.  */
| 
| #include <limits.h>
| #undef scandirat
| 
| /* Override any GCC internal prototype to avoid an error.
|    Use char because int might match the return type of a GCC
|    builtin and then its argument prototype would still apply.  */
| #ifdef __cplusplus
| extern "C"
| #endif
| char scandirat ();
| /* The GNU C library defines this for functions which it implements
|     to always fail with ENOSYS.  Some functions are actually named
|     something starting with __ and the normal name is an alias.  */
| #if defined __stub_scandirat || defined __stub___scandirat
| choke me
| #endif
| 
| int
| main (void)
| {
| return scandirat ();
|   ;
|   return 0;
| }
configure:26400: result: no
configure:26406: checking for sched_setattr
configure:26406: gcc -o conftest -g -O2 -I/home/sonakrie/Work/testicular_linux/util-linux/../fs/usr/include -L/home/sonakrie/Work/testicular_linux/util-linux/../fs/usr/lib conftest.c  >&5
/usr/lib/gcc/x86_64-alpine-linux-musl/15.2.0/../../../../x86_64-alpine-linux-musl/bin/ld: /tmp/cchapJbJ.o: in function `main':
/home/sonakrie/Work/testicular_linux/util-linux/conftest.c:182:(.text.startup+0x5): undefined reference to `sched_setattr'
collect2: error: ld returned 1 exit status
configure:26406: $? = 1
configure: failed program was:
| /* confdefs.h */
| #define PACKAGE_NAME "util-linux"
| #define PACKAGE_TARNAME "util-linux"
| #define PACKAGE_VERSION "2.40.2"
| #define PACKAGE_STRING "util-linux 2.40.2"
| #define PACKAGE_BUGREPORT "kzak@redhat.com"
| #define PACKAGE_URL "https://www.kernel.org/pub/linux/utils/util-linux/"
| #define HAVE_STDIO_H 1
| #define HAVE_STDLIB_H 1
| #define HAVE_STRING_H 1
| #define HAVE_INTTYPES_H 1
| #define HAVE_STDINT_H 1
| #define HAVE_STRINGS_H 1
| #define HAVE_SYS_STAT_H 1
| #define HAVE_SYS_TYPES_H 1
| #define HAVE_UNISTD_H 1
| #define HAVE_WCHAR_H 1
| #define STDC_HEADERS 1
| #define _ALL_SOURCE 1
| #define _DARWIN_C_SOURCE 1
| #define _GNU_SOURCE 1
| #define _HPUX_ALT_XOPEN_SOCKET_API 1
| #define _NETBSD_SOURCE 1
| #define _OPENBSD_SOURCE 1
| #define _POSIX_PTHREAD_SEMANTICS 1
| #define __STDC_WANT_IEC_60559_ATTRIBS_EXT__ 1
| #define __STDC_WANT_IEC_60559_BFP_EXT__ 1
| #define __STDC_WANT_IEC_60559_DFP_EXT__ 1
| #define __STDC_WANT_IEC_60559_FUNCS_EXT__ 1
| #define __STDC_WANT_IEC_60559_TYPES_EXT__ 1
| #define __STDC_WANT_LIB_EXT2__ 1
| #define __STDC_WANT_MATH_SPEC_FUNCS__ 1
| #define _TANDEM_SOURCE 1
| #define __EXTENSIONS__ 1
| #define PACKAGE "util-linux"
| #define VERSION "2.40.2"
| #define HAVE_DLFCN_H 1
| #define LT_OBJDIR ".libs/"
| #define HAVE_STRUCT_TM_TM_ZONE 1
| #define HAVE_TM_ZONE 1
| #define HAVE_ICONV 1
| #define HAVE_LINUX_BLKPG_H 1
| #define HAVE_LINUX_MAJOR_H 1
| #define HAVE_ASM_GENERIC_FCNTL_H 1
| #define HAVE_ASM_FCNTL_H 1
| #define HAVE_BYTESWAP_H 1
| #define HAVE_ENDIAN_H 1
| #define HAVE_ERR_H 1
| #define HAVE_ERRNO_H 1
| #define HAVE_FCNTL_H 1
| #define HAVE_GETOPT_H 1
| #define HAVE_INTTYPES_H 1
| #define HAVE_LASTLOG_H 1
| #define HAVE_LINUX_BLKZONED_H 1
| #define HAVE_LINUX_BTRFS_H 1
| #define HAVE_LINUX_CAPABILITY_H 1
| #define HAVE_LINUX_CDROM_H 1
| #define HAVE_LINUX_FALLOC_H 1
| #define HAVE_LINUX_FD_H 1
| #define HAVE_LINUX_FIEMAP_H 1
| #define HAVE_LINUX_LANDLOCK_H 1
| #define HAVE_LINUX_KCMP_H 1
| #define HAVE_LINUX_NET_NAMESPACE_H 1
| #define HAVE_LINUX_NSFS_H 1
| #define HAVE_LINUX_PR_H 1
| #define HAVE_LINUX_SECUREBITS_H 1
| #define HAVE_LINUX_TIOCL_H 1
| #define HAVE_LINUX_VERSION_H 1
| #define HAVE_LINUX_WATCHDOG_H 1
| #define HAVE_LINUX_IF_ALG_H 1
| #define HAVE_LOCALE_H 1
| #define HAVE_MNTENT_H 1
| #define HAVE_NET_IF_H 1
| #define HAVE_NETINET_IN_H 1
| #define HAVE_PATHS_H 1
| #define HAVE_PTY_H 1
| #define HAVE_SECURITY_PAM_APPL_H 1
| #define HAVE_SECURITY_PAM_MODULES_H 1
| #define HAVE_SHADOW_H 1
| #define HAVE_STDINT_H 1
| #define HAVE_STDIO_EXT_H 1
| #define HAVE_STDLIB_H 1
| #define HAVE_SYS_FILE_H 1
| #define HAVE_SYS_IOCTL_H 1
| #define HAVE_SYS_IO_H 1
| #define HAVE_SYS_MOUNT_H 1
| #define HAVE_SYS_PARAM_H 1
| #define HAVE_SYS_PRCTL_H 1
| #define HAVE_SYS_RESOURCE_H 1
| #define HAVE_SYS_SENDFILE_H 1
| #define HAVE_SYS_SIGNALFD_H 1
| #define HAVE_SYS_SOCKET_H 1
| #define HAVE_SYS_STAT_H 1
| #define HAVE_SYS_STATFS_H 1
| #define HAVE_SYS_SWAP_H 1
| #define HAVE_SYS_SYSCALL_H 1
| #define HAVE_SYS_SYSMACROS_H 1
| #define HAVE_SYS_TIME_H 1
| #define HAVE_SYS_TIMEX_H 1
| #define HAVE_SYS_TTYDEFAULTS_H 1
| #define HAVE_SYS_TYPES_H 1
| #define HAVE_SYS_UN_H 1
| #define HAVE_SYS_VFS_H 1
| #define HAVE_SYS_XATTR_H 1
| #define HAVE_UNISTD_H 1
| #define HAVE_UTMP_H 1
| #define HAVE_UTMPX_H 1
| #define HAVE_LINUX_FS_H 1
| #define HAVE_LINUX_MOUNT_H 1
| #define HAVE_LINUX_GSMMUX_H 1
| #define HAVE_SECURITY_PAM_MISC_H 1
| #define HAVE_DECL_BLK_ZONE_REP_CAPACITY 1
| #define HAVE_DECL_PR_REP_CAPACITY 0
| #define HAVE_LANGINFO_H 1
| #define HAVE_TM_GMTOFF 1
| #define HAVE_STRUCT_MOUNT_ATTR 1
| #define HAVE_ENUM_FSCONFIG_COMMAND 1
| #define HAVE_STRUCT_TERMIOS_C_LINE 1
| #define HAVE_STRUCT_STAT_ST_MTIM_TV_NSEC 1
| #define HAVE_STRUCT_STATX 1
| #define HAVE_STRUCT_STATX_STX_MNT_ID 1
| #define HAVE_DECL__NL_TIME_WEEK_1STDAY 0
| #define HAVE_ENVIRON_DECL 1
| #define HAVE_STRSIGNAL_DECL 1
| #define HAVE_CLEARENV 1
| #define HAVE_EACCESS 1
| #define HAVE_ERR 1
| #define HAVE_ERRX 1
| #define HAVE_EXPLICIT_BZERO 1
| #define HAVE___FPENDING 1
| #define HAVE___FPURGE 1
| #define HAVE_FPURGE 1
| #define HAVE_FNMATCH 1
| #define HAVE_FSYNC 1
| #define HAVE_GETDOMAINNAME 1
| #define HAVE_GETDTABLESIZE 1
| #define HAVE_GETRANDOM 1
| #define HAVE_GETRLIMIT 1
| #define HAVE_INOTIFY_INIT 1
| #define HAVE_JRAND48 1
| #define HAVE_LCHOWN 1
| #define HAVE_LGETXATTR 1
| #define HAVE_LLISTXATTR 1
| #define HAVE_NEWLOCALE 1
| #define HAVE_MEMPCPY 1
| #define HAVE_MKOSTEMP 1
| #define HAVE_NANOSLEEP 1
| #define HAVE_PERSONALITY 1
| #define HAVE_POSIX_FADVISE 1
| #define HAVE_PRCTL 1
| #define HAVE_QSORT_R 1
| #define HAVE_REALLOCARRAY 1
| #define HAVE_RENAMEAT2 1
| /* end confdefs.h.  */
| /* Define sched_setattr to an innocuous variant, in case <limits.h> declares sched_setattr.
|    For example, HP-UX 11i <limits.h> declares gettimeofday.  */
| #define sched_setattr innocuous_sched_setattr
| 
| /* System header to define __stub macros and hopefully few prototypes,
|    which can conflict with char sched_setattr (); below.  */
| 
| #include <limits.h>
| #undef sched_setattr
| 
| /* Override any GCC internal prototype to avoid an error.
|    Use char because int might match the return type of a GCC
|    builtin and then its argument prototype would still apply.  */
| #ifdef __cplusplus
| extern "C"
| #endif
| char sched_setattr ();
| /* The GNU C library defines this for functions which it implements
|     to always fail with ENOSYS.  Some functions are actually named
|     something starting with __ and the normal name is an alias.  */
| #if defined __stub_sched_setattr || defined __stub___sched_setattr
| choke me
| #endif
| 
| int
| main (void)
| {
| return sched_setattr ();
|   ;
|   return 0;
| }
configure:26406: result: no
configure:26412: checking for sched_setscheduler
configure:26412: gcc -o conftest -g -O2 -I/home/sonakrie/Work/testicular_linux/util-linux/../fs/usr/include -L/home/sonakrie/Work/testicular_linux/util-linux/../fs/usr/lib conftest.c  >&5
configure:26412: $? = 0
configure:26412: result: yes
configure:26418: checking for __secure_getenv
configure:26418: gcc -o conftest -g -O2 -I/home/sonakrie/Work/testicular_linux/util-linux/../fs/usr/include -L/home/sonakrie/Work/testicular_linux/util-linux/../fs/usr/lib conftest.c  >&5
/usr/lib/gcc/x86_64-alpine-linux-musl/15.2.0/../../../../x86_64-alpine-linux-musl/bin/ld: /tmp/ccOMOhhL.o: in function `main':
/home/sonakrie/Work/testicular_linux/util-linux/conftest.c:183:(.text.startup+0x5): undefined reference to `__secure_getenv'
collect2: error: ld returned 1 exit status
configure:26418: $? = 1
configure: failed program was:
| /* confdefs.h */
| #define PACKAGE_NAME "util-linux"
| #define PACKAGE_TARNAME "util-linux"
| #define PACKAGE_VERSION "2.40.2"
| #define PACKAGE_STRING "util-linux 2.40.2"
| #define PACKAGE_BUGREPORT "kzak@redhat.com"
| #define PACKAGE_URL "https://www.kernel.org/pub/linux/utils/util-linux/"
| #define HAVE_STDIO_H 1
| #define HAVE_STDLIB_H 1
| #define HAVE_STRING_H 1
| #define HAVE_INTTYPES_H 1
| #define HAVE_STDINT_H 1
| #define HAVE_STRINGS_H 1
| #define HAVE_SYS_STAT_H 1
| #define HAVE_SYS_TYPES_H 1
| #define HAVE_UNISTD_H 1
| #define HAVE_WCHAR_H 1
| #define STDC_HEADERS 1
| #define _ALL_SOURCE 1
| #define _DARWIN_C_SOURCE 1
| #define _GNU_SOURCE 1
| #define _HPUX_ALT_XOPEN_SOCKET_API 1
| #define _NETBSD_SOURCE 1
| #define _OPENBSD_SOURCE 1
| #define _POSIX_PTHREAD_SEMANTICS 1
| #define __STDC_WANT_IEC_60559_ATTRIBS_EXT__ 1
| #define __STDC_WANT_IEC_60559_BFP_EXT__ 1
| #define __STDC_WANT_IEC_60559_DFP_EXT__ 1
| #define __STDC_WANT_IEC_60559_FUNCS_EXT__ 1
| #define __STDC_WANT_IEC_60559_TYPES_EXT__ 1
| #define __STDC_WANT_LIB_EXT2__ 1
| #define __STDC_WANT_MATH_SPEC_FUNCS__ 1
| #define _TANDEM_SOURCE 1
| #define __EXTENSIONS__ 1
| #define PACKAGE "util-linux"
| #define VERSION "2.40.2"
| #define HAVE_DLFCN_H 1
| #define LT_OBJDIR ".libs/"
| #define HAVE_STRUCT_TM_TM_ZONE 1
| #define HAVE_TM_ZONE 1
| #define HAVE_ICONV 1
| #define HAVE_LINUX_BLKPG_H 1
| #define HAVE_LINUX_MAJOR_H 1
| #define HAVE_ASM_GENERIC_FCNTL_H 1
| #define HAVE_ASM_FCNTL_H 1
| #define HAVE_BYTESWAP_H 1
| #define HAVE_ENDIAN_H 1
| #define HAVE_ERR_H 1
| #define HAVE_ERRNO_H 1
| #define HAVE_FCNTL_H 1
| #define HAVE_GETOPT_H 1
| #define HAVE_INTTYPES_H 1
| #define HAVE_LASTLOG_H 1
| #define HAVE_LINUX_BLKZONED_H 1
| #define HAVE_LINUX_BTRFS_H 1
| #define HAVE_LINUX_CAPABILITY_H 1
| #define HAVE_LINUX_CDROM_H 1
| #define HAVE_LINUX_FALLOC_H 1
| #define HAVE_LINUX_FD_H 1
| #define HAVE_LINUX_FIEMAP_H 1
| #define HAVE_LINUX_LANDLOCK_H 1
| #define HAVE_LINUX_KCMP_H 1
| #define HAVE_LINUX_NET_NAMESPACE_H 1
| #define HAVE_LINUX_NSFS_H 1
| #define HAVE_LINUX_PR_H 1
| #define HAVE_LINUX_SECUREBITS_H 1
| #define HAVE_LINUX_TIOCL_H 1
| #define HAVE_LINUX_VERSION_H 1
| #define HAVE_LINUX_WATCHDOG_H 1
| #define HAVE_LINUX_IF_ALG_H 1
| #define HAVE_LOCALE_H 1
| #define HAVE_MNTENT_H 1
| #define HAVE_NET_IF_H 1
| #define HAVE_NETINET_IN_H 1
| #define HAVE_PATHS_H 1
| #define HAVE_PTY_H 1
| #define HAVE_SECURITY_PAM_APPL_H 1
| #define HAVE_SECURITY_PAM_MODULES_H 1
| #define HAVE_SHADOW_H 1
| #define HAVE_STDINT_H 1
| #define HAVE_STDIO_EXT_H 1
| #define HAVE_STDLIB_H 1
| #define HAVE_SYS_FILE_H 1
| #define HAVE_SYS_IOCTL_H 1
| #define HAVE_SYS_IO_H 1
| #define HAVE_SYS_MOUNT_H 1
| #define HAVE_SYS_PARAM_H 1
| #define HAVE_SYS_PRCTL_H 1
| #define HAVE_SYS_RESOURCE_H 1
| #define HAVE_SYS_SENDFILE_H 1
| #define HAVE_SYS_SIGNALFD_H 1
| #define HAVE_SYS_SOCKET_H 1
| #define HAVE_SYS_STAT_H 1
| #define HAVE_SYS_STATFS_H 1
| #define HAVE_SYS_SWAP_H 1
| #define HAVE_SYS_SYSCALL_H 1
| #define HAVE_SYS_SYSMACROS_H 1
| #define HAVE_SYS_TIME_H 1
| #define HAVE_SYS_TIMEX_H 1
| #define HAVE_SYS_TTYDEFAULTS_H 1
| #define HAVE_SYS_TYPES_H 1
| #define HAVE_SYS_UN_H 1
| #define HAVE_SYS_VFS_H 1
| #define HAVE_SYS_XATTR_H 1
| #define HAVE_UNISTD_H 1
| #define HAVE_UTMP_H 1
| #define HAVE_UTMPX_H 1
| #define HAVE_LINUX_FS_H 1
| #define HAVE_LINUX_MOUNT_H 1
| #define HAVE_LINUX_GSMMUX_H 1
| #define HAVE_SECURITY_PAM_MISC_H 1
| #define HAVE_DECL_BLK_ZONE_REP_CAPACITY 1
| #define HAVE_DECL_PR_REP_CAPACITY 0
| #define HAVE_LANGINFO_H 1
| #define HAVE_TM_GMTOFF 1
| #define HAVE_STRUCT_MOUNT_ATTR 1
| #define HAVE_ENUM_FSCONFIG_COMMAND 1
| #define HAVE_STRUCT_TERMIOS_C_LINE 1
| #define HAVE_STRUCT_STAT_ST_MTIM_TV_NSEC 1
| #define HAVE_STRUCT_STATX 1
| #define HAVE_STRUCT_STATX_STX_MNT_ID 1
| #define HAVE_DECL__NL_TIME_WEEK_1STDAY 0
| #define HAVE_ENVIRON_DECL 1
| #define HAVE_STRSIGNAL_DECL 1
| #define HAVE_CLEARENV 1
| #define HAVE_EACCESS 1
| #define HAVE_ERR 1
| #define HAVE_ERRX 1
| #define HAVE_EXPLICIT_BZERO 1
| #define HAVE___FPENDING 1
| #define HAVE___FPURGE 1
| #define HAVE_FPURGE 1
| #define HAVE_FNMATCH 1
| #define HAVE_FSYNC 1
| #define HAVE_GETDOMAINNAME 1
| #define HAVE_GETDTABLESIZE 1
| #define HAVE_GETRANDOM 1
| #define HAVE_GETRLIMIT 1
| #define HAVE_INOTIFY_INIT 1
| #define HAVE_JRAND48 1
| #define HAVE_LCHOWN 1
| #define HAVE_LGETXATTR 1
| #define HAVE_LLISTXATTR 1
| #define HAVE_NEWLOCALE 1
| #define HAVE_MEMPCPY 1
| #define HAVE_MKOSTEMP 1
| #define HAVE_NANOSLEEP 1
| #define HAVE_PERSONALITY 1
| #define HAVE_POSIX_FADVISE 1
| #define HAVE_PRCTL 1
| #define HAVE_QSORT_R 1
| #define HAVE_REALLOCARRAY 1
| #define HAVE_RENAMEAT2 1
| #define HAVE_SCHED_SETSCHEDULER 1
| /* end confdefs.h.  */
| /* Define __secure_getenv to an innocuous variant, in case <limits.h> declares __secure_getenv.
|    For example, HP-UX 11i <limits.h> declares gettimeofday.  */
| #define __secure_getenv innocuous___secure_getenv
| 
| /* System header to define __stub macros and hopefully few prototypes,
|    which can conflict with char __secure_getenv (); below.  */
| 
| #include <limits.h>
| #undef __secure_getenv
| 
| /* Override any GCC internal prototype to avoid an error.
|    Use char because int might match the return type of a GCC
|    builtin and then its argument prototype would still apply.  */
| #ifdef __cplusplus
| extern "C"
| #endif
| char __secure_getenv ();
| /* The GNU C library defines this for functions which it implements
|     to always fail with ENOSYS.  Some functions are actually named
|     something starting with __ and the normal name is an alias.  */
| #if defined __stub___secure_getenv || defined __stub_____secure_getenv
| choke me
| #endif
| 
| int
| main (void)
| {
| return __secure_getenv ();
|   ;
|   return 0;
| }
configure:26418: result: no
configure:26424: checking for secure_getenv
configure:26424: gcc -o conftest -g -O2 -I/home/sonakrie/Work/testicular_linux/util-linux/../fs/usr/include -L/home/sonakrie/Work/testicular_linux/util-linux/../fs/usr/lib conftest.c  >&5
configure:26424: $? = 0
configure:26424: result: yes
configure:26430: checking for sendfile
configure:26430: gcc -o conftest -g -O2 -I/home/sonakrie/Work/testicular_linux/util-linux/../fs/usr/include -L/home/sonakrie/Work/testicular_linux/util-linux/../fs/usr/lib conftest.c  >&5
configure:26430: $? = 0
configure:26430: result: yes
configure:26436: checking for setprogname
configure:26436: gcc -o conftest -g -O2 -I/home/sonakrie/Work/testicular_linux/util-linux/../fs/usr/include -L/home/sonakrie/Work/testicular_linux/util-linux/../fs/usr/lib conftest.c  >&5
/usr/lib/gcc/x86_64-alpine-linux-musl/15.2.0/../../../../x86_64-alpine-linux-musl/bin/ld: /tmp/ccAjMbnO.o: in function `main':
/home/sonakrie/Work/testicular_linux/util-linux/conftest.c:185:(.text.startup+0x5): undefined reference to `setprogname'
collect2: error: ld returned 1 exit status
configure:26436: $? = 1
configure: failed program was:
| /* confdefs.h */
| #define PACKAGE_NAME "util-linux"
| #define PACKAGE_TARNAME "util-linux"
| #define PACKAGE_VERSION "2.40.2"
| #define PACKAGE_STRING "util-linux 2.40.2"
| #define PACKAGE_BUGREPORT "kzak@redhat.com"
| #define PACKAGE_URL "https://www.kernel.org/pub/linux/utils/util-linux/"
| #define HAVE_STDIO_H 1
| #define HAVE_STDLIB_H 1
| #define HAVE_STRING_H 1
| #define HAVE_INTTYPES_H 1
| #define HAVE_STDINT_H 1
| #define HAVE_STRINGS_H 1
| #define HAVE_SYS_STAT_H 1
| #define HAVE_SYS_TYPES_H 1
| #define HAVE_UNISTD_H 1
| #define HAVE_WCHAR_H 1
| #define STDC_HEADERS 1
| #define _ALL_SOURCE 1
| #define _DARWIN_C_SOURCE 1
| #define _GNU_SOURCE 1
| #define _HPUX_ALT_XOPEN_SOCKET_API 1
| #define _NETBSD_SOURCE 1
| #define _OPENBSD_SOURCE 1
| #define _POSIX_PTHREAD_SEMANTICS 1
| #define __STDC_WANT_IEC_60559_ATTRIBS_EXT__ 1
| #define __STDC_WANT_IEC_60559_BFP_EXT__ 1
| #define __STDC_WANT_IEC_60559_DFP_EXT__ 1
| #define __STDC_WANT_IEC_60559_FUNCS_EXT__ 1
| #define __STDC_WANT_IEC_60559_TYPES_EXT__ 1
| #define __STDC_WANT_LIB_EXT2__ 1
| #define __STDC_WANT_MATH_SPEC_FUNCS__ 1
| #define _TANDEM_SOURCE 1
| #define __EXTENSIONS__ 1
| #define PACKAGE "util-linux"
| #define VERSION "2.40.2"
| #define HAVE_DLFCN_H 1
| #define LT_OBJDIR ".libs/"
| #define HAVE_STRUCT_TM_TM_ZONE 1
| #define HAVE_TM_ZONE 1
| #define HAVE_ICONV 1
| #define HAVE_LINUX_BLKPG_H 1
| #define HAVE_LINUX_MAJOR_H 1
| #define HAVE_ASM_GENERIC_FCNTL_H 1
| #define HAVE_ASM_FCNTL_H 1
| #define HAVE_BYTESWAP_H 1
| #define HAVE_ENDIAN_H 1
| #define HAVE_ERR_H 1
| #define HAVE_ERRNO_H 1
| #define HAVE_FCNTL_H 1
| #define HAVE_GETOPT_H 1
| #define HAVE_INTTYPES_H 1
| #define HAVE_LASTLOG_H 1
| #define HAVE_LINUX_BLKZONED_H 1
| #define HAVE_LINUX_BTRFS_H 1
| #define HAVE_LINUX_CAPABILITY_H 1
| #define HAVE_LINUX_CDROM_H 1
| #define HAVE_LINUX_FALLOC_H 1
| #define HAVE_LINUX_FD_H 1
| #define HAVE_LINUX_FIEMAP_H 1
| #define HAVE_LINUX_LANDLOCK_H 1
| #define HAVE_LINUX_KCMP_H 1
| #define HAVE_LINUX_NET_NAMESPACE_H 1
| #define HAVE_LINUX_NSFS_H 1
| #define HAVE_LINUX_PR_H 1
| #define HAVE_LINUX_SECUREBITS_H 1
| #define HAVE_LINUX_TIOCL_H 1
| #define HAVE_LINUX_VERSION_H 1
| #define HAVE_LINUX_WATCHDOG_H 1
| #define HAVE_LINUX_IF_ALG_H 1
| #define HAVE_LOCALE_H 1
| #define HAVE_MNTENT_H 1
| #define HAVE_NET_IF_H 1
| #define HAVE_NETINET_IN_H 1
| #define HAVE_PATHS_H 1
| #define HAVE_PTY_H 1
| #define HAVE_SECURITY_PAM_APPL_H 1
| #define HAVE_SECURITY_PAM_MODULES_H 1
| #define HAVE_SHADOW_H 1
| #define HAVE_STDINT_H 1
| #define HAVE_STDIO_EXT_H 1
| #define HAVE_STDLIB_H 1
| #define HAVE_SYS_FILE_H 1
| #define HAVE_SYS_IOCTL_H 1
| #define HAVE_SYS_IO_H 1
| #define HAVE_SYS_MOUNT_H 1
| #define HAVE_SYS_PARAM_H 1
| #define HAVE_SYS_PRCTL_H 1
| #define HAVE_SYS_RESOURCE_H 1
| #define HAVE_SYS_SENDFILE_H 1
| #define HAVE_SYS_SIGNALFD_H 1
| #define HAVE_SYS_SOCKET_H 1
| #define HAVE_SYS_STAT_H 1
| #define HAVE_SYS_STATFS_H 1
| #define HAVE_SYS_SWAP_H 1
| #define HAVE_SYS_SYSCALL_H 1
| #define HAVE_SYS_SYSMACROS_H 1
| #define HAVE_SYS_TIME_H 1
| #define HAVE_SYS_TIMEX_H 1
| #define HAVE_SYS_TTYDEFAULTS_H 1
| #define HAVE_SYS_TYPES_H 1
| #define HAVE_SYS_UN_H 1
| #define HAVE_SYS_VFS_H 1
| #define HAVE_SYS_XATTR_H 1
| #define HAVE_UNISTD_H 1
| #define HAVE_UTMP_H 1
| #define HAVE_UTMPX_H 1
| #define HAVE_LINUX_FS_H 1
| #define HAVE_LINUX_MOUNT_H 1
| #define HAVE_LINUX_GSMMUX_H 1
| #define HAVE_SECURITY_PAM_MISC_H 1
| #define HAVE_DECL_BLK_ZONE_REP_CAPACITY 1
| #define HAVE_DECL_PR_REP_CAPACITY 0
| #define HAVE_LANGINFO_H 1
| #define HAVE_TM_GMTOFF 1
| #define HAVE_STRUCT_MOUNT_ATTR 1
| #define HAVE_ENUM_FSCONFIG_COMMAND 1
| #define HAVE_STRUCT_TERMIOS_C_LINE 1
| #define HAVE_STRUCT_STAT_ST_MTIM_TV_NSEC 1
| #define HAVE_STRUCT_STATX 1
| #define HAVE_STRUCT_STATX_STX_MNT_ID 1
| #define HAVE_DECL__NL_TIME_WEEK_1STDAY 0
| #define HAVE_ENVIRON_DECL 1
| #define HAVE_STRSIGNAL_DECL 1
| #define HAVE_CLEARENV 1
| #define HAVE_EACCESS 1
| #define HAVE_ERR 1
| #define HAVE_ERRX 1
| #define HAVE_EXPLICIT_BZERO 1
| #define HAVE___FPENDING 1
| #define HAVE___FPURGE 1
| #define HAVE_FPURGE 1
| #define HAVE_FNMATCH 1
| #define HAVE_FSYNC 1
| #define HAVE_GETDOMAINNAME 1
| #define HAVE_GETDTABLESIZE 1
| #define HAVE_GETRANDOM 1
| #define HAVE_GETRLIMIT 1
| #define HAVE_INOTIFY_INIT 1
| #define HAVE_JRAND48 1
| #define HAVE_LCHOWN 1
| #define HAVE_LGETXATTR 1
| #define HAVE_LLISTXATTR 1
| #define HAVE_NEWLOCALE 1
| #define HAVE_MEMPCPY 1
| #define HAVE_MKOSTEMP 1
| #define HAVE_NANOSLEEP 1
| #define HAVE_PERSONALITY 1
| #define HAVE_POSIX_FADVISE 1
| #define HAVE_PRCTL 1
| #define HAVE_QSORT_R 1
| #define HAVE_REALLOCARRAY 1
| #define HAVE_RENAMEAT2 1
| #define HAVE_SCHED_SETSCHEDULER 1
| #define HAVE_SECURE_GETENV 1
| #define HAVE_SENDFILE 1
| /* end confdefs.h.  */
| /* Define setprogname to an innocuous variant, in case <limits.h> declares setprogname.
|    For example, HP-UX 11i <limits.h> declares gettimeofday.  */
| #define setprogname innocuous_setprogname
| 
| /* System header to define __stub macros and hopefully few prototypes,
|    which can conflict with char setprogname (); below.  */
| 
| #include <limits.h>
| #undef setprogname
| 
| /* Override any GCC internal prototype to avoid an error.
|    Use char because int might match the return type of a GCC
|    builtin and then its argument prototype would still apply.  */
| #ifdef __cplusplus
| extern "C"
| #endif
| char setprogname ();
| /* The GNU C library defines this for functions which it implements
|     to always fail with ENOSYS.  Some functions are actually named
|     something starting with __ and the normal name is an alias.  */
| #if defined __stub_setprogname || defined __stub___setprogname
| choke me
| #endif
| 
| int
| main (void)
| {
| return setprogname ();
|   ;
|   return 0;
| }
configure:26436: result: no
configure:26442: checking for setresgid
configure:26442: gcc -o conftest -g -O2 -I/home/sonakrie/Work/testicular_linux/util-linux/../fs/usr/include -L/home/sonakrie/Work/testicular_linux/util-linux/../fs/usr/lib conftest.c  >&5
configure:26442: $? = 0
configure:26442: result: yes
configure:26448: checking for setresuid
configure:26448: gcc -o conftest -g -O2 -I/home/sonakrie/Work/testicular_linux/util-linux/../fs/usr/include -L/home/sonakrie/Work/testicular_linux/util-linux/../fs/usr/lib conftest.c  >&5
configure:26448: $? = 0
configure:26448: result: yes
configure:26454: checking for sigqueue
configure:26454: gcc -o conftest -g -O2 -I/home/sonakrie/Work/testicular_linux/util-linux/../fs/usr/include -L/home/sonakrie/Work/testicular_linux/util-linux/../fs/usr/lib conftest.c  >&5
configure:26454: $? = 0
configure:26454: result: yes
configure:26460: checking for srandom
configure:26460: gcc -o conftest -g -O2 -I/home/sonakrie/Work/testicular_linux/util-linux/../fs/usr/include -L/home/sonakrie/Work/testicular_linux/util-linux/../fs/usr/lib conftest.c  >&5
configure:26460: $? = 0
configure:26460: result: yes
configure:26466: checking for statx
configure:26466: gcc -o conftest -g -O2 -I/home/sonakrie/Work/testicular_linux/util-linux/../fs/usr/include -L/home/sonakrie/Work/testicular_linux/util-linux/../fs/usr/lib conftest.c  >&5
configure:26466: $? = 0
configure:26466: result: yes
configure:26472: checking for strnchr
configure:26472: gcc -o conftest -g -O2 -I/home/sonakrie/Work/testicular_linux/util-linux/../fs/usr/include -L/home/sonakrie/Work/testicular_linux/util-linux/../fs/usr/lib conftest.c  >&5
/usr/lib/gcc/x86_64-alpine-linux-musl/15.2.0/../../../../x86_64-alpine-linux-musl/bin/ld: /tmp/ccmneNOf.o: in function `main':
/home/sonakrie/Work/testicular_linux/util-linux/conftest.c:190:(.text.startup+0x5): undefined reference to `strnchr'
collect2: error: ld returned 1 exit status
configure:26472: $? = 1
configure: failed program was:
| /* confdefs.h */
| #define PACKAGE_NAME "util-linux"
| #define PACKAGE_TARNAME "util-linux"
| #define PACKAGE_VERSION "2.40.2"
| #define PACKAGE_STRING "util-linux 2.40.2"
| #define PACKAGE_BUGREPORT "kzak@redhat.com"
| #define PACKAGE_URL "https://www.kernel.org/pub/linux/utils/util-linux/"
| #define HAVE_STDIO_H 1
| #define HAVE_STDLIB_H 1
| #define HAVE_STRING_H 1
| #define HAVE_INTTYPES_H 1
| #define HAVE_STDINT_H 1
| #define HAVE_STRINGS_H 1
| #define HAVE_SYS_STAT_H 1
| #define HAVE_SYS_TYPES_H 1
| #define HAVE_UNISTD_H 1
| #define HAVE_WCHAR_H 1
| #define STDC_HEADERS 1
| #define _ALL_SOURCE 1
| #define _DARWIN_C_SOURCE 1
| #define _GNU_SOURCE 1
| #define _HPUX_ALT_XOPEN_SOCKET_API 1
| #define _NETBSD_SOURCE 1
| #define _OPENBSD_SOURCE 1
| #define _POSIX_PTHREAD_SEMANTICS 1
| #define __STDC_WANT_IEC_60559_ATTRIBS_EXT__ 1
| #define __STDC_WANT_IEC_60559_BFP_EXT__ 1
| #define __STDC_WANT_IEC_60559_DFP_EXT__ 1
| #define __STDC_WANT_IEC_60559_FUNCS_EXT__ 1
| #define __STDC_WANT_IEC_60559_TYPES_EXT__ 1
| #define __STDC_WANT_LIB_EXT2__ 1
| #define __STDC_WANT_MATH_SPEC_FUNCS__ 1
| #define _TANDEM_SOURCE 1
| #define __EXTENSIONS__ 1
| #define PACKAGE "util-linux"
| #define VERSION "2.40.2"
| #define HAVE_DLFCN_H 1
| #define LT_OBJDIR ".libs/"
| #define HAVE_STRUCT_TM_TM_ZONE 1
| #define HAVE_TM_ZONE 1
| #define HAVE_ICONV 1
| #define HAVE_LINUX_BLKPG_H 1
| #define HAVE_LINUX_MAJOR_H 1
| #define HAVE_ASM_GENERIC_FCNTL_H 1
| #define HAVE_ASM_FCNTL_H 1
| #define HAVE_BYTESWAP_H 1
| #define HAVE_ENDIAN_H 1
| #define HAVE_ERR_H 1
| #define HAVE_ERRNO_H 1
| #define HAVE_FCNTL_H 1
| #define HAVE_GETOPT_H 1
| #define HAVE_INTTYPES_H 1
| #define HAVE_LASTLOG_H 1
| #define HAVE_LINUX_BLKZONED_H 1
| #define HAVE_LINUX_BTRFS_H 1
| #define HAVE_LINUX_CAPABILITY_H 1
| #define HAVE_LINUX_CDROM_H 1
| #define HAVE_LINUX_FALLOC_H 1
| #define HAVE_LINUX_FD_H 1
| #define HAVE_LINUX_FIEMAP_H 1
| #define HAVE_LINUX_LANDLOCK_H 1
| #define HAVE_LINUX_KCMP_H 1
| #define HAVE_LINUX_NET_NAMESPACE_H 1
| #define HAVE_LINUX_NSFS_H 1
| #define HAVE_LINUX_PR_H 1
| #define HAVE_LINUX_SECUREBITS_H 1
| #define HAVE_LINUX_TIOCL_H 1
| #define HAVE_LINUX_VERSION_H 1
| #define HAVE_LINUX_WATCHDOG_H 1
| #define HAVE_LINUX_IF_ALG_H 1
| #define HAVE_LOCALE_H 1
| #define HAVE_MNTENT_H 1
| #define HAVE_NET_IF_H 1
| #define HAVE_NETINET_IN_H 1
| #define HAVE_PATHS_H 1
| #define HAVE_PTY_H 1
| #define HAVE_SECURITY_PAM_APPL_H 1
| #define HAVE_SECURITY_PAM_MODULES_H 1
| #define HAVE_SHADOW_H 1
| #define HAVE_STDINT_H 1
| #define HAVE_STDIO_EXT_H 1
| #define HAVE_STDLIB_H 1
| #define HAVE_SYS_FILE_H 1
| #define HAVE_SYS_IOCTL_H 1
| #define HAVE_SYS_IO_H 1
| #define HAVE_SYS_MOUNT_H 1
| #define HAVE_SYS_PARAM_H 1
| #define HAVE_SYS_PRCTL_H 1
| #define HAVE_SYS_RESOURCE_H 1
| #define HAVE_SYS_SENDFILE_H 1
| #define HAVE_SYS_SIGNALFD_H 1
| #define HAVE_SYS_SOCKET_H 1
| #define HAVE_SYS_STAT_H 1
| #define HAVE_SYS_STATFS_H 1
| #define HAVE_SYS_SWAP_H 1
| #define HAVE_SYS_SYSCALL_H 1
| #define HAVE_SYS_SYSMACROS_H 1
| #define HAVE_SYS_TIME_H 1
| #define HAVE_SYS_TIMEX_H 1
| #define HAVE_SYS_TTYDEFAULTS_H 1
| #define HAVE_SYS_TYPES_H 1
| #define HAVE_SYS_UN_H 1
| #define HAVE_SYS_VFS_H 1
| #define HAVE_SYS_XATTR_H 1
| #define HAVE_UNISTD_H 1
| #define HAVE_UTMP_H 1
| #define HAVE_UTMPX_H 1
| #define HAVE_LINUX_FS_H 1
| #define HAVE_LINUX_MOUNT_H 1
| #define HAVE_LINUX_GSMMUX_H 1
| #define HAVE_SECURITY_PAM_MISC_H 1
| #define HAVE_DECL_BLK_ZONE_REP_CAPACITY 1
| #define HAVE_DECL_PR_REP_CAPACITY 0
| #define HAVE_LANGINFO_H 1
| #define HAVE_TM_GMTOFF 1
| #define HAVE_STRUCT_MOUNT_ATTR 1
| #define HAVE_ENUM_FSCONFIG_COMMAND 1
| #define HAVE_STRUCT_TERMIOS_C_LINE 1
| #define HAVE_STRUCT_STAT_ST_MTIM_TV_NSEC 1
| #define HAVE_STRUCT_STATX 1
| #define HAVE_STRUCT_STATX_STX_MNT_ID 1
| #define HAVE_DECL__NL_TIME_WEEK_1STDAY 0
| #define HAVE_ENVIRON_DECL 1
| #define HAVE_STRSIGNAL_DECL 1
| #define HAVE_CLEARENV 1
| #define HAVE_EACCESS 1
| #define HAVE_ERR 1
| #define HAVE_ERRX 1
| #define HAVE_EXPLICIT_BZERO 1
| #define HAVE___FPENDING 1
| #define HAVE___FPURGE 1
| #define HAVE_FPURGE 1
| #define HAVE_FNMATCH 1
| #define HAVE_FSYNC 1
| #define HAVE_GETDOMAINNAME 1
| #define HAVE_GETDTABLESIZE 1
| #define HAVE_GETRANDOM 1
| #define HAVE_GETRLIMIT 1
| #define HAVE_INOTIFY_INIT 1
| #define HAVE_JRAND48 1
| #define HAVE_LCHOWN 1
| #define HAVE_LGETXATTR 1
| #define HAVE_LLISTXATTR 1
| #define HAVE_NEWLOCALE 1
| #define HAVE_MEMPCPY 1
| #define HAVE_MKOSTEMP 1
| #define HAVE_NANOSLEEP 1
| #define HAVE_PERSONALITY 1
| #define HAVE_POSIX_FADVISE 1
| #define HAVE_PRCTL 1
| #define HAVE_QSORT_R 1
| #define HAVE_REALLOCARRAY 1
| #define HAVE_RENAMEAT2 1
| #define HAVE_SCHED_SETSCHEDULER 1
| #define HAVE_SECURE_GETENV 1
| #define HAVE_SENDFILE 1
| #define HAVE_SETRESGID 1
| #define HAVE_SETRESUID 1
| #define HAVE_SIGQUEUE 1
| #define HAVE_SRANDOM 1
| #define HAVE_STATX 1
| /* end confdefs.h.  */
| /* Define strnchr to an innocuous variant, in case <limits.h> declares strnchr.
|    For example, HP-UX 11i <limits.h> declares gettimeofday.  */
| #define strnchr innocuous_strnchr
| 
| /* System header to define __stub macros and hopefully few prototypes,
|    which can conflict with char strnchr (); below.  */
| 
| #include <limits.h>
| #undef strnchr
| 
| /* Override any GCC internal prototype to avoid an error.
|    Use char because int might match the return type of a GCC
|    builtin and then its argument prototype would still apply.  */
| #ifdef __cplusplus
| extern "C"
| #endif
| char strnchr ();
| /* The GNU C library defines this for functions which it implements
|     to always fail with ENOSYS.  Some functions are actually named
|     something starting with __ and the normal name is an alias.  */
| #if defined __stub_strnchr || defined __stub___strnchr
| choke me
| #endif
| 
| int
| main (void)
| {
| return strnchr ();
|   ;
|   return 0;
| }
configure:26472: result: no
configure:26478: checking for strndup
configure:26478: gcc -o conftest -g -O2 -I/home/sonakrie/Work/testicular_linux/util-linux/../fs/usr/include -L/home/sonakrie/Work/testicular_linux/util-linux/../fs/usr/lib conftest.c  >&5
conftest.c:179:6: warning: conflicting types for built-in function 'strndup'; expected 'char *(const char *, long unsigned int)' [-Wbuiltin-declaration-mismatch]
  179 | char strndup ();
      |      ^~~~~~~
configure:26478: $? = 0
configure:26478: result: yes
configure:26484: checking for strnlen
configure:26484: gcc -o conftest -g -O2 -I/home/sonakrie/Work/testicular_linux/util-linux/../fs/usr/include -L/home/sonakrie/Work/testicular_linux/util-linux/../fs/usr/lib conftest.c  >&5
conftest.c:180:6: warning: conflicting types for built-in function 'strnlen'; expected 'long unsigned int(const char *, long unsigned int)' [-Wbuiltin-declaration-mismatch]
  180 | char strnlen ();
      |      ^~~~~~~
configure:26484: $? = 0
configure:26484: result: yes
configure:26490: checking for strtod_l
configure:26490: gcc -o conftest -g -O2 -I/home/sonakrie/Work/testicular_linux/util-linux/../fs/usr/include -L/home/sonakrie/Work/testicular_linux/util-linux/../fs/usr/lib conftest.c  >&5
configure:26490: $? = 0
configure:26490: result: yes
configure:26496: checking for sysconf
configure:26496: gcc -o conftest -g -O2 -I/home/sonakrie/Work/testicular_linux/util-linux/../fs/usr/include -L/home/sonakrie/Work/testicular_linux/util-linux/../fs/usr/lib conftest.c  >&5
configure:26496: $? = 0
configure:26496: result: yes
configure:26502: checking for sysinfo
configure:26502: gcc -o conftest -g -O2 -I/home/sonakrie/Work/testicular_linux/util-linux/../fs/usr/include -L/home/sonakrie/Work/testicular_linux/util-linux/../fs/usr/lib conftest.c  >&5
configure:26502: $? = 0
configure:26502: result: yes
configure:26508: checking for timegm
configure:26508: gcc -o conftest -g -O2 -I/home/sonakrie/Work/testicular_linux/util-linux/../fs/usr/include -L/home/sonakrie/Work/testicular_linux/util-linux/../fs/usr/lib conftest.c  >&5
configure:26508: $? = 0
configure:26508: result: yes
configure:26514: checking for usleep
configure:26514: gcc -o conftest -g -O2 -I/home/sonakrie/Work/testicular_linux/util-linux/../fs/usr/include -L/home/sonakrie/Work/testicular_linux/util-linux/../fs/usr/lib conftest.c  >&5
configure:26514: $? = 0
configure:26514: result: yes
configure:26520: checking for uselocale
configure:26520: gcc -o conftest -g -O2 -I/home/sonakrie/Work/testicular_linux/util-linux/../fs/usr/include -L/home/sonakrie/Work/testicular_linux/util-linux/../fs/usr/lib conftest.c  >&5
configure:26520: $? = 0
configure:26520: result: yes
configure:26526: checking for utimensat
configure:26526: gcc -o conftest -g -O2 -I/home/sonakrie/Work/testicular_linux/util-linux/../fs/usr/include -L/home/sonakrie/Work/testicular_linux/util-linux/../fs/usr/lib conftest.c  >&5
configure:26526: $? = 0
configure:26526: result: yes
configure:26532: checking for vwarnx
configure:26532: gcc -o conftest -g -O2 -I/home/sonakrie/Work/testicular_linux/util-linux/../fs/usr/include -L/home/sonakrie/Work/testicular_linux/util-linux/../fs/usr/lib conftest.c  >&5
configure:26532: $? = 0
configure:26532: result: yes
configure:26538: checking for warn
configure:26538: gcc -o conftest -g -O2 -I/home/sonakrie/Work/testicular_linux/util-linux/../fs/usr/include -L/home/sonakrie/Work/testicular_linux/util-linux/../fs/usr/lib conftest.c  >&5
configure:26538: $? = 0
configure:26538: result: yes
configure:26544: checking for warnx
configure:26544: gcc -o conftest -g -O2 -I/home/sonakrie/Work/testicular_linux/util-linux/../fs/usr/include -L/home/sonakrie/Work/testicular_linux/util-linux/../fs/usr/lib conftest.c  >&5
configure:26544: $? = 0
configure:26544: result: yes
configure:26551: checking for _LARGEFILE_SOURCE value needed for large files
configure:26571: gcc -o conftest -g -O2 -I/home/sonakrie/Work/testicular_linux/util-linux/../fs/usr/include -L/home/sonakrie/Work/testicular_linux/util-linux/../fs/usr/lib conftest.c  >&5
configure:26571: $? = 0
configure:26601: result: no
configure:26624: checking for futimens
configure:26624: gcc -o conftest -g -O2 -I/home/sonakrie/Work/testicular_linux/util-linux/../fs/usr/include -L/home/sonakrie/Work/testicular_linux/util-linux/../fs/usr/lib conftest.c  >&5
configure:26624: $? = 0
configure:26624: result: yes
configure:26635: checking for getusershell
configure:26635: gcc -o conftest -g -O2 -I/home/sonakrie/Work/testicular_linux/util-linux/../fs/usr/include -L/home/sonakrie/Work/testicular_linux/util-linux/../fs/usr/lib conftest.c  >&5
configure:26635: $? = 0
configure:26635: result: yes
configure:26648: checking for inotify_init1
configure:26648: gcc -o conftest -g -O2 -I/home/sonakrie/Work/testicular_linux/util-linux/../fs/usr/include -L/home/sonakrie/Work/testicular_linux/util-linux/../fs/usr/lib conftest.c  >&5
configure:26648: $? = 0
configure:26648: result: yes
configure:26660: checking for ioperm
configure:26660: gcc -o conftest -g -O2 -I/home/sonakrie/Work/testicular_linux/util-linux/../fs/usr/include -L/home/sonakrie/Work/testicular_linux/util-linux/../fs/usr/lib conftest.c  >&5
configure:26660: $? = 0
configure:26660: result: yes
configure:26660: checking for iopl
configure:26660: gcc -o conftest -g -O2 -I/home/sonakrie/Work/testicular_linux/util-linux/../fs/usr/include -L/home/sonakrie/Work/testicular_linux/util-linux/../fs/usr/lib conftest.c  >&5
configure:26660: $? = 0
configure:26660: result: yes
configure:26674: checking for openat
configure:26674: gcc -o conftest -g -O2 -I/home/sonakrie/Work/testicular_linux/util-linux/../fs/usr/include -L/home/sonakrie/Work/testicular_linux/util-linux/../fs/usr/lib conftest.c  >&5
configure:26674: $? = 0
configure:26674: result: yes
configure:26674: checking for fstatat
configure:26674: gcc -o conftest -g -O2 -I/home/sonakrie/Work/testicular_linux/util-linux/../fs/usr/include -L/home/sonakrie/Work/testicular_linux/util-linux/../fs/usr/lib conftest.c  >&5
configure:26674: $? = 0
configure:26674: result: yes
configure:26674: checking for unlinkat
configure:26674: gcc -o conftest -g -O2 -I/home/sonakrie/Work/testicular_linux/util-linux/../fs/usr/include -L/home/sonakrie/Work/testicular_linux/util-linux/../fs/usr/lib conftest.c  >&5
configure:26674: $? = 0
configure:26674: result: yes
configure:26689: checking for open_memstream
configure:26689: gcc -o conftest -g -O2 -I/home/sonakrie/Work/testicular_linux/util-linux/../fs/usr/include -L/home/sonakrie/Work/testicular_linux/util-linux/../fs/usr/lib conftest.c  >&5
configure:26689: $? = 0
configure:26689: result: yes
configure:26702: checking for reboot
configure:26702: gcc -o conftest -g -O2 -I/home/sonakrie/Work/testicular_linux/util-linux/../fs/usr/include -L/home/sonakrie/Work/testicular_linux/util-linux/../fs/usr/lib conftest.c  >&5
configure:26702: $? = 0
configure:26702: result: yes
configure:26716: checking for updwtmpx
configure:26716: gcc -o conftest -g -O2 -I/home/sonakrie/Work/testicular_linux/util-linux/../fs/usr/include -L/home/sonakrie/Work/testicular_linux/util-linux/../fs/usr/lib conftest.c  >&5
configure:26716: $? = 0
configure:26716: result: yes
configure:26716: checking for updwtmpx
configure:26716: result: yes
configure:26749: checking for syscall setns
configure:26769: gcc -c -g -O2 -I/home/sonakrie/Work/testicular_linux/util-linux/../fs/usr/include conftest.c >&5
configure:26769: $? = 0
configure:26809: result: SYS_setns
configure:26829: checking for syscall pidfd_open
configure:26849: gcc -c -g -O2 -I/home/sonakrie/Work/testicular_linux/util-linux/../fs/usr/include conftest.c >&5
configure:26849: $? = 0
configure:26889: result: SYS_pidfd_open
configure:26902: checking for syscall pidfd_send_signal
configure:26922: gcc -c -g -O2 -I/home/sonakrie/Work/testicular_linux/util-linux/../fs/usr/include conftest.c >&5
configure:26922: $? = 0
configure:26962: result: SYS_pidfd_send_signal
configure:26975: checking for syscall close_range
configure:26995: gcc -c -g -O2 -I/home/sonakrie/Work/testicular_linux/util-linux/../fs/usr/include conftest.c >&5
configure:26995: $? = 0
configure:27035: result: SYS_close_range
configure:27048: checking for syscall fsconfig
configure:27068: gcc -c -g -O2 -I/home/sonakrie/Work/testicular_linux/util-linux/../fs/usr/include conftest.c >&5
configure:27068: $? = 0
configure:27108: result: SYS_fsconfig
configure:27121: checking for syscall fsmount
configure:27141: gcc -c -g -O2 -I/home/sonakrie/Work/testicular_linux/util-linux/../fs/usr/include conftest.c >&5
configure:27141: $? = 0
configure:27181: result: SYS_fsmount
configure:27194: checking for syscall fsopen
configure:27214: gcc -c -g -O2 -I/home/sonakrie/Work/testicular_linux/util-linux/../fs/usr/include conftest.c >&5
configure:27214: $? = 0
configure:27254: result: SYS_fsopen
configure:27267: checking for syscall fspick
configure:27287: gcc -c -g -O2 -I/home/sonakrie/Work/testicular_linux/util-linux/../fs/usr/include conftest.c >&5
configure:27287: $? = 0
configure:27327: result: SYS_fspick
configure:27340: checking for syscall mount_setattr
configure:27360: gcc -c -g -O2 -I/home/sonakrie/Work/testicular_linux/util-linux/../fs/usr/include conftest.c >&5
configure:27360: $? = 0
configure:27400: result: SYS_mount_setattr
configure:27413: checking for syscall move_mount
configure:27433: gcc -c -g -O2 -I/home/sonakrie/Work/testicular_linux/util-linux/../fs/usr/include conftest.c >&5
configure:27433: $? = 0
configure:27473: result: SYS_move_mount
configure:27486: checking for syscall open_tree
configure:27506: gcc -c -g -O2 -I/home/sonakrie/Work/testicular_linux/util-linux/../fs/usr/include conftest.c >&5
configure:27506: $? = 0
configure:27546: result: SYS_open_tree
configure:27582: checking for isnan
configure:27582: gcc -o conftest -g -O2 -I/home/sonakrie/Work/testicular_linux/util-linux/../fs/usr/include -L/home/sonakrie/Work/testicular_linux/util-linux/../fs/usr/lib conftest.c  >&5
conftest.c:205:6: warning: conflicting types for built-in function 'isnan'; expected 'int()' [-Wbuiltin-declaration-mismatch]
  205 | char isnan ();
      |      ^~~~~
conftest.c:197:1: note: 'isnan' is declared in header '<math.h>'
  196 | #include <limits.h>
  197 | #undef isnan
/usr/lib/gcc/x86_64-alpine-linux-musl/15.2.0/../../../../x86_64-alpine-linux-musl/bin/ld: /tmp/ccKJOagm.o: in function `main':
/home/sonakrie/Work/testicular_linux/util-linux/conftest.c:216:(.text.startup+0x5): undefined reference to `isnan'
collect2: error: ld returned 1 exit status
configure:27582: $? = 1
configure: failed program was:
| /* confdefs.h */
| #define PACKAGE_NAME "util-linux"
| #define PACKAGE_TARNAME "util-linux"
| #define PACKAGE_VERSION "2.40.2"
| #define PACKAGE_STRING "util-linux 2.40.2"
| #define PACKAGE_BUGREPORT "kzak@redhat.com"
| #define PACKAGE_URL "https://www.kernel.org/pub/linux/utils/util-linux/"
| #define HAVE_STDIO_H 1
| #define HAVE_STDLIB_H 1
| #define HAVE_STRING_H 1
| #define HAVE_INTTYPES_H 1
| #define HAVE_STDINT_H 1
| #define HAVE_STRINGS_H 1
| #define HAVE_SYS_STAT_H 1
| #define HAVE_SYS_TYPES_H 1
| #define HAVE_UNISTD_H 1
| #define HAVE_WCHAR_H 1
| #define STDC_HEADERS 1
| #define _ALL_SOURCE 1
| #define _DARWIN_C_SOURCE 1
| #define _GNU_SOURCE 1
| #define _HPUX_ALT_XOPEN_SOCKET_API 1
| #define _NETBSD_SOURCE 1
| #define _OPENBSD_SOURCE 1
| #define _POSIX_PTHREAD_SEMANTICS 1
| #define __STDC_WANT_IEC_60559_ATTRIBS_EXT__ 1
| #define __STDC_WANT_IEC_60559_BFP_EXT__ 1
| #define __STDC_WANT_IEC_60559_DFP_EXT__ 1
| #define __STDC_WANT_IEC_60559_FUNCS_EXT__ 1
| #define __STDC_WANT_IEC_60559_TYPES_EXT__ 1
| #define __STDC_WANT_LIB_EXT2__ 1
| #define __STDC_WANT_MATH_SPEC_FUNCS__ 1
| #define _TANDEM_SOURCE 1
| #define __EXTENSIONS__ 1
| #define PACKAGE "util-linux"
| #define VERSION "2.40.2"
| #define HAVE_DLFCN_H 1
| #define LT_OBJDIR ".libs/"
| #define HAVE_STRUCT_TM_TM_ZONE 1
| #define HAVE_TM_ZONE 1
| #define HAVE_ICONV 1
| #define HAVE_LINUX_BLKPG_H 1
| #define HAVE_LINUX_MAJOR_H 1
| #define HAVE_ASM_GENERIC_FCNTL_H 1
| #define HAVE_ASM_FCNTL_H 1
| #define HAVE_BYTESWAP_H 1
| #define HAVE_ENDIAN_H 1
| #define HAVE_ERR_H 1
| #define HAVE_ERRNO_H 1
| #define HAVE_FCNTL_H 1
| #define HAVE_GETOPT_H 1
| #define HAVE_INTTYPES_H 1
| #define HAVE_LASTLOG_H 1
| #define HAVE_LINUX_BLKZONED_H 1
| #define HAVE_LINUX_BTRFS_H 1
| #define HAVE_LINUX_CAPABILITY_H 1
| #define HAVE_LINUX_CDROM_H 1
| #define HAVE_LINUX_FALLOC_H 1
| #define HAVE_LINUX_FD_H 1
| #define HAVE_LINUX_FIEMAP_H 1
| #define HAVE_LINUX_LANDLOCK_H 1
| #define HAVE_LINUX_KCMP_H 1
| #define HAVE_LINUX_NET_NAMESPACE_H 1
| #define HAVE_LINUX_NSFS_H 1
| #define HAVE_LINUX_PR_H 1
| #define HAVE_LINUX_SECUREBITS_H 1
| #define HAVE_LINUX_TIOCL_H 1
| #define HAVE_LINUX_VERSION_H 1
| #define HAVE_LINUX_WATCHDOG_H 1
| #define HAVE_LINUX_IF_ALG_H 1
| #define HAVE_LOCALE_H 1
| #define HAVE_MNTENT_H 1
| #define HAVE_NET_IF_H 1
| #define HAVE_NETINET_IN_H 1
| #define HAVE_PATHS_H 1
| #define HAVE_PTY_H 1
| #define HAVE_SECURITY_PAM_APPL_H 1
| #define HAVE_SECURITY_PAM_MODULES_H 1
| #define HAVE_SHADOW_H 1
| #define HAVE_STDINT_H 1
| #define HAVE_STDIO_EXT_H 1
| #define HAVE_STDLIB_H 1
| #define HAVE_SYS_FILE_H 1
| #define HAVE_SYS_IOCTL_H 1
| #define HAVE_SYS_IO_H 1
| #define HAVE_SYS_MOUNT_H 1
| #define HAVE_SYS_PARAM_H 1
| #define HAVE_SYS_PRCTL_H 1
| #define HAVE_SYS_RESOURCE_H 1
| #define HAVE_SYS_SENDFILE_H 1
| #define HAVE_SYS_SIGNALFD_H 1
| #define HAVE_SYS_SOCKET_H 1
| #define HAVE_SYS_STAT_H 1
| #define HAVE_SYS_STATFS_H 1
| #define HAVE_SYS_SWAP_H 1
| #define HAVE_SYS_SYSCALL_H 1
| #define HAVE_SYS_SYSMACROS_H 1
| #define HAVE_SYS_TIME_H 1
| #define HAVE_SYS_TIMEX_H 1
| #define HAVE_SYS_TTYDEFAULTS_H 1
| #define HAVE_SYS_TYPES_H 1
| #define HAVE_SYS_UN_H 1
| #define HAVE_SYS_VFS_H 1
| #define HAVE_SYS_XATTR_H 1
| #define HAVE_UNISTD_H 1
| #define HAVE_UTMP_H 1
| #define HAVE_UTMPX_H 1
| #define HAVE_LINUX_FS_H 1
| #define HAVE_LINUX_MOUNT_H 1
| #define HAVE_LINUX_GSMMUX_H 1
| #define HAVE_SECURITY_PAM_MISC_H 1
| #define HAVE_DECL_BLK_ZONE_REP_CAPACITY 1
| #define HAVE_DECL_PR_REP_CAPACITY 0
| #define HAVE_LANGINFO_H 1
| #define HAVE_TM_GMTOFF 1
| #define HAVE_STRUCT_MOUNT_ATTR 1
| #define HAVE_ENUM_FSCONFIG_COMMAND 1
| #define HAVE_STRUCT_TERMIOS_C_LINE 1
| #define HAVE_STRUCT_STAT_ST_MTIM_TV_NSEC 1
| #define HAVE_STRUCT_STATX 1
| #define HAVE_STRUCT_STATX_STX_MNT_ID 1
| #define HAVE_DECL__NL_TIME_WEEK_1STDAY 0
| #define HAVE_ENVIRON_DECL 1
| #define HAVE_STRSIGNAL_DECL 1
| #define HAVE_CLEARENV 1
| #define HAVE_EACCESS 1
| #define HAVE_ERR 1
| #define HAVE_ERRX 1
| #define HAVE_EXPLICIT_BZERO 1
| #define HAVE___FPENDING 1
| #define HAVE___FPURGE 1
| #define HAVE_FPURGE 1
| #define HAVE_FNMATCH 1
| #define HAVE_FSYNC 1
| #define HAVE_GETDOMAINNAME 1
| #define HAVE_GETDTABLESIZE 1
| #define HAVE_GETRANDOM 1
| #define HAVE_GETRLIMIT 1
| #define HAVE_INOTIFY_INIT 1
| #define HAVE_JRAND48 1
| #define HAVE_LCHOWN 1
| #define HAVE_LGETXATTR 1
| #define HAVE_LLISTXATTR 1
| #define HAVE_NEWLOCALE 1
| #define HAVE_MEMPCPY 1
| #define HAVE_MKOSTEMP 1
| #define HAVE_NANOSLEEP 1
| #define HAVE_PERSONALITY 1
| #define HAVE_POSIX_FADVISE 1
| #define HAVE_PRCTL 1
| #define HAVE_QSORT_R 1
| #define HAVE_REALLOCARRAY 1
| #define HAVE_RENAMEAT2 1
| #define HAVE_SCHED_SETSCHEDULER 1
| #define HAVE_SECURE_GETENV 1
| #define HAVE_SENDFILE 1
| #define HAVE_SETRESGID 1
| #define HAVE_SETRESUID 1
| #define HAVE_SIGQUEUE 1
| #define HAVE_SRANDOM 1
| #define HAVE_STATX 1
| #define HAVE_STRNDUP 1
| #define HAVE_STRNLEN 1
| #define HAVE_STRTOD_L 1
| #define HAVE_SYSCONF 1
| #define HAVE_SYSINFO 1
| #define HAVE_TIMEGM 1
| #define HAVE_USLEEP 1
| #define HAVE_USELOCALE 1
| #define HAVE_UTIMENSAT 1
| #define HAVE_VWARNX 1
| #define HAVE_WARN 1
| #define HAVE_WARNX 1
| #define HAVE_FSEEKO 1
| #define HAVE_FUTIMENS 1
| #define HAVE_GETUSERSHELL 1
| #define HAVE_INOTIFY_INIT1 1
| #define HAVE_IOPERM 1
| #define HAVE_IOPL 1
| #define HAVE_OPENAT 1
| #define HAVE_FSTATAT 1
| #define HAVE_UNLINKAT 1
| #define HAVE_OPEN_MEMSTREAM 1
| #define HAVE_REBOOT 1
| #define HAVE_UPDWTMPX 1
| #define HAVE_UPDWTMPX 1
| #define HAVE_MOUNTFD_API 1
| /* end confdefs.h.  */
| /* Define isnan to an innocuous variant, in case <limits.h> declares isnan.
|    For example, HP-UX 11i <limits.h> declares gettimeofday.  */
| #define isnan innocuous_isnan
| 
| /* System header to define __stub macros and hopefully few prototypes,
|    which can conflict with char isnan (); below.  */
| 
| #include <limits.h>
| #undef isnan
| 
| /* Override any GCC internal prototype to avoid an error.
|    Use char because int might match the return type of a GCC
|    builtin and then its argument prototype would still apply.  */
| #ifdef __cplusplus
| extern "C"
| #endif
| char isnan ();
| /* The GNU C library defines this for functions which it implements
|     to always fail with ENOSYS.  Some functions are actually named
|     something starting with __ and the normal name is an alias.  */
| #if defined __stub_isnan || defined __stub___isnan
| choke me
| #endif
| 
| int
| main (void)
| {
| return isnan ();
|   ;
|   return 0;
| }
configure:27582: result: no
configure:27588: checking for isnan in -lm
configure:27611: gcc -o conftest -g -O2 -I/home/sonakrie/Work/testicular_linux/util-linux/../fs/usr/include -L/home/sonakrie/Work/testicular_linux/util-linux/../fs/usr/lib conftest.c -lm   >&5
conftest.c:193:6: warning: conflicting types for built-in function 'isnan'; expected 'int()' [-Wbuiltin-declaration-mismatch]
  193 | char isnan ();
      |      ^~~~~
conftest.c:1:1: note: 'isnan' is declared in header '<math.h>'
    1 | /* confdefs.h */
/usr/lib/gcc/x86_64-alpine-linux-musl/15.2.0/../../../../x86_64-alpine-linux-musl/bin/ld: /tmp/cchIDpln.o: in function `main':
/home/sonakrie/Work/testicular_linux/util-linux/conftest.c:197:(.text.startup+0x5): undefined reference to `isnan'
collect2: error: ld returned 1 exit status
configure:27611: $? = 1
configure: failed program was:
| /* confdefs.h */
| #define PACKAGE_NAME "util-linux"
| #define PACKAGE_TARNAME "util-linux"
| #define PACKAGE_VERSION "2.40.2"
| #define PACKAGE_STRING "util-linux 2.40.2"
| #define PACKAGE_BUGREPORT "kzak@redhat.com"
| #define PACKAGE_URL "https://www.kernel.org/pub/linux/utils/util-linux/"
| #define HAVE_STDIO_H 1
| #define HAVE_STDLIB_H 1
| #define HAVE_STRING_H 1
| #define HAVE_INTTYPES_H 1
| #define HAVE_STDINT_H 1
| #define HAVE_STRINGS_H 1
| #define HAVE_SYS_STAT_H 1
| #define HAVE_SYS_TYPES_H 1
| #define HAVE_UNISTD_H 1
| #define HAVE_WCHAR_H 1
| #define STDC_HEADERS 1
| #define _ALL_SOURCE 1
| #define _DARWIN_C_SOURCE 1
| #define _GNU_SOURCE 1
| #define _HPUX_ALT_XOPEN_SOCKET_API 1
| #define _NETBSD_SOURCE 1
| #define _OPENBSD_SOURCE 1
| #define _POSIX_PTHREAD_SEMANTICS 1
| #define __STDC_WANT_IEC_60559_ATTRIBS_EXT__ 1
| #define __STDC_WANT_IEC_60559_BFP_EXT__ 1
| #define __STDC_WANT_IEC_60559_DFP_EXT__ 1
| #define __STDC_WANT_IEC_60559_FUNCS_EXT__ 1
| #define __STDC_WANT_IEC_60559_TYPES_EXT__ 1
| #define __STDC_WANT_LIB_EXT2__ 1
| #define __STDC_WANT_MATH_SPEC_FUNCS__ 1
| #define _TANDEM_SOURCE 1
| #define __EXTENSIONS__ 1
| #define PACKAGE "util-linux"
| #define VERSION "2.40.2"
| #define HAVE_DLFCN_H 1
| #define LT_OBJDIR ".libs/"
| #define HAVE_STRUCT_TM_TM_ZONE 1
| #define HAVE_TM_ZONE 1
| #define HAVE_ICONV 1
| #define HAVE_LINUX_BLKPG_H 1
| #define HAVE_LINUX_MAJOR_H 1
| #define HAVE_ASM_GENERIC_FCNTL_H 1
| #define HAVE_ASM_FCNTL_H 1
| #define HAVE_BYTESWAP_H 1
| #define HAVE_ENDIAN_H 1
| #define HAVE_ERR_H 1
| #define HAVE_ERRNO_H 1
| #define HAVE_FCNTL_H 1
| #define HAVE_GETOPT_H 1
| #define HAVE_INTTYPES_H 1
| #define HAVE_LASTLOG_H 1
| #define HAVE_LINUX_BLKZONED_H 1
| #define HAVE_LINUX_BTRFS_H 1
| #define HAVE_LINUX_CAPABILITY_H 1
| #define HAVE_LINUX_CDROM_H 1
| #define HAVE_LINUX_FALLOC_H 1
| #define HAVE_LINUX_FD_H 1
| #define HAVE_LINUX_FIEMAP_H 1
| #define HAVE_LINUX_LANDLOCK_H 1
| #define HAVE_LINUX_KCMP_H 1
| #define HAVE_LINUX_NET_NAMESPACE_H 1
| #define HAVE_LINUX_NSFS_H 1
| #define HAVE_LINUX_PR_H 1
| #define HAVE_LINUX_SECUREBITS_H 1
| #define HAVE_LINUX_TIOCL_H 1
| #define HAVE_LINUX_VERSION_H 1
| #define HAVE_LINUX_WATCHDOG_H 1
| #define HAVE_LINUX_IF_ALG_H 1
| #define HAVE_LOCALE_H 1
| #define HAVE_MNTENT_H 1
| #define HAVE_NET_IF_H 1
| #define HAVE_NETINET_IN_H 1
| #define HAVE_PATHS_H 1
| #define HAVE_PTY_H 1
| #define HAVE_SECURITY_PAM_APPL_H 1
| #define HAVE_SECURITY_PAM_MODULES_H 1
| #define HAVE_SHADOW_H 1
| #define HAVE_STDINT_H 1
| #define HAVE_STDIO_EXT_H 1
| #define HAVE_STDLIB_H 1
| #define HAVE_SYS_FILE_H 1
| #define HAVE_SYS_IOCTL_H 1
| #define HAVE_SYS_IO_H 1
| #define HAVE_SYS_MOUNT_H 1
| #define HAVE_SYS_PARAM_H 1
| #define HAVE_SYS_PRCTL_H 1
| #define HAVE_SYS_RESOURCE_H 1
| #define HAVE_SYS_SENDFILE_H 1
| #define HAVE_SYS_SIGNALFD_H 1
| #define HAVE_SYS_SOCKET_H 1
| #define HAVE_SYS_STAT_H 1
| #define HAVE_SYS_STATFS_H 1
| #define HAVE_SYS_SWAP_H 1
| #define HAVE_SYS_SYSCALL_H 1
| #define HAVE_SYS_SYSMACROS_H 1
| #define HAVE_SYS_TIME_H 1
| #define HAVE_SYS_TIMEX_H 1
| #define HAVE_SYS_TTYDEFAULTS_H 1
| #define HAVE_SYS_TYPES_H 1
| #define HAVE_SYS_UN_H 1
| #define HAVE_SYS_VFS_H 1
| #define HAVE_SYS_XATTR_H 1
| #define HAVE_UNISTD_H 1
| #define HAVE_UTMP_H 1
| #define HAVE_UTMPX_H 1
| #define HAVE_LINUX_FS_H 1
| #define HAVE_LINUX_MOUNT_H 1
| #define HAVE_LINUX_GSMMUX_H 1
| #define HAVE_SECURITY_PAM_MISC_H 1
| #define HAVE_DECL_BLK_ZONE_REP_CAPACITY 1
| #define HAVE_DECL_PR_REP_CAPACITY 0
| #define HAVE_LANGINFO_H 1
| #define HAVE_TM_GMTOFF 1
| #define HAVE_STRUCT_MOUNT_ATTR 1
| #define HAVE_ENUM_FSCONFIG_COMMAND 1
| #define HAVE_STRUCT_TERMIOS_C_LINE 1
| #define HAVE_STRUCT_STAT_ST_MTIM_TV_NSEC 1
| #define HAVE_STRUCT_STATX 1
| #define HAVE_STRUCT_STATX_STX_MNT_ID 1
| #define HAVE_DECL__NL_TIME_WEEK_1STDAY 0
| #define HAVE_ENVIRON_DECL 1
| #define HAVE_STRSIGNAL_DECL 1
| #define HAVE_CLEARENV 1
| #define HAVE_EACCESS 1
| #define HAVE_ERR 1
| #define HAVE_ERRX 1
| #define HAVE_EXPLICIT_BZERO 1
| #define HAVE___FPENDING 1
| #define HAVE___FPURGE 1
| #define HAVE_FPURGE 1
| #define HAVE_FNMATCH 1
| #define HAVE_FSYNC 1
| #define HAVE_GETDOMAINNAME 1
| #define HAVE_GETDTABLESIZE 1
| #define HAVE_GETRANDOM 1
| #define HAVE_GETRLIMIT 1
| #define HAVE_INOTIFY_INIT 1
| #define HAVE_JRAND48 1
| #define HAVE_LCHOWN 1
| #define HAVE_LGETXATTR 1
| #define HAVE_LLISTXATTR 1
| #define HAVE_NEWLOCALE 1
| #define HAVE_MEMPCPY 1
| #define HAVE_MKOSTEMP 1
| #define HAVE_NANOSLEEP 1
| #define HAVE_PERSONALITY 1
| #define HAVE_POSIX_FADVISE 1
| #define HAVE_PRCTL 1
| #define HAVE_QSORT_R 1
| #define HAVE_REALLOCARRAY 1
| #define HAVE_RENAMEAT2 1
| #define HAVE_SCHED_SETSCHEDULER 1
| #define HAVE_SECURE_GETENV 1
| #define HAVE_SENDFILE 1
| #define HAVE_SETRESGID 1
| #define HAVE_SETRESUID 1
| #define HAVE_SIGQUEUE 1
| #define HAVE_SRANDOM 1
| #define HAVE_STATX 1
| #define HAVE_STRNDUP 1
| #define HAVE_STRNLEN 1
| #define HAVE_STRTOD_L 1
| #define HAVE_SYSCONF 1
| #define HAVE_SYSINFO 1
| #define HAVE_TIMEGM 1
| #define HAVE_USLEEP 1
| #define HAVE_USELOCALE 1
| #define HAVE_UTIMENSAT 1
| #define HAVE_VWARNX 1
| #define HAVE_WARN 1
| #define HAVE_WARNX 1
| #define HAVE_FSEEKO 1
| #define HAVE_FUTIMENS 1
| #define HAVE_GETUSERSHELL 1
| #define HAVE_INOTIFY_INIT1 1
| #define HAVE_IOPERM 1
| #define HAVE_IOPL 1
| #define HAVE_OPENAT 1
| #define HAVE_FSTATAT 1
| #define HAVE_UNLINKAT 1
| #define HAVE_OPEN_MEMSTREAM 1
| #define HAVE_REBOOT 1
| #define HAVE_UPDWTMPX 1
| #define HAVE_UPDWTMPX 1
| #define HAVE_MOUNTFD_API 1
| /* end confdefs.h.  */
| 
| /* Override any GCC internal prototype to avoid an error.
|    Use char because int might match the return type of a GCC
|    builtin and then its argument prototype would still apply.  */
| char isnan ();
| int
| main (void)
| {
| return isnan ();
|   ;
|   return 0;
| }
configure:27621: result: no
configure:27628: checking for __isnan in -lm
configure:27651: gcc -o conftest -g -O2 -I/home/sonakrie/Work/testicular_linux/util-linux/../fs/usr/include -L/home/sonakrie/Work/testicular_linux/util-linux/../fs/usr/lib conftest.c -lm   >&5
/usr/lib/gcc/x86_64-alpine-linux-musl/15.2.0/../../../../x86_64-alpine-linux-musl/bin/ld: /tmp/ccAmGABp.o: in function `main':
/home/sonakrie/Work/testicular_linux/util-linux/conftest.c:197:(.text.startup+0x5): undefined reference to `__isnan'
collect2: error: ld returned 1 exit status
configure:27651: $? = 1
configure: failed program was:
| /* confdefs.h */
| #define PACKAGE_NAME "util-linux"
| #define PACKAGE_TARNAME "util-linux"
| #define PACKAGE_VERSION "2.40.2"
| #define PACKAGE_STRING "util-linux 2.40.2"
| #define PACKAGE_BUGREPORT "kzak@redhat.com"
| #define PACKAGE_URL "https://www.kernel.org/pub/linux/utils/util-linux/"
| #define HAVE_STDIO_H 1
| #define HAVE_STDLIB_H 1
| #define HAVE_STRING_H 1
| #define HAVE_INTTYPES_H 1
| #define HAVE_STDINT_H 1
| #define HAVE_STRINGS_H 1
| #define HAVE_SYS_STAT_H 1
| #define HAVE_SYS_TYPES_H 1
| #define HAVE_UNISTD_H 1
| #define HAVE_WCHAR_H 1
| #define STDC_HEADERS 1
| #define _ALL_SOURCE 1
| #define _DARWIN_C_SOURCE 1
| #define _GNU_SOURCE 1
| #define _HPUX_ALT_XOPEN_SOCKET_API 1
| #define _NETBSD_SOURCE 1
| #define _OPENBSD_SOURCE 1
| #define _POSIX_PTHREAD_SEMANTICS 1
| #define __STDC_WANT_IEC_60559_ATTRIBS_EXT__ 1
| #define __STDC_WANT_IEC_60559_BFP_EXT__ 1
| #define __STDC_WANT_IEC_60559_DFP_EXT__ 1
| #define __STDC_WANT_IEC_60559_FUNCS_EXT__ 1
| #define __STDC_WANT_IEC_60559_TYPES_EXT__ 1
| #define __STDC_WANT_LIB_EXT2__ 1
| #define __STDC_WANT_MATH_SPEC_FUNCS__ 1
| #define _TANDEM_SOURCE 1
| #define __EXTENSIONS__ 1
| #define PACKAGE "util-linux"
| #define VERSION "2.40.2"
| #define HAVE_DLFCN_H 1
| #define LT_OBJDIR ".libs/"
| #define HAVE_STRUCT_TM_TM_ZONE 1
| #define HAVE_TM_ZONE 1
| #define HAVE_ICONV 1
| #define HAVE_LINUX_BLKPG_H 1
| #define HAVE_LINUX_MAJOR_H 1
| #define HAVE_ASM_GENERIC_FCNTL_H 1
| #define HAVE_ASM_FCNTL_H 1
| #define HAVE_BYTESWAP_H 1
| #define HAVE_ENDIAN_H 1
| #define HAVE_ERR_H 1
| #define HAVE_ERRNO_H 1
| #define HAVE_FCNTL_H 1
| #define HAVE_GETOPT_H 1
| #define HAVE_INTTYPES_H 1
| #define HAVE_LASTLOG_H 1
| #define HAVE_LINUX_BLKZONED_H 1
| #define HAVE_LINUX_BTRFS_H 1
| #define HAVE_LINUX_CAPABILITY_H 1
| #define HAVE_LINUX_CDROM_H 1
| #define HAVE_LINUX_FALLOC_H 1
| #define HAVE_LINUX_FD_H 1
| #define HAVE_LINUX_FIEMAP_H 1
| #define HAVE_LINUX_LANDLOCK_H 1
| #define HAVE_LINUX_KCMP_H 1
| #define HAVE_LINUX_NET_NAMESPACE_H 1
| #define HAVE_LINUX_NSFS_H 1
| #define HAVE_LINUX_PR_H 1
| #define HAVE_LINUX_SECUREBITS_H 1
| #define HAVE_LINUX_TIOCL_H 1
| #define HAVE_LINUX_VERSION_H 1
| #define HAVE_LINUX_WATCHDOG_H 1
| #define HAVE_LINUX_IF_ALG_H 1
| #define HAVE_LOCALE_H 1
| #define HAVE_MNTENT_H 1
| #define HAVE_NET_IF_H 1
| #define HAVE_NETINET_IN_H 1
| #define HAVE_PATHS_H 1
| #define HAVE_PTY_H 1
| #define HAVE_SECURITY_PAM_APPL_H 1
| #define HAVE_SECURITY_PAM_MODULES_H 1
| #define HAVE_SHADOW_H 1
| #define HAVE_STDINT_H 1
| #define HAVE_STDIO_EXT_H 1
| #define HAVE_STDLIB_H 1
| #define HAVE_SYS_FILE_H 1
| #define HAVE_SYS_IOCTL_H 1
| #define HAVE_SYS_IO_H 1
| #define HAVE_SYS_MOUNT_H 1
| #define HAVE_SYS_PARAM_H 1
| #define HAVE_SYS_PRCTL_H 1
| #define HAVE_SYS_RESOURCE_H 1
| #define HAVE_SYS_SENDFILE_H 1
| #define HAVE_SYS_SIGNALFD_H 1
| #define HAVE_SYS_SOCKET_H 1
| #define HAVE_SYS_STAT_H 1
| #define HAVE_SYS_STATFS_H 1
| #define HAVE_SYS_SWAP_H 1
| #define HAVE_SYS_SYSCALL_H 1
| #define HAVE_SYS_SYSMACROS_H 1
| #define HAVE_SYS_TIME_H 1
| #define HAVE_SYS_TIMEX_H 1
| #define HAVE_SYS_TTYDEFAULTS_H 1
| #define HAVE_SYS_TYPES_H 1
| #define HAVE_SYS_UN_H 1
| #define HAVE_SYS_VFS_H 1
| #define HAVE_SYS_XATTR_H 1
| #define HAVE_UNISTD_H 1
| #define HAVE_UTMP_H 1
| #define HAVE_UTMPX_H 1
| #define HAVE_LINUX_FS_H 1
| #define HAVE_LINUX_MOUNT_H 1
| #define HAVE_LINUX_GSMMUX_H 1
| #define HAVE_SECURITY_PAM_MISC_H 1
| #define HAVE_DECL_BLK_ZONE_REP_CAPACITY 1
| #define HAVE_DECL_PR_REP_CAPACITY 0
| #define HAVE_LANGINFO_H 1
| #define HAVE_TM_GMTOFF 1
| #define HAVE_STRUCT_MOUNT_ATTR 1
| #define HAVE_ENUM_FSCONFIG_COMMAND 1
| #define HAVE_STRUCT_TERMIOS_C_LINE 1
| #define HAVE_STRUCT_STAT_ST_MTIM_TV_NSEC 1
| #define HAVE_STRUCT_STATX 1
| #define HAVE_STRUCT_STATX_STX_MNT_ID 1
| #define HAVE_DECL__NL_TIME_WEEK_1STDAY 0
| #define HAVE_ENVIRON_DECL 1
| #define HAVE_STRSIGNAL_DECL 1
| #define HAVE_CLEARENV 1
| #define HAVE_EACCESS 1
| #define HAVE_ERR 1
| #define HAVE_ERRX 1
| #define HAVE_EXPLICIT_BZERO 1
| #define HAVE___FPENDING 1
| #define HAVE___FPURGE 1
| #define HAVE_FPURGE 1
| #define HAVE_FNMATCH 1
| #define HAVE_FSYNC 1
| #define HAVE_GETDOMAINNAME 1
| #define HAVE_GETDTABLESIZE 1
| #define HAVE_GETRANDOM 1
| #define HAVE_GETRLIMIT 1
| #define HAVE_INOTIFY_INIT 1
| #define HAVE_JRAND48 1
| #define HAVE_LCHOWN 1
| #define HAVE_LGETXATTR 1
| #define HAVE_LLISTXATTR 1
| #define HAVE_NEWLOCALE 1
| #define HAVE_MEMPCPY 1
| #define HAVE_MKOSTEMP 1
| #define HAVE_NANOSLEEP 1
| #define HAVE_PERSONALITY 1
| #define HAVE_POSIX_FADVISE 1
| #define HAVE_PRCTL 1
| #define HAVE_QSORT_R 1
| #define HAVE_REALLOCARRAY 1
| #define HAVE_RENAMEAT2 1
| #define HAVE_SCHED_SETSCHEDULER 1
| #define HAVE_SECURE_GETENV 1
| #define HAVE_SENDFILE 1
| #define HAVE_SETRESGID 1
| #define HAVE_SETRESUID 1
| #define HAVE_SIGQUEUE 1
| #define HAVE_SRANDOM 1
| #define HAVE_STATX 1
| #define HAVE_STRNDUP 1
| #define HAVE_STRNLEN 1
| #define HAVE_STRTOD_L 1
| #define HAVE_SYSCONF 1
| #define HAVE_SYSINFO 1
| #define HAVE_TIMEGM 1
| #define HAVE_USLEEP 1
| #define HAVE_USELOCALE 1
| #define HAVE_UTIMENSAT 1
| #define HAVE_VWARNX 1
| #define HAVE_WARN 1
| #define HAVE_WARNX 1
| #define HAVE_FSEEKO 1
| #define HAVE_FUTIMENS 1
| #define HAVE_GETUSERSHELL 1
| #define HAVE_INOTIFY_INIT1 1
| #define HAVE_IOPERM 1
| #define HAVE_IOPL 1
| #define HAVE_OPENAT 1
| #define HAVE_FSTATAT 1
| #define HAVE_UNLINKAT 1
| #define HAVE_OPEN_MEMSTREAM 1
| #define HAVE_REBOOT 1
| #define HAVE_UPDWTMPX 1
| #define HAVE_UPDWTMPX 1
| #define HAVE_MOUNTFD_API 1
| /* end confdefs.h.  */
| 
| /* Override any GCC internal prototype to avoid an error.
|    Use char because int might match the return type of a GCC
|    builtin and then its argument prototype would still apply.  */
| char __isnan ();
| int
| main (void)
| {
| return __isnan ();
|   ;
|   return 0;
| }
configure:27661: result: no
configure:27678: checking for clock_gettime
configure:27678: gcc -o conftest -g -O2 -I/home/sonakrie/Work/testicular_linux/util-linux/../fs/usr/include -L/home/sonakrie/Work/testicular_linux/util-linux/../fs/usr/lib conftest.c  >&5
configure:27678: $? = 0
configure:27678: result: yes
configure:27733: checking for timer_create
configure:27733: gcc -o conftest -g -O2 -I/home/sonakrie/Work/testicular_linux/util-linux/../fs/usr/include -L/home/sonakrie/Work/testicular_linux/util-linux/../fs/usr/lib conftest.c  >&5
configure:27733: $? = 0
configure:27733: result: yes
configure:27883: checking for rtas_get_sysparm in -lrtas
configure:27906: gcc -o conftest -g -O2 -I/home/sonakrie/Work/testicular_linux/util-linux/../fs/usr/include -L/home/sonakrie/Work/testicular_linux/util-linux/../fs/usr/lib conftest.c -lrtas   >&5
/usr/lib/gcc/x86_64-alpine-linux-musl/15.2.0/../../../../x86_64-alpine-linux-musl/bin/ld: cannot find -lrtas: No such file or directory
collect2: error: ld returned 1 exit status
configure:27906: $? = 1
configure: failed program was:
| /* confdefs.h */
| #define PACKAGE_NAME "util-linux"
| #define PACKAGE_TARNAME "util-linux"
| #define PACKAGE_VERSION "2.40.2"
| #define PACKAGE_STRING "util-linux 2.40.2"
| #define PACKAGE_BUGREPORT "kzak@redhat.com"
| #define PACKAGE_URL "https://www.kernel.org/pub/linux/utils/util-linux/"
| #define HAVE_STDIO_H 1
| #define HAVE_STDLIB_H 1
| #define HAVE_STRING_H 1
| #define HAVE_INTTYPES_H 1
| #define HAVE_STDINT_H 1
| #define HAVE_STRINGS_H 1
| #define HAVE_SYS_STAT_H 1
| #define HAVE_SYS_TYPES_H 1
| #define HAVE_UNISTD_H 1
| #define HAVE_WCHAR_H 1
| #define STDC_HEADERS 1
| #define _ALL_SOURCE 1
| #define _DARWIN_C_SOURCE 1
| #define _GNU_SOURCE 1
| #define _HPUX_ALT_XOPEN_SOCKET_API 1
| #define _NETBSD_SOURCE 1
| #define _OPENBSD_SOURCE 1
| #define _POSIX_PTHREAD_SEMANTICS 1
| #define __STDC_WANT_IEC_60559_ATTRIBS_EXT__ 1
| #define __STDC_WANT_IEC_60559_BFP_EXT__ 1
| #define __STDC_WANT_IEC_60559_DFP_EXT__ 1
| #define __STDC_WANT_IEC_60559_FUNCS_EXT__ 1
| #define __STDC_WANT_IEC_60559_TYPES_EXT__ 1
| #define __STDC_WANT_LIB_EXT2__ 1
| #define __STDC_WANT_MATH_SPEC_FUNCS__ 1
| #define _TANDEM_SOURCE 1
| #define __EXTENSIONS__ 1
| #define PACKAGE "util-linux"
| #define VERSION "2.40.2"
| #define HAVE_DLFCN_H 1
| #define LT_OBJDIR ".libs/"
| #define HAVE_STRUCT_TM_TM_ZONE 1
| #define HAVE_TM_ZONE 1
| #define HAVE_ICONV 1
| #define HAVE_LINUX_BLKPG_H 1
| #define HAVE_LINUX_MAJOR_H 1
| #define HAVE_ASM_GENERIC_FCNTL_H 1
| #define HAVE_ASM_FCNTL_H 1
| #define HAVE_BYTESWAP_H 1
| #define HAVE_ENDIAN_H 1
| #define HAVE_ERR_H 1
| #define HAVE_ERRNO_H 1
| #define HAVE_FCNTL_H 1
| #define HAVE_GETOPT_H 1
| #define HAVE_INTTYPES_H 1
| #define HAVE_LASTLOG_H 1
| #define HAVE_LINUX_BLKZONED_H 1
| #define HAVE_LINUX_BTRFS_H 1
| #define HAVE_LINUX_CAPABILITY_H 1
| #define HAVE_LINUX_CDROM_H 1
| #define HAVE_LINUX_FALLOC_H 1
| #define HAVE_LINUX_FD_H 1
| #define HAVE_LINUX_FIEMAP_H 1
| #define HAVE_LINUX_LANDLOCK_H 1
| #define HAVE_LINUX_KCMP_H 1
| #define HAVE_LINUX_NET_NAMESPACE_H 1
| #define HAVE_LINUX_NSFS_H 1
| #define HAVE_LINUX_PR_H 1
| #define HAVE_LINUX_SECUREBITS_H 1
| #define HAVE_LINUX_TIOCL_H 1
| #define HAVE_LINUX_VERSION_H 1
| #define HAVE_LINUX_WATCHDOG_H 1
| #define HAVE_LINUX_IF_ALG_H 1
| #define HAVE_LOCALE_H 1
| #define HAVE_MNTENT_H 1
| #define HAVE_NET_IF_H 1
| #define HAVE_NETINET_IN_H 1
| #define HAVE_PATHS_H 1
| #define HAVE_PTY_H 1
| #define HAVE_SECURITY_PAM_APPL_H 1
| #define HAVE_SECURITY_PAM_MODULES_H 1
| #define HAVE_SHADOW_H 1
| #define HAVE_STDINT_H 1
| #define HAVE_STDIO_EXT_H 1
| #define HAVE_STDLIB_H 1
| #define HAVE_SYS_FILE_H 1
| #define HAVE_SYS_IOCTL_H 1
| #define HAVE_SYS_IO_H 1
| #define HAVE_SYS_MOUNT_H 1
| #define HAVE_SYS_PARAM_H 1
| #define HAVE_SYS_PRCTL_H 1
| #define HAVE_SYS_RESOURCE_H 1
| #define HAVE_SYS_SENDFILE_H 1
| #define HAVE_SYS_SIGNALFD_H 1
| #define HAVE_SYS_SOCKET_H 1
| #define HAVE_SYS_STAT_H 1
| #define HAVE_SYS_STATFS_H 1
| #define HAVE_SYS_SWAP_H 1
| #define HAVE_SYS_SYSCALL_H 1
| #define HAVE_SYS_SYSMACROS_H 1
| #define HAVE_SYS_TIME_H 1
| #define HAVE_SYS_TIMEX_H 1
| #define HAVE_SYS_TTYDEFAULTS_H 1
| #define HAVE_SYS_TYPES_H 1
| #define HAVE_SYS_UN_H 1
| #define HAVE_SYS_VFS_H 1
| #define HAVE_SYS_XATTR_H 1
| #define HAVE_UNISTD_H 1
| #define HAVE_UTMP_H 1
| #define HAVE_UTMPX_H 1
| #define HAVE_LINUX_FS_H 1
| #define HAVE_LINUX_MOUNT_H 1
| #define HAVE_LINUX_GSMMUX_H 1
| #define HAVE_SECURITY_PAM_MISC_H 1
| #define HAVE_DECL_BLK_ZONE_REP_CAPACITY 1
| #define HAVE_DECL_PR_REP_CAPACITY 0
| #define HAVE_LANGINFO_H 1
| #define HAVE_TM_GMTOFF 1
| #define HAVE_STRUCT_MOUNT_ATTR 1
| #define HAVE_ENUM_FSCONFIG_COMMAND 1
| #define HAVE_STRUCT_TERMIOS_C_LINE 1
| #define HAVE_STRUCT_STAT_ST_MTIM_TV_NSEC 1
| #define HAVE_STRUCT_STATX 1
| #define HAVE_STRUCT_STATX_STX_MNT_ID 1
| #define HAVE_DECL__NL_TIME_WEEK_1STDAY 0
| #define HAVE_ENVIRON_DECL 1
| #define HAVE_STRSIGNAL_DECL 1
| #define HAVE_CLEARENV 1
| #define HAVE_EACCESS 1
| #define HAVE_ERR 1
| #define HAVE_ERRX 1
| #define HAVE_EXPLICIT_BZERO 1
| #define HAVE___FPENDING 1
| #define HAVE___FPURGE 1
| #define HAVE_FPURGE 1
| #define HAVE_FNMATCH 1
| #define HAVE_FSYNC 1
| #define HAVE_GETDOMAINNAME 1
| #define HAVE_GETDTABLESIZE 1
| #define HAVE_GETRANDOM 1
| #define HAVE_GETRLIMIT 1
| #define HAVE_INOTIFY_INIT 1
| #define HAVE_JRAND48 1
| #define HAVE_LCHOWN 1
| #define HAVE_LGETXATTR 1
| #define HAVE_LLISTXATTR 1
| #define HAVE_NEWLOCALE 1
| #define HAVE_MEMPCPY 1
| #define HAVE_MKOSTEMP 1
| #define HAVE_NANOSLEEP 1
| #define HAVE_PERSONALITY 1
| #define HAVE_POSIX_FADVISE 1
| #define HAVE_PRCTL 1
| #define HAVE_QSORT_R 1
| #define HAVE_REALLOCARRAY 1
| #define HAVE_RENAMEAT2 1
| #define HAVE_SCHED_SETSCHEDULER 1
| #define HAVE_SECURE_GETENV 1
| #define HAVE_SENDFILE 1
| #define HAVE_SETRESGID 1
| #define HAVE_SETRESUID 1
| #define HAVE_SIGQUEUE 1
| #define HAVE_SRANDOM 1
| #define HAVE_STATX 1
| #define HAVE_STRNDUP 1
| #define HAVE_STRNLEN 1
| #define HAVE_STRTOD_L 1
| #define HAVE_SYSCONF 1
| #define HAVE_SYSINFO 1
| #define HAVE_TIMEGM 1
| #define HAVE_USLEEP 1
| #define HAVE_USELOCALE 1
| #define HAVE_UTIMENSAT 1
| #define HAVE_VWARNX 1
| #define HAVE_WARN 1
| #define HAVE_WARNX 1
| #define HAVE_FSEEKO 1
| #define HAVE_FUTIMENS 1
| #define HAVE_GETUSERSHELL 1
| #define HAVE_INOTIFY_INIT1 1
| #define HAVE_IOPERM 1
| #define HAVE_IOPL 1
| #define HAVE_OPENAT 1
| #define HAVE_FSTATAT 1
| #define HAVE_UNLINKAT 1
| #define HAVE_OPEN_MEMSTREAM 1
| #define HAVE_REBOOT 1
| #define HAVE_UPDWTMPX 1
| #define HAVE_UPDWTMPX 1
| #define HAVE_MOUNTFD_API 1
| #define HAVE_CLOCK_GETTIME 1
| #define HAVE_TIMER_CREATE 1
| /* end confdefs.h.  */
| 
| /* Override any GCC internal prototype to avoid an error.
|    Use char because int might match the return type of a GCC
|    builtin and then its argument prototype would still apply.  */
| char rtas_get_sysparm ();
| int
| main (void)
| {
| return rtas_get_sysparm ();
|   ;
|   return 0;
| }
configure:27916: result: no
configure:27931: checking for struct sockaddr.sa_len
configure:27931: gcc -c -g -O2 -I/home/sonakrie/Work/testicular_linux/util-linux/../fs/usr/include conftest.c >&5
conftest.c: In function 'main':
conftest.c:198:12: error: 'struct sockaddr' has no member named 'sa_len'
  198 | if (ac_aggr.sa_len)
      |            ^
configure:27931: $? = 1
configure: failed program was:
| /* confdefs.h */
| #define PACKAGE_NAME "util-linux"
| #define PACKAGE_TARNAME "util-linux"
| #define PACKAGE_VERSION "2.40.2"
| #define PACKAGE_STRING "util-linux 2.40.2"
| #define PACKAGE_BUGREPORT "kzak@redhat.com"
| #define PACKAGE_URL "https://www.kernel.org/pub/linux/utils/util-linux/"
| #define HAVE_STDIO_H 1
| #define HAVE_STDLIB_H 1
| #define HAVE_STRING_H 1
| #define HAVE_INTTYPES_H 1
| #define HAVE_STDINT_H 1
| #define HAVE_STRINGS_H 1
| #define HAVE_SYS_STAT_H 1
| #define HAVE_SYS_TYPES_H 1
| #define HAVE_UNISTD_H 1
| #define HAVE_WCHAR_H 1
| #define STDC_HEADERS 1
| #define _ALL_SOURCE 1
| #define _DARWIN_C_SOURCE 1
| #define _GNU_SOURCE 1
| #define _HPUX_ALT_XOPEN_SOCKET_API 1
| #define _NETBSD_SOURCE 1
| #define _OPENBSD_SOURCE 1
| #define _POSIX_PTHREAD_SEMANTICS 1
| #define __STDC_WANT_IEC_60559_ATTRIBS_EXT__ 1
| #define __STDC_WANT_IEC_60559_BFP_EXT__ 1
| #define __STDC_WANT_IEC_60559_DFP_EXT__ 1
| #define __STDC_WANT_IEC_60559_FUNCS_EXT__ 1
| #define __STDC_WANT_IEC_60559_TYPES_EXT__ 1
| #define __STDC_WANT_LIB_EXT2__ 1
| #define __STDC_WANT_MATH_SPEC_FUNCS__ 1
| #define _TANDEM_SOURCE 1
| #define __EXTENSIONS__ 1
| #define PACKAGE "util-linux"
| #define VERSION "2.40.2"
| #define HAVE_DLFCN_H 1
| #define LT_OBJDIR ".libs/"
| #define HAVE_STRUCT_TM_TM_ZONE 1
| #define HAVE_TM_ZONE 1
| #define HAVE_ICONV 1
| #define HAVE_LINUX_BLKPG_H 1
| #define HAVE_LINUX_MAJOR_H 1
| #define HAVE_ASM_GENERIC_FCNTL_H 1
| #define HAVE_ASM_FCNTL_H 1
| #define HAVE_BYTESWAP_H 1
| #define HAVE_ENDIAN_H 1
| #define HAVE_ERR_H 1
| #define HAVE_ERRNO_H 1
| #define HAVE_FCNTL_H 1
| #define HAVE_GETOPT_H 1
| #define HAVE_INTTYPES_H 1
| #define HAVE_LASTLOG_H 1
| #define HAVE_LINUX_BLKZONED_H 1
| #define HAVE_LINUX_BTRFS_H 1
| #define HAVE_LINUX_CAPABILITY_H 1
| #define HAVE_LINUX_CDROM_H 1
| #define HAVE_LINUX_FALLOC_H 1
| #define HAVE_LINUX_FD_H 1
| #define HAVE_LINUX_FIEMAP_H 1
| #define HAVE_LINUX_LANDLOCK_H 1
| #define HAVE_LINUX_KCMP_H 1
| #define HAVE_LINUX_NET_NAMESPACE_H 1
| #define HAVE_LINUX_NSFS_H 1
| #define HAVE_LINUX_PR_H 1
| #define HAVE_LINUX_SECUREBITS_H 1
| #define HAVE_LINUX_TIOCL_H 1
| #define HAVE_LINUX_VERSION_H 1
| #define HAVE_LINUX_WATCHDOG_H 1
| #define HAVE_LINUX_IF_ALG_H 1
| #define HAVE_LOCALE_H 1
| #define HAVE_MNTENT_H 1
| #define HAVE_NET_IF_H 1
| #define HAVE_NETINET_IN_H 1
| #define HAVE_PATHS_H 1
| #define HAVE_PTY_H 1
| #define HAVE_SECURITY_PAM_APPL_H 1
| #define HAVE_SECURITY_PAM_MODULES_H 1
| #define HAVE_SHADOW_H 1
| #define HAVE_STDINT_H 1
| #define HAVE_STDIO_EXT_H 1
| #define HAVE_STDLIB_H 1
| #define HAVE_SYS_FILE_H 1
| #define HAVE_SYS_IOCTL_H 1
| #define HAVE_SYS_IO_H 1
| #define HAVE_SYS_MOUNT_H 1
| #define HAVE_SYS_PARAM_H 1
| #define HAVE_SYS_PRCTL_H 1
| #define HAVE_SYS_RESOURCE_H 1
| #define HAVE_SYS_SENDFILE_H 1
| #define HAVE_SYS_SIGNALFD_H 1
| #define HAVE_SYS_SOCKET_H 1
| #define HAVE_SYS_STAT_H 1
| #define HAVE_SYS_STATFS_H 1
| #define HAVE_SYS_SWAP_H 1
| #define HAVE_SYS_SYSCALL_H 1
| #define HAVE_SYS_SYSMACROS_H 1
| #define HAVE_SYS_TIME_H 1
| #define HAVE_SYS_TIMEX_H 1
| #define HAVE_SYS_TTYDEFAULTS_H 1
| #define HAVE_SYS_TYPES_H 1
| #define HAVE_SYS_UN_H 1
| #define HAVE_SYS_VFS_H 1
| #define HAVE_SYS_XATTR_H 1
| #define HAVE_UNISTD_H 1
| #define HAVE_UTMP_H 1
| #define HAVE_UTMPX_H 1
| #define HAVE_LINUX_FS_H 1
| #define HAVE_LINUX_MOUNT_H 1
| #define HAVE_LINUX_GSMMUX_H 1
| #define HAVE_SECURITY_PAM_MISC_H 1
| #define HAVE_DECL_BLK_ZONE_REP_CAPACITY 1
| #define HAVE_DECL_PR_REP_CAPACITY 0
| #define HAVE_LANGINFO_H 1
| #define HAVE_TM_GMTOFF 1
| #define HAVE_STRUCT_MOUNT_ATTR 1
| #define HAVE_ENUM_FSCONFIG_COMMAND 1
| #define HAVE_STRUCT_TERMIOS_C_LINE 1
| #define HAVE_STRUCT_STAT_ST_MTIM_TV_NSEC 1
| #define HAVE_STRUCT_STATX 1
| #define HAVE_STRUCT_STATX_STX_MNT_ID 1
| #define HAVE_DECL__NL_TIME_WEEK_1STDAY 0
| #define HAVE_ENVIRON_DECL 1
| #define HAVE_STRSIGNAL_DECL 1
| #define HAVE_CLEARENV 1
| #define HAVE_EACCESS 1
| #define HAVE_ERR 1
| #define HAVE_ERRX 1
| #define HAVE_EXPLICIT_BZERO 1
| #define HAVE___FPENDING 1
| #define HAVE___FPURGE 1
| #define HAVE_FPURGE 1
| #define HAVE_FNMATCH 1
| #define HAVE_FSYNC 1
| #define HAVE_GETDOMAINNAME 1
| #define HAVE_GETDTABLESIZE 1
| #define HAVE_GETRANDOM 1
| #define HAVE_GETRLIMIT 1
| #define HAVE_INOTIFY_INIT 1
| #define HAVE_JRAND48 1
| #define HAVE_LCHOWN 1
| #define HAVE_LGETXATTR 1
| #define HAVE_LLISTXATTR 1
| #define HAVE_NEWLOCALE 1
| #define HAVE_MEMPCPY 1
| #define HAVE_MKOSTEMP 1
| #define HAVE_NANOSLEEP 1
| #define HAVE_PERSONALITY 1
| #define HAVE_POSIX_FADVISE 1
| #define HAVE_PRCTL 1
| #define HAVE_QSORT_R 1
| #define HAVE_REALLOCARRAY 1
| #define HAVE_RENAMEAT2 1
| #define HAVE_SCHED_SETSCHEDULER 1
| #define HAVE_SECURE_GETENV 1
| #define HAVE_SENDFILE 1
| #define HAVE_SETRESGID 1
| #define HAVE_SETRESUID 1
| #define HAVE_SIGQUEUE 1
| #define HAVE_SRANDOM 1
| #define HAVE_STATX 1
| #define HAVE_STRNDUP 1
| #define HAVE_STRNLEN 1
| #define HAVE_STRTOD_L 1
| #define HAVE_SYSCONF 1
| #define HAVE_SYSINFO 1
| #define HAVE_TIMEGM 1
| #define HAVE_USLEEP 1
| #define HAVE_USELOCALE 1
| #define HAVE_UTIMENSAT 1
| #define HAVE_VWARNX 1
| #define HAVE_WARN 1
| #define HAVE_WARNX 1
| #define HAVE_FSEEKO 1
| #define HAVE_FUTIMENS 1
| #define HAVE_GETUSERSHELL 1
| #define HAVE_INOTIFY_INIT1 1
| #define HAVE_IOPERM 1
| #define HAVE_IOPL 1
| #define HAVE_OPENAT 1
| #define HAVE_FSTATAT 1
| #define HAVE_UNLINKAT 1
| #define HAVE_OPEN_MEMSTREAM 1
| #define HAVE_REBOOT 1
| #define HAVE_UPDWTMPX 1
| #define HAVE_UPDWTMPX 1
| #define HAVE_MOUNTFD_API 1
| #define HAVE_CLOCK_GETTIME 1
| #define HAVE_TIMER_CREATE 1
| /* end confdefs.h.  */
| #include <sys/types.h>
| 	 #include <sys/socket.h>
| 
| int
| main (void)
| {
| static struct sockaddr ac_aggr;
| if (ac_aggr.sa_len)
| return 0;
|   ;
|   return 0;
| }
configure:27931: gcc -c -g -O2 -I/home/sonakrie/Work/testicular_linux/util-linux/../fs/usr/include conftest.c >&5
conftest.c: In function 'main':
conftest.c:198:19: error: 'struct sockaddr' has no member named 'sa_len'
  198 | if (sizeof ac_aggr.sa_len)
      |                   ^
configure:27931: $? = 1
configure: failed program was:
| /* confdefs.h */
| #define PACKAGE_NAME "util-linux"
| #define PACKAGE_TARNAME "util-linux"
| #define PACKAGE_VERSION "2.40.2"
| #define PACKAGE_STRING "util-linux 2.40.2"
| #define PACKAGE_BUGREPORT "kzak@redhat.com"
| #define PACKAGE_URL "https://www.kernel.org/pub/linux/utils/util-linux/"
| #define HAVE_STDIO_H 1
| #define HAVE_STDLIB_H 1
| #define HAVE_STRING_H 1
| #define HAVE_INTTYPES_H 1
| #define HAVE_STDINT_H 1
| #define HAVE_STRINGS_H 1
| #define HAVE_SYS_STAT_H 1
| #define HAVE_SYS_TYPES_H 1
| #define HAVE_UNISTD_H 1
| #define HAVE_WCHAR_H 1
| #define STDC_HEADERS 1
| #define _ALL_SOURCE 1
| #define _DARWIN_C_SOURCE 1
| #define _GNU_SOURCE 1
| #define _HPUX_ALT_XOPEN_SOCKET_API 1
| #define _NETBSD_SOURCE 1
| #define _OPENBSD_SOURCE 1
| #define _POSIX_PTHREAD_SEMANTICS 1
| #define __STDC_WANT_IEC_60559_ATTRIBS_EXT__ 1
| #define __STDC_WANT_IEC_60559_BFP_EXT__ 1
| #define __STDC_WANT_IEC_60559_DFP_EXT__ 1
| #define __STDC_WANT_IEC_60559_FUNCS_EXT__ 1
| #define __STDC_WANT_IEC_60559_TYPES_EXT__ 1
| #define __STDC_WANT_LIB_EXT2__ 1
| #define __STDC_WANT_MATH_SPEC_FUNCS__ 1
| #define _TANDEM_SOURCE 1
| #define __EXTENSIONS__ 1
| #define PACKAGE "util-linux"
| #define VERSION "2.40.2"
| #define HAVE_DLFCN_H 1
| #define LT_OBJDIR ".libs/"
| #define HAVE_STRUCT_TM_TM_ZONE 1
| #define HAVE_TM_ZONE 1
| #define HAVE_ICONV 1
| #define HAVE_LINUX_BLKPG_H 1
| #define HAVE_LINUX_MAJOR_H 1
| #define HAVE_ASM_GENERIC_FCNTL_H 1
| #define HAVE_ASM_FCNTL_H 1
| #define HAVE_BYTESWAP_H 1
| #define HAVE_ENDIAN_H 1
| #define HAVE_ERR_H 1
| #define HAVE_ERRNO_H 1
| #define HAVE_FCNTL_H 1
| #define HAVE_GETOPT_H 1
| #define HAVE_INTTYPES_H 1
| #define HAVE_LASTLOG_H 1
| #define HAVE_LINUX_BLKZONED_H 1
| #define HAVE_LINUX_BTRFS_H 1
| #define HAVE_LINUX_CAPABILITY_H 1
| #define HAVE_LINUX_CDROM_H 1
| #define HAVE_LINUX_FALLOC_H 1
| #define HAVE_LINUX_FD_H 1
| #define HAVE_LINUX_FIEMAP_H 1
| #define HAVE_LINUX_LANDLOCK_H 1
| #define HAVE_LINUX_KCMP_H 1
| #define HAVE_LINUX_NET_NAMESPACE_H 1
| #define HAVE_LINUX_NSFS_H 1
| #define HAVE_LINUX_PR_H 1
| #define HAVE_LINUX_SECUREBITS_H 1
| #define HAVE_LINUX_TIOCL_H 1
| #define HAVE_LINUX_VERSION_H 1
| #define HAVE_LINUX_WATCHDOG_H 1
| #define HAVE_LINUX_IF_ALG_H 1
| #define HAVE_LOCALE_H 1
| #define HAVE_MNTENT_H 1
| #define HAVE_NET_IF_H 1
| #define HAVE_NETINET_IN_H 1
| #define HAVE_PATHS_H 1
| #define HAVE_PTY_H 1
| #define HAVE_SECURITY_PAM_APPL_H 1
| #define HAVE_SECURITY_PAM_MODULES_H 1
| #define HAVE_SHADOW_H 1
| #define HAVE_STDINT_H 1
| #define HAVE_STDIO_EXT_H 1
| #define HAVE_STDLIB_H 1
| #define HAVE_SYS_FILE_H 1
| #define HAVE_SYS_IOCTL_H 1
| #define HAVE_SYS_IO_H 1
| #define HAVE_SYS_MOUNT_H 1
| #define HAVE_SYS_PARAM_H 1
| #define HAVE_SYS_PRCTL_H 1
| #define HAVE_SYS_RESOURCE_H 1
| #define HAVE_SYS_SENDFILE_H 1
| #define HAVE_SYS_SIGNALFD_H 1
| #define HAVE_SYS_SOCKET_H 1
| #define HAVE_SYS_STAT_H 1
| #define HAVE_SYS_STATFS_H 1
| #define HAVE_SYS_SWAP_H 1
| #define HAVE_SYS_SYSCALL_H 1
| #define HAVE_SYS_SYSMACROS_H 1
| #define HAVE_SYS_TIME_H 1
| #define HAVE_SYS_TIMEX_H 1
| #define HAVE_SYS_TTYDEFAULTS_H 1
| #define HAVE_SYS_TYPES_H 1
| #define HAVE_SYS_UN_H 1
| #define HAVE_SYS_VFS_H 1
| #define HAVE_SYS_XATTR_H 1
| #define HAVE_UNISTD_H 1
| #define HAVE_UTMP_H 1
| #define HAVE_UTMPX_H 1
| #define HAVE_LINUX_FS_H 1
| #define HAVE_LINUX_MOUNT_H 1
| #define HAVE_LINUX_GSMMUX_H 1
| #define HAVE_SECURITY_PAM_MISC_H 1
| #define HAVE_DECL_BLK_ZONE_REP_CAPACITY 1
| #define HAVE_DECL_PR_REP_CAPACITY 0
| #define HAVE_LANGINFO_H 1
| #define HAVE_TM_GMTOFF 1
| #define HAVE_STRUCT_MOUNT_ATTR 1
| #define HAVE_ENUM_FSCONFIG_COMMAND 1
| #define HAVE_STRUCT_TERMIOS_C_LINE 1
| #define HAVE_STRUCT_STAT_ST_MTIM_TV_NSEC 1
| #define HAVE_STRUCT_STATX 1
| #define HAVE_STRUCT_STATX_STX_MNT_ID 1
| #define HAVE_DECL__NL_TIME_WEEK_1STDAY 0
| #define HAVE_ENVIRON_DECL 1
| #define HAVE_STRSIGNAL_DECL 1
| #define HAVE_CLEARENV 1
| #define HAVE_EACCESS 1
| #define HAVE_ERR 1
| #define HAVE_ERRX 1
| #define HAVE_EXPLICIT_BZERO 1
| #define HAVE___FPENDING 1
| #define HAVE___FPURGE 1
| #define HAVE_FPURGE 1
| #define HAVE_FNMATCH 1
| #define HAVE_FSYNC 1
| #define HAVE_GETDOMAINNAME 1
| #define HAVE_GETDTABLESIZE 1
| #define HAVE_GETRANDOM 1
| #define HAVE_GETRLIMIT 1
| #define HAVE_INOTIFY_INIT 1
| #define HAVE_JRAND48 1
| #define HAVE_LCHOWN 1
| #define HAVE_LGETXATTR 1
| #define HAVE_LLISTXATTR 1
| #define HAVE_NEWLOCALE 1
| #define HAVE_MEMPCPY 1
| #define HAVE_MKOSTEMP 1
| #define HAVE_NANOSLEEP 1
| #define HAVE_PERSONALITY 1
| #define HAVE_POSIX_FADVISE 1
| #define HAVE_PRCTL 1
| #define HAVE_QSORT_R 1
| #define HAVE_REALLOCARRAY 1
| #define HAVE_RENAMEAT2 1
| #define HAVE_SCHED_SETSCHEDULER 1
| #define HAVE_SECURE_GETENV 1
| #define HAVE_SENDFILE 1
| #define HAVE_SETRESGID 1
| #define HAVE_SETRESUID 1
| #define HAVE_SIGQUEUE 1
| #define HAVE_SRANDOM 1
| #define HAVE_STATX 1
| #define HAVE_STRNDUP 1
| #define HAVE_STRNLEN 1
| #define HAVE_STRTOD_L 1
| #define HAVE_SYSCONF 1
| #define HAVE_SYSINFO 1
| #define HAVE_TIMEGM 1
| #define HAVE_USLEEP 1
| #define HAVE_USELOCALE 1
| #define HAVE_UTIMENSAT 1
| #define HAVE_VWARNX 1
| #define HAVE_WARN 1
| #define HAVE_WARNX 1
| #define HAVE_FSEEKO 1
| #define HAVE_FUTIMENS 1
| #define HAVE_GETUSERSHELL 1
| #define HAVE_INOTIFY_INIT1 1
| #define HAVE_IOPERM 1
| #define HAVE_IOPL 1
| #define HAVE_OPENAT 1
| #define HAVE_FSTATAT 1
| #define HAVE_UNLINKAT 1
| #define HAVE_OPEN_MEMSTREAM 1
| #define HAVE_REBOOT 1
| #define HAVE_UPDWTMPX 1
| #define HAVE_UPDWTMPX 1
| #define HAVE_MOUNTFD_API 1
| #define HAVE_CLOCK_GETTIME 1
| #define HAVE_TIMER_CREATE 1
| /* end confdefs.h.  */
| #include <sys/types.h>
| 	 #include <sys/socket.h>
| 
| int
| main (void)
| {
| static struct sockaddr ac_aggr;
| if (sizeof ac_aggr.sa_len)
| return 0;
|   ;
|   return 0;
| }
configure:27931: result: no
configure:27943: checking for library containing socket
configure:27973: gcc -o conftest -g -O2 -I/home/sonakrie/Work/testicular_linux/util-linux/../fs/usr/include -L/home/sonakrie/Work/testicular_linux/util-linux/../fs/usr/lib conftest.c  >&5
configure:27973: $? = 0
configure:27993: result: none required
configure:28013: checking for dirfd
configure:28013: gcc -o conftest -g -O2 -I/home/sonakrie/Work/testicular_linux/util-linux/../fs/usr/include -L/home/sonakrie/Work/testicular_linux/util-linux/../fs/usr/lib conftest.c  >&5
configure:28013: $? = 0
configure:28013: result: yes
configure:28076: checking for mq_open in -lrt
configure:28099: gcc -o conftest -g -O2 -I/home/sonakrie/Work/testicular_linux/util-linux/../fs/usr/include -L/home/sonakrie/Work/testicular_linux/util-linux/../fs/usr/lib conftest.c -lrt   >&5
configure:28099: $? = 0
configure:28109: result: yes
configure:28118: checking whether program_invocation_short_name is defined
configure:28135: gcc -c -g -O2 -I/home/sonakrie/Work/testicular_linux/util-linux/../fs/usr/include conftest.c >&5
configure:28135: $? = 0
configure:28138: result: yes
configure:28153: checking whether __progname is defined
configure:28166: gcc -o conftest -g -O2 -I/home/sonakrie/Work/testicular_linux/util-linux/../fs/usr/include -L/home/sonakrie/Work/testicular_linux/util-linux/../fs/usr/lib conftest.c  >&5
configure:28166: $? = 0
configure:28171: result: yes
configure:28180: checking whether IOC_OPAL_GET_STATUS is declared
configure:28180: gcc -c -g -O2  -I/home/sonakrie/Work/testicular_linux/util-linux/../fs/usr/include conftest.c >&5
configure:28180: $? = 0
configure:28180: result: yes
configure:28435: checking for asciidoctor
configure:28473: result: no
configure:28487: WARNING: asciidoctor not found; not building man pages
configure:28537: re-use already generated man-pages.
configure:28583: checking for po4a
configure:28621: result: no
configure:28635: WARNING: po4a not found; not building translated man pages
configure:28666: checking whether the target supports thread-local storage
configure:28726: gcc -o conftest -g -O2 -I/home/sonakrie/Work/testicular_linux/util-linux/../fs/usr/include -L/home/sonakrie/Work/testicular_linux/util-linux/../fs/usr/lib conftest.c  >&5
configure:28726: $? = 0
configure:28726: ./conftest
configure:28726: $? = 0
configure:28734: gcc -o conftest -g -O2 -I/home/sonakrie/Work/testicular_linux/util-linux/../fs/usr/include -static -L/home/sonakrie/Work/testicular_linux/util-linux/../fs/usr/lib conftest.c  >&5
configure:28734: $? = 0
configure:28747: gcc -o conftest -g -O2 -I/home/sonakrie/Work/testicular_linux/util-linux/../fs/usr/include -static -L/home/sonakrie/Work/testicular_linux/util-linux/../fs/usr/lib conftest.c  >&5
configure:28747: $? = 0
configure:28747: ./conftest
configure:28747: $? = 0
configure:28780: gcc -o conftest  -g -O2 -I/home/sonakrie/Work/testicular_linux/util-linux/../fs/usr/include -L/home/sonakrie/Work/testicular_linux/util-linux/../fs/usr/lib conftest.c  >&5
configure:28780: $? = 0
configure:28828: gcc -o conftest  -g -O2 -I/home/sonakrie/Work/testicular_linux/util-linux/../fs/usr/include -L/home/sonakrie/Work/testicular_linux/util-linux/../fs/usr/lib conftest.c  >&5
configure:28828: $? = 0
configure:28828: ./conftest
configure:28828: $? = 0
configure:28849: result: yes
configure:28888: checking for openpty in -lutil
configure:28911: gcc -o conftest -g -O2 -I/home/sonakrie/Work/testicular_linux/util-linux/../fs/usr/include -L/home/sonakrie/Work/testicular_linux/util-linux/../fs/usr/lib conftest.c -lutil   >&5
configure:28911: $? = 0
configure:28921: result: yes
configure:28974: checking for union semun
configure:28974: gcc -c -g -O2 -I/home/sonakrie/Work/testicular_linux/util-linux/../fs/usr/include conftest.c >&5
conftest.c: In function 'main':
conftest.c:205:13: error: invalid application of 'sizeof' to incomplete type 'union semun'
  205 | if (sizeof (union semun))
      |             ^~~~~
configure:28974: $? = 1
configure: failed program was:
| /* confdefs.h */
| #define PACKAGE_NAME "util-linux"
| #define PACKAGE_TARNAME "util-linux"
| #define PACKAGE_VERSION "2.40.2"
| #define PACKAGE_STRING "util-linux 2.40.2"
| #define PACKAGE_BUGREPORT "kzak@redhat.com"
| #define PACKAGE_URL "https://www.kernel.org/pub/linux/utils/util-linux/"
| #define HAVE_STDIO_H 1
| #define HAVE_STDLIB_H 1
| #define HAVE_STRING_H 1
| #define HAVE_INTTYPES_H 1
| #define HAVE_STDINT_H 1
| #define HAVE_STRINGS_H 1
| #define HAVE_SYS_STAT_H 1
| #define HAVE_SYS_TYPES_H 1
| #define HAVE_UNISTD_H 1
| #define HAVE_WCHAR_H 1
| #define STDC_HEADERS 1
| #define _ALL_SOURCE 1
| #define _DARWIN_C_SOURCE 1
| #define _GNU_SOURCE 1
| #define _HPUX_ALT_XOPEN_SOCKET_API 1
| #define _NETBSD_SOURCE 1
| #define _OPENBSD_SOURCE 1
| #define _POSIX_PTHREAD_SEMANTICS 1
| #define __STDC_WANT_IEC_60559_ATTRIBS_EXT__ 1
| #define __STDC_WANT_IEC_60559_BFP_EXT__ 1
| #define __STDC_WANT_IEC_60559_DFP_EXT__ 1
| #define __STDC_WANT_IEC_60559_FUNCS_EXT__ 1
| #define __STDC_WANT_IEC_60559_TYPES_EXT__ 1
| #define __STDC_WANT_LIB_EXT2__ 1
| #define __STDC_WANT_MATH_SPEC_FUNCS__ 1
| #define _TANDEM_SOURCE 1
| #define __EXTENSIONS__ 1
| #define PACKAGE "util-linux"
| #define VERSION "2.40.2"
| #define HAVE_DLFCN_H 1
| #define LT_OBJDIR ".libs/"
| #define HAVE_STRUCT_TM_TM_ZONE 1
| #define HAVE_TM_ZONE 1
| #define HAVE_ICONV 1
| #define HAVE_LINUX_BLKPG_H 1
| #define HAVE_LINUX_MAJOR_H 1
| #define HAVE_ASM_GENERIC_FCNTL_H 1
| #define HAVE_ASM_FCNTL_H 1
| #define HAVE_BYTESWAP_H 1
| #define HAVE_ENDIAN_H 1
| #define HAVE_ERR_H 1
| #define HAVE_ERRNO_H 1
| #define HAVE_FCNTL_H 1
| #define HAVE_GETOPT_H 1
| #define HAVE_INTTYPES_H 1
| #define HAVE_LASTLOG_H 1
| #define HAVE_LINUX_BLKZONED_H 1
| #define HAVE_LINUX_BTRFS_H 1
| #define HAVE_LINUX_CAPABILITY_H 1
| #define HAVE_LINUX_CDROM_H 1
| #define HAVE_LINUX_FALLOC_H 1
| #define HAVE_LINUX_FD_H 1
| #define HAVE_LINUX_FIEMAP_H 1
| #define HAVE_LINUX_LANDLOCK_H 1
| #define HAVE_LINUX_KCMP_H 1
| #define HAVE_LINUX_NET_NAMESPACE_H 1
| #define HAVE_LINUX_NSFS_H 1
| #define HAVE_LINUX_PR_H 1
| #define HAVE_LINUX_SECUREBITS_H 1
| #define HAVE_LINUX_TIOCL_H 1
| #define HAVE_LINUX_VERSION_H 1
| #define HAVE_LINUX_WATCHDOG_H 1
| #define HAVE_LINUX_IF_ALG_H 1
| #define HAVE_LOCALE_H 1
| #define HAVE_MNTENT_H 1
| #define HAVE_NET_IF_H 1
| #define HAVE_NETINET_IN_H 1
| #define HAVE_PATHS_H 1
| #define HAVE_PTY_H 1
| #define HAVE_SECURITY_PAM_APPL_H 1
| #define HAVE_SECURITY_PAM_MODULES_H 1
| #define HAVE_SHADOW_H 1
| #define HAVE_STDINT_H 1
| #define HAVE_STDIO_EXT_H 1
| #define HAVE_STDLIB_H 1
| #define HAVE_SYS_FILE_H 1
| #define HAVE_SYS_IOCTL_H 1
| #define HAVE_SYS_IO_H 1
| #define HAVE_SYS_MOUNT_H 1
| #define HAVE_SYS_PARAM_H 1
| #define HAVE_SYS_PRCTL_H 1
| #define HAVE_SYS_RESOURCE_H 1
| #define HAVE_SYS_SENDFILE_H 1
| #define HAVE_SYS_SIGNALFD_H 1
| #define HAVE_SYS_SOCKET_H 1
| #define HAVE_SYS_STAT_H 1
| #define HAVE_SYS_STATFS_H 1
| #define HAVE_SYS_SWAP_H 1
| #define HAVE_SYS_SYSCALL_H 1
| #define HAVE_SYS_SYSMACROS_H 1
| #define HAVE_SYS_TIME_H 1
| #define HAVE_SYS_TIMEX_H 1
| #define HAVE_SYS_TTYDEFAULTS_H 1
| #define HAVE_SYS_TYPES_H 1
| #define HAVE_SYS_UN_H 1
| #define HAVE_SYS_VFS_H 1
| #define HAVE_SYS_XATTR_H 1
| #define HAVE_UNISTD_H 1
| #define HAVE_UTMP_H 1
| #define HAVE_UTMPX_H 1
| #define HAVE_LINUX_FS_H 1
| #define HAVE_LINUX_MOUNT_H 1
| #define HAVE_LINUX_GSMMUX_H 1
| #define HAVE_SECURITY_PAM_MISC_H 1
| #define HAVE_DECL_BLK_ZONE_REP_CAPACITY 1
| #define HAVE_DECL_PR_REP_CAPACITY 0
| #define HAVE_LANGINFO_H 1
| #define HAVE_TM_GMTOFF 1
| #define HAVE_STRUCT_MOUNT_ATTR 1
| #define HAVE_ENUM_FSCONFIG_COMMAND 1
| #define HAVE_STRUCT_TERMIOS_C_LINE 1
| #define HAVE_STRUCT_STAT_ST_MTIM_TV_NSEC 1
| #define HAVE_STRUCT_STATX 1
| #define HAVE_STRUCT_STATX_STX_MNT_ID 1
| #define HAVE_DECL__NL_TIME_WEEK_1STDAY 0
| #define HAVE_ENVIRON_DECL 1
| #define HAVE_STRSIGNAL_DECL 1
| #define HAVE_CLEARENV 1
| #define HAVE_EACCESS 1
| #define HAVE_ERR 1
| #define HAVE_ERRX 1
| #define HAVE_EXPLICIT_BZERO 1
| #define HAVE___FPENDING 1
| #define HAVE___FPURGE 1
| #define HAVE_FPURGE 1
| #define HAVE_FNMATCH 1
| #define HAVE_FSYNC 1
| #define HAVE_GETDOMAINNAME 1
| #define HAVE_GETDTABLESIZE 1
| #define HAVE_GETRANDOM 1
| #define HAVE_GETRLIMIT 1
| #define HAVE_INOTIFY_INIT 1
| #define HAVE_JRAND48 1
| #define HAVE_LCHOWN 1
| #define HAVE_LGETXATTR 1
| #define HAVE_LLISTXATTR 1
| #define HAVE_NEWLOCALE 1
| #define HAVE_MEMPCPY 1
| #define HAVE_MKOSTEMP 1
| #define HAVE_NANOSLEEP 1
| #define HAVE_PERSONALITY 1
| #define HAVE_POSIX_FADVISE 1
| #define HAVE_PRCTL 1
| #define HAVE_QSORT_R 1
| #define HAVE_REALLOCARRAY 1
| #define HAVE_RENAMEAT2 1
| #define HAVE_SCHED_SETSCHEDULER 1
| #define HAVE_SECURE_GETENV 1
| #define HAVE_SENDFILE 1
| #define HAVE_SETRESGID 1
| #define HAVE_SETRESUID 1
| #define HAVE_SIGQUEUE 1
| #define HAVE_SRANDOM 1
| #define HAVE_STATX 1
| #define HAVE_STRNDUP 1
| #define HAVE_STRNLEN 1
| #define HAVE_STRTOD_L 1
| #define HAVE_SYSCONF 1
| #define HAVE_SYSINFO 1
| #define HAVE_TIMEGM 1
| #define HAVE_USLEEP 1
| #define HAVE_USELOCALE 1
| #define HAVE_UTIMENSAT 1
| #define HAVE_VWARNX 1
| #define HAVE_WARN 1
| #define HAVE_WARNX 1
| #define HAVE_FSEEKO 1
| #define HAVE_FUTIMENS 1
| #define HAVE_GETUSERSHELL 1
| #define HAVE_INOTIFY_INIT1 1
| #define HAVE_IOPERM 1
| #define HAVE_IOPL 1
| #define HAVE_OPENAT 1
| #define HAVE_FSTATAT 1
| #define HAVE_UNLINKAT 1
| #define HAVE_OPEN_MEMSTREAM 1
| #define HAVE_REBOOT 1
| #define HAVE_UPDWTMPX 1
| #define HAVE_UPDWTMPX 1
| #define HAVE_MOUNTFD_API 1
| #define HAVE_CLOCK_GETTIME 1
| #define HAVE_TIMER_CREATE 1
| #define HAVE_DIRFD 1
| #define HAVE_PROGRAM_INVOCATION_SHORT_NAME 1
| #define HAVE___PROGNAME 1
| #define HAVE_OPAL_GET_STATUS 1
| #define HAVE_TLS 1
| #define HAVE_LIBUTIL 1
| #define HAVE_PTY 1
| /* end confdefs.h.  */
| 
| #include <sys/sem.h>
| 
| 
| int
| main (void)
| {
| if (sizeof (union semun))
| 	 return 0;
|   ;
|   return 0;
| }
configure:28974: result: no
configure:28986: checking for loff_t
configure:28986: gcc -c -g -O2 -I/home/sonakrie/Work/testicular_linux/util-linux/../fs/usr/include conftest.c >&5
conftest.c: In function 'main':
conftest.c:229:13: error: 'loff_t' undeclared (first use in this function); did you mean 'off_t'?
  229 | if (sizeof (loff_t))
      |             ^~~~~~
      |             off_t
conftest.c:229:13: note: each undeclared identifier is reported only once for each function it appears in
configure:28986: $? = 1
configure: failed program was:
| /* confdefs.h */
| #define PACKAGE_NAME "util-linux"
| #define PACKAGE_TARNAME "util-linux"
| #define PACKAGE_VERSION "2.40.2"
| #define PACKAGE_STRING "util-linux 2.40.2"
| #define PACKAGE_BUGREPORT "kzak@redhat.com"
| #define PACKAGE_URL "https://www.kernel.org/pub/linux/utils/util-linux/"
| #define HAVE_STDIO_H 1
| #define HAVE_STDLIB_H 1
| #define HAVE_STRING_H 1
| #define HAVE_INTTYPES_H 1
| #define HAVE_STDINT_H 1
| #define HAVE_STRINGS_H 1
| #define HAVE_SYS_STAT_H 1
| #define HAVE_SYS_TYPES_H 1
| #define HAVE_UNISTD_H 1
| #define HAVE_WCHAR_H 1
| #define STDC_HEADERS 1
| #define _ALL_SOURCE 1
| #define _DARWIN_C_SOURCE 1
| #define _GNU_SOURCE 1
| #define _HPUX_ALT_XOPEN_SOCKET_API 1
| #define _NETBSD_SOURCE 1
| #define _OPENBSD_SOURCE 1
| #define _POSIX_PTHREAD_SEMANTICS 1
| #define __STDC_WANT_IEC_60559_ATTRIBS_EXT__ 1
| #define __STDC_WANT_IEC_60559_BFP_EXT__ 1
| #define __STDC_WANT_IEC_60559_DFP_EXT__ 1
| #define __STDC_WANT_IEC_60559_FUNCS_EXT__ 1
| #define __STDC_WANT_IEC_60559_TYPES_EXT__ 1
| #define __STDC_WANT_LIB_EXT2__ 1
| #define __STDC_WANT_MATH_SPEC_FUNCS__ 1
| #define _TANDEM_SOURCE 1
| #define __EXTENSIONS__ 1
| #define PACKAGE "util-linux"
| #define VERSION "2.40.2"
| #define HAVE_DLFCN_H 1
| #define LT_OBJDIR ".libs/"
| #define HAVE_STRUCT_TM_TM_ZONE 1
| #define HAVE_TM_ZONE 1
| #define HAVE_ICONV 1
| #define HAVE_LINUX_BLKPG_H 1
| #define HAVE_LINUX_MAJOR_H 1
| #define HAVE_ASM_GENERIC_FCNTL_H 1
| #define HAVE_ASM_FCNTL_H 1
| #define HAVE_BYTESWAP_H 1
| #define HAVE_ENDIAN_H 1
| #define HAVE_ERR_H 1
| #define HAVE_ERRNO_H 1
| #define HAVE_FCNTL_H 1
| #define HAVE_GETOPT_H 1
| #define HAVE_INTTYPES_H 1
| #define HAVE_LASTLOG_H 1
| #define HAVE_LINUX_BLKZONED_H 1
| #define HAVE_LINUX_BTRFS_H 1
| #define HAVE_LINUX_CAPABILITY_H 1
| #define HAVE_LINUX_CDROM_H 1
| #define HAVE_LINUX_FALLOC_H 1
| #define HAVE_LINUX_FD_H 1
| #define HAVE_LINUX_FIEMAP_H 1
| #define HAVE_LINUX_LANDLOCK_H 1
| #define HAVE_LINUX_KCMP_H 1
| #define HAVE_LINUX_NET_NAMESPACE_H 1
| #define HAVE_LINUX_NSFS_H 1
| #define HAVE_LINUX_PR_H 1
| #define HAVE_LINUX_SECUREBITS_H 1
| #define HAVE_LINUX_TIOCL_H 1
| #define HAVE_LINUX_VERSION_H 1
| #define HAVE_LINUX_WATCHDOG_H 1
| #define HAVE_LINUX_IF_ALG_H 1
| #define HAVE_LOCALE_H 1
| #define HAVE_MNTENT_H 1
| #define HAVE_NET_IF_H 1
| #define HAVE_NETINET_IN_H 1
| #define HAVE_PATHS_H 1
| #define HAVE_PTY_H 1
| #define HAVE_SECURITY_PAM_APPL_H 1
| #define HAVE_SECURITY_PAM_MODULES_H 1
| #define HAVE_SHADOW_H 1
| #define HAVE_STDINT_H 1
| #define HAVE_STDIO_EXT_H 1
| #define HAVE_STDLIB_H 1
| #define HAVE_SYS_FILE_H 1
| #define HAVE_SYS_IOCTL_H 1
| #define HAVE_SYS_IO_H 1
| #define HAVE_SYS_MOUNT_H 1
| #define HAVE_SYS_PARAM_H 1
| #define HAVE_SYS_PRCTL_H 1
| #define HAVE_SYS_RESOURCE_H 1
| #define HAVE_SYS_SENDFILE_H 1
| #define HAVE_SYS_SIGNALFD_H 1
| #define HAVE_SYS_SOCKET_H 1
| #define HAVE_SYS_STAT_H 1
| #define HAVE_SYS_STATFS_H 1
| #define HAVE_SYS_SWAP_H 1
| #define HAVE_SYS_SYSCALL_H 1
| #define HAVE_SYS_SYSMACROS_H 1
| #define HAVE_SYS_TIME_H 1
| #define HAVE_SYS_TIMEX_H 1
| #define HAVE_SYS_TTYDEFAULTS_H 1
| #define HAVE_SYS_TYPES_H 1
| #define HAVE_SYS_UN_H 1
| #define HAVE_SYS_VFS_H 1
| #define HAVE_SYS_XATTR_H 1
| #define HAVE_UNISTD_H 1
| #define HAVE_UTMP_H 1
| #define HAVE_UTMPX_H 1
| #define HAVE_LINUX_FS_H 1
| #define HAVE_LINUX_MOUNT_H 1
| #define HAVE_LINUX_GSMMUX_H 1
| #define HAVE_SECURITY_PAM_MISC_H 1
| #define HAVE_DECL_BLK_ZONE_REP_CAPACITY 1
| #define HAVE_DECL_PR_REP_CAPACITY 0
| #define HAVE_LANGINFO_H 1
| #define HAVE_TM_GMTOFF 1
| #define HAVE_STRUCT_MOUNT_ATTR 1
| #define HAVE_ENUM_FSCONFIG_COMMAND 1
| #define HAVE_STRUCT_TERMIOS_C_LINE 1
| #define HAVE_STRUCT_STAT_ST_MTIM_TV_NSEC 1
| #define HAVE_STRUCT_STATX 1
| #define HAVE_STRUCT_STATX_STX_MNT_ID 1
| #define HAVE_DECL__NL_TIME_WEEK_1STDAY 0
| #define HAVE_ENVIRON_DECL 1
| #define HAVE_STRSIGNAL_DECL 1
| #define HAVE_CLEARENV 1
| #define HAVE_EACCESS 1
| #define HAVE_ERR 1
| #define HAVE_ERRX 1
| #define HAVE_EXPLICIT_BZERO 1
| #define HAVE___FPENDING 1
| #define HAVE___FPURGE 1
| #define HAVE_FPURGE 1
| #define HAVE_FNMATCH 1
| #define HAVE_FSYNC 1
| #define HAVE_GETDOMAINNAME 1
| #define HAVE_GETDTABLESIZE 1
| #define HAVE_GETRANDOM 1
| #define HAVE_GETRLIMIT 1
| #define HAVE_INOTIFY_INIT 1
| #define HAVE_JRAND48 1
| #define HAVE_LCHOWN 1
| #define HAVE_LGETXATTR 1
| #define HAVE_LLISTXATTR 1
| #define HAVE_NEWLOCALE 1
| #define HAVE_MEMPCPY 1
| #define HAVE_MKOSTEMP 1
| #define HAVE_NANOSLEEP 1
| #define HAVE_PERSONALITY 1
| #define HAVE_POSIX_FADVISE 1
| #define HAVE_PRCTL 1
| #define HAVE_QSORT_R 1
| #define HAVE_REALLOCARRAY 1
| #define HAVE_RENAMEAT2 1
| #define HAVE_SCHED_SETSCHEDULER 1
| #define HAVE_SECURE_GETENV 1
| #define HAVE_SENDFILE 1
| #define HAVE_SETRESGID 1
| #define HAVE_SETRESUID 1
| #define HAVE_SIGQUEUE 1
| #define HAVE_SRANDOM 1
| #define HAVE_STATX 1
| #define HAVE_STRNDUP 1
| #define HAVE_STRNLEN 1
| #define HAVE_STRTOD_L 1
| #define HAVE_SYSCONF 1
| #define HAVE_SYSINFO 1
| #define HAVE_TIMEGM 1
| #define HAVE_USLEEP 1
| #define HAVE_USELOCALE 1
| #define HAVE_UTIMENSAT 1
| #define HAVE_VWARNX 1
| #define HAVE_WARN 1
| #define HAVE_WARNX 1
| #define HAVE_FSEEKO 1
| #define HAVE_FUTIMENS 1
| #define HAVE_GETUSERSHELL 1
| #define HAVE_INOTIFY_INIT1 1
| #define HAVE_IOPERM 1
| #define HAVE_IOPL 1
| #define HAVE_OPENAT 1
| #define HAVE_FSTATAT 1
| #define HAVE_UNLINKAT 1
| #define HAVE_OPEN_MEMSTREAM 1
| #define HAVE_REBOOT 1
| #define HAVE_UPDWTMPX 1
| #define HAVE_UPDWTMPX 1
| #define HAVE_MOUNTFD_API 1
| #define HAVE_CLOCK_GETTIME 1
| #define HAVE_TIMER_CREATE 1
| #define HAVE_DIRFD 1
| #define HAVE_PROGRAM_INVOCATION_SHORT_NAME 1
| #define HAVE___PROGNAME 1
| #define HAVE_OPAL_GET_STATUS 1
| #define HAVE_TLS 1
| #define HAVE_LIBUTIL 1
| #define HAVE_PTY 1
| /* end confdefs.h.  */
| #include <stddef.h>
| #ifdef HAVE_STDIO_H
| # include <stdio.h>
| #endif
| #ifdef HAVE_STDLIB_H
| # include <stdlib.h>
| #endif
| #ifdef HAVE_STRING_H
| # include <string.h>
| #endif
| #ifdef HAVE_INTTYPES_H
| # include <inttypes.h>
| #endif
| #ifdef HAVE_STDINT_H
| # include <stdint.h>
| #endif
| #ifdef HAVE_STRINGS_H
| # include <strings.h>
| #endif
| #ifdef HAVE_SYS_TYPES_H
| # include <sys/types.h>
| #endif
| #ifdef HAVE_SYS_STAT_H
| # include <sys/stat.h>
| #endif
| #ifdef HAVE_UNISTD_H
| # include <unistd.h>
| #endif
| int
| main (void)
| {
| if (sizeof (loff_t))
| 	 return 0;
|   ;
|   return 0;
| }
configure:28986: result: no
configure:29083: checking for cpu_set_t
configure:29083: gcc -c -g -O2 -I/home/sonakrie/Work/testicular_linux/util-linux/../fs/usr/include conftest.c >&5
configure:29083: $? = 0
configure:29083: gcc -c -g -O2 -I/home/sonakrie/Work/testicular_linux/util-linux/../fs/usr/include conftest.c >&5
conftest.c: In function 'main':
conftest.c:205:24: error: expected expression before ')' token
  205 | if (sizeof ((cpu_set_t)))
      |                        ^
configure:29083: $? = 1
configure: failed program was:
| /* confdefs.h */
| #define PACKAGE_NAME "util-linux"
| #define PACKAGE_TARNAME "util-linux"
| #define PACKAGE_VERSION "2.40.2"
| #define PACKAGE_STRING "util-linux 2.40.2"
| #define PACKAGE_BUGREPORT "kzak@redhat.com"
| #define PACKAGE_URL "https://www.kernel.org/pub/linux/utils/util-linux/"
| #define HAVE_STDIO_H 1
| #define HAVE_STDLIB_H 1
| #define HAVE_STRING_H 1
| #define HAVE_INTTYPES_H 1
| #define HAVE_STDINT_H 1
| #define HAVE_STRINGS_H 1
| #define HAVE_SYS_STAT_H 1
| #define HAVE_SYS_TYPES_H 1
| #define HAVE_UNISTD_H 1
| #define HAVE_WCHAR_H 1
| #define STDC_HEADERS 1
| #define _ALL_SOURCE 1
| #define _DARWIN_C_SOURCE 1
| #define _GNU_SOURCE 1
| #define _HPUX_ALT_XOPEN_SOCKET_API 1
| #define _NETBSD_SOURCE 1
| #define _OPENBSD_SOURCE 1
| #define _POSIX_PTHREAD_SEMANTICS 1
| #define __STDC_WANT_IEC_60559_ATTRIBS_EXT__ 1
| #define __STDC_WANT_IEC_60559_BFP_EXT__ 1
| #define __STDC_WANT_IEC_60559_DFP_EXT__ 1
| #define __STDC_WANT_IEC_60559_FUNCS_EXT__ 1
| #define __STDC_WANT_IEC_60559_TYPES_EXT__ 1
| #define __STDC_WANT_LIB_EXT2__ 1
| #define __STDC_WANT_MATH_SPEC_FUNCS__ 1
| #define _TANDEM_SOURCE 1
| #define __EXTENSIONS__ 1
| #define PACKAGE "util-linux"
| #define VERSION "2.40.2"
| #define HAVE_DLFCN_H 1
| #define LT_OBJDIR ".libs/"
| #define HAVE_STRUCT_TM_TM_ZONE 1
| #define HAVE_TM_ZONE 1
| #define HAVE_ICONV 1
| #define HAVE_LINUX_BLKPG_H 1
| #define HAVE_LINUX_MAJOR_H 1
| #define HAVE_ASM_GENERIC_FCNTL_H 1
| #define HAVE_ASM_FCNTL_H 1
| #define HAVE_BYTESWAP_H 1
| #define HAVE_ENDIAN_H 1
| #define HAVE_ERR_H 1
| #define HAVE_ERRNO_H 1
| #define HAVE_FCNTL_H 1
| #define HAVE_GETOPT_H 1
| #define HAVE_INTTYPES_H 1
| #define HAVE_LASTLOG_H 1
| #define HAVE_LINUX_BLKZONED_H 1
| #define HAVE_LINUX_BTRFS_H 1
| #define HAVE_LINUX_CAPABILITY_H 1
| #define HAVE_LINUX_CDROM_H 1
| #define HAVE_LINUX_FALLOC_H 1
| #define HAVE_LINUX_FD_H 1
| #define HAVE_LINUX_FIEMAP_H 1
| #define HAVE_LINUX_LANDLOCK_H 1
| #define HAVE_LINUX_KCMP_H 1
| #define HAVE_LINUX_NET_NAMESPACE_H 1
| #define HAVE_LINUX_NSFS_H 1
| #define HAVE_LINUX_PR_H 1
| #define HAVE_LINUX_SECUREBITS_H 1
| #define HAVE_LINUX_TIOCL_H 1
| #define HAVE_LINUX_VERSION_H 1
| #define HAVE_LINUX_WATCHDOG_H 1
| #define HAVE_LINUX_IF_ALG_H 1
| #define HAVE_LOCALE_H 1
| #define HAVE_MNTENT_H 1
| #define HAVE_NET_IF_H 1
| #define HAVE_NETINET_IN_H 1
| #define HAVE_PATHS_H 1
| #define HAVE_PTY_H 1
| #define HAVE_SECURITY_PAM_APPL_H 1
| #define HAVE_SECURITY_PAM_MODULES_H 1
| #define HAVE_SHADOW_H 1
| #define HAVE_STDINT_H 1
| #define HAVE_STDIO_EXT_H 1
| #define HAVE_STDLIB_H 1
| #define HAVE_SYS_FILE_H 1
| #define HAVE_SYS_IOCTL_H 1
| #define HAVE_SYS_IO_H 1
| #define HAVE_SYS_MOUNT_H 1
| #define HAVE_SYS_PARAM_H 1
| #define HAVE_SYS_PRCTL_H 1
| #define HAVE_SYS_RESOURCE_H 1
| #define HAVE_SYS_SENDFILE_H 1
| #define HAVE_SYS_SIGNALFD_H 1
| #define HAVE_SYS_SOCKET_H 1
| #define HAVE_SYS_STAT_H 1
| #define HAVE_SYS_STATFS_H 1
| #define HAVE_SYS_SWAP_H 1
| #define HAVE_SYS_SYSCALL_H 1
| #define HAVE_SYS_SYSMACROS_H 1
| #define HAVE_SYS_TIME_H 1
| #define HAVE_SYS_TIMEX_H 1
| #define HAVE_SYS_TTYDEFAULTS_H 1
| #define HAVE_SYS_TYPES_H 1
| #define HAVE_SYS_UN_H 1
| #define HAVE_SYS_VFS_H 1
| #define HAVE_SYS_XATTR_H 1
| #define HAVE_UNISTD_H 1
| #define HAVE_UTMP_H 1
| #define HAVE_UTMPX_H 1
| #define HAVE_LINUX_FS_H 1
| #define HAVE_LINUX_MOUNT_H 1
| #define HAVE_LINUX_GSMMUX_H 1
| #define HAVE_SECURITY_PAM_MISC_H 1
| #define HAVE_DECL_BLK_ZONE_REP_CAPACITY 1
| #define HAVE_DECL_PR_REP_CAPACITY 0
| #define HAVE_LANGINFO_H 1
| #define HAVE_TM_GMTOFF 1
| #define HAVE_STRUCT_MOUNT_ATTR 1
| #define HAVE_ENUM_FSCONFIG_COMMAND 1
| #define HAVE_STRUCT_TERMIOS_C_LINE 1
| #define HAVE_STRUCT_STAT_ST_MTIM_TV_NSEC 1
| #define HAVE_STRUCT_STATX 1
| #define HAVE_STRUCT_STATX_STX_MNT_ID 1
| #define HAVE_DECL__NL_TIME_WEEK_1STDAY 0
| #define HAVE_ENVIRON_DECL 1
| #define HAVE_STRSIGNAL_DECL 1
| #define HAVE_CLEARENV 1
| #define HAVE_EACCESS 1
| #define HAVE_ERR 1
| #define HAVE_ERRX 1
| #define HAVE_EXPLICIT_BZERO 1
| #define HAVE___FPENDING 1
| #define HAVE___FPURGE 1
| #define HAVE_FPURGE 1
| #define HAVE_FNMATCH 1
| #define HAVE_FSYNC 1
| #define HAVE_GETDOMAINNAME 1
| #define HAVE_GETDTABLESIZE 1
| #define HAVE_GETRANDOM 1
| #define HAVE_GETRLIMIT 1
| #define HAVE_INOTIFY_INIT 1
| #define HAVE_JRAND48 1
| #define HAVE_LCHOWN 1
| #define HAVE_LGETXATTR 1
| #define HAVE_LLISTXATTR 1
| #define HAVE_NEWLOCALE 1
| #define HAVE_MEMPCPY 1
| #define HAVE_MKOSTEMP 1
| #define HAVE_NANOSLEEP 1
| #define HAVE_PERSONALITY 1
| #define HAVE_POSIX_FADVISE 1
| #define HAVE_PRCTL 1
| #define HAVE_QSORT_R 1
| #define HAVE_REALLOCARRAY 1
| #define HAVE_RENAMEAT2 1
| #define HAVE_SCHED_SETSCHEDULER 1
| #define HAVE_SECURE_GETENV 1
| #define HAVE_SENDFILE 1
| #define HAVE_SETRESGID 1
| #define HAVE_SETRESUID 1
| #define HAVE_SIGQUEUE 1
| #define HAVE_SRANDOM 1
| #define HAVE_STATX 1
| #define HAVE_STRNDUP 1
| #define HAVE_STRNLEN 1
| #define HAVE_STRTOD_L 1
| #define HAVE_SYSCONF 1
| #define HAVE_SYSINFO 1
| #define HAVE_TIMEGM 1
| #define HAVE_USLEEP 1
| #define HAVE_USELOCALE 1
| #define HAVE_UTIMENSAT 1
| #define HAVE_VWARNX 1
| #define HAVE_WARN 1
| #define HAVE_WARNX 1
| #define HAVE_FSEEKO 1
| #define HAVE_FUTIMENS 1
| #define HAVE_GETUSERSHELL 1
| #define HAVE_INOTIFY_INIT1 1
| #define HAVE_IOPERM 1
| #define HAVE_IOPL 1
| #define HAVE_OPENAT 1
| #define HAVE_FSTATAT 1
| #define HAVE_UNLINKAT 1
| #define HAVE_OPEN_MEMSTREAM 1
| #define HAVE_REBOOT 1
| #define HAVE_UPDWTMPX 1
| #define HAVE_UPDWTMPX 1
| #define HAVE_MOUNTFD_API 1
| #define HAVE_CLOCK_GETTIME 1
| #define HAVE_TIMER_CREATE 1
| #define HAVE_DIRFD 1
| #define HAVE_PROGRAM_INVOCATION_SHORT_NAME 1
| #define HAVE___PROGNAME 1
| #define HAVE_OPAL_GET_STATUS 1
| #define HAVE_TLS 1
| #define HAVE_LIBUTIL 1
| #define HAVE_PTY 1
| /* end confdefs.h.  */
| 
| #include <sched.h>
| 
| 
| int
| main (void)
| {
| if (sizeof ((cpu_set_t)))
| 	    return 0;
|   ;
|   return 0;
| }
configure:29083: result: yes
configure:29105: checking for sighandler_t
configure:29105: gcc -c -g -O2 -I/home/sonakrie/Work/testicular_linux/util-linux/../fs/usr/include conftest.c >&5
configure:29105: $? = 0
configure:29105: gcc -c -g -O2 -I/home/sonakrie/Work/testicular_linux/util-linux/../fs/usr/include conftest.c >&5
conftest.c: In function 'main':
conftest.c:206:27: error: expected expression before ')' token
  206 | if (sizeof ((sighandler_t)))
      |                           ^
configure:29105: $? = 1
configure: failed program was:
| /* confdefs.h */
| #define PACKAGE_NAME "util-linux"
| #define PACKAGE_TARNAME "util-linux"
| #define PACKAGE_VERSION "2.40.2"
| #define PACKAGE_STRING "util-linux 2.40.2"
| #define PACKAGE_BUGREPORT "kzak@redhat.com"
| #define PACKAGE_URL "https://www.kernel.org/pub/linux/utils/util-linux/"
| #define HAVE_STDIO_H 1
| #define HAVE_STDLIB_H 1
| #define HAVE_STRING_H 1
| #define HAVE_INTTYPES_H 1
| #define HAVE_STDINT_H 1
| #define HAVE_STRINGS_H 1
| #define HAVE_SYS_STAT_H 1
| #define HAVE_SYS_TYPES_H 1
| #define HAVE_UNISTD_H 1
| #define HAVE_WCHAR_H 1
| #define STDC_HEADERS 1
| #define _ALL_SOURCE 1
| #define _DARWIN_C_SOURCE 1
| #define _GNU_SOURCE 1
| #define _HPUX_ALT_XOPEN_SOCKET_API 1
| #define _NETBSD_SOURCE 1
| #define _OPENBSD_SOURCE 1
| #define _POSIX_PTHREAD_SEMANTICS 1
| #define __STDC_WANT_IEC_60559_ATTRIBS_EXT__ 1
| #define __STDC_WANT_IEC_60559_BFP_EXT__ 1
| #define __STDC_WANT_IEC_60559_DFP_EXT__ 1
| #define __STDC_WANT_IEC_60559_FUNCS_EXT__ 1
| #define __STDC_WANT_IEC_60559_TYPES_EXT__ 1
| #define __STDC_WANT_LIB_EXT2__ 1
| #define __STDC_WANT_MATH_SPEC_FUNCS__ 1
| #define _TANDEM_SOURCE 1
| #define __EXTENSIONS__ 1
| #define PACKAGE "util-linux"
| #define VERSION "2.40.2"
| #define HAVE_DLFCN_H 1
| #define LT_OBJDIR ".libs/"
| #define HAVE_STRUCT_TM_TM_ZONE 1
| #define HAVE_TM_ZONE 1
| #define HAVE_ICONV 1
| #define HAVE_LINUX_BLKPG_H 1
| #define HAVE_LINUX_MAJOR_H 1
| #define HAVE_ASM_GENERIC_FCNTL_H 1
| #define HAVE_ASM_FCNTL_H 1
| #define HAVE_BYTESWAP_H 1
| #define HAVE_ENDIAN_H 1
| #define HAVE_ERR_H 1
| #define HAVE_ERRNO_H 1
| #define HAVE_FCNTL_H 1
| #define HAVE_GETOPT_H 1
| #define HAVE_INTTYPES_H 1
| #define HAVE_LASTLOG_H 1
| #define HAVE_LINUX_BLKZONED_H 1
| #define HAVE_LINUX_BTRFS_H 1
| #define HAVE_LINUX_CAPABILITY_H 1
| #define HAVE_LINUX_CDROM_H 1
| #define HAVE_LINUX_FALLOC_H 1
| #define HAVE_LINUX_FD_H 1
| #define HAVE_LINUX_FIEMAP_H 1
| #define HAVE_LINUX_LANDLOCK_H 1
| #define HAVE_LINUX_KCMP_H 1
| #define HAVE_LINUX_NET_NAMESPACE_H 1
| #define HAVE_LINUX_NSFS_H 1
| #define HAVE_LINUX_PR_H 1
| #define HAVE_LINUX_SECUREBITS_H 1
| #define HAVE_LINUX_TIOCL_H 1
| #define HAVE_LINUX_VERSION_H 1
| #define HAVE_LINUX_WATCHDOG_H 1
| #define HAVE_LINUX_IF_ALG_H 1
| #define HAVE_LOCALE_H 1
| #define HAVE_MNTENT_H 1
| #define HAVE_NET_IF_H 1
| #define HAVE_NETINET_IN_H 1
| #define HAVE_PATHS_H 1
| #define HAVE_PTY_H 1
| #define HAVE_SECURITY_PAM_APPL_H 1
| #define HAVE_SECURITY_PAM_MODULES_H 1
| #define HAVE_SHADOW_H 1
| #define HAVE_STDINT_H 1
| #define HAVE_STDIO_EXT_H 1
| #define HAVE_STDLIB_H 1
| #define HAVE_SYS_FILE_H 1
| #define HAVE_SYS_IOCTL_H 1
| #define HAVE_SYS_IO_H 1
| #define HAVE_SYS_MOUNT_H 1
| #define HAVE_SYS_PARAM_H 1
| #define HAVE_SYS_PRCTL_H 1
| #define HAVE_SYS_RESOURCE_H 1
| #define HAVE_SYS_SENDFILE_H 1
| #define HAVE_SYS_SIGNALFD_H 1
| #define HAVE_SYS_SOCKET_H 1
| #define HAVE_SYS_STAT_H 1
| #define HAVE_SYS_STATFS_H 1
| #define HAVE_SYS_SWAP_H 1
| #define HAVE_SYS_SYSCALL_H 1
| #define HAVE_SYS_SYSMACROS_H 1
| #define HAVE_SYS_TIME_H 1
| #define HAVE_SYS_TIMEX_H 1
| #define HAVE_SYS_TTYDEFAULTS_H 1
| #define HAVE_SYS_TYPES_H 1
| #define HAVE_SYS_UN_H 1
| #define HAVE_SYS_VFS_H 1
| #define HAVE_SYS_XATTR_H 1
| #define HAVE_UNISTD_H 1
| #define HAVE_UTMP_H 1
| #define HAVE_UTMPX_H 1
| #define HAVE_LINUX_FS_H 1
| #define HAVE_LINUX_MOUNT_H 1
| #define HAVE_LINUX_GSMMUX_H 1
| #define HAVE_SECURITY_PAM_MISC_H 1
| #define HAVE_DECL_BLK_ZONE_REP_CAPACITY 1
| #define HAVE_DECL_PR_REP_CAPACITY 0
| #define HAVE_LANGINFO_H 1
| #define HAVE_TM_GMTOFF 1
| #define HAVE_STRUCT_MOUNT_ATTR 1
| #define HAVE_ENUM_FSCONFIG_COMMAND 1
| #define HAVE_STRUCT_TERMIOS_C_LINE 1
| #define HAVE_STRUCT_STAT_ST_MTIM_TV_NSEC 1
| #define HAVE_STRUCT_STATX 1
| #define HAVE_STRUCT_STATX_STX_MNT_ID 1
| #define HAVE_DECL__NL_TIME_WEEK_1STDAY 0
| #define HAVE_ENVIRON_DECL 1
| #define HAVE_STRSIGNAL_DECL 1
| #define HAVE_CLEARENV 1
| #define HAVE_EACCESS 1
| #define HAVE_ERR 1
| #define HAVE_ERRX 1
| #define HAVE_EXPLICIT_BZERO 1
| #define HAVE___FPENDING 1
| #define HAVE___FPURGE 1
| #define HAVE_FPURGE 1
| #define HAVE_FNMATCH 1
| #define HAVE_FSYNC 1
| #define HAVE_GETDOMAINNAME 1
| #define HAVE_GETDTABLESIZE 1
| #define HAVE_GETRANDOM 1
| #define HAVE_GETRLIMIT 1
| #define HAVE_INOTIFY_INIT 1
| #define HAVE_JRAND48 1
| #define HAVE_LCHOWN 1
| #define HAVE_LGETXATTR 1
| #define HAVE_LLISTXATTR 1
| #define HAVE_NEWLOCALE 1
| #define HAVE_MEMPCPY 1
| #define HAVE_MKOSTEMP 1
| #define HAVE_NANOSLEEP 1
| #define HAVE_PERSONALITY 1
| #define HAVE_POSIX_FADVISE 1
| #define HAVE_PRCTL 1
| #define HAVE_QSORT_R 1
| #define HAVE_REALLOCARRAY 1
| #define HAVE_RENAMEAT2 1
| #define HAVE_SCHED_SETSCHEDULER 1
| #define HAVE_SECURE_GETENV 1
| #define HAVE_SENDFILE 1
| #define HAVE_SETRESGID 1
| #define HAVE_SETRESUID 1
| #define HAVE_SIGQUEUE 1
| #define HAVE_SRANDOM 1
| #define HAVE_STATX 1
| #define HAVE_STRNDUP 1
| #define HAVE_STRNLEN 1
| #define HAVE_STRTOD_L 1
| #define HAVE_SYSCONF 1
| #define HAVE_SYSINFO 1
| #define HAVE_TIMEGM 1
| #define HAVE_USLEEP 1
| #define HAVE_USELOCALE 1
| #define HAVE_UTIMENSAT 1
| #define HAVE_VWARNX 1
| #define HAVE_WARN 1
| #define HAVE_WARNX 1
| #define HAVE_FSEEKO 1
| #define HAVE_FUTIMENS 1
| #define HAVE_GETUSERSHELL 1
| #define HAVE_INOTIFY_INIT1 1
| #define HAVE_IOPERM 1
| #define HAVE_IOPL 1
| #define HAVE_OPENAT 1
| #define HAVE_FSTATAT 1
| #define HAVE_UNLINKAT 1
| #define HAVE_OPEN_MEMSTREAM 1
| #define HAVE_REBOOT 1
| #define HAVE_UPDWTMPX 1
| #define HAVE_UPDWTMPX 1
| #define HAVE_MOUNTFD_API 1
| #define HAVE_CLOCK_GETTIME 1
| #define HAVE_TIMER_CREATE 1
| #define HAVE_DIRFD 1
| #define HAVE_PROGRAM_INVOCATION_SHORT_NAME 1
| #define HAVE___PROGNAME 1
| #define HAVE_OPAL_GET_STATUS 1
| #define HAVE_TLS 1
| #define HAVE_LIBUTIL 1
| #define HAVE_PTY 1
| #define HAVE_CPU_SET_T 1
| /* end confdefs.h.  */
| 
| #include <signal.h>
| 
| 
| int
| main (void)
| {
| if (sizeof ((sighandler_t)))
| 	    return 0;
|   ;
|   return 0;
| }
configure:29105: result: yes
configure:29118: checking whether CPU_ALLOC is declared
configure:29118: gcc -c -g -O2  -I/home/sonakrie/Work/testicular_linux/util-linux/../fs/usr/include conftest.c >&5
configure:29118: $? = 0
configure:29118: result: yes
configure:29135: checking for crypt.h
configure:29135: gcc -c -g -O2 -I/home/sonakrie/Work/testicular_linux/util-linux/../fs/usr/include conftest.c >&5
configure:29135: $? = 0
configure:29135: result: yes
configure:29162: gcc -o conftest -g -O2 -I/home/sonakrie/Work/testicular_linux/util-linux/../fs/usr/include -L/home/sonakrie/Work/testicular_linux/util-linux/../fs/usr/lib conftest.c -lutil  >&5
configure:29162: $? = 0
configure:29499: checking for udev_new in -ludev
configure:29522: gcc -o conftest -g -O2 -I/home/sonakrie/Work/testicular_linux/util-linux/../fs/usr/include -L/home/sonakrie/Work/testicular_linux/util-linux/../fs/usr/lib conftest.c -ludev  -lutil  >&5
/usr/lib/gcc/x86_64-alpine-linux-musl/15.2.0/../../../../x86_64-alpine-linux-musl/bin/ld: cannot find -ludev: No such file or directory
collect2: error: ld returned 1 exit status
configure:29522: $? = 1
configure: failed program was:
| /* confdefs.h */
| #define PACKAGE_NAME "util-linux"
| #define PACKAGE_TARNAME "util-linux"
| #define PACKAGE_VERSION "2.40.2"
| #define PACKAGE_STRING "util-linux 2.40.2"
| #define PACKAGE_BUGREPORT "kzak@redhat.com"
| #define PACKAGE_URL "https://www.kernel.org/pub/linux/utils/util-linux/"
| #define HAVE_STDIO_H 1
| #define HAVE_STDLIB_H 1
| #define HAVE_STRING_H 1
| #define HAVE_INTTYPES_H 1
| #define HAVE_STDINT_H 1
| #define HAVE_STRINGS_H 1
| #define HAVE_SYS_STAT_H 1
| #define HAVE_SYS_TYPES_H 1
| #define HAVE_UNISTD_H 1
| #define HAVE_WCHAR_H 1
| #define STDC_HEADERS 1
| #define _ALL_SOURCE 1
| #define _DARWIN_C_SOURCE 1
| #define _GNU_SOURCE 1
| #define _HPUX_ALT_XOPEN_SOCKET_API 1
| #define _NETBSD_SOURCE 1
| #define _OPENBSD_SOURCE 1
| #define _POSIX_PTHREAD_SEMANTICS 1
| #define __STDC_WANT_IEC_60559_ATTRIBS_EXT__ 1
| #define __STDC_WANT_IEC_60559_BFP_EXT__ 1
| #define __STDC_WANT_IEC_60559_DFP_EXT__ 1
| #define __STDC_WANT_IEC_60559_FUNCS_EXT__ 1
| #define __STDC_WANT_IEC_60559_TYPES_EXT__ 1
| #define __STDC_WANT_LIB_EXT2__ 1
| #define __STDC_WANT_MATH_SPEC_FUNCS__ 1
| #define _TANDEM_SOURCE 1
| #define __EXTENSIONS__ 1
| #define PACKAGE "util-linux"
| #define VERSION "2.40.2"
| #define HAVE_DLFCN_H 1
| #define LT_OBJDIR ".libs/"
| #define HAVE_STRUCT_TM_TM_ZONE 1
| #define HAVE_TM_ZONE 1
| #define HAVE_ICONV 1
| #define HAVE_LINUX_BLKPG_H 1
| #define HAVE_LINUX_MAJOR_H 1
| #define HAVE_ASM_GENERIC_FCNTL_H 1
| #define HAVE_ASM_FCNTL_H 1
| #define HAVE_BYTESWAP_H 1
| #define HAVE_ENDIAN_H 1
| #define HAVE_ERR_H 1
| #define HAVE_ERRNO_H 1
| #define HAVE_FCNTL_H 1
| #define HAVE_GETOPT_H 1
| #define HAVE_INTTYPES_H 1
| #define HAVE_LASTLOG_H 1
| #define HAVE_LINUX_BLKZONED_H 1
| #define HAVE_LINUX_BTRFS_H 1
| #define HAVE_LINUX_CAPABILITY_H 1
| #define HAVE_LINUX_CDROM_H 1
| #define HAVE_LINUX_FALLOC_H 1
| #define HAVE_LINUX_FD_H 1
| #define HAVE_LINUX_FIEMAP_H 1
| #define HAVE_LINUX_LANDLOCK_H 1
| #define HAVE_LINUX_KCMP_H 1
| #define HAVE_LINUX_NET_NAMESPACE_H 1
| #define HAVE_LINUX_NSFS_H 1
| #define HAVE_LINUX_PR_H 1
| #define HAVE_LINUX_SECUREBITS_H 1
| #define HAVE_LINUX_TIOCL_H 1
| #define HAVE_LINUX_VERSION_H 1
| #define HAVE_LINUX_WATCHDOG_H 1
| #define HAVE_LINUX_IF_ALG_H 1
| #define HAVE_LOCALE_H 1
| #define HAVE_MNTENT_H 1
| #define HAVE_NET_IF_H 1
| #define HAVE_NETINET_IN_H 1
| #define HAVE_PATHS_H 1
| #define HAVE_PTY_H 1
| #define HAVE_SECURITY_PAM_APPL_H 1
| #define HAVE_SECURITY_PAM_MODULES_H 1
| #define HAVE_SHADOW_H 1
| #define HAVE_STDINT_H 1
| #define HAVE_STDIO_EXT_H 1
| #define HAVE_STDLIB_H 1
| #define HAVE_SYS_FILE_H 1
| #define HAVE_SYS_IOCTL_H 1
| #define HAVE_SYS_IO_H 1
| #define HAVE_SYS_MOUNT_H 1
| #define HAVE_SYS_PARAM_H 1
| #define HAVE_SYS_PRCTL_H 1
| #define HAVE_SYS_RESOURCE_H 1
| #define HAVE_SYS_SENDFILE_H 1
| #define HAVE_SYS_SIGNALFD_H 1
| #define HAVE_SYS_SOCKET_H 1
| #define HAVE_SYS_STAT_H 1
| #define HAVE_SYS_STATFS_H 1
| #define HAVE_SYS_SWAP_H 1
| #define HAVE_SYS_SYSCALL_H 1
| #define HAVE_SYS_SYSMACROS_H 1
| #define HAVE_SYS_TIME_H 1
| #define HAVE_SYS_TIMEX_H 1
| #define HAVE_SYS_TTYDEFAULTS_H 1
| #define HAVE_SYS_TYPES_H 1
| #define HAVE_SYS_UN_H 1
| #define HAVE_SYS_VFS_H 1
| #define HAVE_SYS_XATTR_H 1
| #define HAVE_UNISTD_H 1
| #define HAVE_UTMP_H 1
| #define HAVE_UTMPX_H 1
| #define HAVE_LINUX_FS_H 1
| #define HAVE_LINUX_MOUNT_H 1
| #define HAVE_LINUX_GSMMUX_H 1
| #define HAVE_SECURITY_PAM_MISC_H 1
| #define HAVE_DECL_BLK_ZONE_REP_CAPACITY 1
| #define HAVE_DECL_PR_REP_CAPACITY 0
| #define HAVE_LANGINFO_H 1
| #define HAVE_TM_GMTOFF 1
| #define HAVE_STRUCT_MOUNT_ATTR 1
| #define HAVE_ENUM_FSCONFIG_COMMAND 1
| #define HAVE_STRUCT_TERMIOS_C_LINE 1
| #define HAVE_STRUCT_STAT_ST_MTIM_TV_NSEC 1
| #define HAVE_STRUCT_STATX 1
| #define HAVE_STRUCT_STATX_STX_MNT_ID 1
| #define HAVE_DECL__NL_TIME_WEEK_1STDAY 0
| #define HAVE_ENVIRON_DECL 1
| #define HAVE_STRSIGNAL_DECL 1
| #define HAVE_CLEARENV 1
| #define HAVE_EACCESS 1
| #define HAVE_ERR 1
| #define HAVE_ERRX 1
| #define HAVE_EXPLICIT_BZERO 1
| #define HAVE___FPENDING 1
| #define HAVE___FPURGE 1
| #define HAVE_FPURGE 1
| #define HAVE_FNMATCH 1
| #define HAVE_FSYNC 1
| #define HAVE_GETDOMAINNAME 1
| #define HAVE_GETDTABLESIZE 1
| #define HAVE_GETRANDOM 1
| #define HAVE_GETRLIMIT 1
| #define HAVE_INOTIFY_INIT 1
| #define HAVE_JRAND48 1
| #define HAVE_LCHOWN 1
| #define HAVE_LGETXATTR 1
| #define HAVE_LLISTXATTR 1
| #define HAVE_NEWLOCALE 1
| #define HAVE_MEMPCPY 1
| #define HAVE_MKOSTEMP 1
| #define HAVE_NANOSLEEP 1
| #define HAVE_PERSONALITY 1
| #define HAVE_POSIX_FADVISE 1
| #define HAVE_PRCTL 1
| #define HAVE_QSORT_R 1
| #define HAVE_REALLOCARRAY 1
| #define HAVE_RENAMEAT2 1
| #define HAVE_SCHED_SETSCHEDULER 1
| #define HAVE_SECURE_GETENV 1
| #define HAVE_SENDFILE 1
| #define HAVE_SETRESGID 1
| #define HAVE_SETRESUID 1
| #define HAVE_SIGQUEUE 1
| #define HAVE_SRANDOM 1
| #define HAVE_STATX 1
| #define HAVE_STRNDUP 1
| #define HAVE_STRNLEN 1
| #define HAVE_STRTOD_L 1
| #define HAVE_SYSCONF 1
| #define HAVE_SYSINFO 1
| #define HAVE_TIMEGM 1
| #define HAVE_USLEEP 1
| #define HAVE_USELOCALE 1
| #define HAVE_UTIMENSAT 1
| #define HAVE_VWARNX 1
| #define HAVE_WARN 1
| #define HAVE_WARNX 1
| #define HAVE_FSEEKO 1
| #define HAVE_FUTIMENS 1
| #define HAVE_GETUSERSHELL 1
| #define HAVE_INOTIFY_INIT1 1
| #define HAVE_IOPERM 1
| #define HAVE_IOPL 1
| #define HAVE_OPENAT 1
| #define HAVE_FSTATAT 1
| #define HAVE_UNLINKAT 1
| #define HAVE_OPEN_MEMSTREAM 1
| #define HAVE_REBOOT 1
| #define HAVE_UPDWTMPX 1
| #define HAVE_UPDWTMPX 1
| #define HAVE_MOUNTFD_API 1
| #define HAVE_CLOCK_GETTIME 1
| #define HAVE_TIMER_CREATE 1
| #define HAVE_DIRFD 1
| #define HAVE_PROGRAM_INVOCATION_SHORT_NAME 1
| #define HAVE___PROGNAME 1
| #define HAVE_OPAL_GET_STATUS 1
| #define HAVE_TLS 1
| #define HAVE_LIBUTIL 1
| #define HAVE_PTY 1
| #define HAVE_CPU_SET_T 1
| #define HAVE_SIGHANDLER_T 1
| #define HAVE_DECL_CPU_ALLOC 1
| #define HAVE_CRYPT_H 1
| /* end confdefs.h.  */
| 
| /* Override any GCC internal prototype to avoid an error.
|    Use char because int might match the return type of a GCC
|    builtin and then its argument prototype would still apply.  */
| char udev_new ();
| int
| main (void)
| {
| return udev_new ();
|   ;
|   return 0;
| }
configure:29532: result: no
configure:29636: checking for ncursesw6-config
configure:29657: found /usr/bin/ncursesw6-config
configure:29668: result: ncursesw6-config
configure:29690: $NCURSESW6_CONFIG --version >/dev/null
configure:29693: $? = 0
configure:29967: checking for ncursesw/ncurses.h
configure:29967: gcc -c -g -O2 -I/home/sonakrie/Work/testicular_linux/util-linux/../fs/usr/include conftest.c >&5
conftest.c:230:10: fatal error: ncursesw/ncurses.h: No such file or directory
  230 | #include <ncursesw/ncurses.h>
      |          ^~~~~~~~~~~~~~~~~~~~
compilation terminated.
configure:29967: $? = 1
configure: failed program was:
| /* confdefs.h */
| #define PACKAGE_NAME "util-linux"
| #define PACKAGE_TARNAME "util-linux"
| #define PACKAGE_VERSION "2.40.2"
| #define PACKAGE_STRING "util-linux 2.40.2"
| #define PACKAGE_BUGREPORT "kzak@redhat.com"
| #define PACKAGE_URL "https://www.kernel.org/pub/linux/utils/util-linux/"
| #define HAVE_STDIO_H 1
| #define HAVE_STDLIB_H 1
| #define HAVE_STRING_H 1
| #define HAVE_INTTYPES_H 1
| #define HAVE_STDINT_H 1
| #define HAVE_STRINGS_H 1
| #define HAVE_SYS_STAT_H 1
| #define HAVE_SYS_TYPES_H 1
| #define HAVE_UNISTD_H 1
| #define HAVE_WCHAR_H 1
| #define STDC_HEADERS 1
| #define _ALL_SOURCE 1
| #define _DARWIN_C_SOURCE 1
| #define _GNU_SOURCE 1
| #define _HPUX_ALT_XOPEN_SOCKET_API 1
| #define _NETBSD_SOURCE 1
| #define _OPENBSD_SOURCE 1
| #define _POSIX_PTHREAD_SEMANTICS 1
| #define __STDC_WANT_IEC_60559_ATTRIBS_EXT__ 1
| #define __STDC_WANT_IEC_60559_BFP_EXT__ 1
| #define __STDC_WANT_IEC_60559_DFP_EXT__ 1
| #define __STDC_WANT_IEC_60559_FUNCS_EXT__ 1
| #define __STDC_WANT_IEC_60559_TYPES_EXT__ 1
| #define __STDC_WANT_LIB_EXT2__ 1
| #define __STDC_WANT_MATH_SPEC_FUNCS__ 1
| #define _TANDEM_SOURCE 1
| #define __EXTENSIONS__ 1
| #define PACKAGE "util-linux"
| #define VERSION "2.40.2"
| #define HAVE_DLFCN_H 1
| #define LT_OBJDIR ".libs/"
| #define HAVE_STRUCT_TM_TM_ZONE 1
| #define HAVE_TM_ZONE 1
| #define HAVE_ICONV 1
| #define HAVE_LINUX_BLKPG_H 1
| #define HAVE_LINUX_MAJOR_H 1
| #define HAVE_ASM_GENERIC_FCNTL_H 1
| #define HAVE_ASM_FCNTL_H 1
| #define HAVE_BYTESWAP_H 1
| #define HAVE_ENDIAN_H 1
| #define HAVE_ERR_H 1
| #define HAVE_ERRNO_H 1
| #define HAVE_FCNTL_H 1
| #define HAVE_GETOPT_H 1
| #define HAVE_INTTYPES_H 1
| #define HAVE_LASTLOG_H 1
| #define HAVE_LINUX_BLKZONED_H 1
| #define HAVE_LINUX_BTRFS_H 1
| #define HAVE_LINUX_CAPABILITY_H 1
| #define HAVE_LINUX_CDROM_H 1
| #define HAVE_LINUX_FALLOC_H 1
| #define HAVE_LINUX_FD_H 1
| #define HAVE_LINUX_FIEMAP_H 1
| #define HAVE_LINUX_LANDLOCK_H 1
| #define HAVE_LINUX_KCMP_H 1
| #define HAVE_LINUX_NET_NAMESPACE_H 1
| #define HAVE_LINUX_NSFS_H 1
| #define HAVE_LINUX_PR_H 1
| #define HAVE_LINUX_SECUREBITS_H 1
| #define HAVE_LINUX_TIOCL_H 1
| #define HAVE_LINUX_VERSION_H 1
| #define HAVE_LINUX_WATCHDOG_H 1
| #define HAVE_LINUX_IF_ALG_H 1
| #define HAVE_LOCALE_H 1
| #define HAVE_MNTENT_H 1
| #define HAVE_NET_IF_H 1
| #define HAVE_NETINET_IN_H 1
| #define HAVE_PATHS_H 1
| #define HAVE_PTY_H 1
| #define HAVE_SECURITY_PAM_APPL_H 1
| #define HAVE_SECURITY_PAM_MODULES_H 1
| #define HAVE_SHADOW_H 1
| #define HAVE_STDINT_H 1
| #define HAVE_STDIO_EXT_H 1
| #define HAVE_STDLIB_H 1
| #define HAVE_SYS_FILE_H 1
| #define HAVE_SYS_IOCTL_H 1
| #define HAVE_SYS_IO_H 1
| #define HAVE_SYS_MOUNT_H 1
| #define HAVE_SYS_PARAM_H 1
| #define HAVE_SYS_PRCTL_H 1
| #define HAVE_SYS_RESOURCE_H 1
| #define HAVE_SYS_SENDFILE_H 1
| #define HAVE_SYS_SIGNALFD_H 1
| #define HAVE_SYS_SOCKET_H 1
| #define HAVE_SYS_STAT_H 1
| #define HAVE_SYS_STATFS_H 1
| #define HAVE_SYS_SWAP_H 1
| #define HAVE_SYS_SYSCALL_H 1
| #define HAVE_SYS_SYSMACROS_H 1
| #define HAVE_SYS_TIME_H 1
| #define HAVE_SYS_TIMEX_H 1
| #define HAVE_SYS_TTYDEFAULTS_H 1
| #define HAVE_SYS_TYPES_H 1
| #define HAVE_SYS_UN_H 1
| #define HAVE_SYS_VFS_H 1
| #define HAVE_SYS_XATTR_H 1
| #define HAVE_UNISTD_H 1
| #define HAVE_UTMP_H 1
| #define HAVE_UTMPX_H 1
| #define HAVE_LINUX_FS_H 1
| #define HAVE_LINUX_MOUNT_H 1
| #define HAVE_LINUX_GSMMUX_H 1
| #define HAVE_SECURITY_PAM_MISC_H 1
| #define HAVE_DECL_BLK_ZONE_REP_CAPACITY 1
| #define HAVE_DECL_PR_REP_CAPACITY 0
| #define HAVE_LANGINFO_H 1
| #define HAVE_TM_GMTOFF 1
| #define HAVE_STRUCT_MOUNT_ATTR 1
| #define HAVE_ENUM_FSCONFIG_COMMAND 1
| #define HAVE_STRUCT_TERMIOS_C_LINE 1
| #define HAVE_STRUCT_STAT_ST_MTIM_TV_NSEC 1
| #define HAVE_STRUCT_STATX 1
| #define HAVE_STRUCT_STATX_STX_MNT_ID 1
| #define HAVE_DECL__NL_TIME_WEEK_1STDAY 0
| #define HAVE_ENVIRON_DECL 1
| #define HAVE_STRSIGNAL_DECL 1
| #define HAVE_CLEARENV 1
| #define HAVE_EACCESS 1
| #define HAVE_ERR 1
| #define HAVE_ERRX 1
| #define HAVE_EXPLICIT_BZERO 1
| #define HAVE___FPENDING 1
| #define HAVE___FPURGE 1
| #define HAVE_FPURGE 1
| #define HAVE_FNMATCH 1
| #define HAVE_FSYNC 1
| #define HAVE_GETDOMAINNAME 1
| #define HAVE_GETDTABLESIZE 1
| #define HAVE_GETRANDOM 1
| #define HAVE_GETRLIMIT 1
| #define HAVE_INOTIFY_INIT 1
| #define HAVE_JRAND48 1
| #define HAVE_LCHOWN 1
| #define HAVE_LGETXATTR 1
| #define HAVE_LLISTXATTR 1
| #define HAVE_NEWLOCALE 1
| #define HAVE_MEMPCPY 1
| #define HAVE_MKOSTEMP 1
| #define HAVE_NANOSLEEP 1
| #define HAVE_PERSONALITY 1
| #define HAVE_POSIX_FADVISE 1
| #define HAVE_PRCTL 1
| #define HAVE_QSORT_R 1
| #define HAVE_REALLOCARRAY 1
| #define HAVE_RENAMEAT2 1
| #define HAVE_SCHED_SETSCHEDULER 1
| #define HAVE_SECURE_GETENV 1
| #define HAVE_SENDFILE 1
| #define HAVE_SETRESGID 1
| #define HAVE_SETRESUID 1
| #define HAVE_SIGQUEUE 1
| #define HAVE_SRANDOM 1
| #define HAVE_STATX 1
| #define HAVE_STRNDUP 1
| #define HAVE_STRNLEN 1
| #define HAVE_STRTOD_L 1
| #define HAVE_SYSCONF 1
| #define HAVE_SYSINFO 1
| #define HAVE_TIMEGM 1
| #define HAVE_USLEEP 1
| #define HAVE_USELOCALE 1
| #define HAVE_UTIMENSAT 1
| #define HAVE_VWARNX 1
| #define HAVE_WARN 1
| #define HAVE_WARNX 1
| #define HAVE_FSEEKO 1
| #define HAVE_FUTIMENS 1
| #define HAVE_GETUSERSHELL 1
| #define HAVE_INOTIFY_INIT1 1
| #define HAVE_IOPERM 1
| #define HAVE_IOPL 1
| #define HAVE_OPENAT 1
| #define HAVE_FSTATAT 1
| #define HAVE_UNLINKAT 1
| #define HAVE_OPEN_MEMSTREAM 1
| #define HAVE_REBOOT 1
| #define HAVE_UPDWTMPX 1
| #define HAVE_UPDWTMPX 1
| #define HAVE_MOUNTFD_API 1
| #define HAVE_CLOCK_GETTIME 1
| #define HAVE_TIMER_CREATE 1
| #define HAVE_DIRFD 1
| #define HAVE_PROGRAM_INVOCATION_SHORT_NAME 1
| #define HAVE___PROGNAME 1
| #define HAVE_OPAL_GET_STATUS 1
| #define HAVE_TLS 1
| #define HAVE_LIBUTIL 1
| #define HAVE_PTY 1
| #define HAVE_CPU_SET_T 1
| #define HAVE_SIGHANDLER_T 1
| #define HAVE_DECL_CPU_ALLOC 1
| #define HAVE_CRYPT_H 1
| /* end confdefs.h.  */
| #include <stddef.h>
| #ifdef HAVE_STDIO_H
| # include <stdio.h>
| #endif
| #ifdef HAVE_STDLIB_H
| # include <stdlib.h>
| #endif
| #ifdef HAVE_STRING_H
| # include <string.h>
| #endif
| #ifdef HAVE_INTTYPES_H
| # include <inttypes.h>
| #endif
| #ifdef HAVE_STDINT_H
| # include <stdint.h>
| #endif
| #ifdef HAVE_STRINGS_H
| # include <strings.h>
| #endif
| #ifdef HAVE_SYS_TYPES_H
| # include <sys/types.h>
| #endif
| #ifdef HAVE_SYS_STAT_H
| # include <sys/stat.h>
| #endif
| #ifdef HAVE_UNISTD_H
| # include <unistd.h>
| #endif
| #include <ncursesw/ncurses.h>
configure:29967: result: no
configure:29975: checking for ncursesw/term.h
configure:29975: gcc -c -g -O2 -I/home/sonakrie/Work/testicular_linux/util-linux/../fs/usr/include conftest.c >&5
conftest.c:230:10: fatal error: ncursesw/term.h: No such file or directory
  230 | #include <ncursesw/term.h>
      |          ^~~~~~~~~~~~~~~~~
compilation terminated.
configure:29975: $? = 1
configure: failed program was:
| /* confdefs.h */
| #define PACKAGE_NAME "util-linux"
| #define PACKAGE_TARNAME "util-linux"
| #define PACKAGE_VERSION "2.40.2"
| #define PACKAGE_STRING "util-linux 2.40.2"
| #define PACKAGE_BUGREPORT "kzak@redhat.com"
| #define PACKAGE_URL "https://www.kernel.org/pub/linux/utils/util-linux/"
| #define HAVE_STDIO_H 1
| #define HAVE_STDLIB_H 1
| #define HAVE_STRING_H 1
| #define HAVE_INTTYPES_H 1
| #define HAVE_STDINT_H 1
| #define HAVE_STRINGS_H 1
| #define HAVE_SYS_STAT_H 1
| #define HAVE_SYS_TYPES_H 1
| #define HAVE_UNISTD_H 1
| #define HAVE_WCHAR_H 1
| #define STDC_HEADERS 1
| #define _ALL_SOURCE 1
| #define _DARWIN_C_SOURCE 1
| #define _GNU_SOURCE 1
| #define _HPUX_ALT_XOPEN_SOCKET_API 1
| #define _NETBSD_SOURCE 1
| #define _OPENBSD_SOURCE 1
| #define _POSIX_PTHREAD_SEMANTICS 1
| #define __STDC_WANT_IEC_60559_ATTRIBS_EXT__ 1
| #define __STDC_WANT_IEC_60559_BFP_EXT__ 1
| #define __STDC_WANT_IEC_60559_DFP_EXT__ 1
| #define __STDC_WANT_IEC_60559_FUNCS_EXT__ 1
| #define __STDC_WANT_IEC_60559_TYPES_EXT__ 1
| #define __STDC_WANT_LIB_EXT2__ 1
| #define __STDC_WANT_MATH_SPEC_FUNCS__ 1
| #define _TANDEM_SOURCE 1
| #define __EXTENSIONS__ 1
| #define PACKAGE "util-linux"
| #define VERSION "2.40.2"
| #define HAVE_DLFCN_H 1
| #define LT_OBJDIR ".libs/"
| #define HAVE_STRUCT_TM_TM_ZONE 1
| #define HAVE_TM_ZONE 1
| #define HAVE_ICONV 1
| #define HAVE_LINUX_BLKPG_H 1
| #define HAVE_LINUX_MAJOR_H 1
| #define HAVE_ASM_GENERIC_FCNTL_H 1
| #define HAVE_ASM_FCNTL_H 1
| #define HAVE_BYTESWAP_H 1
| #define HAVE_ENDIAN_H 1
| #define HAVE_ERR_H 1
| #define HAVE_ERRNO_H 1
| #define HAVE_FCNTL_H 1
| #define HAVE_GETOPT_H 1
| #define HAVE_INTTYPES_H 1
| #define HAVE_LASTLOG_H 1
| #define HAVE_LINUX_BLKZONED_H 1
| #define HAVE_LINUX_BTRFS_H 1
| #define HAVE_LINUX_CAPABILITY_H 1
| #define HAVE_LINUX_CDROM_H 1
| #define HAVE_LINUX_FALLOC_H 1
| #define HAVE_LINUX_FD_H 1
| #define HAVE_LINUX_FIEMAP_H 1
| #define HAVE_LINUX_LANDLOCK_H 1
| #define HAVE_LINUX_KCMP_H 1
| #define HAVE_LINUX_NET_NAMESPACE_H 1
| #define HAVE_LINUX_NSFS_H 1
| #define HAVE_LINUX_PR_H 1
| #define HAVE_LINUX_SECUREBITS_H 1
| #define HAVE_LINUX_TIOCL_H 1
| #define HAVE_LINUX_VERSION_H 1
| #define HAVE_LINUX_WATCHDOG_H 1
| #define HAVE_LINUX_IF_ALG_H 1
| #define HAVE_LOCALE_H 1
| #define HAVE_MNTENT_H 1
| #define HAVE_NET_IF_H 1
| #define HAVE_NETINET_IN_H 1
| #define HAVE_PATHS_H 1
| #define HAVE_PTY_H 1
| #define HAVE_SECURITY_PAM_APPL_H 1
| #define HAVE_SECURITY_PAM_MODULES_H 1
| #define HAVE_SHADOW_H 1
| #define HAVE_STDINT_H 1
| #define HAVE_STDIO_EXT_H 1
| #define HAVE_STDLIB_H 1
| #define HAVE_SYS_FILE_H 1
| #define HAVE_SYS_IOCTL_H 1
| #define HAVE_SYS_IO_H 1
| #define HAVE_SYS_MOUNT_H 1
| #define HAVE_SYS_PARAM_H 1
| #define HAVE_SYS_PRCTL_H 1
| #define HAVE_SYS_RESOURCE_H 1
| #define HAVE_SYS_SENDFILE_H 1
| #define HAVE_SYS_SIGNALFD_H 1
| #define HAVE_SYS_SOCKET_H 1
| #define HAVE_SYS_STAT_H 1
| #define HAVE_SYS_STATFS_H 1
| #define HAVE_SYS_SWAP_H 1
| #define HAVE_SYS_SYSCALL_H 1
| #define HAVE_SYS_SYSMACROS_H 1
| #define HAVE_SYS_TIME_H 1
| #define HAVE_SYS_TIMEX_H 1
| #define HAVE_SYS_TTYDEFAULTS_H 1
| #define HAVE_SYS_TYPES_H 1
| #define HAVE_SYS_UN_H 1
| #define HAVE_SYS_VFS_H 1
| #define HAVE_SYS_XATTR_H 1
| #define HAVE_UNISTD_H 1
| #define HAVE_UTMP_H 1
| #define HAVE_UTMPX_H 1
| #define HAVE_LINUX_FS_H 1
| #define HAVE_LINUX_MOUNT_H 1
| #define HAVE_LINUX_GSMMUX_H 1
| #define HAVE_SECURITY_PAM_MISC_H 1
| #define HAVE_DECL_BLK_ZONE_REP_CAPACITY 1
| #define HAVE_DECL_PR_REP_CAPACITY 0
| #define HAVE_LANGINFO_H 1
| #define HAVE_TM_GMTOFF 1
| #define HAVE_STRUCT_MOUNT_ATTR 1
| #define HAVE_ENUM_FSCONFIG_COMMAND 1
| #define HAVE_STRUCT_TERMIOS_C_LINE 1
| #define HAVE_STRUCT_STAT_ST_MTIM_TV_NSEC 1
| #define HAVE_STRUCT_STATX 1
| #define HAVE_STRUCT_STATX_STX_MNT_ID 1
| #define HAVE_DECL__NL_TIME_WEEK_1STDAY 0
| #define HAVE_ENVIRON_DECL 1
| #define HAVE_STRSIGNAL_DECL 1
| #define HAVE_CLEARENV 1
| #define HAVE_EACCESS 1
| #define HAVE_ERR 1
| #define HAVE_ERRX 1
| #define HAVE_EXPLICIT_BZERO 1
| #define HAVE___FPENDING 1
| #define HAVE___FPURGE 1
| #define HAVE_FPURGE 1
| #define HAVE_FNMATCH 1
| #define HAVE_FSYNC 1
| #define HAVE_GETDOMAINNAME 1
| #define HAVE_GETDTABLESIZE 1
| #define HAVE_GETRANDOM 1
| #define HAVE_GETRLIMIT 1
| #define HAVE_INOTIFY_INIT 1
| #define HAVE_JRAND48 1
| #define HAVE_LCHOWN 1
| #define HAVE_LGETXATTR 1
| #define HAVE_LLISTXATTR 1
| #define HAVE_NEWLOCALE 1
| #define HAVE_MEMPCPY 1
| #define HAVE_MKOSTEMP 1
| #define HAVE_NANOSLEEP 1
| #define HAVE_PERSONALITY 1
| #define HAVE_POSIX_FADVISE 1
| #define HAVE_PRCTL 1
| #define HAVE_QSORT_R 1
| #define HAVE_REALLOCARRAY 1
| #define HAVE_RENAMEAT2 1
| #define HAVE_SCHED_SETSCHEDULER 1
| #define HAVE_SECURE_GETENV 1
| #define HAVE_SENDFILE 1
| #define HAVE_SETRESGID 1
| #define HAVE_SETRESUID 1
| #define HAVE_SIGQUEUE 1
| #define HAVE_SRANDOM 1
| #define HAVE_STATX 1
| #define HAVE_STRNDUP 1
| #define HAVE_STRNLEN 1
| #define HAVE_STRTOD_L 1
| #define HAVE_SYSCONF 1
| #define HAVE_SYSINFO 1
| #define HAVE_TIMEGM 1
| #define HAVE_USLEEP 1
| #define HAVE_USELOCALE 1
| #define HAVE_UTIMENSAT 1
| #define HAVE_VWARNX 1
| #define HAVE_WARN 1
| #define HAVE_WARNX 1
| #define HAVE_FSEEKO 1
| #define HAVE_FUTIMENS 1
| #define HAVE_GETUSERSHELL 1
| #define HAVE_INOTIFY_INIT1 1
| #define HAVE_IOPERM 1
| #define HAVE_IOPL 1
| #define HAVE_OPENAT 1
| #define HAVE_FSTATAT 1
| #define HAVE_UNLINKAT 1
| #define HAVE_OPEN_MEMSTREAM 1
| #define HAVE_REBOOT 1
| #define HAVE_UPDWTMPX 1
| #define HAVE_UPDWTMPX 1
| #define HAVE_MOUNTFD_API 1
| #define HAVE_CLOCK_GETTIME 1
| #define HAVE_TIMER_CREATE 1
| #define HAVE_DIRFD 1
| #define HAVE_PROGRAM_INVOCATION_SHORT_NAME 1
| #define HAVE___PROGNAME 1
| #define HAVE_OPAL_GET_STATUS 1
| #define HAVE_TLS 1
| #define HAVE_LIBUTIL 1
| #define HAVE_PTY 1
| #define HAVE_CPU_SET_T 1
| #define HAVE_SIGHANDLER_T 1
| #define HAVE_DECL_CPU_ALLOC 1
| #define HAVE_CRYPT_H 1
| /* end confdefs.h.  */
| #include <stddef.h>
| #ifdef HAVE_STDIO_H
| # include <stdio.h>
| #endif
| #ifdef HAVE_STDLIB_H
| # include <stdlib.h>
| #endif
| #ifdef HAVE_STRING_H
| # include <string.h>
| #endif
| #ifdef HAVE_INTTYPES_H
| # include <inttypes.h>
| #endif
| #ifdef HAVE_STDINT_H
| # include <stdint.h>
| #endif
| #ifdef HAVE_STRINGS_H
| # include <strings.h>
| #endif
| #ifdef HAVE_SYS_TYPES_H
| # include <sys/types.h>
| #endif
| #ifdef HAVE_SYS_STAT_H
| # include <sys/stat.h>
| #endif
| #ifdef HAVE_UNISTD_H
| # include <unistd.h>
| #endif
| #include <ncursesw/term.h>
configure:29975: result: no
configure:29990: checking for ncurses.h
configure:29990: gcc -c -g -O2 -I/home/sonakrie/Work/testicular_linux/util-linux/../fs/usr/include conftest.c >&5
configure:29990: $? = 0
configure:29990: result: yes
configure:29998: checking for term.h
configure:29998: gcc -c -g -O2 -I/home/sonakrie/Work/testicular_linux/util-linux/../fs/usr/include conftest.c >&5
configure:29998: $? = 0
configure:29998: result: yes
configure:30589: checking for use_default_colors in -lncursesw
configure:30612: gcc -o conftest -g -O2 -I/home/sonakrie/Work/testicular_linux/util-linux/../fs/usr/include -L/home/sonakrie/Work/testicular_linux/util-linux/../fs/usr/lib conftest.c -lncursesw  -lutil  >&5
configure:30612: $? = 0
configure:30623: result: yes
configure:30635: checking for resizeterm in -lncursesw
configure:30658: gcc -o conftest -g -O2 -I/home/sonakrie/Work/testicular_linux/util-linux/../fs/usr/include -L/home/sonakrie/Work/testicular_linux/util-linux/../fs/usr/lib conftest.c -lncursesw  -lutil  >&5
configure:30658: $? = 0
configure:30669: result: yes
configure:30708: checking for tinfow
configure:30715: $PKG_CONFIG --exists --print-errors "tinfow"
Package tinfow was not found in the pkg-config search path.
Perhaps you should add the directory containing `tinfow.pc'
to the PKG_CONFIG_PATH environment variable
Package 'tinfow' not found
configure:30718: $? = 1
configure:30732: $PKG_CONFIG --exists --print-errors "tinfow"
Package tinfow was not found in the pkg-config search path.
Perhaps you should add the directory containing `tinfow.pc'
to the PKG_CONFIG_PATH environment variable
Package 'tinfow' not found
configure:30735: $? = 1
configure:30749: result: no
Package 'tinfow' not found
configure:30766: checking for tgetent in -ltinfow
configure:30789: gcc -o conftest -g -O2 -I/home/sonakrie/Work/testicular_linux/util-linux/../fs/usr/include -L/home/sonakrie/Work/testicular_linux/util-linux/../fs/usr/lib conftest.c -ltinfow  -lutil  >&5
/usr/lib/gcc/x86_64-alpine-linux-musl/15.2.0/../../../../x86_64-alpine-linux-musl/bin/ld: cannot find -ltinfow: No such file or directory
collect2: error: ld returned 1 exit status
configure:30789: $? = 1
configure: failed program was:
| /* confdefs.h */
| #define PACKAGE_NAME "util-linux"
| #define PACKAGE_TARNAME "util-linux"
| #define PACKAGE_VERSION "2.40.2"
| #define PACKAGE_STRING "util-linux 2.40.2"
| #define PACKAGE_BUGREPORT "kzak@redhat.com"
| #define PACKAGE_URL "https://www.kernel.org/pub/linux/utils/util-linux/"
| #define HAVE_STDIO_H 1
| #define HAVE_STDLIB_H 1
| #define HAVE_STRING_H 1
| #define HAVE_INTTYPES_H 1
| #define HAVE_STDINT_H 1
| #define HAVE_STRINGS_H 1
| #define HAVE_SYS_STAT_H 1
| #define HAVE_SYS_TYPES_H 1
| #define HAVE_UNISTD_H 1
| #define HAVE_WCHAR_H 1
| #define STDC_HEADERS 1
| #define _ALL_SOURCE 1
| #define _DARWIN_C_SOURCE 1
| #define _GNU_SOURCE 1
| #define _HPUX_ALT_XOPEN_SOCKET_API 1
| #define _NETBSD_SOURCE 1
| #define _OPENBSD_SOURCE 1
| #define _POSIX_PTHREAD_SEMANTICS 1
| #define __STDC_WANT_IEC_60559_ATTRIBS_EXT__ 1
| #define __STDC_WANT_IEC_60559_BFP_EXT__ 1
| #define __STDC_WANT_IEC_60559_DFP_EXT__ 1
| #define __STDC_WANT_IEC_60559_FUNCS_EXT__ 1
| #define __STDC_WANT_IEC_60559_TYPES_EXT__ 1
| #define __STDC_WANT_LIB_EXT2__ 1
| #define __STDC_WANT_MATH_SPEC_FUNCS__ 1
| #define _TANDEM_SOURCE 1
| #define __EXTENSIONS__ 1
| #define PACKAGE "util-linux"
| #define VERSION "2.40.2"
| #define HAVE_DLFCN_H 1
| #define LT_OBJDIR ".libs/"
| #define HAVE_STRUCT_TM_TM_ZONE 1
| #define HAVE_TM_ZONE 1
| #define HAVE_ICONV 1
| #define HAVE_LINUX_BLKPG_H 1
| #define HAVE_LINUX_MAJOR_H 1
| #define HAVE_ASM_GENERIC_FCNTL_H 1
| #define HAVE_ASM_FCNTL_H 1
| #define HAVE_BYTESWAP_H 1
| #define HAVE_ENDIAN_H 1
| #define HAVE_ERR_H 1
| #define HAVE_ERRNO_H 1
| #define HAVE_FCNTL_H 1
| #define HAVE_GETOPT_H 1
| #define HAVE_INTTYPES_H 1
| #define HAVE_LASTLOG_H 1
| #define HAVE_LINUX_BLKZONED_H 1
| #define HAVE_LINUX_BTRFS_H 1
| #define HAVE_LINUX_CAPABILITY_H 1
| #define HAVE_LINUX_CDROM_H 1
| #define HAVE_LINUX_FALLOC_H 1
| #define HAVE_LINUX_FD_H 1
| #define HAVE_LINUX_FIEMAP_H 1
| #define HAVE_LINUX_LANDLOCK_H 1
| #define HAVE_LINUX_KCMP_H 1
| #define HAVE_LINUX_NET_NAMESPACE_H 1
| #define HAVE_LINUX_NSFS_H 1
| #define HAVE_LINUX_PR_H 1
| #define HAVE_LINUX_SECUREBITS_H 1
| #define HAVE_LINUX_TIOCL_H 1
| #define HAVE_LINUX_VERSION_H 1
| #define HAVE_LINUX_WATCHDOG_H 1
| #define HAVE_LINUX_IF_ALG_H 1
| #define HAVE_LOCALE_H 1
| #define HAVE_MNTENT_H 1
| #define HAVE_NET_IF_H 1
| #define HAVE_NETINET_IN_H 1
| #define HAVE_PATHS_H 1
| #define HAVE_PTY_H 1
| #define HAVE_SECURITY_PAM_APPL_H 1
| #define HAVE_SECURITY_PAM_MODULES_H 1
| #define HAVE_SHADOW_H 1
| #define HAVE_STDINT_H 1
| #define HAVE_STDIO_EXT_H 1
| #define HAVE_STDLIB_H 1
| #define HAVE_SYS_FILE_H 1
| #define HAVE_SYS_IOCTL_H 1
| #define HAVE_SYS_IO_H 1
| #define HAVE_SYS_MOUNT_H 1
| #define HAVE_SYS_PARAM_H 1
| #define HAVE_SYS_PRCTL_H 1
| #define HAVE_SYS_RESOURCE_H 1
| #define HAVE_SYS_SENDFILE_H 1
| #define HAVE_SYS_SIGNALFD_H 1
| #define HAVE_SYS_SOCKET_H 1
| #define HAVE_SYS_STAT_H 1
| #define HAVE_SYS_STATFS_H 1
| #define HAVE_SYS_SWAP_H 1
| #define HAVE_SYS_SYSCALL_H 1
| #define HAVE_SYS_SYSMACROS_H 1
| #define HAVE_SYS_TIME_H 1
| #define HAVE_SYS_TIMEX_H 1
| #define HAVE_SYS_TTYDEFAULTS_H 1
| #define HAVE_SYS_TYPES_H 1
| #define HAVE_SYS_UN_H 1
| #define HAVE_SYS_VFS_H 1
| #define HAVE_SYS_XATTR_H 1
| #define HAVE_UNISTD_H 1
| #define HAVE_UTMP_H 1
| #define HAVE_UTMPX_H 1
| #define HAVE_LINUX_FS_H 1
| #define HAVE_LINUX_MOUNT_H 1
| #define HAVE_LINUX_GSMMUX_H 1
| #define HAVE_SECURITY_PAM_MISC_H 1
| #define HAVE_DECL_BLK_ZONE_REP_CAPACITY 1
| #define HAVE_DECL_PR_REP_CAPACITY 0
| #define HAVE_LANGINFO_H 1
| #define HAVE_TM_GMTOFF 1
| #define HAVE_STRUCT_MOUNT_ATTR 1
| #define HAVE_ENUM_FSCONFIG_COMMAND 1
| #define HAVE_STRUCT_TERMIOS_C_LINE 1
| #define HAVE_STRUCT_STAT_ST_MTIM_TV_NSEC 1
| #define HAVE_STRUCT_STATX 1
| #define HAVE_STRUCT_STATX_STX_MNT_ID 1
| #define HAVE_DECL__NL_TIME_WEEK_1STDAY 0
| #define HAVE_ENVIRON_DECL 1
| #define HAVE_STRSIGNAL_DECL 1
| #define HAVE_CLEARENV 1
| #define HAVE_EACCESS 1
| #define HAVE_ERR 1
| #define HAVE_ERRX 1
| #define HAVE_EXPLICIT_BZERO 1
| #define HAVE___FPENDING 1
| #define HAVE___FPURGE 1
| #define HAVE_FPURGE 1
| #define HAVE_FNMATCH 1
| #define HAVE_FSYNC 1
| #define HAVE_GETDOMAINNAME 1
| #define HAVE_GETDTABLESIZE 1
| #define HAVE_GETRANDOM 1
| #define HAVE_GETRLIMIT 1
| #define HAVE_INOTIFY_INIT 1
| #define HAVE_JRAND48 1
| #define HAVE_LCHOWN 1
| #define HAVE_LGETXATTR 1
| #define HAVE_LLISTXATTR 1
| #define HAVE_NEWLOCALE 1
| #define HAVE_MEMPCPY 1
| #define HAVE_MKOSTEMP 1
| #define HAVE_NANOSLEEP 1
| #define HAVE_PERSONALITY 1
| #define HAVE_POSIX_FADVISE 1
| #define HAVE_PRCTL 1
| #define HAVE_QSORT_R 1
| #define HAVE_REALLOCARRAY 1
| #define HAVE_RENAMEAT2 1
| #define HAVE_SCHED_SETSCHEDULER 1
| #define HAVE_SECURE_GETENV 1
| #define HAVE_SENDFILE 1
| #define HAVE_SETRESGID 1
| #define HAVE_SETRESUID 1
| #define HAVE_SIGQUEUE 1
| #define HAVE_SRANDOM 1
| #define HAVE_STATX 1
| #define HAVE_STRNDUP 1
| #define HAVE_STRNLEN 1
| #define HAVE_STRTOD_L 1
| #define HAVE_SYSCONF 1
| #define HAVE_SYSINFO 1
| #define HAVE_TIMEGM 1
| #define HAVE_USLEEP 1
| #define HAVE_USELOCALE 1
| #define HAVE_UTIMENSAT 1
| #define HAVE_VWARNX 1
| #define HAVE_WARN 1
| #define HAVE_WARNX 1
| #define HAVE_FSEEKO 1
| #define HAVE_FUTIMENS 1
| #define HAVE_GETUSERSHELL 1
| #define HAVE_INOTIFY_INIT1 1
| #define HAVE_IOPERM 1
| #define HAVE_IOPL 1
| #define HAVE_OPENAT 1
| #define HAVE_FSTATAT 1
| #define HAVE_UNLINKAT 1
| #define HAVE_OPEN_MEMSTREAM 1
| #define HAVE_REBOOT 1
| #define HAVE_UPDWTMPX 1
| #define HAVE_UPDWTMPX 1
| #define HAVE_MOUNTFD_API 1
| #define HAVE_CLOCK_GETTIME 1
| #define HAVE_TIMER_CREATE 1
| #define HAVE_DIRFD 1
| #define HAVE_PROGRAM_INVOCATION_SHORT_NAME 1
| #define HAVE___PROGNAME 1
| #define HAVE_OPAL_GET_STATUS 1
| #define HAVE_TLS 1
| #define HAVE_LIBUTIL 1
| #define HAVE_PTY 1
| #define HAVE_CPU_SET_T 1
| #define HAVE_SIGHANDLER_T 1
| #define HAVE_DECL_CPU_ALLOC 1
| #define HAVE_CRYPT_H 1
| #define HAVE_NCURSES_H 1
| #define HAVE_TERM_H 1
| #define HAVE_LIBNCURSESW 1
| #define HAVE_USE_DEFAULT_COLORS 1
| #define HAVE_RESIZETERM 1
| /* end confdefs.h.  */
| 
| /* Override any GCC internal prototype to avoid an error.
|    Use char because int might match the return type of a GCC
|    builtin and then its argument prototype would still apply.  */
| char tgetent ();
| int
| main (void)
| {
| return tgetent ();
|   ;
|   return 0;
| }
configure:30799: result: no
configure:30896: checking for tinfo
configure:30903: $PKG_CONFIG --exists --print-errors "tinfo"
configure:30906: $? = 0
configure:30920: $PKG_CONFIG --exists --print-errors "tinfo"
configure:30923: $? = 0
configure:31051: result: yes
configure:31059: $PKG_CONFIG --exists --print-errors "tinfo"
configure:31062: $? = 0
configure:31126: checking for readline in -lreadline
configure:31149: gcc -o conftest -g -O2 -I/home/sonakrie/Work/testicular_linux/util-linux/../fs/usr/include -L/home/sonakrie/Work/testicular_linux/util-linux/../fs/usr/lib conftest.c -lreadline  -lutil  >&5
/usr/lib/gcc/x86_64-alpine-linux-musl/15.2.0/../../../../x86_64-alpine-linux-musl/bin/ld: /home/sonakrie/Work/testicular_linux/util-linux/../fs/usr/lib/libreadline.so: undefined reference to `tgetnum'
/usr/lib/gcc/x86_64-alpine-linux-musl/15.2.0/../../../../x86_64-alpine-linux-musl/bin/ld: /home/sonakrie/Work/testicular_linux/util-linux/../fs/usr/lib/libreadline.so: undefined reference to `tgoto'
/usr/lib/gcc/x86_64-alpine-linux-musl/15.2.0/../../../../x86_64-alpine-linux-musl/bin/ld: /home/sonakrie/Work/testicular_linux/util-linux/../fs/usr/lib/libreadline.so: undefined reference to `tgetflag'
/usr/lib/gcc/x86_64-alpine-linux-musl/15.2.0/../../../../x86_64-alpine-linux-musl/bin/ld: /home/sonakrie/Work/testicular_linux/util-linux/../fs/usr/lib/libreadline.so: undefined reference to `BC'
/usr/lib/gcc/x86_64-alpine-linux-musl/15.2.0/../../../../x86_64-alpine-linux-musl/bin/ld: /home/sonakrie/Work/testicular_linux/util-linux/../fs/usr/lib/libreadline.so: undefined reference to `tputs'
/usr/lib/gcc/x86_64-alpine-linux-musl/15.2.0/../../../../x86_64-alpine-linux-musl/bin/ld: /home/sonakrie/Work/testicular_linux/util-linux/../fs/usr/lib/libreadline.so: undefined reference to `PC'
/usr/lib/gcc/x86_64-alpine-linux-musl/15.2.0/../../../../x86_64-alpine-linux-musl/bin/ld: /home/sonakrie/Work/testicular_linux/util-linux/../fs/usr/lib/libreadline.so: undefined reference to `tgetent'
/usr/lib/gcc/x86_64-alpine-linux-musl/15.2.0/../../../../x86_64-alpine-linux-musl/bin/ld: /home/sonakrie/Work/testicular_linux/util-linux/../fs/usr/lib/libreadline.so: undefined reference to `UP'
/usr/lib/gcc/x86_64-alpine-linux-musl/15.2.0/../../../../x86_64-alpine-linux-musl/bin/ld: /home/sonakrie/Work/testicular_linux/util-linux/../fs/usr/lib/libreadline.so: undefined reference to `tgetstr'
collect2: error: ld returned 1 exit status
configure:31149: $? = 1
configure: failed program was:
| /* confdefs.h */
| #define PACKAGE_NAME "util-linux"
| #define PACKAGE_TARNAME "util-linux"
| #define PACKAGE_VERSION "2.40.2"
| #define PACKAGE_STRING "util-linux 2.40.2"
| #define PACKAGE_BUGREPORT "kzak@redhat.com"
| #define PACKAGE_URL "https://www.kernel.org/pub/linux/utils/util-linux/"
| #define HAVE_STDIO_H 1
| #define HAVE_STDLIB_H 1
| #define HAVE_STRING_H 1
| #define HAVE_INTTYPES_H 1
| #define HAVE_STDINT_H 1
| #define HAVE_STRINGS_H 1
| #define HAVE_SYS_STAT_H 1
| #define HAVE_SYS_TYPES_H 1
| #define HAVE_UNISTD_H 1
| #define HAVE_WCHAR_H 1
| #define STDC_HEADERS 1
| #define _ALL_SOURCE 1
| #define _DARWIN_C_SOURCE 1
| #define _GNU_SOURCE 1
| #define _HPUX_ALT_XOPEN_SOCKET_API 1
| #define _NETBSD_SOURCE 1
| #define _OPENBSD_SOURCE 1
| #define _POSIX_PTHREAD_SEMANTICS 1
| #define __STDC_WANT_IEC_60559_ATTRIBS_EXT__ 1
| #define __STDC_WANT_IEC_60559_BFP_EXT__ 1
| #define __STDC_WANT_IEC_60559_DFP_EXT__ 1
| #define __STDC_WANT_IEC_60559_FUNCS_EXT__ 1
| #define __STDC_WANT_IEC_60559_TYPES_EXT__ 1
| #define __STDC_WANT_LIB_EXT2__ 1
| #define __STDC_WANT_MATH_SPEC_FUNCS__ 1
| #define _TANDEM_SOURCE 1
| #define __EXTENSIONS__ 1
| #define PACKAGE "util-linux"
| #define VERSION "2.40.2"
| #define HAVE_DLFCN_H 1
| #define LT_OBJDIR ".libs/"
| #define HAVE_STRUCT_TM_TM_ZONE 1
| #define HAVE_TM_ZONE 1
| #define HAVE_ICONV 1
| #define HAVE_LINUX_BLKPG_H 1
| #define HAVE_LINUX_MAJOR_H 1
| #define HAVE_ASM_GENERIC_FCNTL_H 1
| #define HAVE_ASM_FCNTL_H 1
| #define HAVE_BYTESWAP_H 1
| #define HAVE_ENDIAN_H 1
| #define HAVE_ERR_H 1
| #define HAVE_ERRNO_H 1
| #define HAVE_FCNTL_H 1
| #define HAVE_GETOPT_H 1
| #define HAVE_INTTYPES_H 1
| #define HAVE_LASTLOG_H 1
| #define HAVE_LINUX_BLKZONED_H 1
| #define HAVE_LINUX_BTRFS_H 1
| #define HAVE_LINUX_CAPABILITY_H 1
| #define HAVE_LINUX_CDROM_H 1
| #define HAVE_LINUX_FALLOC_H 1
| #define HAVE_LINUX_FD_H 1
| #define HAVE_LINUX_FIEMAP_H 1
| #define HAVE_LINUX_LANDLOCK_H 1
| #define HAVE_LINUX_KCMP_H 1
| #define HAVE_LINUX_NET_NAMESPACE_H 1
| #define HAVE_LINUX_NSFS_H 1
| #define HAVE_LINUX_PR_H 1
| #define HAVE_LINUX_SECUREBITS_H 1
| #define HAVE_LINUX_TIOCL_H 1
| #define HAVE_LINUX_VERSION_H 1
| #define HAVE_LINUX_WATCHDOG_H 1
| #define HAVE_LINUX_IF_ALG_H 1
| #define HAVE_LOCALE_H 1
| #define HAVE_MNTENT_H 1
| #define HAVE_NET_IF_H 1
| #define HAVE_NETINET_IN_H 1
| #define HAVE_PATHS_H 1
| #define HAVE_PTY_H 1
| #define HAVE_SECURITY_PAM_APPL_H 1
| #define HAVE_SECURITY_PAM_MODULES_H 1
| #define HAVE_SHADOW_H 1
| #define HAVE_STDINT_H 1
| #define HAVE_STDIO_EXT_H 1
| #define HAVE_STDLIB_H 1
| #define HAVE_SYS_FILE_H 1
| #define HAVE_SYS_IOCTL_H 1
| #define HAVE_SYS_IO_H 1
| #define HAVE_SYS_MOUNT_H 1
| #define HAVE_SYS_PARAM_H 1
| #define HAVE_SYS_PRCTL_H 1
| #define HAVE_SYS_RESOURCE_H 1
| #define HAVE_SYS_SENDFILE_H 1
| #define HAVE_SYS_SIGNALFD_H 1
| #define HAVE_SYS_SOCKET_H 1
| #define HAVE_SYS_STAT_H 1
| #define HAVE_SYS_STATFS_H 1
| #define HAVE_SYS_SWAP_H 1
| #define HAVE_SYS_SYSCALL_H 1
| #define HAVE_SYS_SYSMACROS_H 1
| #define HAVE_SYS_TIME_H 1
| #define HAVE_SYS_TIMEX_H 1
| #define HAVE_SYS_TTYDEFAULTS_H 1
| #define HAVE_SYS_TYPES_H 1
| #define HAVE_SYS_UN_H 1
| #define HAVE_SYS_VFS_H 1
| #define HAVE_SYS_XATTR_H 1
| #define HAVE_UNISTD_H 1
| #define HAVE_UTMP_H 1
| #define HAVE_UTMPX_H 1
| #define HAVE_LINUX_FS_H 1
| #define HAVE_LINUX_MOUNT_H 1
| #define HAVE_LINUX_GSMMUX_H 1
| #define HAVE_SECURITY_PAM_MISC_H 1
| #define HAVE_DECL_BLK_ZONE_REP_CAPACITY 1
| #define HAVE_DECL_PR_REP_CAPACITY 0
| #define HAVE_LANGINFO_H 1
| #define HAVE_TM_GMTOFF 1
| #define HAVE_STRUCT_MOUNT_ATTR 1
| #define HAVE_ENUM_FSCONFIG_COMMAND 1
| #define HAVE_STRUCT_TERMIOS_C_LINE 1
| #define HAVE_STRUCT_STAT_ST_MTIM_TV_NSEC 1
| #define HAVE_STRUCT_STATX 1
| #define HAVE_STRUCT_STATX_STX_MNT_ID 1
| #define HAVE_DECL__NL_TIME_WEEK_1STDAY 0
| #define HAVE_ENVIRON_DECL 1
| #define HAVE_STRSIGNAL_DECL 1
| #define HAVE_CLEARENV 1
| #define HAVE_EACCESS 1
| #define HAVE_ERR 1
| #define HAVE_ERRX 1
| #define HAVE_EXPLICIT_BZERO 1
| #define HAVE___FPENDING 1
| #define HAVE___FPURGE 1
| #define HAVE_FPURGE 1
| #define HAVE_FNMATCH 1
| #define HAVE_FSYNC 1
| #define HAVE_GETDOMAINNAME 1
| #define HAVE_GETDTABLESIZE 1
| #define HAVE_GETRANDOM 1
| #define HAVE_GETRLIMIT 1
| #define HAVE_INOTIFY_INIT 1
| #define HAVE_JRAND48 1
| #define HAVE_LCHOWN 1
| #define HAVE_LGETXATTR 1
| #define HAVE_LLISTXATTR 1
| #define HAVE_NEWLOCALE 1
| #define HAVE_MEMPCPY 1
| #define HAVE_MKOSTEMP 1
| #define HAVE_NANOSLEEP 1
| #define HAVE_PERSONALITY 1
| #define HAVE_POSIX_FADVISE 1
| #define HAVE_PRCTL 1
| #define HAVE_QSORT_R 1
| #define HAVE_REALLOCARRAY 1
| #define HAVE_RENAMEAT2 1
| #define HAVE_SCHED_SETSCHEDULER 1
| #define HAVE_SECURE_GETENV 1
| #define HAVE_SENDFILE 1
| #define HAVE_SETRESGID 1
| #define HAVE_SETRESUID 1
| #define HAVE_SIGQUEUE 1
| #define HAVE_SRANDOM 1
| #define HAVE_STATX 1
| #define HAVE_STRNDUP 1
| #define HAVE_STRNLEN 1
| #define HAVE_STRTOD_L 1
| #define HAVE_SYSCONF 1
| #define HAVE_SYSINFO 1
| #define HAVE_TIMEGM 1
| #define HAVE_USLEEP 1
| #define HAVE_USELOCALE 1
| #define HAVE_UTIMENSAT 1
| #define HAVE_VWARNX 1
| #define HAVE_WARN 1
| #define HAVE_WARNX 1
| #define HAVE_FSEEKO 1
| #define HAVE_FUTIMENS 1
| #define HAVE_GETUSERSHELL 1
| #define HAVE_INOTIFY_INIT1 1
| #define HAVE_IOPERM 1
| #define HAVE_IOPL 1
| #define HAVE_OPENAT 1
| #define HAVE_FSTATAT 1
| #define HAVE_UNLINKAT 1
| #define HAVE_OPEN_MEMSTREAM 1
| #define HAVE_REBOOT 1
| #define HAVE_UPDWTMPX 1
| #define HAVE_UPDWTMPX 1
| #define HAVE_MOUNTFD_API 1
| #define HAVE_CLOCK_GETTIME 1
| #define HAVE_TIMER_CREATE 1
| #define HAVE_DIRFD 1
| #define HAVE_PROGRAM_INVOCATION_SHORT_NAME 1
| #define HAVE___PROGNAME 1
| #define HAVE_OPAL_GET_STATUS 1
| #define HAVE_TLS 1
| #define HAVE_LIBUTIL 1
| #define HAVE_PTY 1
| #define HAVE_CPU_SET_T 1
| #define HAVE_SIGHANDLER_T 1
| #define HAVE_DECL_CPU_ALLOC 1
| #define HAVE_CRYPT_H 1
| #define HAVE_NCURSES_H 1
| #define HAVE_TERM_H 1
| #define HAVE_LIBNCURSESW 1
| #define HAVE_USE_DEFAULT_COLORS 1
| #define HAVE_RESIZETERM 1
| #define HAVE_LIBTINFO 1
| /* end confdefs.h.  */
| 
| /* Override any GCC internal prototype to avoid an error.
|    Use char because int might match the return type of a GCC
|    builtin and then its argument prototype would still apply.  */
| char readline ();
| int
| main (void)
| {
| return readline ();
|   ;
|   return 0;
| }
configure:31159: result: no
configure:31534: WARNING: liblastlog2 disabled; not building pam_lastlog2
configure:33421: checking for syscall fallocate
configure:33441: gcc -c -g -O2 -I/home/sonakrie/Work/testicular_linux/util-linux/../fs/usr/include conftest.c >&5
configure:33441: $? = 0
configure:33481: result: SYS_fallocate
configure:33519: checking for valid fallocate() function
configure:33551: gcc -o conftest -g -O2 -I/home/sonakrie/Work/testicular_linux/util-linux/../fs/usr/include -L/home/sonakrie/Work/testicular_linux/util-linux/../fs/usr/lib conftest.c -lutil  >&5
configure:33551: $? = 0
configure:33554: result: yes
configure:33572: checking for valid posix_fallocate() function
configure:33604: gcc -o conftest -g -O2 -I/home/sonakrie/Work/testicular_linux/util-linux/../fs/usr/include -L/home/sonakrie/Work/testicular_linux/util-linux/../fs/usr/lib conftest.c -lutil  >&5
configure:33604: $? = 0
configure:33607: result: yes
configure:33677: checking for syscall unshare
configure:33697: gcc -c -g -O2 -I/home/sonakrie/Work/testicular_linux/util-linux/../fs/usr/include conftest.c >&5
configure:33697: $? = 0
configure:33737: result: SYS_unshare
configure:33799: checking for valid unshare() function
configure:33820: gcc -o conftest -g -O2 -I/home/sonakrie/Work/testicular_linux/util-linux/../fs/usr/include -L/home/sonakrie/Work/testicular_linux/util-linux/../fs/usr/lib conftest.c -lutil  >&5
configure:33820: $? = 0
configure:33823: result: yes
configure:33918: checking for valid setns() function
configure:33940: gcc -o conftest -g -O2 -I/home/sonakrie/Work/testicular_linux/util-linux/../fs/usr/include -L/home/sonakrie/Work/testicular_linux/util-linux/../fs/usr/lib conftest.c -lutil  >&5
configure:33940: $? = 0
configure:33943: result: yes
configure:33986: checking for capng_apply in -lcap-ng
configure:34009: gcc -o conftest -g -O2 -I/home/sonakrie/Work/testicular_linux/util-linux/../fs/usr/include -L/home/sonakrie/Work/testicular_linux/util-linux/../fs/usr/lib conftest.c -lcap-ng  -lutil  >&5
configure:34009: $? = 0
configure:34019: result: yes
configure:34545: checking for crc32 in -lz
configure:34568: gcc -o conftest -g -O2 -I/home/sonakrie/Work/testicular_linux/util-linux/../fs/usr/include -L/home/sonakrie/Work/testicular_linux/util-linux/../fs/usr/lib conftest.c -lz  -lcap-ng -lutil  >&5
/usr/lib/gcc/x86_64-alpine-linux-musl/15.2.0/../../../../x86_64-alpine-linux-musl/bin/ld: cannot find -lz: No such file or directory
collect2: error: ld returned 1 exit status
configure:34568: $? = 1
configure: failed program was:
| /* confdefs.h */
| #define PACKAGE_NAME "util-linux"
| #define PACKAGE_TARNAME "util-linux"
| #define PACKAGE_VERSION "2.40.2"
| #define PACKAGE_STRING "util-linux 2.40.2"
| #define PACKAGE_BUGREPORT "kzak@redhat.com"
| #define PACKAGE_URL "https://www.kernel.org/pub/linux/utils/util-linux/"
| #define HAVE_STDIO_H 1
| #define HAVE_STDLIB_H 1
| #define HAVE_STRING_H 1
| #define HAVE_INTTYPES_H 1
| #define HAVE_STDINT_H 1
| #define HAVE_STRINGS_H 1
| #define HAVE_SYS_STAT_H 1
| #define HAVE_SYS_TYPES_H 1
| #define HAVE_UNISTD_H 1
| #define HAVE_WCHAR_H 1
| #define STDC_HEADERS 1
| #define _ALL_SOURCE 1
| #define _DARWIN_C_SOURCE 1
| #define _GNU_SOURCE 1
| #define _HPUX_ALT_XOPEN_SOCKET_API 1
| #define _NETBSD_SOURCE 1
| #define _OPENBSD_SOURCE 1
| #define _POSIX_PTHREAD_SEMANTICS 1
| #define __STDC_WANT_IEC_60559_ATTRIBS_EXT__ 1
| #define __STDC_WANT_IEC_60559_BFP_EXT__ 1
| #define __STDC_WANT_IEC_60559_DFP_EXT__ 1
| #define __STDC_WANT_IEC_60559_FUNCS_EXT__ 1
| #define __STDC_WANT_IEC_60559_TYPES_EXT__ 1
| #define __STDC_WANT_LIB_EXT2__ 1
| #define __STDC_WANT_MATH_SPEC_FUNCS__ 1
| #define _TANDEM_SOURCE 1
| #define __EXTENSIONS__ 1
| #define PACKAGE "util-linux"
| #define VERSION "2.40.2"
| #define HAVE_DLFCN_H 1
| #define LT_OBJDIR ".libs/"
| #define HAVE_STRUCT_TM_TM_ZONE 1
| #define HAVE_TM_ZONE 1
| #define HAVE_ICONV 1
| #define HAVE_LINUX_BLKPG_H 1
| #define HAVE_LINUX_MAJOR_H 1
| #define HAVE_ASM_GENERIC_FCNTL_H 1
| #define HAVE_ASM_FCNTL_H 1
| #define HAVE_BYTESWAP_H 1
| #define HAVE_ENDIAN_H 1
| #define HAVE_ERR_H 1
| #define HAVE_ERRNO_H 1
| #define HAVE_FCNTL_H 1
| #define HAVE_GETOPT_H 1
| #define HAVE_INTTYPES_H 1
| #define HAVE_LASTLOG_H 1
| #define HAVE_LINUX_BLKZONED_H 1
| #define HAVE_LINUX_BTRFS_H 1
| #define HAVE_LINUX_CAPABILITY_H 1
| #define HAVE_LINUX_CDROM_H 1
| #define HAVE_LINUX_FALLOC_H 1
| #define HAVE_LINUX_FD_H 1
| #define HAVE_LINUX_FIEMAP_H 1
| #define HAVE_LINUX_LANDLOCK_H 1
| #define HAVE_LINUX_KCMP_H 1
| #define HAVE_LINUX_NET_NAMESPACE_H 1
| #define HAVE_LINUX_NSFS_H 1
| #define HAVE_LINUX_PR_H 1
| #define HAVE_LINUX_SECUREBITS_H 1
| #define HAVE_LINUX_TIOCL_H 1
| #define HAVE_LINUX_VERSION_H 1
| #define HAVE_LINUX_WATCHDOG_H 1
| #define HAVE_LINUX_IF_ALG_H 1
| #define HAVE_LOCALE_H 1
| #define HAVE_MNTENT_H 1
| #define HAVE_NET_IF_H 1
| #define HAVE_NETINET_IN_H 1
| #define HAVE_PATHS_H 1
| #define HAVE_PTY_H 1
| #define HAVE_SECURITY_PAM_APPL_H 1
| #define HAVE_SECURITY_PAM_MODULES_H 1
| #define HAVE_SHADOW_H 1
| #define HAVE_STDINT_H 1
| #define HAVE_STDIO_EXT_H 1
| #define HAVE_STDLIB_H 1
| #define HAVE_SYS_FILE_H 1
| #define HAVE_SYS_IOCTL_H 1
| #define HAVE_SYS_IO_H 1
| #define HAVE_SYS_MOUNT_H 1
| #define HAVE_SYS_PARAM_H 1
| #define HAVE_SYS_PRCTL_H 1
| #define HAVE_SYS_RESOURCE_H 1
| #define HAVE_SYS_SENDFILE_H 1
| #define HAVE_SYS_SIGNALFD_H 1
| #define HAVE_SYS_SOCKET_H 1
| #define HAVE_SYS_STAT_H 1
| #define HAVE_SYS_STATFS_H 1
| #define HAVE_SYS_SWAP_H 1
| #define HAVE_SYS_SYSCALL_H 1
| #define HAVE_SYS_SYSMACROS_H 1
| #define HAVE_SYS_TIME_H 1
| #define HAVE_SYS_TIMEX_H 1
| #define HAVE_SYS_TTYDEFAULTS_H 1
| #define HAVE_SYS_TYPES_H 1
| #define HAVE_SYS_UN_H 1
| #define HAVE_SYS_VFS_H 1
| #define HAVE_SYS_XATTR_H 1
| #define HAVE_UNISTD_H 1
| #define HAVE_UTMP_H 1
| #define HAVE_UTMPX_H 1
| #define HAVE_LINUX_FS_H 1
| #define HAVE_LINUX_MOUNT_H 1
| #define HAVE_LINUX_GSMMUX_H 1
| #define HAVE_SECURITY_PAM_MISC_H 1
| #define HAVE_DECL_BLK_ZONE_REP_CAPACITY 1
| #define HAVE_DECL_PR_REP_CAPACITY 0
| #define HAVE_LANGINFO_H 1
| #define HAVE_TM_GMTOFF 1
| #define HAVE_STRUCT_MOUNT_ATTR 1
| #define HAVE_ENUM_FSCONFIG_COMMAND 1
| #define HAVE_STRUCT_TERMIOS_C_LINE 1
| #define HAVE_STRUCT_STAT_ST_MTIM_TV_NSEC 1
| #define HAVE_STRUCT_STATX 1
| #define HAVE_STRUCT_STATX_STX_MNT_ID 1
| #define HAVE_DECL__NL_TIME_WEEK_1STDAY 0
| #define HAVE_ENVIRON_DECL 1
| #define HAVE_STRSIGNAL_DECL 1
| #define HAVE_CLEARENV 1
| #define HAVE_EACCESS 1
| #define HAVE_ERR 1
| #define HAVE_ERRX 1
| #define HAVE_EXPLICIT_BZERO 1
| #define HAVE___FPENDING 1
| #define HAVE___FPURGE 1
| #define HAVE_FPURGE 1
| #define HAVE_FNMATCH 1
| #define HAVE_FSYNC 1
| #define HAVE_GETDOMAINNAME 1
| #define HAVE_GETDTABLESIZE 1
| #define HAVE_GETRANDOM 1
| #define HAVE_GETRLIMIT 1
| #define HAVE_INOTIFY_INIT 1
| #define HAVE_JRAND48 1
| #define HAVE_LCHOWN 1
| #define HAVE_LGETXATTR 1
| #define HAVE_LLISTXATTR 1
| #define HAVE_NEWLOCALE 1
| #define HAVE_MEMPCPY 1
| #define HAVE_MKOSTEMP 1
| #define HAVE_NANOSLEEP 1
| #define HAVE_PERSONALITY 1
| #define HAVE_POSIX_FADVISE 1
| #define HAVE_PRCTL 1
| #define HAVE_QSORT_R 1
| #define HAVE_REALLOCARRAY 1
| #define HAVE_RENAMEAT2 1
| #define HAVE_SCHED_SETSCHEDULER 1
| #define HAVE_SECURE_GETENV 1
| #define HAVE_SENDFILE 1
| #define HAVE_SETRESGID 1
| #define HAVE_SETRESUID 1
| #define HAVE_SIGQUEUE 1
| #define HAVE_SRANDOM 1
| #define HAVE_STATX 1
| #define HAVE_STRNDUP 1
| #define HAVE_STRNLEN 1
| #define HAVE_STRTOD_L 1
| #define HAVE_SYSCONF 1
| #define HAVE_SYSINFO 1
| #define HAVE_TIMEGM 1
| #define HAVE_USLEEP 1
| #define HAVE_USELOCALE 1
| #define HAVE_UTIMENSAT 1
| #define HAVE_VWARNX 1
| #define HAVE_WARN 1
| #define HAVE_WARNX 1
| #define HAVE_FSEEKO 1
| #define HAVE_FUTIMENS 1
| #define HAVE_GETUSERSHELL 1
| #define HAVE_INOTIFY_INIT1 1
| #define HAVE_IOPERM 1
| #define HAVE_IOPL 1
| #define HAVE_OPENAT 1
| #define HAVE_FSTATAT 1
| #define HAVE_UNLINKAT 1
| #define HAVE_OPEN_MEMSTREAM 1
| #define HAVE_REBOOT 1
| #define HAVE_UPDWTMPX 1
| #define HAVE_UPDWTMPX 1
| #define HAVE_MOUNTFD_API 1
| #define HAVE_CLOCK_GETTIME 1
| #define HAVE_TIMER_CREATE 1
| #define HAVE_DIRFD 1
| #define HAVE_PROGRAM_INVOCATION_SHORT_NAME 1
| #define HAVE___PROGNAME 1
| #define HAVE_OPAL_GET_STATUS 1
| #define HAVE_TLS 1
| #define HAVE_LIBUTIL 1
| #define HAVE_PTY 1
| #define HAVE_CPU_SET_T 1
| #define HAVE_SIGHANDLER_T 1
| #define HAVE_DECL_CPU_ALLOC 1
| #define HAVE_CRYPT_H 1
| #define HAVE_NCURSES_H 1
| #define HAVE_TERM_H 1
| #define HAVE_LIBNCURSESW 1
| #define HAVE_USE_DEFAULT_COLORS 1
| #define HAVE_RESIZETERM 1
| #define HAVE_LIBTINFO 1
| #define HAVE_LIBUUID 1
| #define LIBLASTLOG2_VERSION "2.40.2"
| #define LIBBLKID_VERSION "2.40.2"
| #define LIBBLKID_DATE "04-Jul-2024"
| #define HAVE_LIBBLKID 1
| #define HAVE_LIBMOUNT 1
| #define USE_LIBMOUNT_SUPPORT_NAMESPACES 1
| #define LIBMOUNT_VERSION "2.40.2"
| #define USE_LIBMOUNT_MOUNTFD_SUPPORT 1
| #define LIBSMARTCOLS_VERSION "2.40.2"
| #define LIBFDISK_VERSION "2.40.2"
| #define HAVE_UUIDD 1
| #define HAVE_FALLOCATE 1
| #define HAVE_POSIX_FALLOCATE 1
| #define HAVE_UNSHARE 1
| #define HAVE_SETNS 1
| #define HAVE_LIBCAP_NG 1
| #define AGETTY_RELOAD 1
| #define USE_PLYMOUTH_SUPPORT 1
| /* end confdefs.h.  */
| 
| /* Override any GCC internal prototype to avoid an error.
|    Use char because int might match the return type of a GCC
|    builtin and then its argument prototype would still apply.  */
| char crc32 ();
| int
| main (void)
| {
| return crc32 ();
|   ;
|   return 0;
| }
configure:34578: result: no
configure:34605: checking for magic_open in -lmagic
configure:34628: gcc -o conftest -g -O2 -I/home/sonakrie/Work/testicular_linux/util-linux/../fs/usr/include -L/home/sonakrie/Work/testicular_linux/util-linux/../fs/usr/lib conftest.c -lmagic  -lcap-ng -lutil  >&5
/usr/lib/gcc/x86_64-alpine-linux-musl/15.2.0/../../../../x86_64-alpine-linux-musl/bin/ld: cannot find -lmagic: No such file or directory
collect2: error: ld returned 1 exit status
configure:34628: $? = 1
configure: failed program was:
| /* confdefs.h */
| #define PACKAGE_NAME "util-linux"
| #define PACKAGE_TARNAME "util-linux"
| #define PACKAGE_VERSION "2.40.2"
| #define PACKAGE_STRING "util-linux 2.40.2"
| #define PACKAGE_BUGREPORT "kzak@redhat.com"
| #define PACKAGE_URL "https://www.kernel.org/pub/linux/utils/util-linux/"
| #define HAVE_STDIO_H 1
| #define HAVE_STDLIB_H 1
| #define HAVE_STRING_H 1
| #define HAVE_INTTYPES_H 1
| #define HAVE_STDINT_H 1
| #define HAVE_STRINGS_H 1
| #define HAVE_SYS_STAT_H 1
| #define HAVE_SYS_TYPES_H 1
| #define HAVE_UNISTD_H 1
| #define HAVE_WCHAR_H 1
| #define STDC_HEADERS 1
| #define _ALL_SOURCE 1
| #define _DARWIN_C_SOURCE 1
| #define _GNU_SOURCE 1
| #define _HPUX_ALT_XOPEN_SOCKET_API 1
| #define _NETBSD_SOURCE 1
| #define _OPENBSD_SOURCE 1
| #define _POSIX_PTHREAD_SEMANTICS 1
| #define __STDC_WANT_IEC_60559_ATTRIBS_EXT__ 1
| #define __STDC_WANT_IEC_60559_BFP_EXT__ 1
| #define __STDC_WANT_IEC_60559_DFP_EXT__ 1
| #define __STDC_WANT_IEC_60559_FUNCS_EXT__ 1
| #define __STDC_WANT_IEC_60559_TYPES_EXT__ 1
| #define __STDC_WANT_LIB_EXT2__ 1
| #define __STDC_WANT_MATH_SPEC_FUNCS__ 1
| #define _TANDEM_SOURCE 1
| #define __EXTENSIONS__ 1
| #define PACKAGE "util-linux"
| #define VERSION "2.40.2"
| #define HAVE_DLFCN_H 1
| #define LT_OBJDIR ".libs/"
| #define HAVE_STRUCT_TM_TM_ZONE 1
| #define HAVE_TM_ZONE 1
| #define HAVE_ICONV 1
| #define HAVE_LINUX_BLKPG_H 1
| #define HAVE_LINUX_MAJOR_H 1
| #define HAVE_ASM_GENERIC_FCNTL_H 1
| #define HAVE_ASM_FCNTL_H 1
| #define HAVE_BYTESWAP_H 1
| #define HAVE_ENDIAN_H 1
| #define HAVE_ERR_H 1
| #define HAVE_ERRNO_H 1
| #define HAVE_FCNTL_H 1
| #define HAVE_GETOPT_H 1
| #define HAVE_INTTYPES_H 1
| #define HAVE_LASTLOG_H 1
| #define HAVE_LINUX_BLKZONED_H 1
| #define HAVE_LINUX_BTRFS_H 1
| #define HAVE_LINUX_CAPABILITY_H 1
| #define HAVE_LINUX_CDROM_H 1
| #define HAVE_LINUX_FALLOC_H 1
| #define HAVE_LINUX_FD_H 1
| #define HAVE_LINUX_FIEMAP_H 1
| #define HAVE_LINUX_LANDLOCK_H 1
| #define HAVE_LINUX_KCMP_H 1
| #define HAVE_LINUX_NET_NAMESPACE_H 1
| #define HAVE_LINUX_NSFS_H 1
| #define HAVE_LINUX_PR_H 1
| #define HAVE_LINUX_SECUREBITS_H 1
| #define HAVE_LINUX_TIOCL_H 1
| #define HAVE_LINUX_VERSION_H 1
| #define HAVE_LINUX_WATCHDOG_H 1
| #define HAVE_LINUX_IF_ALG_H 1
| #define HAVE_LOCALE_H 1
| #define HAVE_MNTENT_H 1
| #define HAVE_NET_IF_H 1
| #define HAVE_NETINET_IN_H 1
| #define HAVE_PATHS_H 1
| #define HAVE_PTY_H 1
| #define HAVE_SECURITY_PAM_APPL_H 1
| #define HAVE_SECURITY_PAM_MODULES_H 1
| #define HAVE_SHADOW_H 1
| #define HAVE_STDINT_H 1
| #define HAVE_STDIO_EXT_H 1
| #define HAVE_STDLIB_H 1
| #define HAVE_SYS_FILE_H 1
| #define HAVE_SYS_IOCTL_H 1
| #define HAVE_SYS_IO_H 1
| #define HAVE_SYS_MOUNT_H 1
| #define HAVE_SYS_PARAM_H 1
| #define HAVE_SYS_PRCTL_H 1
| #define HAVE_SYS_RESOURCE_H 1
| #define HAVE_SYS_SENDFILE_H 1
| #define HAVE_SYS_SIGNALFD_H 1
| #define HAVE_SYS_SOCKET_H 1
| #define HAVE_SYS_STAT_H 1
| #define HAVE_SYS_STATFS_H 1
| #define HAVE_SYS_SWAP_H 1
| #define HAVE_SYS_SYSCALL_H 1
| #define HAVE_SYS_SYSMACROS_H 1
| #define HAVE_SYS_TIME_H 1
| #define HAVE_SYS_TIMEX_H 1
| #define HAVE_SYS_TTYDEFAULTS_H 1
| #define HAVE_SYS_TYPES_H 1
| #define HAVE_SYS_UN_H 1
| #define HAVE_SYS_VFS_H 1
| #define HAVE_SYS_XATTR_H 1
| #define HAVE_UNISTD_H 1
| #define HAVE_UTMP_H 1
| #define HAVE_UTMPX_H 1
| #define HAVE_LINUX_FS_H 1
| #define HAVE_LINUX_MOUNT_H 1
| #define HAVE_LINUX_GSMMUX_H 1
| #define HAVE_SECURITY_PAM_MISC_H 1
| #define HAVE_DECL_BLK_ZONE_REP_CAPACITY 1
| #define HAVE_DECL_PR_REP_CAPACITY 0
| #define HAVE_LANGINFO_H 1
| #define HAVE_TM_GMTOFF 1
| #define HAVE_STRUCT_MOUNT_ATTR 1
| #define HAVE_ENUM_FSCONFIG_COMMAND 1
| #define HAVE_STRUCT_TERMIOS_C_LINE 1
| #define HAVE_STRUCT_STAT_ST_MTIM_TV_NSEC 1
| #define HAVE_STRUCT_STATX 1
| #define HAVE_STRUCT_STATX_STX_MNT_ID 1
| #define HAVE_DECL__NL_TIME_WEEK_1STDAY 0
| #define HAVE_ENVIRON_DECL 1
| #define HAVE_STRSIGNAL_DECL 1
| #define HAVE_CLEARENV 1
| #define HAVE_EACCESS 1
| #define HAVE_ERR 1
| #define HAVE_ERRX 1
| #define HAVE_EXPLICIT_BZERO 1
| #define HAVE___FPENDING 1
| #define HAVE___FPURGE 1
| #define HAVE_FPURGE 1
| #define HAVE_FNMATCH 1
| #define HAVE_FSYNC 1
| #define HAVE_GETDOMAINNAME 1
| #define HAVE_GETDTABLESIZE 1
| #define HAVE_GETRANDOM 1
| #define HAVE_GETRLIMIT 1
| #define HAVE_INOTIFY_INIT 1
| #define HAVE_JRAND48 1
| #define HAVE_LCHOWN 1
| #define HAVE_LGETXATTR 1
| #define HAVE_LLISTXATTR 1
| #define HAVE_NEWLOCALE 1
| #define HAVE_MEMPCPY 1
| #define HAVE_MKOSTEMP 1
| #define HAVE_NANOSLEEP 1
| #define HAVE_PERSONALITY 1
| #define HAVE_POSIX_FADVISE 1
| #define HAVE_PRCTL 1
| #define HAVE_QSORT_R 1
| #define HAVE_REALLOCARRAY 1
| #define HAVE_RENAMEAT2 1
| #define HAVE_SCHED_SETSCHEDULER 1
| #define HAVE_SECURE_GETENV 1
| #define HAVE_SENDFILE 1
| #define HAVE_SETRESGID 1
| #define HAVE_SETRESUID 1
| #define HAVE_SIGQUEUE 1
| #define HAVE_SRANDOM 1
| #define HAVE_STATX 1
| #define HAVE_STRNDUP 1
| #define HAVE_STRNLEN 1
| #define HAVE_STRTOD_L 1
| #define HAVE_SYSCONF 1
| #define HAVE_SYSINFO 1
| #define HAVE_TIMEGM 1
| #define HAVE_USLEEP 1
| #define HAVE_USELOCALE 1
| #define HAVE_UTIMENSAT 1
| #define HAVE_VWARNX 1
| #define HAVE_WARN 1
| #define HAVE_WARNX 1
| #define HAVE_FSEEKO 1
| #define HAVE_FUTIMENS 1
| #define HAVE_GETUSERSHELL 1
| #define HAVE_INOTIFY_INIT1 1
| #define HAVE_IOPERM 1
| #define HAVE_IOPL 1
| #define HAVE_OPENAT 1
| #define HAVE_FSTATAT 1
| #define HAVE_UNLINKAT 1
| #define HAVE_OPEN_MEMSTREAM 1
| #define HAVE_REBOOT 1
| #define HAVE_UPDWTMPX 1
| #define HAVE_UPDWTMPX 1
| #define HAVE_MOUNTFD_API 1
| #define HAVE_CLOCK_GETTIME 1
| #define HAVE_TIMER_CREATE 1
| #define HAVE_DIRFD 1
| #define HAVE_PROGRAM_INVOCATION_SHORT_NAME 1
| #define HAVE___PROGNAME 1
| #define HAVE_OPAL_GET_STATUS 1
| #define HAVE_TLS 1
| #define HAVE_LIBUTIL 1
| #define HAVE_PTY 1
| #define HAVE_CPU_SET_T 1
| #define HAVE_SIGHANDLER_T 1
| #define HAVE_DECL_CPU_ALLOC 1
| #define HAVE_CRYPT_H 1
| #define HAVE_NCURSES_H 1
| #define HAVE_TERM_H 1
| #define HAVE_LIBNCURSESW 1
| #define HAVE_USE_DEFAULT_COLORS 1
| #define HAVE_RESIZETERM 1
| #define HAVE_LIBTINFO 1
| #define HAVE_LIBUUID 1
| #define LIBLASTLOG2_VERSION "2.40.2"
| #define LIBBLKID_VERSION "2.40.2"
| #define LIBBLKID_DATE "04-Jul-2024"
| #define HAVE_LIBBLKID 1
| #define HAVE_LIBMOUNT 1
| #define USE_LIBMOUNT_SUPPORT_NAMESPACES 1
| #define LIBMOUNT_VERSION "2.40.2"
| #define USE_LIBMOUNT_MOUNTFD_SUPPORT 1
| #define LIBSMARTCOLS_VERSION "2.40.2"
| #define LIBFDISK_VERSION "2.40.2"
| #define HAVE_UUIDD 1
| #define HAVE_FALLOCATE 1
| #define HAVE_POSIX_FALLOCATE 1
| #define HAVE_UNSHARE 1
| #define HAVE_SETNS 1
| #define HAVE_LIBCAP_NG 1
| #define AGETTY_RELOAD 1
| #define USE_PLYMOUTH_SUPPORT 1
| /* end confdefs.h.  */
| 
| /* Override any GCC internal prototype to avoid an error.
|    Use char because int might match the return type of a GCC
|    builtin and then its argument prototype would still apply.  */
| char magic_open ();
| int
| main (void)
| {
| return magic_open ();
|   ;
|   return 0;
| }
configure:34638: result: no
configure:34707: WARNING: z library not found; not building cramfs
configure:35208: checking for syscall swapon
configure:35228: gcc -c -g -O2 -I/home/sonakrie/Work/testicular_linux/util-linux/../fs/usr/include conftest.c >&5
configure:35228: $? = 0
configure:35268: result: SYS_swapon
configure:35304: checking for syscall swapoff
configure:35324: gcc -c -g -O2 -I/home/sonakrie/Work/testicular_linux/util-linux/../fs/usr/include conftest.c >&5
configure:35324: $? = 0
configure:35364: result: SYS_swapoff
configure:35458: checking for swapon
configure:35458: gcc -o conftest -g -O2 -I/home/sonakrie/Work/testicular_linux/util-linux/../fs/usr/include -L/home/sonakrie/Work/testicular_linux/util-linux/../fs/usr/lib conftest.c -lcap-ng -lutil  >&5
configure:35458: $? = 0
configure:35458: result: yes
configure:35465: checking for swapoff
configure:35465: gcc -o conftest -g -O2 -I/home/sonakrie/Work/testicular_linux/util-linux/../fs/usr/include -L/home/sonakrie/Work/testicular_linux/util-linux/../fs/usr/lib conftest.c -lcap-ng -lutil  >&5
configure:35465: $? = 0
configure:35465: result: yes
configure:36457: checking for syscall pidfd_open
configure:36517: result: SYS_pidfd_open
configure:36589: checking for valid audit arch
configure:36602: gcc -c -g -O2 -I/home/sonakrie/Work/testicular_linux/util-linux/../fs/usr/include conftest.c >&5
configure:36602: $? = 0
configure:36604: result: yes
configure:36819: checking for syscall prlimit64
configure:36839: gcc -c -g -O2 -I/home/sonakrie/Work/testicular_linux/util-linux/../fs/usr/include conftest.c >&5
configure:36839: $? = 0
configure:36879: result: SYS_prlimit64
configure:36916: checking for valid prlimit() function
configure:36940: gcc -o conftest -g -O2 -I/home/sonakrie/Work/testicular_linux/util-linux/../fs/usr/include -L/home/sonakrie/Work/testicular_linux/util-linux/../fs/usr/lib conftest.c -lcap-ng -lutil  >&5
configure:36940: $? = 0
configure:36943: result: yes
configure:37210: checking for syscall pivot_root
configure:37230: gcc -c -g -O2 -I/home/sonakrie/Work/testicular_linux/util-linux/../fs/usr/include conftest.c >&5
configure:37230: $? = 0
configure:37270: result: SYS_pivot_root
configure:38407: checking for syscall renameat2
configure:38427: gcc -c -g -O2 -I/home/sonakrie/Work/testicular_linux/util-linux/../fs/usr/include conftest.c >&5
configure:38427: $? = 0
configure:38467: result: SYS_renameat2
configure:39083: checking building for glibc
configure:39096: gcc -c -g -O2 -I/home/sonakrie/Work/testicular_linux/util-linux/../fs/usr/include conftest.c >&5
conftest.c: In function 'main':
conftest.c:236:1: error: '__GLIBC__' undeclared (first use in this function); did you mean '__LINE__'?
  236 | __GLIBC__
      | ^~~~~~~~~
      | __LINE__
conftest.c:236:1: note: each undeclared identifier is reported only once for each function it appears in
configure:39096: $? = 1
configure: failed program was:
| /* confdefs.h */
| #define PACKAGE_NAME "util-linux"
| #define PACKAGE_TARNAME "util-linux"
| #define PACKAGE_VERSION "2.40.2"
| #define PACKAGE_STRING "util-linux 2.40.2"
| #define PACKAGE_BUGREPORT "kzak@redhat.com"
| #define PACKAGE_URL "https://www.kernel.org/pub/linux/utils/util-linux/"
| #define HAVE_STDIO_H 1
| #define HAVE_STDLIB_H 1
| #define HAVE_STRING_H 1
| #define HAVE_INTTYPES_H 1
| #define HAVE_STDINT_H 1
| #define HAVE_STRINGS_H 1
| #define HAVE_SYS_STAT_H 1
| #define HAVE_SYS_TYPES_H 1
| #define HAVE_UNISTD_H 1
| #define HAVE_WCHAR_H 1
| #define STDC_HEADERS 1
| #define _ALL_SOURCE 1
| #define _DARWIN_C_SOURCE 1
| #define _GNU_SOURCE 1
| #define _HPUX_ALT_XOPEN_SOCKET_API 1
| #define _NETBSD_SOURCE 1
| #define _OPENBSD_SOURCE 1
| #define _POSIX_PTHREAD_SEMANTICS 1
| #define __STDC_WANT_IEC_60559_ATTRIBS_EXT__ 1
| #define __STDC_WANT_IEC_60559_BFP_EXT__ 1
| #define __STDC_WANT_IEC_60559_DFP_EXT__ 1
| #define __STDC_WANT_IEC_60559_FUNCS_EXT__ 1
| #define __STDC_WANT_IEC_60559_TYPES_EXT__ 1
| #define __STDC_WANT_LIB_EXT2__ 1
| #define __STDC_WANT_MATH_SPEC_FUNCS__ 1
| #define _TANDEM_SOURCE 1
| #define __EXTENSIONS__ 1
| #define PACKAGE "util-linux"
| #define VERSION "2.40.2"
| #define HAVE_DLFCN_H 1
| #define LT_OBJDIR ".libs/"
| #define HAVE_STRUCT_TM_TM_ZONE 1
| #define HAVE_TM_ZONE 1
| #define HAVE_ICONV 1
| #define HAVE_LINUX_BLKPG_H 1
| #define HAVE_LINUX_MAJOR_H 1
| #define HAVE_ASM_GENERIC_FCNTL_H 1
| #define HAVE_ASM_FCNTL_H 1
| #define HAVE_BYTESWAP_H 1
| #define HAVE_ENDIAN_H 1
| #define HAVE_ERR_H 1
| #define HAVE_ERRNO_H 1
| #define HAVE_FCNTL_H 1
| #define HAVE_GETOPT_H 1
| #define HAVE_INTTYPES_H 1
| #define HAVE_LASTLOG_H 1
| #define HAVE_LINUX_BLKZONED_H 1
| #define HAVE_LINUX_BTRFS_H 1
| #define HAVE_LINUX_CAPABILITY_H 1
| #define HAVE_LINUX_CDROM_H 1
| #define HAVE_LINUX_FALLOC_H 1
| #define HAVE_LINUX_FD_H 1
| #define HAVE_LINUX_FIEMAP_H 1
| #define HAVE_LINUX_LANDLOCK_H 1
| #define HAVE_LINUX_KCMP_H 1
| #define HAVE_LINUX_NET_NAMESPACE_H 1
| #define HAVE_LINUX_NSFS_H 1
| #define HAVE_LINUX_PR_H 1
| #define HAVE_LINUX_SECUREBITS_H 1
| #define HAVE_LINUX_TIOCL_H 1
| #define HAVE_LINUX_VERSION_H 1
| #define HAVE_LINUX_WATCHDOG_H 1
| #define HAVE_LINUX_IF_ALG_H 1
| #define HAVE_LOCALE_H 1
| #define HAVE_MNTENT_H 1
| #define HAVE_NET_IF_H 1
| #define HAVE_NETINET_IN_H 1
| #define HAVE_PATHS_H 1
| #define HAVE_PTY_H 1
| #define HAVE_SECURITY_PAM_APPL_H 1
| #define HAVE_SECURITY_PAM_MODULES_H 1
| #define HAVE_SHADOW_H 1
| #define HAVE_STDINT_H 1
| #define HAVE_STDIO_EXT_H 1
| #define HAVE_STDLIB_H 1
| #define HAVE_SYS_FILE_H 1
| #define HAVE_SYS_IOCTL_H 1
| #define HAVE_SYS_IO_H 1
| #define HAVE_SYS_MOUNT_H 1
| #define HAVE_SYS_PARAM_H 1
| #define HAVE_SYS_PRCTL_H 1
| #define HAVE_SYS_RESOURCE_H 1
| #define HAVE_SYS_SENDFILE_H 1
| #define HAVE_SYS_SIGNALFD_H 1
| #define HAVE_SYS_SOCKET_H 1
| #define HAVE_SYS_STAT_H 1
| #define HAVE_SYS_STATFS_H 1
| #define HAVE_SYS_SWAP_H 1
| #define HAVE_SYS_SYSCALL_H 1
| #define HAVE_SYS_SYSMACROS_H 1
| #define HAVE_SYS_TIME_H 1
| #define HAVE_SYS_TIMEX_H 1
| #define HAVE_SYS_TTYDEFAULTS_H 1
| #define HAVE_SYS_TYPES_H 1
| #define HAVE_SYS_UN_H 1
| #define HAVE_SYS_VFS_H 1
| #define HAVE_SYS_XATTR_H 1
| #define HAVE_UNISTD_H 1
| #define HAVE_UTMP_H 1
| #define HAVE_UTMPX_H 1
| #define HAVE_LINUX_FS_H 1
| #define HAVE_LINUX_MOUNT_H 1
| #define HAVE_LINUX_GSMMUX_H 1
| #define HAVE_SECURITY_PAM_MISC_H 1
| #define HAVE_DECL_BLK_ZONE_REP_CAPACITY 1
| #define HAVE_DECL_PR_REP_CAPACITY 0
| #define HAVE_LANGINFO_H 1
| #define HAVE_TM_GMTOFF 1
| #define HAVE_STRUCT_MOUNT_ATTR 1
| #define HAVE_ENUM_FSCONFIG_COMMAND 1
| #define HAVE_STRUCT_TERMIOS_C_LINE 1
| #define HAVE_STRUCT_STAT_ST_MTIM_TV_NSEC 1
| #define HAVE_STRUCT_STATX 1
| #define HAVE_STRUCT_STATX_STX_MNT_ID 1
| #define HAVE_DECL__NL_TIME_WEEK_1STDAY 0
| #define HAVE_ENVIRON_DECL 1
| #define HAVE_STRSIGNAL_DECL 1
| #define HAVE_CLEARENV 1
| #define HAVE_EACCESS 1
| #define HAVE_ERR 1
| #define HAVE_ERRX 1
| #define HAVE_EXPLICIT_BZERO 1
| #define HAVE___FPENDING 1
| #define HAVE___FPURGE 1
| #define HAVE_FPURGE 1
| #define HAVE_FNMATCH 1
| #define HAVE_FSYNC 1
| #define HAVE_GETDOMAINNAME 1
| #define HAVE_GETDTABLESIZE 1
| #define HAVE_GETRANDOM 1
| #define HAVE_GETRLIMIT 1
| #define HAVE_INOTIFY_INIT 1
| #define HAVE_JRAND48 1
| #define HAVE_LCHOWN 1
| #define HAVE_LGETXATTR 1
| #define HAVE_LLISTXATTR 1
| #define HAVE_NEWLOCALE 1
| #define HAVE_MEMPCPY 1
| #define HAVE_MKOSTEMP 1
| #define HAVE_NANOSLEEP 1
| #define HAVE_PERSONALITY 1
| #define HAVE_POSIX_FADVISE 1
| #define HAVE_PRCTL 1
| #define HAVE_QSORT_R 1
| #define HAVE_REALLOCARRAY 1
| #define HAVE_RENAMEAT2 1
| #define HAVE_SCHED_SETSCHEDULER 1
| #define HAVE_SECURE_GETENV 1
| #define HAVE_SENDFILE 1
| #define HAVE_SETRESGID 1
| #define HAVE_SETRESUID 1
| #define HAVE_SIGQUEUE 1
| #define HAVE_SRANDOM 1
| #define HAVE_STATX 1
| #define HAVE_STRNDUP 1
| #define HAVE_STRNLEN 1
| #define HAVE_STRTOD_L 1
| #define HAVE_SYSCONF 1
| #define HAVE_SYSINFO 1
| #define HAVE_TIMEGM 1
| #define HAVE_USLEEP 1
| #define HAVE_USELOCALE 1
| #define HAVE_UTIMENSAT 1
| #define HAVE_VWARNX 1
| #define HAVE_WARN 1
| #define HAVE_WARNX 1
| #define HAVE_FSEEKO 1
| #define HAVE_FUTIMENS 1
| #define HAVE_GETUSERSHELL 1
| #define HAVE_INOTIFY_INIT1 1
| #define HAVE_IOPERM 1
| #define HAVE_IOPL 1
| #define HAVE_OPENAT 1
| #define HAVE_FSTATAT 1
| #define HAVE_UNLINKAT 1
| #define HAVE_OPEN_MEMSTREAM 1
| #define HAVE_REBOOT 1
| #define HAVE_UPDWTMPX 1
| #define HAVE_UPDWTMPX 1
| #define HAVE_MOUNTFD_API 1
| #define HAVE_CLOCK_GETTIME 1
| #define HAVE_TIMER_CREATE 1
| #define HAVE_DIRFD 1
| #define HAVE_PROGRAM_INVOCATION_SHORT_NAME 1
| #define HAVE___PROGNAME 1
| #define HAVE_OPAL_GET_STATUS 1
| #define HAVE_TLS 1
| #define HAVE_LIBUTIL 1
| #define HAVE_PTY 1
| #define HAVE_CPU_SET_T 1
| #define HAVE_SIGHANDLER_T 1
| #define HAVE_DECL_CPU_ALLOC 1
| #define HAVE_CRYPT_H 1
| #define HAVE_NCURSES_H 1
| #define HAVE_TERM_H 1
| #define HAVE_LIBNCURSESW 1
| #define HAVE_USE_DEFAULT_COLORS 1
| #define HAVE_RESIZETERM 1
| #define HAVE_LIBTINFO 1
| #define HAVE_LIBUUID 1
| #define LIBLASTLOG2_VERSION "2.40.2"
| #define LIBBLKID_VERSION "2.40.2"
| #define LIBBLKID_DATE "04-Jul-2024"
| #define HAVE_LIBBLKID 1
| #define HAVE_LIBMOUNT 1
| #define USE_LIBMOUNT_SUPPORT_NAMESPACES 1
| #define LIBMOUNT_VERSION "2.40.2"
| #define USE_LIBMOUNT_MOUNTFD_SUPPORT 1
| #define LIBSMARTCOLS_VERSION "2.40.2"
| #define LIBFDISK_VERSION "2.40.2"
| #define HAVE_UUIDD 1
| #define HAVE_FALLOCATE 1
| #define HAVE_POSIX_FALLOCATE 1
| #define HAVE_UNSHARE 1
| #define HAVE_SETNS 1
| #define HAVE_LIBCAP_NG 1
| #define AGETTY_RELOAD 1
| #define USE_PLYMOUTH_SUPPORT 1
| #define USE_HWCLOCK_CMOS 1
| #define USE_HWCLOCK_GPLv3_DATETIME 1
| #define HAVE_SWAPON 1
| #define HAVE_SWAPOFF 1
| #define HAVE_PRLIMIT 1
| /* end confdefs.h.  */
| #include <limits.h>
| int
| main (void)
| {
| __GLIBC__
|   ;
|   return 0;
| }
configure:39102: result: no
configure:39118: WARNING: building for glibc not found; not building col
configure:39686: WARNING: raw.h header file not found; not building raw
configure:39874: checking for libuser >= 0.58
configure:39881: $PKG_CONFIG --exists --print-errors "libuser >= 0.58"
Package libuser was not found in the pkg-config search path.
Perhaps you should add the directory containing `libuser.pc'
to the PKG_CONFIG_PATH environment variable
Package 'libuser' not found
configure:39884: $? = 1
configure:39898: $PKG_CONFIG --exists --print-errors "libuser >= 0.58"
Package libuser was not found in the pkg-config search path.
Perhaps you should add the directory containing `libuser.pc'
to the PKG_CONFIG_PATH environment variable
Package 'libuser' not found
configure:39901: $? = 1
configure:39915: result: no
Package 'libuser' not found
configure:41013: checking for syscall ioprio_set
configure:41033: gcc -c -g -O2 -I/home/sonakrie/Work/testicular_linux/util-linux/../fs/usr/include conftest.c >&5
configure:41033: $? = 0
configure:41081: result: SYS_ioprio_set
configure:41118: checking for syscall ioprio_get
configure:41138: gcc -c -g -O2 -I/home/sonakrie/Work/testicular_linux/util-linux/../fs/usr/include conftest.c >&5
configure:41138: $? = 0
configure:41186: result: SYS_ioprio_get
configure:41274: checking for syscall sched_getaffinity
configure:41294: gcc -c -g -O2 -I/home/sonakrie/Work/testicular_linux/util-linux/../fs/usr/include conftest.c >&5
configure:41294: $? = 0
configure:41334: result: SYS_sched_getaffinity
configure:41434: checking for syscall sched_setattr
configure:41454: gcc -c -g -O2 -I/home/sonakrie/Work/testicular_linux/util-linux/../fs/usr/include conftest.c >&5
configure:41454: $? = 0
configure:41494: result: SYS_sched_setattr
configure:41532: checking for syscall sched_setattr
configure:41592: result: SYS_sched_setattr
configure:41836: checking for libsystemd
configure:41843: $PKG_CONFIG --exists --print-errors "libsystemd"
Package libsystemd was not found in the pkg-config search path.
Perhaps you should add the directory containing `libsystemd.pc'
to the PKG_CONFIG_PATH environment variable
Package 'libsystemd' not found
configure:41846: $? = 1
configure:41860: $PKG_CONFIG --exists --print-errors "libsystemd"
Package libsystemd was not found in the pkg-config search path.
Perhaps you should add the directory containing `libsystemd.pc'
to the PKG_CONFIG_PATH environment variable
Package 'libsystemd' not found
configure:41863: $? = 1
configure:41877: result: no
Package 'libsystemd' not found
configure:41911: checking for libsystemd-daemon
configure:41918: $PKG_CONFIG --exists --print-errors "libsystemd-daemon"
Package libsystemd-daemon was not found in the pkg-config search path.
Perhaps you should add the directory containing `libsystemd-daemon.pc'
to the PKG_CONFIG_PATH environment variable
Package 'libsystemd-daemon' not found
configure:41921: $? = 1
configure:41935: $PKG_CONFIG --exists --print-errors "libsystemd-daemon"
Package libsystemd-daemon was not found in the pkg-config search path.
Perhaps you should add the directory containing `libsystemd-daemon.pc'
to the PKG_CONFIG_PATH environment variable
Package 'libsystemd-daemon' not found
configure:41938: $? = 1
configure:41952: result: no
Package 'libsystemd-daemon' not found
configure:41982: checking for libsystemd-journal
configure:41989: $PKG_CONFIG --exists --print-errors "libsystemd-journal"
Package libsystemd-journal was not found in the pkg-config search path.
Perhaps you should add the directory containing `libsystemd-journal.pc'
to the PKG_CONFIG_PATH environment variable
Package 'libsystemd-journal' not found
configure:41992: $? = 1
configure:42006: $PKG_CONFIG --exists --print-errors "libsystemd-journal"
Package libsystemd-journal was not found in the pkg-config search path.
Perhaps you should add the directory containing `libsystemd-journal.pc'
to the PKG_CONFIG_PATH environment variable
Package 'libsystemd-journal' not found
configure:42009: $? = 1
configure:42023: result: no
Package 'libsystemd-journal' not found
configure:42224: checking for libeconf
configure:42231: $PKG_CONFIG --exists --print-errors "libeconf"
Package libeconf was not found in the pkg-config search path.
Perhaps you should add the directory containing `libeconf.pc'
to the PKG_CONFIG_PATH environment variable
Package 'libeconf' not found
configure:42234: $? = 1
configure:42248: $PKG_CONFIG --exists --print-errors "libeconf"
Package libeconf was not found in the pkg-config search path.
Perhaps you should add the directory containing `libeconf.pc'
to the PKG_CONFIG_PATH environment variable
Package 'libeconf' not found
configure:42251: $? = 1
configure:42265: result: no
Package 'libeconf' not found
configure:42376: $PKG_CONFIG --exists --print-errors "bash-completion"
Package bash-completion was not found in the pkg-config search path.
Perhaps you should add the directory containing `bash-completion.pc'
to the PKG_CONFIG_PATH environment variable
Package 'bash-completion' not found
configure:42379: $? = 1
configure:42473: checking for a Python interpreter with version >= 2
configure:42491: python -c import sys # split strings by '.' and convert to numeric. Append some zeros # because we need at least 4 digits for the hex conversion. # map returns an iterator in Python 3.0 and a list in 2.x minver = list(map(int, '2'.split('.'))) + [0, 0, 0] minverhex = 0 # xrange is not present in Python 3.0 and range returns an iterator for i in list(range(0, 4)): minverhex = (minverhex << 8) + minver[i] sys.exit(sys.hexversion < minverhex)
configure:42494: $? = 0
configure:42501: result: python
configure:42509: checking for python
configure:42532: found /usr/bin/python
configure:42544: result: /usr/bin/python
configure:42561: checking for python version
configure:42569: result: 3.14
configure:42574: checking for python platform
configure:42582: result: linux
configure:42643: checking for GNU default python prefix
configure:42645: result: ${prefix}
configure:42711: checking for GNU default python exec_prefix
configure:42713: result: ${exec_prefix}
configure:42744: checking for python script directory (pythondir)
configure:42779: result: ${PYTHON_PREFIX}/lib/python3.14/site-packages
configure:42787: checking for python extension module directory (pyexecdir)
configure:42822: result: ${PYTHON_EXEC_PREFIX}/lib/python3.14/site-packages
configure:42844: checking for python-3.14
configure:42851: $PKG_CONFIG --exists --print-errors "python-$PYTHON_VERSION"
Package python-3.14 was not found in the pkg-config search path.
Perhaps you should add the directory containing `python-3.14.pc'
to the PKG_CONFIG_PATH environment variable
Package 'python-3.14' not found
configure:42854: $? = 1
configure:42868: $PKG_CONFIG --exists --print-errors "python-$PYTHON_VERSION"
Package python-3.14 was not found in the pkg-config search path.
Perhaps you should add the directory containing `python-3.14.pc'
to the PKG_CONFIG_PATH environment variable
Package 'python-3.14' not found
configure:42871: $? = 1
configure:42885: result: no
Package 'python-3.14' not found
configure:42950: checking whether compiler handles -Wno-error=redundant-decls
configure:42975: gcc -E -Werror -I/home/sonakrie/Work/testicular_linux/util-linux/../fs/usr/include -Wno-error=redundant-decls conftest.c
configure:42975: $? = 0
configure:42988: result: yes
configure:43052: WARNING: libpython not found; not building pylibmount
configure:43751: checking that generated files are newer than configure
configure:43757: result: done
configure:44638: creating ./config.status

## ---------------------- ##
## Running config.status. ##
## ---------------------- ##

This file was extended by util-linux config.status 2.40.2, which was
generated by GNU Autoconf 2.71.  Invocation command line was

  CONFIG_FILES    = 
  CONFIG_HEADERS  = 
  CONFIG_LINKS    = 
  CONFIG_COMMANDS = 
  $ ./config.status 

on nobara-laptop

config.status:1916: creating Makefile
config.status:1916: creating libblkid/docs/Makefile
config.status:1916: creating libblkid/docs/version.xml
config.status:1916: creating libblkid/src/blkid.h
config.status:1916: creating libfdisk/docs/Makefile
config.status:1916: creating libfdisk/docs/version.xml
config.status:1916: creating libfdisk/src/libfdisk.h
config.status:1916: creating libmount/docs/Makefile
config.status:1916: creating libmount/docs/version.xml
config.status:1916: creating libmount/src/libmount.h
config.status:1916: creating libsmartcols/docs/Makefile
config.status:1916: creating libsmartcols/docs/version.xml
config.status:1916: creating libsmartcols/src/libsmartcols.h
config.status:1916: creating po/Makefile.in
config.status:1916: creating po-man/Makefile
config.status:1916: creating config.h
config.status:2145: executing depfiles commands
config.status:2220: cd .       && sed -e '/# am--include-marker/d' Makefile         | make -f - am--depfiles
config.status:2227: $? = 0
config.status:2145: executing libtool commands
config.status:2145: executing po-directories commands
configure:47191: result:
        util-linux  2.40.2

        prefix:                    /usr
        exec prefix:               ${prefix}

        bindir:                    /bin
        sbindir:                   /sbin
        libdir:                    /lib
        usrbin_execdir:            ${exec_prefix}/bin
        usrsbin_execdir:           ${exec_prefix}/sbin
        usrlib_execdir:            ${exec_prefix}/lib

        localstatedir:             /var
        runstatedir:               /run
        includedir:                ${prefix}/include
        sysconfdir:                /etc
        sysconfstaticdir:          ${prefix}/lib

        vendordir:                 

        Python:                    /usr/bin/python
        Python version:            3.14
        Python libs:               ${PYTHON_EXEC_PREFIX}/lib/python3.14/site-packages

        Bash completions:          ${datarootdir}/bash-completion/completions
        Systemd support:           no
        Systemd unitdir:           
        tmpfilesdir:               
        libeconf support:          no
        Btrfs support:             yes
        lastlog2 support:          no
        Wide-char support:         no
        libcryptsetup support:     

        Manual pages:              no
        Manual pages translated:   no

        compiler:                  gcc / g++
        suid cflags:               
        ldflags:                   -L/home/sonakrie/Work/testicular_linux/util-linux/../fs/usr/lib
        suid ldflags:              
        ASAN enabled:              no
        Fuzzing enabled:           no
        Coverage enabled           no

        cflags:                    -g -O2

        warnings:

 -fno-common -Wall -Wextra -Waddress-of-packed-member -Wdiscarded-qualifiers -Wformat-security -Wimplicit-function-declaration -Wmissing-declarations -Wmissing-parameter-type -Wmissing-prototypes -Wnested-externs -Wno-missing-field-initializers -Wold-style-definition -Wpointer-arith -Wredundant-decls -Wsign-compare -Wstrict-prototypes -Wtype-limits -Wuninitialized -Wunused-but-set-parameter -Wunused-but-set-variable -Wunused-parameter -Wunused-result -Wunused-variable -Wvla -Walloca -Werror=sequence-point

 Type 'make' or 'make <utilname>' to compile.


## ---------------- ##
## Cache variables. ##
## ---------------- ##

ac_cv_build='x86_64-pc-linux-musl'
ac_cv_c_compiler_gnu='yes'
ac_cv_c_const='yes'
ac_cv_c_undeclared_builtin_options='none needed'
ac_cv_c_volatile='yes'
ac_cv_cxx_compiler_gnu='yes'
ac_cv_env_ADJTIME_PATH_set=''
ac_cv_env_ADJTIME_PATH_value=''
ac_cv_env_CCC_set=''
ac_cv_env_CCC_value=''
ac_cv_env_CC_set=''
ac_cv_env_CC_value=''
ac_cv_env_CFLAGS_set=''
ac_cv_env_CFLAGS_value=''
ac_cv_env_CPPFLAGS_set='set'
ac_cv_env_CPPFLAGS_value='-I/home/sonakrie/Work/testicular_linux/util-linux/../fs/usr/include'
ac_cv_env_CPP_set=''
ac_cv_env_CPP_value=''
ac_cv_env_CRYPTSETUP_CFLAGS_set=''
ac_cv_env_CRYPTSETUP_CFLAGS_value=''
ac_cv_env_CRYPTSETUP_LIBS_set=''
ac_cv_env_CRYPTSETUP_LIBS_value=''
ac_cv_env_CXXCPP_set=''
ac_cv_env_CXXCPP_value=''
ac_cv_env_CXXFLAGS_set=''
ac_cv_env_CXXFLAGS_value=''
ac_cv_env_CXX_set=''
ac_cv_env_CXX_value=''
ac_cv_env_DAEMON_CFLAGS_set=''
ac_cv_env_DAEMON_CFLAGS_value=''
ac_cv_env_DAEMON_LDFLAGS_set=''
ac_cv_env_DAEMON_LDFLAGS_value=''
ac_cv_env_ECONF_CFLAGS_set=''
ac_cv_env_ECONF_CFLAGS_value=''
ac_cv_env_ECONF_LIBS_set=''
ac_cv_env_ECONF_LIBS_value=''
ac_cv_env_LDFLAGS_set='set'
ac_cv_env_LDFLAGS_value='-L/home/sonakrie/Work/testicular_linux/util-linux/../fs/usr/lib'
ac_cv_env_LIBS_set=''
ac_cv_env_LIBS_value=''
ac_cv_env_LIBUSER_CFLAGS_set=''
ac_cv_env_LIBUSER_CFLAGS_value=''
ac_cv_env_LIBUSER_LIBS_set=''
ac_cv_env_LIBUSER_LIBS_value=''
ac_cv_env_LT_SYS_LIBRARY_PATH_set=''
ac_cv_env_LT_SYS_LIBRARY_PATH_value=''
ac_cv_env_NCURSESW_CFLAGS_set=''
ac_cv_env_NCURSESW_CFLAGS_value=''
ac_cv_env_NCURSESW_LIBS_set=''
ac_cv_env_NCURSESW_LIBS_value=''
ac_cv_env_NCURSES_CFLAGS_set=''
ac_cv_env_NCURSES_CFLAGS_value=''
ac_cv_env_NCURSES_LIBS_set=''
ac_cv_env_NCURSES_LIBS_value=''
ac_cv_env_PKG_CONFIG_LIBDIR_set=''
ac_cv_env_PKG_CONFIG_LIBDIR_value=''
ac_cv_env_PKG_CONFIG_PATH_set=''
ac_cv_env_PKG_CONFIG_PATH_value=''
ac_cv_env_PKG_CONFIG_set=''
ac_cv_env_PKG_CONFIG_value=''
ac_cv_env_PYTHON_CFLAGS_set=''
ac_cv_env_PYTHON_CFLAGS_value=''
ac_cv_env_PYTHON_LIBS_set=''
ac_cv_env_PYTHON_LIBS_value=''
ac_cv_env_PYTHON_set=''
ac_cv_env_PYTHON_value=''
ac_cv_env_SELINUX_CFLAGS_set=''
ac_cv_env_SELINUX_CFLAGS_value=''
ac_cv_env_SELINUX_LIBS_set=''
ac_cv_env_SELINUX_LIBS_value=''
ac_cv_env_SOLIB_CFLAGS_set=''
ac_cv_env_SOLIB_CFLAGS_value=''
ac_cv_env_SOLIB_LDFLAGS_set=''
ac_cv_env_SOLIB_LDFLAGS_value=''
ac_cv_env_SQLITE3_CFLAGS_set=''
ac_cv_env_SQLITE3_CFLAGS_value=''
ac_cv_env_SQLITE3_LIBS_set=''
ac_cv_env_SQLITE3_LIBS_value=''
ac_cv_env_SUID_CFLAGS_set=''
ac_cv_env_SUID_CFLAGS_value=''
ac_cv_env_SUID_LDFLAGS_set=''
ac_cv_env_SUID_LDFLAGS_value=''
ac_cv_env_SYSCONFSTATICDIR_set=''
ac_cv_env_SYSCONFSTATICDIR_value=''
ac_cv_env_SYSTEMD_CFLAGS_set=''
ac_cv_env_SYSTEMD_CFLAGS_value=''
ac_cv_env_SYSTEMD_DAEMON_CFLAGS_set=''
ac_cv_env_SYSTEMD_DAEMON_CFLAGS_value=''
ac_cv_env_SYSTEMD_DAEMON_LIBS_set=''
ac_cv_env_SYSTEMD_DAEMON_LIBS_value=''
ac_cv_env_SYSTEMD_JOURNAL_CFLAGS_set=''
ac_cv_env_SYSTEMD_JOURNAL_CFLAGS_value=''
ac_cv_env_SYSTEMD_JOURNAL_LIBS_set=''
ac_cv_env_SYSTEMD_JOURNAL_LIBS_value=''
ac_cv_env_SYSTEMD_LIBS_set=''
ac_cv_env_SYSTEMD_LIBS_value=''
ac_cv_env_TINFOW_CFLAGS_set=''
ac_cv_env_TINFOW_CFLAGS_value=''
ac_cv_env_TINFOW_LIBS_set=''
ac_cv_env_TINFOW_LIBS_value=''
ac_cv_env_TINFO_CFLAGS_set=''
ac_cv_env_TINFO_CFLAGS_value=''
ac_cv_env_TINFO_LIBS_set=''
ac_cv_env_TINFO_LIBS_value=''
ac_cv_env_YACC_set=''
ac_cv_env_YACC_value=''
ac_cv_env_YFLAGS_set=''
ac_cv_env_YFLAGS_value=''
ac_cv_env_build_alias_set=''
ac_cv_env_build_alias_value=''
ac_cv_env_host_alias_set=''
ac_cv_env_host_alias_value=''
ac_cv_env_target_alias_set=''
ac_cv_env_target_alias_value=''
ac_cv_env_with_bashcompletiondir_set=''
ac_cv_env_with_bashcompletiondir_value=''
ac_cv_env_with_systemdsystemunitdir_set=''
ac_cv_env_with_systemdsystemunitdir_value=''
ac_cv_env_with_tmpfilesdir_set=''
ac_cv_env_with_tmpfilesdir_value=''
ac_cv_func___fpending='yes'
ac_cv_func___fpurge='yes'
ac_cv_func___secure_getenv='no'
ac_cv_func_cachestat='no'
ac_cv_func_clearenv='yes'
ac_cv_func_clock_gettime='yes'
ac_cv_func_close_range='no'
ac_cv_func_dirfd='yes'
ac_cv_func_eaccess='yes'
ac_cv_func_err='yes'
ac_cv_func_errx='yes'
ac_cv_func_explicit_bzero='yes'
ac_cv_func_fnmatch='yes'
ac_cv_func_fpurge='yes'
ac_cv_func_fsconfig='no'
ac_cv_func_fsmount='no'
ac_cv_func_fsopen='no'
ac_cv_func_fspick='no'
ac_cv_func_fstatat='yes'
ac_cv_func_fsync='yes'
ac_cv_func_futimens='yes'
ac_cv_func_getdomainname='yes'
ac_cv_func_getdtablesize='yes'
ac_cv_func_getexecname='no'
ac_cv_func_getmntinfo='no'
ac_cv_func_getrandom='yes'
ac_cv_func_getrlimit='yes'
ac_cv_func_getsgnam='no'
ac_cv_func_getttynam='no'
ac_cv_func_getusershell='yes'
ac_cv_func_inotify_init1='yes'
ac_cv_func_inotify_init='yes'
ac_cv_func_ioperm='yes'
ac_cv_func_iopl='yes'
ac_cv_func_isnan='no'
ac_cv_func_jrand48='yes'
ac_cv_func_landlock_add_rule='no'
ac_cv_func_landlock_create_ruleset='no'
ac_cv_func_landlock_restrict_self='no'
ac_cv_func_lchown='yes'
ac_cv_func_lgetxattr='yes'
ac_cv_func_llistxattr='yes'
ac_cv_func_llseek='no'
ac_cv_func_mempcpy='yes'
ac_cv_func_mkostemp='yes'
ac_cv_func_mount_setattr='no'
ac_cv_func_move_mount='no'
ac_cv_func_nanosleep='yes'
ac_cv_func_newlocale='yes'
ac_cv_func_ntp_gettime='no'
ac_cv_func_open_memstream='yes'
ac_cv_func_open_tree='no'
ac_cv_func_openat='yes'
ac_cv_func_personality='yes'
ac_cv_func_pidfd_open='no'
ac_cv_func_pidfd_send_signal='no'
ac_cv_func_posix_fadvise='yes'
ac_cv_func_prctl='yes'
ac_cv_func_qsort_r='yes'
ac_cv_func_reallocarray='yes'
ac_cv_func_reboot='yes'
ac_cv_func_renameat2='yes'
ac_cv_func_rpmatch='no'
ac_cv_func_scandirat='no'
ac_cv_func_sched_setattr='no'
ac_cv_func_sched_setscheduler='yes'
ac_cv_func_secure_getenv='yes'
ac_cv_func_sendfile='yes'
ac_cv_func_setprogname='no'
ac_cv_func_setresgid='yes'
ac_cv_func_setresuid='yes'
ac_cv_func_sigqueue='yes'
ac_cv_func_srandom='yes'
ac_cv_func_statx='yes'
ac_cv_func_strnchr='no'
ac_cv_func_strndup='yes'
ac_cv_func_strnlen='yes'
ac_cv_func_strtod_l='yes'
ac_cv_func_swapoff='yes'
ac_cv_func_swapon='yes'
ac_cv_func_sysconf='yes'
ac_cv_func_sysinfo='yes'
ac_cv_func_timegm='yes'
ac_cv_func_timer_create='yes'
ac_cv_func_unlinkat='yes'
ac_cv_func_updwtmpx='yes'
ac_cv_func_uselocale='yes'
ac_cv_func_usleep='yes'
ac_cv_func_utimensat='yes'
ac_cv_func_vwarnx='yes'
ac_cv_func_warn='yes'
ac_cv_func_warnx='yes'
ac_cv_have_decl_BLK_ZONE_REP_CAPACITY='yes'
ac_cv_have_decl_CPU_ALLOC='yes'
ac_cv_have_decl_IOC_OPAL_GET_STATUS='yes'
ac_cv_have_decl_PR_REP_CAPACITY='no'
ac_cv_have_decl_SOCK_CLOEXEC='yes'
ac_cv_have_decl_SOCK_NONBLOCK='yes'
ac_cv_have_decl_SO_PASSCRED='yes'
ac_cv_have_decl_TIOCGLCKTRMIOS='yes'
ac_cv_have_decl__NL_TIME_WEEK_1STDAY='no'
ac_cv_have_decl_environ='yes'
ac_cv_have_decl_strsignal='yes'
ac_cv_header_asm_fcntl_h='yes'
ac_cv_header_asm_generic_fcntl_h='yes'
ac_cv_header_asm_io_h='no'
ac_cv_header_byteswap_h='yes'
ac_cv_header_crypt_h='yes'
ac_cv_header_dlfcn_h='yes'
ac_cv_header_endian_h='yes'
ac_cv_header_err_h='yes'
ac_cv_header_errno_h='yes'
ac_cv_header_fcntl_h='yes'
ac_cv_header_getopt_h='yes'
ac_cv_header_inttypes_h='yes'
ac_cv_header_langinfo_h='yes'
ac_cv_header_lastlog_h='yes'
ac_cv_header_libutil_h='no'
ac_cv_header_linux_blkpg_h='yes'
ac_cv_header_linux_blkzoned_h='yes'
ac_cv_header_linux_btrfs_h='yes'
ac_cv_header_linux_capability_h='yes'
ac_cv_header_linux_cdrom_h='yes'
ac_cv_header_linux_compiler_h='no'
ac_cv_header_linux_falloc_h='yes'
ac_cv_header_linux_fd_h='yes'
ac_cv_header_linux_fiemap_h='yes'
ac_cv_header_linux_fs_h='yes'
ac_cv_header_linux_gsmmux_h='yes'
ac_cv_header_linux_if_alg_h='yes'
ac_cv_header_linux_kcmp_h='yes'
ac_cv_header_linux_landlock_h='yes'
ac_cv_header_linux_major_h='yes'
ac_cv_header_linux_mount_h='yes'
ac_cv_header_linux_net_namespace_h='yes'
ac_cv_header_linux_nsfs_h='yes'
ac_cv_header_linux_pr_h='yes'
ac_cv_header_linux_raw_h='no'
ac_cv_header_linux_securebits_h='yes'
ac_cv_header_linux_tiocl_h='yes'
ac_cv_header_linux_version_h='yes'
ac_cv_header_linux_watchdog_h='yes'
ac_cv_header_locale_h='yes'
ac_cv_header_minix_config_h='no'
ac_cv_header_mntent_h='yes'
ac_cv_header_ncurses_h='yes'
ac_cv_header_ncursesw_ncurses_h='no'
ac_cv_header_ncursesw_term_h='no'
ac_cv_header_net_if_dl_h='no'
ac_cv_header_net_if_h='yes'
ac_cv_header_netinet_in_h='yes'
ac_cv_header_paths_h='yes'
ac_cv_header_pty_h='yes'
ac_cv_header_security_openpam_h='no'
ac_cv_header_security_pam_appl_h='yes'
ac_cv_header_security_pam_misc_h='yes'
ac_cv_header_security_pam_modules_h='yes'
ac_cv_header_shadow_h='yes'
ac_cv_header_stdint_h='yes'
ac_cv_header_stdio_ext_h='yes'
ac_cv_header_stdio_h='yes'
ac_cv_header_stdlib_h='yes'
ac_cv_header_string_h='yes'
ac_cv_header_strings_h='yes'
ac_cv_header_sys_disk_h='no'
ac_cv_header_sys_disklabel_h='no'
ac_cv_header_sys_endian_h='no'
ac_cv_header_sys_file_h='yes'
ac_cv_header_sys_io_h='yes'
ac_cv_header_sys_ioccom_h='no'
ac_cv_header_sys_ioctl_h='yes'
ac_cv_header_sys_mkdev_h='no'
ac_cv_header_sys_mount_h='yes'
ac_cv_header_sys_param_h='yes'
ac_cv_header_sys_pidfd_h='no'
ac_cv_header_sys_prctl_h='yes'
ac_cv_header_sys_resource_h='yes'
ac_cv_header_sys_sendfile_h='yes'
ac_cv_header_sys_signalfd_h='yes'
ac_cv_header_sys_socket_h='yes'
ac_cv_header_sys_sockio_h='no'
ac_cv_header_sys_stat_h='yes'
ac_cv_header_sys_statfs_h='yes'
ac_cv_header_sys_swap_h='yes'
ac_cv_header_sys_syscall_h='yes'
ac_cv_header_sys_sysmacros_h='yes'
ac_cv_header_sys_time_h='yes'
ac_cv_header_sys_timex_h='yes'
ac_cv_header_sys_ttydefaults_h='yes'
ac_cv_header_sys_types_h='yes'
ac_cv_header_sys_ucred_h='no'
ac_cv_header_sys_un_h='yes'
ac_cv_header_sys_vfs_h='yes'
ac_cv_header_sys_xattr_h='yes'
ac_cv_header_term_h='yes'
ac_cv_header_unistd_h='yes'
ac_cv_header_utmp_h='yes'
ac_cv_header_utmpx_h='yes'
ac_cv_header_wchar_h='yes'
ac_cv_host='x86_64-pc-linux-musl'
ac_cv_lib_cap_ng_capng_apply='yes'
ac_cv_lib_m___isnan='no'
ac_cv_lib_m_isnan='no'
ac_cv_lib_magic_magic_open='no'
ac_cv_lib_ncursesw_resizeterm='yes'
ac_cv_lib_ncursesw_use_default_colors='yes'
ac_cv_lib_readline_readline='no'
ac_cv_lib_rt_mq_open='yes'
ac_cv_lib_rtas_rtas_get_sysparm='no'
ac_cv_lib_tinfow_tgetent='no'
ac_cv_lib_udev_udev_new='no'
ac_cv_lib_util_openpty='yes'
ac_cv_lib_z_crc32='no'
ac_cv_member_struct_sockaddr_sa_len='no'
ac_cv_member_struct_stat_st_mtim_tv_nsec='yes'
ac_cv_member_struct_statx_stx_mnt_id='yes'
ac_cv_member_struct_termios_c_line='yes'
ac_cv_member_struct_tm_tm_zone='yes'
ac_cv_objext='o'
ac_cv_path_BISON='/usr/bin/bison'
ac_cv_path_EGREP='/bin/grep -E'
ac_cv_path_FGREP='/bin/grep -F'
ac_cv_path_FLEX='/usr/bin/flex'
ac_cv_path_GMSGFMT='/usr/bin/msgfmt'
ac_cv_path_GREP='/bin/grep'
ac_cv_path_MSGFMT='/usr/bin/msgfmt'
ac_cv_path_MSGMERGE='/usr/bin/msgmerge'
ac_cv_path_PYTHON='/usr/bin/python'
ac_cv_path_SED='/bin/sed'
ac_cv_path_XGETTEXT='/usr/bin/xgettext'
ac_cv_path_ac_pt_PKG_CONFIG='/usr/bin/pkg-config'
ac_cv_path_install='/usr/bin/install -c'
ac_cv_path_lt_DD='/bin/dd'
ac_cv_path_mkdir='/bin/mkdir'
ac_cv_prog_AWK='awk'
ac_cv_prog_CPP='gcc -E'
ac_cv_prog_CXXCPP='g++ -E'
ac_cv_prog_YACC='bison -y'
ac_cv_prog_ac_ct_AR='ar'
ac_cv_prog_ac_ct_CC='gcc'
ac_cv_prog_ac_ct_CXX='g++'
ac_cv_prog_ac_ct_FILECMD='file'
ac_cv_prog_ac_ct_NCURSESW6_CONFIG='ncursesw6-config'
ac_cv_prog_ac_ct_OBJDUMP='objdump'
ac_cv_prog_ac_ct_RANLIB='ranlib'
ac_cv_prog_ac_ct_STRIP='strip'
ac_cv_prog_cc_c11=''
ac_cv_prog_cc_g='yes'
ac_cv_prog_cc_stdc=''
ac_cv_prog_cxx_cxx11=''
ac_cv_prog_cxx_g='yes'
ac_cv_prog_cxx_stdcxx=''
ac_cv_prog_make_make_set='yes'
ac_cv_safe_to_define___extensions__='yes'
ac_cv_search_socket='none required'
ac_cv_should_define__xopen_source='no'
ac_cv_struct_tm='time.h'
ac_cv_sys_file_offset_bits='no'
ac_cv_sys_largefile_CC='no'
ac_cv_sys_largefile_source='no'
ac_cv_sys_year2038_opts='none needed'
ac_cv_type_cpu_set_t='yes'
ac_cv_type_enum_fsconfig_command='yes'
ac_cv_type_loff_t='no'
ac_cv_type_sighandler_t='yes'
ac_cv_type_struct_mount_attr='yes'
ac_cv_type_struct_statx='yes'
ac_cv_type_union_semun='no'
acl_cv_hardcode_direct='no'
acl_cv_hardcode_libdir_flag_spec='${wl}-rpath ${wl}$libdir'
acl_cv_hardcode_libdir_separator=''
acl_cv_hardcode_minus_L='no'
acl_cv_libext='a'
acl_cv_libname_spec='lib$name'
acl_cv_library_names_spec='$libname$shrext'
acl_cv_path_LD='/usr/x86_64-alpine-linux-musl/bin/ld -m elf_x86_64'
acl_cv_prog_gnu_ld='yes'
acl_cv_rpath='done'
acl_cv_shlibext='so'
acl_cv_wl='-Wl,'
am_cv_CC_dependencies_compiler_type='gcc3'
am_cv_CXX_dependencies_compiler_type='gcc3'
am_cv_ar_interface='ar'
am_cv_func_iconv='yes'
am_cv_func_iconv_works='yes'
am_cv_lib_iconv='no'
am_cv_make_support_nested_variables='yes'
am_cv_pathless_PYTHON='python'
am_cv_prog_cc_c_o='yes'
am_cv_prog_tar_pax='gnutar'
am_cv_python_platform='linux'
am_cv_python_pyexecdir='${PYTHON_EXEC_PREFIX}/lib/python3.14/site-packages'
am_cv_python_pythondir='${PYTHON_PREFIX}/lib/python3.14/site-packages'
am_cv_python_version='3.14'
ax_cv_check_vscript_complex_wildcards='yes'
ax_cv_check_vscript_flag='--version-script'
ax_cv_have_tls='yes'
gt_cv_func_CFLocaleCopyCurrent='no'
gt_cv_func_CFPreferencesCopyAppValue='no'
gt_cv_func_gnugettext1_libc='no'
gt_cv_func_gnugettext1_libintl='no'
lt_cv_ar_at_file='@'
lt_cv_archive_cmds_need_lc='no'
lt_cv_deplibs_check_method='pass_all'
lt_cv_file_magic_cmd='$MAGIC_CMD'
lt_cv_file_magic_test_file=''
lt_cv_ld_reload_flag='-r'
lt_cv_nm_interface='BSD nm'
lt_cv_objdir='.libs'
lt_cv_path_LD='/usr/x86_64-alpine-linux-musl/bin/ld'
lt_cv_path_LDCXX='/usr/x86_64-alpine-linux-musl/bin/ld -m elf_x86_64'
lt_cv_path_NM='/usr/bin/nm -B'
lt_cv_path_mainfest_tool='no'
lt_cv_prog_compiler_c_o='yes'
lt_cv_prog_compiler_c_o_CXX='yes'
lt_cv_prog_compiler_pic='-fPIC -DPIC'
lt_cv_prog_compiler_pic_CXX='-fPIC -DPIC'
lt_cv_prog_compiler_pic_works='yes'
lt_cv_prog_compiler_pic_works_CXX='yes'
lt_cv_prog_compiler_rtti_exceptions='no'
lt_cv_prog_compiler_static_works='yes'
lt_cv_prog_compiler_static_works_CXX='yes'
lt_cv_prog_gnu_ld='yes'
lt_cv_prog_gnu_ldcxx='yes'
lt_cv_sharedlib_from_linklib_cmd='printf %s\n'
lt_cv_shlibpath_overrides_runpath='yes'
lt_cv_sys_global_symbol_pipe='/bin/sed -n -e '"'"'s/^.*[	 ]\([ABCDGIRSTW][ABCDGIRSTW]*\)[	 ][	 ]*\([_A-Za-z][_A-Za-z0-9]*\)$/\1 \2 \2/p'"'"' | /bin/sed '"'"'/ __gnu_lto/d'"'"
lt_cv_sys_global_symbol_to_c_name_address='/bin/sed -n -e '"'"'s/^: \(.*\) .*$/  {"\1", (void *) 0},/p'"'"' -e '"'"'s/^[ABCDGIRSTW][ABCDGIRSTW]* .* \(.*\)$/  {"\1", (void *) \&\1},/p'"'"
lt_cv_sys_global_symbol_to_c_name_address_lib_prefix='/bin/sed -n -e '"'"'s/^: \(.*\) .*$/  {"\1", (void *) 0},/p'"'"' -e '"'"'s/^[ABCDGIRSTW][ABCDGIRSTW]* .* \(lib.*\)$/  {"\1", (void *) \&\1},/p'"'"' -e '"'"'s/^[ABCDGIRSTW][ABCDGIRSTW]* .* \(.*\)$/  {"lib\1", (void *) \&\1},/p'"'"
lt_cv_sys_global_symbol_to_cdecl='/bin/sed -n -e '"'"'s/^T .* \(.*\)$/extern int \1();/p'"'"' -e '"'"'s/^[ABCDGIRSTW][ABCDGIRSTW]* .* \(.*\)$/extern char \1;/p'"'"
lt_cv_sys_global_symbol_to_import=''
lt_cv_sys_max_cmd_len='98304'
lt_cv_to_host_file_cmd='func_convert_file_noop'
lt_cv_to_tool_file_cmd='func_convert_file_noop'
lt_cv_truncate_bin='/bin/dd bs=4096 count=1'
pkg_cv_TINFO_CFLAGS='-D_BSD_SOURCE -DNCURSES_WIDECHAR'
pkg_cv_TINFO_LIBS='-lncursesw'
ul_cv_syscall_close_range='SYS_close_range'
ul_cv_syscall_fallocate='SYS_fallocate'
ul_cv_syscall_fsconfig='SYS_fsconfig'
ul_cv_syscall_fsmount='SYS_fsmount'
ul_cv_syscall_fsopen='SYS_fsopen'
ul_cv_syscall_fspick='SYS_fspick'
ul_cv_syscall_ioprio_get='SYS_ioprio_get'
ul_cv_syscall_ioprio_set='SYS_ioprio_set'
ul_cv_syscall_mount_setattr='SYS_mount_setattr'
ul_cv_syscall_move_mount='SYS_move_mount'
ul_cv_syscall_open_tree='SYS_open_tree'
ul_cv_syscall_pidfd_open='SYS_pidfd_open'
ul_cv_syscall_pidfd_send_signal='SYS_pidfd_send_signal'
ul_cv_syscall_pivot_root='SYS_pivot_root'
ul_cv_syscall_prlimit64='SYS_prlimit64'
ul_cv_syscall_renameat2='SYS_renameat2'
ul_cv_syscall_sched_getaffinity='SYS_sched_getaffinity'
ul_cv_syscall_sched_setattr='SYS_sched_setattr'
ul_cv_syscall_setns='SYS_setns'
ul_cv_syscall_swapoff='SYS_swapoff'
ul_cv_syscall_swapon='SYS_swapon'
ul_cv_syscall_unshare='SYS_unshare'
ul_cv_warn__Waddress_of_packed_member='yes'
ul_cv_warn__Wall='yes'
ul_cv_warn__Walloca='yes'
ul_cv_warn__Wdiscarded_qualifiers='yes'
ul_cv_warn__Wembedded_directive='no'
ul_cv_warn__Werror_sequence_point='yes'
ul_cv_warn__Wextra='yes'
ul_cv_warn__Wextra_semi='no'
ul_cv_warn__Wformat_security='yes'
ul_cv_warn__Wimplicit_function_declaration='yes'
ul_cv_warn__Wmissing_declarations='yes'
ul_cv_warn__Wmissing_parameter_type='yes'
ul_cv_warn__Wmissing_prototypes='yes'
ul_cv_warn__Wnested_externs='yes'
ul_cv_warn__Wno_cast_function_type='yes'
ul_cv_warn__Wno_clobbered='yes'
ul_cv_warn__Wno_error_redundant_decls='yes'
ul_cv_warn__Wno_missing_field_initializers='yes'
ul_cv_warn__Wold_style_definition='yes'
ul_cv_warn__Wpointer_arith='yes'
ul_cv_warn__Wredundant_decls='yes'
ul_cv_warn__Wsign_compare='yes'
ul_cv_warn__Wstrict_prototypes='yes'
ul_cv_warn__Wtype_limits='yes'
ul_cv_warn__Wuninitialized='yes'
ul_cv_warn__Wunused_but_set_parameter='yes'
ul_cv_warn__Wunused_but_set_variable='yes'
ul_cv_warn__Wunused_parameter='yes'
ul_cv_warn__Wunused_result='yes'
ul_cv_warn__Wunused_variable='yes'
ul_cv_warn__Wvla='yes'
ul_cv_warn__fno_common='yes'

## ----------------- ##
## Output variables. ##
## ----------------- ##



# otherwise the libtool relink step will fail to find libmount.la and
# pylibmountexec module must be installed after usrlib_exec libraries,
# will try -lmount which is possibly not available.
'
ACLOCAL='${SHELL} '\''/home/sonakrie/Work/testicular_linux/util-linux/config/missing'\'' aclocal-1.16'
ADJTIME_PATH='/etc/adjtime'
AMDEPBACKSLASH='\'
AMDEP_FALSE='#'
AMDEP_TRUE=''
AMTAR='$${TAR-tar}'
AM_BACKSLASH='\'
AM_DEFAULT_V='$(AM_DEFAULT_VERBOSITY)'
AM_DEFAULT_VERBOSITY='0'
AM_V='$(V)'
AR='ar'
ARCH_86_64_FALSE='#'
ARCH_86_64_TRUE=''
ARCH_HPPA_FALSE=''
ARCH_HPPA_TRUE='#'
ARCH_I86_FALSE=''
ARCH_I86_TRUE='#'
ARCH_IA64_FALSE=''
ARCH_IA64_TRUE='#'
ARCH_M68K_FALSE=''
ARCH_M68K_TRUE='#'
ARCH_MIPS_FALSE=''
ARCH_MIPS_TRUE='#'
ARCH_PPC_FALSE=''
ARCH_PPC_TRUE='#'
ARCH_S390_FALSE=''
ARCH_S390_TRUE='#'
ARCH_SPARC_FALSE=''
ARCH_SPARC_TRUE='#'
ASAN_LDFLAGS=''
ASCIIDOCTOR=''
AUTOCONF='${SHELL} '\''/home/sonakrie/Work/testicular_linux/util-linux/config/missing'\'' autoconf'
AUTOHEADER='${SHELL} '\''/home/sonakrie/Work/testicular_linux/util-linux/config/missing'\'' autoheader'
AUTOMAKE='${SHELL} '\''/home/sonakrie/Work/testicular_linux/util-linux/config/missing'\'' automake-1.16'
AWK='awk'
BISON='/usr/bin/bison'
BSD_FALSE=''
BSD_TRUE='#'
BSD_WARN_CFLAGS=' -Wno-clobbered'
BUILD_AGETTY_FALSE='#'
BUILD_AGETTY_TRUE=''
BUILD_BASH_COMPLETION_FALSE='#'
BUILD_BASH_COMPLETION_TRUE=''
BUILD_BFS_FALSE='#'
BUILD_BFS_TRUE=''
BUILD_BLKDISCARD_FALSE='#'
BUILD_BLKDISCARD_TRUE=''
BUILD_BLKID_FALSE='#'
BUILD_BLKID_TRUE=''
BUILD_BLKPR_FALSE='#'
BUILD_BLKPR_TRUE=''
BUILD_BLKZONE_FALSE='#'
BUILD_BLKZONE_TRUE=''
BUILD_BLOCKDEV_FALSE='#'
BUILD_BLOCKDEV_TRUE=''
BUILD_CAL_FALSE='#'
BUILD_CAL_TRUE=''
BUILD_CFDISK_FALSE='#'
BUILD_CFDISK_TRUE=''
BUILD_CHCPU_FALSE='#'
BUILD_CHCPU_TRUE=''
BUILD_CHFN_CHSH_FALSE='#'
BUILD_CHFN_CHSH_TRUE=''
BUILD_CHMEM_FALSE='#'
BUILD_CHMEM_TRUE=''
BUILD_CHOOM_FALSE='#'
BUILD_CHOOM_TRUE=''
BUILD_CHRT_FALSE='#'
BUILD_CHRT_TRUE=''
BUILD_COLCRT_FALSE='#'
BUILD_COLCRT_TRUE=''
BUILD_COLRM_FALSE='#'
BUILD_COLRM_TRUE=''
BUILD_COLUMN_FALSE='#'
BUILD_COLUMN_TRUE=''
BUILD_COL_FALSE=''
BUILD_COL_TRUE='#'
BUILD_CRAMFS_FALSE=''
BUILD_CRAMFS_TRUE='#'
BUILD_CTRLALTDEL_FALSE='#'
BUILD_CTRLALTDEL_TRUE=''
BUILD_DMESG_FALSE='#'
BUILD_DMESG_TRUE=''
BUILD_EJECT_FALSE='#'
BUILD_EJECT_TRUE=''
BUILD_ENOSYS_FALSE='#'
BUILD_ENOSYS_TRUE=''
BUILD_EXCH_FALSE='#'
BUILD_EXCH_TRUE=''
BUILD_FADVISE_FALSE='#'
BUILD_FADVISE_TRUE=''
BUILD_FALLOCATE_FALSE='#'
BUILD_FALLOCATE_TRUE=''
BUILD_FDFORMAT_FALSE=''
BUILD_FDFORMAT_TRUE='#'
BUILD_FDISK_FALSE='#'
BUILD_FDISK_TRUE=''
BUILD_FINCORE_FALSE='#'
BUILD_FINCORE_TRUE=''
BUILD_FINDFS_FALSE='#'
BUILD_FINDFS_TRUE=''
BUILD_FINDMNT_FALSE='#'
BUILD_FINDMNT_TRUE=''
BUILD_FLOCK_FALSE='#'
BUILD_FLOCK_TRUE=''
BUILD_FSCK_FALSE='#'
BUILD_FSCK_TRUE=''
BUILD_FSFREEZE_FALSE='#'
BUILD_FSFREEZE_TRUE=''
BUILD_FSTRIM_FALSE='#'
BUILD_FSTRIM_TRUE=''
BUILD_GETOPT_FALSE='#'
BUILD_GETOPT_TRUE=''
BUILD_HARDLINK_FALSE='#'
BUILD_HARDLINK_TRUE=''
BUILD_HEXDUMP_FALSE='#'
BUILD_HEXDUMP_TRUE=''
BUILD_HWCLOCK_FALSE='#'
BUILD_HWCLOCK_TRUE=''
BUILD_IONICE_FALSE='#'
BUILD_IONICE_TRUE=''
BUILD_IPCMK_FALSE='#'
BUILD_IPCMK_TRUE=''
BUILD_IPCRM_FALSE='#'
BUILD_IPCRM_TRUE=''
BUILD_IPCS_FALSE='#'
BUILD_IPCS_TRUE=''
BUILD_IRQTOP_FALSE='#'
BUILD_IRQTOP_TRUE=''
BUILD_ISOSIZE_FALSE='#'
BUILD_ISOSIZE_TRUE=''
BUILD_KILL_FALSE='#'
BUILD_KILL_TRUE=''
BUILD_LAST_FALSE='#'
BUILD_LAST_TRUE=''
BUILD_LDATTACH_FALSE='#'
BUILD_LDATTACH_TRUE=''
BUILD_LIBBLKID_FALSE='#'
BUILD_LIBBLKID_TESTS_FALSE='#'
BUILD_LIBBLKID_TESTS_TRUE=''
BUILD_LIBBLKID_TRUE=''
BUILD_LIBFDISK_FALSE='#'
BUILD_LIBFDISK_TESTS_FALSE='#'
BUILD_LIBFDISK_TESTS_TRUE=''
BUILD_LIBFDISK_TRUE=''
BUILD_LIBLASTLOG2_FALSE=''
BUILD_LIBLASTLOG2_TESTS_FALSE=''
BUILD_LIBLASTLOG2_TESTS_TRUE='#'
BUILD_LIBLASTLOG2_TRUE='#'
BUILD_LIBMOUNT_FALSE='#'
BUILD_LIBMOUNT_TESTS_FALSE='#'
BUILD_LIBMOUNT_TESTS_TRUE=''
BUILD_LIBMOUNT_TRUE=''
BUILD_LIBSMARTCOLS_FALSE='#'
BUILD_LIBSMARTCOLS_TRUE=''
BUILD_LIBUUID_FALSE='#'
BUILD_LIBUUID_TRUE=''
BUILD_LINE_FALSE=''
BUILD_LINE_TRUE='#'
BUILD_LOGGER_FALSE='#'
BUILD_LOGGER_TRUE=''
BUILD_LOGIN_FALSE='#'
BUILD_LOGIN_TRUE=''
BUILD_LOOK_FALSE='#'
BUILD_LOOK_TRUE=''
BUILD_LOSETUP_FALSE='#'
BUILD_LOSETUP_TRUE=''
BUILD_LSBLK_FALSE='#'
BUILD_LSBLK_TRUE=''
BUILD_LSCLOCKS_FALSE='#'
BUILD_LSCLOCKS_TRUE=''
BUILD_LSCPU_FALSE='#'
BUILD_LSCPU_TRUE=''
BUILD_LSFD_FALSE='#'
BUILD_LSFD_TRUE=''
BUILD_LSIPC_FALSE='#'
BUILD_LSIPC_TRUE=''
BUILD_LSIRQ_FALSE='#'
BUILD_LSIRQ_TRUE=''
BUILD_LSLOCKS_FALSE='#'
BUILD_LSLOCKS_TRUE=''
BUILD_LSLOGINS_FALSE='#'
BUILD_LSLOGINS_TRUE=''
BUILD_LSMEM_FALSE='#'
BUILD_LSMEM_TRUE=''
BUILD_LSNS_FALSE='#'
BUILD_LSNS_TRUE=''
BUILD_MCOOKIE_FALSE='#'
BUILD_MCOOKIE_TRUE=''
BUILD_MESG_FALSE='#'
BUILD_MESG_TRUE=''
BUILD_MINIX_FALSE='#'
BUILD_MINIX_TRUE=''
BUILD_MKFS_FALSE='#'
BUILD_MKFS_TRUE=''
BUILD_MKSWAP_FALSE='#'
BUILD_MKSWAP_TRUE=''
BUILD_MORE_FALSE='#'
BUILD_MORE_TRUE=''
BUILD_MOUNTPOINT_FALSE='#'
BUILD_MOUNTPOINT_TRUE=''
BUILD_MOUNT_FALSE='#'
BUILD_MOUNT_TRUE=''
BUILD_NAMEI_FALSE='#'
BUILD_NAMEI_TRUE=''
BUILD_NEWGRP_FALSE=''
BUILD_NEWGRP_TRUE='#'
BUILD_NOLOGIN_FALSE='#'
BUILD_NOLOGIN_TRUE=''
BUILD_NSENTER_FALSE='#'
BUILD_NSENTER_TRUE=''
BUILD_PAM_LASTLOG2_FALSE=''
BUILD_PAM_LASTLOG2_TRUE='#'
BUILD_PARTX_FALSE='#'
BUILD_PARTX_TRUE=''
BUILD_PG_FALSE=''
BUILD_PG_TRUE='#'
BUILD_PIPESZ_FALSE='#'
BUILD_PIPESZ_TRUE=''
BUILD_PIVOT_ROOT_FALSE='#'
BUILD_PIVOT_ROOT_TRUE=''
BUILD_PRLIMIT_FALSE='#'
BUILD_PRLIMIT_TRUE=''
BUILD_PYLIBMOUNT_FALSE=''
BUILD_PYLIBMOUNT_TRUE='#'
BUILD_RAW_FALSE=''
BUILD_RAW_TRUE='#'
BUILD_READPROFILE_FALSE='#'
BUILD_READPROFILE_TRUE=''
BUILD_RENAME_FALSE='#'
BUILD_RENAME_TRUE=''
BUILD_RENICE_FALSE='#'
BUILD_RENICE_TRUE=''
BUILD_REV_FALSE='#'
BUILD_REV_TRUE=''
BUILD_RFKILL_FALSE='#'
BUILD_RFKILL_TRUE=''
BUILD_RTCWAKE_FALSE='#'
BUILD_RTCWAKE_TRUE=''
BUILD_RUNUSER_FALSE='#'
BUILD_RUNUSER_TRUE=''
BUILD_SCRIPTLIVE_FALSE='#'
BUILD_SCRIPTLIVE_TRUE=''
BUILD_SCRIPTREPLAY_FALSE='#'
BUILD_SCRIPTREPLAY_TRUE=''
BUILD_SCRIPT_FALSE='#'
BUILD_SCRIPT_TRUE=''
BUILD_SETARCH_FALSE='#'
BUILD_SETARCH_TRUE=''
BUILD_SETPGID_FALSE='#'
BUILD_SETPGID_TRUE=''
BUILD_SETPRIV_FALSE='#'
BUILD_SETPRIV_TRUE=''
BUILD_SETSID_FALSE='#'
BUILD_SETSID_TRUE=''
BUILD_SETTERM_FALSE='#'
BUILD_SETTERM_TRUE=''
BUILD_SFDISK_FALSE='#'
BUILD_SFDISK_TRUE=''
BUILD_SULOGIN_FALSE='#'
BUILD_SULOGIN_TRUE=''
BUILD_SU_FALSE='#'
BUILD_SU_TRUE=''
BUILD_SWAPLABEL_FALSE='#'
BUILD_SWAPLABEL_TRUE=''
BUILD_SWAPON_FALSE='#'
BUILD_SWAPON_TRUE=''
BUILD_SWITCH_ROOT_FALSE='#'
BUILD_SWITCH_ROOT_TRUE=''
BUILD_TASKSET_FALSE='#'
BUILD_TASKSET_TRUE=''
BUILD_TUNELP_FALSE=''
BUILD_TUNELP_TRUE='#'
BUILD_UCLAMPSET_FALSE='#'
BUILD_UCLAMPSET_TRUE=''
BUILD_UL_FALSE='#'
BUILD_UL_TRUE=''
BUILD_UNSHARE_FALSE='#'
BUILD_UNSHARE_TRUE=''
BUILD_UTMPDUMP_FALSE='#'
BUILD_UTMPDUMP_TRUE=''
BUILD_UUIDD_FALSE='#'
BUILD_UUIDD_TRUE=''
BUILD_UUIDGEN_FALSE='#'
BUILD_UUIDGEN_TRUE=''
BUILD_UUIDPARSE_FALSE='#'
BUILD_UUIDPARSE_TRUE=''
BUILD_VIPW_FALSE=''
BUILD_VIPW_TRUE='#'
BUILD_WAITPID_FALSE='#'
BUILD_WAITPID_TRUE=''
BUILD_WALL_FALSE='#'
BUILD_WALL_TRUE=''
BUILD_WDCTL_FALSE='#'
BUILD_WDCTL_TRUE=''
BUILD_WHEREIS_FALSE='#'
BUILD_WHEREIS_TRUE=''
BUILD_WIPEFS_FALSE='#'
BUILD_WIPEFS_TRUE=''
BUILD_WRITE_FALSE=''
BUILD_WRITE_TRUE='#'
BUILD_ZRAMCTL_FALSE='#'
BUILD_ZRAMCTL_TRUE=''
CC='gcc'
CCDEPMODE='depmode=gcc3'
CFLAGS='-g -O2'
CHFN_CHSH_PASSWORD_FALSE='#'
CHFN_CHSH_PASSWORD_TRUE=''
COVERAGE_LDFLAGS=''
CPP='gcc -E'
CPPFLAGS='-I/home/sonakrie/Work/testicular_linux/util-linux/../fs/usr/include'
CRYPTSETUP_CFLAGS=''
CRYPTSETUP_LIBS=''
CRYPTSETUP_LIBS_STATIC=''
CRYPTSETUP_VIA_DLOPEN_FALSE=''
CRYPTSETUP_VIA_DLOPEN_TRUE='#'
CSCOPE='cscope'
CTAGS='ctags'
CXX='g++'
CXXCPP='g++ -E'
CXXDEPMODE='depmode=gcc3'
CXXFLAGS='-g -O2'
CYGPATH_W='echo'
DAEMON_CFLAGS=''
DAEMON_LDFLAGS=''
DARWIN_FALSE=''
DARWIN_TRUE='#'
DEFS='-DHAVE_CONFIG_H'
DEPDIR='.deps'
DLLTOOL='false'
DSYMUTIL=''
DUMPBIN=''
ECHO_C=''
ECHO_N='-n'
ECHO_T=''
ECONF_CFLAGS=''
ECONF_LIBS=''
EGREP='/bin/grep -E'
ENABLE_ASCIIDOC_FALSE=''
ENABLE_ASCIIDOC_TRUE='#'
ENABLE_GTK_DOC_FALSE=''
ENABLE_GTK_DOC_TRUE='#'
ENABLE_POMAN_FALSE=''
ENABLE_POMAN_TRUE='#'
ETAGS='etags'
EXEEXT=''
FGREP='/bin/grep -F'
FILECMD='file'
FLEX='/usr/bin/flex'
FUZZING_ENGINE_FALSE=''
FUZZING_ENGINE_LDFLAGS=''
FUZZING_ENGINE_TRUE='#'
GETTEXT_MACRO_VERSION='0.18'
GMSGFMT='/usr/bin/msgfmt'
GMSGFMT_015='/usr/bin/msgfmt'
GREP='/bin/grep'
GTKDOC_CHECK=''
GTK_DOC_USE_LIBTOOL_FALSE='#'
GTK_DOC_USE_LIBTOOL_TRUE=''
HAVE_ASCIIDOCTOR_FAILURE_LEVEL_FALSE=''
HAVE_ASCIIDOCTOR_FAILURE_LEVEL_TRUE='#'
HAVE_AUDIT_FALSE=''
HAVE_AUDIT_TRUE='#'
HAVE_BTRFS_FALSE='#'
HAVE_BTRFS_TRUE=''
HAVE_CAP_NG_FALSE='#'
HAVE_CAP_NG_TRUE=''
HAVE_CPU_SET_T_FALSE='#'
HAVE_CPU_SET_T_TRUE=''
HAVE_CRYPTSETUP_FALSE=''
HAVE_CRYPTSETUP_TRUE='#'
HAVE_DIRFD_FALSE='#'
HAVE_DIRFD_TRUE=''
HAVE_ECONF_FALSE=''
HAVE_ECONF_TRUE='#'
HAVE_LANGINFO_H_FALSE='#'
HAVE_LANGINFO_H_TRUE=''
HAVE_LIBCRYPT_FALSE=''
HAVE_LIBCRYPT_TRUE='#'
HAVE_LINUXPAM_FALSE='#'
HAVE_LINUXPAM_TRUE=''
HAVE_LINUX_LANDLOCK_H_FALSE='#'
HAVE_LINUX_LANDLOCK_H_TRUE=''
HAVE_MANPAGES_FALSE='#'
HAVE_MANPAGES_TRUE=''
HAVE_NCURSES_FALSE='#'
HAVE_NCURSES_TRUE=''
HAVE_OPENAT_FALSE='#'
HAVE_OPENAT_TRUE=''
HAVE_PTY_FALSE='#'
HAVE_PTY_TRUE=''
HAVE_READLINE_FALSE=''
HAVE_READLINE_TRUE='#'
HAVE_SELINUX_FALSE=''
HAVE_SELINUX_TRUE='#'
HAVE_SLANG_FALSE=''
HAVE_SLANG_TRUE='#'
HAVE_STATIC_BLKID_FALSE=''
HAVE_STATIC_BLKID_TRUE='#'
HAVE_STATIC_FDISK_FALSE=''
HAVE_STATIC_FDISK_TRUE='#'
HAVE_STATIC_LOSETUP_FALSE=''
HAVE_STATIC_LOSETUP_TRUE='#'
HAVE_STATIC_MOUNT_FALSE=''
HAVE_STATIC_MOUNT_TRUE='#'
HAVE_STATIC_NSENTER_FALSE=''
HAVE_STATIC_NSENTER_TRUE='#'
HAVE_STATIC_SFDISK_FALSE=''
HAVE_STATIC_SFDISK_TRUE='#'
HAVE_STATIC_UMOUNT_FALSE=''
HAVE_STATIC_UMOUNT_TRUE='#'
HAVE_STATIC_UNSHARE_FALSE=''
HAVE_STATIC_UNSHARE_TRUE='#'
HAVE_SYSTEMD_FALSE=''
HAVE_SYSTEMD_TRUE='#'
HAVE_TINFO_FALSE='#'
HAVE_TINFO_TRUE=''
HAVE_UDEV_FALSE=''
HAVE_UDEV_TRUE='#'
HAVE_USER_FALSE=''
HAVE_USER_TRUE='#'
HAVE_UTEMPTER_FALSE=''
HAVE_UTEMPTER_TRUE='#'
HAVE_UTIL_FALSE='#'
HAVE_UTIL_TRUE=''
HAVE_VSCRIPT_COMPLEX_FALSE='#'
HAVE_VSCRIPT_COMPLEX_TRUE=''
HAVE_VSCRIPT_FALSE='#'
HAVE_VSCRIPT_TRUE=''
HTML_DIR='${datadir}/gtk-doc/html'
INSTALL_DATA='${INSTALL} -m 644'
INSTALL_PROGRAM='${INSTALL}'
INSTALL_SCRIPT='${INSTALL}'
INSTALL_STRIP_PROGRAM='$(install_sh) -c -s'
INTLLIBS=''
INTL_MACOSX_LIBS=''
LD='/usr/x86_64-alpine-linux-musl/bin/ld -m elf_x86_64'
LDFLAGS='-L/home/sonakrie/Work/testicular_linux/util-linux/../fs/usr/lib'
LIBBLKID_DATE='04-Jul-2024'
LIBBLKID_VERSION='2.40.2'
LIBBLKID_VERSION_INFO='2:0:1'
LIBFDISK_MAJOR_VERSION='2'
LIBFDISK_MINOR_VERSION='40'
LIBFDISK_PATCH_VERSION='2'
LIBFDISK_PC_REQUIRES='uuid blkid'
LIBFDISK_VERSION='2.40.2'
LIBFDISK_VERSION_INFO='2:0:1'
LIBICONV=''
LIBINTL=''
LIBLASTLOG2_VERSION='2.40.2'
LIBLASTLOG2_VERSION_INFO='2:0:0'
LIBMOUNT_MAJOR_VERSION='2'
LIBMOUNT_MINOR_VERSION='40'
LIBMOUNT_PATCH_VERSION='2'
LIBMOUNT_VERSION='2.40.2'
LIBMOUNT_VERSION_INFO='2:0:1'
LIBOBJS=''
LIBS=''
LIBSMARTCOLS_VERSION='2.40.2'
LIBSMARTCOLS_VERSION_INFO='2:0:1'
LIBTOOL='$(SHELL) $(top_builddir)/libtool'
LIBUSER_CFLAGS=''
LIBUSER_LIBS=''
LIBUUID_VERSION='2.40.2'
LIBUUID_VERSION_INFO='4:0:3'
LINUX_FALSE='#'
LINUX_TRUE=''
LIPO=''
LN_S='ln -s'
LTLIBICONV=''
LTLIBINTL=''
LTLIBOBJS=''
LT_SYS_LIBRARY_PATH=''
MAGIC_LIBS=''
MAKEINFO='${SHELL} '\''/home/sonakrie/Work/testicular_linux/util-linux/config/missing'\'' makeinfo'
MAKEINSTALL_DO_CHOWN_FALSE='#'
MAKEINSTALL_DO_CHOWN_TRUE=''
MAKEINSTALL_DO_SETUID_FALSE='#'
MAKEINSTALL_DO_SETUID_TRUE=''
MANIFEST_TOOL=':'
MATH_LIBS=''
MKDIR_P='/bin/mkdir -p'
MQ_LIBS='-lrt'
MSGFMT='/usr/bin/msgfmt'
MSGFMT_015='/usr/bin/msgfmt'
MSGMERGE='/usr/bin/msgmerge'
NCURSES5_CONFIG=''
NCURSES6_CONFIG=''
NCURSESW5_CONFIG=''
NCURSESW6_CONFIG='ncursesw6-config'
NCURSESW_CFLAGS=''
NCURSESW_LIBS=''
NCURSES_CFLAGS='-D_BSD_SOURCE -DNCURSES_WIDECHAR'
NCURSES_LIBS='-lncursesw'
NM='/usr/bin/nm -B'
NMEDIT=''
OBJDUMP='objdump'
OBJEXT='o'
OSS_FUZZ_FALSE=''
OSS_FUZZ_TRUE='#'
OTOOL64=''
OTOOL=''
PACKAGE='util-linux'
PACKAGE_BUGREPORT='kzak@redhat.com'
PACKAGE_NAME='util-linux'
PACKAGE_STRING='util-linux 2.40.2'
PACKAGE_TARNAME='util-linux'
PACKAGE_URL='https://www.kernel.org/pub/linux/utils/util-linux/'
PACKAGE_VERSION='2.40.2'
PATH_SEPARATOR=':'
PKG_CONFIG='/usr/bin/pkg-config'
PKG_CONFIG_LIBDIR=''
PKG_CONFIG_PATH=''
PO4A=''
POSUB=''
PYTHON='/usr/bin/python'
PYTHON_CFLAGS=' -Wno-error=redundant-decls'
PYTHON_EXEC_PREFIX='${exec_prefix}'
PYTHON_LIBS=''
PYTHON_PLATFORM='linux'
PYTHON_PREFIX='${prefix}'
PYTHON_VERSION='3.14'
PYTHON_WARN_CFLAGS=' -Wno-cast-function-type'
RANLIB='ranlib'
READLINE_LIBS=''
READLINE_LIBS_STATIC=''
REALTIME_LIBS=''
RTAS_LIBS=''
SED='/bin/sed'
SELINUX_CFLAGS=''
SELINUX_LIBS=''
SELINUX_LIBS_STATIC=''
SET_MAKE=''
SHELL='/bin/sh'
SOCKET_LIBS=''
SOLIB_CFLAGS=''
SOLIB_LDFLAGS=''
SQLITE3_CFLAGS=''
SQLITE3_LIBS=''
STRIP='strip'
SUID_CFLAGS=''
SUID_LDFLAGS=''
SYSCONFSTATICDIR=''
SYSTEMD_CFLAGS=''
SYSTEMD_DAEMON_CFLAGS=''
SYSTEMD_DAEMON_LIBS=''
SYSTEMD_JOURNAL_CFLAGS=''
SYSTEMD_JOURNAL_LIBS=''
SYSTEMD_LIBS=''
TINFOW_CFLAGS=''
TINFOW_LIBS=''
TINFO_CFLAGS='-D_BSD_SOURCE -DNCURSES_WIDECHAR'
TINFO_LIBS='-lncursesw'
TINFO_LIBS_STATIC='-lncursesw'
UBSAN_LDFLAGS=''
USE_HWCLOCK_CMOS_FALSE='#'
USE_HWCLOCK_CMOS_TRUE=''
USE_HWCLOCK_GPLv3_DATETIME_FALSE='#'
USE_HWCLOCK_GPLv3_DATETIME_TRUE=''
USE_NLS='no'
USE_PLYMOUTH_SUPPORT_FALSE='#'
USE_PLYMOUTH_SUPPORT_TRUE=''
USE_TTY_GROUP_FALSE='#'
USE_TTY_GROUP_TRUE=''
USE_VENDORDIR_FALSE=''
USE_VENDORDIR_TRUE='#'
VERSION='2.40.2'
VSCRIPT_LDFLAGS='-Wl,--version-script'
WARN_CFLAGS=' -fno-common -Wall -Wextra -Waddress-of-packed-member -Wdiscarded-qualifiers -Wformat-security -Wimplicit-function-declaration -Wmissing-declarations -Wmissing-parameter-type -Wmissing-prototypes -Wnested-externs -Wno-missing-field-initializers -Wold-style-definition -Wpointer-arith -Wredundant-decls -Wsign-compare -Wstrict-prototypes -Wtype-limits -Wuninitialized -Wunused-but-set-parameter -Wunused-but-set-variable -Wunused-parameter -Wunused-result -Wunused-variable -Wvla -Walloca -Werror=sequence-point'
WITH_COVERAGE_FALSE=''
WITH_COVERAGE_TRUE='#'
XGETTEXT='/usr/bin/xgettext'
XGETTEXT_015='/usr/bin/xgettext'
XGETTEXT_EXTRA_OPTIONS=''
XSLTPROC=''
YACC='bison -y'
YFLAGS=''
ac_ct_AR='ar'
ac_ct_CC='gcc'
ac_ct_CXX='g++'
ac_ct_DUMPBIN=''
am__EXEEXT_FALSE=''
am__EXEEXT_TRUE='#'
am__fastdepCC_FALSE='#'
am__fastdepCC_TRUE=''
am__fastdepCXX_FALSE='#'
am__fastdepCXX_TRUE=''
am__include='include'
am__isrc=''
am__leading_dot='.'
am__nodep='_no'
am__quote=''
am__tar='tar --format=posix -chf - "$$tardir"'
am__untar='tar -xf -'
bashcompletiondir='${datarootdir}/bash-completion/completions'
bindir='/bin'
build='x86_64-pc-linux-musl'
build_alias=''
build_cpu='x86_64'
build_os='linux-musl'
build_vendor='pc'
datadir='${datarootdir}'
datarootdir='${prefix}/share'
docdir='${datarootdir}/doc/${PACKAGE_TARNAME}'
dvidir='${docdir}'
exec_prefix='${prefix}'
host='x86_64-pc-linux-musl'
host_alias=''
host_cpu='x86_64'
host_os='linux-musl'
host_vendor='pc'
htmldir='${docdir}'
includedir='${prefix}/include'
infodir='${datarootdir}/info'
install-pylibmountexecLTLIBRARIES: install-usrlib_execLTLIBRARIES
install-usrsecurelib_execLTLIBRARIES: install-usrlib_execLTLIBRARIES
install_sh='${SHELL} /home/sonakrie/Work/testicular_linux/util-linux/config/install-sh'
libdir='/lib'
libexecdir='${exec_prefix}/libexec'
localedir='${datarootdir}/locale'
localstatedir='/var'
mandir='${datarootdir}/man'
mkdir_p='$(MKDIR_P)'
oldincludedir='/usr/include'
pdfdir='${docdir}'
pkgconfigdir='${usrlib_execdir}/pkgconfig'
pkgpyexecdir='${pyexecdir}/util-linux'
pkgpythondir='${pythondir}/util-linux'
prefix='/usr'
program_transform_name='s,x,x,'
psdir='${docdir}'
pyexecdir='${PYTHON_EXEC_PREFIX}/lib/python3.14/site-packages'
pythondir='${PYTHON_PREFIX}/lib/python3.14/site-packages'
runstatedir='/run'
sbindir='/sbin'
sharedstatedir='${prefix}/com'
sysconfdir='/etc'
sysconfstaticdir='${prefix}/lib'
systemdsystemunitdir=''
target_alias=''
tmpfilesdir=''
usrbin_execdir='${exec_prefix}/bin'
usrlib_execdir='${exec_prefix}/lib'
usrsbin_execdir='${exec_prefix}/sbin'
usrsecurelib_execdir='${usrlib_execdir}/security'
vendordir=''
verbatim_extra_dependency='
with_bashcompletiondir='${datarootdir}/bash-completion/completions'
with_systemdsystemunitdir=''
with_tmpfilesdir=''

## ----------- ##
## confdefs.h. ##
## ----------- ##

/* confdefs.h */
#define PACKAGE_NAME "util-linux"
#define PACKAGE_TARNAME "util-linux"
#define PACKAGE_VERSION "2.40.2"
#define PACKAGE_STRING "util-linux 2.40.2"
#define PACKAGE_BUGREPORT "kzak@redhat.com"
#define PACKAGE_URL "https://www.kernel.org/pub/linux/utils/util-linux/"
#define HAVE_STDIO_H 1
#define HAVE_STDLIB_H 1
#define HAVE_STRING_H 1
#define HAVE_INTTYPES_H 1
#define HAVE_STDINT_H 1
#define HAVE_STRINGS_H 1
#define HAVE_SYS_STAT_H 1
#define HAVE_SYS_TYPES_H 1
#define HAVE_UNISTD_H 1
#define HAVE_WCHAR_H 1
#define STDC_HEADERS 1
#define _ALL_SOURCE 1
#define _DARWIN_C_SOURCE 1
#define _GNU_SOURCE 1
#define _HPUX_ALT_XOPEN_SOCKET_API 1
#define _NETBSD_SOURCE 1
#define _OPENBSD_SOURCE 1
#define _POSIX_PTHREAD_SEMANTICS 1
#define __STDC_WANT_IEC_60559_ATTRIBS_EXT__ 1
#define __STDC_WANT_IEC_60559_BFP_EXT__ 1
#define __STDC_WANT_IEC_60559_DFP_EXT__ 1
#define __STDC_WANT_IEC_60559_FUNCS_EXT__ 1
#define __STDC_WANT_IEC_60559_TYPES_EXT__ 1
#define __STDC_WANT_LIB_EXT2__ 1
#define __STDC_WANT_MATH_SPEC_FUNCS__ 1
#define _TANDEM_SOURCE 1
#define __EXTENSIONS__ 1
#define PACKAGE "util-linux"
#define VERSION "2.40.2"
#define HAVE_DLFCN_H 1
#define LT_OBJDIR ".libs/"
#define HAVE_STRUCT_TM_TM_ZONE 1
#define HAVE_TM_ZONE 1
#define HAVE_ICONV 1
#define HAVE_LINUX_BLKPG_H 1
#define HAVE_LINUX_MAJOR_H 1
#define HAVE_ASM_GENERIC_FCNTL_H 1
#define HAVE_ASM_FCNTL_H 1
#define HAVE_BYTESWAP_H 1
#define HAVE_ENDIAN_H 1
#define HAVE_ERR_H 1
#define HAVE_ERRNO_H 1
#define HAVE_FCNTL_H 1
#define HAVE_GETOPT_H 1
#define HAVE_INTTYPES_H 1
#define HAVE_LASTLOG_H 1
#define HAVE_LINUX_BLKZONED_H 1
#define HAVE_LINUX_BTRFS_H 1
#define HAVE_LINUX_CAPABILITY_H 1
#define HAVE_LINUX_CDROM_H 1
#define HAVE_LINUX_FALLOC_H 1
#define HAVE_LINUX_FD_H 1
#define HAVE_LINUX_FIEMAP_H 1
#define HAVE_LINUX_LANDLOCK_H 1
#define HAVE_LINUX_KCMP_H 1
#define HAVE_LINUX_NET_NAMESPACE_H 1
#define HAVE_LINUX_NSFS_H 1
#define HAVE_LINUX_PR_H 1
#define HAVE_LINUX_SECUREBITS_H 1
#define HAVE_LINUX_TIOCL_H 1
#define HAVE_LINUX_VERSION_H 1
#define HAVE_LINUX_WATCHDOG_H 1
#define HAVE_LINUX_IF_ALG_H 1
#define HAVE_LOCALE_H 1
#define HAVE_MNTENT_H 1
#define HAVE_NET_IF_H 1
#define HAVE_NETINET_IN_H 1
#define HAVE_PATHS_H 1
#define HAVE_PTY_H 1
#define HAVE_SECURITY_PAM_APPL_H 1
#define HAVE_SECURITY_PAM_MODULES_H 1
#define HAVE_SHADOW_H 1
#define HAVE_STDINT_H 1
#define HAVE_STDIO_EXT_H 1
#define HAVE_STDLIB_H 1
#define HAVE_SYS_FILE_H 1
#define HAVE_SYS_IOCTL_H 1
#define HAVE_SYS_IO_H 1
#define HAVE_SYS_MOUNT_H 1
#define HAVE_SYS_PARAM_H 1
#define HAVE_SYS_PRCTL_H 1
#define HAVE_SYS_RESOURCE_H 1
#define HAVE_SYS_SENDFILE_H 1
#define HAVE_SYS_SIGNALFD_H 1
#define HAVE_SYS_SOCKET_H 1
#define HAVE_SYS_STAT_H 1
#define HAVE_SYS_STATFS_H 1
#define HAVE_SYS_SWAP_H 1
#define HAVE_SYS_SYSCALL_H 1
#define HAVE_SYS_SYSMACROS_H 1
#define HAVE_SYS_TIME_H 1
#define HAVE_SYS_TIMEX_H 1
#define HAVE_SYS_TTYDEFAULTS_H 1
#define HAVE_SYS_TYPES_H 1
#define HAVE_SYS_UN_H 1
#define HAVE_SYS_VFS_H 1
#define HAVE_SYS_XATTR_H 1
#define HAVE_UNISTD_H 1
#define HAVE_UTMP_H 1
#define HAVE_UTMPX_H 1
#define HAVE_LINUX_FS_H 1
#define HAVE_LINUX_MOUNT_H 1
#define HAVE_LINUX_GSMMUX_H 1
#define HAVE_SECURITY_PAM_MISC_H 1
#define HAVE_DECL_BLK_ZONE_REP_CAPACITY 1
#define HAVE_DECL_PR_REP_CAPACITY 0
#define HAVE_LANGINFO_H 1
#define HAVE_TM_GMTOFF 1
#define HAVE_STRUCT_MOUNT_ATTR 1
#define HAVE_ENUM_FSCONFIG_COMMAND 1
#define HAVE_STRUCT_TERMIOS_C_LINE 1
#define HAVE_STRUCT_STAT_ST_MTIM_TV_NSEC 1
#define HAVE_STRUCT_STATX 1
#define HAVE_STRUCT_STATX_STX_MNT_ID 1
#define HAVE_DECL__NL_TIME_WEEK_1STDAY 0
#define HAVE_ENVIRON_DECL 1
#define HAVE_STRSIGNAL_DECL 1
#define HAVE_CLEARENV 1
#define HAVE_EACCESS 1
#define HAVE_ERR 1
#define HAVE_ERRX 1
#define HAVE_EXPLICIT_BZERO 1
#define HAVE___FPENDING 1
#define HAVE___FPURGE 1
#define HAVE_FPURGE 1
#define HAVE_FNMATCH 1
#define HAVE_FSYNC 1
#define HAVE_GETDOMAINNAME 1
#define HAVE_GETDTABLESIZE 1
#define HAVE_GETRANDOM 1
#define HAVE_GETRLIMIT 1
#define HAVE_INOTIFY_INIT 1
#define HAVE_JRAND48 1
#define HAVE_LCHOWN 1
#define HAVE_LGETXATTR 1
#define HAVE_LLISTXATTR 1
#define HAVE_NEWLOCALE 1
#define HAVE_MEMPCPY 1
#define HAVE_MKOSTEMP 1
#define HAVE_NANOSLEEP 1
#define HAVE_PERSONALITY 1
#define HAVE_POSIX_FADVISE 1
#define HAVE_PRCTL 1
#define HAVE_QSORT_R 1
#define HAVE_REALLOCARRAY 1
#define HAVE_RENAMEAT2 1
#define HAVE_SCHED_SETSCHEDULER 1
#define HAVE_SECURE_GETENV 1
#define HAVE_SENDFILE 1
#define HAVE_SETRESGID 1
#define HAVE_SETRESUID 1
#define HAVE_SIGQUEUE 1
#define HAVE_SRANDOM 1
#define HAVE_STATX 1
#define HAVE_STRNDUP 1
#define HAVE_STRNLEN 1
#define HAVE_STRTOD_L 1
#define HAVE_SYSCONF 1
#define HAVE_SYSINFO 1
#define HAVE_TIMEGM 1
#define HAVE_USLEEP 1
#define HAVE_USELOCALE 1
#define HAVE_UTIMENSAT 1
#define HAVE_VWARNX 1
#define HAVE_WARN 1
#define HAVE_WARNX 1
#define HAVE_FSEEKO 1
#define HAVE_FUTIMENS 1
#define HAVE_GETUSERSHELL 1
#define HAVE_INOTIFY_INIT1 1
#define HAVE_IOPERM 1
#define HAVE_IOPL 1
#define HAVE_OPENAT 1
#define HAVE_FSTATAT 1
#define HAVE_UNLINKAT 1
#define HAVE_OPEN_MEMSTREAM 1
#define HAVE_REBOOT 1
#define HAVE_UPDWTMPX 1
#define HAVE_UPDWTMPX 1
#define HAVE_MOUNTFD_API 1
#define HAVE_CLOCK_GETTIME 1
#define HAVE_TIMER_CREATE 1
#define HAVE_DIRFD 1
#define HAVE_PROGRAM_INVOCATION_SHORT_NAME 1
#define HAVE___PROGNAME 1
#define HAVE_OPAL_GET_STATUS 1
#define HAVE_TLS 1
#define HAVE_LIBUTIL 1
#define HAVE_PTY 1
#define HAVE_CPU_SET_T 1
#define HAVE_SIGHANDLER_T 1
#define HAVE_DECL_CPU_ALLOC 1
#define HAVE_CRYPT_H 1
#define HAVE_NCURSES_H 1
#define HAVE_TERM_H 1
#define HAVE_LIBNCURSESW 1
#define HAVE_USE_DEFAULT_COLORS 1
#define HAVE_RESIZETERM 1
#define HAVE_LIBTINFO 1
#define HAVE_LIBUUID 1
#define LIBLASTLOG2_VERSION "2.40.2"
#define LIBBLKID_VERSION "2.40.2"
#define LIBBLKID_DATE "04-Jul-2024"
#define HAVE_LIBBLKID 1
#define HAVE_LIBMOUNT 1
#define USE_LIBMOUNT_SUPPORT_NAMESPACES 1
#define LIBMOUNT_VERSION "2.40.2"
#define USE_LIBMOUNT_MOUNTFD_SUPPORT 1
#define LIBSMARTCOLS_VERSION "2.40.2"
#define LIBFDISK_VERSION "2.40.2"
#define HAVE_UUIDD 1
#define HAVE_FALLOCATE 1
#define HAVE_POSIX_FALLOCATE 1
#define HAVE_UNSHARE 1
#define HAVE_SETNS 1
#define HAVE_LIBCAP_NG 1
#define AGETTY_RELOAD 1
#define USE_PLYMOUTH_SUPPORT 1
#define USE_HWCLOCK_CMOS 1
#define USE_HWCLOCK_GPLv3_DATETIME 1
#define HAVE_SWAPON 1
#define HAVE_SWAPOFF 1
#define HAVE_PRLIMIT 1
#define CHFN_CHSH_PASSWORD 1
#define ONLY_LISTED_SHELLS 1
#define HAVE_BTRFS_SUPPORT 1
#define PG_BELL 1
#define FS_SEARCH_PATH "/sbin:/sbin/fs.d:/sbin/fs"
#define USE_TTY_GROUP 1
#define USE_COLORS_BY_DEFAULT 1
#define CONFIG_ADJTIME_PATH "/etc/adjtime"

configure: exit 0
