This file contains any messages produced by compilers while
running configure, to aid debugging if configure makes a mistake.

It was created by GNU Awk configure 5.4.1, which was
generated by GNU Autoconf 2.71.  Invocation command line was

  $ ./configure --prefix=/usr --disable-nls

## --------- ##
## Platform. ##
## --------- ##

hostname = nobara-laptop
uname -m = x86_64
uname -r = 7.1.4-200.nobara.fc44.x86_64
uname -s = Linux
uname -v = #1 SMP PREEMPT_DYNAMIC Mon Jul 20 03:39:43 UTC 2026

/usr/bin/uname -p = unknown
/bin/uname -X     = unknown

/bin/arch              = x86_64
/usr/bin/arch -k       = unknown
/usr/convex/getsysinfo = unknown
/usr/bin/hostinfo      = unknown
/bin/machine           = unknown
/usr/bin/oslevel       = unknown
/bin/universe          = unknown

PATH: /home/sonakrie/.local/bin/
PATH: /home/sonakrie/bin/
PATH: /usr/local/sbin/
PATH: /usr/local/bin/
PATH: /usr/sbin/
PATH: /usr/bin/
PATH: /sbin/
PATH: /bin/


## ----------- ##
## Core tests. ##
## ----------- ##

configure:2835: looking for aux files: config.rpath ar-lib compile config.guess config.sub missing install-sh
configure:2848:  trying ./build-aux/
configure:2877:   ./build-aux/config.rpath found
configure:2877:   ./build-aux/ar-lib found
configure:2877:   ./build-aux/compile found
configure:2877:   ./build-aux/config.guess found
configure:2877:   ./build-aux/config.sub found
configure:2877:   ./build-aux/missing found
configure:2859:   ./build-aux/install-sh found
configure:3026: checking for a BSD-compatible install
configure:3099: result: ./build-aux/install-sh -c
configure:3110: checking whether build environment is sane
configure:3165: result: yes
configure:3324: checking for a race-free mkdir -p
configure:3368: result: /bin/mkdir -p
configure:3375: checking for gawk
configure:3410: result: no
configure:3375: checking for mawk
configure:3410: result: no
configure:3375: checking for nawk
configure:3410: result: no
configure:3375: checking for awk
configure:3396: found /usr/bin/awk
configure:3407: result: awk
configure:3418: checking whether make sets $(MAKE)
configure:3441: result: yes
configure:3471: checking whether make supports nested variables
configure:3489: result: yes
configure:3717: checking build system type
configure:3732: result: x86_64-pc-linux-musl
configure:3752: checking host system type
configure:3766: result: x86_64-pc-linux-musl
configure:3893: checking whether make supports the include directive
configure:3908: make -f confmf.GNU && cat confinc.out
this is the am__doit target
configure:3911: $? = 0
configure:3930: result: yes (GNU style)
configure:4006: checking for gcc
configure:4027: found /usr/bin/gcc
configure:4038: result: gcc
configure:4391: checking for C compiler version
configure:4400: gcc --version >&5
gcc (Alpine 15.2.0) 15.2.0
Copyright (C) 2025 Free Software Foundation, Inc.
This is free software; see the source for copying conditions.  There is NO
warranty; not even for MERCHANTABILITY or FITNESS FOR A PARTICULAR PURPOSE.

configure:4411: $? = 0
configure:4400: gcc -v >&5
Using built-in specs.
COLLECT_GCC=gcc
COLLECT_LTO_WRAPPER=/usr/libexec/gcc/x86_64-alpine-linux-musl/15.2.0/lto-wrapper
Target: x86_64-alpine-linux-musl
Configured with: /home/buildozer/aports/main/gcc/src/gcc-15.2.0/configure --prefix=/usr --mandir=/usr/share/man --infodir=/usr/share/info --build=x86_64-alpine-linux-musl --host=x86_64-alpine-linux-musl --target=x86_64-alpine-linux-musl --enable-checking=release --disable-cet --disable-fixed-point --disable-libstdcxx-pch --disable-multilib --disable-nls --disable-werror --disable-symvers --enable-__cxa_atexit --enable-default-pie --enable-default-ssp --enable-languages=c,c++,d,objc,go,fortran,ada --enable-link-serialization=2 --enable-linker-build-id --disable-libssp --enable-libsanitizer --enable-shared --enable-threads --enable-tls --with-bugurl=https://gitlab.alpinelinux.org/alpine/aports/-/issues --with-system-zlib --with-linker-hash-style=gnu --with-pkgversion='Alpine 15.2.0'
Thread model: posix
Supported LTO compression algorithms: zlib
gcc version 15.2.0 (Alpine 15.2.0) 
configure:4411: $? = 0
configure:4400: gcc -V >&5
gcc: error: unrecognized command-line option '-V'
gcc: fatal error: no input files
compilation terminated.
configure:4411: $? = 1
configure:4400: gcc -qversion >&5
gcc: error: unrecognized command-line option '-qversion'; did you mean '--version'?
gcc: fatal error: no input files
compilation terminated.
configure:4411: $? = 1
configure:4400: gcc -version >&5
gcc: error: unrecognized command-line option '-version'
gcc: fatal error: no input files
compilation terminated.
configure:4411: $? = 1
configure:4431: checking whether the C compiler works
configure:4453: gcc    conftest.c  >&5
configure:4457: $? = 0
configure:4507: result: yes
configure:4510: checking for C compiler default output file name
configure:4512: result: a.out
configure:4518: checking for suffix of executables
configure:4525: gcc -o conftest    conftest.c  >&5
configure:4529: $? = 0
configure:4552: result: 
configure:4574: checking whether we are cross compiling
configure:4582: gcc -o conftest    conftest.c  >&5
configure:4586: $? = 0
configure:4593: ./conftest
configure:4597: $? = 0
configure:4612: result: no
configure:4617: checking for suffix of object files
configure:4640: gcc -c   conftest.c >&5
configure:4644: $? = 0
configure:4666: result: o
configure:4670: checking whether the compiler supports GNU C
configure:4690: gcc -c   conftest.c >&5
configure:4690: $? = 0
configure:4700: result: yes
configure:4711: checking whether gcc accepts -g
configure:4732: gcc -c -g  conftest.c >&5
configure:4732: $? = 0
configure:4776: result: yes
configure:4796: checking for gcc option to enable C11 features
configure:4811: gcc  -c -g -O2  conftest.c >&5
conftest.c: In function 'e':
conftest.c:25:14: warning: old-style function definition [-Wold-style-definition]
   25 | static char *e (p, i)
      |              ^
configure:4811: $? = 0
configure:4829: result: none needed
configure:4945: checking whether gcc understands -c and -o together
configure:4968: gcc -c conftest.c -o conftest2.o
configure:4971: $? = 0
configure:4968: gcc -c conftest.c -o conftest2.o
configure:4971: $? = 0
configure:4983: result: yes
configure:5002: checking dependency style of gcc
configure:5114: result: gcc3
configure:5134: checking for stdio.h
configure:5134: gcc -c -g -O2  conftest.c >&5
configure:5134: $? = 0
configure:5134: result: yes
configure:5134: checking for stdlib.h
configure:5134: gcc -c -g -O2  conftest.c >&5
configure:5134: $? = 0
configure:5134: result: yes
configure:5134: checking for string.h
configure:5134: gcc -c -g -O2  conftest.c >&5
configure:5134: $? = 0
configure:5134: result: yes
configure:5134: checking for inttypes.h
configure:5134: gcc -c -g -O2  conftest.c >&5
configure:5134: $? = 0
configure:5134: result: yes
configure:5134: checking for stdint.h
configure:5134: gcc -c -g -O2  conftest.c >&5
configure:5134: $? = 0
configure:5134: result: yes
configure:5134: checking for strings.h
configure:5134: gcc -c -g -O2  conftest.c >&5
configure:5134: $? = 0
configure:5134: result: yes
configure:5134: checking for sys/stat.h
configure:5134: gcc -c -g -O2  conftest.c >&5
configure:5134: $? = 0
configure:5134: result: yes
configure:5134: checking for sys/types.h
configure:5134: gcc -c -g -O2  conftest.c >&5
configure:5134: $? = 0
configure:5134: result: yes
configure:5134: checking for unistd.h
configure:5134: gcc -c -g -O2  conftest.c >&5
configure:5134: $? = 0
configure:5134: result: yes
configure:5134: checking for wchar.h
configure:5134: gcc -c -g -O2  conftest.c >&5
configure:5134: $? = 0
configure:5134: result: yes
configure:5134: checking for minix/config.h
configure:5134: gcc -c -g -O2  conftest.c >&5
conftest.c:49:10: fatal error: minix/config.h: No such file or directory
   49 | #include <minix/config.h>
      |          ^~~~~~~~~~~~~~~~
compilation terminated.
configure:5134: $? = 1
configure: failed program was:
| /* confdefs.h */
| #define PACKAGE_NAME "GNU Awk"
| #define PACKAGE_TARNAME "gawk"
| #define PACKAGE_VERSION "5.4.1"
| #define PACKAGE_STRING "GNU Awk 5.4.1"
| #define PACKAGE_BUGREPORT "bug-gawk@gnu.org"
| #define PACKAGE_URL "https://www.gnu.org/software/gawk/"
| #define PACKAGE "gawk"
| #define VERSION "5.4.1"
| #define HAVE_STDIO_H 1
| #define HAVE_STDLIB_H 1
| #define HAVE_STRING_H 1
| #define HAVE_INTTYPES_H 1
| #define HAVE_STDINT_H 1
| #define HAVE_STRINGS_H 1
| #define HAVE_SYS_STAT_H 1
| #define HAVE_SYS_TYPES_H 1
| #define HAVE_UNISTD_H 1
| #define HAVE_WCHAR_H 1
| /* end confdefs.h.  */
| #include <stddef.h>
| #ifdef HAVE_STDIO_H
| # include <stdio.h>
| #endif
| #ifdef HAVE_STDLIB_H
| # include <stdlib.h>
| #endif
| #ifdef HAVE_STRING_H
| # include <string.h>
| #endif
| #ifdef HAVE_INTTYPES_H
| # include <inttypes.h>
| #endif
| #ifdef HAVE_STDINT_H
| # include <stdint.h>
| #endif
| #ifdef HAVE_STRINGS_H
| # include <strings.h>
| #endif
| #ifdef HAVE_SYS_TYPES_H
| # include <sys/types.h>
| #endif
| #ifdef HAVE_SYS_STAT_H
| # include <sys/stat.h>
| #endif
| #ifdef HAVE_UNISTD_H
| # include <unistd.h>
| #endif
| #include <minix/config.h>
configure:5134: result: no
configure:5134: checking for stdbool.h
configure:5134: gcc -c -g -O2  conftest.c >&5
configure:5134: $? = 0
configure:5134: result: yes
configure:5134: checking for sys/time.h
configure:5134: gcc -c -g -O2  conftest.c >&5
configure:5134: $? = 0
configure:5134: result: yes
configure:5165: checking whether it is safe to define __EXTENSIONS__
configure:5184: gcc -c -g -O2  conftest.c >&5
configure:5184: $? = 0
configure:5192: result: yes
configure:5195: checking whether _XOPEN_SOURCE should be defined
configure:5217: gcc -c -g -O2  conftest.c >&5
configure:5217: $? = 0
configure:5244: result: no
configure:5301: checking for grep that handles long lines and -e
configure:5365: result: /bin/grep
configure:5370: checking for egrep
configure:5438: result: /bin/grep -E
configure:5447: checking for bison
configure:5468: found /usr/bin/bison
configure:5479: result: bison -y
configure:5491: checking whether ln -s works
configure:5495: result: yes
configure:5555: checking for gcc
configure:5587: result: gcc
configure:5940: checking for C compiler version
configure:5949: gcc --version >&5
gcc (Alpine 15.2.0) 15.2.0
Copyright (C) 2025 Free Software Foundation, Inc.
This is free software; see the source for copying conditions.  There is NO
warranty; not even for MERCHANTABILITY or FITNESS FOR A PARTICULAR PURPOSE.

configure:5960: $? = 0
configure:5949: gcc -v >&5
Using built-in specs.
COLLECT_GCC=gcc
COLLECT_LTO_WRAPPER=/usr/libexec/gcc/x86_64-alpine-linux-musl/15.2.0/lto-wrapper
Target: x86_64-alpine-linux-musl
Configured with: /home/buildozer/aports/main/gcc/src/gcc-15.2.0/configure --prefix=/usr --mandir=/usr/share/man --infodir=/usr/share/info --build=x86_64-alpine-linux-musl --host=x86_64-alpine-linux-musl --target=x86_64-alpine-linux-musl --enable-checking=release --disable-cet --disable-fixed-point --disable-libstdcxx-pch --disable-multilib --disable-nls --disable-werror --disable-symvers --enable-__cxa_atexit --enable-default-pie --enable-default-ssp --enable-languages=c,c++,d,objc,go,fortran,ada --enable-link-serialization=2 --enable-linker-build-id --disable-libssp --enable-libsanitizer --enable-shared --enable-threads --enable-tls --with-bugurl=https://gitlab.alpinelinux.org/alpine/aports/-/issues --with-system-zlib --with-linker-hash-style=gnu --with-pkgversion='Alpine 15.2.0'
Thread model: posix
Supported LTO compression algorithms: zlib
gcc version 15.2.0 (Alpine 15.2.0) 
configure:5960: $? = 0
configure:5949: gcc -V >&5
gcc: error: unrecognized command-line option '-V'
gcc: fatal error: no input files
compilation terminated.
configure:5960: $? = 1
configure:5949: gcc -qversion >&5
gcc: error: unrecognized command-line option '-qversion'; did you mean '--version'?
gcc: fatal error: no input files
compilation terminated.
configure:5960: $? = 1
configure:5949: gcc -version >&5
gcc: error: unrecognized command-line option '-version'
gcc: fatal error: no input files
compilation terminated.
configure:5960: $? = 1
configure:5964: checking whether the compiler supports GNU C
configure:5994: result: yes
configure:6005: checking whether gcc accepts -g
configure:6070: result: yes
configure:6090: checking for gcc option to enable C11 features
configure:6123: result: none needed
configure:6239: checking whether gcc understands -c and -o together
configure:6277: result: yes
configure:6296: checking dependency style of gcc
configure:6408: result: gcc3
configure:6428: checking how to run the C preprocessor
configure:6454: gcc -E  conftest.c
configure:6454: $? = 0
configure:6469: gcc -E  conftest.c
conftest.c:40:10: fatal error: ac_nonexistent.h: No such file or directory
   40 | #include <ac_nonexistent.h>
      |          ^~~~~~~~~~~~~~~~~~
compilation terminated.
configure:6469: $? = 1
configure: failed program was:
| /* confdefs.h */
| #define PACKAGE_NAME "GNU Awk"
| #define PACKAGE_TARNAME "gawk"
| #define PACKAGE_VERSION "5.4.1"
| #define PACKAGE_STRING "GNU Awk 5.4.1"
| #define PACKAGE_BUGREPORT "bug-gawk@gnu.org"
| #define PACKAGE_URL "https://www.gnu.org/software/gawk/"
| #define PACKAGE "gawk"
| #define VERSION "5.4.1"
| #define HAVE_STDIO_H 1
| #define HAVE_STDLIB_H 1
| #define HAVE_STRING_H 1
| #define HAVE_INTTYPES_H 1
| #define HAVE_STDINT_H 1
| #define HAVE_STRINGS_H 1
| #define HAVE_SYS_STAT_H 1
| #define HAVE_SYS_TYPES_H 1
| #define HAVE_UNISTD_H 1
| #define HAVE_WCHAR_H 1
| #define HAVE_STDBOOL_H 1
| #define HAVE_SYS_TIME_H 1
| #define STDC_HEADERS 1
| #define _ALL_SOURCE 1
| #define _DARWIN_C_SOURCE 1
| #define _GNU_SOURCE 1
| #define _HPUX_ALT_XOPEN_SOCKET_API 1
| #define _NETBSD_SOURCE 1
| #define _OPENBSD_SOURCE 1
| #define _POSIX_PTHREAD_SEMANTICS 1
| #define __STDC_WANT_IEC_60559_ATTRIBS_EXT__ 1
| #define __STDC_WANT_IEC_60559_BFP_EXT__ 1
| #define __STDC_WANT_IEC_60559_DFP_EXT__ 1
| #define __STDC_WANT_IEC_60559_FUNCS_EXT__ 1
| #define __STDC_WANT_IEC_60559_TYPES_EXT__ 1
| #define __STDC_WANT_LIB_EXT2__ 1
| #define __STDC_WANT_MATH_SPEC_FUNCS__ 1
| #define _TANDEM_SOURCE 1
| #define __EXTENSIONS__ 1
| /* end confdefs.h.  */
| #include <ac_nonexistent.h>
configure:6496: result: gcc -E
configure:6510: gcc -E  conftest.c
configure:6510: $? = 0
configure:6525: gcc -E  conftest.c
conftest.c:40:10: fatal error: ac_nonexistent.h: No such file or directory
   40 | #include <ac_nonexistent.h>
      |          ^~~~~~~~~~~~~~~~~~
compilation terminated.
configure:6525: $? = 1
configure: failed program was:
| /* confdefs.h */
| #define PACKAGE_NAME "GNU Awk"
| #define PACKAGE_TARNAME "gawk"
| #define PACKAGE_VERSION "5.4.1"
| #define PACKAGE_STRING "GNU Awk 5.4.1"
| #define PACKAGE_BUGREPORT "bug-gawk@gnu.org"
| #define PACKAGE_URL "https://www.gnu.org/software/gawk/"
| #define PACKAGE "gawk"
| #define VERSION "5.4.1"
| #define HAVE_STDIO_H 1
| #define HAVE_STDLIB_H 1
| #define HAVE_STRING_H 1
| #define HAVE_INTTYPES_H 1
| #define HAVE_STDINT_H 1
| #define HAVE_STRINGS_H 1
| #define HAVE_SYS_STAT_H 1
| #define HAVE_SYS_TYPES_H 1
| #define HAVE_UNISTD_H 1
| #define HAVE_WCHAR_H 1
| #define HAVE_STDBOOL_H 1
| #define HAVE_SYS_TIME_H 1
| #define STDC_HEADERS 1
| #define _ALL_SOURCE 1
| #define _DARWIN_C_SOURCE 1
| #define _GNU_SOURCE 1
| #define _HPUX_ALT_XOPEN_SOCKET_API 1
| #define _NETBSD_SOURCE 1
| #define _OPENBSD_SOURCE 1
| #define _POSIX_PTHREAD_SEMANTICS 1
| #define __STDC_WANT_IEC_60559_ATTRIBS_EXT__ 1
| #define __STDC_WANT_IEC_60559_BFP_EXT__ 1
| #define __STDC_WANT_IEC_60559_DFP_EXT__ 1
| #define __STDC_WANT_IEC_60559_FUNCS_EXT__ 1
| #define __STDC_WANT_IEC_60559_TYPES_EXT__ 1
| #define __STDC_WANT_LIB_EXT2__ 1
| #define __STDC_WANT_MATH_SPEC_FUNCS__ 1
| #define _TANDEM_SOURCE 1
| #define __EXTENSIONS__ 1
| /* end confdefs.h.  */
| #include <ac_nonexistent.h>
configure:6557: checking for variable-length arrays
configure:6615: gcc -c -g -O2  conftest.c >&5
configure:6615: $? = 0
configure:6626: result: yes
configure:6643: checking how to run the C preprocessor
configure:6711: result: gcc -E
configure:6725: gcc -E  conftest.c
configure:6725: $? = 0
configure:6740: gcc -E  conftest.c
conftest.c:41:10: fatal error: ac_nonexistent.h: No such file or directory
   41 | #include <ac_nonexistent.h>
      |          ^~~~~~~~~~~~~~~~~~
compilation terminated.
configure:6740: $? = 1
configure: failed program was:
| /* confdefs.h */
| #define PACKAGE_NAME "GNU Awk"
| #define PACKAGE_TARNAME "gawk"
| #define PACKAGE_VERSION "5.4.1"
| #define PACKAGE_STRING "GNU Awk 5.4.1"
| #define PACKAGE_BUGREPORT "bug-gawk@gnu.org"
| #define PACKAGE_URL "https://www.gnu.org/software/gawk/"
| #define PACKAGE "gawk"
| #define VERSION "5.4.1"
| #define HAVE_STDIO_H 1
| #define HAVE_STDLIB_H 1
| #define HAVE_STRING_H 1
| #define HAVE_INTTYPES_H 1
| #define HAVE_STDINT_H 1
| #define HAVE_STRINGS_H 1
| #define HAVE_SYS_STAT_H 1
| #define HAVE_SYS_TYPES_H 1
| #define HAVE_UNISTD_H 1
| #define HAVE_WCHAR_H 1
| #define HAVE_STDBOOL_H 1
| #define HAVE_SYS_TIME_H 1
| #define STDC_HEADERS 1
| #define _ALL_SOURCE 1
| #define _DARWIN_C_SOURCE 1
| #define _GNU_SOURCE 1
| #define _HPUX_ALT_XOPEN_SOCKET_API 1
| #define _NETBSD_SOURCE 1
| #define _OPENBSD_SOURCE 1
| #define _POSIX_PTHREAD_SEMANTICS 1
| #define __STDC_WANT_IEC_60559_ATTRIBS_EXT__ 1
| #define __STDC_WANT_IEC_60559_BFP_EXT__ 1
| #define __STDC_WANT_IEC_60559_DFP_EXT__ 1
| #define __STDC_WANT_IEC_60559_FUNCS_EXT__ 1
| #define __STDC_WANT_IEC_60559_TYPES_EXT__ 1
| #define __STDC_WANT_LIB_EXT2__ 1
| #define __STDC_WANT_MATH_SPEC_FUNCS__ 1
| #define _TANDEM_SOURCE 1
| #define __EXTENSIONS__ 1
| #define HAVE_C_VARARRAYS 1
| /* end confdefs.h.  */
| #include <ac_nonexistent.h>
configure:6818: checking for ranlib
configure:6839: found /usr/bin/ranlib
configure:6850: result: ranlib
configure:6877: checking whether make sets $(MAKE)
configure:6900: result: yes
configure:6966: checking for ar
configure:6987: found /usr/bin/ar
configure:6998: result: ar
configure:7024: checking the archiver (ar) interface
configure:7041: gcc -c -g -O2  conftest.c >&5
configure:7041: $? = 0
configure:7044: ar cru libconftest.a conftest.o >&5
ar: `u' modifier ignored since `D' is the default (see `U')
configure:7047: $? = 0
configure:7075: result: ar
configure:7102: checking for special development options
configure:7123: result: no
configure:7133: checking for z/OS USS compilation
configure:7148: result: no
configure:7226: checking for library containing strerror
configure:7256: gcc -o conftest -g -O2   conftest.c  >&5
configure:7256: $? = 0
configure:7276: result: none required
configure:7293: checking for special C compiler options needed for large files
configure:7341: result: no
configure:7347: checking for _FILE_OFFSET_BITS value needed for large files
configure:7373: gcc -c -g -O2  conftest.c >&5
configure:7373: $? = 0
configure:7407: result: no
configure:7490: checking if we are using EBCDIC
configure:7510: result: no
configure:7525: checking for a sed that does not truncate output
configure:7595: result: /bin/sed
configure:7601: checking whether NLS is requested
configure:7611: result: no
configure:7651: checking for msgfmt
configure:7668: trying /usr/bin/msgfmt...
0 translated messages.
configure:7684: result: /usr/bin/msgfmt
configure:7693: checking for gmsgfmt
configure:7729: result: /usr/bin/msgfmt
configure:7774: checking for xgettext
configure:7791: trying /usr/bin/xgettext...
/usr/bin/xgettext: warning: file '/dev/null' extension '' is unknown; will try C
configure:7807: result: /usr/bin/xgettext
configure:7852: checking for msgmerge
configure:7869: trying /usr/bin/msgmerge...
configure:7884: result: /usr/bin/msgmerge
configure:7952: checking for ld used by gcc
configure:8080: result: /usr/x86_64-alpine-linux-musl/bin/ld
configure:8087: checking if the linker (/usr/x86_64-alpine-linux-musl/bin/ld) is GNU ld
configure:8103: result: yes
configure:8111: checking for shared library run path origin
configure:8125: result: done
configure:8147: checking 32-bit host C ABI
configure:8200: gcc -c -g -O2  conftest.c >&5
configure:8200: $? = 0
configure:8212: result: no
configure:8221: checking for ELF binary format
configure:8245: result: yes
configure:8297: checking for the common suffixes of directories in the library search path
configure:8373: result: lib,lib,lib
configure:8898: checking for CFPreferencesCopyAppValue
configure:8917: gcc -o conftest -g -O2   conftest.c  -Wl,-framework -Wl,CoreFoundation >&5
conftest.c:41:10: fatal error: CoreFoundation/CFPreferences.h: No such file or directory
   41 | #include <CoreFoundation/CFPreferences.h>
      |          ^~~~~~~~~~~~~~~~~~~~~~~~~~~~~~~~
compilation terminated.
configure:8917: $? = 1
configure: failed program was:
| /* confdefs.h */
| #define PACKAGE_NAME "GNU Awk"
| #define PACKAGE_TARNAME "gawk"
| #define PACKAGE_VERSION "5.4.1"
| #define PACKAGE_STRING "GNU Awk 5.4.1"
| #define PACKAGE_BUGREPORT "bug-gawk@gnu.org"
| #define PACKAGE_URL "https://www.gnu.org/software/gawk/"
| #define PACKAGE "gawk"
| #define VERSION "5.4.1"
| #define HAVE_STDIO_H 1
| #define HAVE_STDLIB_H 1
| #define HAVE_STRING_H 1
| #define HAVE_INTTYPES_H 1
| #define HAVE_STDINT_H 1
| #define HAVE_STRINGS_H 1
| #define HAVE_SYS_STAT_H 1
| #define HAVE_SYS_TYPES_H 1
| #define HAVE_UNISTD_H 1
| #define HAVE_WCHAR_H 1
| #define HAVE_STDBOOL_H 1
| #define HAVE_SYS_TIME_H 1
| #define STDC_HEADERS 1
| #define _ALL_SOURCE 1
| #define _DARWIN_C_SOURCE 1
| #define _GNU_SOURCE 1
| #define _HPUX_ALT_XOPEN_SOCKET_API 1
| #define _NETBSD_SOURCE 1
| #define _OPENBSD_SOURCE 1
| #define _POSIX_PTHREAD_SEMANTICS 1
| #define __STDC_WANT_IEC_60559_ATTRIBS_EXT__ 1
| #define __STDC_WANT_IEC_60559_BFP_EXT__ 1
| #define __STDC_WANT_IEC_60559_DFP_EXT__ 1
| #define __STDC_WANT_IEC_60559_FUNCS_EXT__ 1
| #define __STDC_WANT_IEC_60559_TYPES_EXT__ 1
| #define __STDC_WANT_LIB_EXT2__ 1
| #define __STDC_WANT_MATH_SPEC_FUNCS__ 1
| #define _TANDEM_SOURCE 1
| #define __EXTENSIONS__ 1
| #define HAVE_C_VARARRAYS 1
| /* end confdefs.h.  */
| #include <CoreFoundation/CFPreferences.h>
| int
| main (void)
| {
| CFPreferencesCopyAppValue(NULL, NULL)
|   ;
|   return 0;
| }
configure:8927: result: no
configure:8934: checking for CFLocaleCopyPreferredLanguages
configure:8953: gcc -o conftest -g -O2   conftest.c  -Wl,-framework -Wl,CoreFoundation >&5
conftest.c:41:10: fatal error: CoreFoundation/CFLocale.h: No such file or directory
   41 | #include <CoreFoundation/CFLocale.h>
      |          ^~~~~~~~~~~~~~~~~~~~~~~~~~~
compilation terminated.
configure:8953: $? = 1
configure: failed program was:
| /* confdefs.h */
| #define PACKAGE_NAME "GNU Awk"
| #define PACKAGE_TARNAME "gawk"
| #define PACKAGE_VERSION "5.4.1"
| #define PACKAGE_STRING "GNU Awk 5.4.1"
| #define PACKAGE_BUGREPORT "bug-gawk@gnu.org"
| #define PACKAGE_URL "https://www.gnu.org/software/gawk/"
| #define PACKAGE "gawk"
| #define VERSION "5.4.1"
| #define HAVE_STDIO_H 1
| #define HAVE_STDLIB_H 1
| #define HAVE_STRING_H 1
| #define HAVE_INTTYPES_H 1
| #define HAVE_STDINT_H 1
| #define HAVE_STRINGS_H 1
| #define HAVE_SYS_STAT_H 1
| #define HAVE_SYS_TYPES_H 1
| #define HAVE_UNISTD_H 1
| #define HAVE_WCHAR_H 1
| #define HAVE_STDBOOL_H 1
| #define HAVE_SYS_TIME_H 1
| #define STDC_HEADERS 1
| #define _ALL_SOURCE 1
| #define _DARWIN_C_SOURCE 1
| #define _GNU_SOURCE 1
| #define _HPUX_ALT_XOPEN_SOCKET_API 1
| #define _NETBSD_SOURCE 1
| #define _OPENBSD_SOURCE 1
| #define _POSIX_PTHREAD_SEMANTICS 1
| #define __STDC_WANT_IEC_60559_ATTRIBS_EXT__ 1
| #define __STDC_WANT_IEC_60559_BFP_EXT__ 1
| #define __STDC_WANT_IEC_60559_DFP_EXT__ 1
| #define __STDC_WANT_IEC_60559_FUNCS_EXT__ 1
| #define __STDC_WANT_IEC_60559_TYPES_EXT__ 1
| #define __STDC_WANT_LIB_EXT2__ 1
| #define __STDC_WANT_MATH_SPEC_FUNCS__ 1
| #define _TANDEM_SOURCE 1
| #define __EXTENSIONS__ 1
| #define HAVE_C_VARARRAYS 1
| /* end confdefs.h.  */
| #include <CoreFoundation/CFLocale.h>
| int
| main (void)
| {
| CFLocaleCopyPreferredLanguages();
|   ;
|   return 0;
| }
configure:8963: result: no
configure:9981: checking whether to use NLS
configure:9983: result: no
configure:10056: checking for nl_langinfo and CODESET
configure:10073: gcc -o conftest -g -O2   conftest.c  >&5
configure:10073: $? = 0
configure:10083: result: yes
configure:10092: checking for LC_MESSAGES
configure:10109: gcc -o conftest -g -O2   conftest.c  >&5
configure:10109: $? = 0
configure:10118: result: yes
configure:10127: checking for arpa/inet.h
configure:10127: gcc -c -g -O2  conftest.c >&5
configure:10127: $? = 0
configure:10127: result: yes
configure:10133: checking for fcntl.h
configure:10133: gcc -c -g -O2  conftest.c >&5
configure:10133: $? = 0
configure:10133: result: yes
configure:10139: checking for locale.h
configure:10139: gcc -c -g -O2  conftest.c >&5
configure:10139: $? = 0
configure:10139: result: yes
configure:10145: checking for libintl.h
configure:10145: gcc -c -g -O2  conftest.c >&5
conftest.c:74:10: fatal error: libintl.h: No such file or directory
   74 | #include <libintl.h>
      |          ^~~~~~~~~~~
compilation terminated.
configure:10145: $? = 1
configure: failed program was:
| /* confdefs.h */
| #define PACKAGE_NAME "GNU Awk"
| #define PACKAGE_TARNAME "gawk"
| #define PACKAGE_VERSION "5.4.1"
| #define PACKAGE_STRING "GNU Awk 5.4.1"
| #define PACKAGE_BUGREPORT "bug-gawk@gnu.org"
| #define PACKAGE_URL "https://www.gnu.org/software/gawk/"
| #define PACKAGE "gawk"
| #define VERSION "5.4.1"
| #define HAVE_STDIO_H 1
| #define HAVE_STDLIB_H 1
| #define HAVE_STRING_H 1
| #define HAVE_INTTYPES_H 1
| #define HAVE_STDINT_H 1
| #define HAVE_STRINGS_H 1
| #define HAVE_SYS_STAT_H 1
| #define HAVE_SYS_TYPES_H 1
| #define HAVE_UNISTD_H 1
| #define HAVE_WCHAR_H 1
| #define HAVE_STDBOOL_H 1
| #define HAVE_SYS_TIME_H 1
| #define STDC_HEADERS 1
| #define _ALL_SOURCE 1
| #define _DARWIN_C_SOURCE 1
| #define _GNU_SOURCE 1
| #define _HPUX_ALT_XOPEN_SOCKET_API 1
| #define _NETBSD_SOURCE 1
| #define _OPENBSD_SOURCE 1
| #define _POSIX_PTHREAD_SEMANTICS 1
| #define __STDC_WANT_IEC_60559_ATTRIBS_EXT__ 1
| #define __STDC_WANT_IEC_60559_BFP_EXT__ 1
| #define __STDC_WANT_IEC_60559_DFP_EXT__ 1
| #define __STDC_WANT_IEC_60559_FUNCS_EXT__ 1
| #define __STDC_WANT_IEC_60559_TYPES_EXT__ 1
| #define __STDC_WANT_LIB_EXT2__ 1
| #define __STDC_WANT_MATH_SPEC_FUNCS__ 1
| #define _TANDEM_SOURCE 1
| #define __EXTENSIONS__ 1
| #define HAVE_C_VARARRAYS 1
| #define HAVE_LANGINFO_CODESET 1
| #define HAVE_LC_MESSAGES 1
| #define HAVE_ARPA_INET_H 1
| #define HAVE_FCNTL_H 1
| #define HAVE_LOCALE_H 1
| /* end confdefs.h.  */
| #include <stddef.h>
| #ifdef HAVE_STDIO_H
| # include <stdio.h>
| #endif
| #ifdef HAVE_STDLIB_H
| # include <stdlib.h>
| #endif
| #ifdef HAVE_STRING_H
| # include <string.h>
| #endif
| #ifdef HAVE_INTTYPES_H
| # include <inttypes.h>
| #endif
| #ifdef HAVE_STDINT_H
| # include <stdint.h>
| #endif
| #ifdef HAVE_STRINGS_H
| # include <strings.h>
| #endif
| #ifdef HAVE_SYS_TYPES_H
| # include <sys/types.h>
| #endif
| #ifdef HAVE_SYS_STAT_H
| # include <sys/stat.h>
| #endif
| #ifdef HAVE_UNISTD_H
| # include <unistd.h>
| #endif
| #include <libintl.h>
configure:10145: result: no
configure:10151: checking for mcheck.h
configure:10151: gcc -c -g -O2  conftest.c >&5
conftest.c:74:10: fatal error: mcheck.h: No such file or directory
   74 | #include <mcheck.h>
      |          ^~~~~~~~~~
compilation terminated.
configure:10151: $? = 1
configure: failed program was:
| /* confdefs.h */
| #define PACKAGE_NAME "GNU Awk"
| #define PACKAGE_TARNAME "gawk"
| #define PACKAGE_VERSION "5.4.1"
| #define PACKAGE_STRING "GNU Awk 5.4.1"
| #define PACKAGE_BUGREPORT "bug-gawk@gnu.org"
| #define PACKAGE_URL "https://www.gnu.org/software/gawk/"
| #define PACKAGE "gawk"
| #define VERSION "5.4.1"
| #define HAVE_STDIO_H 1
| #define HAVE_STDLIB_H 1
| #define HAVE_STRING_H 1
| #define HAVE_INTTYPES_H 1
| #define HAVE_STDINT_H 1
| #define HAVE_STRINGS_H 1
| #define HAVE_SYS_STAT_H 1
| #define HAVE_SYS_TYPES_H 1
| #define HAVE_UNISTD_H 1
| #define HAVE_WCHAR_H 1
| #define HAVE_STDBOOL_H 1
| #define HAVE_SYS_TIME_H 1
| #define STDC_HEADERS 1
| #define _ALL_SOURCE 1
| #define _DARWIN_C_SOURCE 1
| #define _GNU_SOURCE 1
| #define _HPUX_ALT_XOPEN_SOCKET_API 1
| #define _NETBSD_SOURCE 1
| #define _OPENBSD_SOURCE 1
| #define _POSIX_PTHREAD_SEMANTICS 1
| #define __STDC_WANT_IEC_60559_ATTRIBS_EXT__ 1
| #define __STDC_WANT_IEC_60559_BFP_EXT__ 1
| #define __STDC_WANT_IEC_60559_DFP_EXT__ 1
| #define __STDC_WANT_IEC_60559_FUNCS_EXT__ 1
| #define __STDC_WANT_IEC_60559_TYPES_EXT__ 1
| #define __STDC_WANT_LIB_EXT2__ 1
| #define __STDC_WANT_MATH_SPEC_FUNCS__ 1
| #define _TANDEM_SOURCE 1
| #define __EXTENSIONS__ 1
| #define HAVE_C_VARARRAYS 1
| #define HAVE_LANGINFO_CODESET 1
| #define HAVE_LC_MESSAGES 1
| #define HAVE_ARPA_INET_H 1
| #define HAVE_FCNTL_H 1
| #define HAVE_LOCALE_H 1
| /* end confdefs.h.  */
| #include <stddef.h>
| #ifdef HAVE_STDIO_H
| # include <stdio.h>
| #endif
| #ifdef HAVE_STDLIB_H
| # include <stdlib.h>
| #endif
| #ifdef HAVE_STRING_H
| # include <string.h>
| #endif
| #ifdef HAVE_INTTYPES_H
| # include <inttypes.h>
| #endif
| #ifdef HAVE_STDINT_H
| # include <stdint.h>
| #endif
| #ifdef HAVE_STRINGS_H
| # include <strings.h>
| #endif
| #ifdef HAVE_SYS_TYPES_H
| # include <sys/types.h>
| #endif
| #ifdef HAVE_SYS_STAT_H
| # include <sys/stat.h>
| #endif
| #ifdef HAVE_UNISTD_H
| # include <unistd.h>
| #endif
| #include <mcheck.h>
configure:10151: result: no
configure:10157: checking for netdb.h
configure:10157: gcc -c -g -O2  conftest.c >&5
configure:10157: $? = 0
configure:10157: result: yes
configure:10163: checking for netinet/in.h
configure:10163: gcc -c -g -O2  conftest.c >&5
configure:10163: $? = 0
configure:10163: result: yes
configure:10169: checking for stddef.h
configure:10169: gcc -c -g -O2  conftest.c >&5
configure:10169: $? = 0
configure:10169: result: yes
configure:10175: checking for string.h
configure:10175: result: yes
configure:10181: checking for spawn.h
configure:10181: gcc -c -g -O2  conftest.c >&5
configure:10181: $? = 0
configure:10181: result: yes
configure:10187: checking for sys/procctl.h
configure:10187: gcc -c -g -O2  conftest.c >&5
conftest.c:79:10: fatal error: sys/procctl.h: No such file or directory
   79 | #include <sys/procctl.h>
      |          ^~~~~~~~~~~~~~~
compilation terminated.
configure:10187: $? = 1
configure: failed program was:
| /* confdefs.h */
| #define PACKAGE_NAME "GNU Awk"
| #define PACKAGE_TARNAME "gawk"
| #define PACKAGE_VERSION "5.4.1"
| #define PACKAGE_STRING "GNU Awk 5.4.1"
| #define PACKAGE_BUGREPORT "bug-gawk@gnu.org"
| #define PACKAGE_URL "https://www.gnu.org/software/gawk/"
| #define PACKAGE "gawk"
| #define VERSION "5.4.1"
| #define HAVE_STDIO_H 1
| #define HAVE_STDLIB_H 1
| #define HAVE_STRING_H 1
| #define HAVE_INTTYPES_H 1
| #define HAVE_STDINT_H 1
| #define HAVE_STRINGS_H 1
| #define HAVE_SYS_STAT_H 1
| #define HAVE_SYS_TYPES_H 1
| #define HAVE_UNISTD_H 1
| #define HAVE_WCHAR_H 1
| #define HAVE_STDBOOL_H 1
| #define HAVE_SYS_TIME_H 1
| #define STDC_HEADERS 1
| #define _ALL_SOURCE 1
| #define _DARWIN_C_SOURCE 1
| #define _GNU_SOURCE 1
| #define _HPUX_ALT_XOPEN_SOCKET_API 1
| #define _NETBSD_SOURCE 1
| #define _OPENBSD_SOURCE 1
| #define _POSIX_PTHREAD_SEMANTICS 1
| #define __STDC_WANT_IEC_60559_ATTRIBS_EXT__ 1
| #define __STDC_WANT_IEC_60559_BFP_EXT__ 1
| #define __STDC_WANT_IEC_60559_DFP_EXT__ 1
| #define __STDC_WANT_IEC_60559_FUNCS_EXT__ 1
| #define __STDC_WANT_IEC_60559_TYPES_EXT__ 1
| #define __STDC_WANT_LIB_EXT2__ 1
| #define __STDC_WANT_MATH_SPEC_FUNCS__ 1
| #define _TANDEM_SOURCE 1
| #define __EXTENSIONS__ 1
| #define HAVE_C_VARARRAYS 1
| #define HAVE_LANGINFO_CODESET 1
| #define HAVE_LC_MESSAGES 1
| #define HAVE_ARPA_INET_H 1
| #define HAVE_FCNTL_H 1
| #define HAVE_LOCALE_H 1
| #define HAVE_NETDB_H 1
| #define HAVE_NETINET_IN_H 1
| #define HAVE_STDDEF_H 1
| #define HAVE_STRING_H 1
| #define HAVE_SPAWN_H 1
| /* end confdefs.h.  */
| #include <stddef.h>
| #ifdef HAVE_STDIO_H
| # include <stdio.h>
| #endif
| #ifdef HAVE_STDLIB_H
| # include <stdlib.h>
| #endif
| #ifdef HAVE_STRING_H
| # include <string.h>
| #endif
| #ifdef HAVE_INTTYPES_H
| # include <inttypes.h>
| #endif
| #ifdef HAVE_STDINT_H
| # include <stdint.h>
| #endif
| #ifdef HAVE_STRINGS_H
| # include <strings.h>
| #endif
| #ifdef HAVE_SYS_TYPES_H
| # include <sys/types.h>
| #endif
| #ifdef HAVE_SYS_STAT_H
| # include <sys/stat.h>
| #endif
| #ifdef HAVE_UNISTD_H
| # include <unistd.h>
| #endif
| #include <sys/procctl.h>
configure:10187: result: no
configure:10193: checking for sys/sysctl.h
configure:10193: gcc -c -g -O2  conftest.c >&5
conftest.c:79:10: fatal error: sys/sysctl.h: No such file or directory
   79 | #include <sys/sysctl.h>
      |          ^~~~~~~~~~~~~~
compilation terminated.
configure:10193: $? = 1
configure: failed program was:
| /* confdefs.h */
| #define PACKAGE_NAME "GNU Awk"
| #define PACKAGE_TARNAME "gawk"
| #define PACKAGE_VERSION "5.4.1"
| #define PACKAGE_STRING "GNU Awk 5.4.1"
| #define PACKAGE_BUGREPORT "bug-gawk@gnu.org"
| #define PACKAGE_URL "https://www.gnu.org/software/gawk/"
| #define PACKAGE "gawk"
| #define VERSION "5.4.1"
| #define HAVE_STDIO_H 1
| #define HAVE_STDLIB_H 1
| #define HAVE_STRING_H 1
| #define HAVE_INTTYPES_H 1
| #define HAVE_STDINT_H 1
| #define HAVE_STRINGS_H 1
| #define HAVE_SYS_STAT_H 1
| #define HAVE_SYS_TYPES_H 1
| #define HAVE_UNISTD_H 1
| #define HAVE_WCHAR_H 1
| #define HAVE_STDBOOL_H 1
| #define HAVE_SYS_TIME_H 1
| #define STDC_HEADERS 1
| #define _ALL_SOURCE 1
| #define _DARWIN_C_SOURCE 1
| #define _GNU_SOURCE 1
| #define _HPUX_ALT_XOPEN_SOCKET_API 1
| #define _NETBSD_SOURCE 1
| #define _OPENBSD_SOURCE 1
| #define _POSIX_PTHREAD_SEMANTICS 1
| #define __STDC_WANT_IEC_60559_ATTRIBS_EXT__ 1
| #define __STDC_WANT_IEC_60559_BFP_EXT__ 1
| #define __STDC_WANT_IEC_60559_DFP_EXT__ 1
| #define __STDC_WANT_IEC_60559_FUNCS_EXT__ 1
| #define __STDC_WANT_IEC_60559_TYPES_EXT__ 1
| #define __STDC_WANT_LIB_EXT2__ 1
| #define __STDC_WANT_MATH_SPEC_FUNCS__ 1
| #define _TANDEM_SOURCE 1
| #define __EXTENSIONS__ 1
| #define HAVE_C_VARARRAYS 1
| #define HAVE_LANGINFO_CODESET 1
| #define HAVE_LC_MESSAGES 1
| #define HAVE_ARPA_INET_H 1
| #define HAVE_FCNTL_H 1
| #define HAVE_LOCALE_H 1
| #define HAVE_NETDB_H 1
| #define HAVE_NETINET_IN_H 1
| #define HAVE_STDDEF_H 1
| #define HAVE_STRING_H 1
| #define HAVE_SPAWN_H 1
| /* end confdefs.h.  */
| #include <stddef.h>
| #ifdef HAVE_STDIO_H
| # include <stdio.h>
| #endif
| #ifdef HAVE_STDLIB_H
| # include <stdlib.h>
| #endif
| #ifdef HAVE_STRING_H
| # include <string.h>
| #endif
| #ifdef HAVE_INTTYPES_H
| # include <inttypes.h>
| #endif
| #ifdef HAVE_STDINT_H
| # include <stdint.h>
| #endif
| #ifdef HAVE_STRINGS_H
| # include <strings.h>
| #endif
| #ifdef HAVE_SYS_TYPES_H
| # include <sys/types.h>
| #endif
| #ifdef HAVE_SYS_STAT_H
| # include <sys/stat.h>
| #endif
| #ifdef HAVE_UNISTD_H
| # include <unistd.h>
| #endif
| #include <sys/sysctl.h>
configure:10193: result: no
configure:10199: checking for sys/ioctl.h
configure:10199: gcc -c -g -O2  conftest.c >&5
configure:10199: $? = 0
configure:10199: result: yes
configure:10205: checking for sys/param.h
configure:10205: gcc -c -g -O2  conftest.c >&5
configure:10205: $? = 0
configure:10205: result: yes
configure:10211: checking for sys/personality.h
configure:10211: gcc -c -g -O2  conftest.c >&5
configure:10211: $? = 0
configure:10211: result: yes
configure:10217: checking for sys/select.h
configure:10217: gcc -c -g -O2  conftest.c >&5
configure:10217: $? = 0
configure:10217: result: yes
configure:10223: checking for sys/socket.h
configure:10223: gcc -c -g -O2  conftest.c >&5
configure:10223: $? = 0
configure:10223: result: yes
configure:10229: checking for sys/time.h
configure:10229: result: yes
configure:10235: checking for uchar.h
configure:10235: gcc -c -g -O2  conftest.c >&5
configure:10235: $? = 0
configure:10235: result: yes
configure:10241: checking for unistd.h
configure:10241: result: yes
configure:10247: checking for termios.h
configure:10247: gcc -c -g -O2  conftest.c >&5
configure:10247: $? = 0
configure:10247: result: yes
configure:10253: checking for stropts.h
configure:10253: gcc -c -g -O2  conftest.c >&5
configure:10253: $? = 0
configure:10253: result: yes
configure:10259: checking for wchar.h
configure:10259: result: yes
configure:10265: checking for wctype.h
configure:10265: gcc -c -g -O2  conftest.c >&5
configure:10265: $? = 0
configure:10265: result: yes
configure:10275: checking for bool, true, false
configure:10290: gcc -c -g -O2  conftest.c >&5
configure:10290: $? = 0
configure:10298: result: yes
configure:10310: checking for sys/wait.h that is POSIX.1 compatible
configure:10337: gcc -c -g -O2  conftest.c >&5
configure:10337: $? = 0
configure:10345: result: yes
configure:10359: checking for memory.h
configure:10359: gcc -c -g -O2  conftest.c >&5
configure:10359: $? = 0
configure:10359: result: yes
configure:10386: checking for pid_t
configure:10386: gcc -c -g -O2  conftest.c >&5
configure:10386: $? = 0
configure:10386: gcc -c -g -O2  conftest.c >&5
conftest.c: In function 'main':
conftest.c:98:20: error: expected expression before ')' token
   98 | if (sizeof ((pid_t)))
      |                    ^
configure:10386: $? = 1
configure: failed program was:
| /* confdefs.h */
| #define PACKAGE_NAME "GNU Awk"
| #define PACKAGE_TARNAME "gawk"
| #define PACKAGE_VERSION "5.4.1"
| #define PACKAGE_STRING "GNU Awk 5.4.1"
| #define PACKAGE_BUGREPORT "bug-gawk@gnu.org"
| #define PACKAGE_URL "https://www.gnu.org/software/gawk/"
| #define PACKAGE "gawk"
| #define VERSION "5.4.1"
| #define HAVE_STDIO_H 1
| #define HAVE_STDLIB_H 1
| #define HAVE_STRING_H 1
| #define HAVE_INTTYPES_H 1
| #define HAVE_STDINT_H 1
| #define HAVE_STRINGS_H 1
| #define HAVE_SYS_STAT_H 1
| #define HAVE_SYS_TYPES_H 1
| #define HAVE_UNISTD_H 1
| #define HAVE_WCHAR_H 1
| #define HAVE_STDBOOL_H 1
| #define HAVE_SYS_TIME_H 1
| #define STDC_HEADERS 1
| #define _ALL_SOURCE 1
| #define _DARWIN_C_SOURCE 1
| #define _GNU_SOURCE 1
| #define _HPUX_ALT_XOPEN_SOCKET_API 1
| #define _NETBSD_SOURCE 1
| #define _OPENBSD_SOURCE 1
| #define _POSIX_PTHREAD_SEMANTICS 1
| #define __STDC_WANT_IEC_60559_ATTRIBS_EXT__ 1
| #define __STDC_WANT_IEC_60559_BFP_EXT__ 1
| #define __STDC_WANT_IEC_60559_DFP_EXT__ 1
| #define __STDC_WANT_IEC_60559_FUNCS_EXT__ 1
| #define __STDC_WANT_IEC_60559_TYPES_EXT__ 1
| #define __STDC_WANT_LIB_EXT2__ 1
| #define __STDC_WANT_MATH_SPEC_FUNCS__ 1
| #define _TANDEM_SOURCE 1
| #define __EXTENSIONS__ 1
| #define HAVE_C_VARARRAYS 1
| #define HAVE_LANGINFO_CODESET 1
| #define HAVE_LC_MESSAGES 1
| #define HAVE_ARPA_INET_H 1
| #define HAVE_FCNTL_H 1
| #define HAVE_LOCALE_H 1
| #define HAVE_NETDB_H 1
| #define HAVE_NETINET_IN_H 1
| #define HAVE_STDDEF_H 1
| #define HAVE_STRING_H 1
| #define HAVE_SPAWN_H 1
| #define HAVE_SYS_IOCTL_H 1
| #define HAVE_SYS_PARAM_H 1
| #define HAVE_SYS_PERSONALITY_H 1
| #define HAVE_SYS_SELECT_H 1
| #define HAVE_SYS_SOCKET_H 1
| #define HAVE_SYS_TIME_H 1
| #define HAVE_UCHAR_H 1
| #define HAVE_UNISTD_H 1
| #define HAVE_TERMIOS_H 1
| #define HAVE_STROPTS_H 1
| #define HAVE_WCHAR_H 1
| #define HAVE_WCTYPE_H 1
| #define HAVE_C_BOOL 1
| #define HAVE_SYS_WAIT_H 1
| #define HAVE_MEMORY_H 1
| /* end confdefs.h.  */
| #include <stddef.h>
| #ifdef HAVE_STDIO_H
| # include <stdio.h>
| #endif
| #ifdef HAVE_STDLIB_H
| # include <stdlib.h>
| #endif
| #ifdef HAVE_STRING_H
| # include <string.h>
| #endif
| #ifdef HAVE_INTTYPES_H
| # include <inttypes.h>
| #endif
| #ifdef HAVE_STDINT_H
| # include <stdint.h>
| #endif
| #ifdef HAVE_STRINGS_H
| # include <strings.h>
| #endif
| #ifdef HAVE_SYS_TYPES_H
| # include <sys/types.h>
| #endif
| #ifdef HAVE_SYS_STAT_H
| # include <sys/stat.h>
| #endif
| #ifdef HAVE_UNISTD_H
| # include <unistd.h>
| #endif
| 
| int
| main (void)
| {
| if (sizeof ((pid_t)))
| 	    return 0;
|   ;
|   return 0;
| }
configure:10386: result: yes
configure:10422: checking for size_t
configure:10422: gcc -c -g -O2  conftest.c >&5
configure:10422: $? = 0
configure:10422: gcc -c -g -O2  conftest.c >&5
conftest.c: In function 'main':
conftest.c:97:21: error: expected expression before ')' token
   97 | if (sizeof ((size_t)))
      |                     ^
configure:10422: $? = 1
configure: failed program was:
| /* confdefs.h */
| #define PACKAGE_NAME "GNU Awk"
| #define PACKAGE_TARNAME "gawk"
| #define PACKAGE_VERSION "5.4.1"
| #define PACKAGE_STRING "GNU Awk 5.4.1"
| #define PACKAGE_BUGREPORT "bug-gawk@gnu.org"
| #define PACKAGE_URL "https://www.gnu.org/software/gawk/"
| #define PACKAGE "gawk"
| #define VERSION "5.4.1"
| #define HAVE_STDIO_H 1
| #define HAVE_STDLIB_H 1
| #define HAVE_STRING_H 1
| #define HAVE_INTTYPES_H 1
| #define HAVE_STDINT_H 1
| #define HAVE_STRINGS_H 1
| #define HAVE_SYS_STAT_H 1
| #define HAVE_SYS_TYPES_H 1
| #define HAVE_UNISTD_H 1
| #define HAVE_WCHAR_H 1
| #define HAVE_STDBOOL_H 1
| #define HAVE_SYS_TIME_H 1
| #define STDC_HEADERS 1
| #define _ALL_SOURCE 1
| #define _DARWIN_C_SOURCE 1
| #define _GNU_SOURCE 1
| #define _HPUX_ALT_XOPEN_SOCKET_API 1
| #define _NETBSD_SOURCE 1
| #define _OPENBSD_SOURCE 1
| #define _POSIX_PTHREAD_SEMANTICS 1
| #define __STDC_WANT_IEC_60559_ATTRIBS_EXT__ 1
| #define __STDC_WANT_IEC_60559_BFP_EXT__ 1
| #define __STDC_WANT_IEC_60559_DFP_EXT__ 1
| #define __STDC_WANT_IEC_60559_FUNCS_EXT__ 1
| #define __STDC_WANT_IEC_60559_TYPES_EXT__ 1
| #define __STDC_WANT_LIB_EXT2__ 1
| #define __STDC_WANT_MATH_SPEC_FUNCS__ 1
| #define _TANDEM_SOURCE 1
| #define __EXTENSIONS__ 1
| #define HAVE_C_VARARRAYS 1
| #define HAVE_LANGINFO_CODESET 1
| #define HAVE_LC_MESSAGES 1
| #define HAVE_ARPA_INET_H 1
| #define HAVE_FCNTL_H 1
| #define HAVE_LOCALE_H 1
| #define HAVE_NETDB_H 1
| #define HAVE_NETINET_IN_H 1
| #define HAVE_STDDEF_H 1
| #define HAVE_STRING_H 1
| #define HAVE_SPAWN_H 1
| #define HAVE_SYS_IOCTL_H 1
| #define HAVE_SYS_PARAM_H 1
| #define HAVE_SYS_PERSONALITY_H 1
| #define HAVE_SYS_SELECT_H 1
| #define HAVE_SYS_SOCKET_H 1
| #define HAVE_SYS_TIME_H 1
| #define HAVE_UCHAR_H 1
| #define HAVE_UNISTD_H 1
| #define HAVE_TERMIOS_H 1
| #define HAVE_STROPTS_H 1
| #define HAVE_WCHAR_H 1
| #define HAVE_WCTYPE_H 1
| #define HAVE_C_BOOL 1
| #define HAVE_SYS_WAIT_H 1
| #define HAVE_MEMORY_H 1
| /* end confdefs.h.  */
| #include <stddef.h>
| #ifdef HAVE_STDIO_H
| # include <stdio.h>
| #endif
| #ifdef HAVE_STDLIB_H
| # include <stdlib.h>
| #endif
| #ifdef HAVE_STRING_H
| # include <string.h>
| #endif
| #ifdef HAVE_INTTYPES_H
| # include <inttypes.h>
| #endif
| #ifdef HAVE_STDINT_H
| # include <stdint.h>
| #endif
| #ifdef HAVE_STRINGS_H
| # include <strings.h>
| #endif
| #ifdef HAVE_SYS_TYPES_H
| # include <sys/types.h>
| #endif
| #ifdef HAVE_SYS_STAT_H
| # include <sys/stat.h>
| #endif
| #ifdef HAVE_UNISTD_H
| # include <unistd.h>
| #endif
| int
| main (void)
| {
| if (sizeof ((size_t)))
| 	    return 0;
|   ;
|   return 0;
| }
configure:10422: result: yes
configure:10432: checking for uid_t in sys/types.h
configure:10453: result: yes
configure:10464: checking type of array argument to getgroups
configure:10500: gcc -o conftest -g -O2   conftest.c  >&5
configure:10500: $? = 0
configure:10500: ./conftest
configure:10500: $? = 0
configure:10527: result: gid_t
configure:10534: checking for unsigned long long int
configure:10574: gcc -o conftest -g -O2   conftest.c  >&5
configure:10574: $? = 0
configure:10584: result: yes
configure:10594: checking for long long int
configure:10634: gcc -o conftest -g -O2   conftest.c  >&5
configure:10634: $? = 0
configure:10634: ./conftest
configure:10634: $? = 0
configure:10647: result: yes
configure:10656: checking for unsigned long long int
configure:10706: result: yes
configure:10716: checking for intmax_t
configure:10716: gcc -c -g -O2  conftest.c >&5
configure:10716: $? = 0
configure:10716: gcc -c -g -O2  conftest.c >&5
conftest.c: In function 'main':
conftest.c:101:23: error: expected expression before ')' token
  101 | if (sizeof ((intmax_t)))
      |                       ^
configure:10716: $? = 1
configure: failed program was:
| /* confdefs.h */
| #define PACKAGE_NAME "GNU Awk"
| #define PACKAGE_TARNAME "gawk"
| #define PACKAGE_VERSION "5.4.1"
| #define PACKAGE_STRING "GNU Awk 5.4.1"
| #define PACKAGE_BUGREPORT "bug-gawk@gnu.org"
| #define PACKAGE_URL "https://www.gnu.org/software/gawk/"
| #define PACKAGE "gawk"
| #define VERSION "5.4.1"
| #define HAVE_STDIO_H 1
| #define HAVE_STDLIB_H 1
| #define HAVE_STRING_H 1
| #define HAVE_INTTYPES_H 1
| #define HAVE_STDINT_H 1
| #define HAVE_STRINGS_H 1
| #define HAVE_SYS_STAT_H 1
| #define HAVE_SYS_TYPES_H 1
| #define HAVE_UNISTD_H 1
| #define HAVE_WCHAR_H 1
| #define HAVE_STDBOOL_H 1
| #define HAVE_SYS_TIME_H 1
| #define STDC_HEADERS 1
| #define _ALL_SOURCE 1
| #define _DARWIN_C_SOURCE 1
| #define _GNU_SOURCE 1
| #define _HPUX_ALT_XOPEN_SOCKET_API 1
| #define _NETBSD_SOURCE 1
| #define _OPENBSD_SOURCE 1
| #define _POSIX_PTHREAD_SEMANTICS 1
| #define __STDC_WANT_IEC_60559_ATTRIBS_EXT__ 1
| #define __STDC_WANT_IEC_60559_BFP_EXT__ 1
| #define __STDC_WANT_IEC_60559_DFP_EXT__ 1
| #define __STDC_WANT_IEC_60559_FUNCS_EXT__ 1
| #define __STDC_WANT_IEC_60559_TYPES_EXT__ 1
| #define __STDC_WANT_LIB_EXT2__ 1
| #define __STDC_WANT_MATH_SPEC_FUNCS__ 1
| #define _TANDEM_SOURCE 1
| #define __EXTENSIONS__ 1
| #define HAVE_C_VARARRAYS 1
| #define HAVE_LANGINFO_CODESET 1
| #define HAVE_LC_MESSAGES 1
| #define HAVE_ARPA_INET_H 1
| #define HAVE_FCNTL_H 1
| #define HAVE_LOCALE_H 1
| #define HAVE_NETDB_H 1
| #define HAVE_NETINET_IN_H 1
| #define HAVE_STDDEF_H 1
| #define HAVE_STRING_H 1
| #define HAVE_SPAWN_H 1
| #define HAVE_SYS_IOCTL_H 1
| #define HAVE_SYS_PARAM_H 1
| #define HAVE_SYS_PERSONALITY_H 1
| #define HAVE_SYS_SELECT_H 1
| #define HAVE_SYS_SOCKET_H 1
| #define HAVE_SYS_TIME_H 1
| #define HAVE_UCHAR_H 1
| #define HAVE_UNISTD_H 1
| #define HAVE_TERMIOS_H 1
| #define HAVE_STROPTS_H 1
| #define HAVE_WCHAR_H 1
| #define HAVE_WCTYPE_H 1
| #define HAVE_C_BOOL 1
| #define HAVE_SYS_WAIT_H 1
| #define HAVE_MEMORY_H 1
| #define GETGROUPS_T gid_t
| #define HAVE_UNSIGNED_LONG_LONG_INT 1
| #define HAVE_LONG_LONG_INT 1
| #define HAVE_UNSIGNED_LONG_LONG_INT 1
| /* end confdefs.h.  */
| #include <stddef.h>
| #ifdef HAVE_STDIO_H
| # include <stdio.h>
| #endif
| #ifdef HAVE_STDLIB_H
| # include <stdlib.h>
| #endif
| #ifdef HAVE_STRING_H
| # include <string.h>
| #endif
| #ifdef HAVE_INTTYPES_H
| # include <inttypes.h>
| #endif
| #ifdef HAVE_STDINT_H
| # include <stdint.h>
| #endif
| #ifdef HAVE_STRINGS_H
| # include <strings.h>
| #endif
| #ifdef HAVE_SYS_TYPES_H
| # include <sys/types.h>
| #endif
| #ifdef HAVE_SYS_STAT_H
| # include <sys/stat.h>
| #endif
| #ifdef HAVE_UNISTD_H
| # include <unistd.h>
| #endif
| int
| main (void)
| {
| if (sizeof ((intmax_t)))
| 	    return 0;
|   ;
|   return 0;
| }
configure:10716: result: yes
configure:10734: checking for uintmax_t
configure:10734: gcc -c -g -O2  conftest.c >&5
configure:10734: $? = 0
configure:10734: gcc -c -g -O2  conftest.c >&5
conftest.c: In function 'main':
conftest.c:102:24: error: expected expression before ')' token
  102 | if (sizeof ((uintmax_t)))
      |                        ^
configure:10734: $? = 1
configure: failed program was:
| /* confdefs.h */
| #define PACKAGE_NAME "GNU Awk"
| #define PACKAGE_TARNAME "gawk"
| #define PACKAGE_VERSION "5.4.1"
| #define PACKAGE_STRING "GNU Awk 5.4.1"
| #define PACKAGE_BUGREPORT "bug-gawk@gnu.org"
| #define PACKAGE_URL "https://www.gnu.org/software/gawk/"
| #define PACKAGE "gawk"
| #define VERSION "5.4.1"
| #define HAVE_STDIO_H 1
| #define HAVE_STDLIB_H 1
| #define HAVE_STRING_H 1
| #define HAVE_INTTYPES_H 1
| #define HAVE_STDINT_H 1
| #define HAVE_STRINGS_H 1
| #define HAVE_SYS_STAT_H 1
| #define HAVE_SYS_TYPES_H 1
| #define HAVE_UNISTD_H 1
| #define HAVE_WCHAR_H 1
| #define HAVE_STDBOOL_H 1
| #define HAVE_SYS_TIME_H 1
| #define STDC_HEADERS 1
| #define _ALL_SOURCE 1
| #define _DARWIN_C_SOURCE 1
| #define _GNU_SOURCE 1
| #define _HPUX_ALT_XOPEN_SOCKET_API 1
| #define _NETBSD_SOURCE 1
| #define _OPENBSD_SOURCE 1
| #define _POSIX_PTHREAD_SEMANTICS 1
| #define __STDC_WANT_IEC_60559_ATTRIBS_EXT__ 1
| #define __STDC_WANT_IEC_60559_BFP_EXT__ 1
| #define __STDC_WANT_IEC_60559_DFP_EXT__ 1
| #define __STDC_WANT_IEC_60559_FUNCS_EXT__ 1
| #define __STDC_WANT_IEC_60559_TYPES_EXT__ 1
| #define __STDC_WANT_LIB_EXT2__ 1
| #define __STDC_WANT_MATH_SPEC_FUNCS__ 1
| #define _TANDEM_SOURCE 1
| #define __EXTENSIONS__ 1
| #define HAVE_C_VARARRAYS 1
| #define HAVE_LANGINFO_CODESET 1
| #define HAVE_LC_MESSAGES 1
| #define HAVE_ARPA_INET_H 1
| #define HAVE_FCNTL_H 1
| #define HAVE_LOCALE_H 1
| #define HAVE_NETDB_H 1
| #define HAVE_NETINET_IN_H 1
| #define HAVE_STDDEF_H 1
| #define HAVE_STRING_H 1
| #define HAVE_SPAWN_H 1
| #define HAVE_SYS_IOCTL_H 1
| #define HAVE_SYS_PARAM_H 1
| #define HAVE_SYS_PERSONALITY_H 1
| #define HAVE_SYS_SELECT_H 1
| #define HAVE_SYS_SOCKET_H 1
| #define HAVE_SYS_TIME_H 1
| #define HAVE_UCHAR_H 1
| #define HAVE_UNISTD_H 1
| #define HAVE_TERMIOS_H 1
| #define HAVE_STROPTS_H 1
| #define HAVE_WCHAR_H 1
| #define HAVE_WCTYPE_H 1
| #define HAVE_C_BOOL 1
| #define HAVE_SYS_WAIT_H 1
| #define HAVE_MEMORY_H 1
| #define GETGROUPS_T gid_t
| #define HAVE_UNSIGNED_LONG_LONG_INT 1
| #define HAVE_LONG_LONG_INT 1
| #define HAVE_UNSIGNED_LONG_LONG_INT 1
| #define HAVE_INTMAX_T 1
| /* end confdefs.h.  */
| #include <stddef.h>
| #ifdef HAVE_STDIO_H
| # include <stdio.h>
| #endif
| #ifdef HAVE_STDLIB_H
| # include <stdlib.h>
| #endif
| #ifdef HAVE_STRING_H
| # include <string.h>
| #endif
| #ifdef HAVE_INTTYPES_H
| # include <inttypes.h>
| #endif
| #ifdef HAVE_STDINT_H
| # include <stdint.h>
| #endif
| #ifdef HAVE_STRINGS_H
| # include <strings.h>
| #endif
| #ifdef HAVE_SYS_TYPES_H
| # include <sys/types.h>
| #endif
| #ifdef HAVE_SYS_STAT_H
| # include <sys/stat.h>
| #endif
| #ifdef HAVE_UNISTD_H
| # include <unistd.h>
| #endif
| int
| main (void)
| {
| if (sizeof ((uintmax_t)))
| 	    return 0;
|   ;
|   return 0;
| }
configure:10734: result: yes
configure:10750: checking for ssize_t
configure:10750: gcc -c -g -O2  conftest.c >&5
configure:10750: $? = 0
configure:10750: gcc -c -g -O2  conftest.c >&5
conftest.c: In function 'main':
conftest.c:103:22: error: expected expression before ')' token
  103 | if (sizeof ((ssize_t)))
      |                      ^
configure:10750: $? = 1
configure: failed program was:
| /* confdefs.h */
| #define PACKAGE_NAME "GNU Awk"
| #define PACKAGE_TARNAME "gawk"
| #define PACKAGE_VERSION "5.4.1"
| #define PACKAGE_STRING "GNU Awk 5.4.1"
| #define PACKAGE_BUGREPORT "bug-gawk@gnu.org"
| #define PACKAGE_URL "https://www.gnu.org/software/gawk/"
| #define PACKAGE "gawk"
| #define VERSION "5.4.1"
| #define HAVE_STDIO_H 1
| #define HAVE_STDLIB_H 1
| #define HAVE_STRING_H 1
| #define HAVE_INTTYPES_H 1
| #define HAVE_STDINT_H 1
| #define HAVE_STRINGS_H 1
| #define HAVE_SYS_STAT_H 1
| #define HAVE_SYS_TYPES_H 1
| #define HAVE_UNISTD_H 1
| #define HAVE_WCHAR_H 1
| #define HAVE_STDBOOL_H 1
| #define HAVE_SYS_TIME_H 1
| #define STDC_HEADERS 1
| #define _ALL_SOURCE 1
| #define _DARWIN_C_SOURCE 1
| #define _GNU_SOURCE 1
| #define _HPUX_ALT_XOPEN_SOCKET_API 1
| #define _NETBSD_SOURCE 1
| #define _OPENBSD_SOURCE 1
| #define _POSIX_PTHREAD_SEMANTICS 1
| #define __STDC_WANT_IEC_60559_ATTRIBS_EXT__ 1
| #define __STDC_WANT_IEC_60559_BFP_EXT__ 1
| #define __STDC_WANT_IEC_60559_DFP_EXT__ 1
| #define __STDC_WANT_IEC_60559_FUNCS_EXT__ 1
| #define __STDC_WANT_IEC_60559_TYPES_EXT__ 1
| #define __STDC_WANT_LIB_EXT2__ 1
| #define __STDC_WANT_MATH_SPEC_FUNCS__ 1
| #define _TANDEM_SOURCE 1
| #define __EXTENSIONS__ 1
| #define HAVE_C_VARARRAYS 1
| #define HAVE_LANGINFO_CODESET 1
| #define HAVE_LC_MESSAGES 1
| #define HAVE_ARPA_INET_H 1
| #define HAVE_FCNTL_H 1
| #define HAVE_LOCALE_H 1
| #define HAVE_NETDB_H 1
| #define HAVE_NETINET_IN_H 1
| #define HAVE_STDDEF_H 1
| #define HAVE_STRING_H 1
| #define HAVE_SPAWN_H 1
| #define HAVE_SYS_IOCTL_H 1
| #define HAVE_SYS_PARAM_H 1
| #define HAVE_SYS_PERSONALITY_H 1
| #define HAVE_SYS_SELECT_H 1
| #define HAVE_SYS_SOCKET_H 1
| #define HAVE_SYS_TIME_H 1
| #define HAVE_UCHAR_H 1
| #define HAVE_UNISTD_H 1
| #define HAVE_TERMIOS_H 1
| #define HAVE_STROPTS_H 1
| #define HAVE_WCHAR_H 1
| #define HAVE_WCTYPE_H 1
| #define HAVE_C_BOOL 1
| #define HAVE_SYS_WAIT_H 1
| #define HAVE_MEMORY_H 1
| #define GETGROUPS_T gid_t
| #define HAVE_UNSIGNED_LONG_LONG_INT 1
| #define HAVE_LONG_LONG_INT 1
| #define HAVE_UNSIGNED_LONG_LONG_INT 1
| #define HAVE_INTMAX_T 1
| #define HAVE_UINTMAX_T 1
| /* end confdefs.h.  */
| #include <stddef.h>
| #ifdef HAVE_STDIO_H
| # include <stdio.h>
| #endif
| #ifdef HAVE_STDLIB_H
| # include <stdlib.h>
| #endif
| #ifdef HAVE_STRING_H
| # include <string.h>
| #endif
| #ifdef HAVE_INTTYPES_H
| # include <inttypes.h>
| #endif
| #ifdef HAVE_STDINT_H
| # include <stdint.h>
| #endif
| #ifdef HAVE_STRINGS_H
| # include <strings.h>
| #endif
| #ifdef HAVE_SYS_TYPES_H
| # include <sys/types.h>
| #endif
| #ifdef HAVE_SYS_STAT_H
| # include <sys/stat.h>
| #endif
| #ifdef HAVE_UNISTD_H
| # include <unistd.h>
| #endif
| int
| main (void)
| {
| if (sizeof ((ssize_t)))
| 	    return 0;
|   ;
|   return 0;
| }
configure:10750: result: yes
configure:10763: checking size of unsigned int
configure:10769: gcc -o conftest -g -O2   conftest.c  >&5
configure:10769: $? = 0
configure:10769: ./conftest
configure:10769: $? = 0
configure:10784: result: 4
configure:10796: checking size of unsigned long
configure:10802: gcc -o conftest -g -O2   conftest.c  >&5
configure:10802: $? = 0
configure:10802: ./conftest
configure:10802: $? = 0
configure:10817: result: 8
configure:10839: gcc -c -g -O2  conftest.c >&5
configure:10839: $? = 0
configure:10860: gcc -c -g -O2  conftest.c >&5
configure:10860: $? = 0
configure:10881: gcc -c -g -O2  conftest.c >&5
configure:10881: $? = 0
configure:10902: gcc -c -g -O2  conftest.c >&5
configure:10902: $? = 0
configure:10915: checking for socklen_t
configure:10915: gcc -c -g -O2  conftest.c >&5
configure:10915: $? = 0
configure:10915: gcc -c -g -O2  conftest.c >&5
conftest.c: In function 'main':
conftest.c:84:24: error: expected expression before ')' token
   84 | if (sizeof ((socklen_t)))
      |                        ^
configure:10915: $? = 1
configure: failed program was:
| /* confdefs.h */
| #define PACKAGE_NAME "GNU Awk"
| #define PACKAGE_TARNAME "gawk"
| #define PACKAGE_VERSION "5.4.1"
| #define PACKAGE_STRING "GNU Awk 5.4.1"
| #define PACKAGE_BUGREPORT "bug-gawk@gnu.org"
| #define PACKAGE_URL "https://www.gnu.org/software/gawk/"
| #define PACKAGE "gawk"
| #define VERSION "5.4.1"
| #define HAVE_STDIO_H 1
| #define HAVE_STDLIB_H 1
| #define HAVE_STRING_H 1
| #define HAVE_INTTYPES_H 1
| #define HAVE_STDINT_H 1
| #define HAVE_STRINGS_H 1
| #define HAVE_SYS_STAT_H 1
| #define HAVE_SYS_TYPES_H 1
| #define HAVE_UNISTD_H 1
| #define HAVE_WCHAR_H 1
| #define HAVE_STDBOOL_H 1
| #define HAVE_SYS_TIME_H 1
| #define STDC_HEADERS 1
| #define _ALL_SOURCE 1
| #define _DARWIN_C_SOURCE 1
| #define _GNU_SOURCE 1
| #define _HPUX_ALT_XOPEN_SOCKET_API 1
| #define _NETBSD_SOURCE 1
| #define _OPENBSD_SOURCE 1
| #define _POSIX_PTHREAD_SEMANTICS 1
| #define __STDC_WANT_IEC_60559_ATTRIBS_EXT__ 1
| #define __STDC_WANT_IEC_60559_BFP_EXT__ 1
| #define __STDC_WANT_IEC_60559_DFP_EXT__ 1
| #define __STDC_WANT_IEC_60559_FUNCS_EXT__ 1
| #define __STDC_WANT_IEC_60559_TYPES_EXT__ 1
| #define __STDC_WANT_LIB_EXT2__ 1
| #define __STDC_WANT_MATH_SPEC_FUNCS__ 1
| #define _TANDEM_SOURCE 1
| #define __EXTENSIONS__ 1
| #define HAVE_C_VARARRAYS 1
| #define HAVE_LANGINFO_CODESET 1
| #define HAVE_LC_MESSAGES 1
| #define HAVE_ARPA_INET_H 1
| #define HAVE_FCNTL_H 1
| #define HAVE_LOCALE_H 1
| #define HAVE_NETDB_H 1
| #define HAVE_NETINET_IN_H 1
| #define HAVE_STDDEF_H 1
| #define HAVE_STRING_H 1
| #define HAVE_SPAWN_H 1
| #define HAVE_SYS_IOCTL_H 1
| #define HAVE_SYS_PARAM_H 1
| #define HAVE_SYS_PERSONALITY_H 1
| #define HAVE_SYS_SELECT_H 1
| #define HAVE_SYS_SOCKET_H 1
| #define HAVE_SYS_TIME_H 1
| #define HAVE_UCHAR_H 1
| #define HAVE_UNISTD_H 1
| #define HAVE_TERMIOS_H 1
| #define HAVE_STROPTS_H 1
| #define HAVE_WCHAR_H 1
| #define HAVE_WCTYPE_H 1
| #define HAVE_C_BOOL 1
| #define HAVE_SYS_WAIT_H 1
| #define HAVE_MEMORY_H 1
| #define GETGROUPS_T gid_t
| #define HAVE_UNSIGNED_LONG_LONG_INT 1
| #define HAVE_LONG_LONG_INT 1
| #define HAVE_UNSIGNED_LONG_LONG_INT 1
| #define HAVE_INTMAX_T 1
| #define HAVE_UINTMAX_T 1
| #define SIZEOF_UNSIGNED_INT 4
| #define SIZEOF_UNSIGNED_LONG 8
| #define TIME_T_IN_SYS_TYPES_H 1
| #define HAVE_WCTYPE_T 1
| #define HAVE_WINT_T 1
| #define HAVE_SOCKADDR_STORAGE 1
| /* end confdefs.h.  */
| #include <sys/types.h>
| #include <sys/socket.h>
| 
| int
| main (void)
| {
| if (sizeof ((socklen_t)))
| 	    return 0;
|   ;
|   return 0;
| }
configure:10915: result: yes
configure:10986: checking for getaddrinfo
configure:10986: gcc -o conftest -g -O2   conftest.c  >&5
configure:10986: $? = 0
configure:10986: result: yes
configure:11038: checking for library containing fmod
configure:11068: gcc -o conftest -g -O2   conftest.c  >&5
conftest.c:83:6: warning: conflicting types for built-in function 'fmod'; expected 'double(double,  double)' [-Wbuiltin-declaration-mismatch]
   83 | char fmod ();
      |      ^~~~
conftest.c:1:1: note: 'fmod' is declared in header '<math.h>'
    1 | /* confdefs.h */
configure:11068: $? = 0
configure:11088: result: none required
configure:11097: checking for library containing isinf
configure:11127: gcc -o conftest -g -O2   conftest.c  >&5
conftest.c:83:6: warning: conflicting types for built-in function 'isinf'; expected 'int()' [-Wbuiltin-declaration-mismatch]
   83 | char isinf ();
      |      ^~~~~
conftest.c:1:1: note: 'isinf' is declared in header '<math.h>'
    1 | /* confdefs.h */
/usr/lib/gcc/x86_64-alpine-linux-musl/15.2.0/../../../../x86_64-alpine-linux-musl/bin/ld: /tmp/ccGKGcPF.o: in function `main':
/home/sonakrie/Work/testicular_linux/gawk/conftest.c:87:(.text.startup+0x5): undefined reference to `isinf'
collect2: error: ld returned 1 exit status
configure:11127: $? = 1
configure: failed program was:
| /* confdefs.h */
| #define PACKAGE_NAME "GNU Awk"
| #define PACKAGE_TARNAME "gawk"
| #define PACKAGE_VERSION "5.4.1"
| #define PACKAGE_STRING "GNU Awk 5.4.1"
| #define PACKAGE_BUGREPORT "bug-gawk@gnu.org"
| #define PACKAGE_URL "https://www.gnu.org/software/gawk/"
| #define PACKAGE "gawk"
| #define VERSION "5.4.1"
| #define HAVE_STDIO_H 1
| #define HAVE_STDLIB_H 1
| #define HAVE_STRING_H 1
| #define HAVE_INTTYPES_H 1
| #define HAVE_STDINT_H 1
| #define HAVE_STRINGS_H 1
| #define HAVE_SYS_STAT_H 1
| #define HAVE_SYS_TYPES_H 1
| #define HAVE_UNISTD_H 1
| #define HAVE_WCHAR_H 1
| #define HAVE_STDBOOL_H 1
| #define HAVE_SYS_TIME_H 1
| #define STDC_HEADERS 1
| #define _ALL_SOURCE 1
| #define _DARWIN_C_SOURCE 1
| #define _GNU_SOURCE 1
| #define _HPUX_ALT_XOPEN_SOCKET_API 1
| #define _NETBSD_SOURCE 1
| #define _OPENBSD_SOURCE 1
| #define _POSIX_PTHREAD_SEMANTICS 1
| #define __STDC_WANT_IEC_60559_ATTRIBS_EXT__ 1
| #define __STDC_WANT_IEC_60559_BFP_EXT__ 1
| #define __STDC_WANT_IEC_60559_DFP_EXT__ 1
| #define __STDC_WANT_IEC_60559_FUNCS_EXT__ 1
| #define __STDC_WANT_IEC_60559_TYPES_EXT__ 1
| #define __STDC_WANT_LIB_EXT2__ 1
| #define __STDC_WANT_MATH_SPEC_FUNCS__ 1
| #define _TANDEM_SOURCE 1
| #define __EXTENSIONS__ 1
| #define HAVE_C_VARARRAYS 1
| #define HAVE_LANGINFO_CODESET 1
| #define HAVE_LC_MESSAGES 1
| #define HAVE_ARPA_INET_H 1
| #define HAVE_FCNTL_H 1
| #define HAVE_LOCALE_H 1
| #define HAVE_NETDB_H 1
| #define HAVE_NETINET_IN_H 1
| #define HAVE_STDDEF_H 1
| #define HAVE_STRING_H 1
| #define HAVE_SPAWN_H 1
| #define HAVE_SYS_IOCTL_H 1
| #define HAVE_SYS_PARAM_H 1
| #define HAVE_SYS_PERSONALITY_H 1
| #define HAVE_SYS_SELECT_H 1
| #define HAVE_SYS_SOCKET_H 1
| #define HAVE_SYS_TIME_H 1
| #define HAVE_UCHAR_H 1
| #define HAVE_UNISTD_H 1
| #define HAVE_TERMIOS_H 1
| #define HAVE_STROPTS_H 1
| #define HAVE_WCHAR_H 1
| #define HAVE_WCTYPE_H 1
| #define HAVE_C_BOOL 1
| #define HAVE_SYS_WAIT_H 1
| #define HAVE_MEMORY_H 1
| #define GETGROUPS_T gid_t
| #define HAVE_UNSIGNED_LONG_LONG_INT 1
| #define HAVE_LONG_LONG_INT 1
| #define HAVE_UNSIGNED_LONG_LONG_INT 1
| #define HAVE_INTMAX_T 1
| #define HAVE_UINTMAX_T 1
| #define SIZEOF_UNSIGNED_INT 4
| #define SIZEOF_UNSIGNED_LONG 8
| #define TIME_T_IN_SYS_TYPES_H 1
| #define HAVE_WCTYPE_T 1
| #define HAVE_WINT_T 1
| #define HAVE_SOCKADDR_STORAGE 1
| #define HAVE_GETADDRINFO 1
| /* end confdefs.h.  */
| 
| /* Override any GCC internal prototype to avoid an error.
|    Use char because int might match the return type of a GCC
|    builtin and then its argument prototype would still apply.  */
| char isinf ();
| int
| main (void)
| {
| return isinf ();
|   ;
|   return 0;
| }
configure:11127: gcc -o conftest -g -O2   conftest.c -lm   >&5
conftest.c:83:6: warning: conflicting types for built-in function 'isinf'; expected 'int()' [-Wbuiltin-declaration-mismatch]
   83 | char isinf ();
      |      ^~~~~
conftest.c:1:1: note: 'isinf' is declared in header '<math.h>'
    1 | /* confdefs.h */
/usr/lib/gcc/x86_64-alpine-linux-musl/15.2.0/../../../../x86_64-alpine-linux-musl/bin/ld: /tmp/ccNEOBgG.o: in function `main':
/home/sonakrie/Work/testicular_linux/gawk/conftest.c:87:(.text.startup+0x5): undefined reference to `isinf'
collect2: error: ld returned 1 exit status
configure:11127: $? = 1
configure: failed program was:
| /* confdefs.h */
| #define PACKAGE_NAME "GNU Awk"
| #define PACKAGE_TARNAME "gawk"
| #define PACKAGE_VERSION "5.4.1"
| #define PACKAGE_STRING "GNU Awk 5.4.1"
| #define PACKAGE_BUGREPORT "bug-gawk@gnu.org"
| #define PACKAGE_URL "https://www.gnu.org/software/gawk/"
| #define PACKAGE "gawk"
| #define VERSION "5.4.1"
| #define HAVE_STDIO_H 1
| #define HAVE_STDLIB_H 1
| #define HAVE_STRING_H 1
| #define HAVE_INTTYPES_H 1
| #define HAVE_STDINT_H 1
| #define HAVE_STRINGS_H 1
| #define HAVE_SYS_STAT_H 1
| #define HAVE_SYS_TYPES_H 1
| #define HAVE_UNISTD_H 1
| #define HAVE_WCHAR_H 1
| #define HAVE_STDBOOL_H 1
| #define HAVE_SYS_TIME_H 1
| #define STDC_HEADERS 1
| #define _ALL_SOURCE 1
| #define _DARWIN_C_SOURCE 1
| #define _GNU_SOURCE 1
| #define _HPUX_ALT_XOPEN_SOCKET_API 1
| #define _NETBSD_SOURCE 1
| #define _OPENBSD_SOURCE 1
| #define _POSIX_PTHREAD_SEMANTICS 1
| #define __STDC_WANT_IEC_60559_ATTRIBS_EXT__ 1
| #define __STDC_WANT_IEC_60559_BFP_EXT__ 1
| #define __STDC_WANT_IEC_60559_DFP_EXT__ 1
| #define __STDC_WANT_IEC_60559_FUNCS_EXT__ 1
| #define __STDC_WANT_IEC_60559_TYPES_EXT__ 1
| #define __STDC_WANT_LIB_EXT2__ 1
| #define __STDC_WANT_MATH_SPEC_FUNCS__ 1
| #define _TANDEM_SOURCE 1
| #define __EXTENSIONS__ 1
| #define HAVE_C_VARARRAYS 1
| #define HAVE_LANGINFO_CODESET 1
| #define HAVE_LC_MESSAGES 1
| #define HAVE_ARPA_INET_H 1
| #define HAVE_FCNTL_H 1
| #define HAVE_LOCALE_H 1
| #define HAVE_NETDB_H 1
| #define HAVE_NETINET_IN_H 1
| #define HAVE_STDDEF_H 1
| #define HAVE_STRING_H 1
| #define HAVE_SPAWN_H 1
| #define HAVE_SYS_IOCTL_H 1
| #define HAVE_SYS_PARAM_H 1
| #define HAVE_SYS_PERSONALITY_H 1
| #define HAVE_SYS_SELECT_H 1
| #define HAVE_SYS_SOCKET_H 1
| #define HAVE_SYS_TIME_H 1
| #define HAVE_UCHAR_H 1
| #define HAVE_UNISTD_H 1
| #define HAVE_TERMIOS_H 1
| #define HAVE_STROPTS_H 1
| #define HAVE_WCHAR_H 1
| #define HAVE_WCTYPE_H 1
| #define HAVE_C_BOOL 1
| #define HAVE_SYS_WAIT_H 1
| #define HAVE_MEMORY_H 1
| #define GETGROUPS_T gid_t
| #define HAVE_UNSIGNED_LONG_LONG_INT 1
| #define HAVE_LONG_LONG_INT 1
| #define HAVE_UNSIGNED_LONG_LONG_INT 1
| #define HAVE_INTMAX_T 1
| #define HAVE_UINTMAX_T 1
| #define SIZEOF_UNSIGNED_INT 4
| #define SIZEOF_UNSIGNED_LONG 8
| #define TIME_T_IN_SYS_TYPES_H 1
| #define HAVE_WCTYPE_T 1
| #define HAVE_WINT_T 1
| #define HAVE_SOCKADDR_STORAGE 1
| #define HAVE_GETADDRINFO 1
| /* end confdefs.h.  */
| 
| /* Override any GCC internal prototype to avoid an error.
|    Use char because int might match the return type of a GCC
|    builtin and then its argument prototype would still apply.  */
| char isinf ();
| int
| main (void)
| {
| return isinf ();
|   ;
|   return 0;
| }
configure:11147: result: no
configure:11156: checking for library containing ismod
configure:11186: gcc -o conftest -g -O2   conftest.c  >&5
/usr/lib/gcc/x86_64-alpine-linux-musl/15.2.0/../../../../x86_64-alpine-linux-musl/bin/ld: /tmp/ccmAmipH.o: in function `main':
/home/sonakrie/Work/testicular_linux/gawk/conftest.c:87:(.text.startup+0x5): undefined reference to `ismod'
collect2: error: ld returned 1 exit status
configure:11186: $? = 1
configure: failed program was:
| /* confdefs.h */
| #define PACKAGE_NAME "GNU Awk"
| #define PACKAGE_TARNAME "gawk"
| #define PACKAGE_VERSION "5.4.1"
| #define PACKAGE_STRING "GNU Awk 5.4.1"
| #define PACKAGE_BUGREPORT "bug-gawk@gnu.org"
| #define PACKAGE_URL "https://www.gnu.org/software/gawk/"
| #define PACKAGE "gawk"
| #define VERSION "5.4.1"
| #define HAVE_STDIO_H 1
| #define HAVE_STDLIB_H 1
| #define HAVE_STRING_H 1
| #define HAVE_INTTYPES_H 1
| #define HAVE_STDINT_H 1
| #define HAVE_STRINGS_H 1
| #define HAVE_SYS_STAT_H 1
| #define HAVE_SYS_TYPES_H 1
| #define HAVE_UNISTD_H 1
| #define HAVE_WCHAR_H 1
| #define HAVE_STDBOOL_H 1
| #define HAVE_SYS_TIME_H 1
| #define STDC_HEADERS 1
| #define _ALL_SOURCE 1
| #define _DARWIN_C_SOURCE 1
| #define _GNU_SOURCE 1
| #define _HPUX_ALT_XOPEN_SOCKET_API 1
| #define _NETBSD_SOURCE 1
| #define _OPENBSD_SOURCE 1
| #define _POSIX_PTHREAD_SEMANTICS 1
| #define __STDC_WANT_IEC_60559_ATTRIBS_EXT__ 1
| #define __STDC_WANT_IEC_60559_BFP_EXT__ 1
| #define __STDC_WANT_IEC_60559_DFP_EXT__ 1
| #define __STDC_WANT_IEC_60559_FUNCS_EXT__ 1
| #define __STDC_WANT_IEC_60559_TYPES_EXT__ 1
| #define __STDC_WANT_LIB_EXT2__ 1
| #define __STDC_WANT_MATH_SPEC_FUNCS__ 1
| #define _TANDEM_SOURCE 1
| #define __EXTENSIONS__ 1
| #define HAVE_C_VARARRAYS 1
| #define HAVE_LANGINFO_CODESET 1
| #define HAVE_LC_MESSAGES 1
| #define HAVE_ARPA_INET_H 1
| #define HAVE_FCNTL_H 1
| #define HAVE_LOCALE_H 1
| #define HAVE_NETDB_H 1
| #define HAVE_NETINET_IN_H 1
| #define HAVE_STDDEF_H 1
| #define HAVE_STRING_H 1
| #define HAVE_SPAWN_H 1
| #define HAVE_SYS_IOCTL_H 1
| #define HAVE_SYS_PARAM_H 1
| #define HAVE_SYS_PERSONALITY_H 1
| #define HAVE_SYS_SELECT_H 1
| #define HAVE_SYS_SOCKET_H 1
| #define HAVE_SYS_TIME_H 1
| #define HAVE_UCHAR_H 1
| #define HAVE_UNISTD_H 1
| #define HAVE_TERMIOS_H 1
| #define HAVE_STROPTS_H 1
| #define HAVE_WCHAR_H 1
| #define HAVE_WCTYPE_H 1
| #define HAVE_C_BOOL 1
| #define HAVE_SYS_WAIT_H 1
| #define HAVE_MEMORY_H 1
| #define GETGROUPS_T gid_t
| #define HAVE_UNSIGNED_LONG_LONG_INT 1
| #define HAVE_LONG_LONG_INT 1
| #define HAVE_UNSIGNED_LONG_LONG_INT 1
| #define HAVE_INTMAX_T 1
| #define HAVE_UINTMAX_T 1
| #define SIZEOF_UNSIGNED_INT 4
| #define SIZEOF_UNSIGNED_LONG 8
| #define TIME_T_IN_SYS_TYPES_H 1
| #define HAVE_WCTYPE_T 1
| #define HAVE_WINT_T 1
| #define HAVE_SOCKADDR_STORAGE 1
| #define HAVE_GETADDRINFO 1
| /* end confdefs.h.  */
| 
| /* Override any GCC internal prototype to avoid an error.
|    Use char because int might match the return type of a GCC
|    builtin and then its argument prototype would still apply.  */
| char ismod ();
| int
| main (void)
| {
| return ismod ();
|   ;
|   return 0;
| }
configure:11186: gcc -o conftest -g -O2   conftest.c -lm   >&5
/usr/lib/gcc/x86_64-alpine-linux-musl/15.2.0/../../../../x86_64-alpine-linux-musl/bin/ld: /tmp/ccEpdmFJ.o: in function `main':
/home/sonakrie/Work/testicular_linux/gawk/conftest.c:87:(.text.startup+0x5): undefined reference to `ismod'
collect2: error: ld returned 1 exit status
configure:11186: $? = 1
configure: failed program was:
| /* confdefs.h */
| #define PACKAGE_NAME "GNU Awk"
| #define PACKAGE_TARNAME "gawk"
| #define PACKAGE_VERSION "5.4.1"
| #define PACKAGE_STRING "GNU Awk 5.4.1"
| #define PACKAGE_BUGREPORT "bug-gawk@gnu.org"
| #define PACKAGE_URL "https://www.gnu.org/software/gawk/"
| #define PACKAGE "gawk"
| #define VERSION "5.4.1"
| #define HAVE_STDIO_H 1
| #define HAVE_STDLIB_H 1
| #define HAVE_STRING_H 1
| #define HAVE_INTTYPES_H 1
| #define HAVE_STDINT_H 1
| #define HAVE_STRINGS_H 1
| #define HAVE_SYS_STAT_H 1
| #define HAVE_SYS_TYPES_H 1
| #define HAVE_UNISTD_H 1
| #define HAVE_WCHAR_H 1
| #define HAVE_STDBOOL_H 1
| #define HAVE_SYS_TIME_H 1
| #define STDC_HEADERS 1
| #define _ALL_SOURCE 1
| #define _DARWIN_C_SOURCE 1
| #define _GNU_SOURCE 1
| #define _HPUX_ALT_XOPEN_SOCKET_API 1
| #define _NETBSD_SOURCE 1
| #define _OPENBSD_SOURCE 1
| #define _POSIX_PTHREAD_SEMANTICS 1
| #define __STDC_WANT_IEC_60559_ATTRIBS_EXT__ 1
| #define __STDC_WANT_IEC_60559_BFP_EXT__ 1
| #define __STDC_WANT_IEC_60559_DFP_EXT__ 1
| #define __STDC_WANT_IEC_60559_FUNCS_EXT__ 1
| #define __STDC_WANT_IEC_60559_TYPES_EXT__ 1
| #define __STDC_WANT_LIB_EXT2__ 1
| #define __STDC_WANT_MATH_SPEC_FUNCS__ 1
| #define _TANDEM_SOURCE 1
| #define __EXTENSIONS__ 1
| #define HAVE_C_VARARRAYS 1
| #define HAVE_LANGINFO_CODESET 1
| #define HAVE_LC_MESSAGES 1
| #define HAVE_ARPA_INET_H 1
| #define HAVE_FCNTL_H 1
| #define HAVE_LOCALE_H 1
| #define HAVE_NETDB_H 1
| #define HAVE_NETINET_IN_H 1
| #define HAVE_STDDEF_H 1
| #define HAVE_STRING_H 1
| #define HAVE_SPAWN_H 1
| #define HAVE_SYS_IOCTL_H 1
| #define HAVE_SYS_PARAM_H 1
| #define HAVE_SYS_PERSONALITY_H 1
| #define HAVE_SYS_SELECT_H 1
| #define HAVE_SYS_SOCKET_H 1
| #define HAVE_SYS_TIME_H 1
| #define HAVE_UCHAR_H 1
| #define HAVE_UNISTD_H 1
| #define HAVE_TERMIOS_H 1
| #define HAVE_STROPTS_H 1
| #define HAVE_WCHAR_H 1
| #define HAVE_WCTYPE_H 1
| #define HAVE_C_BOOL 1
| #define HAVE_SYS_WAIT_H 1
| #define HAVE_MEMORY_H 1
| #define GETGROUPS_T gid_t
| #define HAVE_UNSIGNED_LONG_LONG_INT 1
| #define HAVE_LONG_LONG_INT 1
| #define HAVE_UNSIGNED_LONG_LONG_INT 1
| #define HAVE_INTMAX_T 1
| #define HAVE_UINTMAX_T 1
| #define SIZEOF_UNSIGNED_INT 4
| #define SIZEOF_UNSIGNED_LONG 8
| #define TIME_T_IN_SYS_TYPES_H 1
| #define HAVE_WCTYPE_T 1
| #define HAVE_WINT_T 1
| #define HAVE_SOCKADDR_STORAGE 1
| #define HAVE_GETADDRINFO 1
| /* end confdefs.h.  */
| 
| /* Override any GCC internal prototype to avoid an error.
|    Use char because int might match the return type of a GCC
|    builtin and then its argument prototype would still apply.  */
| char ismod ();
| int
| main (void)
| {
| return ismod ();
|   ;
|   return 0;
| }
configure:11206: result: no
configure:11215: checking for library containing isnan
configure:11245: gcc -o conftest -g -O2   conftest.c  >&5
conftest.c:83:6: warning: conflicting types for built-in function 'isnan'; expected 'int()' [-Wbuiltin-declaration-mismatch]
   83 | char isnan ();
      |      ^~~~~
conftest.c:1:1: note: 'isnan' is declared in header '<math.h>'
    1 | /* confdefs.h */
/usr/lib/gcc/x86_64-alpine-linux-musl/15.2.0/../../../../x86_64-alpine-linux-musl/bin/ld: /tmp/ccpNdacK.o: in function `main':
/home/sonakrie/Work/testicular_linux/gawk/conftest.c:87:(.text.startup+0x5): undefined reference to `isnan'
collect2: error: ld returned 1 exit status
configure:11245: $? = 1
configure: failed program was:
| /* confdefs.h */
| #define PACKAGE_NAME "GNU Awk"
| #define PACKAGE_TARNAME "gawk"
| #define PACKAGE_VERSION "5.4.1"
| #define PACKAGE_STRING "GNU Awk 5.4.1"
| #define PACKAGE_BUGREPORT "bug-gawk@gnu.org"
| #define PACKAGE_URL "https://www.gnu.org/software/gawk/"
| #define PACKAGE "gawk"
| #define VERSION "5.4.1"
| #define HAVE_STDIO_H 1
| #define HAVE_STDLIB_H 1
| #define HAVE_STRING_H 1
| #define HAVE_INTTYPES_H 1
| #define HAVE_STDINT_H 1
| #define HAVE_STRINGS_H 1
| #define HAVE_SYS_STAT_H 1
| #define HAVE_SYS_TYPES_H 1
| #define HAVE_UNISTD_H 1
| #define HAVE_WCHAR_H 1
| #define HAVE_STDBOOL_H 1
| #define HAVE_SYS_TIME_H 1
| #define STDC_HEADERS 1
| #define _ALL_SOURCE 1
| #define _DARWIN_C_SOURCE 1
| #define _GNU_SOURCE 1
| #define _HPUX_ALT_XOPEN_SOCKET_API 1
| #define _NETBSD_SOURCE 1
| #define _OPENBSD_SOURCE 1
| #define _POSIX_PTHREAD_SEMANTICS 1
| #define __STDC_WANT_IEC_60559_ATTRIBS_EXT__ 1
| #define __STDC_WANT_IEC_60559_BFP_EXT__ 1
| #define __STDC_WANT_IEC_60559_DFP_EXT__ 1
| #define __STDC_WANT_IEC_60559_FUNCS_EXT__ 1
| #define __STDC_WANT_IEC_60559_TYPES_EXT__ 1
| #define __STDC_WANT_LIB_EXT2__ 1
| #define __STDC_WANT_MATH_SPEC_FUNCS__ 1
| #define _TANDEM_SOURCE 1
| #define __EXTENSIONS__ 1
| #define HAVE_C_VARARRAYS 1
| #define HAVE_LANGINFO_CODESET 1
| #define HAVE_LC_MESSAGES 1
| #define HAVE_ARPA_INET_H 1
| #define HAVE_FCNTL_H 1
| #define HAVE_LOCALE_H 1
| #define HAVE_NETDB_H 1
| #define HAVE_NETINET_IN_H 1
| #define HAVE_STDDEF_H 1
| #define HAVE_STRING_H 1
| #define HAVE_SPAWN_H 1
| #define HAVE_SYS_IOCTL_H 1
| #define HAVE_SYS_PARAM_H 1
| #define HAVE_SYS_PERSONALITY_H 1
| #define HAVE_SYS_SELECT_H 1
| #define HAVE_SYS_SOCKET_H 1
| #define HAVE_SYS_TIME_H 1
| #define HAVE_UCHAR_H 1
| #define HAVE_UNISTD_H 1
| #define HAVE_TERMIOS_H 1
| #define HAVE_STROPTS_H 1
| #define HAVE_WCHAR_H 1
| #define HAVE_WCTYPE_H 1
| #define HAVE_C_BOOL 1
| #define HAVE_SYS_WAIT_H 1
| #define HAVE_MEMORY_H 1
| #define GETGROUPS_T gid_t
| #define HAVE_UNSIGNED_LONG_LONG_INT 1
| #define HAVE_LONG_LONG_INT 1
| #define HAVE_UNSIGNED_LONG_LONG_INT 1
| #define HAVE_INTMAX_T 1
| #define HAVE_UINTMAX_T 1
| #define SIZEOF_UNSIGNED_INT 4
| #define SIZEOF_UNSIGNED_LONG 8
| #define TIME_T_IN_SYS_TYPES_H 1
| #define HAVE_WCTYPE_T 1
| #define HAVE_WINT_T 1
| #define HAVE_SOCKADDR_STORAGE 1
| #define HAVE_GETADDRINFO 1
| /* end confdefs.h.  */
| 
| /* Override any GCC internal prototype to avoid an error.
|    Use char because int might match the return type of a GCC
|    builtin and then its argument prototype would still apply.  */
| char isnan ();
| int
| main (void)
| {
| return isnan ();
|   ;
|   return 0;
| }
configure:11245: gcc -o conftest -g -O2   conftest.c -lm   >&5
conftest.c:83:6: warning: conflicting types for built-in function 'isnan'; expected 'int()' [-Wbuiltin-declaration-mismatch]
   83 | char isnan ();
      |      ^~~~~
conftest.c:1:1: note: 'isnan' is declared in header '<math.h>'
    1 | /* confdefs.h */
/usr/lib/gcc/x86_64-alpine-linux-musl/15.2.0/../../../../x86_64-alpine-linux-musl/bin/ld: /tmp/ccjojFiL.o: in function `main':
/home/sonakrie/Work/testicular_linux/gawk/conftest.c:87:(.text.startup+0x5): undefined reference to `isnan'
collect2: error: ld returned 1 exit status
configure:11245: $? = 1
configure: failed program was:
| /* confdefs.h */
| #define PACKAGE_NAME "GNU Awk"
| #define PACKAGE_TARNAME "gawk"
| #define PACKAGE_VERSION "5.4.1"
| #define PACKAGE_STRING "GNU Awk 5.4.1"
| #define PACKAGE_BUGREPORT "bug-gawk@gnu.org"
| #define PACKAGE_URL "https://www.gnu.org/software/gawk/"
| #define PACKAGE "gawk"
| #define VERSION "5.4.1"
| #define HAVE_STDIO_H 1
| #define HAVE_STDLIB_H 1
| #define HAVE_STRING_H 1
| #define HAVE_INTTYPES_H 1
| #define HAVE_STDINT_H 1
| #define HAVE_STRINGS_H 1
| #define HAVE_SYS_STAT_H 1
| #define HAVE_SYS_TYPES_H 1
| #define HAVE_UNISTD_H 1
| #define HAVE_WCHAR_H 1
| #define HAVE_STDBOOL_H 1
| #define HAVE_SYS_TIME_H 1
| #define STDC_HEADERS 1
| #define _ALL_SOURCE 1
| #define _DARWIN_C_SOURCE 1
| #define _GNU_SOURCE 1
| #define _HPUX_ALT_XOPEN_SOCKET_API 1
| #define _NETBSD_SOURCE 1
| #define _OPENBSD_SOURCE 1
| #define _POSIX_PTHREAD_SEMANTICS 1
| #define __STDC_WANT_IEC_60559_ATTRIBS_EXT__ 1
| #define __STDC_WANT_IEC_60559_BFP_EXT__ 1
| #define __STDC_WANT_IEC_60559_DFP_EXT__ 1
| #define __STDC_WANT_IEC_60559_FUNCS_EXT__ 1
| #define __STDC_WANT_IEC_60559_TYPES_EXT__ 1
| #define __STDC_WANT_LIB_EXT2__ 1
| #define __STDC_WANT_MATH_SPEC_FUNCS__ 1
| #define _TANDEM_SOURCE 1
| #define __EXTENSIONS__ 1
| #define HAVE_C_VARARRAYS 1
| #define HAVE_LANGINFO_CODESET 1
| #define HAVE_LC_MESSAGES 1
| #define HAVE_ARPA_INET_H 1
| #define HAVE_FCNTL_H 1
| #define HAVE_LOCALE_H 1
| #define HAVE_NETDB_H 1
| #define HAVE_NETINET_IN_H 1
| #define HAVE_STDDEF_H 1
| #define HAVE_STRING_H 1
| #define HAVE_SPAWN_H 1
| #define HAVE_SYS_IOCTL_H 1
| #define HAVE_SYS_PARAM_H 1
| #define HAVE_SYS_PERSONALITY_H 1
| #define HAVE_SYS_SELECT_H 1
| #define HAVE_SYS_SOCKET_H 1
| #define HAVE_SYS_TIME_H 1
| #define HAVE_UCHAR_H 1
| #define HAVE_UNISTD_H 1
| #define HAVE_TERMIOS_H 1
| #define HAVE_STROPTS_H 1
| #define HAVE_WCHAR_H 1
| #define HAVE_WCTYPE_H 1
| #define HAVE_C_BOOL 1
| #define HAVE_SYS_WAIT_H 1
| #define HAVE_MEMORY_H 1
| #define GETGROUPS_T gid_t
| #define HAVE_UNSIGNED_LONG_LONG_INT 1
| #define HAVE_LONG_LONG_INT 1
| #define HAVE_UNSIGNED_LONG_LONG_INT 1
| #define HAVE_INTMAX_T 1
| #define HAVE_UINTMAX_T 1
| #define SIZEOF_UNSIGNED_INT 4
| #define SIZEOF_UNSIGNED_LONG 8
| #define TIME_T_IN_SYS_TYPES_H 1
| #define HAVE_WCTYPE_T 1
| #define HAVE_WINT_T 1
| #define HAVE_SOCKADDR_STORAGE 1
| #define HAVE_GETADDRINFO 1
| /* end confdefs.h.  */
| 
| /* Override any GCC internal prototype to avoid an error.
|    Use char because int might match the return type of a GCC
|    builtin and then its argument prototype would still apply.  */
| char isnan ();
| int
| main (void)
| {
| return isnan ();
|   ;
|   return 0;
| }
configure:11265: result: no
configure:11275: checking for __etoa_l
configure:11275: gcc -o conftest -g -O2   conftest.c  >&5
/usr/lib/gcc/x86_64-alpine-linux-musl/15.2.0/../../../../x86_64-alpine-linux-musl/bin/ld: /tmp/ccGDKDON.o: in function `main':
/home/sonakrie/Work/testicular_linux/gawk/conftest.c:106:(.text.startup+0x5): undefined reference to `__etoa_l'
collect2: error: ld returned 1 exit status
configure:11275: $? = 1
configure: failed program was:
| /* confdefs.h */
| #define PACKAGE_NAME "GNU Awk"
| #define PACKAGE_TARNAME "gawk"
| #define PACKAGE_VERSION "5.4.1"
| #define PACKAGE_STRING "GNU Awk 5.4.1"
| #define PACKAGE_BUGREPORT "bug-gawk@gnu.org"
| #define PACKAGE_URL "https://www.gnu.org/software/gawk/"
| #define PACKAGE "gawk"
| #define VERSION "5.4.1"
| #define HAVE_STDIO_H 1
| #define HAVE_STDLIB_H 1
| #define HAVE_STRING_H 1
| #define HAVE_INTTYPES_H 1
| #define HAVE_STDINT_H 1
| #define HAVE_STRINGS_H 1
| #define HAVE_SYS_STAT_H 1
| #define HAVE_SYS_TYPES_H 1
| #define HAVE_UNISTD_H 1
| #define HAVE_WCHAR_H 1
| #define HAVE_STDBOOL_H 1
| #define HAVE_SYS_TIME_H 1
| #define STDC_HEADERS 1
| #define _ALL_SOURCE 1
| #define _DARWIN_C_SOURCE 1
| #define _GNU_SOURCE 1
| #define _HPUX_ALT_XOPEN_SOCKET_API 1
| #define _NETBSD_SOURCE 1
| #define _OPENBSD_SOURCE 1
| #define _POSIX_PTHREAD_SEMANTICS 1
| #define __STDC_WANT_IEC_60559_ATTRIBS_EXT__ 1
| #define __STDC_WANT_IEC_60559_BFP_EXT__ 1
| #define __STDC_WANT_IEC_60559_DFP_EXT__ 1
| #define __STDC_WANT_IEC_60559_FUNCS_EXT__ 1
| #define __STDC_WANT_IEC_60559_TYPES_EXT__ 1
| #define __STDC_WANT_LIB_EXT2__ 1
| #define __STDC_WANT_MATH_SPEC_FUNCS__ 1
| #define _TANDEM_SOURCE 1
| #define __EXTENSIONS__ 1
| #define HAVE_C_VARARRAYS 1
| #define HAVE_LANGINFO_CODESET 1
| #define HAVE_LC_MESSAGES 1
| #define HAVE_ARPA_INET_H 1
| #define HAVE_FCNTL_H 1
| #define HAVE_LOCALE_H 1
| #define HAVE_NETDB_H 1
| #define HAVE_NETINET_IN_H 1
| #define HAVE_STDDEF_H 1
| #define HAVE_STRING_H 1
| #define HAVE_SPAWN_H 1
| #define HAVE_SYS_IOCTL_H 1
| #define HAVE_SYS_PARAM_H 1
| #define HAVE_SYS_PERSONALITY_H 1
| #define HAVE_SYS_SELECT_H 1
| #define HAVE_SYS_SOCKET_H 1
| #define HAVE_SYS_TIME_H 1
| #define HAVE_UCHAR_H 1
| #define HAVE_UNISTD_H 1
| #define HAVE_TERMIOS_H 1
| #define HAVE_STROPTS_H 1
| #define HAVE_WCHAR_H 1
| #define HAVE_WCTYPE_H 1
| #define HAVE_C_BOOL 1
| #define HAVE_SYS_WAIT_H 1
| #define HAVE_MEMORY_H 1
| #define GETGROUPS_T gid_t
| #define HAVE_UNSIGNED_LONG_LONG_INT 1
| #define HAVE_LONG_LONG_INT 1
| #define HAVE_UNSIGNED_LONG_LONG_INT 1
| #define HAVE_INTMAX_T 1
| #define HAVE_UINTMAX_T 1
| #define SIZEOF_UNSIGNED_INT 4
| #define SIZEOF_UNSIGNED_LONG 8
| #define TIME_T_IN_SYS_TYPES_H 1
| #define HAVE_WCTYPE_T 1
| #define HAVE_WINT_T 1
| #define HAVE_SOCKADDR_STORAGE 1
| #define HAVE_GETADDRINFO 1
| /* end confdefs.h.  */
| /* Define __etoa_l to an innocuous variant, in case <limits.h> declares __etoa_l.
|    For example, HP-UX 11i <limits.h> declares gettimeofday.  */
| #define __etoa_l innocuous___etoa_l
| 
| /* System header to define __stub macros and hopefully few prototypes,
|    which can conflict with char __etoa_l (); below.  */
| 
| #include <limits.h>
| #undef __etoa_l
| 
| /* Override any GCC internal prototype to avoid an error.
|    Use char because int might match the return type of a GCC
|    builtin and then its argument prototype would still apply.  */
| #ifdef __cplusplus
| extern "C"
| #endif
| char __etoa_l ();
| /* The GNU C library defines this for functions which it implements
|     to always fail with ENOSYS.  Some functions are actually named
|     something starting with __ and the normal name is an alias.  */
| #if defined __stub___etoa_l || defined __stub_____etoa_l
| choke me
| #endif
| 
| int
| main (void)
| {
| return __etoa_l ();
|   ;
|   return 0;
| }
configure:11275: result: no
configure:11281: checking for atexit
configure:11281: gcc -o conftest -g -O2   conftest.c  >&5
configure:11281: $? = 0
configure:11281: result: yes
configure:11287: checking for btowc
configure:11287: gcc -o conftest -g -O2   conftest.c  >&5
configure:11287: $? = 0
configure:11287: result: yes
configure:11293: checking for fmod
configure:11293: gcc -o conftest -g -O2   conftest.c  >&5
conftest.c:97:6: warning: conflicting types for built-in function 'fmod'; expected 'double(double,  double)' [-Wbuiltin-declaration-mismatch]
   97 | char fmod ();
      |      ^~~~
conftest.c:89:1: note: 'fmod' is declared in header '<math.h>'
   88 | #include <limits.h>
   89 | #undef fmod
configure:11293: $? = 0
configure:11293: result: yes
configure:11299: checking for fwrite_unlocked
configure:11299: gcc -o conftest -g -O2   conftest.c  >&5
conftest.c:98:6: warning: conflicting types for built-in function 'fwrite_unlocked'; expected 'long unsigned int(const void *, long unsigned int,  long unsigned int,  void *)' [-Wbuiltin-declaration-mismatch]
   98 | char fwrite_unlocked ();
      |      ^~~~~~~~~~~~~~~
configure:11299: $? = 0
configure:11299: result: yes
configure:11305: checking for gai_strerror
configure:11305: gcc -o conftest -g -O2   conftest.c  >&5
configure:11305: $? = 0
configure:11305: result: yes
configure:11311: checking for getgrent
configure:11311: gcc -o conftest -g -O2   conftest.c  >&5
configure:11311: $? = 0
configure:11311: result: yes
configure:11317: checking for getgroups
configure:11317: gcc -o conftest -g -O2   conftest.c  >&5
configure:11317: $? = 0
configure:11317: result: yes
configure:11323: checking for grantpt
configure:11323: gcc -o conftest -g -O2   conftest.c  >&5
configure:11323: $? = 0
configure:11323: result: yes
configure:11329: checking for isascii
configure:11329: gcc -o conftest -g -O2   conftest.c  >&5
conftest.c:103:6: warning: conflicting types for built-in function 'isascii'; expected 'int(int)' [-Wbuiltin-declaration-mismatch]
  103 | char isascii ();
      |      ^~~~~~~
configure:11329: $? = 0
configure:11329: result: yes
configure:11335: checking for isblank
configure:11335: gcc -o conftest -g -O2   conftest.c  >&5
conftest.c:104:6: warning: conflicting types for built-in function 'isblank'; expected 'int(int)' [-Wbuiltin-declaration-mismatch]
  104 | char isblank ();
      |      ^~~~~~~
conftest.c:96:1: note: 'isblank' is declared in header '<ctype.h>'
   95 | #include <limits.h>
   96 | #undef isblank
configure:11335: $? = 0
configure:11335: result: yes
configure:11341: checking for gettimeofday
configure:11341: gcc -o conftest -g -O2   conftest.c  >&5
configure:11341: $? = 0
configure:11341: result: yes
configure:11347: checking for clock_gettime
configure:11347: gcc -o conftest -g -O2   conftest.c  >&5
configure:11347: $? = 0
configure:11347: result: yes
configure:11353: checking for lstat
configure:11353: gcc -o conftest -g -O2   conftest.c  >&5
configure:11353: $? = 0
configure:11353: result: yes
configure:11359: checking for getdtablesize
configure:11359: gcc -o conftest -g -O2   conftest.c  >&5
configure:11359: $? = 0
configure:11359: result: yes
configure:11365: checking for _NSGetExecutablePath
configure:11365: gcc -o conftest -g -O2   conftest.c  >&5
/usr/lib/gcc/x86_64-alpine-linux-musl/15.2.0/../../../../x86_64-alpine-linux-musl/bin/ld: /tmp/ccEpocnA.o: in function `main':
/home/sonakrie/Work/testicular_linux/gawk/conftest.c:120:(.text.startup+0x5): undefined reference to `_NSGetExecutablePath'
collect2: error: ld returned 1 exit status
configure:11365: $? = 1
configure: failed program was:
| /* confdefs.h */
| #define PACKAGE_NAME "GNU Awk"
| #define PACKAGE_TARNAME "gawk"
| #define PACKAGE_VERSION "5.4.1"
| #define PACKAGE_STRING "GNU Awk 5.4.1"
| #define PACKAGE_BUGREPORT "bug-gawk@gnu.org"
| #define PACKAGE_URL "https://www.gnu.org/software/gawk/"
| #define PACKAGE "gawk"
| #define VERSION "5.4.1"
| #define HAVE_STDIO_H 1
| #define HAVE_STDLIB_H 1
| #define HAVE_STRING_H 1
| #define HAVE_INTTYPES_H 1
| #define HAVE_STDINT_H 1
| #define HAVE_STRINGS_H 1
| #define HAVE_SYS_STAT_H 1
| #define HAVE_SYS_TYPES_H 1
| #define HAVE_UNISTD_H 1
| #define HAVE_WCHAR_H 1
| #define HAVE_STDBOOL_H 1
| #define HAVE_SYS_TIME_H 1
| #define STDC_HEADERS 1
| #define _ALL_SOURCE 1
| #define _DARWIN_C_SOURCE 1
| #define _GNU_SOURCE 1
| #define _HPUX_ALT_XOPEN_SOCKET_API 1
| #define _NETBSD_SOURCE 1
| #define _OPENBSD_SOURCE 1
| #define _POSIX_PTHREAD_SEMANTICS 1
| #define __STDC_WANT_IEC_60559_ATTRIBS_EXT__ 1
| #define __STDC_WANT_IEC_60559_BFP_EXT__ 1
| #define __STDC_WANT_IEC_60559_DFP_EXT__ 1
| #define __STDC_WANT_IEC_60559_FUNCS_EXT__ 1
| #define __STDC_WANT_IEC_60559_TYPES_EXT__ 1
| #define __STDC_WANT_LIB_EXT2__ 1
| #define __STDC_WANT_MATH_SPEC_FUNCS__ 1
| #define _TANDEM_SOURCE 1
| #define __EXTENSIONS__ 1
| #define HAVE_C_VARARRAYS 1
| #define HAVE_LANGINFO_CODESET 1
| #define HAVE_LC_MESSAGES 1
| #define HAVE_ARPA_INET_H 1
| #define HAVE_FCNTL_H 1
| #define HAVE_LOCALE_H 1
| #define HAVE_NETDB_H 1
| #define HAVE_NETINET_IN_H 1
| #define HAVE_STDDEF_H 1
| #define HAVE_STRING_H 1
| #define HAVE_SPAWN_H 1
| #define HAVE_SYS_IOCTL_H 1
| #define HAVE_SYS_PARAM_H 1
| #define HAVE_SYS_PERSONALITY_H 1
| #define HAVE_SYS_SELECT_H 1
| #define HAVE_SYS_SOCKET_H 1
| #define HAVE_SYS_TIME_H 1
| #define HAVE_UCHAR_H 1
| #define HAVE_UNISTD_H 1
| #define HAVE_TERMIOS_H 1
| #define HAVE_STROPTS_H 1
| #define HAVE_WCHAR_H 1
| #define HAVE_WCTYPE_H 1
| #define HAVE_C_BOOL 1
| #define HAVE_SYS_WAIT_H 1
| #define HAVE_MEMORY_H 1
| #define GETGROUPS_T gid_t
| #define HAVE_UNSIGNED_LONG_LONG_INT 1
| #define HAVE_LONG_LONG_INT 1
| #define HAVE_UNSIGNED_LONG_LONG_INT 1
| #define HAVE_INTMAX_T 1
| #define HAVE_UINTMAX_T 1
| #define SIZEOF_UNSIGNED_INT 4
| #define SIZEOF_UNSIGNED_LONG 8
| #define TIME_T_IN_SYS_TYPES_H 1
| #define HAVE_WCTYPE_T 1
| #define HAVE_WINT_T 1
| #define HAVE_SOCKADDR_STORAGE 1
| #define HAVE_GETADDRINFO 1
| #define HAVE_ATEXIT 1
| #define HAVE_BTOWC 1
| #define HAVE_FMOD 1
| #define HAVE_FWRITE_UNLOCKED 1
| #define HAVE_GAI_STRERROR 1
| #define HAVE_GETGRENT 1
| #define HAVE_GETGROUPS 1
| #define HAVE_GRANTPT 1
| #define HAVE_ISASCII 1
| #define HAVE_ISBLANK 1
| #define HAVE_GETTIMEOFDAY 1
| #define HAVE_CLOCK_GETTIME 1
| #define HAVE_LSTAT 1
| #define HAVE_GETDTABLESIZE 1
| /* end confdefs.h.  */
| /* Define _NSGetExecutablePath to an innocuous variant, in case <limits.h> declares _NSGetExecutablePath.
|    For example, HP-UX 11i <limits.h> declares gettimeofday.  */
| #define _NSGetExecutablePath innocuous__NSGetExecutablePath
| 
| /* System header to define __stub macros and hopefully few prototypes,
|    which can conflict with char _NSGetExecutablePath (); below.  */
| 
| #include <limits.h>
| #undef _NSGetExecutablePath
| 
| /* Override any GCC internal prototype to avoid an error.
|    Use char because int might match the return type of a GCC
|    builtin and then its argument prototype would still apply.  */
| #ifdef __cplusplus
| extern "C"
| #endif
| char _NSGetExecutablePath ();
| /* The GNU C library defines this for functions which it implements
|     to always fail with ENOSYS.  Some functions are actually named
|     something starting with __ and the normal name is an alias.  */
| #if defined __stub__NSGetExecutablePath || defined __stub____NSGetExecutablePath
| choke me
| #endif
| 
| int
| main (void)
| {
| return _NSGetExecutablePath ();
|   ;
|   return 0;
| }
configure:11365: result: no
configure:11371: checking for posix_spawnp
configure:11371: gcc -o conftest -g -O2   conftest.c  >&5
configure:11371: $? = 0
configure:11371: result: yes
configure:11377: checking for mbrtoc32
configure:11377: gcc -o conftest -g -O2   conftest.c  >&5
configure:11377: $? = 0
configure:11377: result: yes
configure:11383: checking for c32rtomb
configure:11383: gcc -o conftest -g -O2   conftest.c  >&5
configure:11383: $? = 0
configure:11383: result: yes
configure:11389: checking for mtrace
configure:11389: gcc -o conftest -g -O2   conftest.c  >&5
/usr/lib/gcc/x86_64-alpine-linux-musl/15.2.0/../../../../x86_64-alpine-linux-musl/bin/ld: /tmp/ccmJacHF.o: in function `main':
/home/sonakrie/Work/testicular_linux/gawk/conftest.c:123:(.text.startup+0x5): undefined reference to `mtrace'
collect2: error: ld returned 1 exit status
configure:11389: $? = 1
configure: failed program was:
| /* confdefs.h */
| #define PACKAGE_NAME "GNU Awk"
| #define PACKAGE_TARNAME "gawk"
| #define PACKAGE_VERSION "5.4.1"
| #define PACKAGE_STRING "GNU Awk 5.4.1"
| #define PACKAGE_BUGREPORT "bug-gawk@gnu.org"
| #define PACKAGE_URL "https://www.gnu.org/software/gawk/"
| #define PACKAGE "gawk"
| #define VERSION "5.4.1"
| #define HAVE_STDIO_H 1
| #define HAVE_STDLIB_H 1
| #define HAVE_STRING_H 1
| #define HAVE_INTTYPES_H 1
| #define HAVE_STDINT_H 1
| #define HAVE_STRINGS_H 1
| #define HAVE_SYS_STAT_H 1
| #define HAVE_SYS_TYPES_H 1
| #define HAVE_UNISTD_H 1
| #define HAVE_WCHAR_H 1
| #define HAVE_STDBOOL_H 1
| #define HAVE_SYS_TIME_H 1
| #define STDC_HEADERS 1
| #define _ALL_SOURCE 1
| #define _DARWIN_C_SOURCE 1
| #define _GNU_SOURCE 1
| #define _HPUX_ALT_XOPEN_SOCKET_API 1
| #define _NETBSD_SOURCE 1
| #define _OPENBSD_SOURCE 1
| #define _POSIX_PTHREAD_SEMANTICS 1
| #define __STDC_WANT_IEC_60559_ATTRIBS_EXT__ 1
| #define __STDC_WANT_IEC_60559_BFP_EXT__ 1
| #define __STDC_WANT_IEC_60559_DFP_EXT__ 1
| #define __STDC_WANT_IEC_60559_FUNCS_EXT__ 1
| #define __STDC_WANT_IEC_60559_TYPES_EXT__ 1
| #define __STDC_WANT_LIB_EXT2__ 1
| #define __STDC_WANT_MATH_SPEC_FUNCS__ 1
| #define _TANDEM_SOURCE 1
| #define __EXTENSIONS__ 1
| #define HAVE_C_VARARRAYS 1
| #define HAVE_LANGINFO_CODESET 1
| #define HAVE_LC_MESSAGES 1
| #define HAVE_ARPA_INET_H 1
| #define HAVE_FCNTL_H 1
| #define HAVE_LOCALE_H 1
| #define HAVE_NETDB_H 1
| #define HAVE_NETINET_IN_H 1
| #define HAVE_STDDEF_H 1
| #define HAVE_STRING_H 1
| #define HAVE_SPAWN_H 1
| #define HAVE_SYS_IOCTL_H 1
| #define HAVE_SYS_PARAM_H 1
| #define HAVE_SYS_PERSONALITY_H 1
| #define HAVE_SYS_SELECT_H 1
| #define HAVE_SYS_SOCKET_H 1
| #define HAVE_SYS_TIME_H 1
| #define HAVE_UCHAR_H 1
| #define HAVE_UNISTD_H 1
| #define HAVE_TERMIOS_H 1
| #define HAVE_STROPTS_H 1
| #define HAVE_WCHAR_H 1
| #define HAVE_WCTYPE_H 1
| #define HAVE_C_BOOL 1
| #define HAVE_SYS_WAIT_H 1
| #define HAVE_MEMORY_H 1
| #define GETGROUPS_T gid_t
| #define HAVE_UNSIGNED_LONG_LONG_INT 1
| #define HAVE_LONG_LONG_INT 1
| #define HAVE_UNSIGNED_LONG_LONG_INT 1
| #define HAVE_INTMAX_T 1
| #define HAVE_UINTMAX_T 1
| #define SIZEOF_UNSIGNED_INT 4
| #define SIZEOF_UNSIGNED_LONG 8
| #define TIME_T_IN_SYS_TYPES_H 1
| #define HAVE_WCTYPE_T 1
| #define HAVE_WINT_T 1
| #define HAVE_SOCKADDR_STORAGE 1
| #define HAVE_GETADDRINFO 1
| #define HAVE_ATEXIT 1
| #define HAVE_BTOWC 1
| #define HAVE_FMOD 1
| #define HAVE_FWRITE_UNLOCKED 1
| #define HAVE_GAI_STRERROR 1
| #define HAVE_GETGRENT 1
| #define HAVE_GETGROUPS 1
| #define HAVE_GRANTPT 1
| #define HAVE_ISASCII 1
| #define HAVE_ISBLANK 1
| #define HAVE_GETTIMEOFDAY 1
| #define HAVE_CLOCK_GETTIME 1
| #define HAVE_LSTAT 1
| #define HAVE_GETDTABLESIZE 1
| #define HAVE_POSIX_SPAWNP 1
| #define HAVE_MBRTOC32 1
| #define HAVE_C32RTOMB 1
| /* end confdefs.h.  */
| /* Define mtrace to an innocuous variant, in case <limits.h> declares mtrace.
|    For example, HP-UX 11i <limits.h> declares gettimeofday.  */
| #define mtrace innocuous_mtrace
| 
| /* System header to define __stub macros and hopefully few prototypes,
|    which can conflict with char mtrace (); below.  */
| 
| #include <limits.h>
| #undef mtrace
| 
| /* Override any GCC internal prototype to avoid an error.
|    Use char because int might match the return type of a GCC
|    builtin and then its argument prototype would still apply.  */
| #ifdef __cplusplus
| extern "C"
| #endif
| char mtrace ();
| /* The GNU C library defines this for functions which it implements
|     to always fail with ENOSYS.  Some functions are actually named
|     something starting with __ and the normal name is an alias.  */
| #if defined __stub_mtrace || defined __stub___mtrace
| choke me
| #endif
| 
| int
| main (void)
| {
| return mtrace ();
|   ;
|   return 0;
| }
configure:11389: result: no
configure:11395: checking for personality
configure:11395: gcc -o conftest -g -O2   conftest.c  >&5
configure:11395: $? = 0
configure:11395: result: yes
configure:11401: checking for posix_openpt
configure:11401: gcc -o conftest -g -O2   conftest.c  >&5
configure:11401: $? = 0
configure:11401: result: yes
configure:11407: checking for setenv
configure:11407: gcc -o conftest -g -O2   conftest.c  >&5
configure:11407: $? = 0
configure:11407: result: yes
configure:11413: checking for setlocale
configure:11413: gcc -o conftest -g -O2   conftest.c  >&5
configure:11413: $? = 0
configure:11413: result: yes
configure:11419: checking for setsid
configure:11419: gcc -o conftest -g -O2   conftest.c  >&5
configure:11419: $? = 0
configure:11419: result: yes
configure:11425: checking for sigprocmask
configure:11425: gcc -o conftest -g -O2   conftest.c  >&5
configure:11425: $? = 0
configure:11425: result: yes
configure:11431: checking for procctl
configure:11431: gcc -o conftest -g -O2   conftest.c  >&5
/usr/lib/gcc/x86_64-alpine-linux-musl/15.2.0/../../../../x86_64-alpine-linux-musl/bin/ld: /tmp/ccidBnON.o: in function `main':
/home/sonakrie/Work/testicular_linux/gawk/conftest.c:129:(.text.startup+0x5): undefined reference to `procctl'
collect2: error: ld returned 1 exit status
configure:11431: $? = 1
configure: failed program was:
| /* confdefs.h */
| #define PACKAGE_NAME "GNU Awk"
| #define PACKAGE_TARNAME "gawk"
| #define PACKAGE_VERSION "5.4.1"
| #define PACKAGE_STRING "GNU Awk 5.4.1"
| #define PACKAGE_BUGREPORT "bug-gawk@gnu.org"
| #define PACKAGE_URL "https://www.gnu.org/software/gawk/"
| #define PACKAGE "gawk"
| #define VERSION "5.4.1"
| #define HAVE_STDIO_H 1
| #define HAVE_STDLIB_H 1
| #define HAVE_STRING_H 1
| #define HAVE_INTTYPES_H 1
| #define HAVE_STDINT_H 1
| #define HAVE_STRINGS_H 1
| #define HAVE_SYS_STAT_H 1
| #define HAVE_SYS_TYPES_H 1
| #define HAVE_UNISTD_H 1
| #define HAVE_WCHAR_H 1
| #define HAVE_STDBOOL_H 1
| #define HAVE_SYS_TIME_H 1
| #define STDC_HEADERS 1
| #define _ALL_SOURCE 1
| #define _DARWIN_C_SOURCE 1
| #define _GNU_SOURCE 1
| #define _HPUX_ALT_XOPEN_SOCKET_API 1
| #define _NETBSD_SOURCE 1
| #define _OPENBSD_SOURCE 1
| #define _POSIX_PTHREAD_SEMANTICS 1
| #define __STDC_WANT_IEC_60559_ATTRIBS_EXT__ 1
| #define __STDC_WANT_IEC_60559_BFP_EXT__ 1
| #define __STDC_WANT_IEC_60559_DFP_EXT__ 1
| #define __STDC_WANT_IEC_60559_FUNCS_EXT__ 1
| #define __STDC_WANT_IEC_60559_TYPES_EXT__ 1
| #define __STDC_WANT_LIB_EXT2__ 1
| #define __STDC_WANT_MATH_SPEC_FUNCS__ 1
| #define _TANDEM_SOURCE 1
| #define __EXTENSIONS__ 1
| #define HAVE_C_VARARRAYS 1
| #define HAVE_LANGINFO_CODESET 1
| #define HAVE_LC_MESSAGES 1
| #define HAVE_ARPA_INET_H 1
| #define HAVE_FCNTL_H 1
| #define HAVE_LOCALE_H 1
| #define HAVE_NETDB_H 1
| #define HAVE_NETINET_IN_H 1
| #define HAVE_STDDEF_H 1
| #define HAVE_STRING_H 1
| #define HAVE_SPAWN_H 1
| #define HAVE_SYS_IOCTL_H 1
| #define HAVE_SYS_PARAM_H 1
| #define HAVE_SYS_PERSONALITY_H 1
| #define HAVE_SYS_SELECT_H 1
| #define HAVE_SYS_SOCKET_H 1
| #define HAVE_SYS_TIME_H 1
| #define HAVE_UCHAR_H 1
| #define HAVE_UNISTD_H 1
| #define HAVE_TERMIOS_H 1
| #define HAVE_STROPTS_H 1
| #define HAVE_WCHAR_H 1
| #define HAVE_WCTYPE_H 1
| #define HAVE_C_BOOL 1
| #define HAVE_SYS_WAIT_H 1
| #define HAVE_MEMORY_H 1
| #define GETGROUPS_T gid_t
| #define HAVE_UNSIGNED_LONG_LONG_INT 1
| #define HAVE_LONG_LONG_INT 1
| #define HAVE_UNSIGNED_LONG_LONG_INT 1
| #define HAVE_INTMAX_T 1
| #define HAVE_UINTMAX_T 1
| #define SIZEOF_UNSIGNED_INT 4
| #define SIZEOF_UNSIGNED_LONG 8
| #define TIME_T_IN_SYS_TYPES_H 1
| #define HAVE_WCTYPE_T 1
| #define HAVE_WINT_T 1
| #define HAVE_SOCKADDR_STORAGE 1
| #define HAVE_GETADDRINFO 1
| #define HAVE_ATEXIT 1
| #define HAVE_BTOWC 1
| #define HAVE_FMOD 1
| #define HAVE_FWRITE_UNLOCKED 1
| #define HAVE_GAI_STRERROR 1
| #define HAVE_GETGRENT 1
| #define HAVE_GETGROUPS 1
| #define HAVE_GRANTPT 1
| #define HAVE_ISASCII 1
| #define HAVE_ISBLANK 1
| #define HAVE_GETTIMEOFDAY 1
| #define HAVE_CLOCK_GETTIME 1
| #define HAVE_LSTAT 1
| #define HAVE_GETDTABLESIZE 1
| #define HAVE_POSIX_SPAWNP 1
| #define HAVE_MBRTOC32 1
| #define HAVE_C32RTOMB 1
| #define HAVE_PERSONALITY 1
| #define HAVE_POSIX_OPENPT 1
| #define HAVE_SETENV 1
| #define HAVE_SETLOCALE 1
| #define HAVE_SETSID 1
| #define HAVE_SIGPROCMASK 1
| /* end confdefs.h.  */
| /* Define procctl to an innocuous variant, in case <limits.h> declares procctl.
|    For example, HP-UX 11i <limits.h> declares gettimeofday.  */
| #define procctl innocuous_procctl
| 
| /* System header to define __stub macros and hopefully few prototypes,
|    which can conflict with char procctl (); below.  */
| 
| #include <limits.h>
| #undef procctl
| 
| /* Override any GCC internal prototype to avoid an error.
|    Use char because int might match the return type of a GCC
|    builtin and then its argument prototype would still apply.  */
| #ifdef __cplusplus
| extern "C"
| #endif
| char procctl ();
| /* The GNU C library defines this for functions which it implements
|     to always fail with ENOSYS.  Some functions are actually named
|     something starting with __ and the normal name is an alias.  */
| #if defined __stub_procctl || defined __stub___procctl
| choke me
| #endif
| 
| int
| main (void)
| {
| return procctl ();
|   ;
|   return 0;
| }
configure:11431: result: no
configure:11437: checking for sysctl
configure:11437: gcc -o conftest -g -O2   conftest.c  >&5
/usr/lib/gcc/x86_64-alpine-linux-musl/15.2.0/../../../../x86_64-alpine-linux-musl/bin/ld: /tmp/ccCJflgO.o: in function `main':
/home/sonakrie/Work/testicular_linux/gawk/conftest.c:129:(.text.startup+0x5): undefined reference to `sysctl'
collect2: error: ld returned 1 exit status
configure:11437: $? = 1
configure: failed program was:
| /* confdefs.h */
| #define PACKAGE_NAME "GNU Awk"
| #define PACKAGE_TARNAME "gawk"
| #define PACKAGE_VERSION "5.4.1"
| #define PACKAGE_STRING "GNU Awk 5.4.1"
| #define PACKAGE_BUGREPORT "bug-gawk@gnu.org"
| #define PACKAGE_URL "https://www.gnu.org/software/gawk/"
| #define PACKAGE "gawk"
| #define VERSION "5.4.1"
| #define HAVE_STDIO_H 1
| #define HAVE_STDLIB_H 1
| #define HAVE_STRING_H 1
| #define HAVE_INTTYPES_H 1
| #define HAVE_STDINT_H 1
| #define HAVE_STRINGS_H 1
| #define HAVE_SYS_STAT_H 1
| #define HAVE_SYS_TYPES_H 1
| #define HAVE_UNISTD_H 1
| #define HAVE_WCHAR_H 1
| #define HAVE_STDBOOL_H 1
| #define HAVE_SYS_TIME_H 1
| #define STDC_HEADERS 1
| #define _ALL_SOURCE 1
| #define _DARWIN_C_SOURCE 1
| #define _GNU_SOURCE 1
| #define _HPUX_ALT_XOPEN_SOCKET_API 1
| #define _NETBSD_SOURCE 1
| #define _OPENBSD_SOURCE 1
| #define _POSIX_PTHREAD_SEMANTICS 1
| #define __STDC_WANT_IEC_60559_ATTRIBS_EXT__ 1
| #define __STDC_WANT_IEC_60559_BFP_EXT__ 1
| #define __STDC_WANT_IEC_60559_DFP_EXT__ 1
| #define __STDC_WANT_IEC_60559_FUNCS_EXT__ 1
| #define __STDC_WANT_IEC_60559_TYPES_EXT__ 1
| #define __STDC_WANT_LIB_EXT2__ 1
| #define __STDC_WANT_MATH_SPEC_FUNCS__ 1
| #define _TANDEM_SOURCE 1
| #define __EXTENSIONS__ 1
| #define HAVE_C_VARARRAYS 1
| #define HAVE_LANGINFO_CODESET 1
| #define HAVE_LC_MESSAGES 1
| #define HAVE_ARPA_INET_H 1
| #define HAVE_FCNTL_H 1
| #define HAVE_LOCALE_H 1
| #define HAVE_NETDB_H 1
| #define HAVE_NETINET_IN_H 1
| #define HAVE_STDDEF_H 1
| #define HAVE_STRING_H 1
| #define HAVE_SPAWN_H 1
| #define HAVE_SYS_IOCTL_H 1
| #define HAVE_SYS_PARAM_H 1
| #define HAVE_SYS_PERSONALITY_H 1
| #define HAVE_SYS_SELECT_H 1
| #define HAVE_SYS_SOCKET_H 1
| #define HAVE_SYS_TIME_H 1
| #define HAVE_UCHAR_H 1
| #define HAVE_UNISTD_H 1
| #define HAVE_TERMIOS_H 1
| #define HAVE_STROPTS_H 1
| #define HAVE_WCHAR_H 1
| #define HAVE_WCTYPE_H 1
| #define HAVE_C_BOOL 1
| #define HAVE_SYS_WAIT_H 1
| #define HAVE_MEMORY_H 1
| #define GETGROUPS_T gid_t
| #define HAVE_UNSIGNED_LONG_LONG_INT 1
| #define HAVE_LONG_LONG_INT 1
| #define HAVE_UNSIGNED_LONG_LONG_INT 1
| #define HAVE_INTMAX_T 1
| #define HAVE_UINTMAX_T 1
| #define SIZEOF_UNSIGNED_INT 4
| #define SIZEOF_UNSIGNED_LONG 8
| #define TIME_T_IN_SYS_TYPES_H 1
| #define HAVE_WCTYPE_T 1
| #define HAVE_WINT_T 1
| #define HAVE_SOCKADDR_STORAGE 1
| #define HAVE_GETADDRINFO 1
| #define HAVE_ATEXIT 1
| #define HAVE_BTOWC 1
| #define HAVE_FMOD 1
| #define HAVE_FWRITE_UNLOCKED 1
| #define HAVE_GAI_STRERROR 1
| #define HAVE_GETGRENT 1
| #define HAVE_GETGROUPS 1
| #define HAVE_GRANTPT 1
| #define HAVE_ISASCII 1
| #define HAVE_ISBLANK 1
| #define HAVE_GETTIMEOFDAY 1
| #define HAVE_CLOCK_GETTIME 1
| #define HAVE_LSTAT 1
| #define HAVE_GETDTABLESIZE 1
| #define HAVE_POSIX_SPAWNP 1
| #define HAVE_MBRTOC32 1
| #define HAVE_C32RTOMB 1
| #define HAVE_PERSONALITY 1
| #define HAVE_POSIX_OPENPT 1
| #define HAVE_SETENV 1
| #define HAVE_SETLOCALE 1
| #define HAVE_SETSID 1
| #define HAVE_SIGPROCMASK 1
| /* end confdefs.h.  */
| /* Define sysctl to an innocuous variant, in case <limits.h> declares sysctl.
|    For example, HP-UX 11i <limits.h> declares gettimeofday.  */
| #define sysctl innocuous_sysctl
| 
| /* System header to define __stub macros and hopefully few prototypes,
|    which can conflict with char sysctl (); below.  */
| 
| #include <limits.h>
| #undef sysctl
| 
| /* Override any GCC internal prototype to avoid an error.
|    Use char because int might match the return type of a GCC
|    builtin and then its argument prototype would still apply.  */
| #ifdef __cplusplus
| extern "C"
| #endif
| char sysctl ();
| /* The GNU C library defines this for functions which it implements
|     to always fail with ENOSYS.  Some functions are actually named
|     something starting with __ and the normal name is an alias.  */
| #if defined __stub_sysctl || defined __stub___sysctl
| choke me
| #endif
| 
| int
| main (void)
| {
| return sysctl ();
|   ;
|   return 0;
| }
configure:11437: result: no
configure:11443: checking for strcasecmp
configure:11443: gcc -o conftest -g -O2   conftest.c  >&5
conftest.c:118:6: warning: conflicting types for built-in function 'strcasecmp'; expected 'int(const char *, const char *)' [-Wbuiltin-declaration-mismatch]
  118 | char strcasecmp ();
      |      ^~~~~~~~~~
configure:11443: $? = 0
configure:11443: result: yes
configure:11449: checking for strcoll
configure:11449: gcc -o conftest -g -O2   conftest.c  >&5
configure:11449: $? = 0
configure:11449: result: yes
configure:11455: checking for strftime
configure:11455: gcc -o conftest -g -O2   conftest.c  >&5
conftest.c:120:6: warning: conflicting types for built-in function 'strftime'; expected 'long unsigned int(char *, long unsigned int,  const char *, const void *)' [-Wbuiltin-declaration-mismatch]
  120 | char strftime ();
      |      ^~~~~~~~
conftest.c:112:1: note: 'strftime' is declared in header '<time.h>'
  111 | #include <limits.h>
  112 | #undef strftime
configure:11455: $? = 0
configure:11455: result: yes
configure:11461: checking for strncasecmp
configure:11461: gcc -o conftest -g -O2   conftest.c  >&5
conftest.c:121:6: warning: conflicting types for built-in function 'strncasecmp'; expected 'int(const char *, const char *, long unsigned int)' [-Wbuiltin-declaration-mismatch]
  121 | char strncasecmp ();
      |      ^~~~~~~~~~~
configure:11461: $? = 0
configure:11461: result: yes
configure:11467: checking for strsignal
configure:11467: gcc -o conftest -g -O2   conftest.c  >&5
configure:11467: $? = 0
configure:11467: result: yes
configure:11473: checking for timegm
configure:11473: gcc -o conftest -g -O2   conftest.c  >&5
configure:11473: $? = 0
configure:11473: result: yes
configure:11479: checking for waitpid
configure:11479: gcc -o conftest -g -O2   conftest.c  >&5
configure:11479: $? = 0
configure:11479: result: yes
configure:11485: checking for wctype
configure:11485: gcc -o conftest -g -O2   conftest.c  >&5
configure:11485: $? = 0
configure:11485: result: yes
configure:11493: checking whether mbrtowc and mbstate_t are properly declared
configure:11514: gcc -o conftest -g -O2   conftest.c  >&5
configure:11514: $? = 0
configure:11523: result: yes
configure:11532: checking whether C compiler accepts 
configure:11552: gcc -c -g -O2    conftest.c >&5
configure:11552: $? = 0
configure:11561: result: yes
configure:11576: checking size of void *
configure:11582: gcc -o conftest -g -O2   conftest.c  >&5
configure:11582: $? = 0
configure:11582: ./conftest
configure:11582: $? = 0
configure:11597: result: 8
configure:11609: checking for mmap
configure:11609: gcc -o conftest -g -O2   conftest.c  >&5
configure:11609: $? = 0
configure:11609: result: yes
configure:11615: checking for munmap
configure:11615: gcc -o conftest -g -O2   conftest.c  >&5
configure:11615: $? = 0
configure:11615: result: yes
configure:11640: gcc -c -g -O2  conftest.c >&5
configure:11640: $? = 0
configure:11728: checking for dlfcn.h
configure:11728: gcc -c -g -O2  conftest.c >&5
configure:11728: $? = 0
configure:11728: result: yes
configure:11735: checking for library containing dlopen
configure:11765: gcc -o conftest -g -O2   conftest.c  >&5
configure:11765: $? = 0
configure:11785: result: none required
configure:11832: checking whether getpgrp requires zero arguments
configure:11850: gcc -c -g -O2  conftest.c >&5
conftest.c: In function 'main':
conftest.c:146:1: error: too many arguments to function 'getpgrp'; expected 0, have 1
  146 | getpgrp (0);
      | ^~~~~~~  ~
In file included from /usr/include/fortify/unistd.h:23,
                 from conftest.c:141:
/usr/include/unistd.h:101:7: note: declared here
  101 | pid_t getpgrp(void);
      |       ^~~~~~~
configure:11850: $? = 1
configure: failed program was:
| /* confdefs.h */
| #define PACKAGE_NAME "GNU Awk"
| #define PACKAGE_TARNAME "gawk"
| #define PACKAGE_VERSION "5.4.1"
| #define PACKAGE_STRING "GNU Awk 5.4.1"
| #define PACKAGE_BUGREPORT "bug-gawk@gnu.org"
| #define PACKAGE_URL "https://www.gnu.org/software/gawk/"
| #define PACKAGE "gawk"
| #define VERSION "5.4.1"
| #define HAVE_STDIO_H 1
| #define HAVE_STDLIB_H 1
| #define HAVE_STRING_H 1
| #define HAVE_INTTYPES_H 1
| #define HAVE_STDINT_H 1
| #define HAVE_STRINGS_H 1
| #define HAVE_SYS_STAT_H 1
| #define HAVE_SYS_TYPES_H 1
| #define HAVE_UNISTD_H 1
| #define HAVE_WCHAR_H 1
| #define HAVE_STDBOOL_H 1
| #define HAVE_SYS_TIME_H 1
| #define STDC_HEADERS 1
| #define _ALL_SOURCE 1
| #define _DARWIN_C_SOURCE 1
| #define _GNU_SOURCE 1
| #define _HPUX_ALT_XOPEN_SOCKET_API 1
| #define _NETBSD_SOURCE 1
| #define _OPENBSD_SOURCE 1
| #define _POSIX_PTHREAD_SEMANTICS 1
| #define __STDC_WANT_IEC_60559_ATTRIBS_EXT__ 1
| #define __STDC_WANT_IEC_60559_BFP_EXT__ 1
| #define __STDC_WANT_IEC_60559_DFP_EXT__ 1
| #define __STDC_WANT_IEC_60559_FUNCS_EXT__ 1
| #define __STDC_WANT_IEC_60559_TYPES_EXT__ 1
| #define __STDC_WANT_LIB_EXT2__ 1
| #define __STDC_WANT_MATH_SPEC_FUNCS__ 1
| #define _TANDEM_SOURCE 1
| #define __EXTENSIONS__ 1
| #define HAVE_C_VARARRAYS 1
| #define HAVE_LANGINFO_CODESET 1
| #define HAVE_LC_MESSAGES 1
| #define HAVE_ARPA_INET_H 1
| #define HAVE_FCNTL_H 1
| #define HAVE_LOCALE_H 1
| #define HAVE_NETDB_H 1
| #define HAVE_NETINET_IN_H 1
| #define HAVE_STDDEF_H 1
| #define HAVE_STRING_H 1
| #define HAVE_SPAWN_H 1
| #define HAVE_SYS_IOCTL_H 1
| #define HAVE_SYS_PARAM_H 1
| #define HAVE_SYS_PERSONALITY_H 1
| #define HAVE_SYS_SELECT_H 1
| #define HAVE_SYS_SOCKET_H 1
| #define HAVE_SYS_TIME_H 1
| #define HAVE_UCHAR_H 1
| #define HAVE_UNISTD_H 1
| #define HAVE_TERMIOS_H 1
| #define HAVE_STROPTS_H 1
| #define HAVE_WCHAR_H 1
| #define HAVE_WCTYPE_H 1
| #define HAVE_C_BOOL 1
| #define HAVE_SYS_WAIT_H 1
| #define HAVE_MEMORY_H 1
| #define GETGROUPS_T gid_t
| #define HAVE_UNSIGNED_LONG_LONG_INT 1
| #define HAVE_LONG_LONG_INT 1
| #define HAVE_UNSIGNED_LONG_LONG_INT 1
| #define HAVE_INTMAX_T 1
| #define HAVE_UINTMAX_T 1
| #define SIZEOF_UNSIGNED_INT 4
| #define SIZEOF_UNSIGNED_LONG 8
| #define TIME_T_IN_SYS_TYPES_H 1
| #define HAVE_WCTYPE_T 1
| #define HAVE_WINT_T 1
| #define HAVE_SOCKADDR_STORAGE 1
| #define HAVE_GETADDRINFO 1
| #define HAVE_ATEXIT 1
| #define HAVE_BTOWC 1
| #define HAVE_FMOD 1
| #define HAVE_FWRITE_UNLOCKED 1
| #define HAVE_GAI_STRERROR 1
| #define HAVE_GETGRENT 1
| #define HAVE_GETGROUPS 1
| #define HAVE_GRANTPT 1
| #define HAVE_ISASCII 1
| #define HAVE_ISBLANK 1
| #define HAVE_GETTIMEOFDAY 1
| #define HAVE_CLOCK_GETTIME 1
| #define HAVE_LSTAT 1
| #define HAVE_GETDTABLESIZE 1
| #define HAVE_POSIX_SPAWNP 1
| #define HAVE_MBRTOC32 1
| #define HAVE_C32RTOMB 1
| #define HAVE_PERSONALITY 1
| #define HAVE_POSIX_OPENPT 1
| #define HAVE_SETENV 1
| #define HAVE_SETLOCALE 1
| #define HAVE_SETSID 1
| #define HAVE_SIGPROCMASK 1
| #define HAVE_STRCASECMP 1
| #define HAVE_STRCOLL 1
| #define HAVE_STRFTIME 1
| #define HAVE_STRNCASECMP 1
| #define HAVE_STRSIGNAL 1
| #define HAVE_TIMEGM 1
| #define HAVE_WAITPID 1
| #define HAVE_WCTYPE 1
| #define HAVE_MBRTOWC 1
| #define SIZEOF_VOID_P 8
| #define USE_PERSISTENT_MALLOC 1
| #define HAVE_ADDR_NO_RANDOMIZE 1
| #define DYNAMIC 1
| /* end confdefs.h.  */
| #include <stddef.h>
| #ifdef HAVE_STDIO_H
| # include <stdio.h>
| #endif
| #ifdef HAVE_STDLIB_H
| # include <stdlib.h>
| #endif
| #ifdef HAVE_STRING_H
| # include <string.h>
| #endif
| #ifdef HAVE_INTTYPES_H
| # include <inttypes.h>
| #endif
| #ifdef HAVE_STDINT_H
| # include <stdint.h>
| #endif
| #ifdef HAVE_STRINGS_H
| # include <strings.h>
| #endif
| #ifdef HAVE_SYS_TYPES_H
| # include <sys/types.h>
| #endif
| #ifdef HAVE_SYS_STAT_H
| # include <sys/stat.h>
| #endif
| #ifdef HAVE_UNISTD_H
| # include <unistd.h>
| #endif
| int
| main (void)
| {
| getpgrp (0);
|   ;
|   return 0;
| }
configure:11859: result: yes
configure:11870: checking for printf %F format
configure:11896: gcc -o conftest -g -O2   conftest.c  >&5
configure:11896: $? = 0
configure:11896: ./conftest
configure:11896: $? = 0
configure:11912: result: yes
configure:11915: checking for printf %a format
configure:11941: gcc -o conftest -g -O2   conftest.c  >&5
configure:11941: $? = 0
configure:11941: ./conftest
configure:11941: $? = 0
configure:11957: result: yes
configure:11985: checking for gethostbyname
configure:11985: gcc -o conftest -g -O2   conftest.c  >&5
configure:11985: $? = 0
configure:11985: result: yes
configure:12041: checking for connect
configure:12041: gcc -o conftest -g -O2   conftest.c  >&5
configure:12041: $? = 0
configure:12041: result: yes
configure:12096: checking where to find the socket library calls
configure:12102: result: the standard library
configure:12133: checking whether readline via "-lreadline" is present and sane
configure:12200: gcc -o conftest -g -O2   conftest.c  -lreadline >&5
conftest.c:122:10: fatal error: readline/readline.h: No such file or directory
  122 | #include <readline/readline.h>
      |          ^~~~~~~~~~~~~~~~~~~~~
compilation terminated.
configure:12200: $? = 1
configure: program exited with status 1
configure: failed program was:
| /* confdefs.h */
| #define PACKAGE_NAME "GNU Awk"
| #define PACKAGE_TARNAME "gawk"
| #define PACKAGE_VERSION "5.4.1"
| #define PACKAGE_STRING "GNU Awk 5.4.1"
| #define PACKAGE_BUGREPORT "bug-gawk@gnu.org"
| #define PACKAGE_URL "https://www.gnu.org/software/gawk/"
| #define PACKAGE "gawk"
| #define VERSION "5.4.1"
| #define HAVE_STDIO_H 1
| #define HAVE_STDLIB_H 1
| #define HAVE_STRING_H 1
| #define HAVE_INTTYPES_H 1
| #define HAVE_STDINT_H 1
| #define HAVE_STRINGS_H 1
| #define HAVE_SYS_STAT_H 1
| #define HAVE_SYS_TYPES_H 1
| #define HAVE_UNISTD_H 1
| #define HAVE_WCHAR_H 1
| #define HAVE_STDBOOL_H 1
| #define HAVE_SYS_TIME_H 1
| #define STDC_HEADERS 1
| #define _ALL_SOURCE 1
| #define _DARWIN_C_SOURCE 1
| #define _GNU_SOURCE 1
| #define _HPUX_ALT_XOPEN_SOCKET_API 1
| #define _NETBSD_SOURCE 1
| #define _OPENBSD_SOURCE 1
| #define _POSIX_PTHREAD_SEMANTICS 1
| #define __STDC_WANT_IEC_60559_ATTRIBS_EXT__ 1
| #define __STDC_WANT_IEC_60559_BFP_EXT__ 1
| #define __STDC_WANT_IEC_60559_DFP_EXT__ 1
| #define __STDC_WANT_IEC_60559_FUNCS_EXT__ 1
| #define __STDC_WANT_IEC_60559_TYPES_EXT__ 1
| #define __STDC_WANT_LIB_EXT2__ 1
| #define __STDC_WANT_MATH_SPEC_FUNCS__ 1
| #define _TANDEM_SOURCE 1
| #define __EXTENSIONS__ 1
| #define HAVE_C_VARARRAYS 1
| #define HAVE_LANGINFO_CODESET 1
| #define HAVE_LC_MESSAGES 1
| #define HAVE_ARPA_INET_H 1
| #define HAVE_FCNTL_H 1
| #define HAVE_LOCALE_H 1
| #define HAVE_NETDB_H 1
| #define HAVE_NETINET_IN_H 1
| #define HAVE_STDDEF_H 1
| #define HAVE_STRING_H 1
| #define HAVE_SPAWN_H 1
| #define HAVE_SYS_IOCTL_H 1
| #define HAVE_SYS_PARAM_H 1
| #define HAVE_SYS_PERSONALITY_H 1
| #define HAVE_SYS_SELECT_H 1
| #define HAVE_SYS_SOCKET_H 1
| #define HAVE_SYS_TIME_H 1
| #define HAVE_UCHAR_H 1
| #define HAVE_UNISTD_H 1
| #define HAVE_TERMIOS_H 1
| #define HAVE_STROPTS_H 1
| #define HAVE_WCHAR_H 1
| #define HAVE_WCTYPE_H 1
| #define HAVE_C_BOOL 1
| #define HAVE_SYS_WAIT_H 1
| #define HAVE_MEMORY_H 1
| #define GETGROUPS_T gid_t
| #define HAVE_UNSIGNED_LONG_LONG_INT 1
| #define HAVE_LONG_LONG_INT 1
| #define HAVE_UNSIGNED_LONG_LONG_INT 1
| #define HAVE_INTMAX_T 1
| #define HAVE_UINTMAX_T 1
| #define SIZEOF_UNSIGNED_INT 4
| #define SIZEOF_UNSIGNED_LONG 8
| #define TIME_T_IN_SYS_TYPES_H 1
| #define HAVE_WCTYPE_T 1
| #define HAVE_WINT_T 1
| #define HAVE_SOCKADDR_STORAGE 1
| #define HAVE_GETADDRINFO 1
| #define HAVE_ATEXIT 1
| #define HAVE_BTOWC 1
| #define HAVE_FMOD 1
| #define HAVE_FWRITE_UNLOCKED 1
| #define HAVE_GAI_STRERROR 1
| #define HAVE_GETGRENT 1
| #define HAVE_GETGROUPS 1
| #define HAVE_GRANTPT 1
| #define HAVE_ISASCII 1
| #define HAVE_ISBLANK 1
| #define HAVE_GETTIMEOFDAY 1
| #define HAVE_CLOCK_GETTIME 1
| #define HAVE_LSTAT 1
| #define HAVE_GETDTABLESIZE 1
| #define HAVE_POSIX_SPAWNP 1
| #define HAVE_MBRTOC32 1
| #define HAVE_C32RTOMB 1
| #define HAVE_PERSONALITY 1
| #define HAVE_POSIX_OPENPT 1
| #define HAVE_SETENV 1
| #define HAVE_SETLOCALE 1
| #define HAVE_SETSID 1
| #define HAVE_SIGPROCMASK 1
| #define HAVE_STRCASECMP 1
| #define HAVE_STRCOLL 1
| #define HAVE_STRFTIME 1
| #define HAVE_STRNCASECMP 1
| #define HAVE_STRSIGNAL 1
| #define HAVE_TIMEGM 1
| #define HAVE_WAITPID 1
| #define HAVE_WCTYPE 1
| #define HAVE_MBRTOWC 1
| #define SIZEOF_VOID_P 8
| #define USE_PERSISTENT_MALLOC 1
| #define HAVE_ADDR_NO_RANDOMIZE 1
| #define DYNAMIC 1
| #define GETPGRP_VOID 1
| #define PRINTF_HAS_F_FORMAT 1
| #define PRINTF_HAS_A_FORMAT 1
| #define HAVE_SOCKETS 1
| /* end confdefs.h.  */
| #include <stdio.h>
| #include <fcntl.h>
| #include <unistd.h>
| #include <readline/readline.h>
| #include <readline/history.h>
| 
| int main(int argc, char **argv)
| {
| 	int fd;
| 	char *line;
| 
| 	close(0);
| 	close(1);
| 	fd = open("/dev/null", 2);	/* should get fd 0 */
| 	dup(fd);
| 	line = readline("giveittome> ");
| 
| 	/* some printfs don't handle NULL for %s */
| 	printf("got <%s>\n", line ? line : "(NULL)");
| 	return 0;
| }
configure:12211: result: no
configure:12133: checking whether readline via "-lreadline -ltermcap" is present and sane
configure:12200: gcc -o conftest -g -O2   conftest.c  -lreadline -ltermcap >&5
conftest.c:122:10: fatal error: readline/readline.h: No such file or directory
  122 | #include <readline/readline.h>
      |          ^~~~~~~~~~~~~~~~~~~~~
compilation terminated.
configure:12200: $? = 1
configure: program exited with status 1
configure: failed program was:
| /* confdefs.h */
| #define PACKAGE_NAME "GNU Awk"
| #define PACKAGE_TARNAME "gawk"
| #define PACKAGE_VERSION "5.4.1"
| #define PACKAGE_STRING "GNU Awk 5.4.1"
| #define PACKAGE_BUGREPORT "bug-gawk@gnu.org"
| #define PACKAGE_URL "https://www.gnu.org/software/gawk/"
| #define PACKAGE "gawk"
| #define VERSION "5.4.1"
| #define HAVE_STDIO_H 1
| #define HAVE_STDLIB_H 1
| #define HAVE_STRING_H 1
| #define HAVE_INTTYPES_H 1
| #define HAVE_STDINT_H 1
| #define HAVE_STRINGS_H 1
| #define HAVE_SYS_STAT_H 1
| #define HAVE_SYS_TYPES_H 1
| #define HAVE_UNISTD_H 1
| #define HAVE_WCHAR_H 1
| #define HAVE_STDBOOL_H 1
| #define HAVE_SYS_TIME_H 1
| #define STDC_HEADERS 1
| #define _ALL_SOURCE 1
| #define _DARWIN_C_SOURCE 1
| #define _GNU_SOURCE 1
| #define _HPUX_ALT_XOPEN_SOCKET_API 1
| #define _NETBSD_SOURCE 1
| #define _OPENBSD_SOURCE 1
| #define _POSIX_PTHREAD_SEMANTICS 1
| #define __STDC_WANT_IEC_60559_ATTRIBS_EXT__ 1
| #define __STDC_WANT_IEC_60559_BFP_EXT__ 1
| #define __STDC_WANT_IEC_60559_DFP_EXT__ 1
| #define __STDC_WANT_IEC_60559_FUNCS_EXT__ 1
| #define __STDC_WANT_IEC_60559_TYPES_EXT__ 1
| #define __STDC_WANT_LIB_EXT2__ 1
| #define __STDC_WANT_MATH_SPEC_FUNCS__ 1
| #define _TANDEM_SOURCE 1
| #define __EXTENSIONS__ 1
| #define HAVE_C_VARARRAYS 1
| #define HAVE_LANGINFO_CODESET 1
| #define HAVE_LC_MESSAGES 1
| #define HAVE_ARPA_INET_H 1
| #define HAVE_FCNTL_H 1
| #define HAVE_LOCALE_H 1
| #define HAVE_NETDB_H 1
| #define HAVE_NETINET_IN_H 1
| #define HAVE_STDDEF_H 1
| #define HAVE_STRING_H 1
| #define HAVE_SPAWN_H 1
| #define HAVE_SYS_IOCTL_H 1
| #define HAVE_SYS_PARAM_H 1
| #define HAVE_SYS_PERSONALITY_H 1
| #define HAVE_SYS_SELECT_H 1
| #define HAVE_SYS_SOCKET_H 1
| #define HAVE_SYS_TIME_H 1
| #define HAVE_UCHAR_H 1
| #define HAVE_UNISTD_H 1
| #define HAVE_TERMIOS_H 1
| #define HAVE_STROPTS_H 1
| #define HAVE_WCHAR_H 1
| #define HAVE_WCTYPE_H 1
| #define HAVE_C_BOOL 1
| #define HAVE_SYS_WAIT_H 1
| #define HAVE_MEMORY_H 1
| #define GETGROUPS_T gid_t
| #define HAVE_UNSIGNED_LONG_LONG_INT 1
| #define HAVE_LONG_LONG_INT 1
| #define HAVE_UNSIGNED_LONG_LONG_INT 1
| #define HAVE_INTMAX_T 1
| #define HAVE_UINTMAX_T 1
| #define SIZEOF_UNSIGNED_INT 4
| #define SIZEOF_UNSIGNED_LONG 8
| #define TIME_T_IN_SYS_TYPES_H 1
| #define HAVE_WCTYPE_T 1
| #define HAVE_WINT_T 1
| #define HAVE_SOCKADDR_STORAGE 1
| #define HAVE_GETADDRINFO 1
| #define HAVE_ATEXIT 1
| #define HAVE_BTOWC 1
| #define HAVE_FMOD 1
| #define HAVE_FWRITE_UNLOCKED 1
| #define HAVE_GAI_STRERROR 1
| #define HAVE_GETGRENT 1
| #define HAVE_GETGROUPS 1
| #define HAVE_GRANTPT 1
| #define HAVE_ISASCII 1
| #define HAVE_ISBLANK 1
| #define HAVE_GETTIMEOFDAY 1
| #define HAVE_CLOCK_GETTIME 1
| #define HAVE_LSTAT 1
| #define HAVE_GETDTABLESIZE 1
| #define HAVE_POSIX_SPAWNP 1
| #define HAVE_MBRTOC32 1
| #define HAVE_C32RTOMB 1
| #define HAVE_PERSONALITY 1
| #define HAVE_POSIX_OPENPT 1
| #define HAVE_SETENV 1
| #define HAVE_SETLOCALE 1
| #define HAVE_SETSID 1
| #define HAVE_SIGPROCMASK 1
| #define HAVE_STRCASECMP 1
| #define HAVE_STRCOLL 1
| #define HAVE_STRFTIME 1
| #define HAVE_STRNCASECMP 1
| #define HAVE_STRSIGNAL 1
| #define HAVE_TIMEGM 1
| #define HAVE_WAITPID 1
| #define HAVE_WCTYPE 1
| #define HAVE_MBRTOWC 1
| #define SIZEOF_VOID_P 8
| #define USE_PERSISTENT_MALLOC 1
| #define HAVE_ADDR_NO_RANDOMIZE 1
| #define DYNAMIC 1
| #define GETPGRP_VOID 1
| #define PRINTF_HAS_F_FORMAT 1
| #define PRINTF_HAS_A_FORMAT 1
| #define HAVE_SOCKETS 1
| /* end confdefs.h.  */
| #include <stdio.h>
| #include <fcntl.h>
| #include <unistd.h>
| #include <readline/readline.h>
| #include <readline/history.h>
| 
| int main(int argc, char **argv)
| {
| 	int fd;
| 	char *line;
| 
| 	close(0);
| 	close(1);
| 	fd = open("/dev/null", 2);	/* should get fd 0 */
| 	dup(fd);
| 	line = readline("giveittome> ");
| 
| 	/* some printfs don't handle NULL for %s */
| 	printf("got <%s>\n", line ? line : "(NULL)");
| 	return 0;
| }
configure:12211: result: no
configure:12133: checking whether readline via "-lreadline -lcurses" is present and sane
configure:12200: gcc -o conftest -g -O2   conftest.c  -lreadline -lcurses >&5
conftest.c:122:10: fatal error: readline/readline.h: No such file or directory
  122 | #include <readline/readline.h>
      |          ^~~~~~~~~~~~~~~~~~~~~
compilation terminated.
configure:12200: $? = 1
configure: program exited with status 1
configure: failed program was:
| /* confdefs.h */
| #define PACKAGE_NAME "GNU Awk"
| #define PACKAGE_TARNAME "gawk"
| #define PACKAGE_VERSION "5.4.1"
| #define PACKAGE_STRING "GNU Awk 5.4.1"
| #define PACKAGE_BUGREPORT "bug-gawk@gnu.org"
| #define PACKAGE_URL "https://www.gnu.org/software/gawk/"
| #define PACKAGE "gawk"
| #define VERSION "5.4.1"
| #define HAVE_STDIO_H 1
| #define HAVE_STDLIB_H 1
| #define HAVE_STRING_H 1
| #define HAVE_INTTYPES_H 1
| #define HAVE_STDINT_H 1
| #define HAVE_STRINGS_H 1
| #define HAVE_SYS_STAT_H 1
| #define HAVE_SYS_TYPES_H 1
| #define HAVE_UNISTD_H 1
| #define HAVE_WCHAR_H 1
| #define HAVE_STDBOOL_H 1
| #define HAVE_SYS_TIME_H 1
| #define STDC_HEADERS 1
| #define _ALL_SOURCE 1
| #define _DARWIN_C_SOURCE 1
| #define _GNU_SOURCE 1
| #define _HPUX_ALT_XOPEN_SOCKET_API 1
| #define _NETBSD_SOURCE 1
| #define _OPENBSD_SOURCE 1
| #define _POSIX_PTHREAD_SEMANTICS 1
| #define __STDC_WANT_IEC_60559_ATTRIBS_EXT__ 1
| #define __STDC_WANT_IEC_60559_BFP_EXT__ 1
| #define __STDC_WANT_IEC_60559_DFP_EXT__ 1
| #define __STDC_WANT_IEC_60559_FUNCS_EXT__ 1
| #define __STDC_WANT_IEC_60559_TYPES_EXT__ 1
| #define __STDC_WANT_LIB_EXT2__ 1
| #define __STDC_WANT_MATH_SPEC_FUNCS__ 1
| #define _TANDEM_SOURCE 1
| #define __EXTENSIONS__ 1
| #define HAVE_C_VARARRAYS 1
| #define HAVE_LANGINFO_CODESET 1
| #define HAVE_LC_MESSAGES 1
| #define HAVE_ARPA_INET_H 1
| #define HAVE_FCNTL_H 1
| #define HAVE_LOCALE_H 1
| #define HAVE_NETDB_H 1
| #define HAVE_NETINET_IN_H 1
| #define HAVE_STDDEF_H 1
| #define HAVE_STRING_H 1
| #define HAVE_SPAWN_H 1
| #define HAVE_SYS_IOCTL_H 1
| #define HAVE_SYS_PARAM_H 1
| #define HAVE_SYS_PERSONALITY_H 1
| #define HAVE_SYS_SELECT_H 1
| #define HAVE_SYS_SOCKET_H 1
| #define HAVE_SYS_TIME_H 1
| #define HAVE_UCHAR_H 1
| #define HAVE_UNISTD_H 1
| #define HAVE_TERMIOS_H 1
| #define HAVE_STROPTS_H 1
| #define HAVE_WCHAR_H 1
| #define HAVE_WCTYPE_H 1
| #define HAVE_C_BOOL 1
| #define HAVE_SYS_WAIT_H 1
| #define HAVE_MEMORY_H 1
| #define GETGROUPS_T gid_t
| #define HAVE_UNSIGNED_LONG_LONG_INT 1
| #define HAVE_LONG_LONG_INT 1
| #define HAVE_UNSIGNED_LONG_LONG_INT 1
| #define HAVE_INTMAX_T 1
| #define HAVE_UINTMAX_T 1
| #define SIZEOF_UNSIGNED_INT 4
| #define SIZEOF_UNSIGNED_LONG 8
| #define TIME_T_IN_SYS_TYPES_H 1
| #define HAVE_WCTYPE_T 1
| #define HAVE_WINT_T 1
| #define HAVE_SOCKADDR_STORAGE 1
| #define HAVE_GETADDRINFO 1
| #define HAVE_ATEXIT 1
| #define HAVE_BTOWC 1
| #define HAVE_FMOD 1
| #define HAVE_FWRITE_UNLOCKED 1
| #define HAVE_GAI_STRERROR 1
| #define HAVE_GETGRENT 1
| #define HAVE_GETGROUPS 1
| #define HAVE_GRANTPT 1
| #define HAVE_ISASCII 1
| #define HAVE_ISBLANK 1
| #define HAVE_GETTIMEOFDAY 1
| #define HAVE_CLOCK_GETTIME 1
| #define HAVE_LSTAT 1
| #define HAVE_GETDTABLESIZE 1
| #define HAVE_POSIX_SPAWNP 1
| #define HAVE_MBRTOC32 1
| #define HAVE_C32RTOMB 1
| #define HAVE_PERSONALITY 1
| #define HAVE_POSIX_OPENPT 1
| #define HAVE_SETENV 1
| #define HAVE_SETLOCALE 1
| #define HAVE_SETSID 1
| #define HAVE_SIGPROCMASK 1
| #define HAVE_STRCASECMP 1
| #define HAVE_STRCOLL 1
| #define HAVE_STRFTIME 1
| #define HAVE_STRNCASECMP 1
| #define HAVE_STRSIGNAL 1
| #define HAVE_TIMEGM 1
| #define HAVE_WAITPID 1
| #define HAVE_WCTYPE 1
| #define HAVE_MBRTOWC 1
| #define SIZEOF_VOID_P 8
| #define USE_PERSISTENT_MALLOC 1
| #define HAVE_ADDR_NO_RANDOMIZE 1
| #define DYNAMIC 1
| #define GETPGRP_VOID 1
| #define PRINTF_HAS_F_FORMAT 1
| #define PRINTF_HAS_A_FORMAT 1
| #define HAVE_SOCKETS 1
| /* end confdefs.h.  */
| #include <stdio.h>
| #include <fcntl.h>
| #include <unistd.h>
| #include <readline/readline.h>
| #include <readline/history.h>
| 
| int main(int argc, char **argv)
| {
| 	int fd;
| 	char *line;
| 
| 	close(0);
| 	close(1);
| 	fd = open("/dev/null", 2);	/* should get fd 0 */
| 	dup(fd);
| 	line = readline("giveittome> ");
| 
| 	/* some printfs don't handle NULL for %s */
| 	printf("got <%s>\n", line ? line : "(NULL)");
| 	return 0;
| }
configure:12211: result: no
configure:12133: checking whether readline via "-lreadline -lncurses" is present and sane
configure:12200: gcc -o conftest -g -O2   conftest.c  -lreadline -lncurses >&5
conftest.c:122:10: fatal error: readline/readline.h: No such file or directory
  122 | #include <readline/readline.h>
      |          ^~~~~~~~~~~~~~~~~~~~~
compilation terminated.
configure:12200: $? = 1
configure: program exited with status 1
configure: failed program was:
| /* confdefs.h */
| #define PACKAGE_NAME "GNU Awk"
| #define PACKAGE_TARNAME "gawk"
| #define PACKAGE_VERSION "5.4.1"
| #define PACKAGE_STRING "GNU Awk 5.4.1"
| #define PACKAGE_BUGREPORT "bug-gawk@gnu.org"
| #define PACKAGE_URL "https://www.gnu.org/software/gawk/"
| #define PACKAGE "gawk"
| #define VERSION "5.4.1"
| #define HAVE_STDIO_H 1
| #define HAVE_STDLIB_H 1
| #define HAVE_STRING_H 1
| #define HAVE_INTTYPES_H 1
| #define HAVE_STDINT_H 1
| #define HAVE_STRINGS_H 1
| #define HAVE_SYS_STAT_H 1
| #define HAVE_SYS_TYPES_H 1
| #define HAVE_UNISTD_H 1
| #define HAVE_WCHAR_H 1
| #define HAVE_STDBOOL_H 1
| #define HAVE_SYS_TIME_H 1
| #define STDC_HEADERS 1
| #define _ALL_SOURCE 1
| #define _DARWIN_C_SOURCE 1
| #define _GNU_SOURCE 1
| #define _HPUX_ALT_XOPEN_SOCKET_API 1
| #define _NETBSD_SOURCE 1
| #define _OPENBSD_SOURCE 1
| #define _POSIX_PTHREAD_SEMANTICS 1
| #define __STDC_WANT_IEC_60559_ATTRIBS_EXT__ 1
| #define __STDC_WANT_IEC_60559_BFP_EXT__ 1
| #define __STDC_WANT_IEC_60559_DFP_EXT__ 1
| #define __STDC_WANT_IEC_60559_FUNCS_EXT__ 1
| #define __STDC_WANT_IEC_60559_TYPES_EXT__ 1
| #define __STDC_WANT_LIB_EXT2__ 1
| #define __STDC_WANT_MATH_SPEC_FUNCS__ 1
| #define _TANDEM_SOURCE 1
| #define __EXTENSIONS__ 1
| #define HAVE_C_VARARRAYS 1
| #define HAVE_LANGINFO_CODESET 1
| #define HAVE_LC_MESSAGES 1
| #define HAVE_ARPA_INET_H 1
| #define HAVE_FCNTL_H 1
| #define HAVE_LOCALE_H 1
| #define HAVE_NETDB_H 1
| #define HAVE_NETINET_IN_H 1
| #define HAVE_STDDEF_H 1
| #define HAVE_STRING_H 1
| #define HAVE_SPAWN_H 1
| #define HAVE_SYS_IOCTL_H 1
| #define HAVE_SYS_PARAM_H 1
| #define HAVE_SYS_PERSONALITY_H 1
| #define HAVE_SYS_SELECT_H 1
| #define HAVE_SYS_SOCKET_H 1
| #define HAVE_SYS_TIME_H 1
| #define HAVE_UCHAR_H 1
| #define HAVE_UNISTD_H 1
| #define HAVE_TERMIOS_H 1
| #define HAVE_STROPTS_H 1
| #define HAVE_WCHAR_H 1
| #define HAVE_WCTYPE_H 1
| #define HAVE_C_BOOL 1
| #define HAVE_SYS_WAIT_H 1
| #define HAVE_MEMORY_H 1
| #define GETGROUPS_T gid_t
| #define HAVE_UNSIGNED_LONG_LONG_INT 1
| #define HAVE_LONG_LONG_INT 1
| #define HAVE_UNSIGNED_LONG_LONG_INT 1
| #define HAVE_INTMAX_T 1
| #define HAVE_UINTMAX_T 1
| #define SIZEOF_UNSIGNED_INT 4
| #define SIZEOF_UNSIGNED_LONG 8
| #define TIME_T_IN_SYS_TYPES_H 1
| #define HAVE_WCTYPE_T 1
| #define HAVE_WINT_T 1
| #define HAVE_SOCKADDR_STORAGE 1
| #define HAVE_GETADDRINFO 1
| #define HAVE_ATEXIT 1
| #define HAVE_BTOWC 1
| #define HAVE_FMOD 1
| #define HAVE_FWRITE_UNLOCKED 1
| #define HAVE_GAI_STRERROR 1
| #define HAVE_GETGRENT 1
| #define HAVE_GETGROUPS 1
| #define HAVE_GRANTPT 1
| #define HAVE_ISASCII 1
| #define HAVE_ISBLANK 1
| #define HAVE_GETTIMEOFDAY 1
| #define HAVE_CLOCK_GETTIME 1
| #define HAVE_LSTAT 1
| #define HAVE_GETDTABLESIZE 1
| #define HAVE_POSIX_SPAWNP 1
| #define HAVE_MBRTOC32 1
| #define HAVE_C32RTOMB 1
| #define HAVE_PERSONALITY 1
| #define HAVE_POSIX_OPENPT 1
| #define HAVE_SETENV 1
| #define HAVE_SETLOCALE 1
| #define HAVE_SETSID 1
| #define HAVE_SIGPROCMASK 1
| #define HAVE_STRCASECMP 1
| #define HAVE_STRCOLL 1
| #define HAVE_STRFTIME 1
| #define HAVE_STRNCASECMP 1
| #define HAVE_STRSIGNAL 1
| #define HAVE_TIMEGM 1
| #define HAVE_WAITPID 1
| #define HAVE_WCTYPE 1
| #define HAVE_MBRTOWC 1
| #define SIZEOF_VOID_P 8
| #define USE_PERSISTENT_MALLOC 1
| #define HAVE_ADDR_NO_RANDOMIZE 1
| #define DYNAMIC 1
| #define GETPGRP_VOID 1
| #define PRINTF_HAS_F_FORMAT 1
| #define PRINTF_HAS_A_FORMAT 1
| #define HAVE_SOCKETS 1
| /* end confdefs.h.  */
| #include <stdio.h>
| #include <fcntl.h>
| #include <unistd.h>
| #include <readline/readline.h>
| #include <readline/history.h>
| 
| int main(int argc, char **argv)
| {
| 	int fd;
| 	char *line;
| 
| 	close(0);
| 	close(1);
| 	fd = open("/dev/null", 2);	/* should get fd 0 */
| 	dup(fd);
| 	line = readline("giveittome> ");
| 
| 	/* some printfs don't handle NULL for %s */
| 	printf("got <%s>\n", line ? line : "(NULL)");
| 	return 0;
| }
configure:12211: result: no
configure:12342: checking whether mpfr via "-lmpfr -lgmp" is present and usable
configure:12369: gcc -o conftest -g -O2   conftest.c  -lmpfr -lgmp >&5
conftest.c:122:10: fatal error: mpfr.h: No such file or directory
  122 | #include <mpfr.h>
      |          ^~~~~~~~
compilation terminated.
configure:12369: $? = 1
configure: failed program was:
| /* confdefs.h */
| #define PACKAGE_NAME "GNU Awk"
| #define PACKAGE_TARNAME "gawk"
| #define PACKAGE_VERSION "5.4.1"
| #define PACKAGE_STRING "GNU Awk 5.4.1"
| #define PACKAGE_BUGREPORT "bug-gawk@gnu.org"
| #define PACKAGE_URL "https://www.gnu.org/software/gawk/"
| #define PACKAGE "gawk"
| #define VERSION "5.4.1"
| #define HAVE_STDIO_H 1
| #define HAVE_STDLIB_H 1
| #define HAVE_STRING_H 1
| #define HAVE_INTTYPES_H 1
| #define HAVE_STDINT_H 1
| #define HAVE_STRINGS_H 1
| #define HAVE_SYS_STAT_H 1
| #define HAVE_SYS_TYPES_H 1
| #define HAVE_UNISTD_H 1
| #define HAVE_WCHAR_H 1
| #define HAVE_STDBOOL_H 1
| #define HAVE_SYS_TIME_H 1
| #define STDC_HEADERS 1
| #define _ALL_SOURCE 1
| #define _DARWIN_C_SOURCE 1
| #define _GNU_SOURCE 1
| #define _HPUX_ALT_XOPEN_SOCKET_API 1
| #define _NETBSD_SOURCE 1
| #define _OPENBSD_SOURCE 1
| #define _POSIX_PTHREAD_SEMANTICS 1
| #define __STDC_WANT_IEC_60559_ATTRIBS_EXT__ 1
| #define __STDC_WANT_IEC_60559_BFP_EXT__ 1
| #define __STDC_WANT_IEC_60559_DFP_EXT__ 1
| #define __STDC_WANT_IEC_60559_FUNCS_EXT__ 1
| #define __STDC_WANT_IEC_60559_TYPES_EXT__ 1
| #define __STDC_WANT_LIB_EXT2__ 1
| #define __STDC_WANT_MATH_SPEC_FUNCS__ 1
| #define _TANDEM_SOURCE 1
| #define __EXTENSIONS__ 1
| #define HAVE_C_VARARRAYS 1
| #define HAVE_LANGINFO_CODESET 1
| #define HAVE_LC_MESSAGES 1
| #define HAVE_ARPA_INET_H 1
| #define HAVE_FCNTL_H 1
| #define HAVE_LOCALE_H 1
| #define HAVE_NETDB_H 1
| #define HAVE_NETINET_IN_H 1
| #define HAVE_STDDEF_H 1
| #define HAVE_STRING_H 1
| #define HAVE_SPAWN_H 1
| #define HAVE_SYS_IOCTL_H 1
| #define HAVE_SYS_PARAM_H 1
| #define HAVE_SYS_PERSONALITY_H 1
| #define HAVE_SYS_SELECT_H 1
| #define HAVE_SYS_SOCKET_H 1
| #define HAVE_SYS_TIME_H 1
| #define HAVE_UCHAR_H 1
| #define HAVE_UNISTD_H 1
| #define HAVE_TERMIOS_H 1
| #define HAVE_STROPTS_H 1
| #define HAVE_WCHAR_H 1
| #define HAVE_WCTYPE_H 1
| #define HAVE_C_BOOL 1
| #define HAVE_SYS_WAIT_H 1
| #define HAVE_MEMORY_H 1
| #define GETGROUPS_T gid_t
| #define HAVE_UNSIGNED_LONG_LONG_INT 1
| #define HAVE_LONG_LONG_INT 1
| #define HAVE_UNSIGNED_LONG_LONG_INT 1
| #define HAVE_INTMAX_T 1
| #define HAVE_UINTMAX_T 1
| #define SIZEOF_UNSIGNED_INT 4
| #define SIZEOF_UNSIGNED_LONG 8
| #define TIME_T_IN_SYS_TYPES_H 1
| #define HAVE_WCTYPE_T 1
| #define HAVE_WINT_T 1
| #define HAVE_SOCKADDR_STORAGE 1
| #define HAVE_GETADDRINFO 1
| #define HAVE_ATEXIT 1
| #define HAVE_BTOWC 1
| #define HAVE_FMOD 1
| #define HAVE_FWRITE_UNLOCKED 1
| #define HAVE_GAI_STRERROR 1
| #define HAVE_GETGRENT 1
| #define HAVE_GETGROUPS 1
| #define HAVE_GRANTPT 1
| #define HAVE_ISASCII 1
| #define HAVE_ISBLANK 1
| #define HAVE_GETTIMEOFDAY 1
| #define HAVE_CLOCK_GETTIME 1
| #define HAVE_LSTAT 1
| #define HAVE_GETDTABLESIZE 1
| #define HAVE_POSIX_SPAWNP 1
| #define HAVE_MBRTOC32 1
| #define HAVE_C32RTOMB 1
| #define HAVE_PERSONALITY 1
| #define HAVE_POSIX_OPENPT 1
| #define HAVE_SETENV 1
| #define HAVE_SETLOCALE 1
| #define HAVE_SETSID 1
| #define HAVE_SIGPROCMASK 1
| #define HAVE_STRCASECMP 1
| #define HAVE_STRCOLL 1
| #define HAVE_STRFTIME 1
| #define HAVE_STRNCASECMP 1
| #define HAVE_STRSIGNAL 1
| #define HAVE_TIMEGM 1
| #define HAVE_WAITPID 1
| #define HAVE_WCTYPE 1
| #define HAVE_MBRTOWC 1
| #define SIZEOF_VOID_P 8
| #define USE_PERSISTENT_MALLOC 1
| #define HAVE_ADDR_NO_RANDOMIZE 1
| #define DYNAMIC 1
| #define GETPGRP_VOID 1
| #define PRINTF_HAS_F_FORMAT 1
| #define PRINTF_HAS_A_FORMAT 1
| #define HAVE_SOCKETS 1
| /* end confdefs.h.  */
| 
| 
| #include <stdio.h>
| #include <mpfr.h>
| #include <gmp.h>
| 
| int
| main (void)
| {
| 
| mpfr_t p;
| mpz_t z;
| mpfr_init(p);
| mpz_init(z);
| mpfr_printf("%Rf%Zd", p, z);
| mpfr_clear(p);
| mpz_clear(z);
| 
|   ;
|   return 0;
| }
configure:12378: result: no
configure:12400: checking for struct stat.st_blksize
configure:12400: gcc -c -g -O2  conftest.c >&5
configure:12400: $? = 0
configure:12400: result: yes
configure:12409: checking for struct passwd.pw_passwd
configure:12409: gcc -c -g -O2  conftest.c >&5
configure:12409: $? = 0
configure:12409: result: yes
configure:12422: checking for struct group.gr_passwd
configure:12422: gcc -c -g -O2  conftest.c >&5
configure:12422: $? = 0
configure:12422: result: yes
configure:12435: checking whether struct tm is in sys/time.h or time.h
configure:12456: gcc -c -g -O2  conftest.c >&5
configure:12456: $? = 0
configure:12464: result: time.h
configure:12472: checking for gcc options needed to detect all undeclared functions
configure:12494: gcc -c -g -O2   conftest.c >&5
conftest.c: In function 'main':
conftest.c:126:8: error: 'strchr' undeclared (first use in this function)
  126 | (void) strchr;
      |        ^~~~~~
conftest.c:1:1: note: 'strchr' is defined in header '<string.h>'; this is probably fixable by adding '#include <string.h>'
    1 | /* confdefs.h */
conftest.c:126:8: note: each undeclared identifier is reported only once for each function it appears in
  126 | (void) strchr;
      |        ^~~~~~
configure:12494: $? = 1
configure: failed program was:
| /* confdefs.h */
| #define PACKAGE_NAME "GNU Awk"
| #define PACKAGE_TARNAME "gawk"
| #define PACKAGE_VERSION "5.4.1"
| #define PACKAGE_STRING "GNU Awk 5.4.1"
| #define PACKAGE_BUGREPORT "bug-gawk@gnu.org"
| #define PACKAGE_URL "https://www.gnu.org/software/gawk/"
| #define PACKAGE "gawk"
| #define VERSION "5.4.1"
| #define HAVE_STDIO_H 1
| #define HAVE_STDLIB_H 1
| #define HAVE_STRING_H 1
| #define HAVE_INTTYPES_H 1
| #define HAVE_STDINT_H 1
| #define HAVE_STRINGS_H 1
| #define HAVE_SYS_STAT_H 1
| #define HAVE_SYS_TYPES_H 1
| #define HAVE_UNISTD_H 1
| #define HAVE_WCHAR_H 1
| #define HAVE_STDBOOL_H 1
| #define HAVE_SYS_TIME_H 1
| #define STDC_HEADERS 1
| #define _ALL_SOURCE 1
| #define _DARWIN_C_SOURCE 1
| #define _GNU_SOURCE 1
| #define _HPUX_ALT_XOPEN_SOCKET_API 1
| #define _NETBSD_SOURCE 1
| #define _OPENBSD_SOURCE 1
| #define _POSIX_PTHREAD_SEMANTICS 1
| #define __STDC_WANT_IEC_60559_ATTRIBS_EXT__ 1
| #define __STDC_WANT_IEC_60559_BFP_EXT__ 1
| #define __STDC_WANT_IEC_60559_DFP_EXT__ 1
| #define __STDC_WANT_IEC_60559_FUNCS_EXT__ 1
| #define __STDC_WANT_IEC_60559_TYPES_EXT__ 1
| #define __STDC_WANT_LIB_EXT2__ 1
| #define __STDC_WANT_MATH_SPEC_FUNCS__ 1
| #define _TANDEM_SOURCE 1
| #define __EXTENSIONS__ 1
| #define HAVE_C_VARARRAYS 1
| #define HAVE_LANGINFO_CODESET 1
| #define HAVE_LC_MESSAGES 1
| #define HAVE_ARPA_INET_H 1
| #define HAVE_FCNTL_H 1
| #define HAVE_LOCALE_H 1
| #define HAVE_NETDB_H 1
| #define HAVE_NETINET_IN_H 1
| #define HAVE_STDDEF_H 1
| #define HAVE_STRING_H 1
| #define HAVE_SPAWN_H 1
| #define HAVE_SYS_IOCTL_H 1
| #define HAVE_SYS_PARAM_H 1
| #define HAVE_SYS_PERSONALITY_H 1
| #define HAVE_SYS_SELECT_H 1
| #define HAVE_SYS_SOCKET_H 1
| #define HAVE_SYS_TIME_H 1
| #define HAVE_UCHAR_H 1
| #define HAVE_UNISTD_H 1
| #define HAVE_TERMIOS_H 1
| #define HAVE_STROPTS_H 1
| #define HAVE_WCHAR_H 1
| #define HAVE_WCTYPE_H 1
| #define HAVE_C_BOOL 1
| #define HAVE_SYS_WAIT_H 1
| #define HAVE_MEMORY_H 1
| #define GETGROUPS_T gid_t
| #define HAVE_UNSIGNED_LONG_LONG_INT 1
| #define HAVE_LONG_LONG_INT 1
| #define HAVE_UNSIGNED_LONG_LONG_INT 1
| #define HAVE_INTMAX_T 1
| #define HAVE_UINTMAX_T 1
| #define SIZEOF_UNSIGNED_INT 4
| #define SIZEOF_UNSIGNED_LONG 8
| #define TIME_T_IN_SYS_TYPES_H 1
| #define HAVE_WCTYPE_T 1
| #define HAVE_WINT_T 1
| #define HAVE_SOCKADDR_STORAGE 1
| #define HAVE_GETADDRINFO 1
| #define HAVE_ATEXIT 1
| #define HAVE_BTOWC 1
| #define HAVE_FMOD 1
| #define HAVE_FWRITE_UNLOCKED 1
| #define HAVE_GAI_STRERROR 1
| #define HAVE_GETGRENT 1
| #define HAVE_GETGROUPS 1
| #define HAVE_GRANTPT 1
| #define HAVE_ISASCII 1
| #define HAVE_ISBLANK 1
| #define HAVE_GETTIMEOFDAY 1
| #define HAVE_CLOCK_GETTIME 1
| #define HAVE_LSTAT 1
| #define HAVE_GETDTABLESIZE 1
| #define HAVE_POSIX_SPAWNP 1
| #define HAVE_MBRTOC32 1
| #define HAVE_C32RTOMB 1
| #define HAVE_PERSONALITY 1
| #define HAVE_POSIX_OPENPT 1
| #define HAVE_SETENV 1
| #define HAVE_SETLOCALE 1
| #define HAVE_SETSID 1
| #define HAVE_SIGPROCMASK 1
| #define HAVE_STRCASECMP 1
| #define HAVE_STRCOLL 1
| #define HAVE_STRFTIME 1
| #define HAVE_STRNCASECMP 1
| #define HAVE_STRSIGNAL 1
| #define HAVE_TIMEGM 1
| #define HAVE_WAITPID 1
| #define HAVE_WCTYPE 1
| #define HAVE_MBRTOWC 1
| #define SIZEOF_VOID_P 8
| #define USE_PERSISTENT_MALLOC 1
| #define HAVE_ADDR_NO_RANDOMIZE 1
| #define DYNAMIC 1
| #define GETPGRP_VOID 1
| #define PRINTF_HAS_F_FORMAT 1
| #define PRINTF_HAS_A_FORMAT 1
| #define HAVE_SOCKETS 1
| #define HAVE_STRUCT_STAT_ST_BLKSIZE 1
| #define HAVE_STRUCT_PASSWD_PW_PASSWD 1
| #define HAVE_STRUCT_GROUP_GR_PASSWD 1
| /* end confdefs.h.  */
| 
| int
| main (void)
| {
| (void) strchr;
|   ;
|   return 0;
| }
configure:12521: gcc -c -g -O2   conftest.c >&5
configure:12521: $? = 0
configure:12538: result: none needed
configure:12552: checking for struct tm.tm_zone
configure:12552: gcc -c -g -O2  conftest.c >&5
configure:12552: $? = 0
configure:12552: result: yes
configure:12619: checking whether char is unsigned
configure:12639: gcc -c -g -O2  conftest.c >&5
configure:12639: $? = 0
configure:12647: result: no
configure:12654: checking for an ANSI C-conforming const
configure:12721: gcc -c -g -O2  conftest.c >&5
configure:12721: $? = 0
configure:12729: result: yes
configure:12737: checking for C/C++ restrict keyword
configure:12767: gcc -c -g -O2  conftest.c >&5
configure:12767: $? = 0
configure:12776: result: __restrict__
configure:12787: checking for inline
configure:12804: gcc -c -g -O2  conftest.c >&5
configure:12804: $? = 0
configure:12813: result: inline
configure:12831: checking for preprocessor stringizing operator
configure:12853: result: yes
configure:12992: checking that generated files are newer than configure
configure:12998: result: done
configure:13045: creating ./config.status

## ---------------------- ##
## Running config.status. ##
## ---------------------- ##

This file was extended by GNU Awk config.status 5.4.1, which was
generated by GNU Autoconf 2.71.  Invocation command line was

  CONFIG_FILES    = 
  CONFIG_HEADERS  = 
  CONFIG_LINKS    = 
  CONFIG_COMMANDS = 
  $ ./config.status 

on nobara-laptop

config.status:1020: creating Makefile
config.status:1020: creating support/Makefile
config.status:1020: creating awklib/Makefile
config.status:1020: creating doc/Makefile
config.status:1020: creating extras/Makefile
config.status:1020: creating po/Makefile.in
config.status:1020: creating test/Makefile
config.status:1020: creating gawkbug
config.status:1020: creating config.h
config.status:1201: config.h is unchanged
config.status:1249: executing depfiles commands
config.status:1324: cd .       && sed -e '/# am--include-marker/d' Makefile         | make -f - am--depfiles
make: Nothing to be done for 'am--depfiles'.
config.status:1331: $? = 0
config.status:1324: cd support       && sed -e '/# am--include-marker/d' Makefile         | make -f - am--depfiles
make: Nothing to be done for 'am--depfiles'.
config.status:1331: $? = 0
config.status:1324: cd awklib       && sed -e '/# am--include-marker/d' Makefile         | make -f - am--depfiles
make: Nothing to be done for 'am--depfiles'.
config.status:1331: $? = 0
config.status:1249: executing po-directories commands
configure:14553: === configuring in extension (/home/sonakrie/Work/testicular_linux/gawk/extension)
configure:14614: running /bin/sh ./configure --disable-option-checking '--prefix=/usr'  '--disable-nls' --cache-file=/dev/null --srcdir=.

## ---------------- ##
## Cache variables. ##
## ---------------- ##

ac_cv_build='x86_64-pc-linux-musl'
ac_cv_c_char_unsigned='no'
ac_cv_c_compiler_gnu='yes'
ac_cv_c_const='yes'
ac_cv_c_inline='inline'
ac_cv_c_restrict='__restrict__'
ac_cv_c_stringize='yes'
ac_cv_c_undeclared_builtin_options='none needed'
ac_cv_c_vararrays='yes'
ac_cv_env_CC_set=''
ac_cv_env_CC_value=''
ac_cv_env_CFLAGS_set=''
ac_cv_env_CFLAGS_value=''
ac_cv_env_CPPFLAGS_set=''
ac_cv_env_CPPFLAGS_value=''
ac_cv_env_CPP_set=''
ac_cv_env_CPP_value=''
ac_cv_env_LDFLAGS_set=''
ac_cv_env_LDFLAGS_value=''
ac_cv_env_LIBS_set=''
ac_cv_env_LIBS_value=''
ac_cv_env_YACC_set=''
ac_cv_env_YACC_value=''
ac_cv_env_YFLAGS_set=''
ac_cv_env_YFLAGS_value=''
ac_cv_env_build_alias_set=''
ac_cv_env_build_alias_value=''
ac_cv_env_host_alias_set=''
ac_cv_env_host_alias_value=''
ac_cv_env_target_alias_set=''
ac_cv_env_target_alias_value=''
ac_cv_func__NSGetExecutablePath='no'
ac_cv_func___etoa_l='no'
ac_cv_func_atexit='yes'
ac_cv_func_btowc='yes'
ac_cv_func_c32rtomb='yes'
ac_cv_func_clock_gettime='yes'
ac_cv_func_connect='yes'
ac_cv_func_fmod='yes'
ac_cv_func_fwrite_unlocked='yes'
ac_cv_func_gai_strerror='yes'
ac_cv_func_getaddrinfo='yes'
ac_cv_func_getdtablesize='yes'
ac_cv_func_getgrent='yes'
ac_cv_func_getgroups='yes'
ac_cv_func_gethostbyname='yes'
ac_cv_func_getpgrp_void='yes'
ac_cv_func_gettimeofday='yes'
ac_cv_func_grantpt='yes'
ac_cv_func_isascii='yes'
ac_cv_func_isblank='yes'
ac_cv_func_lstat='yes'
ac_cv_func_mbrtoc32='yes'
ac_cv_func_mbrtowc='yes'
ac_cv_func_mmap='yes'
ac_cv_func_mtrace='no'
ac_cv_func_munmap='yes'
ac_cv_func_personality='yes'
ac_cv_func_posix_openpt='yes'
ac_cv_func_posix_spawnp='yes'
ac_cv_func_procctl='no'
ac_cv_func_setenv='yes'
ac_cv_func_setlocale='yes'
ac_cv_func_setsid='yes'
ac_cv_func_sigprocmask='yes'
ac_cv_func_strcasecmp='yes'
ac_cv_func_strcoll='yes'
ac_cv_func_strftime='yes'
ac_cv_func_strncasecmp='yes'
ac_cv_func_strsignal='yes'
ac_cv_func_sysctl='no'
ac_cv_func_timegm='yes'
ac_cv_func_waitpid='yes'
ac_cv_func_wctype='yes'
ac_cv_header_arpa_inet_h='yes'
ac_cv_header_dlfcn_h='yes'
ac_cv_header_fcntl_h='yes'
ac_cv_header_inttypes_h='yes'
ac_cv_header_libintl_h='no'
ac_cv_header_locale_h='yes'
ac_cv_header_mcheck_h='no'
ac_cv_header_memory_h='yes'
ac_cv_header_minix_config_h='no'
ac_cv_header_netdb_h='yes'
ac_cv_header_netinet_in_h='yes'
ac_cv_header_spawn_h='yes'
ac_cv_header_stdbool_h='yes'
ac_cv_header_stddef_h='yes'
ac_cv_header_stdint_h='yes'
ac_cv_header_stdio_h='yes'
ac_cv_header_stdlib_h='yes'
ac_cv_header_string_h='yes'
ac_cv_header_strings_h='yes'
ac_cv_header_stropts_h='yes'
ac_cv_header_sys_ioctl_h='yes'
ac_cv_header_sys_param_h='yes'
ac_cv_header_sys_personality_h='yes'
ac_cv_header_sys_procctl_h='no'
ac_cv_header_sys_select_h='yes'
ac_cv_header_sys_socket_h='yes'
ac_cv_header_sys_stat_h='yes'
ac_cv_header_sys_sysctl_h='no'
ac_cv_header_sys_time_h='yes'
ac_cv_header_sys_types_h='yes'
ac_cv_header_sys_wait_h='yes'
ac_cv_header_termios_h='yes'
ac_cv_header_uchar_h='yes'
ac_cv_header_unistd_h='yes'
ac_cv_header_wchar_h='yes'
ac_cv_header_wctype_h='yes'
ac_cv_host='x86_64-pc-linux-musl'
ac_cv_member_struct_group_gr_passwd='yes'
ac_cv_member_struct_passwd_pw_passwd='yes'
ac_cv_member_struct_stat_st_blksize='yes'
ac_cv_member_struct_tm_tm_zone='yes'
ac_cv_objext='o'
ac_cv_path_EGREP='/bin/grep -E'
ac_cv_path_GMSGFMT='/usr/bin/msgfmt'
ac_cv_path_GREP='/bin/grep'
ac_cv_path_MSGFMT='/usr/bin/msgfmt'
ac_cv_path_MSGMERGE='/usr/bin/msgmerge'
ac_cv_path_SED='/bin/sed'
ac_cv_path_XGETTEXT='/usr/bin/xgettext'
ac_cv_path_mkdir='/bin/mkdir'
ac_cv_prog_AWK='awk'
ac_cv_prog_CPP='gcc -E'
ac_cv_prog_YACC='bison -y'
ac_cv_prog_ac_ct_AR='ar'
ac_cv_prog_ac_ct_CC='gcc'
ac_cv_prog_ac_ct_RANLIB='ranlib'
ac_cv_prog_cc_c11=''
ac_cv_prog_cc_g='yes'
ac_cv_prog_cc_stdc=''
ac_cv_prog_make_make_set='yes'
ac_cv_safe_to_define___extensions__='yes'
ac_cv_search_dlopen='none required'
ac_cv_search_fmod='none required'
ac_cv_search_isinf='no'
ac_cv_search_ismod='no'
ac_cv_search_isnan='no'
ac_cv_search_strerror='none required'
ac_cv_should_define__xopen_source='no'
ac_cv_sizeof_unsigned_int='4'
ac_cv_sizeof_unsigned_long='8'
ac_cv_sizeof_void_p='8'
ac_cv_struct_tm='time.h'
ac_cv_sys_file_offset_bits='no'
ac_cv_sys_largefile_CC='no'
ac_cv_type_getgroups='gid_t'
ac_cv_type_intmax_t='yes'
ac_cv_type_long_long_int='yes'
ac_cv_type_pid_t='yes'
ac_cv_type_size_t='yes'
ac_cv_type_socklen_t='yes'
ac_cv_type_ssize_t='yes'
ac_cv_type_uid_t='yes'
ac_cv_type_uintmax_t='yes'
ac_cv_type_unsigned_long_long_int='yes'
ac_cv_zos_uss='no'
acl_cv_hardcode_direct='no'
acl_cv_hardcode_libdir_flag_spec='${wl}-rpath ${wl}$libdir'
acl_cv_hardcode_libdir_separator=''
acl_cv_hardcode_minus_L='no'
acl_cv_libdirstems='lib,lib,lib'
acl_cv_libext='a'
acl_cv_libname_spec='lib$name'
acl_cv_library_names_spec='$libname$shrext'
acl_cv_path_LD='/usr/x86_64-alpine-linux-musl/bin/ld'
acl_cv_prog_gnu_ld='yes'
acl_cv_rpath='done'
acl_cv_shlibext='so'
acl_cv_wl='-Wl,'
am_cv_CC_dependencies_compiler_type='gcc3'
am_cv_ar_interface='ar'
am_cv_langinfo_codeset='yes'
am_cv_make_support_nested_variables='yes'
am_cv_prog_cc_c_o='yes'
ax_cv_check_cflags__='yes'
gl_cv_c_bool='yes'
gl_cv_elf='yes'
gl_cv_host_cpu_c_abi_32bit='no'
gt_cv_func_CFLocaleCopyPreferredLanguages='no'
gt_cv_func_CFPreferencesCopyAppValue='no'
gt_cv_val_LC_MESSAGES='yes'

## ----------------- ##
## Output variables. ##
## ----------------- ##

ACLOCAL='${SHELL} '\''/home/sonakrie/Work/testicular_linux/gawk/build-aux/missing'\'' aclocal-1.16'
AMDEPBACKSLASH='\'
AMDEP_FALSE='#'
AMDEP_TRUE=''
AMTAR='$${TAR-tar}'
AM_BACKSLASH='\'
AM_DEFAULT_V='$(AM_DEFAULT_VERBOSITY)'
AM_DEFAULT_VERBOSITY='1'
AM_V='$(V)'
AR='ar'
AUTOCONF='${SHELL} '\''/home/sonakrie/Work/testicular_linux/gawk/build-aux/missing'\'' autoconf'
AUTOHEADER='${SHELL} '\''/home/sonakrie/Work/testicular_linux/gawk/build-aux/missing'\'' autoheader'
AUTOMAKE='${SHELL} '\''/home/sonakrie/Work/testicular_linux/gawk/build-aux/missing'\'' automake-1.16'
AWK='awk'
CC='gcc'
CCDEPMODE='depmode=gcc3'
CFLAGS='-g -O2'
CPP='gcc -E'
CPPFLAGS=''
CSCOPE='cscope'
CTAGS='ctags'
CYGPATH_W='echo'
DEFS='-DHAVE_CONFIG_H'
DEPDIR='.deps'
ECHO_C=''
ECHO_N='-n'
ECHO_T=''
EGREP='/bin/grep -E'
ENABLE_EXTENSIONS_FALSE='#'
ENABLE_EXTENSIONS_TRUE=''
ETAGS='etags'
EXEEXT=''
GAWKLIBEXT='so'
GETTEXT_MACRO_VERSION='0.20'
GMSGFMT='/usr/bin/msgfmt'
GMSGFMT_015='/usr/bin/msgfmt'
GREP='/bin/grep'
HAVE_ADDR_NO_RANDOMIZE_FALSE='#'
HAVE_ADDR_NO_RANDOMIZE_TRUE=''
INSTALL_DATA='${INSTALL} -m 644'
INSTALL_PROGRAM='${INSTALL}'
INSTALL_SCRIPT='${INSTALL}'
INSTALL_STRIP_PROGRAM='$(install_sh) -c -s'
INTLLIBS=''
INTL_MACOSX_LIBS=''
LDFLAGS=''
LIBICONV='-liconv'
LIBINTL=''
LIBMPFR=''
LIBOBJS=''
LIBREADLINE=''
LIBS=''
LN_S='ln -s'
LTLIBICONV='-liconv'
LTLIBINTL=''
LTLIBOBJS=''
MAKEINFO='${SHELL} '\''/home/sonakrie/Work/testicular_linux/gawk/build-aux/missing'\'' makeinfo'
MKDIR_P='/bin/mkdir -p'
MSGFMT='/usr/bin/msgfmt'
MSGMERGE='/usr/bin/msgmerge'
MSGMERGE_FOR_MSGFMT_OPTION='--for-msgfmt'
OBJEXT='o'
PACKAGE='gawk'
PACKAGE_BUGREPORT='bug-gawk@gnu.org'
PACKAGE_NAME='GNU Awk'
PACKAGE_STRING='GNU Awk 5.4.1'
PACKAGE_TARNAME='gawk'
PACKAGE_URL='https://www.gnu.org/software/gawk/'
PACKAGE_VERSION='5.4.1'
PATH_SEPARATOR=':'
POSUB=''
RANLIB='ranlib'
SED='/bin/sed'
SET_MAKE=''
SHELL='/bin/sh'
SOCKET_LIBS=''
STRIP=''
TEST_CROSS_COMPILE_FALSE=''
TEST_CROSS_COMPILE_TRUE='#'
USE_NLS='no'
USE_PAXCTL_FALSE=''
USE_PAXCTL_TRUE='#'
USE_PERSISTENT_MALLOC_FALSE='#'
USE_PERSISTENT_MALLOC_TRUE=''
VERSION='5.4.1'
XGETTEXT='/usr/bin/xgettext'
XGETTEXT_015='/usr/bin/xgettext'
XGETTEXT_EXTRA_OPTIONS=''
YACC='bison -y'
YFLAGS=''
ZOS_FAIL=''
ac_ct_AR='ar'
ac_ct_CC='gcc'
acl_shlibext='so'
am__EXEEXT_FALSE=''
am__EXEEXT_TRUE='#'
am__fastdepCC_FALSE='#'
am__fastdepCC_TRUE=''
am__include='include'
am__isrc=''
am__leading_dot='.'
am__nodep='_no'
am__quote=''
am__tar='$${TAR-tar} chof - "$$tardir"'
am__untar='$${TAR-tar} xf -'
bindir='${exec_prefix}/bin'
build='x86_64-pc-linux-musl'
build_alias=''
build_cpu='x86_64'
build_os='linux-musl'
build_vendor='pc'
datadir='${datarootdir}'
datarootdir='${prefix}/share'
docdir='${datarootdir}/doc/${PACKAGE_TARNAME}'
dvidir='${docdir}'
exec_prefix='${prefix}'
host='x86_64-pc-linux-musl'
host_alias=''
host_cpu='x86_64'
host_os='linux-musl'
host_vendor='pc'
htmldir='${docdir}'
includedir='${prefix}/include'
infodir='${datarootdir}/info'
install_sh='${SHELL} /home/sonakrie/Work/testicular_linux/gawk/build-aux/install-sh'
libdir='${exec_prefix}/lib'
libexecdir='${exec_prefix}/libexec'
localedir='${datarootdir}/locale'
localstatedir='${prefix}/var'
mandir='${datarootdir}/man'
mkdir_p='$(MKDIR_P)'
oldincludedir='/usr/include'
pdfdir='${docdir}'
pkgextensiondir='${pkglibdir}'
prefix='/usr'
program_transform_name='s,x,x,'
psdir='${docdir}'
runstatedir='${localstatedir}/run'
sbindir='${exec_prefix}/sbin'
sharedstatedir='${prefix}/com'
subdirs=' extension'
sysconfdir='${prefix}/etc'
target_alias=''

## ----------- ##
## confdefs.h. ##
## ----------- ##

/* confdefs.h */
#define PACKAGE_NAME "GNU Awk"
#define PACKAGE_TARNAME "gawk"
#define PACKAGE_VERSION "5.4.1"
#define PACKAGE_STRING "GNU Awk 5.4.1"
#define PACKAGE_BUGREPORT "bug-gawk@gnu.org"
#define PACKAGE_URL "https://www.gnu.org/software/gawk/"
#define PACKAGE "gawk"
#define VERSION "5.4.1"
#define HAVE_STDIO_H 1
#define HAVE_STDLIB_H 1
#define HAVE_STRING_H 1
#define HAVE_INTTYPES_H 1
#define HAVE_STDINT_H 1
#define HAVE_STRINGS_H 1
#define HAVE_SYS_STAT_H 1
#define HAVE_SYS_TYPES_H 1
#define HAVE_UNISTD_H 1
#define HAVE_WCHAR_H 1
#define HAVE_STDBOOL_H 1
#define HAVE_SYS_TIME_H 1
#define STDC_HEADERS 1
#define _ALL_SOURCE 1
#define _DARWIN_C_SOURCE 1
#define _GNU_SOURCE 1
#define _HPUX_ALT_XOPEN_SOCKET_API 1
#define _NETBSD_SOURCE 1
#define _OPENBSD_SOURCE 1
#define _POSIX_PTHREAD_SEMANTICS 1
#define __STDC_WANT_IEC_60559_ATTRIBS_EXT__ 1
#define __STDC_WANT_IEC_60559_BFP_EXT__ 1
#define __STDC_WANT_IEC_60559_DFP_EXT__ 1
#define __STDC_WANT_IEC_60559_FUNCS_EXT__ 1
#define __STDC_WANT_IEC_60559_TYPES_EXT__ 1
#define __STDC_WANT_LIB_EXT2__ 1
#define __STDC_WANT_MATH_SPEC_FUNCS__ 1
#define _TANDEM_SOURCE 1
#define __EXTENSIONS__ 1
#define HAVE_C_VARARRAYS 1
#define HAVE_LANGINFO_CODESET 1
#define HAVE_LC_MESSAGES 1
#define HAVE_ARPA_INET_H 1
#define HAVE_FCNTL_H 1
#define HAVE_LOCALE_H 1
#define HAVE_NETDB_H 1
#define HAVE_NETINET_IN_H 1
#define HAVE_STDDEF_H 1
#define HAVE_STRING_H 1
#define HAVE_SPAWN_H 1
#define HAVE_SYS_IOCTL_H 1
#define HAVE_SYS_PARAM_H 1
#define HAVE_SYS_PERSONALITY_H 1
#define HAVE_SYS_SELECT_H 1
#define HAVE_SYS_SOCKET_H 1
#define HAVE_SYS_TIME_H 1
#define HAVE_UCHAR_H 1
#define HAVE_UNISTD_H 1
#define HAVE_TERMIOS_H 1
#define HAVE_STROPTS_H 1
#define HAVE_WCHAR_H 1
#define HAVE_WCTYPE_H 1
#define HAVE_C_BOOL 1
#define HAVE_SYS_WAIT_H 1
#define HAVE_MEMORY_H 1
#define GETGROUPS_T gid_t
#define HAVE_UNSIGNED_LONG_LONG_INT 1
#define HAVE_LONG_LONG_INT 1
#define HAVE_UNSIGNED_LONG_LONG_INT 1
#define HAVE_INTMAX_T 1
#define HAVE_UINTMAX_T 1
#define SIZEOF_UNSIGNED_INT 4
#define SIZEOF_UNSIGNED_LONG 8
#define TIME_T_IN_SYS_TYPES_H 1
#define HAVE_WCTYPE_T 1
#define HAVE_WINT_T 1
#define HAVE_SOCKADDR_STORAGE 1
#define HAVE_GETADDRINFO 1
#define HAVE_ATEXIT 1
#define HAVE_BTOWC 1
#define HAVE_FMOD 1
#define HAVE_FWRITE_UNLOCKED 1
#define HAVE_GAI_STRERROR 1
#define HAVE_GETGRENT 1
#define HAVE_GETGROUPS 1
#define HAVE_GRANTPT 1
#define HAVE_ISASCII 1
#define HAVE_ISBLANK 1
#define HAVE_GETTIMEOFDAY 1
#define HAVE_CLOCK_GETTIME 1
#define HAVE_LSTAT 1
#define HAVE_GETDTABLESIZE 1
#define HAVE_POSIX_SPAWNP 1
#define HAVE_MBRTOC32 1
#define HAVE_C32RTOMB 1
#define HAVE_PERSONALITY 1
#define HAVE_POSIX_OPENPT 1
#define HAVE_SETENV 1
#define HAVE_SETLOCALE 1
#define HAVE_SETSID 1
#define HAVE_SIGPROCMASK 1
#define HAVE_STRCASECMP 1
#define HAVE_STRCOLL 1
#define HAVE_STRFTIME 1
#define HAVE_STRNCASECMP 1
#define HAVE_STRSIGNAL 1
#define HAVE_TIMEGM 1
#define HAVE_WAITPID 1
#define HAVE_WCTYPE 1
#define HAVE_MBRTOWC 1
#define SIZEOF_VOID_P 8
#define USE_PERSISTENT_MALLOC 1
#define HAVE_ADDR_NO_RANDOMIZE 1
#define DYNAMIC 1
#define GETPGRP_VOID 1
#define PRINTF_HAS_F_FORMAT 1
#define PRINTF_HAS_A_FORMAT 1
#define HAVE_SOCKETS 1
#define HAVE_STRUCT_STAT_ST_BLKSIZE 1
#define HAVE_STRUCT_PASSWD_PW_PASSWD 1
#define HAVE_STRUCT_GROUP_GR_PASSWD 1
#define HAVE_STRUCT_TM_TM_ZONE 1
#define HAVE_TM_ZONE 1
#define restrict __restrict__
#define HAVE_STRINGIZE 1

configure: exit 0
