This file contains any messages produced by compilers while
running configure, to aid debugging if configure makes a mistake.

It was created by GNU sed configure 4.10, which was
generated by GNU Autoconf 2.73.1-b400b.  Invocation command line was

  $ ./configure --prefix=/usr --disable-nls

## --------- ##
## Platform. ##
## --------- ##

hostname = nobara-laptop
uname -m = x86_64
uname -r = 7.1.4-200.nobara.fc44.x86_64
uname -s = Linux
uname -v = #1 SMP PREEMPT_DYNAMIC Mon Jul 20 03:39:43 UTC 2026

/usr/bin/uname -p = unknown
/bin/uname -X     = unknown

/bin/arch              = x86_64
/usr/bin/arch -k       = unknown
/usr/convex/getsysinfo = unknown
/usr/bin/hostinfo      = unknown
/bin/machine           = unknown
/usr/bin/oslevel       = unknown
/bin/universe          = unknown

PATH: /home/sonakrie/.local/bin/
PATH: /home/sonakrie/bin/
PATH: /usr/local/sbin/
PATH: /usr/local/bin/
PATH: /usr/sbin/
PATH: /usr/bin/
PATH: /sbin/
PATH: /bin/


## ----------- ##
## Core tests. ##
## ----------- ##

configure:5269: looking for aux files: config.rpath config.guess config.sub compile missing install-sh
configure:5282:  trying ./build-aux/
configure:5311:   ./build-aux/config.rpath found
configure:5311:   ./build-aux/config.guess found
configure:5311:   ./build-aux/config.sub found
configure:5311:   ./build-aux/compile found
configure:5311:   ./build-aux/missing found
configure:5293:   ./build-aux/install-sh found
configure:5469: checking for a BSD-compatible install
configure:5543: result: /usr/bin/install -c
configure:5554: checking whether sleep supports fractional seconds
configure:5570: result: yes
configure:5573: checking filesystem timestamp resolution
configure:5708: result: 0.01
configure:5713: checking whether build environment is sane
configure:5758: result: yes
configure:5929: checking for a race-free mkdir -p
configure:5972: result: /bin/mkdir -p
configure:5979: checking for gawk
configure:6015: result: no
configure:5979: checking for mawk
configure:6015: result: no
configure:5979: checking for nawk
configure:6015: result: no
configure:5979: checking for awk
configure:6000: found /usr/bin/awk
configure:6012: result: awk
configure:6023: checking whether make sets $(MAKE)
configure:6047: result: yes
configure:6073: checking whether make supports nested variables
configure:6092: result: yes
configure:6106: checking xargs -n works
configure:6122: result: yes
configure:6207: checking whether UID '1000' is supported by ustar format
configure:6213: result: yes
configure:6220: checking whether GID '1000' is supported by ustar format
configure:6226: result: yes
configure:6234: checking how to create a ustar tar archive
configure:6245: tar --version
tar (GNU tar) 1.35
Copyright (C) 2023 Free Software Foundation, Inc.
License GPLv3+: GNU GPL version 3 or later <https://gnu.org/licenses/gpl.html>.
This is free software: you are free to change and redistribute it.
There is NO WARRANTY, to the extent permitted by law.

Written by John Gilmore and Jay Fenlason.
configure:6248: $? = 0
configure:6288: tardir=conftest.dir && eval tar --format=ustar -chf - "$tardir" >conftest.tar
configure:6291: $? = 0
configure:6295: tar -xf - <conftest.tar
configure:6298: $? = 0
configure:6300: cat conftest.dir/file
GrepMe
configure:6303: $? = 0
configure:6318: result: gnutar
configure:6416: checking for gcc
configure:6437: found /usr/bin/gcc
configure:6449: result: gcc
configure:6808: checking for C compiler version
configure:6817: gcc --version >&5
gcc (Alpine 15.2.0) 15.2.0
Copyright (C) 2025 Free Software Foundation, Inc.
This is free software; see the source for copying conditions.  There is NO
warranty; not even for MERCHANTABILITY or FITNESS FOR A PARTICULAR PURPOSE.

configure:6828: $? = 0
configure:6817: gcc -v >&5
Using built-in specs.
COLLECT_GCC=gcc
COLLECT_LTO_WRAPPER=/usr/libexec/gcc/x86_64-alpine-linux-musl/15.2.0/lto-wrapper
Target: x86_64-alpine-linux-musl
Configured with: /home/buildozer/aports/main/gcc/src/gcc-15.2.0/configure --prefix=/usr --mandir=/usr/share/man --infodir=/usr/share/info --build=x86_64-alpine-linux-musl --host=x86_64-alpine-linux-musl --target=x86_64-alpine-linux-musl --enable-checking=release --disable-cet --disable-fixed-point --disable-libstdcxx-pch --disable-multilib --disable-nls --disable-werror --disable-symvers --enable-__cxa_atexit --enable-default-pie --enable-default-ssp --enable-languages=c,c++,d,objc,go,fortran,ada --enable-link-serialization=2 --enable-linker-build-id --disable-libssp --enable-libsanitizer --enable-shared --enable-threads --enable-tls --with-bugurl=https://gitlab.alpinelinux.org/alpine/aports/-/issues --with-system-zlib --with-linker-hash-style=gnu --with-pkgversion='Alpine 15.2.0'
Thread model: posix
Supported LTO compression algorithms: zlib
gcc version 15.2.0 (Alpine 15.2.0) 
configure:6828: $? = 0
configure:6817: gcc -V >&5
gcc: error: unrecognized command-line option '-V'
gcc: fatal error: no input files
compilation terminated.
configure:6828: $? = 1
configure:6817: gcc -qversion >&5
gcc: error: unrecognized command-line option '-qversion'; did you mean '--version'?
gcc: fatal error: no input files
compilation terminated.
configure:6828: $? = 1
configure:6817: gcc -version >&5
gcc: error: unrecognized command-line option '-version'
gcc: fatal error: no input files
compilation terminated.
configure:6828: $? = 1
configure:6848: checking whether the C compiler works
configure:6870: gcc    conftest.c  >&5
configure:6874: $? = 0
configure:6925: result: yes
configure:6929: checking for C compiler default output file name
configure:6931: result: a.out
configure:6937: checking for suffix of executables
configure:6944: gcc -o conftest    conftest.c  >&5
configure:6948: $? = 0
configure:6972: result: 
configure:6996: checking whether we are cross compiling
configure:7004: gcc -o conftest    conftest.c  >&5
configure:7008: $? = 0
configure:7015: ./conftest
configure:7019: $? = 0
configure:7034: result: no
configure:7040: checking for suffix of object files
configure:7063: gcc -c   conftest.c >&5
configure:7067: $? = 0
configure:7091: result: o
configure:7095: checking whether the compiler supports GNU C
configure:7115: gcc -c   conftest.c >&5
configure:7115: $? = 0
configure:7127: result: yes
configure:7138: checking whether gcc accepts -g
configure:7159: gcc -c -g  conftest.c >&5
configure:7159: $? = 0
configure:7206: result: yes
configure:7226: checking for gcc option to enable C23 features
configure:7241: gcc  -c -g -O2  conftest.c >&5
conftest.c:74:11: error: unknown type name 'nullptr_t'
   74 | constexpr nullptr_t null_pointer = nullptr;
      |           ^~~~~~~~~
conftest.c:74:36: error: incompatible types when initializing type 'int' using type 'typeof (nullptr)'
   74 | constexpr nullptr_t null_pointer = nullptr;
      |                                    ^~~~~~~
configure:7241: $? = 1
configure: failed program was:
| /* confdefs.h */
| #define PACKAGE_NAME "GNU sed"
| #define PACKAGE_TARNAME "sed"
| #define PACKAGE_VERSION "4.10"
| #define PACKAGE_STRING "GNU sed 4.10"
| #define PACKAGE_BUGREPORT "bug-sed@gnu.org"
| #define PACKAGE_URL "https://www.gnu.org/software/sed/"
| #define PACKAGE "sed"
| #define VERSION "4.10"
| /* end confdefs.h.  */
| 
| /* Does the compiler advertise conformance to C17 or earlier?
|    Although GCC 14 does not do that, even with -std=gnu23,
|    it is close enough, and defines __STDC_VERSION == 202000L.  */
| #if !defined __STDC_VERSION__ || __STDC_VERSION__ <= 201710L
| # error "Compiler advertises conformance to C17 or earlier"
| #endif
| 
| // Check alignas.
| char alignas (double) c23_aligned_as_double;
| char alignas (0) c23_no_special_alignment;
| extern char c23_aligned_as_int;
| char alignas (0) alignas (int) c23_aligned_as_int;
| 
| // Check alignof.
| enum
| {
|   c23_int_alignment = alignof (int),
|   c23_int_array_alignment = alignof (int[100]),
|   c23_char_alignment = alignof (char)
| };
| static_assert (0 < -alignof (int), "alignof is signed");
| 
| int function_with_unnamed_parameter (int) { return 0; }
| 
| void c23_noreturn ();
| 
| /* Test parsing of string and char UTF-8 literals (including hex escapes).
|    The parens pacify GCC 15.  */
| bool use_u8 = (!sizeof u8"\xFF") == (!u8'x');
| 
| bool check_that_bool_works = true | false | !nullptr;
| #if !true
| # error "true does not work in #if"
| #endif
| #if false
| #elifdef __STDC_VERSION__
| #else
| # error "#elifdef does not work"
| #endif
| 
| #ifndef __has_c_attribute
| # error "__has_c_attribute not defined"
| #endif
| 
| #ifndef __has_include
| # error "__has_include not defined"
| #endif
| 
| #define LPAREN() (
| #define FORTY_TWO(x) 42
| #define VA_OPT_TEST(r, x, ...) __VA_OPT__ (FORTY_TWO r x))
| static_assert (VA_OPT_TEST (LPAREN (), 0, <:-) == 42);
| 
| static_assert (0b101010 == 42);
| static_assert (0B101010 == 42);
| static_assert (0xDEAD'BEEF == 3'735'928'559);
| static_assert (0.500'000'000 == 0.5);
| 
| enum unsignedish : unsigned int { uione = 1 };
| static_assert (0 < -uione);
| 
| #include <stddef.h>
| constexpr nullptr_t null_pointer = nullptr;
| 
| static typeof (1 + 1L) two () { return 2; }
| static long int three () { return 3; }
| 
| 
| int
| main (int, char **)
| {
|   int ok = 0;
|   
|   {
|     label_before_declaration:
|       int arr[10] = {};
|       if (arr[0])
|         goto label_before_declaration;
|       if (!arr[0])
|         goto label_at_end_of_block;
|     label_at_end_of_block:
|   }
|   ok |= !null_pointer;
|   ok |= two != three;
| 
|   return ok;
| }
| 
configure:7241: gcc -std=gnu23 -c -g -O2  conftest.c >&5
conftest.c:74:11: error: unknown type name 'nullptr_t'
   74 | constexpr nullptr_t null_pointer = nullptr;
      |           ^~~~~~~~~
conftest.c:74:36: error: incompatible types when initializing type 'int' using type 'typeof (nullptr)'
   74 | constexpr nullptr_t null_pointer = nullptr;
      |                                    ^~~~~~~
configure:7241: $? = 1
configure: failed program was:
| /* confdefs.h */
| #define PACKAGE_NAME "GNU sed"
| #define PACKAGE_TARNAME "sed"
| #define PACKAGE_VERSION "4.10"
| #define PACKAGE_STRING "GNU sed 4.10"
| #define PACKAGE_BUGREPORT "bug-sed@gnu.org"
| #define PACKAGE_URL "https://www.gnu.org/software/sed/"
| #define PACKAGE "sed"
| #define VERSION "4.10"
| /* end confdefs.h.  */
| 
| /* Does the compiler advertise conformance to C17 or earlier?
|    Although GCC 14 does not do that, even with -std=gnu23,
|    it is close enough, and defines __STDC_VERSION == 202000L.  */
| #if !defined __STDC_VERSION__ || __STDC_VERSION__ <= 201710L
| # error "Compiler advertises conformance to C17 or earlier"
| #endif
| 
| // Check alignas.
| char alignas (double) c23_aligned_as_double;
| char alignas (0) c23_no_special_alignment;
| extern char c23_aligned_as_int;
| char alignas (0) alignas (int) c23_aligned_as_int;
| 
| // Check alignof.
| enum
| {
|   c23_int_alignment = alignof (int),
|   c23_int_array_alignment = alignof (int[100]),
|   c23_char_alignment = alignof (char)
| };
| static_assert (0 < -alignof (int), "alignof is signed");
| 
| int function_with_unnamed_parameter (int) { return 0; }
| 
| void c23_noreturn ();
| 
| /* Test parsing of string and char UTF-8 literals (including hex escapes).
|    The parens pacify GCC 15.  */
| bool use_u8 = (!sizeof u8"\xFF") == (!u8'x');
| 
| bool check_that_bool_works = true | false | !nullptr;
| #if !true
| # error "true does not work in #if"
| #endif
| #if false
| #elifdef __STDC_VERSION__
| #else
| # error "#elifdef does not work"
| #endif
| 
| #ifndef __has_c_attribute
| # error "__has_c_attribute not defined"
| #endif
| 
| #ifndef __has_include
| # error "__has_include not defined"
| #endif
| 
| #define LPAREN() (
| #define FORTY_TWO(x) 42
| #define VA_OPT_TEST(r, x, ...) __VA_OPT__ (FORTY_TWO r x))
| static_assert (VA_OPT_TEST (LPAREN (), 0, <:-) == 42);
| 
| static_assert (0b101010 == 42);
| static_assert (0B101010 == 42);
| static_assert (0xDEAD'BEEF == 3'735'928'559);
| static_assert (0.500'000'000 == 0.5);
| 
| enum unsignedish : unsigned int { uione = 1 };
| static_assert (0 < -uione);
| 
| #include <stddef.h>
| constexpr nullptr_t null_pointer = nullptr;
| 
| static typeof (1 + 1L) two () { return 2; }
| static long int three () { return 3; }
| 
| 
| int
| main (int, char **)
| {
|   int ok = 0;
|   
|   {
|     label_before_declaration:
|       int arr[10] = {};
|       if (arr[0])
|         goto label_before_declaration;
|       if (!arr[0])
|         goto label_at_end_of_block;
|     label_at_end_of_block:
|   }
|   ok |= !null_pointer;
|   ok |= two != three;
| 
|   return ok;
| }
| 
configure:7255: result: unsupported
configure:7275: checking for gcc option to enable C11 features
configure:7290: gcc  -c -g -O2  conftest.c >&5
configure:7290: $? = 0
configure:7309: result: none needed
configure:7433: checking whether gcc understands -c and -o together
configure:7456: gcc -c conftest.c -o conftest2.o
configure:7459: $? = 0
configure:7456: gcc -c conftest.c -o conftest2.o
configure:7459: $? = 0
configure:7475: result: yes
configure:7493: checking whether the compiler is clang
configure:7515: gcc -c -g -O2  conftest.c >&5
configure:7515: $? = 0
configure:7526: result: no
configure:7530: checking for compiler option needed when checking for declarations
configure:7565: result: none
configure:7577: checking whether make supports the include directive
configure:7592: make -f confmf.GNU && cat confinc.out
this is the am__doit target
configure:7595: $? = 0
configure:7614: result: yes (GNU style)
configure:7640: checking dependency style of gcc
configure:7753: result: gcc3
configure:7774: checking for stdio.h
configure:7774: gcc -c -g -O2  conftest.c >&5
configure:7774: $? = 0
configure:7774: result: yes
configure:7774: checking for stdlib.h
configure:7774: gcc -c -g -O2  conftest.c >&5
configure:7774: $? = 0
configure:7774: result: yes
configure:7774: checking for string.h
configure:7774: gcc -c -g -O2  conftest.c >&5
configure:7774: $? = 0
configure:7774: result: yes
configure:7774: checking for inttypes.h
configure:7774: gcc -c -g -O2  conftest.c >&5
configure:7774: $? = 0
configure:7774: result: yes
configure:7774: checking for stdint.h
configure:7774: gcc -c -g -O2  conftest.c >&5
configure:7774: $? = 0
configure:7774: result: yes
configure:7774: checking for strings.h
configure:7774: gcc -c -g -O2  conftest.c >&5
configure:7774: $? = 0
configure:7774: result: yes
configure:7774: checking for sys/stat.h
configure:7774: gcc -c -g -O2  conftest.c >&5
configure:7774: $? = 0
configure:7774: result: yes
configure:7774: checking for sys/types.h
configure:7774: gcc -c -g -O2  conftest.c >&5
configure:7774: $? = 0
configure:7774: result: yes
configure:7774: checking for unistd.h
configure:7774: gcc -c -g -O2  conftest.c >&5
configure:7774: $? = 0
configure:7774: result: yes
configure:7774: checking for wchar.h
configure:7774: gcc -c -g -O2  conftest.c >&5
configure:7774: $? = 0
configure:7774: result: yes
configure:7774: checking for minix/config.h
configure:7774: gcc -c -g -O2  conftest.c >&5
conftest.c:49:10: fatal error: minix/config.h: No such file or directory
   49 | #include <minix/config.h>
      |          ^~~~~~~~~~~~~~~~
compilation terminated.
configure:7774: $? = 1
configure: failed program was:
| /* confdefs.h */
| #define PACKAGE_NAME "GNU sed"
| #define PACKAGE_TARNAME "sed"
| #define PACKAGE_VERSION "4.10"
| #define PACKAGE_STRING "GNU sed 4.10"
| #define PACKAGE_BUGREPORT "bug-sed@gnu.org"
| #define PACKAGE_URL "https://www.gnu.org/software/sed/"
| #define PACKAGE "sed"
| #define VERSION "4.10"
| #define HAVE_STDIO_H 1
| #define HAVE_STDLIB_H 1
| #define HAVE_STRING_H 1
| #define HAVE_INTTYPES_H 1
| #define HAVE_STDINT_H 1
| #define HAVE_STRINGS_H 1
| #define HAVE_SYS_STAT_H 1
| #define HAVE_SYS_TYPES_H 1
| #define HAVE_UNISTD_H 1
| #define HAVE_WCHAR_H 1
| /* end confdefs.h.  */
| #include <stddef.h>
| #ifdef HAVE_STDIO_H
| # include <stdio.h>
| #endif
| #ifdef HAVE_STDLIB_H
| # include <stdlib.h>
| #endif
| #ifdef HAVE_STRING_H
| # include <string.h>
| #endif
| #ifdef HAVE_INTTYPES_H
| # include <inttypes.h>
| #endif
| #ifdef HAVE_STDINT_H
| # include <stdint.h>
| #endif
| #ifdef HAVE_STRINGS_H
| # include <strings.h>
| #endif
| #ifdef HAVE_SYS_TYPES_H
| # include <sys/types.h>
| #endif
| #ifdef HAVE_SYS_STAT_H
| # include <sys/stat.h>
| #endif
| #ifdef HAVE_UNISTD_H
| # include <unistd.h>
| #endif
| #include <minix/config.h>
configure:7774: result: no
configure:7774: checking for stdbool.h
configure:7774: gcc -c -g -O2  conftest.c >&5
configure:7774: $? = 0
configure:7774: result: yes
configure:7774: checking for uchar.h
configure:7774: gcc -c -g -O2  conftest.c >&5
configure:7774: $? = 0
configure:7774: result: yes
configure:7774: checking for sys/param.h
configure:7774: gcc -c -g -O2  conftest.c >&5
configure:7774: $? = 0
configure:7774: result: yes
configure:7774: checking for sys/socket.h
configure:7774: gcc -c -g -O2  conftest.c >&5
configure:7774: $? = 0
configure:7774: result: yes
configure:7774: checking for dirent.h
configure:7774: gcc -c -g -O2  conftest.c >&5
configure:7774: $? = 0
configure:7774: result: yes
configure:7774: checking for error.h
configure:7774: gcc -c -g -O2  conftest.c >&5
conftest.c:54:10: fatal error: error.h: No such file or directory
   54 | #include <error.h>
      |          ^~~~~~~~~
compilation terminated.
configure:7774: $? = 1
configure: failed program was:
| /* confdefs.h */
| #define PACKAGE_NAME "GNU sed"
| #define PACKAGE_TARNAME "sed"
| #define PACKAGE_VERSION "4.10"
| #define PACKAGE_STRING "GNU sed 4.10"
| #define PACKAGE_BUGREPORT "bug-sed@gnu.org"
| #define PACKAGE_URL "https://www.gnu.org/software/sed/"
| #define PACKAGE "sed"
| #define VERSION "4.10"
| #define HAVE_STDIO_H 1
| #define HAVE_STDLIB_H 1
| #define HAVE_STRING_H 1
| #define HAVE_INTTYPES_H 1
| #define HAVE_STDINT_H 1
| #define HAVE_STRINGS_H 1
| #define HAVE_SYS_STAT_H 1
| #define HAVE_SYS_TYPES_H 1
| #define HAVE_UNISTD_H 1
| #define HAVE_WCHAR_H 1
| #define HAVE_STDBOOL_H 1
| #define HAVE_UCHAR_H 1
| #define HAVE_SYS_PARAM_H 1
| #define HAVE_SYS_SOCKET_H 1
| #define HAVE_DIRENT_H 1
| /* end confdefs.h.  */
| #include <stddef.h>
| #ifdef HAVE_STDIO_H
| # include <stdio.h>
| #endif
| #ifdef HAVE_STDLIB_H
| # include <stdlib.h>
| #endif
| #ifdef HAVE_STRING_H
| # include <string.h>
| #endif
| #ifdef HAVE_INTTYPES_H
| # include <inttypes.h>
| #endif
| #ifdef HAVE_STDINT_H
| # include <stdint.h>
| #endif
| #ifdef HAVE_STRINGS_H
| # include <strings.h>
| #endif
| #ifdef HAVE_SYS_TYPES_H
| # include <sys/types.h>
| #endif
| #ifdef HAVE_SYS_STAT_H
| # include <sys/stat.h>
| #endif
| #ifdef HAVE_UNISTD_H
| # include <unistd.h>
| #endif
| #include <error.h>
configure:7774: result: no
configure:7774: checking for linux/xattr.h
configure:7774: gcc -c -g -O2  conftest.c >&5
configure:7774: $? = 0
configure:7774: result: yes
configure:7774: checking for selinux/selinux.h
configure:7774: gcc -c -g -O2  conftest.c >&5
conftest.c:55:10: fatal error: selinux/selinux.h: No such file or directory
   55 | #include <selinux/selinux.h>
      |          ^~~~~~~~~~~~~~~~~~~
compilation terminated.
configure:7774: $? = 1
configure: failed program was:
| /* confdefs.h */
| #define PACKAGE_NAME "GNU sed"
| #define PACKAGE_TARNAME "sed"
| #define PACKAGE_VERSION "4.10"
| #define PACKAGE_STRING "GNU sed 4.10"
| #define PACKAGE_BUGREPORT "bug-sed@gnu.org"
| #define PACKAGE_URL "https://www.gnu.org/software/sed/"
| #define PACKAGE "sed"
| #define VERSION "4.10"
| #define HAVE_STDIO_H 1
| #define HAVE_STDLIB_H 1
| #define HAVE_STRING_H 1
| #define HAVE_INTTYPES_H 1
| #define HAVE_STDINT_H 1
| #define HAVE_STRINGS_H 1
| #define HAVE_SYS_STAT_H 1
| #define HAVE_SYS_TYPES_H 1
| #define HAVE_UNISTD_H 1
| #define HAVE_WCHAR_H 1
| #define HAVE_STDBOOL_H 1
| #define HAVE_UCHAR_H 1
| #define HAVE_SYS_PARAM_H 1
| #define HAVE_SYS_SOCKET_H 1
| #define HAVE_DIRENT_H 1
| #define HAVE_LINUX_XATTR_H 1
| /* end confdefs.h.  */
| #include <stddef.h>
| #ifdef HAVE_STDIO_H
| # include <stdio.h>
| #endif
| #ifdef HAVE_STDLIB_H
| # include <stdlib.h>
| #endif
| #ifdef HAVE_STRING_H
| # include <string.h>
| #endif
| #ifdef HAVE_INTTYPES_H
| # include <inttypes.h>
| #endif
| #ifdef HAVE_STDINT_H
| # include <stdint.h>
| #endif
| #ifdef HAVE_STRINGS_H
| # include <strings.h>
| #endif
| #ifdef HAVE_SYS_TYPES_H
| # include <sys/types.h>
| #endif
| #ifdef HAVE_SYS_STAT_H
| # include <sys/stat.h>
| #endif
| #ifdef HAVE_UNISTD_H
| # include <unistd.h>
| #endif
| #include <selinux/selinux.h>
configure:7774: result: no
configure:7774: checking for stdio_ext.h
configure:7774: gcc -c -g -O2  conftest.c >&5
configure:7774: $? = 0
configure:7774: result: yes
configure:7774: checking for getopt.h
configure:7774: gcc -c -g -O2  conftest.c >&5
configure:7774: $? = 0
configure:7774: result: yes
configure:7774: checking for sys/process.h
configure:7774: gcc -c -g -O2  conftest.c >&5
conftest.c:57:10: fatal error: sys/process.h: No such file or directory
   57 | #include <sys/process.h>
      |          ^~~~~~~~~~~~~~~
compilation terminated.
configure:7774: $? = 1
configure: failed program was:
| /* confdefs.h */
| #define PACKAGE_NAME "GNU sed"
| #define PACKAGE_TARNAME "sed"
| #define PACKAGE_VERSION "4.10"
| #define PACKAGE_STRING "GNU sed 4.10"
| #define PACKAGE_BUGREPORT "bug-sed@gnu.org"
| #define PACKAGE_URL "https://www.gnu.org/software/sed/"
| #define PACKAGE "sed"
| #define VERSION "4.10"
| #define HAVE_STDIO_H 1
| #define HAVE_STDLIB_H 1
| #define HAVE_STRING_H 1
| #define HAVE_INTTYPES_H 1
| #define HAVE_STDINT_H 1
| #define HAVE_STRINGS_H 1
| #define HAVE_SYS_STAT_H 1
| #define HAVE_SYS_TYPES_H 1
| #define HAVE_UNISTD_H 1
| #define HAVE_WCHAR_H 1
| #define HAVE_STDBOOL_H 1
| #define HAVE_UCHAR_H 1
| #define HAVE_SYS_PARAM_H 1
| #define HAVE_SYS_SOCKET_H 1
| #define HAVE_DIRENT_H 1
| #define HAVE_LINUX_XATTR_H 1
| #define HAVE_STDIO_EXT_H 1
| #define HAVE_GETOPT_H 1
| /* end confdefs.h.  */
| #include <stddef.h>
| #ifdef HAVE_STDIO_H
| # include <stdio.h>
| #endif
| #ifdef HAVE_STDLIB_H
| # include <stdlib.h>
| #endif
| #ifdef HAVE_STRING_H
| # include <string.h>
| #endif
| #ifdef HAVE_INTTYPES_H
| # include <inttypes.h>
| #endif
| #ifdef HAVE_STDINT_H
| # include <stdint.h>
| #endif
| #ifdef HAVE_STRINGS_H
| # include <strings.h>
| #endif
| #ifdef HAVE_SYS_TYPES_H
| # include <sys/types.h>
| #endif
| #ifdef HAVE_SYS_STAT_H
| # include <sys/stat.h>
| #endif
| #ifdef HAVE_UNISTD_H
| # include <unistd.h>
| #endif
| #include <sys/process.h>
configure:7774: result: no
configure:7774: checking for threads.h
configure:7774: gcc -c -g -O2  conftest.c >&5
configure:7774: $? = 0
configure:7774: result: yes
configure:7774: checking for limits.h
configure:7774: gcc -c -g -O2  conftest.c >&5
configure:7774: $? = 0
configure:7774: result: yes
configure:7774: checking for crtdefs.h
configure:7774: gcc -c -g -O2  conftest.c >&5
conftest.c:59:10: fatal error: crtdefs.h: No such file or directory
   59 | #include <crtdefs.h>
      |          ^~~~~~~~~~~
compilation terminated.
configure:7774: $? = 1
configure: failed program was:
| /* confdefs.h */
| #define PACKAGE_NAME "GNU sed"
| #define PACKAGE_TARNAME "sed"
| #define PACKAGE_VERSION "4.10"
| #define PACKAGE_STRING "GNU sed 4.10"
| #define PACKAGE_BUGREPORT "bug-sed@gnu.org"
| #define PACKAGE_URL "https://www.gnu.org/software/sed/"
| #define PACKAGE "sed"
| #define VERSION "4.10"
| #define HAVE_STDIO_H 1
| #define HAVE_STDLIB_H 1
| #define HAVE_STRING_H 1
| #define HAVE_INTTYPES_H 1
| #define HAVE_STDINT_H 1
| #define HAVE_STRINGS_H 1
| #define HAVE_SYS_STAT_H 1
| #define HAVE_SYS_TYPES_H 1
| #define HAVE_UNISTD_H 1
| #define HAVE_WCHAR_H 1
| #define HAVE_STDBOOL_H 1
| #define HAVE_UCHAR_H 1
| #define HAVE_SYS_PARAM_H 1
| #define HAVE_SYS_SOCKET_H 1
| #define HAVE_DIRENT_H 1
| #define HAVE_LINUX_XATTR_H 1
| #define HAVE_STDIO_EXT_H 1
| #define HAVE_GETOPT_H 1
| #define HAVE_THREADS_H 1
| #define HAVE_LIMITS_H 1
| /* end confdefs.h.  */
| #include <stddef.h>
| #ifdef HAVE_STDIO_H
| # include <stdio.h>
| #endif
| #ifdef HAVE_STDLIB_H
| # include <stdlib.h>
| #endif
| #ifdef HAVE_STRING_H
| # include <string.h>
| #endif
| #ifdef HAVE_INTTYPES_H
| # include <inttypes.h>
| #endif
| #ifdef HAVE_STDINT_H
| # include <stdint.h>
| #endif
| #ifdef HAVE_STRINGS_H
| # include <strings.h>
| #endif
| #ifdef HAVE_SYS_TYPES_H
| # include <sys/types.h>
| #endif
| #ifdef HAVE_SYS_STAT_H
| # include <sys/stat.h>
| #endif
| #ifdef HAVE_UNISTD_H
| # include <unistd.h>
| #endif
| #include <crtdefs.h>
configure:7774: result: no
configure:7774: checking for wctype.h
configure:7774: gcc -c -g -O2  conftest.c >&5
configure:7774: $? = 0
configure:7774: result: yes
configure:7774: checking for langinfo.h
configure:7774: gcc -c -g -O2  conftest.c >&5
configure:7774: $? = 0
configure:7774: result: yes
configure:7774: checking for xlocale.h
configure:7774: gcc -c -g -O2  conftest.c >&5
conftest.c:61:10: fatal error: xlocale.h: No such file or directory
   61 | #include <xlocale.h>
      |          ^~~~~~~~~~~
compilation terminated.
configure:7774: $? = 1
configure: failed program was:
| /* confdefs.h */
| #define PACKAGE_NAME "GNU sed"
| #define PACKAGE_TARNAME "sed"
| #define PACKAGE_VERSION "4.10"
| #define PACKAGE_STRING "GNU sed 4.10"
| #define PACKAGE_BUGREPORT "bug-sed@gnu.org"
| #define PACKAGE_URL "https://www.gnu.org/software/sed/"
| #define PACKAGE "sed"
| #define VERSION "4.10"
| #define HAVE_STDIO_H 1
| #define HAVE_STDLIB_H 1
| #define HAVE_STRING_H 1
| #define HAVE_INTTYPES_H 1
| #define HAVE_STDINT_H 1
| #define HAVE_STRINGS_H 1
| #define HAVE_SYS_STAT_H 1
| #define HAVE_SYS_TYPES_H 1
| #define HAVE_UNISTD_H 1
| #define HAVE_WCHAR_H 1
| #define HAVE_STDBOOL_H 1
| #define HAVE_UCHAR_H 1
| #define HAVE_SYS_PARAM_H 1
| #define HAVE_SYS_SOCKET_H 1
| #define HAVE_DIRENT_H 1
| #define HAVE_LINUX_XATTR_H 1
| #define HAVE_STDIO_EXT_H 1
| #define HAVE_GETOPT_H 1
| #define HAVE_THREADS_H 1
| #define HAVE_LIMITS_H 1
| #define HAVE_WCTYPE_H 1
| #define HAVE_LANGINFO_H 1
| /* end confdefs.h.  */
| #include <stddef.h>
| #ifdef HAVE_STDIO_H
| # include <stdio.h>
| #endif
| #ifdef HAVE_STDLIB_H
| # include <stdlib.h>
| #endif
| #ifdef HAVE_STRING_H
| # include <string.h>
| #endif
| #ifdef HAVE_INTTYPES_H
| # include <inttypes.h>
| #endif
| #ifdef HAVE_STDINT_H
| # include <stdint.h>
| #endif
| #ifdef HAVE_STRINGS_H
| # include <strings.h>
| #endif
| #ifdef HAVE_SYS_TYPES_H
| # include <sys/types.h>
| #endif
| #ifdef HAVE_SYS_STAT_H
| # include <sys/stat.h>
| #endif
| #ifdef HAVE_UNISTD_H
| # include <unistd.h>
| #endif
| #include <xlocale.h>
configure:7774: result: no
configure:7774: checking for sys/mman.h
configure:7774: gcc -c -g -O2  conftest.c >&5
configure:7774: $? = 0
configure:7774: result: yes
configure:7774: checking for obstack.h
configure:7774: gcc -c -g -O2  conftest.c >&5
conftest.c:62:10: fatal error: obstack.h: No such file or directory
   62 | #include <obstack.h>
      |          ^~~~~~~~~~~
compilation terminated.
configure:7774: $? = 1
configure: failed program was:
| /* confdefs.h */
| #define PACKAGE_NAME "GNU sed"
| #define PACKAGE_TARNAME "sed"
| #define PACKAGE_VERSION "4.10"
| #define PACKAGE_STRING "GNU sed 4.10"
| #define PACKAGE_BUGREPORT "bug-sed@gnu.org"
| #define PACKAGE_URL "https://www.gnu.org/software/sed/"
| #define PACKAGE "sed"
| #define VERSION "4.10"
| #define HAVE_STDIO_H 1
| #define HAVE_STDLIB_H 1
| #define HAVE_STRING_H 1
| #define HAVE_INTTYPES_H 1
| #define HAVE_STDINT_H 1
| #define HAVE_STRINGS_H 1
| #define HAVE_SYS_STAT_H 1
| #define HAVE_SYS_TYPES_H 1
| #define HAVE_UNISTD_H 1
| #define HAVE_WCHAR_H 1
| #define HAVE_STDBOOL_H 1
| #define HAVE_UCHAR_H 1
| #define HAVE_SYS_PARAM_H 1
| #define HAVE_SYS_SOCKET_H 1
| #define HAVE_DIRENT_H 1
| #define HAVE_LINUX_XATTR_H 1
| #define HAVE_STDIO_EXT_H 1
| #define HAVE_GETOPT_H 1
| #define HAVE_THREADS_H 1
| #define HAVE_LIMITS_H 1
| #define HAVE_WCTYPE_H 1
| #define HAVE_LANGINFO_H 1
| #define HAVE_SYS_MMAN_H 1
| /* end confdefs.h.  */
| #include <stddef.h>
| #ifdef HAVE_STDIO_H
| # include <stdio.h>
| #endif
| #ifdef HAVE_STDLIB_H
| # include <stdlib.h>
| #endif
| #ifdef HAVE_STRING_H
| # include <string.h>
| #endif
| #ifdef HAVE_INTTYPES_H
| # include <inttypes.h>
| #endif
| #ifdef HAVE_STDINT_H
| # include <stdint.h>
| #endif
| #ifdef HAVE_STRINGS_H
| # include <strings.h>
| #endif
| #ifdef HAVE_SYS_TYPES_H
| # include <sys/types.h>
| #endif
| #ifdef HAVE_SYS_STAT_H
| # include <sys/stat.h>
| #endif
| #ifdef HAVE_UNISTD_H
| # include <unistd.h>
| #endif
| #include <obstack.h>
configure:7774: result: no
configure:7774: checking for pthread.h
configure:7774: gcc -c -g -O2  conftest.c >&5
configure:7774: $? = 0
configure:7774: result: yes
configure:7774: checking for malloc.h
configure:7774: gcc -c -g -O2  conftest.c >&5
configure:7774: $? = 0
configure:7774: result: yes
configure:7774: checking for sys/time.h
configure:7774: gcc -c -g -O2  conftest.c >&5
configure:7774: $? = 0
configure:7774: result: yes
configure:7774: checking for stdckdint.h
configure:7774: gcc -c -g -O2  conftest.c >&5
configure:7774: $? = 0
configure:7774: result: yes
configure:7774: checking for stdcountof.h
configure:7774: gcc -c -g -O2  conftest.c >&5
conftest.c:66:10: fatal error: stdcountof.h: No such file or directory
   66 | #include <stdcountof.h>
      |          ^~~~~~~~~~~~~~
compilation terminated.
configure:7774: $? = 1
configure: failed program was:
| /* confdefs.h */
| #define PACKAGE_NAME "GNU sed"
| #define PACKAGE_TARNAME "sed"
| #define PACKAGE_VERSION "4.10"
| #define PACKAGE_STRING "GNU sed 4.10"
| #define PACKAGE_BUGREPORT "bug-sed@gnu.org"
| #define PACKAGE_URL "https://www.gnu.org/software/sed/"
| #define PACKAGE "sed"
| #define VERSION "4.10"
| #define HAVE_STDIO_H 1
| #define HAVE_STDLIB_H 1
| #define HAVE_STRING_H 1
| #define HAVE_INTTYPES_H 1
| #define HAVE_STDINT_H 1
| #define HAVE_STRINGS_H 1
| #define HAVE_SYS_STAT_H 1
| #define HAVE_SYS_TYPES_H 1
| #define HAVE_UNISTD_H 1
| #define HAVE_WCHAR_H 1
| #define HAVE_STDBOOL_H 1
| #define HAVE_UCHAR_H 1
| #define HAVE_SYS_PARAM_H 1
| #define HAVE_SYS_SOCKET_H 1
| #define HAVE_DIRENT_H 1
| #define HAVE_LINUX_XATTR_H 1
| #define HAVE_STDIO_EXT_H 1
| #define HAVE_GETOPT_H 1
| #define HAVE_THREADS_H 1
| #define HAVE_LIMITS_H 1
| #define HAVE_WCTYPE_H 1
| #define HAVE_LANGINFO_H 1
| #define HAVE_SYS_MMAN_H 1
| #define HAVE_PTHREAD_H 1
| #define HAVE_MALLOC_H 1
| #define HAVE_SYS_TIME_H 1
| #define HAVE_STDCKDINT_H 1
| /* end confdefs.h.  */
| #include <stddef.h>
| #ifdef HAVE_STDIO_H
| # include <stdio.h>
| #endif
| #ifdef HAVE_STDLIB_H
| # include <stdlib.h>
| #endif
| #ifdef HAVE_STRING_H
| # include <string.h>
| #endif
| #ifdef HAVE_INTTYPES_H
| # include <inttypes.h>
| #endif
| #ifdef HAVE_STDINT_H
| # include <stdint.h>
| #endif
| #ifdef HAVE_STRINGS_H
| # include <strings.h>
| #endif
| #ifdef HAVE_SYS_TYPES_H
| # include <sys/types.h>
| #endif
| #ifdef HAVE_SYS_STAT_H
| # include <sys/stat.h>
| #endif
| #ifdef HAVE_UNISTD_H
| # include <unistd.h>
| #endif
| #include <stdcountof.h>
configure:7774: result: no
configure:7774: checking for sys/random.h
configure:7774: gcc -c -g -O2  conftest.c >&5
configure:7774: $? = 0
configure:7774: result: yes
configure:7774: checking for features.h
configure:7774: gcc -c -g -O2  conftest.c >&5
configure:7774: $? = 0
configure:7774: result: yes
configure:7774: checking for arpa/inet.h
configure:7774: gcc -c -g -O2  conftest.c >&5
configure:7774: $? = 0
configure:7774: result: yes
configure:7774: checking for netdb.h
configure:7774: gcc -c -g -O2  conftest.c >&5
configure:7774: $? = 0
configure:7774: result: yes
configure:7774: checking for netinet/in.h
configure:7774: gcc -c -g -O2  conftest.c >&5
configure:7774: $? = 0
configure:7774: result: yes
configure:7774: checking for math.h
configure:7774: gcc -c -g -O2  conftest.c >&5
configure:7774: $? = 0
configure:7774: result: yes
configure:7774: checking for sys/select.h
configure:7774: gcc -c -g -O2  conftest.c >&5
configure:7774: $? = 0
configure:7774: result: yes
configure:7774: checking for sys/wait.h
configure:7774: gcc -c -g -O2  conftest.c >&5
configure:7774: $? = 0
configure:7774: result: yes
configure:7774: checking for semaphore.h
configure:7774: gcc -c -g -O2  conftest.c >&5
configure:7774: $? = 0
configure:7774: result: yes
configure:7774: checking for sys/ioctl.h
configure:7774: gcc -c -g -O2  conftest.c >&5
configure:7774: $? = 0
configure:7774: result: yes
configure:7774: checking for sys/un.h
configure:7774: gcc -c -g -O2  conftest.c >&5
configure:7774: $? = 0
configure:7774: result: yes
configure:7774: checking for sys/uio.h
configure:7774: gcc -c -g -O2  conftest.c >&5
configure:7774: $? = 0
configure:7774: result: yes
configure:7774: checking for locale.h
configure:7774: gcc -c -g -O2  conftest.c >&5
configure:7774: $? = 0
configure:7774: result: yes
configure:7774: checking for errno.h
configure:7774: gcc -c -g -O2  conftest.c >&5
configure:7774: $? = 0
configure:7774: result: yes
configure:7774: checking for mcheck.h
configure:7774: gcc -c -g -O2  conftest.c >&5
conftest.c:80:10: fatal error: mcheck.h: No such file or directory
   80 | #include <mcheck.h>
      |          ^~~~~~~~~~
compilation terminated.
configure:7774: $? = 1
configure: failed program was:
| /* confdefs.h */
| #define PACKAGE_NAME "GNU sed"
| #define PACKAGE_TARNAME "sed"
| #define PACKAGE_VERSION "4.10"
| #define PACKAGE_STRING "GNU sed 4.10"
| #define PACKAGE_BUGREPORT "bug-sed@gnu.org"
| #define PACKAGE_URL "https://www.gnu.org/software/sed/"
| #define PACKAGE "sed"
| #define VERSION "4.10"
| #define HAVE_STDIO_H 1
| #define HAVE_STDLIB_H 1
| #define HAVE_STRING_H 1
| #define HAVE_INTTYPES_H 1
| #define HAVE_STDINT_H 1
| #define HAVE_STRINGS_H 1
| #define HAVE_SYS_STAT_H 1
| #define HAVE_SYS_TYPES_H 1
| #define HAVE_UNISTD_H 1
| #define HAVE_WCHAR_H 1
| #define HAVE_STDBOOL_H 1
| #define HAVE_UCHAR_H 1
| #define HAVE_SYS_PARAM_H 1
| #define HAVE_SYS_SOCKET_H 1
| #define HAVE_DIRENT_H 1
| #define HAVE_LINUX_XATTR_H 1
| #define HAVE_STDIO_EXT_H 1
| #define HAVE_GETOPT_H 1
| #define HAVE_THREADS_H 1
| #define HAVE_LIMITS_H 1
| #define HAVE_WCTYPE_H 1
| #define HAVE_LANGINFO_H 1
| #define HAVE_SYS_MMAN_H 1
| #define HAVE_PTHREAD_H 1
| #define HAVE_MALLOC_H 1
| #define HAVE_SYS_TIME_H 1
| #define HAVE_STDCKDINT_H 1
| #define HAVE_SYS_RANDOM_H 1
| #define HAVE_FEATURES_H 1
| #define HAVE_ARPA_INET_H 1
| #define HAVE_NETDB_H 1
| #define HAVE_NETINET_IN_H 1
| #define HAVE_MATH_H 1
| #define HAVE_SYS_SELECT_H 1
| #define HAVE_SYS_WAIT_H 1
| #define HAVE_SEMAPHORE_H 1
| #define HAVE_SYS_IOCTL_H 1
| #define HAVE_SYS_UN_H 1
| #define HAVE_SYS_UIO_H 1
| #define HAVE_LOCALE_H 1
| #define HAVE_ERRNO_H 1
| /* end confdefs.h.  */
| #include <stddef.h>
| #ifdef HAVE_STDIO_H
| # include <stdio.h>
| #endif
| #ifdef HAVE_STDLIB_H
| # include <stdlib.h>
| #endif
| #ifdef HAVE_STRING_H
| # include <string.h>
| #endif
| #ifdef HAVE_INTTYPES_H
| # include <inttypes.h>
| #endif
| #ifdef HAVE_STDINT_H
| # include <stdint.h>
| #endif
| #ifdef HAVE_STRINGS_H
| # include <strings.h>
| #endif
| #ifdef HAVE_SYS_TYPES_H
| # include <sys/types.h>
| #endif
| #ifdef HAVE_SYS_STAT_H
| # include <sys/stat.h>
| #endif
| #ifdef HAVE_UNISTD_H
| # include <unistd.h>
| #endif
| #include <mcheck.h>
configure:7774: result: no
configure:7805: checking whether it is safe to define __EXTENSIONS__
configure:7824: gcc -c -g -O2  conftest.c >&5
configure:7824: $? = 0
configure:7834: result: yes
configure:7837: checking whether _XOPEN_SOURCE should be defined
configure:7859: gcc -c -g -O2  conftest.c >&5
configure:7859: $? = 0
configure:7888: result: no
configure:7955: checking build system type
configure:7971: result: x86_64-pc-linux-musl
configure:7991: checking host system type
configure:8006: result: x86_64-pc-linux-musl
configure:8045: checking how to run the C preprocessor
configure:8071: gcc -E  conftest.c
configure:8071: $? = 0
configure:8087: gcc -E  conftest.c
conftest.c:71:10: fatal error: ac_nonexistent.h: No such file or directory
   71 | #include <ac_nonexistent.h>
      |          ^~~~~~~~~~~~~~~~~~
compilation terminated.
configure:8087: $? = 1
configure: failed program was:
| /* confdefs.h */
| #define PACKAGE_NAME "GNU sed"
| #define PACKAGE_TARNAME "sed"
| #define PACKAGE_VERSION "4.10"
| #define PACKAGE_STRING "GNU sed 4.10"
| #define PACKAGE_BUGREPORT "bug-sed@gnu.org"
| #define PACKAGE_URL "https://www.gnu.org/software/sed/"
| #define PACKAGE "sed"
| #define VERSION "4.10"
| #define HAVE_STDIO_H 1
| #define HAVE_STDLIB_H 1
| #define HAVE_STRING_H 1
| #define HAVE_INTTYPES_H 1
| #define HAVE_STDINT_H 1
| #define HAVE_STRINGS_H 1
| #define HAVE_SYS_STAT_H 1
| #define HAVE_SYS_TYPES_H 1
| #define HAVE_UNISTD_H 1
| #define HAVE_WCHAR_H 1
| #define HAVE_STDBOOL_H 1
| #define HAVE_UCHAR_H 1
| #define HAVE_SYS_PARAM_H 1
| #define HAVE_SYS_SOCKET_H 1
| #define HAVE_DIRENT_H 1
| #define HAVE_LINUX_XATTR_H 1
| #define HAVE_STDIO_EXT_H 1
| #define HAVE_GETOPT_H 1
| #define HAVE_THREADS_H 1
| #define HAVE_LIMITS_H 1
| #define HAVE_WCTYPE_H 1
| #define HAVE_LANGINFO_H 1
| #define HAVE_SYS_MMAN_H 1
| #define HAVE_PTHREAD_H 1
| #define HAVE_MALLOC_H 1
| #define HAVE_SYS_TIME_H 1
| #define HAVE_STDCKDINT_H 1
| #define HAVE_SYS_RANDOM_H 1
| #define HAVE_FEATURES_H 1
| #define HAVE_ARPA_INET_H 1
| #define HAVE_NETDB_H 1
| #define HAVE_NETINET_IN_H 1
| #define HAVE_MATH_H 1
| #define HAVE_SYS_SELECT_H 1
| #define HAVE_SYS_WAIT_H 1
| #define HAVE_SEMAPHORE_H 1
| #define HAVE_SYS_IOCTL_H 1
| #define HAVE_SYS_UN_H 1
| #define HAVE_SYS_UIO_H 1
| #define HAVE_LOCALE_H 1
| #define HAVE_ERRNO_H 1
| #define STDC_HEADERS 1
| #define _ALL_SOURCE 1
| #define _COSMO_SOURCE 1
| #define _DARWIN_C_SOURCE 1
| #define _GNU_SOURCE 1
| #define _HPUX_ALT_XOPEN_SOCKET_API 1
| #define _NETBSD_SOURCE 1
| #define _OPENBSD_SOURCE 1
| #define _POSIX_PTHREAD_SEMANTICS 1
| #define __STDC_WANT_IEC_60559_ATTRIBS_EXT__ 1
| #define __STDC_WANT_IEC_60559_BFP_EXT__ 1
| #define __STDC_WANT_IEC_60559_DFP_EXT__ 1
| #define __STDC_WANT_IEC_60559_EXT__ 1
| #define __STDC_WANT_IEC_60559_FUNCS_EXT__ 1
| #define __STDC_WANT_IEC_60559_TYPES_EXT__ 1
| #define __STDC_WANT_LIB_EXT2__ 1
| #define __STDC_WANT_MATH_SPEC_FUNCS__ 1
| #define _TANDEM_SOURCE 1
| #define __EXTENSIONS__ 1
| /* end confdefs.h.  */
| #include <ac_nonexistent.h>
configure:8116: result: gcc -E
configure:8130: gcc -E  conftest.c
configure:8130: $? = 0
configure:8146: gcc -E  conftest.c
conftest.c:71:10: fatal error: ac_nonexistent.h: No such file or directory
   71 | #include <ac_nonexistent.h>
      |          ^~~~~~~~~~~~~~~~~~
compilation terminated.
configure:8146: $? = 1
configure: failed program was:
| /* confdefs.h */
| #define PACKAGE_NAME "GNU sed"
| #define PACKAGE_TARNAME "sed"
| #define PACKAGE_VERSION "4.10"
| #define PACKAGE_STRING "GNU sed 4.10"
| #define PACKAGE_BUGREPORT "bug-sed@gnu.org"
| #define PACKAGE_URL "https://www.gnu.org/software/sed/"
| #define PACKAGE "sed"
| #define VERSION "4.10"
| #define HAVE_STDIO_H 1
| #define HAVE_STDLIB_H 1
| #define HAVE_STRING_H 1
| #define HAVE_INTTYPES_H 1
| #define HAVE_STDINT_H 1
| #define HAVE_STRINGS_H 1
| #define HAVE_SYS_STAT_H 1
| #define HAVE_SYS_TYPES_H 1
| #define HAVE_UNISTD_H 1
| #define HAVE_WCHAR_H 1
| #define HAVE_STDBOOL_H 1
| #define HAVE_UCHAR_H 1
| #define HAVE_SYS_PARAM_H 1
| #define HAVE_SYS_SOCKET_H 1
| #define HAVE_DIRENT_H 1
| #define HAVE_LINUX_XATTR_H 1
| #define HAVE_STDIO_EXT_H 1
| #define HAVE_GETOPT_H 1
| #define HAVE_THREADS_H 1
| #define HAVE_LIMITS_H 1
| #define HAVE_WCTYPE_H 1
| #define HAVE_LANGINFO_H 1
| #define HAVE_SYS_MMAN_H 1
| #define HAVE_PTHREAD_H 1
| #define HAVE_MALLOC_H 1
| #define HAVE_SYS_TIME_H 1
| #define HAVE_STDCKDINT_H 1
| #define HAVE_SYS_RANDOM_H 1
| #define HAVE_FEATURES_H 1
| #define HAVE_ARPA_INET_H 1
| #define HAVE_NETDB_H 1
| #define HAVE_NETINET_IN_H 1
| #define HAVE_MATH_H 1
| #define HAVE_SYS_SELECT_H 1
| #define HAVE_SYS_WAIT_H 1
| #define HAVE_SEMAPHORE_H 1
| #define HAVE_SYS_IOCTL_H 1
| #define HAVE_SYS_UN_H 1
| #define HAVE_SYS_UIO_H 1
| #define HAVE_LOCALE_H 1
| #define HAVE_ERRNO_H 1
| #define STDC_HEADERS 1
| #define _ALL_SOURCE 1
| #define _COSMO_SOURCE 1
| #define _DARWIN_C_SOURCE 1
| #define _GNU_SOURCE 1
| #define _HPUX_ALT_XOPEN_SOCKET_API 1
| #define _NETBSD_SOURCE 1
| #define _OPENBSD_SOURCE 1
| #define _POSIX_PTHREAD_SEMANTICS 1
| #define __STDC_WANT_IEC_60559_ATTRIBS_EXT__ 1
| #define __STDC_WANT_IEC_60559_BFP_EXT__ 1
| #define __STDC_WANT_IEC_60559_DFP_EXT__ 1
| #define __STDC_WANT_IEC_60559_EXT__ 1
| #define __STDC_WANT_IEC_60559_FUNCS_EXT__ 1
| #define __STDC_WANT_IEC_60559_TYPES_EXT__ 1
| #define __STDC_WANT_LIB_EXT2__ 1
| #define __STDC_WANT_MATH_SPEC_FUNCS__ 1
| #define _TANDEM_SOURCE 1
| #define __EXTENSIONS__ 1
| /* end confdefs.h.  */
| #include <ac_nonexistent.h>
configure:8179: checking for egrep -e
configure:8309: result: /bin/grep -E
configure:8316: checking for Minix Amsterdam compiler
configure:8344: result: no
configure:8407: checking for ar
configure:8428: found /usr/bin/ar
configure:8440: result: ar
configure:8521: checking for ranlib
configure:8542: found /usr/bin/ranlib
configure:8554: result: ranlib
configure:8623: checking for gcc option to support large files
configure:8658: gcc -c -g -O2  conftest.c >&5
configure:8658: $? = 0
configure:8664: gcc -c -g -O2  -DFTYPE=ino_t conftest.c >&5
configure:8664: $? = 0
configure:8701: result: none needed
configure:9511: checking for fchmod
configure:9511: gcc -o conftest -g -O2   conftest.c  >&5
configure:9511: $? = 0
configure:9511: result: yes
configure:9511: checking for btowc
configure:9511: gcc -o conftest -g -O2   conftest.c  >&5
configure:9511: $? = 0
configure:9511: result: yes
configure:9511: checking for mbrtowc
configure:9511: gcc -o conftest -g -O2   conftest.c  >&5
configure:9511: $? = 0
configure:9511: result: yes
configure:9511: checking for mbsinit
configure:9511: gcc -o conftest -g -O2   conftest.c  >&5
configure:9511: $? = 0
configure:9511: result: yes
configure:9511: checking for canonicalize_file_name
configure:9511: gcc -o conftest -g -O2   conftest.c  >&5
/usr/lib/gcc/x86_64-alpine-linux-musl/15.2.0/../../../../x86_64-alpine-linux-musl/bin/ld: /tmp/ccJOmjlF.o: in function `main':
/home/sonakrie/Work/testicular_linux/sed/conftest.c:104:(.text.startup+0x5): undefined reference to `canonicalize_file_name'
collect2: error: ld returned 1 exit status
configure:9511: $? = 1
configure: failed program was:
| /* confdefs.h */
| #define PACKAGE_NAME "GNU sed"
| #define PACKAGE_TARNAME "sed"
| #define PACKAGE_VERSION "4.10"
| #define PACKAGE_STRING "GNU sed 4.10"
| #define PACKAGE_BUGREPORT "bug-sed@gnu.org"
| #define PACKAGE_URL "https://www.gnu.org/software/sed/"
| #define PACKAGE "sed"
| #define VERSION "4.10"
| #define HAVE_STDIO_H 1
| #define HAVE_STDLIB_H 1
| #define HAVE_STRING_H 1
| #define HAVE_INTTYPES_H 1
| #define HAVE_STDINT_H 1
| #define HAVE_STRINGS_H 1
| #define HAVE_SYS_STAT_H 1
| #define HAVE_SYS_TYPES_H 1
| #define HAVE_UNISTD_H 1
| #define HAVE_WCHAR_H 1
| #define HAVE_STDBOOL_H 1
| #define HAVE_UCHAR_H 1
| #define HAVE_SYS_PARAM_H 1
| #define HAVE_SYS_SOCKET_H 1
| #define HAVE_DIRENT_H 1
| #define HAVE_LINUX_XATTR_H 1
| #define HAVE_STDIO_EXT_H 1
| #define HAVE_GETOPT_H 1
| #define HAVE_THREADS_H 1
| #define HAVE_LIMITS_H 1
| #define HAVE_WCTYPE_H 1
| #define HAVE_LANGINFO_H 1
| #define HAVE_SYS_MMAN_H 1
| #define HAVE_PTHREAD_H 1
| #define HAVE_MALLOC_H 1
| #define HAVE_SYS_TIME_H 1
| #define HAVE_STDCKDINT_H 1
| #define HAVE_SYS_RANDOM_H 1
| #define HAVE_FEATURES_H 1
| #define HAVE_ARPA_INET_H 1
| #define HAVE_NETDB_H 1
| #define HAVE_NETINET_IN_H 1
| #define HAVE_MATH_H 1
| #define HAVE_SYS_SELECT_H 1
| #define HAVE_SYS_WAIT_H 1
| #define HAVE_SEMAPHORE_H 1
| #define HAVE_SYS_IOCTL_H 1
| #define HAVE_SYS_UN_H 1
| #define HAVE_SYS_UIO_H 1
| #define HAVE_LOCALE_H 1
| #define HAVE_ERRNO_H 1
| #define STDC_HEADERS 1
| #define _ALL_SOURCE 1
| #define _COSMO_SOURCE 1
| #define _DARWIN_C_SOURCE 1
| #define _GNU_SOURCE 1
| #define _HPUX_ALT_XOPEN_SOCKET_API 1
| #define _NETBSD_SOURCE 1
| #define _OPENBSD_SOURCE 1
| #define _POSIX_PTHREAD_SEMANTICS 1
| #define __STDC_WANT_IEC_60559_ATTRIBS_EXT__ 1
| #define __STDC_WANT_IEC_60559_BFP_EXT__ 1
| #define __STDC_WANT_IEC_60559_DFP_EXT__ 1
| #define __STDC_WANT_IEC_60559_EXT__ 1
| #define __STDC_WANT_IEC_60559_FUNCS_EXT__ 1
| #define __STDC_WANT_IEC_60559_TYPES_EXT__ 1
| #define __STDC_WANT_LIB_EXT2__ 1
| #define __STDC_WANT_MATH_SPEC_FUNCS__ 1
| #define _TANDEM_SOURCE 1
| #define __EXTENSIONS__ 1
| #define _LINUX_SOURCE_COMPAT 1
| #define __USE_MINGW_ANSI_STDIO 1
| #define HAVE_FCHMOD 1
| #define HAVE_BTOWC 1
| #define HAVE_MBRTOWC 1
| #define HAVE_MBSINIT 1
| /* end confdefs.h.  */
| /* Define canonicalize_file_name to an innocuous variant, in case <limits.h> declares canonicalize_file_name.
|    For example, HP-UX 11i <limits.h> declares gettimeofday.  */
| #define canonicalize_file_name innocuous_canonicalize_file_name
| 
| /* System header to define __stub macros and hopefully few prototypes,
|    which can conflict with char canonicalize_file_name (void); below.  */
| 
| #include <limits.h>
| #undef canonicalize_file_name
| 
| /* Override any GCC internal prototype to avoid an error.
|    Use char because int might match the return type of a GCC
|    builtin and then its argument prototype would still apply.  */
| #ifdef __cplusplus
| extern "C"
| #endif
| char canonicalize_file_name (void);
| /* The GNU C library defines this for functions which it implements
|     to always fail with ENOSYS.  Some functions are actually named
|     something starting with __ and the normal name is an alias.  */
| #if defined __stub_canonicalize_file_name || defined __stub___canonicalize_file_name
| choke me
| #endif
| 
| int
| main (void)
| {
| return canonicalize_file_name ();
|   ;
|   return 0;
| }
configure:9511: result: no
configure:9511: checking for realpath
configure:9511: gcc -o conftest -g -O2   conftest.c  >&5
configure:9511: $? = 0
configure:9511: result: yes
configure:9511: checking for lstat
configure:9511: gcc -o conftest -g -O2   conftest.c  >&5
configure:9511: $? = 0
configure:9511: result: yes
configure:9511: checking for _set_invalid_parameter_handler
configure:9511: gcc -o conftest -g -O2   conftest.c  >&5
/usr/lib/gcc/x86_64-alpine-linux-musl/15.2.0/../../../../x86_64-alpine-linux-musl/bin/ld: /tmp/ccFhOkdI.o: in function `main':
/home/sonakrie/Work/testicular_linux/sed/conftest.c:106:(.text.startup+0x5): undefined reference to `_set_invalid_parameter_handler'
collect2: error: ld returned 1 exit status
configure:9511: $? = 1
configure: failed program was:
| /* confdefs.h */
| #define PACKAGE_NAME "GNU sed"
| #define PACKAGE_TARNAME "sed"
| #define PACKAGE_VERSION "4.10"
| #define PACKAGE_STRING "GNU sed 4.10"
| #define PACKAGE_BUGREPORT "bug-sed@gnu.org"
| #define PACKAGE_URL "https://www.gnu.org/software/sed/"
| #define PACKAGE "sed"
| #define VERSION "4.10"
| #define HAVE_STDIO_H 1
| #define HAVE_STDLIB_H 1
| #define HAVE_STRING_H 1
| #define HAVE_INTTYPES_H 1
| #define HAVE_STDINT_H 1
| #define HAVE_STRINGS_H 1
| #define HAVE_SYS_STAT_H 1
| #define HAVE_SYS_TYPES_H 1
| #define HAVE_UNISTD_H 1
| #define HAVE_WCHAR_H 1
| #define HAVE_STDBOOL_H 1
| #define HAVE_UCHAR_H 1
| #define HAVE_SYS_PARAM_H 1
| #define HAVE_SYS_SOCKET_H 1
| #define HAVE_DIRENT_H 1
| #define HAVE_LINUX_XATTR_H 1
| #define HAVE_STDIO_EXT_H 1
| #define HAVE_GETOPT_H 1
| #define HAVE_THREADS_H 1
| #define HAVE_LIMITS_H 1
| #define HAVE_WCTYPE_H 1
| #define HAVE_LANGINFO_H 1
| #define HAVE_SYS_MMAN_H 1
| #define HAVE_PTHREAD_H 1
| #define HAVE_MALLOC_H 1
| #define HAVE_SYS_TIME_H 1
| #define HAVE_STDCKDINT_H 1
| #define HAVE_SYS_RANDOM_H 1
| #define HAVE_FEATURES_H 1
| #define HAVE_ARPA_INET_H 1
| #define HAVE_NETDB_H 1
| #define HAVE_NETINET_IN_H 1
| #define HAVE_MATH_H 1
| #define HAVE_SYS_SELECT_H 1
| #define HAVE_SYS_WAIT_H 1
| #define HAVE_SEMAPHORE_H 1
| #define HAVE_SYS_IOCTL_H 1
| #define HAVE_SYS_UN_H 1
| #define HAVE_SYS_UIO_H 1
| #define HAVE_LOCALE_H 1
| #define HAVE_ERRNO_H 1
| #define STDC_HEADERS 1
| #define _ALL_SOURCE 1
| #define _COSMO_SOURCE 1
| #define _DARWIN_C_SOURCE 1
| #define _GNU_SOURCE 1
| #define _HPUX_ALT_XOPEN_SOCKET_API 1
| #define _NETBSD_SOURCE 1
| #define _OPENBSD_SOURCE 1
| #define _POSIX_PTHREAD_SEMANTICS 1
| #define __STDC_WANT_IEC_60559_ATTRIBS_EXT__ 1
| #define __STDC_WANT_IEC_60559_BFP_EXT__ 1
| #define __STDC_WANT_IEC_60559_DFP_EXT__ 1
| #define __STDC_WANT_IEC_60559_EXT__ 1
| #define __STDC_WANT_IEC_60559_FUNCS_EXT__ 1
| #define __STDC_WANT_IEC_60559_TYPES_EXT__ 1
| #define __STDC_WANT_LIB_EXT2__ 1
| #define __STDC_WANT_MATH_SPEC_FUNCS__ 1
| #define _TANDEM_SOURCE 1
| #define __EXTENSIONS__ 1
| #define _LINUX_SOURCE_COMPAT 1
| #define __USE_MINGW_ANSI_STDIO 1
| #define HAVE_FCHMOD 1
| #define HAVE_BTOWC 1
| #define HAVE_MBRTOWC 1
| #define HAVE_MBSINIT 1
| #define HAVE_REALPATH 1
| #define HAVE_LSTAT 1
| /* end confdefs.h.  */
| /* Define _set_invalid_parameter_handler to an innocuous variant, in case <limits.h> declares _set_invalid_parameter_handler.
|    For example, HP-UX 11i <limits.h> declares gettimeofday.  */
| #define _set_invalid_parameter_handler innocuous__set_invalid_parameter_handler
| 
| /* System header to define __stub macros and hopefully few prototypes,
|    which can conflict with char _set_invalid_parameter_handler (void); below.  */
| 
| #include <limits.h>
| #undef _set_invalid_parameter_handler
| 
| /* Override any GCC internal prototype to avoid an error.
|    Use char because int might match the return type of a GCC
|    builtin and then its argument prototype would still apply.  */
| #ifdef __cplusplus
| extern "C"
| #endif
| char _set_invalid_parameter_handler (void);
| /* The GNU C library defines this for functions which it implements
|     to always fail with ENOSYS.  Some functions are actually named
|     something starting with __ and the normal name is an alias.  */
| #if defined __stub__set_invalid_parameter_handler || defined __stub____set_invalid_parameter_handler
| choke me
| #endif
| 
| int
| main (void)
| {
| return _set_invalid_parameter_handler ();
|   ;
|   return 0;
| }
configure:9511: result: no
configure:9511: checking for fcntl
configure:9511: gcc -o conftest -g -O2   conftest.c  >&5
configure:9511: $? = 0
configure:9511: result: yes
configure:9511: checking for symlink
configure:9511: gcc -o conftest -g -O2   conftest.c  >&5
configure:9511: $? = 0
configure:9511: result: yes
configure:9511: checking for listxattr
configure:9511: gcc -o conftest -g -O2   conftest.c  >&5
configure:9511: $? = 0
configure:9511: result: yes
configure:9511: checking for getdtablesize
configure:9511: gcc -o conftest -g -O2   conftest.c  >&5
configure:9511: $? = 0
configure:9511: result: yes
configure:9511: checking for getexecname
configure:9511: gcc -o conftest -g -O2   conftest.c  >&5
/usr/lib/gcc/x86_64-alpine-linux-musl/15.2.0/../../../../x86_64-alpine-linux-musl/bin/ld: /tmp/ccDLIFGN.o: in function `main':
/home/sonakrie/Work/testicular_linux/sed/conftest.c:110:(.text.startup+0x5): undefined reference to `getexecname'
collect2: error: ld returned 1 exit status
configure:9511: $? = 1
configure: failed program was:
| /* confdefs.h */
| #define PACKAGE_NAME "GNU sed"
| #define PACKAGE_TARNAME "sed"
| #define PACKAGE_VERSION "4.10"
| #define PACKAGE_STRING "GNU sed 4.10"
| #define PACKAGE_BUGREPORT "bug-sed@gnu.org"
| #define PACKAGE_URL "https://www.gnu.org/software/sed/"
| #define PACKAGE "sed"
| #define VERSION "4.10"
| #define HAVE_STDIO_H 1
| #define HAVE_STDLIB_H 1
| #define HAVE_STRING_H 1
| #define HAVE_INTTYPES_H 1
| #define HAVE_STDINT_H 1
| #define HAVE_STRINGS_H 1
| #define HAVE_SYS_STAT_H 1
| #define HAVE_SYS_TYPES_H 1
| #define HAVE_UNISTD_H 1
| #define HAVE_WCHAR_H 1
| #define HAVE_STDBOOL_H 1
| #define HAVE_UCHAR_H 1
| #define HAVE_SYS_PARAM_H 1
| #define HAVE_SYS_SOCKET_H 1
| #define HAVE_DIRENT_H 1
| #define HAVE_LINUX_XATTR_H 1
| #define HAVE_STDIO_EXT_H 1
| #define HAVE_GETOPT_H 1
| #define HAVE_THREADS_H 1
| #define HAVE_LIMITS_H 1
| #define HAVE_WCTYPE_H 1
| #define HAVE_LANGINFO_H 1
| #define HAVE_SYS_MMAN_H 1
| #define HAVE_PTHREAD_H 1
| #define HAVE_MALLOC_H 1
| #define HAVE_SYS_TIME_H 1
| #define HAVE_STDCKDINT_H 1
| #define HAVE_SYS_RANDOM_H 1
| #define HAVE_FEATURES_H 1
| #define HAVE_ARPA_INET_H 1
| #define HAVE_NETDB_H 1
| #define HAVE_NETINET_IN_H 1
| #define HAVE_MATH_H 1
| #define HAVE_SYS_SELECT_H 1
| #define HAVE_SYS_WAIT_H 1
| #define HAVE_SEMAPHORE_H 1
| #define HAVE_SYS_IOCTL_H 1
| #define HAVE_SYS_UN_H 1
| #define HAVE_SYS_UIO_H 1
| #define HAVE_LOCALE_H 1
| #define HAVE_ERRNO_H 1
| #define STDC_HEADERS 1
| #define _ALL_SOURCE 1
| #define _COSMO_SOURCE 1
| #define _DARWIN_C_SOURCE 1
| #define _GNU_SOURCE 1
| #define _HPUX_ALT_XOPEN_SOCKET_API 1
| #define _NETBSD_SOURCE 1
| #define _OPENBSD_SOURCE 1
| #define _POSIX_PTHREAD_SEMANTICS 1
| #define __STDC_WANT_IEC_60559_ATTRIBS_EXT__ 1
| #define __STDC_WANT_IEC_60559_BFP_EXT__ 1
| #define __STDC_WANT_IEC_60559_DFP_EXT__ 1
| #define __STDC_WANT_IEC_60559_EXT__ 1
| #define __STDC_WANT_IEC_60559_FUNCS_EXT__ 1
| #define __STDC_WANT_IEC_60559_TYPES_EXT__ 1
| #define __STDC_WANT_LIB_EXT2__ 1
| #define __STDC_WANT_MATH_SPEC_FUNCS__ 1
| #define _TANDEM_SOURCE 1
| #define __EXTENSIONS__ 1
| #define _LINUX_SOURCE_COMPAT 1
| #define __USE_MINGW_ANSI_STDIO 1
| #define HAVE_FCHMOD 1
| #define HAVE_BTOWC 1
| #define HAVE_MBRTOWC 1
| #define HAVE_MBSINIT 1
| #define HAVE_REALPATH 1
| #define HAVE_LSTAT 1
| #define HAVE_FCNTL 1
| #define HAVE_SYMLINK 1
| #define HAVE_LISTXATTR 1
| #define HAVE_GETDTABLESIZE 1
| /* end confdefs.h.  */
| /* Define getexecname to an innocuous variant, in case <limits.h> declares getexecname.
|    For example, HP-UX 11i <limits.h> declares gettimeofday.  */
| #define getexecname innocuous_getexecname
| 
| /* System header to define __stub macros and hopefully few prototypes,
|    which can conflict with char getexecname (void); below.  */
| 
| #include <limits.h>
| #undef getexecname
| 
| /* Override any GCC internal prototype to avoid an error.
|    Use char because int might match the return type of a GCC
|    builtin and then its argument prototype would still apply.  */
| #ifdef __cplusplus
| extern "C"
| #endif
| char getexecname (void);
| /* The GNU C library defines this for functions which it implements
|     to always fail with ENOSYS.  Some functions are actually named
|     something starting with __ and the normal name is an alias.  */
| #if defined __stub_getexecname || defined __stub___getexecname
| choke me
| #endif
| 
| int
| main (void)
| {
| return getexecname ();
|   ;
|   return 0;
| }
configure:9511: result: no
configure:9511: checking for iswcntrl
configure:9511: gcc -o conftest -g -O2   conftest.c  >&5
conftest.c:99:6: warning: conflicting types for built-in function 'iswcntrl'; expected 'int(unsigned int)' [-Wbuiltin-declaration-mismatch]
   99 | char iswcntrl (void);
      |      ^~~~~~~~
conftest.c:91:1: note: 'iswcntrl' is declared in header '<wctype.h>'
   90 | #include <limits.h>
   91 | #undef iswcntrl
configure:9511: $? = 0
configure:9511: result: yes
configure:9511: checking for mprotect
configure:9511: gcc -o conftest -g -O2   conftest.c  >&5
configure:9511: $? = 0
configure:9511: result: yes
configure:9511: checking for readlink
configure:9511: gcc -o conftest -g -O2   conftest.c  >&5
configure:9511: $? = 0
configure:9511: result: yes
configure:9511: checking for isblank
configure:9511: gcc -o conftest -g -O2   conftest.c  >&5
conftest.c:102:6: warning: conflicting types for built-in function 'isblank'; expected 'int(int)' [-Wbuiltin-declaration-mismatch]
  102 | char isblank (void);
      |      ^~~~~~~
conftest.c:94:1: note: 'isblank' is declared in header '<ctype.h>'
   93 | #include <limits.h>
   94 | #undef isblank
configure:9511: $? = 0
configure:9511: result: yes
configure:9511: checking for iswctype
configure:9511: gcc -o conftest -g -O2   conftest.c  >&5
configure:9511: $? = 0
configure:9511: result: yes
configure:9511: checking for link
configure:9511: gcc -o conftest -g -O2   conftest.c  >&5
configure:9511: $? = 0
configure:9511: result: yes
configure:9511: checking for vasprintf
configure:9511: gcc -o conftest -g -O2   conftest.c  >&5
configure:9511: $? = 0
configure:9511: result: yes
configure:9511: checking for __xpg_strerror_r
configure:9511: gcc -o conftest -g -O2   conftest.c  >&5
configure:9511: $? = 0
configure:9511: result: yes
configure:9511: checking for strtoimax
configure:9511: gcc -o conftest -g -O2   conftest.c  >&5
configure:9511: $? = 0
configure:9511: result: yes
configure:9511: checking for wcrtomb
configure:9511: gcc -o conftest -g -O2   conftest.c  >&5
configure:9511: $? = 0
configure:9511: result: yes
configure:9511: checking for wctob
configure:9511: gcc -o conftest -g -O2   conftest.c  >&5
configure:9511: $? = 0
configure:9511: result: yes
configure:9511: checking for fpurge
configure:9511: gcc -o conftest -g -O2   conftest.c  >&5
configure:9511: $? = 0
configure:9511: result: yes
configure:9511: checking for getlocalename_l
configure:9511: gcc -o conftest -g -O2   conftest.c  >&5
/usr/lib/gcc/x86_64-alpine-linux-musl/15.2.0/../../../../x86_64-alpine-linux-musl/bin/ld: /tmp/ccjoLKBj.o: in function `main':
/home/sonakrie/Work/testicular_linux/sed/conftest.c:122:(.text.startup+0x5): undefined reference to `getlocalename_l'
collect2: error: ld returned 1 exit status
configure:9511: $? = 1
configure: failed program was:
| /* confdefs.h */
| #define PACKAGE_NAME "GNU sed"
| #define PACKAGE_TARNAME "sed"
| #define PACKAGE_VERSION "4.10"
| #define PACKAGE_STRING "GNU sed 4.10"
| #define PACKAGE_BUGREPORT "bug-sed@gnu.org"
| #define PACKAGE_URL "https://www.gnu.org/software/sed/"
| #define PACKAGE "sed"
| #define VERSION "4.10"
| #define HAVE_STDIO_H 1
| #define HAVE_STDLIB_H 1
| #define HAVE_STRING_H 1
| #define HAVE_INTTYPES_H 1
| #define HAVE_STDINT_H 1
| #define HAVE_STRINGS_H 1
| #define HAVE_SYS_STAT_H 1
| #define HAVE_SYS_TYPES_H 1
| #define HAVE_UNISTD_H 1
| #define HAVE_WCHAR_H 1
| #define HAVE_STDBOOL_H 1
| #define HAVE_UCHAR_H 1
| #define HAVE_SYS_PARAM_H 1
| #define HAVE_SYS_SOCKET_H 1
| #define HAVE_DIRENT_H 1
| #define HAVE_LINUX_XATTR_H 1
| #define HAVE_STDIO_EXT_H 1
| #define HAVE_GETOPT_H 1
| #define HAVE_THREADS_H 1
| #define HAVE_LIMITS_H 1
| #define HAVE_WCTYPE_H 1
| #define HAVE_LANGINFO_H 1
| #define HAVE_SYS_MMAN_H 1
| #define HAVE_PTHREAD_H 1
| #define HAVE_MALLOC_H 1
| #define HAVE_SYS_TIME_H 1
| #define HAVE_STDCKDINT_H 1
| #define HAVE_SYS_RANDOM_H 1
| #define HAVE_FEATURES_H 1
| #define HAVE_ARPA_INET_H 1
| #define HAVE_NETDB_H 1
| #define HAVE_NETINET_IN_H 1
| #define HAVE_MATH_H 1
| #define HAVE_SYS_SELECT_H 1
| #define HAVE_SYS_WAIT_H 1
| #define HAVE_SEMAPHORE_H 1
| #define HAVE_SYS_IOCTL_H 1
| #define HAVE_SYS_UN_H 1
| #define HAVE_SYS_UIO_H 1
| #define HAVE_LOCALE_H 1
| #define HAVE_ERRNO_H 1
| #define STDC_HEADERS 1
| #define _ALL_SOURCE 1
| #define _COSMO_SOURCE 1
| #define _DARWIN_C_SOURCE 1
| #define _GNU_SOURCE 1
| #define _HPUX_ALT_XOPEN_SOCKET_API 1
| #define _NETBSD_SOURCE 1
| #define _OPENBSD_SOURCE 1
| #define _POSIX_PTHREAD_SEMANTICS 1
| #define __STDC_WANT_IEC_60559_ATTRIBS_EXT__ 1
| #define __STDC_WANT_IEC_60559_BFP_EXT__ 1
| #define __STDC_WANT_IEC_60559_DFP_EXT__ 1
| #define __STDC_WANT_IEC_60559_EXT__ 1
| #define __STDC_WANT_IEC_60559_FUNCS_EXT__ 1
| #define __STDC_WANT_IEC_60559_TYPES_EXT__ 1
| #define __STDC_WANT_LIB_EXT2__ 1
| #define __STDC_WANT_MATH_SPEC_FUNCS__ 1
| #define _TANDEM_SOURCE 1
| #define __EXTENSIONS__ 1
| #define _LINUX_SOURCE_COMPAT 1
| #define __USE_MINGW_ANSI_STDIO 1
| #define HAVE_FCHMOD 1
| #define HAVE_BTOWC 1
| #define HAVE_MBRTOWC 1
| #define HAVE_MBSINIT 1
| #define HAVE_REALPATH 1
| #define HAVE_LSTAT 1
| #define HAVE_FCNTL 1
| #define HAVE_SYMLINK 1
| #define HAVE_LISTXATTR 1
| #define HAVE_GETDTABLESIZE 1
| #define HAVE_ISWCNTRL 1
| #define HAVE_MPROTECT 1
| #define HAVE_READLINK 1
| #define HAVE_ISBLANK 1
| #define HAVE_ISWCTYPE 1
| #define HAVE_LINK 1
| #define HAVE_VASPRINTF 1
| #define HAVE___XPG_STRERROR_R 1
| #define HAVE_STRTOIMAX 1
| #define HAVE_WCRTOMB 1
| #define HAVE_WCTOB 1
| #define HAVE_FPURGE 1
| /* end confdefs.h.  */
| /* Define getlocalename_l to an innocuous variant, in case <limits.h> declares getlocalename_l.
|    For example, HP-UX 11i <limits.h> declares gettimeofday.  */
| #define getlocalename_l innocuous_getlocalename_l
| 
| /* System header to define __stub macros and hopefully few prototypes,
|    which can conflict with char getlocalename_l (void); below.  */
| 
| #include <limits.h>
| #undef getlocalename_l
| 
| /* Override any GCC internal prototype to avoid an error.
|    Use char because int might match the return type of a GCC
|    builtin and then its argument prototype would still apply.  */
| #ifdef __cplusplus
| extern "C"
| #endif
| char getlocalename_l (void);
| /* The GNU C library defines this for functions which it implements
|     to always fail with ENOSYS.  Some functions are actually named
|     something starting with __ and the normal name is an alias.  */
| #if defined __stub_getlocalename_l || defined __stub___getlocalename_l
| choke me
| #endif
| 
| int
| main (void)
| {
| return getlocalename_l ();
|   ;
|   return 0;
| }
configure:9511: result: no
configure:9511: checking for gettimeofday
configure:9511: gcc -o conftest -g -O2   conftest.c  >&5
configure:9511: $? = 0
configure:9511: result: yes
configure:9511: checking for memset_s
configure:9511: gcc -o conftest -g -O2   conftest.c  >&5
/usr/lib/gcc/x86_64-alpine-linux-musl/15.2.0/../../../../x86_64-alpine-linux-musl/bin/ld: /tmp/cclcjlnk.o: in function `main':
/home/sonakrie/Work/testicular_linux/sed/conftest.c:123:(.text.startup+0x5): undefined reference to `memset_s'
collect2: error: ld returned 1 exit status
configure:9511: $? = 1
configure: failed program was:
| /* confdefs.h */
| #define PACKAGE_NAME "GNU sed"
| #define PACKAGE_TARNAME "sed"
| #define PACKAGE_VERSION "4.10"
| #define PACKAGE_STRING "GNU sed 4.10"
| #define PACKAGE_BUGREPORT "bug-sed@gnu.org"
| #define PACKAGE_URL "https://www.gnu.org/software/sed/"
| #define PACKAGE "sed"
| #define VERSION "4.10"
| #define HAVE_STDIO_H 1
| #define HAVE_STDLIB_H 1
| #define HAVE_STRING_H 1
| #define HAVE_INTTYPES_H 1
| #define HAVE_STDINT_H 1
| #define HAVE_STRINGS_H 1
| #define HAVE_SYS_STAT_H 1
| #define HAVE_SYS_TYPES_H 1
| #define HAVE_UNISTD_H 1
| #define HAVE_WCHAR_H 1
| #define HAVE_STDBOOL_H 1
| #define HAVE_UCHAR_H 1
| #define HAVE_SYS_PARAM_H 1
| #define HAVE_SYS_SOCKET_H 1
| #define HAVE_DIRENT_H 1
| #define HAVE_LINUX_XATTR_H 1
| #define HAVE_STDIO_EXT_H 1
| #define HAVE_GETOPT_H 1
| #define HAVE_THREADS_H 1
| #define HAVE_LIMITS_H 1
| #define HAVE_WCTYPE_H 1
| #define HAVE_LANGINFO_H 1
| #define HAVE_SYS_MMAN_H 1
| #define HAVE_PTHREAD_H 1
| #define HAVE_MALLOC_H 1
| #define HAVE_SYS_TIME_H 1
| #define HAVE_STDCKDINT_H 1
| #define HAVE_SYS_RANDOM_H 1
| #define HAVE_FEATURES_H 1
| #define HAVE_ARPA_INET_H 1
| #define HAVE_NETDB_H 1
| #define HAVE_NETINET_IN_H 1
| #define HAVE_MATH_H 1
| #define HAVE_SYS_SELECT_H 1
| #define HAVE_SYS_WAIT_H 1
| #define HAVE_SEMAPHORE_H 1
| #define HAVE_SYS_IOCTL_H 1
| #define HAVE_SYS_UN_H 1
| #define HAVE_SYS_UIO_H 1
| #define HAVE_LOCALE_H 1
| #define HAVE_ERRNO_H 1
| #define STDC_HEADERS 1
| #define _ALL_SOURCE 1
| #define _COSMO_SOURCE 1
| #define _DARWIN_C_SOURCE 1
| #define _GNU_SOURCE 1
| #define _HPUX_ALT_XOPEN_SOCKET_API 1
| #define _NETBSD_SOURCE 1
| #define _OPENBSD_SOURCE 1
| #define _POSIX_PTHREAD_SEMANTICS 1
| #define __STDC_WANT_IEC_60559_ATTRIBS_EXT__ 1
| #define __STDC_WANT_IEC_60559_BFP_EXT__ 1
| #define __STDC_WANT_IEC_60559_DFP_EXT__ 1
| #define __STDC_WANT_IEC_60559_EXT__ 1
| #define __STDC_WANT_IEC_60559_FUNCS_EXT__ 1
| #define __STDC_WANT_IEC_60559_TYPES_EXT__ 1
| #define __STDC_WANT_LIB_EXT2__ 1
| #define __STDC_WANT_MATH_SPEC_FUNCS__ 1
| #define _TANDEM_SOURCE 1
| #define __EXTENSIONS__ 1
| #define _LINUX_SOURCE_COMPAT 1
| #define __USE_MINGW_ANSI_STDIO 1
| #define HAVE_FCHMOD 1
| #define HAVE_BTOWC 1
| #define HAVE_MBRTOWC 1
| #define HAVE_MBSINIT 1
| #define HAVE_REALPATH 1
| #define HAVE_LSTAT 1
| #define HAVE_FCNTL 1
| #define HAVE_SYMLINK 1
| #define HAVE_LISTXATTR 1
| #define HAVE_GETDTABLESIZE 1
| #define HAVE_ISWCNTRL 1
| #define HAVE_MPROTECT 1
| #define HAVE_READLINK 1
| #define HAVE_ISBLANK 1
| #define HAVE_ISWCTYPE 1
| #define HAVE_LINK 1
| #define HAVE_VASPRINTF 1
| #define HAVE___XPG_STRERROR_R 1
| #define HAVE_STRTOIMAX 1
| #define HAVE_WCRTOMB 1
| #define HAVE_WCTOB 1
| #define HAVE_FPURGE 1
| #define HAVE_GETTIMEOFDAY 1
| /* end confdefs.h.  */
| /* Define memset_s to an innocuous variant, in case <limits.h> declares memset_s.
|    For example, HP-UX 11i <limits.h> declares gettimeofday.  */
| #define memset_s innocuous_memset_s
| 
| /* System header to define __stub macros and hopefully few prototypes,
|    which can conflict with char memset_s (void); below.  */
| 
| #include <limits.h>
| #undef memset_s
| 
| /* Override any GCC internal prototype to avoid an error.
|    Use char because int might match the return type of a GCC
|    builtin and then its argument prototype would still apply.  */
| #ifdef __cplusplus
| extern "C"
| #endif
| char memset_s (void);
| /* The GNU C library defines this for functions which it implements
|     to always fail with ENOSYS.  Some functions are actually named
|     something starting with __ and the normal name is an alias.  */
| #if defined __stub_memset_s || defined __stub___memset_s
| choke me
| #endif
| 
| int
| main (void)
| {
| return memset_s ();
|   ;
|   return 0;
| }
configure:9511: result: no
configure:9511: checking for pipe
configure:9511: gcc -o conftest -g -O2   conftest.c  >&5
configure:9511: $? = 0
configure:9511: result: yes
configure:9511: checking for pselect
configure:9511: gcc -o conftest -g -O2   conftest.c  >&5
configure:9511: $? = 0
configure:9511: result: yes
configure:9511: checking for pthread_sigmask
configure:9511: gcc -o conftest -g -O2   conftest.c  >&5
configure:9511: $? = 0
configure:9511: result: yes
configure:9511: checking for sigprocmask
configure:9511: gcc -o conftest -g -O2   conftest.c  >&5
configure:9511: $? = 0
configure:9511: result: yes
configure:9511: checking for setenv
configure:9511: gcc -o conftest -g -O2   conftest.c  >&5
configure:9511: $? = 0
configure:9511: result: yes
configure:9511: checking for sleep
configure:9511: gcc -o conftest -g -O2   conftest.c  >&5
configure:9511: $? = 0
configure:9511: result: yes
configure:9511: checking for snprintf
configure:9511: gcc -o conftest -g -O2   conftest.c  >&5
conftest.c:118:6: warning: conflicting types for built-in function 'snprintf'; expected 'int(char *, long unsigned int,  const char *, ...)' [-Wbuiltin-declaration-mismatch]
  118 | char snprintf (void);
      |      ^~~~~~~~
conftest.c:110:1: note: 'snprintf' is declared in header '<stdio.h>'
  109 | #include <limits.h>
  110 | #undef snprintf
configure:9511: $? = 0
configure:9511: result: yes
configure:9511: checking for shutdown
configure:9511: gcc -o conftest -g -O2   conftest.c  >&5
configure:9511: $? = 0
configure:9511: result: yes
configure:9511: checking for mquery
configure:9511: gcc -o conftest -g -O2   conftest.c  >&5
/usr/lib/gcc/x86_64-alpine-linux-musl/15.2.0/../../../../x86_64-alpine-linux-musl/bin/ld: /tmp/ccKIKKLF.o: in function `main':
/home/sonakrie/Work/testicular_linux/sed/conftest.c:131:(.text.startup+0x5): undefined reference to `mquery'
collect2: error: ld returned 1 exit status
configure:9511: $? = 1
configure: failed program was:
| /* confdefs.h */
| #define PACKAGE_NAME "GNU sed"
| #define PACKAGE_TARNAME "sed"
| #define PACKAGE_VERSION "4.10"
| #define PACKAGE_STRING "GNU sed 4.10"
| #define PACKAGE_BUGREPORT "bug-sed@gnu.org"
| #define PACKAGE_URL "https://www.gnu.org/software/sed/"
| #define PACKAGE "sed"
| #define VERSION "4.10"
| #define HAVE_STDIO_H 1
| #define HAVE_STDLIB_H 1
| #define HAVE_STRING_H 1
| #define HAVE_INTTYPES_H 1
| #define HAVE_STDINT_H 1
| #define HAVE_STRINGS_H 1
| #define HAVE_SYS_STAT_H 1
| #define HAVE_SYS_TYPES_H 1
| #define HAVE_UNISTD_H 1
| #define HAVE_WCHAR_H 1
| #define HAVE_STDBOOL_H 1
| #define HAVE_UCHAR_H 1
| #define HAVE_SYS_PARAM_H 1
| #define HAVE_SYS_SOCKET_H 1
| #define HAVE_DIRENT_H 1
| #define HAVE_LINUX_XATTR_H 1
| #define HAVE_STDIO_EXT_H 1
| #define HAVE_GETOPT_H 1
| #define HAVE_THREADS_H 1
| #define HAVE_LIMITS_H 1
| #define HAVE_WCTYPE_H 1
| #define HAVE_LANGINFO_H 1
| #define HAVE_SYS_MMAN_H 1
| #define HAVE_PTHREAD_H 1
| #define HAVE_MALLOC_H 1
| #define HAVE_SYS_TIME_H 1
| #define HAVE_STDCKDINT_H 1
| #define HAVE_SYS_RANDOM_H 1
| #define HAVE_FEATURES_H 1
| #define HAVE_ARPA_INET_H 1
| #define HAVE_NETDB_H 1
| #define HAVE_NETINET_IN_H 1
| #define HAVE_MATH_H 1
| #define HAVE_SYS_SELECT_H 1
| #define HAVE_SYS_WAIT_H 1
| #define HAVE_SEMAPHORE_H 1
| #define HAVE_SYS_IOCTL_H 1
| #define HAVE_SYS_UN_H 1
| #define HAVE_SYS_UIO_H 1
| #define HAVE_LOCALE_H 1
| #define HAVE_ERRNO_H 1
| #define STDC_HEADERS 1
| #define _ALL_SOURCE 1
| #define _COSMO_SOURCE 1
| #define _DARWIN_C_SOURCE 1
| #define _GNU_SOURCE 1
| #define _HPUX_ALT_XOPEN_SOCKET_API 1
| #define _NETBSD_SOURCE 1
| #define _OPENBSD_SOURCE 1
| #define _POSIX_PTHREAD_SEMANTICS 1
| #define __STDC_WANT_IEC_60559_ATTRIBS_EXT__ 1
| #define __STDC_WANT_IEC_60559_BFP_EXT__ 1
| #define __STDC_WANT_IEC_60559_DFP_EXT__ 1
| #define __STDC_WANT_IEC_60559_EXT__ 1
| #define __STDC_WANT_IEC_60559_FUNCS_EXT__ 1
| #define __STDC_WANT_IEC_60559_TYPES_EXT__ 1
| #define __STDC_WANT_LIB_EXT2__ 1
| #define __STDC_WANT_MATH_SPEC_FUNCS__ 1
| #define _TANDEM_SOURCE 1
| #define __EXTENSIONS__ 1
| #define _LINUX_SOURCE_COMPAT 1
| #define __USE_MINGW_ANSI_STDIO 1
| #define HAVE_FCHMOD 1
| #define HAVE_BTOWC 1
| #define HAVE_MBRTOWC 1
| #define HAVE_MBSINIT 1
| #define HAVE_REALPATH 1
| #define HAVE_LSTAT 1
| #define HAVE_FCNTL 1
| #define HAVE_SYMLINK 1
| #define HAVE_LISTXATTR 1
| #define HAVE_GETDTABLESIZE 1
| #define HAVE_ISWCNTRL 1
| #define HAVE_MPROTECT 1
| #define HAVE_READLINK 1
| #define HAVE_ISBLANK 1
| #define HAVE_ISWCTYPE 1
| #define HAVE_LINK 1
| #define HAVE_VASPRINTF 1
| #define HAVE___XPG_STRERROR_R 1
| #define HAVE_STRTOIMAX 1
| #define HAVE_WCRTOMB 1
| #define HAVE_WCTOB 1
| #define HAVE_FPURGE 1
| #define HAVE_GETTIMEOFDAY 1
| #define HAVE_PIPE 1
| #define HAVE_PSELECT 1
| #define HAVE_PTHREAD_SIGMASK 1
| #define HAVE_SIGPROCMASK 1
| #define HAVE_SETENV 1
| #define HAVE_SLEEP 1
| #define HAVE_SNPRINTF 1
| #define HAVE_SHUTDOWN 1
| /* end confdefs.h.  */
| /* Define mquery to an innocuous variant, in case <limits.h> declares mquery.
|    For example, HP-UX 11i <limits.h> declares gettimeofday.  */
| #define mquery innocuous_mquery
| 
| /* System header to define __stub macros and hopefully few prototypes,
|    which can conflict with char mquery (void); below.  */
| 
| #include <limits.h>
| #undef mquery
| 
| /* Override any GCC internal prototype to avoid an error.
|    Use char because int might match the return type of a GCC
|    builtin and then its argument prototype would still apply.  */
| #ifdef __cplusplus
| extern "C"
| #endif
| char mquery (void);
| /* The GNU C library defines this for functions which it implements
|     to always fail with ENOSYS.  Some functions are actually named
|     something starting with __ and the normal name is an alias.  */
| #if defined __stub_mquery || defined __stub___mquery
| choke me
| #endif
| 
| int
| main (void)
| {
| return mquery ();
|   ;
|   return 0;
| }
configure:9511: result: no
configure:9511: checking for pstat_getprocvm
configure:9511: gcc -o conftest -g -O2   conftest.c  >&5
/usr/lib/gcc/x86_64-alpine-linux-musl/15.2.0/../../../../x86_64-alpine-linux-musl/bin/ld: /tmp/ccPkOoNG.o: in function `main':
/home/sonakrie/Work/testicular_linux/sed/conftest.c:131:(.text.startup+0x5): undefined reference to `pstat_getprocvm'
collect2: error: ld returned 1 exit status
configure:9511: $? = 1
configure: failed program was:
| /* confdefs.h */
| #define PACKAGE_NAME "GNU sed"
| #define PACKAGE_TARNAME "sed"
| #define PACKAGE_VERSION "4.10"
| #define PACKAGE_STRING "GNU sed 4.10"
| #define PACKAGE_BUGREPORT "bug-sed@gnu.org"
| #define PACKAGE_URL "https://www.gnu.org/software/sed/"
| #define PACKAGE "sed"
| #define VERSION "4.10"
| #define HAVE_STDIO_H 1
| #define HAVE_STDLIB_H 1
| #define HAVE_STRING_H 1
| #define HAVE_INTTYPES_H 1
| #define HAVE_STDINT_H 1
| #define HAVE_STRINGS_H 1
| #define HAVE_SYS_STAT_H 1
| #define HAVE_SYS_TYPES_H 1
| #define HAVE_UNISTD_H 1
| #define HAVE_WCHAR_H 1
| #define HAVE_STDBOOL_H 1
| #define HAVE_UCHAR_H 1
| #define HAVE_SYS_PARAM_H 1
| #define HAVE_SYS_SOCKET_H 1
| #define HAVE_DIRENT_H 1
| #define HAVE_LINUX_XATTR_H 1
| #define HAVE_STDIO_EXT_H 1
| #define HAVE_GETOPT_H 1
| #define HAVE_THREADS_H 1
| #define HAVE_LIMITS_H 1
| #define HAVE_WCTYPE_H 1
| #define HAVE_LANGINFO_H 1
| #define HAVE_SYS_MMAN_H 1
| #define HAVE_PTHREAD_H 1
| #define HAVE_MALLOC_H 1
| #define HAVE_SYS_TIME_H 1
| #define HAVE_STDCKDINT_H 1
| #define HAVE_SYS_RANDOM_H 1
| #define HAVE_FEATURES_H 1
| #define HAVE_ARPA_INET_H 1
| #define HAVE_NETDB_H 1
| #define HAVE_NETINET_IN_H 1
| #define HAVE_MATH_H 1
| #define HAVE_SYS_SELECT_H 1
| #define HAVE_SYS_WAIT_H 1
| #define HAVE_SEMAPHORE_H 1
| #define HAVE_SYS_IOCTL_H 1
| #define HAVE_SYS_UN_H 1
| #define HAVE_SYS_UIO_H 1
| #define HAVE_LOCALE_H 1
| #define HAVE_ERRNO_H 1
| #define STDC_HEADERS 1
| #define _ALL_SOURCE 1
| #define _COSMO_SOURCE 1
| #define _DARWIN_C_SOURCE 1
| #define _GNU_SOURCE 1
| #define _HPUX_ALT_XOPEN_SOCKET_API 1
| #define _NETBSD_SOURCE 1
| #define _OPENBSD_SOURCE 1
| #define _POSIX_PTHREAD_SEMANTICS 1
| #define __STDC_WANT_IEC_60559_ATTRIBS_EXT__ 1
| #define __STDC_WANT_IEC_60559_BFP_EXT__ 1
| #define __STDC_WANT_IEC_60559_DFP_EXT__ 1
| #define __STDC_WANT_IEC_60559_EXT__ 1
| #define __STDC_WANT_IEC_60559_FUNCS_EXT__ 1
| #define __STDC_WANT_IEC_60559_TYPES_EXT__ 1
| #define __STDC_WANT_LIB_EXT2__ 1
| #define __STDC_WANT_MATH_SPEC_FUNCS__ 1
| #define _TANDEM_SOURCE 1
| #define __EXTENSIONS__ 1
| #define _LINUX_SOURCE_COMPAT 1
| #define __USE_MINGW_ANSI_STDIO 1
| #define HAVE_FCHMOD 1
| #define HAVE_BTOWC 1
| #define HAVE_MBRTOWC 1
| #define HAVE_MBSINIT 1
| #define HAVE_REALPATH 1
| #define HAVE_LSTAT 1
| #define HAVE_FCNTL 1
| #define HAVE_SYMLINK 1
| #define HAVE_LISTXATTR 1
| #define HAVE_GETDTABLESIZE 1
| #define HAVE_ISWCNTRL 1
| #define HAVE_MPROTECT 1
| #define HAVE_READLINK 1
| #define HAVE_ISBLANK 1
| #define HAVE_ISWCTYPE 1
| #define HAVE_LINK 1
| #define HAVE_VASPRINTF 1
| #define HAVE___XPG_STRERROR_R 1
| #define HAVE_STRTOIMAX 1
| #define HAVE_WCRTOMB 1
| #define HAVE_WCTOB 1
| #define HAVE_FPURGE 1
| #define HAVE_GETTIMEOFDAY 1
| #define HAVE_PIPE 1
| #define HAVE_PSELECT 1
| #define HAVE_PTHREAD_SIGMASK 1
| #define HAVE_SIGPROCMASK 1
| #define HAVE_SETENV 1
| #define HAVE_SLEEP 1
| #define HAVE_SNPRINTF 1
| #define HAVE_SHUTDOWN 1
| /* end confdefs.h.  */
| /* Define pstat_getprocvm to an innocuous variant, in case <limits.h> declares pstat_getprocvm.
|    For example, HP-UX 11i <limits.h> declares gettimeofday.  */
| #define pstat_getprocvm innocuous_pstat_getprocvm
| 
| /* System header to define __stub macros and hopefully few prototypes,
|    which can conflict with char pstat_getprocvm (void); below.  */
| 
| #include <limits.h>
| #undef pstat_getprocvm
| 
| /* Override any GCC internal prototype to avoid an error.
|    Use char because int might match the return type of a GCC
|    builtin and then its argument prototype would still apply.  */
| #ifdef __cplusplus
| extern "C"
| #endif
| char pstat_getprocvm (void);
| /* The GNU C library defines this for functions which it implements
|     to always fail with ENOSYS.  Some functions are actually named
|     something starting with __ and the normal name is an alias.  */
| #if defined __stub_pstat_getprocvm || defined __stub___pstat_getprocvm
| choke me
| #endif
| 
| int
| main (void)
| {
| return pstat_getprocvm ();
|   ;
|   return 0;
| }
configure:9511: result: no
configure:9511: checking for isatty
configure:9511: gcc -o conftest -g -O2   conftest.c  >&5
configure:9511: $? = 0
configure:9511: result: yes
configure:9511: checking for isascii
configure:9511: gcc -o conftest -g -O2   conftest.c  >&5
conftest.c:121:6: warning: conflicting types for built-in function 'isascii'; expected 'int(int)' [-Wbuiltin-declaration-mismatch]
  121 | char isascii (void);
      |      ^~~~~~~
configure:9511: $? = 0
configure:9511: result: yes
configure:9511: checking for memcpy
configure:9511: gcc -o conftest -g -O2   conftest.c  >&5
conftest.c:122:6: warning: conflicting types for built-in function 'memcpy'; expected 'void *(void *, const void *, long unsigned int)' [-Wbuiltin-declaration-mismatch]
  122 | char memcpy (void);
      |      ^~~~~~
conftest.c:114:1: note: 'memcpy' is declared in header '<string.h>'
  113 | #include <limits.h>
  114 | #undef memcpy
configure:9511: $? = 0
configure:9511: result: yes
configure:9511: checking for strchr
configure:9511: gcc -o conftest -g -O2   conftest.c  >&5
conftest.c:123:6: warning: conflicting types for built-in function 'strchr'; expected 'char *(const char *, int)' [-Wbuiltin-declaration-mismatch]
  123 | char strchr (void);
      |      ^~~~~~
conftest.c:115:1: note: 'strchr' is declared in header '<string.h>'
  114 | #include <limits.h>
  115 | #undef strchr
configure:9511: $? = 0
configure:9511: result: yes
configure:9511: checking for strtoul
configure:9511: gcc -o conftest -g -O2   conftest.c  >&5
configure:9511: $? = 0
configure:9511: result: yes
configure:9511: checking for popen
configure:9511: gcc -o conftest -g -O2   conftest.c  >&5
configure:9511: $? = 0
configure:9511: result: yes
configure:9511: checking for pathconf
configure:9511: gcc -o conftest -g -O2   conftest.c  >&5
configure:9511: $? = 0
configure:9511: result: yes
configure:9511: checking for fchown
configure:9511: gcc -o conftest -g -O2   conftest.c  >&5
configure:9511: $? = 0
configure:9511: result: yes
configure:9511: checking for setlocale
configure:9511: gcc -o conftest -g -O2   conftest.c  >&5
configure:9511: $? = 0
configure:9511: result: yes
configure:9527: checking for sys/acl.h
configure:9527: gcc -c -g -O2  conftest.c >&5
conftest.c:141:10: fatal error: sys/acl.h: No such file or directory
  141 | #include <sys/acl.h>
      |          ^~~~~~~~~~~
compilation terminated.
configure:9527: $? = 1
configure: failed program was:
| /* confdefs.h */
| #define PACKAGE_NAME "GNU sed"
| #define PACKAGE_TARNAME "sed"
| #define PACKAGE_VERSION "4.10"
| #define PACKAGE_STRING "GNU sed 4.10"
| #define PACKAGE_BUGREPORT "bug-sed@gnu.org"
| #define PACKAGE_URL "https://www.gnu.org/software/sed/"
| #define PACKAGE "sed"
| #define VERSION "4.10"
| #define HAVE_STDIO_H 1
| #define HAVE_STDLIB_H 1
| #define HAVE_STRING_H 1
| #define HAVE_INTTYPES_H 1
| #define HAVE_STDINT_H 1
| #define HAVE_STRINGS_H 1
| #define HAVE_SYS_STAT_H 1
| #define HAVE_SYS_TYPES_H 1
| #define HAVE_UNISTD_H 1
| #define HAVE_WCHAR_H 1
| #define HAVE_STDBOOL_H 1
| #define HAVE_UCHAR_H 1
| #define HAVE_SYS_PARAM_H 1
| #define HAVE_SYS_SOCKET_H 1
| #define HAVE_DIRENT_H 1
| #define HAVE_LINUX_XATTR_H 1
| #define HAVE_STDIO_EXT_H 1
| #define HAVE_GETOPT_H 1
| #define HAVE_THREADS_H 1
| #define HAVE_LIMITS_H 1
| #define HAVE_WCTYPE_H 1
| #define HAVE_LANGINFO_H 1
| #define HAVE_SYS_MMAN_H 1
| #define HAVE_PTHREAD_H 1
| #define HAVE_MALLOC_H 1
| #define HAVE_SYS_TIME_H 1
| #define HAVE_STDCKDINT_H 1
| #define HAVE_SYS_RANDOM_H 1
| #define HAVE_FEATURES_H 1
| #define HAVE_ARPA_INET_H 1
| #define HAVE_NETDB_H 1
| #define HAVE_NETINET_IN_H 1
| #define HAVE_MATH_H 1
| #define HAVE_SYS_SELECT_H 1
| #define HAVE_SYS_WAIT_H 1
| #define HAVE_SEMAPHORE_H 1
| #define HAVE_SYS_IOCTL_H 1
| #define HAVE_SYS_UN_H 1
| #define HAVE_SYS_UIO_H 1
| #define HAVE_LOCALE_H 1
| #define HAVE_ERRNO_H 1
| #define STDC_HEADERS 1
| #define _ALL_SOURCE 1
| #define _COSMO_SOURCE 1
| #define _DARWIN_C_SOURCE 1
| #define _GNU_SOURCE 1
| #define _HPUX_ALT_XOPEN_SOCKET_API 1
| #define _NETBSD_SOURCE 1
| #define _OPENBSD_SOURCE 1
| #define _POSIX_PTHREAD_SEMANTICS 1
| #define __STDC_WANT_IEC_60559_ATTRIBS_EXT__ 1
| #define __STDC_WANT_IEC_60559_BFP_EXT__ 1
| #define __STDC_WANT_IEC_60559_DFP_EXT__ 1
| #define __STDC_WANT_IEC_60559_EXT__ 1
| #define __STDC_WANT_IEC_60559_FUNCS_EXT__ 1
| #define __STDC_WANT_IEC_60559_TYPES_EXT__ 1
| #define __STDC_WANT_LIB_EXT2__ 1
| #define __STDC_WANT_MATH_SPEC_FUNCS__ 1
| #define _TANDEM_SOURCE 1
| #define __EXTENSIONS__ 1
| #define _LINUX_SOURCE_COMPAT 1
| #define __USE_MINGW_ANSI_STDIO 1
| #define HAVE_FCHMOD 1
| #define HAVE_BTOWC 1
| #define HAVE_MBRTOWC 1
| #define HAVE_MBSINIT 1
| #define HAVE_REALPATH 1
| #define HAVE_LSTAT 1
| #define HAVE_FCNTL 1
| #define HAVE_SYMLINK 1
| #define HAVE_LISTXATTR 1
| #define HAVE_GETDTABLESIZE 1
| #define HAVE_ISWCNTRL 1
| #define HAVE_MPROTECT 1
| #define HAVE_READLINK 1
| #define HAVE_ISBLANK 1
| #define HAVE_ISWCTYPE 1
| #define HAVE_LINK 1
| #define HAVE_VASPRINTF 1
| #define HAVE___XPG_STRERROR_R 1
| #define HAVE_STRTOIMAX 1
| #define HAVE_WCRTOMB 1
| #define HAVE_WCTOB 1
| #define HAVE_FPURGE 1
| #define HAVE_GETTIMEOFDAY 1
| #define HAVE_PIPE 1
| #define HAVE_PSELECT 1
| #define HAVE_PTHREAD_SIGMASK 1
| #define HAVE_SIGPROCMASK 1
| #define HAVE_SETENV 1
| #define HAVE_SLEEP 1
| #define HAVE_SNPRINTF 1
| #define HAVE_SHUTDOWN 1
| #define HAVE_ISATTY 1
| #define HAVE_ISASCII 1
| #define HAVE_MEMCPY 1
| #define HAVE_STRCHR 1
| #define HAVE_STRTOUL 1
| #define HAVE_POPEN 1
| #define HAVE_PATHCONF 1
| #define HAVE_FCHOWN 1
| #define HAVE_SETLOCALE 1
| /* end confdefs.h.  */
| #include <stddef.h>
| #ifdef HAVE_STDIO_H
| # include <stdio.h>
| #endif
| #ifdef HAVE_STDLIB_H
| # include <stdlib.h>
| #endif
| #ifdef HAVE_STRING_H
| # include <string.h>
| #endif
| #ifdef HAVE_INTTYPES_H
| # include <inttypes.h>
| #endif
| #ifdef HAVE_STDINT_H
| # include <stdint.h>
| #endif
| #ifdef HAVE_STRINGS_H
| # include <strings.h>
| #endif
| #ifdef HAVE_SYS_TYPES_H
| # include <sys/types.h>
| #endif
| #ifdef HAVE_SYS_STAT_H
| # include <sys/stat.h>
| #endif
| #ifdef HAVE_UNISTD_H
| # include <unistd.h>
| #endif
| #include <sys/acl.h>
configure:9527: result: no
configure:10001: WARNING: libacl development library was not found or not usable.
configure:10003: WARNING: GNU sed will be built without ACL support.
configure:10014: checking for size_t
configure:10014: gcc -c -g -O2  conftest.c >&5
configure:10014: $? = 0
configure:10014: gcc -c -g -O2  conftest.c >&5
conftest.c: In function 'main':
conftest.c:145:21: error: expected expression before ')' token
  145 | if (sizeof ((size_t)))
      |                     ^
configure:10014: $? = 1
configure: failed program was:
| /* confdefs.h */
| #define PACKAGE_NAME "GNU sed"
| #define PACKAGE_TARNAME "sed"
| #define PACKAGE_VERSION "4.10"
| #define PACKAGE_STRING "GNU sed 4.10"
| #define PACKAGE_BUGREPORT "bug-sed@gnu.org"
| #define PACKAGE_URL "https://www.gnu.org/software/sed/"
| #define PACKAGE "sed"
| #define VERSION "4.10"
| #define HAVE_STDIO_H 1
| #define HAVE_STDLIB_H 1
| #define HAVE_STRING_H 1
| #define HAVE_INTTYPES_H 1
| #define HAVE_STDINT_H 1
| #define HAVE_STRINGS_H 1
| #define HAVE_SYS_STAT_H 1
| #define HAVE_SYS_TYPES_H 1
| #define HAVE_UNISTD_H 1
| #define HAVE_WCHAR_H 1
| #define HAVE_STDBOOL_H 1
| #define HAVE_UCHAR_H 1
| #define HAVE_SYS_PARAM_H 1
| #define HAVE_SYS_SOCKET_H 1
| #define HAVE_DIRENT_H 1
| #define HAVE_LINUX_XATTR_H 1
| #define HAVE_STDIO_EXT_H 1
| #define HAVE_GETOPT_H 1
| #define HAVE_THREADS_H 1
| #define HAVE_LIMITS_H 1
| #define HAVE_WCTYPE_H 1
| #define HAVE_LANGINFO_H 1
| #define HAVE_SYS_MMAN_H 1
| #define HAVE_PTHREAD_H 1
| #define HAVE_MALLOC_H 1
| #define HAVE_SYS_TIME_H 1
| #define HAVE_STDCKDINT_H 1
| #define HAVE_SYS_RANDOM_H 1
| #define HAVE_FEATURES_H 1
| #define HAVE_ARPA_INET_H 1
| #define HAVE_NETDB_H 1
| #define HAVE_NETINET_IN_H 1
| #define HAVE_MATH_H 1
| #define HAVE_SYS_SELECT_H 1
| #define HAVE_SYS_WAIT_H 1
| #define HAVE_SEMAPHORE_H 1
| #define HAVE_SYS_IOCTL_H 1
| #define HAVE_SYS_UN_H 1
| #define HAVE_SYS_UIO_H 1
| #define HAVE_LOCALE_H 1
| #define HAVE_ERRNO_H 1
| #define STDC_HEADERS 1
| #define _ALL_SOURCE 1
| #define _COSMO_SOURCE 1
| #define _DARWIN_C_SOURCE 1
| #define _GNU_SOURCE 1
| #define _HPUX_ALT_XOPEN_SOCKET_API 1
| #define _NETBSD_SOURCE 1
| #define _OPENBSD_SOURCE 1
| #define _POSIX_PTHREAD_SEMANTICS 1
| #define __STDC_WANT_IEC_60559_ATTRIBS_EXT__ 1
| #define __STDC_WANT_IEC_60559_BFP_EXT__ 1
| #define __STDC_WANT_IEC_60559_DFP_EXT__ 1
| #define __STDC_WANT_IEC_60559_EXT__ 1
| #define __STDC_WANT_IEC_60559_FUNCS_EXT__ 1
| #define __STDC_WANT_IEC_60559_TYPES_EXT__ 1
| #define __STDC_WANT_LIB_EXT2__ 1
| #define __STDC_WANT_MATH_SPEC_FUNCS__ 1
| #define _TANDEM_SOURCE 1
| #define __EXTENSIONS__ 1
| #define _LINUX_SOURCE_COMPAT 1
| #define __USE_MINGW_ANSI_STDIO 1
| #define HAVE_FCHMOD 1
| #define HAVE_BTOWC 1
| #define HAVE_MBRTOWC 1
| #define HAVE_MBSINIT 1
| #define HAVE_REALPATH 1
| #define HAVE_LSTAT 1
| #define HAVE_FCNTL 1
| #define HAVE_SYMLINK 1
| #define HAVE_LISTXATTR 1
| #define HAVE_GETDTABLESIZE 1
| #define HAVE_ISWCNTRL 1
| #define HAVE_MPROTECT 1
| #define HAVE_READLINK 1
| #define HAVE_ISBLANK 1
| #define HAVE_ISWCTYPE 1
| #define HAVE_LINK 1
| #define HAVE_VASPRINTF 1
| #define HAVE___XPG_STRERROR_R 1
| #define HAVE_STRTOIMAX 1
| #define HAVE_WCRTOMB 1
| #define HAVE_WCTOB 1
| #define HAVE_FPURGE 1
| #define HAVE_GETTIMEOFDAY 1
| #define HAVE_PIPE 1
| #define HAVE_PSELECT 1
| #define HAVE_PTHREAD_SIGMASK 1
| #define HAVE_SIGPROCMASK 1
| #define HAVE_SETENV 1
| #define HAVE_SLEEP 1
| #define HAVE_SNPRINTF 1
| #define HAVE_SHUTDOWN 1
| #define HAVE_ISATTY 1
| #define HAVE_ISASCII 1
| #define HAVE_MEMCPY 1
| #define HAVE_STRCHR 1
| #define HAVE_STRTOUL 1
| #define HAVE_POPEN 1
| #define HAVE_PATHCONF 1
| #define HAVE_FCHOWN 1
| #define HAVE_SETLOCALE 1
| #define USE_ACL 0
| /* end confdefs.h.  */
| #include <stddef.h>
| #ifdef HAVE_STDIO_H
| # include <stdio.h>
| #endif
| #ifdef HAVE_STDLIB_H
| # include <stdlib.h>
| #endif
| #ifdef HAVE_STRING_H
| # include <string.h>
| #endif
| #ifdef HAVE_INTTYPES_H
| # include <inttypes.h>
| #endif
| #ifdef HAVE_STDINT_H
| # include <stdint.h>
| #endif
| #ifdef HAVE_STRINGS_H
| # include <strings.h>
| #endif
| #ifdef HAVE_SYS_TYPES_H
| # include <sys/types.h>
| #endif
| #ifdef HAVE_SYS_STAT_H
| # include <sys/stat.h>
| #endif
| #ifdef HAVE_UNISTD_H
| # include <unistd.h>
| #endif
| int
| main (void)
| {
| if (sizeof ((size_t)))
| 	    return 0;
|   ;
|   return 0;
| }
configure:10014: result: yes
configure:10027: checking for working alloca.h
configure:10045: gcc -o conftest -g -O2   conftest.c  >&5
configure:10045: $? = 0
configure:10056: result: yes
configure:10064: checking for alloca
configure:10109: result: yes
configure:10184: checking whether the preprocessor supports include_next
configure:10223: gcc -c -g -O2  -Iconftestd1b -Iconftestd2 conftest.c >&5
configure:10223: $? = 0
configure:10249: result: yes
configure:10271: checking whether source code line length is unlimited
configure:10298: result: yes
configure:10374: checking for wint_t
configure:10392: gcc -c -g -O2  conftest.c >&5
configure:10392: $? = 0
configure:10402: result: yes
configure:10409: checking whether wint_t is large enough
configure:10428: gcc -c -g -O2  conftest.c >&5
configure:10428: $? = 0
configure:10438: result: yes
configure:10452: checking whether <wchar.h> uses 'inline' correctly
configure:10509: result: yes
configure:10525: checking for nl_langinfo and CODESET
configure:10542: gcc -o conftest -g -O2   conftest.c  >&5
configure:10542: $? = 0
configure:10554: result: yes
configure:10565: checking for a traditional french locale
configure:10642: gcc -o conftest -g -O2   conftest.c  >&5
configure:10645: $? = 0
configure:10703: result: none
configure:11209: checking whether char8_t is correctly defined
configure:11233: gcc -c -g -O2  conftest.c >&5
conftest.c:123:23: error: 'char8_t' undeclared here (not in a function); did you mean 'char32_t'?
  123 |           int verify[(char8_t)(-1) >= 0 && sizeof (char8_t) == sizeof (unsigned char) ? 1 : -1];
      |                       ^~~~~~~
      |                       char32_t
configure:11233: $? = 1
configure: failed program was:
| /* confdefs.h */
| #define PACKAGE_NAME "GNU sed"
| #define PACKAGE_TARNAME "sed"
| #define PACKAGE_VERSION "4.10"
| #define PACKAGE_STRING "GNU sed 4.10"
| #define PACKAGE_BUGREPORT "bug-sed@gnu.org"
| #define PACKAGE_URL "https://www.gnu.org/software/sed/"
| #define PACKAGE "sed"
| #define VERSION "4.10"
| #define HAVE_STDIO_H 1
| #define HAVE_STDLIB_H 1
| #define HAVE_STRING_H 1
| #define HAVE_INTTYPES_H 1
| #define HAVE_STDINT_H 1
| #define HAVE_STRINGS_H 1
| #define HAVE_SYS_STAT_H 1
| #define HAVE_SYS_TYPES_H 1
| #define HAVE_UNISTD_H 1
| #define HAVE_WCHAR_H 1
| #define HAVE_STDBOOL_H 1
| #define HAVE_UCHAR_H 1
| #define HAVE_SYS_PARAM_H 1
| #define HAVE_SYS_SOCKET_H 1
| #define HAVE_DIRENT_H 1
| #define HAVE_LINUX_XATTR_H 1
| #define HAVE_STDIO_EXT_H 1
| #define HAVE_GETOPT_H 1
| #define HAVE_THREADS_H 1
| #define HAVE_LIMITS_H 1
| #define HAVE_WCTYPE_H 1
| #define HAVE_LANGINFO_H 1
| #define HAVE_SYS_MMAN_H 1
| #define HAVE_PTHREAD_H 1
| #define HAVE_MALLOC_H 1
| #define HAVE_SYS_TIME_H 1
| #define HAVE_STDCKDINT_H 1
| #define HAVE_SYS_RANDOM_H 1
| #define HAVE_FEATURES_H 1
| #define HAVE_ARPA_INET_H 1
| #define HAVE_NETDB_H 1
| #define HAVE_NETINET_IN_H 1
| #define HAVE_MATH_H 1
| #define HAVE_SYS_SELECT_H 1
| #define HAVE_SYS_WAIT_H 1
| #define HAVE_SEMAPHORE_H 1
| #define HAVE_SYS_IOCTL_H 1
| #define HAVE_SYS_UN_H 1
| #define HAVE_SYS_UIO_H 1
| #define HAVE_LOCALE_H 1
| #define HAVE_ERRNO_H 1
| #define STDC_HEADERS 1
| #define _ALL_SOURCE 1
| #define _COSMO_SOURCE 1
| #define _DARWIN_C_SOURCE 1
| #define _GNU_SOURCE 1
| #define _HPUX_ALT_XOPEN_SOCKET_API 1
| #define _NETBSD_SOURCE 1
| #define _OPENBSD_SOURCE 1
| #define _POSIX_PTHREAD_SEMANTICS 1
| #define __STDC_WANT_IEC_60559_ATTRIBS_EXT__ 1
| #define __STDC_WANT_IEC_60559_BFP_EXT__ 1
| #define __STDC_WANT_IEC_60559_DFP_EXT__ 1
| #define __STDC_WANT_IEC_60559_EXT__ 1
| #define __STDC_WANT_IEC_60559_FUNCS_EXT__ 1
| #define __STDC_WANT_IEC_60559_TYPES_EXT__ 1
| #define __STDC_WANT_LIB_EXT2__ 1
| #define __STDC_WANT_MATH_SPEC_FUNCS__ 1
| #define _TANDEM_SOURCE 1
| #define __EXTENSIONS__ 1
| #define _LINUX_SOURCE_COMPAT 1
| #define __USE_MINGW_ANSI_STDIO 1
| #define HAVE_FCHMOD 1
| #define HAVE_BTOWC 1
| #define HAVE_MBRTOWC 1
| #define HAVE_MBSINIT 1
| #define HAVE_REALPATH 1
| #define HAVE_LSTAT 1
| #define HAVE_FCNTL 1
| #define HAVE_SYMLINK 1
| #define HAVE_LISTXATTR 1
| #define HAVE_GETDTABLESIZE 1
| #define HAVE_ISWCNTRL 1
| #define HAVE_MPROTECT 1
| #define HAVE_READLINK 1
| #define HAVE_ISBLANK 1
| #define HAVE_ISWCTYPE 1
| #define HAVE_LINK 1
| #define HAVE_VASPRINTF 1
| #define HAVE___XPG_STRERROR_R 1
| #define HAVE_STRTOIMAX 1
| #define HAVE_WCRTOMB 1
| #define HAVE_WCTOB 1
| #define HAVE_FPURGE 1
| #define HAVE_GETTIMEOFDAY 1
| #define HAVE_PIPE 1
| #define HAVE_PSELECT 1
| #define HAVE_PTHREAD_SIGMASK 1
| #define HAVE_SIGPROCMASK 1
| #define HAVE_SETENV 1
| #define HAVE_SLEEP 1
| #define HAVE_SNPRINTF 1
| #define HAVE_SHUTDOWN 1
| #define HAVE_ISATTY 1
| #define HAVE_ISASCII 1
| #define HAVE_MEMCPY 1
| #define HAVE_STRCHR 1
| #define HAVE_STRTOUL 1
| #define HAVE_POPEN 1
| #define HAVE_PATHCONF 1
| #define HAVE_FCHOWN 1
| #define HAVE_SETLOCALE 1
| #define USE_ACL 0
| #define HAVE_ALLOCA_H 1
| #define HAVE_ALLOCA 1
| #define HAVE_WINT_T 1
| #define HAVE_LANGINFO_CODESET 1
| /* end confdefs.h.  */
| 
|           #ifdef __HAIKU__
|            #include <stdint.h>
|           #endif
|           #include <uchar.h>
|           int verify[(char8_t)(-1) >= 0 && sizeof (char8_t) == sizeof (unsigned char) ? 1 : -1];
| 
| int
| main (void)
| {
| 
|   ;
|   return 0;
| }
| 
configure:11244: result: no
configure:11254: checking whether char16_t is correctly defined
configure:11280: gcc -c -g -O2  conftest.c >&5
configure:11280: $? = 0
configure:11291: result: yes
configure:11301: checking whether char32_t is correctly defined
configure:11327: gcc -c -g -O2  conftest.c >&5
configure:11327: $? = 0
configure:11338: result: yes
configure:11440: checking whether the C++ compiler has <uchar.h>
configure:11450:    -c conftest.cpp
./configure: eval: line 11451: -c: not found
configure:11453: $? = 127
configure:11463: result: no
configure:11551: checking for bit size of wchar_t
configure:11557: gcc -o conftest -g -O2   conftest.c  >&5
configure:11557: $? = 0
configure:11557: ./conftest
configure:11557: $? = 0
configure:11577: result: 32
configure:11605: checking for mbstate_t
configure:11623: gcc -c -g -O2  conftest.c >&5
configure:11623: $? = 0
configure:11633: result: yes
configure:11649: checking for a traditional japanese locale
configure:11729: gcc -o conftest -g -O2   conftest.c  >&5
configure:11732: $? = 0
configure:11792: result: none
configure:11806: checking for an english Unicode locale
configure:11929: result: en_US.UTF-8
configure:11943: checking for a transitional chinese locale
configure:12038: gcc -o conftest -g -O2   conftest.c  >&5
configure:12041: $? = 0
configure:12094: result: none
configure:12121: checking whether mbrtowc handles incomplete characters
configure:12201: gcc -o conftest -g -O2   conftest.c  >&5
configure:12201: $? = 0
configure:12201: ./conftest
configure:12201: $? = 0
configure:12218: result: yes
configure:12224: checking whether mbrtowc works as well as mbtowc
configure:12284: result: guessing yes
configure:12300: checking for gcc options to detect undeclared functions
configure:12322: gcc -c -g -O2   conftest.c >&5
conftest.c: In function 'main':
conftest.c:124:8: error: 'strchr' undeclared (first use in this function)
  124 | (void) strchr;
      |        ^~~~~~
conftest.c:1:1: note: 'strchr' is defined in header '<string.h>'; this is probably fixable by adding '#include <string.h>'
    1 | /* confdefs.h */
conftest.c:124:8: note: each undeclared identifier is reported only once for each function it appears in
  124 | (void) strchr;
      |        ^~~~~~
configure:12322: $? = 1
configure: failed program was:
| /* confdefs.h */
| #define PACKAGE_NAME "GNU sed"
| #define PACKAGE_TARNAME "sed"
| #define PACKAGE_VERSION "4.10"
| #define PACKAGE_STRING "GNU sed 4.10"
| #define PACKAGE_BUGREPORT "bug-sed@gnu.org"
| #define PACKAGE_URL "https://www.gnu.org/software/sed/"
| #define PACKAGE "sed"
| #define VERSION "4.10"
| #define HAVE_STDIO_H 1
| #define HAVE_STDLIB_H 1
| #define HAVE_STRING_H 1
| #define HAVE_INTTYPES_H 1
| #define HAVE_STDINT_H 1
| #define HAVE_STRINGS_H 1
| #define HAVE_SYS_STAT_H 1
| #define HAVE_SYS_TYPES_H 1
| #define HAVE_UNISTD_H 1
| #define HAVE_WCHAR_H 1
| #define HAVE_STDBOOL_H 1
| #define HAVE_UCHAR_H 1
| #define HAVE_SYS_PARAM_H 1
| #define HAVE_SYS_SOCKET_H 1
| #define HAVE_DIRENT_H 1
| #define HAVE_LINUX_XATTR_H 1
| #define HAVE_STDIO_EXT_H 1
| #define HAVE_GETOPT_H 1
| #define HAVE_THREADS_H 1
| #define HAVE_LIMITS_H 1
| #define HAVE_WCTYPE_H 1
| #define HAVE_LANGINFO_H 1
| #define HAVE_SYS_MMAN_H 1
| #define HAVE_PTHREAD_H 1
| #define HAVE_MALLOC_H 1
| #define HAVE_SYS_TIME_H 1
| #define HAVE_STDCKDINT_H 1
| #define HAVE_SYS_RANDOM_H 1
| #define HAVE_FEATURES_H 1
| #define HAVE_ARPA_INET_H 1
| #define HAVE_NETDB_H 1
| #define HAVE_NETINET_IN_H 1
| #define HAVE_MATH_H 1
| #define HAVE_SYS_SELECT_H 1
| #define HAVE_SYS_WAIT_H 1
| #define HAVE_SEMAPHORE_H 1
| #define HAVE_SYS_IOCTL_H 1
| #define HAVE_SYS_UN_H 1
| #define HAVE_SYS_UIO_H 1
| #define HAVE_LOCALE_H 1
| #define HAVE_ERRNO_H 1
| #define STDC_HEADERS 1
| #define _ALL_SOURCE 1
| #define _COSMO_SOURCE 1
| #define _DARWIN_C_SOURCE 1
| #define _GNU_SOURCE 1
| #define _HPUX_ALT_XOPEN_SOCKET_API 1
| #define _NETBSD_SOURCE 1
| #define _OPENBSD_SOURCE 1
| #define _POSIX_PTHREAD_SEMANTICS 1
| #define __STDC_WANT_IEC_60559_ATTRIBS_EXT__ 1
| #define __STDC_WANT_IEC_60559_BFP_EXT__ 1
| #define __STDC_WANT_IEC_60559_DFP_EXT__ 1
| #define __STDC_WANT_IEC_60559_EXT__ 1
| #define __STDC_WANT_IEC_60559_FUNCS_EXT__ 1
| #define __STDC_WANT_IEC_60559_TYPES_EXT__ 1
| #define __STDC_WANT_LIB_EXT2__ 1
| #define __STDC_WANT_MATH_SPEC_FUNCS__ 1
| #define _TANDEM_SOURCE 1
| #define __EXTENSIONS__ 1
| #define _LINUX_SOURCE_COMPAT 1
| #define __USE_MINGW_ANSI_STDIO 1
| #define HAVE_FCHMOD 1
| #define HAVE_BTOWC 1
| #define HAVE_MBRTOWC 1
| #define HAVE_MBSINIT 1
| #define HAVE_REALPATH 1
| #define HAVE_LSTAT 1
| #define HAVE_FCNTL 1
| #define HAVE_SYMLINK 1
| #define HAVE_LISTXATTR 1
| #define HAVE_GETDTABLESIZE 1
| #define HAVE_ISWCNTRL 1
| #define HAVE_MPROTECT 1
| #define HAVE_READLINK 1
| #define HAVE_ISBLANK 1
| #define HAVE_ISWCTYPE 1
| #define HAVE_LINK 1
| #define HAVE_VASPRINTF 1
| #define HAVE___XPG_STRERROR_R 1
| #define HAVE_STRTOIMAX 1
| #define HAVE_WCRTOMB 1
| #define HAVE_WCTOB 1
| #define HAVE_FPURGE 1
| #define HAVE_GETTIMEOFDAY 1
| #define HAVE_PIPE 1
| #define HAVE_PSELECT 1
| #define HAVE_PTHREAD_SIGMASK 1
| #define HAVE_SIGPROCMASK 1
| #define HAVE_SETENV 1
| #define HAVE_SLEEP 1
| #define HAVE_SNPRINTF 1
| #define HAVE_SHUTDOWN 1
| #define HAVE_ISATTY 1
| #define HAVE_ISASCII 1
| #define HAVE_MEMCPY 1
| #define HAVE_STRCHR 1
| #define HAVE_STRTOUL 1
| #define HAVE_POPEN 1
| #define HAVE_PATHCONF 1
| #define HAVE_FCHOWN 1
| #define HAVE_SETLOCALE 1
| #define USE_ACL 0
| #define HAVE_ALLOCA_H 1
| #define HAVE_ALLOCA 1
| #define HAVE_WINT_T 1
| #define HAVE_LANGINFO_CODESET 1
| #define BITSIZEOF_WCHAR_T 32
| #define HAVE_MBSTATE_T 1
| /* end confdefs.h.  */
| 
| int
| main (void)
| {
| (void) strchr;
|   ;
|   return 0;
| }
configure:12349: gcc -c -g -O2   conftest.c >&5
configure:12349: $? = 0
configure:12369: result: none needed
configure:12383: checking for gcc options to ignore future-version functions
configure:12405: gcc -c -g -O2  conftest.c >&5 -Werror=unguarded-availability-new
cc1: error: '-Werror=unguarded-availability-new': no option '-Wunguarded-availability-new'
configure:12405: $? = 1
configure: failed program was:
| /* confdefs.h */
| #define PACKAGE_NAME "GNU sed"
| #define PACKAGE_TARNAME "sed"
| #define PACKAGE_VERSION "4.10"
| #define PACKAGE_STRING "GNU sed 4.10"
| #define PACKAGE_BUGREPORT "bug-sed@gnu.org"
| #define PACKAGE_URL "https://www.gnu.org/software/sed/"
| #define PACKAGE "sed"
| #define VERSION "4.10"
| #define HAVE_STDIO_H 1
| #define HAVE_STDLIB_H 1
| #define HAVE_STRING_H 1
| #define HAVE_INTTYPES_H 1
| #define HAVE_STDINT_H 1
| #define HAVE_STRINGS_H 1
| #define HAVE_SYS_STAT_H 1
| #define HAVE_SYS_TYPES_H 1
| #define HAVE_UNISTD_H 1
| #define HAVE_WCHAR_H 1
| #define HAVE_STDBOOL_H 1
| #define HAVE_UCHAR_H 1
| #define HAVE_SYS_PARAM_H 1
| #define HAVE_SYS_SOCKET_H 1
| #define HAVE_DIRENT_H 1
| #define HAVE_LINUX_XATTR_H 1
| #define HAVE_STDIO_EXT_H 1
| #define HAVE_GETOPT_H 1
| #define HAVE_THREADS_H 1
| #define HAVE_LIMITS_H 1
| #define HAVE_WCTYPE_H 1
| #define HAVE_LANGINFO_H 1
| #define HAVE_SYS_MMAN_H 1
| #define HAVE_PTHREAD_H 1
| #define HAVE_MALLOC_H 1
| #define HAVE_SYS_TIME_H 1
| #define HAVE_STDCKDINT_H 1
| #define HAVE_SYS_RANDOM_H 1
| #define HAVE_FEATURES_H 1
| #define HAVE_ARPA_INET_H 1
| #define HAVE_NETDB_H 1
| #define HAVE_NETINET_IN_H 1
| #define HAVE_MATH_H 1
| #define HAVE_SYS_SELECT_H 1
| #define HAVE_SYS_WAIT_H 1
| #define HAVE_SEMAPHORE_H 1
| #define HAVE_SYS_IOCTL_H 1
| #define HAVE_SYS_UN_H 1
| #define HAVE_SYS_UIO_H 1
| #define HAVE_LOCALE_H 1
| #define HAVE_ERRNO_H 1
| #define STDC_HEADERS 1
| #define _ALL_SOURCE 1
| #define _COSMO_SOURCE 1
| #define _DARWIN_C_SOURCE 1
| #define _GNU_SOURCE 1
| #define _HPUX_ALT_XOPEN_SOCKET_API 1
| #define _NETBSD_SOURCE 1
| #define _OPENBSD_SOURCE 1
| #define _POSIX_PTHREAD_SEMANTICS 1
| #define __STDC_WANT_IEC_60559_ATTRIBS_EXT__ 1
| #define __STDC_WANT_IEC_60559_BFP_EXT__ 1
| #define __STDC_WANT_IEC_60559_DFP_EXT__ 1
| #define __STDC_WANT_IEC_60559_EXT__ 1
| #define __STDC_WANT_IEC_60559_FUNCS_EXT__ 1
| #define __STDC_WANT_IEC_60559_TYPES_EXT__ 1
| #define __STDC_WANT_LIB_EXT2__ 1
| #define __STDC_WANT_MATH_SPEC_FUNCS__ 1
| #define _TANDEM_SOURCE 1
| #define __EXTENSIONS__ 1
| #define _LINUX_SOURCE_COMPAT 1
| #define __USE_MINGW_ANSI_STDIO 1
| #define HAVE_FCHMOD 1
| #define HAVE_BTOWC 1
| #define HAVE_MBRTOWC 1
| #define HAVE_MBSINIT 1
| #define HAVE_REALPATH 1
| #define HAVE_LSTAT 1
| #define HAVE_FCNTL 1
| #define HAVE_SYMLINK 1
| #define HAVE_LISTXATTR 1
| #define HAVE_GETDTABLESIZE 1
| #define HAVE_ISWCNTRL 1
| #define HAVE_MPROTECT 1
| #define HAVE_READLINK 1
| #define HAVE_ISBLANK 1
| #define HAVE_ISWCTYPE 1
| #define HAVE_LINK 1
| #define HAVE_VASPRINTF 1
| #define HAVE___XPG_STRERROR_R 1
| #define HAVE_STRTOIMAX 1
| #define HAVE_WCRTOMB 1
| #define HAVE_WCTOB 1
| #define HAVE_FPURGE 1
| #define HAVE_GETTIMEOFDAY 1
| #define HAVE_PIPE 1
| #define HAVE_PSELECT 1
| #define HAVE_PTHREAD_SIGMASK 1
| #define HAVE_SIGPROCMASK 1
| #define HAVE_SETENV 1
| #define HAVE_SLEEP 1
| #define HAVE_SNPRINTF 1
| #define HAVE_SHUTDOWN 1
| #define HAVE_ISATTY 1
| #define HAVE_ISASCII 1
| #define HAVE_MEMCPY 1
| #define HAVE_STRCHR 1
| #define HAVE_STRTOUL 1
| #define HAVE_POPEN 1
| #define HAVE_PATHCONF 1
| #define HAVE_FCHOWN 1
| #define HAVE_SETLOCALE 1
| #define USE_ACL 0
| #define HAVE_ALLOCA_H 1
| #define HAVE_ALLOCA 1
| #define HAVE_WINT_T 1
| #define HAVE_LANGINFO_CODESET 1
| #define BITSIZEOF_WCHAR_T 32
| #define HAVE_MBSTATE_T 1
| /* end confdefs.h.  */
| #if ! (defined __APPLE__ && defined __MACH__)
| 	   #error "-Werror=unguarded-availability-new not needed here"
| 	  #endif
| 
| int
| main (void)
| {
| 
|   ;
|   return 0;
| }
configure:12417: result: none needed
configure:12427: checking whether mbrtoc32 is declared
configure:12427: gcc -c -g -O2   conftest.c >&5
configure:12427: $? = 0
configure:12427: result: yes
configure:12438: checking for mbrtoc32
configure:12463: gcc -o conftest -g -O2   conftest.c  >&5
configure:12463: $? = 0
configure:12475: result: yes
configure:12491: checking whether mbrtoc32 works as well as mbrtowc
configure:12580: result: guessing yes
configure:12595: checking whether c32rtomb is declared
configure:12595: gcc -c -g -O2   conftest.c >&5
configure:12595: $? = 0
configure:12595: result: yes
configure:12606: checking for c32rtomb
configure:12631: gcc -o conftest -g -O2   conftest.c  >&5
configure:12631: $? = 0
configure:12643: result: yes
configure:12658: checking whether c32rtomb works as well as wcrtomb
configure:12738: result: guessing yes
configure:12879: checking whether malloc is ptrdiff_t safe
configure:12916: gcc -c -g -O2  conftest.c >&5
configure:12916: $? = 0
configure:12927: result: yes
configure:12945: checking whether malloc, calloc set errno on failure
configure:12989: result: yes
configure:13013: checking whether lstat correctly handles trailing slash
configure:13060: gcc -o conftest -g -O2   conftest.c  >&5
configure:13060: $? = 0
configure:13060: ./conftest
configure:13060: $? = 0
configure:13076: result: yes
configure:13089: checking whether // is distinct from /
configure:13120: result: no
configure:13132: checking whether realpath works
configure:13348: gcc -o conftest -g -O2   conftest.c  >&5
configure:13348: $? = 0
configure:13348: ./conftest
configure:13348: $? = 32
configure: program exited with status 32
configure: failed program was:
| /* confdefs.h */
| #define PACKAGE_NAME "GNU sed"
| #define PACKAGE_TARNAME "sed"
| #define PACKAGE_VERSION "4.10"
| #define PACKAGE_STRING "GNU sed 4.10"
| #define PACKAGE_BUGREPORT "bug-sed@gnu.org"
| #define PACKAGE_URL "https://www.gnu.org/software/sed/"
| #define PACKAGE "sed"
| #define VERSION "4.10"
| #define HAVE_STDIO_H 1
| #define HAVE_STDLIB_H 1
| #define HAVE_STRING_H 1
| #define HAVE_INTTYPES_H 1
| #define HAVE_STDINT_H 1
| #define HAVE_STRINGS_H 1
| #define HAVE_SYS_STAT_H 1
| #define HAVE_SYS_TYPES_H 1
| #define HAVE_UNISTD_H 1
| #define HAVE_WCHAR_H 1
| #define HAVE_STDBOOL_H 1
| #define HAVE_UCHAR_H 1
| #define HAVE_SYS_PARAM_H 1
| #define HAVE_SYS_SOCKET_H 1
| #define HAVE_DIRENT_H 1
| #define HAVE_LINUX_XATTR_H 1
| #define HAVE_STDIO_EXT_H 1
| #define HAVE_GETOPT_H 1
| #define HAVE_THREADS_H 1
| #define HAVE_LIMITS_H 1
| #define HAVE_WCTYPE_H 1
| #define HAVE_LANGINFO_H 1
| #define HAVE_SYS_MMAN_H 1
| #define HAVE_PTHREAD_H 1
| #define HAVE_MALLOC_H 1
| #define HAVE_SYS_TIME_H 1
| #define HAVE_STDCKDINT_H 1
| #define HAVE_SYS_RANDOM_H 1
| #define HAVE_FEATURES_H 1
| #define HAVE_ARPA_INET_H 1
| #define HAVE_NETDB_H 1
| #define HAVE_NETINET_IN_H 1
| #define HAVE_MATH_H 1
| #define HAVE_SYS_SELECT_H 1
| #define HAVE_SYS_WAIT_H 1
| #define HAVE_SEMAPHORE_H 1
| #define HAVE_SYS_IOCTL_H 1
| #define HAVE_SYS_UN_H 1
| #define HAVE_SYS_UIO_H 1
| #define HAVE_LOCALE_H 1
| #define HAVE_ERRNO_H 1
| #define STDC_HEADERS 1
| #define _ALL_SOURCE 1
| #define _COSMO_SOURCE 1
| #define _DARWIN_C_SOURCE 1
| #define _GNU_SOURCE 1
| #define _HPUX_ALT_XOPEN_SOCKET_API 1
| #define _NETBSD_SOURCE 1
| #define _OPENBSD_SOURCE 1
| #define _POSIX_PTHREAD_SEMANTICS 1
| #define __STDC_WANT_IEC_60559_ATTRIBS_EXT__ 1
| #define __STDC_WANT_IEC_60559_BFP_EXT__ 1
| #define __STDC_WANT_IEC_60559_DFP_EXT__ 1
| #define __STDC_WANT_IEC_60559_EXT__ 1
| #define __STDC_WANT_IEC_60559_FUNCS_EXT__ 1
| #define __STDC_WANT_IEC_60559_TYPES_EXT__ 1
| #define __STDC_WANT_LIB_EXT2__ 1
| #define __STDC_WANT_MATH_SPEC_FUNCS__ 1
| #define _TANDEM_SOURCE 1
| #define __EXTENSIONS__ 1
| #define _LINUX_SOURCE_COMPAT 1
| #define __USE_MINGW_ANSI_STDIO 1
| #define HAVE_FCHMOD 1
| #define HAVE_BTOWC 1
| #define HAVE_MBRTOWC 1
| #define HAVE_MBSINIT 1
| #define HAVE_REALPATH 1
| #define HAVE_LSTAT 1
| #define HAVE_FCNTL 1
| #define HAVE_SYMLINK 1
| #define HAVE_LISTXATTR 1
| #define HAVE_GETDTABLESIZE 1
| #define HAVE_ISWCNTRL 1
| #define HAVE_MPROTECT 1
| #define HAVE_READLINK 1
| #define HAVE_ISBLANK 1
| #define HAVE_ISWCTYPE 1
| #define HAVE_LINK 1
| #define HAVE_VASPRINTF 1
| #define HAVE___XPG_STRERROR_R 1
| #define HAVE_STRTOIMAX 1
| #define HAVE_WCRTOMB 1
| #define HAVE_WCTOB 1
| #define HAVE_FPURGE 1
| #define HAVE_GETTIMEOFDAY 1
| #define HAVE_PIPE 1
| #define HAVE_PSELECT 1
| #define HAVE_PTHREAD_SIGMASK 1
| #define HAVE_SIGPROCMASK 1
| #define HAVE_SETENV 1
| #define HAVE_SLEEP 1
| #define HAVE_SNPRINTF 1
| #define HAVE_SHUTDOWN 1
| #define HAVE_ISATTY 1
| #define HAVE_ISASCII 1
| #define HAVE_MEMCPY 1
| #define HAVE_STRCHR 1
| #define HAVE_STRTOUL 1
| #define HAVE_POPEN 1
| #define HAVE_PATHCONF 1
| #define HAVE_FCHOWN 1
| #define HAVE_SETLOCALE 1
| #define USE_ACL 0
| #define HAVE_ALLOCA_H 1
| #define HAVE_ALLOCA 1
| #define HAVE_WINT_T 1
| #define HAVE_LANGINFO_CODESET 1
| #define BITSIZEOF_WCHAR_T 32
| #define HAVE_MBSTATE_T 1
| #define HAVE_WORKING_MBRTOC32 1
| #define HAVE_WORKING_C32RTOMB 1
| #define HAVE_MALLOC_PTRDIFF 1
| #define HAVE_MALLOC_POSIX 1
| #define LSTAT_FOLLOWS_SLASHED_SYMLINK 1
| /* end confdefs.h.  */
| 
| 
| 
| #include <stdlib.h>
| #if defined __MACH__ && defined __APPLE__
| /* Avoid a crash on Mac OS X.  */
| #include <mach/mach.h>
| #include <mach/mach_error.h>
| #include <mach/thread_status.h>
| #include <mach/exception.h>
| #include <mach/task.h>
| #include <pthread.h>
| /* The exception port on which our thread listens.  */
| static mach_port_t our_exception_port;
| /* The main function of the thread listening for exceptions of type
|    EXC_BAD_ACCESS.  */
| static void *
| mach_exception_thread (void *arg)
| {
|   /* Buffer for a message to be received.  */
|   struct {
|     mach_msg_header_t head;
|     mach_msg_body_t msgh_body;
|     char data[1024];
|   } msg;
|   mach_msg_return_t retval;
|   /* Wait for a message on the exception port.  */
|   retval = mach_msg (&msg.head, MACH_RCV_MSG | MACH_RCV_LARGE, 0, sizeof (msg),
|                      our_exception_port, MACH_MSG_TIMEOUT_NONE, MACH_PORT_NULL);
|   if (retval != MACH_MSG_SUCCESS)
|     abort ();
|   exit (1);
| }
| static void
| nocrash_init (void)
| {
|   mach_port_t self = mach_task_self ();
|   /* Allocate a port on which the thread shall listen for exceptions.  */
|   if (mach_port_allocate (self, MACH_PORT_RIGHT_RECEIVE, &our_exception_port)
|       == KERN_SUCCESS) {
|     /* See https://web.mit.edu/darwin/src/modules/xnu/osfmk/man/mach_port_insert_right.html.  */
|     if (mach_port_insert_right (self, our_exception_port, our_exception_port,
|                                 MACH_MSG_TYPE_MAKE_SEND)
|         == KERN_SUCCESS) {
|       /* The exceptions we want to catch.  Only EXC_BAD_ACCESS is interesting
|          for us.  */
|       exception_mask_t mask = EXC_MASK_BAD_ACCESS;
|       /* Create the thread listening on the exception port.  */
|       pthread_attr_t attr;
|       pthread_t thread;
|       if (pthread_attr_init (&attr) == 0
|           && pthread_attr_setdetachstate (&attr, PTHREAD_CREATE_DETACHED) == 0
|           && pthread_create (&thread, &attr, mach_exception_thread, NULL) == 0) {
|         pthread_attr_destroy (&attr);
|         /* Replace the exception port info for these exceptions with our own.
|            Note that we replace the exception port for the entire task, not only
|            for a particular thread.  This has the effect that when our exception
|            port gets the message, the thread specific exception port has already
|            been asked, and we don't need to bother about it.
|            See https://web.mit.edu/darwin/src/modules/xnu/osfmk/man/task_set_exception_ports.html.  */
|         task_set_exception_ports (self, mask, our_exception_port,
|                                   EXCEPTION_DEFAULT, MACHINE_THREAD_STATE);
|       }
|     }
|   }
| }
| #elif defined _WIN32 && ! defined __CYGWIN__
| /* Avoid a crash on native Windows.  */
| #define WIN32_LEAN_AND_MEAN
| #include <windows.h>
| #include <winerror.h>
| static LONG WINAPI
| exception_filter (EXCEPTION_POINTERS *ExceptionInfo)
| {
|   switch (ExceptionInfo->ExceptionRecord->ExceptionCode)
|     {
|     case EXCEPTION_ACCESS_VIOLATION:
|     case EXCEPTION_IN_PAGE_ERROR:
|     case EXCEPTION_STACK_OVERFLOW:
|     case EXCEPTION_GUARD_PAGE:
|     case EXCEPTION_PRIV_INSTRUCTION:
|     case EXCEPTION_ILLEGAL_INSTRUCTION:
|     case EXCEPTION_DATATYPE_MISALIGNMENT:
|     case EXCEPTION_ARRAY_BOUNDS_EXCEEDED:
|     case EXCEPTION_NONCONTINUABLE_EXCEPTION:
|       exit (1);
|     }
|   return EXCEPTION_CONTINUE_SEARCH;
| }
| static void
| nocrash_init (void)
| {
|   SetUnhandledExceptionFilter ((LPTOP_LEVEL_EXCEPTION_FILTER) exception_filter);
| }
| #else
| /* Avoid a crash on POSIX systems.  */
| #include <signal.h>
| #include <unistd.h>
| /* A POSIX signal handler.  */
| static void
| exception_handler (int sig)
| {
|   _exit (1);
| }
| static void
| nocrash_init (void)
| {
| #ifdef SIGSEGV
|   signal (SIGSEGV, exception_handler);
| #endif
| #ifdef SIGBUS
|   signal (SIGBUS, exception_handler);
| #endif
| }
| #endif
| 
|         #include <errno.h>
|         #include <stdlib.h>
|         #include <string.h>
| 
| int
| main (void)
| {
| 
|         int result = 0;
|         /* This test fails on Solaris 10.  */
|         {
|           char *name = realpath ("conftest.a", NULL);
|           if (!(name && *name == '/'))
|             result |= 1;
|           free (name);
|         }
|         /* This test fails on older versions of Cygwin.  */
|         {
|           char *name = realpath ("conftest.b/../conftest.a", NULL);
|           if (name != NULL)
|             result |= 2;
|           free (name);
|         }
|         /* This test fails on macOS 14, Cygwin 2.9.  */
|         #if HAVE_LSTAT
|         {
|           char *name = realpath ("conftest.l/../conftest.a", NULL);
|           if (name != NULL || errno != ENOTDIR)
|             result |= 4;
|           free (name);
|         }
|         #endif
|         /* This test fails on macOS 14, OpenBSD 6.0.  */
|         {
|           char *name = realpath ("conftest.a/", NULL);
|           if (name != NULL)
|             result |= 8;
|           free (name);
|         }
|         /* This test fails on AIX 7, Solaris 10.  */
|         {
|           char *name1 = realpath (".", NULL);
|           char *name2 = realpath ("conftest.d//./..", NULL);
|           if (! name1 || ! name2 || strcmp (name1, name2))
|             result |= 16;
|           free (name1);
|           free (name2);
|         }
|         #ifdef __linux__
|         /* On Linux, // is the same as /. See also double-slash-root.m4.
|            realpath() should respect this.
|            This test fails on musl libc 1.2.2.  */
|         {
|           char *name = realpath ("//", NULL);
|           if (! name || strcmp (name, "/"))
|             result |= 32;
|           free (name);
|         }
|         #endif
|         return result;
| 
|   ;
|   return 0;
| }
| 
configure:13368: result: nearly
configure:13390: checking for faccessat
configure:13427: checking for faccessat
configure:13427: gcc -o conftest -g -O2   conftest.c  >&5
configure:13427: $? = 0
configure:13427: result: yes
configure:13443: result: yes
configure:13461: checking for getcwd
configure:13461: gcc -o conftest -g -O2   conftest.c  >&5
configure:13461: $? = 0
configure:13461: result: yes
configure:14135: checking for inline
configure:14152: gcc -c -g -O2  conftest.c >&5
configure:14152: $? = 0
configure:14162: result: inline
configure:14399: checking for complete errno.h
configure:14479: result: yes
configure:14654: checking for error
configure:14691: checking for error
configure:14691: gcc -o conftest -g -O2   conftest.c  >&5
/usr/lib/gcc/x86_64-alpine-linux-musl/15.2.0/../../../../x86_64-alpine-linux-musl/bin/ld: /tmp/ccOgLNEg.o: in function `main':
/home/sonakrie/Work/testicular_linux/sed/conftest.c:155:(.text.startup+0x5): undefined reference to `error'
collect2: error: ld returned 1 exit status
configure:14691: $? = 1
configure: failed program was:
| /* confdefs.h */
| #define PACKAGE_NAME "GNU sed"
| #define PACKAGE_TARNAME "sed"
| #define PACKAGE_VERSION "4.10"
| #define PACKAGE_STRING "GNU sed 4.10"
| #define PACKAGE_BUGREPORT "bug-sed@gnu.org"
| #define PACKAGE_URL "https://www.gnu.org/software/sed/"
| #define PACKAGE "sed"
| #define VERSION "4.10"
| #define HAVE_STDIO_H 1
| #define HAVE_STDLIB_H 1
| #define HAVE_STRING_H 1
| #define HAVE_INTTYPES_H 1
| #define HAVE_STDINT_H 1
| #define HAVE_STRINGS_H 1
| #define HAVE_SYS_STAT_H 1
| #define HAVE_SYS_TYPES_H 1
| #define HAVE_UNISTD_H 1
| #define HAVE_WCHAR_H 1
| #define HAVE_STDBOOL_H 1
| #define HAVE_UCHAR_H 1
| #define HAVE_SYS_PARAM_H 1
| #define HAVE_SYS_SOCKET_H 1
| #define HAVE_DIRENT_H 1
| #define HAVE_LINUX_XATTR_H 1
| #define HAVE_STDIO_EXT_H 1
| #define HAVE_GETOPT_H 1
| #define HAVE_THREADS_H 1
| #define HAVE_LIMITS_H 1
| #define HAVE_WCTYPE_H 1
| #define HAVE_LANGINFO_H 1
| #define HAVE_SYS_MMAN_H 1
| #define HAVE_PTHREAD_H 1
| #define HAVE_MALLOC_H 1
| #define HAVE_SYS_TIME_H 1
| #define HAVE_STDCKDINT_H 1
| #define HAVE_SYS_RANDOM_H 1
| #define HAVE_FEATURES_H 1
| #define HAVE_ARPA_INET_H 1
| #define HAVE_NETDB_H 1
| #define HAVE_NETINET_IN_H 1
| #define HAVE_MATH_H 1
| #define HAVE_SYS_SELECT_H 1
| #define HAVE_SYS_WAIT_H 1
| #define HAVE_SEMAPHORE_H 1
| #define HAVE_SYS_IOCTL_H 1
| #define HAVE_SYS_UN_H 1
| #define HAVE_SYS_UIO_H 1
| #define HAVE_LOCALE_H 1
| #define HAVE_ERRNO_H 1
| #define STDC_HEADERS 1
| #define _ALL_SOURCE 1
| #define _COSMO_SOURCE 1
| #define _DARWIN_C_SOURCE 1
| #define _GNU_SOURCE 1
| #define _HPUX_ALT_XOPEN_SOCKET_API 1
| #define _NETBSD_SOURCE 1
| #define _OPENBSD_SOURCE 1
| #define _POSIX_PTHREAD_SEMANTICS 1
| #define __STDC_WANT_IEC_60559_ATTRIBS_EXT__ 1
| #define __STDC_WANT_IEC_60559_BFP_EXT__ 1
| #define __STDC_WANT_IEC_60559_DFP_EXT__ 1
| #define __STDC_WANT_IEC_60559_EXT__ 1
| #define __STDC_WANT_IEC_60559_FUNCS_EXT__ 1
| #define __STDC_WANT_IEC_60559_TYPES_EXT__ 1
| #define __STDC_WANT_LIB_EXT2__ 1
| #define __STDC_WANT_MATH_SPEC_FUNCS__ 1
| #define _TANDEM_SOURCE 1
| #define __EXTENSIONS__ 1
| #define _LINUX_SOURCE_COMPAT 1
| #define __USE_MINGW_ANSI_STDIO 1
| #define HAVE_FCHMOD 1
| #define HAVE_BTOWC 1
| #define HAVE_MBRTOWC 1
| #define HAVE_MBSINIT 1
| #define HAVE_REALPATH 1
| #define HAVE_LSTAT 1
| #define HAVE_FCNTL 1
| #define HAVE_SYMLINK 1
| #define HAVE_LISTXATTR 1
| #define HAVE_GETDTABLESIZE 1
| #define HAVE_ISWCNTRL 1
| #define HAVE_MPROTECT 1
| #define HAVE_READLINK 1
| #define HAVE_ISBLANK 1
| #define HAVE_ISWCTYPE 1
| #define HAVE_LINK 1
| #define HAVE_VASPRINTF 1
| #define HAVE___XPG_STRERROR_R 1
| #define HAVE_STRTOIMAX 1
| #define HAVE_WCRTOMB 1
| #define HAVE_WCTOB 1
| #define HAVE_FPURGE 1
| #define HAVE_GETTIMEOFDAY 1
| #define HAVE_PIPE 1
| #define HAVE_PSELECT 1
| #define HAVE_PTHREAD_SIGMASK 1
| #define HAVE_SIGPROCMASK 1
| #define HAVE_SETENV 1
| #define HAVE_SLEEP 1
| #define HAVE_SNPRINTF 1
| #define HAVE_SHUTDOWN 1
| #define HAVE_ISATTY 1
| #define HAVE_ISASCII 1
| #define HAVE_MEMCPY 1
| #define HAVE_STRCHR 1
| #define HAVE_STRTOUL 1
| #define HAVE_POPEN 1
| #define HAVE_PATHCONF 1
| #define HAVE_FCHOWN 1
| #define HAVE_SETLOCALE 1
| #define USE_ACL 0
| #define HAVE_ALLOCA_H 1
| #define HAVE_ALLOCA 1
| #define HAVE_WINT_T 1
| #define HAVE_LANGINFO_CODESET 1
| #define BITSIZEOF_WCHAR_T 32
| #define HAVE_MBSTATE_T 1
| #define HAVE_WORKING_MBRTOC32 1
| #define HAVE_WORKING_C32RTOMB 1
| #define HAVE_MALLOC_PTRDIFF 1
| #define HAVE_MALLOC_POSIX 1
| #define LSTAT_FOLLOWS_SLASHED_SYMLINK 1
| #define FUNC_REALPATH_NEARLY_WORKS 1
| #define HAVE_FACCESSAT 1
| #define HAVE_GETCWD 1
| /* end confdefs.h.  */
| /* Define error to an innocuous variant, in case <limits.h> declares error.
|    For example, HP-UX 11i <limits.h> declares gettimeofday.  */
| #define error innocuous_error
| 
| /* System header to define __stub macros and hopefully few prototypes,
|    which can conflict with char error (void); below.  */
| 
| #include <limits.h>
| #undef error
| 
| /* Override any GCC internal prototype to avoid an error.
|    Use char because int might match the return type of a GCC
|    builtin and then its argument prototype would still apply.  */
| #ifdef __cplusplus
| extern "C"
| #endif
| char error (void);
| /* The GNU C library defines this for functions which it implements
|     to always fail with ENOSYS.  Some functions are actually named
|     something starting with __ and the normal name is an alias.  */
| #if defined __stub_error || defined __stub___error
| choke me
| #endif
| 
| int
| main (void)
| {
| return error ();
|   ;
|   return 0;
| }
configure:14691: result: no
configure:14707: result: no
configure:14730: checking whether error_at_line is declared
configure:14730: gcc -c -g -O2   conftest.c >&5
conftest.c:128:10: fatal error: error.h: No such file or directory
  128 | #include <error.h>
      |          ^~~~~~~~~
compilation terminated.
configure:14730: $? = 1
configure: failed program was:
| /* confdefs.h */
| #define PACKAGE_NAME "GNU sed"
| #define PACKAGE_TARNAME "sed"
| #define PACKAGE_VERSION "4.10"
| #define PACKAGE_STRING "GNU sed 4.10"
| #define PACKAGE_BUGREPORT "bug-sed@gnu.org"
| #define PACKAGE_URL "https://www.gnu.org/software/sed/"
| #define PACKAGE "sed"
| #define VERSION "4.10"
| #define HAVE_STDIO_H 1
| #define HAVE_STDLIB_H 1
| #define HAVE_STRING_H 1
| #define HAVE_INTTYPES_H 1
| #define HAVE_STDINT_H 1
| #define HAVE_STRINGS_H 1
| #define HAVE_SYS_STAT_H 1
| #define HAVE_SYS_TYPES_H 1
| #define HAVE_UNISTD_H 1
| #define HAVE_WCHAR_H 1
| #define HAVE_STDBOOL_H 1
| #define HAVE_UCHAR_H 1
| #define HAVE_SYS_PARAM_H 1
| #define HAVE_SYS_SOCKET_H 1
| #define HAVE_DIRENT_H 1
| #define HAVE_LINUX_XATTR_H 1
| #define HAVE_STDIO_EXT_H 1
| #define HAVE_GETOPT_H 1
| #define HAVE_THREADS_H 1
| #define HAVE_LIMITS_H 1
| #define HAVE_WCTYPE_H 1
| #define HAVE_LANGINFO_H 1
| #define HAVE_SYS_MMAN_H 1
| #define HAVE_PTHREAD_H 1
| #define HAVE_MALLOC_H 1
| #define HAVE_SYS_TIME_H 1
| #define HAVE_STDCKDINT_H 1
| #define HAVE_SYS_RANDOM_H 1
| #define HAVE_FEATURES_H 1
| #define HAVE_ARPA_INET_H 1
| #define HAVE_NETDB_H 1
| #define HAVE_NETINET_IN_H 1
| #define HAVE_MATH_H 1
| #define HAVE_SYS_SELECT_H 1
| #define HAVE_SYS_WAIT_H 1
| #define HAVE_SEMAPHORE_H 1
| #define HAVE_SYS_IOCTL_H 1
| #define HAVE_SYS_UN_H 1
| #define HAVE_SYS_UIO_H 1
| #define HAVE_LOCALE_H 1
| #define HAVE_ERRNO_H 1
| #define STDC_HEADERS 1
| #define _ALL_SOURCE 1
| #define _COSMO_SOURCE 1
| #define _DARWIN_C_SOURCE 1
| #define _GNU_SOURCE 1
| #define _HPUX_ALT_XOPEN_SOCKET_API 1
| #define _NETBSD_SOURCE 1
| #define _OPENBSD_SOURCE 1
| #define _POSIX_PTHREAD_SEMANTICS 1
| #define __STDC_WANT_IEC_60559_ATTRIBS_EXT__ 1
| #define __STDC_WANT_IEC_60559_BFP_EXT__ 1
| #define __STDC_WANT_IEC_60559_DFP_EXT__ 1
| #define __STDC_WANT_IEC_60559_EXT__ 1
| #define __STDC_WANT_IEC_60559_FUNCS_EXT__ 1
| #define __STDC_WANT_IEC_60559_TYPES_EXT__ 1
| #define __STDC_WANT_LIB_EXT2__ 1
| #define __STDC_WANT_MATH_SPEC_FUNCS__ 1
| #define _TANDEM_SOURCE 1
| #define __EXTENSIONS__ 1
| #define _LINUX_SOURCE_COMPAT 1
| #define __USE_MINGW_ANSI_STDIO 1
| #define HAVE_FCHMOD 1
| #define HAVE_BTOWC 1
| #define HAVE_MBRTOWC 1
| #define HAVE_MBSINIT 1
| #define HAVE_REALPATH 1
| #define HAVE_LSTAT 1
| #define HAVE_FCNTL 1
| #define HAVE_SYMLINK 1
| #define HAVE_LISTXATTR 1
| #define HAVE_GETDTABLESIZE 1
| #define HAVE_ISWCNTRL 1
| #define HAVE_MPROTECT 1
| #define HAVE_READLINK 1
| #define HAVE_ISBLANK 1
| #define HAVE_ISWCTYPE 1
| #define HAVE_LINK 1
| #define HAVE_VASPRINTF 1
| #define HAVE___XPG_STRERROR_R 1
| #define HAVE_STRTOIMAX 1
| #define HAVE_WCRTOMB 1
| #define HAVE_WCTOB 1
| #define HAVE_FPURGE 1
| #define HAVE_GETTIMEOFDAY 1
| #define HAVE_PIPE 1
| #define HAVE_PSELECT 1
| #define HAVE_PTHREAD_SIGMASK 1
| #define HAVE_SIGPROCMASK 1
| #define HAVE_SETENV 1
| #define HAVE_SLEEP 1
| #define HAVE_SNPRINTF 1
| #define HAVE_SHUTDOWN 1
| #define HAVE_ISATTY 1
| #define HAVE_ISASCII 1
| #define HAVE_MEMCPY 1
| #define HAVE_STRCHR 1
| #define HAVE_STRTOUL 1
| #define HAVE_POPEN 1
| #define HAVE_PATHCONF 1
| #define HAVE_FCHOWN 1
| #define HAVE_SETLOCALE 1
| #define USE_ACL 0
| #define HAVE_ALLOCA_H 1
| #define HAVE_ALLOCA 1
| #define HAVE_WINT_T 1
| #define HAVE_LANGINFO_CODESET 1
| #define BITSIZEOF_WCHAR_T 32
| #define HAVE_MBSTATE_T 1
| #define HAVE_WORKING_MBRTOC32 1
| #define HAVE_WORKING_C32RTOMB 1
| #define HAVE_MALLOC_PTRDIFF 1
| #define HAVE_MALLOC_POSIX 1
| #define LSTAT_FOLLOWS_SLASHED_SYMLINK 1
| #define FUNC_REALPATH_NEARLY_WORKS 1
| #define HAVE_FACCESSAT 1
| #define HAVE_GETCWD 1
| /* end confdefs.h.  */
| #include <error.h>
| 
| int
| main (void)
| {
| #ifndef error_at_line
| #ifdef __cplusplus
|   (void) error_at_line;
| #else
|   (void) error_at_line;
| #endif
| #endif
| 
|   ;
|   return 0;
| }
configure:14730: result: no
configure:14894: checking whether strerror_r is declared
configure:14894: gcc -c -g -O2   conftest.c >&5
configure:14894: $? = 0
configure:14894: result: yes
configure:14914: checking whether strerror_r returns char *
configure:14939: gcc -c -g -O2  conftest.c >&5
conftest.c: In function 'main':
conftest.c:136:20: error: invalid type argument of unary '*' (have 'int')
  136 |           char x = *strerror_r (0, buf, sizeof buf);
      |                    ^~~~~~~~~~~~~~~~~~~~~~~~~~~~~~~~
conftest.c:137:21: error: initialization of 'char *' from 'int' makes pointer from integer without a cast [-Wint-conversion]
  137 |           char *p = strerror_r (0, buf, sizeof buf);
      |                     ^~~~~~~~~~
configure:14939: $? = 1
configure: failed program was:
| /* confdefs.h */
| #define PACKAGE_NAME "GNU sed"
| #define PACKAGE_TARNAME "sed"
| #define PACKAGE_VERSION "4.10"
| #define PACKAGE_STRING "GNU sed 4.10"
| #define PACKAGE_BUGREPORT "bug-sed@gnu.org"
| #define PACKAGE_URL "https://www.gnu.org/software/sed/"
| #define PACKAGE "sed"
| #define VERSION "4.10"
| #define HAVE_STDIO_H 1
| #define HAVE_STDLIB_H 1
| #define HAVE_STRING_H 1
| #define HAVE_INTTYPES_H 1
| #define HAVE_STDINT_H 1
| #define HAVE_STRINGS_H 1
| #define HAVE_SYS_STAT_H 1
| #define HAVE_SYS_TYPES_H 1
| #define HAVE_UNISTD_H 1
| #define HAVE_WCHAR_H 1
| #define HAVE_STDBOOL_H 1
| #define HAVE_UCHAR_H 1
| #define HAVE_SYS_PARAM_H 1
| #define HAVE_SYS_SOCKET_H 1
| #define HAVE_DIRENT_H 1
| #define HAVE_LINUX_XATTR_H 1
| #define HAVE_STDIO_EXT_H 1
| #define HAVE_GETOPT_H 1
| #define HAVE_THREADS_H 1
| #define HAVE_LIMITS_H 1
| #define HAVE_WCTYPE_H 1
| #define HAVE_LANGINFO_H 1
| #define HAVE_SYS_MMAN_H 1
| #define HAVE_PTHREAD_H 1
| #define HAVE_MALLOC_H 1
| #define HAVE_SYS_TIME_H 1
| #define HAVE_STDCKDINT_H 1
| #define HAVE_SYS_RANDOM_H 1
| #define HAVE_FEATURES_H 1
| #define HAVE_ARPA_INET_H 1
| #define HAVE_NETDB_H 1
| #define HAVE_NETINET_IN_H 1
| #define HAVE_MATH_H 1
| #define HAVE_SYS_SELECT_H 1
| #define HAVE_SYS_WAIT_H 1
| #define HAVE_SEMAPHORE_H 1
| #define HAVE_SYS_IOCTL_H 1
| #define HAVE_SYS_UN_H 1
| #define HAVE_SYS_UIO_H 1
| #define HAVE_LOCALE_H 1
| #define HAVE_ERRNO_H 1
| #define STDC_HEADERS 1
| #define _ALL_SOURCE 1
| #define _COSMO_SOURCE 1
| #define _DARWIN_C_SOURCE 1
| #define _GNU_SOURCE 1
| #define _HPUX_ALT_XOPEN_SOCKET_API 1
| #define _NETBSD_SOURCE 1
| #define _OPENBSD_SOURCE 1
| #define _POSIX_PTHREAD_SEMANTICS 1
| #define __STDC_WANT_IEC_60559_ATTRIBS_EXT__ 1
| #define __STDC_WANT_IEC_60559_BFP_EXT__ 1
| #define __STDC_WANT_IEC_60559_DFP_EXT__ 1
| #define __STDC_WANT_IEC_60559_EXT__ 1
| #define __STDC_WANT_IEC_60559_FUNCS_EXT__ 1
| #define __STDC_WANT_IEC_60559_TYPES_EXT__ 1
| #define __STDC_WANT_LIB_EXT2__ 1
| #define __STDC_WANT_MATH_SPEC_FUNCS__ 1
| #define _TANDEM_SOURCE 1
| #define __EXTENSIONS__ 1
| #define _LINUX_SOURCE_COMPAT 1
| #define __USE_MINGW_ANSI_STDIO 1
| #define HAVE_FCHMOD 1
| #define HAVE_BTOWC 1
| #define HAVE_MBRTOWC 1
| #define HAVE_MBSINIT 1
| #define HAVE_REALPATH 1
| #define HAVE_LSTAT 1
| #define HAVE_FCNTL 1
| #define HAVE_SYMLINK 1
| #define HAVE_LISTXATTR 1
| #define HAVE_GETDTABLESIZE 1
| #define HAVE_ISWCNTRL 1
| #define HAVE_MPROTECT 1
| #define HAVE_READLINK 1
| #define HAVE_ISBLANK 1
| #define HAVE_ISWCTYPE 1
| #define HAVE_LINK 1
| #define HAVE_VASPRINTF 1
| #define HAVE___XPG_STRERROR_R 1
| #define HAVE_STRTOIMAX 1
| #define HAVE_WCRTOMB 1
| #define HAVE_WCTOB 1
| #define HAVE_FPURGE 1
| #define HAVE_GETTIMEOFDAY 1
| #define HAVE_PIPE 1
| #define HAVE_PSELECT 1
| #define HAVE_PTHREAD_SIGMASK 1
| #define HAVE_SIGPROCMASK 1
| #define HAVE_SETENV 1
| #define HAVE_SLEEP 1
| #define HAVE_SNPRINTF 1
| #define HAVE_SHUTDOWN 1
| #define HAVE_ISATTY 1
| #define HAVE_ISASCII 1
| #define HAVE_MEMCPY 1
| #define HAVE_STRCHR 1
| #define HAVE_STRTOUL 1
| #define HAVE_POPEN 1
| #define HAVE_PATHCONF 1
| #define HAVE_FCHOWN 1
| #define HAVE_SETLOCALE 1
| #define USE_ACL 0
| #define HAVE_ALLOCA_H 1
| #define HAVE_ALLOCA 1
| #define HAVE_WINT_T 1
| #define HAVE_LANGINFO_CODESET 1
| #define BITSIZEOF_WCHAR_T 32
| #define HAVE_MBSTATE_T 1
| #define HAVE_WORKING_MBRTOC32 1
| #define HAVE_WORKING_C32RTOMB 1
| #define HAVE_MALLOC_PTRDIFF 1
| #define HAVE_MALLOC_POSIX 1
| #define LSTAT_FOLLOWS_SLASHED_SYMLINK 1
| #define FUNC_REALPATH_NEARLY_WORKS 1
| #define HAVE_FACCESSAT 1
| #define HAVE_GETCWD 1
| #define HAVE_DECL_STRERROR_R 1
| #define HAVE_STRERROR_R 1
| /* end confdefs.h.  */
| #include <string.h>
| int
| main (void)
| {
| 
| 	  char buf[100];
| 	  char x = *strerror_r (0, buf, sizeof buf);
| 	  char *p = strerror_r (0, buf, sizeof buf);
| 	  return !p || x;
| 
|   ;
|   return 0;
| }
configure:14949: result: no
configure:14961: checking whether ctype.h defines __header_inline
configure:14975: gcc -E  conftest.c
conftest.c:132:28: error: #error "<ctype.h> does not define __header_inline"
  132 |                           #error "<ctype.h> does not define __header_inline"
      |                            ^~~~~
configure:14975: $? = 1
configure: failed program was:
| /* confdefs.h */
| #define PACKAGE_NAME "GNU sed"
| #define PACKAGE_TARNAME "sed"
| #define PACKAGE_VERSION "4.10"
| #define PACKAGE_STRING "GNU sed 4.10"
| #define PACKAGE_BUGREPORT "bug-sed@gnu.org"
| #define PACKAGE_URL "https://www.gnu.org/software/sed/"
| #define PACKAGE "sed"
| #define VERSION "4.10"
| #define HAVE_STDIO_H 1
| #define HAVE_STDLIB_H 1
| #define HAVE_STRING_H 1
| #define HAVE_INTTYPES_H 1
| #define HAVE_STDINT_H 1
| #define HAVE_STRINGS_H 1
| #define HAVE_SYS_STAT_H 1
| #define HAVE_SYS_TYPES_H 1
| #define HAVE_UNISTD_H 1
| #define HAVE_WCHAR_H 1
| #define HAVE_STDBOOL_H 1
| #define HAVE_UCHAR_H 1
| #define HAVE_SYS_PARAM_H 1
| #define HAVE_SYS_SOCKET_H 1
| #define HAVE_DIRENT_H 1
| #define HAVE_LINUX_XATTR_H 1
| #define HAVE_STDIO_EXT_H 1
| #define HAVE_GETOPT_H 1
| #define HAVE_THREADS_H 1
| #define HAVE_LIMITS_H 1
| #define HAVE_WCTYPE_H 1
| #define HAVE_LANGINFO_H 1
| #define HAVE_SYS_MMAN_H 1
| #define HAVE_PTHREAD_H 1
| #define HAVE_MALLOC_H 1
| #define HAVE_SYS_TIME_H 1
| #define HAVE_STDCKDINT_H 1
| #define HAVE_SYS_RANDOM_H 1
| #define HAVE_FEATURES_H 1
| #define HAVE_ARPA_INET_H 1
| #define HAVE_NETDB_H 1
| #define HAVE_NETINET_IN_H 1
| #define HAVE_MATH_H 1
| #define HAVE_SYS_SELECT_H 1
| #define HAVE_SYS_WAIT_H 1
| #define HAVE_SEMAPHORE_H 1
| #define HAVE_SYS_IOCTL_H 1
| #define HAVE_SYS_UN_H 1
| #define HAVE_SYS_UIO_H 1
| #define HAVE_LOCALE_H 1
| #define HAVE_ERRNO_H 1
| #define STDC_HEADERS 1
| #define _ALL_SOURCE 1
| #define _COSMO_SOURCE 1
| #define _DARWIN_C_SOURCE 1
| #define _GNU_SOURCE 1
| #define _HPUX_ALT_XOPEN_SOCKET_API 1
| #define _NETBSD_SOURCE 1
| #define _OPENBSD_SOURCE 1
| #define _POSIX_PTHREAD_SEMANTICS 1
| #define __STDC_WANT_IEC_60559_ATTRIBS_EXT__ 1
| #define __STDC_WANT_IEC_60559_BFP_EXT__ 1
| #define __STDC_WANT_IEC_60559_DFP_EXT__ 1
| #define __STDC_WANT_IEC_60559_EXT__ 1
| #define __STDC_WANT_IEC_60559_FUNCS_EXT__ 1
| #define __STDC_WANT_IEC_60559_TYPES_EXT__ 1
| #define __STDC_WANT_LIB_EXT2__ 1
| #define __STDC_WANT_MATH_SPEC_FUNCS__ 1
| #define _TANDEM_SOURCE 1
| #define __EXTENSIONS__ 1
| #define _LINUX_SOURCE_COMPAT 1
| #define __USE_MINGW_ANSI_STDIO 1
| #define HAVE_FCHMOD 1
| #define HAVE_BTOWC 1
| #define HAVE_MBRTOWC 1
| #define HAVE_MBSINIT 1
| #define HAVE_REALPATH 1
| #define HAVE_LSTAT 1
| #define HAVE_FCNTL 1
| #define HAVE_SYMLINK 1
| #define HAVE_LISTXATTR 1
| #define HAVE_GETDTABLESIZE 1
| #define HAVE_ISWCNTRL 1
| #define HAVE_MPROTECT 1
| #define HAVE_READLINK 1
| #define HAVE_ISBLANK 1
| #define HAVE_ISWCTYPE 1
| #define HAVE_LINK 1
| #define HAVE_VASPRINTF 1
| #define HAVE___XPG_STRERROR_R 1
| #define HAVE_STRTOIMAX 1
| #define HAVE_WCRTOMB 1
| #define HAVE_WCTOB 1
| #define HAVE_FPURGE 1
| #define HAVE_GETTIMEOFDAY 1
| #define HAVE_PIPE 1
| #define HAVE_PSELECT 1
| #define HAVE_PTHREAD_SIGMASK 1
| #define HAVE_SIGPROCMASK 1
| #define HAVE_SETENV 1
| #define HAVE_SLEEP 1
| #define HAVE_SNPRINTF 1
| #define HAVE_SHUTDOWN 1
| #define HAVE_ISATTY 1
| #define HAVE_ISASCII 1
| #define HAVE_MEMCPY 1
| #define HAVE_STRCHR 1
| #define HAVE_STRTOUL 1
| #define HAVE_POPEN 1
| #define HAVE_PATHCONF 1
| #define HAVE_FCHOWN 1
| #define HAVE_SETLOCALE 1
| #define USE_ACL 0
| #define HAVE_ALLOCA_H 1
| #define HAVE_ALLOCA 1
| #define HAVE_WINT_T 1
| #define HAVE_LANGINFO_CODESET 1
| #define BITSIZEOF_WCHAR_T 32
| #define HAVE_MBSTATE_T 1
| #define HAVE_WORKING_MBRTOC32 1
| #define HAVE_WORKING_C32RTOMB 1
| #define HAVE_MALLOC_PTRDIFF 1
| #define HAVE_MALLOC_POSIX 1
| #define LSTAT_FOLLOWS_SLASHED_SYMLINK 1
| #define FUNC_REALPATH_NEARLY_WORKS 1
| #define HAVE_FACCESSAT 1
| #define HAVE_GETCWD 1
| #define HAVE_DECL_STRERROR_R 1
| #define HAVE_STRERROR_R 1
| /* end confdefs.h.  */
| #include <ctype.h>
|                          #ifndef __header_inline
|                           #error "<ctype.h> does not define __header_inline"
|                          #endif
| 
configure:14985: result: no
configure:15045: checking for working fcntl.h
configure:15180: gcc -o conftest -g -O2   conftest.c  >&5
configure:15180: $? = 0
configure:15180: ./conftest
configure:15180: $? = 0
configure:15211: result: yes
configure:15245: checking for pid_t
configure:15245: gcc -c -g -O2  conftest.c >&5
configure:15245: $? = 0
configure:15245: gcc -c -g -O2  conftest.c >&5
conftest.c: In function 'main':
conftest.c:165:20: error: expected expression before ')' token
  165 | if (sizeof ((pid_t)))
      |                    ^
configure:15245: $? = 1
configure: failed program was:
| /* confdefs.h */
| #define PACKAGE_NAME "GNU sed"
| #define PACKAGE_TARNAME "sed"
| #define PACKAGE_VERSION "4.10"
| #define PACKAGE_STRING "GNU sed 4.10"
| #define PACKAGE_BUGREPORT "bug-sed@gnu.org"
| #define PACKAGE_URL "https://www.gnu.org/software/sed/"
| #define PACKAGE "sed"
| #define VERSION "4.10"
| #define HAVE_STDIO_H 1
| #define HAVE_STDLIB_H 1
| #define HAVE_STRING_H 1
| #define HAVE_INTTYPES_H 1
| #define HAVE_STDINT_H 1
| #define HAVE_STRINGS_H 1
| #define HAVE_SYS_STAT_H 1
| #define HAVE_SYS_TYPES_H 1
| #define HAVE_UNISTD_H 1
| #define HAVE_WCHAR_H 1
| #define HAVE_STDBOOL_H 1
| #define HAVE_UCHAR_H 1
| #define HAVE_SYS_PARAM_H 1
| #define HAVE_SYS_SOCKET_H 1
| #define HAVE_DIRENT_H 1
| #define HAVE_LINUX_XATTR_H 1
| #define HAVE_STDIO_EXT_H 1
| #define HAVE_GETOPT_H 1
| #define HAVE_THREADS_H 1
| #define HAVE_LIMITS_H 1
| #define HAVE_WCTYPE_H 1
| #define HAVE_LANGINFO_H 1
| #define HAVE_SYS_MMAN_H 1
| #define HAVE_PTHREAD_H 1
| #define HAVE_MALLOC_H 1
| #define HAVE_SYS_TIME_H 1
| #define HAVE_STDCKDINT_H 1
| #define HAVE_SYS_RANDOM_H 1
| #define HAVE_FEATURES_H 1
| #define HAVE_ARPA_INET_H 1
| #define HAVE_NETDB_H 1
| #define HAVE_NETINET_IN_H 1
| #define HAVE_MATH_H 1
| #define HAVE_SYS_SELECT_H 1
| #define HAVE_SYS_WAIT_H 1
| #define HAVE_SEMAPHORE_H 1
| #define HAVE_SYS_IOCTL_H 1
| #define HAVE_SYS_UN_H 1
| #define HAVE_SYS_UIO_H 1
| #define HAVE_LOCALE_H 1
| #define HAVE_ERRNO_H 1
| #define STDC_HEADERS 1
| #define _ALL_SOURCE 1
| #define _COSMO_SOURCE 1
| #define _DARWIN_C_SOURCE 1
| #define _GNU_SOURCE 1
| #define _HPUX_ALT_XOPEN_SOCKET_API 1
| #define _NETBSD_SOURCE 1
| #define _OPENBSD_SOURCE 1
| #define _POSIX_PTHREAD_SEMANTICS 1
| #define __STDC_WANT_IEC_60559_ATTRIBS_EXT__ 1
| #define __STDC_WANT_IEC_60559_BFP_EXT__ 1
| #define __STDC_WANT_IEC_60559_DFP_EXT__ 1
| #define __STDC_WANT_IEC_60559_EXT__ 1
| #define __STDC_WANT_IEC_60559_FUNCS_EXT__ 1
| #define __STDC_WANT_IEC_60559_TYPES_EXT__ 1
| #define __STDC_WANT_LIB_EXT2__ 1
| #define __STDC_WANT_MATH_SPEC_FUNCS__ 1
| #define _TANDEM_SOURCE 1
| #define __EXTENSIONS__ 1
| #define _LINUX_SOURCE_COMPAT 1
| #define __USE_MINGW_ANSI_STDIO 1
| #define HAVE_FCHMOD 1
| #define HAVE_BTOWC 1
| #define HAVE_MBRTOWC 1
| #define HAVE_MBSINIT 1
| #define HAVE_REALPATH 1
| #define HAVE_LSTAT 1
| #define HAVE_FCNTL 1
| #define HAVE_SYMLINK 1
| #define HAVE_LISTXATTR 1
| #define HAVE_GETDTABLESIZE 1
| #define HAVE_ISWCNTRL 1
| #define HAVE_MPROTECT 1
| #define HAVE_READLINK 1
| #define HAVE_ISBLANK 1
| #define HAVE_ISWCTYPE 1
| #define HAVE_LINK 1
| #define HAVE_VASPRINTF 1
| #define HAVE___XPG_STRERROR_R 1
| #define HAVE_STRTOIMAX 1
| #define HAVE_WCRTOMB 1
| #define HAVE_WCTOB 1
| #define HAVE_FPURGE 1
| #define HAVE_GETTIMEOFDAY 1
| #define HAVE_PIPE 1
| #define HAVE_PSELECT 1
| #define HAVE_PTHREAD_SIGMASK 1
| #define HAVE_SIGPROCMASK 1
| #define HAVE_SETENV 1
| #define HAVE_SLEEP 1
| #define HAVE_SNPRINTF 1
| #define HAVE_SHUTDOWN 1
| #define HAVE_ISATTY 1
| #define HAVE_ISASCII 1
| #define HAVE_MEMCPY 1
| #define HAVE_STRCHR 1
| #define HAVE_STRTOUL 1
| #define HAVE_POPEN 1
| #define HAVE_PATHCONF 1
| #define HAVE_FCHOWN 1
| #define HAVE_SETLOCALE 1
| #define USE_ACL 0
| #define HAVE_ALLOCA_H 1
| #define HAVE_ALLOCA 1
| #define HAVE_WINT_T 1
| #define HAVE_LANGINFO_CODESET 1
| #define BITSIZEOF_WCHAR_T 32
| #define HAVE_MBSTATE_T 1
| #define HAVE_WORKING_MBRTOC32 1
| #define HAVE_WORKING_C32RTOMB 1
| #define HAVE_MALLOC_PTRDIFF 1
| #define HAVE_MALLOC_POSIX 1
| #define LSTAT_FOLLOWS_SLASHED_SYMLINK 1
| #define FUNC_REALPATH_NEARLY_WORKS 1
| #define HAVE_FACCESSAT 1
| #define HAVE_GETCWD 1
| #define HAVE_DECL_STRERROR_R 1
| #define HAVE_STRERROR_R 1
| #define HAVE_WORKING_O_DIRECTORY 1
| #define HAVE_WORKING_O_NOATIME 1
| #define HAVE_WORKING_O_NOFOLLOW 1
| /* end confdefs.h.  */
| #include <stddef.h>
| #ifdef HAVE_STDIO_H
| # include <stdio.h>
| #endif
| #ifdef HAVE_STDLIB_H
| # include <stdlib.h>
| #endif
| #ifdef HAVE_STRING_H
| # include <string.h>
| #endif
| #ifdef HAVE_INTTYPES_H
| # include <inttypes.h>
| #endif
| #ifdef HAVE_STDINT_H
| # include <stdint.h>
| #endif
| #ifdef HAVE_STRINGS_H
| # include <strings.h>
| #endif
| #ifdef HAVE_SYS_TYPES_H
| # include <sys/types.h>
| #endif
| #ifdef HAVE_SYS_STAT_H
| # include <sys/stat.h>
| #endif
| #ifdef HAVE_UNISTD_H
| # include <unistd.h>
| #endif
| 
| int
| main (void)
| {
| if (sizeof ((pid_t)))
| 	    return 0;
|   ;
|   return 0;
| }
configure:15245: result: yes
configure:15283: checking for mode_t
configure:15283: gcc -c -g -O2  conftest.c >&5
configure:15283: $? = 0
configure:15283: gcc -c -g -O2  conftest.c >&5
conftest.c: In function 'main':
conftest.c:164:21: error: expected expression before ')' token
  164 | if (sizeof ((mode_t)))
      |                     ^
configure:15283: $? = 1
configure: failed program was:
| /* confdefs.h */
| #define PACKAGE_NAME "GNU sed"
| #define PACKAGE_TARNAME "sed"
| #define PACKAGE_VERSION "4.10"
| #define PACKAGE_STRING "GNU sed 4.10"
| #define PACKAGE_BUGREPORT "bug-sed@gnu.org"
| #define PACKAGE_URL "https://www.gnu.org/software/sed/"
| #define PACKAGE "sed"
| #define VERSION "4.10"
| #define HAVE_STDIO_H 1
| #define HAVE_STDLIB_H 1
| #define HAVE_STRING_H 1
| #define HAVE_INTTYPES_H 1
| #define HAVE_STDINT_H 1
| #define HAVE_STRINGS_H 1
| #define HAVE_SYS_STAT_H 1
| #define HAVE_SYS_TYPES_H 1
| #define HAVE_UNISTD_H 1
| #define HAVE_WCHAR_H 1
| #define HAVE_STDBOOL_H 1
| #define HAVE_UCHAR_H 1
| #define HAVE_SYS_PARAM_H 1
| #define HAVE_SYS_SOCKET_H 1
| #define HAVE_DIRENT_H 1
| #define HAVE_LINUX_XATTR_H 1
| #define HAVE_STDIO_EXT_H 1
| #define HAVE_GETOPT_H 1
| #define HAVE_THREADS_H 1
| #define HAVE_LIMITS_H 1
| #define HAVE_WCTYPE_H 1
| #define HAVE_LANGINFO_H 1
| #define HAVE_SYS_MMAN_H 1
| #define HAVE_PTHREAD_H 1
| #define HAVE_MALLOC_H 1
| #define HAVE_SYS_TIME_H 1
| #define HAVE_STDCKDINT_H 1
| #define HAVE_SYS_RANDOM_H 1
| #define HAVE_FEATURES_H 1
| #define HAVE_ARPA_INET_H 1
| #define HAVE_NETDB_H 1
| #define HAVE_NETINET_IN_H 1
| #define HAVE_MATH_H 1
| #define HAVE_SYS_SELECT_H 1
| #define HAVE_SYS_WAIT_H 1
| #define HAVE_SEMAPHORE_H 1
| #define HAVE_SYS_IOCTL_H 1
| #define HAVE_SYS_UN_H 1
| #define HAVE_SYS_UIO_H 1
| #define HAVE_LOCALE_H 1
| #define HAVE_ERRNO_H 1
| #define STDC_HEADERS 1
| #define _ALL_SOURCE 1
| #define _COSMO_SOURCE 1
| #define _DARWIN_C_SOURCE 1
| #define _GNU_SOURCE 1
| #define _HPUX_ALT_XOPEN_SOCKET_API 1
| #define _NETBSD_SOURCE 1
| #define _OPENBSD_SOURCE 1
| #define _POSIX_PTHREAD_SEMANTICS 1
| #define __STDC_WANT_IEC_60559_ATTRIBS_EXT__ 1
| #define __STDC_WANT_IEC_60559_BFP_EXT__ 1
| #define __STDC_WANT_IEC_60559_DFP_EXT__ 1
| #define __STDC_WANT_IEC_60559_EXT__ 1
| #define __STDC_WANT_IEC_60559_FUNCS_EXT__ 1
| #define __STDC_WANT_IEC_60559_TYPES_EXT__ 1
| #define __STDC_WANT_LIB_EXT2__ 1
| #define __STDC_WANT_MATH_SPEC_FUNCS__ 1
| #define _TANDEM_SOURCE 1
| #define __EXTENSIONS__ 1
| #define _LINUX_SOURCE_COMPAT 1
| #define __USE_MINGW_ANSI_STDIO 1
| #define HAVE_FCHMOD 1
| #define HAVE_BTOWC 1
| #define HAVE_MBRTOWC 1
| #define HAVE_MBSINIT 1
| #define HAVE_REALPATH 1
| #define HAVE_LSTAT 1
| #define HAVE_FCNTL 1
| #define HAVE_SYMLINK 1
| #define HAVE_LISTXATTR 1
| #define HAVE_GETDTABLESIZE 1
| #define HAVE_ISWCNTRL 1
| #define HAVE_MPROTECT 1
| #define HAVE_READLINK 1
| #define HAVE_ISBLANK 1
| #define HAVE_ISWCTYPE 1
| #define HAVE_LINK 1
| #define HAVE_VASPRINTF 1
| #define HAVE___XPG_STRERROR_R 1
| #define HAVE_STRTOIMAX 1
| #define HAVE_WCRTOMB 1
| #define HAVE_WCTOB 1
| #define HAVE_FPURGE 1
| #define HAVE_GETTIMEOFDAY 1
| #define HAVE_PIPE 1
| #define HAVE_PSELECT 1
| #define HAVE_PTHREAD_SIGMASK 1
| #define HAVE_SIGPROCMASK 1
| #define HAVE_SETENV 1
| #define HAVE_SLEEP 1
| #define HAVE_SNPRINTF 1
| #define HAVE_SHUTDOWN 1
| #define HAVE_ISATTY 1
| #define HAVE_ISASCII 1
| #define HAVE_MEMCPY 1
| #define HAVE_STRCHR 1
| #define HAVE_STRTOUL 1
| #define HAVE_POPEN 1
| #define HAVE_PATHCONF 1
| #define HAVE_FCHOWN 1
| #define HAVE_SETLOCALE 1
| #define USE_ACL 0
| #define HAVE_ALLOCA_H 1
| #define HAVE_ALLOCA 1
| #define HAVE_WINT_T 1
| #define HAVE_LANGINFO_CODESET 1
| #define BITSIZEOF_WCHAR_T 32
| #define HAVE_MBSTATE_T 1
| #define HAVE_WORKING_MBRTOC32 1
| #define HAVE_WORKING_C32RTOMB 1
| #define HAVE_MALLOC_PTRDIFF 1
| #define HAVE_MALLOC_POSIX 1
| #define LSTAT_FOLLOWS_SLASHED_SYMLINK 1
| #define FUNC_REALPATH_NEARLY_WORKS 1
| #define HAVE_FACCESSAT 1
| #define HAVE_GETCWD 1
| #define HAVE_DECL_STRERROR_R 1
| #define HAVE_STRERROR_R 1
| #define HAVE_WORKING_O_DIRECTORY 1
| #define HAVE_WORKING_O_NOATIME 1
| #define HAVE_WORKING_O_NOFOLLOW 1
| /* end confdefs.h.  */
| #include <stddef.h>
| #ifdef HAVE_STDIO_H
| # include <stdio.h>
| #endif
| #ifdef HAVE_STDLIB_H
| # include <stdlib.h>
| #endif
| #ifdef HAVE_STRING_H
| # include <string.h>
| #endif
| #ifdef HAVE_INTTYPES_H
| # include <inttypes.h>
| #endif
| #ifdef HAVE_STDINT_H
| # include <stdint.h>
| #endif
| #ifdef HAVE_STRINGS_H
| # include <strings.h>
| #endif
| #ifdef HAVE_SYS_TYPES_H
| # include <sys/types.h>
| #endif
| #ifdef HAVE_SYS_STAT_H
| # include <sys/stat.h>
| #endif
| #ifdef HAVE_UNISTD_H
| # include <unistd.h>
| #endif
| int
| main (void)
| {
| if (sizeof ((mode_t)))
| 	    return 0;
|   ;
|   return 0;
| }
configure:15283: result: yes
configure:15399: checking for library containing getfilecon_raw
configure:15435: gcc -o conftest -g -O2   conftest.c  >&5
/usr/lib/gcc/x86_64-alpine-linux-musl/15.2.0/../../../../x86_64-alpine-linux-musl/bin/ld: /tmp/ccKhKCcp.o: in function `main':
/home/sonakrie/Work/testicular_linux/sed/conftest.c:147:(.text.startup+0x5): undefined reference to `getfilecon_raw'
collect2: error: ld returned 1 exit status
configure:15435: $? = 1
configure: failed program was:
| /* confdefs.h */
| #define PACKAGE_NAME "GNU sed"
| #define PACKAGE_TARNAME "sed"
| #define PACKAGE_VERSION "4.10"
| #define PACKAGE_STRING "GNU sed 4.10"
| #define PACKAGE_BUGREPORT "bug-sed@gnu.org"
| #define PACKAGE_URL "https://www.gnu.org/software/sed/"
| #define PACKAGE "sed"
| #define VERSION "4.10"
| #define HAVE_STDIO_H 1
| #define HAVE_STDLIB_H 1
| #define HAVE_STRING_H 1
| #define HAVE_INTTYPES_H 1
| #define HAVE_STDINT_H 1
| #define HAVE_STRINGS_H 1
| #define HAVE_SYS_STAT_H 1
| #define HAVE_SYS_TYPES_H 1
| #define HAVE_UNISTD_H 1
| #define HAVE_WCHAR_H 1
| #define HAVE_STDBOOL_H 1
| #define HAVE_UCHAR_H 1
| #define HAVE_SYS_PARAM_H 1
| #define HAVE_SYS_SOCKET_H 1
| #define HAVE_DIRENT_H 1
| #define HAVE_LINUX_XATTR_H 1
| #define HAVE_STDIO_EXT_H 1
| #define HAVE_GETOPT_H 1
| #define HAVE_THREADS_H 1
| #define HAVE_LIMITS_H 1
| #define HAVE_WCTYPE_H 1
| #define HAVE_LANGINFO_H 1
| #define HAVE_SYS_MMAN_H 1
| #define HAVE_PTHREAD_H 1
| #define HAVE_MALLOC_H 1
| #define HAVE_SYS_TIME_H 1
| #define HAVE_STDCKDINT_H 1
| #define HAVE_SYS_RANDOM_H 1
| #define HAVE_FEATURES_H 1
| #define HAVE_ARPA_INET_H 1
| #define HAVE_NETDB_H 1
| #define HAVE_NETINET_IN_H 1
| #define HAVE_MATH_H 1
| #define HAVE_SYS_SELECT_H 1
| #define HAVE_SYS_WAIT_H 1
| #define HAVE_SEMAPHORE_H 1
| #define HAVE_SYS_IOCTL_H 1
| #define HAVE_SYS_UN_H 1
| #define HAVE_SYS_UIO_H 1
| #define HAVE_LOCALE_H 1
| #define HAVE_ERRNO_H 1
| #define STDC_HEADERS 1
| #define _ALL_SOURCE 1
| #define _COSMO_SOURCE 1
| #define _DARWIN_C_SOURCE 1
| #define _GNU_SOURCE 1
| #define _HPUX_ALT_XOPEN_SOCKET_API 1
| #define _NETBSD_SOURCE 1
| #define _OPENBSD_SOURCE 1
| #define _POSIX_PTHREAD_SEMANTICS 1
| #define __STDC_WANT_IEC_60559_ATTRIBS_EXT__ 1
| #define __STDC_WANT_IEC_60559_BFP_EXT__ 1
| #define __STDC_WANT_IEC_60559_DFP_EXT__ 1
| #define __STDC_WANT_IEC_60559_EXT__ 1
| #define __STDC_WANT_IEC_60559_FUNCS_EXT__ 1
| #define __STDC_WANT_IEC_60559_TYPES_EXT__ 1
| #define __STDC_WANT_LIB_EXT2__ 1
| #define __STDC_WANT_MATH_SPEC_FUNCS__ 1
| #define _TANDEM_SOURCE 1
| #define __EXTENSIONS__ 1
| #define _LINUX_SOURCE_COMPAT 1
| #define __USE_MINGW_ANSI_STDIO 1
| #define HAVE_FCHMOD 1
| #define HAVE_BTOWC 1
| #define HAVE_MBRTOWC 1
| #define HAVE_MBSINIT 1
| #define HAVE_REALPATH 1
| #define HAVE_LSTAT 1
| #define HAVE_FCNTL 1
| #define HAVE_SYMLINK 1
| #define HAVE_LISTXATTR 1
| #define HAVE_GETDTABLESIZE 1
| #define HAVE_ISWCNTRL 1
| #define HAVE_MPROTECT 1
| #define HAVE_READLINK 1
| #define HAVE_ISBLANK 1
| #define HAVE_ISWCTYPE 1
| #define HAVE_LINK 1
| #define HAVE_VASPRINTF 1
| #define HAVE___XPG_STRERROR_R 1
| #define HAVE_STRTOIMAX 1
| #define HAVE_WCRTOMB 1
| #define HAVE_WCTOB 1
| #define HAVE_FPURGE 1
| #define HAVE_GETTIMEOFDAY 1
| #define HAVE_PIPE 1
| #define HAVE_PSELECT 1
| #define HAVE_PTHREAD_SIGMASK 1
| #define HAVE_SIGPROCMASK 1
| #define HAVE_SETENV 1
| #define HAVE_SLEEP 1
| #define HAVE_SNPRINTF 1
| #define HAVE_SHUTDOWN 1
| #define HAVE_ISATTY 1
| #define HAVE_ISASCII 1
| #define HAVE_MEMCPY 1
| #define HAVE_STRCHR 1
| #define HAVE_STRTOUL 1
| #define HAVE_POPEN 1
| #define HAVE_PATHCONF 1
| #define HAVE_FCHOWN 1
| #define HAVE_SETLOCALE 1
| #define USE_ACL 0
| #define HAVE_ALLOCA_H 1
| #define HAVE_ALLOCA 1
| #define HAVE_WINT_T 1
| #define HAVE_LANGINFO_CODESET 1
| #define BITSIZEOF_WCHAR_T 32
| #define HAVE_MBSTATE_T 1
| #define HAVE_WORKING_MBRTOC32 1
| #define HAVE_WORKING_C32RTOMB 1
| #define HAVE_MALLOC_PTRDIFF 1
| #define HAVE_MALLOC_POSIX 1
| #define LSTAT_FOLLOWS_SLASHED_SYMLINK 1
| #define FUNC_REALPATH_NEARLY_WORKS 1
| #define HAVE_FACCESSAT 1
| #define HAVE_GETCWD 1
| #define HAVE_DECL_STRERROR_R 1
| #define HAVE_STRERROR_R 1
| #define HAVE_WORKING_O_DIRECTORY 1
| #define HAVE_WORKING_O_NOATIME 1
| #define HAVE_WORKING_O_NOFOLLOW 1
| /* end confdefs.h.  */
| 
| /* Override any GCC internal prototype to avoid an error.
|    Use char because int might match the return type of a GCC
|    builtin and then its argument prototype would still apply.
|    The 'extern "C"' is for builds by C++ compilers;
|    although this is not generally supported in C code supporting it here
|    has little cost and some practical benefit (sr 110532).  */
| #ifdef __cplusplus
| extern "C"
| #endif
| char getfilecon_raw (void);
| int
| main (void)
| {
| return getfilecon_raw ();
|   ;
|   return 0;
| }
configure:15435: gcc -o conftest -g -O2   conftest.c -landroid-selinux   >&5
/usr/lib/gcc/x86_64-alpine-linux-musl/15.2.0/../../../../x86_64-alpine-linux-musl/bin/ld: cannot find -landroid-selinux: No such file or directory
collect2: error: ld returned 1 exit status
configure:15435: $? = 1
configure: failed program was:
| /* confdefs.h */
| #define PACKAGE_NAME "GNU sed"
| #define PACKAGE_TARNAME "sed"
| #define PACKAGE_VERSION "4.10"
| #define PACKAGE_STRING "GNU sed 4.10"
| #define PACKAGE_BUGREPORT "bug-sed@gnu.org"
| #define PACKAGE_URL "https://www.gnu.org/software/sed/"
| #define PACKAGE "sed"
| #define VERSION "4.10"
| #define HAVE_STDIO_H 1
| #define HAVE_STDLIB_H 1
| #define HAVE_STRING_H 1
| #define HAVE_INTTYPES_H 1
| #define HAVE_STDINT_H 1
| #define HAVE_STRINGS_H 1
| #define HAVE_SYS_STAT_H 1
| #define HAVE_SYS_TYPES_H 1
| #define HAVE_UNISTD_H 1
| #define HAVE_WCHAR_H 1
| #define HAVE_STDBOOL_H 1
| #define HAVE_UCHAR_H 1
| #define HAVE_SYS_PARAM_H 1
| #define HAVE_SYS_SOCKET_H 1
| #define HAVE_DIRENT_H 1
| #define HAVE_LINUX_XATTR_H 1
| #define HAVE_STDIO_EXT_H 1
| #define HAVE_GETOPT_H 1
| #define HAVE_THREADS_H 1
| #define HAVE_LIMITS_H 1
| #define HAVE_WCTYPE_H 1
| #define HAVE_LANGINFO_H 1
| #define HAVE_SYS_MMAN_H 1
| #define HAVE_PTHREAD_H 1
| #define HAVE_MALLOC_H 1
| #define HAVE_SYS_TIME_H 1
| #define HAVE_STDCKDINT_H 1
| #define HAVE_SYS_RANDOM_H 1
| #define HAVE_FEATURES_H 1
| #define HAVE_ARPA_INET_H 1
| #define HAVE_NETDB_H 1
| #define HAVE_NETINET_IN_H 1
| #define HAVE_MATH_H 1
| #define HAVE_SYS_SELECT_H 1
| #define HAVE_SYS_WAIT_H 1
| #define HAVE_SEMAPHORE_H 1
| #define HAVE_SYS_IOCTL_H 1
| #define HAVE_SYS_UN_H 1
| #define HAVE_SYS_UIO_H 1
| #define HAVE_LOCALE_H 1
| #define HAVE_ERRNO_H 1
| #define STDC_HEADERS 1
| #define _ALL_SOURCE 1
| #define _COSMO_SOURCE 1
| #define _DARWIN_C_SOURCE 1
| #define _GNU_SOURCE 1
| #define _HPUX_ALT_XOPEN_SOCKET_API 1
| #define _NETBSD_SOURCE 1
| #define _OPENBSD_SOURCE 1
| #define _POSIX_PTHREAD_SEMANTICS 1
| #define __STDC_WANT_IEC_60559_ATTRIBS_EXT__ 1
| #define __STDC_WANT_IEC_60559_BFP_EXT__ 1
| #define __STDC_WANT_IEC_60559_DFP_EXT__ 1
| #define __STDC_WANT_IEC_60559_EXT__ 1
| #define __STDC_WANT_IEC_60559_FUNCS_EXT__ 1
| #define __STDC_WANT_IEC_60559_TYPES_EXT__ 1
| #define __STDC_WANT_LIB_EXT2__ 1
| #define __STDC_WANT_MATH_SPEC_FUNCS__ 1
| #define _TANDEM_SOURCE 1
| #define __EXTENSIONS__ 1
| #define _LINUX_SOURCE_COMPAT 1
| #define __USE_MINGW_ANSI_STDIO 1
| #define HAVE_FCHMOD 1
| #define HAVE_BTOWC 1
| #define HAVE_MBRTOWC 1
| #define HAVE_MBSINIT 1
| #define HAVE_REALPATH 1
| #define HAVE_LSTAT 1
| #define HAVE_FCNTL 1
| #define HAVE_SYMLINK 1
| #define HAVE_LISTXATTR 1
| #define HAVE_GETDTABLESIZE 1
| #define HAVE_ISWCNTRL 1
| #define HAVE_MPROTECT 1
| #define HAVE_READLINK 1
| #define HAVE_ISBLANK 1
| #define HAVE_ISWCTYPE 1
| #define HAVE_LINK 1
| #define HAVE_VASPRINTF 1
| #define HAVE___XPG_STRERROR_R 1
| #define HAVE_STRTOIMAX 1
| #define HAVE_WCRTOMB 1
| #define HAVE_WCTOB 1
| #define HAVE_FPURGE 1
| #define HAVE_GETTIMEOFDAY 1
| #define HAVE_PIPE 1
| #define HAVE_PSELECT 1
| #define HAVE_PTHREAD_SIGMASK 1
| #define HAVE_SIGPROCMASK 1
| #define HAVE_SETENV 1
| #define HAVE_SLEEP 1
| #define HAVE_SNPRINTF 1
| #define HAVE_SHUTDOWN 1
| #define HAVE_ISATTY 1
| #define HAVE_ISASCII 1
| #define HAVE_MEMCPY 1
| #define HAVE_STRCHR 1
| #define HAVE_STRTOUL 1
| #define HAVE_POPEN 1
| #define HAVE_PATHCONF 1
| #define HAVE_FCHOWN 1
| #define HAVE_SETLOCALE 1
| #define USE_ACL 0
| #define HAVE_ALLOCA_H 1
| #define HAVE_ALLOCA 1
| #define HAVE_WINT_T 1
| #define HAVE_LANGINFO_CODESET 1
| #define BITSIZEOF_WCHAR_T 32
| #define HAVE_MBSTATE_T 1
| #define HAVE_WORKING_MBRTOC32 1
| #define HAVE_WORKING_C32RTOMB 1
| #define HAVE_MALLOC_PTRDIFF 1
| #define HAVE_MALLOC_POSIX 1
| #define LSTAT_FOLLOWS_SLASHED_SYMLINK 1
| #define FUNC_REALPATH_NEARLY_WORKS 1
| #define HAVE_FACCESSAT 1
| #define HAVE_GETCWD 1
| #define HAVE_DECL_STRERROR_R 1
| #define HAVE_STRERROR_R 1
| #define HAVE_WORKING_O_DIRECTORY 1
| #define HAVE_WORKING_O_NOATIME 1
| #define HAVE_WORKING_O_NOFOLLOW 1
| /* end confdefs.h.  */
| 
| /* Override any GCC internal prototype to avoid an error.
|    Use char because int might match the return type of a GCC
|    builtin and then its argument prototype would still apply.
|    The 'extern "C"' is for builds by C++ compilers;
|    although this is not generally supported in C code supporting it here
|    has little cost and some practical benefit (sr 110532).  */
| #ifdef __cplusplus
| extern "C"
| #endif
| char getfilecon_raw (void);
| int
| main (void)
| {
| return getfilecon_raw ();
|   ;
|   return 0;
| }
configure:15435: gcc -o conftest -g -O2   conftest.c -lselinux   >&5
/usr/lib/gcc/x86_64-alpine-linux-musl/15.2.0/../../../../x86_64-alpine-linux-musl/bin/ld: cannot find -lselinux: No such file or directory
collect2: error: ld returned 1 exit status
configure:15435: $? = 1
configure: failed program was:
| /* confdefs.h */
| #define PACKAGE_NAME "GNU sed"
| #define PACKAGE_TARNAME "sed"
| #define PACKAGE_VERSION "4.10"
| #define PACKAGE_STRING "GNU sed 4.10"
| #define PACKAGE_BUGREPORT "bug-sed@gnu.org"
| #define PACKAGE_URL "https://www.gnu.org/software/sed/"
| #define PACKAGE "sed"
| #define VERSION "4.10"
| #define HAVE_STDIO_H 1
| #define HAVE_STDLIB_H 1
| #define HAVE_STRING_H 1
| #define HAVE_INTTYPES_H 1
| #define HAVE_STDINT_H 1
| #define HAVE_STRINGS_H 1
| #define HAVE_SYS_STAT_H 1
| #define HAVE_SYS_TYPES_H 1
| #define HAVE_UNISTD_H 1
| #define HAVE_WCHAR_H 1
| #define HAVE_STDBOOL_H 1
| #define HAVE_UCHAR_H 1
| #define HAVE_SYS_PARAM_H 1
| #define HAVE_SYS_SOCKET_H 1
| #define HAVE_DIRENT_H 1
| #define HAVE_LINUX_XATTR_H 1
| #define HAVE_STDIO_EXT_H 1
| #define HAVE_GETOPT_H 1
| #define HAVE_THREADS_H 1
| #define HAVE_LIMITS_H 1
| #define HAVE_WCTYPE_H 1
| #define HAVE_LANGINFO_H 1
| #define HAVE_SYS_MMAN_H 1
| #define HAVE_PTHREAD_H 1
| #define HAVE_MALLOC_H 1
| #define HAVE_SYS_TIME_H 1
| #define HAVE_STDCKDINT_H 1
| #define HAVE_SYS_RANDOM_H 1
| #define HAVE_FEATURES_H 1
| #define HAVE_ARPA_INET_H 1
| #define HAVE_NETDB_H 1
| #define HAVE_NETINET_IN_H 1
| #define HAVE_MATH_H 1
| #define HAVE_SYS_SELECT_H 1
| #define HAVE_SYS_WAIT_H 1
| #define HAVE_SEMAPHORE_H 1
| #define HAVE_SYS_IOCTL_H 1
| #define HAVE_SYS_UN_H 1
| #define HAVE_SYS_UIO_H 1
| #define HAVE_LOCALE_H 1
| #define HAVE_ERRNO_H 1
| #define STDC_HEADERS 1
| #define _ALL_SOURCE 1
| #define _COSMO_SOURCE 1
| #define _DARWIN_C_SOURCE 1
| #define _GNU_SOURCE 1
| #define _HPUX_ALT_XOPEN_SOCKET_API 1
| #define _NETBSD_SOURCE 1
| #define _OPENBSD_SOURCE 1
| #define _POSIX_PTHREAD_SEMANTICS 1
| #define __STDC_WANT_IEC_60559_ATTRIBS_EXT__ 1
| #define __STDC_WANT_IEC_60559_BFP_EXT__ 1
| #define __STDC_WANT_IEC_60559_DFP_EXT__ 1
| #define __STDC_WANT_IEC_60559_EXT__ 1
| #define __STDC_WANT_IEC_60559_FUNCS_EXT__ 1
| #define __STDC_WANT_IEC_60559_TYPES_EXT__ 1
| #define __STDC_WANT_LIB_EXT2__ 1
| #define __STDC_WANT_MATH_SPEC_FUNCS__ 1
| #define _TANDEM_SOURCE 1
| #define __EXTENSIONS__ 1
| #define _LINUX_SOURCE_COMPAT 1
| #define __USE_MINGW_ANSI_STDIO 1
| #define HAVE_FCHMOD 1
| #define HAVE_BTOWC 1
| #define HAVE_MBRTOWC 1
| #define HAVE_MBSINIT 1
| #define HAVE_REALPATH 1
| #define HAVE_LSTAT 1
| #define HAVE_FCNTL 1
| #define HAVE_SYMLINK 1
| #define HAVE_LISTXATTR 1
| #define HAVE_GETDTABLESIZE 1
| #define HAVE_ISWCNTRL 1
| #define HAVE_MPROTECT 1
| #define HAVE_READLINK 1
| #define HAVE_ISBLANK 1
| #define HAVE_ISWCTYPE 1
| #define HAVE_LINK 1
| #define HAVE_VASPRINTF 1
| #define HAVE___XPG_STRERROR_R 1
| #define HAVE_STRTOIMAX 1
| #define HAVE_WCRTOMB 1
| #define HAVE_WCTOB 1
| #define HAVE_FPURGE 1
| #define HAVE_GETTIMEOFDAY 1
| #define HAVE_PIPE 1
| #define HAVE_PSELECT 1
| #define HAVE_PTHREAD_SIGMASK 1
| #define HAVE_SIGPROCMASK 1
| #define HAVE_SETENV 1
| #define HAVE_SLEEP 1
| #define HAVE_SNPRINTF 1
| #define HAVE_SHUTDOWN 1
| #define HAVE_ISATTY 1
| #define HAVE_ISASCII 1
| #define HAVE_MEMCPY 1
| #define HAVE_STRCHR 1
| #define HAVE_STRTOUL 1
| #define HAVE_POPEN 1
| #define HAVE_PATHCONF 1
| #define HAVE_FCHOWN 1
| #define HAVE_SETLOCALE 1
| #define USE_ACL 0
| #define HAVE_ALLOCA_H 1
| #define HAVE_ALLOCA 1
| #define HAVE_WINT_T 1
| #define HAVE_LANGINFO_CODESET 1
| #define BITSIZEOF_WCHAR_T 32
| #define HAVE_MBSTATE_T 1
| #define HAVE_WORKING_MBRTOC32 1
| #define HAVE_WORKING_C32RTOMB 1
| #define HAVE_MALLOC_PTRDIFF 1
| #define HAVE_MALLOC_POSIX 1
| #define LSTAT_FOLLOWS_SLASHED_SYMLINK 1
| #define FUNC_REALPATH_NEARLY_WORKS 1
| #define HAVE_FACCESSAT 1
| #define HAVE_GETCWD 1
| #define HAVE_DECL_STRERROR_R 1
| #define HAVE_STRERROR_R 1
| #define HAVE_WORKING_O_DIRECTORY 1
| #define HAVE_WORKING_O_NOATIME 1
| #define HAVE_WORKING_O_NOFOLLOW 1
| /* end confdefs.h.  */
| 
| /* Override any GCC internal prototype to avoid an error.
|    Use char because int might match the return type of a GCC
|    builtin and then its argument prototype would still apply.
|    The 'extern "C"' is for builds by C++ compilers;
|    although this is not generally supported in C code supporting it here
|    has little cost and some practical benefit (sr 110532).  */
| #ifdef __cplusplus
| extern "C"
| #endif
| char getfilecon_raw (void);
| int
| main (void)
| {
| return getfilecon_raw ();
|   ;
|   return 0;
| }
configure:15457: result: no
configure:15544: checking whether stat file-mode macros are broken
configure:15572: gcc -c -g -O2  conftest.c >&5
configure:15572: $? = 0
configure:15582: result: no
configure:15676: checking for C/C++ restrict keyword
configure:15706: gcc -c -g -O2  conftest.c >&5
configure:15706: $? = 0
configure:15716: result: __restrict__
configure:15825: checking for nlink_t
configure:15825: gcc -c -g -O2  conftest.c >&5
configure:15825: $? = 0
configure:15825: gcc -c -g -O2  conftest.c >&5
conftest.c: In function 'main':
conftest.c:141:22: error: expected expression before ')' token
  141 | if (sizeof ((nlink_t)))
      |                      ^
configure:15825: $? = 1
configure: failed program was:
| /* confdefs.h */
| #define PACKAGE_NAME "GNU sed"
| #define PACKAGE_TARNAME "sed"
| #define PACKAGE_VERSION "4.10"
| #define PACKAGE_STRING "GNU sed 4.10"
| #define PACKAGE_BUGREPORT "bug-sed@gnu.org"
| #define PACKAGE_URL "https://www.gnu.org/software/sed/"
| #define PACKAGE "sed"
| #define VERSION "4.10"
| #define HAVE_STDIO_H 1
| #define HAVE_STDLIB_H 1
| #define HAVE_STRING_H 1
| #define HAVE_INTTYPES_H 1
| #define HAVE_STDINT_H 1
| #define HAVE_STRINGS_H 1
| #define HAVE_SYS_STAT_H 1
| #define HAVE_SYS_TYPES_H 1
| #define HAVE_UNISTD_H 1
| #define HAVE_WCHAR_H 1
| #define HAVE_STDBOOL_H 1
| #define HAVE_UCHAR_H 1
| #define HAVE_SYS_PARAM_H 1
| #define HAVE_SYS_SOCKET_H 1
| #define HAVE_DIRENT_H 1
| #define HAVE_LINUX_XATTR_H 1
| #define HAVE_STDIO_EXT_H 1
| #define HAVE_GETOPT_H 1
| #define HAVE_THREADS_H 1
| #define HAVE_LIMITS_H 1
| #define HAVE_WCTYPE_H 1
| #define HAVE_LANGINFO_H 1
| #define HAVE_SYS_MMAN_H 1
| #define HAVE_PTHREAD_H 1
| #define HAVE_MALLOC_H 1
| #define HAVE_SYS_TIME_H 1
| #define HAVE_STDCKDINT_H 1
| #define HAVE_SYS_RANDOM_H 1
| #define HAVE_FEATURES_H 1
| #define HAVE_ARPA_INET_H 1
| #define HAVE_NETDB_H 1
| #define HAVE_NETINET_IN_H 1
| #define HAVE_MATH_H 1
| #define HAVE_SYS_SELECT_H 1
| #define HAVE_SYS_WAIT_H 1
| #define HAVE_SEMAPHORE_H 1
| #define HAVE_SYS_IOCTL_H 1
| #define HAVE_SYS_UN_H 1
| #define HAVE_SYS_UIO_H 1
| #define HAVE_LOCALE_H 1
| #define HAVE_ERRNO_H 1
| #define STDC_HEADERS 1
| #define _ALL_SOURCE 1
| #define _COSMO_SOURCE 1
| #define _DARWIN_C_SOURCE 1
| #define _GNU_SOURCE 1
| #define _HPUX_ALT_XOPEN_SOCKET_API 1
| #define _NETBSD_SOURCE 1
| #define _OPENBSD_SOURCE 1
| #define _POSIX_PTHREAD_SEMANTICS 1
| #define __STDC_WANT_IEC_60559_ATTRIBS_EXT__ 1
| #define __STDC_WANT_IEC_60559_BFP_EXT__ 1
| #define __STDC_WANT_IEC_60559_DFP_EXT__ 1
| #define __STDC_WANT_IEC_60559_EXT__ 1
| #define __STDC_WANT_IEC_60559_FUNCS_EXT__ 1
| #define __STDC_WANT_IEC_60559_TYPES_EXT__ 1
| #define __STDC_WANT_LIB_EXT2__ 1
| #define __STDC_WANT_MATH_SPEC_FUNCS__ 1
| #define _TANDEM_SOURCE 1
| #define __EXTENSIONS__ 1
| #define _LINUX_SOURCE_COMPAT 1
| #define __USE_MINGW_ANSI_STDIO 1
| #define HAVE_FCHMOD 1
| #define HAVE_BTOWC 1
| #define HAVE_MBRTOWC 1
| #define HAVE_MBSINIT 1
| #define HAVE_REALPATH 1
| #define HAVE_LSTAT 1
| #define HAVE_FCNTL 1
| #define HAVE_SYMLINK 1
| #define HAVE_LISTXATTR 1
| #define HAVE_GETDTABLESIZE 1
| #define HAVE_ISWCNTRL 1
| #define HAVE_MPROTECT 1
| #define HAVE_READLINK 1
| #define HAVE_ISBLANK 1
| #define HAVE_ISWCTYPE 1
| #define HAVE_LINK 1
| #define HAVE_VASPRINTF 1
| #define HAVE___XPG_STRERROR_R 1
| #define HAVE_STRTOIMAX 1
| #define HAVE_WCRTOMB 1
| #define HAVE_WCTOB 1
| #define HAVE_FPURGE 1
| #define HAVE_GETTIMEOFDAY 1
| #define HAVE_PIPE 1
| #define HAVE_PSELECT 1
| #define HAVE_PTHREAD_SIGMASK 1
| #define HAVE_SIGPROCMASK 1
| #define HAVE_SETENV 1
| #define HAVE_SLEEP 1
| #define HAVE_SNPRINTF 1
| #define HAVE_SHUTDOWN 1
| #define HAVE_ISATTY 1
| #define HAVE_ISASCII 1
| #define HAVE_MEMCPY 1
| #define HAVE_STRCHR 1
| #define HAVE_STRTOUL 1
| #define HAVE_POPEN 1
| #define HAVE_PATHCONF 1
| #define HAVE_FCHOWN 1
| #define HAVE_SETLOCALE 1
| #define USE_ACL 0
| #define HAVE_ALLOCA_H 1
| #define HAVE_ALLOCA 1
| #define HAVE_WINT_T 1
| #define HAVE_LANGINFO_CODESET 1
| #define BITSIZEOF_WCHAR_T 32
| #define HAVE_MBSTATE_T 1
| #define HAVE_WORKING_MBRTOC32 1
| #define HAVE_WORKING_C32RTOMB 1
| #define HAVE_MALLOC_PTRDIFF 1
| #define HAVE_MALLOC_POSIX 1
| #define LSTAT_FOLLOWS_SLASHED_SYMLINK 1
| #define FUNC_REALPATH_NEARLY_WORKS 1
| #define HAVE_FACCESSAT 1
| #define HAVE_GETCWD 1
| #define HAVE_DECL_STRERROR_R 1
| #define HAVE_STRERROR_R 1
| #define HAVE_WORKING_O_DIRECTORY 1
| #define HAVE_WORKING_O_NOATIME 1
| #define HAVE_WORKING_O_NOFOLLOW 1
| #define USE_SELINUX_SELINUX_H 0
| #define restrict __restrict__
| /* end confdefs.h.  */
| #include <sys/types.h>
|      #include <sys/stat.h>
| 
| int
| main (void)
| {
| if (sizeof ((nlink_t)))
| 	    return 0;
|   ;
|   return 0;
| }
configure:15825: result: yes
configure:16000: checking whether getdelim is declared
configure:16000: gcc -c -g -O2   conftest.c >&5
configure:16000: $? = 0
configure:16000: result: yes
configure:16305: checking whether getdtablesize is declared
configure:16305: gcc -c -g -O2   conftest.c >&5
configure:16305: $? = 0
configure:16305: result: yes
configure:16412: checking for getopt.h
configure:16412: result: yes
configure:16429: checking for getopt_long_only
configure:16429: gcc -o conftest -g -O2   conftest.c  >&5
configure:16429: $? = 0
configure:16429: result: yes
configure:16443: checking whether getopt is POSIX compatible
configure:16487: gcc -o conftest -g -O2   conftest.c  >&5
configure:16487: $? = 0
configure:16487: ./conftest
configure:16487: $? = 0
configure:16550: gcc -o conftest -g -O2   conftest.c  >&5
configure:16550: $? = 0
configure:16550: ./conftest
configure:16550: $? = 0
configure:16596: gcc -o conftest -g -O2   conftest.c  >&5
configure:16596: $? = 0
configure:16596: ./conftest
program: option requires an argument: b
configure:16596: $? = 16
configure: program exited with status 16
configure: failed program was:
| /* confdefs.h */
| #define PACKAGE_NAME "GNU sed"
| #define PACKAGE_TARNAME "sed"
| #define PACKAGE_VERSION "4.10"
| #define PACKAGE_STRING "GNU sed 4.10"
| #define PACKAGE_BUGREPORT "bug-sed@gnu.org"
| #define PACKAGE_URL "https://www.gnu.org/software/sed/"
| #define PACKAGE "sed"
| #define VERSION "4.10"
| #define HAVE_STDIO_H 1
| #define HAVE_STDLIB_H 1
| #define HAVE_STRING_H 1
| #define HAVE_INTTYPES_H 1
| #define HAVE_STDINT_H 1
| #define HAVE_STRINGS_H 1
| #define HAVE_SYS_STAT_H 1
| #define HAVE_SYS_TYPES_H 1
| #define HAVE_UNISTD_H 1
| #define HAVE_WCHAR_H 1
| #define HAVE_STDBOOL_H 1
| #define HAVE_UCHAR_H 1
| #define HAVE_SYS_PARAM_H 1
| #define HAVE_SYS_SOCKET_H 1
| #define HAVE_DIRENT_H 1
| #define HAVE_LINUX_XATTR_H 1
| #define HAVE_STDIO_EXT_H 1
| #define HAVE_GETOPT_H 1
| #define HAVE_THREADS_H 1
| #define HAVE_LIMITS_H 1
| #define HAVE_WCTYPE_H 1
| #define HAVE_LANGINFO_H 1
| #define HAVE_SYS_MMAN_H 1
| #define HAVE_PTHREAD_H 1
| #define HAVE_MALLOC_H 1
| #define HAVE_SYS_TIME_H 1
| #define HAVE_STDCKDINT_H 1
| #define HAVE_SYS_RANDOM_H 1
| #define HAVE_FEATURES_H 1
| #define HAVE_ARPA_INET_H 1
| #define HAVE_NETDB_H 1
| #define HAVE_NETINET_IN_H 1
| #define HAVE_MATH_H 1
| #define HAVE_SYS_SELECT_H 1
| #define HAVE_SYS_WAIT_H 1
| #define HAVE_SEMAPHORE_H 1
| #define HAVE_SYS_IOCTL_H 1
| #define HAVE_SYS_UN_H 1
| #define HAVE_SYS_UIO_H 1
| #define HAVE_LOCALE_H 1
| #define HAVE_ERRNO_H 1
| #define STDC_HEADERS 1
| #define _ALL_SOURCE 1
| #define _COSMO_SOURCE 1
| #define _DARWIN_C_SOURCE 1
| #define _GNU_SOURCE 1
| #define _HPUX_ALT_XOPEN_SOCKET_API 1
| #define _NETBSD_SOURCE 1
| #define _OPENBSD_SOURCE 1
| #define _POSIX_PTHREAD_SEMANTICS 1
| #define __STDC_WANT_IEC_60559_ATTRIBS_EXT__ 1
| #define __STDC_WANT_IEC_60559_BFP_EXT__ 1
| #define __STDC_WANT_IEC_60559_DFP_EXT__ 1
| #define __STDC_WANT_IEC_60559_EXT__ 1
| #define __STDC_WANT_IEC_60559_FUNCS_EXT__ 1
| #define __STDC_WANT_IEC_60559_TYPES_EXT__ 1
| #define __STDC_WANT_LIB_EXT2__ 1
| #define __STDC_WANT_MATH_SPEC_FUNCS__ 1
| #define _TANDEM_SOURCE 1
| #define __EXTENSIONS__ 1
| #define _LINUX_SOURCE_COMPAT 1
| #define __USE_MINGW_ANSI_STDIO 1
| #define HAVE_FCHMOD 1
| #define HAVE_BTOWC 1
| #define HAVE_MBRTOWC 1
| #define HAVE_MBSINIT 1
| #define HAVE_REALPATH 1
| #define HAVE_LSTAT 1
| #define HAVE_FCNTL 1
| #define HAVE_SYMLINK 1
| #define HAVE_LISTXATTR 1
| #define HAVE_GETDTABLESIZE 1
| #define HAVE_ISWCNTRL 1
| #define HAVE_MPROTECT 1
| #define HAVE_READLINK 1
| #define HAVE_ISBLANK 1
| #define HAVE_ISWCTYPE 1
| #define HAVE_LINK 1
| #define HAVE_VASPRINTF 1
| #define HAVE___XPG_STRERROR_R 1
| #define HAVE_STRTOIMAX 1
| #define HAVE_WCRTOMB 1
| #define HAVE_WCTOB 1
| #define HAVE_FPURGE 1
| #define HAVE_GETTIMEOFDAY 1
| #define HAVE_PIPE 1
| #define HAVE_PSELECT 1
| #define HAVE_PTHREAD_SIGMASK 1
| #define HAVE_SIGPROCMASK 1
| #define HAVE_SETENV 1
| #define HAVE_SLEEP 1
| #define HAVE_SNPRINTF 1
| #define HAVE_SHUTDOWN 1
| #define HAVE_ISATTY 1
| #define HAVE_ISASCII 1
| #define HAVE_MEMCPY 1
| #define HAVE_STRCHR 1
| #define HAVE_STRTOUL 1
| #define HAVE_POPEN 1
| #define HAVE_PATHCONF 1
| #define HAVE_FCHOWN 1
| #define HAVE_SETLOCALE 1
| #define USE_ACL 0
| #define HAVE_ALLOCA_H 1
| #define HAVE_ALLOCA 1
| #define HAVE_WINT_T 1
| #define HAVE_LANGINFO_CODESET 1
| #define BITSIZEOF_WCHAR_T 32
| #define HAVE_MBSTATE_T 1
| #define HAVE_WORKING_MBRTOC32 1
| #define HAVE_WORKING_C32RTOMB 1
| #define HAVE_MALLOC_PTRDIFF 1
| #define HAVE_MALLOC_POSIX 1
| #define LSTAT_FOLLOWS_SLASHED_SYMLINK 1
| #define FUNC_REALPATH_NEARLY_WORKS 1
| #define HAVE_FACCESSAT 1
| #define HAVE_GETCWD 1
| #define HAVE_DECL_STRERROR_R 1
| #define HAVE_STRERROR_R 1
| #define HAVE_WORKING_O_DIRECTORY 1
| #define HAVE_WORKING_O_NOATIME 1
| #define HAVE_WORKING_O_NOFOLLOW 1
| #define USE_SELINUX_SELINUX_H 0
| #define restrict __restrict__
| #define HAVE_DECL_GETDELIM 1
| #define HAVE_DECL_GETDTABLESIZE 1
| #define HAVE_GETOPT_H 1
| #define HAVE_GETOPT_LONG_ONLY 1
| /* end confdefs.h.  */
| 
| #include <unistd.h>
| #include <stdlib.h>
| #include <string.h>
| 
| int
| main ()
| {
|   static char program[] = "program";
|   static char ab[] = "-ab";
|   char *argv[3] = { program, ab, NULL };
|   if (getopt (2, argv, "ab:") != 'a')
|     return 13;
|   if (getopt (2, argv, "ab:") != '?')
|     return 14;
|   if (optopt != 'b')
|     return 15;
|   if (optind != 2)
|     return 16;
|   return 0;
| }
| 
configure:16618: result: no
configure:16945: checking for glibc-compatible sys/cdefs.h
configure:16958: gcc -c -g -O2  conftest.c >&5
conftest.c:140:19: fatal error: sys/cdefs.h: No such file or directory
  140 |          #include <sys/cdefs.h>
      |                   ^~~~~~~~~~~~~
compilation terminated.
configure:16958: $? = 1
configure: failed program was:
| /* confdefs.h */
| #define PACKAGE_NAME "GNU sed"
| #define PACKAGE_TARNAME "sed"
| #define PACKAGE_VERSION "4.10"
| #define PACKAGE_STRING "GNU sed 4.10"
| #define PACKAGE_BUGREPORT "bug-sed@gnu.org"
| #define PACKAGE_URL "https://www.gnu.org/software/sed/"
| #define PACKAGE "sed"
| #define VERSION "4.10"
| #define HAVE_STDIO_H 1
| #define HAVE_STDLIB_H 1
| #define HAVE_STRING_H 1
| #define HAVE_INTTYPES_H 1
| #define HAVE_STDINT_H 1
| #define HAVE_STRINGS_H 1
| #define HAVE_SYS_STAT_H 1
| #define HAVE_SYS_TYPES_H 1
| #define HAVE_UNISTD_H 1
| #define HAVE_WCHAR_H 1
| #define HAVE_STDBOOL_H 1
| #define HAVE_UCHAR_H 1
| #define HAVE_SYS_PARAM_H 1
| #define HAVE_SYS_SOCKET_H 1
| #define HAVE_DIRENT_H 1
| #define HAVE_LINUX_XATTR_H 1
| #define HAVE_STDIO_EXT_H 1
| #define HAVE_GETOPT_H 1
| #define HAVE_THREADS_H 1
| #define HAVE_LIMITS_H 1
| #define HAVE_WCTYPE_H 1
| #define HAVE_LANGINFO_H 1
| #define HAVE_SYS_MMAN_H 1
| #define HAVE_PTHREAD_H 1
| #define HAVE_MALLOC_H 1
| #define HAVE_SYS_TIME_H 1
| #define HAVE_STDCKDINT_H 1
| #define HAVE_SYS_RANDOM_H 1
| #define HAVE_FEATURES_H 1
| #define HAVE_ARPA_INET_H 1
| #define HAVE_NETDB_H 1
| #define HAVE_NETINET_IN_H 1
| #define HAVE_MATH_H 1
| #define HAVE_SYS_SELECT_H 1
| #define HAVE_SYS_WAIT_H 1
| #define HAVE_SEMAPHORE_H 1
| #define HAVE_SYS_IOCTL_H 1
| #define HAVE_SYS_UN_H 1
| #define HAVE_SYS_UIO_H 1
| #define HAVE_LOCALE_H 1
| #define HAVE_ERRNO_H 1
| #define STDC_HEADERS 1
| #define _ALL_SOURCE 1
| #define _COSMO_SOURCE 1
| #define _DARWIN_C_SOURCE 1
| #define _GNU_SOURCE 1
| #define _HPUX_ALT_XOPEN_SOCKET_API 1
| #define _NETBSD_SOURCE 1
| #define _OPENBSD_SOURCE 1
| #define _POSIX_PTHREAD_SEMANTICS 1
| #define __STDC_WANT_IEC_60559_ATTRIBS_EXT__ 1
| #define __STDC_WANT_IEC_60559_BFP_EXT__ 1
| #define __STDC_WANT_IEC_60559_DFP_EXT__ 1
| #define __STDC_WANT_IEC_60559_EXT__ 1
| #define __STDC_WANT_IEC_60559_FUNCS_EXT__ 1
| #define __STDC_WANT_IEC_60559_TYPES_EXT__ 1
| #define __STDC_WANT_LIB_EXT2__ 1
| #define __STDC_WANT_MATH_SPEC_FUNCS__ 1
| #define _TANDEM_SOURCE 1
| #define __EXTENSIONS__ 1
| #define _LINUX_SOURCE_COMPAT 1
| #define __USE_MINGW_ANSI_STDIO 1
| #define HAVE_FCHMOD 1
| #define HAVE_BTOWC 1
| #define HAVE_MBRTOWC 1
| #define HAVE_MBSINIT 1
| #define HAVE_REALPATH 1
| #define HAVE_LSTAT 1
| #define HAVE_FCNTL 1
| #define HAVE_SYMLINK 1
| #define HAVE_LISTXATTR 1
| #define HAVE_GETDTABLESIZE 1
| #define HAVE_ISWCNTRL 1
| #define HAVE_MPROTECT 1
| #define HAVE_READLINK 1
| #define HAVE_ISBLANK 1
| #define HAVE_ISWCTYPE 1
| #define HAVE_LINK 1
| #define HAVE_VASPRINTF 1
| #define HAVE___XPG_STRERROR_R 1
| #define HAVE_STRTOIMAX 1
| #define HAVE_WCRTOMB 1
| #define HAVE_WCTOB 1
| #define HAVE_FPURGE 1
| #define HAVE_GETTIMEOFDAY 1
| #define HAVE_PIPE 1
| #define HAVE_PSELECT 1
| #define HAVE_PTHREAD_SIGMASK 1
| #define HAVE_SIGPROCMASK 1
| #define HAVE_SETENV 1
| #define HAVE_SLEEP 1
| #define HAVE_SNPRINTF 1
| #define HAVE_SHUTDOWN 1
| #define HAVE_ISATTY 1
| #define HAVE_ISASCII 1
| #define HAVE_MEMCPY 1
| #define HAVE_STRCHR 1
| #define HAVE_STRTOUL 1
| #define HAVE_POPEN 1
| #define HAVE_PATHCONF 1
| #define HAVE_FCHOWN 1
| #define HAVE_SETLOCALE 1
| #define USE_ACL 0
| #define HAVE_ALLOCA_H 1
| #define HAVE_ALLOCA 1
| #define HAVE_WINT_T 1
| #define HAVE_LANGINFO_CODESET 1
| #define BITSIZEOF_WCHAR_T 32
| #define HAVE_MBSTATE_T 1
| #define HAVE_WORKING_MBRTOC32 1
| #define HAVE_WORKING_C32RTOMB 1
| #define HAVE_MALLOC_PTRDIFF 1
| #define HAVE_MALLOC_POSIX 1
| #define LSTAT_FOLLOWS_SLASHED_SYMLINK 1
| #define FUNC_REALPATH_NEARLY_WORKS 1
| #define HAVE_FACCESSAT 1
| #define HAVE_GETCWD 1
| #define HAVE_DECL_STRERROR_R 1
| #define HAVE_STRERROR_R 1
| #define HAVE_WORKING_O_DIRECTORY 1
| #define HAVE_WORKING_O_NOATIME 1
| #define HAVE_WORKING_O_NOFOLLOW 1
| #define USE_SELINUX_SELINUX_H 0
| #define restrict __restrict__
| #define HAVE_DECL_GETDELIM 1
| #define HAVE_DECL_GETDTABLESIZE 1
| #define HAVE_GETOPT_H 1
| #define HAVE_GETOPT_LONG_ONLY 1
| /* end confdefs.h.  */
| 
|          #include <sys/cdefs.h>
|           enum { foo = __GNUC_PREREQ (14, 1) } bar;
| 
configure:16968: result: no
configure:17023: checking for pthread.h
configure:17023: result: yes
configure:17059: gcc -o conftest -g -O2   conftest.c   >&5
configure:17059: $? = 0
configure:17070: gl_pthread_api=yes
configure:17071: LIBPTHREAD=
configure:17100: gl_pthread_in_glibc=no
configure:17108: checking for pthread_kill in -lpthread
configure:17137: gcc -o conftest -g -O2   conftest.c -lpthread   >&5
configure:17137: $? = 0
configure:17149: result: yes
configure:17352: LIBPMULTITHREAD=-lpthread
configure:17355: checking whether POSIX threads API is available
configure:17357: result: yes
configure:17382: gcc -o conftest -g -O2   conftest.c  >&5
configure:17382: $? = 0
configure:17505: checking whether setlocale (LC_ALL, NULL) is thread-safe
configure:17549: result: no
configure:17567: checking whether setlocale (category, NULL) is thread-safe
configure:17587: result: yes
configure:17613: checking whether imported symbols can be declared weak
configure:17640: gcc -o conftest -g -O2   conftest.c  >&5
configure:17640: $? = 0
configure:17680: gcc -o conftest -g -O2   conftest.c  >&5
configure:17680: $? = 0
configure:17680: ./conftest
configure:17680: $? = 0
configure:17731: result: yes
configure:17840: checking whether limits.h has WORD_BIT, BOOL_WIDTH etc.
configure:17867: gcc -c -g -O2  conftest.c >&5
conftest.c:150:24: error: 'ULLONG_WIDTH' undeclared here (not in a function)
  150 |             int ullw = ULLONG_WIDTH;
      |                        ^~~~~~~~~~~~
conftest.c:151:22: error: 'BOOL_WIDTH' undeclared here (not in a function)
  151 |             int bw = BOOL_WIDTH;
      |                      ^~~~~~~~~~
conftest.c:152:22: error: 'BOOL_MAX' undeclared here (not in a function)
  152 |             int bm = BOOL_MAX;
      |                      ^~~~~~~~
configure:17867: $? = 1
configure: failed program was:
| /* confdefs.h */
| #define PACKAGE_NAME "GNU sed"
| #define PACKAGE_TARNAME "sed"
| #define PACKAGE_VERSION "4.10"
| #define PACKAGE_STRING "GNU sed 4.10"
| #define PACKAGE_BUGREPORT "bug-sed@gnu.org"
| #define PACKAGE_URL "https://www.gnu.org/software/sed/"
| #define PACKAGE "sed"
| #define VERSION "4.10"
| #define HAVE_STDIO_H 1
| #define HAVE_STDLIB_H 1
| #define HAVE_STRING_H 1
| #define HAVE_INTTYPES_H 1
| #define HAVE_STDINT_H 1
| #define HAVE_STRINGS_H 1
| #define HAVE_SYS_STAT_H 1
| #define HAVE_SYS_TYPES_H 1
| #define HAVE_UNISTD_H 1
| #define HAVE_WCHAR_H 1
| #define HAVE_STDBOOL_H 1
| #define HAVE_UCHAR_H 1
| #define HAVE_SYS_PARAM_H 1
| #define HAVE_SYS_SOCKET_H 1
| #define HAVE_DIRENT_H 1
| #define HAVE_LINUX_XATTR_H 1
| #define HAVE_STDIO_EXT_H 1
| #define HAVE_GETOPT_H 1
| #define HAVE_THREADS_H 1
| #define HAVE_LIMITS_H 1
| #define HAVE_WCTYPE_H 1
| #define HAVE_LANGINFO_H 1
| #define HAVE_SYS_MMAN_H 1
| #define HAVE_PTHREAD_H 1
| #define HAVE_MALLOC_H 1
| #define HAVE_SYS_TIME_H 1
| #define HAVE_STDCKDINT_H 1
| #define HAVE_SYS_RANDOM_H 1
| #define HAVE_FEATURES_H 1
| #define HAVE_ARPA_INET_H 1
| #define HAVE_NETDB_H 1
| #define HAVE_NETINET_IN_H 1
| #define HAVE_MATH_H 1
| #define HAVE_SYS_SELECT_H 1
| #define HAVE_SYS_WAIT_H 1
| #define HAVE_SEMAPHORE_H 1
| #define HAVE_SYS_IOCTL_H 1
| #define HAVE_SYS_UN_H 1
| #define HAVE_SYS_UIO_H 1
| #define HAVE_LOCALE_H 1
| #define HAVE_ERRNO_H 1
| #define STDC_HEADERS 1
| #define _ALL_SOURCE 1
| #define _COSMO_SOURCE 1
| #define _DARWIN_C_SOURCE 1
| #define _GNU_SOURCE 1
| #define _HPUX_ALT_XOPEN_SOCKET_API 1
| #define _NETBSD_SOURCE 1
| #define _OPENBSD_SOURCE 1
| #define _POSIX_PTHREAD_SEMANTICS 1
| #define __STDC_WANT_IEC_60559_ATTRIBS_EXT__ 1
| #define __STDC_WANT_IEC_60559_BFP_EXT__ 1
| #define __STDC_WANT_IEC_60559_DFP_EXT__ 1
| #define __STDC_WANT_IEC_60559_EXT__ 1
| #define __STDC_WANT_IEC_60559_FUNCS_EXT__ 1
| #define __STDC_WANT_IEC_60559_TYPES_EXT__ 1
| #define __STDC_WANT_LIB_EXT2__ 1
| #define __STDC_WANT_MATH_SPEC_FUNCS__ 1
| #define _TANDEM_SOURCE 1
| #define __EXTENSIONS__ 1
| #define _LINUX_SOURCE_COMPAT 1
| #define __USE_MINGW_ANSI_STDIO 1
| #define HAVE_FCHMOD 1
| #define HAVE_BTOWC 1
| #define HAVE_MBRTOWC 1
| #define HAVE_MBSINIT 1
| #define HAVE_REALPATH 1
| #define HAVE_LSTAT 1
| #define HAVE_FCNTL 1
| #define HAVE_SYMLINK 1
| #define HAVE_LISTXATTR 1
| #define HAVE_GETDTABLESIZE 1
| #define HAVE_ISWCNTRL 1
| #define HAVE_MPROTECT 1
| #define HAVE_READLINK 1
| #define HAVE_ISBLANK 1
| #define HAVE_ISWCTYPE 1
| #define HAVE_LINK 1
| #define HAVE_VASPRINTF 1
| #define HAVE___XPG_STRERROR_R 1
| #define HAVE_STRTOIMAX 1
| #define HAVE_WCRTOMB 1
| #define HAVE_WCTOB 1
| #define HAVE_FPURGE 1
| #define HAVE_GETTIMEOFDAY 1
| #define HAVE_PIPE 1
| #define HAVE_PSELECT 1
| #define HAVE_PTHREAD_SIGMASK 1
| #define HAVE_SIGPROCMASK 1
| #define HAVE_SETENV 1
| #define HAVE_SLEEP 1
| #define HAVE_SNPRINTF 1
| #define HAVE_SHUTDOWN 1
| #define HAVE_ISATTY 1
| #define HAVE_ISASCII 1
| #define HAVE_MEMCPY 1
| #define HAVE_STRCHR 1
| #define HAVE_STRTOUL 1
| #define HAVE_POPEN 1
| #define HAVE_PATHCONF 1
| #define HAVE_FCHOWN 1
| #define HAVE_SETLOCALE 1
| #define USE_ACL 0
| #define HAVE_ALLOCA_H 1
| #define HAVE_ALLOCA 1
| #define HAVE_WINT_T 1
| #define HAVE_LANGINFO_CODESET 1
| #define BITSIZEOF_WCHAR_T 32
| #define HAVE_MBSTATE_T 1
| #define HAVE_WORKING_MBRTOC32 1
| #define HAVE_WORKING_C32RTOMB 1
| #define HAVE_MALLOC_PTRDIFF 1
| #define HAVE_MALLOC_POSIX 1
| #define LSTAT_FOLLOWS_SLASHED_SYMLINK 1
| #define FUNC_REALPATH_NEARLY_WORKS 1
| #define HAVE_FACCESSAT 1
| #define HAVE_GETCWD 1
| #define HAVE_DECL_STRERROR_R 1
| #define HAVE_STRERROR_R 1
| #define HAVE_WORKING_O_DIRECTORY 1
| #define HAVE_WORKING_O_NOATIME 1
| #define HAVE_WORKING_O_NOFOLLOW 1
| #define USE_SELINUX_SELINUX_H 0
| #define restrict __restrict__
| #define HAVE_DECL_GETDELIM 1
| #define HAVE_DECL_GETDTABLESIZE 1
| #define HAVE_GETOPT_H 1
| #define HAVE_GETOPT_LONG_ONLY 1
| #define MUSL_LIBC 1
| #define HAVE_PTHREAD_API 1
| #define SETLOCALE_NULL_ALL_MTSAFE 0
| #define SETLOCALE_NULL_ONE_MTSAFE 1
| #define HAVE_WEAK_SYMBOLS 1
| /* end confdefs.h.  */
| #ifndef __STDC_WANT_IEC_60559_BFP_EXT__
|              #define __STDC_WANT_IEC_60559_BFP_EXT__ 1
|             #endif
|             #include <limits.h>
|             long long llm = LLONG_MAX;
|             int wb = WORD_BIT;
|             int ullw = ULLONG_WIDTH;
|             int bw = BOOL_WIDTH;
|             int bm = BOOL_MAX;
|             int mblm = MB_LEN_MAX;
| 
| int
| main (void)
| {
| 
|   ;
|   return 0;
| }
configure:17877: result: no
configure:17914: checking whether the compiler produces multi-arch binaries
configure:17929: gcc -c -g -O2  conftest.c >&5
conftest.c:145:13: error: unknown type name 'not'
  145 |             not a universal capable compiler
      |             ^~~
conftest.c:145:19: error: expected '=', ',', ';', 'asm' or '__attribute__' before 'universal'
  145 |             not a universal capable compiler
      |                   ^~~~~~~~~
conftest.c:145:19: error: unknown type name 'universal'
configure:17929: $? = 1
configure: failed program was:
| /* confdefs.h */
| #define PACKAGE_NAME "GNU sed"
| #define PACKAGE_TARNAME "sed"
| #define PACKAGE_VERSION "4.10"
| #define PACKAGE_STRING "GNU sed 4.10"
| #define PACKAGE_BUGREPORT "bug-sed@gnu.org"
| #define PACKAGE_URL "https://www.gnu.org/software/sed/"
| #define PACKAGE "sed"
| #define VERSION "4.10"
| #define HAVE_STDIO_H 1
| #define HAVE_STDLIB_H 1
| #define HAVE_STRING_H 1
| #define HAVE_INTTYPES_H 1
| #define HAVE_STDINT_H 1
| #define HAVE_STRINGS_H 1
| #define HAVE_SYS_STAT_H 1
| #define HAVE_SYS_TYPES_H 1
| #define HAVE_UNISTD_H 1
| #define HAVE_WCHAR_H 1
| #define HAVE_STDBOOL_H 1
| #define HAVE_UCHAR_H 1
| #define HAVE_SYS_PARAM_H 1
| #define HAVE_SYS_SOCKET_H 1
| #define HAVE_DIRENT_H 1
| #define HAVE_LINUX_XATTR_H 1
| #define HAVE_STDIO_EXT_H 1
| #define HAVE_GETOPT_H 1
| #define HAVE_THREADS_H 1
| #define HAVE_LIMITS_H 1
| #define HAVE_WCTYPE_H 1
| #define HAVE_LANGINFO_H 1
| #define HAVE_SYS_MMAN_H 1
| #define HAVE_PTHREAD_H 1
| #define HAVE_MALLOC_H 1
| #define HAVE_SYS_TIME_H 1
| #define HAVE_STDCKDINT_H 1
| #define HAVE_SYS_RANDOM_H 1
| #define HAVE_FEATURES_H 1
| #define HAVE_ARPA_INET_H 1
| #define HAVE_NETDB_H 1
| #define HAVE_NETINET_IN_H 1
| #define HAVE_MATH_H 1
| #define HAVE_SYS_SELECT_H 1
| #define HAVE_SYS_WAIT_H 1
| #define HAVE_SEMAPHORE_H 1
| #define HAVE_SYS_IOCTL_H 1
| #define HAVE_SYS_UN_H 1
| #define HAVE_SYS_UIO_H 1
| #define HAVE_LOCALE_H 1
| #define HAVE_ERRNO_H 1
| #define STDC_HEADERS 1
| #define _ALL_SOURCE 1
| #define _COSMO_SOURCE 1
| #define _DARWIN_C_SOURCE 1
| #define _GNU_SOURCE 1
| #define _HPUX_ALT_XOPEN_SOCKET_API 1
| #define _NETBSD_SOURCE 1
| #define _OPENBSD_SOURCE 1
| #define _POSIX_PTHREAD_SEMANTICS 1
| #define __STDC_WANT_IEC_60559_ATTRIBS_EXT__ 1
| #define __STDC_WANT_IEC_60559_BFP_EXT__ 1
| #define __STDC_WANT_IEC_60559_DFP_EXT__ 1
| #define __STDC_WANT_IEC_60559_EXT__ 1
| #define __STDC_WANT_IEC_60559_FUNCS_EXT__ 1
| #define __STDC_WANT_IEC_60559_TYPES_EXT__ 1
| #define __STDC_WANT_LIB_EXT2__ 1
| #define __STDC_WANT_MATH_SPEC_FUNCS__ 1
| #define _TANDEM_SOURCE 1
| #define __EXTENSIONS__ 1
| #define _LINUX_SOURCE_COMPAT 1
| #define __USE_MINGW_ANSI_STDIO 1
| #define HAVE_FCHMOD 1
| #define HAVE_BTOWC 1
| #define HAVE_MBRTOWC 1
| #define HAVE_MBSINIT 1
| #define HAVE_REALPATH 1
| #define HAVE_LSTAT 1
| #define HAVE_FCNTL 1
| #define HAVE_SYMLINK 1
| #define HAVE_LISTXATTR 1
| #define HAVE_GETDTABLESIZE 1
| #define HAVE_ISWCNTRL 1
| #define HAVE_MPROTECT 1
| #define HAVE_READLINK 1
| #define HAVE_ISBLANK 1
| #define HAVE_ISWCTYPE 1
| #define HAVE_LINK 1
| #define HAVE_VASPRINTF 1
| #define HAVE___XPG_STRERROR_R 1
| #define HAVE_STRTOIMAX 1
| #define HAVE_WCRTOMB 1
| #define HAVE_WCTOB 1
| #define HAVE_FPURGE 1
| #define HAVE_GETTIMEOFDAY 1
| #define HAVE_PIPE 1
| #define HAVE_PSELECT 1
| #define HAVE_PTHREAD_SIGMASK 1
| #define HAVE_SIGPROCMASK 1
| #define HAVE_SETENV 1
| #define HAVE_SLEEP 1
| #define HAVE_SNPRINTF 1
| #define HAVE_SHUTDOWN 1
| #define HAVE_ISATTY 1
| #define HAVE_ISASCII 1
| #define HAVE_MEMCPY 1
| #define HAVE_STRCHR 1
| #define HAVE_STRTOUL 1
| #define HAVE_POPEN 1
| #define HAVE_PATHCONF 1
| #define HAVE_FCHOWN 1
| #define HAVE_SETLOCALE 1
| #define USE_ACL 0
| #define HAVE_ALLOCA_H 1
| #define HAVE_ALLOCA 1
| #define HAVE_WINT_T 1
| #define HAVE_LANGINFO_CODESET 1
| #define BITSIZEOF_WCHAR_T 32
| #define HAVE_MBSTATE_T 1
| #define HAVE_WORKING_MBRTOC32 1
| #define HAVE_WORKING_C32RTOMB 1
| #define HAVE_MALLOC_PTRDIFF 1
| #define HAVE_MALLOC_POSIX 1
| #define LSTAT_FOLLOWS_SLASHED_SYMLINK 1
| #define FUNC_REALPATH_NEARLY_WORKS 1
| #define HAVE_FACCESSAT 1
| #define HAVE_GETCWD 1
| #define HAVE_DECL_STRERROR_R 1
| #define HAVE_STRERROR_R 1
| #define HAVE_WORKING_O_DIRECTORY 1
| #define HAVE_WORKING_O_NOATIME 1
| #define HAVE_WORKING_O_NOFOLLOW 1
| #define USE_SELINUX_SELINUX_H 0
| #define restrict __restrict__
| #define HAVE_DECL_GETDELIM 1
| #define HAVE_DECL_GETDTABLESIZE 1
| #define HAVE_GETOPT_H 1
| #define HAVE_GETOPT_LONG_ONLY 1
| #define MUSL_LIBC 1
| #define HAVE_PTHREAD_API 1
| #define SETLOCALE_NULL_ALL_MTSAFE 0
| #define SETLOCALE_NULL_ONE_MTSAFE 1
| #define HAVE_WEAK_SYMBOLS 1
| /* end confdefs.h.  */
| #ifndef __APPLE_CC__
|             not a universal capable compiler
|            #endif
|            typedef int dummy;
| 
configure:17958: result: no
configure:18091: checking whether stdint.h conforms to C99
configure:18271: gcc -c -g -O2  conftest.c >&5
configure:18271: $? = 0
configure:18356: gcc -o conftest -g -O2   conftest.c  >&5
configure:18356: $? = 0
configure:18356: ./conftest
configure:18356: $? = 0
configure:18371: result: yes
configure:18382: checking whether stdint.h works without ISO C predefines
configure:18415: gcc -c -g -O2  conftest.c >&5
configure:18415: $? = 0
configure:18423: result: yes
configure:18434: checking whether stdint.h has UINTMAX_WIDTH etc.
configure:18467: gcc -c -g -O2  conftest.c >&5
conftest.c:160:24: error: 'UINTMAX_WIDTH' undeclared here (not in a function); did you mean 'UINTMAX_MAX'?
  160 |               int iw = UINTMAX_WIDTH;
      |                        ^~~~~~~~~~~~~
      |                        UINTMAX_MAX
configure:18467: $? = 1
configure: failed program was:
| /* confdefs.h */
| #define PACKAGE_NAME "GNU sed"
| #define PACKAGE_TARNAME "sed"
| #define PACKAGE_VERSION "4.10"
| #define PACKAGE_STRING "GNU sed 4.10"
| #define PACKAGE_BUGREPORT "bug-sed@gnu.org"
| #define PACKAGE_URL "https://www.gnu.org/software/sed/"
| #define PACKAGE "sed"
| #define VERSION "4.10"
| #define HAVE_STDIO_H 1
| #define HAVE_STDLIB_H 1
| #define HAVE_STRING_H 1
| #define HAVE_INTTYPES_H 1
| #define HAVE_STDINT_H 1
| #define HAVE_STRINGS_H 1
| #define HAVE_SYS_STAT_H 1
| #define HAVE_SYS_TYPES_H 1
| #define HAVE_UNISTD_H 1
| #define HAVE_WCHAR_H 1
| #define HAVE_STDBOOL_H 1
| #define HAVE_UCHAR_H 1
| #define HAVE_SYS_PARAM_H 1
| #define HAVE_SYS_SOCKET_H 1
| #define HAVE_DIRENT_H 1
| #define HAVE_LINUX_XATTR_H 1
| #define HAVE_STDIO_EXT_H 1
| #define HAVE_GETOPT_H 1
| #define HAVE_THREADS_H 1
| #define HAVE_LIMITS_H 1
| #define HAVE_WCTYPE_H 1
| #define HAVE_LANGINFO_H 1
| #define HAVE_SYS_MMAN_H 1
| #define HAVE_PTHREAD_H 1
| #define HAVE_MALLOC_H 1
| #define HAVE_SYS_TIME_H 1
| #define HAVE_STDCKDINT_H 1
| #define HAVE_SYS_RANDOM_H 1
| #define HAVE_FEATURES_H 1
| #define HAVE_ARPA_INET_H 1
| #define HAVE_NETDB_H 1
| #define HAVE_NETINET_IN_H 1
| #define HAVE_MATH_H 1
| #define HAVE_SYS_SELECT_H 1
| #define HAVE_SYS_WAIT_H 1
| #define HAVE_SEMAPHORE_H 1
| #define HAVE_SYS_IOCTL_H 1
| #define HAVE_SYS_UN_H 1
| #define HAVE_SYS_UIO_H 1
| #define HAVE_LOCALE_H 1
| #define HAVE_ERRNO_H 1
| #define STDC_HEADERS 1
| #define _ALL_SOURCE 1
| #define _COSMO_SOURCE 1
| #define _DARWIN_C_SOURCE 1
| #define _GNU_SOURCE 1
| #define _HPUX_ALT_XOPEN_SOCKET_API 1
| #define _NETBSD_SOURCE 1
| #define _OPENBSD_SOURCE 1
| #define _POSIX_PTHREAD_SEMANTICS 1
| #define __STDC_WANT_IEC_60559_ATTRIBS_EXT__ 1
| #define __STDC_WANT_IEC_60559_BFP_EXT__ 1
| #define __STDC_WANT_IEC_60559_DFP_EXT__ 1
| #define __STDC_WANT_IEC_60559_EXT__ 1
| #define __STDC_WANT_IEC_60559_FUNCS_EXT__ 1
| #define __STDC_WANT_IEC_60559_TYPES_EXT__ 1
| #define __STDC_WANT_LIB_EXT2__ 1
| #define __STDC_WANT_MATH_SPEC_FUNCS__ 1
| #define _TANDEM_SOURCE 1
| #define __EXTENSIONS__ 1
| #define _LINUX_SOURCE_COMPAT 1
| #define __USE_MINGW_ANSI_STDIO 1
| #define HAVE_FCHMOD 1
| #define HAVE_BTOWC 1
| #define HAVE_MBRTOWC 1
| #define HAVE_MBSINIT 1
| #define HAVE_REALPATH 1
| #define HAVE_LSTAT 1
| #define HAVE_FCNTL 1
| #define HAVE_SYMLINK 1
| #define HAVE_LISTXATTR 1
| #define HAVE_GETDTABLESIZE 1
| #define HAVE_ISWCNTRL 1
| #define HAVE_MPROTECT 1
| #define HAVE_READLINK 1
| #define HAVE_ISBLANK 1
| #define HAVE_ISWCTYPE 1
| #define HAVE_LINK 1
| #define HAVE_VASPRINTF 1
| #define HAVE___XPG_STRERROR_R 1
| #define HAVE_STRTOIMAX 1
| #define HAVE_WCRTOMB 1
| #define HAVE_WCTOB 1
| #define HAVE_FPURGE 1
| #define HAVE_GETTIMEOFDAY 1
| #define HAVE_PIPE 1
| #define HAVE_PSELECT 1
| #define HAVE_PTHREAD_SIGMASK 1
| #define HAVE_SIGPROCMASK 1
| #define HAVE_SETENV 1
| #define HAVE_SLEEP 1
| #define HAVE_SNPRINTF 1
| #define HAVE_SHUTDOWN 1
| #define HAVE_ISATTY 1
| #define HAVE_ISASCII 1
| #define HAVE_MEMCPY 1
| #define HAVE_STRCHR 1
| #define HAVE_STRTOUL 1
| #define HAVE_POPEN 1
| #define HAVE_PATHCONF 1
| #define HAVE_FCHOWN 1
| #define HAVE_SETLOCALE 1
| #define USE_ACL 0
| #define HAVE_ALLOCA_H 1
| #define HAVE_ALLOCA 1
| #define HAVE_WINT_T 1
| #define HAVE_LANGINFO_CODESET 1
| #define BITSIZEOF_WCHAR_T 32
| #define HAVE_MBSTATE_T 1
| #define HAVE_WORKING_MBRTOC32 1
| #define HAVE_WORKING_C32RTOMB 1
| #define HAVE_MALLOC_PTRDIFF 1
| #define HAVE_MALLOC_POSIX 1
| #define LSTAT_FOLLOWS_SLASHED_SYMLINK 1
| #define FUNC_REALPATH_NEARLY_WORKS 1
| #define HAVE_FACCESSAT 1
| #define HAVE_GETCWD 1
| #define HAVE_DECL_STRERROR_R 1
| #define HAVE_STRERROR_R 1
| #define HAVE_WORKING_O_DIRECTORY 1
| #define HAVE_WORKING_O_NOATIME 1
| #define HAVE_WORKING_O_NOFOLLOW 1
| #define USE_SELINUX_SELINUX_H 0
| #define restrict __restrict__
| #define HAVE_DECL_GETDELIM 1
| #define HAVE_DECL_GETDTABLESIZE 1
| #define HAVE_GETOPT_H 1
| #define HAVE_GETOPT_LONG_ONLY 1
| #define MUSL_LIBC 1
| #define HAVE_PTHREAD_API 1
| #define SETLOCALE_NULL_ALL_MTSAFE 0
| #define SETLOCALE_NULL_ONE_MTSAFE 1
| #define HAVE_WEAK_SYMBOLS 1
| #define HAVE_LONG_LONG_INT 1
| #define HAVE_UNSIGNED_LONG_LONG_INT 1
| /* end confdefs.h.  */
| 
|               /* Work if build is not clean.  */
|               #define _GL_JUST_INCLUDE_SYSTEM_STDINT_H 1
|               #ifndef __STDC_WANT_IEC_60559_BFP_EXT__
|                #define __STDC_WANT_IEC_60559_BFP_EXT__ 1
|               #endif
|               #include <stdint.h>
| 
|   #include <stddef.h>
|   #include <signal.h>
|   #if HAVE_WCHAR_H
|   # include <wchar.h>
|   #endif
| 
|               int iw = UINTMAX_WIDTH;
| 
| int
| main (void)
| {
| 
|   ;
|   return 0;
| }
configure:18474: result: no
configure:19066: checking whether iswcntrl works
configure:19107: gcc -o conftest -g -O2   conftest.c  >&5
configure:19107: $? = 0
configure:19107: ./conftest
configure:19107: $? = 0
configure:19122: result: yes
configure:19148: checking for towlower
configure:19148: gcc -o conftest -g -O2   conftest.c  >&5
conftest.c:162:6: warning: conflicting types for built-in function 'towlower'; expected 'unsigned int(unsigned int)' [-Wbuiltin-declaration-mismatch]
  162 | char towlower (void);
      |      ^~~~~~~~
conftest.c:154:1: note: 'towlower' is declared in header '<wctype.h>'
  153 | #include <limits.h>
  154 | #undef towlower
configure:19148: $? = 0
configure:19148: result: yes
configure:19186: checking for wctype_t
configure:19208: gcc -c -g -O2  conftest.c >&5
configure:19208: $? = 0
configure:19219: result: yes
configure:19225: checking for wctrans_t
configure:19245: gcc -c -g -O2  conftest.c >&5
configure:19245: $? = 0
configure:19256: result: yes
configure:19305: checking whether wctype supports the "blank" and "punct" character classes
configure:19344: gcc -o conftest -g -O2   conftest.c  >&5
configure:19344: $? = 0
configure:19344: ./conftest
configure:19344: $? = 0
configure:19359: result: yes
configure:19465: checking whether langinfo.h defines CODESET
configure:19484: gcc -c -g -O2  conftest.c >&5
configure:19484: $? = 0
configure:19495: result: yes
configure:19500: checking whether langinfo.h defines ALTMON_1
configure:19519: gcc -c -g -O2  conftest.c >&5
conftest.c:148:9: error: 'ALTMON_1' undeclared here (not in a function); did you mean 'ABMON_1'?
  148 | int a = ALTMON_1;
      |         ^~~~~~~~
      |         ABMON_1
configure:19519: $? = 1
configure: failed program was:
| /* confdefs.h */
| #define PACKAGE_NAME "GNU sed"
| #define PACKAGE_TARNAME "sed"
| #define PACKAGE_VERSION "4.10"
| #define PACKAGE_STRING "GNU sed 4.10"
| #define PACKAGE_BUGREPORT "bug-sed@gnu.org"
| #define PACKAGE_URL "https://www.gnu.org/software/sed/"
| #define PACKAGE "sed"
| #define VERSION "4.10"
| #define HAVE_STDIO_H 1
| #define HAVE_STDLIB_H 1
| #define HAVE_STRING_H 1
| #define HAVE_INTTYPES_H 1
| #define HAVE_STDINT_H 1
| #define HAVE_STRINGS_H 1
| #define HAVE_SYS_STAT_H 1
| #define HAVE_SYS_TYPES_H 1
| #define HAVE_UNISTD_H 1
| #define HAVE_WCHAR_H 1
| #define HAVE_STDBOOL_H 1
| #define HAVE_UCHAR_H 1
| #define HAVE_SYS_PARAM_H 1
| #define HAVE_SYS_SOCKET_H 1
| #define HAVE_DIRENT_H 1
| #define HAVE_LINUX_XATTR_H 1
| #define HAVE_STDIO_EXT_H 1
| #define HAVE_GETOPT_H 1
| #define HAVE_THREADS_H 1
| #define HAVE_LIMITS_H 1
| #define HAVE_WCTYPE_H 1
| #define HAVE_LANGINFO_H 1
| #define HAVE_SYS_MMAN_H 1
| #define HAVE_PTHREAD_H 1
| #define HAVE_MALLOC_H 1
| #define HAVE_SYS_TIME_H 1
| #define HAVE_STDCKDINT_H 1
| #define HAVE_SYS_RANDOM_H 1
| #define HAVE_FEATURES_H 1
| #define HAVE_ARPA_INET_H 1
| #define HAVE_NETDB_H 1
| #define HAVE_NETINET_IN_H 1
| #define HAVE_MATH_H 1
| #define HAVE_SYS_SELECT_H 1
| #define HAVE_SYS_WAIT_H 1
| #define HAVE_SEMAPHORE_H 1
| #define HAVE_SYS_IOCTL_H 1
| #define HAVE_SYS_UN_H 1
| #define HAVE_SYS_UIO_H 1
| #define HAVE_LOCALE_H 1
| #define HAVE_ERRNO_H 1
| #define STDC_HEADERS 1
| #define _ALL_SOURCE 1
| #define _COSMO_SOURCE 1
| #define _DARWIN_C_SOURCE 1
| #define _GNU_SOURCE 1
| #define _HPUX_ALT_XOPEN_SOCKET_API 1
| #define _NETBSD_SOURCE 1
| #define _OPENBSD_SOURCE 1
| #define _POSIX_PTHREAD_SEMANTICS 1
| #define __STDC_WANT_IEC_60559_ATTRIBS_EXT__ 1
| #define __STDC_WANT_IEC_60559_BFP_EXT__ 1
| #define __STDC_WANT_IEC_60559_DFP_EXT__ 1
| #define __STDC_WANT_IEC_60559_EXT__ 1
| #define __STDC_WANT_IEC_60559_FUNCS_EXT__ 1
| #define __STDC_WANT_IEC_60559_TYPES_EXT__ 1
| #define __STDC_WANT_LIB_EXT2__ 1
| #define __STDC_WANT_MATH_SPEC_FUNCS__ 1
| #define _TANDEM_SOURCE 1
| #define __EXTENSIONS__ 1
| #define _LINUX_SOURCE_COMPAT 1
| #define __USE_MINGW_ANSI_STDIO 1
| #define HAVE_FCHMOD 1
| #define HAVE_BTOWC 1
| #define HAVE_MBRTOWC 1
| #define HAVE_MBSINIT 1
| #define HAVE_REALPATH 1
| #define HAVE_LSTAT 1
| #define HAVE_FCNTL 1
| #define HAVE_SYMLINK 1
| #define HAVE_LISTXATTR 1
| #define HAVE_GETDTABLESIZE 1
| #define HAVE_ISWCNTRL 1
| #define HAVE_MPROTECT 1
| #define HAVE_READLINK 1
| #define HAVE_ISBLANK 1
| #define HAVE_ISWCTYPE 1
| #define HAVE_LINK 1
| #define HAVE_VASPRINTF 1
| #define HAVE___XPG_STRERROR_R 1
| #define HAVE_STRTOIMAX 1
| #define HAVE_WCRTOMB 1
| #define HAVE_WCTOB 1
| #define HAVE_FPURGE 1
| #define HAVE_GETTIMEOFDAY 1
| #define HAVE_PIPE 1
| #define HAVE_PSELECT 1
| #define HAVE_PTHREAD_SIGMASK 1
| #define HAVE_SIGPROCMASK 1
| #define HAVE_SETENV 1
| #define HAVE_SLEEP 1
| #define HAVE_SNPRINTF 1
| #define HAVE_SHUTDOWN 1
| #define HAVE_ISATTY 1
| #define HAVE_ISASCII 1
| #define HAVE_MEMCPY 1
| #define HAVE_STRCHR 1
| #define HAVE_STRTOUL 1
| #define HAVE_POPEN 1
| #define HAVE_PATHCONF 1
| #define HAVE_FCHOWN 1
| #define HAVE_SETLOCALE 1
| #define USE_ACL 0
| #define HAVE_ALLOCA_H 1
| #define HAVE_ALLOCA 1
| #define HAVE_WINT_T 1
| #define HAVE_LANGINFO_CODESET 1
| #define BITSIZEOF_WCHAR_T 32
| #define HAVE_MBSTATE_T 1
| #define HAVE_WORKING_MBRTOC32 1
| #define HAVE_WORKING_C32RTOMB 1
| #define HAVE_MALLOC_PTRDIFF 1
| #define HAVE_MALLOC_POSIX 1
| #define LSTAT_FOLLOWS_SLASHED_SYMLINK 1
| #define FUNC_REALPATH_NEARLY_WORKS 1
| #define HAVE_FACCESSAT 1
| #define HAVE_GETCWD 1
| #define HAVE_DECL_STRERROR_R 1
| #define HAVE_STRERROR_R 1
| #define HAVE_WORKING_O_DIRECTORY 1
| #define HAVE_WORKING_O_NOATIME 1
| #define HAVE_WORKING_O_NOFOLLOW 1
| #define USE_SELINUX_SELINUX_H 0
| #define restrict __restrict__
| #define HAVE_DECL_GETDELIM 1
| #define HAVE_DECL_GETDTABLESIZE 1
| #define HAVE_GETOPT_H 1
| #define HAVE_GETOPT_LONG_ONLY 1
| #define MUSL_LIBC 1
| #define HAVE_PTHREAD_API 1
| #define SETLOCALE_NULL_ALL_MTSAFE 0
| #define SETLOCALE_NULL_ONE_MTSAFE 1
| #define HAVE_WEAK_SYMBOLS 1
| #define HAVE_LONG_LONG_INT 1
| #define HAVE_UNSIGNED_LONG_LONG_INT 1
| #define HAVE_TOWLOWER 1
| /* end confdefs.h.  */
| #include <langinfo.h>
| int a = ALTMON_1;
| 
| int
| main (void)
| {
| 
|   ;
|   return 0;
| }
configure:19530: result: no
configure:19535: checking whether langinfo.h defines ABALTMON_1
configure:19554: gcc -c -g -O2  conftest.c >&5
conftest.c:148:9: error: 'ABALTMON_1' undeclared here (not in a function); did you mean 'ABMON_1'?
  148 | int a = ABALTMON_1;
      |         ^~~~~~~~~~
      |         ABMON_1
configure:19554: $? = 1
configure: failed program was:
| /* confdefs.h */
| #define PACKAGE_NAME "GNU sed"
| #define PACKAGE_TARNAME "sed"
| #define PACKAGE_VERSION "4.10"
| #define PACKAGE_STRING "GNU sed 4.10"
| #define PACKAGE_BUGREPORT "bug-sed@gnu.org"
| #define PACKAGE_URL "https://www.gnu.org/software/sed/"
| #define PACKAGE "sed"
| #define VERSION "4.10"
| #define HAVE_STDIO_H 1
| #define HAVE_STDLIB_H 1
| #define HAVE_STRING_H 1
| #define HAVE_INTTYPES_H 1
| #define HAVE_STDINT_H 1
| #define HAVE_STRINGS_H 1
| #define HAVE_SYS_STAT_H 1
| #define HAVE_SYS_TYPES_H 1
| #define HAVE_UNISTD_H 1
| #define HAVE_WCHAR_H 1
| #define HAVE_STDBOOL_H 1
| #define HAVE_UCHAR_H 1
| #define HAVE_SYS_PARAM_H 1
| #define HAVE_SYS_SOCKET_H 1
| #define HAVE_DIRENT_H 1
| #define HAVE_LINUX_XATTR_H 1
| #define HAVE_STDIO_EXT_H 1
| #define HAVE_GETOPT_H 1
| #define HAVE_THREADS_H 1
| #define HAVE_LIMITS_H 1
| #define HAVE_WCTYPE_H 1
| #define HAVE_LANGINFO_H 1
| #define HAVE_SYS_MMAN_H 1
| #define HAVE_PTHREAD_H 1
| #define HAVE_MALLOC_H 1
| #define HAVE_SYS_TIME_H 1
| #define HAVE_STDCKDINT_H 1
| #define HAVE_SYS_RANDOM_H 1
| #define HAVE_FEATURES_H 1
| #define HAVE_ARPA_INET_H 1
| #define HAVE_NETDB_H 1
| #define HAVE_NETINET_IN_H 1
| #define HAVE_MATH_H 1
| #define HAVE_SYS_SELECT_H 1
| #define HAVE_SYS_WAIT_H 1
| #define HAVE_SEMAPHORE_H 1
| #define HAVE_SYS_IOCTL_H 1
| #define HAVE_SYS_UN_H 1
| #define HAVE_SYS_UIO_H 1
| #define HAVE_LOCALE_H 1
| #define HAVE_ERRNO_H 1
| #define STDC_HEADERS 1
| #define _ALL_SOURCE 1
| #define _COSMO_SOURCE 1
| #define _DARWIN_C_SOURCE 1
| #define _GNU_SOURCE 1
| #define _HPUX_ALT_XOPEN_SOCKET_API 1
| #define _NETBSD_SOURCE 1
| #define _OPENBSD_SOURCE 1
| #define _POSIX_PTHREAD_SEMANTICS 1
| #define __STDC_WANT_IEC_60559_ATTRIBS_EXT__ 1
| #define __STDC_WANT_IEC_60559_BFP_EXT__ 1
| #define __STDC_WANT_IEC_60559_DFP_EXT__ 1
| #define __STDC_WANT_IEC_60559_EXT__ 1
| #define __STDC_WANT_IEC_60559_FUNCS_EXT__ 1
| #define __STDC_WANT_IEC_60559_TYPES_EXT__ 1
| #define __STDC_WANT_LIB_EXT2__ 1
| #define __STDC_WANT_MATH_SPEC_FUNCS__ 1
| #define _TANDEM_SOURCE 1
| #define __EXTENSIONS__ 1
| #define _LINUX_SOURCE_COMPAT 1
| #define __USE_MINGW_ANSI_STDIO 1
| #define HAVE_FCHMOD 1
| #define HAVE_BTOWC 1
| #define HAVE_MBRTOWC 1
| #define HAVE_MBSINIT 1
| #define HAVE_REALPATH 1
| #define HAVE_LSTAT 1
| #define HAVE_FCNTL 1
| #define HAVE_SYMLINK 1
| #define HAVE_LISTXATTR 1
| #define HAVE_GETDTABLESIZE 1
| #define HAVE_ISWCNTRL 1
| #define HAVE_MPROTECT 1
| #define HAVE_READLINK 1
| #define HAVE_ISBLANK 1
| #define HAVE_ISWCTYPE 1
| #define HAVE_LINK 1
| #define HAVE_VASPRINTF 1
| #define HAVE___XPG_STRERROR_R 1
| #define HAVE_STRTOIMAX 1
| #define HAVE_WCRTOMB 1
| #define HAVE_WCTOB 1
| #define HAVE_FPURGE 1
| #define HAVE_GETTIMEOFDAY 1
| #define HAVE_PIPE 1
| #define HAVE_PSELECT 1
| #define HAVE_PTHREAD_SIGMASK 1
| #define HAVE_SIGPROCMASK 1
| #define HAVE_SETENV 1
| #define HAVE_SLEEP 1
| #define HAVE_SNPRINTF 1
| #define HAVE_SHUTDOWN 1
| #define HAVE_ISATTY 1
| #define HAVE_ISASCII 1
| #define HAVE_MEMCPY 1
| #define HAVE_STRCHR 1
| #define HAVE_STRTOUL 1
| #define HAVE_POPEN 1
| #define HAVE_PATHCONF 1
| #define HAVE_FCHOWN 1
| #define HAVE_SETLOCALE 1
| #define USE_ACL 0
| #define HAVE_ALLOCA_H 1
| #define HAVE_ALLOCA 1
| #define HAVE_WINT_T 1
| #define HAVE_LANGINFO_CODESET 1
| #define BITSIZEOF_WCHAR_T 32
| #define HAVE_MBSTATE_T 1
| #define HAVE_WORKING_MBRTOC32 1
| #define HAVE_WORKING_C32RTOMB 1
| #define HAVE_MALLOC_PTRDIFF 1
| #define HAVE_MALLOC_POSIX 1
| #define LSTAT_FOLLOWS_SLASHED_SYMLINK 1
| #define FUNC_REALPATH_NEARLY_WORKS 1
| #define HAVE_FACCESSAT 1
| #define HAVE_GETCWD 1
| #define HAVE_DECL_STRERROR_R 1
| #define HAVE_STRERROR_R 1
| #define HAVE_WORKING_O_DIRECTORY 1
| #define HAVE_WORKING_O_NOATIME 1
| #define HAVE_WORKING_O_NOFOLLOW 1
| #define USE_SELINUX_SELINUX_H 0
| #define restrict __restrict__
| #define HAVE_DECL_GETDELIM 1
| #define HAVE_DECL_GETDTABLESIZE 1
| #define HAVE_GETOPT_H 1
| #define HAVE_GETOPT_LONG_ONLY 1
| #define MUSL_LIBC 1
| #define HAVE_PTHREAD_API 1
| #define SETLOCALE_NULL_ALL_MTSAFE 0
| #define SETLOCALE_NULL_ONE_MTSAFE 1
| #define HAVE_WEAK_SYMBOLS 1
| #define HAVE_LONG_LONG_INT 1
| #define HAVE_UNSIGNED_LONG_LONG_INT 1
| #define HAVE_TOWLOWER 1
| /* end confdefs.h.  */
| #include <langinfo.h>
| int a = ABALTMON_1;
| 
| int
| main (void)
| {
| 
|   ;
|   return 0;
| }
configure:19565: result: no
configure:19570: checking whether langinfo.h defines ERA
configure:19589: gcc -c -g -O2  conftest.c >&5
configure:19589: $? = 0
configure:19600: result: yes
configure:19651: checking for good max_align_t
configure:19688: gcc -c -g -O2  conftest.c >&5
configure:19688: $? = 0
configure:19699: result: yes
configure:19706: checking whether NULL can be used in arbitrary expressions
configure:19725: gcc -c -g -O2  conftest.c >&5
configure:19725: $? = 0
configure:19735: result: yes
configure:19742: checking for unreachable in C
configure:19761: gcc -o conftest -g -O2   conftest.c  >&5
conftest.c: In function 'main':
conftest.c:152:1: error: implicit declaration of function 'unreachable' [-Wimplicit-function-declaration]
  152 | unreachable ();
      | ^~~~~~~~~~~
configure:19761: $? = 1
configure: failed program was:
| /* confdefs.h */
| #define PACKAGE_NAME "GNU sed"
| #define PACKAGE_TARNAME "sed"
| #define PACKAGE_VERSION "4.10"
| #define PACKAGE_STRING "GNU sed 4.10"
| #define PACKAGE_BUGREPORT "bug-sed@gnu.org"
| #define PACKAGE_URL "https://www.gnu.org/software/sed/"
| #define PACKAGE "sed"
| #define VERSION "4.10"
| #define HAVE_STDIO_H 1
| #define HAVE_STDLIB_H 1
| #define HAVE_STRING_H 1
| #define HAVE_INTTYPES_H 1
| #define HAVE_STDINT_H 1
| #define HAVE_STRINGS_H 1
| #define HAVE_SYS_STAT_H 1
| #define HAVE_SYS_TYPES_H 1
| #define HAVE_UNISTD_H 1
| #define HAVE_WCHAR_H 1
| #define HAVE_STDBOOL_H 1
| #define HAVE_UCHAR_H 1
| #define HAVE_SYS_PARAM_H 1
| #define HAVE_SYS_SOCKET_H 1
| #define HAVE_DIRENT_H 1
| #define HAVE_LINUX_XATTR_H 1
| #define HAVE_STDIO_EXT_H 1
| #define HAVE_GETOPT_H 1
| #define HAVE_THREADS_H 1
| #define HAVE_LIMITS_H 1
| #define HAVE_WCTYPE_H 1
| #define HAVE_LANGINFO_H 1
| #define HAVE_SYS_MMAN_H 1
| #define HAVE_PTHREAD_H 1
| #define HAVE_MALLOC_H 1
| #define HAVE_SYS_TIME_H 1
| #define HAVE_STDCKDINT_H 1
| #define HAVE_SYS_RANDOM_H 1
| #define HAVE_FEATURES_H 1
| #define HAVE_ARPA_INET_H 1
| #define HAVE_NETDB_H 1
| #define HAVE_NETINET_IN_H 1
| #define HAVE_MATH_H 1
| #define HAVE_SYS_SELECT_H 1
| #define HAVE_SYS_WAIT_H 1
| #define HAVE_SEMAPHORE_H 1
| #define HAVE_SYS_IOCTL_H 1
| #define HAVE_SYS_UN_H 1
| #define HAVE_SYS_UIO_H 1
| #define HAVE_LOCALE_H 1
| #define HAVE_ERRNO_H 1
| #define STDC_HEADERS 1
| #define _ALL_SOURCE 1
| #define _COSMO_SOURCE 1
| #define _DARWIN_C_SOURCE 1
| #define _GNU_SOURCE 1
| #define _HPUX_ALT_XOPEN_SOCKET_API 1
| #define _NETBSD_SOURCE 1
| #define _OPENBSD_SOURCE 1
| #define _POSIX_PTHREAD_SEMANTICS 1
| #define __STDC_WANT_IEC_60559_ATTRIBS_EXT__ 1
| #define __STDC_WANT_IEC_60559_BFP_EXT__ 1
| #define __STDC_WANT_IEC_60559_DFP_EXT__ 1
| #define __STDC_WANT_IEC_60559_EXT__ 1
| #define __STDC_WANT_IEC_60559_FUNCS_EXT__ 1
| #define __STDC_WANT_IEC_60559_TYPES_EXT__ 1
| #define __STDC_WANT_LIB_EXT2__ 1
| #define __STDC_WANT_MATH_SPEC_FUNCS__ 1
| #define _TANDEM_SOURCE 1
| #define __EXTENSIONS__ 1
| #define _LINUX_SOURCE_COMPAT 1
| #define __USE_MINGW_ANSI_STDIO 1
| #define HAVE_FCHMOD 1
| #define HAVE_BTOWC 1
| #define HAVE_MBRTOWC 1
| #define HAVE_MBSINIT 1
| #define HAVE_REALPATH 1
| #define HAVE_LSTAT 1
| #define HAVE_FCNTL 1
| #define HAVE_SYMLINK 1
| #define HAVE_LISTXATTR 1
| #define HAVE_GETDTABLESIZE 1
| #define HAVE_ISWCNTRL 1
| #define HAVE_MPROTECT 1
| #define HAVE_READLINK 1
| #define HAVE_ISBLANK 1
| #define HAVE_ISWCTYPE 1
| #define HAVE_LINK 1
| #define HAVE_VASPRINTF 1
| #define HAVE___XPG_STRERROR_R 1
| #define HAVE_STRTOIMAX 1
| #define HAVE_WCRTOMB 1
| #define HAVE_WCTOB 1
| #define HAVE_FPURGE 1
| #define HAVE_GETTIMEOFDAY 1
| #define HAVE_PIPE 1
| #define HAVE_PSELECT 1
| #define HAVE_PTHREAD_SIGMASK 1
| #define HAVE_SIGPROCMASK 1
| #define HAVE_SETENV 1
| #define HAVE_SLEEP 1
| #define HAVE_SNPRINTF 1
| #define HAVE_SHUTDOWN 1
| #define HAVE_ISATTY 1
| #define HAVE_ISASCII 1
| #define HAVE_MEMCPY 1
| #define HAVE_STRCHR 1
| #define HAVE_STRTOUL 1
| #define HAVE_POPEN 1
| #define HAVE_PATHCONF 1
| #define HAVE_FCHOWN 1
| #define HAVE_SETLOCALE 1
| #define USE_ACL 0
| #define HAVE_ALLOCA_H 1
| #define HAVE_ALLOCA 1
| #define HAVE_WINT_T 1
| #define HAVE_LANGINFO_CODESET 1
| #define BITSIZEOF_WCHAR_T 32
| #define HAVE_MBSTATE_T 1
| #define HAVE_WORKING_MBRTOC32 1
| #define HAVE_WORKING_C32RTOMB 1
| #define HAVE_MALLOC_PTRDIFF 1
| #define HAVE_MALLOC_POSIX 1
| #define LSTAT_FOLLOWS_SLASHED_SYMLINK 1
| #define FUNC_REALPATH_NEARLY_WORKS 1
| #define HAVE_FACCESSAT 1
| #define HAVE_GETCWD 1
| #define HAVE_DECL_STRERROR_R 1
| #define HAVE_STRERROR_R 1
| #define HAVE_WORKING_O_DIRECTORY 1
| #define HAVE_WORKING_O_NOATIME 1
| #define HAVE_WORKING_O_NOFOLLOW 1
| #define USE_SELINUX_SELINUX_H 0
| #define restrict __restrict__
| #define HAVE_DECL_GETDELIM 1
| #define HAVE_DECL_GETDTABLESIZE 1
| #define HAVE_GETOPT_H 1
| #define HAVE_GETOPT_LONG_ONLY 1
| #define MUSL_LIBC 1
| #define HAVE_PTHREAD_API 1
| #define SETLOCALE_NULL_ALL_MTSAFE 0
| #define SETLOCALE_NULL_ONE_MTSAFE 1
| #define HAVE_WEAK_SYMBOLS 1
| #define HAVE_LONG_LONG_INT 1
| #define HAVE_UNSIGNED_LONG_LONG_INT 1
| #define HAVE_TOWLOWER 1
| /* end confdefs.h.  */
| #include <stddef.h>
| 
| int
| main (void)
| {
| unreachable ();
| 
|   ;
|   return 0;
| }
configure:19773: result: no
configure:19784: checking whether nullptr_t needs <stddef.h>
configure:19794: gcc -c -g -O2  conftest.c >&5
conftest.c:147:1: error: unknown type name 'nullptr_t'
  147 | nullptr_t x;
      | ^~~~~~~~~
configure:19794: $? = 1
configure: failed program was:
| /* confdefs.h */
| #define PACKAGE_NAME "GNU sed"
| #define PACKAGE_TARNAME "sed"
| #define PACKAGE_VERSION "4.10"
| #define PACKAGE_STRING "GNU sed 4.10"
| #define PACKAGE_BUGREPORT "bug-sed@gnu.org"
| #define PACKAGE_URL "https://www.gnu.org/software/sed/"
| #define PACKAGE "sed"
| #define VERSION "4.10"
| #define HAVE_STDIO_H 1
| #define HAVE_STDLIB_H 1
| #define HAVE_STRING_H 1
| #define HAVE_INTTYPES_H 1
| #define HAVE_STDINT_H 1
| #define HAVE_STRINGS_H 1
| #define HAVE_SYS_STAT_H 1
| #define HAVE_SYS_TYPES_H 1
| #define HAVE_UNISTD_H 1
| #define HAVE_WCHAR_H 1
| #define HAVE_STDBOOL_H 1
| #define HAVE_UCHAR_H 1
| #define HAVE_SYS_PARAM_H 1
| #define HAVE_SYS_SOCKET_H 1
| #define HAVE_DIRENT_H 1
| #define HAVE_LINUX_XATTR_H 1
| #define HAVE_STDIO_EXT_H 1
| #define HAVE_GETOPT_H 1
| #define HAVE_THREADS_H 1
| #define HAVE_LIMITS_H 1
| #define HAVE_WCTYPE_H 1
| #define HAVE_LANGINFO_H 1
| #define HAVE_SYS_MMAN_H 1
| #define HAVE_PTHREAD_H 1
| #define HAVE_MALLOC_H 1
| #define HAVE_SYS_TIME_H 1
| #define HAVE_STDCKDINT_H 1
| #define HAVE_SYS_RANDOM_H 1
| #define HAVE_FEATURES_H 1
| #define HAVE_ARPA_INET_H 1
| #define HAVE_NETDB_H 1
| #define HAVE_NETINET_IN_H 1
| #define HAVE_MATH_H 1
| #define HAVE_SYS_SELECT_H 1
| #define HAVE_SYS_WAIT_H 1
| #define HAVE_SEMAPHORE_H 1
| #define HAVE_SYS_IOCTL_H 1
| #define HAVE_SYS_UN_H 1
| #define HAVE_SYS_UIO_H 1
| #define HAVE_LOCALE_H 1
| #define HAVE_ERRNO_H 1
| #define STDC_HEADERS 1
| #define _ALL_SOURCE 1
| #define _COSMO_SOURCE 1
| #define _DARWIN_C_SOURCE 1
| #define _GNU_SOURCE 1
| #define _HPUX_ALT_XOPEN_SOCKET_API 1
| #define _NETBSD_SOURCE 1
| #define _OPENBSD_SOURCE 1
| #define _POSIX_PTHREAD_SEMANTICS 1
| #define __STDC_WANT_IEC_60559_ATTRIBS_EXT__ 1
| #define __STDC_WANT_IEC_60559_BFP_EXT__ 1
| #define __STDC_WANT_IEC_60559_DFP_EXT__ 1
| #define __STDC_WANT_IEC_60559_EXT__ 1
| #define __STDC_WANT_IEC_60559_FUNCS_EXT__ 1
| #define __STDC_WANT_IEC_60559_TYPES_EXT__ 1
| #define __STDC_WANT_LIB_EXT2__ 1
| #define __STDC_WANT_MATH_SPEC_FUNCS__ 1
| #define _TANDEM_SOURCE 1
| #define __EXTENSIONS__ 1
| #define _LINUX_SOURCE_COMPAT 1
| #define __USE_MINGW_ANSI_STDIO 1
| #define HAVE_FCHMOD 1
| #define HAVE_BTOWC 1
| #define HAVE_MBRTOWC 1
| #define HAVE_MBSINIT 1
| #define HAVE_REALPATH 1
| #define HAVE_LSTAT 1
| #define HAVE_FCNTL 1
| #define HAVE_SYMLINK 1
| #define HAVE_LISTXATTR 1
| #define HAVE_GETDTABLESIZE 1
| #define HAVE_ISWCNTRL 1
| #define HAVE_MPROTECT 1
| #define HAVE_READLINK 1
| #define HAVE_ISBLANK 1
| #define HAVE_ISWCTYPE 1
| #define HAVE_LINK 1
| #define HAVE_VASPRINTF 1
| #define HAVE___XPG_STRERROR_R 1
| #define HAVE_STRTOIMAX 1
| #define HAVE_WCRTOMB 1
| #define HAVE_WCTOB 1
| #define HAVE_FPURGE 1
| #define HAVE_GETTIMEOFDAY 1
| #define HAVE_PIPE 1
| #define HAVE_PSELECT 1
| #define HAVE_PTHREAD_SIGMASK 1
| #define HAVE_SIGPROCMASK 1
| #define HAVE_SETENV 1
| #define HAVE_SLEEP 1
| #define HAVE_SNPRINTF 1
| #define HAVE_SHUTDOWN 1
| #define HAVE_ISATTY 1
| #define HAVE_ISASCII 1
| #define HAVE_MEMCPY 1
| #define HAVE_STRCHR 1
| #define HAVE_STRTOUL 1
| #define HAVE_POPEN 1
| #define HAVE_PATHCONF 1
| #define HAVE_FCHOWN 1
| #define HAVE_SETLOCALE 1
| #define USE_ACL 0
| #define HAVE_ALLOCA_H 1
| #define HAVE_ALLOCA 1
| #define HAVE_WINT_T 1
| #define HAVE_LANGINFO_CODESET 1
| #define BITSIZEOF_WCHAR_T 32
| #define HAVE_MBSTATE_T 1
| #define HAVE_WORKING_MBRTOC32 1
| #define HAVE_WORKING_C32RTOMB 1
| #define HAVE_MALLOC_PTRDIFF 1
| #define HAVE_MALLOC_POSIX 1
| #define LSTAT_FOLLOWS_SLASHED_SYMLINK 1
| #define FUNC_REALPATH_NEARLY_WORKS 1
| #define HAVE_FACCESSAT 1
| #define HAVE_GETCWD 1
| #define HAVE_DECL_STRERROR_R 1
| #define HAVE_STRERROR_R 1
| #define HAVE_WORKING_O_DIRECTORY 1
| #define HAVE_WORKING_O_NOATIME 1
| #define HAVE_WORKING_O_NOFOLLOW 1
| #define USE_SELINUX_SELINUX_H 0
| #define restrict __restrict__
| #define HAVE_DECL_GETDELIM 1
| #define HAVE_DECL_GETDTABLESIZE 1
| #define HAVE_GETOPT_H 1
| #define HAVE_GETOPT_LONG_ONLY 1
| #define MUSL_LIBC 1
| #define HAVE_PTHREAD_API 1
| #define SETLOCALE_NULL_ALL_MTSAFE 0
| #define SETLOCALE_NULL_ONE_MTSAFE 1
| #define HAVE_WEAK_SYMBOLS 1
| #define HAVE_LONG_LONG_INT 1
| #define HAVE_UNSIGNED_LONG_LONG_INT 1
| #define HAVE_TOWLOWER 1
| /* end confdefs.h.  */
| nullptr_t x;
configure:19804: result: yes
configure:19811: checking whether <stddef.h> is idempotent
configure:19827: gcc -c -g -O2  conftest.c >&5
configure:19827: $? = 0
configure:19838: result: guessing yes
configure:19927: checking whether locale.h defines locale_t
configure:19945: gcc -c -g -O2  conftest.c >&5
configure:19945: $? = 0
configure:19956: result: yes
configure:19988: checking whether locale.h defines _locale_t
configure:20006: gcc -c -g -O2  conftest.c >&5
conftest.c:148:13: error: unknown type name '_locale_t'; did you mean 'locale_t'?
  148 |             _locale_t x;
      |             ^~~~~~~~~
      |             locale_t
configure:20006: $? = 1
configure: failed program was:
| /* confdefs.h */
| #define PACKAGE_NAME "GNU sed"
| #define PACKAGE_TARNAME "sed"
| #define PACKAGE_VERSION "4.10"
| #define PACKAGE_STRING "GNU sed 4.10"
| #define PACKAGE_BUGREPORT "bug-sed@gnu.org"
| #define PACKAGE_URL "https://www.gnu.org/software/sed/"
| #define PACKAGE "sed"
| #define VERSION "4.10"
| #define HAVE_STDIO_H 1
| #define HAVE_STDLIB_H 1
| #define HAVE_STRING_H 1
| #define HAVE_INTTYPES_H 1
| #define HAVE_STDINT_H 1
| #define HAVE_STRINGS_H 1
| #define HAVE_SYS_STAT_H 1
| #define HAVE_SYS_TYPES_H 1
| #define HAVE_UNISTD_H 1
| #define HAVE_WCHAR_H 1
| #define HAVE_STDBOOL_H 1
| #define HAVE_UCHAR_H 1
| #define HAVE_SYS_PARAM_H 1
| #define HAVE_SYS_SOCKET_H 1
| #define HAVE_DIRENT_H 1
| #define HAVE_LINUX_XATTR_H 1
| #define HAVE_STDIO_EXT_H 1
| #define HAVE_GETOPT_H 1
| #define HAVE_THREADS_H 1
| #define HAVE_LIMITS_H 1
| #define HAVE_WCTYPE_H 1
| #define HAVE_LANGINFO_H 1
| #define HAVE_SYS_MMAN_H 1
| #define HAVE_PTHREAD_H 1
| #define HAVE_MALLOC_H 1
| #define HAVE_SYS_TIME_H 1
| #define HAVE_STDCKDINT_H 1
| #define HAVE_SYS_RANDOM_H 1
| #define HAVE_FEATURES_H 1
| #define HAVE_ARPA_INET_H 1
| #define HAVE_NETDB_H 1
| #define HAVE_NETINET_IN_H 1
| #define HAVE_MATH_H 1
| #define HAVE_SYS_SELECT_H 1
| #define HAVE_SYS_WAIT_H 1
| #define HAVE_SEMAPHORE_H 1
| #define HAVE_SYS_IOCTL_H 1
| #define HAVE_SYS_UN_H 1
| #define HAVE_SYS_UIO_H 1
| #define HAVE_LOCALE_H 1
| #define HAVE_ERRNO_H 1
| #define STDC_HEADERS 1
| #define _ALL_SOURCE 1
| #define _COSMO_SOURCE 1
| #define _DARWIN_C_SOURCE 1
| #define _GNU_SOURCE 1
| #define _HPUX_ALT_XOPEN_SOCKET_API 1
| #define _NETBSD_SOURCE 1
| #define _OPENBSD_SOURCE 1
| #define _POSIX_PTHREAD_SEMANTICS 1
| #define __STDC_WANT_IEC_60559_ATTRIBS_EXT__ 1
| #define __STDC_WANT_IEC_60559_BFP_EXT__ 1
| #define __STDC_WANT_IEC_60559_DFP_EXT__ 1
| #define __STDC_WANT_IEC_60559_EXT__ 1
| #define __STDC_WANT_IEC_60559_FUNCS_EXT__ 1
| #define __STDC_WANT_IEC_60559_TYPES_EXT__ 1
| #define __STDC_WANT_LIB_EXT2__ 1
| #define __STDC_WANT_MATH_SPEC_FUNCS__ 1
| #define _TANDEM_SOURCE 1
| #define __EXTENSIONS__ 1
| #define _LINUX_SOURCE_COMPAT 1
| #define __USE_MINGW_ANSI_STDIO 1
| #define HAVE_FCHMOD 1
| #define HAVE_BTOWC 1
| #define HAVE_MBRTOWC 1
| #define HAVE_MBSINIT 1
| #define HAVE_REALPATH 1
| #define HAVE_LSTAT 1
| #define HAVE_FCNTL 1
| #define HAVE_SYMLINK 1
| #define HAVE_LISTXATTR 1
| #define HAVE_GETDTABLESIZE 1
| #define HAVE_ISWCNTRL 1
| #define HAVE_MPROTECT 1
| #define HAVE_READLINK 1
| #define HAVE_ISBLANK 1
| #define HAVE_ISWCTYPE 1
| #define HAVE_LINK 1
| #define HAVE_VASPRINTF 1
| #define HAVE___XPG_STRERROR_R 1
| #define HAVE_STRTOIMAX 1
| #define HAVE_WCRTOMB 1
| #define HAVE_WCTOB 1
| #define HAVE_FPURGE 1
| #define HAVE_GETTIMEOFDAY 1
| #define HAVE_PIPE 1
| #define HAVE_PSELECT 1
| #define HAVE_PTHREAD_SIGMASK 1
| #define HAVE_SIGPROCMASK 1
| #define HAVE_SETENV 1
| #define HAVE_SLEEP 1
| #define HAVE_SNPRINTF 1
| #define HAVE_SHUTDOWN 1
| #define HAVE_ISATTY 1
| #define HAVE_ISASCII 1
| #define HAVE_MEMCPY 1
| #define HAVE_STRCHR 1
| #define HAVE_STRTOUL 1
| #define HAVE_POPEN 1
| #define HAVE_PATHCONF 1
| #define HAVE_FCHOWN 1
| #define HAVE_SETLOCALE 1
| #define USE_ACL 0
| #define HAVE_ALLOCA_H 1
| #define HAVE_ALLOCA 1
| #define HAVE_WINT_T 1
| #define HAVE_LANGINFO_CODESET 1
| #define BITSIZEOF_WCHAR_T 32
| #define HAVE_MBSTATE_T 1
| #define HAVE_WORKING_MBRTOC32 1
| #define HAVE_WORKING_C32RTOMB 1
| #define HAVE_MALLOC_PTRDIFF 1
| #define HAVE_MALLOC_POSIX 1
| #define LSTAT_FOLLOWS_SLASHED_SYMLINK 1
| #define FUNC_REALPATH_NEARLY_WORKS 1
| #define HAVE_FACCESSAT 1
| #define HAVE_GETCWD 1
| #define HAVE_DECL_STRERROR_R 1
| #define HAVE_STRERROR_R 1
| #define HAVE_WORKING_O_DIRECTORY 1
| #define HAVE_WORKING_O_NOATIME 1
| #define HAVE_WORKING_O_NOFOLLOW 1
| #define USE_SELINUX_SELINUX_H 0
| #define restrict __restrict__
| #define HAVE_DECL_GETDELIM 1
| #define HAVE_DECL_GETDTABLESIZE 1
| #define HAVE_GETOPT_H 1
| #define HAVE_GETOPT_LONG_ONLY 1
| #define MUSL_LIBC 1
| #define HAVE_PTHREAD_API 1
| #define SETLOCALE_NULL_ALL_MTSAFE 0
| #define SETLOCALE_NULL_ONE_MTSAFE 1
| #define HAVE_WEAK_SYMBOLS 1
| #define HAVE_LONG_LONG_INT 1
| #define HAVE_UNSIGNED_LONG_LONG_INT 1
| #define HAVE_TOWLOWER 1
| /* end confdefs.h.  */
| #include <locale.h>
|             _locale_t x;
| int
| main (void)
| {
| 
|   ;
|   return 0;
| }
configure:20017: result: no
configure:20038: checking whether locale.h conforms to POSIX:2001
configure:20057: gcc -c -g -O2  conftest.c >&5
configure:20057: $? = 0
configure:20067: result: yes
configure:20070: checking whether struct lconv is properly defined
configure:20090: gcc -c -g -O2  conftest.c >&5
configure:20090: $? = 0
configure:20101: result: yes
configure:21663: checking for multithreading API to use
configure:21665: result: none
configure:21676: checking for a sed that does not truncate output
configure:21748: result: /bin/sed
configure:21753: checking for grep that handles long lines and -e
configure:21819: result: /bin/grep
configure:21826: checking whether malloc (0) returns nonnull
configure:21862: gcc -o conftest -g -O2   conftest.c  >&5
configure:21862: $? = 0
configure:21862: ./conftest
configure:21862: $? = 0
configure:21876: result: yes
configure:21902: checking for MAP_ANONYMOUS
configure:21941: result: yes
configure:22015: checking whether memchr works
configure:22090: gcc -o conftest -g -O2   conftest.c  >&5
configure:22090: $? = 0
configure:22090: ./conftest
configure:22090: $? = 0
configure:22105: result: yes
configure:22326: checking whether memeq is declared
configure:22326: gcc -c -g -O2   conftest.c >&5
conftest.c: In function 'main':
conftest.c:184:10: error: 'memeq' undeclared (first use in this function); did you mean 'memmem'?
  184 |   (void) memeq;
      |          ^~~~~
      |          memmem
conftest.c:184:10: note: each undeclared identifier is reported only once for each function it appears in
configure:22326: $? = 1
configure: failed program was:
| /* confdefs.h */
| #define PACKAGE_NAME "GNU sed"
| #define PACKAGE_TARNAME "sed"
| #define PACKAGE_VERSION "4.10"
| #define PACKAGE_STRING "GNU sed 4.10"
| #define PACKAGE_BUGREPORT "bug-sed@gnu.org"
| #define PACKAGE_URL "https://www.gnu.org/software/sed/"
| #define PACKAGE "sed"
| #define VERSION "4.10"
| #define HAVE_STDIO_H 1
| #define HAVE_STDLIB_H 1
| #define HAVE_STRING_H 1
| #define HAVE_INTTYPES_H 1
| #define HAVE_STDINT_H 1
| #define HAVE_STRINGS_H 1
| #define HAVE_SYS_STAT_H 1
| #define HAVE_SYS_TYPES_H 1
| #define HAVE_UNISTD_H 1
| #define HAVE_WCHAR_H 1
| #define HAVE_STDBOOL_H 1
| #define HAVE_UCHAR_H 1
| #define HAVE_SYS_PARAM_H 1
| #define HAVE_SYS_SOCKET_H 1
| #define HAVE_DIRENT_H 1
| #define HAVE_LINUX_XATTR_H 1
| #define HAVE_STDIO_EXT_H 1
| #define HAVE_GETOPT_H 1
| #define HAVE_THREADS_H 1
| #define HAVE_LIMITS_H 1
| #define HAVE_WCTYPE_H 1
| #define HAVE_LANGINFO_H 1
| #define HAVE_SYS_MMAN_H 1
| #define HAVE_PTHREAD_H 1
| #define HAVE_MALLOC_H 1
| #define HAVE_SYS_TIME_H 1
| #define HAVE_STDCKDINT_H 1
| #define HAVE_SYS_RANDOM_H 1
| #define HAVE_FEATURES_H 1
| #define HAVE_ARPA_INET_H 1
| #define HAVE_NETDB_H 1
| #define HAVE_NETINET_IN_H 1
| #define HAVE_MATH_H 1
| #define HAVE_SYS_SELECT_H 1
| #define HAVE_SYS_WAIT_H 1
| #define HAVE_SEMAPHORE_H 1
| #define HAVE_SYS_IOCTL_H 1
| #define HAVE_SYS_UN_H 1
| #define HAVE_SYS_UIO_H 1
| #define HAVE_LOCALE_H 1
| #define HAVE_ERRNO_H 1
| #define STDC_HEADERS 1
| #define _ALL_SOURCE 1
| #define _COSMO_SOURCE 1
| #define _DARWIN_C_SOURCE 1
| #define _GNU_SOURCE 1
| #define _HPUX_ALT_XOPEN_SOCKET_API 1
| #define _NETBSD_SOURCE 1
| #define _OPENBSD_SOURCE 1
| #define _POSIX_PTHREAD_SEMANTICS 1
| #define __STDC_WANT_IEC_60559_ATTRIBS_EXT__ 1
| #define __STDC_WANT_IEC_60559_BFP_EXT__ 1
| #define __STDC_WANT_IEC_60559_DFP_EXT__ 1
| #define __STDC_WANT_IEC_60559_EXT__ 1
| #define __STDC_WANT_IEC_60559_FUNCS_EXT__ 1
| #define __STDC_WANT_IEC_60559_TYPES_EXT__ 1
| #define __STDC_WANT_LIB_EXT2__ 1
| #define __STDC_WANT_MATH_SPEC_FUNCS__ 1
| #define _TANDEM_SOURCE 1
| #define __EXTENSIONS__ 1
| #define _LINUX_SOURCE_COMPAT 1
| #define __USE_MINGW_ANSI_STDIO 1
| #define HAVE_FCHMOD 1
| #define HAVE_BTOWC 1
| #define HAVE_MBRTOWC 1
| #define HAVE_MBSINIT 1
| #define HAVE_REALPATH 1
| #define HAVE_LSTAT 1
| #define HAVE_FCNTL 1
| #define HAVE_SYMLINK 1
| #define HAVE_LISTXATTR 1
| #define HAVE_GETDTABLESIZE 1
| #define HAVE_ISWCNTRL 1
| #define HAVE_MPROTECT 1
| #define HAVE_READLINK 1
| #define HAVE_ISBLANK 1
| #define HAVE_ISWCTYPE 1
| #define HAVE_LINK 1
| #define HAVE_VASPRINTF 1
| #define HAVE___XPG_STRERROR_R 1
| #define HAVE_STRTOIMAX 1
| #define HAVE_WCRTOMB 1
| #define HAVE_WCTOB 1
| #define HAVE_FPURGE 1
| #define HAVE_GETTIMEOFDAY 1
| #define HAVE_PIPE 1
| #define HAVE_PSELECT 1
| #define HAVE_PTHREAD_SIGMASK 1
| #define HAVE_SIGPROCMASK 1
| #define HAVE_SETENV 1
| #define HAVE_SLEEP 1
| #define HAVE_SNPRINTF 1
| #define HAVE_SHUTDOWN 1
| #define HAVE_ISATTY 1
| #define HAVE_ISASCII 1
| #define HAVE_MEMCPY 1
| #define HAVE_STRCHR 1
| #define HAVE_STRTOUL 1
| #define HAVE_POPEN 1
| #define HAVE_PATHCONF 1
| #define HAVE_FCHOWN 1
| #define HAVE_SETLOCALE 1
| #define USE_ACL 0
| #define HAVE_ALLOCA_H 1
| #define HAVE_ALLOCA 1
| #define HAVE_WINT_T 1
| #define HAVE_LANGINFO_CODESET 1
| #define BITSIZEOF_WCHAR_T 32
| #define HAVE_MBSTATE_T 1
| #define HAVE_WORKING_MBRTOC32 1
| #define HAVE_WORKING_C32RTOMB 1
| #define HAVE_MALLOC_PTRDIFF 1
| #define HAVE_MALLOC_POSIX 1
| #define LSTAT_FOLLOWS_SLASHED_SYMLINK 1
| #define FUNC_REALPATH_NEARLY_WORKS 1
| #define HAVE_FACCESSAT 1
| #define HAVE_GETCWD 1
| #define HAVE_DECL_STRERROR_R 1
| #define HAVE_STRERROR_R 1
| #define HAVE_WORKING_O_DIRECTORY 1
| #define HAVE_WORKING_O_NOATIME 1
| #define HAVE_WORKING_O_NOFOLLOW 1
| #define USE_SELINUX_SELINUX_H 0
| #define restrict __restrict__
| #define HAVE_DECL_GETDELIM 1
| #define HAVE_DECL_GETDTABLESIZE 1
| #define HAVE_GETOPT_H 1
| #define HAVE_GETOPT_LONG_ONLY 1
| #define MUSL_LIBC 1
| #define HAVE_PTHREAD_API 1
| #define SETLOCALE_NULL_ALL_MTSAFE 0
| #define SETLOCALE_NULL_ONE_MTSAFE 1
| #define HAVE_WEAK_SYMBOLS 1
| #define HAVE_LONG_LONG_INT 1
| #define HAVE_UNSIGNED_LONG_LONG_INT 1
| #define HAVE_TOWLOWER 1
| #define AVOID_ANY_THREADS 1
| #define HAVE_MALLOC_0_NONNULL 1
| /* end confdefs.h.  */
| #include <stddef.h>
| #ifdef HAVE_STDIO_H
| # include <stdio.h>
| #endif
| #ifdef HAVE_STDLIB_H
| # include <stdlib.h>
| #endif
| #ifdef HAVE_STRING_H
| # include <string.h>
| #endif
| #ifdef HAVE_INTTYPES_H
| # include <inttypes.h>
| #endif
| #ifdef HAVE_STDINT_H
| # include <stdint.h>
| #endif
| #ifdef HAVE_STRINGS_H
| # include <strings.h>
| #endif
| #ifdef HAVE_SYS_TYPES_H
| # include <sys/types.h>
| #endif
| #ifdef HAVE_SYS_STAT_H
| # include <sys/stat.h>
| #endif
| #ifdef HAVE_UNISTD_H
| # include <unistd.h>
| #endif
| int
| main (void)
| {
| #ifndef memeq
| #ifdef __cplusplus
|   (void) memeq;
| #else
|   (void) memeq;
| #endif
| #endif
| 
|   ;
|   return 0;
| }
configure:22326: result: no
configure:22336: checking whether memrchr is declared
configure:22336: gcc -c -g -O2   conftest.c >&5
configure:22336: $? = 0
configure:22336: result: yes
configure:22350: checking whether <limits.h> defines MIN and MAX
configure:22368: gcc -c -g -O2  conftest.c >&5
conftest.c:152:21: error: implicit declaration of function 'MIN' [-Wimplicit-function-declaration]
  152 |             int x = MIN (42, 17);
      |                     ^~~
conftest.c:152:21: error: initializer element is not constant
configure:22368: $? = 1
configure: failed program was:
| /* confdefs.h */
| #define PACKAGE_NAME "GNU sed"
| #define PACKAGE_TARNAME "sed"
| #define PACKAGE_VERSION "4.10"
| #define PACKAGE_STRING "GNU sed 4.10"
| #define PACKAGE_BUGREPORT "bug-sed@gnu.org"
| #define PACKAGE_URL "https://www.gnu.org/software/sed/"
| #define PACKAGE "sed"
| #define VERSION "4.10"
| #define HAVE_STDIO_H 1
| #define HAVE_STDLIB_H 1
| #define HAVE_STRING_H 1
| #define HAVE_INTTYPES_H 1
| #define HAVE_STDINT_H 1
| #define HAVE_STRINGS_H 1
| #define HAVE_SYS_STAT_H 1
| #define HAVE_SYS_TYPES_H 1
| #define HAVE_UNISTD_H 1
| #define HAVE_WCHAR_H 1
| #define HAVE_STDBOOL_H 1
| #define HAVE_UCHAR_H 1
| #define HAVE_SYS_PARAM_H 1
| #define HAVE_SYS_SOCKET_H 1
| #define HAVE_DIRENT_H 1
| #define HAVE_LINUX_XATTR_H 1
| #define HAVE_STDIO_EXT_H 1
| #define HAVE_GETOPT_H 1
| #define HAVE_THREADS_H 1
| #define HAVE_LIMITS_H 1
| #define HAVE_WCTYPE_H 1
| #define HAVE_LANGINFO_H 1
| #define HAVE_SYS_MMAN_H 1
| #define HAVE_PTHREAD_H 1
| #define HAVE_MALLOC_H 1
| #define HAVE_SYS_TIME_H 1
| #define HAVE_STDCKDINT_H 1
| #define HAVE_SYS_RANDOM_H 1
| #define HAVE_FEATURES_H 1
| #define HAVE_ARPA_INET_H 1
| #define HAVE_NETDB_H 1
| #define HAVE_NETINET_IN_H 1
| #define HAVE_MATH_H 1
| #define HAVE_SYS_SELECT_H 1
| #define HAVE_SYS_WAIT_H 1
| #define HAVE_SEMAPHORE_H 1
| #define HAVE_SYS_IOCTL_H 1
| #define HAVE_SYS_UN_H 1
| #define HAVE_SYS_UIO_H 1
| #define HAVE_LOCALE_H 1
| #define HAVE_ERRNO_H 1
| #define STDC_HEADERS 1
| #define _ALL_SOURCE 1
| #define _COSMO_SOURCE 1
| #define _DARWIN_C_SOURCE 1
| #define _GNU_SOURCE 1
| #define _HPUX_ALT_XOPEN_SOCKET_API 1
| #define _NETBSD_SOURCE 1
| #define _OPENBSD_SOURCE 1
| #define _POSIX_PTHREAD_SEMANTICS 1
| #define __STDC_WANT_IEC_60559_ATTRIBS_EXT__ 1
| #define __STDC_WANT_IEC_60559_BFP_EXT__ 1
| #define __STDC_WANT_IEC_60559_DFP_EXT__ 1
| #define __STDC_WANT_IEC_60559_EXT__ 1
| #define __STDC_WANT_IEC_60559_FUNCS_EXT__ 1
| #define __STDC_WANT_IEC_60559_TYPES_EXT__ 1
| #define __STDC_WANT_LIB_EXT2__ 1
| #define __STDC_WANT_MATH_SPEC_FUNCS__ 1
| #define _TANDEM_SOURCE 1
| #define __EXTENSIONS__ 1
| #define _LINUX_SOURCE_COMPAT 1
| #define __USE_MINGW_ANSI_STDIO 1
| #define HAVE_FCHMOD 1
| #define HAVE_BTOWC 1
| #define HAVE_MBRTOWC 1
| #define HAVE_MBSINIT 1
| #define HAVE_REALPATH 1
| #define HAVE_LSTAT 1
| #define HAVE_FCNTL 1
| #define HAVE_SYMLINK 1
| #define HAVE_LISTXATTR 1
| #define HAVE_GETDTABLESIZE 1
| #define HAVE_ISWCNTRL 1
| #define HAVE_MPROTECT 1
| #define HAVE_READLINK 1
| #define HAVE_ISBLANK 1
| #define HAVE_ISWCTYPE 1
| #define HAVE_LINK 1
| #define HAVE_VASPRINTF 1
| #define HAVE___XPG_STRERROR_R 1
| #define HAVE_STRTOIMAX 1
| #define HAVE_WCRTOMB 1
| #define HAVE_WCTOB 1
| #define HAVE_FPURGE 1
| #define HAVE_GETTIMEOFDAY 1
| #define HAVE_PIPE 1
| #define HAVE_PSELECT 1
| #define HAVE_PTHREAD_SIGMASK 1
| #define HAVE_SIGPROCMASK 1
| #define HAVE_SETENV 1
| #define HAVE_SLEEP 1
| #define HAVE_SNPRINTF 1
| #define HAVE_SHUTDOWN 1
| #define HAVE_ISATTY 1
| #define HAVE_ISASCII 1
| #define HAVE_MEMCPY 1
| #define HAVE_STRCHR 1
| #define HAVE_STRTOUL 1
| #define HAVE_POPEN 1
| #define HAVE_PATHCONF 1
| #define HAVE_FCHOWN 1
| #define HAVE_SETLOCALE 1
| #define USE_ACL 0
| #define HAVE_ALLOCA_H 1
| #define HAVE_ALLOCA 1
| #define HAVE_WINT_T 1
| #define HAVE_LANGINFO_CODESET 1
| #define BITSIZEOF_WCHAR_T 32
| #define HAVE_MBSTATE_T 1
| #define HAVE_WORKING_MBRTOC32 1
| #define HAVE_WORKING_C32RTOMB 1
| #define HAVE_MALLOC_PTRDIFF 1
| #define HAVE_MALLOC_POSIX 1
| #define LSTAT_FOLLOWS_SLASHED_SYMLINK 1
| #define FUNC_REALPATH_NEARLY_WORKS 1
| #define HAVE_FACCESSAT 1
| #define HAVE_GETCWD 1
| #define HAVE_DECL_STRERROR_R 1
| #define HAVE_STRERROR_R 1
| #define HAVE_WORKING_O_DIRECTORY 1
| #define HAVE_WORKING_O_NOATIME 1
| #define HAVE_WORKING_O_NOFOLLOW 1
| #define USE_SELINUX_SELINUX_H 0
| #define restrict __restrict__
| #define HAVE_DECL_GETDELIM 1
| #define HAVE_DECL_GETDTABLESIZE 1
| #define HAVE_GETOPT_H 1
| #define HAVE_GETOPT_LONG_ONLY 1
| #define MUSL_LIBC 1
| #define HAVE_PTHREAD_API 1
| #define SETLOCALE_NULL_ALL_MTSAFE 0
| #define SETLOCALE_NULL_ONE_MTSAFE 1
| #define HAVE_WEAK_SYMBOLS 1
| #define HAVE_LONG_LONG_INT 1
| #define HAVE_UNSIGNED_LONG_LONG_INT 1
| #define HAVE_TOWLOWER 1
| #define AVOID_ANY_THREADS 1
| #define HAVE_MALLOC_0_NONNULL 1
| #define HAVE_DECL_MEMEQ 0
| #define HAVE_DECL_MEMRCHR 1
| /* end confdefs.h.  */
| #include <limits.h>
|             int x = MIN (42, 17);
| int
| main (void)
| {
| 
|   ;
|   return 0;
| }
configure:22378: result: no
configure:22391: checking whether <sys/param.h> defines MIN and MAX
configure:22409: gcc -c -g -O2  conftest.c >&5
configure:22409: $? = 0
configure:22419: result: yes
configure:22494: checking for O_CLOEXEC
configure:22515: gcc -c -g -O2  conftest.c >&5
configure:22515: $? = 0
configure:22525: result: yes
configure:22530: checking for promoted mode_t type
configure:22548: gcc -c -g -O2  conftest.c >&5
conftest.c: In function 'main':
conftest.c:156:13: error: size of array 'array' is negative
  156 | typedef int array[2 * (sizeof (mode_t) < sizeof (int)) - 1];
      |             ^~~~~
configure:22548: $? = 1
configure: failed program was:
| /* confdefs.h */
| #define PACKAGE_NAME "GNU sed"
| #define PACKAGE_TARNAME "sed"
| #define PACKAGE_VERSION "4.10"
| #define PACKAGE_STRING "GNU sed 4.10"
| #define PACKAGE_BUGREPORT "bug-sed@gnu.org"
| #define PACKAGE_URL "https://www.gnu.org/software/sed/"
| #define PACKAGE "sed"
| #define VERSION "4.10"
| #define HAVE_STDIO_H 1
| #define HAVE_STDLIB_H 1
| #define HAVE_STRING_H 1
| #define HAVE_INTTYPES_H 1
| #define HAVE_STDINT_H 1
| #define HAVE_STRINGS_H 1
| #define HAVE_SYS_STAT_H 1
| #define HAVE_SYS_TYPES_H 1
| #define HAVE_UNISTD_H 1
| #define HAVE_WCHAR_H 1
| #define HAVE_STDBOOL_H 1
| #define HAVE_UCHAR_H 1
| #define HAVE_SYS_PARAM_H 1
| #define HAVE_SYS_SOCKET_H 1
| #define HAVE_DIRENT_H 1
| #define HAVE_LINUX_XATTR_H 1
| #define HAVE_STDIO_EXT_H 1
| #define HAVE_GETOPT_H 1
| #define HAVE_THREADS_H 1
| #define HAVE_LIMITS_H 1
| #define HAVE_WCTYPE_H 1
| #define HAVE_LANGINFO_H 1
| #define HAVE_SYS_MMAN_H 1
| #define HAVE_PTHREAD_H 1
| #define HAVE_MALLOC_H 1
| #define HAVE_SYS_TIME_H 1
| #define HAVE_STDCKDINT_H 1
| #define HAVE_SYS_RANDOM_H 1
| #define HAVE_FEATURES_H 1
| #define HAVE_ARPA_INET_H 1
| #define HAVE_NETDB_H 1
| #define HAVE_NETINET_IN_H 1
| #define HAVE_MATH_H 1
| #define HAVE_SYS_SELECT_H 1
| #define HAVE_SYS_WAIT_H 1
| #define HAVE_SEMAPHORE_H 1
| #define HAVE_SYS_IOCTL_H 1
| #define HAVE_SYS_UN_H 1
| #define HAVE_SYS_UIO_H 1
| #define HAVE_LOCALE_H 1
| #define HAVE_ERRNO_H 1
| #define STDC_HEADERS 1
| #define _ALL_SOURCE 1
| #define _COSMO_SOURCE 1
| #define _DARWIN_C_SOURCE 1
| #define _GNU_SOURCE 1
| #define _HPUX_ALT_XOPEN_SOCKET_API 1
| #define _NETBSD_SOURCE 1
| #define _OPENBSD_SOURCE 1
| #define _POSIX_PTHREAD_SEMANTICS 1
| #define __STDC_WANT_IEC_60559_ATTRIBS_EXT__ 1
| #define __STDC_WANT_IEC_60559_BFP_EXT__ 1
| #define __STDC_WANT_IEC_60559_DFP_EXT__ 1
| #define __STDC_WANT_IEC_60559_EXT__ 1
| #define __STDC_WANT_IEC_60559_FUNCS_EXT__ 1
| #define __STDC_WANT_IEC_60559_TYPES_EXT__ 1
| #define __STDC_WANT_LIB_EXT2__ 1
| #define __STDC_WANT_MATH_SPEC_FUNCS__ 1
| #define _TANDEM_SOURCE 1
| #define __EXTENSIONS__ 1
| #define _LINUX_SOURCE_COMPAT 1
| #define __USE_MINGW_ANSI_STDIO 1
| #define HAVE_FCHMOD 1
| #define HAVE_BTOWC 1
| #define HAVE_MBRTOWC 1
| #define HAVE_MBSINIT 1
| #define HAVE_REALPATH 1
| #define HAVE_LSTAT 1
| #define HAVE_FCNTL 1
| #define HAVE_SYMLINK 1
| #define HAVE_LISTXATTR 1
| #define HAVE_GETDTABLESIZE 1
| #define HAVE_ISWCNTRL 1
| #define HAVE_MPROTECT 1
| #define HAVE_READLINK 1
| #define HAVE_ISBLANK 1
| #define HAVE_ISWCTYPE 1
| #define HAVE_LINK 1
| #define HAVE_VASPRINTF 1
| #define HAVE___XPG_STRERROR_R 1
| #define HAVE_STRTOIMAX 1
| #define HAVE_WCRTOMB 1
| #define HAVE_WCTOB 1
| #define HAVE_FPURGE 1
| #define HAVE_GETTIMEOFDAY 1
| #define HAVE_PIPE 1
| #define HAVE_PSELECT 1
| #define HAVE_PTHREAD_SIGMASK 1
| #define HAVE_SIGPROCMASK 1
| #define HAVE_SETENV 1
| #define HAVE_SLEEP 1
| #define HAVE_SNPRINTF 1
| #define HAVE_SHUTDOWN 1
| #define HAVE_ISATTY 1
| #define HAVE_ISASCII 1
| #define HAVE_MEMCPY 1
| #define HAVE_STRCHR 1
| #define HAVE_STRTOUL 1
| #define HAVE_POPEN 1
| #define HAVE_PATHCONF 1
| #define HAVE_FCHOWN 1
| #define HAVE_SETLOCALE 1
| #define USE_ACL 0
| #define HAVE_ALLOCA_H 1
| #define HAVE_ALLOCA 1
| #define HAVE_WINT_T 1
| #define HAVE_LANGINFO_CODESET 1
| #define BITSIZEOF_WCHAR_T 32
| #define HAVE_MBSTATE_T 1
| #define HAVE_WORKING_MBRTOC32 1
| #define HAVE_WORKING_C32RTOMB 1
| #define HAVE_MALLOC_PTRDIFF 1
| #define HAVE_MALLOC_POSIX 1
| #define LSTAT_FOLLOWS_SLASHED_SYMLINK 1
| #define FUNC_REALPATH_NEARLY_WORKS 1
| #define HAVE_FACCESSAT 1
| #define HAVE_GETCWD 1
| #define HAVE_DECL_STRERROR_R 1
| #define HAVE_STRERROR_R 1
| #define HAVE_WORKING_O_DIRECTORY 1
| #define HAVE_WORKING_O_NOATIME 1
| #define HAVE_WORKING_O_NOFOLLOW 1
| #define USE_SELINUX_SELINUX_H 0
| #define restrict __restrict__
| #define HAVE_DECL_GETDELIM 1
| #define HAVE_DECL_GETDTABLESIZE 1
| #define HAVE_GETOPT_H 1
| #define HAVE_GETOPT_LONG_ONLY 1
| #define MUSL_LIBC 1
| #define HAVE_PTHREAD_API 1
| #define SETLOCALE_NULL_ALL_MTSAFE 0
| #define SETLOCALE_NULL_ONE_MTSAFE 1
| #define HAVE_WEAK_SYMBOLS 1
| #define HAVE_LONG_LONG_INT 1
| #define HAVE_UNSIGNED_LONG_LONG_INT 1
| #define HAVE_TOWLOWER 1
| #define AVOID_ANY_THREADS 1
| #define HAVE_MALLOC_0_NONNULL 1
| #define HAVE_DECL_MEMEQ 0
| #define HAVE_DECL_MEMRCHR 1
| #define HAVE_MINMAX_IN_SYS_PARAM_H 1
| /* end confdefs.h.  */
| #include <sys/types.h>
| int
| main (void)
| {
| typedef int array[2 * (sizeof (mode_t) < sizeof (int)) - 1];
|   ;
|   return 0;
| }
configure:22559: result: mode_t
configure:22776: checking for pthread_t
configure:22776: gcc -c -g -O2  conftest.c >&5
configure:22776: $? = 0
configure:22776: gcc -c -g -O2  conftest.c >&5
conftest.c: In function 'main':
conftest.c:188:24: error: expected expression before ')' token
  188 | if (sizeof ((pthread_t)))
      |                        ^
configure:22776: $? = 1
configure: failed program was:
| /* confdefs.h */
| #define PACKAGE_NAME "GNU sed"
| #define PACKAGE_TARNAME "sed"
| #define PACKAGE_VERSION "4.10"
| #define PACKAGE_STRING "GNU sed 4.10"
| #define PACKAGE_BUGREPORT "bug-sed@gnu.org"
| #define PACKAGE_URL "https://www.gnu.org/software/sed/"
| #define PACKAGE "sed"
| #define VERSION "4.10"
| #define HAVE_STDIO_H 1
| #define HAVE_STDLIB_H 1
| #define HAVE_STRING_H 1
| #define HAVE_INTTYPES_H 1
| #define HAVE_STDINT_H 1
| #define HAVE_STRINGS_H 1
| #define HAVE_SYS_STAT_H 1
| #define HAVE_SYS_TYPES_H 1
| #define HAVE_UNISTD_H 1
| #define HAVE_WCHAR_H 1
| #define HAVE_STDBOOL_H 1
| #define HAVE_UCHAR_H 1
| #define HAVE_SYS_PARAM_H 1
| #define HAVE_SYS_SOCKET_H 1
| #define HAVE_DIRENT_H 1
| #define HAVE_LINUX_XATTR_H 1
| #define HAVE_STDIO_EXT_H 1
| #define HAVE_GETOPT_H 1
| #define HAVE_THREADS_H 1
| #define HAVE_LIMITS_H 1
| #define HAVE_WCTYPE_H 1
| #define HAVE_LANGINFO_H 1
| #define HAVE_SYS_MMAN_H 1
| #define HAVE_PTHREAD_H 1
| #define HAVE_MALLOC_H 1
| #define HAVE_SYS_TIME_H 1
| #define HAVE_STDCKDINT_H 1
| #define HAVE_SYS_RANDOM_H 1
| #define HAVE_FEATURES_H 1
| #define HAVE_ARPA_INET_H 1
| #define HAVE_NETDB_H 1
| #define HAVE_NETINET_IN_H 1
| #define HAVE_MATH_H 1
| #define HAVE_SYS_SELECT_H 1
| #define HAVE_SYS_WAIT_H 1
| #define HAVE_SEMAPHORE_H 1
| #define HAVE_SYS_IOCTL_H 1
| #define HAVE_SYS_UN_H 1
| #define HAVE_SYS_UIO_H 1
| #define HAVE_LOCALE_H 1
| #define HAVE_ERRNO_H 1
| #define STDC_HEADERS 1
| #define _ALL_SOURCE 1
| #define _COSMO_SOURCE 1
| #define _DARWIN_C_SOURCE 1
| #define _GNU_SOURCE 1
| #define _HPUX_ALT_XOPEN_SOCKET_API 1
| #define _NETBSD_SOURCE 1
| #define _OPENBSD_SOURCE 1
| #define _POSIX_PTHREAD_SEMANTICS 1
| #define __STDC_WANT_IEC_60559_ATTRIBS_EXT__ 1
| #define __STDC_WANT_IEC_60559_BFP_EXT__ 1
| #define __STDC_WANT_IEC_60559_DFP_EXT__ 1
| #define __STDC_WANT_IEC_60559_EXT__ 1
| #define __STDC_WANT_IEC_60559_FUNCS_EXT__ 1
| #define __STDC_WANT_IEC_60559_TYPES_EXT__ 1
| #define __STDC_WANT_LIB_EXT2__ 1
| #define __STDC_WANT_MATH_SPEC_FUNCS__ 1
| #define _TANDEM_SOURCE 1
| #define __EXTENSIONS__ 1
| #define _LINUX_SOURCE_COMPAT 1
| #define __USE_MINGW_ANSI_STDIO 1
| #define HAVE_FCHMOD 1
| #define HAVE_BTOWC 1
| #define HAVE_MBRTOWC 1
| #define HAVE_MBSINIT 1
| #define HAVE_REALPATH 1
| #define HAVE_LSTAT 1
| #define HAVE_FCNTL 1
| #define HAVE_SYMLINK 1
| #define HAVE_LISTXATTR 1
| #define HAVE_GETDTABLESIZE 1
| #define HAVE_ISWCNTRL 1
| #define HAVE_MPROTECT 1
| #define HAVE_READLINK 1
| #define HAVE_ISBLANK 1
| #define HAVE_ISWCTYPE 1
| #define HAVE_LINK 1
| #define HAVE_VASPRINTF 1
| #define HAVE___XPG_STRERROR_R 1
| #define HAVE_STRTOIMAX 1
| #define HAVE_WCRTOMB 1
| #define HAVE_WCTOB 1
| #define HAVE_FPURGE 1
| #define HAVE_GETTIMEOFDAY 1
| #define HAVE_PIPE 1
| #define HAVE_PSELECT 1
| #define HAVE_PTHREAD_SIGMASK 1
| #define HAVE_SIGPROCMASK 1
| #define HAVE_SETENV 1
| #define HAVE_SLEEP 1
| #define HAVE_SNPRINTF 1
| #define HAVE_SHUTDOWN 1
| #define HAVE_ISATTY 1
| #define HAVE_ISASCII 1
| #define HAVE_MEMCPY 1
| #define HAVE_STRCHR 1
| #define HAVE_STRTOUL 1
| #define HAVE_POPEN 1
| #define HAVE_PATHCONF 1
| #define HAVE_FCHOWN 1
| #define HAVE_SETLOCALE 1
| #define USE_ACL 0
| #define HAVE_ALLOCA_H 1
| #define HAVE_ALLOCA 1
| #define HAVE_WINT_T 1
| #define HAVE_LANGINFO_CODESET 1
| #define BITSIZEOF_WCHAR_T 32
| #define HAVE_MBSTATE_T 1
| #define HAVE_WORKING_MBRTOC32 1
| #define HAVE_WORKING_C32RTOMB 1
| #define HAVE_MALLOC_PTRDIFF 1
| #define HAVE_MALLOC_POSIX 1
| #define LSTAT_FOLLOWS_SLASHED_SYMLINK 1
| #define FUNC_REALPATH_NEARLY_WORKS 1
| #define HAVE_FACCESSAT 1
| #define HAVE_GETCWD 1
| #define HAVE_DECL_STRERROR_R 1
| #define HAVE_STRERROR_R 1
| #define HAVE_WORKING_O_DIRECTORY 1
| #define HAVE_WORKING_O_NOATIME 1
| #define HAVE_WORKING_O_NOFOLLOW 1
| #define USE_SELINUX_SELINUX_H 0
| #define restrict __restrict__
| #define HAVE_DECL_GETDELIM 1
| #define HAVE_DECL_GETDTABLESIZE 1
| #define HAVE_GETOPT_H 1
| #define HAVE_GETOPT_LONG_ONLY 1
| #define MUSL_LIBC 1
| #define HAVE_PTHREAD_API 1
| #define SETLOCALE_NULL_ALL_MTSAFE 0
| #define SETLOCALE_NULL_ONE_MTSAFE 1
| #define HAVE_WEAK_SYMBOLS 1
| #define HAVE_LONG_LONG_INT 1
| #define HAVE_UNSIGNED_LONG_LONG_INT 1
| #define HAVE_TOWLOWER 1
| #define AVOID_ANY_THREADS 1
| #define HAVE_MALLOC_0_NONNULL 1
| #define HAVE_DECL_MEMEQ 0
| #define HAVE_DECL_MEMRCHR 1
| #define HAVE_MINMAX_IN_SYS_PARAM_H 1
| #define PROMOTED_MODE_T mode_t
| /* end confdefs.h.  */
| #include <stddef.h>
| #ifdef HAVE_STDIO_H
| # include <stdio.h>
| #endif
| #ifdef HAVE_STDLIB_H
| # include <stdlib.h>
| #endif
| #ifdef HAVE_STRING_H
| # include <string.h>
| #endif
| #ifdef HAVE_INTTYPES_H
| # include <inttypes.h>
| #endif
| #ifdef HAVE_STDINT_H
| # include <stdint.h>
| #endif
| #ifdef HAVE_STRINGS_H
| # include <strings.h>
| #endif
| #ifdef HAVE_SYS_TYPES_H
| # include <sys/types.h>
| #endif
| #ifdef HAVE_SYS_STAT_H
| # include <sys/stat.h>
| #endif
| #ifdef HAVE_UNISTD_H
| # include <unistd.h>
| #endif
|      #if HAVE_PTHREAD_H
|       #include <pthread.h>
|      #endif
| 
| int
| main (void)
| {
| if (sizeof ((pthread_t)))
| 	    return 0;
|   ;
|   return 0;
| }
configure:22776: result: yes
configure:22788: checking for pthread_spinlock_t
configure:22788: gcc -c -g -O2  conftest.c >&5
configure:22788: $? = 0
configure:22788: gcc -c -g -O2  conftest.c >&5
conftest.c: In function 'main':
conftest.c:189:33: error: expected expression before ')' token
  189 | if (sizeof ((pthread_spinlock_t)))
      |                                 ^
configure:22788: $? = 1
configure: failed program was:
| /* confdefs.h */
| #define PACKAGE_NAME "GNU sed"
| #define PACKAGE_TARNAME "sed"
| #define PACKAGE_VERSION "4.10"
| #define PACKAGE_STRING "GNU sed 4.10"
| #define PACKAGE_BUGREPORT "bug-sed@gnu.org"
| #define PACKAGE_URL "https://www.gnu.org/software/sed/"
| #define PACKAGE "sed"
| #define VERSION "4.10"
| #define HAVE_STDIO_H 1
| #define HAVE_STDLIB_H 1
| #define HAVE_STRING_H 1
| #define HAVE_INTTYPES_H 1
| #define HAVE_STDINT_H 1
| #define HAVE_STRINGS_H 1
| #define HAVE_SYS_STAT_H 1
| #define HAVE_SYS_TYPES_H 1
| #define HAVE_UNISTD_H 1
| #define HAVE_WCHAR_H 1
| #define HAVE_STDBOOL_H 1
| #define HAVE_UCHAR_H 1
| #define HAVE_SYS_PARAM_H 1
| #define HAVE_SYS_SOCKET_H 1
| #define HAVE_DIRENT_H 1
| #define HAVE_LINUX_XATTR_H 1
| #define HAVE_STDIO_EXT_H 1
| #define HAVE_GETOPT_H 1
| #define HAVE_THREADS_H 1
| #define HAVE_LIMITS_H 1
| #define HAVE_WCTYPE_H 1
| #define HAVE_LANGINFO_H 1
| #define HAVE_SYS_MMAN_H 1
| #define HAVE_PTHREAD_H 1
| #define HAVE_MALLOC_H 1
| #define HAVE_SYS_TIME_H 1
| #define HAVE_STDCKDINT_H 1
| #define HAVE_SYS_RANDOM_H 1
| #define HAVE_FEATURES_H 1
| #define HAVE_ARPA_INET_H 1
| #define HAVE_NETDB_H 1
| #define HAVE_NETINET_IN_H 1
| #define HAVE_MATH_H 1
| #define HAVE_SYS_SELECT_H 1
| #define HAVE_SYS_WAIT_H 1
| #define HAVE_SEMAPHORE_H 1
| #define HAVE_SYS_IOCTL_H 1
| #define HAVE_SYS_UN_H 1
| #define HAVE_SYS_UIO_H 1
| #define HAVE_LOCALE_H 1
| #define HAVE_ERRNO_H 1
| #define STDC_HEADERS 1
| #define _ALL_SOURCE 1
| #define _COSMO_SOURCE 1
| #define _DARWIN_C_SOURCE 1
| #define _GNU_SOURCE 1
| #define _HPUX_ALT_XOPEN_SOCKET_API 1
| #define _NETBSD_SOURCE 1
| #define _OPENBSD_SOURCE 1
| #define _POSIX_PTHREAD_SEMANTICS 1
| #define __STDC_WANT_IEC_60559_ATTRIBS_EXT__ 1
| #define __STDC_WANT_IEC_60559_BFP_EXT__ 1
| #define __STDC_WANT_IEC_60559_DFP_EXT__ 1
| #define __STDC_WANT_IEC_60559_EXT__ 1
| #define __STDC_WANT_IEC_60559_FUNCS_EXT__ 1
| #define __STDC_WANT_IEC_60559_TYPES_EXT__ 1
| #define __STDC_WANT_LIB_EXT2__ 1
| #define __STDC_WANT_MATH_SPEC_FUNCS__ 1
| #define _TANDEM_SOURCE 1
| #define __EXTENSIONS__ 1
| #define _LINUX_SOURCE_COMPAT 1
| #define __USE_MINGW_ANSI_STDIO 1
| #define HAVE_FCHMOD 1
| #define HAVE_BTOWC 1
| #define HAVE_MBRTOWC 1
| #define HAVE_MBSINIT 1
| #define HAVE_REALPATH 1
| #define HAVE_LSTAT 1
| #define HAVE_FCNTL 1
| #define HAVE_SYMLINK 1
| #define HAVE_LISTXATTR 1
| #define HAVE_GETDTABLESIZE 1
| #define HAVE_ISWCNTRL 1
| #define HAVE_MPROTECT 1
| #define HAVE_READLINK 1
| #define HAVE_ISBLANK 1
| #define HAVE_ISWCTYPE 1
| #define HAVE_LINK 1
| #define HAVE_VASPRINTF 1
| #define HAVE___XPG_STRERROR_R 1
| #define HAVE_STRTOIMAX 1
| #define HAVE_WCRTOMB 1
| #define HAVE_WCTOB 1
| #define HAVE_FPURGE 1
| #define HAVE_GETTIMEOFDAY 1
| #define HAVE_PIPE 1
| #define HAVE_PSELECT 1
| #define HAVE_PTHREAD_SIGMASK 1
| #define HAVE_SIGPROCMASK 1
| #define HAVE_SETENV 1
| #define HAVE_SLEEP 1
| #define HAVE_SNPRINTF 1
| #define HAVE_SHUTDOWN 1
| #define HAVE_ISATTY 1
| #define HAVE_ISASCII 1
| #define HAVE_MEMCPY 1
| #define HAVE_STRCHR 1
| #define HAVE_STRTOUL 1
| #define HAVE_POPEN 1
| #define HAVE_PATHCONF 1
| #define HAVE_FCHOWN 1
| #define HAVE_SETLOCALE 1
| #define USE_ACL 0
| #define HAVE_ALLOCA_H 1
| #define HAVE_ALLOCA 1
| #define HAVE_WINT_T 1
| #define HAVE_LANGINFO_CODESET 1
| #define BITSIZEOF_WCHAR_T 32
| #define HAVE_MBSTATE_T 1
| #define HAVE_WORKING_MBRTOC32 1
| #define HAVE_WORKING_C32RTOMB 1
| #define HAVE_MALLOC_PTRDIFF 1
| #define HAVE_MALLOC_POSIX 1
| #define LSTAT_FOLLOWS_SLASHED_SYMLINK 1
| #define FUNC_REALPATH_NEARLY_WORKS 1
| #define HAVE_FACCESSAT 1
| #define HAVE_GETCWD 1
| #define HAVE_DECL_STRERROR_R 1
| #define HAVE_STRERROR_R 1
| #define HAVE_WORKING_O_DIRECTORY 1
| #define HAVE_WORKING_O_NOATIME 1
| #define HAVE_WORKING_O_NOFOLLOW 1
| #define USE_SELINUX_SELINUX_H 0
| #define restrict __restrict__
| #define HAVE_DECL_GETDELIM 1
| #define HAVE_DECL_GETDTABLESIZE 1
| #define HAVE_GETOPT_H 1
| #define HAVE_GETOPT_LONG_ONLY 1
| #define MUSL_LIBC 1
| #define HAVE_PTHREAD_API 1
| #define SETLOCALE_NULL_ALL_MTSAFE 0
| #define SETLOCALE_NULL_ONE_MTSAFE 1
| #define HAVE_WEAK_SYMBOLS 1
| #define HAVE_LONG_LONG_INT 1
| #define HAVE_UNSIGNED_LONG_LONG_INT 1
| #define HAVE_TOWLOWER 1
| #define AVOID_ANY_THREADS 1
| #define HAVE_MALLOC_0_NONNULL 1
| #define HAVE_DECL_MEMEQ 0
| #define HAVE_DECL_MEMRCHR 1
| #define HAVE_MINMAX_IN_SYS_PARAM_H 1
| #define PROMOTED_MODE_T mode_t
| #define HAVE_PTHREAD_T 1
| /* end confdefs.h.  */
| #include <stddef.h>
| #ifdef HAVE_STDIO_H
| # include <stdio.h>
| #endif
| #ifdef HAVE_STDLIB_H
| # include <stdlib.h>
| #endif
| #ifdef HAVE_STRING_H
| # include <string.h>
| #endif
| #ifdef HAVE_INTTYPES_H
| # include <inttypes.h>
| #endif
| #ifdef HAVE_STDINT_H
| # include <stdint.h>
| #endif
| #ifdef HAVE_STRINGS_H
| # include <strings.h>
| #endif
| #ifdef HAVE_SYS_TYPES_H
| # include <sys/types.h>
| #endif
| #ifdef HAVE_SYS_STAT_H
| # include <sys/stat.h>
| #endif
| #ifdef HAVE_UNISTD_H
| # include <unistd.h>
| #endif
|      #if HAVE_PTHREAD_H
|       #include <pthread.h>
|      #endif
| 
| int
| main (void)
| {
| if (sizeof ((pthread_spinlock_t)))
| 	    return 0;
|   ;
|   return 0;
| }
configure:22788: result: yes
configure:22829: checking for pthread_spin_init
configure:22852: gcc -o conftest -g -O2   conftest.c   >&5
configure:22852: $? = 0
configure:22865: result: yes
configure:22919: checking whether realloc should abort upon undefined behaviour
configure:22928: result: no
configure:22931: checking whether alarm is declared
configure:22931: gcc -c -g -O2   conftest.c >&5
configure:22931: $? = 0
configure:22931: result: yes
configure:22956: checking for sched.h
configure:22956: gcc -c -g -O2  conftest.c >&5
configure:22956: $? = 0
configure:22956: result: yes
configure:23049: checking for struct sched_param
configure:23049: gcc -c -g -O2  conftest.c >&5
configure:23049: $? = 0
configure:23049: gcc -c -g -O2  conftest.c >&5
conftest.c: In function 'main':
conftest.c:166:33: error: expected expression before ')' token
  166 | if (sizeof ((struct sched_param)))
      |                                 ^
configure:23049: $? = 1
configure: failed program was:
| /* confdefs.h */
| #define PACKAGE_NAME "GNU sed"
| #define PACKAGE_TARNAME "sed"
| #define PACKAGE_VERSION "4.10"
| #define PACKAGE_STRING "GNU sed 4.10"
| #define PACKAGE_BUGREPORT "bug-sed@gnu.org"
| #define PACKAGE_URL "https://www.gnu.org/software/sed/"
| #define PACKAGE "sed"
| #define VERSION "4.10"
| #define HAVE_STDIO_H 1
| #define HAVE_STDLIB_H 1
| #define HAVE_STRING_H 1
| #define HAVE_INTTYPES_H 1
| #define HAVE_STDINT_H 1
| #define HAVE_STRINGS_H 1
| #define HAVE_SYS_STAT_H 1
| #define HAVE_SYS_TYPES_H 1
| #define HAVE_UNISTD_H 1
| #define HAVE_WCHAR_H 1
| #define HAVE_STDBOOL_H 1
| #define HAVE_UCHAR_H 1
| #define HAVE_SYS_PARAM_H 1
| #define HAVE_SYS_SOCKET_H 1
| #define HAVE_DIRENT_H 1
| #define HAVE_LINUX_XATTR_H 1
| #define HAVE_STDIO_EXT_H 1
| #define HAVE_GETOPT_H 1
| #define HAVE_THREADS_H 1
| #define HAVE_LIMITS_H 1
| #define HAVE_WCTYPE_H 1
| #define HAVE_LANGINFO_H 1
| #define HAVE_SYS_MMAN_H 1
| #define HAVE_PTHREAD_H 1
| #define HAVE_MALLOC_H 1
| #define HAVE_SYS_TIME_H 1
| #define HAVE_STDCKDINT_H 1
| #define HAVE_SYS_RANDOM_H 1
| #define HAVE_FEATURES_H 1
| #define HAVE_ARPA_INET_H 1
| #define HAVE_NETDB_H 1
| #define HAVE_NETINET_IN_H 1
| #define HAVE_MATH_H 1
| #define HAVE_SYS_SELECT_H 1
| #define HAVE_SYS_WAIT_H 1
| #define HAVE_SEMAPHORE_H 1
| #define HAVE_SYS_IOCTL_H 1
| #define HAVE_SYS_UN_H 1
| #define HAVE_SYS_UIO_H 1
| #define HAVE_LOCALE_H 1
| #define HAVE_ERRNO_H 1
| #define STDC_HEADERS 1
| #define _ALL_SOURCE 1
| #define _COSMO_SOURCE 1
| #define _DARWIN_C_SOURCE 1
| #define _GNU_SOURCE 1
| #define _HPUX_ALT_XOPEN_SOCKET_API 1
| #define _NETBSD_SOURCE 1
| #define _OPENBSD_SOURCE 1
| #define _POSIX_PTHREAD_SEMANTICS 1
| #define __STDC_WANT_IEC_60559_ATTRIBS_EXT__ 1
| #define __STDC_WANT_IEC_60559_BFP_EXT__ 1
| #define __STDC_WANT_IEC_60559_DFP_EXT__ 1
| #define __STDC_WANT_IEC_60559_EXT__ 1
| #define __STDC_WANT_IEC_60559_FUNCS_EXT__ 1
| #define __STDC_WANT_IEC_60559_TYPES_EXT__ 1
| #define __STDC_WANT_LIB_EXT2__ 1
| #define __STDC_WANT_MATH_SPEC_FUNCS__ 1
| #define _TANDEM_SOURCE 1
| #define __EXTENSIONS__ 1
| #define _LINUX_SOURCE_COMPAT 1
| #define __USE_MINGW_ANSI_STDIO 1
| #define HAVE_FCHMOD 1
| #define HAVE_BTOWC 1
| #define HAVE_MBRTOWC 1
| #define HAVE_MBSINIT 1
| #define HAVE_REALPATH 1
| #define HAVE_LSTAT 1
| #define HAVE_FCNTL 1
| #define HAVE_SYMLINK 1
| #define HAVE_LISTXATTR 1
| #define HAVE_GETDTABLESIZE 1
| #define HAVE_ISWCNTRL 1
| #define HAVE_MPROTECT 1
| #define HAVE_READLINK 1
| #define HAVE_ISBLANK 1
| #define HAVE_ISWCTYPE 1
| #define HAVE_LINK 1
| #define HAVE_VASPRINTF 1
| #define HAVE___XPG_STRERROR_R 1
| #define HAVE_STRTOIMAX 1
| #define HAVE_WCRTOMB 1
| #define HAVE_WCTOB 1
| #define HAVE_FPURGE 1
| #define HAVE_GETTIMEOFDAY 1
| #define HAVE_PIPE 1
| #define HAVE_PSELECT 1
| #define HAVE_PTHREAD_SIGMASK 1
| #define HAVE_SIGPROCMASK 1
| #define HAVE_SETENV 1
| #define HAVE_SLEEP 1
| #define HAVE_SNPRINTF 1
| #define HAVE_SHUTDOWN 1
| #define HAVE_ISATTY 1
| #define HAVE_ISASCII 1
| #define HAVE_MEMCPY 1
| #define HAVE_STRCHR 1
| #define HAVE_STRTOUL 1
| #define HAVE_POPEN 1
| #define HAVE_PATHCONF 1
| #define HAVE_FCHOWN 1
| #define HAVE_SETLOCALE 1
| #define USE_ACL 0
| #define HAVE_ALLOCA_H 1
| #define HAVE_ALLOCA 1
| #define HAVE_WINT_T 1
| #define HAVE_LANGINFO_CODESET 1
| #define BITSIZEOF_WCHAR_T 32
| #define HAVE_MBSTATE_T 1
| #define HAVE_WORKING_MBRTOC32 1
| #define HAVE_WORKING_C32RTOMB 1
| #define HAVE_MALLOC_PTRDIFF 1
| #define HAVE_MALLOC_POSIX 1
| #define LSTAT_FOLLOWS_SLASHED_SYMLINK 1
| #define FUNC_REALPATH_NEARLY_WORKS 1
| #define HAVE_FACCESSAT 1
| #define HAVE_GETCWD 1
| #define HAVE_DECL_STRERROR_R 1
| #define HAVE_STRERROR_R 1
| #define HAVE_WORKING_O_DIRECTORY 1
| #define HAVE_WORKING_O_NOATIME 1
| #define HAVE_WORKING_O_NOFOLLOW 1
| #define USE_SELINUX_SELINUX_H 0
| #define restrict __restrict__
| #define HAVE_DECL_GETDELIM 1
| #define HAVE_DECL_GETDTABLESIZE 1
| #define HAVE_GETOPT_H 1
| #define HAVE_GETOPT_LONG_ONLY 1
| #define MUSL_LIBC 1
| #define HAVE_PTHREAD_API 1
| #define SETLOCALE_NULL_ALL_MTSAFE 0
| #define SETLOCALE_NULL_ONE_MTSAFE 1
| #define HAVE_WEAK_SYMBOLS 1
| #define HAVE_LONG_LONG_INT 1
| #define HAVE_UNSIGNED_LONG_LONG_INT 1
| #define HAVE_TOWLOWER 1
| #define AVOID_ANY_THREADS 1
| #define HAVE_MALLOC_0_NONNULL 1
| #define HAVE_DECL_MEMEQ 0
| #define HAVE_DECL_MEMRCHR 1
| #define HAVE_MINMAX_IN_SYS_PARAM_H 1
| #define PROMOTED_MODE_T mode_t
| #define HAVE_PTHREAD_T 1
| #define HAVE_PTHREAD_SPINLOCK_T 1
| #define HAVE_DECL_ALARM 1
| #define HAVE_SCHED_H 1
| /* end confdefs.h.  */
| #if HAVE_SYS_CDEFS_H
|          #include <sys/cdefs.h>
|         #endif
|         #include <sched.h>
| 
| 
| int
| main (void)
| {
| if (sizeof ((struct sched_param)))
| 	    return 0;
|   ;
|   return 0;
| }
configure:23049: result: yes
configure:23191: checking whether stdckdint.h can be included in C
configure:23209: gcc -c -g -O2  conftest.c >&5
configure:23209: $? = 0
configure:23219: result: yes
configure:23223: checking checking for an ISO C23 compliant stdckdint.h in C
configure:23246: gcc -c -g -O2  conftest.c >&5
configure:23246: $? = 0
configure:23256: result: yes
configure:23268: checking whether stdckdint.h can be included in C++
configure:23278:    -c conftest.cpp
./configure: eval: line 23279: -c: not found
configure:23281: $? = 127
configure:23291: result: no
configure:23460: checking whether the C++ compiler has <stdcountof.h>
configure:23472:    -c conftest.cpp
./configure: eval: line 23473: -c: not found
configure:23475: $? = 127
configure:23485: result: no
configure:23501: checking whether fcloseall is declared
configure:23501: gcc -c -g -O2   conftest.c >&5
conftest.c: In function 'main':
conftest.c:192:10: error: 'fcloseall' undeclared (first use in this function); did you mean 'fclose'?
  192 |   (void) fcloseall;
      |          ^~~~~~~~~
      |          fclose
conftest.c:192:10: note: each undeclared identifier is reported only once for each function it appears in
configure:23501: $? = 1
configure: failed program was:
| /* confdefs.h */
| #define PACKAGE_NAME "GNU sed"
| #define PACKAGE_TARNAME "sed"
| #define PACKAGE_VERSION "4.10"
| #define PACKAGE_STRING "GNU sed 4.10"
| #define PACKAGE_BUGREPORT "bug-sed@gnu.org"
| #define PACKAGE_URL "https://www.gnu.org/software/sed/"
| #define PACKAGE "sed"
| #define VERSION "4.10"
| #define HAVE_STDIO_H 1
| #define HAVE_STDLIB_H 1
| #define HAVE_STRING_H 1
| #define HAVE_INTTYPES_H 1
| #define HAVE_STDINT_H 1
| #define HAVE_STRINGS_H 1
| #define HAVE_SYS_STAT_H 1
| #define HAVE_SYS_TYPES_H 1
| #define HAVE_UNISTD_H 1
| #define HAVE_WCHAR_H 1
| #define HAVE_STDBOOL_H 1
| #define HAVE_UCHAR_H 1
| #define HAVE_SYS_PARAM_H 1
| #define HAVE_SYS_SOCKET_H 1
| #define HAVE_DIRENT_H 1
| #define HAVE_LINUX_XATTR_H 1
| #define HAVE_STDIO_EXT_H 1
| #define HAVE_GETOPT_H 1
| #define HAVE_THREADS_H 1
| #define HAVE_LIMITS_H 1
| #define HAVE_WCTYPE_H 1
| #define HAVE_LANGINFO_H 1
| #define HAVE_SYS_MMAN_H 1
| #define HAVE_PTHREAD_H 1
| #define HAVE_MALLOC_H 1
| #define HAVE_SYS_TIME_H 1
| #define HAVE_STDCKDINT_H 1
| #define HAVE_SYS_RANDOM_H 1
| #define HAVE_FEATURES_H 1
| #define HAVE_ARPA_INET_H 1
| #define HAVE_NETDB_H 1
| #define HAVE_NETINET_IN_H 1
| #define HAVE_MATH_H 1
| #define HAVE_SYS_SELECT_H 1
| #define HAVE_SYS_WAIT_H 1
| #define HAVE_SEMAPHORE_H 1
| #define HAVE_SYS_IOCTL_H 1
| #define HAVE_SYS_UN_H 1
| #define HAVE_SYS_UIO_H 1
| #define HAVE_LOCALE_H 1
| #define HAVE_ERRNO_H 1
| #define STDC_HEADERS 1
| #define _ALL_SOURCE 1
| #define _COSMO_SOURCE 1
| #define _DARWIN_C_SOURCE 1
| #define _GNU_SOURCE 1
| #define _HPUX_ALT_XOPEN_SOCKET_API 1
| #define _NETBSD_SOURCE 1
| #define _OPENBSD_SOURCE 1
| #define _POSIX_PTHREAD_SEMANTICS 1
| #define __STDC_WANT_IEC_60559_ATTRIBS_EXT__ 1
| #define __STDC_WANT_IEC_60559_BFP_EXT__ 1
| #define __STDC_WANT_IEC_60559_DFP_EXT__ 1
| #define __STDC_WANT_IEC_60559_EXT__ 1
| #define __STDC_WANT_IEC_60559_FUNCS_EXT__ 1
| #define __STDC_WANT_IEC_60559_TYPES_EXT__ 1
| #define __STDC_WANT_LIB_EXT2__ 1
| #define __STDC_WANT_MATH_SPEC_FUNCS__ 1
| #define _TANDEM_SOURCE 1
| #define __EXTENSIONS__ 1
| #define _LINUX_SOURCE_COMPAT 1
| #define __USE_MINGW_ANSI_STDIO 1
| #define HAVE_FCHMOD 1
| #define HAVE_BTOWC 1
| #define HAVE_MBRTOWC 1
| #define HAVE_MBSINIT 1
| #define HAVE_REALPATH 1
| #define HAVE_LSTAT 1
| #define HAVE_FCNTL 1
| #define HAVE_SYMLINK 1
| #define HAVE_LISTXATTR 1
| #define HAVE_GETDTABLESIZE 1
| #define HAVE_ISWCNTRL 1
| #define HAVE_MPROTECT 1
| #define HAVE_READLINK 1
| #define HAVE_ISBLANK 1
| #define HAVE_ISWCTYPE 1
| #define HAVE_LINK 1
| #define HAVE_VASPRINTF 1
| #define HAVE___XPG_STRERROR_R 1
| #define HAVE_STRTOIMAX 1
| #define HAVE_WCRTOMB 1
| #define HAVE_WCTOB 1
| #define HAVE_FPURGE 1
| #define HAVE_GETTIMEOFDAY 1
| #define HAVE_PIPE 1
| #define HAVE_PSELECT 1
| #define HAVE_PTHREAD_SIGMASK 1
| #define HAVE_SIGPROCMASK 1
| #define HAVE_SETENV 1
| #define HAVE_SLEEP 1
| #define HAVE_SNPRINTF 1
| #define HAVE_SHUTDOWN 1
| #define HAVE_ISATTY 1
| #define HAVE_ISASCII 1
| #define HAVE_MEMCPY 1
| #define HAVE_STRCHR 1
| #define HAVE_STRTOUL 1
| #define HAVE_POPEN 1
| #define HAVE_PATHCONF 1
| #define HAVE_FCHOWN 1
| #define HAVE_SETLOCALE 1
| #define USE_ACL 0
| #define HAVE_ALLOCA_H 1
| #define HAVE_ALLOCA 1
| #define HAVE_WINT_T 1
| #define HAVE_LANGINFO_CODESET 1
| #define BITSIZEOF_WCHAR_T 32
| #define HAVE_MBSTATE_T 1
| #define HAVE_WORKING_MBRTOC32 1
| #define HAVE_WORKING_C32RTOMB 1
| #define HAVE_MALLOC_PTRDIFF 1
| #define HAVE_MALLOC_POSIX 1
| #define LSTAT_FOLLOWS_SLASHED_SYMLINK 1
| #define FUNC_REALPATH_NEARLY_WORKS 1
| #define HAVE_FACCESSAT 1
| #define HAVE_GETCWD 1
| #define HAVE_DECL_STRERROR_R 1
| #define HAVE_STRERROR_R 1
| #define HAVE_WORKING_O_DIRECTORY 1
| #define HAVE_WORKING_O_NOATIME 1
| #define HAVE_WORKING_O_NOFOLLOW 1
| #define USE_SELINUX_SELINUX_H 0
| #define restrict __restrict__
| #define HAVE_DECL_GETDELIM 1
| #define HAVE_DECL_GETDTABLESIZE 1
| #define HAVE_GETOPT_H 1
| #define HAVE_GETOPT_LONG_ONLY 1
| #define MUSL_LIBC 1
| #define HAVE_PTHREAD_API 1
| #define SETLOCALE_NULL_ALL_MTSAFE 0
| #define SETLOCALE_NULL_ONE_MTSAFE 1
| #define HAVE_WEAK_SYMBOLS 1
| #define HAVE_LONG_LONG_INT 1
| #define HAVE_UNSIGNED_LONG_LONG_INT 1
| #define HAVE_TOWLOWER 1
| #define AVOID_ANY_THREADS 1
| #define HAVE_MALLOC_0_NONNULL 1
| #define HAVE_DECL_MEMEQ 0
| #define HAVE_DECL_MEMRCHR 1
| #define HAVE_MINMAX_IN_SYS_PARAM_H 1
| #define PROMOTED_MODE_T mode_t
| #define HAVE_PTHREAD_T 1
| #define HAVE_PTHREAD_SPINLOCK_T 1
| #define HAVE_DECL_ALARM 1
| #define HAVE_SCHED_H 1
| /* end confdefs.h.  */
| #include <stddef.h>
| #ifdef HAVE_STDIO_H
| # include <stdio.h>
| #endif
| #ifdef HAVE_STDLIB_H
| # include <stdlib.h>
| #endif
| #ifdef HAVE_STRING_H
| # include <string.h>
| #endif
| #ifdef HAVE_INTTYPES_H
| # include <inttypes.h>
| #endif
| #ifdef HAVE_STDINT_H
| # include <stdint.h>
| #endif
| #ifdef HAVE_STRINGS_H
| # include <strings.h>
| #endif
| #ifdef HAVE_SYS_TYPES_H
| # include <sys/types.h>
| #endif
| #ifdef HAVE_SYS_STAT_H
| # include <sys/stat.h>
| #endif
| #ifdef HAVE_UNISTD_H
| # include <unistd.h>
| #endif
| int
| main (void)
| {
| #ifndef fcloseall
| #ifdef __cplusplus
|   (void) fcloseall;
| #else
|   (void) fcloseall;
| #endif
| #endif
| 
|   ;
|   return 0;
| }
configure:23501: result: no
configure:23511: checking whether getw is declared
configure:23511: gcc -c -g -O2   conftest.c >&5
configure:23511: $? = 0
configure:23511: result: yes
configure:23521: checking whether putw is declared
configure:23521: gcc -c -g -O2   conftest.c >&5
configure:23521: $? = 0
configure:23521: result: yes
configure:23607: checking which flavor of printf attribute matches inttypes macros
configure:23635: gcc -c -g -O2  conftest.c >&5
configure:23635: $? = 0
configure:23645: result: system
configure:23682: checking whether ecvt is declared
configure:23682: gcc -c -g -O2   conftest.c >&5
configure:23682: $? = 0
configure:23682: result: yes
configure:23692: checking whether fcvt is declared
configure:23692: gcc -c -g -O2   conftest.c >&5
configure:23692: $? = 0
configure:23692: result: yes
configure:23702: checking whether gcvt is declared
configure:23702: gcc -c -g -O2   conftest.c >&5
configure:23702: $? = 0
configure:23702: result: yes
configure:23796: checking whether MB_CUR_MAX is correct
configure:23815: gcc -o conftest -g -O2   conftest.c  >&5
configure:23815: $? = 0
configure:23845: gcc -o conftest -g -O2   conftest.c  >&5
configure:23845: $? = 0
configure:23845: ./conftest
configure:23845: $? = 0
configure:23868: result: yes
configure:23894: checking whether streq is declared
configure:23894: gcc -c -g -O2   conftest.c >&5
conftest.c: In function 'main':
conftest.c:198:10: error: 'streq' undeclared (first use in this function); did you mean 'strsep'?
  198 |   (void) streq;
      |          ^~~~~
      |          strsep
conftest.c:198:10: note: each undeclared identifier is reported only once for each function it appears in
configure:23894: $? = 1
configure: failed program was:
| /* confdefs.h */
| #define PACKAGE_NAME "GNU sed"
| #define PACKAGE_TARNAME "sed"
| #define PACKAGE_VERSION "4.10"
| #define PACKAGE_STRING "GNU sed 4.10"
| #define PACKAGE_BUGREPORT "bug-sed@gnu.org"
| #define PACKAGE_URL "https://www.gnu.org/software/sed/"
| #define PACKAGE "sed"
| #define VERSION "4.10"
| #define HAVE_STDIO_H 1
| #define HAVE_STDLIB_H 1
| #define HAVE_STRING_H 1
| #define HAVE_INTTYPES_H 1
| #define HAVE_STDINT_H 1
| #define HAVE_STRINGS_H 1
| #define HAVE_SYS_STAT_H 1
| #define HAVE_SYS_TYPES_H 1
| #define HAVE_UNISTD_H 1
| #define HAVE_WCHAR_H 1
| #define HAVE_STDBOOL_H 1
| #define HAVE_UCHAR_H 1
| #define HAVE_SYS_PARAM_H 1
| #define HAVE_SYS_SOCKET_H 1
| #define HAVE_DIRENT_H 1
| #define HAVE_LINUX_XATTR_H 1
| #define HAVE_STDIO_EXT_H 1
| #define HAVE_GETOPT_H 1
| #define HAVE_THREADS_H 1
| #define HAVE_LIMITS_H 1
| #define HAVE_WCTYPE_H 1
| #define HAVE_LANGINFO_H 1
| #define HAVE_SYS_MMAN_H 1
| #define HAVE_PTHREAD_H 1
| #define HAVE_MALLOC_H 1
| #define HAVE_SYS_TIME_H 1
| #define HAVE_STDCKDINT_H 1
| #define HAVE_SYS_RANDOM_H 1
| #define HAVE_FEATURES_H 1
| #define HAVE_ARPA_INET_H 1
| #define HAVE_NETDB_H 1
| #define HAVE_NETINET_IN_H 1
| #define HAVE_MATH_H 1
| #define HAVE_SYS_SELECT_H 1
| #define HAVE_SYS_WAIT_H 1
| #define HAVE_SEMAPHORE_H 1
| #define HAVE_SYS_IOCTL_H 1
| #define HAVE_SYS_UN_H 1
| #define HAVE_SYS_UIO_H 1
| #define HAVE_LOCALE_H 1
| #define HAVE_ERRNO_H 1
| #define STDC_HEADERS 1
| #define _ALL_SOURCE 1
| #define _COSMO_SOURCE 1
| #define _DARWIN_C_SOURCE 1
| #define _GNU_SOURCE 1
| #define _HPUX_ALT_XOPEN_SOCKET_API 1
| #define _NETBSD_SOURCE 1
| #define _OPENBSD_SOURCE 1
| #define _POSIX_PTHREAD_SEMANTICS 1
| #define __STDC_WANT_IEC_60559_ATTRIBS_EXT__ 1
| #define __STDC_WANT_IEC_60559_BFP_EXT__ 1
| #define __STDC_WANT_IEC_60559_DFP_EXT__ 1
| #define __STDC_WANT_IEC_60559_EXT__ 1
| #define __STDC_WANT_IEC_60559_FUNCS_EXT__ 1
| #define __STDC_WANT_IEC_60559_TYPES_EXT__ 1
| #define __STDC_WANT_LIB_EXT2__ 1
| #define __STDC_WANT_MATH_SPEC_FUNCS__ 1
| #define _TANDEM_SOURCE 1
| #define __EXTENSIONS__ 1
| #define _LINUX_SOURCE_COMPAT 1
| #define __USE_MINGW_ANSI_STDIO 1
| #define HAVE_FCHMOD 1
| #define HAVE_BTOWC 1
| #define HAVE_MBRTOWC 1
| #define HAVE_MBSINIT 1
| #define HAVE_REALPATH 1
| #define HAVE_LSTAT 1
| #define HAVE_FCNTL 1
| #define HAVE_SYMLINK 1
| #define HAVE_LISTXATTR 1
| #define HAVE_GETDTABLESIZE 1
| #define HAVE_ISWCNTRL 1
| #define HAVE_MPROTECT 1
| #define HAVE_READLINK 1
| #define HAVE_ISBLANK 1
| #define HAVE_ISWCTYPE 1
| #define HAVE_LINK 1
| #define HAVE_VASPRINTF 1
| #define HAVE___XPG_STRERROR_R 1
| #define HAVE_STRTOIMAX 1
| #define HAVE_WCRTOMB 1
| #define HAVE_WCTOB 1
| #define HAVE_FPURGE 1
| #define HAVE_GETTIMEOFDAY 1
| #define HAVE_PIPE 1
| #define HAVE_PSELECT 1
| #define HAVE_PTHREAD_SIGMASK 1
| #define HAVE_SIGPROCMASK 1
| #define HAVE_SETENV 1
| #define HAVE_SLEEP 1
| #define HAVE_SNPRINTF 1
| #define HAVE_SHUTDOWN 1
| #define HAVE_ISATTY 1
| #define HAVE_ISASCII 1
| #define HAVE_MEMCPY 1
| #define HAVE_STRCHR 1
| #define HAVE_STRTOUL 1
| #define HAVE_POPEN 1
| #define HAVE_PATHCONF 1
| #define HAVE_FCHOWN 1
| #define HAVE_SETLOCALE 1
| #define USE_ACL 0
| #define HAVE_ALLOCA_H 1
| #define HAVE_ALLOCA 1
| #define HAVE_WINT_T 1
| #define HAVE_LANGINFO_CODESET 1
| #define BITSIZEOF_WCHAR_T 32
| #define HAVE_MBSTATE_T 1
| #define HAVE_WORKING_MBRTOC32 1
| #define HAVE_WORKING_C32RTOMB 1
| #define HAVE_MALLOC_PTRDIFF 1
| #define HAVE_MALLOC_POSIX 1
| #define LSTAT_FOLLOWS_SLASHED_SYMLINK 1
| #define FUNC_REALPATH_NEARLY_WORKS 1
| #define HAVE_FACCESSAT 1
| #define HAVE_GETCWD 1
| #define HAVE_DECL_STRERROR_R 1
| #define HAVE_STRERROR_R 1
| #define HAVE_WORKING_O_DIRECTORY 1
| #define HAVE_WORKING_O_NOATIME 1
| #define HAVE_WORKING_O_NOFOLLOW 1
| #define USE_SELINUX_SELINUX_H 0
| #define restrict __restrict__
| #define HAVE_DECL_GETDELIM 1
| #define HAVE_DECL_GETDTABLESIZE 1
| #define HAVE_GETOPT_H 1
| #define HAVE_GETOPT_LONG_ONLY 1
| #define MUSL_LIBC 1
| #define HAVE_PTHREAD_API 1
| #define SETLOCALE_NULL_ALL_MTSAFE 0
| #define SETLOCALE_NULL_ONE_MTSAFE 1
| #define HAVE_WEAK_SYMBOLS 1
| #define HAVE_LONG_LONG_INT 1
| #define HAVE_UNSIGNED_LONG_LONG_INT 1
| #define HAVE_TOWLOWER 1
| #define AVOID_ANY_THREADS 1
| #define HAVE_MALLOC_0_NONNULL 1
| #define HAVE_DECL_MEMEQ 0
| #define HAVE_DECL_MEMRCHR 1
| #define HAVE_MINMAX_IN_SYS_PARAM_H 1
| #define PROMOTED_MODE_T mode_t
| #define HAVE_PTHREAD_T 1
| #define HAVE_PTHREAD_SPINLOCK_T 1
| #define HAVE_DECL_ALARM 1
| #define HAVE_SCHED_H 1
| #define HAVE_DECL_FCLOSEALL 0
| #define HAVE_DECL_GETW 1
| #define HAVE_DECL_PUTW 1
| #define HAVE_DECL_ECVT 1
| #define HAVE_DECL_FCVT 1
| #define HAVE_DECL_GCVT 1
| /* end confdefs.h.  */
| #include <stddef.h>
| #ifdef HAVE_STDIO_H
| # include <stdio.h>
| #endif
| #ifdef HAVE_STDLIB_H
| # include <stdlib.h>
| #endif
| #ifdef HAVE_STRING_H
| # include <string.h>
| #endif
| #ifdef HAVE_INTTYPES_H
| # include <inttypes.h>
| #endif
| #ifdef HAVE_STDINT_H
| # include <stdint.h>
| #endif
| #ifdef HAVE_STRINGS_H
| # include <strings.h>
| #endif
| #ifdef HAVE_SYS_TYPES_H
| # include <sys/types.h>
| #endif
| #ifdef HAVE_SYS_STAT_H
| # include <sys/stat.h>
| #endif
| #ifdef HAVE_UNISTD_H
| # include <unistd.h>
| #endif
| int
| main (void)
| {
| #ifndef streq
| #ifdef __cplusplus
|   (void) streq;
| #else
|   (void) streq;
| #endif
| #endif
| 
|   ;
|   return 0;
| }
configure:23894: result: no
configure:23906: checking whether strerror(0) succeeds
configure:23947: gcc -o conftest -g -O2   conftest.c  >&5
configure:23947: $? = 0
configure:23947: ./conftest
configure:23947: $? = 0
configure:23962: result: yes
configure:23984: checking for strerror_r
configure:24021: checking for strerror_r
configure:24021: gcc -o conftest -g -O2   conftest.c  >&5
configure:24021: $? = 0
configure:24021: result: yes
configure:24037: result: yes
configure:24053: checking for strerror_r with POSIX signature
configure:24072: gcc -c -g -O2  conftest.c >&5
configure:24072: $? = 0
configure:24083: result: yes
configure:24086: checking whether strerror_r works
configure:24143: gcc -o conftest -g -O2   conftest.c  >&5
configure:24143: $? = 0
configure:24143: ./conftest
configure:24143: $? = 0
configure:24158: result: yes
configure:24321: checking whether strncpy works
configure:24401: gcc -o conftest -g -O2   conftest.c  >&5
configure:24401: $? = 0
configure:24401: ./conftest
configure:24401: $? = 0
configure:24416: result: yes
configure:24424: checking whether strtoimax is declared
configure:24424: gcc -c -g -O2   conftest.c >&5
configure:24424: $? = 0
configure:24424: result: yes
configure:24544: checking for off64_t
configure:24562: gcc -c -g -O2  conftest.c >&5
conftest.c: In function 'main':
conftest.c:170:17: error: 'off64_t' undeclared (first use in this function); did you mean 'off_t'?
  170 | int x = sizeof (off64_t *) + sizeof (off64_t);
      |                 ^~~~~~~
      |                 off_t
conftest.c:170:17: note: each undeclared identifier is reported only once for each function it appears in
conftest.c:170:26: error: expected expression before ')' token
  170 | int x = sizeof (off64_t *) + sizeof (off64_t);
      |                          ^
configure:24562: $? = 1
configure: failed program was:
| /* confdefs.h */
| #define PACKAGE_NAME "GNU sed"
| #define PACKAGE_TARNAME "sed"
| #define PACKAGE_VERSION "4.10"
| #define PACKAGE_STRING "GNU sed 4.10"
| #define PACKAGE_BUGREPORT "bug-sed@gnu.org"
| #define PACKAGE_URL "https://www.gnu.org/software/sed/"
| #define PACKAGE "sed"
| #define VERSION "4.10"
| #define HAVE_STDIO_H 1
| #define HAVE_STDLIB_H 1
| #define HAVE_STRING_H 1
| #define HAVE_INTTYPES_H 1
| #define HAVE_STDINT_H 1
| #define HAVE_STRINGS_H 1
| #define HAVE_SYS_STAT_H 1
| #define HAVE_SYS_TYPES_H 1
| #define HAVE_UNISTD_H 1
| #define HAVE_WCHAR_H 1
| #define HAVE_STDBOOL_H 1
| #define HAVE_UCHAR_H 1
| #define HAVE_SYS_PARAM_H 1
| #define HAVE_SYS_SOCKET_H 1
| #define HAVE_DIRENT_H 1
| #define HAVE_LINUX_XATTR_H 1
| #define HAVE_STDIO_EXT_H 1
| #define HAVE_GETOPT_H 1
| #define HAVE_THREADS_H 1
| #define HAVE_LIMITS_H 1
| #define HAVE_WCTYPE_H 1
| #define HAVE_LANGINFO_H 1
| #define HAVE_SYS_MMAN_H 1
| #define HAVE_PTHREAD_H 1
| #define HAVE_MALLOC_H 1
| #define HAVE_SYS_TIME_H 1
| #define HAVE_STDCKDINT_H 1
| #define HAVE_SYS_RANDOM_H 1
| #define HAVE_FEATURES_H 1
| #define HAVE_ARPA_INET_H 1
| #define HAVE_NETDB_H 1
| #define HAVE_NETINET_IN_H 1
| #define HAVE_MATH_H 1
| #define HAVE_SYS_SELECT_H 1
| #define HAVE_SYS_WAIT_H 1
| #define HAVE_SEMAPHORE_H 1
| #define HAVE_SYS_IOCTL_H 1
| #define HAVE_SYS_UN_H 1
| #define HAVE_SYS_UIO_H 1
| #define HAVE_LOCALE_H 1
| #define HAVE_ERRNO_H 1
| #define STDC_HEADERS 1
| #define _ALL_SOURCE 1
| #define _COSMO_SOURCE 1
| #define _DARWIN_C_SOURCE 1
| #define _GNU_SOURCE 1
| #define _HPUX_ALT_XOPEN_SOCKET_API 1
| #define _NETBSD_SOURCE 1
| #define _OPENBSD_SOURCE 1
| #define _POSIX_PTHREAD_SEMANTICS 1
| #define __STDC_WANT_IEC_60559_ATTRIBS_EXT__ 1
| #define __STDC_WANT_IEC_60559_BFP_EXT__ 1
| #define __STDC_WANT_IEC_60559_DFP_EXT__ 1
| #define __STDC_WANT_IEC_60559_EXT__ 1
| #define __STDC_WANT_IEC_60559_FUNCS_EXT__ 1
| #define __STDC_WANT_IEC_60559_TYPES_EXT__ 1
| #define __STDC_WANT_LIB_EXT2__ 1
| #define __STDC_WANT_MATH_SPEC_FUNCS__ 1
| #define _TANDEM_SOURCE 1
| #define __EXTENSIONS__ 1
| #define _LINUX_SOURCE_COMPAT 1
| #define __USE_MINGW_ANSI_STDIO 1
| #define HAVE_FCHMOD 1
| #define HAVE_BTOWC 1
| #define HAVE_MBRTOWC 1
| #define HAVE_MBSINIT 1
| #define HAVE_REALPATH 1
| #define HAVE_LSTAT 1
| #define HAVE_FCNTL 1
| #define HAVE_SYMLINK 1
| #define HAVE_LISTXATTR 1
| #define HAVE_GETDTABLESIZE 1
| #define HAVE_ISWCNTRL 1
| #define HAVE_MPROTECT 1
| #define HAVE_READLINK 1
| #define HAVE_ISBLANK 1
| #define HAVE_ISWCTYPE 1
| #define HAVE_LINK 1
| #define HAVE_VASPRINTF 1
| #define HAVE___XPG_STRERROR_R 1
| #define HAVE_STRTOIMAX 1
| #define HAVE_WCRTOMB 1
| #define HAVE_WCTOB 1
| #define HAVE_FPURGE 1
| #define HAVE_GETTIMEOFDAY 1
| #define HAVE_PIPE 1
| #define HAVE_PSELECT 1
| #define HAVE_PTHREAD_SIGMASK 1
| #define HAVE_SIGPROCMASK 1
| #define HAVE_SETENV 1
| #define HAVE_SLEEP 1
| #define HAVE_SNPRINTF 1
| #define HAVE_SHUTDOWN 1
| #define HAVE_ISATTY 1
| #define HAVE_ISASCII 1
| #define HAVE_MEMCPY 1
| #define HAVE_STRCHR 1
| #define HAVE_STRTOUL 1
| #define HAVE_POPEN 1
| #define HAVE_PATHCONF 1
| #define HAVE_FCHOWN 1
| #define HAVE_SETLOCALE 1
| #define USE_ACL 0
| #define HAVE_ALLOCA_H 1
| #define HAVE_ALLOCA 1
| #define HAVE_WINT_T 1
| #define HAVE_LANGINFO_CODESET 1
| #define BITSIZEOF_WCHAR_T 32
| #define HAVE_MBSTATE_T 1
| #define HAVE_WORKING_MBRTOC32 1
| #define HAVE_WORKING_C32RTOMB 1
| #define HAVE_MALLOC_PTRDIFF 1
| #define HAVE_MALLOC_POSIX 1
| #define LSTAT_FOLLOWS_SLASHED_SYMLINK 1
| #define FUNC_REALPATH_NEARLY_WORKS 1
| #define HAVE_FACCESSAT 1
| #define HAVE_GETCWD 1
| #define HAVE_DECL_STRERROR_R 1
| #define HAVE_STRERROR_R 1
| #define HAVE_WORKING_O_DIRECTORY 1
| #define HAVE_WORKING_O_NOATIME 1
| #define HAVE_WORKING_O_NOFOLLOW 1
| #define USE_SELINUX_SELINUX_H 0
| #define restrict __restrict__
| #define HAVE_DECL_GETDELIM 1
| #define HAVE_DECL_GETDTABLESIZE 1
| #define HAVE_GETOPT_H 1
| #define HAVE_GETOPT_LONG_ONLY 1
| #define MUSL_LIBC 1
| #define HAVE_PTHREAD_API 1
| #define SETLOCALE_NULL_ALL_MTSAFE 0
| #define SETLOCALE_NULL_ONE_MTSAFE 1
| #define HAVE_WEAK_SYMBOLS 1
| #define HAVE_LONG_LONG_INT 1
| #define HAVE_UNSIGNED_LONG_LONG_INT 1
| #define HAVE_TOWLOWER 1
| #define AVOID_ANY_THREADS 1
| #define HAVE_MALLOC_0_NONNULL 1
| #define HAVE_DECL_MEMEQ 0
| #define HAVE_DECL_MEMRCHR 1
| #define HAVE_MINMAX_IN_SYS_PARAM_H 1
| #define PROMOTED_MODE_T mode_t
| #define HAVE_PTHREAD_T 1
| #define HAVE_PTHREAD_SPINLOCK_T 1
| #define HAVE_DECL_ALARM 1
| #define HAVE_SCHED_H 1
| #define HAVE_DECL_FCLOSEALL 0
| #define HAVE_DECL_GETW 1
| #define HAVE_DECL_PUTW 1
| #define HAVE_DECL_ECVT 1
| #define HAVE_DECL_FCVT 1
| #define HAVE_DECL_GCVT 1
| #define HAVE_DECL_STREQ 0
| #define HAVE_STRERROR_R 1
| #define HAVE_DECL_STRTOIMAX 1
| /* end confdefs.h.  */
| #include <sys/types.h>
| int
| main (void)
| {
| int x = sizeof (off64_t *) + sizeof (off64_t);
|             return !x;
|   ;
|   return 0;
| }
configure:24572: result: no
configure:24676: checking for blksize_t
configure:24676: gcc -c -g -O2  conftest.c >&5
configure:24676: $? = 0
configure:24676: gcc -c -g -O2  conftest.c >&5
conftest.c: In function 'main':
conftest.c:198:24: error: expected expression before ')' token
  198 | if (sizeof ((blksize_t)))
      |                        ^
configure:24676: $? = 1
configure: failed program was:
| /* confdefs.h */
| #define PACKAGE_NAME "GNU sed"
| #define PACKAGE_TARNAME "sed"
| #define PACKAGE_VERSION "4.10"
| #define PACKAGE_STRING "GNU sed 4.10"
| #define PACKAGE_BUGREPORT "bug-sed@gnu.org"
| #define PACKAGE_URL "https://www.gnu.org/software/sed/"
| #define PACKAGE "sed"
| #define VERSION "4.10"
| #define HAVE_STDIO_H 1
| #define HAVE_STDLIB_H 1
| #define HAVE_STRING_H 1
| #define HAVE_INTTYPES_H 1
| #define HAVE_STDINT_H 1
| #define HAVE_STRINGS_H 1
| #define HAVE_SYS_STAT_H 1
| #define HAVE_SYS_TYPES_H 1
| #define HAVE_UNISTD_H 1
| #define HAVE_WCHAR_H 1
| #define HAVE_STDBOOL_H 1
| #define HAVE_UCHAR_H 1
| #define HAVE_SYS_PARAM_H 1
| #define HAVE_SYS_SOCKET_H 1
| #define HAVE_DIRENT_H 1
| #define HAVE_LINUX_XATTR_H 1
| #define HAVE_STDIO_EXT_H 1
| #define HAVE_GETOPT_H 1
| #define HAVE_THREADS_H 1
| #define HAVE_LIMITS_H 1
| #define HAVE_WCTYPE_H 1
| #define HAVE_LANGINFO_H 1
| #define HAVE_SYS_MMAN_H 1
| #define HAVE_PTHREAD_H 1
| #define HAVE_MALLOC_H 1
| #define HAVE_SYS_TIME_H 1
| #define HAVE_STDCKDINT_H 1
| #define HAVE_SYS_RANDOM_H 1
| #define HAVE_FEATURES_H 1
| #define HAVE_ARPA_INET_H 1
| #define HAVE_NETDB_H 1
| #define HAVE_NETINET_IN_H 1
| #define HAVE_MATH_H 1
| #define HAVE_SYS_SELECT_H 1
| #define HAVE_SYS_WAIT_H 1
| #define HAVE_SEMAPHORE_H 1
| #define HAVE_SYS_IOCTL_H 1
| #define HAVE_SYS_UN_H 1
| #define HAVE_SYS_UIO_H 1
| #define HAVE_LOCALE_H 1
| #define HAVE_ERRNO_H 1
| #define STDC_HEADERS 1
| #define _ALL_SOURCE 1
| #define _COSMO_SOURCE 1
| #define _DARWIN_C_SOURCE 1
| #define _GNU_SOURCE 1
| #define _HPUX_ALT_XOPEN_SOCKET_API 1
| #define _NETBSD_SOURCE 1
| #define _OPENBSD_SOURCE 1
| #define _POSIX_PTHREAD_SEMANTICS 1
| #define __STDC_WANT_IEC_60559_ATTRIBS_EXT__ 1
| #define __STDC_WANT_IEC_60559_BFP_EXT__ 1
| #define __STDC_WANT_IEC_60559_DFP_EXT__ 1
| #define __STDC_WANT_IEC_60559_EXT__ 1
| #define __STDC_WANT_IEC_60559_FUNCS_EXT__ 1
| #define __STDC_WANT_IEC_60559_TYPES_EXT__ 1
| #define __STDC_WANT_LIB_EXT2__ 1
| #define __STDC_WANT_MATH_SPEC_FUNCS__ 1
| #define _TANDEM_SOURCE 1
| #define __EXTENSIONS__ 1
| #define _LINUX_SOURCE_COMPAT 1
| #define __USE_MINGW_ANSI_STDIO 1
| #define HAVE_FCHMOD 1
| #define HAVE_BTOWC 1
| #define HAVE_MBRTOWC 1
| #define HAVE_MBSINIT 1
| #define HAVE_REALPATH 1
| #define HAVE_LSTAT 1
| #define HAVE_FCNTL 1
| #define HAVE_SYMLINK 1
| #define HAVE_LISTXATTR 1
| #define HAVE_GETDTABLESIZE 1
| #define HAVE_ISWCNTRL 1
| #define HAVE_MPROTECT 1
| #define HAVE_READLINK 1
| #define HAVE_ISBLANK 1
| #define HAVE_ISWCTYPE 1
| #define HAVE_LINK 1
| #define HAVE_VASPRINTF 1
| #define HAVE___XPG_STRERROR_R 1
| #define HAVE_STRTOIMAX 1
| #define HAVE_WCRTOMB 1
| #define HAVE_WCTOB 1
| #define HAVE_FPURGE 1
| #define HAVE_GETTIMEOFDAY 1
| #define HAVE_PIPE 1
| #define HAVE_PSELECT 1
| #define HAVE_PTHREAD_SIGMASK 1
| #define HAVE_SIGPROCMASK 1
| #define HAVE_SETENV 1
| #define HAVE_SLEEP 1
| #define HAVE_SNPRINTF 1
| #define HAVE_SHUTDOWN 1
| #define HAVE_ISATTY 1
| #define HAVE_ISASCII 1
| #define HAVE_MEMCPY 1
| #define HAVE_STRCHR 1
| #define HAVE_STRTOUL 1
| #define HAVE_POPEN 1
| #define HAVE_PATHCONF 1
| #define HAVE_FCHOWN 1
| #define HAVE_SETLOCALE 1
| #define USE_ACL 0
| #define HAVE_ALLOCA_H 1
| #define HAVE_ALLOCA 1
| #define HAVE_WINT_T 1
| #define HAVE_LANGINFO_CODESET 1
| #define BITSIZEOF_WCHAR_T 32
| #define HAVE_MBSTATE_T 1
| #define HAVE_WORKING_MBRTOC32 1
| #define HAVE_WORKING_C32RTOMB 1
| #define HAVE_MALLOC_PTRDIFF 1
| #define HAVE_MALLOC_POSIX 1
| #define LSTAT_FOLLOWS_SLASHED_SYMLINK 1
| #define FUNC_REALPATH_NEARLY_WORKS 1
| #define HAVE_FACCESSAT 1
| #define HAVE_GETCWD 1
| #define HAVE_DECL_STRERROR_R 1
| #define HAVE_STRERROR_R 1
| #define HAVE_WORKING_O_DIRECTORY 1
| #define HAVE_WORKING_O_NOATIME 1
| #define HAVE_WORKING_O_NOFOLLOW 1
| #define USE_SELINUX_SELINUX_H 0
| #define restrict __restrict__
| #define HAVE_DECL_GETDELIM 1
| #define HAVE_DECL_GETDTABLESIZE 1
| #define HAVE_GETOPT_H 1
| #define HAVE_GETOPT_LONG_ONLY 1
| #define MUSL_LIBC 1
| #define HAVE_PTHREAD_API 1
| #define SETLOCALE_NULL_ALL_MTSAFE 0
| #define SETLOCALE_NULL_ONE_MTSAFE 1
| #define HAVE_WEAK_SYMBOLS 1
| #define HAVE_LONG_LONG_INT 1
| #define HAVE_UNSIGNED_LONG_LONG_INT 1
| #define HAVE_TOWLOWER 1
| #define AVOID_ANY_THREADS 1
| #define HAVE_MALLOC_0_NONNULL 1
| #define HAVE_DECL_MEMEQ 0
| #define HAVE_DECL_MEMRCHR 1
| #define HAVE_MINMAX_IN_SYS_PARAM_H 1
| #define PROMOTED_MODE_T mode_t
| #define HAVE_PTHREAD_T 1
| #define HAVE_PTHREAD_SPINLOCK_T 1
| #define HAVE_DECL_ALARM 1
| #define HAVE_SCHED_H 1
| #define HAVE_DECL_FCLOSEALL 0
| #define HAVE_DECL_GETW 1
| #define HAVE_DECL_PUTW 1
| #define HAVE_DECL_ECVT 1
| #define HAVE_DECL_FCVT 1
| #define HAVE_DECL_GCVT 1
| #define HAVE_DECL_STREQ 0
| #define HAVE_STRERROR_R 1
| #define HAVE_DECL_STRTOIMAX 1
| #define _USE_STD_STAT 1
| /* end confdefs.h.  */
| #include <stddef.h>
| #ifdef HAVE_STDIO_H
| # include <stdio.h>
| #endif
| #ifdef HAVE_STDLIB_H
| # include <stdlib.h>
| #endif
| #ifdef HAVE_STRING_H
| # include <string.h>
| #endif
| #ifdef HAVE_INTTYPES_H
| # include <inttypes.h>
| #endif
| #ifdef HAVE_STDINT_H
| # include <stdint.h>
| #endif
| #ifdef HAVE_STRINGS_H
| # include <strings.h>
| #endif
| #ifdef HAVE_SYS_TYPES_H
| # include <sys/types.h>
| #endif
| #ifdef HAVE_SYS_STAT_H
| # include <sys/stat.h>
| #endif
| #ifdef HAVE_UNISTD_H
| # include <unistd.h>
| #endif
| int
| main (void)
| {
| if (sizeof ((blksize_t)))
| 	    return 0;
|   ;
|   return 0;
| }
configure:24676: result: yes
configure:24687: checking for blkcnt_t
configure:24687: gcc -c -g -O2  conftest.c >&5
configure:24687: $? = 0
configure:24687: gcc -c -g -O2  conftest.c >&5
conftest.c: In function 'main':
conftest.c:198:23: error: expected expression before ')' token
  198 | if (sizeof ((blkcnt_t)))
      |                       ^
configure:24687: $? = 1
configure: failed program was:
| /* confdefs.h */
| #define PACKAGE_NAME "GNU sed"
| #define PACKAGE_TARNAME "sed"
| #define PACKAGE_VERSION "4.10"
| #define PACKAGE_STRING "GNU sed 4.10"
| #define PACKAGE_BUGREPORT "bug-sed@gnu.org"
| #define PACKAGE_URL "https://www.gnu.org/software/sed/"
| #define PACKAGE "sed"
| #define VERSION "4.10"
| #define HAVE_STDIO_H 1
| #define HAVE_STDLIB_H 1
| #define HAVE_STRING_H 1
| #define HAVE_INTTYPES_H 1
| #define HAVE_STDINT_H 1
| #define HAVE_STRINGS_H 1
| #define HAVE_SYS_STAT_H 1
| #define HAVE_SYS_TYPES_H 1
| #define HAVE_UNISTD_H 1
| #define HAVE_WCHAR_H 1
| #define HAVE_STDBOOL_H 1
| #define HAVE_UCHAR_H 1
| #define HAVE_SYS_PARAM_H 1
| #define HAVE_SYS_SOCKET_H 1
| #define HAVE_DIRENT_H 1
| #define HAVE_LINUX_XATTR_H 1
| #define HAVE_STDIO_EXT_H 1
| #define HAVE_GETOPT_H 1
| #define HAVE_THREADS_H 1
| #define HAVE_LIMITS_H 1
| #define HAVE_WCTYPE_H 1
| #define HAVE_LANGINFO_H 1
| #define HAVE_SYS_MMAN_H 1
| #define HAVE_PTHREAD_H 1
| #define HAVE_MALLOC_H 1
| #define HAVE_SYS_TIME_H 1
| #define HAVE_STDCKDINT_H 1
| #define HAVE_SYS_RANDOM_H 1
| #define HAVE_FEATURES_H 1
| #define HAVE_ARPA_INET_H 1
| #define HAVE_NETDB_H 1
| #define HAVE_NETINET_IN_H 1
| #define HAVE_MATH_H 1
| #define HAVE_SYS_SELECT_H 1
| #define HAVE_SYS_WAIT_H 1
| #define HAVE_SEMAPHORE_H 1
| #define HAVE_SYS_IOCTL_H 1
| #define HAVE_SYS_UN_H 1
| #define HAVE_SYS_UIO_H 1
| #define HAVE_LOCALE_H 1
| #define HAVE_ERRNO_H 1
| #define STDC_HEADERS 1
| #define _ALL_SOURCE 1
| #define _COSMO_SOURCE 1
| #define _DARWIN_C_SOURCE 1
| #define _GNU_SOURCE 1
| #define _HPUX_ALT_XOPEN_SOCKET_API 1
| #define _NETBSD_SOURCE 1
| #define _OPENBSD_SOURCE 1
| #define _POSIX_PTHREAD_SEMANTICS 1
| #define __STDC_WANT_IEC_60559_ATTRIBS_EXT__ 1
| #define __STDC_WANT_IEC_60559_BFP_EXT__ 1
| #define __STDC_WANT_IEC_60559_DFP_EXT__ 1
| #define __STDC_WANT_IEC_60559_EXT__ 1
| #define __STDC_WANT_IEC_60559_FUNCS_EXT__ 1
| #define __STDC_WANT_IEC_60559_TYPES_EXT__ 1
| #define __STDC_WANT_LIB_EXT2__ 1
| #define __STDC_WANT_MATH_SPEC_FUNCS__ 1
| #define _TANDEM_SOURCE 1
| #define __EXTENSIONS__ 1
| #define _LINUX_SOURCE_COMPAT 1
| #define __USE_MINGW_ANSI_STDIO 1
| #define HAVE_FCHMOD 1
| #define HAVE_BTOWC 1
| #define HAVE_MBRTOWC 1
| #define HAVE_MBSINIT 1
| #define HAVE_REALPATH 1
| #define HAVE_LSTAT 1
| #define HAVE_FCNTL 1
| #define HAVE_SYMLINK 1
| #define HAVE_LISTXATTR 1
| #define HAVE_GETDTABLESIZE 1
| #define HAVE_ISWCNTRL 1
| #define HAVE_MPROTECT 1
| #define HAVE_READLINK 1
| #define HAVE_ISBLANK 1
| #define HAVE_ISWCTYPE 1
| #define HAVE_LINK 1
| #define HAVE_VASPRINTF 1
| #define HAVE___XPG_STRERROR_R 1
| #define HAVE_STRTOIMAX 1
| #define HAVE_WCRTOMB 1
| #define HAVE_WCTOB 1
| #define HAVE_FPURGE 1
| #define HAVE_GETTIMEOFDAY 1
| #define HAVE_PIPE 1
| #define HAVE_PSELECT 1
| #define HAVE_PTHREAD_SIGMASK 1
| #define HAVE_SIGPROCMASK 1
| #define HAVE_SETENV 1
| #define HAVE_SLEEP 1
| #define HAVE_SNPRINTF 1
| #define HAVE_SHUTDOWN 1
| #define HAVE_ISATTY 1
| #define HAVE_ISASCII 1
| #define HAVE_MEMCPY 1
| #define HAVE_STRCHR 1
| #define HAVE_STRTOUL 1
| #define HAVE_POPEN 1
| #define HAVE_PATHCONF 1
| #define HAVE_FCHOWN 1
| #define HAVE_SETLOCALE 1
| #define USE_ACL 0
| #define HAVE_ALLOCA_H 1
| #define HAVE_ALLOCA 1
| #define HAVE_WINT_T 1
| #define HAVE_LANGINFO_CODESET 1
| #define BITSIZEOF_WCHAR_T 32
| #define HAVE_MBSTATE_T 1
| #define HAVE_WORKING_MBRTOC32 1
| #define HAVE_WORKING_C32RTOMB 1
| #define HAVE_MALLOC_PTRDIFF 1
| #define HAVE_MALLOC_POSIX 1
| #define LSTAT_FOLLOWS_SLASHED_SYMLINK 1
| #define FUNC_REALPATH_NEARLY_WORKS 1
| #define HAVE_FACCESSAT 1
| #define HAVE_GETCWD 1
| #define HAVE_DECL_STRERROR_R 1
| #define HAVE_STRERROR_R 1
| #define HAVE_WORKING_O_DIRECTORY 1
| #define HAVE_WORKING_O_NOATIME 1
| #define HAVE_WORKING_O_NOFOLLOW 1
| #define USE_SELINUX_SELINUX_H 0
| #define restrict __restrict__
| #define HAVE_DECL_GETDELIM 1
| #define HAVE_DECL_GETDTABLESIZE 1
| #define HAVE_GETOPT_H 1
| #define HAVE_GETOPT_LONG_ONLY 1
| #define MUSL_LIBC 1
| #define HAVE_PTHREAD_API 1
| #define SETLOCALE_NULL_ALL_MTSAFE 0
| #define SETLOCALE_NULL_ONE_MTSAFE 1
| #define HAVE_WEAK_SYMBOLS 1
| #define HAVE_LONG_LONG_INT 1
| #define HAVE_UNSIGNED_LONG_LONG_INT 1
| #define HAVE_TOWLOWER 1
| #define AVOID_ANY_THREADS 1
| #define HAVE_MALLOC_0_NONNULL 1
| #define HAVE_DECL_MEMEQ 0
| #define HAVE_DECL_MEMRCHR 1
| #define HAVE_MINMAX_IN_SYS_PARAM_H 1
| #define PROMOTED_MODE_T mode_t
| #define HAVE_PTHREAD_T 1
| #define HAVE_PTHREAD_SPINLOCK_T 1
| #define HAVE_DECL_ALARM 1
| #define HAVE_SCHED_H 1
| #define HAVE_DECL_FCLOSEALL 0
| #define HAVE_DECL_GETW 1
| #define HAVE_DECL_PUTW 1
| #define HAVE_DECL_ECVT 1
| #define HAVE_DECL_FCVT 1
| #define HAVE_DECL_GCVT 1
| #define HAVE_DECL_STREQ 0
| #define HAVE_STRERROR_R 1
| #define HAVE_DECL_STRTOIMAX 1
| #define _USE_STD_STAT 1
| /* end confdefs.h.  */
| #include <stddef.h>
| #ifdef HAVE_STDIO_H
| # include <stdio.h>
| #endif
| #ifdef HAVE_STDLIB_H
| # include <stdlib.h>
| #endif
| #ifdef HAVE_STRING_H
| # include <string.h>
| #endif
| #ifdef HAVE_INTTYPES_H
| # include <inttypes.h>
| #endif
| #ifdef HAVE_STDINT_H
| # include <stdint.h>
| #endif
| #ifdef HAVE_STRINGS_H
| # include <strings.h>
| #endif
| #ifdef HAVE_SYS_TYPES_H
| # include <sys/types.h>
| #endif
| #ifdef HAVE_SYS_STAT_H
| # include <sys/stat.h>
| #endif
| #ifdef HAVE_UNISTD_H
| # include <unistd.h>
| #endif
| int
| main (void)
| {
| if (sizeof ((blkcnt_t)))
| 	    return 0;
|   ;
|   return 0;
| }
configure:24687: result: yes
configure:24726: checking for struct timespec in <time.h>
configure:24744: gcc -c -g -O2  conftest.c >&5
configure:24744: $? = 0
configure:24754: result: yes
configure:24955: checking for TIME_UTC in <time.h>
configure:24973: gcc -c -g -O2  conftest.c >&5
configure:24973: $? = 0
configure:24983: result: yes
configure:25692: checking whether execvpe is declared
configure:25692: gcc -c -g -O2   conftest.c >&5
configure:25692: $? = 0
configure:25692: result: yes
configure:25810: checking whether clearerr_unlocked is declared
configure:25810: gcc -c -g -O2   conftest.c >&5
configure:25810: $? = 0
configure:25810: result: yes
configure:25820: checking whether feof_unlocked is declared
configure:25820: gcc -c -g -O2   conftest.c >&5
configure:25820: $? = 0
configure:25820: result: yes
configure:25830: checking whether ferror_unlocked is declared
configure:25830: gcc -c -g -O2   conftest.c >&5
configure:25830: $? = 0
configure:25830: result: yes
configure:25840: checking whether fflush_unlocked is declared
configure:25840: gcc -c -g -O2   conftest.c >&5
configure:25840: $? = 0
configure:25840: result: yes
configure:25850: checking whether fgets_unlocked is declared
configure:25850: gcc -c -g -O2   conftest.c >&5
configure:25850: $? = 0
configure:25850: result: yes
configure:25860: checking whether fileno_unlocked is declared
configure:25860: gcc -c -g -O2   conftest.c >&5
configure:25860: $? = 0
configure:25860: result: yes
configure:25870: checking whether fputc_unlocked is declared
configure:25870: gcc -c -g -O2   conftest.c >&5
configure:25870: $? = 0
configure:25870: result: yes
configure:25880: checking whether fputs_unlocked is declared
configure:25880: gcc -c -g -O2   conftest.c >&5
configure:25880: $? = 0
configure:25880: result: yes
configure:25890: checking whether fread_unlocked is declared
configure:25890: gcc -c -g -O2   conftest.c >&5
configure:25890: $? = 0
configure:25890: result: yes
configure:25900: checking whether fwrite_unlocked is declared
configure:25900: gcc -c -g -O2   conftest.c >&5
configure:25900: $? = 0
configure:25900: result: yes
configure:25910: checking whether getc_unlocked is declared
configure:25910: gcc -c -g -O2   conftest.c >&5
configure:25910: $? = 0
configure:25910: result: yes
configure:25920: checking whether getchar_unlocked is declared
configure:25920: gcc -c -g -O2   conftest.c >&5
configure:25920: $? = 0
configure:25920: result: yes
configure:25930: checking whether putc_unlocked is declared
configure:25930: gcc -c -g -O2   conftest.c >&5
configure:25930: $? = 0
configure:25930: result: yes
configure:25940: checking whether putchar_unlocked is declared
configure:25940: gcc -c -g -O2   conftest.c >&5
configure:25940: $? = 0
configure:25940: result: yes
configure:26068: checking whether wcsdup is declared
configure:26068: gcc -c -g -O2   conftest.c >&5
configure:26068: $? = 0
configure:26068: result: yes
configure:26089: checking for C compiler option to allow warnings
configure:26098: gcc -g -O2  -c conftest.c 2>conftest1.err
configure:26101: $? = 0
configure:26104: gcc -g -O2  -Wno-error -c conftest.c 2>conftest2.err
configure:26107: $? = 0
configure:26118: result: -Wno-error
configure:26190: checking whether <sys/socket.h> is self-contained
configure:26208: gcc -c -g -O2  conftest.c >&5
configure:26208: $? = 0
configure:26219: result: yes
configure:26222: checking for shutdown
configure:26222: result: yes
configure:26230: checking whether <sys/socket.h> defines the SHUT_* macros
configure:26248: gcc -c -g -O2  conftest.c >&5
configure:26248: $? = 0
configure:26259: result: yes
configure:26371: checking for struct sockaddr_storage
configure:26371: gcc -c -g -O2  conftest.c >&5
configure:26371: $? = 0
configure:26371: gcc -c -g -O2  conftest.c >&5
conftest.c: In function 'main':
conftest.c:200:38: error: expected expression before ')' token
  200 | if (sizeof ((struct sockaddr_storage)))
      |                                      ^
configure:26371: $? = 1
configure: failed program was:
| /* confdefs.h */
| #define PACKAGE_NAME "GNU sed"
| #define PACKAGE_TARNAME "sed"
| #define PACKAGE_VERSION "4.10"
| #define PACKAGE_STRING "GNU sed 4.10"
| #define PACKAGE_BUGREPORT "bug-sed@gnu.org"
| #define PACKAGE_URL "https://www.gnu.org/software/sed/"
| #define PACKAGE "sed"
| #define VERSION "4.10"
| #define HAVE_STDIO_H 1
| #define HAVE_STDLIB_H 1
| #define HAVE_STRING_H 1
| #define HAVE_INTTYPES_H 1
| #define HAVE_STDINT_H 1
| #define HAVE_STRINGS_H 1
| #define HAVE_SYS_STAT_H 1
| #define HAVE_SYS_TYPES_H 1
| #define HAVE_UNISTD_H 1
| #define HAVE_WCHAR_H 1
| #define HAVE_STDBOOL_H 1
| #define HAVE_UCHAR_H 1
| #define HAVE_SYS_PARAM_H 1
| #define HAVE_SYS_SOCKET_H 1
| #define HAVE_DIRENT_H 1
| #define HAVE_LINUX_XATTR_H 1
| #define HAVE_STDIO_EXT_H 1
| #define HAVE_GETOPT_H 1
| #define HAVE_THREADS_H 1
| #define HAVE_LIMITS_H 1
| #define HAVE_WCTYPE_H 1
| #define HAVE_LANGINFO_H 1
| #define HAVE_SYS_MMAN_H 1
| #define HAVE_PTHREAD_H 1
| #define HAVE_MALLOC_H 1
| #define HAVE_SYS_TIME_H 1
| #define HAVE_STDCKDINT_H 1
| #define HAVE_SYS_RANDOM_H 1
| #define HAVE_FEATURES_H 1
| #define HAVE_ARPA_INET_H 1
| #define HAVE_NETDB_H 1
| #define HAVE_NETINET_IN_H 1
| #define HAVE_MATH_H 1
| #define HAVE_SYS_SELECT_H 1
| #define HAVE_SYS_WAIT_H 1
| #define HAVE_SEMAPHORE_H 1
| #define HAVE_SYS_IOCTL_H 1
| #define HAVE_SYS_UN_H 1
| #define HAVE_SYS_UIO_H 1
| #define HAVE_LOCALE_H 1
| #define HAVE_ERRNO_H 1
| #define STDC_HEADERS 1
| #define _ALL_SOURCE 1
| #define _COSMO_SOURCE 1
| #define _DARWIN_C_SOURCE 1
| #define _GNU_SOURCE 1
| #define _HPUX_ALT_XOPEN_SOCKET_API 1
| #define _NETBSD_SOURCE 1
| #define _OPENBSD_SOURCE 1
| #define _POSIX_PTHREAD_SEMANTICS 1
| #define __STDC_WANT_IEC_60559_ATTRIBS_EXT__ 1
| #define __STDC_WANT_IEC_60559_BFP_EXT__ 1
| #define __STDC_WANT_IEC_60559_DFP_EXT__ 1
| #define __STDC_WANT_IEC_60559_EXT__ 1
| #define __STDC_WANT_IEC_60559_FUNCS_EXT__ 1
| #define __STDC_WANT_IEC_60559_TYPES_EXT__ 1
| #define __STDC_WANT_LIB_EXT2__ 1
| #define __STDC_WANT_MATH_SPEC_FUNCS__ 1
| #define _TANDEM_SOURCE 1
| #define __EXTENSIONS__ 1
| #define _LINUX_SOURCE_COMPAT 1
| #define __USE_MINGW_ANSI_STDIO 1
| #define HAVE_FCHMOD 1
| #define HAVE_BTOWC 1
| #define HAVE_MBRTOWC 1
| #define HAVE_MBSINIT 1
| #define HAVE_REALPATH 1
| #define HAVE_LSTAT 1
| #define HAVE_FCNTL 1
| #define HAVE_SYMLINK 1
| #define HAVE_LISTXATTR 1
| #define HAVE_GETDTABLESIZE 1
| #define HAVE_ISWCNTRL 1
| #define HAVE_MPROTECT 1
| #define HAVE_READLINK 1
| #define HAVE_ISBLANK 1
| #define HAVE_ISWCTYPE 1
| #define HAVE_LINK 1
| #define HAVE_VASPRINTF 1
| #define HAVE___XPG_STRERROR_R 1
| #define HAVE_STRTOIMAX 1
| #define HAVE_WCRTOMB 1
| #define HAVE_WCTOB 1
| #define HAVE_FPURGE 1
| #define HAVE_GETTIMEOFDAY 1
| #define HAVE_PIPE 1
| #define HAVE_PSELECT 1
| #define HAVE_PTHREAD_SIGMASK 1
| #define HAVE_SIGPROCMASK 1
| #define HAVE_SETENV 1
| #define HAVE_SLEEP 1
| #define HAVE_SNPRINTF 1
| #define HAVE_SHUTDOWN 1
| #define HAVE_ISATTY 1
| #define HAVE_ISASCII 1
| #define HAVE_MEMCPY 1
| #define HAVE_STRCHR 1
| #define HAVE_STRTOUL 1
| #define HAVE_POPEN 1
| #define HAVE_PATHCONF 1
| #define HAVE_FCHOWN 1
| #define HAVE_SETLOCALE 1
| #define USE_ACL 0
| #define HAVE_ALLOCA_H 1
| #define HAVE_ALLOCA 1
| #define HAVE_WINT_T 1
| #define HAVE_LANGINFO_CODESET 1
| #define BITSIZEOF_WCHAR_T 32
| #define HAVE_MBSTATE_T 1
| #define HAVE_WORKING_MBRTOC32 1
| #define HAVE_WORKING_C32RTOMB 1
| #define HAVE_MALLOC_PTRDIFF 1
| #define HAVE_MALLOC_POSIX 1
| #define LSTAT_FOLLOWS_SLASHED_SYMLINK 1
| #define FUNC_REALPATH_NEARLY_WORKS 1
| #define HAVE_FACCESSAT 1
| #define HAVE_GETCWD 1
| #define HAVE_DECL_STRERROR_R 1
| #define HAVE_STRERROR_R 1
| #define HAVE_WORKING_O_DIRECTORY 1
| #define HAVE_WORKING_O_NOATIME 1
| #define HAVE_WORKING_O_NOFOLLOW 1
| #define USE_SELINUX_SELINUX_H 0
| #define restrict __restrict__
| #define HAVE_DECL_GETDELIM 1
| #define HAVE_DECL_GETDTABLESIZE 1
| #define HAVE_GETOPT_H 1
| #define HAVE_GETOPT_LONG_ONLY 1
| #define MUSL_LIBC 1
| #define HAVE_PTHREAD_API 1
| #define SETLOCALE_NULL_ALL_MTSAFE 0
| #define SETLOCALE_NULL_ONE_MTSAFE 1
| #define HAVE_WEAK_SYMBOLS 1
| #define HAVE_LONG_LONG_INT 1
| #define HAVE_UNSIGNED_LONG_LONG_INT 1
| #define HAVE_TOWLOWER 1
| #define AVOID_ANY_THREADS 1
| #define HAVE_MALLOC_0_NONNULL 1
| #define HAVE_DECL_MEMEQ 0
| #define HAVE_DECL_MEMRCHR 1
| #define HAVE_MINMAX_IN_SYS_PARAM_H 1
| #define PROMOTED_MODE_T mode_t
| #define HAVE_PTHREAD_T 1
| #define HAVE_PTHREAD_SPINLOCK_T 1
| #define HAVE_DECL_ALARM 1
| #define HAVE_SCHED_H 1
| #define HAVE_DECL_FCLOSEALL 0
| #define HAVE_DECL_GETW 1
| #define HAVE_DECL_PUTW 1
| #define HAVE_DECL_ECVT 1
| #define HAVE_DECL_FCVT 1
| #define HAVE_DECL_GCVT 1
| #define HAVE_DECL_STREQ 0
| #define HAVE_STRERROR_R 1
| #define HAVE_DECL_STRTOIMAX 1
| #define _USE_STD_STAT 1
| #define HAVE_DECL_EXECVPE 1
| #define HAVE_DECL_CLEARERR_UNLOCKED 1
| #define HAVE_DECL_FEOF_UNLOCKED 1
| #define HAVE_DECL_FERROR_UNLOCKED 1
| #define HAVE_DECL_FFLUSH_UNLOCKED 1
| #define HAVE_DECL_FGETS_UNLOCKED 1
| #define HAVE_DECL_FILENO_UNLOCKED 1
| #define HAVE_DECL_FPUTC_UNLOCKED 1
| #define HAVE_DECL_FPUTS_UNLOCKED 1
| #define HAVE_DECL_FREAD_UNLOCKED 1
| #define HAVE_DECL_FWRITE_UNLOCKED 1
| #define HAVE_DECL_GETC_UNLOCKED 1
| #define HAVE_DECL_GETCHAR_UNLOCKED 1
| #define HAVE_DECL_PUTC_UNLOCKED 1
| #define HAVE_DECL_PUTCHAR_UNLOCKED 1
| #define HAVE_DECL_WCSDUP 1
| #define HAVE_SHUTDOWN 1
| /* end confdefs.h.  */
| 
|   /* sys/types.h is not needed according to POSIX, but the
|      sys/socket.h in i386-unknown-freebsd4.10 and
|      powerpc-apple-darwin5.5 required it. */
| #include <sys/types.h>
| #ifdef HAVE_SYS_SOCKET_H
| #include <sys/socket.h>
| #endif
| #ifdef HAVE_WS2TCPIP_H
| #include <ws2tcpip.h>
| #endif
| 
| 
| int
| main (void)
| {
| if (sizeof ((struct sockaddr_storage)))
| 	    return 0;
|   ;
|   return 0;
| }
configure:26371: result: yes
configure:26391: checking for sa_family_t
configure:26391: gcc -c -g -O2  conftest.c >&5
configure:26391: $? = 0
configure:26391: gcc -c -g -O2  conftest.c >&5
conftest.c: In function 'main':
conftest.c:201:26: error: expected expression before ')' token
  201 | if (sizeof ((sa_family_t)))
      |                          ^
configure:26391: $? = 1
configure: failed program was:
| /* confdefs.h */
| #define PACKAGE_NAME "GNU sed"
| #define PACKAGE_TARNAME "sed"
| #define PACKAGE_VERSION "4.10"
| #define PACKAGE_STRING "GNU sed 4.10"
| #define PACKAGE_BUGREPORT "bug-sed@gnu.org"
| #define PACKAGE_URL "https://www.gnu.org/software/sed/"
| #define PACKAGE "sed"
| #define VERSION "4.10"
| #define HAVE_STDIO_H 1
| #define HAVE_STDLIB_H 1
| #define HAVE_STRING_H 1
| #define HAVE_INTTYPES_H 1
| #define HAVE_STDINT_H 1
| #define HAVE_STRINGS_H 1
| #define HAVE_SYS_STAT_H 1
| #define HAVE_SYS_TYPES_H 1
| #define HAVE_UNISTD_H 1
| #define HAVE_WCHAR_H 1
| #define HAVE_STDBOOL_H 1
| #define HAVE_UCHAR_H 1
| #define HAVE_SYS_PARAM_H 1
| #define HAVE_SYS_SOCKET_H 1
| #define HAVE_DIRENT_H 1
| #define HAVE_LINUX_XATTR_H 1
| #define HAVE_STDIO_EXT_H 1
| #define HAVE_GETOPT_H 1
| #define HAVE_THREADS_H 1
| #define HAVE_LIMITS_H 1
| #define HAVE_WCTYPE_H 1
| #define HAVE_LANGINFO_H 1
| #define HAVE_SYS_MMAN_H 1
| #define HAVE_PTHREAD_H 1
| #define HAVE_MALLOC_H 1
| #define HAVE_SYS_TIME_H 1
| #define HAVE_STDCKDINT_H 1
| #define HAVE_SYS_RANDOM_H 1
| #define HAVE_FEATURES_H 1
| #define HAVE_ARPA_INET_H 1
| #define HAVE_NETDB_H 1
| #define HAVE_NETINET_IN_H 1
| #define HAVE_MATH_H 1
| #define HAVE_SYS_SELECT_H 1
| #define HAVE_SYS_WAIT_H 1
| #define HAVE_SEMAPHORE_H 1
| #define HAVE_SYS_IOCTL_H 1
| #define HAVE_SYS_UN_H 1
| #define HAVE_SYS_UIO_H 1
| #define HAVE_LOCALE_H 1
| #define HAVE_ERRNO_H 1
| #define STDC_HEADERS 1
| #define _ALL_SOURCE 1
| #define _COSMO_SOURCE 1
| #define _DARWIN_C_SOURCE 1
| #define _GNU_SOURCE 1
| #define _HPUX_ALT_XOPEN_SOCKET_API 1
| #define _NETBSD_SOURCE 1
| #define _OPENBSD_SOURCE 1
| #define _POSIX_PTHREAD_SEMANTICS 1
| #define __STDC_WANT_IEC_60559_ATTRIBS_EXT__ 1
| #define __STDC_WANT_IEC_60559_BFP_EXT__ 1
| #define __STDC_WANT_IEC_60559_DFP_EXT__ 1
| #define __STDC_WANT_IEC_60559_EXT__ 1
| #define __STDC_WANT_IEC_60559_FUNCS_EXT__ 1
| #define __STDC_WANT_IEC_60559_TYPES_EXT__ 1
| #define __STDC_WANT_LIB_EXT2__ 1
| #define __STDC_WANT_MATH_SPEC_FUNCS__ 1
| #define _TANDEM_SOURCE 1
| #define __EXTENSIONS__ 1
| #define _LINUX_SOURCE_COMPAT 1
| #define __USE_MINGW_ANSI_STDIO 1
| #define HAVE_FCHMOD 1
| #define HAVE_BTOWC 1
| #define HAVE_MBRTOWC 1
| #define HAVE_MBSINIT 1
| #define HAVE_REALPATH 1
| #define HAVE_LSTAT 1
| #define HAVE_FCNTL 1
| #define HAVE_SYMLINK 1
| #define HAVE_LISTXATTR 1
| #define HAVE_GETDTABLESIZE 1
| #define HAVE_ISWCNTRL 1
| #define HAVE_MPROTECT 1
| #define HAVE_READLINK 1
| #define HAVE_ISBLANK 1
| #define HAVE_ISWCTYPE 1
| #define HAVE_LINK 1
| #define HAVE_VASPRINTF 1
| #define HAVE___XPG_STRERROR_R 1
| #define HAVE_STRTOIMAX 1
| #define HAVE_WCRTOMB 1
| #define HAVE_WCTOB 1
| #define HAVE_FPURGE 1
| #define HAVE_GETTIMEOFDAY 1
| #define HAVE_PIPE 1
| #define HAVE_PSELECT 1
| #define HAVE_PTHREAD_SIGMASK 1
| #define HAVE_SIGPROCMASK 1
| #define HAVE_SETENV 1
| #define HAVE_SLEEP 1
| #define HAVE_SNPRINTF 1
| #define HAVE_SHUTDOWN 1
| #define HAVE_ISATTY 1
| #define HAVE_ISASCII 1
| #define HAVE_MEMCPY 1
| #define HAVE_STRCHR 1
| #define HAVE_STRTOUL 1
| #define HAVE_POPEN 1
| #define HAVE_PATHCONF 1
| #define HAVE_FCHOWN 1
| #define HAVE_SETLOCALE 1
| #define USE_ACL 0
| #define HAVE_ALLOCA_H 1
| #define HAVE_ALLOCA 1
| #define HAVE_WINT_T 1
| #define HAVE_LANGINFO_CODESET 1
| #define BITSIZEOF_WCHAR_T 32
| #define HAVE_MBSTATE_T 1
| #define HAVE_WORKING_MBRTOC32 1
| #define HAVE_WORKING_C32RTOMB 1
| #define HAVE_MALLOC_PTRDIFF 1
| #define HAVE_MALLOC_POSIX 1
| #define LSTAT_FOLLOWS_SLASHED_SYMLINK 1
| #define FUNC_REALPATH_NEARLY_WORKS 1
| #define HAVE_FACCESSAT 1
| #define HAVE_GETCWD 1
| #define HAVE_DECL_STRERROR_R 1
| #define HAVE_STRERROR_R 1
| #define HAVE_WORKING_O_DIRECTORY 1
| #define HAVE_WORKING_O_NOATIME 1
| #define HAVE_WORKING_O_NOFOLLOW 1
| #define USE_SELINUX_SELINUX_H 0
| #define restrict __restrict__
| #define HAVE_DECL_GETDELIM 1
| #define HAVE_DECL_GETDTABLESIZE 1
| #define HAVE_GETOPT_H 1
| #define HAVE_GETOPT_LONG_ONLY 1
| #define MUSL_LIBC 1
| #define HAVE_PTHREAD_API 1
| #define SETLOCALE_NULL_ALL_MTSAFE 0
| #define SETLOCALE_NULL_ONE_MTSAFE 1
| #define HAVE_WEAK_SYMBOLS 1
| #define HAVE_LONG_LONG_INT 1
| #define HAVE_UNSIGNED_LONG_LONG_INT 1
| #define HAVE_TOWLOWER 1
| #define AVOID_ANY_THREADS 1
| #define HAVE_MALLOC_0_NONNULL 1
| #define HAVE_DECL_MEMEQ 0
| #define HAVE_DECL_MEMRCHR 1
| #define HAVE_MINMAX_IN_SYS_PARAM_H 1
| #define PROMOTED_MODE_T mode_t
| #define HAVE_PTHREAD_T 1
| #define HAVE_PTHREAD_SPINLOCK_T 1
| #define HAVE_DECL_ALARM 1
| #define HAVE_SCHED_H 1
| #define HAVE_DECL_FCLOSEALL 0
| #define HAVE_DECL_GETW 1
| #define HAVE_DECL_PUTW 1
| #define HAVE_DECL_ECVT 1
| #define HAVE_DECL_FCVT 1
| #define HAVE_DECL_GCVT 1
| #define HAVE_DECL_STREQ 0
| #define HAVE_STRERROR_R 1
| #define HAVE_DECL_STRTOIMAX 1
| #define _USE_STD_STAT 1
| #define HAVE_DECL_EXECVPE 1
| #define HAVE_DECL_CLEARERR_UNLOCKED 1
| #define HAVE_DECL_FEOF_UNLOCKED 1
| #define HAVE_DECL_FERROR_UNLOCKED 1
| #define HAVE_DECL_FFLUSH_UNLOCKED 1
| #define HAVE_DECL_FGETS_UNLOCKED 1
| #define HAVE_DECL_FILENO_UNLOCKED 1
| #define HAVE_DECL_FPUTC_UNLOCKED 1
| #define HAVE_DECL_FPUTS_UNLOCKED 1
| #define HAVE_DECL_FREAD_UNLOCKED 1
| #define HAVE_DECL_FWRITE_UNLOCKED 1
| #define HAVE_DECL_GETC_UNLOCKED 1
| #define HAVE_DECL_GETCHAR_UNLOCKED 1
| #define HAVE_DECL_PUTC_UNLOCKED 1
| #define HAVE_DECL_PUTCHAR_UNLOCKED 1
| #define HAVE_DECL_WCSDUP 1
| #define HAVE_SHUTDOWN 1
| #define HAVE_STRUCT_SOCKADDR_STORAGE 1
| /* end confdefs.h.  */
| 
|   /* sys/types.h is not needed according to POSIX, but the
|      sys/socket.h in i386-unknown-freebsd4.10 and
|      powerpc-apple-darwin5.5 required it. */
| #include <sys/types.h>
| #ifdef HAVE_SYS_SOCKET_H
| #include <sys/socket.h>
| #endif
| #ifdef HAVE_WS2TCPIP_H
| #include <ws2tcpip.h>
| #endif
| 
| 
| int
| main (void)
| {
| if (sizeof ((sa_family_t)))
| 	    return 0;
|   ;
|   return 0;
| }
configure:26391: result: yes
configure:26423: checking for struct sockaddr_storage.ss_family
configure:26423: gcc -c -g -O2  conftest.c >&5
configure:26423: $? = 0
configure:26423: result: yes
configure:26674: checking for a french Unicode locale
configure:26806: result: fr_FR.UTF-8
configure:26839: checking for a turkish Unicode locale
configure:26912: gcc -o conftest -g -O2   conftest.c  >&5
configure:26915: $? = 0
configure:26965: result: none
configure:26983: checking if environ is properly declared
configure:27007: gcc -c -g -O2  conftest.c >&5
conftest.c:194:26: error: conflicting types for 'environ'; have 'foo_t'
  194 |             extern foo_t environ;
      |                          ^~~~~~~
In file included from /usr/include/fortify/unistd.h:23,
                 from conftest.c:188:
/usr/include/unistd.h:188:15: note: previous declaration of 'environ' with type 'char **'
  188 | extern char **environ;
      |               ^~~~~~~
configure:27007: $? = 1
configure: failed program was:
| /* confdefs.h */
| #define PACKAGE_NAME "GNU sed"
| #define PACKAGE_TARNAME "sed"
| #define PACKAGE_VERSION "4.10"
| #define PACKAGE_STRING "GNU sed 4.10"
| #define PACKAGE_BUGREPORT "bug-sed@gnu.org"
| #define PACKAGE_URL "https://www.gnu.org/software/sed/"
| #define PACKAGE "sed"
| #define VERSION "4.10"
| #define HAVE_STDIO_H 1
| #define HAVE_STDLIB_H 1
| #define HAVE_STRING_H 1
| #define HAVE_INTTYPES_H 1
| #define HAVE_STDINT_H 1
| #define HAVE_STRINGS_H 1
| #define HAVE_SYS_STAT_H 1
| #define HAVE_SYS_TYPES_H 1
| #define HAVE_UNISTD_H 1
| #define HAVE_WCHAR_H 1
| #define HAVE_STDBOOL_H 1
| #define HAVE_UCHAR_H 1
| #define HAVE_SYS_PARAM_H 1
| #define HAVE_SYS_SOCKET_H 1
| #define HAVE_DIRENT_H 1
| #define HAVE_LINUX_XATTR_H 1
| #define HAVE_STDIO_EXT_H 1
| #define HAVE_GETOPT_H 1
| #define HAVE_THREADS_H 1
| #define HAVE_LIMITS_H 1
| #define HAVE_WCTYPE_H 1
| #define HAVE_LANGINFO_H 1
| #define HAVE_SYS_MMAN_H 1
| #define HAVE_PTHREAD_H 1
| #define HAVE_MALLOC_H 1
| #define HAVE_SYS_TIME_H 1
| #define HAVE_STDCKDINT_H 1
| #define HAVE_SYS_RANDOM_H 1
| #define HAVE_FEATURES_H 1
| #define HAVE_ARPA_INET_H 1
| #define HAVE_NETDB_H 1
| #define HAVE_NETINET_IN_H 1
| #define HAVE_MATH_H 1
| #define HAVE_SYS_SELECT_H 1
| #define HAVE_SYS_WAIT_H 1
| #define HAVE_SEMAPHORE_H 1
| #define HAVE_SYS_IOCTL_H 1
| #define HAVE_SYS_UN_H 1
| #define HAVE_SYS_UIO_H 1
| #define HAVE_LOCALE_H 1
| #define HAVE_ERRNO_H 1
| #define STDC_HEADERS 1
| #define _ALL_SOURCE 1
| #define _COSMO_SOURCE 1
| #define _DARWIN_C_SOURCE 1
| #define _GNU_SOURCE 1
| #define _HPUX_ALT_XOPEN_SOCKET_API 1
| #define _NETBSD_SOURCE 1
| #define _OPENBSD_SOURCE 1
| #define _POSIX_PTHREAD_SEMANTICS 1
| #define __STDC_WANT_IEC_60559_ATTRIBS_EXT__ 1
| #define __STDC_WANT_IEC_60559_BFP_EXT__ 1
| #define __STDC_WANT_IEC_60559_DFP_EXT__ 1
| #define __STDC_WANT_IEC_60559_EXT__ 1
| #define __STDC_WANT_IEC_60559_FUNCS_EXT__ 1
| #define __STDC_WANT_IEC_60559_TYPES_EXT__ 1
| #define __STDC_WANT_LIB_EXT2__ 1
| #define __STDC_WANT_MATH_SPEC_FUNCS__ 1
| #define _TANDEM_SOURCE 1
| #define __EXTENSIONS__ 1
| #define _LINUX_SOURCE_COMPAT 1
| #define __USE_MINGW_ANSI_STDIO 1
| #define HAVE_FCHMOD 1
| #define HAVE_BTOWC 1
| #define HAVE_MBRTOWC 1
| #define HAVE_MBSINIT 1
| #define HAVE_REALPATH 1
| #define HAVE_LSTAT 1
| #define HAVE_FCNTL 1
| #define HAVE_SYMLINK 1
| #define HAVE_LISTXATTR 1
| #define HAVE_GETDTABLESIZE 1
| #define HAVE_ISWCNTRL 1
| #define HAVE_MPROTECT 1
| #define HAVE_READLINK 1
| #define HAVE_ISBLANK 1
| #define HAVE_ISWCTYPE 1
| #define HAVE_LINK 1
| #define HAVE_VASPRINTF 1
| #define HAVE___XPG_STRERROR_R 1
| #define HAVE_STRTOIMAX 1
| #define HAVE_WCRTOMB 1
| #define HAVE_WCTOB 1
| #define HAVE_FPURGE 1
| #define HAVE_GETTIMEOFDAY 1
| #define HAVE_PIPE 1
| #define HAVE_PSELECT 1
| #define HAVE_PTHREAD_SIGMASK 1
| #define HAVE_SIGPROCMASK 1
| #define HAVE_SETENV 1
| #define HAVE_SLEEP 1
| #define HAVE_SNPRINTF 1
| #define HAVE_SHUTDOWN 1
| #define HAVE_ISATTY 1
| #define HAVE_ISASCII 1
| #define HAVE_MEMCPY 1
| #define HAVE_STRCHR 1
| #define HAVE_STRTOUL 1
| #define HAVE_POPEN 1
| #define HAVE_PATHCONF 1
| #define HAVE_FCHOWN 1
| #define HAVE_SETLOCALE 1
| #define USE_ACL 0
| #define HAVE_ALLOCA_H 1
| #define HAVE_ALLOCA 1
| #define HAVE_WINT_T 1
| #define HAVE_LANGINFO_CODESET 1
| #define BITSIZEOF_WCHAR_T 32
| #define HAVE_MBSTATE_T 1
| #define HAVE_WORKING_MBRTOC32 1
| #define HAVE_WORKING_C32RTOMB 1
| #define HAVE_MALLOC_PTRDIFF 1
| #define HAVE_MALLOC_POSIX 1
| #define LSTAT_FOLLOWS_SLASHED_SYMLINK 1
| #define FUNC_REALPATH_NEARLY_WORKS 1
| #define HAVE_FACCESSAT 1
| #define HAVE_GETCWD 1
| #define HAVE_DECL_STRERROR_R 1
| #define HAVE_STRERROR_R 1
| #define HAVE_WORKING_O_DIRECTORY 1
| #define HAVE_WORKING_O_NOATIME 1
| #define HAVE_WORKING_O_NOFOLLOW 1
| #define USE_SELINUX_SELINUX_H 0
| #define restrict __restrict__
| #define HAVE_DECL_GETDELIM 1
| #define HAVE_DECL_GETDTABLESIZE 1
| #define HAVE_GETOPT_H 1
| #define HAVE_GETOPT_LONG_ONLY 1
| #define MUSL_LIBC 1
| #define HAVE_PTHREAD_API 1
| #define SETLOCALE_NULL_ALL_MTSAFE 0
| #define SETLOCALE_NULL_ONE_MTSAFE 1
| #define HAVE_WEAK_SYMBOLS 1
| #define HAVE_LONG_LONG_INT 1
| #define HAVE_UNSIGNED_LONG_LONG_INT 1
| #define HAVE_TOWLOWER 1
| #define AVOID_ANY_THREADS 1
| #define HAVE_MALLOC_0_NONNULL 1
| #define HAVE_DECL_MEMEQ 0
| #define HAVE_DECL_MEMRCHR 1
| #define HAVE_MINMAX_IN_SYS_PARAM_H 1
| #define PROMOTED_MODE_T mode_t
| #define HAVE_PTHREAD_T 1
| #define HAVE_PTHREAD_SPINLOCK_T 1
| #define HAVE_DECL_ALARM 1
| #define HAVE_SCHED_H 1
| #define HAVE_DECL_FCLOSEALL 0
| #define HAVE_DECL_GETW 1
| #define HAVE_DECL_PUTW 1
| #define HAVE_DECL_ECVT 1
| #define HAVE_DECL_FCVT 1
| #define HAVE_DECL_GCVT 1
| #define HAVE_DECL_STREQ 0
| #define HAVE_STRERROR_R 1
| #define HAVE_DECL_STRTOIMAX 1
| #define _USE_STD_STAT 1
| #define HAVE_DECL_EXECVPE 1
| #define HAVE_DECL_CLEARERR_UNLOCKED 1
| #define HAVE_DECL_FEOF_UNLOCKED 1
| #define HAVE_DECL_FERROR_UNLOCKED 1
| #define HAVE_DECL_FFLUSH_UNLOCKED 1
| #define HAVE_DECL_FGETS_UNLOCKED 1
| #define HAVE_DECL_FILENO_UNLOCKED 1
| #define HAVE_DECL_FPUTC_UNLOCKED 1
| #define HAVE_DECL_FPUTS_UNLOCKED 1
| #define HAVE_DECL_FREAD_UNLOCKED 1
| #define HAVE_DECL_FWRITE_UNLOCKED 1
| #define HAVE_DECL_GETC_UNLOCKED 1
| #define HAVE_DECL_GETCHAR_UNLOCKED 1
| #define HAVE_DECL_PUTC_UNLOCKED 1
| #define HAVE_DECL_PUTCHAR_UNLOCKED 1
| #define HAVE_DECL_WCSDUP 1
| #define HAVE_SHUTDOWN 1
| #define HAVE_STRUCT_SOCKADDR_STORAGE 1
| #define HAVE_SA_FAMILY_T 1
| #define HAVE_STRUCT_SOCKADDR_STORAGE_SS_FAMILY 1
| /* end confdefs.h.  */
| #if HAVE_UNISTD_H
|      #include <unistd.h>
|      #endif
|      /* mingw, BeOS, Haiku declare environ in <stdlib.h>, not in <unistd.h>.  */
|      #include <stdlib.h>
| 
|             typedef struct { int foo; } foo_t;
|             extern foo_t environ;
| int
| main (void)
| {
| environ.foo = 1;
|   ;
|   return 0;
| }
configure:27017: result: yes
configure:27031: checking whether byte ordering is bigendian
configure:27047: gcc -c -g -O2  conftest.c >&5
conftest.c:189:16: error: unknown type name 'not'
  189 |                not a universal capable compiler
      |                ^~~
conftest.c:189:22: error: expected '=', ',', ';', 'asm' or '__attribute__' before 'universal'
  189 |                not a universal capable compiler
      |                      ^~~~~~~~~
conftest.c:189:22: error: unknown type name 'universal'
configure:27047: $? = 1
configure: failed program was:
| /* confdefs.h */
| #define PACKAGE_NAME "GNU sed"
| #define PACKAGE_TARNAME "sed"
| #define PACKAGE_VERSION "4.10"
| #define PACKAGE_STRING "GNU sed 4.10"
| #define PACKAGE_BUGREPORT "bug-sed@gnu.org"
| #define PACKAGE_URL "https://www.gnu.org/software/sed/"
| #define PACKAGE "sed"
| #define VERSION "4.10"
| #define HAVE_STDIO_H 1
| #define HAVE_STDLIB_H 1
| #define HAVE_STRING_H 1
| #define HAVE_INTTYPES_H 1
| #define HAVE_STDINT_H 1
| #define HAVE_STRINGS_H 1
| #define HAVE_SYS_STAT_H 1
| #define HAVE_SYS_TYPES_H 1
| #define HAVE_UNISTD_H 1
| #define HAVE_WCHAR_H 1
| #define HAVE_STDBOOL_H 1
| #define HAVE_UCHAR_H 1
| #define HAVE_SYS_PARAM_H 1
| #define HAVE_SYS_SOCKET_H 1
| #define HAVE_DIRENT_H 1
| #define HAVE_LINUX_XATTR_H 1
| #define HAVE_STDIO_EXT_H 1
| #define HAVE_GETOPT_H 1
| #define HAVE_THREADS_H 1
| #define HAVE_LIMITS_H 1
| #define HAVE_WCTYPE_H 1
| #define HAVE_LANGINFO_H 1
| #define HAVE_SYS_MMAN_H 1
| #define HAVE_PTHREAD_H 1
| #define HAVE_MALLOC_H 1
| #define HAVE_SYS_TIME_H 1
| #define HAVE_STDCKDINT_H 1
| #define HAVE_SYS_RANDOM_H 1
| #define HAVE_FEATURES_H 1
| #define HAVE_ARPA_INET_H 1
| #define HAVE_NETDB_H 1
| #define HAVE_NETINET_IN_H 1
| #define HAVE_MATH_H 1
| #define HAVE_SYS_SELECT_H 1
| #define HAVE_SYS_WAIT_H 1
| #define HAVE_SEMAPHORE_H 1
| #define HAVE_SYS_IOCTL_H 1
| #define HAVE_SYS_UN_H 1
| #define HAVE_SYS_UIO_H 1
| #define HAVE_LOCALE_H 1
| #define HAVE_ERRNO_H 1
| #define STDC_HEADERS 1
| #define _ALL_SOURCE 1
| #define _COSMO_SOURCE 1
| #define _DARWIN_C_SOURCE 1
| #define _GNU_SOURCE 1
| #define _HPUX_ALT_XOPEN_SOCKET_API 1
| #define _NETBSD_SOURCE 1
| #define _OPENBSD_SOURCE 1
| #define _POSIX_PTHREAD_SEMANTICS 1
| #define __STDC_WANT_IEC_60559_ATTRIBS_EXT__ 1
| #define __STDC_WANT_IEC_60559_BFP_EXT__ 1
| #define __STDC_WANT_IEC_60559_DFP_EXT__ 1
| #define __STDC_WANT_IEC_60559_EXT__ 1
| #define __STDC_WANT_IEC_60559_FUNCS_EXT__ 1
| #define __STDC_WANT_IEC_60559_TYPES_EXT__ 1
| #define __STDC_WANT_LIB_EXT2__ 1
| #define __STDC_WANT_MATH_SPEC_FUNCS__ 1
| #define _TANDEM_SOURCE 1
| #define __EXTENSIONS__ 1
| #define _LINUX_SOURCE_COMPAT 1
| #define __USE_MINGW_ANSI_STDIO 1
| #define HAVE_FCHMOD 1
| #define HAVE_BTOWC 1
| #define HAVE_MBRTOWC 1
| #define HAVE_MBSINIT 1
| #define HAVE_REALPATH 1
| #define HAVE_LSTAT 1
| #define HAVE_FCNTL 1
| #define HAVE_SYMLINK 1
| #define HAVE_LISTXATTR 1
| #define HAVE_GETDTABLESIZE 1
| #define HAVE_ISWCNTRL 1
| #define HAVE_MPROTECT 1
| #define HAVE_READLINK 1
| #define HAVE_ISBLANK 1
| #define HAVE_ISWCTYPE 1
| #define HAVE_LINK 1
| #define HAVE_VASPRINTF 1
| #define HAVE___XPG_STRERROR_R 1
| #define HAVE_STRTOIMAX 1
| #define HAVE_WCRTOMB 1
| #define HAVE_WCTOB 1
| #define HAVE_FPURGE 1
| #define HAVE_GETTIMEOFDAY 1
| #define HAVE_PIPE 1
| #define HAVE_PSELECT 1
| #define HAVE_PTHREAD_SIGMASK 1
| #define HAVE_SIGPROCMASK 1
| #define HAVE_SETENV 1
| #define HAVE_SLEEP 1
| #define HAVE_SNPRINTF 1
| #define HAVE_SHUTDOWN 1
| #define HAVE_ISATTY 1
| #define HAVE_ISASCII 1
| #define HAVE_MEMCPY 1
| #define HAVE_STRCHR 1
| #define HAVE_STRTOUL 1
| #define HAVE_POPEN 1
| #define HAVE_PATHCONF 1
| #define HAVE_FCHOWN 1
| #define HAVE_SETLOCALE 1
| #define USE_ACL 0
| #define HAVE_ALLOCA_H 1
| #define HAVE_ALLOCA 1
| #define HAVE_WINT_T 1
| #define HAVE_LANGINFO_CODESET 1
| #define BITSIZEOF_WCHAR_T 32
| #define HAVE_MBSTATE_T 1
| #define HAVE_WORKING_MBRTOC32 1
| #define HAVE_WORKING_C32RTOMB 1
| #define HAVE_MALLOC_PTRDIFF 1
| #define HAVE_MALLOC_POSIX 1
| #define LSTAT_FOLLOWS_SLASHED_SYMLINK 1
| #define FUNC_REALPATH_NEARLY_WORKS 1
| #define HAVE_FACCESSAT 1
| #define HAVE_GETCWD 1
| #define HAVE_DECL_STRERROR_R 1
| #define HAVE_STRERROR_R 1
| #define HAVE_WORKING_O_DIRECTORY 1
| #define HAVE_WORKING_O_NOATIME 1
| #define HAVE_WORKING_O_NOFOLLOW 1
| #define USE_SELINUX_SELINUX_H 0
| #define restrict __restrict__
| #define HAVE_DECL_GETDELIM 1
| #define HAVE_DECL_GETDTABLESIZE 1
| #define HAVE_GETOPT_H 1
| #define HAVE_GETOPT_LONG_ONLY 1
| #define MUSL_LIBC 1
| #define HAVE_PTHREAD_API 1
| #define SETLOCALE_NULL_ALL_MTSAFE 0
| #define SETLOCALE_NULL_ONE_MTSAFE 1
| #define HAVE_WEAK_SYMBOLS 1
| #define HAVE_LONG_LONG_INT 1
| #define HAVE_UNSIGNED_LONG_LONG_INT 1
| #define HAVE_TOWLOWER 1
| #define AVOID_ANY_THREADS 1
| #define HAVE_MALLOC_0_NONNULL 1
| #define HAVE_DECL_MEMEQ 0
| #define HAVE_DECL_MEMRCHR 1
| #define HAVE_MINMAX_IN_SYS_PARAM_H 1
| #define PROMOTED_MODE_T mode_t
| #define HAVE_PTHREAD_T 1
| #define HAVE_PTHREAD_SPINLOCK_T 1
| #define HAVE_DECL_ALARM 1
| #define HAVE_SCHED_H 1
| #define HAVE_DECL_FCLOSEALL 0
| #define HAVE_DECL_GETW 1
| #define HAVE_DECL_PUTW 1
| #define HAVE_DECL_ECVT 1
| #define HAVE_DECL_FCVT 1
| #define HAVE_DECL_GCVT 1
| #define HAVE_DECL_STREQ 0
| #define HAVE_STRERROR_R 1
| #define HAVE_DECL_STRTOIMAX 1
| #define _USE_STD_STAT 1
| #define HAVE_DECL_EXECVPE 1
| #define HAVE_DECL_CLEARERR_UNLOCKED 1
| #define HAVE_DECL_FEOF_UNLOCKED 1
| #define HAVE_DECL_FERROR_UNLOCKED 1
| #define HAVE_DECL_FFLUSH_UNLOCKED 1
| #define HAVE_DECL_FGETS_UNLOCKED 1
| #define HAVE_DECL_FILENO_UNLOCKED 1
| #define HAVE_DECL_FPUTC_UNLOCKED 1
| #define HAVE_DECL_FPUTS_UNLOCKED 1
| #define HAVE_DECL_FREAD_UNLOCKED 1
| #define HAVE_DECL_FWRITE_UNLOCKED 1
| #define HAVE_DECL_GETC_UNLOCKED 1
| #define HAVE_DECL_GETCHAR_UNLOCKED 1
| #define HAVE_DECL_PUTC_UNLOCKED 1
| #define HAVE_DECL_PUTCHAR_UNLOCKED 1
| #define HAVE_DECL_WCSDUP 1
| #define HAVE_SHUTDOWN 1
| #define HAVE_STRUCT_SOCKADDR_STORAGE 1
| #define HAVE_SA_FAMILY_T 1
| #define HAVE_STRUCT_SOCKADDR_STORAGE_SS_FAMILY 1
| #define HAVE_ENVIRON_DECL 1
| /* end confdefs.h.  */
| #ifndef __APPLE_CC__
| 	       not a universal capable compiler
| 	     #endif
| 	     typedef int dummy;
| 
configure:27093: gcc -c -g -O2  conftest.c >&5
configure:27093: $? = 0
configure:27112: gcc -c -g -O2  conftest.c >&5
conftest.c: In function 'main':
conftest.c:195:18: error: unknown type name 'not'; did you mean 'ino_t'?
  195 |                  not big endian
      |                  ^~~
      |                  ino_t
conftest.c:195:26: error: expected '=', ',', ';', 'asm' or '__attribute__' before 'endian'
  195 |                  not big endian
      |                          ^~~~~~
configure:27112: $? = 1
configure: failed program was:
| /* confdefs.h */
| #define PACKAGE_NAME "GNU sed"
| #define PACKAGE_TARNAME "sed"
| #define PACKAGE_VERSION "4.10"
| #define PACKAGE_STRING "GNU sed 4.10"
| #define PACKAGE_BUGREPORT "bug-sed@gnu.org"
| #define PACKAGE_URL "https://www.gnu.org/software/sed/"
| #define PACKAGE "sed"
| #define VERSION "4.10"
| #define HAVE_STDIO_H 1
| #define HAVE_STDLIB_H 1
| #define HAVE_STRING_H 1
| #define HAVE_INTTYPES_H 1
| #define HAVE_STDINT_H 1
| #define HAVE_STRINGS_H 1
| #define HAVE_SYS_STAT_H 1
| #define HAVE_SYS_TYPES_H 1
| #define HAVE_UNISTD_H 1
| #define HAVE_WCHAR_H 1
| #define HAVE_STDBOOL_H 1
| #define HAVE_UCHAR_H 1
| #define HAVE_SYS_PARAM_H 1
| #define HAVE_SYS_SOCKET_H 1
| #define HAVE_DIRENT_H 1
| #define HAVE_LINUX_XATTR_H 1
| #define HAVE_STDIO_EXT_H 1
| #define HAVE_GETOPT_H 1
| #define HAVE_THREADS_H 1
| #define HAVE_LIMITS_H 1
| #define HAVE_WCTYPE_H 1
| #define HAVE_LANGINFO_H 1
| #define HAVE_SYS_MMAN_H 1
| #define HAVE_PTHREAD_H 1
| #define HAVE_MALLOC_H 1
| #define HAVE_SYS_TIME_H 1
| #define HAVE_STDCKDINT_H 1
| #define HAVE_SYS_RANDOM_H 1
| #define HAVE_FEATURES_H 1
| #define HAVE_ARPA_INET_H 1
| #define HAVE_NETDB_H 1
| #define HAVE_NETINET_IN_H 1
| #define HAVE_MATH_H 1
| #define HAVE_SYS_SELECT_H 1
| #define HAVE_SYS_WAIT_H 1
| #define HAVE_SEMAPHORE_H 1
| #define HAVE_SYS_IOCTL_H 1
| #define HAVE_SYS_UN_H 1
| #define HAVE_SYS_UIO_H 1
| #define HAVE_LOCALE_H 1
| #define HAVE_ERRNO_H 1
| #define STDC_HEADERS 1
| #define _ALL_SOURCE 1
| #define _COSMO_SOURCE 1
| #define _DARWIN_C_SOURCE 1
| #define _GNU_SOURCE 1
| #define _HPUX_ALT_XOPEN_SOCKET_API 1
| #define _NETBSD_SOURCE 1
| #define _OPENBSD_SOURCE 1
| #define _POSIX_PTHREAD_SEMANTICS 1
| #define __STDC_WANT_IEC_60559_ATTRIBS_EXT__ 1
| #define __STDC_WANT_IEC_60559_BFP_EXT__ 1
| #define __STDC_WANT_IEC_60559_DFP_EXT__ 1
| #define __STDC_WANT_IEC_60559_EXT__ 1
| #define __STDC_WANT_IEC_60559_FUNCS_EXT__ 1
| #define __STDC_WANT_IEC_60559_TYPES_EXT__ 1
| #define __STDC_WANT_LIB_EXT2__ 1
| #define __STDC_WANT_MATH_SPEC_FUNCS__ 1
| #define _TANDEM_SOURCE 1
| #define __EXTENSIONS__ 1
| #define _LINUX_SOURCE_COMPAT 1
| #define __USE_MINGW_ANSI_STDIO 1
| #define HAVE_FCHMOD 1
| #define HAVE_BTOWC 1
| #define HAVE_MBRTOWC 1
| #define HAVE_MBSINIT 1
| #define HAVE_REALPATH 1
| #define HAVE_LSTAT 1
| #define HAVE_FCNTL 1
| #define HAVE_SYMLINK 1
| #define HAVE_LISTXATTR 1
| #define HAVE_GETDTABLESIZE 1
| #define HAVE_ISWCNTRL 1
| #define HAVE_MPROTECT 1
| #define HAVE_READLINK 1
| #define HAVE_ISBLANK 1
| #define HAVE_ISWCTYPE 1
| #define HAVE_LINK 1
| #define HAVE_VASPRINTF 1
| #define HAVE___XPG_STRERROR_R 1
| #define HAVE_STRTOIMAX 1
| #define HAVE_WCRTOMB 1
| #define HAVE_WCTOB 1
| #define HAVE_FPURGE 1
| #define HAVE_GETTIMEOFDAY 1
| #define HAVE_PIPE 1
| #define HAVE_PSELECT 1
| #define HAVE_PTHREAD_SIGMASK 1
| #define HAVE_SIGPROCMASK 1
| #define HAVE_SETENV 1
| #define HAVE_SLEEP 1
| #define HAVE_SNPRINTF 1
| #define HAVE_SHUTDOWN 1
| #define HAVE_ISATTY 1
| #define HAVE_ISASCII 1
| #define HAVE_MEMCPY 1
| #define HAVE_STRCHR 1
| #define HAVE_STRTOUL 1
| #define HAVE_POPEN 1
| #define HAVE_PATHCONF 1
| #define HAVE_FCHOWN 1
| #define HAVE_SETLOCALE 1
| #define USE_ACL 0
| #define HAVE_ALLOCA_H 1
| #define HAVE_ALLOCA 1
| #define HAVE_WINT_T 1
| #define HAVE_LANGINFO_CODESET 1
| #define BITSIZEOF_WCHAR_T 32
| #define HAVE_MBSTATE_T 1
| #define HAVE_WORKING_MBRTOC32 1
| #define HAVE_WORKING_C32RTOMB 1
| #define HAVE_MALLOC_PTRDIFF 1
| #define HAVE_MALLOC_POSIX 1
| #define LSTAT_FOLLOWS_SLASHED_SYMLINK 1
| #define FUNC_REALPATH_NEARLY_WORKS 1
| #define HAVE_FACCESSAT 1
| #define HAVE_GETCWD 1
| #define HAVE_DECL_STRERROR_R 1
| #define HAVE_STRERROR_R 1
| #define HAVE_WORKING_O_DIRECTORY 1
| #define HAVE_WORKING_O_NOATIME 1
| #define HAVE_WORKING_O_NOFOLLOW 1
| #define USE_SELINUX_SELINUX_H 0
| #define restrict __restrict__
| #define HAVE_DECL_GETDELIM 1
| #define HAVE_DECL_GETDTABLESIZE 1
| #define HAVE_GETOPT_H 1
| #define HAVE_GETOPT_LONG_ONLY 1
| #define MUSL_LIBC 1
| #define HAVE_PTHREAD_API 1
| #define SETLOCALE_NULL_ALL_MTSAFE 0
| #define SETLOCALE_NULL_ONE_MTSAFE 1
| #define HAVE_WEAK_SYMBOLS 1
| #define HAVE_LONG_LONG_INT 1
| #define HAVE_UNSIGNED_LONG_LONG_INT 1
| #define HAVE_TOWLOWER 1
| #define AVOID_ANY_THREADS 1
| #define HAVE_MALLOC_0_NONNULL 1
| #define HAVE_DECL_MEMEQ 0
| #define HAVE_DECL_MEMRCHR 1
| #define HAVE_MINMAX_IN_SYS_PARAM_H 1
| #define PROMOTED_MODE_T mode_t
| #define HAVE_PTHREAD_T 1
| #define HAVE_PTHREAD_SPINLOCK_T 1
| #define HAVE_DECL_ALARM 1
| #define HAVE_SCHED_H 1
| #define HAVE_DECL_FCLOSEALL 0
| #define HAVE_DECL_GETW 1
| #define HAVE_DECL_PUTW 1
| #define HAVE_DECL_ECVT 1
| #define HAVE_DECL_FCVT 1
| #define HAVE_DECL_GCVT 1
| #define HAVE_DECL_STREQ 0
| #define HAVE_STRERROR_R 1
| #define HAVE_DECL_STRTOIMAX 1
| #define _USE_STD_STAT 1
| #define HAVE_DECL_EXECVPE 1
| #define HAVE_DECL_CLEARERR_UNLOCKED 1
| #define HAVE_DECL_FEOF_UNLOCKED 1
| #define HAVE_DECL_FERROR_UNLOCKED 1
| #define HAVE_DECL_FFLUSH_UNLOCKED 1
| #define HAVE_DECL_FGETS_UNLOCKED 1
| #define HAVE_DECL_FILENO_UNLOCKED 1
| #define HAVE_DECL_FPUTC_UNLOCKED 1
| #define HAVE_DECL_FPUTS_UNLOCKED 1
| #define HAVE_DECL_FREAD_UNLOCKED 1
| #define HAVE_DECL_FWRITE_UNLOCKED 1
| #define HAVE_DECL_GETC_UNLOCKED 1
| #define HAVE_DECL_GETCHAR_UNLOCKED 1
| #define HAVE_DECL_PUTC_UNLOCKED 1
| #define HAVE_DECL_PUTCHAR_UNLOCKED 1
| #define HAVE_DECL_WCSDUP 1
| #define HAVE_SHUTDOWN 1
| #define HAVE_STRUCT_SOCKADDR_STORAGE 1
| #define HAVE_SA_FAMILY_T 1
| #define HAVE_STRUCT_SOCKADDR_STORAGE_SS_FAMILY 1
| #define HAVE_ENVIRON_DECL 1
| /* end confdefs.h.  */
| #include <sys/types.h>
| 		#include <sys/param.h>
| 
| int
| main (void)
| {
| #if BYTE_ORDER != BIG_ENDIAN
| 		 not big endian
| 		#endif
| 
|   ;
|   return 0;
| }
configure:27253: result: no
configure:27281: checking whether fopen recognizes a trailing slash
configure:27313: gcc -o conftest -g -O2   conftest.c  >&5
configure:27313: $? = 0
configure:27313: ./conftest
configure:27313: $? = 0
configure:27329: result: yes
configure:27348: checking whether fflush works on input streams
configure:27422: gcc -o conftest -g -O2   conftest.c  >&5
configure:27422: $? = 0
configure:27422: ./conftest
configure:27422: $? = 0
configure:27438: result: yes
configure:27466: checking whether fclose works on input streams
configure:27534: gcc -o conftest -g -O2   conftest.c  >&5
configure:27534: $? = 0
configure:27534: ./conftest
configure:27534: $? = 0
configure:27550: result: yes
configure:27764: checking whether frexp() can be used without linking with libm
configure:27783: gcc -o conftest -g -O2   conftest.c  >&5
configure:27783: $? = 0
configure:27795: result: yes
configure:27850: checking whether frexp works
configure:27957: gcc -o conftest -g -O2   conftest.c   >&5
configure:27957: $? = 0
configure:27957: ./conftest
configure:27957: $? = 0
configure:27972: result: yes
configure:28489: checking whether long double and double are the same
configure:28511: gcc -c -g -O2  conftest.c >&5
conftest.c: In function 'main':
conftest.c:194:13: error: size of array 'check' is negative
  194 | typedef int check[sizeof (long double) == sizeof (double)
      |             ^~~~~
configure:28511: $? = 1
configure: failed program was:
| /* confdefs.h */
| #define PACKAGE_NAME "GNU sed"
| #define PACKAGE_TARNAME "sed"
| #define PACKAGE_VERSION "4.10"
| #define PACKAGE_STRING "GNU sed 4.10"
| #define PACKAGE_BUGREPORT "bug-sed@gnu.org"
| #define PACKAGE_URL "https://www.gnu.org/software/sed/"
| #define PACKAGE "sed"
| #define VERSION "4.10"
| #define HAVE_STDIO_H 1
| #define HAVE_STDLIB_H 1
| #define HAVE_STRING_H 1
| #define HAVE_INTTYPES_H 1
| #define HAVE_STDINT_H 1
| #define HAVE_STRINGS_H 1
| #define HAVE_SYS_STAT_H 1
| #define HAVE_SYS_TYPES_H 1
| #define HAVE_UNISTD_H 1
| #define HAVE_WCHAR_H 1
| #define HAVE_STDBOOL_H 1
| #define HAVE_UCHAR_H 1
| #define HAVE_SYS_PARAM_H 1
| #define HAVE_SYS_SOCKET_H 1
| #define HAVE_DIRENT_H 1
| #define HAVE_LINUX_XATTR_H 1
| #define HAVE_STDIO_EXT_H 1
| #define HAVE_GETOPT_H 1
| #define HAVE_THREADS_H 1
| #define HAVE_LIMITS_H 1
| #define HAVE_WCTYPE_H 1
| #define HAVE_LANGINFO_H 1
| #define HAVE_SYS_MMAN_H 1
| #define HAVE_PTHREAD_H 1
| #define HAVE_MALLOC_H 1
| #define HAVE_SYS_TIME_H 1
| #define HAVE_STDCKDINT_H 1
| #define HAVE_SYS_RANDOM_H 1
| #define HAVE_FEATURES_H 1
| #define HAVE_ARPA_INET_H 1
| #define HAVE_NETDB_H 1
| #define HAVE_NETINET_IN_H 1
| #define HAVE_MATH_H 1
| #define HAVE_SYS_SELECT_H 1
| #define HAVE_SYS_WAIT_H 1
| #define HAVE_SEMAPHORE_H 1
| #define HAVE_SYS_IOCTL_H 1
| #define HAVE_SYS_UN_H 1
| #define HAVE_SYS_UIO_H 1
| #define HAVE_LOCALE_H 1
| #define HAVE_ERRNO_H 1
| #define STDC_HEADERS 1
| #define _ALL_SOURCE 1
| #define _COSMO_SOURCE 1
| #define _DARWIN_C_SOURCE 1
| #define _GNU_SOURCE 1
| #define _HPUX_ALT_XOPEN_SOCKET_API 1
| #define _NETBSD_SOURCE 1
| #define _OPENBSD_SOURCE 1
| #define _POSIX_PTHREAD_SEMANTICS 1
| #define __STDC_WANT_IEC_60559_ATTRIBS_EXT__ 1
| #define __STDC_WANT_IEC_60559_BFP_EXT__ 1
| #define __STDC_WANT_IEC_60559_DFP_EXT__ 1
| #define __STDC_WANT_IEC_60559_EXT__ 1
| #define __STDC_WANT_IEC_60559_FUNCS_EXT__ 1
| #define __STDC_WANT_IEC_60559_TYPES_EXT__ 1
| #define __STDC_WANT_LIB_EXT2__ 1
| #define __STDC_WANT_MATH_SPEC_FUNCS__ 1
| #define _TANDEM_SOURCE 1
| #define __EXTENSIONS__ 1
| #define _LINUX_SOURCE_COMPAT 1
| #define __USE_MINGW_ANSI_STDIO 1
| #define HAVE_FCHMOD 1
| #define HAVE_BTOWC 1
| #define HAVE_MBRTOWC 1
| #define HAVE_MBSINIT 1
| #define HAVE_REALPATH 1
| #define HAVE_LSTAT 1
| #define HAVE_FCNTL 1
| #define HAVE_SYMLINK 1
| #define HAVE_LISTXATTR 1
| #define HAVE_GETDTABLESIZE 1
| #define HAVE_ISWCNTRL 1
| #define HAVE_MPROTECT 1
| #define HAVE_READLINK 1
| #define HAVE_ISBLANK 1
| #define HAVE_ISWCTYPE 1
| #define HAVE_LINK 1
| #define HAVE_VASPRINTF 1
| #define HAVE___XPG_STRERROR_R 1
| #define HAVE_STRTOIMAX 1
| #define HAVE_WCRTOMB 1
| #define HAVE_WCTOB 1
| #define HAVE_FPURGE 1
| #define HAVE_GETTIMEOFDAY 1
| #define HAVE_PIPE 1
| #define HAVE_PSELECT 1
| #define HAVE_PTHREAD_SIGMASK 1
| #define HAVE_SIGPROCMASK 1
| #define HAVE_SETENV 1
| #define HAVE_SLEEP 1
| #define HAVE_SNPRINTF 1
| #define HAVE_SHUTDOWN 1
| #define HAVE_ISATTY 1
| #define HAVE_ISASCII 1
| #define HAVE_MEMCPY 1
| #define HAVE_STRCHR 1
| #define HAVE_STRTOUL 1
| #define HAVE_POPEN 1
| #define HAVE_PATHCONF 1
| #define HAVE_FCHOWN 1
| #define HAVE_SETLOCALE 1
| #define USE_ACL 0
| #define HAVE_ALLOCA_H 1
| #define HAVE_ALLOCA 1
| #define HAVE_WINT_T 1
| #define HAVE_LANGINFO_CODESET 1
| #define BITSIZEOF_WCHAR_T 32
| #define HAVE_MBSTATE_T 1
| #define HAVE_WORKING_MBRTOC32 1
| #define HAVE_WORKING_C32RTOMB 1
| #define HAVE_MALLOC_PTRDIFF 1
| #define HAVE_MALLOC_POSIX 1
| #define LSTAT_FOLLOWS_SLASHED_SYMLINK 1
| #define FUNC_REALPATH_NEARLY_WORKS 1
| #define HAVE_FACCESSAT 1
| #define HAVE_GETCWD 1
| #define HAVE_DECL_STRERROR_R 1
| #define HAVE_STRERROR_R 1
| #define HAVE_WORKING_O_DIRECTORY 1
| #define HAVE_WORKING_O_NOATIME 1
| #define HAVE_WORKING_O_NOFOLLOW 1
| #define USE_SELINUX_SELINUX_H 0
| #define restrict __restrict__
| #define HAVE_DECL_GETDELIM 1
| #define HAVE_DECL_GETDTABLESIZE 1
| #define HAVE_GETOPT_H 1
| #define HAVE_GETOPT_LONG_ONLY 1
| #define MUSL_LIBC 1
| #define HAVE_PTHREAD_API 1
| #define SETLOCALE_NULL_ALL_MTSAFE 0
| #define SETLOCALE_NULL_ONE_MTSAFE 1
| #define HAVE_WEAK_SYMBOLS 1
| #define HAVE_LONG_LONG_INT 1
| #define HAVE_UNSIGNED_LONG_LONG_INT 1
| #define HAVE_TOWLOWER 1
| #define AVOID_ANY_THREADS 1
| #define HAVE_MALLOC_0_NONNULL 1
| #define HAVE_DECL_MEMEQ 0
| #define HAVE_DECL_MEMRCHR 1
| #define HAVE_MINMAX_IN_SYS_PARAM_H 1
| #define PROMOTED_MODE_T mode_t
| #define HAVE_PTHREAD_T 1
| #define HAVE_PTHREAD_SPINLOCK_T 1
| #define HAVE_DECL_ALARM 1
| #define HAVE_SCHED_H 1
| #define HAVE_DECL_FCLOSEALL 0
| #define HAVE_DECL_GETW 1
| #define HAVE_DECL_PUTW 1
| #define HAVE_DECL_ECVT 1
| #define HAVE_DECL_FCVT 1
| #define HAVE_DECL_GCVT 1
| #define HAVE_DECL_STREQ 0
| #define HAVE_STRERROR_R 1
| #define HAVE_DECL_STRTOIMAX 1
| #define _USE_STD_STAT 1
| #define HAVE_DECL_EXECVPE 1
| #define HAVE_DECL_CLEARERR_UNLOCKED 1
| #define HAVE_DECL_FEOF_UNLOCKED 1
| #define HAVE_DECL_FERROR_UNLOCKED 1
| #define HAVE_DECL_FFLUSH_UNLOCKED 1
| #define HAVE_DECL_FGETS_UNLOCKED 1
| #define HAVE_DECL_FILENO_UNLOCKED 1
| #define HAVE_DECL_FPUTC_UNLOCKED 1
| #define HAVE_DECL_FPUTS_UNLOCKED 1
| #define HAVE_DECL_FREAD_UNLOCKED 1
| #define HAVE_DECL_FWRITE_UNLOCKED 1
| #define HAVE_DECL_GETC_UNLOCKED 1
| #define HAVE_DECL_GETCHAR_UNLOCKED 1
| #define HAVE_DECL_PUTC_UNLOCKED 1
| #define HAVE_DECL_PUTCHAR_UNLOCKED 1
| #define HAVE_DECL_WCSDUP 1
| #define HAVE_SHUTDOWN 1
| #define HAVE_STRUCT_SOCKADDR_STORAGE 1
| #define HAVE_SA_FAMILY_T 1
| #define HAVE_STRUCT_SOCKADDR_STORAGE_SS_FAMILY 1
| #define HAVE_ENVIRON_DECL 1
| #define FUNC_FFLUSH_STDIN 1
| #define HAVE_FREXP 1
| /* end confdefs.h.  */
| #include <float.h>
| int
| main (void)
| {
| typedef int check[sizeof (long double) == sizeof (double)
|                               && LDBL_MANT_DIG == DBL_MANT_DIG
|                               && LDBL_MAX_EXP == DBL_MAX_EXP
|                               && LDBL_MIN_EXP == DBL_MIN_EXP
|                               ? 1 : -1];
| 
|   ;
|   return 0;
| }
configure:28522: result: no
configure:28540: checking whether frexpl is declared
configure:28540: gcc -c -g -O2   conftest.c >&5
configure:28540: $? = 0
configure:28540: result: yes
configure:28553: checking whether frexpl() can be used without linking with libm
configure:28572: gcc -o conftest -g -O2   conftest.c  >&5
configure:28572: $? = 0
configure:28584: result: yes
configure:28634: checking whether frexpl works
configure:28743: gcc -o conftest -g -O2   conftest.c   >&5
configure:28743: $? = 0
configure:28743: ./conftest
configure:28743: $? = 0
configure:28758: result: yes
configure:28786: checking whether stdin defaults to large file offsets
configure:28811: gcc -o conftest -g -O2   conftest.c  >&5
configure:28811: $? = 0
configure:28822: result: yes
configure:28825: checking whether fseeko is declared
configure:28825: gcc -c -g -O2   conftest.c >&5
configure:28825: $? = 0
configure:28825: result: yes
configure:28843: checking for fseeko
configure:28862: gcc -o conftest -g -O2   conftest.c  >&5
configure:28862: $? = 0
configure:28874: result: yes
configure:28894: checking whether fflush works on input streams
configure:28984: result: yes
configure:29005: checking whether ungetc works on arbitrary bytes
configure:29066: gcc -o conftest -g -O2   conftest.c  >&5
configure:29066: $? = 0
configure:29066: ./conftest
configure:29066: $? = 0
configure:29081: result: yes
configure:29098: checking whether ftello is declared
configure:29098: gcc -c -g -O2   conftest.c >&5
configure:29098: $? = 0
configure:29098: result: yes
configure:29121: checking for ftello
configure:29139: gcc -o conftest -g -O2   conftest.c  >&5
configure:29139: $? = 0
configure:29151: result: yes
configure:29169: checking whether ftello works
configure:29249: gcc -o conftest -g -O2   conftest.c  >&5
configure:29249: $? = 0
configure:29249: ./conftest
configure:29249: $? = 0
configure:29264: result: yes
configure:29289: checking whether getcwd (NULL, 0) allocates memory for result
configure:29352: gcc -o conftest -g -O2   conftest.c  >&5
configure:29352: $? = 0
configure:29352: ./conftest
configure:29352: $? = 0
configure:29366: result: yes
configure:29370: checking for getcwd with POSIX signature
configure:29397: gcc -c -g -O2  conftest.c >&5
configure:29397: $? = 0
configure:29408: result: yes
configure:29502: checking for uselocale
configure:29539: checking for uselocale
configure:29539: gcc -o conftest -g -O2   conftest.c  >&5
configure:29539: $? = 0
configure:29539: result: yes
configure:29555: result: yes
configure:29572: checking whether uselocale works
configure:29602: gcc -o conftest -g -O2   conftest.c  >&5
configure:29602: $? = 0
configure:29602: ./conftest
configure:29602: $? = 0
configure:29617: result: yes
configure:29638: checking for fake locale system (OpenBSD, Android)
configure:29672: gcc -o conftest -g -O2   conftest.c  >&5
configure:29672: $? = 0
configure:29672: ./conftest
configure:29672: $? = 1
configure: program exited with status 1
configure: failed program was:
| /* confdefs.h */
| #define PACKAGE_NAME "GNU sed"
| #define PACKAGE_TARNAME "sed"
| #define PACKAGE_VERSION "4.10"
| #define PACKAGE_STRING "GNU sed 4.10"
| #define PACKAGE_BUGREPORT "bug-sed@gnu.org"
| #define PACKAGE_URL "https://www.gnu.org/software/sed/"
| #define PACKAGE "sed"
| #define VERSION "4.10"
| #define HAVE_STDIO_H 1
| #define HAVE_STDLIB_H 1
| #define HAVE_STRING_H 1
| #define HAVE_INTTYPES_H 1
| #define HAVE_STDINT_H 1
| #define HAVE_STRINGS_H 1
| #define HAVE_SYS_STAT_H 1
| #define HAVE_SYS_TYPES_H 1
| #define HAVE_UNISTD_H 1
| #define HAVE_WCHAR_H 1
| #define HAVE_STDBOOL_H 1
| #define HAVE_UCHAR_H 1
| #define HAVE_SYS_PARAM_H 1
| #define HAVE_SYS_SOCKET_H 1
| #define HAVE_DIRENT_H 1
| #define HAVE_LINUX_XATTR_H 1
| #define HAVE_STDIO_EXT_H 1
| #define HAVE_GETOPT_H 1
| #define HAVE_THREADS_H 1
| #define HAVE_LIMITS_H 1
| #define HAVE_WCTYPE_H 1
| #define HAVE_LANGINFO_H 1
| #define HAVE_SYS_MMAN_H 1
| #define HAVE_PTHREAD_H 1
| #define HAVE_MALLOC_H 1
| #define HAVE_SYS_TIME_H 1
| #define HAVE_STDCKDINT_H 1
| #define HAVE_SYS_RANDOM_H 1
| #define HAVE_FEATURES_H 1
| #define HAVE_ARPA_INET_H 1
| #define HAVE_NETDB_H 1
| #define HAVE_NETINET_IN_H 1
| #define HAVE_MATH_H 1
| #define HAVE_SYS_SELECT_H 1
| #define HAVE_SYS_WAIT_H 1
| #define HAVE_SEMAPHORE_H 1
| #define HAVE_SYS_IOCTL_H 1
| #define HAVE_SYS_UN_H 1
| #define HAVE_SYS_UIO_H 1
| #define HAVE_LOCALE_H 1
| #define HAVE_ERRNO_H 1
| #define STDC_HEADERS 1
| #define _ALL_SOURCE 1
| #define _COSMO_SOURCE 1
| #define _DARWIN_C_SOURCE 1
| #define _GNU_SOURCE 1
| #define _HPUX_ALT_XOPEN_SOCKET_API 1
| #define _NETBSD_SOURCE 1
| #define _OPENBSD_SOURCE 1
| #define _POSIX_PTHREAD_SEMANTICS 1
| #define __STDC_WANT_IEC_60559_ATTRIBS_EXT__ 1
| #define __STDC_WANT_IEC_60559_BFP_EXT__ 1
| #define __STDC_WANT_IEC_60559_DFP_EXT__ 1
| #define __STDC_WANT_IEC_60559_EXT__ 1
| #define __STDC_WANT_IEC_60559_FUNCS_EXT__ 1
| #define __STDC_WANT_IEC_60559_TYPES_EXT__ 1
| #define __STDC_WANT_LIB_EXT2__ 1
| #define __STDC_WANT_MATH_SPEC_FUNCS__ 1
| #define _TANDEM_SOURCE 1
| #define __EXTENSIONS__ 1
| #define _LINUX_SOURCE_COMPAT 1
| #define __USE_MINGW_ANSI_STDIO 1
| #define HAVE_FCHMOD 1
| #define HAVE_BTOWC 1
| #define HAVE_MBRTOWC 1
| #define HAVE_MBSINIT 1
| #define HAVE_REALPATH 1
| #define HAVE_LSTAT 1
| #define HAVE_FCNTL 1
| #define HAVE_SYMLINK 1
| #define HAVE_LISTXATTR 1
| #define HAVE_GETDTABLESIZE 1
| #define HAVE_ISWCNTRL 1
| #define HAVE_MPROTECT 1
| #define HAVE_READLINK 1
| #define HAVE_ISBLANK 1
| #define HAVE_ISWCTYPE 1
| #define HAVE_LINK 1
| #define HAVE_VASPRINTF 1
| #define HAVE___XPG_STRERROR_R 1
| #define HAVE_STRTOIMAX 1
| #define HAVE_WCRTOMB 1
| #define HAVE_WCTOB 1
| #define HAVE_FPURGE 1
| #define HAVE_GETTIMEOFDAY 1
| #define HAVE_PIPE 1
| #define HAVE_PSELECT 1
| #define HAVE_PTHREAD_SIGMASK 1
| #define HAVE_SIGPROCMASK 1
| #define HAVE_SETENV 1
| #define HAVE_SLEEP 1
| #define HAVE_SNPRINTF 1
| #define HAVE_SHUTDOWN 1
| #define HAVE_ISATTY 1
| #define HAVE_ISASCII 1
| #define HAVE_MEMCPY 1
| #define HAVE_STRCHR 1
| #define HAVE_STRTOUL 1
| #define HAVE_POPEN 1
| #define HAVE_PATHCONF 1
| #define HAVE_FCHOWN 1
| #define HAVE_SETLOCALE 1
| #define USE_ACL 0
| #define HAVE_ALLOCA_H 1
| #define HAVE_ALLOCA 1
| #define HAVE_WINT_T 1
| #define HAVE_LANGINFO_CODESET 1
| #define BITSIZEOF_WCHAR_T 32
| #define HAVE_MBSTATE_T 1
| #define HAVE_WORKING_MBRTOC32 1
| #define HAVE_WORKING_C32RTOMB 1
| #define HAVE_MALLOC_PTRDIFF 1
| #define HAVE_MALLOC_POSIX 1
| #define LSTAT_FOLLOWS_SLASHED_SYMLINK 1
| #define FUNC_REALPATH_NEARLY_WORKS 1
| #define HAVE_FACCESSAT 1
| #define HAVE_GETCWD 1
| #define HAVE_DECL_STRERROR_R 1
| #define HAVE_STRERROR_R 1
| #define HAVE_WORKING_O_DIRECTORY 1
| #define HAVE_WORKING_O_NOATIME 1
| #define HAVE_WORKING_O_NOFOLLOW 1
| #define USE_SELINUX_SELINUX_H 0
| #define restrict __restrict__
| #define HAVE_DECL_GETDELIM 1
| #define HAVE_DECL_GETDTABLESIZE 1
| #define HAVE_GETOPT_H 1
| #define HAVE_GETOPT_LONG_ONLY 1
| #define MUSL_LIBC 1
| #define HAVE_PTHREAD_API 1
| #define SETLOCALE_NULL_ALL_MTSAFE 0
| #define SETLOCALE_NULL_ONE_MTSAFE 1
| #define HAVE_WEAK_SYMBOLS 1
| #define HAVE_LONG_LONG_INT 1
| #define HAVE_UNSIGNED_LONG_LONG_INT 1
| #define HAVE_TOWLOWER 1
| #define AVOID_ANY_THREADS 1
| #define HAVE_MALLOC_0_NONNULL 1
| #define HAVE_DECL_MEMEQ 0
| #define HAVE_DECL_MEMRCHR 1
| #define HAVE_MINMAX_IN_SYS_PARAM_H 1
| #define PROMOTED_MODE_T mode_t
| #define HAVE_PTHREAD_T 1
| #define HAVE_PTHREAD_SPINLOCK_T 1
| #define HAVE_DECL_ALARM 1
| #define HAVE_SCHED_H 1
| #define HAVE_DECL_FCLOSEALL 0
| #define HAVE_DECL_GETW 1
| #define HAVE_DECL_PUTW 1
| #define HAVE_DECL_ECVT 1
| #define HAVE_DECL_FCVT 1
| #define HAVE_DECL_GCVT 1
| #define HAVE_DECL_STREQ 0
| #define HAVE_STRERROR_R 1
| #define HAVE_DECL_STRTOIMAX 1
| #define _USE_STD_STAT 1
| #define HAVE_DECL_EXECVPE 1
| #define HAVE_DECL_CLEARERR_UNLOCKED 1
| #define HAVE_DECL_FEOF_UNLOCKED 1
| #define HAVE_DECL_FERROR_UNLOCKED 1
| #define HAVE_DECL_FFLUSH_UNLOCKED 1
| #define HAVE_DECL_FGETS_UNLOCKED 1
| #define HAVE_DECL_FILENO_UNLOCKED 1
| #define HAVE_DECL_FPUTC_UNLOCKED 1
| #define HAVE_DECL_FPUTS_UNLOCKED 1
| #define HAVE_DECL_FREAD_UNLOCKED 1
| #define HAVE_DECL_FWRITE_UNLOCKED 1
| #define HAVE_DECL_GETC_UNLOCKED 1
| #define HAVE_DECL_GETCHAR_UNLOCKED 1
| #define HAVE_DECL_PUTC_UNLOCKED 1
| #define HAVE_DECL_PUTCHAR_UNLOCKED 1
| #define HAVE_DECL_WCSDUP 1
| #define HAVE_SHUTDOWN 1
| #define HAVE_STRUCT_SOCKADDR_STORAGE 1
| #define HAVE_SA_FAMILY_T 1
| #define HAVE_STRUCT_SOCKADDR_STORAGE_SS_FAMILY 1
| #define HAVE_ENVIRON_DECL 1
| #define FUNC_FFLUSH_STDIN 1
| #define HAVE_FREXP 1
| #define HAVE_FREXPL 1
| #define HAVE_DECL_FSEEKO 1
| #define FUNC_FFLUSH_STDIN 1
| #define HAVE_DECL_FTELLO 1
| #define HAVE_USELOCALE 1
| #define HAVE_WORKING_USELOCALE 1
| /* end confdefs.h.  */
| 
| #include <locale.h>
| #if HAVE_XLOCALE_H
| # include <xlocale.h>
| #endif
| int main ()
| {
|   locale_t loc1, loc2;
|   if (setlocale (LC_ALL, "de_DE.UTF-8") == NULL) return 1;
|   if (setlocale (LC_ALL, "fr_FR.UTF-8") == NULL) return 1;
|   loc1 = newlocale (LC_ALL_MASK, "de_DE.UTF-8", (locale_t)0);
|   loc2 = newlocale (LC_ALL_MASK, "fr_FR.UTF-8", (locale_t)0);
|   return !(loc1 == loc2);
| }
configure:29689: result: no
configure:29708: checking for Solaris 11.4 locale system
configure:29745: result: no
configure:29945: checking for struct timeval
configure:29969: gcc -c -g -O2  conftest.c >&5
configure:29969: $? = 0
configure:29980: result: yes
configure:29985: checking for wide-enough struct timeval.tv_sec member
configure:30013: gcc -c -g -O2  conftest.c >&5
configure:30013: $? = 0
configure:30024: result: yes
configure:30048: checking for IPv4 sockets
configure:30075: gcc -c -g -O2  conftest.c >&5
configure:30075: $? = 0
configure:30085: result: yes
configure:30093: checking for IPv6 sockets
configure:30123: gcc -c -g -O2  conftest.c >&5
configure:30123: $? = 0
configure:30133: result: yes
configure:30162: gcc -c -g -O2  conftest.c >&5
configure:30162: $? = 0
configure:30202: checking whether INT32_MAX < INTMAX_MAX
configure:30235: gcc -c -g -O2  conftest.c >&5
configure:30235: $? = 0
configure:30245: result: yes
configure:30256: checking whether INT64_MAX == LONG_MAX
configure:30289: gcc -c -g -O2  conftest.c >&5
configure:30289: $? = 0
configure:30299: result: yes
configure:30312: checking whether UINT32_MAX < UINTMAX_MAX
configure:30345: gcc -c -g -O2  conftest.c >&5
configure:30345: $? = 0
configure:30355: result: yes
configure:30366: checking whether UINT64_MAX == ULONG_MAX
configure:30399: gcc -c -g -O2  conftest.c >&5
configure:30399: $? = 0
configure:30409: result: yes
configure:30430: checking where to find the exponent in a 'double'
configure:30764: gcc -o conftest -g -O2   conftest.c  >&5
configure:30764: $? = 0
configure:30764: ./conftest
configure:30764: $? = 0
configure:30780: result: word 1 bit 20
configure:30796: checking where to find the exponent in a 'float'
configure:30875: gcc -o conftest -g -O2   conftest.c  >&5
configure:30875: $? = 0
configure:30875: ./conftest
configure:30875: $? = 0
configure:30891: result: word 0 bit 23
configure:30908: checking where to find the exponent in a 'long double'
configure:31133: gcc -o conftest -g -O2   conftest.c  >&5
configure:31133: $? = 0
configure:31133: ./conftest
configure:31133: $? = 0
configure:31149: result: word 2 bit 0
configure:31276: checking for CFPreferencesCopyAppValue
configure:31295: gcc -o conftest -g -O2   conftest.c  -Wl,-framework -Wl,CoreFoundation >&5
conftest.c:205:10: fatal error: CoreFoundation/CFPreferences.h: No such file or directory
  205 | #include <CoreFoundation/CFPreferences.h>
      |          ^~~~~~~~~~~~~~~~~~~~~~~~~~~~~~~~
compilation terminated.
configure:31295: $? = 1
configure: failed program was:
| /* confdefs.h */
| #define PACKAGE_NAME "GNU sed"
| #define PACKAGE_TARNAME "sed"
| #define PACKAGE_VERSION "4.10"
| #define PACKAGE_STRING "GNU sed 4.10"
| #define PACKAGE_BUGREPORT "bug-sed@gnu.org"
| #define PACKAGE_URL "https://www.gnu.org/software/sed/"
| #define PACKAGE "sed"
| #define VERSION "4.10"
| #define HAVE_STDIO_H 1
| #define HAVE_STDLIB_H 1
| #define HAVE_STRING_H 1
| #define HAVE_INTTYPES_H 1
| #define HAVE_STDINT_H 1
| #define HAVE_STRINGS_H 1
| #define HAVE_SYS_STAT_H 1
| #define HAVE_SYS_TYPES_H 1
| #define HAVE_UNISTD_H 1
| #define HAVE_WCHAR_H 1
| #define HAVE_STDBOOL_H 1
| #define HAVE_UCHAR_H 1
| #define HAVE_SYS_PARAM_H 1
| #define HAVE_SYS_SOCKET_H 1
| #define HAVE_DIRENT_H 1
| #define HAVE_LINUX_XATTR_H 1
| #define HAVE_STDIO_EXT_H 1
| #define HAVE_GETOPT_H 1
| #define HAVE_THREADS_H 1
| #define HAVE_LIMITS_H 1
| #define HAVE_WCTYPE_H 1
| #define HAVE_LANGINFO_H 1
| #define HAVE_SYS_MMAN_H 1
| #define HAVE_PTHREAD_H 1
| #define HAVE_MALLOC_H 1
| #define HAVE_SYS_TIME_H 1
| #define HAVE_STDCKDINT_H 1
| #define HAVE_SYS_RANDOM_H 1
| #define HAVE_FEATURES_H 1
| #define HAVE_ARPA_INET_H 1
| #define HAVE_NETDB_H 1
| #define HAVE_NETINET_IN_H 1
| #define HAVE_MATH_H 1
| #define HAVE_SYS_SELECT_H 1
| #define HAVE_SYS_WAIT_H 1
| #define HAVE_SEMAPHORE_H 1
| #define HAVE_SYS_IOCTL_H 1
| #define HAVE_SYS_UN_H 1
| #define HAVE_SYS_UIO_H 1
| #define HAVE_LOCALE_H 1
| #define HAVE_ERRNO_H 1
| #define STDC_HEADERS 1
| #define _ALL_SOURCE 1
| #define _COSMO_SOURCE 1
| #define _DARWIN_C_SOURCE 1
| #define _GNU_SOURCE 1
| #define _HPUX_ALT_XOPEN_SOCKET_API 1
| #define _NETBSD_SOURCE 1
| #define _OPENBSD_SOURCE 1
| #define _POSIX_PTHREAD_SEMANTICS 1
| #define __STDC_WANT_IEC_60559_ATTRIBS_EXT__ 1
| #define __STDC_WANT_IEC_60559_BFP_EXT__ 1
| #define __STDC_WANT_IEC_60559_DFP_EXT__ 1
| #define __STDC_WANT_IEC_60559_EXT__ 1
| #define __STDC_WANT_IEC_60559_FUNCS_EXT__ 1
| #define __STDC_WANT_IEC_60559_TYPES_EXT__ 1
| #define __STDC_WANT_LIB_EXT2__ 1
| #define __STDC_WANT_MATH_SPEC_FUNCS__ 1
| #define _TANDEM_SOURCE 1
| #define __EXTENSIONS__ 1
| #define _LINUX_SOURCE_COMPAT 1
| #define __USE_MINGW_ANSI_STDIO 1
| #define HAVE_FCHMOD 1
| #define HAVE_BTOWC 1
| #define HAVE_MBRTOWC 1
| #define HAVE_MBSINIT 1
| #define HAVE_REALPATH 1
| #define HAVE_LSTAT 1
| #define HAVE_FCNTL 1
| #define HAVE_SYMLINK 1
| #define HAVE_LISTXATTR 1
| #define HAVE_GETDTABLESIZE 1
| #define HAVE_ISWCNTRL 1
| #define HAVE_MPROTECT 1
| #define HAVE_READLINK 1
| #define HAVE_ISBLANK 1
| #define HAVE_ISWCTYPE 1
| #define HAVE_LINK 1
| #define HAVE_VASPRINTF 1
| #define HAVE___XPG_STRERROR_R 1
| #define HAVE_STRTOIMAX 1
| #define HAVE_WCRTOMB 1
| #define HAVE_WCTOB 1
| #define HAVE_FPURGE 1
| #define HAVE_GETTIMEOFDAY 1
| #define HAVE_PIPE 1
| #define HAVE_PSELECT 1
| #define HAVE_PTHREAD_SIGMASK 1
| #define HAVE_SIGPROCMASK 1
| #define HAVE_SETENV 1
| #define HAVE_SLEEP 1
| #define HAVE_SNPRINTF 1
| #define HAVE_SHUTDOWN 1
| #define HAVE_ISATTY 1
| #define HAVE_ISASCII 1
| #define HAVE_MEMCPY 1
| #define HAVE_STRCHR 1
| #define HAVE_STRTOUL 1
| #define HAVE_POPEN 1
| #define HAVE_PATHCONF 1
| #define HAVE_FCHOWN 1
| #define HAVE_SETLOCALE 1
| #define USE_ACL 0
| #define HAVE_ALLOCA_H 1
| #define HAVE_ALLOCA 1
| #define HAVE_WINT_T 1
| #define HAVE_LANGINFO_CODESET 1
| #define BITSIZEOF_WCHAR_T 32
| #define HAVE_MBSTATE_T 1
| #define HAVE_WORKING_MBRTOC32 1
| #define HAVE_WORKING_C32RTOMB 1
| #define HAVE_MALLOC_PTRDIFF 1
| #define HAVE_MALLOC_POSIX 1
| #define LSTAT_FOLLOWS_SLASHED_SYMLINK 1
| #define FUNC_REALPATH_NEARLY_WORKS 1
| #define HAVE_FACCESSAT 1
| #define HAVE_GETCWD 1
| #define HAVE_DECL_STRERROR_R 1
| #define HAVE_STRERROR_R 1
| #define HAVE_WORKING_O_DIRECTORY 1
| #define HAVE_WORKING_O_NOATIME 1
| #define HAVE_WORKING_O_NOFOLLOW 1
| #define USE_SELINUX_SELINUX_H 0
| #define restrict __restrict__
| #define HAVE_DECL_GETDELIM 1
| #define HAVE_DECL_GETDTABLESIZE 1
| #define HAVE_GETOPT_H 1
| #define HAVE_GETOPT_LONG_ONLY 1
| #define MUSL_LIBC 1
| #define HAVE_PTHREAD_API 1
| #define SETLOCALE_NULL_ALL_MTSAFE 0
| #define SETLOCALE_NULL_ONE_MTSAFE 1
| #define HAVE_WEAK_SYMBOLS 1
| #define HAVE_LONG_LONG_INT 1
| #define HAVE_UNSIGNED_LONG_LONG_INT 1
| #define HAVE_TOWLOWER 1
| #define AVOID_ANY_THREADS 1
| #define HAVE_MALLOC_0_NONNULL 1
| #define HAVE_DECL_MEMEQ 0
| #define HAVE_DECL_MEMRCHR 1
| #define HAVE_MINMAX_IN_SYS_PARAM_H 1
| #define PROMOTED_MODE_T mode_t
| #define HAVE_PTHREAD_T 1
| #define HAVE_PTHREAD_SPINLOCK_T 1
| #define HAVE_DECL_ALARM 1
| #define HAVE_SCHED_H 1
| #define HAVE_DECL_FCLOSEALL 0
| #define HAVE_DECL_GETW 1
| #define HAVE_DECL_PUTW 1
| #define HAVE_DECL_ECVT 1
| #define HAVE_DECL_FCVT 1
| #define HAVE_DECL_GCVT 1
| #define HAVE_DECL_STREQ 0
| #define HAVE_STRERROR_R 1
| #define HAVE_DECL_STRTOIMAX 1
| #define _USE_STD_STAT 1
| #define HAVE_DECL_EXECVPE 1
| #define HAVE_DECL_CLEARERR_UNLOCKED 1
| #define HAVE_DECL_FEOF_UNLOCKED 1
| #define HAVE_DECL_FERROR_UNLOCKED 1
| #define HAVE_DECL_FFLUSH_UNLOCKED 1
| #define HAVE_DECL_FGETS_UNLOCKED 1
| #define HAVE_DECL_FILENO_UNLOCKED 1
| #define HAVE_DECL_FPUTC_UNLOCKED 1
| #define HAVE_DECL_FPUTS_UNLOCKED 1
| #define HAVE_DECL_FREAD_UNLOCKED 1
| #define HAVE_DECL_FWRITE_UNLOCKED 1
| #define HAVE_DECL_GETC_UNLOCKED 1
| #define HAVE_DECL_GETCHAR_UNLOCKED 1
| #define HAVE_DECL_PUTC_UNLOCKED 1
| #define HAVE_DECL_PUTCHAR_UNLOCKED 1
| #define HAVE_DECL_WCSDUP 1
| #define HAVE_SHUTDOWN 1
| #define HAVE_STRUCT_SOCKADDR_STORAGE 1
| #define HAVE_SA_FAMILY_T 1
| #define HAVE_STRUCT_SOCKADDR_STORAGE_SS_FAMILY 1
| #define HAVE_ENVIRON_DECL 1
| #define FUNC_FFLUSH_STDIN 1
| #define HAVE_FREXP 1
| #define HAVE_FREXPL 1
| #define HAVE_DECL_FSEEKO 1
| #define FUNC_FFLUSH_STDIN 1
| #define HAVE_DECL_FTELLO 1
| #define HAVE_USELOCALE 1
| #define HAVE_WORKING_USELOCALE 1
| #define HAVE_GOOD_USELOCALE 1
| #define HAVE_IPV4 1
| #define HAVE_IPV6 1
| #define DBL_EXPBIT0_WORD 1
| #define DBL_EXPBIT0_BIT 20
| #define FLT_EXPBIT0_WORD 0
| #define FLT_EXPBIT0_BIT 23
| #define LDBL_EXPBIT0_WORD 2
| #define LDBL_EXPBIT0_BIT 0
| /* end confdefs.h.  */
| #include <CoreFoundation/CFPreferences.h>
| int
| main (void)
| {
| CFPreferencesCopyAppValue(NULL, NULL)
|   ;
|   return 0;
| }
configure:31307: result: no
configure:31314: checking for CFLocaleCopyPreferredLanguages
configure:31333: gcc -o conftest -g -O2   conftest.c  -Wl,-framework -Wl,CoreFoundation >&5
conftest.c:205:10: fatal error: CoreFoundation/CFLocale.h: No such file or directory
  205 | #include <CoreFoundation/CFLocale.h>
      |          ^~~~~~~~~~~~~~~~~~~~~~~~~~~
compilation terminated.
configure:31333: $? = 1
configure: failed program was:
| /* confdefs.h */
| #define PACKAGE_NAME "GNU sed"
| #define PACKAGE_TARNAME "sed"
| #define PACKAGE_VERSION "4.10"
| #define PACKAGE_STRING "GNU sed 4.10"
| #define PACKAGE_BUGREPORT "bug-sed@gnu.org"
| #define PACKAGE_URL "https://www.gnu.org/software/sed/"
| #define PACKAGE "sed"
| #define VERSION "4.10"
| #define HAVE_STDIO_H 1
| #define HAVE_STDLIB_H 1
| #define HAVE_STRING_H 1
| #define HAVE_INTTYPES_H 1
| #define HAVE_STDINT_H 1
| #define HAVE_STRINGS_H 1
| #define HAVE_SYS_STAT_H 1
| #define HAVE_SYS_TYPES_H 1
| #define HAVE_UNISTD_H 1
| #define HAVE_WCHAR_H 1
| #define HAVE_STDBOOL_H 1
| #define HAVE_UCHAR_H 1
| #define HAVE_SYS_PARAM_H 1
| #define HAVE_SYS_SOCKET_H 1
| #define HAVE_DIRENT_H 1
| #define HAVE_LINUX_XATTR_H 1
| #define HAVE_STDIO_EXT_H 1
| #define HAVE_GETOPT_H 1
| #define HAVE_THREADS_H 1
| #define HAVE_LIMITS_H 1
| #define HAVE_WCTYPE_H 1
| #define HAVE_LANGINFO_H 1
| #define HAVE_SYS_MMAN_H 1
| #define HAVE_PTHREAD_H 1
| #define HAVE_MALLOC_H 1
| #define HAVE_SYS_TIME_H 1
| #define HAVE_STDCKDINT_H 1
| #define HAVE_SYS_RANDOM_H 1
| #define HAVE_FEATURES_H 1
| #define HAVE_ARPA_INET_H 1
| #define HAVE_NETDB_H 1
| #define HAVE_NETINET_IN_H 1
| #define HAVE_MATH_H 1
| #define HAVE_SYS_SELECT_H 1
| #define HAVE_SYS_WAIT_H 1
| #define HAVE_SEMAPHORE_H 1
| #define HAVE_SYS_IOCTL_H 1
| #define HAVE_SYS_UN_H 1
| #define HAVE_SYS_UIO_H 1
| #define HAVE_LOCALE_H 1
| #define HAVE_ERRNO_H 1
| #define STDC_HEADERS 1
| #define _ALL_SOURCE 1
| #define _COSMO_SOURCE 1
| #define _DARWIN_C_SOURCE 1
| #define _GNU_SOURCE 1
| #define _HPUX_ALT_XOPEN_SOCKET_API 1
| #define _NETBSD_SOURCE 1
| #define _OPENBSD_SOURCE 1
| #define _POSIX_PTHREAD_SEMANTICS 1
| #define __STDC_WANT_IEC_60559_ATTRIBS_EXT__ 1
| #define __STDC_WANT_IEC_60559_BFP_EXT__ 1
| #define __STDC_WANT_IEC_60559_DFP_EXT__ 1
| #define __STDC_WANT_IEC_60559_EXT__ 1
| #define __STDC_WANT_IEC_60559_FUNCS_EXT__ 1
| #define __STDC_WANT_IEC_60559_TYPES_EXT__ 1
| #define __STDC_WANT_LIB_EXT2__ 1
| #define __STDC_WANT_MATH_SPEC_FUNCS__ 1
| #define _TANDEM_SOURCE 1
| #define __EXTENSIONS__ 1
| #define _LINUX_SOURCE_COMPAT 1
| #define __USE_MINGW_ANSI_STDIO 1
| #define HAVE_FCHMOD 1
| #define HAVE_BTOWC 1
| #define HAVE_MBRTOWC 1
| #define HAVE_MBSINIT 1
| #define HAVE_REALPATH 1
| #define HAVE_LSTAT 1
| #define HAVE_FCNTL 1
| #define HAVE_SYMLINK 1
| #define HAVE_LISTXATTR 1
| #define HAVE_GETDTABLESIZE 1
| #define HAVE_ISWCNTRL 1
| #define HAVE_MPROTECT 1
| #define HAVE_READLINK 1
| #define HAVE_ISBLANK 1
| #define HAVE_ISWCTYPE 1
| #define HAVE_LINK 1
| #define HAVE_VASPRINTF 1
| #define HAVE___XPG_STRERROR_R 1
| #define HAVE_STRTOIMAX 1
| #define HAVE_WCRTOMB 1
| #define HAVE_WCTOB 1
| #define HAVE_FPURGE 1
| #define HAVE_GETTIMEOFDAY 1
| #define HAVE_PIPE 1
| #define HAVE_PSELECT 1
| #define HAVE_PTHREAD_SIGMASK 1
| #define HAVE_SIGPROCMASK 1
| #define HAVE_SETENV 1
| #define HAVE_SLEEP 1
| #define HAVE_SNPRINTF 1
| #define HAVE_SHUTDOWN 1
| #define HAVE_ISATTY 1
| #define HAVE_ISASCII 1
| #define HAVE_MEMCPY 1
| #define HAVE_STRCHR 1
| #define HAVE_STRTOUL 1
| #define HAVE_POPEN 1
| #define HAVE_PATHCONF 1
| #define HAVE_FCHOWN 1
| #define HAVE_SETLOCALE 1
| #define USE_ACL 0
| #define HAVE_ALLOCA_H 1
| #define HAVE_ALLOCA 1
| #define HAVE_WINT_T 1
| #define HAVE_LANGINFO_CODESET 1
| #define BITSIZEOF_WCHAR_T 32
| #define HAVE_MBSTATE_T 1
| #define HAVE_WORKING_MBRTOC32 1
| #define HAVE_WORKING_C32RTOMB 1
| #define HAVE_MALLOC_PTRDIFF 1
| #define HAVE_MALLOC_POSIX 1
| #define LSTAT_FOLLOWS_SLASHED_SYMLINK 1
| #define FUNC_REALPATH_NEARLY_WORKS 1
| #define HAVE_FACCESSAT 1
| #define HAVE_GETCWD 1
| #define HAVE_DECL_STRERROR_R 1
| #define HAVE_STRERROR_R 1
| #define HAVE_WORKING_O_DIRECTORY 1
| #define HAVE_WORKING_O_NOATIME 1
| #define HAVE_WORKING_O_NOFOLLOW 1
| #define USE_SELINUX_SELINUX_H 0
| #define restrict __restrict__
| #define HAVE_DECL_GETDELIM 1
| #define HAVE_DECL_GETDTABLESIZE 1
| #define HAVE_GETOPT_H 1
| #define HAVE_GETOPT_LONG_ONLY 1
| #define MUSL_LIBC 1
| #define HAVE_PTHREAD_API 1
| #define SETLOCALE_NULL_ALL_MTSAFE 0
| #define SETLOCALE_NULL_ONE_MTSAFE 1
| #define HAVE_WEAK_SYMBOLS 1
| #define HAVE_LONG_LONG_INT 1
| #define HAVE_UNSIGNED_LONG_LONG_INT 1
| #define HAVE_TOWLOWER 1
| #define AVOID_ANY_THREADS 1
| #define HAVE_MALLOC_0_NONNULL 1
| #define HAVE_DECL_MEMEQ 0
| #define HAVE_DECL_MEMRCHR 1
| #define HAVE_MINMAX_IN_SYS_PARAM_H 1
| #define PROMOTED_MODE_T mode_t
| #define HAVE_PTHREAD_T 1
| #define HAVE_PTHREAD_SPINLOCK_T 1
| #define HAVE_DECL_ALARM 1
| #define HAVE_SCHED_H 1
| #define HAVE_DECL_FCLOSEALL 0
| #define HAVE_DECL_GETW 1
| #define HAVE_DECL_PUTW 1
| #define HAVE_DECL_ECVT 1
| #define HAVE_DECL_FCVT 1
| #define HAVE_DECL_GCVT 1
| #define HAVE_DECL_STREQ 0
| #define HAVE_STRERROR_R 1
| #define HAVE_DECL_STRTOIMAX 1
| #define _USE_STD_STAT 1
| #define HAVE_DECL_EXECVPE 1
| #define HAVE_DECL_CLEARERR_UNLOCKED 1
| #define HAVE_DECL_FEOF_UNLOCKED 1
| #define HAVE_DECL_FERROR_UNLOCKED 1
| #define HAVE_DECL_FFLUSH_UNLOCKED 1
| #define HAVE_DECL_FGETS_UNLOCKED 1
| #define HAVE_DECL_FILENO_UNLOCKED 1
| #define HAVE_DECL_FPUTC_UNLOCKED 1
| #define HAVE_DECL_FPUTS_UNLOCKED 1
| #define HAVE_DECL_FREAD_UNLOCKED 1
| #define HAVE_DECL_FWRITE_UNLOCKED 1
| #define HAVE_DECL_GETC_UNLOCKED 1
| #define HAVE_DECL_GETCHAR_UNLOCKED 1
| #define HAVE_DECL_PUTC_UNLOCKED 1
| #define HAVE_DECL_PUTCHAR_UNLOCKED 1
| #define HAVE_DECL_WCSDUP 1
| #define HAVE_SHUTDOWN 1
| #define HAVE_STRUCT_SOCKADDR_STORAGE 1
| #define HAVE_SA_FAMILY_T 1
| #define HAVE_STRUCT_SOCKADDR_STORAGE_SS_FAMILY 1
| #define HAVE_ENVIRON_DECL 1
| #define FUNC_FFLUSH_STDIN 1
| #define HAVE_FREXP 1
| #define HAVE_FREXPL 1
| #define HAVE_DECL_FSEEKO 1
| #define FUNC_FFLUSH_STDIN 1
| #define HAVE_DECL_FTELLO 1
| #define HAVE_USELOCALE 1
| #define HAVE_WORKING_USELOCALE 1
| #define HAVE_GOOD_USELOCALE 1
| #define HAVE_IPV4 1
| #define HAVE_IPV6 1
| #define DBL_EXPBIT0_WORD 1
| #define DBL_EXPBIT0_BIT 20
| #define FLT_EXPBIT0_WORD 0
| #define FLT_EXPBIT0_BIT 23
| #define LDBL_EXPBIT0_WORD 2
| #define LDBL_EXPBIT0_BIT 0
| /* end confdefs.h.  */
| #include <CoreFoundation/CFLocale.h>
| int
| main (void)
| {
| CFLocaleCopyPreferredLanguages();
|   ;
|   return 0;
| }
configure:31345: result: no
configure:31360: checking for LC_MESSAGES
configure:31377: gcc -o conftest -g -O2   conftest.c  >&5
configure:31377: $? = 0
configure:31388: result: yes
configure:31480: checking whether NAN macro works
configure:31504: gcc -c -g -O2  conftest.c >&5
configure:31504: $? = 0
configure:31514: result: yes
configure:31519: checking whether HUGE_VAL works
configure:31538: gcc -c -g -O2  conftest.c >&5
configure:31538: $? = 0
configure:31548: result: yes
configure:31592: checking whether <sys/select.h> is self-contained
configure:31610: gcc -c -g -O2  conftest.c >&5
configure:31610: $? = 0
configure:31631: gcc -c -g -O2  conftest.c >&5
configure:31631: $? = 0
configure:31662: gcc -o conftest -g -O2   conftest.c  >&5
configure:31662: $? = 0
configure:31678: result: yes
configure:31808: checking for library needed for semaphore functions
configure:31827: gcc -o conftest -g -O2   conftest.c   >&5
configure:31827: $? = 0
configure:31861: result: none
configure:31914: checking whether _putenv is declared
configure:31914: gcc -c -g -O2   conftest.c >&5
conftest.c: In function 'main':
conftest.c:241:10: error: '_putenv' undeclared (first use in this function); did you mean 'putenv'?
  241 |   (void) _putenv;
      |          ^~~~~~~
      |          putenv
conftest.c:241:10: note: each undeclared identifier is reported only once for each function it appears in
configure:31914: $? = 1
configure: failed program was:
| /* confdefs.h */
| #define PACKAGE_NAME "GNU sed"
| #define PACKAGE_TARNAME "sed"
| #define PACKAGE_VERSION "4.10"
| #define PACKAGE_STRING "GNU sed 4.10"
| #define PACKAGE_BUGREPORT "bug-sed@gnu.org"
| #define PACKAGE_URL "https://www.gnu.org/software/sed/"
| #define PACKAGE "sed"
| #define VERSION "4.10"
| #define HAVE_STDIO_H 1
| #define HAVE_STDLIB_H 1
| #define HAVE_STRING_H 1
| #define HAVE_INTTYPES_H 1
| #define HAVE_STDINT_H 1
| #define HAVE_STRINGS_H 1
| #define HAVE_SYS_STAT_H 1
| #define HAVE_SYS_TYPES_H 1
| #define HAVE_UNISTD_H 1
| #define HAVE_WCHAR_H 1
| #define HAVE_STDBOOL_H 1
| #define HAVE_UCHAR_H 1
| #define HAVE_SYS_PARAM_H 1
| #define HAVE_SYS_SOCKET_H 1
| #define HAVE_DIRENT_H 1
| #define HAVE_LINUX_XATTR_H 1
| #define HAVE_STDIO_EXT_H 1
| #define HAVE_GETOPT_H 1
| #define HAVE_THREADS_H 1
| #define HAVE_LIMITS_H 1
| #define HAVE_WCTYPE_H 1
| #define HAVE_LANGINFO_H 1
| #define HAVE_SYS_MMAN_H 1
| #define HAVE_PTHREAD_H 1
| #define HAVE_MALLOC_H 1
| #define HAVE_SYS_TIME_H 1
| #define HAVE_STDCKDINT_H 1
| #define HAVE_SYS_RANDOM_H 1
| #define HAVE_FEATURES_H 1
| #define HAVE_ARPA_INET_H 1
| #define HAVE_NETDB_H 1
| #define HAVE_NETINET_IN_H 1
| #define HAVE_MATH_H 1
| #define HAVE_SYS_SELECT_H 1
| #define HAVE_SYS_WAIT_H 1
| #define HAVE_SEMAPHORE_H 1
| #define HAVE_SYS_IOCTL_H 1
| #define HAVE_SYS_UN_H 1
| #define HAVE_SYS_UIO_H 1
| #define HAVE_LOCALE_H 1
| #define HAVE_ERRNO_H 1
| #define STDC_HEADERS 1
| #define _ALL_SOURCE 1
| #define _COSMO_SOURCE 1
| #define _DARWIN_C_SOURCE 1
| #define _GNU_SOURCE 1
| #define _HPUX_ALT_XOPEN_SOCKET_API 1
| #define _NETBSD_SOURCE 1
| #define _OPENBSD_SOURCE 1
| #define _POSIX_PTHREAD_SEMANTICS 1
| #define __STDC_WANT_IEC_60559_ATTRIBS_EXT__ 1
| #define __STDC_WANT_IEC_60559_BFP_EXT__ 1
| #define __STDC_WANT_IEC_60559_DFP_EXT__ 1
| #define __STDC_WANT_IEC_60559_EXT__ 1
| #define __STDC_WANT_IEC_60559_FUNCS_EXT__ 1
| #define __STDC_WANT_IEC_60559_TYPES_EXT__ 1
| #define __STDC_WANT_LIB_EXT2__ 1
| #define __STDC_WANT_MATH_SPEC_FUNCS__ 1
| #define _TANDEM_SOURCE 1
| #define __EXTENSIONS__ 1
| #define _LINUX_SOURCE_COMPAT 1
| #define __USE_MINGW_ANSI_STDIO 1
| #define HAVE_FCHMOD 1
| #define HAVE_BTOWC 1
| #define HAVE_MBRTOWC 1
| #define HAVE_MBSINIT 1
| #define HAVE_REALPATH 1
| #define HAVE_LSTAT 1
| #define HAVE_FCNTL 1
| #define HAVE_SYMLINK 1
| #define HAVE_LISTXATTR 1
| #define HAVE_GETDTABLESIZE 1
| #define HAVE_ISWCNTRL 1
| #define HAVE_MPROTECT 1
| #define HAVE_READLINK 1
| #define HAVE_ISBLANK 1
| #define HAVE_ISWCTYPE 1
| #define HAVE_LINK 1
| #define HAVE_VASPRINTF 1
| #define HAVE___XPG_STRERROR_R 1
| #define HAVE_STRTOIMAX 1
| #define HAVE_WCRTOMB 1
| #define HAVE_WCTOB 1
| #define HAVE_FPURGE 1
| #define HAVE_GETTIMEOFDAY 1
| #define HAVE_PIPE 1
| #define HAVE_PSELECT 1
| #define HAVE_PTHREAD_SIGMASK 1
| #define HAVE_SIGPROCMASK 1
| #define HAVE_SETENV 1
| #define HAVE_SLEEP 1
| #define HAVE_SNPRINTF 1
| #define HAVE_SHUTDOWN 1
| #define HAVE_ISATTY 1
| #define HAVE_ISASCII 1
| #define HAVE_MEMCPY 1
| #define HAVE_STRCHR 1
| #define HAVE_STRTOUL 1
| #define HAVE_POPEN 1
| #define HAVE_PATHCONF 1
| #define HAVE_FCHOWN 1
| #define HAVE_SETLOCALE 1
| #define USE_ACL 0
| #define HAVE_ALLOCA_H 1
| #define HAVE_ALLOCA 1
| #define HAVE_WINT_T 1
| #define HAVE_LANGINFO_CODESET 1
| #define BITSIZEOF_WCHAR_T 32
| #define HAVE_MBSTATE_T 1
| #define HAVE_WORKING_MBRTOC32 1
| #define HAVE_WORKING_C32RTOMB 1
| #define HAVE_MALLOC_PTRDIFF 1
| #define HAVE_MALLOC_POSIX 1
| #define LSTAT_FOLLOWS_SLASHED_SYMLINK 1
| #define FUNC_REALPATH_NEARLY_WORKS 1
| #define HAVE_FACCESSAT 1
| #define HAVE_GETCWD 1
| #define HAVE_DECL_STRERROR_R 1
| #define HAVE_STRERROR_R 1
| #define HAVE_WORKING_O_DIRECTORY 1
| #define HAVE_WORKING_O_NOATIME 1
| #define HAVE_WORKING_O_NOFOLLOW 1
| #define USE_SELINUX_SELINUX_H 0
| #define restrict __restrict__
| #define HAVE_DECL_GETDELIM 1
| #define HAVE_DECL_GETDTABLESIZE 1
| #define HAVE_GETOPT_H 1
| #define HAVE_GETOPT_LONG_ONLY 1
| #define MUSL_LIBC 1
| #define HAVE_PTHREAD_API 1
| #define SETLOCALE_NULL_ALL_MTSAFE 0
| #define SETLOCALE_NULL_ONE_MTSAFE 1
| #define HAVE_WEAK_SYMBOLS 1
| #define HAVE_LONG_LONG_INT 1
| #define HAVE_UNSIGNED_LONG_LONG_INT 1
| #define HAVE_TOWLOWER 1
| #define AVOID_ANY_THREADS 1
| #define HAVE_MALLOC_0_NONNULL 1
| #define HAVE_DECL_MEMEQ 0
| #define HAVE_DECL_MEMRCHR 1
| #define HAVE_MINMAX_IN_SYS_PARAM_H 1
| #define PROMOTED_MODE_T mode_t
| #define HAVE_PTHREAD_T 1
| #define HAVE_PTHREAD_SPINLOCK_T 1
| #define HAVE_DECL_ALARM 1
| #define HAVE_SCHED_H 1
| #define HAVE_DECL_FCLOSEALL 0
| #define HAVE_DECL_GETW 1
| #define HAVE_DECL_PUTW 1
| #define HAVE_DECL_ECVT 1
| #define HAVE_DECL_FCVT 1
| #define HAVE_DECL_GCVT 1
| #define HAVE_DECL_STREQ 0
| #define HAVE_STRERROR_R 1
| #define HAVE_DECL_STRTOIMAX 1
| #define _USE_STD_STAT 1
| #define HAVE_DECL_EXECVPE 1
| #define HAVE_DECL_CLEARERR_UNLOCKED 1
| #define HAVE_DECL_FEOF_UNLOCKED 1
| #define HAVE_DECL_FERROR_UNLOCKED 1
| #define HAVE_DECL_FFLUSH_UNLOCKED 1
| #define HAVE_DECL_FGETS_UNLOCKED 1
| #define HAVE_DECL_FILENO_UNLOCKED 1
| #define HAVE_DECL_FPUTC_UNLOCKED 1
| #define HAVE_DECL_FPUTS_UNLOCKED 1
| #define HAVE_DECL_FREAD_UNLOCKED 1
| #define HAVE_DECL_FWRITE_UNLOCKED 1
| #define HAVE_DECL_GETC_UNLOCKED 1
| #define HAVE_DECL_GETCHAR_UNLOCKED 1
| #define HAVE_DECL_PUTC_UNLOCKED 1
| #define HAVE_DECL_PUTCHAR_UNLOCKED 1
| #define HAVE_DECL_WCSDUP 1
| #define HAVE_SHUTDOWN 1
| #define HAVE_STRUCT_SOCKADDR_STORAGE 1
| #define HAVE_SA_FAMILY_T 1
| #define HAVE_STRUCT_SOCKADDR_STORAGE_SS_FAMILY 1
| #define HAVE_ENVIRON_DECL 1
| #define FUNC_FFLUSH_STDIN 1
| #define HAVE_FREXP 1
| #define HAVE_FREXPL 1
| #define HAVE_DECL_FSEEKO 1
| #define FUNC_FFLUSH_STDIN 1
| #define HAVE_DECL_FTELLO 1
| #define HAVE_USELOCALE 1
| #define HAVE_WORKING_USELOCALE 1
| #define HAVE_GOOD_USELOCALE 1
| #define HAVE_IPV4 1
| #define HAVE_IPV6 1
| #define DBL_EXPBIT0_WORD 1
| #define DBL_EXPBIT0_BIT 20
| #define FLT_EXPBIT0_WORD 0
| #define FLT_EXPBIT0_BIT 23
| #define LDBL_EXPBIT0_WORD 2
| #define LDBL_EXPBIT0_BIT 0
| #define HAVE_LC_MESSAGES 1
| /* end confdefs.h.  */
| #include <stddef.h>
| #ifdef HAVE_STDIO_H
| # include <stdio.h>
| #endif
| #ifdef HAVE_STDLIB_H
| # include <stdlib.h>
| #endif
| #ifdef HAVE_STRING_H
| # include <string.h>
| #endif
| #ifdef HAVE_INTTYPES_H
| # include <inttypes.h>
| #endif
| #ifdef HAVE_STDINT_H
| # include <stdint.h>
| #endif
| #ifdef HAVE_STRINGS_H
| # include <strings.h>
| #endif
| #ifdef HAVE_SYS_TYPES_H
| # include <sys/types.h>
| #endif
| #ifdef HAVE_SYS_STAT_H
| # include <sys/stat.h>
| #endif
| #ifdef HAVE_UNISTD_H
| # include <unistd.h>
| #endif
| int
| main (void)
| {
| #ifndef _putenv
| #ifdef __cplusplus
|   (void) _putenv;
| #else
|   (void) _putenv;
| #endif
| #endif
| 
|   ;
|   return 0;
| }
configure:31914: result: no
configure:31925: checking for sigset_t
configure:31925: gcc -c -g -O2  conftest.c >&5
configure:31925: $? = 0
configure:31925: gcc -c -g -O2  conftest.c >&5
conftest.c: In function 'main':
conftest.c:216:23: error: expected expression before ')' token
  216 | if (sizeof ((sigset_t)))
      |                       ^
configure:31925: $? = 1
configure: failed program was:
| /* confdefs.h */
| #define PACKAGE_NAME "GNU sed"
| #define PACKAGE_TARNAME "sed"
| #define PACKAGE_VERSION "4.10"
| #define PACKAGE_STRING "GNU sed 4.10"
| #define PACKAGE_BUGREPORT "bug-sed@gnu.org"
| #define PACKAGE_URL "https://www.gnu.org/software/sed/"
| #define PACKAGE "sed"
| #define VERSION "4.10"
| #define HAVE_STDIO_H 1
| #define HAVE_STDLIB_H 1
| #define HAVE_STRING_H 1
| #define HAVE_INTTYPES_H 1
| #define HAVE_STDINT_H 1
| #define HAVE_STRINGS_H 1
| #define HAVE_SYS_STAT_H 1
| #define HAVE_SYS_TYPES_H 1
| #define HAVE_UNISTD_H 1
| #define HAVE_WCHAR_H 1
| #define HAVE_STDBOOL_H 1
| #define HAVE_UCHAR_H 1
| #define HAVE_SYS_PARAM_H 1
| #define HAVE_SYS_SOCKET_H 1
| #define HAVE_DIRENT_H 1
| #define HAVE_LINUX_XATTR_H 1
| #define HAVE_STDIO_EXT_H 1
| #define HAVE_GETOPT_H 1
| #define HAVE_THREADS_H 1
| #define HAVE_LIMITS_H 1
| #define HAVE_WCTYPE_H 1
| #define HAVE_LANGINFO_H 1
| #define HAVE_SYS_MMAN_H 1
| #define HAVE_PTHREAD_H 1
| #define HAVE_MALLOC_H 1
| #define HAVE_SYS_TIME_H 1
| #define HAVE_STDCKDINT_H 1
| #define HAVE_SYS_RANDOM_H 1
| #define HAVE_FEATURES_H 1
| #define HAVE_ARPA_INET_H 1
| #define HAVE_NETDB_H 1
| #define HAVE_NETINET_IN_H 1
| #define HAVE_MATH_H 1
| #define HAVE_SYS_SELECT_H 1
| #define HAVE_SYS_WAIT_H 1
| #define HAVE_SEMAPHORE_H 1
| #define HAVE_SYS_IOCTL_H 1
| #define HAVE_SYS_UN_H 1
| #define HAVE_SYS_UIO_H 1
| #define HAVE_LOCALE_H 1
| #define HAVE_ERRNO_H 1
| #define STDC_HEADERS 1
| #define _ALL_SOURCE 1
| #define _COSMO_SOURCE 1
| #define _DARWIN_C_SOURCE 1
| #define _GNU_SOURCE 1
| #define _HPUX_ALT_XOPEN_SOCKET_API 1
| #define _NETBSD_SOURCE 1
| #define _OPENBSD_SOURCE 1
| #define _POSIX_PTHREAD_SEMANTICS 1
| #define __STDC_WANT_IEC_60559_ATTRIBS_EXT__ 1
| #define __STDC_WANT_IEC_60559_BFP_EXT__ 1
| #define __STDC_WANT_IEC_60559_DFP_EXT__ 1
| #define __STDC_WANT_IEC_60559_EXT__ 1
| #define __STDC_WANT_IEC_60559_FUNCS_EXT__ 1
| #define __STDC_WANT_IEC_60559_TYPES_EXT__ 1
| #define __STDC_WANT_LIB_EXT2__ 1
| #define __STDC_WANT_MATH_SPEC_FUNCS__ 1
| #define _TANDEM_SOURCE 1
| #define __EXTENSIONS__ 1
| #define _LINUX_SOURCE_COMPAT 1
| #define __USE_MINGW_ANSI_STDIO 1
| #define HAVE_FCHMOD 1
| #define HAVE_BTOWC 1
| #define HAVE_MBRTOWC 1
| #define HAVE_MBSINIT 1
| #define HAVE_REALPATH 1
| #define HAVE_LSTAT 1
| #define HAVE_FCNTL 1
| #define HAVE_SYMLINK 1
| #define HAVE_LISTXATTR 1
| #define HAVE_GETDTABLESIZE 1
| #define HAVE_ISWCNTRL 1
| #define HAVE_MPROTECT 1
| #define HAVE_READLINK 1
| #define HAVE_ISBLANK 1
| #define HAVE_ISWCTYPE 1
| #define HAVE_LINK 1
| #define HAVE_VASPRINTF 1
| #define HAVE___XPG_STRERROR_R 1
| #define HAVE_STRTOIMAX 1
| #define HAVE_WCRTOMB 1
| #define HAVE_WCTOB 1
| #define HAVE_FPURGE 1
| #define HAVE_GETTIMEOFDAY 1
| #define HAVE_PIPE 1
| #define HAVE_PSELECT 1
| #define HAVE_PTHREAD_SIGMASK 1
| #define HAVE_SIGPROCMASK 1
| #define HAVE_SETENV 1
| #define HAVE_SLEEP 1
| #define HAVE_SNPRINTF 1
| #define HAVE_SHUTDOWN 1
| #define HAVE_ISATTY 1
| #define HAVE_ISASCII 1
| #define HAVE_MEMCPY 1
| #define HAVE_STRCHR 1
| #define HAVE_STRTOUL 1
| #define HAVE_POPEN 1
| #define HAVE_PATHCONF 1
| #define HAVE_FCHOWN 1
| #define HAVE_SETLOCALE 1
| #define USE_ACL 0
| #define HAVE_ALLOCA_H 1
| #define HAVE_ALLOCA 1
| #define HAVE_WINT_T 1
| #define HAVE_LANGINFO_CODESET 1
| #define BITSIZEOF_WCHAR_T 32
| #define HAVE_MBSTATE_T 1
| #define HAVE_WORKING_MBRTOC32 1
| #define HAVE_WORKING_C32RTOMB 1
| #define HAVE_MALLOC_PTRDIFF 1
| #define HAVE_MALLOC_POSIX 1
| #define LSTAT_FOLLOWS_SLASHED_SYMLINK 1
| #define FUNC_REALPATH_NEARLY_WORKS 1
| #define HAVE_FACCESSAT 1
| #define HAVE_GETCWD 1
| #define HAVE_DECL_STRERROR_R 1
| #define HAVE_STRERROR_R 1
| #define HAVE_WORKING_O_DIRECTORY 1
| #define HAVE_WORKING_O_NOATIME 1
| #define HAVE_WORKING_O_NOFOLLOW 1
| #define USE_SELINUX_SELINUX_H 0
| #define restrict __restrict__
| #define HAVE_DECL_GETDELIM 1
| #define HAVE_DECL_GETDTABLESIZE 1
| #define HAVE_GETOPT_H 1
| #define HAVE_GETOPT_LONG_ONLY 1
| #define MUSL_LIBC 1
| #define HAVE_PTHREAD_API 1
| #define SETLOCALE_NULL_ALL_MTSAFE 0
| #define SETLOCALE_NULL_ONE_MTSAFE 1
| #define HAVE_WEAK_SYMBOLS 1
| #define HAVE_LONG_LONG_INT 1
| #define HAVE_UNSIGNED_LONG_LONG_INT 1
| #define HAVE_TOWLOWER 1
| #define AVOID_ANY_THREADS 1
| #define HAVE_MALLOC_0_NONNULL 1
| #define HAVE_DECL_MEMEQ 0
| #define HAVE_DECL_MEMRCHR 1
| #define HAVE_MINMAX_IN_SYS_PARAM_H 1
| #define PROMOTED_MODE_T mode_t
| #define HAVE_PTHREAD_T 1
| #define HAVE_PTHREAD_SPINLOCK_T 1
| #define HAVE_DECL_ALARM 1
| #define HAVE_SCHED_H 1
| #define HAVE_DECL_FCLOSEALL 0
| #define HAVE_DECL_GETW 1
| #define HAVE_DECL_PUTW 1
| #define HAVE_DECL_ECVT 1
| #define HAVE_DECL_FCVT 1
| #define HAVE_DECL_GCVT 1
| #define HAVE_DECL_STREQ 0
| #define HAVE_STRERROR_R 1
| #define HAVE_DECL_STRTOIMAX 1
| #define _USE_STD_STAT 1
| #define HAVE_DECL_EXECVPE 1
| #define HAVE_DECL_CLEARERR_UNLOCKED 1
| #define HAVE_DECL_FEOF_UNLOCKED 1
| #define HAVE_DECL_FERROR_UNLOCKED 1
| #define HAVE_DECL_FFLUSH_UNLOCKED 1
| #define HAVE_DECL_FGETS_UNLOCKED 1
| #define HAVE_DECL_FILENO_UNLOCKED 1
| #define HAVE_DECL_FPUTC_UNLOCKED 1
| #define HAVE_DECL_FPUTS_UNLOCKED 1
| #define HAVE_DECL_FREAD_UNLOCKED 1
| #define HAVE_DECL_FWRITE_UNLOCKED 1
| #define HAVE_DECL_GETC_UNLOCKED 1
| #define HAVE_DECL_GETCHAR_UNLOCKED 1
| #define HAVE_DECL_PUTC_UNLOCKED 1
| #define HAVE_DECL_PUTCHAR_UNLOCKED 1
| #define HAVE_DECL_WCSDUP 1
| #define HAVE_SHUTDOWN 1
| #define HAVE_STRUCT_SOCKADDR_STORAGE 1
| #define HAVE_SA_FAMILY_T 1
| #define HAVE_STRUCT_SOCKADDR_STORAGE_SS_FAMILY 1
| #define HAVE_ENVIRON_DECL 1
| #define FUNC_FFLUSH_STDIN 1
| #define HAVE_FREXP 1
| #define HAVE_FREXPL 1
| #define HAVE_DECL_FSEEKO 1
| #define FUNC_FFLUSH_STDIN 1
| #define HAVE_DECL_FTELLO 1
| #define HAVE_USELOCALE 1
| #define HAVE_WORKING_USELOCALE 1
| #define HAVE_GOOD_USELOCALE 1
| #define HAVE_IPV4 1
| #define HAVE_IPV6 1
| #define DBL_EXPBIT0_WORD 1
| #define DBL_EXPBIT0_BIT 20
| #define FLT_EXPBIT0_WORD 0
| #define FLT_EXPBIT0_BIT 23
| #define LDBL_EXPBIT0_WORD 2
| #define LDBL_EXPBIT0_BIT 0
| #define HAVE_LC_MESSAGES 1
| #define HAVE_DECL__PUTENV 0
| /* end confdefs.h.  */
| 
|       #include <signal.h>
|       /* Mingw defines sigset_t not in <signal.h>, but in <sys/types.h>.  */
|       #include <sys/types.h>
| 
| 
| int
| main (void)
| {
| if (sizeof ((sigset_t)))
| 	    return 0;
|   ;
|   return 0;
| }
configure:31925: result: yes
configure:31947: checking whether initstate is declared
configure:31947: gcc -c -g -O2   conftest.c >&5
configure:31947: $? = 0
configure:31947: result: yes
configure:31957: checking whether setstate is declared
configure:31957: gcc -c -g -O2   conftest.c >&5
configure:31957: $? = 0
configure:31957: result: yes
configure:32042: checking for library containing setsockopt
configure:32065: gcc -o conftest -g -O2   conftest.c  >&5
configure:32065: $? = 0
configure:32152: result: none needed
configure:32167: checking whether setenv is declared
configure:32167: gcc -c -g -O2   conftest.c >&5
configure:32167: $? = 0
configure:32167: result: yes
configure:32188: checking for search.h
configure:32188: gcc -c -g -O2  conftest.c >&5
configure:32188: $? = 0
configure:32188: result: yes
configure:32198: checking for tsearch
configure:32235: checking for tsearch
configure:32235: gcc -o conftest -g -O2   conftest.c  >&5
configure:32235: $? = 0
configure:32235: result: yes
configure:32251: result: yes
configure:32267: checking for uid_t
configure:32267: gcc -c -g -O2  conftest.c >&5
configure:32267: $? = 0
configure:32267: gcc -c -g -O2  conftest.c >&5
conftest.c: In function 'main':
conftest.c:244:20: error: expected expression before ')' token
  244 | if (sizeof ((uid_t)))
      |                    ^
configure:32267: $? = 1
configure: failed program was:
| /* confdefs.h */
| #define PACKAGE_NAME "GNU sed"
| #define PACKAGE_TARNAME "sed"
| #define PACKAGE_VERSION "4.10"
| #define PACKAGE_STRING "GNU sed 4.10"
| #define PACKAGE_BUGREPORT "bug-sed@gnu.org"
| #define PACKAGE_URL "https://www.gnu.org/software/sed/"
| #define PACKAGE "sed"
| #define VERSION "4.10"
| #define HAVE_STDIO_H 1
| #define HAVE_STDLIB_H 1
| #define HAVE_STRING_H 1
| #define HAVE_INTTYPES_H 1
| #define HAVE_STDINT_H 1
| #define HAVE_STRINGS_H 1
| #define HAVE_SYS_STAT_H 1
| #define HAVE_SYS_TYPES_H 1
| #define HAVE_UNISTD_H 1
| #define HAVE_WCHAR_H 1
| #define HAVE_STDBOOL_H 1
| #define HAVE_UCHAR_H 1
| #define HAVE_SYS_PARAM_H 1
| #define HAVE_SYS_SOCKET_H 1
| #define HAVE_DIRENT_H 1
| #define HAVE_LINUX_XATTR_H 1
| #define HAVE_STDIO_EXT_H 1
| #define HAVE_GETOPT_H 1
| #define HAVE_THREADS_H 1
| #define HAVE_LIMITS_H 1
| #define HAVE_WCTYPE_H 1
| #define HAVE_LANGINFO_H 1
| #define HAVE_SYS_MMAN_H 1
| #define HAVE_PTHREAD_H 1
| #define HAVE_MALLOC_H 1
| #define HAVE_SYS_TIME_H 1
| #define HAVE_STDCKDINT_H 1
| #define HAVE_SYS_RANDOM_H 1
| #define HAVE_FEATURES_H 1
| #define HAVE_ARPA_INET_H 1
| #define HAVE_NETDB_H 1
| #define HAVE_NETINET_IN_H 1
| #define HAVE_MATH_H 1
| #define HAVE_SYS_SELECT_H 1
| #define HAVE_SYS_WAIT_H 1
| #define HAVE_SEMAPHORE_H 1
| #define HAVE_SYS_IOCTL_H 1
| #define HAVE_SYS_UN_H 1
| #define HAVE_SYS_UIO_H 1
| #define HAVE_LOCALE_H 1
| #define HAVE_ERRNO_H 1
| #define STDC_HEADERS 1
| #define _ALL_SOURCE 1
| #define _COSMO_SOURCE 1
| #define _DARWIN_C_SOURCE 1
| #define _GNU_SOURCE 1
| #define _HPUX_ALT_XOPEN_SOCKET_API 1
| #define _NETBSD_SOURCE 1
| #define _OPENBSD_SOURCE 1
| #define _POSIX_PTHREAD_SEMANTICS 1
| #define __STDC_WANT_IEC_60559_ATTRIBS_EXT__ 1
| #define __STDC_WANT_IEC_60559_BFP_EXT__ 1
| #define __STDC_WANT_IEC_60559_DFP_EXT__ 1
| #define __STDC_WANT_IEC_60559_EXT__ 1
| #define __STDC_WANT_IEC_60559_FUNCS_EXT__ 1
| #define __STDC_WANT_IEC_60559_TYPES_EXT__ 1
| #define __STDC_WANT_LIB_EXT2__ 1
| #define __STDC_WANT_MATH_SPEC_FUNCS__ 1
| #define _TANDEM_SOURCE 1
| #define __EXTENSIONS__ 1
| #define _LINUX_SOURCE_COMPAT 1
| #define __USE_MINGW_ANSI_STDIO 1
| #define HAVE_FCHMOD 1
| #define HAVE_BTOWC 1
| #define HAVE_MBRTOWC 1
| #define HAVE_MBSINIT 1
| #define HAVE_REALPATH 1
| #define HAVE_LSTAT 1
| #define HAVE_FCNTL 1
| #define HAVE_SYMLINK 1
| #define HAVE_LISTXATTR 1
| #define HAVE_GETDTABLESIZE 1
| #define HAVE_ISWCNTRL 1
| #define HAVE_MPROTECT 1
| #define HAVE_READLINK 1
| #define HAVE_ISBLANK 1
| #define HAVE_ISWCTYPE 1
| #define HAVE_LINK 1
| #define HAVE_VASPRINTF 1
| #define HAVE___XPG_STRERROR_R 1
| #define HAVE_STRTOIMAX 1
| #define HAVE_WCRTOMB 1
| #define HAVE_WCTOB 1
| #define HAVE_FPURGE 1
| #define HAVE_GETTIMEOFDAY 1
| #define HAVE_PIPE 1
| #define HAVE_PSELECT 1
| #define HAVE_PTHREAD_SIGMASK 1
| #define HAVE_SIGPROCMASK 1
| #define HAVE_SETENV 1
| #define HAVE_SLEEP 1
| #define HAVE_SNPRINTF 1
| #define HAVE_SHUTDOWN 1
| #define HAVE_ISATTY 1
| #define HAVE_ISASCII 1
| #define HAVE_MEMCPY 1
| #define HAVE_STRCHR 1
| #define HAVE_STRTOUL 1
| #define HAVE_POPEN 1
| #define HAVE_PATHCONF 1
| #define HAVE_FCHOWN 1
| #define HAVE_SETLOCALE 1
| #define USE_ACL 0
| #define HAVE_ALLOCA_H 1
| #define HAVE_ALLOCA 1
| #define HAVE_WINT_T 1
| #define HAVE_LANGINFO_CODESET 1
| #define BITSIZEOF_WCHAR_T 32
| #define HAVE_MBSTATE_T 1
| #define HAVE_WORKING_MBRTOC32 1
| #define HAVE_WORKING_C32RTOMB 1
| #define HAVE_MALLOC_PTRDIFF 1
| #define HAVE_MALLOC_POSIX 1
| #define LSTAT_FOLLOWS_SLASHED_SYMLINK 1
| #define FUNC_REALPATH_NEARLY_WORKS 1
| #define HAVE_FACCESSAT 1
| #define HAVE_GETCWD 1
| #define HAVE_DECL_STRERROR_R 1
| #define HAVE_STRERROR_R 1
| #define HAVE_WORKING_O_DIRECTORY 1
| #define HAVE_WORKING_O_NOATIME 1
| #define HAVE_WORKING_O_NOFOLLOW 1
| #define USE_SELINUX_SELINUX_H 0
| #define restrict __restrict__
| #define HAVE_DECL_GETDELIM 1
| #define HAVE_DECL_GETDTABLESIZE 1
| #define HAVE_GETOPT_H 1
| #define HAVE_GETOPT_LONG_ONLY 1
| #define MUSL_LIBC 1
| #define HAVE_PTHREAD_API 1
| #define SETLOCALE_NULL_ALL_MTSAFE 0
| #define SETLOCALE_NULL_ONE_MTSAFE 1
| #define HAVE_WEAK_SYMBOLS 1
| #define HAVE_LONG_LONG_INT 1
| #define HAVE_UNSIGNED_LONG_LONG_INT 1
| #define HAVE_TOWLOWER 1
| #define AVOID_ANY_THREADS 1
| #define HAVE_MALLOC_0_NONNULL 1
| #define HAVE_DECL_MEMEQ 0
| #define HAVE_DECL_MEMRCHR 1
| #define HAVE_MINMAX_IN_SYS_PARAM_H 1
| #define PROMOTED_MODE_T mode_t
| #define HAVE_PTHREAD_T 1
| #define HAVE_PTHREAD_SPINLOCK_T 1
| #define HAVE_DECL_ALARM 1
| #define HAVE_SCHED_H 1
| #define HAVE_DECL_FCLOSEALL 0
| #define HAVE_DECL_GETW 1
| #define HAVE_DECL_PUTW 1
| #define HAVE_DECL_ECVT 1
| #define HAVE_DECL_FCVT 1
| #define HAVE_DECL_GCVT 1
| #define HAVE_DECL_STREQ 0
| #define HAVE_STRERROR_R 1
| #define HAVE_DECL_STRTOIMAX 1
| #define _USE_STD_STAT 1
| #define HAVE_DECL_EXECVPE 1
| #define HAVE_DECL_CLEARERR_UNLOCKED 1
| #define HAVE_DECL_FEOF_UNLOCKED 1
| #define HAVE_DECL_FERROR_UNLOCKED 1
| #define HAVE_DECL_FFLUSH_UNLOCKED 1
| #define HAVE_DECL_FGETS_UNLOCKED 1
| #define HAVE_DECL_FILENO_UNLOCKED 1
| #define HAVE_DECL_FPUTC_UNLOCKED 1
| #define HAVE_DECL_FPUTS_UNLOCKED 1
| #define HAVE_DECL_FREAD_UNLOCKED 1
| #define HAVE_DECL_FWRITE_UNLOCKED 1
| #define HAVE_DECL_GETC_UNLOCKED 1
| #define HAVE_DECL_GETCHAR_UNLOCKED 1
| #define HAVE_DECL_PUTC_UNLOCKED 1
| #define HAVE_DECL_PUTCHAR_UNLOCKED 1
| #define HAVE_DECL_WCSDUP 1
| #define HAVE_SHUTDOWN 1
| #define HAVE_STRUCT_SOCKADDR_STORAGE 1
| #define HAVE_SA_FAMILY_T 1
| #define HAVE_STRUCT_SOCKADDR_STORAGE_SS_FAMILY 1
| #define HAVE_ENVIRON_DECL 1
| #define FUNC_FFLUSH_STDIN 1
| #define HAVE_FREXP 1
| #define HAVE_FREXPL 1
| #define HAVE_DECL_FSEEKO 1
| #define FUNC_FFLUSH_STDIN 1
| #define HAVE_DECL_FTELLO 1
| #define HAVE_USELOCALE 1
| #define HAVE_WORKING_USELOCALE 1
| #define HAVE_GOOD_USELOCALE 1
| #define HAVE_IPV4 1
| #define HAVE_IPV6 1
| #define DBL_EXPBIT0_WORD 1
| #define DBL_EXPBIT0_BIT 20
| #define FLT_EXPBIT0_WORD 0
| #define FLT_EXPBIT0_BIT 23
| #define LDBL_EXPBIT0_WORD 2
| #define LDBL_EXPBIT0_BIT 0
| #define HAVE_LC_MESSAGES 1
| #define HAVE_DECL__PUTENV 0
| #define HAVE_SIGSET_T 1
| #define HAVE_DECL_INITSTATE 1
| #define HAVE_DECL_SETSTATE 1
| #define HAVE_DECL_SETENV 1
| #define HAVE_SEARCH_H 1
| #define HAVE_TSEARCH 1
| /* end confdefs.h.  */
| #include <stddef.h>
| #ifdef HAVE_STDIO_H
| # include <stdio.h>
| #endif
| #ifdef HAVE_STDLIB_H
| # include <stdlib.h>
| #endif
| #ifdef HAVE_STRING_H
| # include <string.h>
| #endif
| #ifdef HAVE_INTTYPES_H
| # include <inttypes.h>
| #endif
| #ifdef HAVE_STDINT_H
| # include <stdint.h>
| #endif
| #ifdef HAVE_STRINGS_H
| # include <strings.h>
| #endif
| #ifdef HAVE_SYS_TYPES_H
| # include <sys/types.h>
| #endif
| #ifdef HAVE_SYS_STAT_H
| # include <sys/stat.h>
| #endif
| #ifdef HAVE_UNISTD_H
| # include <unistd.h>
| #endif
| int
| main (void)
| {
| if (sizeof ((uid_t)))
| 	    return 0;
|   ;
|   return 0;
| }
configure:32267: result: yes
configure:32278: checking for gid_t
configure:32278: gcc -c -g -O2  conftest.c >&5
configure:32278: $? = 0
configure:32278: gcc -c -g -O2  conftest.c >&5
conftest.c: In function 'main':
conftest.c:244:20: error: expected expression before ')' token
  244 | if (sizeof ((gid_t)))
      |                    ^
configure:32278: $? = 1
configure: failed program was:
| /* confdefs.h */
| #define PACKAGE_NAME "GNU sed"
| #define PACKAGE_TARNAME "sed"
| #define PACKAGE_VERSION "4.10"
| #define PACKAGE_STRING "GNU sed 4.10"
| #define PACKAGE_BUGREPORT "bug-sed@gnu.org"
| #define PACKAGE_URL "https://www.gnu.org/software/sed/"
| #define PACKAGE "sed"
| #define VERSION "4.10"
| #define HAVE_STDIO_H 1
| #define HAVE_STDLIB_H 1
| #define HAVE_STRING_H 1
| #define HAVE_INTTYPES_H 1
| #define HAVE_STDINT_H 1
| #define HAVE_STRINGS_H 1
| #define HAVE_SYS_STAT_H 1
| #define HAVE_SYS_TYPES_H 1
| #define HAVE_UNISTD_H 1
| #define HAVE_WCHAR_H 1
| #define HAVE_STDBOOL_H 1
| #define HAVE_UCHAR_H 1
| #define HAVE_SYS_PARAM_H 1
| #define HAVE_SYS_SOCKET_H 1
| #define HAVE_DIRENT_H 1
| #define HAVE_LINUX_XATTR_H 1
| #define HAVE_STDIO_EXT_H 1
| #define HAVE_GETOPT_H 1
| #define HAVE_THREADS_H 1
| #define HAVE_LIMITS_H 1
| #define HAVE_WCTYPE_H 1
| #define HAVE_LANGINFO_H 1
| #define HAVE_SYS_MMAN_H 1
| #define HAVE_PTHREAD_H 1
| #define HAVE_MALLOC_H 1
| #define HAVE_SYS_TIME_H 1
| #define HAVE_STDCKDINT_H 1
| #define HAVE_SYS_RANDOM_H 1
| #define HAVE_FEATURES_H 1
| #define HAVE_ARPA_INET_H 1
| #define HAVE_NETDB_H 1
| #define HAVE_NETINET_IN_H 1
| #define HAVE_MATH_H 1
| #define HAVE_SYS_SELECT_H 1
| #define HAVE_SYS_WAIT_H 1
| #define HAVE_SEMAPHORE_H 1
| #define HAVE_SYS_IOCTL_H 1
| #define HAVE_SYS_UN_H 1
| #define HAVE_SYS_UIO_H 1
| #define HAVE_LOCALE_H 1
| #define HAVE_ERRNO_H 1
| #define STDC_HEADERS 1
| #define _ALL_SOURCE 1
| #define _COSMO_SOURCE 1
| #define _DARWIN_C_SOURCE 1
| #define _GNU_SOURCE 1
| #define _HPUX_ALT_XOPEN_SOCKET_API 1
| #define _NETBSD_SOURCE 1
| #define _OPENBSD_SOURCE 1
| #define _POSIX_PTHREAD_SEMANTICS 1
| #define __STDC_WANT_IEC_60559_ATTRIBS_EXT__ 1
| #define __STDC_WANT_IEC_60559_BFP_EXT__ 1
| #define __STDC_WANT_IEC_60559_DFP_EXT__ 1
| #define __STDC_WANT_IEC_60559_EXT__ 1
| #define __STDC_WANT_IEC_60559_FUNCS_EXT__ 1
| #define __STDC_WANT_IEC_60559_TYPES_EXT__ 1
| #define __STDC_WANT_LIB_EXT2__ 1
| #define __STDC_WANT_MATH_SPEC_FUNCS__ 1
| #define _TANDEM_SOURCE 1
| #define __EXTENSIONS__ 1
| #define _LINUX_SOURCE_COMPAT 1
| #define __USE_MINGW_ANSI_STDIO 1
| #define HAVE_FCHMOD 1
| #define HAVE_BTOWC 1
| #define HAVE_MBRTOWC 1
| #define HAVE_MBSINIT 1
| #define HAVE_REALPATH 1
| #define HAVE_LSTAT 1
| #define HAVE_FCNTL 1
| #define HAVE_SYMLINK 1
| #define HAVE_LISTXATTR 1
| #define HAVE_GETDTABLESIZE 1
| #define HAVE_ISWCNTRL 1
| #define HAVE_MPROTECT 1
| #define HAVE_READLINK 1
| #define HAVE_ISBLANK 1
| #define HAVE_ISWCTYPE 1
| #define HAVE_LINK 1
| #define HAVE_VASPRINTF 1
| #define HAVE___XPG_STRERROR_R 1
| #define HAVE_STRTOIMAX 1
| #define HAVE_WCRTOMB 1
| #define HAVE_WCTOB 1
| #define HAVE_FPURGE 1
| #define HAVE_GETTIMEOFDAY 1
| #define HAVE_PIPE 1
| #define HAVE_PSELECT 1
| #define HAVE_PTHREAD_SIGMASK 1
| #define HAVE_SIGPROCMASK 1
| #define HAVE_SETENV 1
| #define HAVE_SLEEP 1
| #define HAVE_SNPRINTF 1
| #define HAVE_SHUTDOWN 1
| #define HAVE_ISATTY 1
| #define HAVE_ISASCII 1
| #define HAVE_MEMCPY 1
| #define HAVE_STRCHR 1
| #define HAVE_STRTOUL 1
| #define HAVE_POPEN 1
| #define HAVE_PATHCONF 1
| #define HAVE_FCHOWN 1
| #define HAVE_SETLOCALE 1
| #define USE_ACL 0
| #define HAVE_ALLOCA_H 1
| #define HAVE_ALLOCA 1
| #define HAVE_WINT_T 1
| #define HAVE_LANGINFO_CODESET 1
| #define BITSIZEOF_WCHAR_T 32
| #define HAVE_MBSTATE_T 1
| #define HAVE_WORKING_MBRTOC32 1
| #define HAVE_WORKING_C32RTOMB 1
| #define HAVE_MALLOC_PTRDIFF 1
| #define HAVE_MALLOC_POSIX 1
| #define LSTAT_FOLLOWS_SLASHED_SYMLINK 1
| #define FUNC_REALPATH_NEARLY_WORKS 1
| #define HAVE_FACCESSAT 1
| #define HAVE_GETCWD 1
| #define HAVE_DECL_STRERROR_R 1
| #define HAVE_STRERROR_R 1
| #define HAVE_WORKING_O_DIRECTORY 1
| #define HAVE_WORKING_O_NOATIME 1
| #define HAVE_WORKING_O_NOFOLLOW 1
| #define USE_SELINUX_SELINUX_H 0
| #define restrict __restrict__
| #define HAVE_DECL_GETDELIM 1
| #define HAVE_DECL_GETDTABLESIZE 1
| #define HAVE_GETOPT_H 1
| #define HAVE_GETOPT_LONG_ONLY 1
| #define MUSL_LIBC 1
| #define HAVE_PTHREAD_API 1
| #define SETLOCALE_NULL_ALL_MTSAFE 0
| #define SETLOCALE_NULL_ONE_MTSAFE 1
| #define HAVE_WEAK_SYMBOLS 1
| #define HAVE_LONG_LONG_INT 1
| #define HAVE_UNSIGNED_LONG_LONG_INT 1
| #define HAVE_TOWLOWER 1
| #define AVOID_ANY_THREADS 1
| #define HAVE_MALLOC_0_NONNULL 1
| #define HAVE_DECL_MEMEQ 0
| #define HAVE_DECL_MEMRCHR 1
| #define HAVE_MINMAX_IN_SYS_PARAM_H 1
| #define PROMOTED_MODE_T mode_t
| #define HAVE_PTHREAD_T 1
| #define HAVE_PTHREAD_SPINLOCK_T 1
| #define HAVE_DECL_ALARM 1
| #define HAVE_SCHED_H 1
| #define HAVE_DECL_FCLOSEALL 0
| #define HAVE_DECL_GETW 1
| #define HAVE_DECL_PUTW 1
| #define HAVE_DECL_ECVT 1
| #define HAVE_DECL_FCVT 1
| #define HAVE_DECL_GCVT 1
| #define HAVE_DECL_STREQ 0
| #define HAVE_STRERROR_R 1
| #define HAVE_DECL_STRTOIMAX 1
| #define _USE_STD_STAT 1
| #define HAVE_DECL_EXECVPE 1
| #define HAVE_DECL_CLEARERR_UNLOCKED 1
| #define HAVE_DECL_FEOF_UNLOCKED 1
| #define HAVE_DECL_FERROR_UNLOCKED 1
| #define HAVE_DECL_FFLUSH_UNLOCKED 1
| #define HAVE_DECL_FGETS_UNLOCKED 1
| #define HAVE_DECL_FILENO_UNLOCKED 1
| #define HAVE_DECL_FPUTC_UNLOCKED 1
| #define HAVE_DECL_FPUTS_UNLOCKED 1
| #define HAVE_DECL_FREAD_UNLOCKED 1
| #define HAVE_DECL_FWRITE_UNLOCKED 1
| #define HAVE_DECL_GETC_UNLOCKED 1
| #define HAVE_DECL_GETCHAR_UNLOCKED 1
| #define HAVE_DECL_PUTC_UNLOCKED 1
| #define HAVE_DECL_PUTCHAR_UNLOCKED 1
| #define HAVE_DECL_WCSDUP 1
| #define HAVE_SHUTDOWN 1
| #define HAVE_STRUCT_SOCKADDR_STORAGE 1
| #define HAVE_SA_FAMILY_T 1
| #define HAVE_STRUCT_SOCKADDR_STORAGE_SS_FAMILY 1
| #define HAVE_ENVIRON_DECL 1
| #define FUNC_FFLUSH_STDIN 1
| #define HAVE_FREXP 1
| #define HAVE_FREXPL 1
| #define HAVE_DECL_FSEEKO 1
| #define FUNC_FFLUSH_STDIN 1
| #define HAVE_DECL_FTELLO 1
| #define HAVE_USELOCALE 1
| #define HAVE_WORKING_USELOCALE 1
| #define HAVE_GOOD_USELOCALE 1
| #define HAVE_IPV4 1
| #define HAVE_IPV6 1
| #define DBL_EXPBIT0_WORD 1
| #define DBL_EXPBIT0_BIT 20
| #define FLT_EXPBIT0_WORD 0
| #define FLT_EXPBIT0_BIT 23
| #define LDBL_EXPBIT0_WORD 2
| #define LDBL_EXPBIT0_BIT 0
| #define HAVE_LC_MESSAGES 1
| #define HAVE_DECL__PUTENV 0
| #define HAVE_SIGSET_T 1
| #define HAVE_DECL_INITSTATE 1
| #define HAVE_DECL_SETSTATE 1
| #define HAVE_DECL_SETENV 1
| #define HAVE_SEARCH_H 1
| #define HAVE_TSEARCH 1
| /* end confdefs.h.  */
| #include <stddef.h>
| #ifdef HAVE_STDIO_H
| # include <stdio.h>
| #endif
| #ifdef HAVE_STDLIB_H
| # include <stdlib.h>
| #endif
| #ifdef HAVE_STRING_H
| # include <string.h>
| #endif
| #ifdef HAVE_INTTYPES_H
| # include <inttypes.h>
| #endif
| #ifdef HAVE_STDINT_H
| # include <stdint.h>
| #endif
| #ifdef HAVE_STRINGS_H
| # include <strings.h>
| #endif
| #ifdef HAVE_SYS_TYPES_H
| # include <sys/types.h>
| #endif
| #ifdef HAVE_SYS_STAT_H
| # include <sys/stat.h>
| #endif
| #ifdef HAVE_UNISTD_H
| # include <unistd.h>
| #endif
| int
| main (void)
| {
| if (sizeof ((gid_t)))
| 	    return 0;
|   ;
|   return 0;
| }
configure:32278: result: yes
configure:32368: checking for volatile sig_atomic_t
configure:32368: gcc -c -g -O2  conftest.c >&5
configure:32368: $? = 0
configure:32368: gcc -c -g -O2  conftest.c >&5
conftest.c: In function 'main':
conftest.c:220:36: error: expected expression before ')' token
  220 | if (sizeof ((volatile sig_atomic_t)))
      |                                    ^
configure:32368: $? = 1
configure: failed program was:
| /* confdefs.h */
| #define PACKAGE_NAME "GNU sed"
| #define PACKAGE_TARNAME "sed"
| #define PACKAGE_VERSION "4.10"
| #define PACKAGE_STRING "GNU sed 4.10"
| #define PACKAGE_BUGREPORT "bug-sed@gnu.org"
| #define PACKAGE_URL "https://www.gnu.org/software/sed/"
| #define PACKAGE "sed"
| #define VERSION "4.10"
| #define HAVE_STDIO_H 1
| #define HAVE_STDLIB_H 1
| #define HAVE_STRING_H 1
| #define HAVE_INTTYPES_H 1
| #define HAVE_STDINT_H 1
| #define HAVE_STRINGS_H 1
| #define HAVE_SYS_STAT_H 1
| #define HAVE_SYS_TYPES_H 1
| #define HAVE_UNISTD_H 1
| #define HAVE_WCHAR_H 1
| #define HAVE_STDBOOL_H 1
| #define HAVE_UCHAR_H 1
| #define HAVE_SYS_PARAM_H 1
| #define HAVE_SYS_SOCKET_H 1
| #define HAVE_DIRENT_H 1
| #define HAVE_LINUX_XATTR_H 1
| #define HAVE_STDIO_EXT_H 1
| #define HAVE_GETOPT_H 1
| #define HAVE_THREADS_H 1
| #define HAVE_LIMITS_H 1
| #define HAVE_WCTYPE_H 1
| #define HAVE_LANGINFO_H 1
| #define HAVE_SYS_MMAN_H 1
| #define HAVE_PTHREAD_H 1
| #define HAVE_MALLOC_H 1
| #define HAVE_SYS_TIME_H 1
| #define HAVE_STDCKDINT_H 1
| #define HAVE_SYS_RANDOM_H 1
| #define HAVE_FEATURES_H 1
| #define HAVE_ARPA_INET_H 1
| #define HAVE_NETDB_H 1
| #define HAVE_NETINET_IN_H 1
| #define HAVE_MATH_H 1
| #define HAVE_SYS_SELECT_H 1
| #define HAVE_SYS_WAIT_H 1
| #define HAVE_SEMAPHORE_H 1
| #define HAVE_SYS_IOCTL_H 1
| #define HAVE_SYS_UN_H 1
| #define HAVE_SYS_UIO_H 1
| #define HAVE_LOCALE_H 1
| #define HAVE_ERRNO_H 1
| #define STDC_HEADERS 1
| #define _ALL_SOURCE 1
| #define _COSMO_SOURCE 1
| #define _DARWIN_C_SOURCE 1
| #define _GNU_SOURCE 1
| #define _HPUX_ALT_XOPEN_SOCKET_API 1
| #define _NETBSD_SOURCE 1
| #define _OPENBSD_SOURCE 1
| #define _POSIX_PTHREAD_SEMANTICS 1
| #define __STDC_WANT_IEC_60559_ATTRIBS_EXT__ 1
| #define __STDC_WANT_IEC_60559_BFP_EXT__ 1
| #define __STDC_WANT_IEC_60559_DFP_EXT__ 1
| #define __STDC_WANT_IEC_60559_EXT__ 1
| #define __STDC_WANT_IEC_60559_FUNCS_EXT__ 1
| #define __STDC_WANT_IEC_60559_TYPES_EXT__ 1
| #define __STDC_WANT_LIB_EXT2__ 1
| #define __STDC_WANT_MATH_SPEC_FUNCS__ 1
| #define _TANDEM_SOURCE 1
| #define __EXTENSIONS__ 1
| #define _LINUX_SOURCE_COMPAT 1
| #define __USE_MINGW_ANSI_STDIO 1
| #define HAVE_FCHMOD 1
| #define HAVE_BTOWC 1
| #define HAVE_MBRTOWC 1
| #define HAVE_MBSINIT 1
| #define HAVE_REALPATH 1
| #define HAVE_LSTAT 1
| #define HAVE_FCNTL 1
| #define HAVE_SYMLINK 1
| #define HAVE_LISTXATTR 1
| #define HAVE_GETDTABLESIZE 1
| #define HAVE_ISWCNTRL 1
| #define HAVE_MPROTECT 1
| #define HAVE_READLINK 1
| #define HAVE_ISBLANK 1
| #define HAVE_ISWCTYPE 1
| #define HAVE_LINK 1
| #define HAVE_VASPRINTF 1
| #define HAVE___XPG_STRERROR_R 1
| #define HAVE_STRTOIMAX 1
| #define HAVE_WCRTOMB 1
| #define HAVE_WCTOB 1
| #define HAVE_FPURGE 1
| #define HAVE_GETTIMEOFDAY 1
| #define HAVE_PIPE 1
| #define HAVE_PSELECT 1
| #define HAVE_PTHREAD_SIGMASK 1
| #define HAVE_SIGPROCMASK 1
| #define HAVE_SETENV 1
| #define HAVE_SLEEP 1
| #define HAVE_SNPRINTF 1
| #define HAVE_SHUTDOWN 1
| #define HAVE_ISATTY 1
| #define HAVE_ISASCII 1
| #define HAVE_MEMCPY 1
| #define HAVE_STRCHR 1
| #define HAVE_STRTOUL 1
| #define HAVE_POPEN 1
| #define HAVE_PATHCONF 1
| #define HAVE_FCHOWN 1
| #define HAVE_SETLOCALE 1
| #define USE_ACL 0
| #define HAVE_ALLOCA_H 1
| #define HAVE_ALLOCA 1
| #define HAVE_WINT_T 1
| #define HAVE_LANGINFO_CODESET 1
| #define BITSIZEOF_WCHAR_T 32
| #define HAVE_MBSTATE_T 1
| #define HAVE_WORKING_MBRTOC32 1
| #define HAVE_WORKING_C32RTOMB 1
| #define HAVE_MALLOC_PTRDIFF 1
| #define HAVE_MALLOC_POSIX 1
| #define LSTAT_FOLLOWS_SLASHED_SYMLINK 1
| #define FUNC_REALPATH_NEARLY_WORKS 1
| #define HAVE_FACCESSAT 1
| #define HAVE_GETCWD 1
| #define HAVE_DECL_STRERROR_R 1
| #define HAVE_STRERROR_R 1
| #define HAVE_WORKING_O_DIRECTORY 1
| #define HAVE_WORKING_O_NOATIME 1
| #define HAVE_WORKING_O_NOFOLLOW 1
| #define USE_SELINUX_SELINUX_H 0
| #define restrict __restrict__
| #define HAVE_DECL_GETDELIM 1
| #define HAVE_DECL_GETDTABLESIZE 1
| #define HAVE_GETOPT_H 1
| #define HAVE_GETOPT_LONG_ONLY 1
| #define MUSL_LIBC 1
| #define HAVE_PTHREAD_API 1
| #define SETLOCALE_NULL_ALL_MTSAFE 0
| #define SETLOCALE_NULL_ONE_MTSAFE 1
| #define HAVE_WEAK_SYMBOLS 1
| #define HAVE_LONG_LONG_INT 1
| #define HAVE_UNSIGNED_LONG_LONG_INT 1
| #define HAVE_TOWLOWER 1
| #define AVOID_ANY_THREADS 1
| #define HAVE_MALLOC_0_NONNULL 1
| #define HAVE_DECL_MEMEQ 0
| #define HAVE_DECL_MEMRCHR 1
| #define HAVE_MINMAX_IN_SYS_PARAM_H 1
| #define PROMOTED_MODE_T mode_t
| #define HAVE_PTHREAD_T 1
| #define HAVE_PTHREAD_SPINLOCK_T 1
| #define HAVE_DECL_ALARM 1
| #define HAVE_SCHED_H 1
| #define HAVE_DECL_FCLOSEALL 0
| #define HAVE_DECL_GETW 1
| #define HAVE_DECL_PUTW 1
| #define HAVE_DECL_ECVT 1
| #define HAVE_DECL_FCVT 1
| #define HAVE_DECL_GCVT 1
| #define HAVE_DECL_STREQ 0
| #define HAVE_STRERROR_R 1
| #define HAVE_DECL_STRTOIMAX 1
| #define _USE_STD_STAT 1
| #define HAVE_DECL_EXECVPE 1
| #define HAVE_DECL_CLEARERR_UNLOCKED 1
| #define HAVE_DECL_FEOF_UNLOCKED 1
| #define HAVE_DECL_FERROR_UNLOCKED 1
| #define HAVE_DECL_FFLUSH_UNLOCKED 1
| #define HAVE_DECL_FGETS_UNLOCKED 1
| #define HAVE_DECL_FILENO_UNLOCKED 1
| #define HAVE_DECL_FPUTC_UNLOCKED 1
| #define HAVE_DECL_FPUTS_UNLOCKED 1
| #define HAVE_DECL_FREAD_UNLOCKED 1
| #define HAVE_DECL_FWRITE_UNLOCKED 1
| #define HAVE_DECL_GETC_UNLOCKED 1
| #define HAVE_DECL_GETCHAR_UNLOCKED 1
| #define HAVE_DECL_PUTC_UNLOCKED 1
| #define HAVE_DECL_PUTCHAR_UNLOCKED 1
| #define HAVE_DECL_WCSDUP 1
| #define HAVE_SHUTDOWN 1
| #define HAVE_STRUCT_SOCKADDR_STORAGE 1
| #define HAVE_SA_FAMILY_T 1
| #define HAVE_STRUCT_SOCKADDR_STORAGE_SS_FAMILY 1
| #define HAVE_ENVIRON_DECL 1
| #define FUNC_FFLUSH_STDIN 1
| #define HAVE_FREXP 1
| #define HAVE_FREXPL 1
| #define HAVE_DECL_FSEEKO 1
| #define FUNC_FFLUSH_STDIN 1
| #define HAVE_DECL_FTELLO 1
| #define HAVE_USELOCALE 1
| #define HAVE_WORKING_USELOCALE 1
| #define HAVE_GOOD_USELOCALE 1
| #define HAVE_IPV4 1
| #define HAVE_IPV6 1
| #define DBL_EXPBIT0_WORD 1
| #define DBL_EXPBIT0_BIT 20
| #define FLT_EXPBIT0_WORD 0
| #define FLT_EXPBIT0_BIT 23
| #define LDBL_EXPBIT0_WORD 2
| #define LDBL_EXPBIT0_BIT 0
| #define HAVE_LC_MESSAGES 1
| #define HAVE_DECL__PUTENV 0
| #define HAVE_SIGSET_T 1
| #define HAVE_DECL_INITSTATE 1
| #define HAVE_DECL_SETSTATE 1
| #define HAVE_DECL_SETENV 1
| #define HAVE_SEARCH_H 1
| #define HAVE_TSEARCH 1
| /* end confdefs.h.  */
| 
| #include <signal.h>
| 
| 
| int
| main (void)
| {
| if (sizeof ((volatile sig_atomic_t)))
| 	    return 0;
|   ;
|   return 0;
| }
configure:32368: result: yes
configure:32386: checking for sighandler_t
configure:32386: gcc -c -g -O2  conftest.c >&5
configure:32386: $? = 0
configure:32386: gcc -c -g -O2  conftest.c >&5
conftest.c: In function 'main':
conftest.c:220:27: error: expected expression before ')' token
  220 | if (sizeof ((sighandler_t)))
      |                           ^
configure:32386: $? = 1
configure: failed program was:
| /* confdefs.h */
| #define PACKAGE_NAME "GNU sed"
| #define PACKAGE_TARNAME "sed"
| #define PACKAGE_VERSION "4.10"
| #define PACKAGE_STRING "GNU sed 4.10"
| #define PACKAGE_BUGREPORT "bug-sed@gnu.org"
| #define PACKAGE_URL "https://www.gnu.org/software/sed/"
| #define PACKAGE "sed"
| #define VERSION "4.10"
| #define HAVE_STDIO_H 1
| #define HAVE_STDLIB_H 1
| #define HAVE_STRING_H 1
| #define HAVE_INTTYPES_H 1
| #define HAVE_STDINT_H 1
| #define HAVE_STRINGS_H 1
| #define HAVE_SYS_STAT_H 1
| #define HAVE_SYS_TYPES_H 1
| #define HAVE_UNISTD_H 1
| #define HAVE_WCHAR_H 1
| #define HAVE_STDBOOL_H 1
| #define HAVE_UCHAR_H 1
| #define HAVE_SYS_PARAM_H 1
| #define HAVE_SYS_SOCKET_H 1
| #define HAVE_DIRENT_H 1
| #define HAVE_LINUX_XATTR_H 1
| #define HAVE_STDIO_EXT_H 1
| #define HAVE_GETOPT_H 1
| #define HAVE_THREADS_H 1
| #define HAVE_LIMITS_H 1
| #define HAVE_WCTYPE_H 1
| #define HAVE_LANGINFO_H 1
| #define HAVE_SYS_MMAN_H 1
| #define HAVE_PTHREAD_H 1
| #define HAVE_MALLOC_H 1
| #define HAVE_SYS_TIME_H 1
| #define HAVE_STDCKDINT_H 1
| #define HAVE_SYS_RANDOM_H 1
| #define HAVE_FEATURES_H 1
| #define HAVE_ARPA_INET_H 1
| #define HAVE_NETDB_H 1
| #define HAVE_NETINET_IN_H 1
| #define HAVE_MATH_H 1
| #define HAVE_SYS_SELECT_H 1
| #define HAVE_SYS_WAIT_H 1
| #define HAVE_SEMAPHORE_H 1
| #define HAVE_SYS_IOCTL_H 1
| #define HAVE_SYS_UN_H 1
| #define HAVE_SYS_UIO_H 1
| #define HAVE_LOCALE_H 1
| #define HAVE_ERRNO_H 1
| #define STDC_HEADERS 1
| #define _ALL_SOURCE 1
| #define _COSMO_SOURCE 1
| #define _DARWIN_C_SOURCE 1
| #define _GNU_SOURCE 1
| #define _HPUX_ALT_XOPEN_SOCKET_API 1
| #define _NETBSD_SOURCE 1
| #define _OPENBSD_SOURCE 1
| #define _POSIX_PTHREAD_SEMANTICS 1
| #define __STDC_WANT_IEC_60559_ATTRIBS_EXT__ 1
| #define __STDC_WANT_IEC_60559_BFP_EXT__ 1
| #define __STDC_WANT_IEC_60559_DFP_EXT__ 1
| #define __STDC_WANT_IEC_60559_EXT__ 1
| #define __STDC_WANT_IEC_60559_FUNCS_EXT__ 1
| #define __STDC_WANT_IEC_60559_TYPES_EXT__ 1
| #define __STDC_WANT_LIB_EXT2__ 1
| #define __STDC_WANT_MATH_SPEC_FUNCS__ 1
| #define _TANDEM_SOURCE 1
| #define __EXTENSIONS__ 1
| #define _LINUX_SOURCE_COMPAT 1
| #define __USE_MINGW_ANSI_STDIO 1
| #define HAVE_FCHMOD 1
| #define HAVE_BTOWC 1
| #define HAVE_MBRTOWC 1
| #define HAVE_MBSINIT 1
| #define HAVE_REALPATH 1
| #define HAVE_LSTAT 1
| #define HAVE_FCNTL 1
| #define HAVE_SYMLINK 1
| #define HAVE_LISTXATTR 1
| #define HAVE_GETDTABLESIZE 1
| #define HAVE_ISWCNTRL 1
| #define HAVE_MPROTECT 1
| #define HAVE_READLINK 1
| #define HAVE_ISBLANK 1
| #define HAVE_ISWCTYPE 1
| #define HAVE_LINK 1
| #define HAVE_VASPRINTF 1
| #define HAVE___XPG_STRERROR_R 1
| #define HAVE_STRTOIMAX 1
| #define HAVE_WCRTOMB 1
| #define HAVE_WCTOB 1
| #define HAVE_FPURGE 1
| #define HAVE_GETTIMEOFDAY 1
| #define HAVE_PIPE 1
| #define HAVE_PSELECT 1
| #define HAVE_PTHREAD_SIGMASK 1
| #define HAVE_SIGPROCMASK 1
| #define HAVE_SETENV 1
| #define HAVE_SLEEP 1
| #define HAVE_SNPRINTF 1
| #define HAVE_SHUTDOWN 1
| #define HAVE_ISATTY 1
| #define HAVE_ISASCII 1
| #define HAVE_MEMCPY 1
| #define HAVE_STRCHR 1
| #define HAVE_STRTOUL 1
| #define HAVE_POPEN 1
| #define HAVE_PATHCONF 1
| #define HAVE_FCHOWN 1
| #define HAVE_SETLOCALE 1
| #define USE_ACL 0
| #define HAVE_ALLOCA_H 1
| #define HAVE_ALLOCA 1
| #define HAVE_WINT_T 1
| #define HAVE_LANGINFO_CODESET 1
| #define BITSIZEOF_WCHAR_T 32
| #define HAVE_MBSTATE_T 1
| #define HAVE_WORKING_MBRTOC32 1
| #define HAVE_WORKING_C32RTOMB 1
| #define HAVE_MALLOC_PTRDIFF 1
| #define HAVE_MALLOC_POSIX 1
| #define LSTAT_FOLLOWS_SLASHED_SYMLINK 1
| #define FUNC_REALPATH_NEARLY_WORKS 1
| #define HAVE_FACCESSAT 1
| #define HAVE_GETCWD 1
| #define HAVE_DECL_STRERROR_R 1
| #define HAVE_STRERROR_R 1
| #define HAVE_WORKING_O_DIRECTORY 1
| #define HAVE_WORKING_O_NOATIME 1
| #define HAVE_WORKING_O_NOFOLLOW 1
| #define USE_SELINUX_SELINUX_H 0
| #define restrict __restrict__
| #define HAVE_DECL_GETDELIM 1
| #define HAVE_DECL_GETDTABLESIZE 1
| #define HAVE_GETOPT_H 1
| #define HAVE_GETOPT_LONG_ONLY 1
| #define MUSL_LIBC 1
| #define HAVE_PTHREAD_API 1
| #define SETLOCALE_NULL_ALL_MTSAFE 0
| #define SETLOCALE_NULL_ONE_MTSAFE 1
| #define HAVE_WEAK_SYMBOLS 1
| #define HAVE_LONG_LONG_INT 1
| #define HAVE_UNSIGNED_LONG_LONG_INT 1
| #define HAVE_TOWLOWER 1
| #define AVOID_ANY_THREADS 1
| #define HAVE_MALLOC_0_NONNULL 1
| #define HAVE_DECL_MEMEQ 0
| #define HAVE_DECL_MEMRCHR 1
| #define HAVE_MINMAX_IN_SYS_PARAM_H 1
| #define PROMOTED_MODE_T mode_t
| #define HAVE_PTHREAD_T 1
| #define HAVE_PTHREAD_SPINLOCK_T 1
| #define HAVE_DECL_ALARM 1
| #define HAVE_SCHED_H 1
| #define HAVE_DECL_FCLOSEALL 0
| #define HAVE_DECL_GETW 1
| #define HAVE_DECL_PUTW 1
| #define HAVE_DECL_ECVT 1
| #define HAVE_DECL_FCVT 1
| #define HAVE_DECL_GCVT 1
| #define HAVE_DECL_STREQ 0
| #define HAVE_STRERROR_R 1
| #define HAVE_DECL_STRTOIMAX 1
| #define _USE_STD_STAT 1
| #define HAVE_DECL_EXECVPE 1
| #define HAVE_DECL_CLEARERR_UNLOCKED 1
| #define HAVE_DECL_FEOF_UNLOCKED 1
| #define HAVE_DECL_FERROR_UNLOCKED 1
| #define HAVE_DECL_FFLUSH_UNLOCKED 1
| #define HAVE_DECL_FGETS_UNLOCKED 1
| #define HAVE_DECL_FILENO_UNLOCKED 1
| #define HAVE_DECL_FPUTC_UNLOCKED 1
| #define HAVE_DECL_FPUTS_UNLOCKED 1
| #define HAVE_DECL_FREAD_UNLOCKED 1
| #define HAVE_DECL_FWRITE_UNLOCKED 1
| #define HAVE_DECL_GETC_UNLOCKED 1
| #define HAVE_DECL_GETCHAR_UNLOCKED 1
| #define HAVE_DECL_PUTC_UNLOCKED 1
| #define HAVE_DECL_PUTCHAR_UNLOCKED 1
| #define HAVE_DECL_WCSDUP 1
| #define HAVE_SHUTDOWN 1
| #define HAVE_STRUCT_SOCKADDR_STORAGE 1
| #define HAVE_SA_FAMILY_T 1
| #define HAVE_STRUCT_SOCKADDR_STORAGE_SS_FAMILY 1
| #define HAVE_ENVIRON_DECL 1
| #define FUNC_FFLUSH_STDIN 1
| #define HAVE_FREXP 1
| #define HAVE_FREXPL 1
| #define HAVE_DECL_FSEEKO 1
| #define FUNC_FFLUSH_STDIN 1
| #define HAVE_DECL_FTELLO 1
| #define HAVE_USELOCALE 1
| #define HAVE_WORKING_USELOCALE 1
| #define HAVE_GOOD_USELOCALE 1
| #define HAVE_IPV4 1
| #define HAVE_IPV6 1
| #define DBL_EXPBIT0_WORD 1
| #define DBL_EXPBIT0_BIT 20
| #define FLT_EXPBIT0_WORD 0
| #define FLT_EXPBIT0_BIT 23
| #define LDBL_EXPBIT0_WORD 2
| #define LDBL_EXPBIT0_BIT 0
| #define HAVE_LC_MESSAGES 1
| #define HAVE_DECL__PUTENV 0
| #define HAVE_SIGSET_T 1
| #define HAVE_DECL_INITSTATE 1
| #define HAVE_DECL_SETSTATE 1
| #define HAVE_DECL_SETENV 1
| #define HAVE_SEARCH_H 1
| #define HAVE_TSEARCH 1
| /* end confdefs.h.  */
| 
| #include <signal.h>
| 
| 
| int
| main (void)
| {
| if (sizeof ((sighandler_t)))
| 	    return 0;
|   ;
|   return 0;
| }
configure:32386: result: yes
configure:32583: checking whether strdup is declared
configure:32583: gcc -c -g -O2   conftest.c >&5
configure:32583: $? = 0
configure:32583: result: yes
configure:32601: checking whether <sys/ioctl.h> declares ioctl
configure:32618: gcc -c -g -O2  conftest.c >&5
configure:32618: $? = 0
configure:32629: result: yes
configure:32816: checking whether unsetenv is declared
configure:32816: gcc -c -g -O2   conftest.c >&5
configure:32816: $? = 0
configure:32816: result: yes
configure:32878: gcc -g -O2  -E conftest.c > conftest.out
configure:32881: $? = 0
configure:32936: checking for alignas and alignof
configure:32994: gcc -c -g -O2  conftest.c >&5
configure:32994: $? = 0
configure:33008: result: yes, keywords
configure:33030: checking for alloca as a compiler built-in
configure:33058: result: yes
configure:33113: checking whether to enable assertions
configure:33134: result: yes
configure:33138: checking for static_assert
configure:33176: gcc -c -g -O2  conftest.c >&5
configure:33176: $? = 0
configure:33190: result: yes, a keyword
configure:33314: checking for bool, true, false
configure:33329: gcc -c -g -O2  conftest.c >&5
configure:33329: $? = 0
configure:33339: result: yes
configure:33365: checking whether btowc(0) is correct
configure:33396: gcc -o conftest -g -O2   conftest.c  >&5
configure:33396: $? = 0
configure:33396: ./conftest
configure:33396: $? = 0
configure:33411: result: yes
configure:33415: checking whether btowc is consistent with mbrtowc in the C locale
configure:33471: gcc -o conftest -g -O2   conftest.c  >&5
configure:33471: $? = 0
configure:33471: ./conftest
configure:33471: $? = 0
configure:33486: result: yes
configure:33502: checking whether the C locale is free of encoding errors
configure:33546: gcc -o conftest -g -O2   conftest.c  >&5
configure:33546: $? = 0
configure:33546: ./conftest
configure:33546: $? = 0
configure:33561: result: yes
configure:33618: checking for __builtin_expect
configure:33634: gcc -o conftest -g -O2   conftest.c  >&5
configure:33634: $? = 0
configure:33664: result: yes
configure:33734: checking whether c32rtomb return value is correct
configure:33767: gcc -o conftest -g -O2   conftest.c  >&5
configure:33767: $? = 0
configure:33767: ./conftest
configure:33767: $? = 0
configure:33782: result: yes
configure:33904: checking whether calloc (0, n) and calloc (n, 0) return nonnull
configure:33940: gcc -o conftest -g -O2   conftest.c  >&5
configure:33940: $? = 0
configure:33940: ./conftest
configure:33940: $? = 0
configure:33954: result: yes
configure:34159: checking for library containing clock_gettime
configure:34195: gcc -o conftest -g -O2   conftest.c  >&5
configure:34195: $? = 0
configure:34217: result: none required
configure:34227: checking for clock_getres
configure:34227: gcc -o conftest -g -O2   conftest.c  >&5
configure:34227: $? = 0
configure:34227: result: yes
configure:34233: checking for clock_gettime
configure:34233: gcc -o conftest -g -O2   conftest.c  >&5
configure:34233: $? = 0
configure:34233: result: yes
configure:34239: checking for clock_settime
configure:34239: gcc -o conftest -g -O2   conftest.c  >&5
configure:34239: $? = 0
configure:34239: result: yes
configure:34315: checking whether // is distinct from /
configure:34346: result: no
configure:34357: checking whether dup2 works
configure:34450: gcc -o conftest -g -O2   conftest.c  >&5
configure:34450: $? = 0
configure:34450: ./conftest
configure:34450: $? = 0
configure:34465: result: yes
configure:34608: checking whether fcntl handles F_DUPFD correctly
configure:34672: gcc -o conftest -g -O2   conftest.c  >&5
configure:34672: $? = 0
configure:34672: ./conftest
configure:34672: $? = 0
configure:34686: result: yes
configure:34704: checking whether fcntl understands F_DUPFD_CLOEXEC
configure:34739: gcc -o conftest -g -O2   conftest.c  >&5
configure:34739: $? = 0
configure:34739: ./conftest
configure:34739: $? = 0
configure:34758: gcc -c -g -O2  conftest.c >&5
conftest.c:244:1: error: unknown type name 'choke'
  244 | choke me
      | ^~~~~
conftest.c:244:9: error: expected ';' before 'int'
  244 | choke me
      |         ^
      |         ;
......
  247 | int
      | ~~~      
configure:34758: $? = 1
configure: failed program was:
| /* confdefs.h */
| #define PACKAGE_NAME "GNU sed"
| #define PACKAGE_TARNAME "sed"
| #define PACKAGE_VERSION "4.10"
| #define PACKAGE_STRING "GNU sed 4.10"
| #define PACKAGE_BUGREPORT "bug-sed@gnu.org"
| #define PACKAGE_URL "https://www.gnu.org/software/sed/"
| #define PACKAGE "sed"
| #define VERSION "4.10"
| #define HAVE_STDIO_H 1
| #define HAVE_STDLIB_H 1
| #define HAVE_STRING_H 1
| #define HAVE_INTTYPES_H 1
| #define HAVE_STDINT_H 1
| #define HAVE_STRINGS_H 1
| #define HAVE_SYS_STAT_H 1
| #define HAVE_SYS_TYPES_H 1
| #define HAVE_UNISTD_H 1
| #define HAVE_WCHAR_H 1
| #define HAVE_STDBOOL_H 1
| #define HAVE_UCHAR_H 1
| #define HAVE_SYS_PARAM_H 1
| #define HAVE_SYS_SOCKET_H 1
| #define HAVE_DIRENT_H 1
| #define HAVE_LINUX_XATTR_H 1
| #define HAVE_STDIO_EXT_H 1
| #define HAVE_GETOPT_H 1
| #define HAVE_THREADS_H 1
| #define HAVE_LIMITS_H 1
| #define HAVE_WCTYPE_H 1
| #define HAVE_LANGINFO_H 1
| #define HAVE_SYS_MMAN_H 1
| #define HAVE_PTHREAD_H 1
| #define HAVE_MALLOC_H 1
| #define HAVE_SYS_TIME_H 1
| #define HAVE_STDCKDINT_H 1
| #define HAVE_SYS_RANDOM_H 1
| #define HAVE_FEATURES_H 1
| #define HAVE_ARPA_INET_H 1
| #define HAVE_NETDB_H 1
| #define HAVE_NETINET_IN_H 1
| #define HAVE_MATH_H 1
| #define HAVE_SYS_SELECT_H 1
| #define HAVE_SYS_WAIT_H 1
| #define HAVE_SEMAPHORE_H 1
| #define HAVE_SYS_IOCTL_H 1
| #define HAVE_SYS_UN_H 1
| #define HAVE_SYS_UIO_H 1
| #define HAVE_LOCALE_H 1
| #define HAVE_ERRNO_H 1
| #define STDC_HEADERS 1
| #define _ALL_SOURCE 1
| #define _COSMO_SOURCE 1
| #define _DARWIN_C_SOURCE 1
| #define _GNU_SOURCE 1
| #define _HPUX_ALT_XOPEN_SOCKET_API 1
| #define _NETBSD_SOURCE 1
| #define _OPENBSD_SOURCE 1
| #define _POSIX_PTHREAD_SEMANTICS 1
| #define __STDC_WANT_IEC_60559_ATTRIBS_EXT__ 1
| #define __STDC_WANT_IEC_60559_BFP_EXT__ 1
| #define __STDC_WANT_IEC_60559_DFP_EXT__ 1
| #define __STDC_WANT_IEC_60559_EXT__ 1
| #define __STDC_WANT_IEC_60559_FUNCS_EXT__ 1
| #define __STDC_WANT_IEC_60559_TYPES_EXT__ 1
| #define __STDC_WANT_LIB_EXT2__ 1
| #define __STDC_WANT_MATH_SPEC_FUNCS__ 1
| #define _TANDEM_SOURCE 1
| #define __EXTENSIONS__ 1
| #define _LINUX_SOURCE_COMPAT 1
| #define __USE_MINGW_ANSI_STDIO 1
| #define HAVE_FCHMOD 1
| #define HAVE_BTOWC 1
| #define HAVE_MBRTOWC 1
| #define HAVE_MBSINIT 1
| #define HAVE_REALPATH 1
| #define HAVE_LSTAT 1
| #define HAVE_FCNTL 1
| #define HAVE_SYMLINK 1
| #define HAVE_LISTXATTR 1
| #define HAVE_GETDTABLESIZE 1
| #define HAVE_ISWCNTRL 1
| #define HAVE_MPROTECT 1
| #define HAVE_READLINK 1
| #define HAVE_ISBLANK 1
| #define HAVE_ISWCTYPE 1
| #define HAVE_LINK 1
| #define HAVE_VASPRINTF 1
| #define HAVE___XPG_STRERROR_R 1
| #define HAVE_STRTOIMAX 1
| #define HAVE_WCRTOMB 1
| #define HAVE_WCTOB 1
| #define HAVE_FPURGE 1
| #define HAVE_GETTIMEOFDAY 1
| #define HAVE_PIPE 1
| #define HAVE_PSELECT 1
| #define HAVE_PTHREAD_SIGMASK 1
| #define HAVE_SIGPROCMASK 1
| #define HAVE_SETENV 1
| #define HAVE_SLEEP 1
| #define HAVE_SNPRINTF 1
| #define HAVE_SHUTDOWN 1
| #define HAVE_ISATTY 1
| #define HAVE_ISASCII 1
| #define HAVE_MEMCPY 1
| #define HAVE_STRCHR 1
| #define HAVE_STRTOUL 1
| #define HAVE_POPEN 1
| #define HAVE_PATHCONF 1
| #define HAVE_FCHOWN 1
| #define HAVE_SETLOCALE 1
| #define USE_ACL 0
| #define HAVE_ALLOCA_H 1
| #define HAVE_ALLOCA 1
| #define HAVE_WINT_T 1
| #define HAVE_LANGINFO_CODESET 1
| #define BITSIZEOF_WCHAR_T 32
| #define HAVE_MBSTATE_T 1
| #define HAVE_WORKING_MBRTOC32 1
| #define HAVE_WORKING_C32RTOMB 1
| #define HAVE_MALLOC_PTRDIFF 1
| #define HAVE_MALLOC_POSIX 1
| #define LSTAT_FOLLOWS_SLASHED_SYMLINK 1
| #define FUNC_REALPATH_NEARLY_WORKS 1
| #define HAVE_FACCESSAT 1
| #define HAVE_GETCWD 1
| #define HAVE_DECL_STRERROR_R 1
| #define HAVE_STRERROR_R 1
| #define HAVE_WORKING_O_DIRECTORY 1
| #define HAVE_WORKING_O_NOATIME 1
| #define HAVE_WORKING_O_NOFOLLOW 1
| #define USE_SELINUX_SELINUX_H 0
| #define restrict __restrict__
| #define HAVE_DECL_GETDELIM 1
| #define HAVE_DECL_GETDTABLESIZE 1
| #define HAVE_GETOPT_H 1
| #define HAVE_GETOPT_LONG_ONLY 1
| #define MUSL_LIBC 1
| #define HAVE_PTHREAD_API 1
| #define SETLOCALE_NULL_ALL_MTSAFE 0
| #define SETLOCALE_NULL_ONE_MTSAFE 1
| #define HAVE_WEAK_SYMBOLS 1
| #define HAVE_LONG_LONG_INT 1
| #define HAVE_UNSIGNED_LONG_LONG_INT 1
| #define HAVE_TOWLOWER 1
| #define AVOID_ANY_THREADS 1
| #define HAVE_MALLOC_0_NONNULL 1
| #define HAVE_DECL_MEMEQ 0
| #define HAVE_DECL_MEMRCHR 1
| #define HAVE_MINMAX_IN_SYS_PARAM_H 1
| #define PROMOTED_MODE_T mode_t
| #define HAVE_PTHREAD_T 1
| #define HAVE_PTHREAD_SPINLOCK_T 1
| #define HAVE_DECL_ALARM 1
| #define HAVE_SCHED_H 1
| #define HAVE_DECL_FCLOSEALL 0
| #define HAVE_DECL_GETW 1
| #define HAVE_DECL_PUTW 1
| #define HAVE_DECL_ECVT 1
| #define HAVE_DECL_FCVT 1
| #define HAVE_DECL_GCVT 1
| #define HAVE_DECL_STREQ 0
| #define HAVE_STRERROR_R 1
| #define HAVE_DECL_STRTOIMAX 1
| #define _USE_STD_STAT 1
| #define HAVE_DECL_EXECVPE 1
| #define HAVE_DECL_CLEARERR_UNLOCKED 1
| #define HAVE_DECL_FEOF_UNLOCKED 1
| #define HAVE_DECL_FERROR_UNLOCKED 1
| #define HAVE_DECL_FFLUSH_UNLOCKED 1
| #define HAVE_DECL_FGETS_UNLOCKED 1
| #define HAVE_DECL_FILENO_UNLOCKED 1
| #define HAVE_DECL_FPUTC_UNLOCKED 1
| #define HAVE_DECL_FPUTS_UNLOCKED 1
| #define HAVE_DECL_FREAD_UNLOCKED 1
| #define HAVE_DECL_FWRITE_UNLOCKED 1
| #define HAVE_DECL_GETC_UNLOCKED 1
| #define HAVE_DECL_GETCHAR_UNLOCKED 1
| #define HAVE_DECL_PUTC_UNLOCKED 1
| #define HAVE_DECL_PUTCHAR_UNLOCKED 1
| #define HAVE_DECL_WCSDUP 1
| #define HAVE_SHUTDOWN 1
| #define HAVE_STRUCT_SOCKADDR_STORAGE 1
| #define HAVE_SA_FAMILY_T 1
| #define HAVE_STRUCT_SOCKADDR_STORAGE_SS_FAMILY 1
| #define HAVE_ENVIRON_DECL 1
| #define FUNC_FFLUSH_STDIN 1
| #define HAVE_FREXP 1
| #define HAVE_FREXPL 1
| #define HAVE_DECL_FSEEKO 1
| #define FUNC_FFLUSH_STDIN 1
| #define HAVE_DECL_FTELLO 1
| #define HAVE_USELOCALE 1
| #define HAVE_WORKING_USELOCALE 1
| #define HAVE_GOOD_USELOCALE 1
| #define HAVE_IPV4 1
| #define HAVE_IPV6 1
| #define DBL_EXPBIT0_WORD 1
| #define DBL_EXPBIT0_BIT 20
| #define FLT_EXPBIT0_WORD 0
| #define FLT_EXPBIT0_BIT 23
| #define LDBL_EXPBIT0_WORD 2
| #define LDBL_EXPBIT0_BIT 0
| #define HAVE_LC_MESSAGES 1
| #define HAVE_DECL__PUTENV 0
| #define HAVE_SIGSET_T 1
| #define HAVE_DECL_INITSTATE 1
| #define HAVE_DECL_SETSTATE 1
| #define HAVE_DECL_SETENV 1
| #define HAVE_SEARCH_H 1
| #define HAVE_TSEARCH 1
| #define HAVE_DECL_STRDUP 1
| #define HAVE_DECL_UNSETENV 1
| #define HAVE_C_ALIGNASOF 1
| #define HAVE_ALLOCA 1
| #define HAVE_C_STATIC_ASSERT 1
| #define HAVE_C_BOOL 1
| #define GNULIB_TEST_BTOWC 1
| #define HAVE___BUILTIN_EXPECT 1
| #define GNULIB_TEST_C32ISPRINT 1
| #define GNULIB_TEST_C32ISSPACE 1
| #define GNULIB_TEST_C32RTOMB 1
| #define GNULIB_TEST_C32TOB 1
| #define GNULIB_TEST_C32TOLOWER 1
| #define GNULIB_TEST_C32TOUPPER 1
| #define GNULIB_TEST_CALLOC_GNU 1
| #define GNULIB_TEST_CALLOC_POSIX 1
| #define GNULIB_CANONICALIZE_LGPL 1
| #define GNULIB_TEST_CANONICALIZE_FILE_NAME 1
| #define GNULIB_TEST_REALPATH 1
| #define GNULIB_TEST_CHDIR 1
| #define HAVE_CLOCK_GETRES 1
| #define HAVE_CLOCK_GETTIME 1
| #define HAVE_CLOCK_SETTIME 1
| #define GNULIB_TEST_CLOEXEC 1
| #define GNULIB_TEST_CLOSE 1
| #define GNULIB_CLOSE 1
| #define GNULIB_TEST_DUP2 1
| /* end confdefs.h.  */
| 
| #ifdef __linux__
| /* The Linux kernel only added F_DUPFD_CLOEXEC in 2.6.24, so we always replace
|    it to support the semantics on older kernels that failed with EINVAL.  */
| choke me
| #endif
| 
| int
| main (void)
| {
| 
|   ;
|   return 0;
| }
configure:34779: result: needs runtime check
configure:34853: checking for sys/smack.h
configure:34853: gcc -c -g -O2  conftest.c >&5
conftest.c:269:10: fatal error: sys/smack.h: No such file or directory
  269 | #include <sys/smack.h>
      |          ^~~~~~~~~~~~~
compilation terminated.
configure:34853: $? = 1
configure: failed program was:
| /* confdefs.h */
| #define PACKAGE_NAME "GNU sed"
| #define PACKAGE_TARNAME "sed"
| #define PACKAGE_VERSION "4.10"
| #define PACKAGE_STRING "GNU sed 4.10"
| #define PACKAGE_BUGREPORT "bug-sed@gnu.org"
| #define PACKAGE_URL "https://www.gnu.org/software/sed/"
| #define PACKAGE "sed"
| #define VERSION "4.10"
| #define HAVE_STDIO_H 1
| #define HAVE_STDLIB_H 1
| #define HAVE_STRING_H 1
| #define HAVE_INTTYPES_H 1
| #define HAVE_STDINT_H 1
| #define HAVE_STRINGS_H 1
| #define HAVE_SYS_STAT_H 1
| #define HAVE_SYS_TYPES_H 1
| #define HAVE_UNISTD_H 1
| #define HAVE_WCHAR_H 1
| #define HAVE_STDBOOL_H 1
| #define HAVE_UCHAR_H 1
| #define HAVE_SYS_PARAM_H 1
| #define HAVE_SYS_SOCKET_H 1
| #define HAVE_DIRENT_H 1
| #define HAVE_LINUX_XATTR_H 1
| #define HAVE_STDIO_EXT_H 1
| #define HAVE_GETOPT_H 1
| #define HAVE_THREADS_H 1
| #define HAVE_LIMITS_H 1
| #define HAVE_WCTYPE_H 1
| #define HAVE_LANGINFO_H 1
| #define HAVE_SYS_MMAN_H 1
| #define HAVE_PTHREAD_H 1
| #define HAVE_MALLOC_H 1
| #define HAVE_SYS_TIME_H 1
| #define HAVE_STDCKDINT_H 1
| #define HAVE_SYS_RANDOM_H 1
| #define HAVE_FEATURES_H 1
| #define HAVE_ARPA_INET_H 1
| #define HAVE_NETDB_H 1
| #define HAVE_NETINET_IN_H 1
| #define HAVE_MATH_H 1
| #define HAVE_SYS_SELECT_H 1
| #define HAVE_SYS_WAIT_H 1
| #define HAVE_SEMAPHORE_H 1
| #define HAVE_SYS_IOCTL_H 1
| #define HAVE_SYS_UN_H 1
| #define HAVE_SYS_UIO_H 1
| #define HAVE_LOCALE_H 1
| #define HAVE_ERRNO_H 1
| #define STDC_HEADERS 1
| #define _ALL_SOURCE 1
| #define _COSMO_SOURCE 1
| #define _DARWIN_C_SOURCE 1
| #define _GNU_SOURCE 1
| #define _HPUX_ALT_XOPEN_SOCKET_API 1
| #define _NETBSD_SOURCE 1
| #define _OPENBSD_SOURCE 1
| #define _POSIX_PTHREAD_SEMANTICS 1
| #define __STDC_WANT_IEC_60559_ATTRIBS_EXT__ 1
| #define __STDC_WANT_IEC_60559_BFP_EXT__ 1
| #define __STDC_WANT_IEC_60559_DFP_EXT__ 1
| #define __STDC_WANT_IEC_60559_EXT__ 1
| #define __STDC_WANT_IEC_60559_FUNCS_EXT__ 1
| #define __STDC_WANT_IEC_60559_TYPES_EXT__ 1
| #define __STDC_WANT_LIB_EXT2__ 1
| #define __STDC_WANT_MATH_SPEC_FUNCS__ 1
| #define _TANDEM_SOURCE 1
| #define __EXTENSIONS__ 1
| #define _LINUX_SOURCE_COMPAT 1
| #define __USE_MINGW_ANSI_STDIO 1
| #define HAVE_FCHMOD 1
| #define HAVE_BTOWC 1
| #define HAVE_MBRTOWC 1
| #define HAVE_MBSINIT 1
| #define HAVE_REALPATH 1
| #define HAVE_LSTAT 1
| #define HAVE_FCNTL 1
| #define HAVE_SYMLINK 1
| #define HAVE_LISTXATTR 1
| #define HAVE_GETDTABLESIZE 1
| #define HAVE_ISWCNTRL 1
| #define HAVE_MPROTECT 1
| #define HAVE_READLINK 1
| #define HAVE_ISBLANK 1
| #define HAVE_ISWCTYPE 1
| #define HAVE_LINK 1
| #define HAVE_VASPRINTF 1
| #define HAVE___XPG_STRERROR_R 1
| #define HAVE_STRTOIMAX 1
| #define HAVE_WCRTOMB 1
| #define HAVE_WCTOB 1
| #define HAVE_FPURGE 1
| #define HAVE_GETTIMEOFDAY 1
| #define HAVE_PIPE 1
| #define HAVE_PSELECT 1
| #define HAVE_PTHREAD_SIGMASK 1
| #define HAVE_SIGPROCMASK 1
| #define HAVE_SETENV 1
| #define HAVE_SLEEP 1
| #define HAVE_SNPRINTF 1
| #define HAVE_SHUTDOWN 1
| #define HAVE_ISATTY 1
| #define HAVE_ISASCII 1
| #define HAVE_MEMCPY 1
| #define HAVE_STRCHR 1
| #define HAVE_STRTOUL 1
| #define HAVE_POPEN 1
| #define HAVE_PATHCONF 1
| #define HAVE_FCHOWN 1
| #define HAVE_SETLOCALE 1
| #define USE_ACL 0
| #define HAVE_ALLOCA_H 1
| #define HAVE_ALLOCA 1
| #define HAVE_WINT_T 1
| #define HAVE_LANGINFO_CODESET 1
| #define BITSIZEOF_WCHAR_T 32
| #define HAVE_MBSTATE_T 1
| #define HAVE_WORKING_MBRTOC32 1
| #define HAVE_WORKING_C32RTOMB 1
| #define HAVE_MALLOC_PTRDIFF 1
| #define HAVE_MALLOC_POSIX 1
| #define LSTAT_FOLLOWS_SLASHED_SYMLINK 1
| #define FUNC_REALPATH_NEARLY_WORKS 1
| #define HAVE_FACCESSAT 1
| #define HAVE_GETCWD 1
| #define HAVE_DECL_STRERROR_R 1
| #define HAVE_STRERROR_R 1
| #define HAVE_WORKING_O_DIRECTORY 1
| #define HAVE_WORKING_O_NOATIME 1
| #define HAVE_WORKING_O_NOFOLLOW 1
| #define USE_SELINUX_SELINUX_H 0
| #define restrict __restrict__
| #define HAVE_DECL_GETDELIM 1
| #define HAVE_DECL_GETDTABLESIZE 1
| #define HAVE_GETOPT_H 1
| #define HAVE_GETOPT_LONG_ONLY 1
| #define MUSL_LIBC 1
| #define HAVE_PTHREAD_API 1
| #define SETLOCALE_NULL_ALL_MTSAFE 0
| #define SETLOCALE_NULL_ONE_MTSAFE 1
| #define HAVE_WEAK_SYMBOLS 1
| #define HAVE_LONG_LONG_INT 1
| #define HAVE_UNSIGNED_LONG_LONG_INT 1
| #define HAVE_TOWLOWER 1
| #define AVOID_ANY_THREADS 1
| #define HAVE_MALLOC_0_NONNULL 1
| #define HAVE_DECL_MEMEQ 0
| #define HAVE_DECL_MEMRCHR 1
| #define HAVE_MINMAX_IN_SYS_PARAM_H 1
| #define PROMOTED_MODE_T mode_t
| #define HAVE_PTHREAD_T 1
| #define HAVE_PTHREAD_SPINLOCK_T 1
| #define HAVE_DECL_ALARM 1
| #define HAVE_SCHED_H 1
| #define HAVE_DECL_FCLOSEALL 0
| #define HAVE_DECL_GETW 1
| #define HAVE_DECL_PUTW 1
| #define HAVE_DECL_ECVT 1
| #define HAVE_DECL_FCVT 1
| #define HAVE_DECL_GCVT 1
| #define HAVE_DECL_STREQ 0
| #define HAVE_STRERROR_R 1
| #define HAVE_DECL_STRTOIMAX 1
| #define _USE_STD_STAT 1
| #define HAVE_DECL_EXECVPE 1
| #define HAVE_DECL_CLEARERR_UNLOCKED 1
| #define HAVE_DECL_FEOF_UNLOCKED 1
| #define HAVE_DECL_FERROR_UNLOCKED 1
| #define HAVE_DECL_FFLUSH_UNLOCKED 1
| #define HAVE_DECL_FGETS_UNLOCKED 1
| #define HAVE_DECL_FILENO_UNLOCKED 1
| #define HAVE_DECL_FPUTC_UNLOCKED 1
| #define HAVE_DECL_FPUTS_UNLOCKED 1
| #define HAVE_DECL_FREAD_UNLOCKED 1
| #define HAVE_DECL_FWRITE_UNLOCKED 1
| #define HAVE_DECL_GETC_UNLOCKED 1
| #define HAVE_DECL_GETCHAR_UNLOCKED 1
| #define HAVE_DECL_PUTC_UNLOCKED 1
| #define HAVE_DECL_PUTCHAR_UNLOCKED 1
| #define HAVE_DECL_WCSDUP 1
| #define HAVE_SHUTDOWN 1
| #define HAVE_STRUCT_SOCKADDR_STORAGE 1
| #define HAVE_SA_FAMILY_T 1
| #define HAVE_STRUCT_SOCKADDR_STORAGE_SS_FAMILY 1
| #define HAVE_ENVIRON_DECL 1
| #define FUNC_FFLUSH_STDIN 1
| #define HAVE_FREXP 1
| #define HAVE_FREXPL 1
| #define HAVE_DECL_FSEEKO 1
| #define FUNC_FFLUSH_STDIN 1
| #define HAVE_DECL_FTELLO 1
| #define HAVE_USELOCALE 1
| #define HAVE_WORKING_USELOCALE 1
| #define HAVE_GOOD_USELOCALE 1
| #define HAVE_IPV4 1
| #define HAVE_IPV6 1
| #define DBL_EXPBIT0_WORD 1
| #define DBL_EXPBIT0_BIT 20
| #define FLT_EXPBIT0_WORD 0
| #define FLT_EXPBIT0_BIT 23
| #define LDBL_EXPBIT0_WORD 2
| #define LDBL_EXPBIT0_BIT 0
| #define HAVE_LC_MESSAGES 1
| #define HAVE_DECL__PUTENV 0
| #define HAVE_SIGSET_T 1
| #define HAVE_DECL_INITSTATE 1
| #define HAVE_DECL_SETSTATE 1
| #define HAVE_DECL_SETENV 1
| #define HAVE_SEARCH_H 1
| #define HAVE_TSEARCH 1
| #define HAVE_DECL_STRDUP 1
| #define HAVE_DECL_UNSETENV 1
| #define HAVE_C_ALIGNASOF 1
| #define HAVE_ALLOCA 1
| #define HAVE_C_STATIC_ASSERT 1
| #define HAVE_C_BOOL 1
| #define GNULIB_TEST_BTOWC 1
| #define HAVE___BUILTIN_EXPECT 1
| #define GNULIB_TEST_C32ISPRINT 1
| #define GNULIB_TEST_C32ISSPACE 1
| #define GNULIB_TEST_C32RTOMB 1
| #define GNULIB_TEST_C32TOB 1
| #define GNULIB_TEST_C32TOLOWER 1
| #define GNULIB_TEST_C32TOUPPER 1
| #define GNULIB_TEST_CALLOC_GNU 1
| #define GNULIB_TEST_CALLOC_POSIX 1
| #define GNULIB_CANONICALIZE_LGPL 1
| #define GNULIB_TEST_CANONICALIZE_FILE_NAME 1
| #define GNULIB_TEST_REALPATH 1
| #define GNULIB_TEST_CHDIR 1
| #define HAVE_CLOCK_GETRES 1
| #define HAVE_CLOCK_GETTIME 1
| #define HAVE_CLOCK_SETTIME 1
| #define GNULIB_TEST_CLOEXEC 1
| #define GNULIB_TEST_CLOSE 1
| #define GNULIB_CLOSE 1
| #define GNULIB_TEST_DUP2 1
| #define GNULIB_TEST_FCNTL 1
| /* end confdefs.h.  */
| #include <stddef.h>
| #ifdef HAVE_STDIO_H
| # include <stdio.h>
| #endif
| #ifdef HAVE_STDLIB_H
| # include <stdlib.h>
| #endif
| #ifdef HAVE_STRING_H
| # include <string.h>
| #endif
| #ifdef HAVE_INTTYPES_H
| # include <inttypes.h>
| #endif
| #ifdef HAVE_STDINT_H
| # include <stdint.h>
| #endif
| #ifdef HAVE_STRINGS_H
| # include <strings.h>
| #endif
| #ifdef HAVE_SYS_TYPES_H
| # include <sys/types.h>
| #endif
| #ifdef HAVE_SYS_STAT_H
| # include <sys/stat.h>
| #endif
| #ifdef HAVE_UNISTD_H
| # include <unistd.h>
| #endif
| #include <sys/smack.h>
configure:34853: result: no
configure:34974: checking for flexible array member
configure:35003: gcc -c -g -O2  conftest.c >&5
configure:35003: $? = 0
configure:35013: result: yes
configure:35027: checking whether free is known to preserve errno
configure:35051: gcc -c -g -O2  conftest.c >&5
conftest.c: In function 'main':
conftest.c:251:16: error: #error "'free' is not known to preserve errno"
  251 |               #error "'free' is not known to preserve errno"
      |                ^~~~~
configure:35051: $? = 1
configure: failed program was:
| /* confdefs.h */
| #define PACKAGE_NAME "GNU sed"
| #define PACKAGE_TARNAME "sed"
| #define PACKAGE_VERSION "4.10"
| #define PACKAGE_STRING "GNU sed 4.10"
| #define PACKAGE_BUGREPORT "bug-sed@gnu.org"
| #define PACKAGE_URL "https://www.gnu.org/software/sed/"
| #define PACKAGE "sed"
| #define VERSION "4.10"
| #define HAVE_STDIO_H 1
| #define HAVE_STDLIB_H 1
| #define HAVE_STRING_H 1
| #define HAVE_INTTYPES_H 1
| #define HAVE_STDINT_H 1
| #define HAVE_STRINGS_H 1
| #define HAVE_SYS_STAT_H 1
| #define HAVE_SYS_TYPES_H 1
| #define HAVE_UNISTD_H 1
| #define HAVE_WCHAR_H 1
| #define HAVE_STDBOOL_H 1
| #define HAVE_UCHAR_H 1
| #define HAVE_SYS_PARAM_H 1
| #define HAVE_SYS_SOCKET_H 1
| #define HAVE_DIRENT_H 1
| #define HAVE_LINUX_XATTR_H 1
| #define HAVE_STDIO_EXT_H 1
| #define HAVE_GETOPT_H 1
| #define HAVE_THREADS_H 1
| #define HAVE_LIMITS_H 1
| #define HAVE_WCTYPE_H 1
| #define HAVE_LANGINFO_H 1
| #define HAVE_SYS_MMAN_H 1
| #define HAVE_PTHREAD_H 1
| #define HAVE_MALLOC_H 1
| #define HAVE_SYS_TIME_H 1
| #define HAVE_STDCKDINT_H 1
| #define HAVE_SYS_RANDOM_H 1
| #define HAVE_FEATURES_H 1
| #define HAVE_ARPA_INET_H 1
| #define HAVE_NETDB_H 1
| #define HAVE_NETINET_IN_H 1
| #define HAVE_MATH_H 1
| #define HAVE_SYS_SELECT_H 1
| #define HAVE_SYS_WAIT_H 1
| #define HAVE_SEMAPHORE_H 1
| #define HAVE_SYS_IOCTL_H 1
| #define HAVE_SYS_UN_H 1
| #define HAVE_SYS_UIO_H 1
| #define HAVE_LOCALE_H 1
| #define HAVE_ERRNO_H 1
| #define STDC_HEADERS 1
| #define _ALL_SOURCE 1
| #define _COSMO_SOURCE 1
| #define _DARWIN_C_SOURCE 1
| #define _GNU_SOURCE 1
| #define _HPUX_ALT_XOPEN_SOCKET_API 1
| #define _NETBSD_SOURCE 1
| #define _OPENBSD_SOURCE 1
| #define _POSIX_PTHREAD_SEMANTICS 1
| #define __STDC_WANT_IEC_60559_ATTRIBS_EXT__ 1
| #define __STDC_WANT_IEC_60559_BFP_EXT__ 1
| #define __STDC_WANT_IEC_60559_DFP_EXT__ 1
| #define __STDC_WANT_IEC_60559_EXT__ 1
| #define __STDC_WANT_IEC_60559_FUNCS_EXT__ 1
| #define __STDC_WANT_IEC_60559_TYPES_EXT__ 1
| #define __STDC_WANT_LIB_EXT2__ 1
| #define __STDC_WANT_MATH_SPEC_FUNCS__ 1
| #define _TANDEM_SOURCE 1
| #define __EXTENSIONS__ 1
| #define _LINUX_SOURCE_COMPAT 1
| #define __USE_MINGW_ANSI_STDIO 1
| #define HAVE_FCHMOD 1
| #define HAVE_BTOWC 1
| #define HAVE_MBRTOWC 1
| #define HAVE_MBSINIT 1
| #define HAVE_REALPATH 1
| #define HAVE_LSTAT 1
| #define HAVE_FCNTL 1
| #define HAVE_SYMLINK 1
| #define HAVE_LISTXATTR 1
| #define HAVE_GETDTABLESIZE 1
| #define HAVE_ISWCNTRL 1
| #define HAVE_MPROTECT 1
| #define HAVE_READLINK 1
| #define HAVE_ISBLANK 1
| #define HAVE_ISWCTYPE 1
| #define HAVE_LINK 1
| #define HAVE_VASPRINTF 1
| #define HAVE___XPG_STRERROR_R 1
| #define HAVE_STRTOIMAX 1
| #define HAVE_WCRTOMB 1
| #define HAVE_WCTOB 1
| #define HAVE_FPURGE 1
| #define HAVE_GETTIMEOFDAY 1
| #define HAVE_PIPE 1
| #define HAVE_PSELECT 1
| #define HAVE_PTHREAD_SIGMASK 1
| #define HAVE_SIGPROCMASK 1
| #define HAVE_SETENV 1
| #define HAVE_SLEEP 1
| #define HAVE_SNPRINTF 1
| #define HAVE_SHUTDOWN 1
| #define HAVE_ISATTY 1
| #define HAVE_ISASCII 1
| #define HAVE_MEMCPY 1
| #define HAVE_STRCHR 1
| #define HAVE_STRTOUL 1
| #define HAVE_POPEN 1
| #define HAVE_PATHCONF 1
| #define HAVE_FCHOWN 1
| #define HAVE_SETLOCALE 1
| #define USE_ACL 0
| #define HAVE_ALLOCA_H 1
| #define HAVE_ALLOCA 1
| #define HAVE_WINT_T 1
| #define HAVE_LANGINFO_CODESET 1
| #define BITSIZEOF_WCHAR_T 32
| #define HAVE_MBSTATE_T 1
| #define HAVE_WORKING_MBRTOC32 1
| #define HAVE_WORKING_C32RTOMB 1
| #define HAVE_MALLOC_PTRDIFF 1
| #define HAVE_MALLOC_POSIX 1
| #define LSTAT_FOLLOWS_SLASHED_SYMLINK 1
| #define FUNC_REALPATH_NEARLY_WORKS 1
| #define HAVE_FACCESSAT 1
| #define HAVE_GETCWD 1
| #define HAVE_DECL_STRERROR_R 1
| #define HAVE_STRERROR_R 1
| #define HAVE_WORKING_O_DIRECTORY 1
| #define HAVE_WORKING_O_NOATIME 1
| #define HAVE_WORKING_O_NOFOLLOW 1
| #define USE_SELINUX_SELINUX_H 0
| #define restrict __restrict__
| #define HAVE_DECL_GETDELIM 1
| #define HAVE_DECL_GETDTABLESIZE 1
| #define HAVE_GETOPT_H 1
| #define HAVE_GETOPT_LONG_ONLY 1
| #define MUSL_LIBC 1
| #define HAVE_PTHREAD_API 1
| #define SETLOCALE_NULL_ALL_MTSAFE 0
| #define SETLOCALE_NULL_ONE_MTSAFE 1
| #define HAVE_WEAK_SYMBOLS 1
| #define HAVE_LONG_LONG_INT 1
| #define HAVE_UNSIGNED_LONG_LONG_INT 1
| #define HAVE_TOWLOWER 1
| #define AVOID_ANY_THREADS 1
| #define HAVE_MALLOC_0_NONNULL 1
| #define HAVE_DECL_MEMEQ 0
| #define HAVE_DECL_MEMRCHR 1
| #define HAVE_MINMAX_IN_SYS_PARAM_H 1
| #define PROMOTED_MODE_T mode_t
| #define HAVE_PTHREAD_T 1
| #define HAVE_PTHREAD_SPINLOCK_T 1
| #define HAVE_DECL_ALARM 1
| #define HAVE_SCHED_H 1
| #define HAVE_DECL_FCLOSEALL 0
| #define HAVE_DECL_GETW 1
| #define HAVE_DECL_PUTW 1
| #define HAVE_DECL_ECVT 1
| #define HAVE_DECL_FCVT 1
| #define HAVE_DECL_GCVT 1
| #define HAVE_DECL_STREQ 0
| #define HAVE_STRERROR_R 1
| #define HAVE_DECL_STRTOIMAX 1
| #define _USE_STD_STAT 1
| #define HAVE_DECL_EXECVPE 1
| #define HAVE_DECL_CLEARERR_UNLOCKED 1
| #define HAVE_DECL_FEOF_UNLOCKED 1
| #define HAVE_DECL_FERROR_UNLOCKED 1
| #define HAVE_DECL_FFLUSH_UNLOCKED 1
| #define HAVE_DECL_FGETS_UNLOCKED 1
| #define HAVE_DECL_FILENO_UNLOCKED 1
| #define HAVE_DECL_FPUTC_UNLOCKED 1
| #define HAVE_DECL_FPUTS_UNLOCKED 1
| #define HAVE_DECL_FREAD_UNLOCKED 1
| #define HAVE_DECL_FWRITE_UNLOCKED 1
| #define HAVE_DECL_GETC_UNLOCKED 1
| #define HAVE_DECL_GETCHAR_UNLOCKED 1
| #define HAVE_DECL_PUTC_UNLOCKED 1
| #define HAVE_DECL_PUTCHAR_UNLOCKED 1
| #define HAVE_DECL_WCSDUP 1
| #define HAVE_SHUTDOWN 1
| #define HAVE_STRUCT_SOCKADDR_STORAGE 1
| #define HAVE_SA_FAMILY_T 1
| #define HAVE_STRUCT_SOCKADDR_STORAGE_SS_FAMILY 1
| #define HAVE_ENVIRON_DECL 1
| #define FUNC_FFLUSH_STDIN 1
| #define HAVE_FREXP 1
| #define HAVE_FREXPL 1
| #define HAVE_DECL_FSEEKO 1
| #define FUNC_FFLUSH_STDIN 1
| #define HAVE_DECL_FTELLO 1
| #define HAVE_USELOCALE 1
| #define HAVE_WORKING_USELOCALE 1
| #define HAVE_GOOD_USELOCALE 1
| #define HAVE_IPV4 1
| #define HAVE_IPV6 1
| #define DBL_EXPBIT0_WORD 1
| #define DBL_EXPBIT0_BIT 20
| #define FLT_EXPBIT0_WORD 0
| #define FLT_EXPBIT0_BIT 23
| #define LDBL_EXPBIT0_WORD 2
| #define LDBL_EXPBIT0_BIT 0
| #define HAVE_LC_MESSAGES 1
| #define HAVE_DECL__PUTENV 0
| #define HAVE_SIGSET_T 1
| #define HAVE_DECL_INITSTATE 1
| #define HAVE_DECL_SETSTATE 1
| #define HAVE_DECL_SETENV 1
| #define HAVE_SEARCH_H 1
| #define HAVE_TSEARCH 1
| #define HAVE_DECL_STRDUP 1
| #define HAVE_DECL_UNSETENV 1
| #define HAVE_C_ALIGNASOF 1
| #define HAVE_ALLOCA 1
| #define HAVE_C_STATIC_ASSERT 1
| #define HAVE_C_BOOL 1
| #define GNULIB_TEST_BTOWC 1
| #define HAVE___BUILTIN_EXPECT 1
| #define GNULIB_TEST_C32ISPRINT 1
| #define GNULIB_TEST_C32ISSPACE 1
| #define GNULIB_TEST_C32RTOMB 1
| #define GNULIB_TEST_C32TOB 1
| #define GNULIB_TEST_C32TOLOWER 1
| #define GNULIB_TEST_C32TOUPPER 1
| #define GNULIB_TEST_CALLOC_GNU 1
| #define GNULIB_TEST_CALLOC_POSIX 1
| #define GNULIB_CANONICALIZE_LGPL 1
| #define GNULIB_TEST_CANONICALIZE_FILE_NAME 1
| #define GNULIB_TEST_REALPATH 1
| #define GNULIB_TEST_CHDIR 1
| #define HAVE_CLOCK_GETRES 1
| #define HAVE_CLOCK_GETTIME 1
| #define HAVE_CLOCK_SETTIME 1
| #define GNULIB_TEST_CLOEXEC 1
| #define GNULIB_TEST_CLOSE 1
| #define GNULIB_CLOSE 1
| #define GNULIB_TEST_DUP2 1
| #define GNULIB_TEST_FCNTL 1
| #define FLEXIBLE_ARRAY_MEMBER /**/
| /* end confdefs.h.  */
| #include <stdlib.h>
| 
| int
| main (void)
| {
| #if 2 < __GLIBC__ + (33 <= __GLIBC_MINOR__)
|             #elif defined __OpenBSD__
|             #elif defined __sun
|             #else
|               #error "'free' is not known to preserve errno"
|             #endif
| 
|   ;
|   return 0;
| }
configure:35062: result: no
configure:35115: checking for __fseterr
configure:35154: checking for __fseterr
configure:35154: gcc -o conftest -g -O2   conftest.c  >&5
configure:35154: $? = 0
configure:35154: result: yes
configure:35170: result: yes
configure:35276: checking for __fwriting
configure:35315: checking for __fwriting
configure:35315: gcc -o conftest -g -O2   conftest.c  >&5
configure:35315: $? = 0
configure:35315: result: yes
configure:35331: result: yes
configure:35370: checking for getdelim
configure:35407: checking for getdelim
configure:35407: gcc -o conftest -g -O2   conftest.c  >&5
configure:35407: $? = 0
configure:35407: result: yes
configure:35423: result: yes
configure:35439: checking for working getdelim function
configure:35515: gcc -o conftest -g -O2   conftest.c  >&5
configure:35515: $? = 0
configure:35515: ./conftest
configure:35515: $? = 0
configure:35533: result: yes
configure:35624: checking whether getdtablesize works
configure:35664: gcc -o conftest -g -O2   conftest.c  >&5
configure:35664: $? = 0
configure:35664: ./conftest
configure:35664: $? = 0
configure:35681: result: yes
configure:35880: checking for getprogname
configure:35917: checking for getprogname
configure:35917: gcc -o conftest -g -O2   conftest.c  >&5
/usr/lib/gcc/x86_64-alpine-linux-musl/15.2.0/../../../../x86_64-alpine-linux-musl/bin/ld: /tmp/ccfbhbEg.o: in function `main':
/home/sonakrie/Work/testicular_linux/sed/conftest.c:279:(.text.startup+0x5): undefined reference to `getprogname'
collect2: error: ld returned 1 exit status
configure:35917: $? = 1
configure: failed program was:
| /* confdefs.h */
| #define PACKAGE_NAME "GNU sed"
| #define PACKAGE_TARNAME "sed"
| #define PACKAGE_VERSION "4.10"
| #define PACKAGE_STRING "GNU sed 4.10"
| #define PACKAGE_BUGREPORT "bug-sed@gnu.org"
| #define PACKAGE_URL "https://www.gnu.org/software/sed/"
| #define PACKAGE "sed"
| #define VERSION "4.10"
| #define HAVE_STDIO_H 1
| #define HAVE_STDLIB_H 1
| #define HAVE_STRING_H 1
| #define HAVE_INTTYPES_H 1
| #define HAVE_STDINT_H 1
| #define HAVE_STRINGS_H 1
| #define HAVE_SYS_STAT_H 1
| #define HAVE_SYS_TYPES_H 1
| #define HAVE_UNISTD_H 1
| #define HAVE_WCHAR_H 1
| #define HAVE_STDBOOL_H 1
| #define HAVE_UCHAR_H 1
| #define HAVE_SYS_PARAM_H 1
| #define HAVE_SYS_SOCKET_H 1
| #define HAVE_DIRENT_H 1
| #define HAVE_LINUX_XATTR_H 1
| #define HAVE_STDIO_EXT_H 1
| #define HAVE_GETOPT_H 1
| #define HAVE_THREADS_H 1
| #define HAVE_LIMITS_H 1
| #define HAVE_WCTYPE_H 1
| #define HAVE_LANGINFO_H 1
| #define HAVE_SYS_MMAN_H 1
| #define HAVE_PTHREAD_H 1
| #define HAVE_MALLOC_H 1
| #define HAVE_SYS_TIME_H 1
| #define HAVE_STDCKDINT_H 1
| #define HAVE_SYS_RANDOM_H 1
| #define HAVE_FEATURES_H 1
| #define HAVE_ARPA_INET_H 1
| #define HAVE_NETDB_H 1
| #define HAVE_NETINET_IN_H 1
| #define HAVE_MATH_H 1
| #define HAVE_SYS_SELECT_H 1
| #define HAVE_SYS_WAIT_H 1
| #define HAVE_SEMAPHORE_H 1
| #define HAVE_SYS_IOCTL_H 1
| #define HAVE_SYS_UN_H 1
| #define HAVE_SYS_UIO_H 1
| #define HAVE_LOCALE_H 1
| #define HAVE_ERRNO_H 1
| #define STDC_HEADERS 1
| #define _ALL_SOURCE 1
| #define _COSMO_SOURCE 1
| #define _DARWIN_C_SOURCE 1
| #define _GNU_SOURCE 1
| #define _HPUX_ALT_XOPEN_SOCKET_API 1
| #define _NETBSD_SOURCE 1
| #define _OPENBSD_SOURCE 1
| #define _POSIX_PTHREAD_SEMANTICS 1
| #define __STDC_WANT_IEC_60559_ATTRIBS_EXT__ 1
| #define __STDC_WANT_IEC_60559_BFP_EXT__ 1
| #define __STDC_WANT_IEC_60559_DFP_EXT__ 1
| #define __STDC_WANT_IEC_60559_EXT__ 1
| #define __STDC_WANT_IEC_60559_FUNCS_EXT__ 1
| #define __STDC_WANT_IEC_60559_TYPES_EXT__ 1
| #define __STDC_WANT_LIB_EXT2__ 1
| #define __STDC_WANT_MATH_SPEC_FUNCS__ 1
| #define _TANDEM_SOURCE 1
| #define __EXTENSIONS__ 1
| #define _LINUX_SOURCE_COMPAT 1
| #define __USE_MINGW_ANSI_STDIO 1
| #define HAVE_FCHMOD 1
| #define HAVE_BTOWC 1
| #define HAVE_MBRTOWC 1
| #define HAVE_MBSINIT 1
| #define HAVE_REALPATH 1
| #define HAVE_LSTAT 1
| #define HAVE_FCNTL 1
| #define HAVE_SYMLINK 1
| #define HAVE_LISTXATTR 1
| #define HAVE_GETDTABLESIZE 1
| #define HAVE_ISWCNTRL 1
| #define HAVE_MPROTECT 1
| #define HAVE_READLINK 1
| #define HAVE_ISBLANK 1
| #define HAVE_ISWCTYPE 1
| #define HAVE_LINK 1
| #define HAVE_VASPRINTF 1
| #define HAVE___XPG_STRERROR_R 1
| #define HAVE_STRTOIMAX 1
| #define HAVE_WCRTOMB 1
| #define HAVE_WCTOB 1
| #define HAVE_FPURGE 1
| #define HAVE_GETTIMEOFDAY 1
| #define HAVE_PIPE 1
| #define HAVE_PSELECT 1
| #define HAVE_PTHREAD_SIGMASK 1
| #define HAVE_SIGPROCMASK 1
| #define HAVE_SETENV 1
| #define HAVE_SLEEP 1
| #define HAVE_SNPRINTF 1
| #define HAVE_SHUTDOWN 1
| #define HAVE_ISATTY 1
| #define HAVE_ISASCII 1
| #define HAVE_MEMCPY 1
| #define HAVE_STRCHR 1
| #define HAVE_STRTOUL 1
| #define HAVE_POPEN 1
| #define HAVE_PATHCONF 1
| #define HAVE_FCHOWN 1
| #define HAVE_SETLOCALE 1
| #define USE_ACL 0
| #define HAVE_ALLOCA_H 1
| #define HAVE_ALLOCA 1
| #define HAVE_WINT_T 1
| #define HAVE_LANGINFO_CODESET 1
| #define BITSIZEOF_WCHAR_T 32
| #define HAVE_MBSTATE_T 1
| #define HAVE_WORKING_MBRTOC32 1
| #define HAVE_WORKING_C32RTOMB 1
| #define HAVE_MALLOC_PTRDIFF 1
| #define HAVE_MALLOC_POSIX 1
| #define LSTAT_FOLLOWS_SLASHED_SYMLINK 1
| #define FUNC_REALPATH_NEARLY_WORKS 1
| #define HAVE_FACCESSAT 1
| #define HAVE_GETCWD 1
| #define HAVE_DECL_STRERROR_R 1
| #define HAVE_STRERROR_R 1
| #define HAVE_WORKING_O_DIRECTORY 1
| #define HAVE_WORKING_O_NOATIME 1
| #define HAVE_WORKING_O_NOFOLLOW 1
| #define USE_SELINUX_SELINUX_H 0
| #define restrict __restrict__
| #define HAVE_DECL_GETDELIM 1
| #define HAVE_DECL_GETDTABLESIZE 1
| #define HAVE_GETOPT_H 1
| #define HAVE_GETOPT_LONG_ONLY 1
| #define MUSL_LIBC 1
| #define HAVE_PTHREAD_API 1
| #define SETLOCALE_NULL_ALL_MTSAFE 0
| #define SETLOCALE_NULL_ONE_MTSAFE 1
| #define HAVE_WEAK_SYMBOLS 1
| #define HAVE_LONG_LONG_INT 1
| #define HAVE_UNSIGNED_LONG_LONG_INT 1
| #define HAVE_TOWLOWER 1
| #define AVOID_ANY_THREADS 1
| #define HAVE_MALLOC_0_NONNULL 1
| #define HAVE_DECL_MEMEQ 0
| #define HAVE_DECL_MEMRCHR 1
| #define HAVE_MINMAX_IN_SYS_PARAM_H 1
| #define PROMOTED_MODE_T mode_t
| #define HAVE_PTHREAD_T 1
| #define HAVE_PTHREAD_SPINLOCK_T 1
| #define HAVE_DECL_ALARM 1
| #define HAVE_SCHED_H 1
| #define HAVE_DECL_FCLOSEALL 0
| #define HAVE_DECL_GETW 1
| #define HAVE_DECL_PUTW 1
| #define HAVE_DECL_ECVT 1
| #define HAVE_DECL_FCVT 1
| #define HAVE_DECL_GCVT 1
| #define HAVE_DECL_STREQ 0
| #define HAVE_STRERROR_R 1
| #define HAVE_DECL_STRTOIMAX 1
| #define _USE_STD_STAT 1
| #define HAVE_DECL_EXECVPE 1
| #define HAVE_DECL_CLEARERR_UNLOCKED 1
| #define HAVE_DECL_FEOF_UNLOCKED 1
| #define HAVE_DECL_FERROR_UNLOCKED 1
| #define HAVE_DECL_FFLUSH_UNLOCKED 1
| #define HAVE_DECL_FGETS_UNLOCKED 1
| #define HAVE_DECL_FILENO_UNLOCKED 1
| #define HAVE_DECL_FPUTC_UNLOCKED 1
| #define HAVE_DECL_FPUTS_UNLOCKED 1
| #define HAVE_DECL_FREAD_UNLOCKED 1
| #define HAVE_DECL_FWRITE_UNLOCKED 1
| #define HAVE_DECL_GETC_UNLOCKED 1
| #define HAVE_DECL_GETCHAR_UNLOCKED 1
| #define HAVE_DECL_PUTC_UNLOCKED 1
| #define HAVE_DECL_PUTCHAR_UNLOCKED 1
| #define HAVE_DECL_WCSDUP 1
| #define HAVE_SHUTDOWN 1
| #define HAVE_STRUCT_SOCKADDR_STORAGE 1
| #define HAVE_SA_FAMILY_T 1
| #define HAVE_STRUCT_SOCKADDR_STORAGE_SS_FAMILY 1
| #define HAVE_ENVIRON_DECL 1
| #define FUNC_FFLUSH_STDIN 1
| #define HAVE_FREXP 1
| #define HAVE_FREXPL 1
| #define HAVE_DECL_FSEEKO 1
| #define FUNC_FFLUSH_STDIN 1
| #define HAVE_DECL_FTELLO 1
| #define HAVE_USELOCALE 1
| #define HAVE_WORKING_USELOCALE 1
| #define HAVE_GOOD_USELOCALE 1
| #define HAVE_IPV4 1
| #define HAVE_IPV6 1
| #define DBL_EXPBIT0_WORD 1
| #define DBL_EXPBIT0_BIT 20
| #define FLT_EXPBIT0_WORD 0
| #define FLT_EXPBIT0_BIT 23
| #define LDBL_EXPBIT0_WORD 2
| #define LDBL_EXPBIT0_BIT 0
| #define HAVE_LC_MESSAGES 1
| #define HAVE_DECL__PUTENV 0
| #define HAVE_SIGSET_T 1
| #define HAVE_DECL_INITSTATE 1
| #define HAVE_DECL_SETSTATE 1
| #define HAVE_DECL_SETENV 1
| #define HAVE_SEARCH_H 1
| #define HAVE_TSEARCH 1
| #define HAVE_DECL_STRDUP 1
| #define HAVE_DECL_UNSETENV 1
| #define HAVE_C_ALIGNASOF 1
| #define HAVE_ALLOCA 1
| #define HAVE_C_STATIC_ASSERT 1
| #define HAVE_C_BOOL 1
| #define GNULIB_TEST_BTOWC 1
| #define HAVE___BUILTIN_EXPECT 1
| #define GNULIB_TEST_C32ISPRINT 1
| #define GNULIB_TEST_C32ISSPACE 1
| #define GNULIB_TEST_C32RTOMB 1
| #define GNULIB_TEST_C32TOB 1
| #define GNULIB_TEST_C32TOLOWER 1
| #define GNULIB_TEST_C32TOUPPER 1
| #define GNULIB_TEST_CALLOC_GNU 1
| #define GNULIB_TEST_CALLOC_POSIX 1
| #define GNULIB_CANONICALIZE_LGPL 1
| #define GNULIB_TEST_CANONICALIZE_FILE_NAME 1
| #define GNULIB_TEST_REALPATH 1
| #define GNULIB_TEST_CHDIR 1
| #define HAVE_CLOCK_GETRES 1
| #define HAVE_CLOCK_GETTIME 1
| #define HAVE_CLOCK_SETTIME 1
| #define GNULIB_TEST_CLOEXEC 1
| #define GNULIB_TEST_CLOSE 1
| #define GNULIB_CLOSE 1
| #define GNULIB_TEST_DUP2 1
| #define GNULIB_TEST_FCNTL 1
| #define FLEXIBLE_ARRAY_MEMBER /**/
| #define GNULIB_TEST_FREE_POSIX 1
| #define HAVE___FSETERR 1
| #define GNULIB_TEST_FSTAT 1
| #define GNULIB_FSTAT 1
| #define HAVE___FWRITING 1
| #define HAVE_GETDELIM 1
| #define GNULIB_TEST_GETDELIM 1
| #define GNULIB_TEST_GETDTABLESIZE 1
| #define __GETOPT_PREFIX rpl_
| #define GNULIB_TEST_GETOPT_POSIX 1
| /* end confdefs.h.  */
| /* Define getprogname to an innocuous variant, in case <limits.h> declares getprogname.
|    For example, HP-UX 11i <limits.h> declares gettimeofday.  */
| #define getprogname innocuous_getprogname
| 
| /* System header to define __stub macros and hopefully few prototypes,
|    which can conflict with char getprogname (void); below.  */
| 
| #include <limits.h>
| #undef getprogname
| 
| /* Override any GCC internal prototype to avoid an error.
|    Use char because int might match the return type of a GCC
|    builtin and then its argument prototype would still apply.  */
| #ifdef __cplusplus
| extern "C"
| #endif
| char getprogname (void);
| /* The GNU C library defines this for functions which it implements
|     to always fail with ENOSYS.  Some functions are actually named
|     something starting with __ and the normal name is an alias.  */
| #if defined __stub_getprogname || defined __stub___getprogname
| choke me
| #endif
| 
| int
| main (void)
| {
| return getprogname ();
|   ;
|   return 0;
| }
configure:35917: result: no
configure:35933: result: no
configure:35953: checking whether program_invocation_name is declared
configure:35953: gcc -c -g -O2   conftest.c >&5
configure:35953: $? = 0
configure:35953: result: yes
configure:35992: checking whether program_invocation_name is declared
configure:35992: result: yes
configure:36007: checking whether program_invocation_short_name is declared
configure:36007: gcc -c -g -O2   conftest.c >&5
configure:36007: $? = 0
configure:36007: result: yes
configure:36022: checking whether __argv is declared
configure:36022: gcc -c -g -O2   conftest.c >&5
conftest.c: In function 'main':
conftest.c:264:10: error: '__argv' undeclared (first use in this function)
  264 |   (void) __argv;
      |          ^~~~~~
conftest.c:264:10: note: each undeclared identifier is reported only once for each function it appears in
configure:36022: $? = 1
configure: failed program was:
| /* confdefs.h */
| #define PACKAGE_NAME "GNU sed"
| #define PACKAGE_TARNAME "sed"
| #define PACKAGE_VERSION "4.10"
| #define PACKAGE_STRING "GNU sed 4.10"
| #define PACKAGE_BUGREPORT "bug-sed@gnu.org"
| #define PACKAGE_URL "https://www.gnu.org/software/sed/"
| #define PACKAGE "sed"
| #define VERSION "4.10"
| #define HAVE_STDIO_H 1
| #define HAVE_STDLIB_H 1
| #define HAVE_STRING_H 1
| #define HAVE_INTTYPES_H 1
| #define HAVE_STDINT_H 1
| #define HAVE_STRINGS_H 1
| #define HAVE_SYS_STAT_H 1
| #define HAVE_SYS_TYPES_H 1
| #define HAVE_UNISTD_H 1
| #define HAVE_WCHAR_H 1
| #define HAVE_STDBOOL_H 1
| #define HAVE_UCHAR_H 1
| #define HAVE_SYS_PARAM_H 1
| #define HAVE_SYS_SOCKET_H 1
| #define HAVE_DIRENT_H 1
| #define HAVE_LINUX_XATTR_H 1
| #define HAVE_STDIO_EXT_H 1
| #define HAVE_GETOPT_H 1
| #define HAVE_THREADS_H 1
| #define HAVE_LIMITS_H 1
| #define HAVE_WCTYPE_H 1
| #define HAVE_LANGINFO_H 1
| #define HAVE_SYS_MMAN_H 1
| #define HAVE_PTHREAD_H 1
| #define HAVE_MALLOC_H 1
| #define HAVE_SYS_TIME_H 1
| #define HAVE_STDCKDINT_H 1
| #define HAVE_SYS_RANDOM_H 1
| #define HAVE_FEATURES_H 1
| #define HAVE_ARPA_INET_H 1
| #define HAVE_NETDB_H 1
| #define HAVE_NETINET_IN_H 1
| #define HAVE_MATH_H 1
| #define HAVE_SYS_SELECT_H 1
| #define HAVE_SYS_WAIT_H 1
| #define HAVE_SEMAPHORE_H 1
| #define HAVE_SYS_IOCTL_H 1
| #define HAVE_SYS_UN_H 1
| #define HAVE_SYS_UIO_H 1
| #define HAVE_LOCALE_H 1
| #define HAVE_ERRNO_H 1
| #define STDC_HEADERS 1
| #define _ALL_SOURCE 1
| #define _COSMO_SOURCE 1
| #define _DARWIN_C_SOURCE 1
| #define _GNU_SOURCE 1
| #define _HPUX_ALT_XOPEN_SOCKET_API 1
| #define _NETBSD_SOURCE 1
| #define _OPENBSD_SOURCE 1
| #define _POSIX_PTHREAD_SEMANTICS 1
| #define __STDC_WANT_IEC_60559_ATTRIBS_EXT__ 1
| #define __STDC_WANT_IEC_60559_BFP_EXT__ 1
| #define __STDC_WANT_IEC_60559_DFP_EXT__ 1
| #define __STDC_WANT_IEC_60559_EXT__ 1
| #define __STDC_WANT_IEC_60559_FUNCS_EXT__ 1
| #define __STDC_WANT_IEC_60559_TYPES_EXT__ 1
| #define __STDC_WANT_LIB_EXT2__ 1
| #define __STDC_WANT_MATH_SPEC_FUNCS__ 1
| #define _TANDEM_SOURCE 1
| #define __EXTENSIONS__ 1
| #define _LINUX_SOURCE_COMPAT 1
| #define __USE_MINGW_ANSI_STDIO 1
| #define HAVE_FCHMOD 1
| #define HAVE_BTOWC 1
| #define HAVE_MBRTOWC 1
| #define HAVE_MBSINIT 1
| #define HAVE_REALPATH 1
| #define HAVE_LSTAT 1
| #define HAVE_FCNTL 1
| #define HAVE_SYMLINK 1
| #define HAVE_LISTXATTR 1
| #define HAVE_GETDTABLESIZE 1
| #define HAVE_ISWCNTRL 1
| #define HAVE_MPROTECT 1
| #define HAVE_READLINK 1
| #define HAVE_ISBLANK 1
| #define HAVE_ISWCTYPE 1
| #define HAVE_LINK 1
| #define HAVE_VASPRINTF 1
| #define HAVE___XPG_STRERROR_R 1
| #define HAVE_STRTOIMAX 1
| #define HAVE_WCRTOMB 1
| #define HAVE_WCTOB 1
| #define HAVE_FPURGE 1
| #define HAVE_GETTIMEOFDAY 1
| #define HAVE_PIPE 1
| #define HAVE_PSELECT 1
| #define HAVE_PTHREAD_SIGMASK 1
| #define HAVE_SIGPROCMASK 1
| #define HAVE_SETENV 1
| #define HAVE_SLEEP 1
| #define HAVE_SNPRINTF 1
| #define HAVE_SHUTDOWN 1
| #define HAVE_ISATTY 1
| #define HAVE_ISASCII 1
| #define HAVE_MEMCPY 1
| #define HAVE_STRCHR 1
| #define HAVE_STRTOUL 1
| #define HAVE_POPEN 1
| #define HAVE_PATHCONF 1
| #define HAVE_FCHOWN 1
| #define HAVE_SETLOCALE 1
| #define USE_ACL 0
| #define HAVE_ALLOCA_H 1
| #define HAVE_ALLOCA 1
| #define HAVE_WINT_T 1
| #define HAVE_LANGINFO_CODESET 1
| #define BITSIZEOF_WCHAR_T 32
| #define HAVE_MBSTATE_T 1
| #define HAVE_WORKING_MBRTOC32 1
| #define HAVE_WORKING_C32RTOMB 1
| #define HAVE_MALLOC_PTRDIFF 1
| #define HAVE_MALLOC_POSIX 1
| #define LSTAT_FOLLOWS_SLASHED_SYMLINK 1
| #define FUNC_REALPATH_NEARLY_WORKS 1
| #define HAVE_FACCESSAT 1
| #define HAVE_GETCWD 1
| #define HAVE_DECL_STRERROR_R 1
| #define HAVE_STRERROR_R 1
| #define HAVE_WORKING_O_DIRECTORY 1
| #define HAVE_WORKING_O_NOATIME 1
| #define HAVE_WORKING_O_NOFOLLOW 1
| #define USE_SELINUX_SELINUX_H 0
| #define restrict __restrict__
| #define HAVE_DECL_GETDELIM 1
| #define HAVE_DECL_GETDTABLESIZE 1
| #define HAVE_GETOPT_H 1
| #define HAVE_GETOPT_LONG_ONLY 1
| #define MUSL_LIBC 1
| #define HAVE_PTHREAD_API 1
| #define SETLOCALE_NULL_ALL_MTSAFE 0
| #define SETLOCALE_NULL_ONE_MTSAFE 1
| #define HAVE_WEAK_SYMBOLS 1
| #define HAVE_LONG_LONG_INT 1
| #define HAVE_UNSIGNED_LONG_LONG_INT 1
| #define HAVE_TOWLOWER 1
| #define AVOID_ANY_THREADS 1
| #define HAVE_MALLOC_0_NONNULL 1
| #define HAVE_DECL_MEMEQ 0
| #define HAVE_DECL_MEMRCHR 1
| #define HAVE_MINMAX_IN_SYS_PARAM_H 1
| #define PROMOTED_MODE_T mode_t
| #define HAVE_PTHREAD_T 1
| #define HAVE_PTHREAD_SPINLOCK_T 1
| #define HAVE_DECL_ALARM 1
| #define HAVE_SCHED_H 1
| #define HAVE_DECL_FCLOSEALL 0
| #define HAVE_DECL_GETW 1
| #define HAVE_DECL_PUTW 1
| #define HAVE_DECL_ECVT 1
| #define HAVE_DECL_FCVT 1
| #define HAVE_DECL_GCVT 1
| #define HAVE_DECL_STREQ 0
| #define HAVE_STRERROR_R 1
| #define HAVE_DECL_STRTOIMAX 1
| #define _USE_STD_STAT 1
| #define HAVE_DECL_EXECVPE 1
| #define HAVE_DECL_CLEARERR_UNLOCKED 1
| #define HAVE_DECL_FEOF_UNLOCKED 1
| #define HAVE_DECL_FERROR_UNLOCKED 1
| #define HAVE_DECL_FFLUSH_UNLOCKED 1
| #define HAVE_DECL_FGETS_UNLOCKED 1
| #define HAVE_DECL_FILENO_UNLOCKED 1
| #define HAVE_DECL_FPUTC_UNLOCKED 1
| #define HAVE_DECL_FPUTS_UNLOCKED 1
| #define HAVE_DECL_FREAD_UNLOCKED 1
| #define HAVE_DECL_FWRITE_UNLOCKED 1
| #define HAVE_DECL_GETC_UNLOCKED 1
| #define HAVE_DECL_GETCHAR_UNLOCKED 1
| #define HAVE_DECL_PUTC_UNLOCKED 1
| #define HAVE_DECL_PUTCHAR_UNLOCKED 1
| #define HAVE_DECL_WCSDUP 1
| #define HAVE_SHUTDOWN 1
| #define HAVE_STRUCT_SOCKADDR_STORAGE 1
| #define HAVE_SA_FAMILY_T 1
| #define HAVE_STRUCT_SOCKADDR_STORAGE_SS_FAMILY 1
| #define HAVE_ENVIRON_DECL 1
| #define FUNC_FFLUSH_STDIN 1
| #define HAVE_FREXP 1
| #define HAVE_FREXPL 1
| #define HAVE_DECL_FSEEKO 1
| #define FUNC_FFLUSH_STDIN 1
| #define HAVE_DECL_FTELLO 1
| #define HAVE_USELOCALE 1
| #define HAVE_WORKING_USELOCALE 1
| #define HAVE_GOOD_USELOCALE 1
| #define HAVE_IPV4 1
| #define HAVE_IPV6 1
| #define DBL_EXPBIT0_WORD 1
| #define DBL_EXPBIT0_BIT 20
| #define FLT_EXPBIT0_WORD 0
| #define FLT_EXPBIT0_BIT 23
| #define LDBL_EXPBIT0_WORD 2
| #define LDBL_EXPBIT0_BIT 0
| #define HAVE_LC_MESSAGES 1
| #define HAVE_DECL__PUTENV 0
| #define HAVE_SIGSET_T 1
| #define HAVE_DECL_INITSTATE 1
| #define HAVE_DECL_SETSTATE 1
| #define HAVE_DECL_SETENV 1
| #define HAVE_SEARCH_H 1
| #define HAVE_TSEARCH 1
| #define HAVE_DECL_STRDUP 1
| #define HAVE_DECL_UNSETENV 1
| #define HAVE_C_ALIGNASOF 1
| #define HAVE_ALLOCA 1
| #define HAVE_C_STATIC_ASSERT 1
| #define HAVE_C_BOOL 1
| #define GNULIB_TEST_BTOWC 1
| #define HAVE___BUILTIN_EXPECT 1
| #define GNULIB_TEST_C32ISPRINT 1
| #define GNULIB_TEST_C32ISSPACE 1
| #define GNULIB_TEST_C32RTOMB 1
| #define GNULIB_TEST_C32TOB 1
| #define GNULIB_TEST_C32TOLOWER 1
| #define GNULIB_TEST_C32TOUPPER 1
| #define GNULIB_TEST_CALLOC_GNU 1
| #define GNULIB_TEST_CALLOC_POSIX 1
| #define GNULIB_CANONICALIZE_LGPL 1
| #define GNULIB_TEST_CANONICALIZE_FILE_NAME 1
| #define GNULIB_TEST_REALPATH 1
| #define GNULIB_TEST_CHDIR 1
| #define HAVE_CLOCK_GETRES 1
| #define HAVE_CLOCK_GETTIME 1
| #define HAVE_CLOCK_SETTIME 1
| #define GNULIB_TEST_CLOEXEC 1
| #define GNULIB_TEST_CLOSE 1
| #define GNULIB_CLOSE 1
| #define GNULIB_TEST_DUP2 1
| #define GNULIB_TEST_FCNTL 1
| #define FLEXIBLE_ARRAY_MEMBER /**/
| #define GNULIB_TEST_FREE_POSIX 1
| #define HAVE___FSETERR 1
| #define GNULIB_TEST_FSTAT 1
| #define GNULIB_FSTAT 1
| #define HAVE___FWRITING 1
| #define HAVE_GETDELIM 1
| #define GNULIB_TEST_GETDELIM 1
| #define GNULIB_TEST_GETDTABLESIZE 1
| #define __GETOPT_PREFIX rpl_
| #define GNULIB_TEST_GETOPT_POSIX 1
| #define HAVE_DECL_PROGRAM_INVOCATION_NAME 1
| #define HAVE_DECL_PROGRAM_INVOCATION_NAME 1
| #define HAVE_DECL_PROGRAM_INVOCATION_SHORT_NAME 1
| /* end confdefs.h.  */
| #include <stdlib.h>
| 
| int
| main (void)
| {
| #ifndef __argv
| #ifdef __cplusplus
|   (void) __argv;
| #else
|   (void) __argv;
| #endif
| #endif
| 
|   ;
|   return 0;
| }
configure:36022: result: no
configure:36110: checking for getrandom
configure:36152: checking for getrandom
configure:36152: gcc -o conftest -g -O2   conftest.c  >&5
configure:36152: $? = 0
configure:36152: result: yes
configure:36168: result: yes
configure:36188: checking whether getrandom is compatible with its GNU+BSD signature
configure:36212: gcc -c -g -O2  conftest.c >&5
configure:36212: $? = 0
configure:36223: result: yes
configure:36418: checking for iswblank
configure:36455: checking for iswblank
configure:36455: gcc -o conftest -g -O2   conftest.c  >&5
conftest.c:277:6: warning: conflicting types for built-in function 'iswblank'; expected 'int(unsigned int)' [-Wbuiltin-declaration-mismatch]
  277 | char iswblank (void);
      |      ^~~~~~~~
conftest.c:269:1: note: 'iswblank' is declared in header '<wctype.h>'
  268 | #include <limits.h>
  269 | #undef iswblank
configure:36455: $? = 0
configure:36455: result: yes
configure:36471: result: yes
configure:36485: checking whether iswblank is declared
configure:36485: gcc -c -g -O2   conftest.c >&5
configure:36485: $? = 0
configure:36485: result: yes
configure:36601: checking whether iswdigit is ISO C compliant
configure:36696: gcc -o conftest -g -O2   conftest.c  >&5
configure:36696: $? = 0
configure:36696: ./conftest
configure:36696: $? = 0
configure:36712: result: yes
configure:36760: checking whether iswpunct is consistent with ispunct
configure:36792: gcc -o conftest -g -O2   conftest.c  >&5
configure:36792: $? = 0
configure:36792: ./conftest
configure:36792: $? = 0
configure:36807: result: yes
configure:36859: checking whether iswxdigit is ISO C compliant
configure:36945: gcc -o conftest -g -O2   conftest.c  >&5
configure:36945: $? = 0
configure:36945: ./conftest
configure:36945: $? = 0
configure:36961: result: yes
configure:37011: checking whether the compiler supports the __inline keyword
configure:37029: gcc -c -g -O2  conftest.c >&5
configure:37029: $? = 0
configure:37039: result: yes
configure:37101: checking whether localeconv works
configure:37133: gcc -o conftest -g -O2   conftest.c  >&5
configure:37133: $? = 0
configure:37133: ./conftest
configure:37133: $? = 0
configure:37148: result: yes
configure:37606: checking whether mbrtoc32 works on empty input
configure:37641: gcc -o conftest -g -O2   conftest.c  >&5
configure:37641: $? = 0
configure:37641: ./conftest
configure:37641: $? = 0
configure:37656: result: yes
configure:37660: checking whether the C locale is free of encoding errors
configure:37707: gcc -o conftest -g -O2   conftest.c  >&5
configure:37707: $? = 0
configure:37707: ./conftest
configure:37707: $? = 0
configure:37722: result: yes
configure:37726: checking whether mbrtoc32 works in an UTF-8 locale
configure:37777: gcc -o conftest -g -O2   conftest.c  >&5
configure:37777: $? = 0
configure:37777: ./conftest
configure:37777: $? = 0
configure:37792: result: yes
configure:38025: checking whether mbrtowc handles a NULL pwc argument
configure:38079: gcc -o conftest -g -O2   conftest.c  >&5
configure:38079: $? = 0
configure:38079: ./conftest
configure:38079: $? = 0
configure:38095: result: yes
configure:38103: checking whether mbrtowc has a correct return value
configure:38217: gcc -o conftest -g -O2   conftest.c  >&5
configure:38217: $? = 0
configure:38217: ./conftest
configure:38217: $? = 0
configure:38236: result: yes
configure:38242: checking whether mbrtowc returns 0 when parsing a NUL character
configure:38297: result: guessing yes
configure:38302: checking whether mbrtowc stores incomplete characters
configure:38413: gcc -o conftest -g -O2   conftest.c  >&5
configure:38413: $? = 0
configure:38413: ./conftest
configure:38413: $? = 0
configure:38431: result: no
configure:38436: checking whether mbrtowc works on empty input
configure:38467: gcc -o conftest -g -O2   conftest.c  >&5
configure:38467: $? = 0
configure:38467: ./conftest
configure:38467: $? = 0
configure:38482: result: yes
configure:38486: checking whether the C locale is free of encoding errors
configure:38545: result: yes
configure:39028: checking for mbtowc
configure:39065: checking for mbtowc
configure:39065: gcc -o conftest -g -O2   conftest.c  >&5
configure:39065: $? = 0
configure:39065: result: yes
configure:39081: result: yes
configure:39237: checking for mempcpy
configure:39274: checking for mempcpy
configure:39274: gcc -o conftest -g -O2   conftest.c  >&5
conftest.c:301:6: warning: conflicting types for built-in function 'mempcpy'; expected 'void *(void *, const void *, long unsigned int)' [-Wbuiltin-declaration-mismatch]
  301 | char mempcpy (void);
      |      ^~~~~~~
configure:39274: $? = 0
configure:39274: result: yes
configure:39290: result: yes
configure:39365: checking for memrchr
configure:39365: gcc -o conftest -g -O2   conftest.c  >&5
configure:39365: $? = 0
configure:39365: result: yes
configure:39421: checking whether mkdir handles trailing slash
configure:39480: gcc -o conftest -g -O2   conftest.c  >&5
configure:39480: $? = 0
configure:39480: ./conftest
configure:39480: $? = 0
configure:39496: result: yes
configure:39505: checking whether mkdir handles trailing dot
configure:39545: gcc -o conftest -g -O2   conftest.c  >&5
configure:39545: $? = 0
configure:39545: ./conftest
configure:39545: $? = 0
configure:39562: result: yes
configure:39614: checking for mkostemp
configure:39651: checking for mkostemp
configure:39651: gcc -o conftest -g -O2   conftest.c  >&5
configure:39651: $? = 0
configure:39651: result: yes
configure:39667: result: yes
configure:39773: checking for nl_langinfo
configure:39810: checking for nl_langinfo
configure:39810: gcc -o conftest -g -O2   conftest.c  >&5
configure:39810: $? = 0
configure:39810: result: yes
configure:39826: result: yes
configure:40097: checking whether open recognizes a trailing slash
configure:40142: gcc -o conftest -g -O2   conftest.c  >&5
configure:40142: $? = 0
configure:40142: ./conftest
configure:40142: $? = 0
configure:40158: result: yes
configure:40223: checking for Perl 5.005 or newer
configure:40251: result: perl
configure:40275: checking whether program_invocation_name is declared
configure:40275: result: yes
configure:40286: checking whether program_invocation_short_name is declared
configure:40286: result: yes
configure:40303: checking for PTHREAD_CREATE_DETACHED
configure:40322: gcc -c -g -O2  conftest.c >&5
configure:40322: $? = 0
configure:40333: result: yes
configure:40339: checking for PTHREAD_MUTEX_RECURSIVE
configure:40358: gcc -c -g -O2  conftest.c >&5
configure:40358: $? = 0
configure:40369: result: yes
configure:40375: checking for PTHREAD_MUTEX_ROBUST
configure:40394: gcc -c -g -O2  conftest.c >&5
configure:40394: $? = 0
configure:40405: result: yes
configure:40411: checking for PTHREAD_PROCESS_SHARED
configure:40430: gcc -c -g -O2  conftest.c >&5
configure:40430: $? = 0
configure:40441: result: yes
configure:40476: checking whether pthread_once works
configure:40489: result: yes
configure:40496: checking whether pthread_once can be used without linking with libpthread
configure:40535: gcc -o conftest -g -O2   conftest.c  >&5
configure:40535: $? = 0
configure:40535: ./conftest
configure:40535: $? = 0
configure:40550: result: yes
configure:40615: checking for xattr library with ATTR_ACTION_PERMISSIONS
configure:40641: gcc -o conftest -g -O2   conftest.c  >&5
conftest.c:302:10: fatal error: attr/error_context.h: No such file or directory
  302 | #include <attr/error_context.h>
      |          ^~~~~~~~~~~~~~~~~~~~~~
compilation terminated.
configure:40641: $? = 1
configure: failed program was:
| /* confdefs.h */
| #define PACKAGE_NAME "GNU sed"
| #define PACKAGE_TARNAME "sed"
| #define PACKAGE_VERSION "4.10"
| #define PACKAGE_STRING "GNU sed 4.10"
| #define PACKAGE_BUGREPORT "bug-sed@gnu.org"
| #define PACKAGE_URL "https://www.gnu.org/software/sed/"
| #define PACKAGE "sed"
| #define VERSION "4.10"
| #define HAVE_STDIO_H 1
| #define HAVE_STDLIB_H 1
| #define HAVE_STRING_H 1
| #define HAVE_INTTYPES_H 1
| #define HAVE_STDINT_H 1
| #define HAVE_STRINGS_H 1
| #define HAVE_SYS_STAT_H 1
| #define HAVE_SYS_TYPES_H 1
| #define HAVE_UNISTD_H 1
| #define HAVE_WCHAR_H 1
| #define HAVE_STDBOOL_H 1
| #define HAVE_UCHAR_H 1
| #define HAVE_SYS_PARAM_H 1
| #define HAVE_SYS_SOCKET_H 1
| #define HAVE_DIRENT_H 1
| #define HAVE_LINUX_XATTR_H 1
| #define HAVE_STDIO_EXT_H 1
| #define HAVE_GETOPT_H 1
| #define HAVE_THREADS_H 1
| #define HAVE_LIMITS_H 1
| #define HAVE_WCTYPE_H 1
| #define HAVE_LANGINFO_H 1
| #define HAVE_SYS_MMAN_H 1
| #define HAVE_PTHREAD_H 1
| #define HAVE_MALLOC_H 1
| #define HAVE_SYS_TIME_H 1
| #define HAVE_STDCKDINT_H 1
| #define HAVE_SYS_RANDOM_H 1
| #define HAVE_FEATURES_H 1
| #define HAVE_ARPA_INET_H 1
| #define HAVE_NETDB_H 1
| #define HAVE_NETINET_IN_H 1
| #define HAVE_MATH_H 1
| #define HAVE_SYS_SELECT_H 1
| #define HAVE_SYS_WAIT_H 1
| #define HAVE_SEMAPHORE_H 1
| #define HAVE_SYS_IOCTL_H 1
| #define HAVE_SYS_UN_H 1
| #define HAVE_SYS_UIO_H 1
| #define HAVE_LOCALE_H 1
| #define HAVE_ERRNO_H 1
| #define STDC_HEADERS 1
| #define _ALL_SOURCE 1
| #define _COSMO_SOURCE 1
| #define _DARWIN_C_SOURCE 1
| #define _GNU_SOURCE 1
| #define _HPUX_ALT_XOPEN_SOCKET_API 1
| #define _NETBSD_SOURCE 1
| #define _OPENBSD_SOURCE 1
| #define _POSIX_PTHREAD_SEMANTICS 1
| #define __STDC_WANT_IEC_60559_ATTRIBS_EXT__ 1
| #define __STDC_WANT_IEC_60559_BFP_EXT__ 1
| #define __STDC_WANT_IEC_60559_DFP_EXT__ 1
| #define __STDC_WANT_IEC_60559_EXT__ 1
| #define __STDC_WANT_IEC_60559_FUNCS_EXT__ 1
| #define __STDC_WANT_IEC_60559_TYPES_EXT__ 1
| #define __STDC_WANT_LIB_EXT2__ 1
| #define __STDC_WANT_MATH_SPEC_FUNCS__ 1
| #define _TANDEM_SOURCE 1
| #define __EXTENSIONS__ 1
| #define _LINUX_SOURCE_COMPAT 1
| #define __USE_MINGW_ANSI_STDIO 1
| #define HAVE_FCHMOD 1
| #define HAVE_BTOWC 1
| #define HAVE_MBRTOWC 1
| #define HAVE_MBSINIT 1
| #define HAVE_REALPATH 1
| #define HAVE_LSTAT 1
| #define HAVE_FCNTL 1
| #define HAVE_SYMLINK 1
| #define HAVE_LISTXATTR 1
| #define HAVE_GETDTABLESIZE 1
| #define HAVE_ISWCNTRL 1
| #define HAVE_MPROTECT 1
| #define HAVE_READLINK 1
| #define HAVE_ISBLANK 1
| #define HAVE_ISWCTYPE 1
| #define HAVE_LINK 1
| #define HAVE_VASPRINTF 1
| #define HAVE___XPG_STRERROR_R 1
| #define HAVE_STRTOIMAX 1
| #define HAVE_WCRTOMB 1
| #define HAVE_WCTOB 1
| #define HAVE_FPURGE 1
| #define HAVE_GETTIMEOFDAY 1
| #define HAVE_PIPE 1
| #define HAVE_PSELECT 1
| #define HAVE_PTHREAD_SIGMASK 1
| #define HAVE_SIGPROCMASK 1
| #define HAVE_SETENV 1
| #define HAVE_SLEEP 1
| #define HAVE_SNPRINTF 1
| #define HAVE_SHUTDOWN 1
| #define HAVE_ISATTY 1
| #define HAVE_ISASCII 1
| #define HAVE_MEMCPY 1
| #define HAVE_STRCHR 1
| #define HAVE_STRTOUL 1
| #define HAVE_POPEN 1
| #define HAVE_PATHCONF 1
| #define HAVE_FCHOWN 1
| #define HAVE_SETLOCALE 1
| #define USE_ACL 0
| #define HAVE_ALLOCA_H 1
| #define HAVE_ALLOCA 1
| #define HAVE_WINT_T 1
| #define HAVE_LANGINFO_CODESET 1
| #define BITSIZEOF_WCHAR_T 32
| #define HAVE_MBSTATE_T 1
| #define HAVE_WORKING_MBRTOC32 1
| #define HAVE_WORKING_C32RTOMB 1
| #define HAVE_MALLOC_PTRDIFF 1
| #define HAVE_MALLOC_POSIX 1
| #define LSTAT_FOLLOWS_SLASHED_SYMLINK 1
| #define FUNC_REALPATH_NEARLY_WORKS 1
| #define HAVE_FACCESSAT 1
| #define HAVE_GETCWD 1
| #define HAVE_DECL_STRERROR_R 1
| #define HAVE_STRERROR_R 1
| #define HAVE_WORKING_O_DIRECTORY 1
| #define HAVE_WORKING_O_NOATIME 1
| #define HAVE_WORKING_O_NOFOLLOW 1
| #define USE_SELINUX_SELINUX_H 0
| #define restrict __restrict__
| #define HAVE_DECL_GETDELIM 1
| #define HAVE_DECL_GETDTABLESIZE 1
| #define HAVE_GETOPT_H 1
| #define HAVE_GETOPT_LONG_ONLY 1
| #define MUSL_LIBC 1
| #define HAVE_PTHREAD_API 1
| #define SETLOCALE_NULL_ALL_MTSAFE 0
| #define SETLOCALE_NULL_ONE_MTSAFE 1
| #define HAVE_WEAK_SYMBOLS 1
| #define HAVE_LONG_LONG_INT 1
| #define HAVE_UNSIGNED_LONG_LONG_INT 1
| #define HAVE_TOWLOWER 1
| #define AVOID_ANY_THREADS 1
| #define HAVE_MALLOC_0_NONNULL 1
| #define HAVE_DECL_MEMEQ 0
| #define HAVE_DECL_MEMRCHR 1
| #define HAVE_MINMAX_IN_SYS_PARAM_H 1
| #define PROMOTED_MODE_T mode_t
| #define HAVE_PTHREAD_T 1
| #define HAVE_PTHREAD_SPINLOCK_T 1
| #define HAVE_DECL_ALARM 1
| #define HAVE_SCHED_H 1
| #define HAVE_DECL_FCLOSEALL 0
| #define HAVE_DECL_GETW 1
| #define HAVE_DECL_PUTW 1
| #define HAVE_DECL_ECVT 1
| #define HAVE_DECL_FCVT 1
| #define HAVE_DECL_GCVT 1
| #define HAVE_DECL_STREQ 0
| #define HAVE_STRERROR_R 1
| #define HAVE_DECL_STRTOIMAX 1
| #define _USE_STD_STAT 1
| #define HAVE_DECL_EXECVPE 1
| #define HAVE_DECL_CLEARERR_UNLOCKED 1
| #define HAVE_DECL_FEOF_UNLOCKED 1
| #define HAVE_DECL_FERROR_UNLOCKED 1
| #define HAVE_DECL_FFLUSH_UNLOCKED 1
| #define HAVE_DECL_FGETS_UNLOCKED 1
| #define HAVE_DECL_FILENO_UNLOCKED 1
| #define HAVE_DECL_FPUTC_UNLOCKED 1
| #define HAVE_DECL_FPUTS_UNLOCKED 1
| #define HAVE_DECL_FREAD_UNLOCKED 1
| #define HAVE_DECL_FWRITE_UNLOCKED 1
| #define HAVE_DECL_GETC_UNLOCKED 1
| #define HAVE_DECL_GETCHAR_UNLOCKED 1
| #define HAVE_DECL_PUTC_UNLOCKED 1
| #define HAVE_DECL_PUTCHAR_UNLOCKED 1
| #define HAVE_DECL_WCSDUP 1
| #define HAVE_SHUTDOWN 1
| #define HAVE_STRUCT_SOCKADDR_STORAGE 1
| #define HAVE_SA_FAMILY_T 1
| #define HAVE_STRUCT_SOCKADDR_STORAGE_SS_FAMILY 1
| #define HAVE_ENVIRON_DECL 1
| #define FUNC_FFLUSH_STDIN 1
| #define HAVE_FREXP 1
| #define HAVE_FREXPL 1
| #define HAVE_DECL_FSEEKO 1
| #define FUNC_FFLUSH_STDIN 1
| #define HAVE_DECL_FTELLO 1
| #define HAVE_USELOCALE 1
| #define HAVE_WORKING_USELOCALE 1
| #define HAVE_GOOD_USELOCALE 1
| #define HAVE_IPV4 1
| #define HAVE_IPV6 1
| #define DBL_EXPBIT0_WORD 1
| #define DBL_EXPBIT0_BIT 20
| #define FLT_EXPBIT0_WORD 0
| #define FLT_EXPBIT0_BIT 23
| #define LDBL_EXPBIT0_WORD 2
| #define LDBL_EXPBIT0_BIT 0
| #define HAVE_LC_MESSAGES 1
| #define HAVE_DECL__PUTENV 0
| #define HAVE_SIGSET_T 1
| #define HAVE_DECL_INITSTATE 1
| #define HAVE_DECL_SETSTATE 1
| #define HAVE_DECL_SETENV 1
| #define HAVE_SEARCH_H 1
| #define HAVE_TSEARCH 1
| #define HAVE_DECL_STRDUP 1
| #define HAVE_DECL_UNSETENV 1
| #define HAVE_C_ALIGNASOF 1
| #define HAVE_ALLOCA 1
| #define HAVE_C_STATIC_ASSERT 1
| #define HAVE_C_BOOL 1
| #define GNULIB_TEST_BTOWC 1
| #define HAVE___BUILTIN_EXPECT 1
| #define GNULIB_TEST_C32ISPRINT 1
| #define GNULIB_TEST_C32ISSPACE 1
| #define GNULIB_TEST_C32RTOMB 1
| #define GNULIB_TEST_C32TOB 1
| #define GNULIB_TEST_C32TOLOWER 1
| #define GNULIB_TEST_C32TOUPPER 1
| #define GNULIB_TEST_CALLOC_GNU 1
| #define GNULIB_TEST_CALLOC_POSIX 1
| #define GNULIB_CANONICALIZE_LGPL 1
| #define GNULIB_TEST_CANONICALIZE_FILE_NAME 1
| #define GNULIB_TEST_REALPATH 1
| #define GNULIB_TEST_CHDIR 1
| #define HAVE_CLOCK_GETRES 1
| #define HAVE_CLOCK_GETTIME 1
| #define HAVE_CLOCK_SETTIME 1
| #define GNULIB_TEST_CLOEXEC 1
| #define GNULIB_TEST_CLOSE 1
| #define GNULIB_CLOSE 1
| #define GNULIB_TEST_DUP2 1
| #define GNULIB_TEST_FCNTL 1
| #define FLEXIBLE_ARRAY_MEMBER /**/
| #define GNULIB_TEST_FREE_POSIX 1
| #define HAVE___FSETERR 1
| #define GNULIB_TEST_FSTAT 1
| #define GNULIB_FSTAT 1
| #define HAVE___FWRITING 1
| #define HAVE_GETDELIM 1
| #define GNULIB_TEST_GETDELIM 1
| #define GNULIB_TEST_GETDTABLESIZE 1
| #define __GETOPT_PREFIX rpl_
| #define GNULIB_TEST_GETOPT_POSIX 1
| #define HAVE_DECL_PROGRAM_INVOCATION_NAME 1
| #define HAVE_DECL_PROGRAM_INVOCATION_NAME 1
| #define HAVE_DECL_PROGRAM_INVOCATION_SHORT_NAME 1
| #define HAVE_DECL___ARGV 0
| #define GNULIB_TEST_GETPROGNAME 1
| #define HAVE_GETRANDOM 1
| #define GNULIB_TEST_GETRANDOM 1
| #define GNULIB_LOCALEDIR "/usr/share/locale"
| #define GNULIB_ISSYMLINK 1
| #define HAVE_ISWBLANK 1
| #define HAVE_DECL_ISWBLANK 1
| #define GNULIB_TEST_ISWBLANK 1
| #define GNULIB_TEST_ISWCTYPE 1
| #define GNULIB_TEST_ISWDIGIT 1
| #define GNULIB_TEST_ISWPUNCT 1
| #define GNULIB_TEST_ISWXDIGIT 1
| #define HAVE___INLINE 1
| #define GNULIB_TEST_LOCALECONV 1
| #define GNULIB_LOCALECONV 1
| #define GNULIB_LOCK 1
| #define GNULIB_TEST_LSTAT 1
| #define GNULIB_LSTAT 1
| #define GNULIB_TEST_MALLOC_GNU 1
| #define GNULIB_TEST_MALLOC_POSIX 1
| #define GNULIB_TEST_MBRTOC32 1
| #define GNULIB_MBRTOC32_REGULAR 1
| #define GNULIB_TEST_MBRTOWC 1
| #define GNULIB_TEST_MBSINIT 1
| #define GNULIB_TEST_MBSZERO 1
| #define HAVE_MBTOWC 1
| #define GNULIB_TEST_MBTOWC 1
| #define GNULIB_TEST_MEMCHR 1
| #define GNULIB_TEST_MEMEQ 1
| #define HAVE_MEMPCPY 1
| #define GNULIB_TEST_MEMPCPY 1
| #define HAVE_MEMRCHR 1
| #define GNULIB_TEST_MEMRCHR 1
| #define GNULIB_TEST_MKDIR 1
| #define HAVE_MKOSTEMP 1
| #define GNULIB_MKOSTEMP 1
| #define GNULIB_TEST_MKOSTEMP 1
| #define GNULIB_MSVC_NOTHROW 1
| #define HAVE_NL_LANGINFO 1
| #define NL_LANGINFO_MTSAFE 1
| #define REPLACE_NL_LANGINFO 1
| #define GNULIB_TEST_NL_LANGINFO 1
| #define GNULIB_TEST_OPEN 1
| #define HAVE_DECL_PROGRAM_INVOCATION_NAME 1
| #define HAVE_DECL_PROGRAM_INVOCATION_SHORT_NAME 1
| #define GNULIB_TEST_PTHREAD_ONCE 1
| /* end confdefs.h.  */
| #include <attr/error_context.h>
|               #include <attr/libattr.h>
|               static int
|               is_attr_permissions (const char *name, struct error_context *ctx)
|               {
|                 return attr_copy_action (name, ctx) == ATTR_ACTION_PERMISSIONS;
|               }
| 
| int
| main (void)
| {
| return attr_copy_fd ("/", 0, "/", 0, is_attr_permissions, 0);
| 
|   ;
|   return 0;
| }
configure:40647: gcc -o conftest -g -O2   conftest.c -lattr  >&5
conftest.c:302:10: fatal error: attr/error_context.h: No such file or directory
  302 | #include <attr/error_context.h>
      |          ^~~~~~~~~~~~~~~~~~~~~~
compilation terminated.
configure:40647: $? = 1
configure: failed program was:
| /* confdefs.h */
| #define PACKAGE_NAME "GNU sed"
| #define PACKAGE_TARNAME "sed"
| #define PACKAGE_VERSION "4.10"
| #define PACKAGE_STRING "GNU sed 4.10"
| #define PACKAGE_BUGREPORT "bug-sed@gnu.org"
| #define PACKAGE_URL "https://www.gnu.org/software/sed/"
| #define PACKAGE "sed"
| #define VERSION "4.10"
| #define HAVE_STDIO_H 1
| #define HAVE_STDLIB_H 1
| #define HAVE_STRING_H 1
| #define HAVE_INTTYPES_H 1
| #define HAVE_STDINT_H 1
| #define HAVE_STRINGS_H 1
| #define HAVE_SYS_STAT_H 1
| #define HAVE_SYS_TYPES_H 1
| #define HAVE_UNISTD_H 1
| #define HAVE_WCHAR_H 1
| #define HAVE_STDBOOL_H 1
| #define HAVE_UCHAR_H 1
| #define HAVE_SYS_PARAM_H 1
| #define HAVE_SYS_SOCKET_H 1
| #define HAVE_DIRENT_H 1
| #define HAVE_LINUX_XATTR_H 1
| #define HAVE_STDIO_EXT_H 1
| #define HAVE_GETOPT_H 1
| #define HAVE_THREADS_H 1
| #define HAVE_LIMITS_H 1
| #define HAVE_WCTYPE_H 1
| #define HAVE_LANGINFO_H 1
| #define HAVE_SYS_MMAN_H 1
| #define HAVE_PTHREAD_H 1
| #define HAVE_MALLOC_H 1
| #define HAVE_SYS_TIME_H 1
| #define HAVE_STDCKDINT_H 1
| #define HAVE_SYS_RANDOM_H 1
| #define HAVE_FEATURES_H 1
| #define HAVE_ARPA_INET_H 1
| #define HAVE_NETDB_H 1
| #define HAVE_NETINET_IN_H 1
| #define HAVE_MATH_H 1
| #define HAVE_SYS_SELECT_H 1
| #define HAVE_SYS_WAIT_H 1
| #define HAVE_SEMAPHORE_H 1
| #define HAVE_SYS_IOCTL_H 1
| #define HAVE_SYS_UN_H 1
| #define HAVE_SYS_UIO_H 1
| #define HAVE_LOCALE_H 1
| #define HAVE_ERRNO_H 1
| #define STDC_HEADERS 1
| #define _ALL_SOURCE 1
| #define _COSMO_SOURCE 1
| #define _DARWIN_C_SOURCE 1
| #define _GNU_SOURCE 1
| #define _HPUX_ALT_XOPEN_SOCKET_API 1
| #define _NETBSD_SOURCE 1
| #define _OPENBSD_SOURCE 1
| #define _POSIX_PTHREAD_SEMANTICS 1
| #define __STDC_WANT_IEC_60559_ATTRIBS_EXT__ 1
| #define __STDC_WANT_IEC_60559_BFP_EXT__ 1
| #define __STDC_WANT_IEC_60559_DFP_EXT__ 1
| #define __STDC_WANT_IEC_60559_EXT__ 1
| #define __STDC_WANT_IEC_60559_FUNCS_EXT__ 1
| #define __STDC_WANT_IEC_60559_TYPES_EXT__ 1
| #define __STDC_WANT_LIB_EXT2__ 1
| #define __STDC_WANT_MATH_SPEC_FUNCS__ 1
| #define _TANDEM_SOURCE 1
| #define __EXTENSIONS__ 1
| #define _LINUX_SOURCE_COMPAT 1
| #define __USE_MINGW_ANSI_STDIO 1
| #define HAVE_FCHMOD 1
| #define HAVE_BTOWC 1
| #define HAVE_MBRTOWC 1
| #define HAVE_MBSINIT 1
| #define HAVE_REALPATH 1
| #define HAVE_LSTAT 1
| #define HAVE_FCNTL 1
| #define HAVE_SYMLINK 1
| #define HAVE_LISTXATTR 1
| #define HAVE_GETDTABLESIZE 1
| #define HAVE_ISWCNTRL 1
| #define HAVE_MPROTECT 1
| #define HAVE_READLINK 1
| #define HAVE_ISBLANK 1
| #define HAVE_ISWCTYPE 1
| #define HAVE_LINK 1
| #define HAVE_VASPRINTF 1
| #define HAVE___XPG_STRERROR_R 1
| #define HAVE_STRTOIMAX 1
| #define HAVE_WCRTOMB 1
| #define HAVE_WCTOB 1
| #define HAVE_FPURGE 1
| #define HAVE_GETTIMEOFDAY 1
| #define HAVE_PIPE 1
| #define HAVE_PSELECT 1
| #define HAVE_PTHREAD_SIGMASK 1
| #define HAVE_SIGPROCMASK 1
| #define HAVE_SETENV 1
| #define HAVE_SLEEP 1
| #define HAVE_SNPRINTF 1
| #define HAVE_SHUTDOWN 1
| #define HAVE_ISATTY 1
| #define HAVE_ISASCII 1
| #define HAVE_MEMCPY 1
| #define HAVE_STRCHR 1
| #define HAVE_STRTOUL 1
| #define HAVE_POPEN 1
| #define HAVE_PATHCONF 1
| #define HAVE_FCHOWN 1
| #define HAVE_SETLOCALE 1
| #define USE_ACL 0
| #define HAVE_ALLOCA_H 1
| #define HAVE_ALLOCA 1
| #define HAVE_WINT_T 1
| #define HAVE_LANGINFO_CODESET 1
| #define BITSIZEOF_WCHAR_T 32
| #define HAVE_MBSTATE_T 1
| #define HAVE_WORKING_MBRTOC32 1
| #define HAVE_WORKING_C32RTOMB 1
| #define HAVE_MALLOC_PTRDIFF 1
| #define HAVE_MALLOC_POSIX 1
| #define LSTAT_FOLLOWS_SLASHED_SYMLINK 1
| #define FUNC_REALPATH_NEARLY_WORKS 1
| #define HAVE_FACCESSAT 1
| #define HAVE_GETCWD 1
| #define HAVE_DECL_STRERROR_R 1
| #define HAVE_STRERROR_R 1
| #define HAVE_WORKING_O_DIRECTORY 1
| #define HAVE_WORKING_O_NOATIME 1
| #define HAVE_WORKING_O_NOFOLLOW 1
| #define USE_SELINUX_SELINUX_H 0
| #define restrict __restrict__
| #define HAVE_DECL_GETDELIM 1
| #define HAVE_DECL_GETDTABLESIZE 1
| #define HAVE_GETOPT_H 1
| #define HAVE_GETOPT_LONG_ONLY 1
| #define MUSL_LIBC 1
| #define HAVE_PTHREAD_API 1
| #define SETLOCALE_NULL_ALL_MTSAFE 0
| #define SETLOCALE_NULL_ONE_MTSAFE 1
| #define HAVE_WEAK_SYMBOLS 1
| #define HAVE_LONG_LONG_INT 1
| #define HAVE_UNSIGNED_LONG_LONG_INT 1
| #define HAVE_TOWLOWER 1
| #define AVOID_ANY_THREADS 1
| #define HAVE_MALLOC_0_NONNULL 1
| #define HAVE_DECL_MEMEQ 0
| #define HAVE_DECL_MEMRCHR 1
| #define HAVE_MINMAX_IN_SYS_PARAM_H 1
| #define PROMOTED_MODE_T mode_t
| #define HAVE_PTHREAD_T 1
| #define HAVE_PTHREAD_SPINLOCK_T 1
| #define HAVE_DECL_ALARM 1
| #define HAVE_SCHED_H 1
| #define HAVE_DECL_FCLOSEALL 0
| #define HAVE_DECL_GETW 1
| #define HAVE_DECL_PUTW 1
| #define HAVE_DECL_ECVT 1
| #define HAVE_DECL_FCVT 1
| #define HAVE_DECL_GCVT 1
| #define HAVE_DECL_STREQ 0
| #define HAVE_STRERROR_R 1
| #define HAVE_DECL_STRTOIMAX 1
| #define _USE_STD_STAT 1
| #define HAVE_DECL_EXECVPE 1
| #define HAVE_DECL_CLEARERR_UNLOCKED 1
| #define HAVE_DECL_FEOF_UNLOCKED 1
| #define HAVE_DECL_FERROR_UNLOCKED 1
| #define HAVE_DECL_FFLUSH_UNLOCKED 1
| #define HAVE_DECL_FGETS_UNLOCKED 1
| #define HAVE_DECL_FILENO_UNLOCKED 1
| #define HAVE_DECL_FPUTC_UNLOCKED 1
| #define HAVE_DECL_FPUTS_UNLOCKED 1
| #define HAVE_DECL_FREAD_UNLOCKED 1
| #define HAVE_DECL_FWRITE_UNLOCKED 1
| #define HAVE_DECL_GETC_UNLOCKED 1
| #define HAVE_DECL_GETCHAR_UNLOCKED 1
| #define HAVE_DECL_PUTC_UNLOCKED 1
| #define HAVE_DECL_PUTCHAR_UNLOCKED 1
| #define HAVE_DECL_WCSDUP 1
| #define HAVE_SHUTDOWN 1
| #define HAVE_STRUCT_SOCKADDR_STORAGE 1
| #define HAVE_SA_FAMILY_T 1
| #define HAVE_STRUCT_SOCKADDR_STORAGE_SS_FAMILY 1
| #define HAVE_ENVIRON_DECL 1
| #define FUNC_FFLUSH_STDIN 1
| #define HAVE_FREXP 1
| #define HAVE_FREXPL 1
| #define HAVE_DECL_FSEEKO 1
| #define FUNC_FFLUSH_STDIN 1
| #define HAVE_DECL_FTELLO 1
| #define HAVE_USELOCALE 1
| #define HAVE_WORKING_USELOCALE 1
| #define HAVE_GOOD_USELOCALE 1
| #define HAVE_IPV4 1
| #define HAVE_IPV6 1
| #define DBL_EXPBIT0_WORD 1
| #define DBL_EXPBIT0_BIT 20
| #define FLT_EXPBIT0_WORD 0
| #define FLT_EXPBIT0_BIT 23
| #define LDBL_EXPBIT0_WORD 2
| #define LDBL_EXPBIT0_BIT 0
| #define HAVE_LC_MESSAGES 1
| #define HAVE_DECL__PUTENV 0
| #define HAVE_SIGSET_T 1
| #define HAVE_DECL_INITSTATE 1
| #define HAVE_DECL_SETSTATE 1
| #define HAVE_DECL_SETENV 1
| #define HAVE_SEARCH_H 1
| #define HAVE_TSEARCH 1
| #define HAVE_DECL_STRDUP 1
| #define HAVE_DECL_UNSETENV 1
| #define HAVE_C_ALIGNASOF 1
| #define HAVE_ALLOCA 1
| #define HAVE_C_STATIC_ASSERT 1
| #define HAVE_C_BOOL 1
| #define GNULIB_TEST_BTOWC 1
| #define HAVE___BUILTIN_EXPECT 1
| #define GNULIB_TEST_C32ISPRINT 1
| #define GNULIB_TEST_C32ISSPACE 1
| #define GNULIB_TEST_C32RTOMB 1
| #define GNULIB_TEST_C32TOB 1
| #define GNULIB_TEST_C32TOLOWER 1
| #define GNULIB_TEST_C32TOUPPER 1
| #define GNULIB_TEST_CALLOC_GNU 1
| #define GNULIB_TEST_CALLOC_POSIX 1
| #define GNULIB_CANONICALIZE_LGPL 1
| #define GNULIB_TEST_CANONICALIZE_FILE_NAME 1
| #define GNULIB_TEST_REALPATH 1
| #define GNULIB_TEST_CHDIR 1
| #define HAVE_CLOCK_GETRES 1
| #define HAVE_CLOCK_GETTIME 1
| #define HAVE_CLOCK_SETTIME 1
| #define GNULIB_TEST_CLOEXEC 1
| #define GNULIB_TEST_CLOSE 1
| #define GNULIB_CLOSE 1
| #define GNULIB_TEST_DUP2 1
| #define GNULIB_TEST_FCNTL 1
| #define FLEXIBLE_ARRAY_MEMBER /**/
| #define GNULIB_TEST_FREE_POSIX 1
| #define HAVE___FSETERR 1
| #define GNULIB_TEST_FSTAT 1
| #define GNULIB_FSTAT 1
| #define HAVE___FWRITING 1
| #define HAVE_GETDELIM 1
| #define GNULIB_TEST_GETDELIM 1
| #define GNULIB_TEST_GETDTABLESIZE 1
| #define __GETOPT_PREFIX rpl_
| #define GNULIB_TEST_GETOPT_POSIX 1
| #define HAVE_DECL_PROGRAM_INVOCATION_NAME 1
| #define HAVE_DECL_PROGRAM_INVOCATION_NAME 1
| #define HAVE_DECL_PROGRAM_INVOCATION_SHORT_NAME 1
| #define HAVE_DECL___ARGV 0
| #define GNULIB_TEST_GETPROGNAME 1
| #define HAVE_GETRANDOM 1
| #define GNULIB_TEST_GETRANDOM 1
| #define GNULIB_LOCALEDIR "/usr/share/locale"
| #define GNULIB_ISSYMLINK 1
| #define HAVE_ISWBLANK 1
| #define HAVE_DECL_ISWBLANK 1
| #define GNULIB_TEST_ISWBLANK 1
| #define GNULIB_TEST_ISWCTYPE 1
| #define GNULIB_TEST_ISWDIGIT 1
| #define GNULIB_TEST_ISWPUNCT 1
| #define GNULIB_TEST_ISWXDIGIT 1
| #define HAVE___INLINE 1
| #define GNULIB_TEST_LOCALECONV 1
| #define GNULIB_LOCALECONV 1
| #define GNULIB_LOCK 1
| #define GNULIB_TEST_LSTAT 1
| #define GNULIB_LSTAT 1
| #define GNULIB_TEST_MALLOC_GNU 1
| #define GNULIB_TEST_MALLOC_POSIX 1
| #define GNULIB_TEST_MBRTOC32 1
| #define GNULIB_MBRTOC32_REGULAR 1
| #define GNULIB_TEST_MBRTOWC 1
| #define GNULIB_TEST_MBSINIT 1
| #define GNULIB_TEST_MBSZERO 1
| #define HAVE_MBTOWC 1
| #define GNULIB_TEST_MBTOWC 1
| #define GNULIB_TEST_MEMCHR 1
| #define GNULIB_TEST_MEMEQ 1
| #define HAVE_MEMPCPY 1
| #define GNULIB_TEST_MEMPCPY 1
| #define HAVE_MEMRCHR 1
| #define GNULIB_TEST_MEMRCHR 1
| #define GNULIB_TEST_MKDIR 1
| #define HAVE_MKOSTEMP 1
| #define GNULIB_MKOSTEMP 1
| #define GNULIB_TEST_MKOSTEMP 1
| #define GNULIB_MSVC_NOTHROW 1
| #define HAVE_NL_LANGINFO 1
| #define NL_LANGINFO_MTSAFE 1
| #define REPLACE_NL_LANGINFO 1
| #define GNULIB_TEST_NL_LANGINFO 1
| #define GNULIB_TEST_OPEN 1
| #define HAVE_DECL_PROGRAM_INVOCATION_NAME 1
| #define HAVE_DECL_PROGRAM_INVOCATION_SHORT_NAME 1
| #define GNULIB_TEST_PTHREAD_ONCE 1
| /* end confdefs.h.  */
| #include <attr/error_context.h>
|               #include <attr/libattr.h>
|               static int
|               is_attr_permissions (const char *name, struct error_context *ctx)
|               {
|                 return attr_copy_action (name, ctx) == ATTR_ACTION_PERMISSIONS;
|               }
| 
| int
| main (void)
| {
| return attr_copy_fd ("/", 0, "/", 0, is_attr_permissions, 0);
| 
|   ;
|   return 0;
| }
configure:40660: result: no
configure:40663: WARNING: libattr development library was not found or not usable.
configure:40665: WARNING: GNU sed will be built without xattr support.
configure:40696: checking for rawmemchr
configure:40696: gcc -o conftest -g -O2   conftest.c  >&5
/usr/lib/gcc/x86_64-alpine-linux-musl/15.2.0/../../../../x86_64-alpine-linux-musl/bin/ld: /tmp/ccJoeAiF.o: in function `main':
/home/sonakrie/Work/testicular_linux/sed/conftest.c:329:(.text.startup+0x5): undefined reference to `rawmemchr'
collect2: error: ld returned 1 exit status
configure:40696: $? = 1
configure: failed program was:
| /* confdefs.h */
| #define PACKAGE_NAME "GNU sed"
| #define PACKAGE_TARNAME "sed"
| #define PACKAGE_VERSION "4.10"
| #define PACKAGE_STRING "GNU sed 4.10"
| #define PACKAGE_BUGREPORT "bug-sed@gnu.org"
| #define PACKAGE_URL "https://www.gnu.org/software/sed/"
| #define PACKAGE "sed"
| #define VERSION "4.10"
| #define HAVE_STDIO_H 1
| #define HAVE_STDLIB_H 1
| #define HAVE_STRING_H 1
| #define HAVE_INTTYPES_H 1
| #define HAVE_STDINT_H 1
| #define HAVE_STRINGS_H 1
| #define HAVE_SYS_STAT_H 1
| #define HAVE_SYS_TYPES_H 1
| #define HAVE_UNISTD_H 1
| #define HAVE_WCHAR_H 1
| #define HAVE_STDBOOL_H 1
| #define HAVE_UCHAR_H 1
| #define HAVE_SYS_PARAM_H 1
| #define HAVE_SYS_SOCKET_H 1
| #define HAVE_DIRENT_H 1
| #define HAVE_LINUX_XATTR_H 1
| #define HAVE_STDIO_EXT_H 1
| #define HAVE_GETOPT_H 1
| #define HAVE_THREADS_H 1
| #define HAVE_LIMITS_H 1
| #define HAVE_WCTYPE_H 1
| #define HAVE_LANGINFO_H 1
| #define HAVE_SYS_MMAN_H 1
| #define HAVE_PTHREAD_H 1
| #define HAVE_MALLOC_H 1
| #define HAVE_SYS_TIME_H 1
| #define HAVE_STDCKDINT_H 1
| #define HAVE_SYS_RANDOM_H 1
| #define HAVE_FEATURES_H 1
| #define HAVE_ARPA_INET_H 1
| #define HAVE_NETDB_H 1
| #define HAVE_NETINET_IN_H 1
| #define HAVE_MATH_H 1
| #define HAVE_SYS_SELECT_H 1
| #define HAVE_SYS_WAIT_H 1
| #define HAVE_SEMAPHORE_H 1
| #define HAVE_SYS_IOCTL_H 1
| #define HAVE_SYS_UN_H 1
| #define HAVE_SYS_UIO_H 1
| #define HAVE_LOCALE_H 1
| #define HAVE_ERRNO_H 1
| #define STDC_HEADERS 1
| #define _ALL_SOURCE 1
| #define _COSMO_SOURCE 1
| #define _DARWIN_C_SOURCE 1
| #define _GNU_SOURCE 1
| #define _HPUX_ALT_XOPEN_SOCKET_API 1
| #define _NETBSD_SOURCE 1
| #define _OPENBSD_SOURCE 1
| #define _POSIX_PTHREAD_SEMANTICS 1
| #define __STDC_WANT_IEC_60559_ATTRIBS_EXT__ 1
| #define __STDC_WANT_IEC_60559_BFP_EXT__ 1
| #define __STDC_WANT_IEC_60559_DFP_EXT__ 1
| #define __STDC_WANT_IEC_60559_EXT__ 1
| #define __STDC_WANT_IEC_60559_FUNCS_EXT__ 1
| #define __STDC_WANT_IEC_60559_TYPES_EXT__ 1
| #define __STDC_WANT_LIB_EXT2__ 1
| #define __STDC_WANT_MATH_SPEC_FUNCS__ 1
| #define _TANDEM_SOURCE 1
| #define __EXTENSIONS__ 1
| #define _LINUX_SOURCE_COMPAT 1
| #define __USE_MINGW_ANSI_STDIO 1
| #define HAVE_FCHMOD 1
| #define HAVE_BTOWC 1
| #define HAVE_MBRTOWC 1
| #define HAVE_MBSINIT 1
| #define HAVE_REALPATH 1
| #define HAVE_LSTAT 1
| #define HAVE_FCNTL 1
| #define HAVE_SYMLINK 1
| #define HAVE_LISTXATTR 1
| #define HAVE_GETDTABLESIZE 1
| #define HAVE_ISWCNTRL 1
| #define HAVE_MPROTECT 1
| #define HAVE_READLINK 1
| #define HAVE_ISBLANK 1
| #define HAVE_ISWCTYPE 1
| #define HAVE_LINK 1
| #define HAVE_VASPRINTF 1
| #define HAVE___XPG_STRERROR_R 1
| #define HAVE_STRTOIMAX 1
| #define HAVE_WCRTOMB 1
| #define HAVE_WCTOB 1
| #define HAVE_FPURGE 1
| #define HAVE_GETTIMEOFDAY 1
| #define HAVE_PIPE 1
| #define HAVE_PSELECT 1
| #define HAVE_PTHREAD_SIGMASK 1
| #define HAVE_SIGPROCMASK 1
| #define HAVE_SETENV 1
| #define HAVE_SLEEP 1
| #define HAVE_SNPRINTF 1
| #define HAVE_SHUTDOWN 1
| #define HAVE_ISATTY 1
| #define HAVE_ISASCII 1
| #define HAVE_MEMCPY 1
| #define HAVE_STRCHR 1
| #define HAVE_STRTOUL 1
| #define HAVE_POPEN 1
| #define HAVE_PATHCONF 1
| #define HAVE_FCHOWN 1
| #define HAVE_SETLOCALE 1
| #define USE_ACL 0
| #define HAVE_ALLOCA_H 1
| #define HAVE_ALLOCA 1
| #define HAVE_WINT_T 1
| #define HAVE_LANGINFO_CODESET 1
| #define BITSIZEOF_WCHAR_T 32
| #define HAVE_MBSTATE_T 1
| #define HAVE_WORKING_MBRTOC32 1
| #define HAVE_WORKING_C32RTOMB 1
| #define HAVE_MALLOC_PTRDIFF 1
| #define HAVE_MALLOC_POSIX 1
| #define LSTAT_FOLLOWS_SLASHED_SYMLINK 1
| #define FUNC_REALPATH_NEARLY_WORKS 1
| #define HAVE_FACCESSAT 1
| #define HAVE_GETCWD 1
| #define HAVE_DECL_STRERROR_R 1
| #define HAVE_STRERROR_R 1
| #define HAVE_WORKING_O_DIRECTORY 1
| #define HAVE_WORKING_O_NOATIME 1
| #define HAVE_WORKING_O_NOFOLLOW 1
| #define USE_SELINUX_SELINUX_H 0
| #define restrict __restrict__
| #define HAVE_DECL_GETDELIM 1
| #define HAVE_DECL_GETDTABLESIZE 1
| #define HAVE_GETOPT_H 1
| #define HAVE_GETOPT_LONG_ONLY 1
| #define MUSL_LIBC 1
| #define HAVE_PTHREAD_API 1
| #define SETLOCALE_NULL_ALL_MTSAFE 0
| #define SETLOCALE_NULL_ONE_MTSAFE 1
| #define HAVE_WEAK_SYMBOLS 1
| #define HAVE_LONG_LONG_INT 1
| #define HAVE_UNSIGNED_LONG_LONG_INT 1
| #define HAVE_TOWLOWER 1
| #define AVOID_ANY_THREADS 1
| #define HAVE_MALLOC_0_NONNULL 1
| #define HAVE_DECL_MEMEQ 0
| #define HAVE_DECL_MEMRCHR 1
| #define HAVE_MINMAX_IN_SYS_PARAM_H 1
| #define PROMOTED_MODE_T mode_t
| #define HAVE_PTHREAD_T 1
| #define HAVE_PTHREAD_SPINLOCK_T 1
| #define HAVE_DECL_ALARM 1
| #define HAVE_SCHED_H 1
| #define HAVE_DECL_FCLOSEALL 0
| #define HAVE_DECL_GETW 1
| #define HAVE_DECL_PUTW 1
| #define HAVE_DECL_ECVT 1
| #define HAVE_DECL_FCVT 1
| #define HAVE_DECL_GCVT 1
| #define HAVE_DECL_STREQ 0
| #define HAVE_STRERROR_R 1
| #define HAVE_DECL_STRTOIMAX 1
| #define _USE_STD_STAT 1
| #define HAVE_DECL_EXECVPE 1
| #define HAVE_DECL_CLEARERR_UNLOCKED 1
| #define HAVE_DECL_FEOF_UNLOCKED 1
| #define HAVE_DECL_FERROR_UNLOCKED 1
| #define HAVE_DECL_FFLUSH_UNLOCKED 1
| #define HAVE_DECL_FGETS_UNLOCKED 1
| #define HAVE_DECL_FILENO_UNLOCKED 1
| #define HAVE_DECL_FPUTC_UNLOCKED 1
| #define HAVE_DECL_FPUTS_UNLOCKED 1
| #define HAVE_DECL_FREAD_UNLOCKED 1
| #define HAVE_DECL_FWRITE_UNLOCKED 1
| #define HAVE_DECL_GETC_UNLOCKED 1
| #define HAVE_DECL_GETCHAR_UNLOCKED 1
| #define HAVE_DECL_PUTC_UNLOCKED 1
| #define HAVE_DECL_PUTCHAR_UNLOCKED 1
| #define HAVE_DECL_WCSDUP 1
| #define HAVE_SHUTDOWN 1
| #define HAVE_STRUCT_SOCKADDR_STORAGE 1
| #define HAVE_SA_FAMILY_T 1
| #define HAVE_STRUCT_SOCKADDR_STORAGE_SS_FAMILY 1
| #define HAVE_ENVIRON_DECL 1
| #define FUNC_FFLUSH_STDIN 1
| #define HAVE_FREXP 1
| #define HAVE_FREXPL 1
| #define HAVE_DECL_FSEEKO 1
| #define FUNC_FFLUSH_STDIN 1
| #define HAVE_DECL_FTELLO 1
| #define HAVE_USELOCALE 1
| #define HAVE_WORKING_USELOCALE 1
| #define HAVE_GOOD_USELOCALE 1
| #define HAVE_IPV4 1
| #define HAVE_IPV6 1
| #define DBL_EXPBIT0_WORD 1
| #define DBL_EXPBIT0_BIT 20
| #define FLT_EXPBIT0_WORD 0
| #define FLT_EXPBIT0_BIT 23
| #define LDBL_EXPBIT0_WORD 2
| #define LDBL_EXPBIT0_BIT 0
| #define HAVE_LC_MESSAGES 1
| #define HAVE_DECL__PUTENV 0
| #define HAVE_SIGSET_T 1
| #define HAVE_DECL_INITSTATE 1
| #define HAVE_DECL_SETSTATE 1
| #define HAVE_DECL_SETENV 1
| #define HAVE_SEARCH_H 1
| #define HAVE_TSEARCH 1
| #define HAVE_DECL_STRDUP 1
| #define HAVE_DECL_UNSETENV 1
| #define HAVE_C_ALIGNASOF 1
| #define HAVE_ALLOCA 1
| #define HAVE_C_STATIC_ASSERT 1
| #define HAVE_C_BOOL 1
| #define GNULIB_TEST_BTOWC 1
| #define HAVE___BUILTIN_EXPECT 1
| #define GNULIB_TEST_C32ISPRINT 1
| #define GNULIB_TEST_C32ISSPACE 1
| #define GNULIB_TEST_C32RTOMB 1
| #define GNULIB_TEST_C32TOB 1
| #define GNULIB_TEST_C32TOLOWER 1
| #define GNULIB_TEST_C32TOUPPER 1
| #define GNULIB_TEST_CALLOC_GNU 1
| #define GNULIB_TEST_CALLOC_POSIX 1
| #define GNULIB_CANONICALIZE_LGPL 1
| #define GNULIB_TEST_CANONICALIZE_FILE_NAME 1
| #define GNULIB_TEST_REALPATH 1
| #define GNULIB_TEST_CHDIR 1
| #define HAVE_CLOCK_GETRES 1
| #define HAVE_CLOCK_GETTIME 1
| #define HAVE_CLOCK_SETTIME 1
| #define GNULIB_TEST_CLOEXEC 1
| #define GNULIB_TEST_CLOSE 1
| #define GNULIB_CLOSE 1
| #define GNULIB_TEST_DUP2 1
| #define GNULIB_TEST_FCNTL 1
| #define FLEXIBLE_ARRAY_MEMBER /**/
| #define GNULIB_TEST_FREE_POSIX 1
| #define HAVE___FSETERR 1
| #define GNULIB_TEST_FSTAT 1
| #define GNULIB_FSTAT 1
| #define HAVE___FWRITING 1
| #define HAVE_GETDELIM 1
| #define GNULIB_TEST_GETDELIM 1
| #define GNULIB_TEST_GETDTABLESIZE 1
| #define __GETOPT_PREFIX rpl_
| #define GNULIB_TEST_GETOPT_POSIX 1
| #define HAVE_DECL_PROGRAM_INVOCATION_NAME 1
| #define HAVE_DECL_PROGRAM_INVOCATION_NAME 1
| #define HAVE_DECL_PROGRAM_INVOCATION_SHORT_NAME 1
| #define HAVE_DECL___ARGV 0
| #define GNULIB_TEST_GETPROGNAME 1
| #define HAVE_GETRANDOM 1
| #define GNULIB_TEST_GETRANDOM 1
| #define GNULIB_LOCALEDIR "/usr/share/locale"
| #define GNULIB_ISSYMLINK 1
| #define HAVE_ISWBLANK 1
| #define HAVE_DECL_ISWBLANK 1
| #define GNULIB_TEST_ISWBLANK 1
| #define GNULIB_TEST_ISWCTYPE 1
| #define GNULIB_TEST_ISWDIGIT 1
| #define GNULIB_TEST_ISWPUNCT 1
| #define GNULIB_TEST_ISWXDIGIT 1
| #define HAVE___INLINE 1
| #define GNULIB_TEST_LOCALECONV 1
| #define GNULIB_LOCALECONV 1
| #define GNULIB_LOCK 1
| #define GNULIB_TEST_LSTAT 1
| #define GNULIB_LSTAT 1
| #define GNULIB_TEST_MALLOC_GNU 1
| #define GNULIB_TEST_MALLOC_POSIX 1
| #define GNULIB_TEST_MBRTOC32 1
| #define GNULIB_MBRTOC32_REGULAR 1
| #define GNULIB_TEST_MBRTOWC 1
| #define GNULIB_TEST_MBSINIT 1
| #define GNULIB_TEST_MBSZERO 1
| #define HAVE_MBTOWC 1
| #define GNULIB_TEST_MBTOWC 1
| #define GNULIB_TEST_MEMCHR 1
| #define GNULIB_TEST_MEMEQ 1
| #define HAVE_MEMPCPY 1
| #define GNULIB_TEST_MEMPCPY 1
| #define HAVE_MEMRCHR 1
| #define GNULIB_TEST_MEMRCHR 1
| #define GNULIB_TEST_MKDIR 1
| #define HAVE_MKOSTEMP 1
| #define GNULIB_MKOSTEMP 1
| #define GNULIB_TEST_MKOSTEMP 1
| #define GNULIB_MSVC_NOTHROW 1
| #define HAVE_NL_LANGINFO 1
| #define NL_LANGINFO_MTSAFE 1
| #define REPLACE_NL_LANGINFO 1
| #define GNULIB_TEST_NL_LANGINFO 1
| #define GNULIB_TEST_OPEN 1
| #define HAVE_DECL_PROGRAM_INVOCATION_NAME 1
| #define HAVE_DECL_PROGRAM_INVOCATION_SHORT_NAME 1
| #define GNULIB_TEST_PTHREAD_ONCE 1
| /* end confdefs.h.  */
| /* Define rawmemchr to an innocuous variant, in case <limits.h> declares rawmemchr.
|    For example, HP-UX 11i <limits.h> declares gettimeofday.  */
| #define rawmemchr innocuous_rawmemchr
| 
| /* System header to define __stub macros and hopefully few prototypes,
|    which can conflict with char rawmemchr (void); below.  */
| 
| #include <limits.h>
| #undef rawmemchr
| 
| /* Override any GCC internal prototype to avoid an error.
|    Use char because int might match the return type of a GCC
|    builtin and then its argument prototype would still apply.  */
| #ifdef __cplusplus
| extern "C"
| #endif
| char rawmemchr (void);
| /* The GNU C library defines this for functions which it implements
|     to always fail with ENOSYS.  Some functions are actually named
|     something starting with __ and the normal name is an alias.  */
| #if defined __stub_rawmemchr || defined __stub___rawmemchr
| choke me
| #endif
| 
| int
| main (void)
| {
| return rawmemchr ();
|   ;
|   return 0;
| }
configure:40696: result: no
configure:40757: checking whether readlink signature is correct
configure:40779: gcc -c -g -O2  conftest.c >&5
configure:40779: $? = 0
configure:40789: result: yes
configure:40792: checking whether readlink handles trailing slash correctly
configure:40834: gcc -o conftest -g -O2   conftest.c  >&5
configure:40834: $? = 0
configure:40834: ./conftest
configure:40834: $? = 0
configure:40849: result: yes
configure:40865: checking whether readlink truncates results correctly
configure:40906: gcc -o conftest -g -O2   conftest.c  >&5
configure:40906: $? = 0
configure:40906: ./conftest
configure:40906: $? = 0
configure:40921: result: yes
configure:40988: checking whether realloc sets errno on failure
configure:41039: result: yes
configure:41062: checking whether realloc (..., 0) returns nonnull
configure:41100: gcc -o conftest -g -O2   conftest.c  >&5
configure:41100: $? = 0
configure:41100: ./conftest
configure:41100: $? = 0
configure:41114: result: yes
configure:41172: checking for reallocarray
configure:41209: checking for reallocarray
configure:41209: gcc -o conftest -g -O2   conftest.c  >&5
configure:41209: $? = 0
configure:41209: result: yes
configure:41225: result: yes
configure:41316: checking for working re_compile_pattern
configure:41672: gcc -o conftest -g -O2   conftest.c  >&5
conftest.c: In function 'main':
conftest.c:343:33: error: storage size of 'regs' isn't known
  343 |             struct re_registers regs;
      |                                 ^~~~
conftest.c:371:19: error: implicit declaration of function 're_set_syntax' [-Wimplicit-function-declaration]
  371 |                   re_set_syntax (RE_SYNTAX_GREP | RE_HAT_LISTS_NOT_NEWLINE
      |                   ^~~~~~~~~~~~~
conftest.c:371:34: error: 'RE_SYNTAX_GREP' undeclared (first use in this function)
  371 |                   re_set_syntax (RE_SYNTAX_GREP | RE_HAT_LISTS_NOT_NEWLINE
      |                                  ^~~~~~~~~~~~~~
conftest.c:371:34: note: each undeclared identifier is reported only once for each function it appears in
conftest.c:371:51: error: 'RE_HAT_LISTS_NOT_NEWLINE' undeclared (first use in this function)
  371 |                   re_set_syntax (RE_SYNTAX_GREP | RE_HAT_LISTS_NOT_NEWLINE
      |                                                   ^~~~~~~~~~~~~~~~~~~~~~~~
conftest.c:372:36: error: 'RE_ICASE' undeclared (first use in this function); did you mean 'REG_ICASE'?
  372 |                                  | RE_ICASE);
      |                                    ^~~~~~~~
      |                                    REG_ICASE
conftest.c:374:23: error: implicit declaration of function 're_compile_pattern' [-Wimplicit-function-declaration]
  374 |                   s = re_compile_pattern (pat, sizeof pat - 1, &regex);
      |                       ^~~~~~~~~~~~~~~~~~
conftest.c:374:21: error: assignment to 'const char *' from 'int' makes pointer from integer without a cast [-Wint-conversion]
  374 |                   s = re_compile_pattern (pat, sizeof pat - 1, &regex);
      |                     ^
conftest.c:379:27: error: implicit declaration of function 're_search' [-Wimplicit-function-declaration]
  379 |                       if (re_search (&regex, data, sizeof data - 1,
      |                           ^~~~~~~~~
conftest.c:406:21: error: assignment to 'const char *' from 'int' makes pointer from integer without a cast [-Wint-conversion]
  406 |                   s = re_compile_pattern (pat, sizeof pat - 1, &regex);
      |                     ^
conftest.c:424:28: error: 'RE_SYNTAX_EGREP' undeclared (first use in this function)
  424 |             re_set_syntax (RE_SYNTAX_EGREP | RE_HAT_LISTS_NOT_NEWLINE);
      |                            ^~~~~~~~~~~~~~~
conftest.c:426:15: error: assignment to 'const char *' from 'int' makes pointer from integer without a cast [-Wint-conversion]
  426 |             s = re_compile_pattern ("a[^x]b", 6, &regex);
      |               ^
conftest.c:439:28: error: 'RE_SYNTAX_POSIX_EGREP' undeclared (first use in this function)
  439 |             re_set_syntax (RE_SYNTAX_POSIX_EGREP);
      |                            ^~~~~~~~~~~~~~~~~~~~~
conftest.c:443:18: error: 'struct re_pattern_buffer' has no member named 'translate'
  443 |             regex.translate = folded_chars;
      |                  ^
conftest.c:444:15: error: assignment to 'const char *' from 'int' makes pointer from integer without a cast [-Wint-conversion]
  444 |             s = re_compile_pattern ("a[[:]:]]b\n", 11, &regex);
      |               ^
conftest.c:454:52: error: 'RE_NO_EMPTY_RANGES' undeclared (first use in this function)
  454 |             re_set_syntax (RE_SYNTAX_POSIX_EGREP | RE_NO_EMPTY_RANGES);
      |                                                    ^~~~~~~~~~~~~~~~~~
conftest.c:456:15: error: assignment to 'const char *' from 'int' makes pointer from integer without a cast [-Wint-conversion]
  456 |             s = re_compile_pattern ("a[b-a]", 6, &regex);
      |               ^
conftest.c:465:15: error: assignment to 'const char *' from 'int' makes pointer from integer without a cast [-Wint-conversion]
  465 |             s = re_compile_pattern ("{1", 2, &regex);
      |               ^
conftest.c:474:15: error: assignment to 'const char *' from 'int' makes pointer from integer without a cast [-Wint-conversion]
  474 |             s = re_compile_pattern ("[an\371]*n", 7, &regex);
      |               ^
conftest.c:480:21: error: implicit declaration of function 're_match' [-Wimplicit-function-declaration]
  480 |                 if (re_match (&regex, "an", 2, 0, &regs) != 2)
      |                     ^~~~~~~~
conftest.c:491:15: error: assignment to 'const char *' from 'int' makes pointer from integer without a cast [-Wint-conversion]
  491 |             s = re_compile_pattern ("x", 1, &regex);
      |               ^
conftest.c:509:28: error: 'RE_SYNTAX_EMACS' undeclared (first use in this function)
  509 |             re_set_syntax (RE_SYNTAX_EMACS | RE_ICASE);
      |                            ^~~~~~~~~~~~~~~
conftest.c:511:15: error: assignment to 'const char *' from 'int' makes pointer from integer without a cast [-Wint-conversion]
  511 |             s = re_compile_pattern ("x", 1, &regex);
      |               ^
conftest.c:529:28: error: 'RE_SYNTAX_POSIX_BASIC' undeclared (first use in this function)
  529 |             re_set_syntax (RE_SYNTAX_POSIX_BASIC
      |                            ^~~~~~~~~~~~~~~~~~~~~
conftest.c:530:31: error: 'RE_CONTEXT_INVALID_DUP' undeclared (first use in this function)
  530 |                            & ~RE_CONTEXT_INVALID_DUP
      |                               ^~~~~~~~~~~~~~~~~~~~~~
conftest.c:533:15: error: assignment to 'const char *' from 'int' makes pointer from integer without a cast [-Wint-conversion]
  533 |             s = re_compile_pattern ("[[:alnum:]_-]\\+$", 16, &regex);
      |               ^
conftest.c:541:19: error: 'REG_STARTEND' undeclared (first use in this function); did you mean 'REG_EPAREN'?
  541 |             if (! REG_STARTEND)
      |                   ^~~~~~~~~~~~
      |                   REG_EPAREN
conftest.c:551:15: error: assignment to 'const char *' from 'int' makes pointer from integer without a cast [-Wint-conversion]
  551 |             s = re_compile_pattern ("0|()0|\\1|0", 10, &regex);
      |               ^
conftest.c:575:15: error: assignment to 'const char *' from 'int' makes pointer from integer without a cast [-Wint-conversion]
  575 |             s = re_compile_pattern (pat_sub2, sizeof pat_sub2 - 1, &regex);
      |               ^
configure:41672: $? = 1
configure: program exited with status 1
configure: failed program was:
| /* confdefs.h */
| #define PACKAGE_NAME "GNU sed"
| #define PACKAGE_TARNAME "sed"
| #define PACKAGE_VERSION "4.10"
| #define PACKAGE_STRING "GNU sed 4.10"
| #define PACKAGE_BUGREPORT "bug-sed@gnu.org"
| #define PACKAGE_URL "https://www.gnu.org/software/sed/"
| #define PACKAGE "sed"
| #define VERSION "4.10"
| #define HAVE_STDIO_H 1
| #define HAVE_STDLIB_H 1
| #define HAVE_STRING_H 1
| #define HAVE_INTTYPES_H 1
| #define HAVE_STDINT_H 1
| #define HAVE_STRINGS_H 1
| #define HAVE_SYS_STAT_H 1
| #define HAVE_SYS_TYPES_H 1
| #define HAVE_UNISTD_H 1
| #define HAVE_WCHAR_H 1
| #define HAVE_STDBOOL_H 1
| #define HAVE_UCHAR_H 1
| #define HAVE_SYS_PARAM_H 1
| #define HAVE_SYS_SOCKET_H 1
| #define HAVE_DIRENT_H 1
| #define HAVE_LINUX_XATTR_H 1
| #define HAVE_STDIO_EXT_H 1
| #define HAVE_GETOPT_H 1
| #define HAVE_THREADS_H 1
| #define HAVE_LIMITS_H 1
| #define HAVE_WCTYPE_H 1
| #define HAVE_LANGINFO_H 1
| #define HAVE_SYS_MMAN_H 1
| #define HAVE_PTHREAD_H 1
| #define HAVE_MALLOC_H 1
| #define HAVE_SYS_TIME_H 1
| #define HAVE_STDCKDINT_H 1
| #define HAVE_SYS_RANDOM_H 1
| #define HAVE_FEATURES_H 1
| #define HAVE_ARPA_INET_H 1
| #define HAVE_NETDB_H 1
| #define HAVE_NETINET_IN_H 1
| #define HAVE_MATH_H 1
| #define HAVE_SYS_SELECT_H 1
| #define HAVE_SYS_WAIT_H 1
| #define HAVE_SEMAPHORE_H 1
| #define HAVE_SYS_IOCTL_H 1
| #define HAVE_SYS_UN_H 1
| #define HAVE_SYS_UIO_H 1
| #define HAVE_LOCALE_H 1
| #define HAVE_ERRNO_H 1
| #define STDC_HEADERS 1
| #define _ALL_SOURCE 1
| #define _COSMO_SOURCE 1
| #define _DARWIN_C_SOURCE 1
| #define _GNU_SOURCE 1
| #define _HPUX_ALT_XOPEN_SOCKET_API 1
| #define _NETBSD_SOURCE 1
| #define _OPENBSD_SOURCE 1
| #define _POSIX_PTHREAD_SEMANTICS 1
| #define __STDC_WANT_IEC_60559_ATTRIBS_EXT__ 1
| #define __STDC_WANT_IEC_60559_BFP_EXT__ 1
| #define __STDC_WANT_IEC_60559_DFP_EXT__ 1
| #define __STDC_WANT_IEC_60559_EXT__ 1
| #define __STDC_WANT_IEC_60559_FUNCS_EXT__ 1
| #define __STDC_WANT_IEC_60559_TYPES_EXT__ 1
| #define __STDC_WANT_LIB_EXT2__ 1
| #define __STDC_WANT_MATH_SPEC_FUNCS__ 1
| #define _TANDEM_SOURCE 1
| #define __EXTENSIONS__ 1
| #define _LINUX_SOURCE_COMPAT 1
| #define __USE_MINGW_ANSI_STDIO 1
| #define HAVE_FCHMOD 1
| #define HAVE_BTOWC 1
| #define HAVE_MBRTOWC 1
| #define HAVE_MBSINIT 1
| #define HAVE_REALPATH 1
| #define HAVE_LSTAT 1
| #define HAVE_FCNTL 1
| #define HAVE_SYMLINK 1
| #define HAVE_LISTXATTR 1
| #define HAVE_GETDTABLESIZE 1
| #define HAVE_ISWCNTRL 1
| #define HAVE_MPROTECT 1
| #define HAVE_READLINK 1
| #define HAVE_ISBLANK 1
| #define HAVE_ISWCTYPE 1
| #define HAVE_LINK 1
| #define HAVE_VASPRINTF 1
| #define HAVE___XPG_STRERROR_R 1
| #define HAVE_STRTOIMAX 1
| #define HAVE_WCRTOMB 1
| #define HAVE_WCTOB 1
| #define HAVE_FPURGE 1
| #define HAVE_GETTIMEOFDAY 1
| #define HAVE_PIPE 1
| #define HAVE_PSELECT 1
| #define HAVE_PTHREAD_SIGMASK 1
| #define HAVE_SIGPROCMASK 1
| #define HAVE_SETENV 1
| #define HAVE_SLEEP 1
| #define HAVE_SNPRINTF 1
| #define HAVE_SHUTDOWN 1
| #define HAVE_ISATTY 1
| #define HAVE_ISASCII 1
| #define HAVE_MEMCPY 1
| #define HAVE_STRCHR 1
| #define HAVE_STRTOUL 1
| #define HAVE_POPEN 1
| #define HAVE_PATHCONF 1
| #define HAVE_FCHOWN 1
| #define HAVE_SETLOCALE 1
| #define USE_ACL 0
| #define HAVE_ALLOCA_H 1
| #define HAVE_ALLOCA 1
| #define HAVE_WINT_T 1
| #define HAVE_LANGINFO_CODESET 1
| #define BITSIZEOF_WCHAR_T 32
| #define HAVE_MBSTATE_T 1
| #define HAVE_WORKING_MBRTOC32 1
| #define HAVE_WORKING_C32RTOMB 1
| #define HAVE_MALLOC_PTRDIFF 1
| #define HAVE_MALLOC_POSIX 1
| #define LSTAT_FOLLOWS_SLASHED_SYMLINK 1
| #define FUNC_REALPATH_NEARLY_WORKS 1
| #define HAVE_FACCESSAT 1
| #define HAVE_GETCWD 1
| #define HAVE_DECL_STRERROR_R 1
| #define HAVE_STRERROR_R 1
| #define HAVE_WORKING_O_DIRECTORY 1
| #define HAVE_WORKING_O_NOATIME 1
| #define HAVE_WORKING_O_NOFOLLOW 1
| #define USE_SELINUX_SELINUX_H 0
| #define restrict __restrict__
| #define HAVE_DECL_GETDELIM 1
| #define HAVE_DECL_GETDTABLESIZE 1
| #define HAVE_GETOPT_H 1
| #define HAVE_GETOPT_LONG_ONLY 1
| #define MUSL_LIBC 1
| #define HAVE_PTHREAD_API 1
| #define SETLOCALE_NULL_ALL_MTSAFE 0
| #define SETLOCALE_NULL_ONE_MTSAFE 1
| #define HAVE_WEAK_SYMBOLS 1
| #define HAVE_LONG_LONG_INT 1
| #define HAVE_UNSIGNED_LONG_LONG_INT 1
| #define HAVE_TOWLOWER 1
| #define AVOID_ANY_THREADS 1
| #define HAVE_MALLOC_0_NONNULL 1
| #define HAVE_DECL_MEMEQ 0
| #define HAVE_DECL_MEMRCHR 1
| #define HAVE_MINMAX_IN_SYS_PARAM_H 1
| #define PROMOTED_MODE_T mode_t
| #define HAVE_PTHREAD_T 1
| #define HAVE_PTHREAD_SPINLOCK_T 1
| #define HAVE_DECL_ALARM 1
| #define HAVE_SCHED_H 1
| #define HAVE_DECL_FCLOSEALL 0
| #define HAVE_DECL_GETW 1
| #define HAVE_DECL_PUTW 1
| #define HAVE_DECL_ECVT 1
| #define HAVE_DECL_FCVT 1
| #define HAVE_DECL_GCVT 1
| #define HAVE_DECL_STREQ 0
| #define HAVE_STRERROR_R 1
| #define HAVE_DECL_STRTOIMAX 1
| #define _USE_STD_STAT 1
| #define HAVE_DECL_EXECVPE 1
| #define HAVE_DECL_CLEARERR_UNLOCKED 1
| #define HAVE_DECL_FEOF_UNLOCKED 1
| #define HAVE_DECL_FERROR_UNLOCKED 1
| #define HAVE_DECL_FFLUSH_UNLOCKED 1
| #define HAVE_DECL_FGETS_UNLOCKED 1
| #define HAVE_DECL_FILENO_UNLOCKED 1
| #define HAVE_DECL_FPUTC_UNLOCKED 1
| #define HAVE_DECL_FPUTS_UNLOCKED 1
| #define HAVE_DECL_FREAD_UNLOCKED 1
| #define HAVE_DECL_FWRITE_UNLOCKED 1
| #define HAVE_DECL_GETC_UNLOCKED 1
| #define HAVE_DECL_GETCHAR_UNLOCKED 1
| #define HAVE_DECL_PUTC_UNLOCKED 1
| #define HAVE_DECL_PUTCHAR_UNLOCKED 1
| #define HAVE_DECL_WCSDUP 1
| #define HAVE_SHUTDOWN 1
| #define HAVE_STRUCT_SOCKADDR_STORAGE 1
| #define HAVE_SA_FAMILY_T 1
| #define HAVE_STRUCT_SOCKADDR_STORAGE_SS_FAMILY 1
| #define HAVE_ENVIRON_DECL 1
| #define FUNC_FFLUSH_STDIN 1
| #define HAVE_FREXP 1
| #define HAVE_FREXPL 1
| #define HAVE_DECL_FSEEKO 1
| #define FUNC_FFLUSH_STDIN 1
| #define HAVE_DECL_FTELLO 1
| #define HAVE_USELOCALE 1
| #define HAVE_WORKING_USELOCALE 1
| #define HAVE_GOOD_USELOCALE 1
| #define HAVE_IPV4 1
| #define HAVE_IPV6 1
| #define DBL_EXPBIT0_WORD 1
| #define DBL_EXPBIT0_BIT 20
| #define FLT_EXPBIT0_WORD 0
| #define FLT_EXPBIT0_BIT 23
| #define LDBL_EXPBIT0_WORD 2
| #define LDBL_EXPBIT0_BIT 0
| #define HAVE_LC_MESSAGES 1
| #define HAVE_DECL__PUTENV 0
| #define HAVE_SIGSET_T 1
| #define HAVE_DECL_INITSTATE 1
| #define HAVE_DECL_SETSTATE 1
| #define HAVE_DECL_SETENV 1
| #define HAVE_SEARCH_H 1
| #define HAVE_TSEARCH 1
| #define HAVE_DECL_STRDUP 1
| #define HAVE_DECL_UNSETENV 1
| #define HAVE_C_ALIGNASOF 1
| #define HAVE_ALLOCA 1
| #define HAVE_C_STATIC_ASSERT 1
| #define HAVE_C_BOOL 1
| #define GNULIB_TEST_BTOWC 1
| #define HAVE___BUILTIN_EXPECT 1
| #define GNULIB_TEST_C32ISPRINT 1
| #define GNULIB_TEST_C32ISSPACE 1
| #define GNULIB_TEST_C32RTOMB 1
| #define GNULIB_TEST_C32TOB 1
| #define GNULIB_TEST_C32TOLOWER 1
| #define GNULIB_TEST_C32TOUPPER 1
| #define GNULIB_TEST_CALLOC_GNU 1
| #define GNULIB_TEST_CALLOC_POSIX 1
| #define GNULIB_CANONICALIZE_LGPL 1
| #define GNULIB_TEST_CANONICALIZE_FILE_NAME 1
| #define GNULIB_TEST_REALPATH 1
| #define GNULIB_TEST_CHDIR 1
| #define HAVE_CLOCK_GETRES 1
| #define HAVE_CLOCK_GETTIME 1
| #define HAVE_CLOCK_SETTIME 1
| #define GNULIB_TEST_CLOEXEC 1
| #define GNULIB_TEST_CLOSE 1
| #define GNULIB_CLOSE 1
| #define GNULIB_TEST_DUP2 1
| #define GNULIB_TEST_FCNTL 1
| #define FLEXIBLE_ARRAY_MEMBER /**/
| #define GNULIB_TEST_FREE_POSIX 1
| #define HAVE___FSETERR 1
| #define GNULIB_TEST_FSTAT 1
| #define GNULIB_FSTAT 1
| #define HAVE___FWRITING 1
| #define HAVE_GETDELIM 1
| #define GNULIB_TEST_GETDELIM 1
| #define GNULIB_TEST_GETDTABLESIZE 1
| #define __GETOPT_PREFIX rpl_
| #define GNULIB_TEST_GETOPT_POSIX 1
| #define HAVE_DECL_PROGRAM_INVOCATION_NAME 1
| #define HAVE_DECL_PROGRAM_INVOCATION_NAME 1
| #define HAVE_DECL_PROGRAM_INVOCATION_SHORT_NAME 1
| #define HAVE_DECL___ARGV 0
| #define GNULIB_TEST_GETPROGNAME 1
| #define HAVE_GETRANDOM 1
| #define GNULIB_TEST_GETRANDOM 1
| #define GNULIB_LOCALEDIR "/usr/share/locale"
| #define GNULIB_ISSYMLINK 1
| #define HAVE_ISWBLANK 1
| #define HAVE_DECL_ISWBLANK 1
| #define GNULIB_TEST_ISWBLANK 1
| #define GNULIB_TEST_ISWCTYPE 1
| #define GNULIB_TEST_ISWDIGIT 1
| #define GNULIB_TEST_ISWPUNCT 1
| #define GNULIB_TEST_ISWXDIGIT 1
| #define HAVE___INLINE 1
| #define GNULIB_TEST_LOCALECONV 1
| #define GNULIB_LOCALECONV 1
| #define GNULIB_LOCK 1
| #define GNULIB_TEST_LSTAT 1
| #define GNULIB_LSTAT 1
| #define GNULIB_TEST_MALLOC_GNU 1
| #define GNULIB_TEST_MALLOC_POSIX 1
| #define GNULIB_TEST_MBRTOC32 1
| #define GNULIB_MBRTOC32_REGULAR 1
| #define GNULIB_TEST_MBRTOWC 1
| #define GNULIB_TEST_MBSINIT 1
| #define GNULIB_TEST_MBSZERO 1
| #define HAVE_MBTOWC 1
| #define GNULIB_TEST_MBTOWC 1
| #define GNULIB_TEST_MEMCHR 1
| #define GNULIB_TEST_MEMEQ 1
| #define HAVE_MEMPCPY 1
| #define GNULIB_TEST_MEMPCPY 1
| #define HAVE_MEMRCHR 1
| #define GNULIB_TEST_MEMRCHR 1
| #define GNULIB_TEST_MKDIR 1
| #define HAVE_MKOSTEMP 1
| #define GNULIB_MKOSTEMP 1
| #define GNULIB_TEST_MKOSTEMP 1
| #define GNULIB_MSVC_NOTHROW 1
| #define HAVE_NL_LANGINFO 1
| #define NL_LANGINFO_MTSAFE 1
| #define REPLACE_NL_LANGINFO 1
| #define GNULIB_TEST_NL_LANGINFO 1
| #define GNULIB_TEST_OPEN 1
| #define HAVE_DECL_PROGRAM_INVOCATION_NAME 1
| #define HAVE_DECL_PROGRAM_INVOCATION_SHORT_NAME 1
| #define GNULIB_TEST_PTHREAD_ONCE 1
| #define GNULIB_TEST_RAWMEMCHR 1
| #define GNULIB_TEST_READLINK 1
| #define HAVE_REALLOC_POSIX 1
| #define HAVE_REALLOC_0_NONNULL 1
| #define GNULIB_TEST_REALLOC_POSIX 1
| #define HAVE_REALLOCARRAY 1
| #define GNULIB_REALLOCARRAY 1
| #define GNULIB_TEST_REALLOCARRAY 1
| /* end confdefs.h.  */
| #include <regex.h>
| 
|             #include <locale.h>
|             #include <limits.h>
|             #include <string.h>
| 
|             #if HAVE_MALLOC_H
|             # include <malloc.h> /* defines M_CHECK_ACTION on glibc */
|             #endif
| 
|             #if defined __HAIKU__ || defined M_CHECK_ACTION || HAVE_DECL_ALARM
|             # include <signal.h>
|             # include <unistd.h>
|             #endif
| 
|             #if defined __HAIKU__ || defined M_CHECK_ACTION
|             /* Exit with distinguishable exit code.  */
|             static void sigabrt_no_core (int sig) { raise (SIGTERM); }
|             #endif
| 
|             /* There is no need to check whether RE_SYNTAX_EMACS is
|                (RE_CHAR_CLASSES | RE_INTERVALS), corresponding to
|                Emacs 21 (2001) and later, because Gnulib's lib/regex.h
|                is always used and has this value.  */
| 
| int
| main (void)
| {
| int result = 0;
|             static struct re_pattern_buffer regex;
|             unsigned char folded_chars[UCHAR_MAX + 1];
|             int i;
|             const char *s;
|             struct re_registers regs;
| 
|             /* Some builds of glibc go into an infinite loop on this
|                test.  Use alarm to force death, and mallopt to avoid
|                malloc recursion in diagnosing the corrupted heap. */
| #if HAVE_DECL_ALARM
|             signal (SIGALRM, SIG_DFL);
|             alarm (2);
| #endif
| #ifdef __HAIKU__
|             signal (SIGABRT, sigabrt_no_core);
| #endif
| #ifdef M_CHECK_ACTION
|             signal (SIGABRT, sigabrt_no_core);
|             mallopt (M_CHECK_ACTION, 2);
| #endif
| 
|             if (setlocale (LC_ALL, "en_US.UTF-8"))
|               {
|                 {
|                   /* https://sourceware.org/ml/libc-hacker/2006-09/msg00008.html
|                      This test needs valgrind to catch the bug on Debian
|                      GNU/Linux 3.1 x86, but it might catch the bug better
|                      on other platforms and it shouldn't hurt to try the
|                      test here.  */
|                   static char const pat[] = "insert into";
|                   static char const data[] =
|                     "\xFF\0\x12\xA2\xAA\xC4\xB1,K\x12\xC4\xB1*\xACK";
|                   re_set_syntax (RE_SYNTAX_GREP | RE_HAT_LISTS_NOT_NEWLINE
|                                  | RE_ICASE);
|                   memset (&regex, 0, sizeof regex);
|                   s = re_compile_pattern (pat, sizeof pat - 1, &regex);
|                   if (s)
|                     result |= 1;
|                   else
|                     {
|                       if (re_search (&regex, data, sizeof data - 1,
|                                      0, sizeof data - 1, &regs)
|                           != -1)
|                         result |= 1;
|                       regfree (&regex);
|                     }
|                 }
| 
|                 {
|                   /* This test is from glibc bug 15078.
|                      The test case is from Andreas Schwab in
|                      <https://sourceware.org/ml/libc-alpha/2013-01/msg00967.html>.
|                      */
|                   static char const pat[] = "[^x]x";
|                   static char const data[] =
|                     /* <U1000><U103B><U103D><U1014><U103A><U102F><U1015><U103A> */
|                     "\xe1\x80\x80"
|                     "\xe1\x80\xbb"
|                     "\xe1\x80\xbd"
|                     "\xe1\x80\x94"
|                     "\xe1\x80\xba"
|                     "\xe1\x80\xaf"
|                     "\xe1\x80\x95"
|                     "\xe1\x80\xba"
|                     "x";
|                   re_set_syntax (0);
|                   memset (&regex, 0, sizeof regex);
|                   s = re_compile_pattern (pat, sizeof pat - 1, &regex);
|                   if (s)
|                     result |= 1;
|                   else
|                     {
|                       i = re_search (&regex, data, sizeof data - 1,
|                                      0, sizeof data - 1, 0);
|                       if (i != 0 && i != 21)
|                         result |= 1;
|                       regfree (&regex);
|                     }
|                 }
| 
|                 if (! setlocale (LC_ALL, "C"))
|                   return 1;
|               }
| 
|             /* This test is from glibc bug 3957, reported by Andrew Mackey.  */
|             re_set_syntax (RE_SYNTAX_EGREP | RE_HAT_LISTS_NOT_NEWLINE);
|             memset (&regex, 0, sizeof regex);
|             s = re_compile_pattern ("a[^x]b", 6, &regex);
|             if (s)
|               result |= 2;
|             else
|               {
|                 /* This should fail, but succeeds for glibc-2.5.  */
|                 if (re_search (&regex, "a\nb", 3, 0, 3, &regs) != -1)
|                   result |= 2;
|                 regfree (&regex);
|               }
| 
|             /* This regular expression is from Spencer ere test number 75
|                in grep-2.3.  */
|             re_set_syntax (RE_SYNTAX_POSIX_EGREP);
|             memset (&regex, 0, sizeof regex);
|             for (i = 0; i <= UCHAR_MAX; i++)
|               folded_chars[i] = i;
|             regex.translate = folded_chars;
|             s = re_compile_pattern ("a[[:]:]]b\n", 11, &regex);
|             /* This should fail with _Invalid character class name_ error.  */
|             if (!s)
|               {
|                 result |= 4;
|                 regfree (&regex);
|               }
| 
|             /* Ensure that [b-a] is diagnosed as invalid, when
|                using RE_NO_EMPTY_RANGES. */
|             re_set_syntax (RE_SYNTAX_POSIX_EGREP | RE_NO_EMPTY_RANGES);
|             memset (&regex, 0, sizeof regex);
|             s = re_compile_pattern ("a[b-a]", 6, &regex);
|             if (s == 0)
|               {
|                 result |= 8;
|                 regfree (&regex);
|               }
| 
|             /* This should succeed, but does not for glibc-2.1.3.  */
|             memset (&regex, 0, sizeof regex);
|             s = re_compile_pattern ("{1", 2, &regex);
|             if (s)
|               result |= 8;
|             else
|               regfree (&regex);
| 
|             /* The following example is derived from a problem report
|                against gawk from Jorge Stolfi <stolfi@ic.unicamp.br>.  */
|             memset (&regex, 0, sizeof regex);
|             s = re_compile_pattern ("[an\371]*n", 7, &regex);
|             if (s)
|               result |= 8;
|             else
|               {
|                 /* This should match, but does not for glibc-2.2.1.  */
|                 if (re_match (&regex, "an", 2, 0, &regs) != 2)
|                   result |= 8;
|                 else
|                   {
|                     free (regs.start);
|                     free (regs.end);
|                   }
|                 regfree (&regex);
|               }
| 
|             memset (&regex, 0, sizeof regex);
|             s = re_compile_pattern ("x", 1, &regex);
|             if (s)
|               result |= 8;
|             else
|               {
|                 /* glibc-2.2.93 does not work with a negative RANGE argument.  */
|                 if (re_search (&regex, "wxy", 3, 2, -2, &regs) != 1)
|                   result |= 8;
|                 else
|                   {
|                     free (regs.start);
|                     free (regs.end);
|                   }
|                 regfree (&regex);
|               }
| 
|             /* The version of regex.c in older versions of gnulib
|                ignored RE_ICASE.  Detect that problem too.  */
|             re_set_syntax (RE_SYNTAX_EMACS | RE_ICASE);
|             memset (&regex, 0, sizeof regex);
|             s = re_compile_pattern ("x", 1, &regex);
|             if (s)
|               result |= 16;
|             else
|               {
|                 if (re_search (&regex, "WXY", 3, 0, 3, &regs) < 0)
|                   result |= 16;
|                 else
|                   {
|                     free (regs.start);
|                     free (regs.end);
|                   }
|                 regfree (&regex);
|               }
| 
|             /* Catch a bug reported by Vin Shelton in
|                https://lists.gnu.org/r/bug-coreutils/2007-06/msg00089.html
|                */
|             re_set_syntax (RE_SYNTAX_POSIX_BASIC
|                            & ~RE_CONTEXT_INVALID_DUP
|                            & ~RE_NO_EMPTY_RANGES);
|             memset (&regex, 0, sizeof regex);
|             s = re_compile_pattern ("[[:alnum:]_-]\\+$", 16, &regex);
|             if (s)
|               result |= 32;
|             else
|               regfree (&regex);
| 
|             /* REG_STARTEND was added to glibc on 2004-01-15.
|                Reject older versions.  */
|             if (! REG_STARTEND)
|               result |= 64;
| 
|             /* Matching with the compiled form of this regexp would provoke
|                an assertion failure prior to glibc-2.28:
|                  regexec.c:1375: pop_fail_stack: Assertion 'num >= 0' failed
|                With glibc-2.28, compilation fails and reports the invalid
|                back reference.  */
|             re_set_syntax (RE_SYNTAX_POSIX_EGREP);
|             memset (&regex, 0, sizeof regex);
|             s = re_compile_pattern ("0|()0|\\1|0", 10, &regex);
|             if (!s)
|               {
|                 memset (&regs, 0, sizeof regs);
|                 i = re_search (&regex, "x", 1, 0, 1, &regs);
|                 if (i != -1)
|                   result |= 64;
|                 if (0 <= i)
|                   {
|                     free (regs.start);
|                     free (regs.end);
|                   }
|                 regfree (&regex);
|               }
|             else
|               {
|                 if (strcmp (s, "Invalid back reference"))
|                   result |= 64;
|               }
| 
|             /* glibc bug 11053.  */
|             re_set_syntax (RE_SYNTAX_POSIX_BASIC);
|             memset (&regex, 0, sizeof regex);
|             static char const pat_sub2[] = "\\(a*\\)*a*\\1";
|             s = re_compile_pattern (pat_sub2, sizeof pat_sub2 - 1, &regex);
|             if (s)
|               result |= 64;
|             else
|               {
|                 memset (&regs, 0, sizeof regs);
|                 static char const data[] = "a";
|                 int datalen = sizeof data - 1;
|                 i = re_search (&regex, data, datalen, 0, datalen, &regs);
|                 if (i != 0)
|                   result |= 64;
|                 else if (regs.num_regs < 2)
|                   result |= 64;
|                 else if (! (regs.start[0] == 0 && regs.end[0] == 1))
|                   result |= 64;
|                 else if (! (regs.start[1] == 0 && regs.end[1] == 0))
|                   result |= 64;
|                 regfree (&regex);
|                 free (regs.start);
|                 free (regs.end);
|               }
| 
|             /* These tests are derived from bug#68725, reported by
|                Ed Morton.  The regex uses backrefs with optional groups
|                to detect palindromes.  */
|             {
|               regex_t re68725;
|               i = regcomp (&re68725,
|                            "^(.?)(.?).?\\2\\1$",
|                            REG_EXTENDED);
|               if (i)
|                 result |= 64;
|               else
|                 {
|                   regmatch_t pm[3];
|                   /* "ab" is not a palindrome, so must not match
|                      with $.  */
|                   if (regexec (&re68725, "ab", 1, pm, 0) == 0)
|                     result |= 64;
|                   /* Without $, a shorter match (e.g., empty or "a")
|                      is valid at position 0.  Ensure set_regs retries
|                      with a shorter match_last when the longest
|                      structural match fails content validation.  */
|                   regfree (&re68725);
|                   i = regcomp (&re68725,
|                                "^(.?)(.?).?\\2\\1",
|                                REG_EXTENDED);
|                   if (i)
|                     result |= 64;
|                   else if (regexec (&re68725, "ab", 3, pm, 0) != 0)
|                     result |= 64;
|                   regfree (&re68725);
|                 }
|             }
| 
| #if 0
|             /* It would be nice to reject hosts whose regoff_t values are too
|                narrow (including glibc on hosts with 64-bit ptrdiff_t and
|                32-bit int), but we should wait until glibc implements this
|                feature.  Otherwise, support for equivalence classes and
|                multibyte collation symbols would always be broken except
|                when compiling --without-included-regex.   */
|             if (sizeof (regoff_t) < sizeof (ptrdiff_t)
|                 || sizeof (regoff_t) < sizeof (ssize_t))
|               result |= 64;
| #endif
| 
|             return result;
| 
|   ;
|   return 0;
| }
configure:41687: result: no
configure:41773: checking for libintl.h
configure:41773: gcc -c -g -O2  conftest.c >&5
conftest.c:355:10: fatal error: libintl.h: No such file or directory
  355 | #include <libintl.h>
      |          ^~~~~~~~~~~
compilation terminated.
configure:41773: $? = 1
configure: failed program was:
| /* confdefs.h */
| #define PACKAGE_NAME "GNU sed"
| #define PACKAGE_TARNAME "sed"
| #define PACKAGE_VERSION "4.10"
| #define PACKAGE_STRING "GNU sed 4.10"
| #define PACKAGE_BUGREPORT "bug-sed@gnu.org"
| #define PACKAGE_URL "https://www.gnu.org/software/sed/"
| #define PACKAGE "sed"
| #define VERSION "4.10"
| #define HAVE_STDIO_H 1
| #define HAVE_STDLIB_H 1
| #define HAVE_STRING_H 1
| #define HAVE_INTTYPES_H 1
| #define HAVE_STDINT_H 1
| #define HAVE_STRINGS_H 1
| #define HAVE_SYS_STAT_H 1
| #define HAVE_SYS_TYPES_H 1
| #define HAVE_UNISTD_H 1
| #define HAVE_WCHAR_H 1
| #define HAVE_STDBOOL_H 1
| #define HAVE_UCHAR_H 1
| #define HAVE_SYS_PARAM_H 1
| #define HAVE_SYS_SOCKET_H 1
| #define HAVE_DIRENT_H 1
| #define HAVE_LINUX_XATTR_H 1
| #define HAVE_STDIO_EXT_H 1
| #define HAVE_GETOPT_H 1
| #define HAVE_THREADS_H 1
| #define HAVE_LIMITS_H 1
| #define HAVE_WCTYPE_H 1
| #define HAVE_LANGINFO_H 1
| #define HAVE_SYS_MMAN_H 1
| #define HAVE_PTHREAD_H 1
| #define HAVE_MALLOC_H 1
| #define HAVE_SYS_TIME_H 1
| #define HAVE_STDCKDINT_H 1
| #define HAVE_SYS_RANDOM_H 1
| #define HAVE_FEATURES_H 1
| #define HAVE_ARPA_INET_H 1
| #define HAVE_NETDB_H 1
| #define HAVE_NETINET_IN_H 1
| #define HAVE_MATH_H 1
| #define HAVE_SYS_SELECT_H 1
| #define HAVE_SYS_WAIT_H 1
| #define HAVE_SEMAPHORE_H 1
| #define HAVE_SYS_IOCTL_H 1
| #define HAVE_SYS_UN_H 1
| #define HAVE_SYS_UIO_H 1
| #define HAVE_LOCALE_H 1
| #define HAVE_ERRNO_H 1
| #define STDC_HEADERS 1
| #define _ALL_SOURCE 1
| #define _COSMO_SOURCE 1
| #define _DARWIN_C_SOURCE 1
| #define _GNU_SOURCE 1
| #define _HPUX_ALT_XOPEN_SOCKET_API 1
| #define _NETBSD_SOURCE 1
| #define _OPENBSD_SOURCE 1
| #define _POSIX_PTHREAD_SEMANTICS 1
| #define __STDC_WANT_IEC_60559_ATTRIBS_EXT__ 1
| #define __STDC_WANT_IEC_60559_BFP_EXT__ 1
| #define __STDC_WANT_IEC_60559_DFP_EXT__ 1
| #define __STDC_WANT_IEC_60559_EXT__ 1
| #define __STDC_WANT_IEC_60559_FUNCS_EXT__ 1
| #define __STDC_WANT_IEC_60559_TYPES_EXT__ 1
| #define __STDC_WANT_LIB_EXT2__ 1
| #define __STDC_WANT_MATH_SPEC_FUNCS__ 1
| #define _TANDEM_SOURCE 1
| #define __EXTENSIONS__ 1
| #define _LINUX_SOURCE_COMPAT 1
| #define __USE_MINGW_ANSI_STDIO 1
| #define HAVE_FCHMOD 1
| #define HAVE_BTOWC 1
| #define HAVE_MBRTOWC 1
| #define HAVE_MBSINIT 1
| #define HAVE_REALPATH 1
| #define HAVE_LSTAT 1
| #define HAVE_FCNTL 1
| #define HAVE_SYMLINK 1
| #define HAVE_LISTXATTR 1
| #define HAVE_GETDTABLESIZE 1
| #define HAVE_ISWCNTRL 1
| #define HAVE_MPROTECT 1
| #define HAVE_READLINK 1
| #define HAVE_ISBLANK 1
| #define HAVE_ISWCTYPE 1
| #define HAVE_LINK 1
| #define HAVE_VASPRINTF 1
| #define HAVE___XPG_STRERROR_R 1
| #define HAVE_STRTOIMAX 1
| #define HAVE_WCRTOMB 1
| #define HAVE_WCTOB 1
| #define HAVE_FPURGE 1
| #define HAVE_GETTIMEOFDAY 1
| #define HAVE_PIPE 1
| #define HAVE_PSELECT 1
| #define HAVE_PTHREAD_SIGMASK 1
| #define HAVE_SIGPROCMASK 1
| #define HAVE_SETENV 1
| #define HAVE_SLEEP 1
| #define HAVE_SNPRINTF 1
| #define HAVE_SHUTDOWN 1
| #define HAVE_ISATTY 1
| #define HAVE_ISASCII 1
| #define HAVE_MEMCPY 1
| #define HAVE_STRCHR 1
| #define HAVE_STRTOUL 1
| #define HAVE_POPEN 1
| #define HAVE_PATHCONF 1
| #define HAVE_FCHOWN 1
| #define HAVE_SETLOCALE 1
| #define USE_ACL 0
| #define HAVE_ALLOCA_H 1
| #define HAVE_ALLOCA 1
| #define HAVE_WINT_T 1
| #define HAVE_LANGINFO_CODESET 1
| #define BITSIZEOF_WCHAR_T 32
| #define HAVE_MBSTATE_T 1
| #define HAVE_WORKING_MBRTOC32 1
| #define HAVE_WORKING_C32RTOMB 1
| #define HAVE_MALLOC_PTRDIFF 1
| #define HAVE_MALLOC_POSIX 1
| #define LSTAT_FOLLOWS_SLASHED_SYMLINK 1
| #define FUNC_REALPATH_NEARLY_WORKS 1
| #define HAVE_FACCESSAT 1
| #define HAVE_GETCWD 1
| #define HAVE_DECL_STRERROR_R 1
| #define HAVE_STRERROR_R 1
| #define HAVE_WORKING_O_DIRECTORY 1
| #define HAVE_WORKING_O_NOATIME 1
| #define HAVE_WORKING_O_NOFOLLOW 1
| #define USE_SELINUX_SELINUX_H 0
| #define restrict __restrict__
| #define HAVE_DECL_GETDELIM 1
| #define HAVE_DECL_GETDTABLESIZE 1
| #define HAVE_GETOPT_H 1
| #define HAVE_GETOPT_LONG_ONLY 1
| #define MUSL_LIBC 1
| #define HAVE_PTHREAD_API 1
| #define SETLOCALE_NULL_ALL_MTSAFE 0
| #define SETLOCALE_NULL_ONE_MTSAFE 1
| #define HAVE_WEAK_SYMBOLS 1
| #define HAVE_LONG_LONG_INT 1
| #define HAVE_UNSIGNED_LONG_LONG_INT 1
| #define HAVE_TOWLOWER 1
| #define AVOID_ANY_THREADS 1
| #define HAVE_MALLOC_0_NONNULL 1
| #define HAVE_DECL_MEMEQ 0
| #define HAVE_DECL_MEMRCHR 1
| #define HAVE_MINMAX_IN_SYS_PARAM_H 1
| #define PROMOTED_MODE_T mode_t
| #define HAVE_PTHREAD_T 1
| #define HAVE_PTHREAD_SPINLOCK_T 1
| #define HAVE_DECL_ALARM 1
| #define HAVE_SCHED_H 1
| #define HAVE_DECL_FCLOSEALL 0
| #define HAVE_DECL_GETW 1
| #define HAVE_DECL_PUTW 1
| #define HAVE_DECL_ECVT 1
| #define HAVE_DECL_FCVT 1
| #define HAVE_DECL_GCVT 1
| #define HAVE_DECL_STREQ 0
| #define HAVE_STRERROR_R 1
| #define HAVE_DECL_STRTOIMAX 1
| #define _USE_STD_STAT 1
| #define HAVE_DECL_EXECVPE 1
| #define HAVE_DECL_CLEARERR_UNLOCKED 1
| #define HAVE_DECL_FEOF_UNLOCKED 1
| #define HAVE_DECL_FERROR_UNLOCKED 1
| #define HAVE_DECL_FFLUSH_UNLOCKED 1
| #define HAVE_DECL_FGETS_UNLOCKED 1
| #define HAVE_DECL_FILENO_UNLOCKED 1
| #define HAVE_DECL_FPUTC_UNLOCKED 1
| #define HAVE_DECL_FPUTS_UNLOCKED 1
| #define HAVE_DECL_FREAD_UNLOCKED 1
| #define HAVE_DECL_FWRITE_UNLOCKED 1
| #define HAVE_DECL_GETC_UNLOCKED 1
| #define HAVE_DECL_GETCHAR_UNLOCKED 1
| #define HAVE_DECL_PUTC_UNLOCKED 1
| #define HAVE_DECL_PUTCHAR_UNLOCKED 1
| #define HAVE_DECL_WCSDUP 1
| #define HAVE_SHUTDOWN 1
| #define HAVE_STRUCT_SOCKADDR_STORAGE 1
| #define HAVE_SA_FAMILY_T 1
| #define HAVE_STRUCT_SOCKADDR_STORAGE_SS_FAMILY 1
| #define HAVE_ENVIRON_DECL 1
| #define FUNC_FFLUSH_STDIN 1
| #define HAVE_FREXP 1
| #define HAVE_FREXPL 1
| #define HAVE_DECL_FSEEKO 1
| #define FUNC_FFLUSH_STDIN 1
| #define HAVE_DECL_FTELLO 1
| #define HAVE_USELOCALE 1
| #define HAVE_WORKING_USELOCALE 1
| #define HAVE_GOOD_USELOCALE 1
| #define HAVE_IPV4 1
| #define HAVE_IPV6 1
| #define DBL_EXPBIT0_WORD 1
| #define DBL_EXPBIT0_BIT 20
| #define FLT_EXPBIT0_WORD 0
| #define FLT_EXPBIT0_BIT 23
| #define LDBL_EXPBIT0_WORD 2
| #define LDBL_EXPBIT0_BIT 0
| #define HAVE_LC_MESSAGES 1
| #define HAVE_DECL__PUTENV 0
| #define HAVE_SIGSET_T 1
| #define HAVE_DECL_INITSTATE 1
| #define HAVE_DECL_SETSTATE 1
| #define HAVE_DECL_SETENV 1
| #define HAVE_SEARCH_H 1
| #define HAVE_TSEARCH 1
| #define HAVE_DECL_STRDUP 1
| #define HAVE_DECL_UNSETENV 1
| #define HAVE_C_ALIGNASOF 1
| #define HAVE_ALLOCA 1
| #define HAVE_C_STATIC_ASSERT 1
| #define HAVE_C_BOOL 1
| #define GNULIB_TEST_BTOWC 1
| #define HAVE___BUILTIN_EXPECT 1
| #define GNULIB_TEST_C32ISPRINT 1
| #define GNULIB_TEST_C32ISSPACE 1
| #define GNULIB_TEST_C32RTOMB 1
| #define GNULIB_TEST_C32TOB 1
| #define GNULIB_TEST_C32TOLOWER 1
| #define GNULIB_TEST_C32TOUPPER 1
| #define GNULIB_TEST_CALLOC_GNU 1
| #define GNULIB_TEST_CALLOC_POSIX 1
| #define GNULIB_CANONICALIZE_LGPL 1
| #define GNULIB_TEST_CANONICALIZE_FILE_NAME 1
| #define GNULIB_TEST_REALPATH 1
| #define GNULIB_TEST_CHDIR 1
| #define HAVE_CLOCK_GETRES 1
| #define HAVE_CLOCK_GETTIME 1
| #define HAVE_CLOCK_SETTIME 1
| #define GNULIB_TEST_CLOEXEC 1
| #define GNULIB_TEST_CLOSE 1
| #define GNULIB_CLOSE 1
| #define GNULIB_TEST_DUP2 1
| #define GNULIB_TEST_FCNTL 1
| #define FLEXIBLE_ARRAY_MEMBER /**/
| #define GNULIB_TEST_FREE_POSIX 1
| #define HAVE___FSETERR 1
| #define GNULIB_TEST_FSTAT 1
| #define GNULIB_FSTAT 1
| #define HAVE___FWRITING 1
| #define HAVE_GETDELIM 1
| #define GNULIB_TEST_GETDELIM 1
| #define GNULIB_TEST_GETDTABLESIZE 1
| #define __GETOPT_PREFIX rpl_
| #define GNULIB_TEST_GETOPT_POSIX 1
| #define HAVE_DECL_PROGRAM_INVOCATION_NAME 1
| #define HAVE_DECL_PROGRAM_INVOCATION_NAME 1
| #define HAVE_DECL_PROGRAM_INVOCATION_SHORT_NAME 1
| #define HAVE_DECL___ARGV 0
| #define GNULIB_TEST_GETPROGNAME 1
| #define HAVE_GETRANDOM 1
| #define GNULIB_TEST_GETRANDOM 1
| #define GNULIB_LOCALEDIR "/usr/share/locale"
| #define GNULIB_ISSYMLINK 1
| #define HAVE_ISWBLANK 1
| #define HAVE_DECL_ISWBLANK 1
| #define GNULIB_TEST_ISWBLANK 1
| #define GNULIB_TEST_ISWCTYPE 1
| #define GNULIB_TEST_ISWDIGIT 1
| #define GNULIB_TEST_ISWPUNCT 1
| #define GNULIB_TEST_ISWXDIGIT 1
| #define HAVE___INLINE 1
| #define GNULIB_TEST_LOCALECONV 1
| #define GNULIB_LOCALECONV 1
| #define GNULIB_LOCK 1
| #define GNULIB_TEST_LSTAT 1
| #define GNULIB_LSTAT 1
| #define GNULIB_TEST_MALLOC_GNU 1
| #define GNULIB_TEST_MALLOC_POSIX 1
| #define GNULIB_TEST_MBRTOC32 1
| #define GNULIB_MBRTOC32_REGULAR 1
| #define GNULIB_TEST_MBRTOWC 1
| #define GNULIB_TEST_MBSINIT 1
| #define GNULIB_TEST_MBSZERO 1
| #define HAVE_MBTOWC 1
| #define GNULIB_TEST_MBTOWC 1
| #define GNULIB_TEST_MEMCHR 1
| #define GNULIB_TEST_MEMEQ 1
| #define HAVE_MEMPCPY 1
| #define GNULIB_TEST_MEMPCPY 1
| #define HAVE_MEMRCHR 1
| #define GNULIB_TEST_MEMRCHR 1
| #define GNULIB_TEST_MKDIR 1
| #define HAVE_MKOSTEMP 1
| #define GNULIB_MKOSTEMP 1
| #define GNULIB_TEST_MKOSTEMP 1
| #define GNULIB_MSVC_NOTHROW 1
| #define HAVE_NL_LANGINFO 1
| #define NL_LANGINFO_MTSAFE 1
| #define REPLACE_NL_LANGINFO 1
| #define GNULIB_TEST_NL_LANGINFO 1
| #define GNULIB_TEST_OPEN 1
| #define HAVE_DECL_PROGRAM_INVOCATION_NAME 1
| #define HAVE_DECL_PROGRAM_INVOCATION_SHORT_NAME 1
| #define GNULIB_TEST_PTHREAD_ONCE 1
| #define GNULIB_TEST_RAWMEMCHR 1
| #define GNULIB_TEST_READLINK 1
| #define HAVE_REALLOC_POSIX 1
| #define HAVE_REALLOC_0_NONNULL 1
| #define GNULIB_TEST_REALLOC_POSIX 1
| #define HAVE_REALLOCARRAY 1
| #define GNULIB_REALLOCARRAY 1
| #define GNULIB_TEST_REALLOCARRAY 1
| #define _REGEX_INCLUDE_LIMITS_H 1
| #define _REGEX_LARGE_OFFSETS 1
| #define re_syntax_options rpl_re_syntax_options
| #define re_set_syntax rpl_re_set_syntax
| #define re_compile_pattern rpl_re_compile_pattern
| #define re_compile_fastmap rpl_re_compile_fastmap
| #define re_search rpl_re_search
| #define re_search_2 rpl_re_search_2
| #define re_match rpl_re_match
| #define re_match_2 rpl_re_match_2
| #define re_set_registers rpl_re_set_registers
| #define re_comp rpl_re_comp
| #define re_exec rpl_re_exec
| #define regcomp rpl_regcomp
| #define regexec rpl_regexec
| #define regerror rpl_regerror
| #define regfree rpl_regfree
| /* end confdefs.h.  */
| #include <stddef.h>
| #ifdef HAVE_STDIO_H
| # include <stdio.h>
| #endif
| #ifdef HAVE_STDLIB_H
| # include <stdlib.h>
| #endif
| #ifdef HAVE_STRING_H
| # include <string.h>
| #endif
| #ifdef HAVE_INTTYPES_H
| # include <inttypes.h>
| #endif
| #ifdef HAVE_STDINT_H
| # include <stdint.h>
| #endif
| #ifdef HAVE_STRINGS_H
| # include <strings.h>
| #endif
| #ifdef HAVE_SYS_TYPES_H
| # include <sys/types.h>
| #endif
| #ifdef HAVE_SYS_STAT_H
| # include <sys/stat.h>
| #endif
| #ifdef HAVE_UNISTD_H
| # include <unistd.h>
| #endif
| #include <libintl.h>
configure:41773: result: no
configure:41781: checking whether isblank is declared
configure:41781: gcc -c -g -O2   conftest.c >&5
configure:41781: $? = 0
configure:41781: result: yes
configure:41800: checking whether rename honors trailing slash on destination
configure:41852: gcc -o conftest -g -O2   conftest.c  >&5
configure:41852: $? = 0
configure:41852: ./conftest
configure:41852: $? = 0
configure:41868: result: yes
configure:41880: checking whether rename honors trailing slash on source
configure:41932: gcc -o conftest -g -O2   conftest.c  >&5
configure:41932: $? = 0
configure:41932: ./conftest
configure:41932: $? = 0
configure:41948: result: yes
configure:41961: checking whether rename manages hard links correctly
configure:42014: gcc -o conftest -g -O2   conftest.c  >&5
configure:42014: $? = 0
configure:42014: ./conftest
configure:42014: $? = 0
configure:42049: result: yes
configure:42061: checking whether rename manages existing destinations correctly
configure:42105: gcc -o conftest -g -O2   conftest.c  >&5
configure:42105: $? = 0
configure:42105: ./conftest
configure:42105: $? = 0
configure:42121: result: yes
configure:42174: checking whether rmdir works
configure:42227: gcc -o conftest -g -O2   conftest.c  >&5
configure:42227: $? = 0
configure:42227: ./conftest
configure:42227: $? = 0
configure:42242: result: yes
configure:42536: checking whether the -Werror option is usable
configure:42555: gcc -c -g -O2 -Werror  conftest.c >&5
configure:42555: $? = 0
configure:42567: result: yes
configure:42569: checking for simple visibility declarations
configure:42601: gcc -c -g -O2 -fvisibility=hidden -Werror  conftest.c >&5
configure:42601: $? = 0
configure:42613: result: yes
configure:42649: checking for ssize_t
configure:42667: gcc -c -g -O2  conftest.c >&5
configure:42667: $? = 0
configure:42677: result: yes
configure:42730: checking whether stat handles trailing slashes on files
configure:42776: gcc -o conftest -g -O2   conftest.c  >&5
configure:42776: $? = 0
configure:42776: ./conftest
configure:42776: $? = 0
configure:42791: result: yes
configure:42872: checking for struct stat.st_atim.tv_nsec
configure:42872: gcc -c -g -O2  conftest.c >&5
configure:42872: $? = 0
configure:42872: result: yes
configure:42880: checking whether struct stat.st_atim is of type struct timespec
configure:42908: gcc -c -g -O2  conftest.c >&5
configure:42908: $? = 0
configure:42918: result: yes
configure:42970: checking for struct stat.st_birthtimespec.tv_nsec
configure:42970: gcc -c -g -O2  conftest.c >&5
conftest.c: In function 'main':
conftest.c:343:12: error: 'struct stat' has no member named 'st_birthtimespec'
  343 | if (ac_aggr.st_birthtimespec.tv_nsec)
      |            ^
configure:42970: $? = 1
configure: failed program was:
| /* confdefs.h */
| #define PACKAGE_NAME "GNU sed"
| #define PACKAGE_TARNAME "sed"
| #define PACKAGE_VERSION "4.10"
| #define PACKAGE_STRING "GNU sed 4.10"
| #define PACKAGE_BUGREPORT "bug-sed@gnu.org"
| #define PACKAGE_URL "https://www.gnu.org/software/sed/"
| #define PACKAGE "sed"
| #define VERSION "4.10"
| #define HAVE_STDIO_H 1
| #define HAVE_STDLIB_H 1
| #define HAVE_STRING_H 1
| #define HAVE_INTTYPES_H 1
| #define HAVE_STDINT_H 1
| #define HAVE_STRINGS_H 1
| #define HAVE_SYS_STAT_H 1
| #define HAVE_SYS_TYPES_H 1
| #define HAVE_UNISTD_H 1
| #define HAVE_WCHAR_H 1
| #define HAVE_STDBOOL_H 1
| #define HAVE_UCHAR_H 1
| #define HAVE_SYS_PARAM_H 1
| #define HAVE_SYS_SOCKET_H 1
| #define HAVE_DIRENT_H 1
| #define HAVE_LINUX_XATTR_H 1
| #define HAVE_STDIO_EXT_H 1
| #define HAVE_GETOPT_H 1
| #define HAVE_THREADS_H 1
| #define HAVE_LIMITS_H 1
| #define HAVE_WCTYPE_H 1
| #define HAVE_LANGINFO_H 1
| #define HAVE_SYS_MMAN_H 1
| #define HAVE_PTHREAD_H 1
| #define HAVE_MALLOC_H 1
| #define HAVE_SYS_TIME_H 1
| #define HAVE_STDCKDINT_H 1
| #define HAVE_SYS_RANDOM_H 1
| #define HAVE_FEATURES_H 1
| #define HAVE_ARPA_INET_H 1
| #define HAVE_NETDB_H 1
| #define HAVE_NETINET_IN_H 1
| #define HAVE_MATH_H 1
| #define HAVE_SYS_SELECT_H 1
| #define HAVE_SYS_WAIT_H 1
| #define HAVE_SEMAPHORE_H 1
| #define HAVE_SYS_IOCTL_H 1
| #define HAVE_SYS_UN_H 1
| #define HAVE_SYS_UIO_H 1
| #define HAVE_LOCALE_H 1
| #define HAVE_ERRNO_H 1
| #define STDC_HEADERS 1
| #define _ALL_SOURCE 1
| #define _COSMO_SOURCE 1
| #define _DARWIN_C_SOURCE 1
| #define _GNU_SOURCE 1
| #define _HPUX_ALT_XOPEN_SOCKET_API 1
| #define _NETBSD_SOURCE 1
| #define _OPENBSD_SOURCE 1
| #define _POSIX_PTHREAD_SEMANTICS 1
| #define __STDC_WANT_IEC_60559_ATTRIBS_EXT__ 1
| #define __STDC_WANT_IEC_60559_BFP_EXT__ 1
| #define __STDC_WANT_IEC_60559_DFP_EXT__ 1
| #define __STDC_WANT_IEC_60559_EXT__ 1
| #define __STDC_WANT_IEC_60559_FUNCS_EXT__ 1
| #define __STDC_WANT_IEC_60559_TYPES_EXT__ 1
| #define __STDC_WANT_LIB_EXT2__ 1
| #define __STDC_WANT_MATH_SPEC_FUNCS__ 1
| #define _TANDEM_SOURCE 1
| #define __EXTENSIONS__ 1
| #define _LINUX_SOURCE_COMPAT 1
| #define __USE_MINGW_ANSI_STDIO 1
| #define HAVE_FCHMOD 1
| #define HAVE_BTOWC 1
| #define HAVE_MBRTOWC 1
| #define HAVE_MBSINIT 1
| #define HAVE_REALPATH 1
| #define HAVE_LSTAT 1
| #define HAVE_FCNTL 1
| #define HAVE_SYMLINK 1
| #define HAVE_LISTXATTR 1
| #define HAVE_GETDTABLESIZE 1
| #define HAVE_ISWCNTRL 1
| #define HAVE_MPROTECT 1
| #define HAVE_READLINK 1
| #define HAVE_ISBLANK 1
| #define HAVE_ISWCTYPE 1
| #define HAVE_LINK 1
| #define HAVE_VASPRINTF 1
| #define HAVE___XPG_STRERROR_R 1
| #define HAVE_STRTOIMAX 1
| #define HAVE_WCRTOMB 1
| #define HAVE_WCTOB 1
| #define HAVE_FPURGE 1
| #define HAVE_GETTIMEOFDAY 1
| #define HAVE_PIPE 1
| #define HAVE_PSELECT 1
| #define HAVE_PTHREAD_SIGMASK 1
| #define HAVE_SIGPROCMASK 1
| #define HAVE_SETENV 1
| #define HAVE_SLEEP 1
| #define HAVE_SNPRINTF 1
| #define HAVE_SHUTDOWN 1
| #define HAVE_ISATTY 1
| #define HAVE_ISASCII 1
| #define HAVE_MEMCPY 1
| #define HAVE_STRCHR 1
| #define HAVE_STRTOUL 1
| #define HAVE_POPEN 1
| #define HAVE_PATHCONF 1
| #define HAVE_FCHOWN 1
| #define HAVE_SETLOCALE 1
| #define USE_ACL 0
| #define HAVE_ALLOCA_H 1
| #define HAVE_ALLOCA 1
| #define HAVE_WINT_T 1
| #define HAVE_LANGINFO_CODESET 1
| #define BITSIZEOF_WCHAR_T 32
| #define HAVE_MBSTATE_T 1
| #define HAVE_WORKING_MBRTOC32 1
| #define HAVE_WORKING_C32RTOMB 1
| #define HAVE_MALLOC_PTRDIFF 1
| #define HAVE_MALLOC_POSIX 1
| #define LSTAT_FOLLOWS_SLASHED_SYMLINK 1
| #define FUNC_REALPATH_NEARLY_WORKS 1
| #define HAVE_FACCESSAT 1
| #define HAVE_GETCWD 1
| #define HAVE_DECL_STRERROR_R 1
| #define HAVE_STRERROR_R 1
| #define HAVE_WORKING_O_DIRECTORY 1
| #define HAVE_WORKING_O_NOATIME 1
| #define HAVE_WORKING_O_NOFOLLOW 1
| #define USE_SELINUX_SELINUX_H 0
| #define restrict __restrict__
| #define HAVE_DECL_GETDELIM 1
| #define HAVE_DECL_GETDTABLESIZE 1
| #define HAVE_GETOPT_H 1
| #define HAVE_GETOPT_LONG_ONLY 1
| #define MUSL_LIBC 1
| #define HAVE_PTHREAD_API 1
| #define SETLOCALE_NULL_ALL_MTSAFE 0
| #define SETLOCALE_NULL_ONE_MTSAFE 1
| #define HAVE_WEAK_SYMBOLS 1
| #define HAVE_LONG_LONG_INT 1
| #define HAVE_UNSIGNED_LONG_LONG_INT 1
| #define HAVE_TOWLOWER 1
| #define AVOID_ANY_THREADS 1
| #define HAVE_MALLOC_0_NONNULL 1
| #define HAVE_DECL_MEMEQ 0
| #define HAVE_DECL_MEMRCHR 1
| #define HAVE_MINMAX_IN_SYS_PARAM_H 1
| #define PROMOTED_MODE_T mode_t
| #define HAVE_PTHREAD_T 1
| #define HAVE_PTHREAD_SPINLOCK_T 1
| #define HAVE_DECL_ALARM 1
| #define HAVE_SCHED_H 1
| #define HAVE_DECL_FCLOSEALL 0
| #define HAVE_DECL_GETW 1
| #define HAVE_DECL_PUTW 1
| #define HAVE_DECL_ECVT 1
| #define HAVE_DECL_FCVT 1
| #define HAVE_DECL_GCVT 1
| #define HAVE_DECL_STREQ 0
| #define HAVE_STRERROR_R 1
| #define HAVE_DECL_STRTOIMAX 1
| #define _USE_STD_STAT 1
| #define HAVE_DECL_EXECVPE 1
| #define HAVE_DECL_CLEARERR_UNLOCKED 1
| #define HAVE_DECL_FEOF_UNLOCKED 1
| #define HAVE_DECL_FERROR_UNLOCKED 1
| #define HAVE_DECL_FFLUSH_UNLOCKED 1
| #define HAVE_DECL_FGETS_UNLOCKED 1
| #define HAVE_DECL_FILENO_UNLOCKED 1
| #define HAVE_DECL_FPUTC_UNLOCKED 1
| #define HAVE_DECL_FPUTS_UNLOCKED 1
| #define HAVE_DECL_FREAD_UNLOCKED 1
| #define HAVE_DECL_FWRITE_UNLOCKED 1
| #define HAVE_DECL_GETC_UNLOCKED 1
| #define HAVE_DECL_GETCHAR_UNLOCKED 1
| #define HAVE_DECL_PUTC_UNLOCKED 1
| #define HAVE_DECL_PUTCHAR_UNLOCKED 1
| #define HAVE_DECL_WCSDUP 1
| #define HAVE_SHUTDOWN 1
| #define HAVE_STRUCT_SOCKADDR_STORAGE 1
| #define HAVE_SA_FAMILY_T 1
| #define HAVE_STRUCT_SOCKADDR_STORAGE_SS_FAMILY 1
| #define HAVE_ENVIRON_DECL 1
| #define FUNC_FFLUSH_STDIN 1
| #define HAVE_FREXP 1
| #define HAVE_FREXPL 1
| #define HAVE_DECL_FSEEKO 1
| #define FUNC_FFLUSH_STDIN 1
| #define HAVE_DECL_FTELLO 1
| #define HAVE_USELOCALE 1
| #define HAVE_WORKING_USELOCALE 1
| #define HAVE_GOOD_USELOCALE 1
| #define HAVE_IPV4 1
| #define HAVE_IPV6 1
| #define DBL_EXPBIT0_WORD 1
| #define DBL_EXPBIT0_BIT 20
| #define FLT_EXPBIT0_WORD 0
| #define FLT_EXPBIT0_BIT 23
| #define LDBL_EXPBIT0_WORD 2
| #define LDBL_EXPBIT0_BIT 0
| #define HAVE_LC_MESSAGES 1
| #define HAVE_DECL__PUTENV 0
| #define HAVE_SIGSET_T 1
| #define HAVE_DECL_INITSTATE 1
| #define HAVE_DECL_SETSTATE 1
| #define HAVE_DECL_SETENV 1
| #define HAVE_SEARCH_H 1
| #define HAVE_TSEARCH 1
| #define HAVE_DECL_STRDUP 1
| #define HAVE_DECL_UNSETENV 1
| #define HAVE_C_ALIGNASOF 1
| #define HAVE_ALLOCA 1
| #define HAVE_C_STATIC_ASSERT 1
| #define HAVE_C_BOOL 1
| #define GNULIB_TEST_BTOWC 1
| #define HAVE___BUILTIN_EXPECT 1
| #define GNULIB_TEST_C32ISPRINT 1
| #define GNULIB_TEST_C32ISSPACE 1
| #define GNULIB_TEST_C32RTOMB 1
| #define GNULIB_TEST_C32TOB 1
| #define GNULIB_TEST_C32TOLOWER 1
| #define GNULIB_TEST_C32TOUPPER 1
| #define GNULIB_TEST_CALLOC_GNU 1
| #define GNULIB_TEST_CALLOC_POSIX 1
| #define GNULIB_CANONICALIZE_LGPL 1
| #define GNULIB_TEST_CANONICALIZE_FILE_NAME 1
| #define GNULIB_TEST_REALPATH 1
| #define GNULIB_TEST_CHDIR 1
| #define HAVE_CLOCK_GETRES 1
| #define HAVE_CLOCK_GETTIME 1
| #define HAVE_CLOCK_SETTIME 1
| #define GNULIB_TEST_CLOEXEC 1
| #define GNULIB_TEST_CLOSE 1
| #define GNULIB_CLOSE 1
| #define GNULIB_TEST_DUP2 1
| #define GNULIB_TEST_FCNTL 1
| #define FLEXIBLE_ARRAY_MEMBER /**/
| #define GNULIB_TEST_FREE_POSIX 1
| #define HAVE___FSETERR 1
| #define GNULIB_TEST_FSTAT 1
| #define GNULIB_FSTAT 1
| #define HAVE___FWRITING 1
| #define HAVE_GETDELIM 1
| #define GNULIB_TEST_GETDELIM 1
| #define GNULIB_TEST_GETDTABLESIZE 1
| #define __GETOPT_PREFIX rpl_
| #define GNULIB_TEST_GETOPT_POSIX 1
| #define HAVE_DECL_PROGRAM_INVOCATION_NAME 1
| #define HAVE_DECL_PROGRAM_INVOCATION_NAME 1
| #define HAVE_DECL_PROGRAM_INVOCATION_SHORT_NAME 1
| #define HAVE_DECL___ARGV 0
| #define GNULIB_TEST_GETPROGNAME 1
| #define HAVE_GETRANDOM 1
| #define GNULIB_TEST_GETRANDOM 1
| #define GNULIB_LOCALEDIR "/usr/share/locale"
| #define GNULIB_ISSYMLINK 1
| #define HAVE_ISWBLANK 1
| #define HAVE_DECL_ISWBLANK 1
| #define GNULIB_TEST_ISWBLANK 1
| #define GNULIB_TEST_ISWCTYPE 1
| #define GNULIB_TEST_ISWDIGIT 1
| #define GNULIB_TEST_ISWPUNCT 1
| #define GNULIB_TEST_ISWXDIGIT 1
| #define HAVE___INLINE 1
| #define GNULIB_TEST_LOCALECONV 1
| #define GNULIB_LOCALECONV 1
| #define GNULIB_LOCK 1
| #define GNULIB_TEST_LSTAT 1
| #define GNULIB_LSTAT 1
| #define GNULIB_TEST_MALLOC_GNU 1
| #define GNULIB_TEST_MALLOC_POSIX 1
| #define GNULIB_TEST_MBRTOC32 1
| #define GNULIB_MBRTOC32_REGULAR 1
| #define GNULIB_TEST_MBRTOWC 1
| #define GNULIB_TEST_MBSINIT 1
| #define GNULIB_TEST_MBSZERO 1
| #define HAVE_MBTOWC 1
| #define GNULIB_TEST_MBTOWC 1
| #define GNULIB_TEST_MEMCHR 1
| #define GNULIB_TEST_MEMEQ 1
| #define HAVE_MEMPCPY 1
| #define GNULIB_TEST_MEMPCPY 1
| #define HAVE_MEMRCHR 1
| #define GNULIB_TEST_MEMRCHR 1
| #define GNULIB_TEST_MKDIR 1
| #define HAVE_MKOSTEMP 1
| #define GNULIB_MKOSTEMP 1
| #define GNULIB_TEST_MKOSTEMP 1
| #define GNULIB_MSVC_NOTHROW 1
| #define HAVE_NL_LANGINFO 1
| #define NL_LANGINFO_MTSAFE 1
| #define REPLACE_NL_LANGINFO 1
| #define GNULIB_TEST_NL_LANGINFO 1
| #define GNULIB_TEST_OPEN 1
| #define HAVE_DECL_PROGRAM_INVOCATION_NAME 1
| #define HAVE_DECL_PROGRAM_INVOCATION_SHORT_NAME 1
| #define GNULIB_TEST_PTHREAD_ONCE 1
| #define GNULIB_TEST_RAWMEMCHR 1
| #define GNULIB_TEST_READLINK 1
| #define HAVE_REALLOC_POSIX 1
| #define HAVE_REALLOC_0_NONNULL 1
| #define GNULIB_TEST_REALLOC_POSIX 1
| #define HAVE_REALLOCARRAY 1
| #define GNULIB_REALLOCARRAY 1
| #define GNULIB_TEST_REALLOCARRAY 1
| #define _REGEX_INCLUDE_LIMITS_H 1
| #define _REGEX_LARGE_OFFSETS 1
| #define re_syntax_options rpl_re_syntax_options
| #define re_set_syntax rpl_re_set_syntax
| #define re_compile_pattern rpl_re_compile_pattern
| #define re_compile_fastmap rpl_re_compile_fastmap
| #define re_search rpl_re_search
| #define re_search_2 rpl_re_search_2
| #define re_match rpl_re_match
| #define re_match_2 rpl_re_match_2
| #define re_set_registers rpl_re_set_registers
| #define re_comp rpl_re_comp
| #define re_exec rpl_re_exec
| #define regcomp rpl_regcomp
| #define regexec rpl_regexec
| #define regerror rpl_regerror
| #define regfree rpl_regfree
| #define HAVE_DECL_ISBLANK 1
| #define GNULIB_TEST_RENAME 1
| #define GNULIB_TEST_RMDIR 1
| #define HAVE_VISIBILITY 1
| #define GNULIB_TEST_SETLOCALE_NULL 1
| #define GNULIB_TEST_STAT 1
| #define GNULIB_STAT 1
| #define HAVE_STRUCT_STAT_ST_ATIM_TV_NSEC 1
| #define TYPEOF_STRUCT_STAT_ST_ATIM_IS_STRUCT_TIMESPEC 1
| /* end confdefs.h.  */
| #include <sys/types.h>
|      #include <sys/stat.h>
| 
| int
| main (void)
| {
| static struct stat ac_aggr;
| if (ac_aggr.st_birthtimespec.tv_nsec)
| return 0;
|   ;
|   return 0;
| }
configure:42970: gcc -c -g -O2  conftest.c >&5
conftest.c: In function 'main':
conftest.c:343:19: error: 'struct stat' has no member named 'st_birthtimespec'
  343 | if (sizeof ac_aggr.st_birthtimespec.tv_nsec)
      |                   ^
configure:42970: $? = 1
configure: failed program was:
| /* confdefs.h */
| #define PACKAGE_NAME "GNU sed"
| #define PACKAGE_TARNAME "sed"
| #define PACKAGE_VERSION "4.10"
| #define PACKAGE_STRING "GNU sed 4.10"
| #define PACKAGE_BUGREPORT "bug-sed@gnu.org"
| #define PACKAGE_URL "https://www.gnu.org/software/sed/"
| #define PACKAGE "sed"
| #define VERSION "4.10"
| #define HAVE_STDIO_H 1
| #define HAVE_STDLIB_H 1
| #define HAVE_STRING_H 1
| #define HAVE_INTTYPES_H 1
| #define HAVE_STDINT_H 1
| #define HAVE_STRINGS_H 1
| #define HAVE_SYS_STAT_H 1
| #define HAVE_SYS_TYPES_H 1
| #define HAVE_UNISTD_H 1
| #define HAVE_WCHAR_H 1
| #define HAVE_STDBOOL_H 1
| #define HAVE_UCHAR_H 1
| #define HAVE_SYS_PARAM_H 1
| #define HAVE_SYS_SOCKET_H 1
| #define HAVE_DIRENT_H 1
| #define HAVE_LINUX_XATTR_H 1
| #define HAVE_STDIO_EXT_H 1
| #define HAVE_GETOPT_H 1
| #define HAVE_THREADS_H 1
| #define HAVE_LIMITS_H 1
| #define HAVE_WCTYPE_H 1
| #define HAVE_LANGINFO_H 1
| #define HAVE_SYS_MMAN_H 1
| #define HAVE_PTHREAD_H 1
| #define HAVE_MALLOC_H 1
| #define HAVE_SYS_TIME_H 1
| #define HAVE_STDCKDINT_H 1
| #define HAVE_SYS_RANDOM_H 1
| #define HAVE_FEATURES_H 1
| #define HAVE_ARPA_INET_H 1
| #define HAVE_NETDB_H 1
| #define HAVE_NETINET_IN_H 1
| #define HAVE_MATH_H 1
| #define HAVE_SYS_SELECT_H 1
| #define HAVE_SYS_WAIT_H 1
| #define HAVE_SEMAPHORE_H 1
| #define HAVE_SYS_IOCTL_H 1
| #define HAVE_SYS_UN_H 1
| #define HAVE_SYS_UIO_H 1
| #define HAVE_LOCALE_H 1
| #define HAVE_ERRNO_H 1
| #define STDC_HEADERS 1
| #define _ALL_SOURCE 1
| #define _COSMO_SOURCE 1
| #define _DARWIN_C_SOURCE 1
| #define _GNU_SOURCE 1
| #define _HPUX_ALT_XOPEN_SOCKET_API 1
| #define _NETBSD_SOURCE 1
| #define _OPENBSD_SOURCE 1
| #define _POSIX_PTHREAD_SEMANTICS 1
| #define __STDC_WANT_IEC_60559_ATTRIBS_EXT__ 1
| #define __STDC_WANT_IEC_60559_BFP_EXT__ 1
| #define __STDC_WANT_IEC_60559_DFP_EXT__ 1
| #define __STDC_WANT_IEC_60559_EXT__ 1
| #define __STDC_WANT_IEC_60559_FUNCS_EXT__ 1
| #define __STDC_WANT_IEC_60559_TYPES_EXT__ 1
| #define __STDC_WANT_LIB_EXT2__ 1
| #define __STDC_WANT_MATH_SPEC_FUNCS__ 1
| #define _TANDEM_SOURCE 1
| #define __EXTENSIONS__ 1
| #define _LINUX_SOURCE_COMPAT 1
| #define __USE_MINGW_ANSI_STDIO 1
| #define HAVE_FCHMOD 1
| #define HAVE_BTOWC 1
| #define HAVE_MBRTOWC 1
| #define HAVE_MBSINIT 1
| #define HAVE_REALPATH 1
| #define HAVE_LSTAT 1
| #define HAVE_FCNTL 1
| #define HAVE_SYMLINK 1
| #define HAVE_LISTXATTR 1
| #define HAVE_GETDTABLESIZE 1
| #define HAVE_ISWCNTRL 1
| #define HAVE_MPROTECT 1
| #define HAVE_READLINK 1
| #define HAVE_ISBLANK 1
| #define HAVE_ISWCTYPE 1
| #define HAVE_LINK 1
| #define HAVE_VASPRINTF 1
| #define HAVE___XPG_STRERROR_R 1
| #define HAVE_STRTOIMAX 1
| #define HAVE_WCRTOMB 1
| #define HAVE_WCTOB 1
| #define HAVE_FPURGE 1
| #define HAVE_GETTIMEOFDAY 1
| #define HAVE_PIPE 1
| #define HAVE_PSELECT 1
| #define HAVE_PTHREAD_SIGMASK 1
| #define HAVE_SIGPROCMASK 1
| #define HAVE_SETENV 1
| #define HAVE_SLEEP 1
| #define HAVE_SNPRINTF 1
| #define HAVE_SHUTDOWN 1
| #define HAVE_ISATTY 1
| #define HAVE_ISASCII 1
| #define HAVE_MEMCPY 1
| #define HAVE_STRCHR 1
| #define HAVE_STRTOUL 1
| #define HAVE_POPEN 1
| #define HAVE_PATHCONF 1
| #define HAVE_FCHOWN 1
| #define HAVE_SETLOCALE 1
| #define USE_ACL 0
| #define HAVE_ALLOCA_H 1
| #define HAVE_ALLOCA 1
| #define HAVE_WINT_T 1
| #define HAVE_LANGINFO_CODESET 1
| #define BITSIZEOF_WCHAR_T 32
| #define HAVE_MBSTATE_T 1
| #define HAVE_WORKING_MBRTOC32 1
| #define HAVE_WORKING_C32RTOMB 1
| #define HAVE_MALLOC_PTRDIFF 1
| #define HAVE_MALLOC_POSIX 1
| #define LSTAT_FOLLOWS_SLASHED_SYMLINK 1
| #define FUNC_REALPATH_NEARLY_WORKS 1
| #define HAVE_FACCESSAT 1
| #define HAVE_GETCWD 1
| #define HAVE_DECL_STRERROR_R 1
| #define HAVE_STRERROR_R 1
| #define HAVE_WORKING_O_DIRECTORY 1
| #define HAVE_WORKING_O_NOATIME 1
| #define HAVE_WORKING_O_NOFOLLOW 1
| #define USE_SELINUX_SELINUX_H 0
| #define restrict __restrict__
| #define HAVE_DECL_GETDELIM 1
| #define HAVE_DECL_GETDTABLESIZE 1
| #define HAVE_GETOPT_H 1
| #define HAVE_GETOPT_LONG_ONLY 1
| #define MUSL_LIBC 1
| #define HAVE_PTHREAD_API 1
| #define SETLOCALE_NULL_ALL_MTSAFE 0
| #define SETLOCALE_NULL_ONE_MTSAFE 1
| #define HAVE_WEAK_SYMBOLS 1
| #define HAVE_LONG_LONG_INT 1
| #define HAVE_UNSIGNED_LONG_LONG_INT 1
| #define HAVE_TOWLOWER 1
| #define AVOID_ANY_THREADS 1
| #define HAVE_MALLOC_0_NONNULL 1
| #define HAVE_DECL_MEMEQ 0
| #define HAVE_DECL_MEMRCHR 1
| #define HAVE_MINMAX_IN_SYS_PARAM_H 1
| #define PROMOTED_MODE_T mode_t
| #define HAVE_PTHREAD_T 1
| #define HAVE_PTHREAD_SPINLOCK_T 1
| #define HAVE_DECL_ALARM 1
| #define HAVE_SCHED_H 1
| #define HAVE_DECL_FCLOSEALL 0
| #define HAVE_DECL_GETW 1
| #define HAVE_DECL_PUTW 1
| #define HAVE_DECL_ECVT 1
| #define HAVE_DECL_FCVT 1
| #define HAVE_DECL_GCVT 1
| #define HAVE_DECL_STREQ 0
| #define HAVE_STRERROR_R 1
| #define HAVE_DECL_STRTOIMAX 1
| #define _USE_STD_STAT 1
| #define HAVE_DECL_EXECVPE 1
| #define HAVE_DECL_CLEARERR_UNLOCKED 1
| #define HAVE_DECL_FEOF_UNLOCKED 1
| #define HAVE_DECL_FERROR_UNLOCKED 1
| #define HAVE_DECL_FFLUSH_UNLOCKED 1
| #define HAVE_DECL_FGETS_UNLOCKED 1
| #define HAVE_DECL_FILENO_UNLOCKED 1
| #define HAVE_DECL_FPUTC_UNLOCKED 1
| #define HAVE_DECL_FPUTS_UNLOCKED 1
| #define HAVE_DECL_FREAD_UNLOCKED 1
| #define HAVE_DECL_FWRITE_UNLOCKED 1
| #define HAVE_DECL_GETC_UNLOCKED 1
| #define HAVE_DECL_GETCHAR_UNLOCKED 1
| #define HAVE_DECL_PUTC_UNLOCKED 1
| #define HAVE_DECL_PUTCHAR_UNLOCKED 1
| #define HAVE_DECL_WCSDUP 1
| #define HAVE_SHUTDOWN 1
| #define HAVE_STRUCT_SOCKADDR_STORAGE 1
| #define HAVE_SA_FAMILY_T 1
| #define HAVE_STRUCT_SOCKADDR_STORAGE_SS_FAMILY 1
| #define HAVE_ENVIRON_DECL 1
| #define FUNC_FFLUSH_STDIN 1
| #define HAVE_FREXP 1
| #define HAVE_FREXPL 1
| #define HAVE_DECL_FSEEKO 1
| #define FUNC_FFLUSH_STDIN 1
| #define HAVE_DECL_FTELLO 1
| #define HAVE_USELOCALE 1
| #define HAVE_WORKING_USELOCALE 1
| #define HAVE_GOOD_USELOCALE 1
| #define HAVE_IPV4 1
| #define HAVE_IPV6 1
| #define DBL_EXPBIT0_WORD 1
| #define DBL_EXPBIT0_BIT 20
| #define FLT_EXPBIT0_WORD 0
| #define FLT_EXPBIT0_BIT 23
| #define LDBL_EXPBIT0_WORD 2
| #define LDBL_EXPBIT0_BIT 0
| #define HAVE_LC_MESSAGES 1
| #define HAVE_DECL__PUTENV 0
| #define HAVE_SIGSET_T 1
| #define HAVE_DECL_INITSTATE 1
| #define HAVE_DECL_SETSTATE 1
| #define HAVE_DECL_SETENV 1
| #define HAVE_SEARCH_H 1
| #define HAVE_TSEARCH 1
| #define HAVE_DECL_STRDUP 1
| #define HAVE_DECL_UNSETENV 1
| #define HAVE_C_ALIGNASOF 1
| #define HAVE_ALLOCA 1
| #define HAVE_C_STATIC_ASSERT 1
| #define HAVE_C_BOOL 1
| #define GNULIB_TEST_BTOWC 1
| #define HAVE___BUILTIN_EXPECT 1
| #define GNULIB_TEST_C32ISPRINT 1
| #define GNULIB_TEST_C32ISSPACE 1
| #define GNULIB_TEST_C32RTOMB 1
| #define GNULIB_TEST_C32TOB 1
| #define GNULIB_TEST_C32TOLOWER 1
| #define GNULIB_TEST_C32TOUPPER 1
| #define GNULIB_TEST_CALLOC_GNU 1
| #define GNULIB_TEST_CALLOC_POSIX 1
| #define GNULIB_CANONICALIZE_LGPL 1
| #define GNULIB_TEST_CANONICALIZE_FILE_NAME 1
| #define GNULIB_TEST_REALPATH 1
| #define GNULIB_TEST_CHDIR 1
| #define HAVE_CLOCK_GETRES 1
| #define HAVE_CLOCK_GETTIME 1
| #define HAVE_CLOCK_SETTIME 1
| #define GNULIB_TEST_CLOEXEC 1
| #define GNULIB_TEST_CLOSE 1
| #define GNULIB_CLOSE 1
| #define GNULIB_TEST_DUP2 1
| #define GNULIB_TEST_FCNTL 1
| #define FLEXIBLE_ARRAY_MEMBER /**/
| #define GNULIB_TEST_FREE_POSIX 1
| #define HAVE___FSETERR 1
| #define GNULIB_TEST_FSTAT 1
| #define GNULIB_FSTAT 1
| #define HAVE___FWRITING 1
| #define HAVE_GETDELIM 1
| #define GNULIB_TEST_GETDELIM 1
| #define GNULIB_TEST_GETDTABLESIZE 1
| #define __GETOPT_PREFIX rpl_
| #define GNULIB_TEST_GETOPT_POSIX 1
| #define HAVE_DECL_PROGRAM_INVOCATION_NAME 1
| #define HAVE_DECL_PROGRAM_INVOCATION_NAME 1
| #define HAVE_DECL_PROGRAM_INVOCATION_SHORT_NAME 1
| #define HAVE_DECL___ARGV 0
| #define GNULIB_TEST_GETPROGNAME 1
| #define HAVE_GETRANDOM 1
| #define GNULIB_TEST_GETRANDOM 1
| #define GNULIB_LOCALEDIR "/usr/share/locale"
| #define GNULIB_ISSYMLINK 1
| #define HAVE_ISWBLANK 1
| #define HAVE_DECL_ISWBLANK 1
| #define GNULIB_TEST_ISWBLANK 1
| #define GNULIB_TEST_ISWCTYPE 1
| #define GNULIB_TEST_ISWDIGIT 1
| #define GNULIB_TEST_ISWPUNCT 1
| #define GNULIB_TEST_ISWXDIGIT 1
| #define HAVE___INLINE 1
| #define GNULIB_TEST_LOCALECONV 1
| #define GNULIB_LOCALECONV 1
| #define GNULIB_LOCK 1
| #define GNULIB_TEST_LSTAT 1
| #define GNULIB_LSTAT 1
| #define GNULIB_TEST_MALLOC_GNU 1
| #define GNULIB_TEST_MALLOC_POSIX 1
| #define GNULIB_TEST_MBRTOC32 1
| #define GNULIB_MBRTOC32_REGULAR 1
| #define GNULIB_TEST_MBRTOWC 1
| #define GNULIB_TEST_MBSINIT 1
| #define GNULIB_TEST_MBSZERO 1
| #define HAVE_MBTOWC 1
| #define GNULIB_TEST_MBTOWC 1
| #define GNULIB_TEST_MEMCHR 1
| #define GNULIB_TEST_MEMEQ 1
| #define HAVE_MEMPCPY 1
| #define GNULIB_TEST_MEMPCPY 1
| #define HAVE_MEMRCHR 1
| #define GNULIB_TEST_MEMRCHR 1
| #define GNULIB_TEST_MKDIR 1
| #define HAVE_MKOSTEMP 1
| #define GNULIB_MKOSTEMP 1
| #define GNULIB_TEST_MKOSTEMP 1
| #define GNULIB_MSVC_NOTHROW 1
| #define HAVE_NL_LANGINFO 1
| #define NL_LANGINFO_MTSAFE 1
| #define REPLACE_NL_LANGINFO 1
| #define GNULIB_TEST_NL_LANGINFO 1
| #define GNULIB_TEST_OPEN 1
| #define HAVE_DECL_PROGRAM_INVOCATION_NAME 1
| #define HAVE_DECL_PROGRAM_INVOCATION_SHORT_NAME 1
| #define GNULIB_TEST_PTHREAD_ONCE 1
| #define GNULIB_TEST_RAWMEMCHR 1
| #define GNULIB_TEST_READLINK 1
| #define HAVE_REALLOC_POSIX 1
| #define HAVE_REALLOC_0_NONNULL 1
| #define GNULIB_TEST_REALLOC_POSIX 1
| #define HAVE_REALLOCARRAY 1
| #define GNULIB_REALLOCARRAY 1
| #define GNULIB_TEST_REALLOCARRAY 1
| #define _REGEX_INCLUDE_LIMITS_H 1
| #define _REGEX_LARGE_OFFSETS 1
| #define re_syntax_options rpl_re_syntax_options
| #define re_set_syntax rpl_re_set_syntax
| #define re_compile_pattern rpl_re_compile_pattern
| #define re_compile_fastmap rpl_re_compile_fastmap
| #define re_search rpl_re_search
| #define re_search_2 rpl_re_search_2
| #define re_match rpl_re_match
| #define re_match_2 rpl_re_match_2
| #define re_set_registers rpl_re_set_registers
| #define re_comp rpl_re_comp
| #define re_exec rpl_re_exec
| #define regcomp rpl_regcomp
| #define regexec rpl_regexec
| #define regerror rpl_regerror
| #define regfree rpl_regfree
| #define HAVE_DECL_ISBLANK 1
| #define GNULIB_TEST_RENAME 1
| #define GNULIB_TEST_RMDIR 1
| #define HAVE_VISIBILITY 1
| #define GNULIB_TEST_SETLOCALE_NULL 1
| #define GNULIB_TEST_STAT 1
| #define GNULIB_STAT 1
| #define HAVE_STRUCT_STAT_ST_ATIM_TV_NSEC 1
| #define TYPEOF_STRUCT_STAT_ST_ATIM_IS_STRUCT_TIMESPEC 1
| /* end confdefs.h.  */
| #include <sys/types.h>
|      #include <sys/stat.h>
| 
| int
| main (void)
| {
| static struct stat ac_aggr;
| if (sizeof ac_aggr.st_birthtimespec.tv_nsec)
| return 0;
|   ;
|   return 0;
| }
configure:42970: result: no
configure:42980: checking for struct stat.st_birthtimensec
configure:42980: gcc -c -g -O2  conftest.c >&5
conftest.c: In function 'main':
conftest.c:343:12: error: 'struct stat' has no member named 'st_birthtimensec'
  343 | if (ac_aggr.st_birthtimensec)
      |            ^
configure:42980: $? = 1
configure: failed program was:
| /* confdefs.h */
| #define PACKAGE_NAME "GNU sed"
| #define PACKAGE_TARNAME "sed"
| #define PACKAGE_VERSION "4.10"
| #define PACKAGE_STRING "GNU sed 4.10"
| #define PACKAGE_BUGREPORT "bug-sed@gnu.org"
| #define PACKAGE_URL "https://www.gnu.org/software/sed/"
| #define PACKAGE "sed"
| #define VERSION "4.10"
| #define HAVE_STDIO_H 1
| #define HAVE_STDLIB_H 1
| #define HAVE_STRING_H 1
| #define HAVE_INTTYPES_H 1
| #define HAVE_STDINT_H 1
| #define HAVE_STRINGS_H 1
| #define HAVE_SYS_STAT_H 1
| #define HAVE_SYS_TYPES_H 1
| #define HAVE_UNISTD_H 1
| #define HAVE_WCHAR_H 1
| #define HAVE_STDBOOL_H 1
| #define HAVE_UCHAR_H 1
| #define HAVE_SYS_PARAM_H 1
| #define HAVE_SYS_SOCKET_H 1
| #define HAVE_DIRENT_H 1
| #define HAVE_LINUX_XATTR_H 1
| #define HAVE_STDIO_EXT_H 1
| #define HAVE_GETOPT_H 1
| #define HAVE_THREADS_H 1
| #define HAVE_LIMITS_H 1
| #define HAVE_WCTYPE_H 1
| #define HAVE_LANGINFO_H 1
| #define HAVE_SYS_MMAN_H 1
| #define HAVE_PTHREAD_H 1
| #define HAVE_MALLOC_H 1
| #define HAVE_SYS_TIME_H 1
| #define HAVE_STDCKDINT_H 1
| #define HAVE_SYS_RANDOM_H 1
| #define HAVE_FEATURES_H 1
| #define HAVE_ARPA_INET_H 1
| #define HAVE_NETDB_H 1
| #define HAVE_NETINET_IN_H 1
| #define HAVE_MATH_H 1
| #define HAVE_SYS_SELECT_H 1
| #define HAVE_SYS_WAIT_H 1
| #define HAVE_SEMAPHORE_H 1
| #define HAVE_SYS_IOCTL_H 1
| #define HAVE_SYS_UN_H 1
| #define HAVE_SYS_UIO_H 1
| #define HAVE_LOCALE_H 1
| #define HAVE_ERRNO_H 1
| #define STDC_HEADERS 1
| #define _ALL_SOURCE 1
| #define _COSMO_SOURCE 1
| #define _DARWIN_C_SOURCE 1
| #define _GNU_SOURCE 1
| #define _HPUX_ALT_XOPEN_SOCKET_API 1
| #define _NETBSD_SOURCE 1
| #define _OPENBSD_SOURCE 1
| #define _POSIX_PTHREAD_SEMANTICS 1
| #define __STDC_WANT_IEC_60559_ATTRIBS_EXT__ 1
| #define __STDC_WANT_IEC_60559_BFP_EXT__ 1
| #define __STDC_WANT_IEC_60559_DFP_EXT__ 1
| #define __STDC_WANT_IEC_60559_EXT__ 1
| #define __STDC_WANT_IEC_60559_FUNCS_EXT__ 1
| #define __STDC_WANT_IEC_60559_TYPES_EXT__ 1
| #define __STDC_WANT_LIB_EXT2__ 1
| #define __STDC_WANT_MATH_SPEC_FUNCS__ 1
| #define _TANDEM_SOURCE 1
| #define __EXTENSIONS__ 1
| #define _LINUX_SOURCE_COMPAT 1
| #define __USE_MINGW_ANSI_STDIO 1
| #define HAVE_FCHMOD 1
| #define HAVE_BTOWC 1
| #define HAVE_MBRTOWC 1
| #define HAVE_MBSINIT 1
| #define HAVE_REALPATH 1
| #define HAVE_LSTAT 1
| #define HAVE_FCNTL 1
| #define HAVE_SYMLINK 1
| #define HAVE_LISTXATTR 1
| #define HAVE_GETDTABLESIZE 1
| #define HAVE_ISWCNTRL 1
| #define HAVE_MPROTECT 1
| #define HAVE_READLINK 1
| #define HAVE_ISBLANK 1
| #define HAVE_ISWCTYPE 1
| #define HAVE_LINK 1
| #define HAVE_VASPRINTF 1
| #define HAVE___XPG_STRERROR_R 1
| #define HAVE_STRTOIMAX 1
| #define HAVE_WCRTOMB 1
| #define HAVE_WCTOB 1
| #define HAVE_FPURGE 1
| #define HAVE_GETTIMEOFDAY 1
| #define HAVE_PIPE 1
| #define HAVE_PSELECT 1
| #define HAVE_PTHREAD_SIGMASK 1
| #define HAVE_SIGPROCMASK 1
| #define HAVE_SETENV 1
| #define HAVE_SLEEP 1
| #define HAVE_SNPRINTF 1
| #define HAVE_SHUTDOWN 1
| #define HAVE_ISATTY 1
| #define HAVE_ISASCII 1
| #define HAVE_MEMCPY 1
| #define HAVE_STRCHR 1
| #define HAVE_STRTOUL 1
| #define HAVE_POPEN 1
| #define HAVE_PATHCONF 1
| #define HAVE_FCHOWN 1
| #define HAVE_SETLOCALE 1
| #define USE_ACL 0
| #define HAVE_ALLOCA_H 1
| #define HAVE_ALLOCA 1
| #define HAVE_WINT_T 1
| #define HAVE_LANGINFO_CODESET 1
| #define BITSIZEOF_WCHAR_T 32
| #define HAVE_MBSTATE_T 1
| #define HAVE_WORKING_MBRTOC32 1
| #define HAVE_WORKING_C32RTOMB 1
| #define HAVE_MALLOC_PTRDIFF 1
| #define HAVE_MALLOC_POSIX 1
| #define LSTAT_FOLLOWS_SLASHED_SYMLINK 1
| #define FUNC_REALPATH_NEARLY_WORKS 1
| #define HAVE_FACCESSAT 1
| #define HAVE_GETCWD 1
| #define HAVE_DECL_STRERROR_R 1
| #define HAVE_STRERROR_R 1
| #define HAVE_WORKING_O_DIRECTORY 1
| #define HAVE_WORKING_O_NOATIME 1
| #define HAVE_WORKING_O_NOFOLLOW 1
| #define USE_SELINUX_SELINUX_H 0
| #define restrict __restrict__
| #define HAVE_DECL_GETDELIM 1
| #define HAVE_DECL_GETDTABLESIZE 1
| #define HAVE_GETOPT_H 1
| #define HAVE_GETOPT_LONG_ONLY 1
| #define MUSL_LIBC 1
| #define HAVE_PTHREAD_API 1
| #define SETLOCALE_NULL_ALL_MTSAFE 0
| #define SETLOCALE_NULL_ONE_MTSAFE 1
| #define HAVE_WEAK_SYMBOLS 1
| #define HAVE_LONG_LONG_INT 1
| #define HAVE_UNSIGNED_LONG_LONG_INT 1
| #define HAVE_TOWLOWER 1
| #define AVOID_ANY_THREADS 1
| #define HAVE_MALLOC_0_NONNULL 1
| #define HAVE_DECL_MEMEQ 0
| #define HAVE_DECL_MEMRCHR 1
| #define HAVE_MINMAX_IN_SYS_PARAM_H 1
| #define PROMOTED_MODE_T mode_t
| #define HAVE_PTHREAD_T 1
| #define HAVE_PTHREAD_SPINLOCK_T 1
| #define HAVE_DECL_ALARM 1
| #define HAVE_SCHED_H 1
| #define HAVE_DECL_FCLOSEALL 0
| #define HAVE_DECL_GETW 1
| #define HAVE_DECL_PUTW 1
| #define HAVE_DECL_ECVT 1
| #define HAVE_DECL_FCVT 1
| #define HAVE_DECL_GCVT 1
| #define HAVE_DECL_STREQ 0
| #define HAVE_STRERROR_R 1
| #define HAVE_DECL_STRTOIMAX 1
| #define _USE_STD_STAT 1
| #define HAVE_DECL_EXECVPE 1
| #define HAVE_DECL_CLEARERR_UNLOCKED 1
| #define HAVE_DECL_FEOF_UNLOCKED 1
| #define HAVE_DECL_FERROR_UNLOCKED 1
| #define HAVE_DECL_FFLUSH_UNLOCKED 1
| #define HAVE_DECL_FGETS_UNLOCKED 1
| #define HAVE_DECL_FILENO_UNLOCKED 1
| #define HAVE_DECL_FPUTC_UNLOCKED 1
| #define HAVE_DECL_FPUTS_UNLOCKED 1
| #define HAVE_DECL_FREAD_UNLOCKED 1
| #define HAVE_DECL_FWRITE_UNLOCKED 1
| #define HAVE_DECL_GETC_UNLOCKED 1
| #define HAVE_DECL_GETCHAR_UNLOCKED 1
| #define HAVE_DECL_PUTC_UNLOCKED 1
| #define HAVE_DECL_PUTCHAR_UNLOCKED 1
| #define HAVE_DECL_WCSDUP 1
| #define HAVE_SHUTDOWN 1
| #define HAVE_STRUCT_SOCKADDR_STORAGE 1
| #define HAVE_SA_FAMILY_T 1
| #define HAVE_STRUCT_SOCKADDR_STORAGE_SS_FAMILY 1
| #define HAVE_ENVIRON_DECL 1
| #define FUNC_FFLUSH_STDIN 1
| #define HAVE_FREXP 1
| #define HAVE_FREXPL 1
| #define HAVE_DECL_FSEEKO 1
| #define FUNC_FFLUSH_STDIN 1
| #define HAVE_DECL_FTELLO 1
| #define HAVE_USELOCALE 1
| #define HAVE_WORKING_USELOCALE 1
| #define HAVE_GOOD_USELOCALE 1
| #define HAVE_IPV4 1
| #define HAVE_IPV6 1
| #define DBL_EXPBIT0_WORD 1
| #define DBL_EXPBIT0_BIT 20
| #define FLT_EXPBIT0_WORD 0
| #define FLT_EXPBIT0_BIT 23
| #define LDBL_EXPBIT0_WORD 2
| #define LDBL_EXPBIT0_BIT 0
| #define HAVE_LC_MESSAGES 1
| #define HAVE_DECL__PUTENV 0
| #define HAVE_SIGSET_T 1
| #define HAVE_DECL_INITSTATE 1
| #define HAVE_DECL_SETSTATE 1
| #define HAVE_DECL_SETENV 1
| #define HAVE_SEARCH_H 1
| #define HAVE_TSEARCH 1
| #define HAVE_DECL_STRDUP 1
| #define HAVE_DECL_UNSETENV 1
| #define HAVE_C_ALIGNASOF 1
| #define HAVE_ALLOCA 1
| #define HAVE_C_STATIC_ASSERT 1
| #define HAVE_C_BOOL 1
| #define GNULIB_TEST_BTOWC 1
| #define HAVE___BUILTIN_EXPECT 1
| #define GNULIB_TEST_C32ISPRINT 1
| #define GNULIB_TEST_C32ISSPACE 1
| #define GNULIB_TEST_C32RTOMB 1
| #define GNULIB_TEST_C32TOB 1
| #define GNULIB_TEST_C32TOLOWER 1
| #define GNULIB_TEST_C32TOUPPER 1
| #define GNULIB_TEST_CALLOC_GNU 1
| #define GNULIB_TEST_CALLOC_POSIX 1
| #define GNULIB_CANONICALIZE_LGPL 1
| #define GNULIB_TEST_CANONICALIZE_FILE_NAME 1
| #define GNULIB_TEST_REALPATH 1
| #define GNULIB_TEST_CHDIR 1
| #define HAVE_CLOCK_GETRES 1
| #define HAVE_CLOCK_GETTIME 1
| #define HAVE_CLOCK_SETTIME 1
| #define GNULIB_TEST_CLOEXEC 1
| #define GNULIB_TEST_CLOSE 1
| #define GNULIB_CLOSE 1
| #define GNULIB_TEST_DUP2 1
| #define GNULIB_TEST_FCNTL 1
| #define FLEXIBLE_ARRAY_MEMBER /**/
| #define GNULIB_TEST_FREE_POSIX 1
| #define HAVE___FSETERR 1
| #define GNULIB_TEST_FSTAT 1
| #define GNULIB_FSTAT 1
| #define HAVE___FWRITING 1
| #define HAVE_GETDELIM 1
| #define GNULIB_TEST_GETDELIM 1
| #define GNULIB_TEST_GETDTABLESIZE 1
| #define __GETOPT_PREFIX rpl_
| #define GNULIB_TEST_GETOPT_POSIX 1
| #define HAVE_DECL_PROGRAM_INVOCATION_NAME 1
| #define HAVE_DECL_PROGRAM_INVOCATION_NAME 1
| #define HAVE_DECL_PROGRAM_INVOCATION_SHORT_NAME 1
| #define HAVE_DECL___ARGV 0
| #define GNULIB_TEST_GETPROGNAME 1
| #define HAVE_GETRANDOM 1
| #define GNULIB_TEST_GETRANDOM 1
| #define GNULIB_LOCALEDIR "/usr/share/locale"
| #define GNULIB_ISSYMLINK 1
| #define HAVE_ISWBLANK 1
| #define HAVE_DECL_ISWBLANK 1
| #define GNULIB_TEST_ISWBLANK 1
| #define GNULIB_TEST_ISWCTYPE 1
| #define GNULIB_TEST_ISWDIGIT 1
| #define GNULIB_TEST_ISWPUNCT 1
| #define GNULIB_TEST_ISWXDIGIT 1
| #define HAVE___INLINE 1
| #define GNULIB_TEST_LOCALECONV 1
| #define GNULIB_LOCALECONV 1
| #define GNULIB_LOCK 1
| #define GNULIB_TEST_LSTAT 1
| #define GNULIB_LSTAT 1
| #define GNULIB_TEST_MALLOC_GNU 1
| #define GNULIB_TEST_MALLOC_POSIX 1
| #define GNULIB_TEST_MBRTOC32 1
| #define GNULIB_MBRTOC32_REGULAR 1
| #define GNULIB_TEST_MBRTOWC 1
| #define GNULIB_TEST_MBSINIT 1
| #define GNULIB_TEST_MBSZERO 1
| #define HAVE_MBTOWC 1
| #define GNULIB_TEST_MBTOWC 1
| #define GNULIB_TEST_MEMCHR 1
| #define GNULIB_TEST_MEMEQ 1
| #define HAVE_MEMPCPY 1
| #define GNULIB_TEST_MEMPCPY 1
| #define HAVE_MEMRCHR 1
| #define GNULIB_TEST_MEMRCHR 1
| #define GNULIB_TEST_MKDIR 1
| #define HAVE_MKOSTEMP 1
| #define GNULIB_MKOSTEMP 1
| #define GNULIB_TEST_MKOSTEMP 1
| #define GNULIB_MSVC_NOTHROW 1
| #define HAVE_NL_LANGINFO 1
| #define NL_LANGINFO_MTSAFE 1
| #define REPLACE_NL_LANGINFO 1
| #define GNULIB_TEST_NL_LANGINFO 1
| #define GNULIB_TEST_OPEN 1
| #define HAVE_DECL_PROGRAM_INVOCATION_NAME 1
| #define HAVE_DECL_PROGRAM_INVOCATION_SHORT_NAME 1
| #define GNULIB_TEST_PTHREAD_ONCE 1
| #define GNULIB_TEST_RAWMEMCHR 1
| #define GNULIB_TEST_READLINK 1
| #define HAVE_REALLOC_POSIX 1
| #define HAVE_REALLOC_0_NONNULL 1
| #define GNULIB_TEST_REALLOC_POSIX 1
| #define HAVE_REALLOCARRAY 1
| #define GNULIB_REALLOCARRAY 1
| #define GNULIB_TEST_REALLOCARRAY 1
| #define _REGEX_INCLUDE_LIMITS_H 1
| #define _REGEX_LARGE_OFFSETS 1
| #define re_syntax_options rpl_re_syntax_options
| #define re_set_syntax rpl_re_set_syntax
| #define re_compile_pattern rpl_re_compile_pattern
| #define re_compile_fastmap rpl_re_compile_fastmap
| #define re_search rpl_re_search
| #define re_search_2 rpl_re_search_2
| #define re_match rpl_re_match
| #define re_match_2 rpl_re_match_2
| #define re_set_registers rpl_re_set_registers
| #define re_comp rpl_re_comp
| #define re_exec rpl_re_exec
| #define regcomp rpl_regcomp
| #define regexec rpl_regexec
| #define regerror rpl_regerror
| #define regfree rpl_regfree
| #define HAVE_DECL_ISBLANK 1
| #define GNULIB_TEST_RENAME 1
| #define GNULIB_TEST_RMDIR 1
| #define HAVE_VISIBILITY 1
| #define GNULIB_TEST_SETLOCALE_NULL 1
| #define GNULIB_TEST_STAT 1
| #define GNULIB_STAT 1
| #define HAVE_STRUCT_STAT_ST_ATIM_TV_NSEC 1
| #define TYPEOF_STRUCT_STAT_ST_ATIM_IS_STRUCT_TIMESPEC 1
| /* end confdefs.h.  */
| #include <sys/types.h>
|         #include <sys/stat.h>
| 
| int
| main (void)
| {
| static struct stat ac_aggr;
| if (ac_aggr.st_birthtimensec)
| return 0;
|   ;
|   return 0;
| }
configure:42980: gcc -c -g -O2  conftest.c >&5
conftest.c: In function 'main':
conftest.c:343:19: error: 'struct stat' has no member named 'st_birthtimensec'
  343 | if (sizeof ac_aggr.st_birthtimensec)
      |                   ^
configure:42980: $? = 1
configure: failed program was:
| /* confdefs.h */
| #define PACKAGE_NAME "GNU sed"
| #define PACKAGE_TARNAME "sed"
| #define PACKAGE_VERSION "4.10"
| #define PACKAGE_STRING "GNU sed 4.10"
| #define PACKAGE_BUGREPORT "bug-sed@gnu.org"
| #define PACKAGE_URL "https://www.gnu.org/software/sed/"
| #define PACKAGE "sed"
| #define VERSION "4.10"
| #define HAVE_STDIO_H 1
| #define HAVE_STDLIB_H 1
| #define HAVE_STRING_H 1
| #define HAVE_INTTYPES_H 1
| #define HAVE_STDINT_H 1
| #define HAVE_STRINGS_H 1
| #define HAVE_SYS_STAT_H 1
| #define HAVE_SYS_TYPES_H 1
| #define HAVE_UNISTD_H 1
| #define HAVE_WCHAR_H 1
| #define HAVE_STDBOOL_H 1
| #define HAVE_UCHAR_H 1
| #define HAVE_SYS_PARAM_H 1
| #define HAVE_SYS_SOCKET_H 1
| #define HAVE_DIRENT_H 1
| #define HAVE_LINUX_XATTR_H 1
| #define HAVE_STDIO_EXT_H 1
| #define HAVE_GETOPT_H 1
| #define HAVE_THREADS_H 1
| #define HAVE_LIMITS_H 1
| #define HAVE_WCTYPE_H 1
| #define HAVE_LANGINFO_H 1
| #define HAVE_SYS_MMAN_H 1
| #define HAVE_PTHREAD_H 1
| #define HAVE_MALLOC_H 1
| #define HAVE_SYS_TIME_H 1
| #define HAVE_STDCKDINT_H 1
| #define HAVE_SYS_RANDOM_H 1
| #define HAVE_FEATURES_H 1
| #define HAVE_ARPA_INET_H 1
| #define HAVE_NETDB_H 1
| #define HAVE_NETINET_IN_H 1
| #define HAVE_MATH_H 1
| #define HAVE_SYS_SELECT_H 1
| #define HAVE_SYS_WAIT_H 1
| #define HAVE_SEMAPHORE_H 1
| #define HAVE_SYS_IOCTL_H 1
| #define HAVE_SYS_UN_H 1
| #define HAVE_SYS_UIO_H 1
| #define HAVE_LOCALE_H 1
| #define HAVE_ERRNO_H 1
| #define STDC_HEADERS 1
| #define _ALL_SOURCE 1
| #define _COSMO_SOURCE 1
| #define _DARWIN_C_SOURCE 1
| #define _GNU_SOURCE 1
| #define _HPUX_ALT_XOPEN_SOCKET_API 1
| #define _NETBSD_SOURCE 1
| #define _OPENBSD_SOURCE 1
| #define _POSIX_PTHREAD_SEMANTICS 1
| #define __STDC_WANT_IEC_60559_ATTRIBS_EXT__ 1
| #define __STDC_WANT_IEC_60559_BFP_EXT__ 1
| #define __STDC_WANT_IEC_60559_DFP_EXT__ 1
| #define __STDC_WANT_IEC_60559_EXT__ 1
| #define __STDC_WANT_IEC_60559_FUNCS_EXT__ 1
| #define __STDC_WANT_IEC_60559_TYPES_EXT__ 1
| #define __STDC_WANT_LIB_EXT2__ 1
| #define __STDC_WANT_MATH_SPEC_FUNCS__ 1
| #define _TANDEM_SOURCE 1
| #define __EXTENSIONS__ 1
| #define _LINUX_SOURCE_COMPAT 1
| #define __USE_MINGW_ANSI_STDIO 1
| #define HAVE_FCHMOD 1
| #define HAVE_BTOWC 1
| #define HAVE_MBRTOWC 1
| #define HAVE_MBSINIT 1
| #define HAVE_REALPATH 1
| #define HAVE_LSTAT 1
| #define HAVE_FCNTL 1
| #define HAVE_SYMLINK 1
| #define HAVE_LISTXATTR 1
| #define HAVE_GETDTABLESIZE 1
| #define HAVE_ISWCNTRL 1
| #define HAVE_MPROTECT 1
| #define HAVE_READLINK 1
| #define HAVE_ISBLANK 1
| #define HAVE_ISWCTYPE 1
| #define HAVE_LINK 1
| #define HAVE_VASPRINTF 1
| #define HAVE___XPG_STRERROR_R 1
| #define HAVE_STRTOIMAX 1
| #define HAVE_WCRTOMB 1
| #define HAVE_WCTOB 1
| #define HAVE_FPURGE 1
| #define HAVE_GETTIMEOFDAY 1
| #define HAVE_PIPE 1
| #define HAVE_PSELECT 1
| #define HAVE_PTHREAD_SIGMASK 1
| #define HAVE_SIGPROCMASK 1
| #define HAVE_SETENV 1
| #define HAVE_SLEEP 1
| #define HAVE_SNPRINTF 1
| #define HAVE_SHUTDOWN 1
| #define HAVE_ISATTY 1
| #define HAVE_ISASCII 1
| #define HAVE_MEMCPY 1
| #define HAVE_STRCHR 1
| #define HAVE_STRTOUL 1
| #define HAVE_POPEN 1
| #define HAVE_PATHCONF 1
| #define HAVE_FCHOWN 1
| #define HAVE_SETLOCALE 1
| #define USE_ACL 0
| #define HAVE_ALLOCA_H 1
| #define HAVE_ALLOCA 1
| #define HAVE_WINT_T 1
| #define HAVE_LANGINFO_CODESET 1
| #define BITSIZEOF_WCHAR_T 32
| #define HAVE_MBSTATE_T 1
| #define HAVE_WORKING_MBRTOC32 1
| #define HAVE_WORKING_C32RTOMB 1
| #define HAVE_MALLOC_PTRDIFF 1
| #define HAVE_MALLOC_POSIX 1
| #define LSTAT_FOLLOWS_SLASHED_SYMLINK 1
| #define FUNC_REALPATH_NEARLY_WORKS 1
| #define HAVE_FACCESSAT 1
| #define HAVE_GETCWD 1
| #define HAVE_DECL_STRERROR_R 1
| #define HAVE_STRERROR_R 1
| #define HAVE_WORKING_O_DIRECTORY 1
| #define HAVE_WORKING_O_NOATIME 1
| #define HAVE_WORKING_O_NOFOLLOW 1
| #define USE_SELINUX_SELINUX_H 0
| #define restrict __restrict__
| #define HAVE_DECL_GETDELIM 1
| #define HAVE_DECL_GETDTABLESIZE 1
| #define HAVE_GETOPT_H 1
| #define HAVE_GETOPT_LONG_ONLY 1
| #define MUSL_LIBC 1
| #define HAVE_PTHREAD_API 1
| #define SETLOCALE_NULL_ALL_MTSAFE 0
| #define SETLOCALE_NULL_ONE_MTSAFE 1
| #define HAVE_WEAK_SYMBOLS 1
| #define HAVE_LONG_LONG_INT 1
| #define HAVE_UNSIGNED_LONG_LONG_INT 1
| #define HAVE_TOWLOWER 1
| #define AVOID_ANY_THREADS 1
| #define HAVE_MALLOC_0_NONNULL 1
| #define HAVE_DECL_MEMEQ 0
| #define HAVE_DECL_MEMRCHR 1
| #define HAVE_MINMAX_IN_SYS_PARAM_H 1
| #define PROMOTED_MODE_T mode_t
| #define HAVE_PTHREAD_T 1
| #define HAVE_PTHREAD_SPINLOCK_T 1
| #define HAVE_DECL_ALARM 1
| #define HAVE_SCHED_H 1
| #define HAVE_DECL_FCLOSEALL 0
| #define HAVE_DECL_GETW 1
| #define HAVE_DECL_PUTW 1
| #define HAVE_DECL_ECVT 1
| #define HAVE_DECL_FCVT 1
| #define HAVE_DECL_GCVT 1
| #define HAVE_DECL_STREQ 0
| #define HAVE_STRERROR_R 1
| #define HAVE_DECL_STRTOIMAX 1
| #define _USE_STD_STAT 1
| #define HAVE_DECL_EXECVPE 1
| #define HAVE_DECL_CLEARERR_UNLOCKED 1
| #define HAVE_DECL_FEOF_UNLOCKED 1
| #define HAVE_DECL_FERROR_UNLOCKED 1
| #define HAVE_DECL_FFLUSH_UNLOCKED 1
| #define HAVE_DECL_FGETS_UNLOCKED 1
| #define HAVE_DECL_FILENO_UNLOCKED 1
| #define HAVE_DECL_FPUTC_UNLOCKED 1
| #define HAVE_DECL_FPUTS_UNLOCKED 1
| #define HAVE_DECL_FREAD_UNLOCKED 1
| #define HAVE_DECL_FWRITE_UNLOCKED 1
| #define HAVE_DECL_GETC_UNLOCKED 1
| #define HAVE_DECL_GETCHAR_UNLOCKED 1
| #define HAVE_DECL_PUTC_UNLOCKED 1
| #define HAVE_DECL_PUTCHAR_UNLOCKED 1
| #define HAVE_DECL_WCSDUP 1
| #define HAVE_SHUTDOWN 1
| #define HAVE_STRUCT_SOCKADDR_STORAGE 1
| #define HAVE_SA_FAMILY_T 1
| #define HAVE_STRUCT_SOCKADDR_STORAGE_SS_FAMILY 1
| #define HAVE_ENVIRON_DECL 1
| #define FUNC_FFLUSH_STDIN 1
| #define HAVE_FREXP 1
| #define HAVE_FREXPL 1
| #define HAVE_DECL_FSEEKO 1
| #define FUNC_FFLUSH_STDIN 1
| #define HAVE_DECL_FTELLO 1
| #define HAVE_USELOCALE 1
| #define HAVE_WORKING_USELOCALE 1
| #define HAVE_GOOD_USELOCALE 1
| #define HAVE_IPV4 1
| #define HAVE_IPV6 1
| #define DBL_EXPBIT0_WORD 1
| #define DBL_EXPBIT0_BIT 20
| #define FLT_EXPBIT0_WORD 0
| #define FLT_EXPBIT0_BIT 23
| #define LDBL_EXPBIT0_WORD 2
| #define LDBL_EXPBIT0_BIT 0
| #define HAVE_LC_MESSAGES 1
| #define HAVE_DECL__PUTENV 0
| #define HAVE_SIGSET_T 1
| #define HAVE_DECL_INITSTATE 1
| #define HAVE_DECL_SETSTATE 1
| #define HAVE_DECL_SETENV 1
| #define HAVE_SEARCH_H 1
| #define HAVE_TSEARCH 1
| #define HAVE_DECL_STRDUP 1
| #define HAVE_DECL_UNSETENV 1
| #define HAVE_C_ALIGNASOF 1
| #define HAVE_ALLOCA 1
| #define HAVE_C_STATIC_ASSERT 1
| #define HAVE_C_BOOL 1
| #define GNULIB_TEST_BTOWC 1
| #define HAVE___BUILTIN_EXPECT 1
| #define GNULIB_TEST_C32ISPRINT 1
| #define GNULIB_TEST_C32ISSPACE 1
| #define GNULIB_TEST_C32RTOMB 1
| #define GNULIB_TEST_C32TOB 1
| #define GNULIB_TEST_C32TOLOWER 1
| #define GNULIB_TEST_C32TOUPPER 1
| #define GNULIB_TEST_CALLOC_GNU 1
| #define GNULIB_TEST_CALLOC_POSIX 1
| #define GNULIB_CANONICALIZE_LGPL 1
| #define GNULIB_TEST_CANONICALIZE_FILE_NAME 1
| #define GNULIB_TEST_REALPATH 1
| #define GNULIB_TEST_CHDIR 1
| #define HAVE_CLOCK_GETRES 1
| #define HAVE_CLOCK_GETTIME 1
| #define HAVE_CLOCK_SETTIME 1
| #define GNULIB_TEST_CLOEXEC 1
| #define GNULIB_TEST_CLOSE 1
| #define GNULIB_CLOSE 1
| #define GNULIB_TEST_DUP2 1
| #define GNULIB_TEST_FCNTL 1
| #define FLEXIBLE_ARRAY_MEMBER /**/
| #define GNULIB_TEST_FREE_POSIX 1
| #define HAVE___FSETERR 1
| #define GNULIB_TEST_FSTAT 1
| #define GNULIB_FSTAT 1
| #define HAVE___FWRITING 1
| #define HAVE_GETDELIM 1
| #define GNULIB_TEST_GETDELIM 1
| #define GNULIB_TEST_GETDTABLESIZE 1
| #define __GETOPT_PREFIX rpl_
| #define GNULIB_TEST_GETOPT_POSIX 1
| #define HAVE_DECL_PROGRAM_INVOCATION_NAME 1
| #define HAVE_DECL_PROGRAM_INVOCATION_NAME 1
| #define HAVE_DECL_PROGRAM_INVOCATION_SHORT_NAME 1
| #define HAVE_DECL___ARGV 0
| #define GNULIB_TEST_GETPROGNAME 1
| #define HAVE_GETRANDOM 1
| #define GNULIB_TEST_GETRANDOM 1
| #define GNULIB_LOCALEDIR "/usr/share/locale"
| #define GNULIB_ISSYMLINK 1
| #define HAVE_ISWBLANK 1
| #define HAVE_DECL_ISWBLANK 1
| #define GNULIB_TEST_ISWBLANK 1
| #define GNULIB_TEST_ISWCTYPE 1
| #define GNULIB_TEST_ISWDIGIT 1
| #define GNULIB_TEST_ISWPUNCT 1
| #define GNULIB_TEST_ISWXDIGIT 1
| #define HAVE___INLINE 1
| #define GNULIB_TEST_LOCALECONV 1
| #define GNULIB_LOCALECONV 1
| #define GNULIB_LOCK 1
| #define GNULIB_TEST_LSTAT 1
| #define GNULIB_LSTAT 1
| #define GNULIB_TEST_MALLOC_GNU 1
| #define GNULIB_TEST_MALLOC_POSIX 1
| #define GNULIB_TEST_MBRTOC32 1
| #define GNULIB_MBRTOC32_REGULAR 1
| #define GNULIB_TEST_MBRTOWC 1
| #define GNULIB_TEST_MBSINIT 1
| #define GNULIB_TEST_MBSZERO 1
| #define HAVE_MBTOWC 1
| #define GNULIB_TEST_MBTOWC 1
| #define GNULIB_TEST_MEMCHR 1
| #define GNULIB_TEST_MEMEQ 1
| #define HAVE_MEMPCPY 1
| #define GNULIB_TEST_MEMPCPY 1
| #define HAVE_MEMRCHR 1
| #define GNULIB_TEST_MEMRCHR 1
| #define GNULIB_TEST_MKDIR 1
| #define HAVE_MKOSTEMP 1
| #define GNULIB_MKOSTEMP 1
| #define GNULIB_TEST_MKOSTEMP 1
| #define GNULIB_MSVC_NOTHROW 1
| #define HAVE_NL_LANGINFO 1
| #define NL_LANGINFO_MTSAFE 1
| #define REPLACE_NL_LANGINFO 1
| #define GNULIB_TEST_NL_LANGINFO 1
| #define GNULIB_TEST_OPEN 1
| #define HAVE_DECL_PROGRAM_INVOCATION_NAME 1
| #define HAVE_DECL_PROGRAM_INVOCATION_SHORT_NAME 1
| #define GNULIB_TEST_PTHREAD_ONCE 1
| #define GNULIB_TEST_RAWMEMCHR 1
| #define GNULIB_TEST_READLINK 1
| #define HAVE_REALLOC_POSIX 1
| #define HAVE_REALLOC_0_NONNULL 1
| #define GNULIB_TEST_REALLOC_POSIX 1
| #define HAVE_REALLOCARRAY 1
| #define GNULIB_REALLOCARRAY 1
| #define GNULIB_TEST_REALLOCARRAY 1
| #define _REGEX_INCLUDE_LIMITS_H 1
| #define _REGEX_LARGE_OFFSETS 1
| #define re_syntax_options rpl_re_syntax_options
| #define re_set_syntax rpl_re_set_syntax
| #define re_compile_pattern rpl_re_compile_pattern
| #define re_compile_fastmap rpl_re_compile_fastmap
| #define re_search rpl_re_search
| #define re_search_2 rpl_re_search_2
| #define re_match rpl_re_match
| #define re_match_2 rpl_re_match_2
| #define re_set_registers rpl_re_set_registers
| #define re_comp rpl_re_comp
| #define re_exec rpl_re_exec
| #define regcomp rpl_regcomp
| #define regexec rpl_regexec
| #define regerror rpl_regerror
| #define regfree rpl_regfree
| #define HAVE_DECL_ISBLANK 1
| #define GNULIB_TEST_RENAME 1
| #define GNULIB_TEST_RMDIR 1
| #define HAVE_VISIBILITY 1
| #define GNULIB_TEST_SETLOCALE_NULL 1
| #define GNULIB_TEST_STAT 1
| #define GNULIB_STAT 1
| #define HAVE_STRUCT_STAT_ST_ATIM_TV_NSEC 1
| #define TYPEOF_STRUCT_STAT_ST_ATIM_IS_STRUCT_TIMESPEC 1
| /* end confdefs.h.  */
| #include <sys/types.h>
|         #include <sys/stat.h>
| 
| int
| main (void)
| {
| static struct stat ac_aggr;
| if (sizeof ac_aggr.st_birthtimensec)
| return 0;
|   ;
|   return 0;
| }
configure:42980: result: no
configure:42990: checking for struct stat.st_birthtim.tv_nsec
configure:42990: gcc -c -g -O2  conftest.c >&5
conftest.c: In function 'main':
conftest.c:343:12: error: 'struct stat' has no member named 'st_birthtim'
  343 | if (ac_aggr.st_birthtim.tv_nsec)
      |            ^
configure:42990: $? = 1
configure: failed program was:
| /* confdefs.h */
| #define PACKAGE_NAME "GNU sed"
| #define PACKAGE_TARNAME "sed"
| #define PACKAGE_VERSION "4.10"
| #define PACKAGE_STRING "GNU sed 4.10"
| #define PACKAGE_BUGREPORT "bug-sed@gnu.org"
| #define PACKAGE_URL "https://www.gnu.org/software/sed/"
| #define PACKAGE "sed"
| #define VERSION "4.10"
| #define HAVE_STDIO_H 1
| #define HAVE_STDLIB_H 1
| #define HAVE_STRING_H 1
| #define HAVE_INTTYPES_H 1
| #define HAVE_STDINT_H 1
| #define HAVE_STRINGS_H 1
| #define HAVE_SYS_STAT_H 1
| #define HAVE_SYS_TYPES_H 1
| #define HAVE_UNISTD_H 1
| #define HAVE_WCHAR_H 1
| #define HAVE_STDBOOL_H 1
| #define HAVE_UCHAR_H 1
| #define HAVE_SYS_PARAM_H 1
| #define HAVE_SYS_SOCKET_H 1
| #define HAVE_DIRENT_H 1
| #define HAVE_LINUX_XATTR_H 1
| #define HAVE_STDIO_EXT_H 1
| #define HAVE_GETOPT_H 1
| #define HAVE_THREADS_H 1
| #define HAVE_LIMITS_H 1
| #define HAVE_WCTYPE_H 1
| #define HAVE_LANGINFO_H 1
| #define HAVE_SYS_MMAN_H 1
| #define HAVE_PTHREAD_H 1
| #define HAVE_MALLOC_H 1
| #define HAVE_SYS_TIME_H 1
| #define HAVE_STDCKDINT_H 1
| #define HAVE_SYS_RANDOM_H 1
| #define HAVE_FEATURES_H 1
| #define HAVE_ARPA_INET_H 1
| #define HAVE_NETDB_H 1
| #define HAVE_NETINET_IN_H 1
| #define HAVE_MATH_H 1
| #define HAVE_SYS_SELECT_H 1
| #define HAVE_SYS_WAIT_H 1
| #define HAVE_SEMAPHORE_H 1
| #define HAVE_SYS_IOCTL_H 1
| #define HAVE_SYS_UN_H 1
| #define HAVE_SYS_UIO_H 1
| #define HAVE_LOCALE_H 1
| #define HAVE_ERRNO_H 1
| #define STDC_HEADERS 1
| #define _ALL_SOURCE 1
| #define _COSMO_SOURCE 1
| #define _DARWIN_C_SOURCE 1
| #define _GNU_SOURCE 1
| #define _HPUX_ALT_XOPEN_SOCKET_API 1
| #define _NETBSD_SOURCE 1
| #define _OPENBSD_SOURCE 1
| #define _POSIX_PTHREAD_SEMANTICS 1
| #define __STDC_WANT_IEC_60559_ATTRIBS_EXT__ 1
| #define __STDC_WANT_IEC_60559_BFP_EXT__ 1
| #define __STDC_WANT_IEC_60559_DFP_EXT__ 1
| #define __STDC_WANT_IEC_60559_EXT__ 1
| #define __STDC_WANT_IEC_60559_FUNCS_EXT__ 1
| #define __STDC_WANT_IEC_60559_TYPES_EXT__ 1
| #define __STDC_WANT_LIB_EXT2__ 1
| #define __STDC_WANT_MATH_SPEC_FUNCS__ 1
| #define _TANDEM_SOURCE 1
| #define __EXTENSIONS__ 1
| #define _LINUX_SOURCE_COMPAT 1
| #define __USE_MINGW_ANSI_STDIO 1
| #define HAVE_FCHMOD 1
| #define HAVE_BTOWC 1
| #define HAVE_MBRTOWC 1
| #define HAVE_MBSINIT 1
| #define HAVE_REALPATH 1
| #define HAVE_LSTAT 1
| #define HAVE_FCNTL 1
| #define HAVE_SYMLINK 1
| #define HAVE_LISTXATTR 1
| #define HAVE_GETDTABLESIZE 1
| #define HAVE_ISWCNTRL 1
| #define HAVE_MPROTECT 1
| #define HAVE_READLINK 1
| #define HAVE_ISBLANK 1
| #define HAVE_ISWCTYPE 1
| #define HAVE_LINK 1
| #define HAVE_VASPRINTF 1
| #define HAVE___XPG_STRERROR_R 1
| #define HAVE_STRTOIMAX 1
| #define HAVE_WCRTOMB 1
| #define HAVE_WCTOB 1
| #define HAVE_FPURGE 1
| #define HAVE_GETTIMEOFDAY 1
| #define HAVE_PIPE 1
| #define HAVE_PSELECT 1
| #define HAVE_PTHREAD_SIGMASK 1
| #define HAVE_SIGPROCMASK 1
| #define HAVE_SETENV 1
| #define HAVE_SLEEP 1
| #define HAVE_SNPRINTF 1
| #define HAVE_SHUTDOWN 1
| #define HAVE_ISATTY 1
| #define HAVE_ISASCII 1
| #define HAVE_MEMCPY 1
| #define HAVE_STRCHR 1
| #define HAVE_STRTOUL 1
| #define HAVE_POPEN 1
| #define HAVE_PATHCONF 1
| #define HAVE_FCHOWN 1
| #define HAVE_SETLOCALE 1
| #define USE_ACL 0
| #define HAVE_ALLOCA_H 1
| #define HAVE_ALLOCA 1
| #define HAVE_WINT_T 1
| #define HAVE_LANGINFO_CODESET 1
| #define BITSIZEOF_WCHAR_T 32
| #define HAVE_MBSTATE_T 1
| #define HAVE_WORKING_MBRTOC32 1
| #define HAVE_WORKING_C32RTOMB 1
| #define HAVE_MALLOC_PTRDIFF 1
| #define HAVE_MALLOC_POSIX 1
| #define LSTAT_FOLLOWS_SLASHED_SYMLINK 1
| #define FUNC_REALPATH_NEARLY_WORKS 1
| #define HAVE_FACCESSAT 1
| #define HAVE_GETCWD 1
| #define HAVE_DECL_STRERROR_R 1
| #define HAVE_STRERROR_R 1
| #define HAVE_WORKING_O_DIRECTORY 1
| #define HAVE_WORKING_O_NOATIME 1
| #define HAVE_WORKING_O_NOFOLLOW 1
| #define USE_SELINUX_SELINUX_H 0
| #define restrict __restrict__
| #define HAVE_DECL_GETDELIM 1
| #define HAVE_DECL_GETDTABLESIZE 1
| #define HAVE_GETOPT_H 1
| #define HAVE_GETOPT_LONG_ONLY 1
| #define MUSL_LIBC 1
| #define HAVE_PTHREAD_API 1
| #define SETLOCALE_NULL_ALL_MTSAFE 0
| #define SETLOCALE_NULL_ONE_MTSAFE 1
| #define HAVE_WEAK_SYMBOLS 1
| #define HAVE_LONG_LONG_INT 1
| #define HAVE_UNSIGNED_LONG_LONG_INT 1
| #define HAVE_TOWLOWER 1
| #define AVOID_ANY_THREADS 1
| #define HAVE_MALLOC_0_NONNULL 1
| #define HAVE_DECL_MEMEQ 0
| #define HAVE_DECL_MEMRCHR 1
| #define HAVE_MINMAX_IN_SYS_PARAM_H 1
| #define PROMOTED_MODE_T mode_t
| #define HAVE_PTHREAD_T 1
| #define HAVE_PTHREAD_SPINLOCK_T 1
| #define HAVE_DECL_ALARM 1
| #define HAVE_SCHED_H 1
| #define HAVE_DECL_FCLOSEALL 0
| #define HAVE_DECL_GETW 1
| #define HAVE_DECL_PUTW 1
| #define HAVE_DECL_ECVT 1
| #define HAVE_DECL_FCVT 1
| #define HAVE_DECL_GCVT 1
| #define HAVE_DECL_STREQ 0
| #define HAVE_STRERROR_R 1
| #define HAVE_DECL_STRTOIMAX 1
| #define _USE_STD_STAT 1
| #define HAVE_DECL_EXECVPE 1
| #define HAVE_DECL_CLEARERR_UNLOCKED 1
| #define HAVE_DECL_FEOF_UNLOCKED 1
| #define HAVE_DECL_FERROR_UNLOCKED 1
| #define HAVE_DECL_FFLUSH_UNLOCKED 1
| #define HAVE_DECL_FGETS_UNLOCKED 1
| #define HAVE_DECL_FILENO_UNLOCKED 1
| #define HAVE_DECL_FPUTC_UNLOCKED 1
| #define HAVE_DECL_FPUTS_UNLOCKED 1
| #define HAVE_DECL_FREAD_UNLOCKED 1
| #define HAVE_DECL_FWRITE_UNLOCKED 1
| #define HAVE_DECL_GETC_UNLOCKED 1
| #define HAVE_DECL_GETCHAR_UNLOCKED 1
| #define HAVE_DECL_PUTC_UNLOCKED 1
| #define HAVE_DECL_PUTCHAR_UNLOCKED 1
| #define HAVE_DECL_WCSDUP 1
| #define HAVE_SHUTDOWN 1
| #define HAVE_STRUCT_SOCKADDR_STORAGE 1
| #define HAVE_SA_FAMILY_T 1
| #define HAVE_STRUCT_SOCKADDR_STORAGE_SS_FAMILY 1
| #define HAVE_ENVIRON_DECL 1
| #define FUNC_FFLUSH_STDIN 1
| #define HAVE_FREXP 1
| #define HAVE_FREXPL 1
| #define HAVE_DECL_FSEEKO 1
| #define FUNC_FFLUSH_STDIN 1
| #define HAVE_DECL_FTELLO 1
| #define HAVE_USELOCALE 1
| #define HAVE_WORKING_USELOCALE 1
| #define HAVE_GOOD_USELOCALE 1
| #define HAVE_IPV4 1
| #define HAVE_IPV6 1
| #define DBL_EXPBIT0_WORD 1
| #define DBL_EXPBIT0_BIT 20
| #define FLT_EXPBIT0_WORD 0
| #define FLT_EXPBIT0_BIT 23
| #define LDBL_EXPBIT0_WORD 2
| #define LDBL_EXPBIT0_BIT 0
| #define HAVE_LC_MESSAGES 1
| #define HAVE_DECL__PUTENV 0
| #define HAVE_SIGSET_T 1
| #define HAVE_DECL_INITSTATE 1
| #define HAVE_DECL_SETSTATE 1
| #define HAVE_DECL_SETENV 1
| #define HAVE_SEARCH_H 1
| #define HAVE_TSEARCH 1
| #define HAVE_DECL_STRDUP 1
| #define HAVE_DECL_UNSETENV 1
| #define HAVE_C_ALIGNASOF 1
| #define HAVE_ALLOCA 1
| #define HAVE_C_STATIC_ASSERT 1
| #define HAVE_C_BOOL 1
| #define GNULIB_TEST_BTOWC 1
| #define HAVE___BUILTIN_EXPECT 1
| #define GNULIB_TEST_C32ISPRINT 1
| #define GNULIB_TEST_C32ISSPACE 1
| #define GNULIB_TEST_C32RTOMB 1
| #define GNULIB_TEST_C32TOB 1
| #define GNULIB_TEST_C32TOLOWER 1
| #define GNULIB_TEST_C32TOUPPER 1
| #define GNULIB_TEST_CALLOC_GNU 1
| #define GNULIB_TEST_CALLOC_POSIX 1
| #define GNULIB_CANONICALIZE_LGPL 1
| #define GNULIB_TEST_CANONICALIZE_FILE_NAME 1
| #define GNULIB_TEST_REALPATH 1
| #define GNULIB_TEST_CHDIR 1
| #define HAVE_CLOCK_GETRES 1
| #define HAVE_CLOCK_GETTIME 1
| #define HAVE_CLOCK_SETTIME 1
| #define GNULIB_TEST_CLOEXEC 1
| #define GNULIB_TEST_CLOSE 1
| #define GNULIB_CLOSE 1
| #define GNULIB_TEST_DUP2 1
| #define GNULIB_TEST_FCNTL 1
| #define FLEXIBLE_ARRAY_MEMBER /**/
| #define GNULIB_TEST_FREE_POSIX 1
| #define HAVE___FSETERR 1
| #define GNULIB_TEST_FSTAT 1
| #define GNULIB_FSTAT 1
| #define HAVE___FWRITING 1
| #define HAVE_GETDELIM 1
| #define GNULIB_TEST_GETDELIM 1
| #define GNULIB_TEST_GETDTABLESIZE 1
| #define __GETOPT_PREFIX rpl_
| #define GNULIB_TEST_GETOPT_POSIX 1
| #define HAVE_DECL_PROGRAM_INVOCATION_NAME 1
| #define HAVE_DECL_PROGRAM_INVOCATION_NAME 1
| #define HAVE_DECL_PROGRAM_INVOCATION_SHORT_NAME 1
| #define HAVE_DECL___ARGV 0
| #define GNULIB_TEST_GETPROGNAME 1
| #define HAVE_GETRANDOM 1
| #define GNULIB_TEST_GETRANDOM 1
| #define GNULIB_LOCALEDIR "/usr/share/locale"
| #define GNULIB_ISSYMLINK 1
| #define HAVE_ISWBLANK 1
| #define HAVE_DECL_ISWBLANK 1
| #define GNULIB_TEST_ISWBLANK 1
| #define GNULIB_TEST_ISWCTYPE 1
| #define GNULIB_TEST_ISWDIGIT 1
| #define GNULIB_TEST_ISWPUNCT 1
| #define GNULIB_TEST_ISWXDIGIT 1
| #define HAVE___INLINE 1
| #define GNULIB_TEST_LOCALECONV 1
| #define GNULIB_LOCALECONV 1
| #define GNULIB_LOCK 1
| #define GNULIB_TEST_LSTAT 1
| #define GNULIB_LSTAT 1
| #define GNULIB_TEST_MALLOC_GNU 1
| #define GNULIB_TEST_MALLOC_POSIX 1
| #define GNULIB_TEST_MBRTOC32 1
| #define GNULIB_MBRTOC32_REGULAR 1
| #define GNULIB_TEST_MBRTOWC 1
| #define GNULIB_TEST_MBSINIT 1
| #define GNULIB_TEST_MBSZERO 1
| #define HAVE_MBTOWC 1
| #define GNULIB_TEST_MBTOWC 1
| #define GNULIB_TEST_MEMCHR 1
| #define GNULIB_TEST_MEMEQ 1
| #define HAVE_MEMPCPY 1
| #define GNULIB_TEST_MEMPCPY 1
| #define HAVE_MEMRCHR 1
| #define GNULIB_TEST_MEMRCHR 1
| #define GNULIB_TEST_MKDIR 1
| #define HAVE_MKOSTEMP 1
| #define GNULIB_MKOSTEMP 1
| #define GNULIB_TEST_MKOSTEMP 1
| #define GNULIB_MSVC_NOTHROW 1
| #define HAVE_NL_LANGINFO 1
| #define NL_LANGINFO_MTSAFE 1
| #define REPLACE_NL_LANGINFO 1
| #define GNULIB_TEST_NL_LANGINFO 1
| #define GNULIB_TEST_OPEN 1
| #define HAVE_DECL_PROGRAM_INVOCATION_NAME 1
| #define HAVE_DECL_PROGRAM_INVOCATION_SHORT_NAME 1
| #define GNULIB_TEST_PTHREAD_ONCE 1
| #define GNULIB_TEST_RAWMEMCHR 1
| #define GNULIB_TEST_READLINK 1
| #define HAVE_REALLOC_POSIX 1
| #define HAVE_REALLOC_0_NONNULL 1
| #define GNULIB_TEST_REALLOC_POSIX 1
| #define HAVE_REALLOCARRAY 1
| #define GNULIB_REALLOCARRAY 1
| #define GNULIB_TEST_REALLOCARRAY 1
| #define _REGEX_INCLUDE_LIMITS_H 1
| #define _REGEX_LARGE_OFFSETS 1
| #define re_syntax_options rpl_re_syntax_options
| #define re_set_syntax rpl_re_set_syntax
| #define re_compile_pattern rpl_re_compile_pattern
| #define re_compile_fastmap rpl_re_compile_fastmap
| #define re_search rpl_re_search
| #define re_search_2 rpl_re_search_2
| #define re_match rpl_re_match
| #define re_match_2 rpl_re_match_2
| #define re_set_registers rpl_re_set_registers
| #define re_comp rpl_re_comp
| #define re_exec rpl_re_exec
| #define regcomp rpl_regcomp
| #define regexec rpl_regexec
| #define regerror rpl_regerror
| #define regfree rpl_regfree
| #define HAVE_DECL_ISBLANK 1
| #define GNULIB_TEST_RENAME 1
| #define GNULIB_TEST_RMDIR 1
| #define HAVE_VISIBILITY 1
| #define GNULIB_TEST_SETLOCALE_NULL 1
| #define GNULIB_TEST_STAT 1
| #define GNULIB_STAT 1
| #define HAVE_STRUCT_STAT_ST_ATIM_TV_NSEC 1
| #define TYPEOF_STRUCT_STAT_ST_ATIM_IS_STRUCT_TIMESPEC 1
| /* end confdefs.h.  */
| #include <sys/types.h>
|           #include <sys/stat.h>
| 
| int
| main (void)
| {
| static struct stat ac_aggr;
| if (ac_aggr.st_birthtim.tv_nsec)
| return 0;
|   ;
|   return 0;
| }
configure:42990: gcc -c -g -O2  conftest.c >&5
conftest.c: In function 'main':
conftest.c:343:19: error: 'struct stat' has no member named 'st_birthtim'
  343 | if (sizeof ac_aggr.st_birthtim.tv_nsec)
      |                   ^
configure:42990: $? = 1
configure: failed program was:
| /* confdefs.h */
| #define PACKAGE_NAME "GNU sed"
| #define PACKAGE_TARNAME "sed"
| #define PACKAGE_VERSION "4.10"
| #define PACKAGE_STRING "GNU sed 4.10"
| #define PACKAGE_BUGREPORT "bug-sed@gnu.org"
| #define PACKAGE_URL "https://www.gnu.org/software/sed/"
| #define PACKAGE "sed"
| #define VERSION "4.10"
| #define HAVE_STDIO_H 1
| #define HAVE_STDLIB_H 1
| #define HAVE_STRING_H 1
| #define HAVE_INTTYPES_H 1
| #define HAVE_STDINT_H 1
| #define HAVE_STRINGS_H 1
| #define HAVE_SYS_STAT_H 1
| #define HAVE_SYS_TYPES_H 1
| #define HAVE_UNISTD_H 1
| #define HAVE_WCHAR_H 1
| #define HAVE_STDBOOL_H 1
| #define HAVE_UCHAR_H 1
| #define HAVE_SYS_PARAM_H 1
| #define HAVE_SYS_SOCKET_H 1
| #define HAVE_DIRENT_H 1
| #define HAVE_LINUX_XATTR_H 1
| #define HAVE_STDIO_EXT_H 1
| #define HAVE_GETOPT_H 1
| #define HAVE_THREADS_H 1
| #define HAVE_LIMITS_H 1
| #define HAVE_WCTYPE_H 1
| #define HAVE_LANGINFO_H 1
| #define HAVE_SYS_MMAN_H 1
| #define HAVE_PTHREAD_H 1
| #define HAVE_MALLOC_H 1
| #define HAVE_SYS_TIME_H 1
| #define HAVE_STDCKDINT_H 1
| #define HAVE_SYS_RANDOM_H 1
| #define HAVE_FEATURES_H 1
| #define HAVE_ARPA_INET_H 1
| #define HAVE_NETDB_H 1
| #define HAVE_NETINET_IN_H 1
| #define HAVE_MATH_H 1
| #define HAVE_SYS_SELECT_H 1
| #define HAVE_SYS_WAIT_H 1
| #define HAVE_SEMAPHORE_H 1
| #define HAVE_SYS_IOCTL_H 1
| #define HAVE_SYS_UN_H 1
| #define HAVE_SYS_UIO_H 1
| #define HAVE_LOCALE_H 1
| #define HAVE_ERRNO_H 1
| #define STDC_HEADERS 1
| #define _ALL_SOURCE 1
| #define _COSMO_SOURCE 1
| #define _DARWIN_C_SOURCE 1
| #define _GNU_SOURCE 1
| #define _HPUX_ALT_XOPEN_SOCKET_API 1
| #define _NETBSD_SOURCE 1
| #define _OPENBSD_SOURCE 1
| #define _POSIX_PTHREAD_SEMANTICS 1
| #define __STDC_WANT_IEC_60559_ATTRIBS_EXT__ 1
| #define __STDC_WANT_IEC_60559_BFP_EXT__ 1
| #define __STDC_WANT_IEC_60559_DFP_EXT__ 1
| #define __STDC_WANT_IEC_60559_EXT__ 1
| #define __STDC_WANT_IEC_60559_FUNCS_EXT__ 1
| #define __STDC_WANT_IEC_60559_TYPES_EXT__ 1
| #define __STDC_WANT_LIB_EXT2__ 1
| #define __STDC_WANT_MATH_SPEC_FUNCS__ 1
| #define _TANDEM_SOURCE 1
| #define __EXTENSIONS__ 1
| #define _LINUX_SOURCE_COMPAT 1
| #define __USE_MINGW_ANSI_STDIO 1
| #define HAVE_FCHMOD 1
| #define HAVE_BTOWC 1
| #define HAVE_MBRTOWC 1
| #define HAVE_MBSINIT 1
| #define HAVE_REALPATH 1
| #define HAVE_LSTAT 1
| #define HAVE_FCNTL 1
| #define HAVE_SYMLINK 1
| #define HAVE_LISTXATTR 1
| #define HAVE_GETDTABLESIZE 1
| #define HAVE_ISWCNTRL 1
| #define HAVE_MPROTECT 1
| #define HAVE_READLINK 1
| #define HAVE_ISBLANK 1
| #define HAVE_ISWCTYPE 1
| #define HAVE_LINK 1
| #define HAVE_VASPRINTF 1
| #define HAVE___XPG_STRERROR_R 1
| #define HAVE_STRTOIMAX 1
| #define HAVE_WCRTOMB 1
| #define HAVE_WCTOB 1
| #define HAVE_FPURGE 1
| #define HAVE_GETTIMEOFDAY 1
| #define HAVE_PIPE 1
| #define HAVE_PSELECT 1
| #define HAVE_PTHREAD_SIGMASK 1
| #define HAVE_SIGPROCMASK 1
| #define HAVE_SETENV 1
| #define HAVE_SLEEP 1
| #define HAVE_SNPRINTF 1
| #define HAVE_SHUTDOWN 1
| #define HAVE_ISATTY 1
| #define HAVE_ISASCII 1
| #define HAVE_MEMCPY 1
| #define HAVE_STRCHR 1
| #define HAVE_STRTOUL 1
| #define HAVE_POPEN 1
| #define HAVE_PATHCONF 1
| #define HAVE_FCHOWN 1
| #define HAVE_SETLOCALE 1
| #define USE_ACL 0
| #define HAVE_ALLOCA_H 1
| #define HAVE_ALLOCA 1
| #define HAVE_WINT_T 1
| #define HAVE_LANGINFO_CODESET 1
| #define BITSIZEOF_WCHAR_T 32
| #define HAVE_MBSTATE_T 1
| #define HAVE_WORKING_MBRTOC32 1
| #define HAVE_WORKING_C32RTOMB 1
| #define HAVE_MALLOC_PTRDIFF 1
| #define HAVE_MALLOC_POSIX 1
| #define LSTAT_FOLLOWS_SLASHED_SYMLINK 1
| #define FUNC_REALPATH_NEARLY_WORKS 1
| #define HAVE_FACCESSAT 1
| #define HAVE_GETCWD 1
| #define HAVE_DECL_STRERROR_R 1
| #define HAVE_STRERROR_R 1
| #define HAVE_WORKING_O_DIRECTORY 1
| #define HAVE_WORKING_O_NOATIME 1
| #define HAVE_WORKING_O_NOFOLLOW 1
| #define USE_SELINUX_SELINUX_H 0
| #define restrict __restrict__
| #define HAVE_DECL_GETDELIM 1
| #define HAVE_DECL_GETDTABLESIZE 1
| #define HAVE_GETOPT_H 1
| #define HAVE_GETOPT_LONG_ONLY 1
| #define MUSL_LIBC 1
| #define HAVE_PTHREAD_API 1
| #define SETLOCALE_NULL_ALL_MTSAFE 0
| #define SETLOCALE_NULL_ONE_MTSAFE 1
| #define HAVE_WEAK_SYMBOLS 1
| #define HAVE_LONG_LONG_INT 1
| #define HAVE_UNSIGNED_LONG_LONG_INT 1
| #define HAVE_TOWLOWER 1
| #define AVOID_ANY_THREADS 1
| #define HAVE_MALLOC_0_NONNULL 1
| #define HAVE_DECL_MEMEQ 0
| #define HAVE_DECL_MEMRCHR 1
| #define HAVE_MINMAX_IN_SYS_PARAM_H 1
| #define PROMOTED_MODE_T mode_t
| #define HAVE_PTHREAD_T 1
| #define HAVE_PTHREAD_SPINLOCK_T 1
| #define HAVE_DECL_ALARM 1
| #define HAVE_SCHED_H 1
| #define HAVE_DECL_FCLOSEALL 0
| #define HAVE_DECL_GETW 1
| #define HAVE_DECL_PUTW 1
| #define HAVE_DECL_ECVT 1
| #define HAVE_DECL_FCVT 1
| #define HAVE_DECL_GCVT 1
| #define HAVE_DECL_STREQ 0
| #define HAVE_STRERROR_R 1
| #define HAVE_DECL_STRTOIMAX 1
| #define _USE_STD_STAT 1
| #define HAVE_DECL_EXECVPE 1
| #define HAVE_DECL_CLEARERR_UNLOCKED 1
| #define HAVE_DECL_FEOF_UNLOCKED 1
| #define HAVE_DECL_FERROR_UNLOCKED 1
| #define HAVE_DECL_FFLUSH_UNLOCKED 1
| #define HAVE_DECL_FGETS_UNLOCKED 1
| #define HAVE_DECL_FILENO_UNLOCKED 1
| #define HAVE_DECL_FPUTC_UNLOCKED 1
| #define HAVE_DECL_FPUTS_UNLOCKED 1
| #define HAVE_DECL_FREAD_UNLOCKED 1
| #define HAVE_DECL_FWRITE_UNLOCKED 1
| #define HAVE_DECL_GETC_UNLOCKED 1
| #define HAVE_DECL_GETCHAR_UNLOCKED 1
| #define HAVE_DECL_PUTC_UNLOCKED 1
| #define HAVE_DECL_PUTCHAR_UNLOCKED 1
| #define HAVE_DECL_WCSDUP 1
| #define HAVE_SHUTDOWN 1
| #define HAVE_STRUCT_SOCKADDR_STORAGE 1
| #define HAVE_SA_FAMILY_T 1
| #define HAVE_STRUCT_SOCKADDR_STORAGE_SS_FAMILY 1
| #define HAVE_ENVIRON_DECL 1
| #define FUNC_FFLUSH_STDIN 1
| #define HAVE_FREXP 1
| #define HAVE_FREXPL 1
| #define HAVE_DECL_FSEEKO 1
| #define FUNC_FFLUSH_STDIN 1
| #define HAVE_DECL_FTELLO 1
| #define HAVE_USELOCALE 1
| #define HAVE_WORKING_USELOCALE 1
| #define HAVE_GOOD_USELOCALE 1
| #define HAVE_IPV4 1
| #define HAVE_IPV6 1
| #define DBL_EXPBIT0_WORD 1
| #define DBL_EXPBIT0_BIT 20
| #define FLT_EXPBIT0_WORD 0
| #define FLT_EXPBIT0_BIT 23
| #define LDBL_EXPBIT0_WORD 2
| #define LDBL_EXPBIT0_BIT 0
| #define HAVE_LC_MESSAGES 1
| #define HAVE_DECL__PUTENV 0
| #define HAVE_SIGSET_T 1
| #define HAVE_DECL_INITSTATE 1
| #define HAVE_DECL_SETSTATE 1
| #define HAVE_DECL_SETENV 1
| #define HAVE_SEARCH_H 1
| #define HAVE_TSEARCH 1
| #define HAVE_DECL_STRDUP 1
| #define HAVE_DECL_UNSETENV 1
| #define HAVE_C_ALIGNASOF 1
| #define HAVE_ALLOCA 1
| #define HAVE_C_STATIC_ASSERT 1
| #define HAVE_C_BOOL 1
| #define GNULIB_TEST_BTOWC 1
| #define HAVE___BUILTIN_EXPECT 1
| #define GNULIB_TEST_C32ISPRINT 1
| #define GNULIB_TEST_C32ISSPACE 1
| #define GNULIB_TEST_C32RTOMB 1
| #define GNULIB_TEST_C32TOB 1
| #define GNULIB_TEST_C32TOLOWER 1
| #define GNULIB_TEST_C32TOUPPER 1
| #define GNULIB_TEST_CALLOC_GNU 1
| #define GNULIB_TEST_CALLOC_POSIX 1
| #define GNULIB_CANONICALIZE_LGPL 1
| #define GNULIB_TEST_CANONICALIZE_FILE_NAME 1
| #define GNULIB_TEST_REALPATH 1
| #define GNULIB_TEST_CHDIR 1
| #define HAVE_CLOCK_GETRES 1
| #define HAVE_CLOCK_GETTIME 1
| #define HAVE_CLOCK_SETTIME 1
| #define GNULIB_TEST_CLOEXEC 1
| #define GNULIB_TEST_CLOSE 1
| #define GNULIB_CLOSE 1
| #define GNULIB_TEST_DUP2 1
| #define GNULIB_TEST_FCNTL 1
| #define FLEXIBLE_ARRAY_MEMBER /**/
| #define GNULIB_TEST_FREE_POSIX 1
| #define HAVE___FSETERR 1
| #define GNULIB_TEST_FSTAT 1
| #define GNULIB_FSTAT 1
| #define HAVE___FWRITING 1
| #define HAVE_GETDELIM 1
| #define GNULIB_TEST_GETDELIM 1
| #define GNULIB_TEST_GETDTABLESIZE 1
| #define __GETOPT_PREFIX rpl_
| #define GNULIB_TEST_GETOPT_POSIX 1
| #define HAVE_DECL_PROGRAM_INVOCATION_NAME 1
| #define HAVE_DECL_PROGRAM_INVOCATION_NAME 1
| #define HAVE_DECL_PROGRAM_INVOCATION_SHORT_NAME 1
| #define HAVE_DECL___ARGV 0
| #define GNULIB_TEST_GETPROGNAME 1
| #define HAVE_GETRANDOM 1
| #define GNULIB_TEST_GETRANDOM 1
| #define GNULIB_LOCALEDIR "/usr/share/locale"
| #define GNULIB_ISSYMLINK 1
| #define HAVE_ISWBLANK 1
| #define HAVE_DECL_ISWBLANK 1
| #define GNULIB_TEST_ISWBLANK 1
| #define GNULIB_TEST_ISWCTYPE 1
| #define GNULIB_TEST_ISWDIGIT 1
| #define GNULIB_TEST_ISWPUNCT 1
| #define GNULIB_TEST_ISWXDIGIT 1
| #define HAVE___INLINE 1
| #define GNULIB_TEST_LOCALECONV 1
| #define GNULIB_LOCALECONV 1
| #define GNULIB_LOCK 1
| #define GNULIB_TEST_LSTAT 1
| #define GNULIB_LSTAT 1
| #define GNULIB_TEST_MALLOC_GNU 1
| #define GNULIB_TEST_MALLOC_POSIX 1
| #define GNULIB_TEST_MBRTOC32 1
| #define GNULIB_MBRTOC32_REGULAR 1
| #define GNULIB_TEST_MBRTOWC 1
| #define GNULIB_TEST_MBSINIT 1
| #define GNULIB_TEST_MBSZERO 1
| #define HAVE_MBTOWC 1
| #define GNULIB_TEST_MBTOWC 1
| #define GNULIB_TEST_MEMCHR 1
| #define GNULIB_TEST_MEMEQ 1
| #define HAVE_MEMPCPY 1
| #define GNULIB_TEST_MEMPCPY 1
| #define HAVE_MEMRCHR 1
| #define GNULIB_TEST_MEMRCHR 1
| #define GNULIB_TEST_MKDIR 1
| #define HAVE_MKOSTEMP 1
| #define GNULIB_MKOSTEMP 1
| #define GNULIB_TEST_MKOSTEMP 1
| #define GNULIB_MSVC_NOTHROW 1
| #define HAVE_NL_LANGINFO 1
| #define NL_LANGINFO_MTSAFE 1
| #define REPLACE_NL_LANGINFO 1
| #define GNULIB_TEST_NL_LANGINFO 1
| #define GNULIB_TEST_OPEN 1
| #define HAVE_DECL_PROGRAM_INVOCATION_NAME 1
| #define HAVE_DECL_PROGRAM_INVOCATION_SHORT_NAME 1
| #define GNULIB_TEST_PTHREAD_ONCE 1
| #define GNULIB_TEST_RAWMEMCHR 1
| #define GNULIB_TEST_READLINK 1
| #define HAVE_REALLOC_POSIX 1
| #define HAVE_REALLOC_0_NONNULL 1
| #define GNULIB_TEST_REALLOC_POSIX 1
| #define HAVE_REALLOCARRAY 1
| #define GNULIB_REALLOCARRAY 1
| #define GNULIB_TEST_REALLOCARRAY 1
| #define _REGEX_INCLUDE_LIMITS_H 1
| #define _REGEX_LARGE_OFFSETS 1
| #define re_syntax_options rpl_re_syntax_options
| #define re_set_syntax rpl_re_set_syntax
| #define re_compile_pattern rpl_re_compile_pattern
| #define re_compile_fastmap rpl_re_compile_fastmap
| #define re_search rpl_re_search
| #define re_search_2 rpl_re_search_2
| #define re_match rpl_re_match
| #define re_match_2 rpl_re_match_2
| #define re_set_registers rpl_re_set_registers
| #define re_comp rpl_re_comp
| #define re_exec rpl_re_exec
| #define regcomp rpl_regcomp
| #define regexec rpl_regexec
| #define regerror rpl_regerror
| #define regfree rpl_regfree
| #define HAVE_DECL_ISBLANK 1
| #define GNULIB_TEST_RENAME 1
| #define GNULIB_TEST_RMDIR 1
| #define HAVE_VISIBILITY 1
| #define GNULIB_TEST_SETLOCALE_NULL 1
| #define GNULIB_TEST_STAT 1
| #define GNULIB_STAT 1
| #define HAVE_STRUCT_STAT_ST_ATIM_TV_NSEC 1
| #define TYPEOF_STRUCT_STAT_ST_ATIM_IS_STRUCT_TIMESPEC 1
| /* end confdefs.h.  */
| #include <sys/types.h>
|           #include <sys/stat.h>
| 
| int
| main (void)
| {
| static struct stat ac_aggr;
| if (sizeof ac_aggr.st_birthtim.tv_nsec)
| return 0;
|   ;
|   return 0;
| }
configure:42990: result: no
configure:43011: checking for va_copy
configure:43032: gcc -c -g -O2  conftest.c >&5
configure:43032: $? = 0
configure:43043: result: yes
configure:43942: checking for working strerror function
configure:43972: gcc -o conftest -g -O2   conftest.c  >&5
configure:43972: $? = 0
configure:43972: ./conftest
configure:43972: $? = 0
configure:43987: result: yes
configure:44182: checking whether strtoimax works
configure:44240: gcc -o conftest -g -O2   conftest.c  >&5
configure:44240: $? = 0
configure:44240: ./conftest
configure:44240: $? = 0
configure:44255: result: yes
configure:44315: checking for strtoll
configure:44315: gcc -o conftest -g -O2   conftest.c  >&5
configure:44315: $? = 0
configure:44315: result: yes
configure:44323: checking whether strtoll works
configure:44377: gcc -o conftest -g -O2   conftest.c  >&5
configure:44377: $? = 0
configure:44377: ./conftest
configure:44377: $? = 2
configure: program exited with status 2
configure: failed program was:
| /* confdefs.h */
| #define PACKAGE_NAME "GNU sed"
| #define PACKAGE_TARNAME "sed"
| #define PACKAGE_VERSION "4.10"
| #define PACKAGE_STRING "GNU sed 4.10"
| #define PACKAGE_BUGREPORT "bug-sed@gnu.org"
| #define PACKAGE_URL "https://www.gnu.org/software/sed/"
| #define PACKAGE "sed"
| #define VERSION "4.10"
| #define HAVE_STDIO_H 1
| #define HAVE_STDLIB_H 1
| #define HAVE_STRING_H 1
| #define HAVE_INTTYPES_H 1
| #define HAVE_STDINT_H 1
| #define HAVE_STRINGS_H 1
| #define HAVE_SYS_STAT_H 1
| #define HAVE_SYS_TYPES_H 1
| #define HAVE_UNISTD_H 1
| #define HAVE_WCHAR_H 1
| #define HAVE_STDBOOL_H 1
| #define HAVE_UCHAR_H 1
| #define HAVE_SYS_PARAM_H 1
| #define HAVE_SYS_SOCKET_H 1
| #define HAVE_DIRENT_H 1
| #define HAVE_LINUX_XATTR_H 1
| #define HAVE_STDIO_EXT_H 1
| #define HAVE_GETOPT_H 1
| #define HAVE_THREADS_H 1
| #define HAVE_LIMITS_H 1
| #define HAVE_WCTYPE_H 1
| #define HAVE_LANGINFO_H 1
| #define HAVE_SYS_MMAN_H 1
| #define HAVE_PTHREAD_H 1
| #define HAVE_MALLOC_H 1
| #define HAVE_SYS_TIME_H 1
| #define HAVE_STDCKDINT_H 1
| #define HAVE_SYS_RANDOM_H 1
| #define HAVE_FEATURES_H 1
| #define HAVE_ARPA_INET_H 1
| #define HAVE_NETDB_H 1
| #define HAVE_NETINET_IN_H 1
| #define HAVE_MATH_H 1
| #define HAVE_SYS_SELECT_H 1
| #define HAVE_SYS_WAIT_H 1
| #define HAVE_SEMAPHORE_H 1
| #define HAVE_SYS_IOCTL_H 1
| #define HAVE_SYS_UN_H 1
| #define HAVE_SYS_UIO_H 1
| #define HAVE_LOCALE_H 1
| #define HAVE_ERRNO_H 1
| #define STDC_HEADERS 1
| #define _ALL_SOURCE 1
| #define _COSMO_SOURCE 1
| #define _DARWIN_C_SOURCE 1
| #define _GNU_SOURCE 1
| #define _HPUX_ALT_XOPEN_SOCKET_API 1
| #define _NETBSD_SOURCE 1
| #define _OPENBSD_SOURCE 1
| #define _POSIX_PTHREAD_SEMANTICS 1
| #define __STDC_WANT_IEC_60559_ATTRIBS_EXT__ 1
| #define __STDC_WANT_IEC_60559_BFP_EXT__ 1
| #define __STDC_WANT_IEC_60559_DFP_EXT__ 1
| #define __STDC_WANT_IEC_60559_EXT__ 1
| #define __STDC_WANT_IEC_60559_FUNCS_EXT__ 1
| #define __STDC_WANT_IEC_60559_TYPES_EXT__ 1
| #define __STDC_WANT_LIB_EXT2__ 1
| #define __STDC_WANT_MATH_SPEC_FUNCS__ 1
| #define _TANDEM_SOURCE 1
| #define __EXTENSIONS__ 1
| #define _LINUX_SOURCE_COMPAT 1
| #define __USE_MINGW_ANSI_STDIO 1
| #define HAVE_FCHMOD 1
| #define HAVE_BTOWC 1
| #define HAVE_MBRTOWC 1
| #define HAVE_MBSINIT 1
| #define HAVE_REALPATH 1
| #define HAVE_LSTAT 1
| #define HAVE_FCNTL 1
| #define HAVE_SYMLINK 1
| #define HAVE_LISTXATTR 1
| #define HAVE_GETDTABLESIZE 1
| #define HAVE_ISWCNTRL 1
| #define HAVE_MPROTECT 1
| #define HAVE_READLINK 1
| #define HAVE_ISBLANK 1
| #define HAVE_ISWCTYPE 1
| #define HAVE_LINK 1
| #define HAVE_VASPRINTF 1
| #define HAVE___XPG_STRERROR_R 1
| #define HAVE_STRTOIMAX 1
| #define HAVE_WCRTOMB 1
| #define HAVE_WCTOB 1
| #define HAVE_FPURGE 1
| #define HAVE_GETTIMEOFDAY 1
| #define HAVE_PIPE 1
| #define HAVE_PSELECT 1
| #define HAVE_PTHREAD_SIGMASK 1
| #define HAVE_SIGPROCMASK 1
| #define HAVE_SETENV 1
| #define HAVE_SLEEP 1
| #define HAVE_SNPRINTF 1
| #define HAVE_SHUTDOWN 1
| #define HAVE_ISATTY 1
| #define HAVE_ISASCII 1
| #define HAVE_MEMCPY 1
| #define HAVE_STRCHR 1
| #define HAVE_STRTOUL 1
| #define HAVE_POPEN 1
| #define HAVE_PATHCONF 1
| #define HAVE_FCHOWN 1
| #define HAVE_SETLOCALE 1
| #define USE_ACL 0
| #define HAVE_ALLOCA_H 1
| #define HAVE_ALLOCA 1
| #define HAVE_WINT_T 1
| #define HAVE_LANGINFO_CODESET 1
| #define BITSIZEOF_WCHAR_T 32
| #define HAVE_MBSTATE_T 1
| #define HAVE_WORKING_MBRTOC32 1
| #define HAVE_WORKING_C32RTOMB 1
| #define HAVE_MALLOC_PTRDIFF 1
| #define HAVE_MALLOC_POSIX 1
| #define LSTAT_FOLLOWS_SLASHED_SYMLINK 1
| #define FUNC_REALPATH_NEARLY_WORKS 1
| #define HAVE_FACCESSAT 1
| #define HAVE_GETCWD 1
| #define HAVE_DECL_STRERROR_R 1
| #define HAVE_STRERROR_R 1
| #define HAVE_WORKING_O_DIRECTORY 1
| #define HAVE_WORKING_O_NOATIME 1
| #define HAVE_WORKING_O_NOFOLLOW 1
| #define USE_SELINUX_SELINUX_H 0
| #define restrict __restrict__
| #define HAVE_DECL_GETDELIM 1
| #define HAVE_DECL_GETDTABLESIZE 1
| #define HAVE_GETOPT_H 1
| #define HAVE_GETOPT_LONG_ONLY 1
| #define MUSL_LIBC 1
| #define HAVE_PTHREAD_API 1
| #define SETLOCALE_NULL_ALL_MTSAFE 0
| #define SETLOCALE_NULL_ONE_MTSAFE 1
| #define HAVE_WEAK_SYMBOLS 1
| #define HAVE_LONG_LONG_INT 1
| #define HAVE_UNSIGNED_LONG_LONG_INT 1
| #define HAVE_TOWLOWER 1
| #define AVOID_ANY_THREADS 1
| #define HAVE_MALLOC_0_NONNULL 1
| #define HAVE_DECL_MEMEQ 0
| #define HAVE_DECL_MEMRCHR 1
| #define HAVE_MINMAX_IN_SYS_PARAM_H 1
| #define PROMOTED_MODE_T mode_t
| #define HAVE_PTHREAD_T 1
| #define HAVE_PTHREAD_SPINLOCK_T 1
| #define HAVE_DECL_ALARM 1
| #define HAVE_SCHED_H 1
| #define HAVE_DECL_FCLOSEALL 0
| #define HAVE_DECL_GETW 1
| #define HAVE_DECL_PUTW 1
| #define HAVE_DECL_ECVT 1
| #define HAVE_DECL_FCVT 1
| #define HAVE_DECL_GCVT 1
| #define HAVE_DECL_STREQ 0
| #define HAVE_STRERROR_R 1
| #define HAVE_DECL_STRTOIMAX 1
| #define _USE_STD_STAT 1
| #define HAVE_DECL_EXECVPE 1
| #define HAVE_DECL_CLEARERR_UNLOCKED 1
| #define HAVE_DECL_FEOF_UNLOCKED 1
| #define HAVE_DECL_FERROR_UNLOCKED 1
| #define HAVE_DECL_FFLUSH_UNLOCKED 1
| #define HAVE_DECL_FGETS_UNLOCKED 1
| #define HAVE_DECL_FILENO_UNLOCKED 1
| #define HAVE_DECL_FPUTC_UNLOCKED 1
| #define HAVE_DECL_FPUTS_UNLOCKED 1
| #define HAVE_DECL_FREAD_UNLOCKED 1
| #define HAVE_DECL_FWRITE_UNLOCKED 1
| #define HAVE_DECL_GETC_UNLOCKED 1
| #define HAVE_DECL_GETCHAR_UNLOCKED 1
| #define HAVE_DECL_PUTC_UNLOCKED 1
| #define HAVE_DECL_PUTCHAR_UNLOCKED 1
| #define HAVE_DECL_WCSDUP 1
| #define HAVE_SHUTDOWN 1
| #define HAVE_STRUCT_SOCKADDR_STORAGE 1
| #define HAVE_SA_FAMILY_T 1
| #define HAVE_STRUCT_SOCKADDR_STORAGE_SS_FAMILY 1
| #define HAVE_ENVIRON_DECL 1
| #define FUNC_FFLUSH_STDIN 1
| #define HAVE_FREXP 1
| #define HAVE_FREXPL 1
| #define HAVE_DECL_FSEEKO 1
| #define FUNC_FFLUSH_STDIN 1
| #define HAVE_DECL_FTELLO 1
| #define HAVE_USELOCALE 1
| #define HAVE_WORKING_USELOCALE 1
| #define HAVE_GOOD_USELOCALE 1
| #define HAVE_IPV4 1
| #define HAVE_IPV6 1
| #define DBL_EXPBIT0_WORD 1
| #define DBL_EXPBIT0_BIT 20
| #define FLT_EXPBIT0_WORD 0
| #define FLT_EXPBIT0_BIT 23
| #define LDBL_EXPBIT0_WORD 2
| #define LDBL_EXPBIT0_BIT 0
| #define HAVE_LC_MESSAGES 1
| #define HAVE_DECL__PUTENV 0
| #define HAVE_SIGSET_T 1
| #define HAVE_DECL_INITSTATE 1
| #define HAVE_DECL_SETSTATE 1
| #define HAVE_DECL_SETENV 1
| #define HAVE_SEARCH_H 1
| #define HAVE_TSEARCH 1
| #define HAVE_DECL_STRDUP 1
| #define HAVE_DECL_UNSETENV 1
| #define HAVE_C_ALIGNASOF 1
| #define HAVE_ALLOCA 1
| #define HAVE_C_STATIC_ASSERT 1
| #define HAVE_C_BOOL 1
| #define GNULIB_TEST_BTOWC 1
| #define HAVE___BUILTIN_EXPECT 1
| #define GNULIB_TEST_C32ISPRINT 1
| #define GNULIB_TEST_C32ISSPACE 1
| #define GNULIB_TEST_C32RTOMB 1
| #define GNULIB_TEST_C32TOB 1
| #define GNULIB_TEST_C32TOLOWER 1
| #define GNULIB_TEST_C32TOUPPER 1
| #define GNULIB_TEST_CALLOC_GNU 1
| #define GNULIB_TEST_CALLOC_POSIX 1
| #define GNULIB_CANONICALIZE_LGPL 1
| #define GNULIB_TEST_CANONICALIZE_FILE_NAME 1
| #define GNULIB_TEST_REALPATH 1
| #define GNULIB_TEST_CHDIR 1
| #define HAVE_CLOCK_GETRES 1
| #define HAVE_CLOCK_GETTIME 1
| #define HAVE_CLOCK_SETTIME 1
| #define GNULIB_TEST_CLOEXEC 1
| #define GNULIB_TEST_CLOSE 1
| #define GNULIB_CLOSE 1
| #define GNULIB_TEST_DUP2 1
| #define GNULIB_TEST_FCNTL 1
| #define FLEXIBLE_ARRAY_MEMBER /**/
| #define GNULIB_TEST_FREE_POSIX 1
| #define HAVE___FSETERR 1
| #define GNULIB_TEST_FSTAT 1
| #define GNULIB_FSTAT 1
| #define HAVE___FWRITING 1
| #define HAVE_GETDELIM 1
| #define GNULIB_TEST_GETDELIM 1
| #define GNULIB_TEST_GETDTABLESIZE 1
| #define __GETOPT_PREFIX rpl_
| #define GNULIB_TEST_GETOPT_POSIX 1
| #define HAVE_DECL_PROGRAM_INVOCATION_NAME 1
| #define HAVE_DECL_PROGRAM_INVOCATION_NAME 1
| #define HAVE_DECL_PROGRAM_INVOCATION_SHORT_NAME 1
| #define HAVE_DECL___ARGV 0
| #define GNULIB_TEST_GETPROGNAME 1
| #define HAVE_GETRANDOM 1
| #define GNULIB_TEST_GETRANDOM 1
| #define GNULIB_LOCALEDIR "/usr/share/locale"
| #define GNULIB_ISSYMLINK 1
| #define HAVE_ISWBLANK 1
| #define HAVE_DECL_ISWBLANK 1
| #define GNULIB_TEST_ISWBLANK 1
| #define GNULIB_TEST_ISWCTYPE 1
| #define GNULIB_TEST_ISWDIGIT 1
| #define GNULIB_TEST_ISWPUNCT 1
| #define GNULIB_TEST_ISWXDIGIT 1
| #define HAVE___INLINE 1
| #define GNULIB_TEST_LOCALECONV 1
| #define GNULIB_LOCALECONV 1
| #define GNULIB_LOCK 1
| #define GNULIB_TEST_LSTAT 1
| #define GNULIB_LSTAT 1
| #define GNULIB_TEST_MALLOC_GNU 1
| #define GNULIB_TEST_MALLOC_POSIX 1
| #define GNULIB_TEST_MBRTOC32 1
| #define GNULIB_MBRTOC32_REGULAR 1
| #define GNULIB_TEST_MBRTOWC 1
| #define GNULIB_TEST_MBSINIT 1
| #define GNULIB_TEST_MBSZERO 1
| #define HAVE_MBTOWC 1
| #define GNULIB_TEST_MBTOWC 1
| #define GNULIB_TEST_MEMCHR 1
| #define GNULIB_TEST_MEMEQ 1
| #define HAVE_MEMPCPY 1
| #define GNULIB_TEST_MEMPCPY 1
| #define HAVE_MEMRCHR 1
| #define GNULIB_TEST_MEMRCHR 1
| #define GNULIB_TEST_MKDIR 1
| #define HAVE_MKOSTEMP 1
| #define GNULIB_MKOSTEMP 1
| #define GNULIB_TEST_MKOSTEMP 1
| #define GNULIB_MSVC_NOTHROW 1
| #define HAVE_NL_LANGINFO 1
| #define NL_LANGINFO_MTSAFE 1
| #define REPLACE_NL_LANGINFO 1
| #define GNULIB_TEST_NL_LANGINFO 1
| #define GNULIB_TEST_OPEN 1
| #define HAVE_DECL_PROGRAM_INVOCATION_NAME 1
| #define HAVE_DECL_PROGRAM_INVOCATION_SHORT_NAME 1
| #define GNULIB_TEST_PTHREAD_ONCE 1
| #define GNULIB_TEST_RAWMEMCHR 1
| #define GNULIB_TEST_READLINK 1
| #define HAVE_REALLOC_POSIX 1
| #define HAVE_REALLOC_0_NONNULL 1
| #define GNULIB_TEST_REALLOC_POSIX 1
| #define HAVE_REALLOCARRAY 1
| #define GNULIB_REALLOCARRAY 1
| #define GNULIB_TEST_REALLOCARRAY 1
| #define _REGEX_INCLUDE_LIMITS_H 1
| #define _REGEX_LARGE_OFFSETS 1
| #define re_syntax_options rpl_re_syntax_options
| #define re_set_syntax rpl_re_set_syntax
| #define re_compile_pattern rpl_re_compile_pattern
| #define re_compile_fastmap rpl_re_compile_fastmap
| #define re_search rpl_re_search
| #define re_search_2 rpl_re_search_2
| #define re_match rpl_re_match
| #define re_match_2 rpl_re_match_2
| #define re_set_registers rpl_re_set_registers
| #define re_comp rpl_re_comp
| #define re_exec rpl_re_exec
| #define regcomp rpl_regcomp
| #define regexec rpl_regexec
| #define regerror rpl_regerror
| #define regfree rpl_regfree
| #define HAVE_DECL_ISBLANK 1
| #define GNULIB_TEST_RENAME 1
| #define GNULIB_TEST_RMDIR 1
| #define HAVE_VISIBILITY 1
| #define GNULIB_TEST_SETLOCALE_NULL 1
| #define GNULIB_TEST_STAT 1
| #define GNULIB_STAT 1
| #define HAVE_STRUCT_STAT_ST_ATIM_TV_NSEC 1
| #define TYPEOF_STRUCT_STAT_ST_ATIM_IS_STRUCT_TIMESPEC 1
| #define GNULIB_TEST_FSCANF 1
| #define GNULIB_FSCANF 1
| #define GNULIB_TEST_SCANF 1
| #define GNULIB_SCANF 1
| #define GNULIB_TEST_FGETC 1
| #define GNULIB_TEST_GETC 1
| #define GNULIB_TEST_GETCHAR 1
| #define GNULIB_TEST_FGETS 1
| #define GNULIB_TEST_FREAD 1
| #define GNULIB_TEST_FPRINTF 1
| #define GNULIB_TEST_PRINTF 1
| #define GNULIB_TEST_VFPRINTF 1
| #define GNULIB_TEST_VPRINTF 1
| #define GNULIB_TEST_FPUTC 1
| #define GNULIB_TEST_PUTC 1
| #define GNULIB_TEST_PUTCHAR 1
| #define GNULIB_TEST_FPUTS 1
| #define GNULIB_TEST_PUTS 1
| #define GNULIB_TEST_FWRITE 1
| #define GNULIB_TEST_STREQ 1
| #define GNULIB_STRERROR 1
| #define GNULIB_TEST_STRERROR 1
| #define GNULIB_TEST_STRNCPY 1
| #define GNULIB_TEST_STRNUL 1
| #define HAVE_STRTOLL 1
| /* end confdefs.h.  */
| #include <stdlib.h>
| int
| main (void)
| {
| int result = 0;
|               char *term;
|               /* This test fails on Minix and native Windows.  */
|               {
|                 static char const input[2][3] = {"0x", "0b"};
|                 static int const base[] = {0, 2, 10};
|                 int i, j;
|                 for (i = 0; i < 2; i++)
|                   for (j = 0; j < 3; j++)
|                     {
|                       (void) strtoll (input[i], &term, base[j]);
|                       if (term != input[i] + 1)
|                         result |= 1;
|                     }
|               }
|               /* This test fails on pre-C23 platforms.  */
|               {
|                 const char input[] = "0b1";
|                 (void) strtoll (input, &term, 2);
|                 if (term != input + 3)
|                   result |= 2;
|               }
|               return result;
| 
|   ;
|   return 0;
| }
| 
configure:44392: result: no
configure:44446: checking for strverscmp
configure:44446: gcc -o conftest -g -O2   conftest.c  >&5
configure:44446: $? = 0
configure:44446: result: yes
configure:44456: checking whether strverscmp works
configure:44486: gcc -o conftest -g -O2   conftest.c  >&5
configure:44486: $? = 0
configure:44486: ./conftest
configure:44486: $? = 0
configure:44501: result: yes
configure:44913: checking for variable-length arrays
configure:44926: gcc -c -g -O2  conftest.c >&5
conftest.c:368:10: error: #error __STDC_NO_VLA__ not defined
  368 |         #error __STDC_NO_VLA__ not defined
      |          ^~~~~
configure:44926: $? = 1
configure: failed program was:
| /* confdefs.h */
| #define PACKAGE_NAME "GNU sed"
| #define PACKAGE_TARNAME "sed"
| #define PACKAGE_VERSION "4.10"
| #define PACKAGE_STRING "GNU sed 4.10"
| #define PACKAGE_BUGREPORT "bug-sed@gnu.org"
| #define PACKAGE_URL "https://www.gnu.org/software/sed/"
| #define PACKAGE "sed"
| #define VERSION "4.10"
| #define HAVE_STDIO_H 1
| #define HAVE_STDLIB_H 1
| #define HAVE_STRING_H 1
| #define HAVE_INTTYPES_H 1
| #define HAVE_STDINT_H 1
| #define HAVE_STRINGS_H 1
| #define HAVE_SYS_STAT_H 1
| #define HAVE_SYS_TYPES_H 1
| #define HAVE_UNISTD_H 1
| #define HAVE_WCHAR_H 1
| #define HAVE_STDBOOL_H 1
| #define HAVE_UCHAR_H 1
| #define HAVE_SYS_PARAM_H 1
| #define HAVE_SYS_SOCKET_H 1
| #define HAVE_DIRENT_H 1
| #define HAVE_LINUX_XATTR_H 1
| #define HAVE_STDIO_EXT_H 1
| #define HAVE_GETOPT_H 1
| #define HAVE_THREADS_H 1
| #define HAVE_LIMITS_H 1
| #define HAVE_WCTYPE_H 1
| #define HAVE_LANGINFO_H 1
| #define HAVE_SYS_MMAN_H 1
| #define HAVE_PTHREAD_H 1
| #define HAVE_MALLOC_H 1
| #define HAVE_SYS_TIME_H 1
| #define HAVE_STDCKDINT_H 1
| #define HAVE_SYS_RANDOM_H 1
| #define HAVE_FEATURES_H 1
| #define HAVE_ARPA_INET_H 1
| #define HAVE_NETDB_H 1
| #define HAVE_NETINET_IN_H 1
| #define HAVE_MATH_H 1
| #define HAVE_SYS_SELECT_H 1
| #define HAVE_SYS_WAIT_H 1
| #define HAVE_SEMAPHORE_H 1
| #define HAVE_SYS_IOCTL_H 1
| #define HAVE_SYS_UN_H 1
| #define HAVE_SYS_UIO_H 1
| #define HAVE_LOCALE_H 1
| #define HAVE_ERRNO_H 1
| #define STDC_HEADERS 1
| #define _ALL_SOURCE 1
| #define _COSMO_SOURCE 1
| #define _DARWIN_C_SOURCE 1
| #define _GNU_SOURCE 1
| #define _HPUX_ALT_XOPEN_SOCKET_API 1
| #define _NETBSD_SOURCE 1
| #define _OPENBSD_SOURCE 1
| #define _POSIX_PTHREAD_SEMANTICS 1
| #define __STDC_WANT_IEC_60559_ATTRIBS_EXT__ 1
| #define __STDC_WANT_IEC_60559_BFP_EXT__ 1
| #define __STDC_WANT_IEC_60559_DFP_EXT__ 1
| #define __STDC_WANT_IEC_60559_EXT__ 1
| #define __STDC_WANT_IEC_60559_FUNCS_EXT__ 1
| #define __STDC_WANT_IEC_60559_TYPES_EXT__ 1
| #define __STDC_WANT_LIB_EXT2__ 1
| #define __STDC_WANT_MATH_SPEC_FUNCS__ 1
| #define _TANDEM_SOURCE 1
| #define __EXTENSIONS__ 1
| #define _LINUX_SOURCE_COMPAT 1
| #define __USE_MINGW_ANSI_STDIO 1
| #define HAVE_FCHMOD 1
| #define HAVE_BTOWC 1
| #define HAVE_MBRTOWC 1
| #define HAVE_MBSINIT 1
| #define HAVE_REALPATH 1
| #define HAVE_LSTAT 1
| #define HAVE_FCNTL 1
| #define HAVE_SYMLINK 1
| #define HAVE_LISTXATTR 1
| #define HAVE_GETDTABLESIZE 1
| #define HAVE_ISWCNTRL 1
| #define HAVE_MPROTECT 1
| #define HAVE_READLINK 1
| #define HAVE_ISBLANK 1
| #define HAVE_ISWCTYPE 1
| #define HAVE_LINK 1
| #define HAVE_VASPRINTF 1
| #define HAVE___XPG_STRERROR_R 1
| #define HAVE_STRTOIMAX 1
| #define HAVE_WCRTOMB 1
| #define HAVE_WCTOB 1
| #define HAVE_FPURGE 1
| #define HAVE_GETTIMEOFDAY 1
| #define HAVE_PIPE 1
| #define HAVE_PSELECT 1
| #define HAVE_PTHREAD_SIGMASK 1
| #define HAVE_SIGPROCMASK 1
| #define HAVE_SETENV 1
| #define HAVE_SLEEP 1
| #define HAVE_SNPRINTF 1
| #define HAVE_SHUTDOWN 1
| #define HAVE_ISATTY 1
| #define HAVE_ISASCII 1
| #define HAVE_MEMCPY 1
| #define HAVE_STRCHR 1
| #define HAVE_STRTOUL 1
| #define HAVE_POPEN 1
| #define HAVE_PATHCONF 1
| #define HAVE_FCHOWN 1
| #define HAVE_SETLOCALE 1
| #define USE_ACL 0
| #define HAVE_ALLOCA_H 1
| #define HAVE_ALLOCA 1
| #define HAVE_WINT_T 1
| #define HAVE_LANGINFO_CODESET 1
| #define BITSIZEOF_WCHAR_T 32
| #define HAVE_MBSTATE_T 1
| #define HAVE_WORKING_MBRTOC32 1
| #define HAVE_WORKING_C32RTOMB 1
| #define HAVE_MALLOC_PTRDIFF 1
| #define HAVE_MALLOC_POSIX 1
| #define LSTAT_FOLLOWS_SLASHED_SYMLINK 1
| #define FUNC_REALPATH_NEARLY_WORKS 1
| #define HAVE_FACCESSAT 1
| #define HAVE_GETCWD 1
| #define HAVE_DECL_STRERROR_R 1
| #define HAVE_STRERROR_R 1
| #define HAVE_WORKING_O_DIRECTORY 1
| #define HAVE_WORKING_O_NOATIME 1
| #define HAVE_WORKING_O_NOFOLLOW 1
| #define USE_SELINUX_SELINUX_H 0
| #define restrict __restrict__
| #define HAVE_DECL_GETDELIM 1
| #define HAVE_DECL_GETDTABLESIZE 1
| #define HAVE_GETOPT_H 1
| #define HAVE_GETOPT_LONG_ONLY 1
| #define MUSL_LIBC 1
| #define HAVE_PTHREAD_API 1
| #define SETLOCALE_NULL_ALL_MTSAFE 0
| #define SETLOCALE_NULL_ONE_MTSAFE 1
| #define HAVE_WEAK_SYMBOLS 1
| #define HAVE_LONG_LONG_INT 1
| #define HAVE_UNSIGNED_LONG_LONG_INT 1
| #define HAVE_TOWLOWER 1
| #define AVOID_ANY_THREADS 1
| #define HAVE_MALLOC_0_NONNULL 1
| #define HAVE_DECL_MEMEQ 0
| #define HAVE_DECL_MEMRCHR 1
| #define HAVE_MINMAX_IN_SYS_PARAM_H 1
| #define PROMOTED_MODE_T mode_t
| #define HAVE_PTHREAD_T 1
| #define HAVE_PTHREAD_SPINLOCK_T 1
| #define HAVE_DECL_ALARM 1
| #define HAVE_SCHED_H 1
| #define HAVE_DECL_FCLOSEALL 0
| #define HAVE_DECL_GETW 1
| #define HAVE_DECL_PUTW 1
| #define HAVE_DECL_ECVT 1
| #define HAVE_DECL_FCVT 1
| #define HAVE_DECL_GCVT 1
| #define HAVE_DECL_STREQ 0
| #define HAVE_STRERROR_R 1
| #define HAVE_DECL_STRTOIMAX 1
| #define _USE_STD_STAT 1
| #define HAVE_DECL_EXECVPE 1
| #define HAVE_DECL_CLEARERR_UNLOCKED 1
| #define HAVE_DECL_FEOF_UNLOCKED 1
| #define HAVE_DECL_FERROR_UNLOCKED 1
| #define HAVE_DECL_FFLUSH_UNLOCKED 1
| #define HAVE_DECL_FGETS_UNLOCKED 1
| #define HAVE_DECL_FILENO_UNLOCKED 1
| #define HAVE_DECL_FPUTC_UNLOCKED 1
| #define HAVE_DECL_FPUTS_UNLOCKED 1
| #define HAVE_DECL_FREAD_UNLOCKED 1
| #define HAVE_DECL_FWRITE_UNLOCKED 1
| #define HAVE_DECL_GETC_UNLOCKED 1
| #define HAVE_DECL_GETCHAR_UNLOCKED 1
| #define HAVE_DECL_PUTC_UNLOCKED 1
| #define HAVE_DECL_PUTCHAR_UNLOCKED 1
| #define HAVE_DECL_WCSDUP 1
| #define HAVE_SHUTDOWN 1
| #define HAVE_STRUCT_SOCKADDR_STORAGE 1
| #define HAVE_SA_FAMILY_T 1
| #define HAVE_STRUCT_SOCKADDR_STORAGE_SS_FAMILY 1
| #define HAVE_ENVIRON_DECL 1
| #define FUNC_FFLUSH_STDIN 1
| #define HAVE_FREXP 1
| #define HAVE_FREXPL 1
| #define HAVE_DECL_FSEEKO 1
| #define FUNC_FFLUSH_STDIN 1
| #define HAVE_DECL_FTELLO 1
| #define HAVE_USELOCALE 1
| #define HAVE_WORKING_USELOCALE 1
| #define HAVE_GOOD_USELOCALE 1
| #define HAVE_IPV4 1
| #define HAVE_IPV6 1
| #define DBL_EXPBIT0_WORD 1
| #define DBL_EXPBIT0_BIT 20
| #define FLT_EXPBIT0_WORD 0
| #define FLT_EXPBIT0_BIT 23
| #define LDBL_EXPBIT0_WORD 2
| #define LDBL_EXPBIT0_BIT 0
| #define HAVE_LC_MESSAGES 1
| #define HAVE_DECL__PUTENV 0
| #define HAVE_SIGSET_T 1
| #define HAVE_DECL_INITSTATE 1
| #define HAVE_DECL_SETSTATE 1
| #define HAVE_DECL_SETENV 1
| #define HAVE_SEARCH_H 1
| #define HAVE_TSEARCH 1
| #define HAVE_DECL_STRDUP 1
| #define HAVE_DECL_UNSETENV 1
| #define HAVE_C_ALIGNASOF 1
| #define HAVE_ALLOCA 1
| #define HAVE_C_STATIC_ASSERT 1
| #define HAVE_C_BOOL 1
| #define GNULIB_TEST_BTOWC 1
| #define HAVE___BUILTIN_EXPECT 1
| #define GNULIB_TEST_C32ISPRINT 1
| #define GNULIB_TEST_C32ISSPACE 1
| #define GNULIB_TEST_C32RTOMB 1
| #define GNULIB_TEST_C32TOB 1
| #define GNULIB_TEST_C32TOLOWER 1
| #define GNULIB_TEST_C32TOUPPER 1
| #define GNULIB_TEST_CALLOC_GNU 1
| #define GNULIB_TEST_CALLOC_POSIX 1
| #define GNULIB_CANONICALIZE_LGPL 1
| #define GNULIB_TEST_CANONICALIZE_FILE_NAME 1
| #define GNULIB_TEST_REALPATH 1
| #define GNULIB_TEST_CHDIR 1
| #define HAVE_CLOCK_GETRES 1
| #define HAVE_CLOCK_GETTIME 1
| #define HAVE_CLOCK_SETTIME 1
| #define GNULIB_TEST_CLOEXEC 1
| #define GNULIB_TEST_CLOSE 1
| #define GNULIB_CLOSE 1
| #define GNULIB_TEST_DUP2 1
| #define GNULIB_TEST_FCNTL 1
| #define FLEXIBLE_ARRAY_MEMBER /**/
| #define GNULIB_TEST_FREE_POSIX 1
| #define HAVE___FSETERR 1
| #define GNULIB_TEST_FSTAT 1
| #define GNULIB_FSTAT 1
| #define HAVE___FWRITING 1
| #define HAVE_GETDELIM 1
| #define GNULIB_TEST_GETDELIM 1
| #define GNULIB_TEST_GETDTABLESIZE 1
| #define __GETOPT_PREFIX rpl_
| #define GNULIB_TEST_GETOPT_POSIX 1
| #define HAVE_DECL_PROGRAM_INVOCATION_NAME 1
| #define HAVE_DECL_PROGRAM_INVOCATION_NAME 1
| #define HAVE_DECL_PROGRAM_INVOCATION_SHORT_NAME 1
| #define HAVE_DECL___ARGV 0
| #define GNULIB_TEST_GETPROGNAME 1
| #define HAVE_GETRANDOM 1
| #define GNULIB_TEST_GETRANDOM 1
| #define GNULIB_LOCALEDIR "/usr/share/locale"
| #define GNULIB_ISSYMLINK 1
| #define HAVE_ISWBLANK 1
| #define HAVE_DECL_ISWBLANK 1
| #define GNULIB_TEST_ISWBLANK 1
| #define GNULIB_TEST_ISWCTYPE 1
| #define GNULIB_TEST_ISWDIGIT 1
| #define GNULIB_TEST_ISWPUNCT 1
| #define GNULIB_TEST_ISWXDIGIT 1
| #define HAVE___INLINE 1
| #define GNULIB_TEST_LOCALECONV 1
| #define GNULIB_LOCALECONV 1
| #define GNULIB_LOCK 1
| #define GNULIB_TEST_LSTAT 1
| #define GNULIB_LSTAT 1
| #define GNULIB_TEST_MALLOC_GNU 1
| #define GNULIB_TEST_MALLOC_POSIX 1
| #define GNULIB_TEST_MBRTOC32 1
| #define GNULIB_MBRTOC32_REGULAR 1
| #define GNULIB_TEST_MBRTOWC 1
| #define GNULIB_TEST_MBSINIT 1
| #define GNULIB_TEST_MBSZERO 1
| #define HAVE_MBTOWC 1
| #define GNULIB_TEST_MBTOWC 1
| #define GNULIB_TEST_MEMCHR 1
| #define GNULIB_TEST_MEMEQ 1
| #define HAVE_MEMPCPY 1
| #define GNULIB_TEST_MEMPCPY 1
| #define HAVE_MEMRCHR 1
| #define GNULIB_TEST_MEMRCHR 1
| #define GNULIB_TEST_MKDIR 1
| #define HAVE_MKOSTEMP 1
| #define GNULIB_MKOSTEMP 1
| #define GNULIB_TEST_MKOSTEMP 1
| #define GNULIB_MSVC_NOTHROW 1
| #define HAVE_NL_LANGINFO 1
| #define NL_LANGINFO_MTSAFE 1
| #define REPLACE_NL_LANGINFO 1
| #define GNULIB_TEST_NL_LANGINFO 1
| #define GNULIB_TEST_OPEN 1
| #define HAVE_DECL_PROGRAM_INVOCATION_NAME 1
| #define HAVE_DECL_PROGRAM_INVOCATION_SHORT_NAME 1
| #define GNULIB_TEST_PTHREAD_ONCE 1
| #define GNULIB_TEST_RAWMEMCHR 1
| #define GNULIB_TEST_READLINK 1
| #define HAVE_REALLOC_POSIX 1
| #define HAVE_REALLOC_0_NONNULL 1
| #define GNULIB_TEST_REALLOC_POSIX 1
| #define HAVE_REALLOCARRAY 1
| #define GNULIB_REALLOCARRAY 1
| #define GNULIB_TEST_REALLOCARRAY 1
| #define _REGEX_INCLUDE_LIMITS_H 1
| #define _REGEX_LARGE_OFFSETS 1
| #define re_syntax_options rpl_re_syntax_options
| #define re_set_syntax rpl_re_set_syntax
| #define re_compile_pattern rpl_re_compile_pattern
| #define re_compile_fastmap rpl_re_compile_fastmap
| #define re_search rpl_re_search
| #define re_search_2 rpl_re_search_2
| #define re_match rpl_re_match
| #define re_match_2 rpl_re_match_2
| #define re_set_registers rpl_re_set_registers
| #define re_comp rpl_re_comp
| #define re_exec rpl_re_exec
| #define regcomp rpl_regcomp
| #define regexec rpl_regexec
| #define regerror rpl_regerror
| #define regfree rpl_regfree
| #define HAVE_DECL_ISBLANK 1
| #define GNULIB_TEST_RENAME 1
| #define GNULIB_TEST_RMDIR 1
| #define HAVE_VISIBILITY 1
| #define GNULIB_TEST_SETLOCALE_NULL 1
| #define GNULIB_TEST_STAT 1
| #define GNULIB_STAT 1
| #define HAVE_STRUCT_STAT_ST_ATIM_TV_NSEC 1
| #define TYPEOF_STRUCT_STAT_ST_ATIM_IS_STRUCT_TIMESPEC 1
| #define GNULIB_TEST_FSCANF 1
| #define GNULIB_FSCANF 1
| #define GNULIB_TEST_SCANF 1
| #define GNULIB_SCANF 1
| #define GNULIB_TEST_FGETC 1
| #define GNULIB_TEST_GETC 1
| #define GNULIB_TEST_GETCHAR 1
| #define GNULIB_TEST_FGETS 1
| #define GNULIB_TEST_FREAD 1
| #define GNULIB_TEST_FPRINTF 1
| #define GNULIB_TEST_PRINTF 1
| #define GNULIB_TEST_VFPRINTF 1
| #define GNULIB_TEST_VPRINTF 1
| #define GNULIB_TEST_FPUTC 1
| #define GNULIB_TEST_PUTC 1
| #define GNULIB_TEST_PUTCHAR 1
| #define GNULIB_TEST_FPUTS 1
| #define GNULIB_TEST_PUTS 1
| #define GNULIB_TEST_FWRITE 1
| #define GNULIB_TEST_STREQ 1
| #define GNULIB_STRERROR 1
| #define GNULIB_TEST_STRERROR 1
| #define GNULIB_TEST_STRNCPY 1
| #define GNULIB_TEST_STRNUL 1
| #define HAVE_STRTOLL 1
| #define GNULIB_TEST_STRTOLL 1
| #define HAVE_STRVERSCMP 1
| #define GNULIB_TEST_STRVERSCMP 1
| #define GNULIB_TEMPNAME 1
| #define GNULIB_STDIO_SINGLE_THREAD 1
| #define USE_UNLOCKED_IO GNULIB_STDIO_SINGLE_THREAD
| /* end confdefs.h.  */
| 	#ifndef __STDC_NO_VLA__
| 	#error __STDC_NO_VLA__ not defined
| 	#endif
| 
configure:44970: gcc -c -g -O2  conftest.c >&5
configure:44970: $? = 0
configure:44983: result: yes
configure:45087: checking whether wcrtomb works in the C locale
configure:45120: gcc -o conftest -g -O2   conftest.c  >&5
configure:45120: $? = 0
configure:45120: ./conftest
configure:45120: $? = 0
configure:45135: result: yes
configure:45146: checking whether wcrtomb return value is correct
configure:45209: gcc -o conftest -g -O2   conftest.c  >&5
configure:45209: $? = 0
configure:45209: ./conftest
configure:45209: $? = 0
configure:45225: result: yes
configure:45293: checking whether wctob works
configure:45390: result: guessing yes
configure:45798: checking for closedir
configure:45798: gcc -o conftest -g -O2   conftest.c  >&5
configure:45798: $? = 0
configure:45798: result: yes
configure:45905: checking for dirfd
configure:45905: gcc -o conftest -g -O2   conftest.c  >&5
configure:45905: $? = 0
configure:45905: result: yes
configure:45912: checking whether dirfd is declared
configure:45912: gcc -c -g -O2   conftest.c >&5
configure:45912: $? = 0
configure:45912: result: yes
configure:45928: checking whether dirfd is a macro
configure:45955: result: no
configure:46096: checking whether fdopen sets errno
configure:46131: gcc -o conftest -g -O2   conftest.c  >&5
configure:46131: $? = 0
configure:46131: ./conftest
configure:46131: $? = 0
configure:46146: result: yes
configure:46206: checking whether fflush works on input streams
configure:46296: result: yes
configure:46421: checking whether float.h conforms to ISO C23
configure:46448: gcc -c -g -O2  conftest.c >&5
conftest.c:393:25: error: 'FLT_IS_IEC_60559' undeclared here (not in a function)
  393 |             int y[] = { FLT_IS_IEC_60559, DBL_IS_IEC_60559, LDBL_IS_IEC_60559 };
      |                         ^~~~~~~~~~~~~~~~
conftest.c:393:43: error: 'DBL_IS_IEC_60559' undeclared here (not in a function)
  393 |             int y[] = { FLT_IS_IEC_60559, DBL_IS_IEC_60559, LDBL_IS_IEC_60559 };
      |                                           ^~~~~~~~~~~~~~~~
conftest.c:393:61: error: 'LDBL_IS_IEC_60559' undeclared here (not in a function)
  393 |             int y[] = { FLT_IS_IEC_60559, DBL_IS_IEC_60559, LDBL_IS_IEC_60559 };
      |                                                             ^~~~~~~~~~~~~~~~~
conftest.c:394:26: error: 'FLT_NORM_MAX' undeclared here (not in a function)
  394 |             float maxf = FLT_NORM_MAX;
      |                          ^~~~~~~~~~~~
conftest.c:395:27: error: 'DBL_NORM_MAX' undeclared here (not in a function)
  395 |             double maxd = DBL_NORM_MAX;
      |                           ^~~~~~~~~~~~
conftest.c:396:32: error: 'LDBL_NORM_MAX' undeclared here (not in a function); did you mean 'LDBL_MAX'?
  396 |             long double maxl = LDBL_NORM_MAX;
      |                                ^~~~~~~~~~~~~
      |                                LDBL_MAX
conftest.c: In function 'main':
conftest.c:401:12: error: 'FLT_SNAN' undeclared (first use in this function)
  401 | float sf = FLT_SNAN;
      |            ^~~~~~~~
conftest.c:401:12: note: each undeclared identifier is reported only once for each function it appears in
conftest.c:402:25: error: 'DBL_SNAN' undeclared (first use in this function)
  402 |             double sd = DBL_SNAN;
      |                         ^~~~~~~~
conftest.c:403:30: error: 'LDBL_SNAN' undeclared (first use in this function); did you mean 'LDBL_MAX'?
  403 |             long double sl = LDBL_SNAN;
      |                              ^~~~~~~~~
      |                              LDBL_MAX
configure:46448: $? = 1
configure: failed program was:
| /* confdefs.h */
| #define PACKAGE_NAME "GNU sed"
| #define PACKAGE_TARNAME "sed"
| #define PACKAGE_VERSION "4.10"
| #define PACKAGE_STRING "GNU sed 4.10"
| #define PACKAGE_BUGREPORT "bug-sed@gnu.org"
| #define PACKAGE_URL "https://www.gnu.org/software/sed/"
| #define PACKAGE "sed"
| #define VERSION "4.10"
| #define HAVE_STDIO_H 1
| #define HAVE_STDLIB_H 1
| #define HAVE_STRING_H 1
| #define HAVE_INTTYPES_H 1
| #define HAVE_STDINT_H 1
| #define HAVE_STRINGS_H 1
| #define HAVE_SYS_STAT_H 1
| #define HAVE_SYS_TYPES_H 1
| #define HAVE_UNISTD_H 1
| #define HAVE_WCHAR_H 1
| #define HAVE_STDBOOL_H 1
| #define HAVE_UCHAR_H 1
| #define HAVE_SYS_PARAM_H 1
| #define HAVE_SYS_SOCKET_H 1
| #define HAVE_DIRENT_H 1
| #define HAVE_LINUX_XATTR_H 1
| #define HAVE_STDIO_EXT_H 1
| #define HAVE_GETOPT_H 1
| #define HAVE_THREADS_H 1
| #define HAVE_LIMITS_H 1
| #define HAVE_WCTYPE_H 1
| #define HAVE_LANGINFO_H 1
| #define HAVE_SYS_MMAN_H 1
| #define HAVE_PTHREAD_H 1
| #define HAVE_MALLOC_H 1
| #define HAVE_SYS_TIME_H 1
| #define HAVE_STDCKDINT_H 1
| #define HAVE_SYS_RANDOM_H 1
| #define HAVE_FEATURES_H 1
| #define HAVE_ARPA_INET_H 1
| #define HAVE_NETDB_H 1
| #define HAVE_NETINET_IN_H 1
| #define HAVE_MATH_H 1
| #define HAVE_SYS_SELECT_H 1
| #define HAVE_SYS_WAIT_H 1
| #define HAVE_SEMAPHORE_H 1
| #define HAVE_SYS_IOCTL_H 1
| #define HAVE_SYS_UN_H 1
| #define HAVE_SYS_UIO_H 1
| #define HAVE_LOCALE_H 1
| #define HAVE_ERRNO_H 1
| #define STDC_HEADERS 1
| #define _ALL_SOURCE 1
| #define _COSMO_SOURCE 1
| #define _DARWIN_C_SOURCE 1
| #define _GNU_SOURCE 1
| #define _HPUX_ALT_XOPEN_SOCKET_API 1
| #define _NETBSD_SOURCE 1
| #define _OPENBSD_SOURCE 1
| #define _POSIX_PTHREAD_SEMANTICS 1
| #define __STDC_WANT_IEC_60559_ATTRIBS_EXT__ 1
| #define __STDC_WANT_IEC_60559_BFP_EXT__ 1
| #define __STDC_WANT_IEC_60559_DFP_EXT__ 1
| #define __STDC_WANT_IEC_60559_EXT__ 1
| #define __STDC_WANT_IEC_60559_FUNCS_EXT__ 1
| #define __STDC_WANT_IEC_60559_TYPES_EXT__ 1
| #define __STDC_WANT_LIB_EXT2__ 1
| #define __STDC_WANT_MATH_SPEC_FUNCS__ 1
| #define _TANDEM_SOURCE 1
| #define __EXTENSIONS__ 1
| #define _LINUX_SOURCE_COMPAT 1
| #define __USE_MINGW_ANSI_STDIO 1
| #define HAVE_FCHMOD 1
| #define HAVE_BTOWC 1
| #define HAVE_MBRTOWC 1
| #define HAVE_MBSINIT 1
| #define HAVE_REALPATH 1
| #define HAVE_LSTAT 1
| #define HAVE_FCNTL 1
| #define HAVE_SYMLINK 1
| #define HAVE_LISTXATTR 1
| #define HAVE_GETDTABLESIZE 1
| #define HAVE_ISWCNTRL 1
| #define HAVE_MPROTECT 1
| #define HAVE_READLINK 1
| #define HAVE_ISBLANK 1
| #define HAVE_ISWCTYPE 1
| #define HAVE_LINK 1
| #define HAVE_VASPRINTF 1
| #define HAVE___XPG_STRERROR_R 1
| #define HAVE_STRTOIMAX 1
| #define HAVE_WCRTOMB 1
| #define HAVE_WCTOB 1
| #define HAVE_FPURGE 1
| #define HAVE_GETTIMEOFDAY 1
| #define HAVE_PIPE 1
| #define HAVE_PSELECT 1
| #define HAVE_PTHREAD_SIGMASK 1
| #define HAVE_SIGPROCMASK 1
| #define HAVE_SETENV 1
| #define HAVE_SLEEP 1
| #define HAVE_SNPRINTF 1
| #define HAVE_SHUTDOWN 1
| #define HAVE_ISATTY 1
| #define HAVE_ISASCII 1
| #define HAVE_MEMCPY 1
| #define HAVE_STRCHR 1
| #define HAVE_STRTOUL 1
| #define HAVE_POPEN 1
| #define HAVE_PATHCONF 1
| #define HAVE_FCHOWN 1
| #define HAVE_SETLOCALE 1
| #define USE_ACL 0
| #define HAVE_ALLOCA_H 1
| #define HAVE_ALLOCA 1
| #define HAVE_WINT_T 1
| #define HAVE_LANGINFO_CODESET 1
| #define BITSIZEOF_WCHAR_T 32
| #define HAVE_MBSTATE_T 1
| #define HAVE_WORKING_MBRTOC32 1
| #define HAVE_WORKING_C32RTOMB 1
| #define HAVE_MALLOC_PTRDIFF 1
| #define HAVE_MALLOC_POSIX 1
| #define LSTAT_FOLLOWS_SLASHED_SYMLINK 1
| #define FUNC_REALPATH_NEARLY_WORKS 1
| #define HAVE_FACCESSAT 1
| #define HAVE_GETCWD 1
| #define HAVE_DECL_STRERROR_R 1
| #define HAVE_STRERROR_R 1
| #define HAVE_WORKING_O_DIRECTORY 1
| #define HAVE_WORKING_O_NOATIME 1
| #define HAVE_WORKING_O_NOFOLLOW 1
| #define USE_SELINUX_SELINUX_H 0
| #define restrict __restrict__
| #define HAVE_DECL_GETDELIM 1
| #define HAVE_DECL_GETDTABLESIZE 1
| #define HAVE_GETOPT_H 1
| #define HAVE_GETOPT_LONG_ONLY 1
| #define MUSL_LIBC 1
| #define HAVE_PTHREAD_API 1
| #define SETLOCALE_NULL_ALL_MTSAFE 0
| #define SETLOCALE_NULL_ONE_MTSAFE 1
| #define HAVE_WEAK_SYMBOLS 1
| #define HAVE_LONG_LONG_INT 1
| #define HAVE_UNSIGNED_LONG_LONG_INT 1
| #define HAVE_TOWLOWER 1
| #define AVOID_ANY_THREADS 1
| #define HAVE_MALLOC_0_NONNULL 1
| #define HAVE_DECL_MEMEQ 0
| #define HAVE_DECL_MEMRCHR 1
| #define HAVE_MINMAX_IN_SYS_PARAM_H 1
| #define PROMOTED_MODE_T mode_t
| #define HAVE_PTHREAD_T 1
| #define HAVE_PTHREAD_SPINLOCK_T 1
| #define HAVE_DECL_ALARM 1
| #define HAVE_SCHED_H 1
| #define HAVE_DECL_FCLOSEALL 0
| #define HAVE_DECL_GETW 1
| #define HAVE_DECL_PUTW 1
| #define HAVE_DECL_ECVT 1
| #define HAVE_DECL_FCVT 1
| #define HAVE_DECL_GCVT 1
| #define HAVE_DECL_STREQ 0
| #define HAVE_STRERROR_R 1
| #define HAVE_DECL_STRTOIMAX 1
| #define _USE_STD_STAT 1
| #define HAVE_DECL_EXECVPE 1
| #define HAVE_DECL_CLEARERR_UNLOCKED 1
| #define HAVE_DECL_FEOF_UNLOCKED 1
| #define HAVE_DECL_FERROR_UNLOCKED 1
| #define HAVE_DECL_FFLUSH_UNLOCKED 1
| #define HAVE_DECL_FGETS_UNLOCKED 1
| #define HAVE_DECL_FILENO_UNLOCKED 1
| #define HAVE_DECL_FPUTC_UNLOCKED 1
| #define HAVE_DECL_FPUTS_UNLOCKED 1
| #define HAVE_DECL_FREAD_UNLOCKED 1
| #define HAVE_DECL_FWRITE_UNLOCKED 1
| #define HAVE_DECL_GETC_UNLOCKED 1
| #define HAVE_DECL_GETCHAR_UNLOCKED 1
| #define HAVE_DECL_PUTC_UNLOCKED 1
| #define HAVE_DECL_PUTCHAR_UNLOCKED 1
| #define HAVE_DECL_WCSDUP 1
| #define HAVE_SHUTDOWN 1
| #define HAVE_STRUCT_SOCKADDR_STORAGE 1
| #define HAVE_SA_FAMILY_T 1
| #define HAVE_STRUCT_SOCKADDR_STORAGE_SS_FAMILY 1
| #define HAVE_ENVIRON_DECL 1
| #define FUNC_FFLUSH_STDIN 1
| #define HAVE_FREXP 1
| #define HAVE_FREXPL 1
| #define HAVE_DECL_FSEEKO 1
| #define FUNC_FFLUSH_STDIN 1
| #define HAVE_DECL_FTELLO 1
| #define HAVE_USELOCALE 1
| #define HAVE_WORKING_USELOCALE 1
| #define HAVE_GOOD_USELOCALE 1
| #define HAVE_IPV4 1
| #define HAVE_IPV6 1
| #define DBL_EXPBIT0_WORD 1
| #define DBL_EXPBIT0_BIT 20
| #define FLT_EXPBIT0_WORD 0
| #define FLT_EXPBIT0_BIT 23
| #define LDBL_EXPBIT0_WORD 2
| #define LDBL_EXPBIT0_BIT 0
| #define HAVE_LC_MESSAGES 1
| #define HAVE_DECL__PUTENV 0
| #define HAVE_SIGSET_T 1
| #define HAVE_DECL_INITSTATE 1
| #define HAVE_DECL_SETSTATE 1
| #define HAVE_DECL_SETENV 1
| #define HAVE_SEARCH_H 1
| #define HAVE_TSEARCH 1
| #define HAVE_DECL_STRDUP 1
| #define HAVE_DECL_UNSETENV 1
| #define HAVE_C_ALIGNASOF 1
| #define HAVE_ALLOCA 1
| #define HAVE_C_STATIC_ASSERT 1
| #define HAVE_C_BOOL 1
| #define GNULIB_TEST_BTOWC 1
| #define HAVE___BUILTIN_EXPECT 1
| #define GNULIB_TEST_C32ISPRINT 1
| #define GNULIB_TEST_C32ISSPACE 1
| #define GNULIB_TEST_C32RTOMB 1
| #define GNULIB_TEST_C32TOB 1
| #define GNULIB_TEST_C32TOLOWER 1
| #define GNULIB_TEST_C32TOUPPER 1
| #define GNULIB_TEST_CALLOC_GNU 1
| #define GNULIB_TEST_CALLOC_POSIX 1
| #define GNULIB_CANONICALIZE_LGPL 1
| #define GNULIB_TEST_CANONICALIZE_FILE_NAME 1
| #define GNULIB_TEST_REALPATH 1
| #define GNULIB_TEST_CHDIR 1
| #define HAVE_CLOCK_GETRES 1
| #define HAVE_CLOCK_GETTIME 1
| #define HAVE_CLOCK_SETTIME 1
| #define GNULIB_TEST_CLOEXEC 1
| #define GNULIB_TEST_CLOSE 1
| #define GNULIB_CLOSE 1
| #define GNULIB_TEST_DUP2 1
| #define GNULIB_TEST_FCNTL 1
| #define FLEXIBLE_ARRAY_MEMBER /**/
| #define GNULIB_TEST_FREE_POSIX 1
| #define HAVE___FSETERR 1
| #define GNULIB_TEST_FSTAT 1
| #define GNULIB_FSTAT 1
| #define HAVE___FWRITING 1
| #define HAVE_GETDELIM 1
| #define GNULIB_TEST_GETDELIM 1
| #define GNULIB_TEST_GETDTABLESIZE 1
| #define __GETOPT_PREFIX rpl_
| #define GNULIB_TEST_GETOPT_POSIX 1
| #define HAVE_DECL_PROGRAM_INVOCATION_NAME 1
| #define HAVE_DECL_PROGRAM_INVOCATION_NAME 1
| #define HAVE_DECL_PROGRAM_INVOCATION_SHORT_NAME 1
| #define HAVE_DECL___ARGV 0
| #define GNULIB_TEST_GETPROGNAME 1
| #define HAVE_GETRANDOM 1
| #define GNULIB_TEST_GETRANDOM 1
| #define GNULIB_LOCALEDIR "/usr/share/locale"
| #define GNULIB_ISSYMLINK 1
| #define HAVE_ISWBLANK 1
| #define HAVE_DECL_ISWBLANK 1
| #define GNULIB_TEST_ISWBLANK 1
| #define GNULIB_TEST_ISWCTYPE 1
| #define GNULIB_TEST_ISWDIGIT 1
| #define GNULIB_TEST_ISWPUNCT 1
| #define GNULIB_TEST_ISWXDIGIT 1
| #define HAVE___INLINE 1
| #define GNULIB_TEST_LOCALECONV 1
| #define GNULIB_LOCALECONV 1
| #define GNULIB_LOCK 1
| #define GNULIB_TEST_LSTAT 1
| #define GNULIB_LSTAT 1
| #define GNULIB_TEST_MALLOC_GNU 1
| #define GNULIB_TEST_MALLOC_POSIX 1
| #define GNULIB_TEST_MBRTOC32 1
| #define GNULIB_MBRTOC32_REGULAR 1
| #define GNULIB_TEST_MBRTOWC 1
| #define GNULIB_TEST_MBSINIT 1
| #define GNULIB_TEST_MBSZERO 1
| #define HAVE_MBTOWC 1
| #define GNULIB_TEST_MBTOWC 1
| #define GNULIB_TEST_MEMCHR 1
| #define GNULIB_TEST_MEMEQ 1
| #define HAVE_MEMPCPY 1
| #define GNULIB_TEST_MEMPCPY 1
| #define HAVE_MEMRCHR 1
| #define GNULIB_TEST_MEMRCHR 1
| #define GNULIB_TEST_MKDIR 1
| #define HAVE_MKOSTEMP 1
| #define GNULIB_MKOSTEMP 1
| #define GNULIB_TEST_MKOSTEMP 1
| #define GNULIB_MSVC_NOTHROW 1
| #define HAVE_NL_LANGINFO 1
| #define NL_LANGINFO_MTSAFE 1
| #define REPLACE_NL_LANGINFO 1
| #define GNULIB_TEST_NL_LANGINFO 1
| #define GNULIB_TEST_OPEN 1
| #define HAVE_DECL_PROGRAM_INVOCATION_NAME 1
| #define HAVE_DECL_PROGRAM_INVOCATION_SHORT_NAME 1
| #define GNULIB_TEST_PTHREAD_ONCE 1
| #define GNULIB_TEST_RAWMEMCHR 1
| #define GNULIB_TEST_READLINK 1
| #define HAVE_REALLOC_POSIX 1
| #define HAVE_REALLOC_0_NONNULL 1
| #define GNULIB_TEST_REALLOC_POSIX 1
| #define HAVE_REALLOCARRAY 1
| #define GNULIB_REALLOCARRAY 1
| #define GNULIB_TEST_REALLOCARRAY 1
| #define _REGEX_INCLUDE_LIMITS_H 1
| #define _REGEX_LARGE_OFFSETS 1
| #define re_syntax_options rpl_re_syntax_options
| #define re_set_syntax rpl_re_set_syntax
| #define re_compile_pattern rpl_re_compile_pattern
| #define re_compile_fastmap rpl_re_compile_fastmap
| #define re_search rpl_re_search
| #define re_search_2 rpl_re_search_2
| #define re_match rpl_re_match
| #define re_match_2 rpl_re_match_2
| #define re_set_registers rpl_re_set_registers
| #define re_comp rpl_re_comp
| #define re_exec rpl_re_exec
| #define regcomp rpl_regcomp
| #define regexec rpl_regexec
| #define regerror rpl_regerror
| #define regfree rpl_regfree
| #define HAVE_DECL_ISBLANK 1
| #define GNULIB_TEST_RENAME 1
| #define GNULIB_TEST_RMDIR 1
| #define HAVE_VISIBILITY 1
| #define GNULIB_TEST_SETLOCALE_NULL 1
| #define GNULIB_TEST_STAT 1
| #define GNULIB_STAT 1
| #define HAVE_STRUCT_STAT_ST_ATIM_TV_NSEC 1
| #define TYPEOF_STRUCT_STAT_ST_ATIM_IS_STRUCT_TIMESPEC 1
| #define GNULIB_TEST_FSCANF 1
| #define GNULIB_FSCANF 1
| #define GNULIB_TEST_SCANF 1
| #define GNULIB_SCANF 1
| #define GNULIB_TEST_FGETC 1
| #define GNULIB_TEST_GETC 1
| #define GNULIB_TEST_GETCHAR 1
| #define GNULIB_TEST_FGETS 1
| #define GNULIB_TEST_FREAD 1
| #define GNULIB_TEST_FPRINTF 1
| #define GNULIB_TEST_PRINTF 1
| #define GNULIB_TEST_VFPRINTF 1
| #define GNULIB_TEST_VPRINTF 1
| #define GNULIB_TEST_FPUTC 1
| #define GNULIB_TEST_PUTC 1
| #define GNULIB_TEST_PUTCHAR 1
| #define GNULIB_TEST_FPUTS 1
| #define GNULIB_TEST_PUTS 1
| #define GNULIB_TEST_FWRITE 1
| #define GNULIB_TEST_STREQ 1
| #define GNULIB_STRERROR 1
| #define GNULIB_TEST_STRERROR 1
| #define GNULIB_TEST_STRNCPY 1
| #define GNULIB_TEST_STRNUL 1
| #define HAVE_STRTOLL 1
| #define GNULIB_TEST_STRTOLL 1
| #define HAVE_STRVERSCMP 1
| #define GNULIB_TEST_STRVERSCMP 1
| #define GNULIB_TEMPNAME 1
| #define GNULIB_STDIO_SINGLE_THREAD 1
| #define USE_UNLOCKED_IO GNULIB_STDIO_SINGLE_THREAD
| #define HAVE_C_VARARRAYS 1
| #define GNULIB_TEST_WCRTOMB 1
| #define GNULIB_TEST_WCTOB 1
| #define GNULIB_TEST_WCTOMB 1
| #define GNULIB_TEST_WCTYPE 1
| #define GNULIB_XALLOC 1
| #define GNULIB_XALLOC_DIE 1
| #define GNULIB_TEST_ACCEPT 1
| #define GNULIB_ACCEPT IN_SED_GNULIB_TESTS
| #define GNULIB_TEST_BIND 1
| #define GNULIB_BIND IN_SED_GNULIB_TESTS
| #define GNULIB_TEST_BTOC32 1
| #define HAVE_CLOSEDIR 1
| #define GNULIB_TEST_CLOSEDIR 1
| #define GNULIB_TEST_CONNECT 1
| #define GNULIB_CONNECT IN_SED_GNULIB_TESTS
| #define HAVE_DIRFD 1
| #define HAVE_DECL_DIRFD 1
| #define GNULIB_TEST_DIRFD 1
| #define GNULIB_TEST_ENVIRON 1
| #define GNULIB_TEST_FDOPEN 1
| #define FUNC_FFLUSH_STDIN 1
| #define GNULIB_FFLUSH IN_SED_GNULIB_TESTS
| #define GNULIB_TEST_FFLUSH 1
| /* end confdefs.h.  */
| #include <float.h>
|             int x[] = { FLT_DECIMAL_DIG, DBL_DECIMAL_DIG, LDBL_DECIMAL_DIG };
|             int y[] = { FLT_IS_IEC_60559, DBL_IS_IEC_60559, LDBL_IS_IEC_60559 };
|             float maxf = FLT_NORM_MAX;
|             double maxd = DBL_NORM_MAX;
|             long double maxl = LDBL_NORM_MAX;
| 
| int
| main (void)
| {
| float sf = FLT_SNAN;
|             double sd = DBL_SNAN;
|             long double sl = LDBL_SNAN;
|             return (sf != 0) + (sd != 0) + (sl != 0);
| 
|   ;
|   return 0;
| }
configure:46459: result: no
configure:46467: checking whether conversion from 'int' to 'long double' works
configure:46517: gcc -o conftest -g -O2   conftest.c  >&5
configure:46517: $? = 0
configure:46517: ./conftest
configure:46517: $? = 0
configure:46532: result: yes
configure:46732: checking whether fopen supports the mode character 'x'
configure:46772: gcc -o conftest -g -O2   conftest.c  >&5
configure:46772: $? = 0
configure:46772: ./conftest
configure:46772: $? = 0
configure:46788: result: yes
configure:46790: checking whether fopen supports the mode character 'e'
configure:46838: gcc -o conftest -g -O2   conftest.c  >&5
configure:46838: $? = 0
configure:46838: ./conftest
configure:46838: $? = 0
configure:46854: result: yes
configure:46918: checking for __fpurge
configure:46955: checking for __fpurge
configure:46955: gcc -o conftest -g -O2   conftest.c  >&5
configure:46955: $? = 0
configure:46955: result: yes
configure:46971: result: yes
configure:46985: checking whether fpurge is declared
configure:46985: gcc -c -g -O2   conftest.c >&5
conftest.c: In function 'main':
conftest.c:404:10: error: 'fpurge' undeclared (first use in this function)
  404 |   (void) fpurge;
      |          ^~~~~~
conftest.c:404:10: note: each undeclared identifier is reported only once for each function it appears in
configure:46985: $? = 1
configure: failed program was:
| /* confdefs.h */
| #define PACKAGE_NAME "GNU sed"
| #define PACKAGE_TARNAME "sed"
| #define PACKAGE_VERSION "4.10"
| #define PACKAGE_STRING "GNU sed 4.10"
| #define PACKAGE_BUGREPORT "bug-sed@gnu.org"
| #define PACKAGE_URL "https://www.gnu.org/software/sed/"
| #define PACKAGE "sed"
| #define VERSION "4.10"
| #define HAVE_STDIO_H 1
| #define HAVE_STDLIB_H 1
| #define HAVE_STRING_H 1
| #define HAVE_INTTYPES_H 1
| #define HAVE_STDINT_H 1
| #define HAVE_STRINGS_H 1
| #define HAVE_SYS_STAT_H 1
| #define HAVE_SYS_TYPES_H 1
| #define HAVE_UNISTD_H 1
| #define HAVE_WCHAR_H 1
| #define HAVE_STDBOOL_H 1
| #define HAVE_UCHAR_H 1
| #define HAVE_SYS_PARAM_H 1
| #define HAVE_SYS_SOCKET_H 1
| #define HAVE_DIRENT_H 1
| #define HAVE_LINUX_XATTR_H 1
| #define HAVE_STDIO_EXT_H 1
| #define HAVE_GETOPT_H 1
| #define HAVE_THREADS_H 1
| #define HAVE_LIMITS_H 1
| #define HAVE_WCTYPE_H 1
| #define HAVE_LANGINFO_H 1
| #define HAVE_SYS_MMAN_H 1
| #define HAVE_PTHREAD_H 1
| #define HAVE_MALLOC_H 1
| #define HAVE_SYS_TIME_H 1
| #define HAVE_STDCKDINT_H 1
| #define HAVE_SYS_RANDOM_H 1
| #define HAVE_FEATURES_H 1
| #define HAVE_ARPA_INET_H 1
| #define HAVE_NETDB_H 1
| #define HAVE_NETINET_IN_H 1
| #define HAVE_MATH_H 1
| #define HAVE_SYS_SELECT_H 1
| #define HAVE_SYS_WAIT_H 1
| #define HAVE_SEMAPHORE_H 1
| #define HAVE_SYS_IOCTL_H 1
| #define HAVE_SYS_UN_H 1
| #define HAVE_SYS_UIO_H 1
| #define HAVE_LOCALE_H 1
| #define HAVE_ERRNO_H 1
| #define STDC_HEADERS 1
| #define _ALL_SOURCE 1
| #define _COSMO_SOURCE 1
| #define _DARWIN_C_SOURCE 1
| #define _GNU_SOURCE 1
| #define _HPUX_ALT_XOPEN_SOCKET_API 1
| #define _NETBSD_SOURCE 1
| #define _OPENBSD_SOURCE 1
| #define _POSIX_PTHREAD_SEMANTICS 1
| #define __STDC_WANT_IEC_60559_ATTRIBS_EXT__ 1
| #define __STDC_WANT_IEC_60559_BFP_EXT__ 1
| #define __STDC_WANT_IEC_60559_DFP_EXT__ 1
| #define __STDC_WANT_IEC_60559_EXT__ 1
| #define __STDC_WANT_IEC_60559_FUNCS_EXT__ 1
| #define __STDC_WANT_IEC_60559_TYPES_EXT__ 1
| #define __STDC_WANT_LIB_EXT2__ 1
| #define __STDC_WANT_MATH_SPEC_FUNCS__ 1
| #define _TANDEM_SOURCE 1
| #define __EXTENSIONS__ 1
| #define _LINUX_SOURCE_COMPAT 1
| #define __USE_MINGW_ANSI_STDIO 1
| #define HAVE_FCHMOD 1
| #define HAVE_BTOWC 1
| #define HAVE_MBRTOWC 1
| #define HAVE_MBSINIT 1
| #define HAVE_REALPATH 1
| #define HAVE_LSTAT 1
| #define HAVE_FCNTL 1
| #define HAVE_SYMLINK 1
| #define HAVE_LISTXATTR 1
| #define HAVE_GETDTABLESIZE 1
| #define HAVE_ISWCNTRL 1
| #define HAVE_MPROTECT 1
| #define HAVE_READLINK 1
| #define HAVE_ISBLANK 1
| #define HAVE_ISWCTYPE 1
| #define HAVE_LINK 1
| #define HAVE_VASPRINTF 1
| #define HAVE___XPG_STRERROR_R 1
| #define HAVE_STRTOIMAX 1
| #define HAVE_WCRTOMB 1
| #define HAVE_WCTOB 1
| #define HAVE_FPURGE 1
| #define HAVE_GETTIMEOFDAY 1
| #define HAVE_PIPE 1
| #define HAVE_PSELECT 1
| #define HAVE_PTHREAD_SIGMASK 1
| #define HAVE_SIGPROCMASK 1
| #define HAVE_SETENV 1
| #define HAVE_SLEEP 1
| #define HAVE_SNPRINTF 1
| #define HAVE_SHUTDOWN 1
| #define HAVE_ISATTY 1
| #define HAVE_ISASCII 1
| #define HAVE_MEMCPY 1
| #define HAVE_STRCHR 1
| #define HAVE_STRTOUL 1
| #define HAVE_POPEN 1
| #define HAVE_PATHCONF 1
| #define HAVE_FCHOWN 1
| #define HAVE_SETLOCALE 1
| #define USE_ACL 0
| #define HAVE_ALLOCA_H 1
| #define HAVE_ALLOCA 1
| #define HAVE_WINT_T 1
| #define HAVE_LANGINFO_CODESET 1
| #define BITSIZEOF_WCHAR_T 32
| #define HAVE_MBSTATE_T 1
| #define HAVE_WORKING_MBRTOC32 1
| #define HAVE_WORKING_C32RTOMB 1
| #define HAVE_MALLOC_PTRDIFF 1
| #define HAVE_MALLOC_POSIX 1
| #define LSTAT_FOLLOWS_SLASHED_SYMLINK 1
| #define FUNC_REALPATH_NEARLY_WORKS 1
| #define HAVE_FACCESSAT 1
| #define HAVE_GETCWD 1
| #define HAVE_DECL_STRERROR_R 1
| #define HAVE_STRERROR_R 1
| #define HAVE_WORKING_O_DIRECTORY 1
| #define HAVE_WORKING_O_NOATIME 1
| #define HAVE_WORKING_O_NOFOLLOW 1
| #define USE_SELINUX_SELINUX_H 0
| #define restrict __restrict__
| #define HAVE_DECL_GETDELIM 1
| #define HAVE_DECL_GETDTABLESIZE 1
| #define HAVE_GETOPT_H 1
| #define HAVE_GETOPT_LONG_ONLY 1
| #define MUSL_LIBC 1
| #define HAVE_PTHREAD_API 1
| #define SETLOCALE_NULL_ALL_MTSAFE 0
| #define SETLOCALE_NULL_ONE_MTSAFE 1
| #define HAVE_WEAK_SYMBOLS 1
| #define HAVE_LONG_LONG_INT 1
| #define HAVE_UNSIGNED_LONG_LONG_INT 1
| #define HAVE_TOWLOWER 1
| #define AVOID_ANY_THREADS 1
| #define HAVE_MALLOC_0_NONNULL 1
| #define HAVE_DECL_MEMEQ 0
| #define HAVE_DECL_MEMRCHR 1
| #define HAVE_MINMAX_IN_SYS_PARAM_H 1
| #define PROMOTED_MODE_T mode_t
| #define HAVE_PTHREAD_T 1
| #define HAVE_PTHREAD_SPINLOCK_T 1
| #define HAVE_DECL_ALARM 1
| #define HAVE_SCHED_H 1
| #define HAVE_DECL_FCLOSEALL 0
| #define HAVE_DECL_GETW 1
| #define HAVE_DECL_PUTW 1
| #define HAVE_DECL_ECVT 1
| #define HAVE_DECL_FCVT 1
| #define HAVE_DECL_GCVT 1
| #define HAVE_DECL_STREQ 0
| #define HAVE_STRERROR_R 1
| #define HAVE_DECL_STRTOIMAX 1
| #define _USE_STD_STAT 1
| #define HAVE_DECL_EXECVPE 1
| #define HAVE_DECL_CLEARERR_UNLOCKED 1
| #define HAVE_DECL_FEOF_UNLOCKED 1
| #define HAVE_DECL_FERROR_UNLOCKED 1
| #define HAVE_DECL_FFLUSH_UNLOCKED 1
| #define HAVE_DECL_FGETS_UNLOCKED 1
| #define HAVE_DECL_FILENO_UNLOCKED 1
| #define HAVE_DECL_FPUTC_UNLOCKED 1
| #define HAVE_DECL_FPUTS_UNLOCKED 1
| #define HAVE_DECL_FREAD_UNLOCKED 1
| #define HAVE_DECL_FWRITE_UNLOCKED 1
| #define HAVE_DECL_GETC_UNLOCKED 1
| #define HAVE_DECL_GETCHAR_UNLOCKED 1
| #define HAVE_DECL_PUTC_UNLOCKED 1
| #define HAVE_DECL_PUTCHAR_UNLOCKED 1
| #define HAVE_DECL_WCSDUP 1
| #define HAVE_SHUTDOWN 1
| #define HAVE_STRUCT_SOCKADDR_STORAGE 1
| #define HAVE_SA_FAMILY_T 1
| #define HAVE_STRUCT_SOCKADDR_STORAGE_SS_FAMILY 1
| #define HAVE_ENVIRON_DECL 1
| #define FUNC_FFLUSH_STDIN 1
| #define HAVE_FREXP 1
| #define HAVE_FREXPL 1
| #define HAVE_DECL_FSEEKO 1
| #define FUNC_FFLUSH_STDIN 1
| #define HAVE_DECL_FTELLO 1
| #define HAVE_USELOCALE 1
| #define HAVE_WORKING_USELOCALE 1
| #define HAVE_GOOD_USELOCALE 1
| #define HAVE_IPV4 1
| #define HAVE_IPV6 1
| #define DBL_EXPBIT0_WORD 1
| #define DBL_EXPBIT0_BIT 20
| #define FLT_EXPBIT0_WORD 0
| #define FLT_EXPBIT0_BIT 23
| #define LDBL_EXPBIT0_WORD 2
| #define LDBL_EXPBIT0_BIT 0
| #define HAVE_LC_MESSAGES 1
| #define HAVE_DECL__PUTENV 0
| #define HAVE_SIGSET_T 1
| #define HAVE_DECL_INITSTATE 1
| #define HAVE_DECL_SETSTATE 1
| #define HAVE_DECL_SETENV 1
| #define HAVE_SEARCH_H 1
| #define HAVE_TSEARCH 1
| #define HAVE_DECL_STRDUP 1
| #define HAVE_DECL_UNSETENV 1
| #define HAVE_C_ALIGNASOF 1
| #define HAVE_ALLOCA 1
| #define HAVE_C_STATIC_ASSERT 1
| #define HAVE_C_BOOL 1
| #define GNULIB_TEST_BTOWC 1
| #define HAVE___BUILTIN_EXPECT 1
| #define GNULIB_TEST_C32ISPRINT 1
| #define GNULIB_TEST_C32ISSPACE 1
| #define GNULIB_TEST_C32RTOMB 1
| #define GNULIB_TEST_C32TOB 1
| #define GNULIB_TEST_C32TOLOWER 1
| #define GNULIB_TEST_C32TOUPPER 1
| #define GNULIB_TEST_CALLOC_GNU 1
| #define GNULIB_TEST_CALLOC_POSIX 1
| #define GNULIB_CANONICALIZE_LGPL 1
| #define GNULIB_TEST_CANONICALIZE_FILE_NAME 1
| #define GNULIB_TEST_REALPATH 1
| #define GNULIB_TEST_CHDIR 1
| #define HAVE_CLOCK_GETRES 1
| #define HAVE_CLOCK_GETTIME 1
| #define HAVE_CLOCK_SETTIME 1
| #define GNULIB_TEST_CLOEXEC 1
| #define GNULIB_TEST_CLOSE 1
| #define GNULIB_CLOSE 1
| #define GNULIB_TEST_DUP2 1
| #define GNULIB_TEST_FCNTL 1
| #define FLEXIBLE_ARRAY_MEMBER /**/
| #define GNULIB_TEST_FREE_POSIX 1
| #define HAVE___FSETERR 1
| #define GNULIB_TEST_FSTAT 1
| #define GNULIB_FSTAT 1
| #define HAVE___FWRITING 1
| #define HAVE_GETDELIM 1
| #define GNULIB_TEST_GETDELIM 1
| #define GNULIB_TEST_GETDTABLESIZE 1
| #define __GETOPT_PREFIX rpl_
| #define GNULIB_TEST_GETOPT_POSIX 1
| #define HAVE_DECL_PROGRAM_INVOCATION_NAME 1
| #define HAVE_DECL_PROGRAM_INVOCATION_NAME 1
| #define HAVE_DECL_PROGRAM_INVOCATION_SHORT_NAME 1
| #define HAVE_DECL___ARGV 0
| #define GNULIB_TEST_GETPROGNAME 1
| #define HAVE_GETRANDOM 1
| #define GNULIB_TEST_GETRANDOM 1
| #define GNULIB_LOCALEDIR "/usr/share/locale"
| #define GNULIB_ISSYMLINK 1
| #define HAVE_ISWBLANK 1
| #define HAVE_DECL_ISWBLANK 1
| #define GNULIB_TEST_ISWBLANK 1
| #define GNULIB_TEST_ISWCTYPE 1
| #define GNULIB_TEST_ISWDIGIT 1
| #define GNULIB_TEST_ISWPUNCT 1
| #define GNULIB_TEST_ISWXDIGIT 1
| #define HAVE___INLINE 1
| #define GNULIB_TEST_LOCALECONV 1
| #define GNULIB_LOCALECONV 1
| #define GNULIB_LOCK 1
| #define GNULIB_TEST_LSTAT 1
| #define GNULIB_LSTAT 1
| #define GNULIB_TEST_MALLOC_GNU 1
| #define GNULIB_TEST_MALLOC_POSIX 1
| #define GNULIB_TEST_MBRTOC32 1
| #define GNULIB_MBRTOC32_REGULAR 1
| #define GNULIB_TEST_MBRTOWC 1
| #define GNULIB_TEST_MBSINIT 1
| #define GNULIB_TEST_MBSZERO 1
| #define HAVE_MBTOWC 1
| #define GNULIB_TEST_MBTOWC 1
| #define GNULIB_TEST_MEMCHR 1
| #define GNULIB_TEST_MEMEQ 1
| #define HAVE_MEMPCPY 1
| #define GNULIB_TEST_MEMPCPY 1
| #define HAVE_MEMRCHR 1
| #define GNULIB_TEST_MEMRCHR 1
| #define GNULIB_TEST_MKDIR 1
| #define HAVE_MKOSTEMP 1
| #define GNULIB_MKOSTEMP 1
| #define GNULIB_TEST_MKOSTEMP 1
| #define GNULIB_MSVC_NOTHROW 1
| #define HAVE_NL_LANGINFO 1
| #define NL_LANGINFO_MTSAFE 1
| #define REPLACE_NL_LANGINFO 1
| #define GNULIB_TEST_NL_LANGINFO 1
| #define GNULIB_TEST_OPEN 1
| #define HAVE_DECL_PROGRAM_INVOCATION_NAME 1
| #define HAVE_DECL_PROGRAM_INVOCATION_SHORT_NAME 1
| #define GNULIB_TEST_PTHREAD_ONCE 1
| #define GNULIB_TEST_RAWMEMCHR 1
| #define GNULIB_TEST_READLINK 1
| #define HAVE_REALLOC_POSIX 1
| #define HAVE_REALLOC_0_NONNULL 1
| #define GNULIB_TEST_REALLOC_POSIX 1
| #define HAVE_REALLOCARRAY 1
| #define GNULIB_REALLOCARRAY 1
| #define GNULIB_TEST_REALLOCARRAY 1
| #define _REGEX_INCLUDE_LIMITS_H 1
| #define _REGEX_LARGE_OFFSETS 1
| #define re_syntax_options rpl_re_syntax_options
| #define re_set_syntax rpl_re_set_syntax
| #define re_compile_pattern rpl_re_compile_pattern
| #define re_compile_fastmap rpl_re_compile_fastmap
| #define re_search rpl_re_search
| #define re_search_2 rpl_re_search_2
| #define re_match rpl_re_match
| #define re_match_2 rpl_re_match_2
| #define re_set_registers rpl_re_set_registers
| #define re_comp rpl_re_comp
| #define re_exec rpl_re_exec
| #define regcomp rpl_regcomp
| #define regexec rpl_regexec
| #define regerror rpl_regerror
| #define regfree rpl_regfree
| #define HAVE_DECL_ISBLANK 1
| #define GNULIB_TEST_RENAME 1
| #define GNULIB_TEST_RMDIR 1
| #define HAVE_VISIBILITY 1
| #define GNULIB_TEST_SETLOCALE_NULL 1
| #define GNULIB_TEST_STAT 1
| #define GNULIB_STAT 1
| #define HAVE_STRUCT_STAT_ST_ATIM_TV_NSEC 1
| #define TYPEOF_STRUCT_STAT_ST_ATIM_IS_STRUCT_TIMESPEC 1
| #define GNULIB_TEST_FSCANF 1
| #define GNULIB_FSCANF 1
| #define GNULIB_TEST_SCANF 1
| #define GNULIB_SCANF 1
| #define GNULIB_TEST_FGETC 1
| #define GNULIB_TEST_GETC 1
| #define GNULIB_TEST_GETCHAR 1
| #define GNULIB_TEST_FGETS 1
| #define GNULIB_TEST_FREAD 1
| #define GNULIB_TEST_FPRINTF 1
| #define GNULIB_TEST_PRINTF 1
| #define GNULIB_TEST_VFPRINTF 1
| #define GNULIB_TEST_VPRINTF 1
| #define GNULIB_TEST_FPUTC 1
| #define GNULIB_TEST_PUTC 1
| #define GNULIB_TEST_PUTCHAR 1
| #define GNULIB_TEST_FPUTS 1
| #define GNULIB_TEST_PUTS 1
| #define GNULIB_TEST_FWRITE 1
| #define GNULIB_TEST_STREQ 1
| #define GNULIB_STRERROR 1
| #define GNULIB_TEST_STRERROR 1
| #define GNULIB_TEST_STRNCPY 1
| #define GNULIB_TEST_STRNUL 1
| #define HAVE_STRTOLL 1
| #define GNULIB_TEST_STRTOLL 1
| #define HAVE_STRVERSCMP 1
| #define GNULIB_TEST_STRVERSCMP 1
| #define GNULIB_TEMPNAME 1
| #define GNULIB_STDIO_SINGLE_THREAD 1
| #define USE_UNLOCKED_IO GNULIB_STDIO_SINGLE_THREAD
| #define HAVE_C_VARARRAYS 1
| #define GNULIB_TEST_WCRTOMB 1
| #define GNULIB_TEST_WCTOB 1
| #define GNULIB_TEST_WCTOMB 1
| #define GNULIB_TEST_WCTYPE 1
| #define GNULIB_XALLOC 1
| #define GNULIB_XALLOC_DIE 1
| #define GNULIB_TEST_ACCEPT 1
| #define GNULIB_ACCEPT IN_SED_GNULIB_TESTS
| #define GNULIB_TEST_BIND 1
| #define GNULIB_BIND IN_SED_GNULIB_TESTS
| #define GNULIB_TEST_BTOC32 1
| #define HAVE_CLOSEDIR 1
| #define GNULIB_TEST_CLOSEDIR 1
| #define GNULIB_TEST_CONNECT 1
| #define GNULIB_CONNECT IN_SED_GNULIB_TESTS
| #define HAVE_DIRFD 1
| #define HAVE_DECL_DIRFD 1
| #define GNULIB_TEST_DIRFD 1
| #define GNULIB_TEST_ENVIRON 1
| #define GNULIB_TEST_FDOPEN 1
| #define FUNC_FFLUSH_STDIN 1
| #define GNULIB_FFLUSH IN_SED_GNULIB_TESTS
| #define GNULIB_TEST_FFLUSH 1
| #define GNULIB_TEST_FOPEN 1
| #define GNULIB_FOPEN_GNU IN_SED_GNULIB_TESTS
| #define GNULIB_TEST_FOPEN_GNU 1
| #define HAVE___FPURGE 1
| /* end confdefs.h.  */
| #include <stdio.h>
| 
| int
| main (void)
| {
| #ifndef fpurge
| #ifdef __cplusplus
|   (void) fpurge;
| #else
|   (void) fpurge;
| #endif
| #endif
| 
|   ;
|   return 0;
| }
configure:46985: result: no
configure:46999: checking whether fpurge works
configure:47071: result: no
configure:47132: checking for __freading
configure:47171: checking for __freading
configure:47171: gcc -o conftest -g -O2   conftest.c  >&5
configure:47171: $? = 0
configure:47171: result: yes
configure:47187: result: yes
configure:47338: checking for fseeko
configure:47369: result: yes
configure:47389: checking whether fflush works on input streams
configure:47479: result: yes
configure:47637: checking for ftello
configure:47667: result: yes
configure:47685: checking whether ftello works
configure:47780: result: yes
configure:47870: checking for ftruncate
configure:47907: checking for ftruncate
configure:47907: gcc -o conftest -g -O2   conftest.c  >&5
configure:47907: $? = 0
configure:47907: result: yes
configure:47923: result: yes
configure:48065: checking for newlocale
configure:48102: checking for newlocale
configure:48102: gcc -o conftest -g -O2   conftest.c  >&5
configure:48102: $? = 0
configure:48102: result: yes
configure:48118: result: yes
configure:48134: checking for duplocale
configure:48171: checking for duplocale
configure:48171: gcc -o conftest -g -O2   conftest.c  >&5
configure:48171: $? = 0
configure:48171: result: yes
configure:48187: result: yes
configure:48203: checking for freelocale
configure:48240: checking for freelocale
configure:48240: gcc -o conftest -g -O2   conftest.c  >&5
configure:48240: $? = 0
configure:48240: result: yes
configure:48256: result: yes
configure:48339: checking for newlocale
configure:48392: result: yes
configure:48408: checking for duplocale
configure:48461: result: yes
configure:48477: checking for freelocale
configure:48530: result: yes
configure:48598: checking for getpagesize
configure:48616: gcc -o conftest -g -O2   conftest.c  >&5
configure:48616: $? = 0
configure:48628: result: yes
configure:48659: checking whether getpagesize is declared
configure:48659: gcc -c -g -O2   conftest.c >&5
configure:48659: $? = 0
configure:48659: result: yes
configure:48718: checking for gettimeofday with POSIX signature
configure:48747: gcc -c -g -O2  conftest.c >&5
configure:48747: $? = 0
configure:48777: result: yes
configure:48842: checking for duplocale
configure:48895: result: yes
configure:48960: checking for library containing inet_pton
configure:48996: gcc -o conftest -g -O2   conftest.c  >&5
configure:48996: $? = 0
configure:49018: result: none required
configure:49048: checking whether inet_pton is declared
configure:49048: gcc -c -g -O2   conftest.c >&5
configure:49048: $? = 0
configure:49048: result: yes
configure:49110: checking whether byte ordering is bigendian
configure:49332: result: no
configure:49358: checking for ioctl
configure:49358: gcc -o conftest -g -O2   conftest.c  >&5
configure:49358: $? = 0
configure:49358: result: yes
configure:49365: checking for ioctl with POSIX signature
configure:49391: gcc -c -g -O2  conftest.c >&5
configure:49391: $? = 0
configure:49402: result: yes
configure:49503: checking whether isnan(double) can be used without linking with libm
configure:49529: gcc -o conftest -g -O2   conftest.c  >&5
configure:49529: $? = 0
configure:49541: result: yes
configure:49568: checking whether isnan(float) can be used without linking with libm
configure:49594: gcc -o conftest -g -O2   conftest.c  >&5
configure:49594: $? = 0
configure:49606: result: yes
configure:49613: checking whether isnan(float) works
configure:49669: gcc -o conftest -g -O2   conftest.c  >&5
configure:49669: $? = 0
configure:49669: ./conftest
configure:49669: $? = 0
configure:49684: result: yes
configure:49719: checking whether isnan(long double) can be used without linking with libm
configure:49745: gcc -o conftest -g -O2   conftest.c  >&5
configure:49745: $? = 0
configure:49757: result: yes
configure:49766: checking whether isnanl works
configure:49903: gcc -o conftest -g -O2   conftest.c  >&5
configure:49903: $? = 0
configure:49903: ./conftest
configure:49903: $? = 0
configure:49918: result: yes
configure:49965: checking whether link obeys POSIX
configure:50015: gcc -o conftest -g -O2   conftest.c  >&5
configure:50015: $? = 0
configure:50015: ./conftest
configure:50015: $? = 0
configure:50030: result: yes
configure:50127: checking for newlocale
configure:50180: result: yes
configure:50224: checking for newlocale
configure:50277: result: yes
configure:50349: checking whether lseek detects pipes
configure:50386: gcc -o conftest -g -O2   conftest.c  >&5
configure:50386: $? = 0
configure:50426: result: yes
configure:50442: checking whether SEEK_DATA works but is incompatible with GNU
configure:50464: gcc -E  conftest.c
conftest.c:444:18: error: #error "No need to work around the bug"
  444 |                 #error "No need to work around the bug"
      |                  ^~~~~
configure:50464: $? = 1
configure: failed program was:
| /* confdefs.h */
| #define PACKAGE_NAME "GNU sed"
| #define PACKAGE_TARNAME "sed"
| #define PACKAGE_VERSION "4.10"
| #define PACKAGE_STRING "GNU sed 4.10"
| #define PACKAGE_BUGREPORT "bug-sed@gnu.org"
| #define PACKAGE_URL "https://www.gnu.org/software/sed/"
| #define PACKAGE "sed"
| #define VERSION "4.10"
| #define HAVE_STDIO_H 1
| #define HAVE_STDLIB_H 1
| #define HAVE_STRING_H 1
| #define HAVE_INTTYPES_H 1
| #define HAVE_STDINT_H 1
| #define HAVE_STRINGS_H 1
| #define HAVE_SYS_STAT_H 1
| #define HAVE_SYS_TYPES_H 1
| #define HAVE_UNISTD_H 1
| #define HAVE_WCHAR_H 1
| #define HAVE_STDBOOL_H 1
| #define HAVE_UCHAR_H 1
| #define HAVE_SYS_PARAM_H 1
| #define HAVE_SYS_SOCKET_H 1
| #define HAVE_DIRENT_H 1
| #define HAVE_LINUX_XATTR_H 1
| #define HAVE_STDIO_EXT_H 1
| #define HAVE_GETOPT_H 1
| #define HAVE_THREADS_H 1
| #define HAVE_LIMITS_H 1
| #define HAVE_WCTYPE_H 1
| #define HAVE_LANGINFO_H 1
| #define HAVE_SYS_MMAN_H 1
| #define HAVE_PTHREAD_H 1
| #define HAVE_MALLOC_H 1
| #define HAVE_SYS_TIME_H 1
| #define HAVE_STDCKDINT_H 1
| #define HAVE_SYS_RANDOM_H 1
| #define HAVE_FEATURES_H 1
| #define HAVE_ARPA_INET_H 1
| #define HAVE_NETDB_H 1
| #define HAVE_NETINET_IN_H 1
| #define HAVE_MATH_H 1
| #define HAVE_SYS_SELECT_H 1
| #define HAVE_SYS_WAIT_H 1
| #define HAVE_SEMAPHORE_H 1
| #define HAVE_SYS_IOCTL_H 1
| #define HAVE_SYS_UN_H 1
| #define HAVE_SYS_UIO_H 1
| #define HAVE_LOCALE_H 1
| #define HAVE_ERRNO_H 1
| #define STDC_HEADERS 1
| #define _ALL_SOURCE 1
| #define _COSMO_SOURCE 1
| #define _DARWIN_C_SOURCE 1
| #define _GNU_SOURCE 1
| #define _HPUX_ALT_XOPEN_SOCKET_API 1
| #define _NETBSD_SOURCE 1
| #define _OPENBSD_SOURCE 1
| #define _POSIX_PTHREAD_SEMANTICS 1
| #define __STDC_WANT_IEC_60559_ATTRIBS_EXT__ 1
| #define __STDC_WANT_IEC_60559_BFP_EXT__ 1
| #define __STDC_WANT_IEC_60559_DFP_EXT__ 1
| #define __STDC_WANT_IEC_60559_EXT__ 1
| #define __STDC_WANT_IEC_60559_FUNCS_EXT__ 1
| #define __STDC_WANT_IEC_60559_TYPES_EXT__ 1
| #define __STDC_WANT_LIB_EXT2__ 1
| #define __STDC_WANT_MATH_SPEC_FUNCS__ 1
| #define _TANDEM_SOURCE 1
| #define __EXTENSIONS__ 1
| #define _LINUX_SOURCE_COMPAT 1
| #define __USE_MINGW_ANSI_STDIO 1
| #define HAVE_FCHMOD 1
| #define HAVE_BTOWC 1
| #define HAVE_MBRTOWC 1
| #define HAVE_MBSINIT 1
| #define HAVE_REALPATH 1
| #define HAVE_LSTAT 1
| #define HAVE_FCNTL 1
| #define HAVE_SYMLINK 1
| #define HAVE_LISTXATTR 1
| #define HAVE_GETDTABLESIZE 1
| #define HAVE_ISWCNTRL 1
| #define HAVE_MPROTECT 1
| #define HAVE_READLINK 1
| #define HAVE_ISBLANK 1
| #define HAVE_ISWCTYPE 1
| #define HAVE_LINK 1
| #define HAVE_VASPRINTF 1
| #define HAVE___XPG_STRERROR_R 1
| #define HAVE_STRTOIMAX 1
| #define HAVE_WCRTOMB 1
| #define HAVE_WCTOB 1
| #define HAVE_FPURGE 1
| #define HAVE_GETTIMEOFDAY 1
| #define HAVE_PIPE 1
| #define HAVE_PSELECT 1
| #define HAVE_PTHREAD_SIGMASK 1
| #define HAVE_SIGPROCMASK 1
| #define HAVE_SETENV 1
| #define HAVE_SLEEP 1
| #define HAVE_SNPRINTF 1
| #define HAVE_SHUTDOWN 1
| #define HAVE_ISATTY 1
| #define HAVE_ISASCII 1
| #define HAVE_MEMCPY 1
| #define HAVE_STRCHR 1
| #define HAVE_STRTOUL 1
| #define HAVE_POPEN 1
| #define HAVE_PATHCONF 1
| #define HAVE_FCHOWN 1
| #define HAVE_SETLOCALE 1
| #define USE_ACL 0
| #define HAVE_ALLOCA_H 1
| #define HAVE_ALLOCA 1
| #define HAVE_WINT_T 1
| #define HAVE_LANGINFO_CODESET 1
| #define BITSIZEOF_WCHAR_T 32
| #define HAVE_MBSTATE_T 1
| #define HAVE_WORKING_MBRTOC32 1
| #define HAVE_WORKING_C32RTOMB 1
| #define HAVE_MALLOC_PTRDIFF 1
| #define HAVE_MALLOC_POSIX 1
| #define LSTAT_FOLLOWS_SLASHED_SYMLINK 1
| #define FUNC_REALPATH_NEARLY_WORKS 1
| #define HAVE_FACCESSAT 1
| #define HAVE_GETCWD 1
| #define HAVE_DECL_STRERROR_R 1
| #define HAVE_STRERROR_R 1
| #define HAVE_WORKING_O_DIRECTORY 1
| #define HAVE_WORKING_O_NOATIME 1
| #define HAVE_WORKING_O_NOFOLLOW 1
| #define USE_SELINUX_SELINUX_H 0
| #define restrict __restrict__
| #define HAVE_DECL_GETDELIM 1
| #define HAVE_DECL_GETDTABLESIZE 1
| #define HAVE_GETOPT_H 1
| #define HAVE_GETOPT_LONG_ONLY 1
| #define MUSL_LIBC 1
| #define HAVE_PTHREAD_API 1
| #define SETLOCALE_NULL_ALL_MTSAFE 0
| #define SETLOCALE_NULL_ONE_MTSAFE 1
| #define HAVE_WEAK_SYMBOLS 1
| #define HAVE_LONG_LONG_INT 1
| #define HAVE_UNSIGNED_LONG_LONG_INT 1
| #define HAVE_TOWLOWER 1
| #define AVOID_ANY_THREADS 1
| #define HAVE_MALLOC_0_NONNULL 1
| #define HAVE_DECL_MEMEQ 0
| #define HAVE_DECL_MEMRCHR 1
| #define HAVE_MINMAX_IN_SYS_PARAM_H 1
| #define PROMOTED_MODE_T mode_t
| #define HAVE_PTHREAD_T 1
| #define HAVE_PTHREAD_SPINLOCK_T 1
| #define HAVE_DECL_ALARM 1
| #define HAVE_SCHED_H 1
| #define HAVE_DECL_FCLOSEALL 0
| #define HAVE_DECL_GETW 1
| #define HAVE_DECL_PUTW 1
| #define HAVE_DECL_ECVT 1
| #define HAVE_DECL_FCVT 1
| #define HAVE_DECL_GCVT 1
| #define HAVE_DECL_STREQ 0
| #define HAVE_STRERROR_R 1
| #define HAVE_DECL_STRTOIMAX 1
| #define _USE_STD_STAT 1
| #define HAVE_DECL_EXECVPE 1
| #define HAVE_DECL_CLEARERR_UNLOCKED 1
| #define HAVE_DECL_FEOF_UNLOCKED 1
| #define HAVE_DECL_FERROR_UNLOCKED 1
| #define HAVE_DECL_FFLUSH_UNLOCKED 1
| #define HAVE_DECL_FGETS_UNLOCKED 1
| #define HAVE_DECL_FILENO_UNLOCKED 1
| #define HAVE_DECL_FPUTC_UNLOCKED 1
| #define HAVE_DECL_FPUTS_UNLOCKED 1
| #define HAVE_DECL_FREAD_UNLOCKED 1
| #define HAVE_DECL_FWRITE_UNLOCKED 1
| #define HAVE_DECL_GETC_UNLOCKED 1
| #define HAVE_DECL_GETCHAR_UNLOCKED 1
| #define HAVE_DECL_PUTC_UNLOCKED 1
| #define HAVE_DECL_PUTCHAR_UNLOCKED 1
| #define HAVE_DECL_WCSDUP 1
| #define HAVE_SHUTDOWN 1
| #define HAVE_STRUCT_SOCKADDR_STORAGE 1
| #define HAVE_SA_FAMILY_T 1
| #define HAVE_STRUCT_SOCKADDR_STORAGE_SS_FAMILY 1
| #define HAVE_ENVIRON_DECL 1
| #define FUNC_FFLUSH_STDIN 1
| #define HAVE_FREXP 1
| #define HAVE_FREXPL 1
| #define HAVE_DECL_FSEEKO 1
| #define FUNC_FFLUSH_STDIN 1
| #define HAVE_DECL_FTELLO 1
| #define HAVE_USELOCALE 1
| #define HAVE_WORKING_USELOCALE 1
| #define HAVE_GOOD_USELOCALE 1
| #define HAVE_IPV4 1
| #define HAVE_IPV6 1
| #define DBL_EXPBIT0_WORD 1
| #define DBL_EXPBIT0_BIT 20
| #define FLT_EXPBIT0_WORD 0
| #define FLT_EXPBIT0_BIT 23
| #define LDBL_EXPBIT0_WORD 2
| #define LDBL_EXPBIT0_BIT 0
| #define HAVE_LC_MESSAGES 1
| #define HAVE_DECL__PUTENV 0
| #define HAVE_SIGSET_T 1
| #define HAVE_DECL_INITSTATE 1
| #define HAVE_DECL_SETSTATE 1
| #define HAVE_DECL_SETENV 1
| #define HAVE_SEARCH_H 1
| #define HAVE_TSEARCH 1
| #define HAVE_DECL_STRDUP 1
| #define HAVE_DECL_UNSETENV 1
| #define HAVE_C_ALIGNASOF 1
| #define HAVE_ALLOCA 1
| #define HAVE_C_STATIC_ASSERT 1
| #define HAVE_C_BOOL 1
| #define GNULIB_TEST_BTOWC 1
| #define HAVE___BUILTIN_EXPECT 1
| #define GNULIB_TEST_C32ISPRINT 1
| #define GNULIB_TEST_C32ISSPACE 1
| #define GNULIB_TEST_C32RTOMB 1
| #define GNULIB_TEST_C32TOB 1
| #define GNULIB_TEST_C32TOLOWER 1
| #define GNULIB_TEST_C32TOUPPER 1
| #define GNULIB_TEST_CALLOC_GNU 1
| #define GNULIB_TEST_CALLOC_POSIX 1
| #define GNULIB_CANONICALIZE_LGPL 1
| #define GNULIB_TEST_CANONICALIZE_FILE_NAME 1
| #define GNULIB_TEST_REALPATH 1
| #define GNULIB_TEST_CHDIR 1
| #define HAVE_CLOCK_GETRES 1
| #define HAVE_CLOCK_GETTIME 1
| #define HAVE_CLOCK_SETTIME 1
| #define GNULIB_TEST_CLOEXEC 1
| #define GNULIB_TEST_CLOSE 1
| #define GNULIB_CLOSE 1
| #define GNULIB_TEST_DUP2 1
| #define GNULIB_TEST_FCNTL 1
| #define FLEXIBLE_ARRAY_MEMBER /**/
| #define GNULIB_TEST_FREE_POSIX 1
| #define HAVE___FSETERR 1
| #define GNULIB_TEST_FSTAT 1
| #define GNULIB_FSTAT 1
| #define HAVE___FWRITING 1
| #define HAVE_GETDELIM 1
| #define GNULIB_TEST_GETDELIM 1
| #define GNULIB_TEST_GETDTABLESIZE 1
| #define __GETOPT_PREFIX rpl_
| #define GNULIB_TEST_GETOPT_POSIX 1
| #define HAVE_DECL_PROGRAM_INVOCATION_NAME 1
| #define HAVE_DECL_PROGRAM_INVOCATION_NAME 1
| #define HAVE_DECL_PROGRAM_INVOCATION_SHORT_NAME 1
| #define HAVE_DECL___ARGV 0
| #define GNULIB_TEST_GETPROGNAME 1
| #define HAVE_GETRANDOM 1
| #define GNULIB_TEST_GETRANDOM 1
| #define GNULIB_LOCALEDIR "/usr/share/locale"
| #define GNULIB_ISSYMLINK 1
| #define HAVE_ISWBLANK 1
| #define HAVE_DECL_ISWBLANK 1
| #define GNULIB_TEST_ISWBLANK 1
| #define GNULIB_TEST_ISWCTYPE 1
| #define GNULIB_TEST_ISWDIGIT 1
| #define GNULIB_TEST_ISWPUNCT 1
| #define GNULIB_TEST_ISWXDIGIT 1
| #define HAVE___INLINE 1
| #define GNULIB_TEST_LOCALECONV 1
| #define GNULIB_LOCALECONV 1
| #define GNULIB_LOCK 1
| #define GNULIB_TEST_LSTAT 1
| #define GNULIB_LSTAT 1
| #define GNULIB_TEST_MALLOC_GNU 1
| #define GNULIB_TEST_MALLOC_POSIX 1
| #define GNULIB_TEST_MBRTOC32 1
| #define GNULIB_MBRTOC32_REGULAR 1
| #define GNULIB_TEST_MBRTOWC 1
| #define GNULIB_TEST_MBSINIT 1
| #define GNULIB_TEST_MBSZERO 1
| #define HAVE_MBTOWC 1
| #define GNULIB_TEST_MBTOWC 1
| #define GNULIB_TEST_MEMCHR 1
| #define GNULIB_TEST_MEMEQ 1
| #define HAVE_MEMPCPY 1
| #define GNULIB_TEST_MEMPCPY 1
| #define HAVE_MEMRCHR 1
| #define GNULIB_TEST_MEMRCHR 1
| #define GNULIB_TEST_MKDIR 1
| #define HAVE_MKOSTEMP 1
| #define GNULIB_MKOSTEMP 1
| #define GNULIB_TEST_MKOSTEMP 1
| #define GNULIB_MSVC_NOTHROW 1
| #define HAVE_NL_LANGINFO 1
| #define NL_LANGINFO_MTSAFE 1
| #define REPLACE_NL_LANGINFO 1
| #define GNULIB_TEST_NL_LANGINFO 1
| #define GNULIB_TEST_OPEN 1
| #define HAVE_DECL_PROGRAM_INVOCATION_NAME 1
| #define HAVE_DECL_PROGRAM_INVOCATION_SHORT_NAME 1
| #define GNULIB_TEST_PTHREAD_ONCE 1
| #define GNULIB_TEST_RAWMEMCHR 1
| #define GNULIB_TEST_READLINK 1
| #define HAVE_REALLOC_POSIX 1
| #define HAVE_REALLOC_0_NONNULL 1
| #define GNULIB_TEST_REALLOC_POSIX 1
| #define HAVE_REALLOCARRAY 1
| #define GNULIB_REALLOCARRAY 1
| #define GNULIB_TEST_REALLOCARRAY 1
| #define _REGEX_INCLUDE_LIMITS_H 1
| #define _REGEX_LARGE_OFFSETS 1
| #define re_syntax_options rpl_re_syntax_options
| #define re_set_syntax rpl_re_set_syntax
| #define re_compile_pattern rpl_re_compile_pattern
| #define re_compile_fastmap rpl_re_compile_fastmap
| #define re_search rpl_re_search
| #define re_search_2 rpl_re_search_2
| #define re_match rpl_re_match
| #define re_match_2 rpl_re_match_2
| #define re_set_registers rpl_re_set_registers
| #define re_comp rpl_re_comp
| #define re_exec rpl_re_exec
| #define regcomp rpl_regcomp
| #define regexec rpl_regexec
| #define regerror rpl_regerror
| #define regfree rpl_regfree
| #define HAVE_DECL_ISBLANK 1
| #define GNULIB_TEST_RENAME 1
| #define GNULIB_TEST_RMDIR 1
| #define HAVE_VISIBILITY 1
| #define GNULIB_TEST_SETLOCALE_NULL 1
| #define GNULIB_TEST_STAT 1
| #define GNULIB_STAT 1
| #define HAVE_STRUCT_STAT_ST_ATIM_TV_NSEC 1
| #define TYPEOF_STRUCT_STAT_ST_ATIM_IS_STRUCT_TIMESPEC 1
| #define GNULIB_TEST_FSCANF 1
| #define GNULIB_FSCANF 1
| #define GNULIB_TEST_SCANF 1
| #define GNULIB_SCANF 1
| #define GNULIB_TEST_FGETC 1
| #define GNULIB_TEST_GETC 1
| #define GNULIB_TEST_GETCHAR 1
| #define GNULIB_TEST_FGETS 1
| #define GNULIB_TEST_FREAD 1
| #define GNULIB_TEST_FPRINTF 1
| #define GNULIB_TEST_PRINTF 1
| #define GNULIB_TEST_VFPRINTF 1
| #define GNULIB_TEST_VPRINTF 1
| #define GNULIB_TEST_FPUTC 1
| #define GNULIB_TEST_PUTC 1
| #define GNULIB_TEST_PUTCHAR 1
| #define GNULIB_TEST_FPUTS 1
| #define GNULIB_TEST_PUTS 1
| #define GNULIB_TEST_FWRITE 1
| #define GNULIB_TEST_STREQ 1
| #define GNULIB_STRERROR 1
| #define GNULIB_TEST_STRERROR 1
| #define GNULIB_TEST_STRNCPY 1
| #define GNULIB_TEST_STRNUL 1
| #define HAVE_STRTOLL 1
| #define GNULIB_TEST_STRTOLL 1
| #define HAVE_STRVERSCMP 1
| #define GNULIB_TEST_STRVERSCMP 1
| #define GNULIB_TEMPNAME 1
| #define GNULIB_STDIO_SINGLE_THREAD 1
| #define USE_UNLOCKED_IO GNULIB_STDIO_SINGLE_THREAD
| #define HAVE_C_VARARRAYS 1
| #define GNULIB_TEST_WCRTOMB 1
| #define GNULIB_TEST_WCTOB 1
| #define GNULIB_TEST_WCTOMB 1
| #define GNULIB_TEST_WCTYPE 1
| #define GNULIB_XALLOC 1
| #define GNULIB_XALLOC_DIE 1
| #define GNULIB_TEST_ACCEPT 1
| #define GNULIB_ACCEPT IN_SED_GNULIB_TESTS
| #define GNULIB_TEST_BIND 1
| #define GNULIB_BIND IN_SED_GNULIB_TESTS
| #define GNULIB_TEST_BTOC32 1
| #define HAVE_CLOSEDIR 1
| #define GNULIB_TEST_CLOSEDIR 1
| #define GNULIB_TEST_CONNECT 1
| #define GNULIB_CONNECT IN_SED_GNULIB_TESTS
| #define HAVE_DIRFD 1
| #define HAVE_DECL_DIRFD 1
| #define GNULIB_TEST_DIRFD 1
| #define GNULIB_TEST_ENVIRON 1
| #define GNULIB_TEST_FDOPEN 1
| #define FUNC_FFLUSH_STDIN 1
| #define GNULIB_FFLUSH IN_SED_GNULIB_TESTS
| #define GNULIB_TEST_FFLUSH 1
| #define GNULIB_TEST_FOPEN 1
| #define GNULIB_FOPEN_GNU IN_SED_GNULIB_TESTS
| #define GNULIB_TEST_FOPEN_GNU 1
| #define HAVE___FPURGE 1
| #define HAVE_DECL_FPURGE 0
| #define GNULIB_TEST_FPURGE 1
| #define HAVE___FREADING 1
| #define GNULIB_TEST_FREXP 1
| #define GNULIB_TEST_FREXPL 1
| #define GNULIB_TEST_FSEEK 1
| #define FUNC_FFLUSH_STDIN 1
| #define GNULIB_TEST_FSEEKO 1
| #define GNULIB_TEST_FTELL 1
| #define GNULIB_TEST_FTELLO 1
| #define HAVE_FTRUNCATE 1
| #define GNULIB_TEST_FTRUNCATE 1
| #define GNULIB_TEST_GETCWD 1
| #define HAVE_NEWLOCALE 1
| #define HAVE_DUPLOCALE 1
| #define HAVE_FREELOCALE 1
| #define GNULIB_TEST_GETLOCALENAME_L_UNSAFE 1
| #define HAVE_NEWLOCALE 1
| #define HAVE_DUPLOCALE 1
| #define HAVE_FREELOCALE 1
| #define GNULIB_TEST_GETPAGESIZE 1
| #define GETTIMEOFDAY_TIMEZONE void
| #define GNULIB_TEST_GETTIMEOFDAY 1
| #define HAVE_DUPLOCALE 1
| #define HAVE_DECL_INET_PTON 1
| #define HAVE_IOCTL 1
| #define GNULIB_TEST_IOCTL 1
| #define GNULIB_IOCTL IN_SED_GNULIB_TESTS
| #define GNULIB_ISBLANK IN_SED_GNULIB_TESTS
| #define HAVE_ISNAND_IN_LIBC 1
| #define HAVE_ISNANF_IN_LIBC 1
| #define HAVE_ISNANL_IN_LIBC 1
| #define GNULIB_TEST_LINK 1
| #define GNULIB_TEST_LISTEN 1
| #define GNULIB_LISTEN IN_SED_GNULIB_TESTS
| #define HAVE_NEWLOCALE 1
| #define GNULIB_TEST_LOCALENAME_ENVIRON 1
| #define HAVE_NEWLOCALE 1
| #define GNULIB_TEST_LOCALENAME_UNSAFE 1
| /* end confdefs.h.  */
|                           #include <unistd.h>
|                #if defined __APPLE__ && defined __MACH__ && defined SEEK_DATA
|                # ifdef __ENVIRONMENT_MAC_OS_X_VERSION_MIN_REQUIRED__
|                #  include <AvailabilityMacros.h>
|                # endif
|                # if 99990000 <= MAC_OS_X_VERSION_MIN_REQUIRED
|                #  define LSEEK_WORKS_BUT_IS_INCOMPATIBLE_WITH_GNU
|                # endif
|                #endif
|                #ifndef LSEEK_WORKS_BUT_IS_INCOMPATIBLE_WITH_GNU
|                 #error "No need to work around the bug"
|                #endif
| 
configure:50474: result: no
configure:50552: checking for memset_explicit
configure:50589: checking for memset_explicit
configure:50589: gcc -o conftest -g -O2   conftest.c  >&5
/usr/lib/gcc/x86_64-alpine-linux-musl/15.2.0/../../../../x86_64-alpine-linux-musl/bin/ld: /tmp/ccHeIApG.o: in function `main':
/home/sonakrie/Work/testicular_linux/sed/conftest.c:462:(.text.startup+0x5): undefined reference to `memset_explicit'
collect2: error: ld returned 1 exit status
configure:50589: $? = 1
configure: failed program was:
| /* confdefs.h */
| #define PACKAGE_NAME "GNU sed"
| #define PACKAGE_TARNAME "sed"
| #define PACKAGE_VERSION "4.10"
| #define PACKAGE_STRING "GNU sed 4.10"
| #define PACKAGE_BUGREPORT "bug-sed@gnu.org"
| #define PACKAGE_URL "https://www.gnu.org/software/sed/"
| #define PACKAGE "sed"
| #define VERSION "4.10"
| #define HAVE_STDIO_H 1
| #define HAVE_STDLIB_H 1
| #define HAVE_STRING_H 1
| #define HAVE_INTTYPES_H 1
| #define HAVE_STDINT_H 1
| #define HAVE_STRINGS_H 1
| #define HAVE_SYS_STAT_H 1
| #define HAVE_SYS_TYPES_H 1
| #define HAVE_UNISTD_H 1
| #define HAVE_WCHAR_H 1
| #define HAVE_STDBOOL_H 1
| #define HAVE_UCHAR_H 1
| #define HAVE_SYS_PARAM_H 1
| #define HAVE_SYS_SOCKET_H 1
| #define HAVE_DIRENT_H 1
| #define HAVE_LINUX_XATTR_H 1
| #define HAVE_STDIO_EXT_H 1
| #define HAVE_GETOPT_H 1
| #define HAVE_THREADS_H 1
| #define HAVE_LIMITS_H 1
| #define HAVE_WCTYPE_H 1
| #define HAVE_LANGINFO_H 1
| #define HAVE_SYS_MMAN_H 1
| #define HAVE_PTHREAD_H 1
| #define HAVE_MALLOC_H 1
| #define HAVE_SYS_TIME_H 1
| #define HAVE_STDCKDINT_H 1
| #define HAVE_SYS_RANDOM_H 1
| #define HAVE_FEATURES_H 1
| #define HAVE_ARPA_INET_H 1
| #define HAVE_NETDB_H 1
| #define HAVE_NETINET_IN_H 1
| #define HAVE_MATH_H 1
| #define HAVE_SYS_SELECT_H 1
| #define HAVE_SYS_WAIT_H 1
| #define HAVE_SEMAPHORE_H 1
| #define HAVE_SYS_IOCTL_H 1
| #define HAVE_SYS_UN_H 1
| #define HAVE_SYS_UIO_H 1
| #define HAVE_LOCALE_H 1
| #define HAVE_ERRNO_H 1
| #define STDC_HEADERS 1
| #define _ALL_SOURCE 1
| #define _COSMO_SOURCE 1
| #define _DARWIN_C_SOURCE 1
| #define _GNU_SOURCE 1
| #define _HPUX_ALT_XOPEN_SOCKET_API 1
| #define _NETBSD_SOURCE 1
| #define _OPENBSD_SOURCE 1
| #define _POSIX_PTHREAD_SEMANTICS 1
| #define __STDC_WANT_IEC_60559_ATTRIBS_EXT__ 1
| #define __STDC_WANT_IEC_60559_BFP_EXT__ 1
| #define __STDC_WANT_IEC_60559_DFP_EXT__ 1
| #define __STDC_WANT_IEC_60559_EXT__ 1
| #define __STDC_WANT_IEC_60559_FUNCS_EXT__ 1
| #define __STDC_WANT_IEC_60559_TYPES_EXT__ 1
| #define __STDC_WANT_LIB_EXT2__ 1
| #define __STDC_WANT_MATH_SPEC_FUNCS__ 1
| #define _TANDEM_SOURCE 1
| #define __EXTENSIONS__ 1
| #define _LINUX_SOURCE_COMPAT 1
| #define __USE_MINGW_ANSI_STDIO 1
| #define HAVE_FCHMOD 1
| #define HAVE_BTOWC 1
| #define HAVE_MBRTOWC 1
| #define HAVE_MBSINIT 1
| #define HAVE_REALPATH 1
| #define HAVE_LSTAT 1
| #define HAVE_FCNTL 1
| #define HAVE_SYMLINK 1
| #define HAVE_LISTXATTR 1
| #define HAVE_GETDTABLESIZE 1
| #define HAVE_ISWCNTRL 1
| #define HAVE_MPROTECT 1
| #define HAVE_READLINK 1
| #define HAVE_ISBLANK 1
| #define HAVE_ISWCTYPE 1
| #define HAVE_LINK 1
| #define HAVE_VASPRINTF 1
| #define HAVE___XPG_STRERROR_R 1
| #define HAVE_STRTOIMAX 1
| #define HAVE_WCRTOMB 1
| #define HAVE_WCTOB 1
| #define HAVE_FPURGE 1
| #define HAVE_GETTIMEOFDAY 1
| #define HAVE_PIPE 1
| #define HAVE_PSELECT 1
| #define HAVE_PTHREAD_SIGMASK 1
| #define HAVE_SIGPROCMASK 1
| #define HAVE_SETENV 1
| #define HAVE_SLEEP 1
| #define HAVE_SNPRINTF 1
| #define HAVE_SHUTDOWN 1
| #define HAVE_ISATTY 1
| #define HAVE_ISASCII 1
| #define HAVE_MEMCPY 1
| #define HAVE_STRCHR 1
| #define HAVE_STRTOUL 1
| #define HAVE_POPEN 1
| #define HAVE_PATHCONF 1
| #define HAVE_FCHOWN 1
| #define HAVE_SETLOCALE 1
| #define USE_ACL 0
| #define HAVE_ALLOCA_H 1
| #define HAVE_ALLOCA 1
| #define HAVE_WINT_T 1
| #define HAVE_LANGINFO_CODESET 1
| #define BITSIZEOF_WCHAR_T 32
| #define HAVE_MBSTATE_T 1
| #define HAVE_WORKING_MBRTOC32 1
| #define HAVE_WORKING_C32RTOMB 1
| #define HAVE_MALLOC_PTRDIFF 1
| #define HAVE_MALLOC_POSIX 1
| #define LSTAT_FOLLOWS_SLASHED_SYMLINK 1
| #define FUNC_REALPATH_NEARLY_WORKS 1
| #define HAVE_FACCESSAT 1
| #define HAVE_GETCWD 1
| #define HAVE_DECL_STRERROR_R 1
| #define HAVE_STRERROR_R 1
| #define HAVE_WORKING_O_DIRECTORY 1
| #define HAVE_WORKING_O_NOATIME 1
| #define HAVE_WORKING_O_NOFOLLOW 1
| #define USE_SELINUX_SELINUX_H 0
| #define restrict __restrict__
| #define HAVE_DECL_GETDELIM 1
| #define HAVE_DECL_GETDTABLESIZE 1
| #define HAVE_GETOPT_H 1
| #define HAVE_GETOPT_LONG_ONLY 1
| #define MUSL_LIBC 1
| #define HAVE_PTHREAD_API 1
| #define SETLOCALE_NULL_ALL_MTSAFE 0
| #define SETLOCALE_NULL_ONE_MTSAFE 1
| #define HAVE_WEAK_SYMBOLS 1
| #define HAVE_LONG_LONG_INT 1
| #define HAVE_UNSIGNED_LONG_LONG_INT 1
| #define HAVE_TOWLOWER 1
| #define AVOID_ANY_THREADS 1
| #define HAVE_MALLOC_0_NONNULL 1
| #define HAVE_DECL_MEMEQ 0
| #define HAVE_DECL_MEMRCHR 1
| #define HAVE_MINMAX_IN_SYS_PARAM_H 1
| #define PROMOTED_MODE_T mode_t
| #define HAVE_PTHREAD_T 1
| #define HAVE_PTHREAD_SPINLOCK_T 1
| #define HAVE_DECL_ALARM 1
| #define HAVE_SCHED_H 1
| #define HAVE_DECL_FCLOSEALL 0
| #define HAVE_DECL_GETW 1
| #define HAVE_DECL_PUTW 1
| #define HAVE_DECL_ECVT 1
| #define HAVE_DECL_FCVT 1
| #define HAVE_DECL_GCVT 1
| #define HAVE_DECL_STREQ 0
| #define HAVE_STRERROR_R 1
| #define HAVE_DECL_STRTOIMAX 1
| #define _USE_STD_STAT 1
| #define HAVE_DECL_EXECVPE 1
| #define HAVE_DECL_CLEARERR_UNLOCKED 1
| #define HAVE_DECL_FEOF_UNLOCKED 1
| #define HAVE_DECL_FERROR_UNLOCKED 1
| #define HAVE_DECL_FFLUSH_UNLOCKED 1
| #define HAVE_DECL_FGETS_UNLOCKED 1
| #define HAVE_DECL_FILENO_UNLOCKED 1
| #define HAVE_DECL_FPUTC_UNLOCKED 1
| #define HAVE_DECL_FPUTS_UNLOCKED 1
| #define HAVE_DECL_FREAD_UNLOCKED 1
| #define HAVE_DECL_FWRITE_UNLOCKED 1
| #define HAVE_DECL_GETC_UNLOCKED 1
| #define HAVE_DECL_GETCHAR_UNLOCKED 1
| #define HAVE_DECL_PUTC_UNLOCKED 1
| #define HAVE_DECL_PUTCHAR_UNLOCKED 1
| #define HAVE_DECL_WCSDUP 1
| #define HAVE_SHUTDOWN 1
| #define HAVE_STRUCT_SOCKADDR_STORAGE 1
| #define HAVE_SA_FAMILY_T 1
| #define HAVE_STRUCT_SOCKADDR_STORAGE_SS_FAMILY 1
| #define HAVE_ENVIRON_DECL 1
| #define FUNC_FFLUSH_STDIN 1
| #define HAVE_FREXP 1
| #define HAVE_FREXPL 1
| #define HAVE_DECL_FSEEKO 1
| #define FUNC_FFLUSH_STDIN 1
| #define HAVE_DECL_FTELLO 1
| #define HAVE_USELOCALE 1
| #define HAVE_WORKING_USELOCALE 1
| #define HAVE_GOOD_USELOCALE 1
| #define HAVE_IPV4 1
| #define HAVE_IPV6 1
| #define DBL_EXPBIT0_WORD 1
| #define DBL_EXPBIT0_BIT 20
| #define FLT_EXPBIT0_WORD 0
| #define FLT_EXPBIT0_BIT 23
| #define LDBL_EXPBIT0_WORD 2
| #define LDBL_EXPBIT0_BIT 0
| #define HAVE_LC_MESSAGES 1
| #define HAVE_DECL__PUTENV 0
| #define HAVE_SIGSET_T 1
| #define HAVE_DECL_INITSTATE 1
| #define HAVE_DECL_SETSTATE 1
| #define HAVE_DECL_SETENV 1
| #define HAVE_SEARCH_H 1
| #define HAVE_TSEARCH 1
| #define HAVE_DECL_STRDUP 1
| #define HAVE_DECL_UNSETENV 1
| #define HAVE_C_ALIGNASOF 1
| #define HAVE_ALLOCA 1
| #define HAVE_C_STATIC_ASSERT 1
| #define HAVE_C_BOOL 1
| #define GNULIB_TEST_BTOWC 1
| #define HAVE___BUILTIN_EXPECT 1
| #define GNULIB_TEST_C32ISPRINT 1
| #define GNULIB_TEST_C32ISSPACE 1
| #define GNULIB_TEST_C32RTOMB 1
| #define GNULIB_TEST_C32TOB 1
| #define GNULIB_TEST_C32TOLOWER 1
| #define GNULIB_TEST_C32TOUPPER 1
| #define GNULIB_TEST_CALLOC_GNU 1
| #define GNULIB_TEST_CALLOC_POSIX 1
| #define GNULIB_CANONICALIZE_LGPL 1
| #define GNULIB_TEST_CANONICALIZE_FILE_NAME 1
| #define GNULIB_TEST_REALPATH 1
| #define GNULIB_TEST_CHDIR 1
| #define HAVE_CLOCK_GETRES 1
| #define HAVE_CLOCK_GETTIME 1
| #define HAVE_CLOCK_SETTIME 1
| #define GNULIB_TEST_CLOEXEC 1
| #define GNULIB_TEST_CLOSE 1
| #define GNULIB_CLOSE 1
| #define GNULIB_TEST_DUP2 1
| #define GNULIB_TEST_FCNTL 1
| #define FLEXIBLE_ARRAY_MEMBER /**/
| #define GNULIB_TEST_FREE_POSIX 1
| #define HAVE___FSETERR 1
| #define GNULIB_TEST_FSTAT 1
| #define GNULIB_FSTAT 1
| #define HAVE___FWRITING 1
| #define HAVE_GETDELIM 1
| #define GNULIB_TEST_GETDELIM 1
| #define GNULIB_TEST_GETDTABLESIZE 1
| #define __GETOPT_PREFIX rpl_
| #define GNULIB_TEST_GETOPT_POSIX 1
| #define HAVE_DECL_PROGRAM_INVOCATION_NAME 1
| #define HAVE_DECL_PROGRAM_INVOCATION_NAME 1
| #define HAVE_DECL_PROGRAM_INVOCATION_SHORT_NAME 1
| #define HAVE_DECL___ARGV 0
| #define GNULIB_TEST_GETPROGNAME 1
| #define HAVE_GETRANDOM 1
| #define GNULIB_TEST_GETRANDOM 1
| #define GNULIB_LOCALEDIR "/usr/share/locale"
| #define GNULIB_ISSYMLINK 1
| #define HAVE_ISWBLANK 1
| #define HAVE_DECL_ISWBLANK 1
| #define GNULIB_TEST_ISWBLANK 1
| #define GNULIB_TEST_ISWCTYPE 1
| #define GNULIB_TEST_ISWDIGIT 1
| #define GNULIB_TEST_ISWPUNCT 1
| #define GNULIB_TEST_ISWXDIGIT 1
| #define HAVE___INLINE 1
| #define GNULIB_TEST_LOCALECONV 1
| #define GNULIB_LOCALECONV 1
| #define GNULIB_LOCK 1
| #define GNULIB_TEST_LSTAT 1
| #define GNULIB_LSTAT 1
| #define GNULIB_TEST_MALLOC_GNU 1
| #define GNULIB_TEST_MALLOC_POSIX 1
| #define GNULIB_TEST_MBRTOC32 1
| #define GNULIB_MBRTOC32_REGULAR 1
| #define GNULIB_TEST_MBRTOWC 1
| #define GNULIB_TEST_MBSINIT 1
| #define GNULIB_TEST_MBSZERO 1
| #define HAVE_MBTOWC 1
| #define GNULIB_TEST_MBTOWC 1
| #define GNULIB_TEST_MEMCHR 1
| #define GNULIB_TEST_MEMEQ 1
| #define HAVE_MEMPCPY 1
| #define GNULIB_TEST_MEMPCPY 1
| #define HAVE_MEMRCHR 1
| #define GNULIB_TEST_MEMRCHR 1
| #define GNULIB_TEST_MKDIR 1
| #define HAVE_MKOSTEMP 1
| #define GNULIB_MKOSTEMP 1
| #define GNULIB_TEST_MKOSTEMP 1
| #define GNULIB_MSVC_NOTHROW 1
| #define HAVE_NL_LANGINFO 1
| #define NL_LANGINFO_MTSAFE 1
| #define REPLACE_NL_LANGINFO 1
| #define GNULIB_TEST_NL_LANGINFO 1
| #define GNULIB_TEST_OPEN 1
| #define HAVE_DECL_PROGRAM_INVOCATION_NAME 1
| #define HAVE_DECL_PROGRAM_INVOCATION_SHORT_NAME 1
| #define GNULIB_TEST_PTHREAD_ONCE 1
| #define GNULIB_TEST_RAWMEMCHR 1
| #define GNULIB_TEST_READLINK 1
| #define HAVE_REALLOC_POSIX 1
| #define HAVE_REALLOC_0_NONNULL 1
| #define GNULIB_TEST_REALLOC_POSIX 1
| #define HAVE_REALLOCARRAY 1
| #define GNULIB_REALLOCARRAY 1
| #define GNULIB_TEST_REALLOCARRAY 1
| #define _REGEX_INCLUDE_LIMITS_H 1
| #define _REGEX_LARGE_OFFSETS 1
| #define re_syntax_options rpl_re_syntax_options
| #define re_set_syntax rpl_re_set_syntax
| #define re_compile_pattern rpl_re_compile_pattern
| #define re_compile_fastmap rpl_re_compile_fastmap
| #define re_search rpl_re_search
| #define re_search_2 rpl_re_search_2
| #define re_match rpl_re_match
| #define re_match_2 rpl_re_match_2
| #define re_set_registers rpl_re_set_registers
| #define re_comp rpl_re_comp
| #define re_exec rpl_re_exec
| #define regcomp rpl_regcomp
| #define regexec rpl_regexec
| #define regerror rpl_regerror
| #define regfree rpl_regfree
| #define HAVE_DECL_ISBLANK 1
| #define GNULIB_TEST_RENAME 1
| #define GNULIB_TEST_RMDIR 1
| #define HAVE_VISIBILITY 1
| #define GNULIB_TEST_SETLOCALE_NULL 1
| #define GNULIB_TEST_STAT 1
| #define GNULIB_STAT 1
| #define HAVE_STRUCT_STAT_ST_ATIM_TV_NSEC 1
| #define TYPEOF_STRUCT_STAT_ST_ATIM_IS_STRUCT_TIMESPEC 1
| #define GNULIB_TEST_FSCANF 1
| #define GNULIB_FSCANF 1
| #define GNULIB_TEST_SCANF 1
| #define GNULIB_SCANF 1
| #define GNULIB_TEST_FGETC 1
| #define GNULIB_TEST_GETC 1
| #define GNULIB_TEST_GETCHAR 1
| #define GNULIB_TEST_FGETS 1
| #define GNULIB_TEST_FREAD 1
| #define GNULIB_TEST_FPRINTF 1
| #define GNULIB_TEST_PRINTF 1
| #define GNULIB_TEST_VFPRINTF 1
| #define GNULIB_TEST_VPRINTF 1
| #define GNULIB_TEST_FPUTC 1
| #define GNULIB_TEST_PUTC 1
| #define GNULIB_TEST_PUTCHAR 1
| #define GNULIB_TEST_FPUTS 1
| #define GNULIB_TEST_PUTS 1
| #define GNULIB_TEST_FWRITE 1
| #define GNULIB_TEST_STREQ 1
| #define GNULIB_STRERROR 1
| #define GNULIB_TEST_STRERROR 1
| #define GNULIB_TEST_STRNCPY 1
| #define GNULIB_TEST_STRNUL 1
| #define HAVE_STRTOLL 1
| #define GNULIB_TEST_STRTOLL 1
| #define HAVE_STRVERSCMP 1
| #define GNULIB_TEST_STRVERSCMP 1
| #define GNULIB_TEMPNAME 1
| #define GNULIB_STDIO_SINGLE_THREAD 1
| #define USE_UNLOCKED_IO GNULIB_STDIO_SINGLE_THREAD
| #define HAVE_C_VARARRAYS 1
| #define GNULIB_TEST_WCRTOMB 1
| #define GNULIB_TEST_WCTOB 1
| #define GNULIB_TEST_WCTOMB 1
| #define GNULIB_TEST_WCTYPE 1
| #define GNULIB_XALLOC 1
| #define GNULIB_XALLOC_DIE 1
| #define GNULIB_TEST_ACCEPT 1
| #define GNULIB_ACCEPT IN_SED_GNULIB_TESTS
| #define GNULIB_TEST_BIND 1
| #define GNULIB_BIND IN_SED_GNULIB_TESTS
| #define GNULIB_TEST_BTOC32 1
| #define HAVE_CLOSEDIR 1
| #define GNULIB_TEST_CLOSEDIR 1
| #define GNULIB_TEST_CONNECT 1
| #define GNULIB_CONNECT IN_SED_GNULIB_TESTS
| #define HAVE_DIRFD 1
| #define HAVE_DECL_DIRFD 1
| #define GNULIB_TEST_DIRFD 1
| #define GNULIB_TEST_ENVIRON 1
| #define GNULIB_TEST_FDOPEN 1
| #define FUNC_FFLUSH_STDIN 1
| #define GNULIB_FFLUSH IN_SED_GNULIB_TESTS
| #define GNULIB_TEST_FFLUSH 1
| #define GNULIB_TEST_FOPEN 1
| #define GNULIB_FOPEN_GNU IN_SED_GNULIB_TESTS
| #define GNULIB_TEST_FOPEN_GNU 1
| #define HAVE___FPURGE 1
| #define HAVE_DECL_FPURGE 0
| #define GNULIB_TEST_FPURGE 1
| #define HAVE___FREADING 1
| #define GNULIB_TEST_FREXP 1
| #define GNULIB_TEST_FREXPL 1
| #define GNULIB_TEST_FSEEK 1
| #define FUNC_FFLUSH_STDIN 1
| #define GNULIB_TEST_FSEEKO 1
| #define GNULIB_TEST_FTELL 1
| #define GNULIB_TEST_FTELLO 1
| #define HAVE_FTRUNCATE 1
| #define GNULIB_TEST_FTRUNCATE 1
| #define GNULIB_TEST_GETCWD 1
| #define HAVE_NEWLOCALE 1
| #define HAVE_DUPLOCALE 1
| #define HAVE_FREELOCALE 1
| #define GNULIB_TEST_GETLOCALENAME_L_UNSAFE 1
| #define HAVE_NEWLOCALE 1
| #define HAVE_DUPLOCALE 1
| #define HAVE_FREELOCALE 1
| #define GNULIB_TEST_GETPAGESIZE 1
| #define GETTIMEOFDAY_TIMEZONE void
| #define GNULIB_TEST_GETTIMEOFDAY 1
| #define HAVE_DUPLOCALE 1
| #define HAVE_DECL_INET_PTON 1
| #define HAVE_IOCTL 1
| #define GNULIB_TEST_IOCTL 1
| #define GNULIB_IOCTL IN_SED_GNULIB_TESTS
| #define GNULIB_ISBLANK IN_SED_GNULIB_TESTS
| #define HAVE_ISNAND_IN_LIBC 1
| #define HAVE_ISNANF_IN_LIBC 1
| #define HAVE_ISNANL_IN_LIBC 1
| #define GNULIB_TEST_LINK 1
| #define GNULIB_TEST_LISTEN 1
| #define GNULIB_LISTEN IN_SED_GNULIB_TESTS
| #define HAVE_NEWLOCALE 1
| #define GNULIB_TEST_LOCALENAME_ENVIRON 1
| #define HAVE_NEWLOCALE 1
| #define GNULIB_TEST_LOCALENAME_UNSAFE 1
| #define GNULIB_TEST_LSEEK 1
| /* end confdefs.h.  */
| /* Define memset_explicit to an innocuous variant, in case <limits.h> declares memset_explicit.
|    For example, HP-UX 11i <limits.h> declares gettimeofday.  */
| #define memset_explicit innocuous_memset_explicit
| 
| /* System header to define __stub macros and hopefully few prototypes,
|    which can conflict with char memset_explicit (void); below.  */
| 
| #include <limits.h>
| #undef memset_explicit
| 
| /* Override any GCC internal prototype to avoid an error.
|    Use char because int might match the return type of a GCC
|    builtin and then its argument prototype would still apply.  */
| #ifdef __cplusplus
| extern "C"
| #endif
| char memset_explicit (void);
| /* The GNU C library defines this for functions which it implements
|     to always fail with ENOSYS.  Some functions are actually named
|     something starting with __ and the normal name is an alias.  */
| #if defined __stub_memset_explicit || defined __stub___memset_explicit
| choke me
| #endif
| 
| int
| main (void)
| {
| return memset_explicit ();
|   ;
|   return 0;
| }
configure:50589: result: no
configure:50605: result: no
configure:50643: checking for explicit_memset
configure:50643: gcc -o conftest -g -O2   conftest.c  >&5
/usr/lib/gcc/x86_64-alpine-linux-musl/15.2.0/../../../../x86_64-alpine-linux-musl/bin/ld: /tmp/ccoJEfkI.o: in function `main':
/home/sonakrie/Work/testicular_linux/sed/conftest.c:462:(.text.startup+0x5): undefined reference to `explicit_memset'
collect2: error: ld returned 1 exit status
configure:50643: $? = 1
configure: failed program was:
| /* confdefs.h */
| #define PACKAGE_NAME "GNU sed"
| #define PACKAGE_TARNAME "sed"
| #define PACKAGE_VERSION "4.10"
| #define PACKAGE_STRING "GNU sed 4.10"
| #define PACKAGE_BUGREPORT "bug-sed@gnu.org"
| #define PACKAGE_URL "https://www.gnu.org/software/sed/"
| #define PACKAGE "sed"
| #define VERSION "4.10"
| #define HAVE_STDIO_H 1
| #define HAVE_STDLIB_H 1
| #define HAVE_STRING_H 1
| #define HAVE_INTTYPES_H 1
| #define HAVE_STDINT_H 1
| #define HAVE_STRINGS_H 1
| #define HAVE_SYS_STAT_H 1
| #define HAVE_SYS_TYPES_H 1
| #define HAVE_UNISTD_H 1
| #define HAVE_WCHAR_H 1
| #define HAVE_STDBOOL_H 1
| #define HAVE_UCHAR_H 1
| #define HAVE_SYS_PARAM_H 1
| #define HAVE_SYS_SOCKET_H 1
| #define HAVE_DIRENT_H 1
| #define HAVE_LINUX_XATTR_H 1
| #define HAVE_STDIO_EXT_H 1
| #define HAVE_GETOPT_H 1
| #define HAVE_THREADS_H 1
| #define HAVE_LIMITS_H 1
| #define HAVE_WCTYPE_H 1
| #define HAVE_LANGINFO_H 1
| #define HAVE_SYS_MMAN_H 1
| #define HAVE_PTHREAD_H 1
| #define HAVE_MALLOC_H 1
| #define HAVE_SYS_TIME_H 1
| #define HAVE_STDCKDINT_H 1
| #define HAVE_SYS_RANDOM_H 1
| #define HAVE_FEATURES_H 1
| #define HAVE_ARPA_INET_H 1
| #define HAVE_NETDB_H 1
| #define HAVE_NETINET_IN_H 1
| #define HAVE_MATH_H 1
| #define HAVE_SYS_SELECT_H 1
| #define HAVE_SYS_WAIT_H 1
| #define HAVE_SEMAPHORE_H 1
| #define HAVE_SYS_IOCTL_H 1
| #define HAVE_SYS_UN_H 1
| #define HAVE_SYS_UIO_H 1
| #define HAVE_LOCALE_H 1
| #define HAVE_ERRNO_H 1
| #define STDC_HEADERS 1
| #define _ALL_SOURCE 1
| #define _COSMO_SOURCE 1
| #define _DARWIN_C_SOURCE 1
| #define _GNU_SOURCE 1
| #define _HPUX_ALT_XOPEN_SOCKET_API 1
| #define _NETBSD_SOURCE 1
| #define _OPENBSD_SOURCE 1
| #define _POSIX_PTHREAD_SEMANTICS 1
| #define __STDC_WANT_IEC_60559_ATTRIBS_EXT__ 1
| #define __STDC_WANT_IEC_60559_BFP_EXT__ 1
| #define __STDC_WANT_IEC_60559_DFP_EXT__ 1
| #define __STDC_WANT_IEC_60559_EXT__ 1
| #define __STDC_WANT_IEC_60559_FUNCS_EXT__ 1
| #define __STDC_WANT_IEC_60559_TYPES_EXT__ 1
| #define __STDC_WANT_LIB_EXT2__ 1
| #define __STDC_WANT_MATH_SPEC_FUNCS__ 1
| #define _TANDEM_SOURCE 1
| #define __EXTENSIONS__ 1
| #define _LINUX_SOURCE_COMPAT 1
| #define __USE_MINGW_ANSI_STDIO 1
| #define HAVE_FCHMOD 1
| #define HAVE_BTOWC 1
| #define HAVE_MBRTOWC 1
| #define HAVE_MBSINIT 1
| #define HAVE_REALPATH 1
| #define HAVE_LSTAT 1
| #define HAVE_FCNTL 1
| #define HAVE_SYMLINK 1
| #define HAVE_LISTXATTR 1
| #define HAVE_GETDTABLESIZE 1
| #define HAVE_ISWCNTRL 1
| #define HAVE_MPROTECT 1
| #define HAVE_READLINK 1
| #define HAVE_ISBLANK 1
| #define HAVE_ISWCTYPE 1
| #define HAVE_LINK 1
| #define HAVE_VASPRINTF 1
| #define HAVE___XPG_STRERROR_R 1
| #define HAVE_STRTOIMAX 1
| #define HAVE_WCRTOMB 1
| #define HAVE_WCTOB 1
| #define HAVE_FPURGE 1
| #define HAVE_GETTIMEOFDAY 1
| #define HAVE_PIPE 1
| #define HAVE_PSELECT 1
| #define HAVE_PTHREAD_SIGMASK 1
| #define HAVE_SIGPROCMASK 1
| #define HAVE_SETENV 1
| #define HAVE_SLEEP 1
| #define HAVE_SNPRINTF 1
| #define HAVE_SHUTDOWN 1
| #define HAVE_ISATTY 1
| #define HAVE_ISASCII 1
| #define HAVE_MEMCPY 1
| #define HAVE_STRCHR 1
| #define HAVE_STRTOUL 1
| #define HAVE_POPEN 1
| #define HAVE_PATHCONF 1
| #define HAVE_FCHOWN 1
| #define HAVE_SETLOCALE 1
| #define USE_ACL 0
| #define HAVE_ALLOCA_H 1
| #define HAVE_ALLOCA 1
| #define HAVE_WINT_T 1
| #define HAVE_LANGINFO_CODESET 1
| #define BITSIZEOF_WCHAR_T 32
| #define HAVE_MBSTATE_T 1
| #define HAVE_WORKING_MBRTOC32 1
| #define HAVE_WORKING_C32RTOMB 1
| #define HAVE_MALLOC_PTRDIFF 1
| #define HAVE_MALLOC_POSIX 1
| #define LSTAT_FOLLOWS_SLASHED_SYMLINK 1
| #define FUNC_REALPATH_NEARLY_WORKS 1
| #define HAVE_FACCESSAT 1
| #define HAVE_GETCWD 1
| #define HAVE_DECL_STRERROR_R 1
| #define HAVE_STRERROR_R 1
| #define HAVE_WORKING_O_DIRECTORY 1
| #define HAVE_WORKING_O_NOATIME 1
| #define HAVE_WORKING_O_NOFOLLOW 1
| #define USE_SELINUX_SELINUX_H 0
| #define restrict __restrict__
| #define HAVE_DECL_GETDELIM 1
| #define HAVE_DECL_GETDTABLESIZE 1
| #define HAVE_GETOPT_H 1
| #define HAVE_GETOPT_LONG_ONLY 1
| #define MUSL_LIBC 1
| #define HAVE_PTHREAD_API 1
| #define SETLOCALE_NULL_ALL_MTSAFE 0
| #define SETLOCALE_NULL_ONE_MTSAFE 1
| #define HAVE_WEAK_SYMBOLS 1
| #define HAVE_LONG_LONG_INT 1
| #define HAVE_UNSIGNED_LONG_LONG_INT 1
| #define HAVE_TOWLOWER 1
| #define AVOID_ANY_THREADS 1
| #define HAVE_MALLOC_0_NONNULL 1
| #define HAVE_DECL_MEMEQ 0
| #define HAVE_DECL_MEMRCHR 1
| #define HAVE_MINMAX_IN_SYS_PARAM_H 1
| #define PROMOTED_MODE_T mode_t
| #define HAVE_PTHREAD_T 1
| #define HAVE_PTHREAD_SPINLOCK_T 1
| #define HAVE_DECL_ALARM 1
| #define HAVE_SCHED_H 1
| #define HAVE_DECL_FCLOSEALL 0
| #define HAVE_DECL_GETW 1
| #define HAVE_DECL_PUTW 1
| #define HAVE_DECL_ECVT 1
| #define HAVE_DECL_FCVT 1
| #define HAVE_DECL_GCVT 1
| #define HAVE_DECL_STREQ 0
| #define HAVE_STRERROR_R 1
| #define HAVE_DECL_STRTOIMAX 1
| #define _USE_STD_STAT 1
| #define HAVE_DECL_EXECVPE 1
| #define HAVE_DECL_CLEARERR_UNLOCKED 1
| #define HAVE_DECL_FEOF_UNLOCKED 1
| #define HAVE_DECL_FERROR_UNLOCKED 1
| #define HAVE_DECL_FFLUSH_UNLOCKED 1
| #define HAVE_DECL_FGETS_UNLOCKED 1
| #define HAVE_DECL_FILENO_UNLOCKED 1
| #define HAVE_DECL_FPUTC_UNLOCKED 1
| #define HAVE_DECL_FPUTS_UNLOCKED 1
| #define HAVE_DECL_FREAD_UNLOCKED 1
| #define HAVE_DECL_FWRITE_UNLOCKED 1
| #define HAVE_DECL_GETC_UNLOCKED 1
| #define HAVE_DECL_GETCHAR_UNLOCKED 1
| #define HAVE_DECL_PUTC_UNLOCKED 1
| #define HAVE_DECL_PUTCHAR_UNLOCKED 1
| #define HAVE_DECL_WCSDUP 1
| #define HAVE_SHUTDOWN 1
| #define HAVE_STRUCT_SOCKADDR_STORAGE 1
| #define HAVE_SA_FAMILY_T 1
| #define HAVE_STRUCT_SOCKADDR_STORAGE_SS_FAMILY 1
| #define HAVE_ENVIRON_DECL 1
| #define FUNC_FFLUSH_STDIN 1
| #define HAVE_FREXP 1
| #define HAVE_FREXPL 1
| #define HAVE_DECL_FSEEKO 1
| #define FUNC_FFLUSH_STDIN 1
| #define HAVE_DECL_FTELLO 1
| #define HAVE_USELOCALE 1
| #define HAVE_WORKING_USELOCALE 1
| #define HAVE_GOOD_USELOCALE 1
| #define HAVE_IPV4 1
| #define HAVE_IPV6 1
| #define DBL_EXPBIT0_WORD 1
| #define DBL_EXPBIT0_BIT 20
| #define FLT_EXPBIT0_WORD 0
| #define FLT_EXPBIT0_BIT 23
| #define LDBL_EXPBIT0_WORD 2
| #define LDBL_EXPBIT0_BIT 0
| #define HAVE_LC_MESSAGES 1
| #define HAVE_DECL__PUTENV 0
| #define HAVE_SIGSET_T 1
| #define HAVE_DECL_INITSTATE 1
| #define HAVE_DECL_SETSTATE 1
| #define HAVE_DECL_SETENV 1
| #define HAVE_SEARCH_H 1
| #define HAVE_TSEARCH 1
| #define HAVE_DECL_STRDUP 1
| #define HAVE_DECL_UNSETENV 1
| #define HAVE_C_ALIGNASOF 1
| #define HAVE_ALLOCA 1
| #define HAVE_C_STATIC_ASSERT 1
| #define HAVE_C_BOOL 1
| #define GNULIB_TEST_BTOWC 1
| #define HAVE___BUILTIN_EXPECT 1
| #define GNULIB_TEST_C32ISPRINT 1
| #define GNULIB_TEST_C32ISSPACE 1
| #define GNULIB_TEST_C32RTOMB 1
| #define GNULIB_TEST_C32TOB 1
| #define GNULIB_TEST_C32TOLOWER 1
| #define GNULIB_TEST_C32TOUPPER 1
| #define GNULIB_TEST_CALLOC_GNU 1
| #define GNULIB_TEST_CALLOC_POSIX 1
| #define GNULIB_CANONICALIZE_LGPL 1
| #define GNULIB_TEST_CANONICALIZE_FILE_NAME 1
| #define GNULIB_TEST_REALPATH 1
| #define GNULIB_TEST_CHDIR 1
| #define HAVE_CLOCK_GETRES 1
| #define HAVE_CLOCK_GETTIME 1
| #define HAVE_CLOCK_SETTIME 1
| #define GNULIB_TEST_CLOEXEC 1
| #define GNULIB_TEST_CLOSE 1
| #define GNULIB_CLOSE 1
| #define GNULIB_TEST_DUP2 1
| #define GNULIB_TEST_FCNTL 1
| #define FLEXIBLE_ARRAY_MEMBER /**/
| #define GNULIB_TEST_FREE_POSIX 1
| #define HAVE___FSETERR 1
| #define GNULIB_TEST_FSTAT 1
| #define GNULIB_FSTAT 1
| #define HAVE___FWRITING 1
| #define HAVE_GETDELIM 1
| #define GNULIB_TEST_GETDELIM 1
| #define GNULIB_TEST_GETDTABLESIZE 1
| #define __GETOPT_PREFIX rpl_
| #define GNULIB_TEST_GETOPT_POSIX 1
| #define HAVE_DECL_PROGRAM_INVOCATION_NAME 1
| #define HAVE_DECL_PROGRAM_INVOCATION_NAME 1
| #define HAVE_DECL_PROGRAM_INVOCATION_SHORT_NAME 1
| #define HAVE_DECL___ARGV 0
| #define GNULIB_TEST_GETPROGNAME 1
| #define HAVE_GETRANDOM 1
| #define GNULIB_TEST_GETRANDOM 1
| #define GNULIB_LOCALEDIR "/usr/share/locale"
| #define GNULIB_ISSYMLINK 1
| #define HAVE_ISWBLANK 1
| #define HAVE_DECL_ISWBLANK 1
| #define GNULIB_TEST_ISWBLANK 1
| #define GNULIB_TEST_ISWCTYPE 1
| #define GNULIB_TEST_ISWDIGIT 1
| #define GNULIB_TEST_ISWPUNCT 1
| #define GNULIB_TEST_ISWXDIGIT 1
| #define HAVE___INLINE 1
| #define GNULIB_TEST_LOCALECONV 1
| #define GNULIB_LOCALECONV 1
| #define GNULIB_LOCK 1
| #define GNULIB_TEST_LSTAT 1
| #define GNULIB_LSTAT 1
| #define GNULIB_TEST_MALLOC_GNU 1
| #define GNULIB_TEST_MALLOC_POSIX 1
| #define GNULIB_TEST_MBRTOC32 1
| #define GNULIB_MBRTOC32_REGULAR 1
| #define GNULIB_TEST_MBRTOWC 1
| #define GNULIB_TEST_MBSINIT 1
| #define GNULIB_TEST_MBSZERO 1
| #define HAVE_MBTOWC 1
| #define GNULIB_TEST_MBTOWC 1
| #define GNULIB_TEST_MEMCHR 1
| #define GNULIB_TEST_MEMEQ 1
| #define HAVE_MEMPCPY 1
| #define GNULIB_TEST_MEMPCPY 1
| #define HAVE_MEMRCHR 1
| #define GNULIB_TEST_MEMRCHR 1
| #define GNULIB_TEST_MKDIR 1
| #define HAVE_MKOSTEMP 1
| #define GNULIB_MKOSTEMP 1
| #define GNULIB_TEST_MKOSTEMP 1
| #define GNULIB_MSVC_NOTHROW 1
| #define HAVE_NL_LANGINFO 1
| #define NL_LANGINFO_MTSAFE 1
| #define REPLACE_NL_LANGINFO 1
| #define GNULIB_TEST_NL_LANGINFO 1
| #define GNULIB_TEST_OPEN 1
| #define HAVE_DECL_PROGRAM_INVOCATION_NAME 1
| #define HAVE_DECL_PROGRAM_INVOCATION_SHORT_NAME 1
| #define GNULIB_TEST_PTHREAD_ONCE 1
| #define GNULIB_TEST_RAWMEMCHR 1
| #define GNULIB_TEST_READLINK 1
| #define HAVE_REALLOC_POSIX 1
| #define HAVE_REALLOC_0_NONNULL 1
| #define GNULIB_TEST_REALLOC_POSIX 1
| #define HAVE_REALLOCARRAY 1
| #define GNULIB_REALLOCARRAY 1
| #define GNULIB_TEST_REALLOCARRAY 1
| #define _REGEX_INCLUDE_LIMITS_H 1
| #define _REGEX_LARGE_OFFSETS 1
| #define re_syntax_options rpl_re_syntax_options
| #define re_set_syntax rpl_re_set_syntax
| #define re_compile_pattern rpl_re_compile_pattern
| #define re_compile_fastmap rpl_re_compile_fastmap
| #define re_search rpl_re_search
| #define re_search_2 rpl_re_search_2
| #define re_match rpl_re_match
| #define re_match_2 rpl_re_match_2
| #define re_set_registers rpl_re_set_registers
| #define re_comp rpl_re_comp
| #define re_exec rpl_re_exec
| #define regcomp rpl_regcomp
| #define regexec rpl_regexec
| #define regerror rpl_regerror
| #define regfree rpl_regfree
| #define HAVE_DECL_ISBLANK 1
| #define GNULIB_TEST_RENAME 1
| #define GNULIB_TEST_RMDIR 1
| #define HAVE_VISIBILITY 1
| #define GNULIB_TEST_SETLOCALE_NULL 1
| #define GNULIB_TEST_STAT 1
| #define GNULIB_STAT 1
| #define HAVE_STRUCT_STAT_ST_ATIM_TV_NSEC 1
| #define TYPEOF_STRUCT_STAT_ST_ATIM_IS_STRUCT_TIMESPEC 1
| #define GNULIB_TEST_FSCANF 1
| #define GNULIB_FSCANF 1
| #define GNULIB_TEST_SCANF 1
| #define GNULIB_SCANF 1
| #define GNULIB_TEST_FGETC 1
| #define GNULIB_TEST_GETC 1
| #define GNULIB_TEST_GETCHAR 1
| #define GNULIB_TEST_FGETS 1
| #define GNULIB_TEST_FREAD 1
| #define GNULIB_TEST_FPRINTF 1
| #define GNULIB_TEST_PRINTF 1
| #define GNULIB_TEST_VFPRINTF 1
| #define GNULIB_TEST_VPRINTF 1
| #define GNULIB_TEST_FPUTC 1
| #define GNULIB_TEST_PUTC 1
| #define GNULIB_TEST_PUTCHAR 1
| #define GNULIB_TEST_FPUTS 1
| #define GNULIB_TEST_PUTS 1
| #define GNULIB_TEST_FWRITE 1
| #define GNULIB_TEST_STREQ 1
| #define GNULIB_STRERROR 1
| #define GNULIB_TEST_STRERROR 1
| #define GNULIB_TEST_STRNCPY 1
| #define GNULIB_TEST_STRNUL 1
| #define HAVE_STRTOLL 1
| #define GNULIB_TEST_STRTOLL 1
| #define HAVE_STRVERSCMP 1
| #define GNULIB_TEST_STRVERSCMP 1
| #define GNULIB_TEMPNAME 1
| #define GNULIB_STDIO_SINGLE_THREAD 1
| #define USE_UNLOCKED_IO GNULIB_STDIO_SINGLE_THREAD
| #define HAVE_C_VARARRAYS 1
| #define GNULIB_TEST_WCRTOMB 1
| #define GNULIB_TEST_WCTOB 1
| #define GNULIB_TEST_WCTOMB 1
| #define GNULIB_TEST_WCTYPE 1
| #define GNULIB_XALLOC 1
| #define GNULIB_XALLOC_DIE 1
| #define GNULIB_TEST_ACCEPT 1
| #define GNULIB_ACCEPT IN_SED_GNULIB_TESTS
| #define GNULIB_TEST_BIND 1
| #define GNULIB_BIND IN_SED_GNULIB_TESTS
| #define GNULIB_TEST_BTOC32 1
| #define HAVE_CLOSEDIR 1
| #define GNULIB_TEST_CLOSEDIR 1
| #define GNULIB_TEST_CONNECT 1
| #define GNULIB_CONNECT IN_SED_GNULIB_TESTS
| #define HAVE_DIRFD 1
| #define HAVE_DECL_DIRFD 1
| #define GNULIB_TEST_DIRFD 1
| #define GNULIB_TEST_ENVIRON 1
| #define GNULIB_TEST_FDOPEN 1
| #define FUNC_FFLUSH_STDIN 1
| #define GNULIB_FFLUSH IN_SED_GNULIB_TESTS
| #define GNULIB_TEST_FFLUSH 1
| #define GNULIB_TEST_FOPEN 1
| #define GNULIB_FOPEN_GNU IN_SED_GNULIB_TESTS
| #define GNULIB_TEST_FOPEN_GNU 1
| #define HAVE___FPURGE 1
| #define HAVE_DECL_FPURGE 0
| #define GNULIB_TEST_FPURGE 1
| #define HAVE___FREADING 1
| #define GNULIB_TEST_FREXP 1
| #define GNULIB_TEST_FREXPL 1
| #define GNULIB_TEST_FSEEK 1
| #define FUNC_FFLUSH_STDIN 1
| #define GNULIB_TEST_FSEEKO 1
| #define GNULIB_TEST_FTELL 1
| #define GNULIB_TEST_FTELLO 1
| #define HAVE_FTRUNCATE 1
| #define GNULIB_TEST_FTRUNCATE 1
| #define GNULIB_TEST_GETCWD 1
| #define HAVE_NEWLOCALE 1
| #define HAVE_DUPLOCALE 1
| #define HAVE_FREELOCALE 1
| #define GNULIB_TEST_GETLOCALENAME_L_UNSAFE 1
| #define HAVE_NEWLOCALE 1
| #define HAVE_DUPLOCALE 1
| #define HAVE_FREELOCALE 1
| #define GNULIB_TEST_GETPAGESIZE 1
| #define GETTIMEOFDAY_TIMEZONE void
| #define GNULIB_TEST_GETTIMEOFDAY 1
| #define HAVE_DUPLOCALE 1
| #define HAVE_DECL_INET_PTON 1
| #define HAVE_IOCTL 1
| #define GNULIB_TEST_IOCTL 1
| #define GNULIB_IOCTL IN_SED_GNULIB_TESTS
| #define GNULIB_ISBLANK IN_SED_GNULIB_TESTS
| #define HAVE_ISNAND_IN_LIBC 1
| #define HAVE_ISNANF_IN_LIBC 1
| #define HAVE_ISNANL_IN_LIBC 1
| #define GNULIB_TEST_LINK 1
| #define GNULIB_TEST_LISTEN 1
| #define GNULIB_LISTEN IN_SED_GNULIB_TESTS
| #define HAVE_NEWLOCALE 1
| #define GNULIB_TEST_LOCALENAME_ENVIRON 1
| #define HAVE_NEWLOCALE 1
| #define GNULIB_TEST_LOCALENAME_UNSAFE 1
| #define GNULIB_TEST_LSEEK 1
| /* end confdefs.h.  */
| /* Define explicit_memset to an innocuous variant, in case <limits.h> declares explicit_memset.
|    For example, HP-UX 11i <limits.h> declares gettimeofday.  */
| #define explicit_memset innocuous_explicit_memset
| 
| /* System header to define __stub macros and hopefully few prototypes,
|    which can conflict with char explicit_memset (void); below.  */
| 
| #include <limits.h>
| #undef explicit_memset
| 
| /* Override any GCC internal prototype to avoid an error.
|    Use char because int might match the return type of a GCC
|    builtin and then its argument prototype would still apply.  */
| #ifdef __cplusplus
| extern "C"
| #endif
| char explicit_memset (void);
| /* The GNU C library defines this for functions which it implements
|     to always fail with ENOSYS.  Some functions are actually named
|     something starting with __ and the normal name is an alias.  */
| #if defined __stub_explicit_memset || defined __stub___explicit_memset
| choke me
| #endif
| 
| int
| main (void)
| {
| return explicit_memset ();
|   ;
|   return 0;
| }
configure:50643: result: no
configure:50746: checking for mkfifo
configure:50764: gcc -o conftest -g -O2   conftest.c  >&5
configure:50764: $? = 0
configure:50776: result: yes
configure:50785: checking whether mkfifo rejects trailing slashes
configure:50827: gcc -o conftest -g -O2   conftest.c  >&5
configure:50827: $? = 0
configure:50827: ./conftest
configure:50827: $? = 0
configure:50842: result: yes
configure:50907: checking for library containing nanosleep
configure:50943: gcc -o conftest -g -O2   conftest.c  >&5
configure:50943: $? = 0
configure:50965: result: none required
configure:50986: checking for working nanosleep
configure:51078: gcc -o conftest -g -O2   conftest.c  >&5
configure:51078: $? = 0
configure:51078: ./conftest
configure:51078: $? = 6
configure: program exited with status 6
configure: failed program was:
| /* confdefs.h */
| #define PACKAGE_NAME "GNU sed"
| #define PACKAGE_TARNAME "sed"
| #define PACKAGE_VERSION "4.10"
| #define PACKAGE_STRING "GNU sed 4.10"
| #define PACKAGE_BUGREPORT "bug-sed@gnu.org"
| #define PACKAGE_URL "https://www.gnu.org/software/sed/"
| #define PACKAGE "sed"
| #define VERSION "4.10"
| #define HAVE_STDIO_H 1
| #define HAVE_STDLIB_H 1
| #define HAVE_STRING_H 1
| #define HAVE_INTTYPES_H 1
| #define HAVE_STDINT_H 1
| #define HAVE_STRINGS_H 1
| #define HAVE_SYS_STAT_H 1
| #define HAVE_SYS_TYPES_H 1
| #define HAVE_UNISTD_H 1
| #define HAVE_WCHAR_H 1
| #define HAVE_STDBOOL_H 1
| #define HAVE_UCHAR_H 1
| #define HAVE_SYS_PARAM_H 1
| #define HAVE_SYS_SOCKET_H 1
| #define HAVE_DIRENT_H 1
| #define HAVE_LINUX_XATTR_H 1
| #define HAVE_STDIO_EXT_H 1
| #define HAVE_GETOPT_H 1
| #define HAVE_THREADS_H 1
| #define HAVE_LIMITS_H 1
| #define HAVE_WCTYPE_H 1
| #define HAVE_LANGINFO_H 1
| #define HAVE_SYS_MMAN_H 1
| #define HAVE_PTHREAD_H 1
| #define HAVE_MALLOC_H 1
| #define HAVE_SYS_TIME_H 1
| #define HAVE_STDCKDINT_H 1
| #define HAVE_SYS_RANDOM_H 1
| #define HAVE_FEATURES_H 1
| #define HAVE_ARPA_INET_H 1
| #define HAVE_NETDB_H 1
| #define HAVE_NETINET_IN_H 1
| #define HAVE_MATH_H 1
| #define HAVE_SYS_SELECT_H 1
| #define HAVE_SYS_WAIT_H 1
| #define HAVE_SEMAPHORE_H 1
| #define HAVE_SYS_IOCTL_H 1
| #define HAVE_SYS_UN_H 1
| #define HAVE_SYS_UIO_H 1
| #define HAVE_LOCALE_H 1
| #define HAVE_ERRNO_H 1
| #define STDC_HEADERS 1
| #define _ALL_SOURCE 1
| #define _COSMO_SOURCE 1
| #define _DARWIN_C_SOURCE 1
| #define _GNU_SOURCE 1
| #define _HPUX_ALT_XOPEN_SOCKET_API 1
| #define _NETBSD_SOURCE 1
| #define _OPENBSD_SOURCE 1
| #define _POSIX_PTHREAD_SEMANTICS 1
| #define __STDC_WANT_IEC_60559_ATTRIBS_EXT__ 1
| #define __STDC_WANT_IEC_60559_BFP_EXT__ 1
| #define __STDC_WANT_IEC_60559_DFP_EXT__ 1
| #define __STDC_WANT_IEC_60559_EXT__ 1
| #define __STDC_WANT_IEC_60559_FUNCS_EXT__ 1
| #define __STDC_WANT_IEC_60559_TYPES_EXT__ 1
| #define __STDC_WANT_LIB_EXT2__ 1
| #define __STDC_WANT_MATH_SPEC_FUNCS__ 1
| #define _TANDEM_SOURCE 1
| #define __EXTENSIONS__ 1
| #define _LINUX_SOURCE_COMPAT 1
| #define __USE_MINGW_ANSI_STDIO 1
| #define HAVE_FCHMOD 1
| #define HAVE_BTOWC 1
| #define HAVE_MBRTOWC 1
| #define HAVE_MBSINIT 1
| #define HAVE_REALPATH 1
| #define HAVE_LSTAT 1
| #define HAVE_FCNTL 1
| #define HAVE_SYMLINK 1
| #define HAVE_LISTXATTR 1
| #define HAVE_GETDTABLESIZE 1
| #define HAVE_ISWCNTRL 1
| #define HAVE_MPROTECT 1
| #define HAVE_READLINK 1
| #define HAVE_ISBLANK 1
| #define HAVE_ISWCTYPE 1
| #define HAVE_LINK 1
| #define HAVE_VASPRINTF 1
| #define HAVE___XPG_STRERROR_R 1
| #define HAVE_STRTOIMAX 1
| #define HAVE_WCRTOMB 1
| #define HAVE_WCTOB 1
| #define HAVE_FPURGE 1
| #define HAVE_GETTIMEOFDAY 1
| #define HAVE_PIPE 1
| #define HAVE_PSELECT 1
| #define HAVE_PTHREAD_SIGMASK 1
| #define HAVE_SIGPROCMASK 1
| #define HAVE_SETENV 1
| #define HAVE_SLEEP 1
| #define HAVE_SNPRINTF 1
| #define HAVE_SHUTDOWN 1
| #define HAVE_ISATTY 1
| #define HAVE_ISASCII 1
| #define HAVE_MEMCPY 1
| #define HAVE_STRCHR 1
| #define HAVE_STRTOUL 1
| #define HAVE_POPEN 1
| #define HAVE_PATHCONF 1
| #define HAVE_FCHOWN 1
| #define HAVE_SETLOCALE 1
| #define USE_ACL 0
| #define HAVE_ALLOCA_H 1
| #define HAVE_ALLOCA 1
| #define HAVE_WINT_T 1
| #define HAVE_LANGINFO_CODESET 1
| #define BITSIZEOF_WCHAR_T 32
| #define HAVE_MBSTATE_T 1
| #define HAVE_WORKING_MBRTOC32 1
| #define HAVE_WORKING_C32RTOMB 1
| #define HAVE_MALLOC_PTRDIFF 1
| #define HAVE_MALLOC_POSIX 1
| #define LSTAT_FOLLOWS_SLASHED_SYMLINK 1
| #define FUNC_REALPATH_NEARLY_WORKS 1
| #define HAVE_FACCESSAT 1
| #define HAVE_GETCWD 1
| #define HAVE_DECL_STRERROR_R 1
| #define HAVE_STRERROR_R 1
| #define HAVE_WORKING_O_DIRECTORY 1
| #define HAVE_WORKING_O_NOATIME 1
| #define HAVE_WORKING_O_NOFOLLOW 1
| #define USE_SELINUX_SELINUX_H 0
| #define restrict __restrict__
| #define HAVE_DECL_GETDELIM 1
| #define HAVE_DECL_GETDTABLESIZE 1
| #define HAVE_GETOPT_H 1
| #define HAVE_GETOPT_LONG_ONLY 1
| #define MUSL_LIBC 1
| #define HAVE_PTHREAD_API 1
| #define SETLOCALE_NULL_ALL_MTSAFE 0
| #define SETLOCALE_NULL_ONE_MTSAFE 1
| #define HAVE_WEAK_SYMBOLS 1
| #define HAVE_LONG_LONG_INT 1
| #define HAVE_UNSIGNED_LONG_LONG_INT 1
| #define HAVE_TOWLOWER 1
| #define AVOID_ANY_THREADS 1
| #define HAVE_MALLOC_0_NONNULL 1
| #define HAVE_DECL_MEMEQ 0
| #define HAVE_DECL_MEMRCHR 1
| #define HAVE_MINMAX_IN_SYS_PARAM_H 1
| #define PROMOTED_MODE_T mode_t
| #define HAVE_PTHREAD_T 1
| #define HAVE_PTHREAD_SPINLOCK_T 1
| #define HAVE_DECL_ALARM 1
| #define HAVE_SCHED_H 1
| #define HAVE_DECL_FCLOSEALL 0
| #define HAVE_DECL_GETW 1
| #define HAVE_DECL_PUTW 1
| #define HAVE_DECL_ECVT 1
| #define HAVE_DECL_FCVT 1
| #define HAVE_DECL_GCVT 1
| #define HAVE_DECL_STREQ 0
| #define HAVE_STRERROR_R 1
| #define HAVE_DECL_STRTOIMAX 1
| #define _USE_STD_STAT 1
| #define HAVE_DECL_EXECVPE 1
| #define HAVE_DECL_CLEARERR_UNLOCKED 1
| #define HAVE_DECL_FEOF_UNLOCKED 1
| #define HAVE_DECL_FERROR_UNLOCKED 1
| #define HAVE_DECL_FFLUSH_UNLOCKED 1
| #define HAVE_DECL_FGETS_UNLOCKED 1
| #define HAVE_DECL_FILENO_UNLOCKED 1
| #define HAVE_DECL_FPUTC_UNLOCKED 1
| #define HAVE_DECL_FPUTS_UNLOCKED 1
| #define HAVE_DECL_FREAD_UNLOCKED 1
| #define HAVE_DECL_FWRITE_UNLOCKED 1
| #define HAVE_DECL_GETC_UNLOCKED 1
| #define HAVE_DECL_GETCHAR_UNLOCKED 1
| #define HAVE_DECL_PUTC_UNLOCKED 1
| #define HAVE_DECL_PUTCHAR_UNLOCKED 1
| #define HAVE_DECL_WCSDUP 1
| #define HAVE_SHUTDOWN 1
| #define HAVE_STRUCT_SOCKADDR_STORAGE 1
| #define HAVE_SA_FAMILY_T 1
| #define HAVE_STRUCT_SOCKADDR_STORAGE_SS_FAMILY 1
| #define HAVE_ENVIRON_DECL 1
| #define FUNC_FFLUSH_STDIN 1
| #define HAVE_FREXP 1
| #define HAVE_FREXPL 1
| #define HAVE_DECL_FSEEKO 1
| #define FUNC_FFLUSH_STDIN 1
| #define HAVE_DECL_FTELLO 1
| #define HAVE_USELOCALE 1
| #define HAVE_WORKING_USELOCALE 1
| #define HAVE_GOOD_USELOCALE 1
| #define HAVE_IPV4 1
| #define HAVE_IPV6 1
| #define DBL_EXPBIT0_WORD 1
| #define DBL_EXPBIT0_BIT 20
| #define FLT_EXPBIT0_WORD 0
| #define FLT_EXPBIT0_BIT 23
| #define LDBL_EXPBIT0_WORD 2
| #define LDBL_EXPBIT0_BIT 0
| #define HAVE_LC_MESSAGES 1
| #define HAVE_DECL__PUTENV 0
| #define HAVE_SIGSET_T 1
| #define HAVE_DECL_INITSTATE 1
| #define HAVE_DECL_SETSTATE 1
| #define HAVE_DECL_SETENV 1
| #define HAVE_SEARCH_H 1
| #define HAVE_TSEARCH 1
| #define HAVE_DECL_STRDUP 1
| #define HAVE_DECL_UNSETENV 1
| #define HAVE_C_ALIGNASOF 1
| #define HAVE_ALLOCA 1
| #define HAVE_C_STATIC_ASSERT 1
| #define HAVE_C_BOOL 1
| #define GNULIB_TEST_BTOWC 1
| #define HAVE___BUILTIN_EXPECT 1
| #define GNULIB_TEST_C32ISPRINT 1
| #define GNULIB_TEST_C32ISSPACE 1
| #define GNULIB_TEST_C32RTOMB 1
| #define GNULIB_TEST_C32TOB 1
| #define GNULIB_TEST_C32TOLOWER 1
| #define GNULIB_TEST_C32TOUPPER 1
| #define GNULIB_TEST_CALLOC_GNU 1
| #define GNULIB_TEST_CALLOC_POSIX 1
| #define GNULIB_CANONICALIZE_LGPL 1
| #define GNULIB_TEST_CANONICALIZE_FILE_NAME 1
| #define GNULIB_TEST_REALPATH 1
| #define GNULIB_TEST_CHDIR 1
| #define HAVE_CLOCK_GETRES 1
| #define HAVE_CLOCK_GETTIME 1
| #define HAVE_CLOCK_SETTIME 1
| #define GNULIB_TEST_CLOEXEC 1
| #define GNULIB_TEST_CLOSE 1
| #define GNULIB_CLOSE 1
| #define GNULIB_TEST_DUP2 1
| #define GNULIB_TEST_FCNTL 1
| #define FLEXIBLE_ARRAY_MEMBER /**/
| #define GNULIB_TEST_FREE_POSIX 1
| #define HAVE___FSETERR 1
| #define GNULIB_TEST_FSTAT 1
| #define GNULIB_FSTAT 1
| #define HAVE___FWRITING 1
| #define HAVE_GETDELIM 1
| #define GNULIB_TEST_GETDELIM 1
| #define GNULIB_TEST_GETDTABLESIZE 1
| #define __GETOPT_PREFIX rpl_
| #define GNULIB_TEST_GETOPT_POSIX 1
| #define HAVE_DECL_PROGRAM_INVOCATION_NAME 1
| #define HAVE_DECL_PROGRAM_INVOCATION_NAME 1
| #define HAVE_DECL_PROGRAM_INVOCATION_SHORT_NAME 1
| #define HAVE_DECL___ARGV 0
| #define GNULIB_TEST_GETPROGNAME 1
| #define HAVE_GETRANDOM 1
| #define GNULIB_TEST_GETRANDOM 1
| #define GNULIB_LOCALEDIR "/usr/share/locale"
| #define GNULIB_ISSYMLINK 1
| #define HAVE_ISWBLANK 1
| #define HAVE_DECL_ISWBLANK 1
| #define GNULIB_TEST_ISWBLANK 1
| #define GNULIB_TEST_ISWCTYPE 1
| #define GNULIB_TEST_ISWDIGIT 1
| #define GNULIB_TEST_ISWPUNCT 1
| #define GNULIB_TEST_ISWXDIGIT 1
| #define HAVE___INLINE 1
| #define GNULIB_TEST_LOCALECONV 1
| #define GNULIB_LOCALECONV 1
| #define GNULIB_LOCK 1
| #define GNULIB_TEST_LSTAT 1
| #define GNULIB_LSTAT 1
| #define GNULIB_TEST_MALLOC_GNU 1
| #define GNULIB_TEST_MALLOC_POSIX 1
| #define GNULIB_TEST_MBRTOC32 1
| #define GNULIB_MBRTOC32_REGULAR 1
| #define GNULIB_TEST_MBRTOWC 1
| #define GNULIB_TEST_MBSINIT 1
| #define GNULIB_TEST_MBSZERO 1
| #define HAVE_MBTOWC 1
| #define GNULIB_TEST_MBTOWC 1
| #define GNULIB_TEST_MEMCHR 1
| #define GNULIB_TEST_MEMEQ 1
| #define HAVE_MEMPCPY 1
| #define GNULIB_TEST_MEMPCPY 1
| #define HAVE_MEMRCHR 1
| #define GNULIB_TEST_MEMRCHR 1
| #define GNULIB_TEST_MKDIR 1
| #define HAVE_MKOSTEMP 1
| #define GNULIB_MKOSTEMP 1
| #define GNULIB_TEST_MKOSTEMP 1
| #define GNULIB_MSVC_NOTHROW 1
| #define HAVE_NL_LANGINFO 1
| #define NL_LANGINFO_MTSAFE 1
| #define REPLACE_NL_LANGINFO 1
| #define GNULIB_TEST_NL_LANGINFO 1
| #define GNULIB_TEST_OPEN 1
| #define HAVE_DECL_PROGRAM_INVOCATION_NAME 1
| #define HAVE_DECL_PROGRAM_INVOCATION_SHORT_NAME 1
| #define GNULIB_TEST_PTHREAD_ONCE 1
| #define GNULIB_TEST_RAWMEMCHR 1
| #define GNULIB_TEST_READLINK 1
| #define HAVE_REALLOC_POSIX 1
| #define HAVE_REALLOC_0_NONNULL 1
| #define GNULIB_TEST_REALLOC_POSIX 1
| #define HAVE_REALLOCARRAY 1
| #define GNULIB_REALLOCARRAY 1
| #define GNULIB_TEST_REALLOCARRAY 1
| #define _REGEX_INCLUDE_LIMITS_H 1
| #define _REGEX_LARGE_OFFSETS 1
| #define re_syntax_options rpl_re_syntax_options
| #define re_set_syntax rpl_re_set_syntax
| #define re_compile_pattern rpl_re_compile_pattern
| #define re_compile_fastmap rpl_re_compile_fastmap
| #define re_search rpl_re_search
| #define re_search_2 rpl_re_search_2
| #define re_match rpl_re_match
| #define re_match_2 rpl_re_match_2
| #define re_set_registers rpl_re_set_registers
| #define re_comp rpl_re_comp
| #define re_exec rpl_re_exec
| #define regcomp rpl_regcomp
| #define regexec rpl_regexec
| #define regerror rpl_regerror
| #define regfree rpl_regfree
| #define HAVE_DECL_ISBLANK 1
| #define GNULIB_TEST_RENAME 1
| #define GNULIB_TEST_RMDIR 1
| #define HAVE_VISIBILITY 1
| #define GNULIB_TEST_SETLOCALE_NULL 1
| #define GNULIB_TEST_STAT 1
| #define GNULIB_STAT 1
| #define HAVE_STRUCT_STAT_ST_ATIM_TV_NSEC 1
| #define TYPEOF_STRUCT_STAT_ST_ATIM_IS_STRUCT_TIMESPEC 1
| #define GNULIB_TEST_FSCANF 1
| #define GNULIB_FSCANF 1
| #define GNULIB_TEST_SCANF 1
| #define GNULIB_SCANF 1
| #define GNULIB_TEST_FGETC 1
| #define GNULIB_TEST_GETC 1
| #define GNULIB_TEST_GETCHAR 1
| #define GNULIB_TEST_FGETS 1
| #define GNULIB_TEST_FREAD 1
| #define GNULIB_TEST_FPRINTF 1
| #define GNULIB_TEST_PRINTF 1
| #define GNULIB_TEST_VFPRINTF 1
| #define GNULIB_TEST_VPRINTF 1
| #define GNULIB_TEST_FPUTC 1
| #define GNULIB_TEST_PUTC 1
| #define GNULIB_TEST_PUTCHAR 1
| #define GNULIB_TEST_FPUTS 1
| #define GNULIB_TEST_PUTS 1
| #define GNULIB_TEST_FWRITE 1
| #define GNULIB_TEST_STREQ 1
| #define GNULIB_STRERROR 1
| #define GNULIB_TEST_STRERROR 1
| #define GNULIB_TEST_STRNCPY 1
| #define GNULIB_TEST_STRNUL 1
| #define HAVE_STRTOLL 1
| #define GNULIB_TEST_STRTOLL 1
| #define HAVE_STRVERSCMP 1
| #define GNULIB_TEST_STRVERSCMP 1
| #define GNULIB_TEMPNAME 1
| #define GNULIB_STDIO_SINGLE_THREAD 1
| #define USE_UNLOCKED_IO GNULIB_STDIO_SINGLE_THREAD
| #define HAVE_C_VARARRAYS 1
| #define GNULIB_TEST_WCRTOMB 1
| #define GNULIB_TEST_WCTOB 1
| #define GNULIB_TEST_WCTOMB 1
| #define GNULIB_TEST_WCTYPE 1
| #define GNULIB_XALLOC 1
| #define GNULIB_XALLOC_DIE 1
| #define GNULIB_TEST_ACCEPT 1
| #define GNULIB_ACCEPT IN_SED_GNULIB_TESTS
| #define GNULIB_TEST_BIND 1
| #define GNULIB_BIND IN_SED_GNULIB_TESTS
| #define GNULIB_TEST_BTOC32 1
| #define HAVE_CLOSEDIR 1
| #define GNULIB_TEST_CLOSEDIR 1
| #define GNULIB_TEST_CONNECT 1
| #define GNULIB_CONNECT IN_SED_GNULIB_TESTS
| #define HAVE_DIRFD 1
| #define HAVE_DECL_DIRFD 1
| #define GNULIB_TEST_DIRFD 1
| #define GNULIB_TEST_ENVIRON 1
| #define GNULIB_TEST_FDOPEN 1
| #define FUNC_FFLUSH_STDIN 1
| #define GNULIB_FFLUSH IN_SED_GNULIB_TESTS
| #define GNULIB_TEST_FFLUSH 1
| #define GNULIB_TEST_FOPEN 1
| #define GNULIB_FOPEN_GNU IN_SED_GNULIB_TESTS
| #define GNULIB_TEST_FOPEN_GNU 1
| #define HAVE___FPURGE 1
| #define HAVE_DECL_FPURGE 0
| #define GNULIB_TEST_FPURGE 1
| #define HAVE___FREADING 1
| #define GNULIB_TEST_FREXP 1
| #define GNULIB_TEST_FREXPL 1
| #define GNULIB_TEST_FSEEK 1
| #define FUNC_FFLUSH_STDIN 1
| #define GNULIB_TEST_FSEEKO 1
| #define GNULIB_TEST_FTELL 1
| #define GNULIB_TEST_FTELLO 1
| #define HAVE_FTRUNCATE 1
| #define GNULIB_TEST_FTRUNCATE 1
| #define GNULIB_TEST_GETCWD 1
| #define HAVE_NEWLOCALE 1
| #define HAVE_DUPLOCALE 1
| #define HAVE_FREELOCALE 1
| #define GNULIB_TEST_GETLOCALENAME_L_UNSAFE 1
| #define HAVE_NEWLOCALE 1
| #define HAVE_DUPLOCALE 1
| #define HAVE_FREELOCALE 1
| #define GNULIB_TEST_GETPAGESIZE 1
| #define GETTIMEOFDAY_TIMEZONE void
| #define GNULIB_TEST_GETTIMEOFDAY 1
| #define HAVE_DUPLOCALE 1
| #define HAVE_DECL_INET_PTON 1
| #define HAVE_IOCTL 1
| #define GNULIB_TEST_IOCTL 1
| #define GNULIB_IOCTL IN_SED_GNULIB_TESTS
| #define GNULIB_ISBLANK IN_SED_GNULIB_TESTS
| #define HAVE_ISNAND_IN_LIBC 1
| #define HAVE_ISNANF_IN_LIBC 1
| #define HAVE_ISNANL_IN_LIBC 1
| #define GNULIB_TEST_LINK 1
| #define GNULIB_TEST_LISTEN 1
| #define GNULIB_LISTEN IN_SED_GNULIB_TESTS
| #define HAVE_NEWLOCALE 1
| #define GNULIB_TEST_LOCALENAME_ENVIRON 1
| #define HAVE_NEWLOCALE 1
| #define GNULIB_TEST_LOCALENAME_UNSAFE 1
| #define GNULIB_TEST_LSEEK 1
| #define GNULIB_TEST_MEMSET_EXPLICIT 1
| #define HAVE_MKFIFO 1
| #define GNULIB_TEST_MKFIFO 1
| /* end confdefs.h.  */
| 
|           #include <errno.h>
|           #include <limits.h>
|           #include <signal.h>
|           #include <time.h>
|           #include <unistd.h>
|           #define TYPE_SIGNED(t) (! ((t) 0 < (t) -1))
|           #define TYPE_MAXIMUM(t)             ((t) (! TYPE_SIGNED (t)                   ? (t) -1                   : ((((t) 1 << (sizeof (t) * CHAR_BIT - 2)) - 1) * 2 + 1)))
| 
|           #if HAVE_DECL_ALARM
|           static void
|           check_for_SIGALRM (int sig)
|           {
|             if (sig != SIGALRM)
|               _exit (1);
|           }
|           #endif
| 
|           int
|           main ()
|           {
|             static struct timespec ts_sleep;
|             static struct timespec ts_remaining;
|             /* Test for major problems first.  */
|             if (! nanosleep)
|               return 2;
|             ts_sleep.tv_sec = 0;
|             ts_sleep.tv_nsec = 1;
|             #if HAVE_DECL_ALARM
|             {
|               static struct sigaction act;
|               act.sa_handler = check_for_SIGALRM;
|               sigemptyset (&act.sa_mask);
|               sigaction (SIGALRM, &act, NULL);
|               alarm (1);
|               if (nanosleep (&ts_sleep, NULL) != 0)
|                 return 3;
|               /* Test for a minor problem: the handling of large arguments.  */
|               ts_sleep.tv_sec = TYPE_MAXIMUM (time_t);
|               ts_sleep.tv_nsec = 999999999;
|               alarm (1);
|               if (nanosleep (&ts_sleep, &ts_remaining) != -1)
|                 return 4;
|               if (errno != EINTR)
|                 return 5;
|               if (ts_remaining.tv_sec <= TYPE_MAXIMUM (time_t) - 10)
|                 return 6;
|             }
|             #else /* A simpler test for native Windows.  */
|             if (nanosleep (&ts_sleep, &ts_remaining) < 0)
|               return 3;
|             /* Test for 32-bit mingw bug: negative nanosecond values do not
|                cause failure.  */
|             ts_sleep.tv_sec = 1;
|             ts_sleep.tv_nsec = -1;
|             if (nanosleep (&ts_sleep, &ts_remaining) != -1)
|               return 7;
|             #endif
|             return 0;
|           }
configure:51097: result: no (mishandles large arguments)
configure:51202: checking whether <netinet/in.h> is self-contained
configure:51220: gcc -c -g -O2  conftest.c >&5
configure:51220: $? = 0
configure:51231: result: yes
configure:51373: checking for uselocale
configure:51426: result: yes
configure:51443: checking whether uselocale works
configure:51488: result: yes
configure:51510: checking for opendir
configure:51510: gcc -o conftest -g -O2   conftest.c  >&5
configure:51510: $? = 0
configure:51510: result: yes
configure:51577: checking whether perror matches strerror
configure:51617: gcc -o conftest -g -O2   conftest.c  >&5
configure:51617: $? = 0
configure:51617: ./conftest
configure:51617: $? = 0
configure:51638: result: yes
configure:51751: checking whether signature of pselect conforms to POSIX
configure:51772: gcc -o conftest -g -O2   conftest.c  >&5
configure:51772: $? = 0
configure:51783: result: yes
configure:51786: checking whether pselect detects invalid fds
configure:51840: gcc -o conftest -g -O2   conftest.c  >&5
configure:51840: $? = 0
configure:51840: ./conftest
configure:51840: $? = 0
configure:51855: result: yes
configure:52006: checking for pthread_mutexattr_getrobust
configure:52027: gcc -o conftest -g -O2   conftest.c  -lpthread >&5
configure:52027: $? = 0
configure:52040: result: yes
configure:52126: checking for pthread_rwlock_init
configure:52165: gcc -o conftest -g -O2   conftest.c  -lpthread >&5
configure:52165: $? = 0
configure:52180: result: yes
configure:52198: checking whether pthread_rwlock_timedrdlock is declared
configure:52198: gcc -c -g -O2   conftest.c >&5
configure:52198: $? = 0
configure:52198: result: yes
configure:52212: checking for reasonable pthread_rwlock wait queue handling
configure:52568: result: guessing yes
configure:52655: checking whether pthread_create exists as a global function
configure:52676: gcc -o conftest -g -O2   conftest.c  -lpthread >&5
configure:52676: $? = 0
configure:52689: result: yes
configure:52743: checking whether pthread_mutex_timedlock is declared
configure:52743: gcc -c -g -O2   conftest.c >&5
configure:52743: $? = 0
configure:52743: result: yes
configure:52749: checking for pthread_mutex_timedlock
configure:52774: gcc -o conftest -g -O2   conftest.c   >&5
configure:52774: $? = 0
configure:52787: result: yes
configure:52843: checking whether pthread_sigmask is a macro
configure:52871: result: no
configure:52970: checking whether pthread_sigmask works without -lpthread
configure:53001: gcc -o conftest -g -O2   conftest.c  >&5
configure:53001: $? = 0
configure:53001: ./conftest
configure:53001: $? = 1
configure: program exited with status 1
configure: failed program was:
| /* confdefs.h */
| #define PACKAGE_NAME "GNU sed"
| #define PACKAGE_TARNAME "sed"
| #define PACKAGE_VERSION "4.10"
| #define PACKAGE_STRING "GNU sed 4.10"
| #define PACKAGE_BUGREPORT "bug-sed@gnu.org"
| #define PACKAGE_URL "https://www.gnu.org/software/sed/"
| #define PACKAGE "sed"
| #define VERSION "4.10"
| #define HAVE_STDIO_H 1
| #define HAVE_STDLIB_H 1
| #define HAVE_STRING_H 1
| #define HAVE_INTTYPES_H 1
| #define HAVE_STDINT_H 1
| #define HAVE_STRINGS_H 1
| #define HAVE_SYS_STAT_H 1
| #define HAVE_SYS_TYPES_H 1
| #define HAVE_UNISTD_H 1
| #define HAVE_WCHAR_H 1
| #define HAVE_STDBOOL_H 1
| #define HAVE_UCHAR_H 1
| #define HAVE_SYS_PARAM_H 1
| #define HAVE_SYS_SOCKET_H 1
| #define HAVE_DIRENT_H 1
| #define HAVE_LINUX_XATTR_H 1
| #define HAVE_STDIO_EXT_H 1
| #define HAVE_GETOPT_H 1
| #define HAVE_THREADS_H 1
| #define HAVE_LIMITS_H 1
| #define HAVE_WCTYPE_H 1
| #define HAVE_LANGINFO_H 1
| #define HAVE_SYS_MMAN_H 1
| #define HAVE_PTHREAD_H 1
| #define HAVE_MALLOC_H 1
| #define HAVE_SYS_TIME_H 1
| #define HAVE_STDCKDINT_H 1
| #define HAVE_SYS_RANDOM_H 1
| #define HAVE_FEATURES_H 1
| #define HAVE_ARPA_INET_H 1
| #define HAVE_NETDB_H 1
| #define HAVE_NETINET_IN_H 1
| #define HAVE_MATH_H 1
| #define HAVE_SYS_SELECT_H 1
| #define HAVE_SYS_WAIT_H 1
| #define HAVE_SEMAPHORE_H 1
| #define HAVE_SYS_IOCTL_H 1
| #define HAVE_SYS_UN_H 1
| #define HAVE_SYS_UIO_H 1
| #define HAVE_LOCALE_H 1
| #define HAVE_ERRNO_H 1
| #define STDC_HEADERS 1
| #define _ALL_SOURCE 1
| #define _COSMO_SOURCE 1
| #define _DARWIN_C_SOURCE 1
| #define _GNU_SOURCE 1
| #define _HPUX_ALT_XOPEN_SOCKET_API 1
| #define _NETBSD_SOURCE 1
| #define _OPENBSD_SOURCE 1
| #define _POSIX_PTHREAD_SEMANTICS 1
| #define __STDC_WANT_IEC_60559_ATTRIBS_EXT__ 1
| #define __STDC_WANT_IEC_60559_BFP_EXT__ 1
| #define __STDC_WANT_IEC_60559_DFP_EXT__ 1
| #define __STDC_WANT_IEC_60559_EXT__ 1
| #define __STDC_WANT_IEC_60559_FUNCS_EXT__ 1
| #define __STDC_WANT_IEC_60559_TYPES_EXT__ 1
| #define __STDC_WANT_LIB_EXT2__ 1
| #define __STDC_WANT_MATH_SPEC_FUNCS__ 1
| #define _TANDEM_SOURCE 1
| #define __EXTENSIONS__ 1
| #define _LINUX_SOURCE_COMPAT 1
| #define __USE_MINGW_ANSI_STDIO 1
| #define HAVE_FCHMOD 1
| #define HAVE_BTOWC 1
| #define HAVE_MBRTOWC 1
| #define HAVE_MBSINIT 1
| #define HAVE_REALPATH 1
| #define HAVE_LSTAT 1
| #define HAVE_FCNTL 1
| #define HAVE_SYMLINK 1
| #define HAVE_LISTXATTR 1
| #define HAVE_GETDTABLESIZE 1
| #define HAVE_ISWCNTRL 1
| #define HAVE_MPROTECT 1
| #define HAVE_READLINK 1
| #define HAVE_ISBLANK 1
| #define HAVE_ISWCTYPE 1
| #define HAVE_LINK 1
| #define HAVE_VASPRINTF 1
| #define HAVE___XPG_STRERROR_R 1
| #define HAVE_STRTOIMAX 1
| #define HAVE_WCRTOMB 1
| #define HAVE_WCTOB 1
| #define HAVE_FPURGE 1
| #define HAVE_GETTIMEOFDAY 1
| #define HAVE_PIPE 1
| #define HAVE_PSELECT 1
| #define HAVE_PTHREAD_SIGMASK 1
| #define HAVE_SIGPROCMASK 1
| #define HAVE_SETENV 1
| #define HAVE_SLEEP 1
| #define HAVE_SNPRINTF 1
| #define HAVE_SHUTDOWN 1
| #define HAVE_ISATTY 1
| #define HAVE_ISASCII 1
| #define HAVE_MEMCPY 1
| #define HAVE_STRCHR 1
| #define HAVE_STRTOUL 1
| #define HAVE_POPEN 1
| #define HAVE_PATHCONF 1
| #define HAVE_FCHOWN 1
| #define HAVE_SETLOCALE 1
| #define USE_ACL 0
| #define HAVE_ALLOCA_H 1
| #define HAVE_ALLOCA 1
| #define HAVE_WINT_T 1
| #define HAVE_LANGINFO_CODESET 1
| #define BITSIZEOF_WCHAR_T 32
| #define HAVE_MBSTATE_T 1
| #define HAVE_WORKING_MBRTOC32 1
| #define HAVE_WORKING_C32RTOMB 1
| #define HAVE_MALLOC_PTRDIFF 1
| #define HAVE_MALLOC_POSIX 1
| #define LSTAT_FOLLOWS_SLASHED_SYMLINK 1
| #define FUNC_REALPATH_NEARLY_WORKS 1
| #define HAVE_FACCESSAT 1
| #define HAVE_GETCWD 1
| #define HAVE_DECL_STRERROR_R 1
| #define HAVE_STRERROR_R 1
| #define HAVE_WORKING_O_DIRECTORY 1
| #define HAVE_WORKING_O_NOATIME 1
| #define HAVE_WORKING_O_NOFOLLOW 1
| #define USE_SELINUX_SELINUX_H 0
| #define restrict __restrict__
| #define HAVE_DECL_GETDELIM 1
| #define HAVE_DECL_GETDTABLESIZE 1
| #define HAVE_GETOPT_H 1
| #define HAVE_GETOPT_LONG_ONLY 1
| #define MUSL_LIBC 1
| #define HAVE_PTHREAD_API 1
| #define SETLOCALE_NULL_ALL_MTSAFE 0
| #define SETLOCALE_NULL_ONE_MTSAFE 1
| #define HAVE_WEAK_SYMBOLS 1
| #define HAVE_LONG_LONG_INT 1
| #define HAVE_UNSIGNED_LONG_LONG_INT 1
| #define HAVE_TOWLOWER 1
| #define AVOID_ANY_THREADS 1
| #define HAVE_MALLOC_0_NONNULL 1
| #define HAVE_DECL_MEMEQ 0
| #define HAVE_DECL_MEMRCHR 1
| #define HAVE_MINMAX_IN_SYS_PARAM_H 1
| #define PROMOTED_MODE_T mode_t
| #define HAVE_PTHREAD_T 1
| #define HAVE_PTHREAD_SPINLOCK_T 1
| #define HAVE_DECL_ALARM 1
| #define HAVE_SCHED_H 1
| #define HAVE_DECL_FCLOSEALL 0
| #define HAVE_DECL_GETW 1
| #define HAVE_DECL_PUTW 1
| #define HAVE_DECL_ECVT 1
| #define HAVE_DECL_FCVT 1
| #define HAVE_DECL_GCVT 1
| #define HAVE_DECL_STREQ 0
| #define HAVE_STRERROR_R 1
| #define HAVE_DECL_STRTOIMAX 1
| #define _USE_STD_STAT 1
| #define HAVE_DECL_EXECVPE 1
| #define HAVE_DECL_CLEARERR_UNLOCKED 1
| #define HAVE_DECL_FEOF_UNLOCKED 1
| #define HAVE_DECL_FERROR_UNLOCKED 1
| #define HAVE_DECL_FFLUSH_UNLOCKED 1
| #define HAVE_DECL_FGETS_UNLOCKED 1
| #define HAVE_DECL_FILENO_UNLOCKED 1
| #define HAVE_DECL_FPUTC_UNLOCKED 1
| #define HAVE_DECL_FPUTS_UNLOCKED 1
| #define HAVE_DECL_FREAD_UNLOCKED 1
| #define HAVE_DECL_FWRITE_UNLOCKED 1
| #define HAVE_DECL_GETC_UNLOCKED 1
| #define HAVE_DECL_GETCHAR_UNLOCKED 1
| #define HAVE_DECL_PUTC_UNLOCKED 1
| #define HAVE_DECL_PUTCHAR_UNLOCKED 1
| #define HAVE_DECL_WCSDUP 1
| #define HAVE_SHUTDOWN 1
| #define HAVE_STRUCT_SOCKADDR_STORAGE 1
| #define HAVE_SA_FAMILY_T 1
| #define HAVE_STRUCT_SOCKADDR_STORAGE_SS_FAMILY 1
| #define HAVE_ENVIRON_DECL 1
| #define FUNC_FFLUSH_STDIN 1
| #define HAVE_FREXP 1
| #define HAVE_FREXPL 1
| #define HAVE_DECL_FSEEKO 1
| #define FUNC_FFLUSH_STDIN 1
| #define HAVE_DECL_FTELLO 1
| #define HAVE_USELOCALE 1
| #define HAVE_WORKING_USELOCALE 1
| #define HAVE_GOOD_USELOCALE 1
| #define HAVE_IPV4 1
| #define HAVE_IPV6 1
| #define DBL_EXPBIT0_WORD 1
| #define DBL_EXPBIT0_BIT 20
| #define FLT_EXPBIT0_WORD 0
| #define FLT_EXPBIT0_BIT 23
| #define LDBL_EXPBIT0_WORD 2
| #define LDBL_EXPBIT0_BIT 0
| #define HAVE_LC_MESSAGES 1
| #define HAVE_DECL__PUTENV 0
| #define HAVE_SIGSET_T 1
| #define HAVE_DECL_INITSTATE 1
| #define HAVE_DECL_SETSTATE 1
| #define HAVE_DECL_SETENV 1
| #define HAVE_SEARCH_H 1
| #define HAVE_TSEARCH 1
| #define HAVE_DECL_STRDUP 1
| #define HAVE_DECL_UNSETENV 1
| #define HAVE_C_ALIGNASOF 1
| #define HAVE_ALLOCA 1
| #define HAVE_C_STATIC_ASSERT 1
| #define HAVE_C_BOOL 1
| #define GNULIB_TEST_BTOWC 1
| #define HAVE___BUILTIN_EXPECT 1
| #define GNULIB_TEST_C32ISPRINT 1
| #define GNULIB_TEST_C32ISSPACE 1
| #define GNULIB_TEST_C32RTOMB 1
| #define GNULIB_TEST_C32TOB 1
| #define GNULIB_TEST_C32TOLOWER 1
| #define GNULIB_TEST_C32TOUPPER 1
| #define GNULIB_TEST_CALLOC_GNU 1
| #define GNULIB_TEST_CALLOC_POSIX 1
| #define GNULIB_CANONICALIZE_LGPL 1
| #define GNULIB_TEST_CANONICALIZE_FILE_NAME 1
| #define GNULIB_TEST_REALPATH 1
| #define GNULIB_TEST_CHDIR 1
| #define HAVE_CLOCK_GETRES 1
| #define HAVE_CLOCK_GETTIME 1
| #define HAVE_CLOCK_SETTIME 1
| #define GNULIB_TEST_CLOEXEC 1
| #define GNULIB_TEST_CLOSE 1
| #define GNULIB_CLOSE 1
| #define GNULIB_TEST_DUP2 1
| #define GNULIB_TEST_FCNTL 1
| #define FLEXIBLE_ARRAY_MEMBER /**/
| #define GNULIB_TEST_FREE_POSIX 1
| #define HAVE___FSETERR 1
| #define GNULIB_TEST_FSTAT 1
| #define GNULIB_FSTAT 1
| #define HAVE___FWRITING 1
| #define HAVE_GETDELIM 1
| #define GNULIB_TEST_GETDELIM 1
| #define GNULIB_TEST_GETDTABLESIZE 1
| #define __GETOPT_PREFIX rpl_
| #define GNULIB_TEST_GETOPT_POSIX 1
| #define HAVE_DECL_PROGRAM_INVOCATION_NAME 1
| #define HAVE_DECL_PROGRAM_INVOCATION_NAME 1
| #define HAVE_DECL_PROGRAM_INVOCATION_SHORT_NAME 1
| #define HAVE_DECL___ARGV 0
| #define GNULIB_TEST_GETPROGNAME 1
| #define HAVE_GETRANDOM 1
| #define GNULIB_TEST_GETRANDOM 1
| #define GNULIB_LOCALEDIR "/usr/share/locale"
| #define GNULIB_ISSYMLINK 1
| #define HAVE_ISWBLANK 1
| #define HAVE_DECL_ISWBLANK 1
| #define GNULIB_TEST_ISWBLANK 1
| #define GNULIB_TEST_ISWCTYPE 1
| #define GNULIB_TEST_ISWDIGIT 1
| #define GNULIB_TEST_ISWPUNCT 1
| #define GNULIB_TEST_ISWXDIGIT 1
| #define HAVE___INLINE 1
| #define GNULIB_TEST_LOCALECONV 1
| #define GNULIB_LOCALECONV 1
| #define GNULIB_LOCK 1
| #define GNULIB_TEST_LSTAT 1
| #define GNULIB_LSTAT 1
| #define GNULIB_TEST_MALLOC_GNU 1
| #define GNULIB_TEST_MALLOC_POSIX 1
| #define GNULIB_TEST_MBRTOC32 1
| #define GNULIB_MBRTOC32_REGULAR 1
| #define GNULIB_TEST_MBRTOWC 1
| #define GNULIB_TEST_MBSINIT 1
| #define GNULIB_TEST_MBSZERO 1
| #define HAVE_MBTOWC 1
| #define GNULIB_TEST_MBTOWC 1
| #define GNULIB_TEST_MEMCHR 1
| #define GNULIB_TEST_MEMEQ 1
| #define HAVE_MEMPCPY 1
| #define GNULIB_TEST_MEMPCPY 1
| #define HAVE_MEMRCHR 1
| #define GNULIB_TEST_MEMRCHR 1
| #define GNULIB_TEST_MKDIR 1
| #define HAVE_MKOSTEMP 1
| #define GNULIB_MKOSTEMP 1
| #define GNULIB_TEST_MKOSTEMP 1
| #define GNULIB_MSVC_NOTHROW 1
| #define HAVE_NL_LANGINFO 1
| #define NL_LANGINFO_MTSAFE 1
| #define REPLACE_NL_LANGINFO 1
| #define GNULIB_TEST_NL_LANGINFO 1
| #define GNULIB_TEST_OPEN 1
| #define HAVE_DECL_PROGRAM_INVOCATION_NAME 1
| #define HAVE_DECL_PROGRAM_INVOCATION_SHORT_NAME 1
| #define GNULIB_TEST_PTHREAD_ONCE 1
| #define GNULIB_TEST_RAWMEMCHR 1
| #define GNULIB_TEST_READLINK 1
| #define HAVE_REALLOC_POSIX 1
| #define HAVE_REALLOC_0_NONNULL 1
| #define GNULIB_TEST_REALLOC_POSIX 1
| #define HAVE_REALLOCARRAY 1
| #define GNULIB_REALLOCARRAY 1
| #define GNULIB_TEST_REALLOCARRAY 1
| #define _REGEX_INCLUDE_LIMITS_H 1
| #define _REGEX_LARGE_OFFSETS 1
| #define re_syntax_options rpl_re_syntax_options
| #define re_set_syntax rpl_re_set_syntax
| #define re_compile_pattern rpl_re_compile_pattern
| #define re_compile_fastmap rpl_re_compile_fastmap
| #define re_search rpl_re_search
| #define re_search_2 rpl_re_search_2
| #define re_match rpl_re_match
| #define re_match_2 rpl_re_match_2
| #define re_set_registers rpl_re_set_registers
| #define re_comp rpl_re_comp
| #define re_exec rpl_re_exec
| #define regcomp rpl_regcomp
| #define regexec rpl_regexec
| #define regerror rpl_regerror
| #define regfree rpl_regfree
| #define HAVE_DECL_ISBLANK 1
| #define GNULIB_TEST_RENAME 1
| #define GNULIB_TEST_RMDIR 1
| #define HAVE_VISIBILITY 1
| #define GNULIB_TEST_SETLOCALE_NULL 1
| #define GNULIB_TEST_STAT 1
| #define GNULIB_STAT 1
| #define HAVE_STRUCT_STAT_ST_ATIM_TV_NSEC 1
| #define TYPEOF_STRUCT_STAT_ST_ATIM_IS_STRUCT_TIMESPEC 1
| #define GNULIB_TEST_FSCANF 1
| #define GNULIB_FSCANF 1
| #define GNULIB_TEST_SCANF 1
| #define GNULIB_SCANF 1
| #define GNULIB_TEST_FGETC 1
| #define GNULIB_TEST_GETC 1
| #define GNULIB_TEST_GETCHAR 1
| #define GNULIB_TEST_FGETS 1
| #define GNULIB_TEST_FREAD 1
| #define GNULIB_TEST_FPRINTF 1
| #define GNULIB_TEST_PRINTF 1
| #define GNULIB_TEST_VFPRINTF 1
| #define GNULIB_TEST_VPRINTF 1
| #define GNULIB_TEST_FPUTC 1
| #define GNULIB_TEST_PUTC 1
| #define GNULIB_TEST_PUTCHAR 1
| #define GNULIB_TEST_FPUTS 1
| #define GNULIB_TEST_PUTS 1
| #define GNULIB_TEST_FWRITE 1
| #define GNULIB_TEST_STREQ 1
| #define GNULIB_STRERROR 1
| #define GNULIB_TEST_STRERROR 1
| #define GNULIB_TEST_STRNCPY 1
| #define GNULIB_TEST_STRNUL 1
| #define HAVE_STRTOLL 1
| #define GNULIB_TEST_STRTOLL 1
| #define HAVE_STRVERSCMP 1
| #define GNULIB_TEST_STRVERSCMP 1
| #define GNULIB_TEMPNAME 1
| #define GNULIB_STDIO_SINGLE_THREAD 1
| #define USE_UNLOCKED_IO GNULIB_STDIO_SINGLE_THREAD
| #define HAVE_C_VARARRAYS 1
| #define GNULIB_TEST_WCRTOMB 1
| #define GNULIB_TEST_WCTOB 1
| #define GNULIB_TEST_WCTOMB 1
| #define GNULIB_TEST_WCTYPE 1
| #define GNULIB_XALLOC 1
| #define GNULIB_XALLOC_DIE 1
| #define GNULIB_TEST_ACCEPT 1
| #define GNULIB_ACCEPT IN_SED_GNULIB_TESTS
| #define GNULIB_TEST_BIND 1
| #define GNULIB_BIND IN_SED_GNULIB_TESTS
| #define GNULIB_TEST_BTOC32 1
| #define HAVE_CLOSEDIR 1
| #define GNULIB_TEST_CLOSEDIR 1
| #define GNULIB_TEST_CONNECT 1
| #define GNULIB_CONNECT IN_SED_GNULIB_TESTS
| #define HAVE_DIRFD 1
| #define HAVE_DECL_DIRFD 1
| #define GNULIB_TEST_DIRFD 1
| #define GNULIB_TEST_ENVIRON 1
| #define GNULIB_TEST_FDOPEN 1
| #define FUNC_FFLUSH_STDIN 1
| #define GNULIB_FFLUSH IN_SED_GNULIB_TESTS
| #define GNULIB_TEST_FFLUSH 1
| #define GNULIB_TEST_FOPEN 1
| #define GNULIB_FOPEN_GNU IN_SED_GNULIB_TESTS
| #define GNULIB_TEST_FOPEN_GNU 1
| #define HAVE___FPURGE 1
| #define HAVE_DECL_FPURGE 0
| #define GNULIB_TEST_FPURGE 1
| #define HAVE___FREADING 1
| #define GNULIB_TEST_FREXP 1
| #define GNULIB_TEST_FREXPL 1
| #define GNULIB_TEST_FSEEK 1
| #define FUNC_FFLUSH_STDIN 1
| #define GNULIB_TEST_FSEEKO 1
| #define GNULIB_TEST_FTELL 1
| #define GNULIB_TEST_FTELLO 1
| #define HAVE_FTRUNCATE 1
| #define GNULIB_TEST_FTRUNCATE 1
| #define GNULIB_TEST_GETCWD 1
| #define HAVE_NEWLOCALE 1
| #define HAVE_DUPLOCALE 1
| #define HAVE_FREELOCALE 1
| #define GNULIB_TEST_GETLOCALENAME_L_UNSAFE 1
| #define HAVE_NEWLOCALE 1
| #define HAVE_DUPLOCALE 1
| #define HAVE_FREELOCALE 1
| #define GNULIB_TEST_GETPAGESIZE 1
| #define GETTIMEOFDAY_TIMEZONE void
| #define GNULIB_TEST_GETTIMEOFDAY 1
| #define HAVE_DUPLOCALE 1
| #define HAVE_DECL_INET_PTON 1
| #define HAVE_IOCTL 1
| #define GNULIB_TEST_IOCTL 1
| #define GNULIB_IOCTL IN_SED_GNULIB_TESTS
| #define GNULIB_ISBLANK IN_SED_GNULIB_TESTS
| #define HAVE_ISNAND_IN_LIBC 1
| #define HAVE_ISNANF_IN_LIBC 1
| #define HAVE_ISNANL_IN_LIBC 1
| #define GNULIB_TEST_LINK 1
| #define GNULIB_TEST_LISTEN 1
| #define GNULIB_LISTEN IN_SED_GNULIB_TESTS
| #define HAVE_NEWLOCALE 1
| #define GNULIB_TEST_LOCALENAME_ENVIRON 1
| #define HAVE_NEWLOCALE 1
| #define GNULIB_TEST_LOCALENAME_UNSAFE 1
| #define GNULIB_TEST_LSEEK 1
| #define GNULIB_TEST_MEMSET_EXPLICIT 1
| #define HAVE_MKFIFO 1
| #define GNULIB_TEST_MKFIFO 1
| #define HAVE_BUG_BIG_NANOSLEEP 1
| #define GNULIB_TEST_NANOSLEEP 1
| #define HAVE_USELOCALE 1
| #define HAVE_WORKING_USELOCALE 1
| #define HAVE_OPENDIR 1
| #define GNULIB_TEST_OPENDIR 1
| #define GNULIB_TEST_PERROR 1
| #define GNULIB_TEST_PIPE 1
| #define GNULIB_TEST_PSELECT 1
| #define GNULIB_TEST_PTHREAD_COND 1
| #define GNULIB_TEST_PTHREAD_MUTEX 1
| #define GNULIB_TEST_PTHREAD_RWLOCK 1
| #define GNULIB_TEST_PTHREAD_THREAD 1
| #define GNULIB_TEST_PTHREAD_MUTEX_TIMEDLOCK 1
| /* end confdefs.h.  */
| 
|                    #include <pthread.h>
|                    #include <signal.h>
|                    #include <stddef.h>
|                    int main ()
|                    {
|                      sigset_t set;
|                      sigemptyset (&set);
|                      return pthread_sigmask (1729, &set, NULL) != 0;
|                    }
configure:53016: result: yes
configure:53029: checking whether pthread_sigmask returns error numbers
configure:53063: gcc -o conftest -g -O2   conftest.c   >&5
configure:53063: $? = 0
configure:53063: ./conftest
configure:53063: $? = 0
configure:53079: result: yes
configure:53143: checking for putenv compatible with GNU and SVID
configure:53192: gcc -o conftest -g -O2   conftest.c  >&5
configure:53192: $? = 0
configure:53192: ./conftest
configure:53192: $? = 0
configure:53207: result: yes
configure:53268: checking for raise
configure:53268: gcc -o conftest -g -O2   conftest.c  >&5
configure:53268: $? = 0
configure:53268: result: yes
configure:53351: checking for random
configure:53369: gcc -o conftest -g -O2   conftest.c  >&5
configure:53369: $? = 0
configure:53381: result: yes
configure:53385: checking for initstate
configure:53422: checking for initstate
configure:53422: gcc -o conftest -g -O2   conftest.c  >&5
configure:53422: $? = 0
configure:53422: result: yes
configure:53438: result: yes
configure:53454: checking for setstate
configure:53491: checking for setstate
configure:53491: gcc -o conftest -g -O2   conftest.c  >&5
configure:53491: $? = 0
configure:53491: result: yes
configure:53507: result: yes
configure:53618: checking for random.h
configure:53618: gcc -c -g -O2  conftest.c >&5
conftest.c:489:10: fatal error: random.h: No such file or directory
  489 | #include <random.h>
      |          ^~~~~~~~~~
compilation terminated.
configure:53618: $? = 1
configure: failed program was:
| /* confdefs.h */
| #define PACKAGE_NAME "GNU sed"
| #define PACKAGE_TARNAME "sed"
| #define PACKAGE_VERSION "4.10"
| #define PACKAGE_STRING "GNU sed 4.10"
| #define PACKAGE_BUGREPORT "bug-sed@gnu.org"
| #define PACKAGE_URL "https://www.gnu.org/software/sed/"
| #define PACKAGE "sed"
| #define VERSION "4.10"
| #define HAVE_STDIO_H 1
| #define HAVE_STDLIB_H 1
| #define HAVE_STRING_H 1
| #define HAVE_INTTYPES_H 1
| #define HAVE_STDINT_H 1
| #define HAVE_STRINGS_H 1
| #define HAVE_SYS_STAT_H 1
| #define HAVE_SYS_TYPES_H 1
| #define HAVE_UNISTD_H 1
| #define HAVE_WCHAR_H 1
| #define HAVE_STDBOOL_H 1
| #define HAVE_UCHAR_H 1
| #define HAVE_SYS_PARAM_H 1
| #define HAVE_SYS_SOCKET_H 1
| #define HAVE_DIRENT_H 1
| #define HAVE_LINUX_XATTR_H 1
| #define HAVE_STDIO_EXT_H 1
| #define HAVE_GETOPT_H 1
| #define HAVE_THREADS_H 1
| #define HAVE_LIMITS_H 1
| #define HAVE_WCTYPE_H 1
| #define HAVE_LANGINFO_H 1
| #define HAVE_SYS_MMAN_H 1
| #define HAVE_PTHREAD_H 1
| #define HAVE_MALLOC_H 1
| #define HAVE_SYS_TIME_H 1
| #define HAVE_STDCKDINT_H 1
| #define HAVE_SYS_RANDOM_H 1
| #define HAVE_FEATURES_H 1
| #define HAVE_ARPA_INET_H 1
| #define HAVE_NETDB_H 1
| #define HAVE_NETINET_IN_H 1
| #define HAVE_MATH_H 1
| #define HAVE_SYS_SELECT_H 1
| #define HAVE_SYS_WAIT_H 1
| #define HAVE_SEMAPHORE_H 1
| #define HAVE_SYS_IOCTL_H 1
| #define HAVE_SYS_UN_H 1
| #define HAVE_SYS_UIO_H 1
| #define HAVE_LOCALE_H 1
| #define HAVE_ERRNO_H 1
| #define STDC_HEADERS 1
| #define _ALL_SOURCE 1
| #define _COSMO_SOURCE 1
| #define _DARWIN_C_SOURCE 1
| #define _GNU_SOURCE 1
| #define _HPUX_ALT_XOPEN_SOCKET_API 1
| #define _NETBSD_SOURCE 1
| #define _OPENBSD_SOURCE 1
| #define _POSIX_PTHREAD_SEMANTICS 1
| #define __STDC_WANT_IEC_60559_ATTRIBS_EXT__ 1
| #define __STDC_WANT_IEC_60559_BFP_EXT__ 1
| #define __STDC_WANT_IEC_60559_DFP_EXT__ 1
| #define __STDC_WANT_IEC_60559_EXT__ 1
| #define __STDC_WANT_IEC_60559_FUNCS_EXT__ 1
| #define __STDC_WANT_IEC_60559_TYPES_EXT__ 1
| #define __STDC_WANT_LIB_EXT2__ 1
| #define __STDC_WANT_MATH_SPEC_FUNCS__ 1
| #define _TANDEM_SOURCE 1
| #define __EXTENSIONS__ 1
| #define _LINUX_SOURCE_COMPAT 1
| #define __USE_MINGW_ANSI_STDIO 1
| #define HAVE_FCHMOD 1
| #define HAVE_BTOWC 1
| #define HAVE_MBRTOWC 1
| #define HAVE_MBSINIT 1
| #define HAVE_REALPATH 1
| #define HAVE_LSTAT 1
| #define HAVE_FCNTL 1
| #define HAVE_SYMLINK 1
| #define HAVE_LISTXATTR 1
| #define HAVE_GETDTABLESIZE 1
| #define HAVE_ISWCNTRL 1
| #define HAVE_MPROTECT 1
| #define HAVE_READLINK 1
| #define HAVE_ISBLANK 1
| #define HAVE_ISWCTYPE 1
| #define HAVE_LINK 1
| #define HAVE_VASPRINTF 1
| #define HAVE___XPG_STRERROR_R 1
| #define HAVE_STRTOIMAX 1
| #define HAVE_WCRTOMB 1
| #define HAVE_WCTOB 1
| #define HAVE_FPURGE 1
| #define HAVE_GETTIMEOFDAY 1
| #define HAVE_PIPE 1
| #define HAVE_PSELECT 1
| #define HAVE_PTHREAD_SIGMASK 1
| #define HAVE_SIGPROCMASK 1
| #define HAVE_SETENV 1
| #define HAVE_SLEEP 1
| #define HAVE_SNPRINTF 1
| #define HAVE_SHUTDOWN 1
| #define HAVE_ISATTY 1
| #define HAVE_ISASCII 1
| #define HAVE_MEMCPY 1
| #define HAVE_STRCHR 1
| #define HAVE_STRTOUL 1
| #define HAVE_POPEN 1
| #define HAVE_PATHCONF 1
| #define HAVE_FCHOWN 1
| #define HAVE_SETLOCALE 1
| #define USE_ACL 0
| #define HAVE_ALLOCA_H 1
| #define HAVE_ALLOCA 1
| #define HAVE_WINT_T 1
| #define HAVE_LANGINFO_CODESET 1
| #define BITSIZEOF_WCHAR_T 32
| #define HAVE_MBSTATE_T 1
| #define HAVE_WORKING_MBRTOC32 1
| #define HAVE_WORKING_C32RTOMB 1
| #define HAVE_MALLOC_PTRDIFF 1
| #define HAVE_MALLOC_POSIX 1
| #define LSTAT_FOLLOWS_SLASHED_SYMLINK 1
| #define FUNC_REALPATH_NEARLY_WORKS 1
| #define HAVE_FACCESSAT 1
| #define HAVE_GETCWD 1
| #define HAVE_DECL_STRERROR_R 1
| #define HAVE_STRERROR_R 1
| #define HAVE_WORKING_O_DIRECTORY 1
| #define HAVE_WORKING_O_NOATIME 1
| #define HAVE_WORKING_O_NOFOLLOW 1
| #define USE_SELINUX_SELINUX_H 0
| #define restrict __restrict__
| #define HAVE_DECL_GETDELIM 1
| #define HAVE_DECL_GETDTABLESIZE 1
| #define HAVE_GETOPT_H 1
| #define HAVE_GETOPT_LONG_ONLY 1
| #define MUSL_LIBC 1
| #define HAVE_PTHREAD_API 1
| #define SETLOCALE_NULL_ALL_MTSAFE 0
| #define SETLOCALE_NULL_ONE_MTSAFE 1
| #define HAVE_WEAK_SYMBOLS 1
| #define HAVE_LONG_LONG_INT 1
| #define HAVE_UNSIGNED_LONG_LONG_INT 1
| #define HAVE_TOWLOWER 1
| #define AVOID_ANY_THREADS 1
| #define HAVE_MALLOC_0_NONNULL 1
| #define HAVE_DECL_MEMEQ 0
| #define HAVE_DECL_MEMRCHR 1
| #define HAVE_MINMAX_IN_SYS_PARAM_H 1
| #define PROMOTED_MODE_T mode_t
| #define HAVE_PTHREAD_T 1
| #define HAVE_PTHREAD_SPINLOCK_T 1
| #define HAVE_DECL_ALARM 1
| #define HAVE_SCHED_H 1
| #define HAVE_DECL_FCLOSEALL 0
| #define HAVE_DECL_GETW 1
| #define HAVE_DECL_PUTW 1
| #define HAVE_DECL_ECVT 1
| #define HAVE_DECL_FCVT 1
| #define HAVE_DECL_GCVT 1
| #define HAVE_DECL_STREQ 0
| #define HAVE_STRERROR_R 1
| #define HAVE_DECL_STRTOIMAX 1
| #define _USE_STD_STAT 1
| #define HAVE_DECL_EXECVPE 1
| #define HAVE_DECL_CLEARERR_UNLOCKED 1
| #define HAVE_DECL_FEOF_UNLOCKED 1
| #define HAVE_DECL_FERROR_UNLOCKED 1
| #define HAVE_DECL_FFLUSH_UNLOCKED 1
| #define HAVE_DECL_FGETS_UNLOCKED 1
| #define HAVE_DECL_FILENO_UNLOCKED 1
| #define HAVE_DECL_FPUTC_UNLOCKED 1
| #define HAVE_DECL_FPUTS_UNLOCKED 1
| #define HAVE_DECL_FREAD_UNLOCKED 1
| #define HAVE_DECL_FWRITE_UNLOCKED 1
| #define HAVE_DECL_GETC_UNLOCKED 1
| #define HAVE_DECL_GETCHAR_UNLOCKED 1
| #define HAVE_DECL_PUTC_UNLOCKED 1
| #define HAVE_DECL_PUTCHAR_UNLOCKED 1
| #define HAVE_DECL_WCSDUP 1
| #define HAVE_SHUTDOWN 1
| #define HAVE_STRUCT_SOCKADDR_STORAGE 1
| #define HAVE_SA_FAMILY_T 1
| #define HAVE_STRUCT_SOCKADDR_STORAGE_SS_FAMILY 1
| #define HAVE_ENVIRON_DECL 1
| #define FUNC_FFLUSH_STDIN 1
| #define HAVE_FREXP 1
| #define HAVE_FREXPL 1
| #define HAVE_DECL_FSEEKO 1
| #define FUNC_FFLUSH_STDIN 1
| #define HAVE_DECL_FTELLO 1
| #define HAVE_USELOCALE 1
| #define HAVE_WORKING_USELOCALE 1
| #define HAVE_GOOD_USELOCALE 1
| #define HAVE_IPV4 1
| #define HAVE_IPV6 1
| #define DBL_EXPBIT0_WORD 1
| #define DBL_EXPBIT0_BIT 20
| #define FLT_EXPBIT0_WORD 0
| #define FLT_EXPBIT0_BIT 23
| #define LDBL_EXPBIT0_WORD 2
| #define LDBL_EXPBIT0_BIT 0
| #define HAVE_LC_MESSAGES 1
| #define HAVE_DECL__PUTENV 0
| #define HAVE_SIGSET_T 1
| #define HAVE_DECL_INITSTATE 1
| #define HAVE_DECL_SETSTATE 1
| #define HAVE_DECL_SETENV 1
| #define HAVE_SEARCH_H 1
| #define HAVE_TSEARCH 1
| #define HAVE_DECL_STRDUP 1
| #define HAVE_DECL_UNSETENV 1
| #define HAVE_C_ALIGNASOF 1
| #define HAVE_ALLOCA 1
| #define HAVE_C_STATIC_ASSERT 1
| #define HAVE_C_BOOL 1
| #define GNULIB_TEST_BTOWC 1
| #define HAVE___BUILTIN_EXPECT 1
| #define GNULIB_TEST_C32ISPRINT 1
| #define GNULIB_TEST_C32ISSPACE 1
| #define GNULIB_TEST_C32RTOMB 1
| #define GNULIB_TEST_C32TOB 1
| #define GNULIB_TEST_C32TOLOWER 1
| #define GNULIB_TEST_C32TOUPPER 1
| #define GNULIB_TEST_CALLOC_GNU 1
| #define GNULIB_TEST_CALLOC_POSIX 1
| #define GNULIB_CANONICALIZE_LGPL 1
| #define GNULIB_TEST_CANONICALIZE_FILE_NAME 1
| #define GNULIB_TEST_REALPATH 1
| #define GNULIB_TEST_CHDIR 1
| #define HAVE_CLOCK_GETRES 1
| #define HAVE_CLOCK_GETTIME 1
| #define HAVE_CLOCK_SETTIME 1
| #define GNULIB_TEST_CLOEXEC 1
| #define GNULIB_TEST_CLOSE 1
| #define GNULIB_CLOSE 1
| #define GNULIB_TEST_DUP2 1
| #define GNULIB_TEST_FCNTL 1
| #define FLEXIBLE_ARRAY_MEMBER /**/
| #define GNULIB_TEST_FREE_POSIX 1
| #define HAVE___FSETERR 1
| #define GNULIB_TEST_FSTAT 1
| #define GNULIB_FSTAT 1
| #define HAVE___FWRITING 1
| #define HAVE_GETDELIM 1
| #define GNULIB_TEST_GETDELIM 1
| #define GNULIB_TEST_GETDTABLESIZE 1
| #define __GETOPT_PREFIX rpl_
| #define GNULIB_TEST_GETOPT_POSIX 1
| #define HAVE_DECL_PROGRAM_INVOCATION_NAME 1
| #define HAVE_DECL_PROGRAM_INVOCATION_NAME 1
| #define HAVE_DECL_PROGRAM_INVOCATION_SHORT_NAME 1
| #define HAVE_DECL___ARGV 0
| #define GNULIB_TEST_GETPROGNAME 1
| #define HAVE_GETRANDOM 1
| #define GNULIB_TEST_GETRANDOM 1
| #define GNULIB_LOCALEDIR "/usr/share/locale"
| #define GNULIB_ISSYMLINK 1
| #define HAVE_ISWBLANK 1
| #define HAVE_DECL_ISWBLANK 1
| #define GNULIB_TEST_ISWBLANK 1
| #define GNULIB_TEST_ISWCTYPE 1
| #define GNULIB_TEST_ISWDIGIT 1
| #define GNULIB_TEST_ISWPUNCT 1
| #define GNULIB_TEST_ISWXDIGIT 1
| #define HAVE___INLINE 1
| #define GNULIB_TEST_LOCALECONV 1
| #define GNULIB_LOCALECONV 1
| #define GNULIB_LOCK 1
| #define GNULIB_TEST_LSTAT 1
| #define GNULIB_LSTAT 1
| #define GNULIB_TEST_MALLOC_GNU 1
| #define GNULIB_TEST_MALLOC_POSIX 1
| #define GNULIB_TEST_MBRTOC32 1
| #define GNULIB_MBRTOC32_REGULAR 1
| #define GNULIB_TEST_MBRTOWC 1
| #define GNULIB_TEST_MBSINIT 1
| #define GNULIB_TEST_MBSZERO 1
| #define HAVE_MBTOWC 1
| #define GNULIB_TEST_MBTOWC 1
| #define GNULIB_TEST_MEMCHR 1
| #define GNULIB_TEST_MEMEQ 1
| #define HAVE_MEMPCPY 1
| #define GNULIB_TEST_MEMPCPY 1
| #define HAVE_MEMRCHR 1
| #define GNULIB_TEST_MEMRCHR 1
| #define GNULIB_TEST_MKDIR 1
| #define HAVE_MKOSTEMP 1
| #define GNULIB_MKOSTEMP 1
| #define GNULIB_TEST_MKOSTEMP 1
| #define GNULIB_MSVC_NOTHROW 1
| #define HAVE_NL_LANGINFO 1
| #define NL_LANGINFO_MTSAFE 1
| #define REPLACE_NL_LANGINFO 1
| #define GNULIB_TEST_NL_LANGINFO 1
| #define GNULIB_TEST_OPEN 1
| #define HAVE_DECL_PROGRAM_INVOCATION_NAME 1
| #define HAVE_DECL_PROGRAM_INVOCATION_SHORT_NAME 1
| #define GNULIB_TEST_PTHREAD_ONCE 1
| #define GNULIB_TEST_RAWMEMCHR 1
| #define GNULIB_TEST_READLINK 1
| #define HAVE_REALLOC_POSIX 1
| #define HAVE_REALLOC_0_NONNULL 1
| #define GNULIB_TEST_REALLOC_POSIX 1
| #define HAVE_REALLOCARRAY 1
| #define GNULIB_REALLOCARRAY 1
| #define GNULIB_TEST_REALLOCARRAY 1
| #define _REGEX_INCLUDE_LIMITS_H 1
| #define _REGEX_LARGE_OFFSETS 1
| #define re_syntax_options rpl_re_syntax_options
| #define re_set_syntax rpl_re_set_syntax
| #define re_compile_pattern rpl_re_compile_pattern
| #define re_compile_fastmap rpl_re_compile_fastmap
| #define re_search rpl_re_search
| #define re_search_2 rpl_re_search_2
| #define re_match rpl_re_match
| #define re_match_2 rpl_re_match_2
| #define re_set_registers rpl_re_set_registers
| #define re_comp rpl_re_comp
| #define re_exec rpl_re_exec
| #define regcomp rpl_regcomp
| #define regexec rpl_regexec
| #define regerror rpl_regerror
| #define regfree rpl_regfree
| #define HAVE_DECL_ISBLANK 1
| #define GNULIB_TEST_RENAME 1
| #define GNULIB_TEST_RMDIR 1
| #define HAVE_VISIBILITY 1
| #define GNULIB_TEST_SETLOCALE_NULL 1
| #define GNULIB_TEST_STAT 1
| #define GNULIB_STAT 1
| #define HAVE_STRUCT_STAT_ST_ATIM_TV_NSEC 1
| #define TYPEOF_STRUCT_STAT_ST_ATIM_IS_STRUCT_TIMESPEC 1
| #define GNULIB_TEST_FSCANF 1
| #define GNULIB_FSCANF 1
| #define GNULIB_TEST_SCANF 1
| #define GNULIB_SCANF 1
| #define GNULIB_TEST_FGETC 1
| #define GNULIB_TEST_GETC 1
| #define GNULIB_TEST_GETCHAR 1
| #define GNULIB_TEST_FGETS 1
| #define GNULIB_TEST_FREAD 1
| #define GNULIB_TEST_FPRINTF 1
| #define GNULIB_TEST_PRINTF 1
| #define GNULIB_TEST_VFPRINTF 1
| #define GNULIB_TEST_VPRINTF 1
| #define GNULIB_TEST_FPUTC 1
| #define GNULIB_TEST_PUTC 1
| #define GNULIB_TEST_PUTCHAR 1
| #define GNULIB_TEST_FPUTS 1
| #define GNULIB_TEST_PUTS 1
| #define GNULIB_TEST_FWRITE 1
| #define GNULIB_TEST_STREQ 1
| #define GNULIB_STRERROR 1
| #define GNULIB_TEST_STRERROR 1
| #define GNULIB_TEST_STRNCPY 1
| #define GNULIB_TEST_STRNUL 1
| #define HAVE_STRTOLL 1
| #define GNULIB_TEST_STRTOLL 1
| #define HAVE_STRVERSCMP 1
| #define GNULIB_TEST_STRVERSCMP 1
| #define GNULIB_TEMPNAME 1
| #define GNULIB_STDIO_SINGLE_THREAD 1
| #define USE_UNLOCKED_IO GNULIB_STDIO_SINGLE_THREAD
| #define HAVE_C_VARARRAYS 1
| #define GNULIB_TEST_WCRTOMB 1
| #define GNULIB_TEST_WCTOB 1
| #define GNULIB_TEST_WCTOMB 1
| #define GNULIB_TEST_WCTYPE 1
| #define GNULIB_XALLOC 1
| #define GNULIB_XALLOC_DIE 1
| #define GNULIB_TEST_ACCEPT 1
| #define GNULIB_ACCEPT IN_SED_GNULIB_TESTS
| #define GNULIB_TEST_BIND 1
| #define GNULIB_BIND IN_SED_GNULIB_TESTS
| #define GNULIB_TEST_BTOC32 1
| #define HAVE_CLOSEDIR 1
| #define GNULIB_TEST_CLOSEDIR 1
| #define GNULIB_TEST_CONNECT 1
| #define GNULIB_CONNECT IN_SED_GNULIB_TESTS
| #define HAVE_DIRFD 1
| #define HAVE_DECL_DIRFD 1
| #define GNULIB_TEST_DIRFD 1
| #define GNULIB_TEST_ENVIRON 1
| #define GNULIB_TEST_FDOPEN 1
| #define FUNC_FFLUSH_STDIN 1
| #define GNULIB_FFLUSH IN_SED_GNULIB_TESTS
| #define GNULIB_TEST_FFLUSH 1
| #define GNULIB_TEST_FOPEN 1
| #define GNULIB_FOPEN_GNU IN_SED_GNULIB_TESTS
| #define GNULIB_TEST_FOPEN_GNU 1
| #define HAVE___FPURGE 1
| #define HAVE_DECL_FPURGE 0
| #define GNULIB_TEST_FPURGE 1
| #define HAVE___FREADING 1
| #define GNULIB_TEST_FREXP 1
| #define GNULIB_TEST_FREXPL 1
| #define GNULIB_TEST_FSEEK 1
| #define FUNC_FFLUSH_STDIN 1
| #define GNULIB_TEST_FSEEKO 1
| #define GNULIB_TEST_FTELL 1
| #define GNULIB_TEST_FTELLO 1
| #define HAVE_FTRUNCATE 1
| #define GNULIB_TEST_FTRUNCATE 1
| #define GNULIB_TEST_GETCWD 1
| #define HAVE_NEWLOCALE 1
| #define HAVE_DUPLOCALE 1
| #define HAVE_FREELOCALE 1
| #define GNULIB_TEST_GETLOCALENAME_L_UNSAFE 1
| #define HAVE_NEWLOCALE 1
| #define HAVE_DUPLOCALE 1
| #define HAVE_FREELOCALE 1
| #define GNULIB_TEST_GETPAGESIZE 1
| #define GETTIMEOFDAY_TIMEZONE void
| #define GNULIB_TEST_GETTIMEOFDAY 1
| #define HAVE_DUPLOCALE 1
| #define HAVE_DECL_INET_PTON 1
| #define HAVE_IOCTL 1
| #define GNULIB_TEST_IOCTL 1
| #define GNULIB_IOCTL IN_SED_GNULIB_TESTS
| #define GNULIB_ISBLANK IN_SED_GNULIB_TESTS
| #define HAVE_ISNAND_IN_LIBC 1
| #define HAVE_ISNANF_IN_LIBC 1
| #define HAVE_ISNANL_IN_LIBC 1
| #define GNULIB_TEST_LINK 1
| #define GNULIB_TEST_LISTEN 1
| #define GNULIB_LISTEN IN_SED_GNULIB_TESTS
| #define HAVE_NEWLOCALE 1
| #define GNULIB_TEST_LOCALENAME_ENVIRON 1
| #define HAVE_NEWLOCALE 1
| #define GNULIB_TEST_LOCALENAME_UNSAFE 1
| #define GNULIB_TEST_LSEEK 1
| #define GNULIB_TEST_MEMSET_EXPLICIT 1
| #define HAVE_MKFIFO 1
| #define GNULIB_TEST_MKFIFO 1
| #define HAVE_BUG_BIG_NANOSLEEP 1
| #define GNULIB_TEST_NANOSLEEP 1
| #define HAVE_USELOCALE 1
| #define HAVE_WORKING_USELOCALE 1
| #define HAVE_OPENDIR 1
| #define GNULIB_TEST_OPENDIR 1
| #define GNULIB_TEST_PERROR 1
| #define GNULIB_TEST_PIPE 1
| #define GNULIB_TEST_PSELECT 1
| #define GNULIB_TEST_PTHREAD_COND 1
| #define GNULIB_TEST_PTHREAD_MUTEX 1
| #define GNULIB_TEST_PTHREAD_RWLOCK 1
| #define GNULIB_TEST_PTHREAD_THREAD 1
| #define GNULIB_TEST_PTHREAD_MUTEX_TIMEDLOCK 1
| #define HAVE_PTHREAD_SIGMASK 1
| #define GNULIB_TEST_PTHREAD_SIGMASK 1
| #define GNULIB_TEST_PUTENV 1
| #define HAVE_RAISE 1
| #define GNULIB_TEST_RAISE 1
| #define HAVE_INITSTATE 1
| #define HAVE_SETSTATE 1
| #define GNULIB_TEST_RANDOM 1
| /* end confdefs.h.  */
| #include <stddef.h>
| #ifdef HAVE_STDIO_H
| # include <stdio.h>
| #endif
| #ifdef HAVE_STDLIB_H
| # include <stdlib.h>
| #endif
| #ifdef HAVE_STRING_H
| # include <string.h>
| #endif
| #ifdef HAVE_INTTYPES_H
| # include <inttypes.h>
| #endif
| #ifdef HAVE_STDINT_H
| # include <stdint.h>
| #endif
| #ifdef HAVE_STRINGS_H
| # include <strings.h>
| #endif
| #ifdef HAVE_SYS_TYPES_H
| # include <sys/types.h>
| #endif
| #ifdef HAVE_SYS_STAT_H
| # include <sys/stat.h>
| #endif
| #ifdef HAVE_UNISTD_H
| # include <unistd.h>
| #endif
| 
| #include <random.h>
configure:53618: result: no
configure:53627: checking for struct random_data
configure:53627: gcc -c -g -O2  conftest.c >&5
conftest.c: In function 'main':
conftest.c:469:13: error: invalid application of 'sizeof' to incomplete type 'struct random_data'
  469 | if (sizeof (struct random_data))
      |             ^~~~~~
configure:53627: $? = 1
configure: failed program was:
| /* confdefs.h */
| #define PACKAGE_NAME "GNU sed"
| #define PACKAGE_TARNAME "sed"
| #define PACKAGE_VERSION "4.10"
| #define PACKAGE_STRING "GNU sed 4.10"
| #define PACKAGE_BUGREPORT "bug-sed@gnu.org"
| #define PACKAGE_URL "https://www.gnu.org/software/sed/"
| #define PACKAGE "sed"
| #define VERSION "4.10"
| #define HAVE_STDIO_H 1
| #define HAVE_STDLIB_H 1
| #define HAVE_STRING_H 1
| #define HAVE_INTTYPES_H 1
| #define HAVE_STDINT_H 1
| #define HAVE_STRINGS_H 1
| #define HAVE_SYS_STAT_H 1
| #define HAVE_SYS_TYPES_H 1
| #define HAVE_UNISTD_H 1
| #define HAVE_WCHAR_H 1
| #define HAVE_STDBOOL_H 1
| #define HAVE_UCHAR_H 1
| #define HAVE_SYS_PARAM_H 1
| #define HAVE_SYS_SOCKET_H 1
| #define HAVE_DIRENT_H 1
| #define HAVE_LINUX_XATTR_H 1
| #define HAVE_STDIO_EXT_H 1
| #define HAVE_GETOPT_H 1
| #define HAVE_THREADS_H 1
| #define HAVE_LIMITS_H 1
| #define HAVE_WCTYPE_H 1
| #define HAVE_LANGINFO_H 1
| #define HAVE_SYS_MMAN_H 1
| #define HAVE_PTHREAD_H 1
| #define HAVE_MALLOC_H 1
| #define HAVE_SYS_TIME_H 1
| #define HAVE_STDCKDINT_H 1
| #define HAVE_SYS_RANDOM_H 1
| #define HAVE_FEATURES_H 1
| #define HAVE_ARPA_INET_H 1
| #define HAVE_NETDB_H 1
| #define HAVE_NETINET_IN_H 1
| #define HAVE_MATH_H 1
| #define HAVE_SYS_SELECT_H 1
| #define HAVE_SYS_WAIT_H 1
| #define HAVE_SEMAPHORE_H 1
| #define HAVE_SYS_IOCTL_H 1
| #define HAVE_SYS_UN_H 1
| #define HAVE_SYS_UIO_H 1
| #define HAVE_LOCALE_H 1
| #define HAVE_ERRNO_H 1
| #define STDC_HEADERS 1
| #define _ALL_SOURCE 1
| #define _COSMO_SOURCE 1
| #define _DARWIN_C_SOURCE 1
| #define _GNU_SOURCE 1
| #define _HPUX_ALT_XOPEN_SOCKET_API 1
| #define _NETBSD_SOURCE 1
| #define _OPENBSD_SOURCE 1
| #define _POSIX_PTHREAD_SEMANTICS 1
| #define __STDC_WANT_IEC_60559_ATTRIBS_EXT__ 1
| #define __STDC_WANT_IEC_60559_BFP_EXT__ 1
| #define __STDC_WANT_IEC_60559_DFP_EXT__ 1
| #define __STDC_WANT_IEC_60559_EXT__ 1
| #define __STDC_WANT_IEC_60559_FUNCS_EXT__ 1
| #define __STDC_WANT_IEC_60559_TYPES_EXT__ 1
| #define __STDC_WANT_LIB_EXT2__ 1
| #define __STDC_WANT_MATH_SPEC_FUNCS__ 1
| #define _TANDEM_SOURCE 1
| #define __EXTENSIONS__ 1
| #define _LINUX_SOURCE_COMPAT 1
| #define __USE_MINGW_ANSI_STDIO 1
| #define HAVE_FCHMOD 1
| #define HAVE_BTOWC 1
| #define HAVE_MBRTOWC 1
| #define HAVE_MBSINIT 1
| #define HAVE_REALPATH 1
| #define HAVE_LSTAT 1
| #define HAVE_FCNTL 1
| #define HAVE_SYMLINK 1
| #define HAVE_LISTXATTR 1
| #define HAVE_GETDTABLESIZE 1
| #define HAVE_ISWCNTRL 1
| #define HAVE_MPROTECT 1
| #define HAVE_READLINK 1
| #define HAVE_ISBLANK 1
| #define HAVE_ISWCTYPE 1
| #define HAVE_LINK 1
| #define HAVE_VASPRINTF 1
| #define HAVE___XPG_STRERROR_R 1
| #define HAVE_STRTOIMAX 1
| #define HAVE_WCRTOMB 1
| #define HAVE_WCTOB 1
| #define HAVE_FPURGE 1
| #define HAVE_GETTIMEOFDAY 1
| #define HAVE_PIPE 1
| #define HAVE_PSELECT 1
| #define HAVE_PTHREAD_SIGMASK 1
| #define HAVE_SIGPROCMASK 1
| #define HAVE_SETENV 1
| #define HAVE_SLEEP 1
| #define HAVE_SNPRINTF 1
| #define HAVE_SHUTDOWN 1
| #define HAVE_ISATTY 1
| #define HAVE_ISASCII 1
| #define HAVE_MEMCPY 1
| #define HAVE_STRCHR 1
| #define HAVE_STRTOUL 1
| #define HAVE_POPEN 1
| #define HAVE_PATHCONF 1
| #define HAVE_FCHOWN 1
| #define HAVE_SETLOCALE 1
| #define USE_ACL 0
| #define HAVE_ALLOCA_H 1
| #define HAVE_ALLOCA 1
| #define HAVE_WINT_T 1
| #define HAVE_LANGINFO_CODESET 1
| #define BITSIZEOF_WCHAR_T 32
| #define HAVE_MBSTATE_T 1
| #define HAVE_WORKING_MBRTOC32 1
| #define HAVE_WORKING_C32RTOMB 1
| #define HAVE_MALLOC_PTRDIFF 1
| #define HAVE_MALLOC_POSIX 1
| #define LSTAT_FOLLOWS_SLASHED_SYMLINK 1
| #define FUNC_REALPATH_NEARLY_WORKS 1
| #define HAVE_FACCESSAT 1
| #define HAVE_GETCWD 1
| #define HAVE_DECL_STRERROR_R 1
| #define HAVE_STRERROR_R 1
| #define HAVE_WORKING_O_DIRECTORY 1
| #define HAVE_WORKING_O_NOATIME 1
| #define HAVE_WORKING_O_NOFOLLOW 1
| #define USE_SELINUX_SELINUX_H 0
| #define restrict __restrict__
| #define HAVE_DECL_GETDELIM 1
| #define HAVE_DECL_GETDTABLESIZE 1
| #define HAVE_GETOPT_H 1
| #define HAVE_GETOPT_LONG_ONLY 1
| #define MUSL_LIBC 1
| #define HAVE_PTHREAD_API 1
| #define SETLOCALE_NULL_ALL_MTSAFE 0
| #define SETLOCALE_NULL_ONE_MTSAFE 1
| #define HAVE_WEAK_SYMBOLS 1
| #define HAVE_LONG_LONG_INT 1
| #define HAVE_UNSIGNED_LONG_LONG_INT 1
| #define HAVE_TOWLOWER 1
| #define AVOID_ANY_THREADS 1
| #define HAVE_MALLOC_0_NONNULL 1
| #define HAVE_DECL_MEMEQ 0
| #define HAVE_DECL_MEMRCHR 1
| #define HAVE_MINMAX_IN_SYS_PARAM_H 1
| #define PROMOTED_MODE_T mode_t
| #define HAVE_PTHREAD_T 1
| #define HAVE_PTHREAD_SPINLOCK_T 1
| #define HAVE_DECL_ALARM 1
| #define HAVE_SCHED_H 1
| #define HAVE_DECL_FCLOSEALL 0
| #define HAVE_DECL_GETW 1
| #define HAVE_DECL_PUTW 1
| #define HAVE_DECL_ECVT 1
| #define HAVE_DECL_FCVT 1
| #define HAVE_DECL_GCVT 1
| #define HAVE_DECL_STREQ 0
| #define HAVE_STRERROR_R 1
| #define HAVE_DECL_STRTOIMAX 1
| #define _USE_STD_STAT 1
| #define HAVE_DECL_EXECVPE 1
| #define HAVE_DECL_CLEARERR_UNLOCKED 1
| #define HAVE_DECL_FEOF_UNLOCKED 1
| #define HAVE_DECL_FERROR_UNLOCKED 1
| #define HAVE_DECL_FFLUSH_UNLOCKED 1
| #define HAVE_DECL_FGETS_UNLOCKED 1
| #define HAVE_DECL_FILENO_UNLOCKED 1
| #define HAVE_DECL_FPUTC_UNLOCKED 1
| #define HAVE_DECL_FPUTS_UNLOCKED 1
| #define HAVE_DECL_FREAD_UNLOCKED 1
| #define HAVE_DECL_FWRITE_UNLOCKED 1
| #define HAVE_DECL_GETC_UNLOCKED 1
| #define HAVE_DECL_GETCHAR_UNLOCKED 1
| #define HAVE_DECL_PUTC_UNLOCKED 1
| #define HAVE_DECL_PUTCHAR_UNLOCKED 1
| #define HAVE_DECL_WCSDUP 1
| #define HAVE_SHUTDOWN 1
| #define HAVE_STRUCT_SOCKADDR_STORAGE 1
| #define HAVE_SA_FAMILY_T 1
| #define HAVE_STRUCT_SOCKADDR_STORAGE_SS_FAMILY 1
| #define HAVE_ENVIRON_DECL 1
| #define FUNC_FFLUSH_STDIN 1
| #define HAVE_FREXP 1
| #define HAVE_FREXPL 1
| #define HAVE_DECL_FSEEKO 1
| #define FUNC_FFLUSH_STDIN 1
| #define HAVE_DECL_FTELLO 1
| #define HAVE_USELOCALE 1
| #define HAVE_WORKING_USELOCALE 1
| #define HAVE_GOOD_USELOCALE 1
| #define HAVE_IPV4 1
| #define HAVE_IPV6 1
| #define DBL_EXPBIT0_WORD 1
| #define DBL_EXPBIT0_BIT 20
| #define FLT_EXPBIT0_WORD 0
| #define FLT_EXPBIT0_BIT 23
| #define LDBL_EXPBIT0_WORD 2
| #define LDBL_EXPBIT0_BIT 0
| #define HAVE_LC_MESSAGES 1
| #define HAVE_DECL__PUTENV 0
| #define HAVE_SIGSET_T 1
| #define HAVE_DECL_INITSTATE 1
| #define HAVE_DECL_SETSTATE 1
| #define HAVE_DECL_SETENV 1
| #define HAVE_SEARCH_H 1
| #define HAVE_TSEARCH 1
| #define HAVE_DECL_STRDUP 1
| #define HAVE_DECL_UNSETENV 1
| #define HAVE_C_ALIGNASOF 1
| #define HAVE_ALLOCA 1
| #define HAVE_C_STATIC_ASSERT 1
| #define HAVE_C_BOOL 1
| #define GNULIB_TEST_BTOWC 1
| #define HAVE___BUILTIN_EXPECT 1
| #define GNULIB_TEST_C32ISPRINT 1
| #define GNULIB_TEST_C32ISSPACE 1
| #define GNULIB_TEST_C32RTOMB 1
| #define GNULIB_TEST_C32TOB 1
| #define GNULIB_TEST_C32TOLOWER 1
| #define GNULIB_TEST_C32TOUPPER 1
| #define GNULIB_TEST_CALLOC_GNU 1
| #define GNULIB_TEST_CALLOC_POSIX 1
| #define GNULIB_CANONICALIZE_LGPL 1
| #define GNULIB_TEST_CANONICALIZE_FILE_NAME 1
| #define GNULIB_TEST_REALPATH 1
| #define GNULIB_TEST_CHDIR 1
| #define HAVE_CLOCK_GETRES 1
| #define HAVE_CLOCK_GETTIME 1
| #define HAVE_CLOCK_SETTIME 1
| #define GNULIB_TEST_CLOEXEC 1
| #define GNULIB_TEST_CLOSE 1
| #define GNULIB_CLOSE 1
| #define GNULIB_TEST_DUP2 1
| #define GNULIB_TEST_FCNTL 1
| #define FLEXIBLE_ARRAY_MEMBER /**/
| #define GNULIB_TEST_FREE_POSIX 1
| #define HAVE___FSETERR 1
| #define GNULIB_TEST_FSTAT 1
| #define GNULIB_FSTAT 1
| #define HAVE___FWRITING 1
| #define HAVE_GETDELIM 1
| #define GNULIB_TEST_GETDELIM 1
| #define GNULIB_TEST_GETDTABLESIZE 1
| #define __GETOPT_PREFIX rpl_
| #define GNULIB_TEST_GETOPT_POSIX 1
| #define HAVE_DECL_PROGRAM_INVOCATION_NAME 1
| #define HAVE_DECL_PROGRAM_INVOCATION_NAME 1
| #define HAVE_DECL_PROGRAM_INVOCATION_SHORT_NAME 1
| #define HAVE_DECL___ARGV 0
| #define GNULIB_TEST_GETPROGNAME 1
| #define HAVE_GETRANDOM 1
| #define GNULIB_TEST_GETRANDOM 1
| #define GNULIB_LOCALEDIR "/usr/share/locale"
| #define GNULIB_ISSYMLINK 1
| #define HAVE_ISWBLANK 1
| #define HAVE_DECL_ISWBLANK 1
| #define GNULIB_TEST_ISWBLANK 1
| #define GNULIB_TEST_ISWCTYPE 1
| #define GNULIB_TEST_ISWDIGIT 1
| #define GNULIB_TEST_ISWPUNCT 1
| #define GNULIB_TEST_ISWXDIGIT 1
| #define HAVE___INLINE 1
| #define GNULIB_TEST_LOCALECONV 1
| #define GNULIB_LOCALECONV 1
| #define GNULIB_LOCK 1
| #define GNULIB_TEST_LSTAT 1
| #define GNULIB_LSTAT 1
| #define GNULIB_TEST_MALLOC_GNU 1
| #define GNULIB_TEST_MALLOC_POSIX 1
| #define GNULIB_TEST_MBRTOC32 1
| #define GNULIB_MBRTOC32_REGULAR 1
| #define GNULIB_TEST_MBRTOWC 1
| #define GNULIB_TEST_MBSINIT 1
| #define GNULIB_TEST_MBSZERO 1
| #define HAVE_MBTOWC 1
| #define GNULIB_TEST_MBTOWC 1
| #define GNULIB_TEST_MEMCHR 1
| #define GNULIB_TEST_MEMEQ 1
| #define HAVE_MEMPCPY 1
| #define GNULIB_TEST_MEMPCPY 1
| #define HAVE_MEMRCHR 1
| #define GNULIB_TEST_MEMRCHR 1
| #define GNULIB_TEST_MKDIR 1
| #define HAVE_MKOSTEMP 1
| #define GNULIB_MKOSTEMP 1
| #define GNULIB_TEST_MKOSTEMP 1
| #define GNULIB_MSVC_NOTHROW 1
| #define HAVE_NL_LANGINFO 1
| #define NL_LANGINFO_MTSAFE 1
| #define REPLACE_NL_LANGINFO 1
| #define GNULIB_TEST_NL_LANGINFO 1
| #define GNULIB_TEST_OPEN 1
| #define HAVE_DECL_PROGRAM_INVOCATION_NAME 1
| #define HAVE_DECL_PROGRAM_INVOCATION_SHORT_NAME 1
| #define GNULIB_TEST_PTHREAD_ONCE 1
| #define GNULIB_TEST_RAWMEMCHR 1
| #define GNULIB_TEST_READLINK 1
| #define HAVE_REALLOC_POSIX 1
| #define HAVE_REALLOC_0_NONNULL 1
| #define GNULIB_TEST_REALLOC_POSIX 1
| #define HAVE_REALLOCARRAY 1
| #define GNULIB_REALLOCARRAY 1
| #define GNULIB_TEST_REALLOCARRAY 1
| #define _REGEX_INCLUDE_LIMITS_H 1
| #define _REGEX_LARGE_OFFSETS 1
| #define re_syntax_options rpl_re_syntax_options
| #define re_set_syntax rpl_re_set_syntax
| #define re_compile_pattern rpl_re_compile_pattern
| #define re_compile_fastmap rpl_re_compile_fastmap
| #define re_search rpl_re_search
| #define re_search_2 rpl_re_search_2
| #define re_match rpl_re_match
| #define re_match_2 rpl_re_match_2
| #define re_set_registers rpl_re_set_registers
| #define re_comp rpl_re_comp
| #define re_exec rpl_re_exec
| #define regcomp rpl_regcomp
| #define regexec rpl_regexec
| #define regerror rpl_regerror
| #define regfree rpl_regfree
| #define HAVE_DECL_ISBLANK 1
| #define GNULIB_TEST_RENAME 1
| #define GNULIB_TEST_RMDIR 1
| #define HAVE_VISIBILITY 1
| #define GNULIB_TEST_SETLOCALE_NULL 1
| #define GNULIB_TEST_STAT 1
| #define GNULIB_STAT 1
| #define HAVE_STRUCT_STAT_ST_ATIM_TV_NSEC 1
| #define TYPEOF_STRUCT_STAT_ST_ATIM_IS_STRUCT_TIMESPEC 1
| #define GNULIB_TEST_FSCANF 1
| #define GNULIB_FSCANF 1
| #define GNULIB_TEST_SCANF 1
| #define GNULIB_SCANF 1
| #define GNULIB_TEST_FGETC 1
| #define GNULIB_TEST_GETC 1
| #define GNULIB_TEST_GETCHAR 1
| #define GNULIB_TEST_FGETS 1
| #define GNULIB_TEST_FREAD 1
| #define GNULIB_TEST_FPRINTF 1
| #define GNULIB_TEST_PRINTF 1
| #define GNULIB_TEST_VFPRINTF 1
| #define GNULIB_TEST_VPRINTF 1
| #define GNULIB_TEST_FPUTC 1
| #define GNULIB_TEST_PUTC 1
| #define GNULIB_TEST_PUTCHAR 1
| #define GNULIB_TEST_FPUTS 1
| #define GNULIB_TEST_PUTS 1
| #define GNULIB_TEST_FWRITE 1
| #define GNULIB_TEST_STREQ 1
| #define GNULIB_STRERROR 1
| #define GNULIB_TEST_STRERROR 1
| #define GNULIB_TEST_STRNCPY 1
| #define GNULIB_TEST_STRNUL 1
| #define HAVE_STRTOLL 1
| #define GNULIB_TEST_STRTOLL 1
| #define HAVE_STRVERSCMP 1
| #define GNULIB_TEST_STRVERSCMP 1
| #define GNULIB_TEMPNAME 1
| #define GNULIB_STDIO_SINGLE_THREAD 1
| #define USE_UNLOCKED_IO GNULIB_STDIO_SINGLE_THREAD
| #define HAVE_C_VARARRAYS 1
| #define GNULIB_TEST_WCRTOMB 1
| #define GNULIB_TEST_WCTOB 1
| #define GNULIB_TEST_WCTOMB 1
| #define GNULIB_TEST_WCTYPE 1
| #define GNULIB_XALLOC 1
| #define GNULIB_XALLOC_DIE 1
| #define GNULIB_TEST_ACCEPT 1
| #define GNULIB_ACCEPT IN_SED_GNULIB_TESTS
| #define GNULIB_TEST_BIND 1
| #define GNULIB_BIND IN_SED_GNULIB_TESTS
| #define GNULIB_TEST_BTOC32 1
| #define HAVE_CLOSEDIR 1
| #define GNULIB_TEST_CLOSEDIR 1
| #define GNULIB_TEST_CONNECT 1
| #define GNULIB_CONNECT IN_SED_GNULIB_TESTS
| #define HAVE_DIRFD 1
| #define HAVE_DECL_DIRFD 1
| #define GNULIB_TEST_DIRFD 1
| #define GNULIB_TEST_ENVIRON 1
| #define GNULIB_TEST_FDOPEN 1
| #define FUNC_FFLUSH_STDIN 1
| #define GNULIB_FFLUSH IN_SED_GNULIB_TESTS
| #define GNULIB_TEST_FFLUSH 1
| #define GNULIB_TEST_FOPEN 1
| #define GNULIB_FOPEN_GNU IN_SED_GNULIB_TESTS
| #define GNULIB_TEST_FOPEN_GNU 1
| #define HAVE___FPURGE 1
| #define HAVE_DECL_FPURGE 0
| #define GNULIB_TEST_FPURGE 1
| #define HAVE___FREADING 1
| #define GNULIB_TEST_FREXP 1
| #define GNULIB_TEST_FREXPL 1
| #define GNULIB_TEST_FSEEK 1
| #define FUNC_FFLUSH_STDIN 1
| #define GNULIB_TEST_FSEEKO 1
| #define GNULIB_TEST_FTELL 1
| #define GNULIB_TEST_FTELLO 1
| #define HAVE_FTRUNCATE 1
| #define GNULIB_TEST_FTRUNCATE 1
| #define GNULIB_TEST_GETCWD 1
| #define HAVE_NEWLOCALE 1
| #define HAVE_DUPLOCALE 1
| #define HAVE_FREELOCALE 1
| #define GNULIB_TEST_GETLOCALENAME_L_UNSAFE 1
| #define HAVE_NEWLOCALE 1
| #define HAVE_DUPLOCALE 1
| #define HAVE_FREELOCALE 1
| #define GNULIB_TEST_GETPAGESIZE 1
| #define GETTIMEOFDAY_TIMEZONE void
| #define GNULIB_TEST_GETTIMEOFDAY 1
| #define HAVE_DUPLOCALE 1
| #define HAVE_DECL_INET_PTON 1
| #define HAVE_IOCTL 1
| #define GNULIB_TEST_IOCTL 1
| #define GNULIB_IOCTL IN_SED_GNULIB_TESTS
| #define GNULIB_ISBLANK IN_SED_GNULIB_TESTS
| #define HAVE_ISNAND_IN_LIBC 1
| #define HAVE_ISNANF_IN_LIBC 1
| #define HAVE_ISNANL_IN_LIBC 1
| #define GNULIB_TEST_LINK 1
| #define GNULIB_TEST_LISTEN 1
| #define GNULIB_LISTEN IN_SED_GNULIB_TESTS
| #define HAVE_NEWLOCALE 1
| #define GNULIB_TEST_LOCALENAME_ENVIRON 1
| #define HAVE_NEWLOCALE 1
| #define GNULIB_TEST_LOCALENAME_UNSAFE 1
| #define GNULIB_TEST_LSEEK 1
| #define GNULIB_TEST_MEMSET_EXPLICIT 1
| #define HAVE_MKFIFO 1
| #define GNULIB_TEST_MKFIFO 1
| #define HAVE_BUG_BIG_NANOSLEEP 1
| #define GNULIB_TEST_NANOSLEEP 1
| #define HAVE_USELOCALE 1
| #define HAVE_WORKING_USELOCALE 1
| #define HAVE_OPENDIR 1
| #define GNULIB_TEST_OPENDIR 1
| #define GNULIB_TEST_PERROR 1
| #define GNULIB_TEST_PIPE 1
| #define GNULIB_TEST_PSELECT 1
| #define GNULIB_TEST_PTHREAD_COND 1
| #define GNULIB_TEST_PTHREAD_MUTEX 1
| #define GNULIB_TEST_PTHREAD_RWLOCK 1
| #define GNULIB_TEST_PTHREAD_THREAD 1
| #define GNULIB_TEST_PTHREAD_MUTEX_TIMEDLOCK 1
| #define HAVE_PTHREAD_SIGMASK 1
| #define GNULIB_TEST_PTHREAD_SIGMASK 1
| #define GNULIB_TEST_PUTENV 1
| #define HAVE_RAISE 1
| #define GNULIB_TEST_RAISE 1
| #define HAVE_INITSTATE 1
| #define HAVE_SETSTATE 1
| #define GNULIB_TEST_RANDOM 1
| /* end confdefs.h.  */
| #include <stdlib.h>
|       #if HAVE_RANDOM_H
|       # include <random.h>
|       #endif
| 
| 
| int
| main (void)
| {
| if (sizeof (struct random_data))
| 	 return 0;
|   ;
|   return 0;
| }
configure:53627: result: no
configure:53650: checking for random_r
configure:53650: gcc -o conftest -g -O2   conftest.c  >&5
/usr/lib/gcc/x86_64-alpine-linux-musl/15.2.0/../../../../x86_64-alpine-linux-musl/bin/ld: /tmp/ccPfJMgb.o: in function `main':
/home/sonakrie/Work/testicular_linux/sed/conftest.c:487:(.text.startup+0x5): undefined reference to `random_r'
collect2: error: ld returned 1 exit status
configure:53650: $? = 1
configure: failed program was:
| /* confdefs.h */
| #define PACKAGE_NAME "GNU sed"
| #define PACKAGE_TARNAME "sed"
| #define PACKAGE_VERSION "4.10"
| #define PACKAGE_STRING "GNU sed 4.10"
| #define PACKAGE_BUGREPORT "bug-sed@gnu.org"
| #define PACKAGE_URL "https://www.gnu.org/software/sed/"
| #define PACKAGE "sed"
| #define VERSION "4.10"
| #define HAVE_STDIO_H 1
| #define HAVE_STDLIB_H 1
| #define HAVE_STRING_H 1
| #define HAVE_INTTYPES_H 1
| #define HAVE_STDINT_H 1
| #define HAVE_STRINGS_H 1
| #define HAVE_SYS_STAT_H 1
| #define HAVE_SYS_TYPES_H 1
| #define HAVE_UNISTD_H 1
| #define HAVE_WCHAR_H 1
| #define HAVE_STDBOOL_H 1
| #define HAVE_UCHAR_H 1
| #define HAVE_SYS_PARAM_H 1
| #define HAVE_SYS_SOCKET_H 1
| #define HAVE_DIRENT_H 1
| #define HAVE_LINUX_XATTR_H 1
| #define HAVE_STDIO_EXT_H 1
| #define HAVE_GETOPT_H 1
| #define HAVE_THREADS_H 1
| #define HAVE_LIMITS_H 1
| #define HAVE_WCTYPE_H 1
| #define HAVE_LANGINFO_H 1
| #define HAVE_SYS_MMAN_H 1
| #define HAVE_PTHREAD_H 1
| #define HAVE_MALLOC_H 1
| #define HAVE_SYS_TIME_H 1
| #define HAVE_STDCKDINT_H 1
| #define HAVE_SYS_RANDOM_H 1
| #define HAVE_FEATURES_H 1
| #define HAVE_ARPA_INET_H 1
| #define HAVE_NETDB_H 1
| #define HAVE_NETINET_IN_H 1
| #define HAVE_MATH_H 1
| #define HAVE_SYS_SELECT_H 1
| #define HAVE_SYS_WAIT_H 1
| #define HAVE_SEMAPHORE_H 1
| #define HAVE_SYS_IOCTL_H 1
| #define HAVE_SYS_UN_H 1
| #define HAVE_SYS_UIO_H 1
| #define HAVE_LOCALE_H 1
| #define HAVE_ERRNO_H 1
| #define STDC_HEADERS 1
| #define _ALL_SOURCE 1
| #define _COSMO_SOURCE 1
| #define _DARWIN_C_SOURCE 1
| #define _GNU_SOURCE 1
| #define _HPUX_ALT_XOPEN_SOCKET_API 1
| #define _NETBSD_SOURCE 1
| #define _OPENBSD_SOURCE 1
| #define _POSIX_PTHREAD_SEMANTICS 1
| #define __STDC_WANT_IEC_60559_ATTRIBS_EXT__ 1
| #define __STDC_WANT_IEC_60559_BFP_EXT__ 1
| #define __STDC_WANT_IEC_60559_DFP_EXT__ 1
| #define __STDC_WANT_IEC_60559_EXT__ 1
| #define __STDC_WANT_IEC_60559_FUNCS_EXT__ 1
| #define __STDC_WANT_IEC_60559_TYPES_EXT__ 1
| #define __STDC_WANT_LIB_EXT2__ 1
| #define __STDC_WANT_MATH_SPEC_FUNCS__ 1
| #define _TANDEM_SOURCE 1
| #define __EXTENSIONS__ 1
| #define _LINUX_SOURCE_COMPAT 1
| #define __USE_MINGW_ANSI_STDIO 1
| #define HAVE_FCHMOD 1
| #define HAVE_BTOWC 1
| #define HAVE_MBRTOWC 1
| #define HAVE_MBSINIT 1
| #define HAVE_REALPATH 1
| #define HAVE_LSTAT 1
| #define HAVE_FCNTL 1
| #define HAVE_SYMLINK 1
| #define HAVE_LISTXATTR 1
| #define HAVE_GETDTABLESIZE 1
| #define HAVE_ISWCNTRL 1
| #define HAVE_MPROTECT 1
| #define HAVE_READLINK 1
| #define HAVE_ISBLANK 1
| #define HAVE_ISWCTYPE 1
| #define HAVE_LINK 1
| #define HAVE_VASPRINTF 1
| #define HAVE___XPG_STRERROR_R 1
| #define HAVE_STRTOIMAX 1
| #define HAVE_WCRTOMB 1
| #define HAVE_WCTOB 1
| #define HAVE_FPURGE 1
| #define HAVE_GETTIMEOFDAY 1
| #define HAVE_PIPE 1
| #define HAVE_PSELECT 1
| #define HAVE_PTHREAD_SIGMASK 1
| #define HAVE_SIGPROCMASK 1
| #define HAVE_SETENV 1
| #define HAVE_SLEEP 1
| #define HAVE_SNPRINTF 1
| #define HAVE_SHUTDOWN 1
| #define HAVE_ISATTY 1
| #define HAVE_ISASCII 1
| #define HAVE_MEMCPY 1
| #define HAVE_STRCHR 1
| #define HAVE_STRTOUL 1
| #define HAVE_POPEN 1
| #define HAVE_PATHCONF 1
| #define HAVE_FCHOWN 1
| #define HAVE_SETLOCALE 1
| #define USE_ACL 0
| #define HAVE_ALLOCA_H 1
| #define HAVE_ALLOCA 1
| #define HAVE_WINT_T 1
| #define HAVE_LANGINFO_CODESET 1
| #define BITSIZEOF_WCHAR_T 32
| #define HAVE_MBSTATE_T 1
| #define HAVE_WORKING_MBRTOC32 1
| #define HAVE_WORKING_C32RTOMB 1
| #define HAVE_MALLOC_PTRDIFF 1
| #define HAVE_MALLOC_POSIX 1
| #define LSTAT_FOLLOWS_SLASHED_SYMLINK 1
| #define FUNC_REALPATH_NEARLY_WORKS 1
| #define HAVE_FACCESSAT 1
| #define HAVE_GETCWD 1
| #define HAVE_DECL_STRERROR_R 1
| #define HAVE_STRERROR_R 1
| #define HAVE_WORKING_O_DIRECTORY 1
| #define HAVE_WORKING_O_NOATIME 1
| #define HAVE_WORKING_O_NOFOLLOW 1
| #define USE_SELINUX_SELINUX_H 0
| #define restrict __restrict__
| #define HAVE_DECL_GETDELIM 1
| #define HAVE_DECL_GETDTABLESIZE 1
| #define HAVE_GETOPT_H 1
| #define HAVE_GETOPT_LONG_ONLY 1
| #define MUSL_LIBC 1
| #define HAVE_PTHREAD_API 1
| #define SETLOCALE_NULL_ALL_MTSAFE 0
| #define SETLOCALE_NULL_ONE_MTSAFE 1
| #define HAVE_WEAK_SYMBOLS 1
| #define HAVE_LONG_LONG_INT 1
| #define HAVE_UNSIGNED_LONG_LONG_INT 1
| #define HAVE_TOWLOWER 1
| #define AVOID_ANY_THREADS 1
| #define HAVE_MALLOC_0_NONNULL 1
| #define HAVE_DECL_MEMEQ 0
| #define HAVE_DECL_MEMRCHR 1
| #define HAVE_MINMAX_IN_SYS_PARAM_H 1
| #define PROMOTED_MODE_T mode_t
| #define HAVE_PTHREAD_T 1
| #define HAVE_PTHREAD_SPINLOCK_T 1
| #define HAVE_DECL_ALARM 1
| #define HAVE_SCHED_H 1
| #define HAVE_DECL_FCLOSEALL 0
| #define HAVE_DECL_GETW 1
| #define HAVE_DECL_PUTW 1
| #define HAVE_DECL_ECVT 1
| #define HAVE_DECL_FCVT 1
| #define HAVE_DECL_GCVT 1
| #define HAVE_DECL_STREQ 0
| #define HAVE_STRERROR_R 1
| #define HAVE_DECL_STRTOIMAX 1
| #define _USE_STD_STAT 1
| #define HAVE_DECL_EXECVPE 1
| #define HAVE_DECL_CLEARERR_UNLOCKED 1
| #define HAVE_DECL_FEOF_UNLOCKED 1
| #define HAVE_DECL_FERROR_UNLOCKED 1
| #define HAVE_DECL_FFLUSH_UNLOCKED 1
| #define HAVE_DECL_FGETS_UNLOCKED 1
| #define HAVE_DECL_FILENO_UNLOCKED 1
| #define HAVE_DECL_FPUTC_UNLOCKED 1
| #define HAVE_DECL_FPUTS_UNLOCKED 1
| #define HAVE_DECL_FREAD_UNLOCKED 1
| #define HAVE_DECL_FWRITE_UNLOCKED 1
| #define HAVE_DECL_GETC_UNLOCKED 1
| #define HAVE_DECL_GETCHAR_UNLOCKED 1
| #define HAVE_DECL_PUTC_UNLOCKED 1
| #define HAVE_DECL_PUTCHAR_UNLOCKED 1
| #define HAVE_DECL_WCSDUP 1
| #define HAVE_SHUTDOWN 1
| #define HAVE_STRUCT_SOCKADDR_STORAGE 1
| #define HAVE_SA_FAMILY_T 1
| #define HAVE_STRUCT_SOCKADDR_STORAGE_SS_FAMILY 1
| #define HAVE_ENVIRON_DECL 1
| #define FUNC_FFLUSH_STDIN 1
| #define HAVE_FREXP 1
| #define HAVE_FREXPL 1
| #define HAVE_DECL_FSEEKO 1
| #define FUNC_FFLUSH_STDIN 1
| #define HAVE_DECL_FTELLO 1
| #define HAVE_USELOCALE 1
| #define HAVE_WORKING_USELOCALE 1
| #define HAVE_GOOD_USELOCALE 1
| #define HAVE_IPV4 1
| #define HAVE_IPV6 1
| #define DBL_EXPBIT0_WORD 1
| #define DBL_EXPBIT0_BIT 20
| #define FLT_EXPBIT0_WORD 0
| #define FLT_EXPBIT0_BIT 23
| #define LDBL_EXPBIT0_WORD 2
| #define LDBL_EXPBIT0_BIT 0
| #define HAVE_LC_MESSAGES 1
| #define HAVE_DECL__PUTENV 0
| #define HAVE_SIGSET_T 1
| #define HAVE_DECL_INITSTATE 1
| #define HAVE_DECL_SETSTATE 1
| #define HAVE_DECL_SETENV 1
| #define HAVE_SEARCH_H 1
| #define HAVE_TSEARCH 1
| #define HAVE_DECL_STRDUP 1
| #define HAVE_DECL_UNSETENV 1
| #define HAVE_C_ALIGNASOF 1
| #define HAVE_ALLOCA 1
| #define HAVE_C_STATIC_ASSERT 1
| #define HAVE_C_BOOL 1
| #define GNULIB_TEST_BTOWC 1
| #define HAVE___BUILTIN_EXPECT 1
| #define GNULIB_TEST_C32ISPRINT 1
| #define GNULIB_TEST_C32ISSPACE 1
| #define GNULIB_TEST_C32RTOMB 1
| #define GNULIB_TEST_C32TOB 1
| #define GNULIB_TEST_C32TOLOWER 1
| #define GNULIB_TEST_C32TOUPPER 1
| #define GNULIB_TEST_CALLOC_GNU 1
| #define GNULIB_TEST_CALLOC_POSIX 1
| #define GNULIB_CANONICALIZE_LGPL 1
| #define GNULIB_TEST_CANONICALIZE_FILE_NAME 1
| #define GNULIB_TEST_REALPATH 1
| #define GNULIB_TEST_CHDIR 1
| #define HAVE_CLOCK_GETRES 1
| #define HAVE_CLOCK_GETTIME 1
| #define HAVE_CLOCK_SETTIME 1
| #define GNULIB_TEST_CLOEXEC 1
| #define GNULIB_TEST_CLOSE 1
| #define GNULIB_CLOSE 1
| #define GNULIB_TEST_DUP2 1
| #define GNULIB_TEST_FCNTL 1
| #define FLEXIBLE_ARRAY_MEMBER /**/
| #define GNULIB_TEST_FREE_POSIX 1
| #define HAVE___FSETERR 1
| #define GNULIB_TEST_FSTAT 1
| #define GNULIB_FSTAT 1
| #define HAVE___FWRITING 1
| #define HAVE_GETDELIM 1
| #define GNULIB_TEST_GETDELIM 1
| #define GNULIB_TEST_GETDTABLESIZE 1
| #define __GETOPT_PREFIX rpl_
| #define GNULIB_TEST_GETOPT_POSIX 1
| #define HAVE_DECL_PROGRAM_INVOCATION_NAME 1
| #define HAVE_DECL_PROGRAM_INVOCATION_NAME 1
| #define HAVE_DECL_PROGRAM_INVOCATION_SHORT_NAME 1
| #define HAVE_DECL___ARGV 0
| #define GNULIB_TEST_GETPROGNAME 1
| #define HAVE_GETRANDOM 1
| #define GNULIB_TEST_GETRANDOM 1
| #define GNULIB_LOCALEDIR "/usr/share/locale"
| #define GNULIB_ISSYMLINK 1
| #define HAVE_ISWBLANK 1
| #define HAVE_DECL_ISWBLANK 1
| #define GNULIB_TEST_ISWBLANK 1
| #define GNULIB_TEST_ISWCTYPE 1
| #define GNULIB_TEST_ISWDIGIT 1
| #define GNULIB_TEST_ISWPUNCT 1
| #define GNULIB_TEST_ISWXDIGIT 1
| #define HAVE___INLINE 1
| #define GNULIB_TEST_LOCALECONV 1
| #define GNULIB_LOCALECONV 1
| #define GNULIB_LOCK 1
| #define GNULIB_TEST_LSTAT 1
| #define GNULIB_LSTAT 1
| #define GNULIB_TEST_MALLOC_GNU 1
| #define GNULIB_TEST_MALLOC_POSIX 1
| #define GNULIB_TEST_MBRTOC32 1
| #define GNULIB_MBRTOC32_REGULAR 1
| #define GNULIB_TEST_MBRTOWC 1
| #define GNULIB_TEST_MBSINIT 1
| #define GNULIB_TEST_MBSZERO 1
| #define HAVE_MBTOWC 1
| #define GNULIB_TEST_MBTOWC 1
| #define GNULIB_TEST_MEMCHR 1
| #define GNULIB_TEST_MEMEQ 1
| #define HAVE_MEMPCPY 1
| #define GNULIB_TEST_MEMPCPY 1
| #define HAVE_MEMRCHR 1
| #define GNULIB_TEST_MEMRCHR 1
| #define GNULIB_TEST_MKDIR 1
| #define HAVE_MKOSTEMP 1
| #define GNULIB_MKOSTEMP 1
| #define GNULIB_TEST_MKOSTEMP 1
| #define GNULIB_MSVC_NOTHROW 1
| #define HAVE_NL_LANGINFO 1
| #define NL_LANGINFO_MTSAFE 1
| #define REPLACE_NL_LANGINFO 1
| #define GNULIB_TEST_NL_LANGINFO 1
| #define GNULIB_TEST_OPEN 1
| #define HAVE_DECL_PROGRAM_INVOCATION_NAME 1
| #define HAVE_DECL_PROGRAM_INVOCATION_SHORT_NAME 1
| #define GNULIB_TEST_PTHREAD_ONCE 1
| #define GNULIB_TEST_RAWMEMCHR 1
| #define GNULIB_TEST_READLINK 1
| #define HAVE_REALLOC_POSIX 1
| #define HAVE_REALLOC_0_NONNULL 1
| #define GNULIB_TEST_REALLOC_POSIX 1
| #define HAVE_REALLOCARRAY 1
| #define GNULIB_REALLOCARRAY 1
| #define GNULIB_TEST_REALLOCARRAY 1
| #define _REGEX_INCLUDE_LIMITS_H 1
| #define _REGEX_LARGE_OFFSETS 1
| #define re_syntax_options rpl_re_syntax_options
| #define re_set_syntax rpl_re_set_syntax
| #define re_compile_pattern rpl_re_compile_pattern
| #define re_compile_fastmap rpl_re_compile_fastmap
| #define re_search rpl_re_search
| #define re_search_2 rpl_re_search_2
| #define re_match rpl_re_match
| #define re_match_2 rpl_re_match_2
| #define re_set_registers rpl_re_set_registers
| #define re_comp rpl_re_comp
| #define re_exec rpl_re_exec
| #define regcomp rpl_regcomp
| #define regexec rpl_regexec
| #define regerror rpl_regerror
| #define regfree rpl_regfree
| #define HAVE_DECL_ISBLANK 1
| #define GNULIB_TEST_RENAME 1
| #define GNULIB_TEST_RMDIR 1
| #define HAVE_VISIBILITY 1
| #define GNULIB_TEST_SETLOCALE_NULL 1
| #define GNULIB_TEST_STAT 1
| #define GNULIB_STAT 1
| #define HAVE_STRUCT_STAT_ST_ATIM_TV_NSEC 1
| #define TYPEOF_STRUCT_STAT_ST_ATIM_IS_STRUCT_TIMESPEC 1
| #define GNULIB_TEST_FSCANF 1
| #define GNULIB_FSCANF 1
| #define GNULIB_TEST_SCANF 1
| #define GNULIB_SCANF 1
| #define GNULIB_TEST_FGETC 1
| #define GNULIB_TEST_GETC 1
| #define GNULIB_TEST_GETCHAR 1
| #define GNULIB_TEST_FGETS 1
| #define GNULIB_TEST_FREAD 1
| #define GNULIB_TEST_FPRINTF 1
| #define GNULIB_TEST_PRINTF 1
| #define GNULIB_TEST_VFPRINTF 1
| #define GNULIB_TEST_VPRINTF 1
| #define GNULIB_TEST_FPUTC 1
| #define GNULIB_TEST_PUTC 1
| #define GNULIB_TEST_PUTCHAR 1
| #define GNULIB_TEST_FPUTS 1
| #define GNULIB_TEST_PUTS 1
| #define GNULIB_TEST_FWRITE 1
| #define GNULIB_TEST_STREQ 1
| #define GNULIB_STRERROR 1
| #define GNULIB_TEST_STRERROR 1
| #define GNULIB_TEST_STRNCPY 1
| #define GNULIB_TEST_STRNUL 1
| #define HAVE_STRTOLL 1
| #define GNULIB_TEST_STRTOLL 1
| #define HAVE_STRVERSCMP 1
| #define GNULIB_TEST_STRVERSCMP 1
| #define GNULIB_TEMPNAME 1
| #define GNULIB_STDIO_SINGLE_THREAD 1
| #define USE_UNLOCKED_IO GNULIB_STDIO_SINGLE_THREAD
| #define HAVE_C_VARARRAYS 1
| #define GNULIB_TEST_WCRTOMB 1
| #define GNULIB_TEST_WCTOB 1
| #define GNULIB_TEST_WCTOMB 1
| #define GNULIB_TEST_WCTYPE 1
| #define GNULIB_XALLOC 1
| #define GNULIB_XALLOC_DIE 1
| #define GNULIB_TEST_ACCEPT 1
| #define GNULIB_ACCEPT IN_SED_GNULIB_TESTS
| #define GNULIB_TEST_BIND 1
| #define GNULIB_BIND IN_SED_GNULIB_TESTS
| #define GNULIB_TEST_BTOC32 1
| #define HAVE_CLOSEDIR 1
| #define GNULIB_TEST_CLOSEDIR 1
| #define GNULIB_TEST_CONNECT 1
| #define GNULIB_CONNECT IN_SED_GNULIB_TESTS
| #define HAVE_DIRFD 1
| #define HAVE_DECL_DIRFD 1
| #define GNULIB_TEST_DIRFD 1
| #define GNULIB_TEST_ENVIRON 1
| #define GNULIB_TEST_FDOPEN 1
| #define FUNC_FFLUSH_STDIN 1
| #define GNULIB_FFLUSH IN_SED_GNULIB_TESTS
| #define GNULIB_TEST_FFLUSH 1
| #define GNULIB_TEST_FOPEN 1
| #define GNULIB_FOPEN_GNU IN_SED_GNULIB_TESTS
| #define GNULIB_TEST_FOPEN_GNU 1
| #define HAVE___FPURGE 1
| #define HAVE_DECL_FPURGE 0
| #define GNULIB_TEST_FPURGE 1
| #define HAVE___FREADING 1
| #define GNULIB_TEST_FREXP 1
| #define GNULIB_TEST_FREXPL 1
| #define GNULIB_TEST_FSEEK 1
| #define FUNC_FFLUSH_STDIN 1
| #define GNULIB_TEST_FSEEKO 1
| #define GNULIB_TEST_FTELL 1
| #define GNULIB_TEST_FTELLO 1
| #define HAVE_FTRUNCATE 1
| #define GNULIB_TEST_FTRUNCATE 1
| #define GNULIB_TEST_GETCWD 1
| #define HAVE_NEWLOCALE 1
| #define HAVE_DUPLOCALE 1
| #define HAVE_FREELOCALE 1
| #define GNULIB_TEST_GETLOCALENAME_L_UNSAFE 1
| #define HAVE_NEWLOCALE 1
| #define HAVE_DUPLOCALE 1
| #define HAVE_FREELOCALE 1
| #define GNULIB_TEST_GETPAGESIZE 1
| #define GETTIMEOFDAY_TIMEZONE void
| #define GNULIB_TEST_GETTIMEOFDAY 1
| #define HAVE_DUPLOCALE 1
| #define HAVE_DECL_INET_PTON 1
| #define HAVE_IOCTL 1
| #define GNULIB_TEST_IOCTL 1
| #define GNULIB_IOCTL IN_SED_GNULIB_TESTS
| #define GNULIB_ISBLANK IN_SED_GNULIB_TESTS
| #define HAVE_ISNAND_IN_LIBC 1
| #define HAVE_ISNANF_IN_LIBC 1
| #define HAVE_ISNANL_IN_LIBC 1
| #define GNULIB_TEST_LINK 1
| #define GNULIB_TEST_LISTEN 1
| #define GNULIB_LISTEN IN_SED_GNULIB_TESTS
| #define HAVE_NEWLOCALE 1
| #define GNULIB_TEST_LOCALENAME_ENVIRON 1
| #define HAVE_NEWLOCALE 1
| #define GNULIB_TEST_LOCALENAME_UNSAFE 1
| #define GNULIB_TEST_LSEEK 1
| #define GNULIB_TEST_MEMSET_EXPLICIT 1
| #define HAVE_MKFIFO 1
| #define GNULIB_TEST_MKFIFO 1
| #define HAVE_BUG_BIG_NANOSLEEP 1
| #define GNULIB_TEST_NANOSLEEP 1
| #define HAVE_USELOCALE 1
| #define HAVE_WORKING_USELOCALE 1
| #define HAVE_OPENDIR 1
| #define GNULIB_TEST_OPENDIR 1
| #define GNULIB_TEST_PERROR 1
| #define GNULIB_TEST_PIPE 1
| #define GNULIB_TEST_PSELECT 1
| #define GNULIB_TEST_PTHREAD_COND 1
| #define GNULIB_TEST_PTHREAD_MUTEX 1
| #define GNULIB_TEST_PTHREAD_RWLOCK 1
| #define GNULIB_TEST_PTHREAD_THREAD 1
| #define GNULIB_TEST_PTHREAD_MUTEX_TIMEDLOCK 1
| #define HAVE_PTHREAD_SIGMASK 1
| #define GNULIB_TEST_PTHREAD_SIGMASK 1
| #define GNULIB_TEST_PUTENV 1
| #define HAVE_RAISE 1
| #define GNULIB_TEST_RAISE 1
| #define HAVE_INITSTATE 1
| #define HAVE_SETSTATE 1
| #define GNULIB_TEST_RANDOM 1
| /* end confdefs.h.  */
| /* Define random_r to an innocuous variant, in case <limits.h> declares random_r.
|    For example, HP-UX 11i <limits.h> declares gettimeofday.  */
| #define random_r innocuous_random_r
| 
| /* System header to define __stub macros and hopefully few prototypes,
|    which can conflict with char random_r (void); below.  */
| 
| #include <limits.h>
| #undef random_r
| 
| /* Override any GCC internal prototype to avoid an error.
|    Use char because int might match the return type of a GCC
|    builtin and then its argument prototype would still apply.  */
| #ifdef __cplusplus
| extern "C"
| #endif
| char random_r (void);
| /* The GNU C library defines this for functions which it implements
|     to always fail with ENOSYS.  Some functions are actually named
|     something starting with __ and the normal name is an alias.  */
| #if defined __stub_random_r || defined __stub___random_r
| choke me
| #endif
| 
| int
| main (void)
| {
| return random_r ();
|   ;
|   return 0;
| }
configure:53650: result: no
configure:53716: checking for readdir
configure:53716: gcc -o conftest -g -O2   conftest.c  >&5
configure:53716: $? = 0
configure:53716: result: yes
configure:53781: checking whether sched_yield is declared
configure:53781: gcc -c -g -O2   conftest.c >&5
configure:53781: $? = 0
configure:53781: result: yes
configure:53839: checking whether select supports a 0 argument
configure:53873: gcc -o conftest -g -O2   conftest.c  >&5
configure:53873: $? = 0
configure:53873: ./conftest
configure:53873: $? = 0
configure:53888: result: yes
configure:53895: checking whether select detects invalid fds
configure:53949: gcc -o conftest -g -O2   conftest.c  >&5
configure:53949: $? = 0
configure:53949: ./conftest
configure:53949: $? = 0
configure:53964: result: yes
configure:54054: checking whether setenv validates arguments
configure:54102: gcc -o conftest -g -O2   conftest.c  >&5
configure:54102: $? = 0
configure:54102: ./conftest
configure:54102: $? = 0
configure:54116: result: yes
configure:54326: checking for signbit macro
configure:54437: gcc -o conftest -g -O2   conftest.c  >&5
configure:54437: $? = 0
configure:54437: ./conftest
configure:54437: $? = 0
configure:54452: result: yes
configure:54454: checking for signbit compiler built-ins
configure:54567: gcc -o conftest -g -O2   conftest.c  >&5
configure:54567: $? = 0
configure:54567: ./conftest
configure:54567: $? = 0
configure:54582: result: yes
configure:55188: checking whether sleep is declared
configure:55188: gcc -c -g -O2   conftest.c >&5
configure:55188: $? = 0
configure:55188: result: yes
configure:55203: checking for working sleep
configure:55259: gcc -o conftest -g -O2   conftest.c  >&5
configure:55259: $? = 0
configure:55259: ./conftest
configure:55259: $? = 0
configure:55273: result: yes
configure:55389: checking for socklen_t
configure:55389: gcc -c -g -O2  conftest.c >&5
configure:55389: $? = 0
configure:55389: gcc -c -g -O2  conftest.c >&5
conftest.c: In function 'main':
conftest.c:493:24: error: expected expression before ')' token
  493 | if (sizeof ((socklen_t)))
      |                        ^
configure:55389: $? = 1
configure: failed program was:
| /* confdefs.h */
| #define PACKAGE_NAME "GNU sed"
| #define PACKAGE_TARNAME "sed"
| #define PACKAGE_VERSION "4.10"
| #define PACKAGE_STRING "GNU sed 4.10"
| #define PACKAGE_BUGREPORT "bug-sed@gnu.org"
| #define PACKAGE_URL "https://www.gnu.org/software/sed/"
| #define PACKAGE "sed"
| #define VERSION "4.10"
| #define HAVE_STDIO_H 1
| #define HAVE_STDLIB_H 1
| #define HAVE_STRING_H 1
| #define HAVE_INTTYPES_H 1
| #define HAVE_STDINT_H 1
| #define HAVE_STRINGS_H 1
| #define HAVE_SYS_STAT_H 1
| #define HAVE_SYS_TYPES_H 1
| #define HAVE_UNISTD_H 1
| #define HAVE_WCHAR_H 1
| #define HAVE_STDBOOL_H 1
| #define HAVE_UCHAR_H 1
| #define HAVE_SYS_PARAM_H 1
| #define HAVE_SYS_SOCKET_H 1
| #define HAVE_DIRENT_H 1
| #define HAVE_LINUX_XATTR_H 1
| #define HAVE_STDIO_EXT_H 1
| #define HAVE_GETOPT_H 1
| #define HAVE_THREADS_H 1
| #define HAVE_LIMITS_H 1
| #define HAVE_WCTYPE_H 1
| #define HAVE_LANGINFO_H 1
| #define HAVE_SYS_MMAN_H 1
| #define HAVE_PTHREAD_H 1
| #define HAVE_MALLOC_H 1
| #define HAVE_SYS_TIME_H 1
| #define HAVE_STDCKDINT_H 1
| #define HAVE_SYS_RANDOM_H 1
| #define HAVE_FEATURES_H 1
| #define HAVE_ARPA_INET_H 1
| #define HAVE_NETDB_H 1
| #define HAVE_NETINET_IN_H 1
| #define HAVE_MATH_H 1
| #define HAVE_SYS_SELECT_H 1
| #define HAVE_SYS_WAIT_H 1
| #define HAVE_SEMAPHORE_H 1
| #define HAVE_SYS_IOCTL_H 1
| #define HAVE_SYS_UN_H 1
| #define HAVE_SYS_UIO_H 1
| #define HAVE_LOCALE_H 1
| #define HAVE_ERRNO_H 1
| #define STDC_HEADERS 1
| #define _ALL_SOURCE 1
| #define _COSMO_SOURCE 1
| #define _DARWIN_C_SOURCE 1
| #define _GNU_SOURCE 1
| #define _HPUX_ALT_XOPEN_SOCKET_API 1
| #define _NETBSD_SOURCE 1
| #define _OPENBSD_SOURCE 1
| #define _POSIX_PTHREAD_SEMANTICS 1
| #define __STDC_WANT_IEC_60559_ATTRIBS_EXT__ 1
| #define __STDC_WANT_IEC_60559_BFP_EXT__ 1
| #define __STDC_WANT_IEC_60559_DFP_EXT__ 1
| #define __STDC_WANT_IEC_60559_EXT__ 1
| #define __STDC_WANT_IEC_60559_FUNCS_EXT__ 1
| #define __STDC_WANT_IEC_60559_TYPES_EXT__ 1
| #define __STDC_WANT_LIB_EXT2__ 1
| #define __STDC_WANT_MATH_SPEC_FUNCS__ 1
| #define _TANDEM_SOURCE 1
| #define __EXTENSIONS__ 1
| #define _LINUX_SOURCE_COMPAT 1
| #define __USE_MINGW_ANSI_STDIO 1
| #define HAVE_FCHMOD 1
| #define HAVE_BTOWC 1
| #define HAVE_MBRTOWC 1
| #define HAVE_MBSINIT 1
| #define HAVE_REALPATH 1
| #define HAVE_LSTAT 1
| #define HAVE_FCNTL 1
| #define HAVE_SYMLINK 1
| #define HAVE_LISTXATTR 1
| #define HAVE_GETDTABLESIZE 1
| #define HAVE_ISWCNTRL 1
| #define HAVE_MPROTECT 1
| #define HAVE_READLINK 1
| #define HAVE_ISBLANK 1
| #define HAVE_ISWCTYPE 1
| #define HAVE_LINK 1
| #define HAVE_VASPRINTF 1
| #define HAVE___XPG_STRERROR_R 1
| #define HAVE_STRTOIMAX 1
| #define HAVE_WCRTOMB 1
| #define HAVE_WCTOB 1
| #define HAVE_FPURGE 1
| #define HAVE_GETTIMEOFDAY 1
| #define HAVE_PIPE 1
| #define HAVE_PSELECT 1
| #define HAVE_PTHREAD_SIGMASK 1
| #define HAVE_SIGPROCMASK 1
| #define HAVE_SETENV 1
| #define HAVE_SLEEP 1
| #define HAVE_SNPRINTF 1
| #define HAVE_SHUTDOWN 1
| #define HAVE_ISATTY 1
| #define HAVE_ISASCII 1
| #define HAVE_MEMCPY 1
| #define HAVE_STRCHR 1
| #define HAVE_STRTOUL 1
| #define HAVE_POPEN 1
| #define HAVE_PATHCONF 1
| #define HAVE_FCHOWN 1
| #define HAVE_SETLOCALE 1
| #define USE_ACL 0
| #define HAVE_ALLOCA_H 1
| #define HAVE_ALLOCA 1
| #define HAVE_WINT_T 1
| #define HAVE_LANGINFO_CODESET 1
| #define BITSIZEOF_WCHAR_T 32
| #define HAVE_MBSTATE_T 1
| #define HAVE_WORKING_MBRTOC32 1
| #define HAVE_WORKING_C32RTOMB 1
| #define HAVE_MALLOC_PTRDIFF 1
| #define HAVE_MALLOC_POSIX 1
| #define LSTAT_FOLLOWS_SLASHED_SYMLINK 1
| #define FUNC_REALPATH_NEARLY_WORKS 1
| #define HAVE_FACCESSAT 1
| #define HAVE_GETCWD 1
| #define HAVE_DECL_STRERROR_R 1
| #define HAVE_STRERROR_R 1
| #define HAVE_WORKING_O_DIRECTORY 1
| #define HAVE_WORKING_O_NOATIME 1
| #define HAVE_WORKING_O_NOFOLLOW 1
| #define USE_SELINUX_SELINUX_H 0
| #define restrict __restrict__
| #define HAVE_DECL_GETDELIM 1
| #define HAVE_DECL_GETDTABLESIZE 1
| #define HAVE_GETOPT_H 1
| #define HAVE_GETOPT_LONG_ONLY 1
| #define MUSL_LIBC 1
| #define HAVE_PTHREAD_API 1
| #define SETLOCALE_NULL_ALL_MTSAFE 0
| #define SETLOCALE_NULL_ONE_MTSAFE 1
| #define HAVE_WEAK_SYMBOLS 1
| #define HAVE_LONG_LONG_INT 1
| #define HAVE_UNSIGNED_LONG_LONG_INT 1
| #define HAVE_TOWLOWER 1
| #define AVOID_ANY_THREADS 1
| #define HAVE_MALLOC_0_NONNULL 1
| #define HAVE_DECL_MEMEQ 0
| #define HAVE_DECL_MEMRCHR 1
| #define HAVE_MINMAX_IN_SYS_PARAM_H 1
| #define PROMOTED_MODE_T mode_t
| #define HAVE_PTHREAD_T 1
| #define HAVE_PTHREAD_SPINLOCK_T 1
| #define HAVE_DECL_ALARM 1
| #define HAVE_SCHED_H 1
| #define HAVE_DECL_FCLOSEALL 0
| #define HAVE_DECL_GETW 1
| #define HAVE_DECL_PUTW 1
| #define HAVE_DECL_ECVT 1
| #define HAVE_DECL_FCVT 1
| #define HAVE_DECL_GCVT 1
| #define HAVE_DECL_STREQ 0
| #define HAVE_STRERROR_R 1
| #define HAVE_DECL_STRTOIMAX 1
| #define _USE_STD_STAT 1
| #define HAVE_DECL_EXECVPE 1
| #define HAVE_DECL_CLEARERR_UNLOCKED 1
| #define HAVE_DECL_FEOF_UNLOCKED 1
| #define HAVE_DECL_FERROR_UNLOCKED 1
| #define HAVE_DECL_FFLUSH_UNLOCKED 1
| #define HAVE_DECL_FGETS_UNLOCKED 1
| #define HAVE_DECL_FILENO_UNLOCKED 1
| #define HAVE_DECL_FPUTC_UNLOCKED 1
| #define HAVE_DECL_FPUTS_UNLOCKED 1
| #define HAVE_DECL_FREAD_UNLOCKED 1
| #define HAVE_DECL_FWRITE_UNLOCKED 1
| #define HAVE_DECL_GETC_UNLOCKED 1
| #define HAVE_DECL_GETCHAR_UNLOCKED 1
| #define HAVE_DECL_PUTC_UNLOCKED 1
| #define HAVE_DECL_PUTCHAR_UNLOCKED 1
| #define HAVE_DECL_WCSDUP 1
| #define HAVE_SHUTDOWN 1
| #define HAVE_STRUCT_SOCKADDR_STORAGE 1
| #define HAVE_SA_FAMILY_T 1
| #define HAVE_STRUCT_SOCKADDR_STORAGE_SS_FAMILY 1
| #define HAVE_ENVIRON_DECL 1
| #define FUNC_FFLUSH_STDIN 1
| #define HAVE_FREXP 1
| #define HAVE_FREXPL 1
| #define HAVE_DECL_FSEEKO 1
| #define FUNC_FFLUSH_STDIN 1
| #define HAVE_DECL_FTELLO 1
| #define HAVE_USELOCALE 1
| #define HAVE_WORKING_USELOCALE 1
| #define HAVE_GOOD_USELOCALE 1
| #define HAVE_IPV4 1
| #define HAVE_IPV6 1
| #define DBL_EXPBIT0_WORD 1
| #define DBL_EXPBIT0_BIT 20
| #define FLT_EXPBIT0_WORD 0
| #define FLT_EXPBIT0_BIT 23
| #define LDBL_EXPBIT0_WORD 2
| #define LDBL_EXPBIT0_BIT 0
| #define HAVE_LC_MESSAGES 1
| #define HAVE_DECL__PUTENV 0
| #define HAVE_SIGSET_T 1
| #define HAVE_DECL_INITSTATE 1
| #define HAVE_DECL_SETSTATE 1
| #define HAVE_DECL_SETENV 1
| #define HAVE_SEARCH_H 1
| #define HAVE_TSEARCH 1
| #define HAVE_DECL_STRDUP 1
| #define HAVE_DECL_UNSETENV 1
| #define HAVE_C_ALIGNASOF 1
| #define HAVE_ALLOCA 1
| #define HAVE_C_STATIC_ASSERT 1
| #define HAVE_C_BOOL 1
| #define GNULIB_TEST_BTOWC 1
| #define HAVE___BUILTIN_EXPECT 1
| #define GNULIB_TEST_C32ISPRINT 1
| #define GNULIB_TEST_C32ISSPACE 1
| #define GNULIB_TEST_C32RTOMB 1
| #define GNULIB_TEST_C32TOB 1
| #define GNULIB_TEST_C32TOLOWER 1
| #define GNULIB_TEST_C32TOUPPER 1
| #define GNULIB_TEST_CALLOC_GNU 1
| #define GNULIB_TEST_CALLOC_POSIX 1
| #define GNULIB_CANONICALIZE_LGPL 1
| #define GNULIB_TEST_CANONICALIZE_FILE_NAME 1
| #define GNULIB_TEST_REALPATH 1
| #define GNULIB_TEST_CHDIR 1
| #define HAVE_CLOCK_GETRES 1
| #define HAVE_CLOCK_GETTIME 1
| #define HAVE_CLOCK_SETTIME 1
| #define GNULIB_TEST_CLOEXEC 1
| #define GNULIB_TEST_CLOSE 1
| #define GNULIB_CLOSE 1
| #define GNULIB_TEST_DUP2 1
| #define GNULIB_TEST_FCNTL 1
| #define FLEXIBLE_ARRAY_MEMBER /**/
| #define GNULIB_TEST_FREE_POSIX 1
| #define HAVE___FSETERR 1
| #define GNULIB_TEST_FSTAT 1
| #define GNULIB_FSTAT 1
| #define HAVE___FWRITING 1
| #define HAVE_GETDELIM 1
| #define GNULIB_TEST_GETDELIM 1
| #define GNULIB_TEST_GETDTABLESIZE 1
| #define __GETOPT_PREFIX rpl_
| #define GNULIB_TEST_GETOPT_POSIX 1
| #define HAVE_DECL_PROGRAM_INVOCATION_NAME 1
| #define HAVE_DECL_PROGRAM_INVOCATION_NAME 1
| #define HAVE_DECL_PROGRAM_INVOCATION_SHORT_NAME 1
| #define HAVE_DECL___ARGV 0
| #define GNULIB_TEST_GETPROGNAME 1
| #define HAVE_GETRANDOM 1
| #define GNULIB_TEST_GETRANDOM 1
| #define GNULIB_LOCALEDIR "/usr/share/locale"
| #define GNULIB_ISSYMLINK 1
| #define HAVE_ISWBLANK 1
| #define HAVE_DECL_ISWBLANK 1
| #define GNULIB_TEST_ISWBLANK 1
| #define GNULIB_TEST_ISWCTYPE 1
| #define GNULIB_TEST_ISWDIGIT 1
| #define GNULIB_TEST_ISWPUNCT 1
| #define GNULIB_TEST_ISWXDIGIT 1
| #define HAVE___INLINE 1
| #define GNULIB_TEST_LOCALECONV 1
| #define GNULIB_LOCALECONV 1
| #define GNULIB_LOCK 1
| #define GNULIB_TEST_LSTAT 1
| #define GNULIB_LSTAT 1
| #define GNULIB_TEST_MALLOC_GNU 1
| #define GNULIB_TEST_MALLOC_POSIX 1
| #define GNULIB_TEST_MBRTOC32 1
| #define GNULIB_MBRTOC32_REGULAR 1
| #define GNULIB_TEST_MBRTOWC 1
| #define GNULIB_TEST_MBSINIT 1
| #define GNULIB_TEST_MBSZERO 1
| #define HAVE_MBTOWC 1
| #define GNULIB_TEST_MBTOWC 1
| #define GNULIB_TEST_MEMCHR 1
| #define GNULIB_TEST_MEMEQ 1
| #define HAVE_MEMPCPY 1
| #define GNULIB_TEST_MEMPCPY 1
| #define HAVE_MEMRCHR 1
| #define GNULIB_TEST_MEMRCHR 1
| #define GNULIB_TEST_MKDIR 1
| #define HAVE_MKOSTEMP 1
| #define GNULIB_MKOSTEMP 1
| #define GNULIB_TEST_MKOSTEMP 1
| #define GNULIB_MSVC_NOTHROW 1
| #define HAVE_NL_LANGINFO 1
| #define NL_LANGINFO_MTSAFE 1
| #define REPLACE_NL_LANGINFO 1
| #define GNULIB_TEST_NL_LANGINFO 1
| #define GNULIB_TEST_OPEN 1
| #define HAVE_DECL_PROGRAM_INVOCATION_NAME 1
| #define HAVE_DECL_PROGRAM_INVOCATION_SHORT_NAME 1
| #define GNULIB_TEST_PTHREAD_ONCE 1
| #define GNULIB_TEST_RAWMEMCHR 1
| #define GNULIB_TEST_READLINK 1
| #define HAVE_REALLOC_POSIX 1
| #define HAVE_REALLOC_0_NONNULL 1
| #define GNULIB_TEST_REALLOC_POSIX 1
| #define HAVE_REALLOCARRAY 1
| #define GNULIB_REALLOCARRAY 1
| #define GNULIB_TEST_REALLOCARRAY 1
| #define _REGEX_INCLUDE_LIMITS_H 1
| #define _REGEX_LARGE_OFFSETS 1
| #define re_syntax_options rpl_re_syntax_options
| #define re_set_syntax rpl_re_set_syntax
| #define re_compile_pattern rpl_re_compile_pattern
| #define re_compile_fastmap rpl_re_compile_fastmap
| #define re_search rpl_re_search
| #define re_search_2 rpl_re_search_2
| #define re_match rpl_re_match
| #define re_match_2 rpl_re_match_2
| #define re_set_registers rpl_re_set_registers
| #define re_comp rpl_re_comp
| #define re_exec rpl_re_exec
| #define regcomp rpl_regcomp
| #define regexec rpl_regexec
| #define regerror rpl_regerror
| #define regfree rpl_regfree
| #define HAVE_DECL_ISBLANK 1
| #define GNULIB_TEST_RENAME 1
| #define GNULIB_TEST_RMDIR 1
| #define HAVE_VISIBILITY 1
| #define GNULIB_TEST_SETLOCALE_NULL 1
| #define GNULIB_TEST_STAT 1
| #define GNULIB_STAT 1
| #define HAVE_STRUCT_STAT_ST_ATIM_TV_NSEC 1
| #define TYPEOF_STRUCT_STAT_ST_ATIM_IS_STRUCT_TIMESPEC 1
| #define GNULIB_TEST_FSCANF 1
| #define GNULIB_FSCANF 1
| #define GNULIB_TEST_SCANF 1
| #define GNULIB_SCANF 1
| #define GNULIB_TEST_FGETC 1
| #define GNULIB_TEST_GETC 1
| #define GNULIB_TEST_GETCHAR 1
| #define GNULIB_TEST_FGETS 1
| #define GNULIB_TEST_FREAD 1
| #define GNULIB_TEST_FPRINTF 1
| #define GNULIB_TEST_PRINTF 1
| #define GNULIB_TEST_VFPRINTF 1
| #define GNULIB_TEST_VPRINTF 1
| #define GNULIB_TEST_FPUTC 1
| #define GNULIB_TEST_PUTC 1
| #define GNULIB_TEST_PUTCHAR 1
| #define GNULIB_TEST_FPUTS 1
| #define GNULIB_TEST_PUTS 1
| #define GNULIB_TEST_FWRITE 1
| #define GNULIB_TEST_STREQ 1
| #define GNULIB_STRERROR 1
| #define GNULIB_TEST_STRERROR 1
| #define GNULIB_TEST_STRNCPY 1
| #define GNULIB_TEST_STRNUL 1
| #define HAVE_STRTOLL 1
| #define GNULIB_TEST_STRTOLL 1
| #define HAVE_STRVERSCMP 1
| #define GNULIB_TEST_STRVERSCMP 1
| #define GNULIB_TEMPNAME 1
| #define GNULIB_STDIO_SINGLE_THREAD 1
| #define USE_UNLOCKED_IO GNULIB_STDIO_SINGLE_THREAD
| #define HAVE_C_VARARRAYS 1
| #define GNULIB_TEST_WCRTOMB 1
| #define GNULIB_TEST_WCTOB 1
| #define GNULIB_TEST_WCTOMB 1
| #define GNULIB_TEST_WCTYPE 1
| #define GNULIB_XALLOC 1
| #define GNULIB_XALLOC_DIE 1
| #define GNULIB_TEST_ACCEPT 1
| #define GNULIB_ACCEPT IN_SED_GNULIB_TESTS
| #define GNULIB_TEST_BIND 1
| #define GNULIB_BIND IN_SED_GNULIB_TESTS
| #define GNULIB_TEST_BTOC32 1
| #define HAVE_CLOSEDIR 1
| #define GNULIB_TEST_CLOSEDIR 1
| #define GNULIB_TEST_CONNECT 1
| #define GNULIB_CONNECT IN_SED_GNULIB_TESTS
| #define HAVE_DIRFD 1
| #define HAVE_DECL_DIRFD 1
| #define GNULIB_TEST_DIRFD 1
| #define GNULIB_TEST_ENVIRON 1
| #define GNULIB_TEST_FDOPEN 1
| #define FUNC_FFLUSH_STDIN 1
| #define GNULIB_FFLUSH IN_SED_GNULIB_TESTS
| #define GNULIB_TEST_FFLUSH 1
| #define GNULIB_TEST_FOPEN 1
| #define GNULIB_FOPEN_GNU IN_SED_GNULIB_TESTS
| #define GNULIB_TEST_FOPEN_GNU 1
| #define HAVE___FPURGE 1
| #define HAVE_DECL_FPURGE 0
| #define GNULIB_TEST_FPURGE 1
| #define HAVE___FREADING 1
| #define GNULIB_TEST_FREXP 1
| #define GNULIB_TEST_FREXPL 1
| #define GNULIB_TEST_FSEEK 1
| #define FUNC_FFLUSH_STDIN 1
| #define GNULIB_TEST_FSEEKO 1
| #define GNULIB_TEST_FTELL 1
| #define GNULIB_TEST_FTELLO 1
| #define HAVE_FTRUNCATE 1
| #define GNULIB_TEST_FTRUNCATE 1
| #define GNULIB_TEST_GETCWD 1
| #define HAVE_NEWLOCALE 1
| #define HAVE_DUPLOCALE 1
| #define HAVE_FREELOCALE 1
| #define GNULIB_TEST_GETLOCALENAME_L_UNSAFE 1
| #define HAVE_NEWLOCALE 1
| #define HAVE_DUPLOCALE 1
| #define HAVE_FREELOCALE 1
| #define GNULIB_TEST_GETPAGESIZE 1
| #define GETTIMEOFDAY_TIMEZONE void
| #define GNULIB_TEST_GETTIMEOFDAY 1
| #define HAVE_DUPLOCALE 1
| #define HAVE_DECL_INET_PTON 1
| #define HAVE_IOCTL 1
| #define GNULIB_TEST_IOCTL 1
| #define GNULIB_IOCTL IN_SED_GNULIB_TESTS
| #define GNULIB_ISBLANK IN_SED_GNULIB_TESTS
| #define HAVE_ISNAND_IN_LIBC 1
| #define HAVE_ISNANF_IN_LIBC 1
| #define HAVE_ISNANL_IN_LIBC 1
| #define GNULIB_TEST_LINK 1
| #define GNULIB_TEST_LISTEN 1
| #define GNULIB_LISTEN IN_SED_GNULIB_TESTS
| #define HAVE_NEWLOCALE 1
| #define GNULIB_TEST_LOCALENAME_ENVIRON 1
| #define HAVE_NEWLOCALE 1
| #define GNULIB_TEST_LOCALENAME_UNSAFE 1
| #define GNULIB_TEST_LSEEK 1
| #define GNULIB_TEST_MEMSET_EXPLICIT 1
| #define HAVE_MKFIFO 1
| #define GNULIB_TEST_MKFIFO 1
| #define HAVE_BUG_BIG_NANOSLEEP 1
| #define GNULIB_TEST_NANOSLEEP 1
| #define HAVE_USELOCALE 1
| #define HAVE_WORKING_USELOCALE 1
| #define HAVE_OPENDIR 1
| #define GNULIB_TEST_OPENDIR 1
| #define GNULIB_TEST_PERROR 1
| #define GNULIB_TEST_PIPE 1
| #define GNULIB_TEST_PSELECT 1
| #define GNULIB_TEST_PTHREAD_COND 1
| #define GNULIB_TEST_PTHREAD_MUTEX 1
| #define GNULIB_TEST_PTHREAD_RWLOCK 1
| #define GNULIB_TEST_PTHREAD_THREAD 1
| #define GNULIB_TEST_PTHREAD_MUTEX_TIMEDLOCK 1
| #define HAVE_PTHREAD_SIGMASK 1
| #define GNULIB_TEST_PTHREAD_SIGMASK 1
| #define GNULIB_TEST_PUTENV 1
| #define HAVE_RAISE 1
| #define GNULIB_TEST_RAISE 1
| #define HAVE_INITSTATE 1
| #define HAVE_SETSTATE 1
| #define GNULIB_TEST_RANDOM 1
| #define GNULIB_TEST_RANDOM_R 1
| #define HAVE_READDIR 1
| #define GNULIB_TEST_READDIR 1
| #define GNULIB_TEST_SCHED_YIELD 1
| #define GNULIB_TEST_SELECT 1
| #define GNULIB_SELECT IN_SED_GNULIB_TESTS
| #define GNULIB_TEST_SETENV 1
| #define NEED_SETLOCALE_IMPROVED 0
| #define NEED_SETLOCALE_MTSAFE 1
| #define GNULIB_TEST_SETLOCALE 1
| #define GNULIB_TEST_SETSOCKOPT 1
| #define GNULIB_SETSOCKOPT IN_SED_GNULIB_TESTS
| #define GNULIB_TEST_SIGNBIT_NO_CXX 1
| #define GNULIB_TEST_SIGPROCMASK 1
| #define HAVE_DECL_SLEEP 1
| #define GNULIB_TEST_SLEEP 1
| #define GNULIB_TEST_SOCKET 1
| #define GNULIB_SOCKET IN_SED_GNULIB_TESTS
| /* end confdefs.h.  */
| 
| /* <sys/types.h> is not needed according to POSIX, but the
|    <sys/socket.h> in i386-unknown-freebsd4.10 and
|    powerpc-apple-darwin5.5 required it. */
| #include <sys/types.h>
| #if HAVE_SYS_SOCKET_H
| # include <sys/socket.h>
| #elif HAVE_WS2TCPIP_H
| # include <ws2tcpip.h>
| #endif
| 
| 
| int
| main (void)
| {
| if (sizeof ((socklen_t)))
| 	    return 0;
|   ;
|   return 0;
| }
configure:55389: result: yes
configure:55464: checking for stpcpy
configure:55501: checking for stpcpy
configure:55501: gcc -o conftest -g -O2   conftest.c  >&5
conftest.c:494:6: warning: conflicting types for built-in function 'stpcpy'; expected 'char *(char *, const char *)' [-Wbuiltin-declaration-mismatch]
  494 | char stpcpy (void);
      |      ^~~~~~
configure:55501: $? = 0
configure:55501: result: yes
configure:55517: result: yes
configure:55866: checking whether symlink handles trailing slash correctly
configure:55906: gcc -o conftest -g -O2   conftest.c  >&5
configure:55906: $? = 0
configure:55906: ./conftest
configure:55906: $? = 0
configure:55921: result: yes
configure:55996: checking for IPv4 sockets
configure:56033: result: yes
configure:56041: checking for IPv6 sockets
configure:56081: result: yes
configure:56104: checking for UNIX domain sockets
configure:56134: gcc -c -g -O2  conftest.c >&5
configure:56134: $? = 0
configure:56144: result: yes
configure:56521: checking for sys/single_threaded.h
configure:56521: gcc -c -g -O2  conftest.c >&5
conftest.c:517:10: fatal error: sys/single_threaded.h: No such file or directory
  517 | #include <sys/single_threaded.h>
      |          ^~~~~~~~~~~~~~~~~~~~~~~
compilation terminated.
configure:56521: $? = 1
configure: failed program was:
| /* confdefs.h */
| #define PACKAGE_NAME "GNU sed"
| #define PACKAGE_TARNAME "sed"
| #define PACKAGE_VERSION "4.10"
| #define PACKAGE_STRING "GNU sed 4.10"
| #define PACKAGE_BUGREPORT "bug-sed@gnu.org"
| #define PACKAGE_URL "https://www.gnu.org/software/sed/"
| #define PACKAGE "sed"
| #define VERSION "4.10"
| #define HAVE_STDIO_H 1
| #define HAVE_STDLIB_H 1
| #define HAVE_STRING_H 1
| #define HAVE_INTTYPES_H 1
| #define HAVE_STDINT_H 1
| #define HAVE_STRINGS_H 1
| #define HAVE_SYS_STAT_H 1
| #define HAVE_SYS_TYPES_H 1
| #define HAVE_UNISTD_H 1
| #define HAVE_WCHAR_H 1
| #define HAVE_STDBOOL_H 1
| #define HAVE_UCHAR_H 1
| #define HAVE_SYS_PARAM_H 1
| #define HAVE_SYS_SOCKET_H 1
| #define HAVE_DIRENT_H 1
| #define HAVE_LINUX_XATTR_H 1
| #define HAVE_STDIO_EXT_H 1
| #define HAVE_GETOPT_H 1
| #define HAVE_THREADS_H 1
| #define HAVE_LIMITS_H 1
| #define HAVE_WCTYPE_H 1
| #define HAVE_LANGINFO_H 1
| #define HAVE_SYS_MMAN_H 1
| #define HAVE_PTHREAD_H 1
| #define HAVE_MALLOC_H 1
| #define HAVE_SYS_TIME_H 1
| #define HAVE_STDCKDINT_H 1
| #define HAVE_SYS_RANDOM_H 1
| #define HAVE_FEATURES_H 1
| #define HAVE_ARPA_INET_H 1
| #define HAVE_NETDB_H 1
| #define HAVE_NETINET_IN_H 1
| #define HAVE_MATH_H 1
| #define HAVE_SYS_SELECT_H 1
| #define HAVE_SYS_WAIT_H 1
| #define HAVE_SEMAPHORE_H 1
| #define HAVE_SYS_IOCTL_H 1
| #define HAVE_SYS_UN_H 1
| #define HAVE_SYS_UIO_H 1
| #define HAVE_LOCALE_H 1
| #define HAVE_ERRNO_H 1
| #define STDC_HEADERS 1
| #define _ALL_SOURCE 1
| #define _COSMO_SOURCE 1
| #define _DARWIN_C_SOURCE 1
| #define _GNU_SOURCE 1
| #define _HPUX_ALT_XOPEN_SOCKET_API 1
| #define _NETBSD_SOURCE 1
| #define _OPENBSD_SOURCE 1
| #define _POSIX_PTHREAD_SEMANTICS 1
| #define __STDC_WANT_IEC_60559_ATTRIBS_EXT__ 1
| #define __STDC_WANT_IEC_60559_BFP_EXT__ 1
| #define __STDC_WANT_IEC_60559_DFP_EXT__ 1
| #define __STDC_WANT_IEC_60559_EXT__ 1
| #define __STDC_WANT_IEC_60559_FUNCS_EXT__ 1
| #define __STDC_WANT_IEC_60559_TYPES_EXT__ 1
| #define __STDC_WANT_LIB_EXT2__ 1
| #define __STDC_WANT_MATH_SPEC_FUNCS__ 1
| #define _TANDEM_SOURCE 1
| #define __EXTENSIONS__ 1
| #define _LINUX_SOURCE_COMPAT 1
| #define __USE_MINGW_ANSI_STDIO 1
| #define HAVE_FCHMOD 1
| #define HAVE_BTOWC 1
| #define HAVE_MBRTOWC 1
| #define HAVE_MBSINIT 1
| #define HAVE_REALPATH 1
| #define HAVE_LSTAT 1
| #define HAVE_FCNTL 1
| #define HAVE_SYMLINK 1
| #define HAVE_LISTXATTR 1
| #define HAVE_GETDTABLESIZE 1
| #define HAVE_ISWCNTRL 1
| #define HAVE_MPROTECT 1
| #define HAVE_READLINK 1
| #define HAVE_ISBLANK 1
| #define HAVE_ISWCTYPE 1
| #define HAVE_LINK 1
| #define HAVE_VASPRINTF 1
| #define HAVE___XPG_STRERROR_R 1
| #define HAVE_STRTOIMAX 1
| #define HAVE_WCRTOMB 1
| #define HAVE_WCTOB 1
| #define HAVE_FPURGE 1
| #define HAVE_GETTIMEOFDAY 1
| #define HAVE_PIPE 1
| #define HAVE_PSELECT 1
| #define HAVE_PTHREAD_SIGMASK 1
| #define HAVE_SIGPROCMASK 1
| #define HAVE_SETENV 1
| #define HAVE_SLEEP 1
| #define HAVE_SNPRINTF 1
| #define HAVE_SHUTDOWN 1
| #define HAVE_ISATTY 1
| #define HAVE_ISASCII 1
| #define HAVE_MEMCPY 1
| #define HAVE_STRCHR 1
| #define HAVE_STRTOUL 1
| #define HAVE_POPEN 1
| #define HAVE_PATHCONF 1
| #define HAVE_FCHOWN 1
| #define HAVE_SETLOCALE 1
| #define USE_ACL 0
| #define HAVE_ALLOCA_H 1
| #define HAVE_ALLOCA 1
| #define HAVE_WINT_T 1
| #define HAVE_LANGINFO_CODESET 1
| #define BITSIZEOF_WCHAR_T 32
| #define HAVE_MBSTATE_T 1
| #define HAVE_WORKING_MBRTOC32 1
| #define HAVE_WORKING_C32RTOMB 1
| #define HAVE_MALLOC_PTRDIFF 1
| #define HAVE_MALLOC_POSIX 1
| #define LSTAT_FOLLOWS_SLASHED_SYMLINK 1
| #define FUNC_REALPATH_NEARLY_WORKS 1
| #define HAVE_FACCESSAT 1
| #define HAVE_GETCWD 1
| #define HAVE_DECL_STRERROR_R 1
| #define HAVE_STRERROR_R 1
| #define HAVE_WORKING_O_DIRECTORY 1
| #define HAVE_WORKING_O_NOATIME 1
| #define HAVE_WORKING_O_NOFOLLOW 1
| #define USE_SELINUX_SELINUX_H 0
| #define restrict __restrict__
| #define HAVE_DECL_GETDELIM 1
| #define HAVE_DECL_GETDTABLESIZE 1
| #define HAVE_GETOPT_H 1
| #define HAVE_GETOPT_LONG_ONLY 1
| #define MUSL_LIBC 1
| #define HAVE_PTHREAD_API 1
| #define SETLOCALE_NULL_ALL_MTSAFE 0
| #define SETLOCALE_NULL_ONE_MTSAFE 1
| #define HAVE_WEAK_SYMBOLS 1
| #define HAVE_LONG_LONG_INT 1
| #define HAVE_UNSIGNED_LONG_LONG_INT 1
| #define HAVE_TOWLOWER 1
| #define AVOID_ANY_THREADS 1
| #define HAVE_MALLOC_0_NONNULL 1
| #define HAVE_DECL_MEMEQ 0
| #define HAVE_DECL_MEMRCHR 1
| #define HAVE_MINMAX_IN_SYS_PARAM_H 1
| #define PROMOTED_MODE_T mode_t
| #define HAVE_PTHREAD_T 1
| #define HAVE_PTHREAD_SPINLOCK_T 1
| #define HAVE_DECL_ALARM 1
| #define HAVE_SCHED_H 1
| #define HAVE_DECL_FCLOSEALL 0
| #define HAVE_DECL_GETW 1
| #define HAVE_DECL_PUTW 1
| #define HAVE_DECL_ECVT 1
| #define HAVE_DECL_FCVT 1
| #define HAVE_DECL_GCVT 1
| #define HAVE_DECL_STREQ 0
| #define HAVE_STRERROR_R 1
| #define HAVE_DECL_STRTOIMAX 1
| #define _USE_STD_STAT 1
| #define HAVE_DECL_EXECVPE 1
| #define HAVE_DECL_CLEARERR_UNLOCKED 1
| #define HAVE_DECL_FEOF_UNLOCKED 1
| #define HAVE_DECL_FERROR_UNLOCKED 1
| #define HAVE_DECL_FFLUSH_UNLOCKED 1
| #define HAVE_DECL_FGETS_UNLOCKED 1
| #define HAVE_DECL_FILENO_UNLOCKED 1
| #define HAVE_DECL_FPUTC_UNLOCKED 1
| #define HAVE_DECL_FPUTS_UNLOCKED 1
| #define HAVE_DECL_FREAD_UNLOCKED 1
| #define HAVE_DECL_FWRITE_UNLOCKED 1
| #define HAVE_DECL_GETC_UNLOCKED 1
| #define HAVE_DECL_GETCHAR_UNLOCKED 1
| #define HAVE_DECL_PUTC_UNLOCKED 1
| #define HAVE_DECL_PUTCHAR_UNLOCKED 1
| #define HAVE_DECL_WCSDUP 1
| #define HAVE_SHUTDOWN 1
| #define HAVE_STRUCT_SOCKADDR_STORAGE 1
| #define HAVE_SA_FAMILY_T 1
| #define HAVE_STRUCT_SOCKADDR_STORAGE_SS_FAMILY 1
| #define HAVE_ENVIRON_DECL 1
| #define FUNC_FFLUSH_STDIN 1
| #define HAVE_FREXP 1
| #define HAVE_FREXPL 1
| #define HAVE_DECL_FSEEKO 1
| #define FUNC_FFLUSH_STDIN 1
| #define HAVE_DECL_FTELLO 1
| #define HAVE_USELOCALE 1
| #define HAVE_WORKING_USELOCALE 1
| #define HAVE_GOOD_USELOCALE 1
| #define HAVE_IPV4 1
| #define HAVE_IPV6 1
| #define DBL_EXPBIT0_WORD 1
| #define DBL_EXPBIT0_BIT 20
| #define FLT_EXPBIT0_WORD 0
| #define FLT_EXPBIT0_BIT 23
| #define LDBL_EXPBIT0_WORD 2
| #define LDBL_EXPBIT0_BIT 0
| #define HAVE_LC_MESSAGES 1
| #define HAVE_DECL__PUTENV 0
| #define HAVE_SIGSET_T 1
| #define HAVE_DECL_INITSTATE 1
| #define HAVE_DECL_SETSTATE 1
| #define HAVE_DECL_SETENV 1
| #define HAVE_SEARCH_H 1
| #define HAVE_TSEARCH 1
| #define HAVE_DECL_STRDUP 1
| #define HAVE_DECL_UNSETENV 1
| #define HAVE_C_ALIGNASOF 1
| #define HAVE_ALLOCA 1
| #define HAVE_C_STATIC_ASSERT 1
| #define HAVE_C_BOOL 1
| #define GNULIB_TEST_BTOWC 1
| #define HAVE___BUILTIN_EXPECT 1
| #define GNULIB_TEST_C32ISPRINT 1
| #define GNULIB_TEST_C32ISSPACE 1
| #define GNULIB_TEST_C32RTOMB 1
| #define GNULIB_TEST_C32TOB 1
| #define GNULIB_TEST_C32TOLOWER 1
| #define GNULIB_TEST_C32TOUPPER 1
| #define GNULIB_TEST_CALLOC_GNU 1
| #define GNULIB_TEST_CALLOC_POSIX 1
| #define GNULIB_CANONICALIZE_LGPL 1
| #define GNULIB_TEST_CANONICALIZE_FILE_NAME 1
| #define GNULIB_TEST_REALPATH 1
| #define GNULIB_TEST_CHDIR 1
| #define HAVE_CLOCK_GETRES 1
| #define HAVE_CLOCK_GETTIME 1
| #define HAVE_CLOCK_SETTIME 1
| #define GNULIB_TEST_CLOEXEC 1
| #define GNULIB_TEST_CLOSE 1
| #define GNULIB_CLOSE 1
| #define GNULIB_TEST_DUP2 1
| #define GNULIB_TEST_FCNTL 1
| #define FLEXIBLE_ARRAY_MEMBER /**/
| #define GNULIB_TEST_FREE_POSIX 1
| #define HAVE___FSETERR 1
| #define GNULIB_TEST_FSTAT 1
| #define GNULIB_FSTAT 1
| #define HAVE___FWRITING 1
| #define HAVE_GETDELIM 1
| #define GNULIB_TEST_GETDELIM 1
| #define GNULIB_TEST_GETDTABLESIZE 1
| #define __GETOPT_PREFIX rpl_
| #define GNULIB_TEST_GETOPT_POSIX 1
| #define HAVE_DECL_PROGRAM_INVOCATION_NAME 1
| #define HAVE_DECL_PROGRAM_INVOCATION_NAME 1
| #define HAVE_DECL_PROGRAM_INVOCATION_SHORT_NAME 1
| #define HAVE_DECL___ARGV 0
| #define GNULIB_TEST_GETPROGNAME 1
| #define HAVE_GETRANDOM 1
| #define GNULIB_TEST_GETRANDOM 1
| #define GNULIB_LOCALEDIR "/usr/share/locale"
| #define GNULIB_ISSYMLINK 1
| #define HAVE_ISWBLANK 1
| #define HAVE_DECL_ISWBLANK 1
| #define GNULIB_TEST_ISWBLANK 1
| #define GNULIB_TEST_ISWCTYPE 1
| #define GNULIB_TEST_ISWDIGIT 1
| #define GNULIB_TEST_ISWPUNCT 1
| #define GNULIB_TEST_ISWXDIGIT 1
| #define HAVE___INLINE 1
| #define GNULIB_TEST_LOCALECONV 1
| #define GNULIB_LOCALECONV 1
| #define GNULIB_LOCK 1
| #define GNULIB_TEST_LSTAT 1
| #define GNULIB_LSTAT 1
| #define GNULIB_TEST_MALLOC_GNU 1
| #define GNULIB_TEST_MALLOC_POSIX 1
| #define GNULIB_TEST_MBRTOC32 1
| #define GNULIB_MBRTOC32_REGULAR 1
| #define GNULIB_TEST_MBRTOWC 1
| #define GNULIB_TEST_MBSINIT 1
| #define GNULIB_TEST_MBSZERO 1
| #define HAVE_MBTOWC 1
| #define GNULIB_TEST_MBTOWC 1
| #define GNULIB_TEST_MEMCHR 1
| #define GNULIB_TEST_MEMEQ 1
| #define HAVE_MEMPCPY 1
| #define GNULIB_TEST_MEMPCPY 1
| #define HAVE_MEMRCHR 1
| #define GNULIB_TEST_MEMRCHR 1
| #define GNULIB_TEST_MKDIR 1
| #define HAVE_MKOSTEMP 1
| #define GNULIB_MKOSTEMP 1
| #define GNULIB_TEST_MKOSTEMP 1
| #define GNULIB_MSVC_NOTHROW 1
| #define HAVE_NL_LANGINFO 1
| #define NL_LANGINFO_MTSAFE 1
| #define REPLACE_NL_LANGINFO 1
| #define GNULIB_TEST_NL_LANGINFO 1
| #define GNULIB_TEST_OPEN 1
| #define HAVE_DECL_PROGRAM_INVOCATION_NAME 1
| #define HAVE_DECL_PROGRAM_INVOCATION_SHORT_NAME 1
| #define GNULIB_TEST_PTHREAD_ONCE 1
| #define GNULIB_TEST_RAWMEMCHR 1
| #define GNULIB_TEST_READLINK 1
| #define HAVE_REALLOC_POSIX 1
| #define HAVE_REALLOC_0_NONNULL 1
| #define GNULIB_TEST_REALLOC_POSIX 1
| #define HAVE_REALLOCARRAY 1
| #define GNULIB_REALLOCARRAY 1
| #define GNULIB_TEST_REALLOCARRAY 1
| #define _REGEX_INCLUDE_LIMITS_H 1
| #define _REGEX_LARGE_OFFSETS 1
| #define re_syntax_options rpl_re_syntax_options
| #define re_set_syntax rpl_re_set_syntax
| #define re_compile_pattern rpl_re_compile_pattern
| #define re_compile_fastmap rpl_re_compile_fastmap
| #define re_search rpl_re_search
| #define re_search_2 rpl_re_search_2
| #define re_match rpl_re_match
| #define re_match_2 rpl_re_match_2
| #define re_set_registers rpl_re_set_registers
| #define re_comp rpl_re_comp
| #define re_exec rpl_re_exec
| #define regcomp rpl_regcomp
| #define regexec rpl_regexec
| #define regerror rpl_regerror
| #define regfree rpl_regfree
| #define HAVE_DECL_ISBLANK 1
| #define GNULIB_TEST_RENAME 1
| #define GNULIB_TEST_RMDIR 1
| #define HAVE_VISIBILITY 1
| #define GNULIB_TEST_SETLOCALE_NULL 1
| #define GNULIB_TEST_STAT 1
| #define GNULIB_STAT 1
| #define HAVE_STRUCT_STAT_ST_ATIM_TV_NSEC 1
| #define TYPEOF_STRUCT_STAT_ST_ATIM_IS_STRUCT_TIMESPEC 1
| #define GNULIB_TEST_FSCANF 1
| #define GNULIB_FSCANF 1
| #define GNULIB_TEST_SCANF 1
| #define GNULIB_SCANF 1
| #define GNULIB_TEST_FGETC 1
| #define GNULIB_TEST_GETC 1
| #define GNULIB_TEST_GETCHAR 1
| #define GNULIB_TEST_FGETS 1
| #define GNULIB_TEST_FREAD 1
| #define GNULIB_TEST_FPRINTF 1
| #define GNULIB_TEST_PRINTF 1
| #define GNULIB_TEST_VFPRINTF 1
| #define GNULIB_TEST_VPRINTF 1
| #define GNULIB_TEST_FPUTC 1
| #define GNULIB_TEST_PUTC 1
| #define GNULIB_TEST_PUTCHAR 1
| #define GNULIB_TEST_FPUTS 1
| #define GNULIB_TEST_PUTS 1
| #define GNULIB_TEST_FWRITE 1
| #define GNULIB_TEST_STREQ 1
| #define GNULIB_STRERROR 1
| #define GNULIB_TEST_STRERROR 1
| #define GNULIB_TEST_STRNCPY 1
| #define GNULIB_TEST_STRNUL 1
| #define HAVE_STRTOLL 1
| #define GNULIB_TEST_STRTOLL 1
| #define HAVE_STRVERSCMP 1
| #define GNULIB_TEST_STRVERSCMP 1
| #define GNULIB_TEMPNAME 1
| #define GNULIB_STDIO_SINGLE_THREAD 1
| #define USE_UNLOCKED_IO GNULIB_STDIO_SINGLE_THREAD
| #define HAVE_C_VARARRAYS 1
| #define GNULIB_TEST_WCRTOMB 1
| #define GNULIB_TEST_WCTOB 1
| #define GNULIB_TEST_WCTOMB 1
| #define GNULIB_TEST_WCTYPE 1
| #define GNULIB_XALLOC 1
| #define GNULIB_XALLOC_DIE 1
| #define GNULIB_TEST_ACCEPT 1
| #define GNULIB_ACCEPT IN_SED_GNULIB_TESTS
| #define GNULIB_TEST_BIND 1
| #define GNULIB_BIND IN_SED_GNULIB_TESTS
| #define GNULIB_TEST_BTOC32 1
| #define HAVE_CLOSEDIR 1
| #define GNULIB_TEST_CLOSEDIR 1
| #define GNULIB_TEST_CONNECT 1
| #define GNULIB_CONNECT IN_SED_GNULIB_TESTS
| #define HAVE_DIRFD 1
| #define HAVE_DECL_DIRFD 1
| #define GNULIB_TEST_DIRFD 1
| #define GNULIB_TEST_ENVIRON 1
| #define GNULIB_TEST_FDOPEN 1
| #define FUNC_FFLUSH_STDIN 1
| #define GNULIB_FFLUSH IN_SED_GNULIB_TESTS
| #define GNULIB_TEST_FFLUSH 1
| #define GNULIB_TEST_FOPEN 1
| #define GNULIB_FOPEN_GNU IN_SED_GNULIB_TESTS
| #define GNULIB_TEST_FOPEN_GNU 1
| #define HAVE___FPURGE 1
| #define HAVE_DECL_FPURGE 0
| #define GNULIB_TEST_FPURGE 1
| #define HAVE___FREADING 1
| #define GNULIB_TEST_FREXP 1
| #define GNULIB_TEST_FREXPL 1
| #define GNULIB_TEST_FSEEK 1
| #define FUNC_FFLUSH_STDIN 1
| #define GNULIB_TEST_FSEEKO 1
| #define GNULIB_TEST_FTELL 1
| #define GNULIB_TEST_FTELLO 1
| #define HAVE_FTRUNCATE 1
| #define GNULIB_TEST_FTRUNCATE 1
| #define GNULIB_TEST_GETCWD 1
| #define HAVE_NEWLOCALE 1
| #define HAVE_DUPLOCALE 1
| #define HAVE_FREELOCALE 1
| #define GNULIB_TEST_GETLOCALENAME_L_UNSAFE 1
| #define HAVE_NEWLOCALE 1
| #define HAVE_DUPLOCALE 1
| #define HAVE_FREELOCALE 1
| #define GNULIB_TEST_GETPAGESIZE 1
| #define GETTIMEOFDAY_TIMEZONE void
| #define GNULIB_TEST_GETTIMEOFDAY 1
| #define HAVE_DUPLOCALE 1
| #define HAVE_DECL_INET_PTON 1
| #define HAVE_IOCTL 1
| #define GNULIB_TEST_IOCTL 1
| #define GNULIB_IOCTL IN_SED_GNULIB_TESTS
| #define GNULIB_ISBLANK IN_SED_GNULIB_TESTS
| #define HAVE_ISNAND_IN_LIBC 1
| #define HAVE_ISNANF_IN_LIBC 1
| #define HAVE_ISNANL_IN_LIBC 1
| #define GNULIB_TEST_LINK 1
| #define GNULIB_TEST_LISTEN 1
| #define GNULIB_LISTEN IN_SED_GNULIB_TESTS
| #define HAVE_NEWLOCALE 1
| #define GNULIB_TEST_LOCALENAME_ENVIRON 1
| #define HAVE_NEWLOCALE 1
| #define GNULIB_TEST_LOCALENAME_UNSAFE 1
| #define GNULIB_TEST_LSEEK 1
| #define GNULIB_TEST_MEMSET_EXPLICIT 1
| #define HAVE_MKFIFO 1
| #define GNULIB_TEST_MKFIFO 1
| #define HAVE_BUG_BIG_NANOSLEEP 1
| #define GNULIB_TEST_NANOSLEEP 1
| #define HAVE_USELOCALE 1
| #define HAVE_WORKING_USELOCALE 1
| #define HAVE_OPENDIR 1
| #define GNULIB_TEST_OPENDIR 1
| #define GNULIB_TEST_PERROR 1
| #define GNULIB_TEST_PIPE 1
| #define GNULIB_TEST_PSELECT 1
| #define GNULIB_TEST_PTHREAD_COND 1
| #define GNULIB_TEST_PTHREAD_MUTEX 1
| #define GNULIB_TEST_PTHREAD_RWLOCK 1
| #define GNULIB_TEST_PTHREAD_THREAD 1
| #define GNULIB_TEST_PTHREAD_MUTEX_TIMEDLOCK 1
| #define HAVE_PTHREAD_SIGMASK 1
| #define GNULIB_TEST_PTHREAD_SIGMASK 1
| #define GNULIB_TEST_PUTENV 1
| #define HAVE_RAISE 1
| #define GNULIB_TEST_RAISE 1
| #define HAVE_INITSTATE 1
| #define HAVE_SETSTATE 1
| #define GNULIB_TEST_RANDOM 1
| #define GNULIB_TEST_RANDOM_R 1
| #define HAVE_READDIR 1
| #define GNULIB_TEST_READDIR 1
| #define GNULIB_TEST_SCHED_YIELD 1
| #define GNULIB_TEST_SELECT 1
| #define GNULIB_SELECT IN_SED_GNULIB_TESTS
| #define GNULIB_TEST_SETENV 1
| #define NEED_SETLOCALE_IMPROVED 0
| #define NEED_SETLOCALE_MTSAFE 1
| #define GNULIB_TEST_SETLOCALE 1
| #define GNULIB_TEST_SETSOCKOPT 1
| #define GNULIB_SETSOCKOPT IN_SED_GNULIB_TESTS
| #define GNULIB_TEST_SIGNBIT_NO_CXX 1
| #define GNULIB_TEST_SIGPROCMASK 1
| #define HAVE_DECL_SLEEP 1
| #define GNULIB_TEST_SLEEP 1
| #define GNULIB_TEST_SOCKET 1
| #define GNULIB_SOCKET IN_SED_GNULIB_TESTS
| #define HAVE_STPCPY 1
| #define GNULIB_TEST_STPCPY 1
| #define GNULIB_TEST_STR_ENDSWITH 1
| #define GNULIB_TEST_STR_STARTSWITH 1
| #define GNULIB_TEST_STRDUP 1
| #define GNULIB_TEST_STRERROR_R 1
| #define GNULIB_STRERROR_R_POSIX IN_SED_GNULIB_TESTS
| #define GNULIB_TEST_SYMLINK 1
| #define HAVE_IPV4 1
| #define HAVE_IPV6 1
| #define HAVE_UNIXSOCKET 1
| /* end confdefs.h.  */
| #include <stddef.h>
| #ifdef HAVE_STDIO_H
| # include <stdio.h>
| #endif
| #ifdef HAVE_STDLIB_H
| # include <stdlib.h>
| #endif
| #ifdef HAVE_STRING_H
| # include <string.h>
| #endif
| #ifdef HAVE_INTTYPES_H
| # include <inttypes.h>
| #endif
| #ifdef HAVE_STDINT_H
| # include <stdint.h>
| #endif
| #ifdef HAVE_STRINGS_H
| # include <strings.h>
| #endif
| #ifdef HAVE_SYS_TYPES_H
| # include <sys/types.h>
| #endif
| #ifdef HAVE_SYS_STAT_H
| # include <sys/stat.h>
| #endif
| #ifdef HAVE_UNISTD_H
| # include <unistd.h>
| #endif
| #include <sys/single_threaded.h>
configure:56521: result: no
configure:56530: checking whether time() works
configure:56568: result: guessing yes
configure:56624: checking whether trunc is declared
configure:56624: gcc -c -g -O2   conftest.c >&5
configure:56624: $? = 0
configure:56624: result: yes
configure:56653: gcc -o conftest -g -O2   conftest.c  >&5
configure:56653: $? = 0
configure:56744: checking whether truncl is declared
configure:56744: gcc -c -g -O2   conftest.c >&5
configure:56744: $? = 0
configure:56744: result: yes
configure:56773: gcc -o conftest -g -O2   conftest.c  >&5
configure:56773: $? = 0
configure:56868: checking for unsetenv
configure:56868: gcc -o conftest -g -O2   conftest.c  >&5
configure:56868: $? = 0
configure:56868: result: yes
configure:56879: checking for unsetenv() return type
configure:56903: gcc -c -g -O2  conftest.c >&5
configure:56903: $? = 0
configure:56913: result: int
configure:56922: checking whether unsetenv obeys POSIX
configure:56972: gcc -o conftest -g -O2   conftest.c  >&5
configure:56972: $? = 0
configure:56972: ./conftest
configure:56972: $? = 0
configure:56987: result: yes
configure:57212: checking whether "rt" can be used with fopen
configure:57242: gcc -o conftest -g -O2   conftest.c  >&5
configure:57242: $? = 0
configure:57242: ./conftest
configure:57242: $? = 0
configure:57256: result: yes
configure:57264: checking whether -lcP is needed
configure:57293: gcc -o conftest -g -O2   conftest.c  >&5
configure:57293: $? = 0
configure:57293: ./conftest
configure:57293: $? = 0
configure:57308: result: no
configure:57318: checking for an ANSI C-conforming const
configure:57382: gcc -c -g -O2  conftest.c >&5
configure:57382: $? = 0
configure:57392: result: yes
configure:57400: checking for size_t
configure:57400: result: yes
configure:57414: checking whether NLS is requested
configure:57425: result: no
configure:57465: checking for msgfmt
configure: trying /usr/bin/msgfmt...
0 translated messages.
configure:57499: result: /usr/bin/msgfmt
configure:57508: checking for gmsgfmt
configure:57545: result: /usr/bin/msgfmt
configure:57595: checking for xgettext
configure: trying /usr/bin/xgettext...
/usr/bin/xgettext: warning: file '/dev/null' extension '' is unknown; will try C
configure:57629: result: /usr/bin/xgettext
configure:57674: checking for msgmerge
configure: trying /usr/bin/msgmerge...
configure:57707: result: /usr/bin/msgmerge
configure:57767: checking for ld used by gcc
configure:57836: result: /usr/x86_64-alpine-linux-musl/bin/ld
configure:57843: checking if the linker (/usr/x86_64-alpine-linux-musl/bin/ld) is GNU ld
configure:57860: result: yes
configure:57868: checking for shared library run path origin
configure:57883: result: done
configure:58462: checking for CFPreferencesCopyAppValue
configure:58493: result: no
configure:58500: checking for CFLocaleCopyPreferredLanguages
configure:58531: result: no
configure:59462: checking whether to use NLS
configure:59464: result: no
configure:59577: checking whether UTF-8 case folding tests should pass
configure:59649: gcc -o conftest -g -O2   conftest.c  >&5
configure:59649: $? = 0
configure:59649: ./conftest
configure:59649: $? = 0
configure:59651: result: yes
configure:59705: gcc -E  conftest.c
configure:59705: $? = 0
configure:60493: checking for perl
configure:60516: found /usr/bin/perl
configure:60529: result: /usr/bin/perl
configure:60619: checking that generated files are newer than configure
configure:60625: result: done
configure:60775: creating ./config.status

## ---------------------- ##
## Running config.status. ##
## ---------------------- ##

This file was extended by GNU sed config.status 4.10, which was
generated by GNU Autoconf 2.73.1-b400b.  Invocation command line was

  CONFIG_FILES    = 
  CONFIG_HEADERS  = 
  CONFIG_LINKS    = 
  CONFIG_COMMANDS = 
  $ ./config.status 

on nobara-laptop

config.status:3579: creating Makefile
config.status:3579: creating po/Makefile.in
config.status:3579: creating gnulib-tests/Makefile
config.status:3579: creating config.h
config.status:3760: config.h is unchanged
config.status:3839: executing depfiles commands
config.status:3914: cd .       && sed -e '/# am--include-marker/d' Makefile         | make -f - am--depfiles
make: Nothing to be done for 'am--depfiles'.
config.status:3921: $? = 0
config.status:3914: cd gnulib-tests       && sed -e '/# am--include-marker/d' Makefile         | make -f - am--depfiles
make: Nothing to be done for 'am--depfiles'.
config.status:3921: $? = 0
config.status:3839: executing po-directories commands

## ---------------- ##
## Cache variables. ##
## ---------------- ##

ac_cv_build='x86_64-pc-linux-musl'
ac_cv_c_bigendian='no'
ac_cv_c_compiler_gnu='yes'
ac_cv_c_const='yes'
ac_cv_c_flexmember='yes'
ac_cv_c_future_darwin_options='none needed'
ac_cv_c_inline='inline'
ac_cv_c_restrict='__restrict__'
ac_cv_c_undeclared_builtin_options='none needed'
ac_cv_c_vararrays='yes'
ac_cv_env_CC_set=''
ac_cv_env_CC_value=''
ac_cv_env_CFLAGS_set=''
ac_cv_env_CFLAGS_value=''
ac_cv_env_CPPFLAGS_set=''
ac_cv_env_CPPFLAGS_value=''
ac_cv_env_CPP_set=''
ac_cv_env_CPP_value=''
ac_cv_env_LDFLAGS_set=''
ac_cv_env_LDFLAGS_value=''
ac_cv_env_LIBS_set=''
ac_cv_env_LIBS_value=''
ac_cv_env_build_alias_set=''
ac_cv_env_build_alias_value=''
ac_cv_env_host_alias_set=''
ac_cv_env_host_alias_value=''
ac_cv_env_target_alias_set=''
ac_cv_env_target_alias_value=''
ac_cv_func___fpurge='yes'
ac_cv_func___freading='yes'
ac_cv_func___fseterr='yes'
ac_cv_func___fwriting='yes'
ac_cv_func___xpg_strerror_r='yes'
ac_cv_func__set_invalid_parameter_handler='no'
ac_cv_func_alloca_works='yes'
ac_cv_func_btowc='yes'
ac_cv_func_canonicalize_file_name='no'
ac_cv_func_clock_getres='yes'
ac_cv_func_clock_gettime='yes'
ac_cv_func_clock_settime='yes'
ac_cv_func_closedir='yes'
ac_cv_func_dirfd='yes'
ac_cv_func_duplocale='yes'
ac_cv_func_error='no'
ac_cv_func_explicit_memset='no'
ac_cv_func_faccessat='yes'
ac_cv_func_fchmod='yes'
ac_cv_func_fchown='yes'
ac_cv_func_fcntl='yes'
ac_cv_func_fpurge='yes'
ac_cv_func_freelocale='yes'
ac_cv_func_ftruncate='yes'
ac_cv_func_getcwd='yes'
ac_cv_func_getdelim='yes'
ac_cv_func_getdtablesize='yes'
ac_cv_func_getexecname='no'
ac_cv_func_getlocalename_l='no'
ac_cv_func_getopt_long_only='yes'
ac_cv_func_getprogname='no'
ac_cv_func_getrandom='yes'
ac_cv_func_gettimeofday='yes'
ac_cv_func_initstate='yes'
ac_cv_func_ioctl='yes'
ac_cv_func_isascii='yes'
ac_cv_func_isatty='yes'
ac_cv_func_isblank='yes'
ac_cv_func_iswblank='yes'
ac_cv_func_iswcntrl='yes'
ac_cv_func_iswctype='yes'
ac_cv_func_link='yes'
ac_cv_func_listxattr='yes'
ac_cv_func_lstat='yes'
ac_cv_func_malloc_0_nonnull='yes'
ac_cv_func_mbrtowc='yes'
ac_cv_func_mbsinit='yes'
ac_cv_func_mbtowc='yes'
ac_cv_func_memcpy='yes'
ac_cv_func_mempcpy='yes'
ac_cv_func_memrchr='yes'
ac_cv_func_memset_explicit='no'
ac_cv_func_memset_s='no'
ac_cv_func_mkostemp='yes'
ac_cv_func_mprotect='yes'
ac_cv_func_mquery='no'
ac_cv_func_newlocale='yes'
ac_cv_func_nl_langinfo='yes'
ac_cv_func_opendir='yes'
ac_cv_func_pathconf='yes'
ac_cv_func_pipe='yes'
ac_cv_func_popen='yes'
ac_cv_func_pselect='yes'
ac_cv_func_pstat_getprocvm='no'
ac_cv_func_pthread_sigmask='yes'
ac_cv_func_raise='yes'
ac_cv_func_random_r='no'
ac_cv_func_rawmemchr='no'
ac_cv_func_readdir='yes'
ac_cv_func_readlink='yes'
ac_cv_func_reallocarray='yes'
ac_cv_func_realpath='yes'
ac_cv_func_setenv='yes'
ac_cv_func_setlocale='yes'
ac_cv_func_setstate='yes'
ac_cv_func_shutdown='yes'
ac_cv_func_sigprocmask='yes'
ac_cv_func_sleep='yes'
ac_cv_func_snprintf='yes'
ac_cv_func_stpcpy='yes'
ac_cv_func_strchr='yes'
ac_cv_func_strerror_r='yes'
ac_cv_func_strerror_r_char_p='no'
ac_cv_func_strtoimax='yes'
ac_cv_func_strtoll='yes'
ac_cv_func_strtoul='yes'
ac_cv_func_strverscmp='yes'
ac_cv_func_symlink='yes'
ac_cv_func_towlower='yes'
ac_cv_func_tsearch='yes'
ac_cv_func_unsetenv='yes'
ac_cv_func_uselocale='yes'
ac_cv_func_vasprintf='yes'
ac_cv_func_wcrtomb='yes'
ac_cv_func_wctob='yes'
ac_cv_have_decl___argv='no'
ac_cv_have_decl__putenv='no'
ac_cv_have_decl_alarm='yes'
ac_cv_have_decl_c32rtomb='yes'
ac_cv_have_decl_clearerr_unlocked='yes'
ac_cv_have_decl_dirfd='yes'
ac_cv_have_decl_ecvt='yes'
ac_cv_have_decl_error_at_line='no'
ac_cv_have_decl_execvpe='yes'
ac_cv_have_decl_fcloseall='no'
ac_cv_have_decl_fcvt='yes'
ac_cv_have_decl_feof_unlocked='yes'
ac_cv_have_decl_ferror_unlocked='yes'
ac_cv_have_decl_fflush_unlocked='yes'
ac_cv_have_decl_fgets_unlocked='yes'
ac_cv_have_decl_fileno_unlocked='yes'
ac_cv_have_decl_fpurge='no'
ac_cv_have_decl_fputc_unlocked='yes'
ac_cv_have_decl_fputs_unlocked='yes'
ac_cv_have_decl_fread_unlocked='yes'
ac_cv_have_decl_frexpl='yes'
ac_cv_have_decl_fseeko='yes'
ac_cv_have_decl_ftello='yes'
ac_cv_have_decl_fwrite_unlocked='yes'
ac_cv_have_decl_gcvt='yes'
ac_cv_have_decl_getc_unlocked='yes'
ac_cv_have_decl_getchar_unlocked='yes'
ac_cv_have_decl_getdelim='yes'
ac_cv_have_decl_getdtablesize='yes'
ac_cv_have_decl_getpagesize='yes'
ac_cv_have_decl_getw='yes'
ac_cv_have_decl_inet_pton='yes'
ac_cv_have_decl_initstate='yes'
ac_cv_have_decl_isblank='yes'
ac_cv_have_decl_iswblank='yes'
ac_cv_have_decl_mbrtoc32='yes'
ac_cv_have_decl_memeq='no'
ac_cv_have_decl_memrchr='yes'
ac_cv_have_decl_program_invocation_name='yes'
ac_cv_have_decl_program_invocation_short_name='yes'
ac_cv_have_decl_pthread_mutex_timedlock='yes'
ac_cv_have_decl_pthread_rwlock_timedrdlock='yes'
ac_cv_have_decl_putc_unlocked='yes'
ac_cv_have_decl_putchar_unlocked='yes'
ac_cv_have_decl_putw='yes'
ac_cv_have_decl_sched_yield='yes'
ac_cv_have_decl_setenv='yes'
ac_cv_have_decl_setstate='yes'
ac_cv_have_decl_sleep='yes'
ac_cv_have_decl_strdup='yes'
ac_cv_have_decl_streq='no'
ac_cv_have_decl_strerror_r='yes'
ac_cv_have_decl_strtoimax='yes'
ac_cv_have_decl_trunc='yes'
ac_cv_have_decl_truncl='yes'
ac_cv_have_decl_unsetenv='yes'
ac_cv_have_decl_wcsdup='yes'
ac_cv_header_arpa_inet_h='yes'
ac_cv_header_crtdefs_h='no'
ac_cv_header_dirent_h='yes'
ac_cv_header_errno_h='yes'
ac_cv_header_error_h='no'
ac_cv_header_features_h='yes'
ac_cv_header_getopt_h='yes'
ac_cv_header_inttypes_h='yes'
ac_cv_header_langinfo_h='yes'
ac_cv_header_libintl_h='no'
ac_cv_header_limits_h='yes'
ac_cv_header_linux_xattr_h='yes'
ac_cv_header_locale_h='yes'
ac_cv_header_malloc_h='yes'
ac_cv_header_math_h='yes'
ac_cv_header_mcheck_h='no'
ac_cv_header_minix_config_h='no'
ac_cv_header_netdb_h='yes'
ac_cv_header_netinet_in_h='yes'
ac_cv_header_obstack_h='no'
ac_cv_header_pthread_h='yes'
ac_cv_header_random_h='no'
ac_cv_header_sched_h='yes'
ac_cv_header_search_h='yes'
ac_cv_header_selinux_selinux_h='no'
ac_cv_header_semaphore_h='yes'
ac_cv_header_stat_broken='no'
ac_cv_header_stdbool_h='yes'
ac_cv_header_stdckdint_h='yes'
ac_cv_header_stdcountof_h='no'
ac_cv_header_stdint_h='yes'
ac_cv_header_stdio_ext_h='yes'
ac_cv_header_stdio_h='yes'
ac_cv_header_stdlib_h='yes'
ac_cv_header_string_h='yes'
ac_cv_header_strings_h='yes'
ac_cv_header_sys_acl_h='no'
ac_cv_header_sys_ioctl_h='yes'
ac_cv_header_sys_mman_h='yes'
ac_cv_header_sys_param_h='yes'
ac_cv_header_sys_process_h='no'
ac_cv_header_sys_random_h='yes'
ac_cv_header_sys_select_h='yes'
ac_cv_header_sys_single_threaded_h='no'
ac_cv_header_sys_smack_h='no'
ac_cv_header_sys_socket_h='yes'
ac_cv_header_sys_stat_h='yes'
ac_cv_header_sys_time_h='yes'
ac_cv_header_sys_types_h='yes'
ac_cv_header_sys_uio_h='yes'
ac_cv_header_sys_un_h='yes'
ac_cv_header_sys_wait_h='yes'
ac_cv_header_threads_h='yes'
ac_cv_header_uchar_h='yes'
ac_cv_header_unistd_h='yes'
ac_cv_header_wchar_h='yes'
ac_cv_header_wctype_h='yes'
ac_cv_header_xlocale_h='no'
ac_cv_host='x86_64-pc-linux-musl'
ac_cv_lib_error_at_line='no'
ac_cv_lib_pthread_pthread_kill='yes'
ac_cv_member_struct_sockaddr_storage_ss_family='yes'
ac_cv_member_struct_stat_st_atim_tv_nsec='yes'
ac_cv_member_struct_stat_st_birthtim_tv_nsec='no'
ac_cv_member_struct_stat_st_birthtimensec='no'
ac_cv_member_struct_stat_st_birthtimespec_tv_nsec='no'
ac_cv_objext='o'
ac_cv_path_EGREP_TRADITIONAL='/bin/grep -E'
ac_cv_path_GMSGFMT='/usr/bin/msgfmt'
ac_cv_path_GREP='/bin/grep'
ac_cv_path_MSGFMT='/usr/bin/msgfmt'
ac_cv_path_MSGMERGE='/usr/bin/msgmerge'
ac_cv_path_PERL='/usr/bin/perl'
ac_cv_path_SED='/bin/sed'
ac_cv_path_XGETTEXT='/usr/bin/xgettext'
ac_cv_path_install='/usr/bin/install -c'
ac_cv_path_mkdir='/bin/mkdir'
ac_cv_prog_AWK='awk'
ac_cv_prog_CPP='gcc -E'
ac_cv_prog_ac_ct_AR='ar'
ac_cv_prog_ac_ct_CC='gcc'
ac_cv_prog_ac_ct_RANLIB='ranlib'
ac_cv_prog_cc_c11=''
ac_cv_prog_cc_c23='no'
ac_cv_prog_cc_g='yes'
ac_cv_prog_cc_stdc=''
ac_cv_prog_make_make_set='yes'
ac_cv_safe_to_define___extensions__='yes'
ac_cv_search_clock_gettime='none required'
ac_cv_search_getfilecon_raw='no'
ac_cv_search_inet_pton='none required'
ac_cv_search_nanosleep='none required'
ac_cv_should_define__xopen_source='no'
ac_cv_sys_largefile_opts='none needed'
ac_cv_type_blkcnt_t='yes'
ac_cv_type_blksize_t='yes'
ac_cv_type_gid_t='yes'
ac_cv_type_mbstate_t='yes'
ac_cv_type_mode_t='yes'
ac_cv_type_nlink_t='yes'
ac_cv_type_pid_t='yes'
ac_cv_type_pthread_spinlock_t='yes'
ac_cv_type_pthread_t='yes'
ac_cv_type_sa_family_t='yes'
ac_cv_type_sighandler_t='yes'
ac_cv_type_sigset_t='yes'
ac_cv_type_size_t='yes'
ac_cv_type_socklen_t='yes'
ac_cv_type_struct_random_data='no'
ac_cv_type_struct_sched_param='yes'
ac_cv_type_struct_sockaddr_storage='yes'
ac_cv_type_uid_t='yes'
ac_cv_type_volatile_sig_atomic_t='yes'
ac_cv_typeof_struct_stat_st_atim_is_struct_timespec='yes'
ac_cv_working_alloca_h='yes'
acl_cv_hardcode_direct='no'
acl_cv_hardcode_libdir_flag_spec='${wl}-rpath ${wl}$libdir'
acl_cv_hardcode_libdir_separator=''
acl_cv_hardcode_minus_L='no'
acl_cv_libext='a'
acl_cv_libname_spec='lib$name'
acl_cv_library_names_spec='$libname$shrext'
acl_cv_path_LD='/usr/x86_64-alpine-linux-musl/bin/ld'
acl_cv_prog_gnu_ld='yes'
acl_cv_rpath='done'
acl_cv_shlibext='so'
acl_cv_wl='-Wl,'
am_cv_CC_dependencies_compiler_type='gcc3'
am_cv_filesystem_timestamp_resolution='0.01'
am_cv_langinfo_codeset='yes'
am_cv_make_support_nested_variables='yes'
am_cv_prog_cc_c_o='yes'
am_cv_prog_tar_ustar='gnutar'
am_cv_sleep_fractional_seconds='yes'
am_cv_xargs_n_works='yes'
gl_cv___builtin_expect='yes'
gl_cv_bitsizeof_wchar_t='32'
gl_cv_c___inline='yes'
gl_cv_c_amsterdam_compiler='no'
gl_cv_c_bool='yes'
gl_cv_c_func_unreachable='no'
gl_cv_c_multiarch='no'
gl_cv_cc_double_expbit0='word 1 bit 20'
gl_cv_cc_float_expbit0='word 0 bit 23'
gl_cv_cc_long_double_expbit0='word 2 bit 0'
gl_cv_cc_vis_werror='yes'
gl_cv_cc_visibility='yes'
gl_cv_cc_wallow='-Wno-error'
gl_cv_compiler_check_decl_option='none'
gl_cv_compiler_clang='no'
gl_cv_const_PTHREAD_CREATE_DETACHED='yes'
gl_cv_const_PTHREAD_MUTEX_RECURSIVE='yes'
gl_cv_const_PTHREAD_MUTEX_ROBUST='yes'
gl_cv_const_PTHREAD_PROCESS_SHARED='yes'
gl_cv_cxx_have_stdcountof_h='no'
gl_cv_cxx_have_uchar_h='no'
gl_cv_decl_ioctl_in_sys_ioctl_h='yes'
gl_cv_decl_null_works='yes'
gl_cv_decl_readlink_works='yes'
gl_cv_double_slash_root='no'
gl_cv_func_btowc_consistent='yes'
gl_cv_func_btowc_nul='yes'
gl_cv_func_c32rtomb='yes'
gl_cv_func_c32rtomb_retval='yes'
gl_cv_func_c32rtomb_sanitycheck='guessing yes'
gl_cv_func_calloc_0_nonnull='yes'
gl_cv_func_dirfd_macro='no'
gl_cv_func_dup2_works='yes'
gl_cv_func_fclose_stdin='yes'
gl_cv_func_fcntl_f_dupfd_cloexec='needs runtime check'
gl_cv_func_fcntl_f_dupfd_works='yes'
gl_cv_func_fdopen_works='yes'
gl_cv_func_fflush_stdin='yes'
gl_cv_func_fopen_mode_e='yes'
gl_cv_func_fopen_mode_x='yes'
gl_cv_func_fopen_slash='yes'
gl_cv_func_fpurge_works='no'
gl_cv_func_free_preserves_errno='no'
gl_cv_func_frexp_no_libm='yes'
gl_cv_func_frexp_works='yes'
gl_cv_func_frexpl_no_libm='yes'
gl_cv_func_frexpl_works='yes'
gl_cv_func_fseeko='yes'
gl_cv_func_ftello='yes'
gl_cv_func_ftello_works='yes'
gl_cv_func_getcwd_null='yes'
gl_cv_func_getcwd_posix_signature='yes'
gl_cv_func_getdtablesize_works='yes'
gl_cv_func_getopt_posix='no'
gl_cv_func_getpagesize='yes'
gl_cv_func_getrandom_ok='yes'
gl_cv_func_gettimeofday_posix_signature='yes'
gl_cv_func_ioctl_posix_signature='yes'
gl_cv_func_isnand_no_libm='yes'
gl_cv_func_isnanf_no_libm='yes'
gl_cv_func_isnanf_works='yes'
gl_cv_func_isnanl_no_libm='yes'
gl_cv_func_isnanl_works='yes'
gl_cv_func_iswcntrl_works='yes'
gl_cv_func_iswdigit_works='yes'
gl_cv_func_iswpunct_works='yes'
gl_cv_func_iswxdigit_works='yes'
gl_cv_func_itold_works='yes'
gl_cv_func_link_works='yes'
gl_cv_func_localeconv_works='yes'
gl_cv_func_lseek_pipe='yes'
gl_cv_func_lseek_works_but_incompatible='no'
gl_cv_func_lstat_dereferences_slashed_symlink='yes'
gl_cv_func_malloc_posix='yes'
gl_cv_func_mbrtoc32='yes'
gl_cv_func_mbrtoc32_C_locale_sans_EILSEQ='yes'
gl_cv_func_mbrtoc32_empty_input='yes'
gl_cv_func_mbrtoc32_sanitycheck='guessing yes'
gl_cv_func_mbrtoc32_utf8_locale_works='yes'
gl_cv_func_mbrtowc_C_locale_sans_EILSEQ='yes'
gl_cv_func_mbrtowc_empty_input='yes'
gl_cv_func_mbrtowc_incomplete_state='yes'
gl_cv_func_mbrtowc_nul_retval='guessing yes'
gl_cv_func_mbrtowc_null_arg1='yes'
gl_cv_func_mbrtowc_retval='yes'
gl_cv_func_mbrtowc_sanitycheck='guessing yes'
gl_cv_func_mbrtowc_stores_incomplete='no'
gl_cv_func_memchr_works='yes'
gl_cv_func_mkdir_trailing_dot_works='yes'
gl_cv_func_mkdir_trailing_slash_works='yes'
gl_cv_func_mkfifo='yes'
gl_cv_func_mkfifo_works='yes'
gl_cv_func_nanosleep='no (mishandles large arguments)'
gl_cv_func_open_slash='yes'
gl_cv_func_perror_works='yes'
gl_cv_func_printf_attribute_flavor='system'
gl_cv_func_pselect_detects_ebadf='yes'
gl_cv_func_pthread_create='yes'
gl_cv_func_pthread_mutex_timedlock_in_LIBMULTITHREAD='yes'
gl_cv_func_pthread_mutexattr_getrobust='yes'
gl_cv_func_pthread_once_no_lib='yes'
gl_cv_func_pthread_once_works='yes'
gl_cv_func_pthread_rwlock_good_waitqueue='guessing yes'
gl_cv_func_pthread_rwlock_init='yes'
gl_cv_func_pthread_sigmask_in_libc_works='yes'
gl_cv_func_pthread_sigmask_macro='no'
gl_cv_func_pthread_sigmask_return_works='yes'
gl_cv_func_pthread_spin_init_in_LIBMULTITHREAD='yes'
gl_cv_func_random='yes'
gl_cv_func_re_compile_pattern_working='no'
gl_cv_func_readlink_trailing_slash='yes'
gl_cv_func_readlink_truncate='yes'
gl_cv_func_realloc_0_nonnull='yes'
gl_cv_func_realloc_posix='yes'
gl_cv_func_realloc_sanitize='no'
gl_cv_func_realpath_works='nearly'
gl_cv_func_rename_dest_works='yes'
gl_cv_func_rename_link_works='yes'
gl_cv_func_rename_slash_dst_works='yes'
gl_cv_func_rename_slash_src_works='yes'
gl_cv_func_rmdir_works='yes'
gl_cv_func_select_detects_ebadf='yes'
gl_cv_func_select_supports0='yes'
gl_cv_func_setenv_works='yes'
gl_cv_func_setlocale_null_all_mtsafe='no'
gl_cv_func_setlocale_null_one_mtsafe='yes'
gl_cv_func_signbit='yes'
gl_cv_func_signbit_builtins='yes'
gl_cv_func_sleep_works='yes'
gl_cv_func_stat_file_slash='yes'
gl_cv_func_strerror_0_works='yes'
gl_cv_func_strerror_r_posix_signature='yes'
gl_cv_func_strerror_r_works='yes'
gl_cv_func_strncpy_works='yes'
gl_cv_func_strtoimax='yes'
gl_cv_func_strtoll_works='no'
gl_cv_func_strverscmp_works='yes'
gl_cv_func_svid_putenv='yes'
gl_cv_func_symlink_works='yes'
gl_cv_func_time_works='guessing yes'
gl_cv_func_ungetc_works='yes'
gl_cv_func_unsetenv_works='yes'
gl_cv_func_va_copy='yes'
gl_cv_func_wcrtomb_retval='yes'
gl_cv_func_wcrtomb_works='yes'
gl_cv_func_wctob_works='guessing yes'
gl_cv_func_wctype_works='yes'
gl_cv_func_working_getdelim='yes'
gl_cv_func_working_strerror='yes'
gl_cv_have___header_inline='no'
gl_cv_have_include_next='yes'
gl_cv_have_weak='yes'
gl_cv_header_c_stdckdint_h='yes'
gl_cv_header_c_stdckdint_h_works='yes'
gl_cv_header_cxx_stdckdint_h='no'
gl_cv_header_errno_h_complete='yes'
gl_cv_header_float_h_isoc23='no'
gl_cv_header_langinfo_abaltmon='no'
gl_cv_header_langinfo_altmon='no'
gl_cv_header_langinfo_codeset='yes'
gl_cv_header_langinfo_era='yes'
gl_cv_header_limits_width='no'
gl_cv_header_locale_h_needs_xlocale_h='no'
gl_cv_header_locale_h_posix2001='yes'
gl_cv_header_locale_has_locale_t='yes'
gl_cv_header_locale_has_windows_locale_t='no'
gl_cv_header_math_huge_val_works='yes'
gl_cv_header_math_nan_works='yes'
gl_cv_header_netinet_in_h_selfcontained='yes'
gl_cv_header_stdint_width='no'
gl_cv_header_stdint_without_STDC_macros='yes'
gl_cv_header_sys_cdefs_h='no'
gl_cv_header_sys_select_h_selfcontained='yes'
gl_cv_header_sys_socket_h_selfcontained='yes'
gl_cv_header_sys_socket_h_shut='yes'
gl_cv_header_wchar_h_correct_inline='yes'
gl_cv_header_working_fcntl_h='yes'
gl_cv_header_working_stdalign_h='yes, keywords'
gl_cv_header_working_stdint_h='yes'
gl_cv_lib_socket='none needed'
gl_cv_long_double_equals_double='no'
gl_cv_macro_MB_CUR_MAX_good='yes'
gl_cv_macro_O_CLOEXEC='yes'
gl_cv_malloc_ptrdiff='yes'
gl_cv_minmax_in_limits_h='no'
gl_cv_minmax_in_sys_param_h='yes'
gl_cv_next_arpa_inet_h='<arpa/inet.h>'
gl_cv_next_ctype_h='<ctype.h>'
gl_cv_next_dirent_h='<dirent.h>'
gl_cv_next_error_h='<error.h>'
gl_cv_next_fcntl_h='<fcntl.h>'
gl_cv_next_float_h='<float.h>'
gl_cv_next_getopt_h='<getopt.h>'
gl_cv_next_inttypes_h='<inttypes.h>'
gl_cv_next_langinfo_h='<langinfo.h>'
gl_cv_next_limits_h='<limits.h>'
gl_cv_next_locale_h='<locale.h>'
gl_cv_next_math_h='<math.h>'
gl_cv_next_pthread_h='<pthread.h>'
gl_cv_next_sched_h='<sched.h>'
gl_cv_next_signal_h='<signal.h>'
gl_cv_next_stdckdint_h='<stdckdint.h>'
gl_cv_next_stdcountof_h='<stdcountof.h>'
gl_cv_next_stddef_h='<stddef.h>'
gl_cv_next_stdint_h='<stdint.h>'
gl_cv_next_stdio_h='<stdio.h>'
gl_cv_next_stdlib_h='<stdlib.h>'
gl_cv_next_string_h='<string.h>'
gl_cv_next_sys_ioctl_h='<sys/ioctl.h>'
gl_cv_next_sys_random_h='<sys/random.h>'
gl_cv_next_sys_select_h='<sys/select.h>'
gl_cv_next_sys_socket_h='<sys/socket.h>'
gl_cv_next_sys_stat_h='<sys/stat.h>'
gl_cv_next_sys_time_h='<sys/time.h>'
gl_cv_next_sys_types_h='<sys/types.h>'
gl_cv_next_sys_uio_h='<sys/uio.h>'
gl_cv_next_time_h='<time.h>'
gl_cv_next_uchar_h='<uchar.h>'
gl_cv_next_unistd_h='<unistd.h>'
gl_cv_next_wchar_h='<wchar.h>'
gl_cv_next_wctype_h='<wctype.h>'
gl_cv_nullptr_t_needs_stddef='yes'
gl_cv_off64_t='no'
gl_cv_onwards_func___fpurge='yes'
gl_cv_onwards_func___freading='yes'
gl_cv_onwards_func___fseterr='yes'
gl_cv_onwards_func___fwriting='yes'
gl_cv_onwards_func_duplocale='yes'
gl_cv_onwards_func_error='no'
gl_cv_onwards_func_faccessat='yes'
gl_cv_onwards_func_freelocale='yes'
gl_cv_onwards_func_ftruncate='yes'
gl_cv_onwards_func_getdelim='yes'
gl_cv_onwards_func_getprogname='no'
gl_cv_onwards_func_getrandom='yes'
gl_cv_onwards_func_initstate='yes'
gl_cv_onwards_func_iswblank='yes'
gl_cv_onwards_func_mbtowc='yes'
gl_cv_onwards_func_mempcpy='yes'
gl_cv_onwards_func_memset_explicit='no'
gl_cv_onwards_func_mkostemp='yes'
gl_cv_onwards_func_newlocale='yes'
gl_cv_onwards_func_nl_langinfo='yes'
gl_cv_onwards_func_reallocarray='yes'
gl_cv_onwards_func_setstate='yes'
gl_cv_onwards_func_stpcpy='yes'
gl_cv_onwards_func_strerror_r='yes'
gl_cv_onwards_func_tsearch='yes'
gl_cv_onwards_func_uselocale='yes'
gl_cv_prog_perl='perl'
gl_cv_promoted_mode_t='mode_t'
gl_cv_rpl_alloca='yes'
gl_cv_semaphore_lib='none'
gl_cv_sig_pselect='yes'
gl_cv_socket_ipv4='yes'
gl_cv_socket_ipv6='yes'
gl_cv_socket_unix='yes'
gl_cv_source_line_length_unlimited='yes'
gl_cv_ssize_t='yes'
gl_cv_static_assert='yes, a keyword'
gl_cv_stddef_idempotent='guessing yes'
gl_cv_sys_struct_lconv_ok='yes'
gl_cv_sys_struct_timespec_in_time_h='yes'
gl_cv_sys_struct_timeval='yes'
gl_cv_sys_struct_timeval_tv_sec='yes'
gl_cv_test_INT32_MAX_LT_INTMAX_MAX='yes'
gl_cv_test_INT64_MAX_EQ_LONG_MAX='yes'
gl_cv_test_UINT32_MAX_LT_UINTMAX_MAX='yes'
gl_cv_test_UINT64_MAX_EQ_ULONG_MAX='yes'
gl_cv_time_h_has_TIME_UTC='yes'
gl_cv_type_char16_t_works='yes'
gl_cv_type_char32_t_works='yes'
gl_cv_type_char8_t_works='no'
gl_cv_type_max_align_t='yes'
gl_cv_type_sigset_t='yes'
gl_cv_type_wctrans_t='yes'
gl_cv_type_wctype_t='yes'
gl_cv_type_wint_t_large_enough='yes'
gl_cv_var_stdin_large_offset='yes'
gl_cv_xattr_lib='no'
gt_cv_c_wint_t='yes'
gt_cv_func_CFLocaleCopyPreferredLanguages='no'
gt_cv_func_CFPreferencesCopyAppValue='no'
gt_cv_func_unsetenv_ret='int'
gt_cv_func_uselocale_works='yes'
gt_cv_locale_en_utf8='en_US.UTF-8'
gt_cv_locale_fake='no'
gt_cv_locale_fr='none'
gt_cv_locale_fr_utf8='fr_FR.UTF-8'
gt_cv_locale_ja='none'
gt_cv_locale_solaris114='no'
gt_cv_locale_tr_utf8='none'
gt_cv_locale_zh_CN='none'
gt_cv_val_LC_MESSAGES='yes'
gt_cv_var_environ_declaration='yes'
sed_cv_fopen_rt='yes'
sed_cv_libcp_needed='no'

## ----------------- ##
## Output variables. ##
## ----------------- ##

ACLOCAL='${SHELL} '\''/home/sonakrie/Work/testicular_linux/sed/build-aux/missing'\'' aclocal-1.18'
ALLOCA=''
ALLOCA_H='$(top_build_prefix)lib/alloca.h'
AMDEPBACKSLASH='\'
AMDEP_FALSE='#'
AMDEP_TRUE=''
AMTAR='$${TAR-tar}'
AM_BACKSLASH='\'
AM_DEFAULT_V='$(AM_DEFAULT_VERBOSITY)'
AM_DEFAULT_VERBOSITY='0'
AM_V='$(V)'
APPLE_UNIVERSAL_BUILD='0'
AR='ar'
ARFLAGS='cr'
ASSERT_H=''
AUTOCONF='${SHELL} '\''/home/sonakrie/Work/testicular_linux/sed/build-aux/missing'\'' autoconf'
AUTOHEADER='${SHELL} '\''/home/sonakrie/Work/testicular_linux/sed/build-aux/missing'\'' autoheader'
AUTOMAKE='${SHELL} '\''/home/sonakrie/Work/testicular_linux/sed/build-aux/missing'\'' automake-1.18'
AWK='awk'
BITSIZEOF_PTRDIFF_T=''
BITSIZEOF_SIG_ATOMIC_T=''
BITSIZEOF_SIZE_T=''
BITSIZEOF_WCHAR_T='32'
BITSIZEOF_WINT_T=''
BOLD_MAN_REFS_FALSE='#'
BOLD_MAN_REFS_TRUE=''
CAN_PRINT_STACK_TRACE='0'
CC='gcc'
CCDEPMODE='depmode=gcc3'
CFLAGS='-g -O2'
CFLAG_VISIBILITY='-fvisibility=hidden'
CLOCK_TIME_LIB=''
CONFIG_INCLUDE='config.h'
CPP='gcc -E'
CPPFLAGS=''
CROSS_COMPILING_FALSE=''
CROSS_COMPILING_TRUE='#'
CSCOPE='cscope'
CTAGS='ctags'
CXX_HAS_CHAR8_TYPE='0'
CXX_HAS_UCHAR_TYPES='0'
CXX_HAVE_STDCOUNTOF_H='0'
CXX_HAVE_UCHAR_H='0'
CYGPATH_W='echo'
DEFS='-DHAVE_CONFIG_H'
DEPDIR='.deps'
DIR_HAS_FD_MEMBER='1'
ECHO_C=''
ECHO_N='-n'
ECHO_T=''
ERRNO_H=''
ETAGS='etags'
EXEEXT=''
FILE_HAS_ACL_LIB=''
FLOAT_H='float.h'
FREXPL_LIBM=''
FREXP_LIBM=''
GETLOCALENAME_L_LIB=''
GETOPT_CDEFS_H='$(top_build_prefix)lib/getopt-cdefs.h'
GETOPT_H='$(top_build_prefix)lib/getopt.h'
GETRANDOM_LIB=''
GETTEXT_MACRO_VERSION='0.19'
GL_CFLAG_ALLOW_WARNINGS='-Wno-error'
GL_CFLAG_GNULIB_WARNINGS=' -Wno-cast-qual -Wno-conversion -Wno-float-equal -Wno-sign-compare -Wno-undef -Wno-unused-function -Wno-unused-parameter -Wno-float-conversion -Wimplicit-fallthrough -Wno-pedantic -Wno-sign-conversion -Wno-type-limits -Wno-unused-const-variable -Wno-unsuffixed-float-constants'
GL_COND_LIBTOOL_FALSE=''
GL_COND_LIBTOOL_TRUE='#'
GL_COND_OBJ_ACCEPT_FALSE=''
GL_COND_OBJ_ACCEPT_TRUE='#'
GL_COND_OBJ_ACL_ENTRIES_FALSE=''
GL_COND_OBJ_ACL_ENTRIES_TRUE='#'
GL_COND_OBJ_BIND_FALSE=''
GL_COND_OBJ_BIND_TRUE='#'
GL_COND_OBJ_BTOWC_FALSE=''
GL_COND_OBJ_BTOWC_TRUE='#'
GL_COND_OBJ_C32RTOMB_FALSE=''
GL_COND_OBJ_C32RTOMB_TRUE='#'
GL_COND_OBJ_CANONICALIZE_LGPL_FALSE='#'
GL_COND_OBJ_CANONICALIZE_LGPL_TRUE=''
GL_COND_OBJ_CLOSEDIR_FALSE=''
GL_COND_OBJ_CLOSEDIR_TRUE='#'
GL_COND_OBJ_CLOSE_FALSE=''
GL_COND_OBJ_CLOSE_TRUE='#'
GL_COND_OBJ_CONNECT_FALSE=''
GL_COND_OBJ_CONNECT_TRUE='#'
GL_COND_OBJ_DIRFD_FALSE=''
GL_COND_OBJ_DIRFD_TRUE='#'
GL_COND_OBJ_DUP2_FALSE=''
GL_COND_OBJ_DUP2_TRUE='#'
GL_COND_OBJ_ERROR_FALSE='#'
GL_COND_OBJ_ERROR_TRUE=''
GL_COND_OBJ_FCNTL_FALSE='#'
GL_COND_OBJ_FCNTL_TRUE=''
GL_COND_OBJ_FDOPEN_FALSE=''
GL_COND_OBJ_FDOPEN_TRUE='#'
GL_COND_OBJ_FFLUSH_FALSE=''
GL_COND_OBJ_FFLUSH_TRUE='#'
GL_COND_OBJ_FLOAT_FALSE='#'
GL_COND_OBJ_FLOAT_TRUE=''
GL_COND_OBJ_FPURGE_FALSE='#'
GL_COND_OBJ_FPURGE_TRUE=''
GL_COND_OBJ_FREE_FALSE='#'
GL_COND_OBJ_FREE_TRUE=''
GL_COND_OBJ_FSEEKO_FALSE=''
GL_COND_OBJ_FSEEKO_TRUE='#'
GL_COND_OBJ_FSEEK_FALSE=''
GL_COND_OBJ_FSEEK_TRUE='#'
GL_COND_OBJ_FSETERR_FALSE=''
GL_COND_OBJ_FSETERR_TRUE='#'
GL_COND_OBJ_FSTAT_FALSE=''
GL_COND_OBJ_FSTAT_TRUE='#'
GL_COND_OBJ_FTELLO_FALSE=''
GL_COND_OBJ_FTELLO_TRUE='#'
GL_COND_OBJ_FTELL_FALSE=''
GL_COND_OBJ_FTELL_TRUE='#'
GL_COND_OBJ_FTRUNCATE_FALSE=''
GL_COND_OBJ_FTRUNCATE_TRUE='#'
GL_COND_OBJ_FWRITING_FALSE=''
GL_COND_OBJ_FWRITING_TRUE='#'
GL_COND_OBJ_GETCWD_LGPL_FALSE=''
GL_COND_OBJ_GETCWD_LGPL_TRUE='#'
GL_COND_OBJ_GETDELIM_FALSE=''
GL_COND_OBJ_GETDELIM_TRUE='#'
GL_COND_OBJ_GETDTABLESIZE_FALSE=''
GL_COND_OBJ_GETDTABLESIZE_TRUE='#'
GL_COND_OBJ_GETFILECON_FALSE=''
GL_COND_OBJ_GETFILECON_TRUE='#'
GL_COND_OBJ_GETLOCALENAME_L_UNSAFE_LIMITED_FALSE='#'
GL_COND_OBJ_GETLOCALENAME_L_UNSAFE_LIMITED_TRUE=''
GL_COND_OBJ_GETOPT_FALSE='#'
GL_COND_OBJ_GETOPT_TRUE=''
GL_COND_OBJ_GETPAGESIZE_FALSE=''
GL_COND_OBJ_GETPAGESIZE_TRUE='#'
GL_COND_OBJ_GETPROGNAME_FALSE='#'
GL_COND_OBJ_GETPROGNAME_TRUE=''
GL_COND_OBJ_GETRANDOM_FALSE=''
GL_COND_OBJ_GETRANDOM_TRUE='#'
GL_COND_OBJ_GETTIMEOFDAY_FALSE=''
GL_COND_OBJ_GETTIMEOFDAY_TRUE='#'
GL_COND_OBJ_INET_PTON_FALSE=''
GL_COND_OBJ_INET_PTON_TRUE='#'
GL_COND_OBJ_IOCTL_FALSE=''
GL_COND_OBJ_IOCTL_TRUE='#'
GL_COND_OBJ_ISBLANK_FALSE=''
GL_COND_OBJ_ISBLANK_TRUE='#'
GL_COND_OBJ_ISWBLANK_FALSE=''
GL_COND_OBJ_ISWBLANK_TRUE='#'
GL_COND_OBJ_ISWCTYPE_FALSE=''
GL_COND_OBJ_ISWCTYPE_TRUE='#'
GL_COND_OBJ_ISWDIGIT_FALSE=''
GL_COND_OBJ_ISWDIGIT_TRUE='#'
GL_COND_OBJ_ISWPUNCT_FALSE=''
GL_COND_OBJ_ISWPUNCT_TRUE='#'
GL_COND_OBJ_ISWXDIGIT_FALSE=''
GL_COND_OBJ_ISWXDIGIT_TRUE='#'
GL_COND_OBJ_ITOLD_FALSE=''
GL_COND_OBJ_ITOLD_TRUE='#'
GL_COND_OBJ_LINK_FALSE=''
GL_COND_OBJ_LINK_TRUE='#'
GL_COND_OBJ_LISTEN_FALSE=''
GL_COND_OBJ_LISTEN_TRUE='#'
GL_COND_OBJ_LOCALECONV_FALSE=''
GL_COND_OBJ_LOCALECONV_TRUE='#'
GL_COND_OBJ_LOCALENAME_UNSAFE_LIMITED_FALSE='#'
GL_COND_OBJ_LOCALENAME_UNSAFE_LIMITED_TRUE=''
GL_COND_OBJ_LSEEK_FALSE=''
GL_COND_OBJ_LSEEK_TRUE='#'
GL_COND_OBJ_LSTAT_FALSE=''
GL_COND_OBJ_LSTAT_TRUE='#'
GL_COND_OBJ_MBRTOC32_FALSE=''
GL_COND_OBJ_MBRTOC32_TRUE='#'
GL_COND_OBJ_MBRTOWC_FALSE=''
GL_COND_OBJ_MBRTOWC_TRUE='#'
GL_COND_OBJ_MBSINIT_FALSE=''
GL_COND_OBJ_MBSINIT_TRUE='#'
GL_COND_OBJ_MBTOWC_FALSE=''
GL_COND_OBJ_MBTOWC_TRUE='#'
GL_COND_OBJ_MEMCHR_FALSE=''
GL_COND_OBJ_MEMCHR_TRUE='#'
GL_COND_OBJ_MEMPCPY_FALSE=''
GL_COND_OBJ_MEMPCPY_TRUE='#'
GL_COND_OBJ_MEMRCHR_FALSE=''
GL_COND_OBJ_MEMRCHR_TRUE='#'
GL_COND_OBJ_MEMSET_EXPLICIT_FALSE='#'
GL_COND_OBJ_MEMSET_EXPLICIT_TRUE=''
GL_COND_OBJ_MKDIR_FALSE=''
GL_COND_OBJ_MKDIR_TRUE='#'
GL_COND_OBJ_MKFIFO_FALSE=''
GL_COND_OBJ_MKFIFO_TRUE='#'
GL_COND_OBJ_MKOSTEMP_FALSE=''
GL_COND_OBJ_MKOSTEMP_TRUE='#'
GL_COND_OBJ_MSVC_INVAL_FALSE=''
GL_COND_OBJ_MSVC_INVAL_TRUE='#'
GL_COND_OBJ_MSVC_NOTHROW_FALSE=''
GL_COND_OBJ_MSVC_NOTHROW_TRUE='#'
GL_COND_OBJ_NANOSLEEP_FALSE='#'
GL_COND_OBJ_NANOSLEEP_TRUE=''
GL_COND_OBJ_NL_LANGINFO_FALSE='#'
GL_COND_OBJ_NL_LANGINFO_LOCK_FALSE=''
GL_COND_OBJ_NL_LANGINFO_LOCK_TRUE='#'
GL_COND_OBJ_NL_LANGINFO_TRUE=''
GL_COND_OBJ_OBSTACK_FALSE='#'
GL_COND_OBJ_OBSTACK_TRUE=''
GL_COND_OBJ_OPENDIR_FALSE=''
GL_COND_OBJ_OPENDIR_TRUE='#'
GL_COND_OBJ_OPEN_FALSE=''
GL_COND_OBJ_OPEN_TRUE='#'
GL_COND_OBJ_PERROR_FALSE=''
GL_COND_OBJ_PERROR_TRUE='#'
GL_COND_OBJ_PIPE_FALSE=''
GL_COND_OBJ_PIPE_TRUE='#'
GL_COND_OBJ_PSELECT_FALSE=''
GL_COND_OBJ_PSELECT_TRUE='#'
GL_COND_OBJ_PTHREAD_COND_FALSE=''
GL_COND_OBJ_PTHREAD_COND_TRUE='#'
GL_COND_OBJ_PTHREAD_MUTEX_FALSE=''
GL_COND_OBJ_PTHREAD_MUTEX_TIMEDLOCK_FALSE=''
GL_COND_OBJ_PTHREAD_MUTEX_TIMEDLOCK_TRUE='#'
GL_COND_OBJ_PTHREAD_MUTEX_TRUE='#'
GL_COND_OBJ_PTHREAD_ONCE_FALSE=''
GL_COND_OBJ_PTHREAD_ONCE_TRUE='#'
GL_COND_OBJ_PTHREAD_RWLOCK_FALSE=''
GL_COND_OBJ_PTHREAD_RWLOCK_TRUE='#'
GL_COND_OBJ_PTHREAD_SIGMASK_FALSE='#'
GL_COND_OBJ_PTHREAD_SIGMASK_TRUE=''
GL_COND_OBJ_PTHREAD_THREAD_FALSE=''
GL_COND_OBJ_PTHREAD_THREAD_TRUE='#'
GL_COND_OBJ_PUTENV_FALSE=''
GL_COND_OBJ_PUTENV_TRUE='#'
GL_COND_OBJ_RAISE_FALSE=''
GL_COND_OBJ_RAISE_TRUE='#'
GL_COND_OBJ_RANDOM_FALSE=''
GL_COND_OBJ_RANDOM_R_FALSE='#'
GL_COND_OBJ_RANDOM_R_TRUE=''
GL_COND_OBJ_RANDOM_TRUE='#'
GL_COND_OBJ_RAWMEMCHR_FALSE='#'
GL_COND_OBJ_RAWMEMCHR_TRUE=''
GL_COND_OBJ_READDIR_FALSE=''
GL_COND_OBJ_READDIR_TRUE='#'
GL_COND_OBJ_READLINK_FALSE=''
GL_COND_OBJ_READLINK_TRUE='#'
GL_COND_OBJ_REALLOCARRAY_FALSE=''
GL_COND_OBJ_REALLOCARRAY_TRUE='#'
GL_COND_OBJ_REALLOC_POSIX_FALSE=''
GL_COND_OBJ_REALLOC_POSIX_TRUE='#'
GL_COND_OBJ_REGEX_FALSE='#'
GL_COND_OBJ_REGEX_TRUE=''
GL_COND_OBJ_RENAME_FALSE=''
GL_COND_OBJ_RENAME_TRUE='#'
GL_COND_OBJ_RMDIR_FALSE=''
GL_COND_OBJ_RMDIR_TRUE='#'
GL_COND_OBJ_SCHED_YIELD_FALSE=''
GL_COND_OBJ_SCHED_YIELD_TRUE='#'
GL_COND_OBJ_SELECT_FALSE=''
GL_COND_OBJ_SELECT_TRUE='#'
GL_COND_OBJ_SETENV_FALSE=''
GL_COND_OBJ_SETENV_TRUE='#'
GL_COND_OBJ_SETLOCALE_FALSE='#'
GL_COND_OBJ_SETLOCALE_FIXES_FALSE=''
GL_COND_OBJ_SETLOCALE_FIXES_TRUE='#'
GL_COND_OBJ_SETLOCALE_LOCK_FALSE='#'
GL_COND_OBJ_SETLOCALE_LOCK_TRUE=''
GL_COND_OBJ_SETLOCALE_TRUE=''
GL_COND_OBJ_SETSOCKOPT_FALSE=''
GL_COND_OBJ_SETSOCKOPT_TRUE='#'
GL_COND_OBJ_SIGNBIT3_FALSE=''
GL_COND_OBJ_SIGNBIT3_TRUE='#'
GL_COND_OBJ_SIGPROCMASK_FALSE=''
GL_COND_OBJ_SIGPROCMASK_TRUE='#'
GL_COND_OBJ_SLEEP_FALSE=''
GL_COND_OBJ_SLEEP_TRUE='#'
GL_COND_OBJ_SOCKET_FALSE=''
GL_COND_OBJ_SOCKET_TRUE='#'
GL_COND_OBJ_STAT_FALSE=''
GL_COND_OBJ_STAT_TRUE='#'
GL_COND_OBJ_STDIO_CONSOLESAFE_FALSE=''
GL_COND_OBJ_STDIO_CONSOLESAFE_TRUE='#'
GL_COND_OBJ_STDIO_READ_FALSE=''
GL_COND_OBJ_STDIO_READ_TRUE='#'
GL_COND_OBJ_STDIO_WRITE_FALSE=''
GL_COND_OBJ_STDIO_WRITE_TRUE='#'
GL_COND_OBJ_STPCPY_FALSE=''
GL_COND_OBJ_STPCPY_TRUE='#'
GL_COND_OBJ_STRDUP_FALSE=''
GL_COND_OBJ_STRDUP_TRUE='#'
GL_COND_OBJ_STRERROR_FALSE=''
GL_COND_OBJ_STRERROR_OVERRIDE_FALSE=''
GL_COND_OBJ_STRERROR_OVERRIDE_TRUE='#'
GL_COND_OBJ_STRERROR_TRUE='#'
GL_COND_OBJ_STRNCPY_FALSE=''
GL_COND_OBJ_STRNCPY_TRUE='#'
GL_COND_OBJ_STRTOIMAX_FALSE=''
GL_COND_OBJ_STRTOIMAX_TRUE='#'
GL_COND_OBJ_STRTOLL_FALSE='#'
GL_COND_OBJ_STRTOLL_TRUE=''
GL_COND_OBJ_STRVERSCMP_FALSE=''
GL_COND_OBJ_STRVERSCMP_TRUE='#'
GL_COND_OBJ_SYMLINK_FALSE=''
GL_COND_OBJ_SYMLINK_TRUE='#'
GL_COND_OBJ_TIME_FALSE=''
GL_COND_OBJ_TIME_TRUE='#'
GL_COND_OBJ_TRUNCL_FALSE=''
GL_COND_OBJ_TRUNCL_TRUE='#'
GL_COND_OBJ_TRUNC_FALSE=''
GL_COND_OBJ_TRUNC_TRUE='#'
GL_COND_OBJ_UNSETENV_FALSE=''
GL_COND_OBJ_UNSETENV_TRUE='#'
GL_COND_OBJ_WCRTOMB_FALSE=''
GL_COND_OBJ_WCRTOMB_TRUE='#'
GL_COND_OBJ_WCTOB_FALSE=''
GL_COND_OBJ_WCTOB_TRUE='#'
GL_COND_OBJ_WCTOMB_FALSE=''
GL_COND_OBJ_WCTOMB_TRUE='#'
GL_COND_OBJ_WCTYPE_FALSE=''
GL_COND_OBJ_WCTYPE_TRUE='#'
GL_COND_OBJ_WINDOWS_COND_FALSE=''
GL_COND_OBJ_WINDOWS_COND_TRUE='#'
GL_COND_OBJ_WINDOWS_MUTEX_FALSE=''
GL_COND_OBJ_WINDOWS_MUTEX_TRUE='#'
GL_COND_OBJ_WINDOWS_ONCE_FALSE=''
GL_COND_OBJ_WINDOWS_ONCE_TRUE='#'
GL_COND_OBJ_WINDOWS_RECMUTEX_FALSE=''
GL_COND_OBJ_WINDOWS_RECMUTEX_TRUE='#'
GL_COND_OBJ_WINDOWS_RWLOCK_FALSE=''
GL_COND_OBJ_WINDOWS_RWLOCK_TRUE='#'
GL_COND_OBJ_WINDOWS_SPIN_FALSE=''
GL_COND_OBJ_WINDOWS_SPIN_TRUE='#'
GL_COND_OBJ_WINDOWS_THREAD_FALSE=''
GL_COND_OBJ_WINDOWS_THREAD_TRUE='#'
GL_COND_OBJ_WINDOWS_TIMEDMUTEX_FALSE=''
GL_COND_OBJ_WINDOWS_TIMEDMUTEX_TRUE='#'
GL_COND_OBJ_WINDOWS_TIMEDRECMUTEX_FALSE=''
GL_COND_OBJ_WINDOWS_TIMEDRECMUTEX_TRUE='#'
GL_COND_OBJ_WINDOWS_TIMEDRWLOCK_FALSE=''
GL_COND_OBJ_WINDOWS_TIMEDRWLOCK_TRUE='#'
GL_COND_OBJ_WINDOWS_TLS_FALSE=''
GL_COND_OBJ_WINDOWS_TLS_TRUE='#'
GL_CXXFLAG_ALLOW_WARNINGS=''
GL_GENERATE_ALLOCA_H_FALSE='#'
GL_GENERATE_ALLOCA_H_TRUE=''
GL_GENERATE_ASSERT_H_FALSE=''
GL_GENERATE_ASSERT_H_TRUE='#'
GL_GENERATE_ERRNO_H_FALSE=''
GL_GENERATE_ERRNO_H_TRUE='#'
GL_GENERATE_FLOAT_H_FALSE='#'
GL_GENERATE_FLOAT_H_TRUE=''
GL_GENERATE_GETOPT_CDEFS_H_FALSE='#'
GL_GENERATE_GETOPT_CDEFS_H_TRUE=''
GL_GENERATE_GETOPT_H_FALSE='#'
GL_GENERATE_GETOPT_H_TRUE=''
GL_GENERATE_LIMITS_H_FALSE='#'
GL_GENERATE_LIMITS_H_TRUE=''
GL_GENERATE_NETINET_IN_H_FALSE=''
GL_GENERATE_NETINET_IN_H_TRUE='#'
GL_GENERATE_OBSTACK_H_FALSE='#'
GL_GENERATE_OBSTACK_H_TRUE=''
GL_GENERATE_SELINUX_CONTEXT_H_FALSE='#'
GL_GENERATE_SELINUX_CONTEXT_H_TRUE=''
GL_GENERATE_SELINUX_LABEL_H_FALSE='#'
GL_GENERATE_SELINUX_LABEL_H_TRUE=''
GL_GENERATE_STDARG_H_FALSE=''
GL_GENERATE_STDARG_H_TRUE='#'
GL_GENERATE_STDCKDINT_H_FALSE='#'
GL_GENERATE_STDCKDINT_H_TRUE=''
GL_GENERATE_STDCOUNTOF_H_FALSE='#'
GL_GENERATE_STDCOUNTOF_H_TRUE=''
GL_GENERATE_STDDEF_H_FALSE='#'
GL_GENERATE_STDDEF_H_TRUE=''
GL_GENERATE_STDINT_H_FALSE='#'
GL_GENERATE_STDINT_H_TRUE=''
GL_GNULIB_ABORT_DEBUG='0'
GL_GNULIB_ACCEPT4='0'
GL_GNULIB_ACCEPT='IN_SED_GNULIB_TESTS'
GL_GNULIB_ACCESS='0'
GL_GNULIB_ACOSF='0'
GL_GNULIB_ACOSL='0'
GL_GNULIB_ALIGNED_ALLOC='0'
GL_GNULIB_ALPHASORT='0'
GL_GNULIB_ASINF='0'
GL_GNULIB_ASINL='0'
GL_GNULIB_ATAN2F='0'
GL_GNULIB_ATANF='0'
GL_GNULIB_ATANL='0'
GL_GNULIB_ATOLL='0'
GL_GNULIB_BIND='IN_SED_GNULIB_TESTS'
GL_GNULIB_BTOC32='IN_SED_GNULIB_TESTS'
GL_GNULIB_BTOWC='1'
GL_GNULIB_C32ISALNUM='0'
GL_GNULIB_C32ISALPHA='0'
GL_GNULIB_C32ISBLANK='0'
GL_GNULIB_C32ISCNTRL='0'
GL_GNULIB_C32ISDIGIT='0'
GL_GNULIB_C32ISGRAPH='0'
GL_GNULIB_C32ISLOWER='0'
GL_GNULIB_C32ISPRINT='1'
GL_GNULIB_C32ISPUNCT='0'
GL_GNULIB_C32ISSPACE='1'
GL_GNULIB_C32ISUPPER='0'
GL_GNULIB_C32ISXDIGIT='0'
GL_GNULIB_C32RTOMB='1'
GL_GNULIB_C32SNRTOMBS='0'
GL_GNULIB_C32SRTOMBS='0'
GL_GNULIB_C32STOMBS='0'
GL_GNULIB_C32SWIDTH='0'
GL_GNULIB_C32TOB='1'
GL_GNULIB_C32TOLOWER='1'
GL_GNULIB_C32TOUPPER='1'
GL_GNULIB_C32WIDTH='0'
GL_GNULIB_C32_APPLY_MAPPING='0'
GL_GNULIB_C32_APPLY_TYPE_TEST='0'
GL_GNULIB_C32_GET_MAPPING='0'
GL_GNULIB_C32_GET_TYPE_TEST='0'
GL_GNULIB_CALLOC_GNU='1'
GL_GNULIB_CALLOC_POSIX='1'
GL_GNULIB_CANONICALIZE_FILE_NAME='1'
GL_GNULIB_CBRT='0'
GL_GNULIB_CBRTF='0'
GL_GNULIB_CBRTL='0'
GL_GNULIB_CEIL='0'
GL_GNULIB_CEILF='0'
GL_GNULIB_CEILL='0'
GL_GNULIB_CHDIR='1'
GL_GNULIB_CHMOD='0'
GL_GNULIB_CHOWN='0'
GL_GNULIB_CLOSE='1'
GL_GNULIB_CLOSEDIR='IN_SED_GNULIB_TESTS'
GL_GNULIB_CONNECT='IN_SED_GNULIB_TESTS'
GL_GNULIB_COPYSIGN='0'
GL_GNULIB_COPYSIGNF='0'
GL_GNULIB_COPYSIGNL='0'
GL_GNULIB_COPY_FILE_RANGE='0'
GL_GNULIB_COSF='0'
GL_GNULIB_COSHF='0'
GL_GNULIB_COSL='0'
GL_GNULIB_CREAT='0'
GL_GNULIB_CTIME='0'
GL_GNULIB_DIRFD='IN_SED_GNULIB_TESTS'
GL_GNULIB_DPRINTF='0'
GL_GNULIB_DUP2='1'
GL_GNULIB_DUP3='0'
GL_GNULIB_DUP='0'
GL_GNULIB_DUPLOCALE='0'
GL_GNULIB_DZPRINTF='0'
GL_GNULIB_ENVIRON='IN_SED_GNULIB_TESTS'
GL_GNULIB_EUIDACCESS='0'
GL_GNULIB_EXECL='0'
GL_GNULIB_EXECLE='0'
GL_GNULIB_EXECLP='0'
GL_GNULIB_EXECV='0'
GL_GNULIB_EXECVE='0'
GL_GNULIB_EXECVP='0'
GL_GNULIB_EXECVPE='0'
GL_GNULIB_EXP2='0'
GL_GNULIB_EXP2F='0'
GL_GNULIB_EXP2L='0'
GL_GNULIB_EXPF='0'
GL_GNULIB_EXPL='0'
GL_GNULIB_EXPLICIT_BZERO='0'
GL_GNULIB_EXPM1='0'
GL_GNULIB_EXPM1F='0'
GL_GNULIB_EXPM1L='0'
GL_GNULIB_FABSF='0'
GL_GNULIB_FABSL='0'
GL_GNULIB_FACCESSAT='0'
GL_GNULIB_FCHDIR='0'
GL_GNULIB_FCHMODAT='0'
GL_GNULIB_FCHOWNAT='0'
GL_GNULIB_FCLOSE='0'
GL_GNULIB_FCNTL='1'
GL_GNULIB_FDATASYNC='0'
GL_GNULIB_FDOPEN='IN_SED_GNULIB_TESTS'
GL_GNULIB_FDOPENDIR='0'
GL_GNULIB_FFLUSH='IN_SED_GNULIB_TESTS'
GL_GNULIB_FFSL='0'
GL_GNULIB_FFSLL='0'
GL_GNULIB_FGETC='1'
GL_GNULIB_FGETS='1'
GL_GNULIB_FLOOR='0'
GL_GNULIB_FLOORF='0'
GL_GNULIB_FLOORL='0'
GL_GNULIB_FMA='0'
GL_GNULIB_FMAF='0'
GL_GNULIB_FMAL='0'
GL_GNULIB_FMOD='0'
GL_GNULIB_FMODF='0'
GL_GNULIB_FMODL='0'
GL_GNULIB_FOPEN='IN_SED_GNULIB_TESTS'
GL_GNULIB_FOPEN_GNU='IN_SED_GNULIB_TESTS'
GL_GNULIB_FPRINTF='1'
GL_GNULIB_FPRINTF_POSIX='0'
GL_GNULIB_FPURGE='IN_SED_GNULIB_TESTS'
GL_GNULIB_FPUTC='1'
GL_GNULIB_FPUTS='1'
GL_GNULIB_FREAD='1'
GL_GNULIB_FREELOCALE='0'
GL_GNULIB_FREE_POSIX='1'
GL_GNULIB_FREOPEN='0'
GL_GNULIB_FREXP='IN_SED_GNULIB_TESTS'
GL_GNULIB_FREXPF='0'
GL_GNULIB_FREXPL='IN_SED_GNULIB_TESTS'
GL_GNULIB_FSCANF='1'
GL_GNULIB_FSEEK='IN_SED_GNULIB_TESTS'
GL_GNULIB_FSEEKO='IN_SED_GNULIB_TESTS'
GL_GNULIB_FSTAT='1'
GL_GNULIB_FSTATAT='0'
GL_GNULIB_FSYNC='0'
GL_GNULIB_FTELL='IN_SED_GNULIB_TESTS'
GL_GNULIB_FTELLO='IN_SED_GNULIB_TESTS'
GL_GNULIB_FTRUNCATE='IN_SED_GNULIB_TESTS'
GL_GNULIB_FUTIMENS='0'
GL_GNULIB_FWRITE='1'
GL_GNULIB_FZPRINTF='0'
GL_GNULIB_GETC='1'
GL_GNULIB_GETCHAR='1'
GL_GNULIB_GETCWD='IN_SED_GNULIB_TESTS'
GL_GNULIB_GETDELIM='1'
GL_GNULIB_GETDOMAINNAME='0'
GL_GNULIB_GETDTABLESIZE='1'
GL_GNULIB_GETENTROPY='0'
GL_GNULIB_GETGROUPS='0'
GL_GNULIB_GETHOSTNAME='0'
GL_GNULIB_GETLINE='0'
GL_GNULIB_GETLOADAVG='0'
GL_GNULIB_GETLOCALENAME_L='0'
GL_GNULIB_GETLOCALENAME_L_UNSAFE='IN_SED_GNULIB_TESTS'
GL_GNULIB_GETLOGIN='0'
GL_GNULIB_GETLOGIN_R='0'
GL_GNULIB_GETOPT_POSIX='1'
GL_GNULIB_GETPAGESIZE='IN_SED_GNULIB_TESTS'
GL_GNULIB_GETPASS='0'
GL_GNULIB_GETPASS_GNU='0'
GL_GNULIB_GETPAYLOAD='0'
GL_GNULIB_GETPAYLOADF='0'
GL_GNULIB_GETPAYLOADL='0'
GL_GNULIB_GETPEERNAME='0'
GL_GNULIB_GETPROGNAME='1'
GL_GNULIB_GETRANDOM='1'
GL_GNULIB_GETSOCKNAME='0'
GL_GNULIB_GETSOCKOPT='0'
GL_GNULIB_GETSUBOPT='0'
GL_GNULIB_GETTIMEOFDAY='IN_SED_GNULIB_TESTS'
GL_GNULIB_GETUMASK='0'
GL_GNULIB_GETUSERSHELL='0'
GL_GNULIB_GRANTPT='0'
GL_GNULIB_GROUP_MEMBER='0'
GL_GNULIB_HYPOT='0'
GL_GNULIB_HYPOTF='0'
GL_GNULIB_HYPOTL='0'
GL_GNULIB_ILOGB='0'
GL_GNULIB_ILOGBF='0'
GL_GNULIB_ILOGBL='0'
GL_GNULIB_IMAXABS='0'
GL_GNULIB_IMAXDIV='0'
GL_GNULIB_INET_NTOP='0'
GL_GNULIB_INET_PTON='IN_SED_GNULIB_TESTS'
GL_GNULIB_IOCTL='IN_SED_GNULIB_TESTS'
GL_GNULIB_ISALNUM_L='0'
GL_GNULIB_ISALPHA_L='0'
GL_GNULIB_ISATTY='0'
GL_GNULIB_ISBLANK='IN_SED_GNULIB_TESTS'
GL_GNULIB_ISBLANK_L='0'
GL_GNULIB_ISCNTRL_L='0'
GL_GNULIB_ISDIGIT_L='0'
GL_GNULIB_ISFINITE='0'
GL_GNULIB_ISFINITE_NO_CXX='0'
GL_GNULIB_ISGRAPH_L='0'
GL_GNULIB_ISINF='0'
GL_GNULIB_ISINF_NO_CXX='0'
GL_GNULIB_ISLOWER_L='0'
GL_GNULIB_ISNAN='0'
GL_GNULIB_ISNAND='0'
GL_GNULIB_ISNANF='0'
GL_GNULIB_ISNANL='0'
GL_GNULIB_ISNAN_NO_CXX='0'
GL_GNULIB_ISPRINT_L='0'
GL_GNULIB_ISPUNCT_L='0'
GL_GNULIB_ISSPACE_L='0'
GL_GNULIB_ISUPPER_L='0'
GL_GNULIB_ISWBLANK='1'
GL_GNULIB_ISWCTYPE='1'
GL_GNULIB_ISWDIGIT='1'
GL_GNULIB_ISWPUNCT='1'
GL_GNULIB_ISWXDIGIT='1'
GL_GNULIB_ISXDIGIT_L='0'
GL_GNULIB_LCHMOD='0'
GL_GNULIB_LCHOWN='0'
GL_GNULIB_LDEXP='0'
GL_GNULIB_LDEXPF='0'
GL_GNULIB_LDEXPL='0'
GL_GNULIB_LINK='IN_SED_GNULIB_TESTS'
GL_GNULIB_LINKAT='0'
GL_GNULIB_LISTEN='IN_SED_GNULIB_TESTS'
GL_GNULIB_LOCALECONV='1'
GL_GNULIB_LOCALENAME_UNSAFE='IN_SED_GNULIB_TESTS'
GL_GNULIB_LOCALTIME='0'
GL_GNULIB_LOG10='0'
GL_GNULIB_LOG10F='0'
GL_GNULIB_LOG10L='0'
GL_GNULIB_LOG1P='0'
GL_GNULIB_LOG1PF='0'
GL_GNULIB_LOG1PL='0'
GL_GNULIB_LOG2='0'
GL_GNULIB_LOG2F='0'
GL_GNULIB_LOG2L='0'
GL_GNULIB_LOG='0'
GL_GNULIB_LOGB='0'
GL_GNULIB_LOGBF='0'
GL_GNULIB_LOGBL='0'
GL_GNULIB_LOGF='0'
GL_GNULIB_LOGL='0'
GL_GNULIB_LOGP1='0'
GL_GNULIB_LOGP1F='0'
GL_GNULIB_LOGP1L='0'
GL_GNULIB_LSEEK='IN_SED_GNULIB_TESTS'
GL_GNULIB_LSTAT='1'
GL_GNULIB_MALLOC_GNU='1'
GL_GNULIB_MALLOC_POSIX='1'
GL_GNULIB_MBRLEN='0'
GL_GNULIB_MBRTOC16='0'
GL_GNULIB_MBRTOC32='1'
GL_GNULIB_MBRTOWC='1'
GL_GNULIB_MBSCASECMP='0'
GL_GNULIB_MBSCASESTR='0'
GL_GNULIB_MBSCHR='0'
GL_GNULIB_MBSCSPN='0'
GL_GNULIB_MBSINIT='1'
GL_GNULIB_MBSLEN='0'
GL_GNULIB_MBSNCASECMP='0'
GL_GNULIB_MBSNLEN='0'
GL_GNULIB_MBSNRTOC32S='0'
GL_GNULIB_MBSNRTOWCS='0'
GL_GNULIB_MBSPBRK='0'
GL_GNULIB_MBSPCASECMP='0'
GL_GNULIB_MBSRCHR='0'
GL_GNULIB_MBSRTOC32S='0'
GL_GNULIB_MBSRTOWCS='0'
GL_GNULIB_MBSSEP='0'
GL_GNULIB_MBSSPN='0'
GL_GNULIB_MBSSTR='0'
GL_GNULIB_MBSTOC32S='0'
GL_GNULIB_MBSTOK_R='0'
GL_GNULIB_MBSTOWCS='0'
GL_GNULIB_MBSZERO='1'
GL_GNULIB_MBS_ENDSWITH='0'
GL_GNULIB_MBS_STARTSWITH='0'
GL_GNULIB_MBTOWC='1'
GL_GNULIB_MDA_ACCESS='1'
GL_GNULIB_MDA_CHDIR='1'
GL_GNULIB_MDA_CHMOD='1'
GL_GNULIB_MDA_CLOSE='1'
GL_GNULIB_MDA_CREAT='1'
GL_GNULIB_MDA_DUP2='1'
GL_GNULIB_MDA_DUP='1'
GL_GNULIB_MDA_ECVT='1'
GL_GNULIB_MDA_EXECL='1'
GL_GNULIB_MDA_EXECLE='1'
GL_GNULIB_MDA_EXECLP='1'
GL_GNULIB_MDA_EXECV='1'
GL_GNULIB_MDA_EXECVE='1'
GL_GNULIB_MDA_EXECVP='1'
GL_GNULIB_MDA_EXECVPE='1'
GL_GNULIB_MDA_FCLOSEALL='1'
GL_GNULIB_MDA_FCVT='1'
GL_GNULIB_MDA_FDOPEN='1'
GL_GNULIB_MDA_FILENO='1'
GL_GNULIB_MDA_GCVT='1'
GL_GNULIB_MDA_GETCWD='1'
GL_GNULIB_MDA_GETPID='1'
GL_GNULIB_MDA_GETW='1'
GL_GNULIB_MDA_ISATTY='1'
GL_GNULIB_MDA_J0='1'
GL_GNULIB_MDA_J1='1'
GL_GNULIB_MDA_JN='1'
GL_GNULIB_MDA_LSEEK='1'
GL_GNULIB_MDA_MEMCCPY='1'
GL_GNULIB_MDA_MKDIR='1'
GL_GNULIB_MDA_MKTEMP='1'
GL_GNULIB_MDA_OPEN='1'
GL_GNULIB_MDA_PUTENV='1'
GL_GNULIB_MDA_PUTW='1'
GL_GNULIB_MDA_READ='1'
GL_GNULIB_MDA_RMDIR='1'
GL_GNULIB_MDA_STRDUP='1'
GL_GNULIB_MDA_SWAB='1'
GL_GNULIB_MDA_TEMPNAM='1'
GL_GNULIB_MDA_TZSET='1'
GL_GNULIB_MDA_UMASK='1'
GL_GNULIB_MDA_UNLINK='1'
GL_GNULIB_MDA_WCSDUP='1'
GL_GNULIB_MDA_WRITE='1'
GL_GNULIB_MDA_Y0='1'
GL_GNULIB_MDA_Y1='1'
GL_GNULIB_MDA_YN='1'
GL_GNULIB_MEMCHR='1'
GL_GNULIB_MEMEQ='1'
GL_GNULIB_MEMMEM='0'
GL_GNULIB_MEMPCPY='1'
GL_GNULIB_MEMRCHR='1'
GL_GNULIB_MEMSET_EXPLICIT='IN_SED_GNULIB_TESTS'
GL_GNULIB_MKDIR='1'
GL_GNULIB_MKDIRAT='0'
GL_GNULIB_MKDTEMP='0'
GL_GNULIB_MKFIFO='IN_SED_GNULIB_TESTS'
GL_GNULIB_MKFIFOAT='0'
GL_GNULIB_MKNOD='0'
GL_GNULIB_MKNODAT='0'
GL_GNULIB_MKOSTEMP='1'
GL_GNULIB_MKOSTEMPS='0'
GL_GNULIB_MKSTEMP='0'
GL_GNULIB_MKSTEMPS='0'
GL_GNULIB_MKTIME='0'
GL_GNULIB_MODF='0'
GL_GNULIB_MODFF='0'
GL_GNULIB_MODFL='0'
GL_GNULIB_NANOSLEEP='IN_SED_GNULIB_TESTS'
GL_GNULIB_NEWLOCALE='0'
GL_GNULIB_NL_LANGINFO='1'
GL_GNULIB_NONBLOCKING='0'
GL_GNULIB_OBSTACK_PRINTF='0'
GL_GNULIB_OBSTACK_PRINTF_POSIX='0'
GL_GNULIB_OBSTACK_ZPRINTF='0'
GL_GNULIB_OPEN='1'
GL_GNULIB_OPENAT2='0'
GL_GNULIB_OPENAT='0'
GL_GNULIB_OPENDIR='IN_SED_GNULIB_TESTS'
GL_GNULIB_OVERRIDES_STRUCT_STAT='0'
GL_GNULIB_PCLOSE='0'
GL_GNULIB_PERROR='IN_SED_GNULIB_TESTS'
GL_GNULIB_PIPE2='0'
GL_GNULIB_PIPE='IN_SED_GNULIB_TESTS'
GL_GNULIB_POPEN='0'
GL_GNULIB_POSIX_MEMALIGN='0'
GL_GNULIB_POSIX_OPENPT='0'
GL_GNULIB_POWF='0'
GL_GNULIB_PREAD='0'
GL_GNULIB_PRINTF='1'
GL_GNULIB_PRINTF_POSIX='0'
GL_GNULIB_PSELECT='IN_SED_GNULIB_TESTS'
GL_GNULIB_PTHREAD_COND='IN_SED_GNULIB_TESTS'
GL_GNULIB_PTHREAD_MUTEX='IN_SED_GNULIB_TESTS'
GL_GNULIB_PTHREAD_MUTEX_TIMEDLOCK='IN_SED_GNULIB_TESTS'
GL_GNULIB_PTHREAD_ONCE='1'
GL_GNULIB_PTHREAD_RWLOCK='IN_SED_GNULIB_TESTS'
GL_GNULIB_PTHREAD_SIGMASK='IN_SED_GNULIB_TESTS'
GL_GNULIB_PTHREAD_SPIN='0'
GL_GNULIB_PTHREAD_THREAD='IN_SED_GNULIB_TESTS'
GL_GNULIB_PTHREAD_TSS='0'
GL_GNULIB_PTSNAME='0'
GL_GNULIB_PTSNAME_R='0'
GL_GNULIB_PUTC='1'
GL_GNULIB_PUTCHAR='1'
GL_GNULIB_PUTENV='IN_SED_GNULIB_TESTS'
GL_GNULIB_PUTS='1'
GL_GNULIB_PWRITE='0'
GL_GNULIB_QSORT_R='0'
GL_GNULIB_RAISE='IN_SED_GNULIB_TESTS'
GL_GNULIB_RAND='0'
GL_GNULIB_RANDOM='IN_SED_GNULIB_TESTS'
GL_GNULIB_RANDOM_R='IN_SED_GNULIB_TESTS'
GL_GNULIB_RAWMEMCHR='1'
GL_GNULIB_READ='0'
GL_GNULIB_READDIR='IN_SED_GNULIB_TESTS'
GL_GNULIB_READLINK='1'
GL_GNULIB_READLINKAT='0'
GL_GNULIB_REALLOCARRAY='1'
GL_GNULIB_REALLOC_POSIX='1'
GL_GNULIB_REALPATH='1'
GL_GNULIB_RECV='0'
GL_GNULIB_RECVFROM='0'
GL_GNULIB_REMAINDER='0'
GL_GNULIB_REMAINDERF='0'
GL_GNULIB_REMAINDERL='0'
GL_GNULIB_REMOVE='0'
GL_GNULIB_RENAME='1'
GL_GNULIB_RENAMEAT='0'
GL_GNULIB_REWINDDIR='0'
GL_GNULIB_RINT='0'
GL_GNULIB_RINTF='0'
GL_GNULIB_RINTL='0'
GL_GNULIB_RMDIR='1'
GL_GNULIB_ROUND='0'
GL_GNULIB_ROUNDF='0'
GL_GNULIB_ROUNDL='0'
GL_GNULIB_RPMATCH='0'
GL_GNULIB_SCANDIR='0'
GL_GNULIB_SCANF='1'
GL_GNULIB_SCHED_YIELD='IN_SED_GNULIB_TESTS'
GL_GNULIB_SECURE_GETENV='0'
GL_GNULIB_SELECT='IN_SED_GNULIB_TESTS'
GL_GNULIB_SEND='0'
GL_GNULIB_SENDTO='0'
GL_GNULIB_SETENV='IN_SED_GNULIB_TESTS'
GL_GNULIB_SETHOSTNAME='0'
GL_GNULIB_SETLOCALE='IN_SED_GNULIB_TESTS'
GL_GNULIB_SETLOCALE_NULL='1'
GL_GNULIB_SETPAYLOAD='0'
GL_GNULIB_SETPAYLOADF='0'
GL_GNULIB_SETPAYLOADL='0'
GL_GNULIB_SETPAYLOADSIG='0'
GL_GNULIB_SETPAYLOADSIGF='0'
GL_GNULIB_SETPAYLOADSIGL='0'
GL_GNULIB_SETSOCKOPT='IN_SED_GNULIB_TESTS'
GL_GNULIB_SHUTDOWN='0'
GL_GNULIB_SIG2STR='0'
GL_GNULIB_SIGABBREV_NP='0'
GL_GNULIB_SIGACTION='0'
GL_GNULIB_SIGDESCR_NP='0'
GL_GNULIB_SIGNAL_H_SIGPIPE='0'
GL_GNULIB_SIGNBIT='0'
GL_GNULIB_SIGNBIT_NO_CXX='IN_SED_GNULIB_TESTS'
GL_GNULIB_SIGPROCMASK='IN_SED_GNULIB_TESTS'
GL_GNULIB_SINF='0'
GL_GNULIB_SINHF='0'
GL_GNULIB_SINL='0'
GL_GNULIB_SLEEP='IN_SED_GNULIB_TESTS'
GL_GNULIB_SNPRINTF='0'
GL_GNULIB_SNZPRINTF='0'
GL_GNULIB_SOCKET='IN_SED_GNULIB_TESTS'
GL_GNULIB_SPRINTF_POSIX='0'
GL_GNULIB_SQRTF='0'
GL_GNULIB_SQRTL='0'
GL_GNULIB_STACK_TRACE='0'
GL_GNULIB_STAT='1'
GL_GNULIB_STDIO_H_NONBLOCKING='0'
GL_GNULIB_STDIO_H_SIGPIPE='0'
GL_GNULIB_STPCPY='IN_SED_GNULIB_TESTS'
GL_GNULIB_STPNCPY='0'
GL_GNULIB_STRCASESTR='0'
GL_GNULIB_STRCHRNUL='0'
GL_GNULIB_STRDUP='IN_SED_GNULIB_TESTS'
GL_GNULIB_STREQ='1'
GL_GNULIB_STRERROR='1'
GL_GNULIB_STRERRORNAME_NP='0'
GL_GNULIB_STRERROR_L='0'
GL_GNULIB_STRERROR_R='IN_SED_GNULIB_TESTS'
GL_GNULIB_STRFTIME='0'
GL_GNULIB_STRNCAT='0'
GL_GNULIB_STRNCPY='1'
GL_GNULIB_STRNDUP='0'
GL_GNULIB_STRNLEN='0'
GL_GNULIB_STRNUL='1'
GL_GNULIB_STRPBRK='0'
GL_GNULIB_STRPTIME='0'
GL_GNULIB_STRSEP='0'
GL_GNULIB_STRSIGNAL='0'
GL_GNULIB_STRSTR='0'
GL_GNULIB_STRTOD='0'
GL_GNULIB_STRTOF='0'
GL_GNULIB_STRTOIMAX='1'
GL_GNULIB_STRTOK_R='0'
GL_GNULIB_STRTOL='0'
GL_GNULIB_STRTOLD='0'
GL_GNULIB_STRTOLL='1'
GL_GNULIB_STRTOUL='0'
GL_GNULIB_STRTOULL='0'
GL_GNULIB_STRTOUMAX='0'
GL_GNULIB_STRVERSCMP='1'
GL_GNULIB_STR_ENDSWITH='IN_SED_GNULIB_TESTS'
GL_GNULIB_STR_STARTSWITH='IN_SED_GNULIB_TESTS'
GL_GNULIB_SYMLINK='IN_SED_GNULIB_TESTS'
GL_GNULIB_SYMLINKAT='0'
GL_GNULIB_SYSTEM_POSIX='0'
GL_GNULIB_SZPRINTF='0'
GL_GNULIB_TANF='0'
GL_GNULIB_TANHF='0'
GL_GNULIB_TANL='0'
GL_GNULIB_TIME='IN_SED_GNULIB_TESTS'
GL_GNULIB_TIMEGM='0'
GL_GNULIB_TIMESPEC_GET='0'
GL_GNULIB_TIMESPEC_GETRES='0'
GL_GNULIB_TIME_R='0'
GL_GNULIB_TIME_RZ='0'
GL_GNULIB_TMPFILE='0'
GL_GNULIB_TOLOWER_L='0'
GL_GNULIB_TOTALORDER='0'
GL_GNULIB_TOTALORDERF='0'
GL_GNULIB_TOTALORDERL='0'
GL_GNULIB_TOTALORDERMAG='0'
GL_GNULIB_TOTALORDERMAGF='0'
GL_GNULIB_TOTALORDERMAGL='0'
GL_GNULIB_TOUPPER_L='0'
GL_GNULIB_TOWCTRANS='0'
GL_GNULIB_TRUNC='IN_SED_GNULIB_TESTS'
GL_GNULIB_TRUNCATE='0'
GL_GNULIB_TRUNCF='0'
GL_GNULIB_TRUNCL='IN_SED_GNULIB_TESTS'
GL_GNULIB_TTYNAME_R='0'
GL_GNULIB_TZNAME='0'
GL_GNULIB_TZSET='0'
GL_GNULIB_UNICASE_EMPTY_PREFIX_CONTEXT_DLL_VARIABLE='LIBUNISTRING_DLL_VARIABLE'
GL_GNULIB_UNICASE_EMPTY_SUFFIX_CONTEXT_DLL_VARIABLE='LIBUNISTRING_DLL_VARIABLE'
GL_GNULIB_UNICTYPE_CATEGORY_CC_DLL_VARIABLE='LIBUNISTRING_DLL_VARIABLE'
GL_GNULIB_UNICTYPE_CATEGORY_CF_DLL_VARIABLE='LIBUNISTRING_DLL_VARIABLE'
GL_GNULIB_UNICTYPE_CATEGORY_CN_DLL_VARIABLE='LIBUNISTRING_DLL_VARIABLE'
GL_GNULIB_UNICTYPE_CATEGORY_CO_DLL_VARIABLE='LIBUNISTRING_DLL_VARIABLE'
GL_GNULIB_UNICTYPE_CATEGORY_CS_DLL_VARIABLE='LIBUNISTRING_DLL_VARIABLE'
GL_GNULIB_UNICTYPE_CATEGORY_C_DLL_VARIABLE='LIBUNISTRING_DLL_VARIABLE'
GL_GNULIB_UNICTYPE_CATEGORY_LC_DLL_VARIABLE='LIBUNISTRING_DLL_VARIABLE'
GL_GNULIB_UNICTYPE_CATEGORY_LL_DLL_VARIABLE='LIBUNISTRING_DLL_VARIABLE'
GL_GNULIB_UNICTYPE_CATEGORY_LM_DLL_VARIABLE='LIBUNISTRING_DLL_VARIABLE'
GL_GNULIB_UNICTYPE_CATEGORY_LO_DLL_VARIABLE='LIBUNISTRING_DLL_VARIABLE'
GL_GNULIB_UNICTYPE_CATEGORY_LT_DLL_VARIABLE='LIBUNISTRING_DLL_VARIABLE'
GL_GNULIB_UNICTYPE_CATEGORY_LU_DLL_VARIABLE='LIBUNISTRING_DLL_VARIABLE'
GL_GNULIB_UNICTYPE_CATEGORY_L_DLL_VARIABLE='LIBUNISTRING_DLL_VARIABLE'
GL_GNULIB_UNICTYPE_CATEGORY_MC_DLL_VARIABLE='LIBUNISTRING_DLL_VARIABLE'
GL_GNULIB_UNICTYPE_CATEGORY_ME_DLL_VARIABLE='LIBUNISTRING_DLL_VARIABLE'
GL_GNULIB_UNICTYPE_CATEGORY_MN_DLL_VARIABLE='LIBUNISTRING_DLL_VARIABLE'
GL_GNULIB_UNICTYPE_CATEGORY_M_DLL_VARIABLE='LIBUNISTRING_DLL_VARIABLE'
GL_GNULIB_UNICTYPE_CATEGORY_ND_DLL_VARIABLE='LIBUNISTRING_DLL_VARIABLE'
GL_GNULIB_UNICTYPE_CATEGORY_NL_DLL_VARIABLE='LIBUNISTRING_DLL_VARIABLE'
GL_GNULIB_UNICTYPE_CATEGORY_NO_DLL_VARIABLE='LIBUNISTRING_DLL_VARIABLE'
GL_GNULIB_UNICTYPE_CATEGORY_N_DLL_VARIABLE='LIBUNISTRING_DLL_VARIABLE'
GL_GNULIB_UNICTYPE_CATEGORY_PC_DLL_VARIABLE='LIBUNISTRING_DLL_VARIABLE'
GL_GNULIB_UNICTYPE_CATEGORY_PD_DLL_VARIABLE='LIBUNISTRING_DLL_VARIABLE'
GL_GNULIB_UNICTYPE_CATEGORY_PE_DLL_VARIABLE='LIBUNISTRING_DLL_VARIABLE'
GL_GNULIB_UNICTYPE_CATEGORY_PF_DLL_VARIABLE='LIBUNISTRING_DLL_VARIABLE'
GL_GNULIB_UNICTYPE_CATEGORY_PI_DLL_VARIABLE='LIBUNISTRING_DLL_VARIABLE'
GL_GNULIB_UNICTYPE_CATEGORY_PO_DLL_VARIABLE='LIBUNISTRING_DLL_VARIABLE'
GL_GNULIB_UNICTYPE_CATEGORY_PS_DLL_VARIABLE='LIBUNISTRING_DLL_VARIABLE'
GL_GNULIB_UNICTYPE_CATEGORY_P_DLL_VARIABLE='LIBUNISTRING_DLL_VARIABLE'
GL_GNULIB_UNICTYPE_CATEGORY_SC_DLL_VARIABLE='LIBUNISTRING_DLL_VARIABLE'
GL_GNULIB_UNICTYPE_CATEGORY_SK_DLL_VARIABLE='LIBUNISTRING_DLL_VARIABLE'
GL_GNULIB_UNICTYPE_CATEGORY_SM_DLL_VARIABLE='LIBUNISTRING_DLL_VARIABLE'
GL_GNULIB_UNICTYPE_CATEGORY_SO_DLL_VARIABLE='LIBUNISTRING_DLL_VARIABLE'
GL_GNULIB_UNICTYPE_CATEGORY_S_DLL_VARIABLE='LIBUNISTRING_DLL_VARIABLE'
GL_GNULIB_UNICTYPE_CATEGORY_ZL_DLL_VARIABLE='LIBUNISTRING_DLL_VARIABLE'
GL_GNULIB_UNICTYPE_CATEGORY_ZP_DLL_VARIABLE='LIBUNISTRING_DLL_VARIABLE'
GL_GNULIB_UNICTYPE_CATEGORY_ZS_DLL_VARIABLE='LIBUNISTRING_DLL_VARIABLE'
GL_GNULIB_UNICTYPE_CATEGORY_Z_DLL_VARIABLE='LIBUNISTRING_DLL_VARIABLE'
GL_GNULIB_UNICTYPE_PROPERTY_ALPHABETIC_DLL_VARIABLE='LIBUNISTRING_DLL_VARIABLE'
GL_GNULIB_UNICTYPE_PROPERTY_ASCII_HEX_DIGIT_DLL_VARIABLE='LIBUNISTRING_DLL_VARIABLE'
GL_GNULIB_UNICTYPE_PROPERTY_BIDI_ARABIC_DIGIT_DLL_VARIABLE='LIBUNISTRING_DLL_VARIABLE'
GL_GNULIB_UNICTYPE_PROPERTY_BIDI_ARABIC_RIGHT_TO_LEFT_DLL_VARIABLE='LIBUNISTRING_DLL_VARIABLE'
GL_GNULIB_UNICTYPE_PROPERTY_BIDI_BLOCK_SEPARATOR_DLL_VARIABLE='LIBUNISTRING_DLL_VARIABLE'
GL_GNULIB_UNICTYPE_PROPERTY_BIDI_BOUNDARY_NEUTRAL_DLL_VARIABLE='LIBUNISTRING_DLL_VARIABLE'
GL_GNULIB_UNICTYPE_PROPERTY_BIDI_COMMON_SEPARATOR_DLL_VARIABLE='LIBUNISTRING_DLL_VARIABLE'
GL_GNULIB_UNICTYPE_PROPERTY_BIDI_CONTROL_DLL_VARIABLE='LIBUNISTRING_DLL_VARIABLE'
GL_GNULIB_UNICTYPE_PROPERTY_BIDI_EMBEDDING_OR_OVERRIDE_DLL_VARIABLE='LIBUNISTRING_DLL_VARIABLE'
GL_GNULIB_UNICTYPE_PROPERTY_BIDI_EUROPEAN_DIGIT_DLL_VARIABLE='LIBUNISTRING_DLL_VARIABLE'
GL_GNULIB_UNICTYPE_PROPERTY_BIDI_EUR_NUM_SEPARATOR_DLL_VARIABLE='LIBUNISTRING_DLL_VARIABLE'
GL_GNULIB_UNICTYPE_PROPERTY_BIDI_EUR_NUM_TERMINATOR_DLL_VARIABLE='LIBUNISTRING_DLL_VARIABLE'
GL_GNULIB_UNICTYPE_PROPERTY_BIDI_HEBREW_RIGHT_TO_LEFT_DLL_VARIABLE='LIBUNISTRING_DLL_VARIABLE'
GL_GNULIB_UNICTYPE_PROPERTY_BIDI_LEFT_TO_RIGHT_DLL_VARIABLE='LIBUNISTRING_DLL_VARIABLE'
GL_GNULIB_UNICTYPE_PROPERTY_BIDI_NON_SPACING_MARK_DLL_VARIABLE='LIBUNISTRING_DLL_VARIABLE'
GL_GNULIB_UNICTYPE_PROPERTY_BIDI_OTHER_NEUTRAL_DLL_VARIABLE='LIBUNISTRING_DLL_VARIABLE'
GL_GNULIB_UNICTYPE_PROPERTY_BIDI_PDF_DLL_VARIABLE='LIBUNISTRING_DLL_VARIABLE'
GL_GNULIB_UNICTYPE_PROPERTY_BIDI_SEGMENT_SEPARATOR_DLL_VARIABLE='LIBUNISTRING_DLL_VARIABLE'
GL_GNULIB_UNICTYPE_PROPERTY_BIDI_WHITESPACE_DLL_VARIABLE='LIBUNISTRING_DLL_VARIABLE'
GL_GNULIB_UNICTYPE_PROPERTY_CASED_DLL_VARIABLE='LIBUNISTRING_DLL_VARIABLE'
GL_GNULIB_UNICTYPE_PROPERTY_CASE_IGNORABLE_DLL_VARIABLE='LIBUNISTRING_DLL_VARIABLE'
GL_GNULIB_UNICTYPE_PROPERTY_CHANGES_WHEN_CASEFOLDED_DLL_VARIABLE='LIBUNISTRING_DLL_VARIABLE'
GL_GNULIB_UNICTYPE_PROPERTY_CHANGES_WHEN_CASEMAPPED_DLL_VARIABLE='LIBUNISTRING_DLL_VARIABLE'
GL_GNULIB_UNICTYPE_PROPERTY_CHANGES_WHEN_LOWERCASED_DLL_VARIABLE='LIBUNISTRING_DLL_VARIABLE'
GL_GNULIB_UNICTYPE_PROPERTY_CHANGES_WHEN_TITLECASED_DLL_VARIABLE='LIBUNISTRING_DLL_VARIABLE'
GL_GNULIB_UNICTYPE_PROPERTY_CHANGES_WHEN_UPPERCASED_DLL_VARIABLE='LIBUNISTRING_DLL_VARIABLE'
GL_GNULIB_UNICTYPE_PROPERTY_COMBINING_DLL_VARIABLE='LIBUNISTRING_DLL_VARIABLE'
GL_GNULIB_UNICTYPE_PROPERTY_COMPOSITE_DLL_VARIABLE='LIBUNISTRING_DLL_VARIABLE'
GL_GNULIB_UNICTYPE_PROPERTY_CURRENCY_SYMBOL_DLL_VARIABLE='LIBUNISTRING_DLL_VARIABLE'
GL_GNULIB_UNICTYPE_PROPERTY_DASH_DLL_VARIABLE='LIBUNISTRING_DLL_VARIABLE'
GL_GNULIB_UNICTYPE_PROPERTY_DECIMAL_DIGIT_DLL_VARIABLE='LIBUNISTRING_DLL_VARIABLE'
GL_GNULIB_UNICTYPE_PROPERTY_DEFAULT_IGNORABLE_CODE_POINT_DLL_VARIABLE='LIBUNISTRING_DLL_VARIABLE'
GL_GNULIB_UNICTYPE_PROPERTY_DEPRECATED_DLL_VARIABLE='LIBUNISTRING_DLL_VARIABLE'
GL_GNULIB_UNICTYPE_PROPERTY_DIACRITIC_DLL_VARIABLE='LIBUNISTRING_DLL_VARIABLE'
GL_GNULIB_UNICTYPE_PROPERTY_EMOJI_COMPONENT_DLL_VARIABLE='LIBUNISTRING_DLL_VARIABLE'
GL_GNULIB_UNICTYPE_PROPERTY_EMOJI_DLL_VARIABLE='LIBUNISTRING_DLL_VARIABLE'
GL_GNULIB_UNICTYPE_PROPERTY_EMOJI_MODIFIER_BASE_DLL_VARIABLE='LIBUNISTRING_DLL_VARIABLE'
GL_GNULIB_UNICTYPE_PROPERTY_EMOJI_MODIFIER_DLL_VARIABLE='LIBUNISTRING_DLL_VARIABLE'
GL_GNULIB_UNICTYPE_PROPERTY_EMOJI_PRESENTATION_DLL_VARIABLE='LIBUNISTRING_DLL_VARIABLE'
GL_GNULIB_UNICTYPE_PROPERTY_EXTENDED_PICTOGRAPHIC_DLL_VARIABLE='LIBUNISTRING_DLL_VARIABLE'
GL_GNULIB_UNICTYPE_PROPERTY_EXTENDER_DLL_VARIABLE='LIBUNISTRING_DLL_VARIABLE'
GL_GNULIB_UNICTYPE_PROPERTY_FORMAT_CONTROL_DLL_VARIABLE='LIBUNISTRING_DLL_VARIABLE'
GL_GNULIB_UNICTYPE_PROPERTY_GRAPHEME_BASE_DLL_VARIABLE='LIBUNISTRING_DLL_VARIABLE'
GL_GNULIB_UNICTYPE_PROPERTY_GRAPHEME_EXTEND_DLL_VARIABLE='LIBUNISTRING_DLL_VARIABLE'
GL_GNULIB_UNICTYPE_PROPERTY_GRAPHEME_LINK_DLL_VARIABLE='LIBUNISTRING_DLL_VARIABLE'
GL_GNULIB_UNICTYPE_PROPERTY_HEX_DIGIT_DLL_VARIABLE='LIBUNISTRING_DLL_VARIABLE'
GL_GNULIB_UNICTYPE_PROPERTY_HYPHEN_DLL_VARIABLE='LIBUNISTRING_DLL_VARIABLE'
GL_GNULIB_UNICTYPE_PROPERTY_IDEOGRAPHIC_DLL_VARIABLE='LIBUNISTRING_DLL_VARIABLE'
GL_GNULIB_UNICTYPE_PROPERTY_IDS_BINARY_OPERATOR_DLL_VARIABLE='LIBUNISTRING_DLL_VARIABLE'
GL_GNULIB_UNICTYPE_PROPERTY_IDS_TRINARY_OPERATOR_DLL_VARIABLE='LIBUNISTRING_DLL_VARIABLE'
GL_GNULIB_UNICTYPE_PROPERTY_IDS_UNARY_OPERATOR_DLL_VARIABLE='LIBUNISTRING_DLL_VARIABLE'
GL_GNULIB_UNICTYPE_PROPERTY_ID_COMPAT_MATH_CONTINUE_DLL_VARIABLE='LIBUNISTRING_DLL_VARIABLE'
GL_GNULIB_UNICTYPE_PROPERTY_ID_COMPAT_MATH_START_DLL_VARIABLE='LIBUNISTRING_DLL_VARIABLE'
GL_GNULIB_UNICTYPE_PROPERTY_ID_CONTINUE_DLL_VARIABLE='LIBUNISTRING_DLL_VARIABLE'
GL_GNULIB_UNICTYPE_PROPERTY_ID_START_DLL_VARIABLE='LIBUNISTRING_DLL_VARIABLE'
GL_GNULIB_UNICTYPE_PROPERTY_IGNORABLE_CONTROL_DLL_VARIABLE='LIBUNISTRING_DLL_VARIABLE'
GL_GNULIB_UNICTYPE_PROPERTY_ISO_CONTROL_DLL_VARIABLE='LIBUNISTRING_DLL_VARIABLE'
GL_GNULIB_UNICTYPE_PROPERTY_JOIN_CONTROL_DLL_VARIABLE='LIBUNISTRING_DLL_VARIABLE'
GL_GNULIB_UNICTYPE_PROPERTY_LEFT_OF_PAIR_DLL_VARIABLE='LIBUNISTRING_DLL_VARIABLE'
GL_GNULIB_UNICTYPE_PROPERTY_LINE_SEPARATOR_DLL_VARIABLE='LIBUNISTRING_DLL_VARIABLE'
GL_GNULIB_UNICTYPE_PROPERTY_LOGICAL_ORDER_EXCEPTION_DLL_VARIABLE='LIBUNISTRING_DLL_VARIABLE'
GL_GNULIB_UNICTYPE_PROPERTY_LOWERCASE_DLL_VARIABLE='LIBUNISTRING_DLL_VARIABLE'
GL_GNULIB_UNICTYPE_PROPERTY_MATH_DLL_VARIABLE='LIBUNISTRING_DLL_VARIABLE'
GL_GNULIB_UNICTYPE_PROPERTY_MODIFIER_COMBINING_MARK_DLL_VARIABLE='LIBUNISTRING_DLL_VARIABLE'
GL_GNULIB_UNICTYPE_PROPERTY_NON_BREAK_DLL_VARIABLE='LIBUNISTRING_DLL_VARIABLE'
GL_GNULIB_UNICTYPE_PROPERTY_NOT_A_CHARACTER_DLL_VARIABLE='LIBUNISTRING_DLL_VARIABLE'
GL_GNULIB_UNICTYPE_PROPERTY_NUMERIC_DLL_VARIABLE='LIBUNISTRING_DLL_VARIABLE'
GL_GNULIB_UNICTYPE_PROPERTY_OTHER_ALPHABETIC_DLL_VARIABLE='LIBUNISTRING_DLL_VARIABLE'
GL_GNULIB_UNICTYPE_PROPERTY_OTHER_DEFAULT_IGNORABLE_CODE_POINT_DLL_VARIABLE='LIBUNISTRING_DLL_VARIABLE'
GL_GNULIB_UNICTYPE_PROPERTY_OTHER_GRAPHEME_EXTEND_DLL_VARIABLE='LIBUNISTRING_DLL_VARIABLE'
GL_GNULIB_UNICTYPE_PROPERTY_OTHER_ID_CONTINUE_DLL_VARIABLE='LIBUNISTRING_DLL_VARIABLE'
GL_GNULIB_UNICTYPE_PROPERTY_OTHER_ID_START_DLL_VARIABLE='LIBUNISTRING_DLL_VARIABLE'
GL_GNULIB_UNICTYPE_PROPERTY_OTHER_LOWERCASE_DLL_VARIABLE='LIBUNISTRING_DLL_VARIABLE'
GL_GNULIB_UNICTYPE_PROPERTY_OTHER_MATH_DLL_VARIABLE='LIBUNISTRING_DLL_VARIABLE'
GL_GNULIB_UNICTYPE_PROPERTY_OTHER_UPPERCASE_DLL_VARIABLE='LIBUNISTRING_DLL_VARIABLE'
GL_GNULIB_UNICTYPE_PROPERTY_PAIRED_PUNCTUATION_DLL_VARIABLE='LIBUNISTRING_DLL_VARIABLE'
GL_GNULIB_UNICTYPE_PROPERTY_PARAGRAPH_SEPARATOR_DLL_VARIABLE='LIBUNISTRING_DLL_VARIABLE'
GL_GNULIB_UNICTYPE_PROPERTY_PATTERN_SYNTAX_DLL_VARIABLE='LIBUNISTRING_DLL_VARIABLE'
GL_GNULIB_UNICTYPE_PROPERTY_PATTERN_WHITE_SPACE_DLL_VARIABLE='LIBUNISTRING_DLL_VARIABLE'
GL_GNULIB_UNICTYPE_PROPERTY_PREPENDED_CONCATENATION_MARK_DLL_VARIABLE='LIBUNISTRING_DLL_VARIABLE'
GL_GNULIB_UNICTYPE_PROPERTY_PRIVATE_USE_DLL_VARIABLE='LIBUNISTRING_DLL_VARIABLE'
GL_GNULIB_UNICTYPE_PROPERTY_PUNCTUATION_DLL_VARIABLE='LIBUNISTRING_DLL_VARIABLE'
GL_GNULIB_UNICTYPE_PROPERTY_QUOTATION_MARK_DLL_VARIABLE='LIBUNISTRING_DLL_VARIABLE'
GL_GNULIB_UNICTYPE_PROPERTY_RADICAL_DLL_VARIABLE='LIBUNISTRING_DLL_VARIABLE'
GL_GNULIB_UNICTYPE_PROPERTY_REGIONAL_INDICATOR_DLL_VARIABLE='LIBUNISTRING_DLL_VARIABLE'
GL_GNULIB_UNICTYPE_PROPERTY_SENTENCE_TERMINAL_DLL_VARIABLE='LIBUNISTRING_DLL_VARIABLE'
GL_GNULIB_UNICTYPE_PROPERTY_SOFT_DOTTED_DLL_VARIABLE='LIBUNISTRING_DLL_VARIABLE'
GL_GNULIB_UNICTYPE_PROPERTY_SPACE_DLL_VARIABLE='LIBUNISTRING_DLL_VARIABLE'
GL_GNULIB_UNICTYPE_PROPERTY_TERMINAL_PUNCTUATION_DLL_VARIABLE='LIBUNISTRING_DLL_VARIABLE'
GL_GNULIB_UNICTYPE_PROPERTY_TITLECASE_DLL_VARIABLE='LIBUNISTRING_DLL_VARIABLE'
GL_GNULIB_UNICTYPE_PROPERTY_UNASSIGNED_CODE_VALUE_DLL_VARIABLE='LIBUNISTRING_DLL_VARIABLE'
GL_GNULIB_UNICTYPE_PROPERTY_UNIFIED_IDEOGRAPH_DLL_VARIABLE='LIBUNISTRING_DLL_VARIABLE'
GL_GNULIB_UNICTYPE_PROPERTY_UPPERCASE_DLL_VARIABLE='LIBUNISTRING_DLL_VARIABLE'
GL_GNULIB_UNICTYPE_PROPERTY_VARIATION_SELECTOR_DLL_VARIABLE='LIBUNISTRING_DLL_VARIABLE'
GL_GNULIB_UNICTYPE_PROPERTY_WHITE_SPACE_DLL_VARIABLE='LIBUNISTRING_DLL_VARIABLE'
GL_GNULIB_UNICTYPE_PROPERTY_XID_CONTINUE_DLL_VARIABLE='LIBUNISTRING_DLL_VARIABLE'
GL_GNULIB_UNICTYPE_PROPERTY_XID_START_DLL_VARIABLE='LIBUNISTRING_DLL_VARIABLE'
GL_GNULIB_UNICTYPE_PROPERTY_ZERO_WIDTH_DLL_VARIABLE='LIBUNISTRING_DLL_VARIABLE'
GL_GNULIB_UNINORM_NFC_DLL_VARIABLE='LIBUNISTRING_DLL_VARIABLE'
GL_GNULIB_UNINORM_NFD_DLL_VARIABLE='LIBUNISTRING_DLL_VARIABLE'
GL_GNULIB_UNINORM_NFKC_DLL_VARIABLE='LIBUNISTRING_DLL_VARIABLE'
GL_GNULIB_UNINORM_NFKD_DLL_VARIABLE='LIBUNISTRING_DLL_VARIABLE'
GL_GNULIB_UNISTD_H_GETOPT='1'
GL_GNULIB_UNISTD_H_NONBLOCKING='0'
GL_GNULIB_UNISTD_H_SIGPIPE='0'
GL_GNULIB_UNLINK='0'
GL_GNULIB_UNLINKAT='0'
GL_GNULIB_UNLOCKPT='0'
GL_GNULIB_UNSETENV='IN_SED_GNULIB_TESTS'
GL_GNULIB_USLEEP='0'
GL_GNULIB_UTIMENSAT='0'
GL_GNULIB_VAPRINTF='0'
GL_GNULIB_VASPRINTF='0'
GL_GNULIB_VASZPRINTF='0'
GL_GNULIB_VDPRINTF='0'
GL_GNULIB_VDZPRINTF='0'
GL_GNULIB_VFPRINTF='1'
GL_GNULIB_VFPRINTF_POSIX='0'
GL_GNULIB_VFSCANF='0'
GL_GNULIB_VFZPRINTF='0'
GL_GNULIB_VPRINTF='1'
GL_GNULIB_VPRINTF_POSIX='0'
GL_GNULIB_VSCANF='0'
GL_GNULIB_VSNPRINTF='0'
GL_GNULIB_VSNZPRINTF='0'
GL_GNULIB_VSPRINTF_POSIX='0'
GL_GNULIB_VSZPRINTF='0'
GL_GNULIB_VZPRINTF='0'
GL_GNULIB_WCPCPY='0'
GL_GNULIB_WCPNCPY='0'
GL_GNULIB_WCRTOMB='1'
GL_GNULIB_WCSCASECMP='0'
GL_GNULIB_WCSCAT='0'
GL_GNULIB_WCSCHR='0'
GL_GNULIB_WCSCMP='0'
GL_GNULIB_WCSCOLL='0'
GL_GNULIB_WCSCPY='0'
GL_GNULIB_WCSCSPN='0'
GL_GNULIB_WCSDUP='0'
GL_GNULIB_WCSFTIME='0'
GL_GNULIB_WCSLEN='0'
GL_GNULIB_WCSNCASECMP='0'
GL_GNULIB_WCSNCAT='0'
GL_GNULIB_WCSNCMP='0'
GL_GNULIB_WCSNCPY='0'
GL_GNULIB_WCSNLEN='0'
GL_GNULIB_WCSNRTOMBS='0'
GL_GNULIB_WCSPBRK='0'
GL_GNULIB_WCSRCHR='0'
GL_GNULIB_WCSRTOMBS='0'
GL_GNULIB_WCSSPN='0'
GL_GNULIB_WCSSTR='0'
GL_GNULIB_WCSTOK='0'
GL_GNULIB_WCSWIDTH='0'
GL_GNULIB_WCSXFRM='0'
GL_GNULIB_WCTOB='1'
GL_GNULIB_WCTOMB='1'
GL_GNULIB_WCTRANS='0'
GL_GNULIB_WCTYPE='1'
GL_GNULIB_WCWIDTH='0'
GL_GNULIB_WGETCWD='0'
GL_GNULIB_WMEMCHR='0'
GL_GNULIB_WMEMCMP='0'
GL_GNULIB_WMEMCPY='0'
GL_GNULIB_WMEMMOVE='0'
GL_GNULIB_WMEMPCPY='0'
GL_GNULIB_WMEMSET='0'
GL_GNULIB_WRITE='0'
GL_GNULIB_ZPRINTF='0'
GL_GNULIB__EXIT='0'
GMSGFMT='/usr/bin/msgfmt'
GMSGFMT_015='/usr/bin/msgfmt'
GNULIBHEADERS_OVERRIDE_CHAR16_T='0'
GNULIBHEADERS_OVERRIDE_CHAR32_T='0'
GNULIBHEADERS_OVERRIDE_CHAR8_T='1'
GNULIBHEADERS_OVERRIDE_WINT_T='0'
GNULIB_LOCALEDIR='${datarootdir}/locale'
GNULIB_LOCALEDIR_c='"/usr/share/locale"'
GNULIB_LOCALEDIR_c_make='\"$(GNULIB_LOCALEDIR)\"'
GNULIB_TEST_WARN_CFLAGS=''
GREP='/bin/grep'
HARD_LOCALE_LIB=''
HAVE_ACCEPT4='1'
HAVE_ACOSF='1'
HAVE_ACOSL='1'
HAVE_ALIGNED_ALLOC='1'
HAVE_ALLOCA_H='1'
HAVE_ALPHASORT='1'
HAVE_ARPA_INET_H='1'
HAVE_ASINF='1'
HAVE_ASINL='1'
HAVE_ATAN2F='1'
HAVE_ATANF='1'
HAVE_ATANL='1'
HAVE_ATOLL='1'
HAVE_BLKCNT_T='1'
HAVE_BLKSIZE_T='1'
HAVE_BTOWC='1'
HAVE_C32RTOMB='1'
HAVE_C99_STDINT_H='1'
HAVE_CANONICALIZE_FILE_NAME='0'
HAVE_CBRT='1'
HAVE_CBRTF='1'
HAVE_CBRTL='1'
HAVE_CHOWN='1'
HAVE_CLOSEDIR='1'
HAVE_COPYSIGN='1'
HAVE_COPYSIGNF='1'
HAVE_COPYSIGNL='1'
HAVE_COPY_FILE_RANGE='1'
HAVE_COSF='1'
HAVE_COSHF='1'
HAVE_COSL='1'
HAVE_CRTDEFS_H='0'
HAVE_CXX_STDCKDINT_H='0'
HAVE_C_STDCKDINT_H='1'
HAVE_C_UNREACHABLE='0'
HAVE_DECL_ACOSL='1'
HAVE_DECL_ASINL='1'
HAVE_DECL_ATANL='1'
HAVE_DECL_CEILF='1'
HAVE_DECL_CEILL='1'
HAVE_DECL_COSL='1'
HAVE_DECL_DIRFD='1'
HAVE_DECL_ECVT='1'
HAVE_DECL_ENVIRON='1'
HAVE_DECL_EXECVPE='1'
HAVE_DECL_EXPL='1'
HAVE_DECL_FCHDIR='1'
HAVE_DECL_FCLOSEALL='0'
HAVE_DECL_FCVT='1'
HAVE_DECL_FDATASYNC='1'
HAVE_DECL_FDOPENDIR='1'
HAVE_DECL_FLOORF='1'
HAVE_DECL_FLOORL='1'
HAVE_DECL_FPURGE='0'
HAVE_DECL_FREXPL='1'
HAVE_DECL_FSEEKO='1'
HAVE_DECL_FTELLO='1'
HAVE_DECL_GCVT='1'
HAVE_DECL_GETDELIM='1'
HAVE_DECL_GETDOMAINNAME='1'
HAVE_DECL_GETLINE='1'
HAVE_DECL_GETLOADAVG='1'
HAVE_DECL_GETLOGIN='1'
HAVE_DECL_GETLOGIN_R='1'
HAVE_DECL_GETPAGESIZE='1'
HAVE_DECL_GETUSERSHELL='1'
HAVE_DECL_GETW='1'
HAVE_DECL_HTONL='1'
HAVE_DECL_HTONS='1'
HAVE_DECL_IMAXABS='1'
HAVE_DECL_IMAXDIV='1'
HAVE_DECL_INET_NTOP='1'
HAVE_DECL_INET_PTON='1'
HAVE_DECL_INITSTATE='1'
HAVE_DECL_LDEXPL='1'
HAVE_DECL_LOCALTIME_R='1'
HAVE_DECL_LOG10L='1'
HAVE_DECL_LOGB='1'
HAVE_DECL_LOGL='1'
HAVE_DECL_MEMEQ='0'
HAVE_DECL_MEMMEM='1'
HAVE_DECL_MEMRCHR='1'
HAVE_DECL_NTOHL='1'
HAVE_DECL_NTOHS='1'
HAVE_DECL_OBSTACK_PRINTF='1'
HAVE_DECL_PROGRAM_INVOCATION_NAME='1'
HAVE_DECL_PUTW='1'
HAVE_DECL_SETENV='1'
HAVE_DECL_SETHOSTNAME='1'
HAVE_DECL_SETSTATE='1'
HAVE_DECL_SINL='1'
HAVE_DECL_SNPRINTF='1'
HAVE_DECL_SQRTL='1'
HAVE_DECL_STRDUP='1'
HAVE_DECL_STREQ='0'
HAVE_DECL_STRERROR_R='1'
HAVE_DECL_STRNDUP='1'
HAVE_DECL_STRNLEN='1'
HAVE_DECL_STRSIGNAL='1'
HAVE_DECL_STRTOIMAX='1'
HAVE_DECL_STRTOK_R='1'
HAVE_DECL_STRTOUMAX='1'
HAVE_DECL_TANL='1'
HAVE_DECL_TRUNC='1'
HAVE_DECL_TRUNCATE='1'
HAVE_DECL_TRUNCF='1'
HAVE_DECL_TRUNCL='1'
HAVE_DECL_TTYNAME_R='1'
HAVE_DECL_UNSETENV='1'
HAVE_DECL_VSNPRINTF='1'
HAVE_DECL_WCSDUP='1'
HAVE_DECL_WCWIDTH='1'
HAVE_DIRENT_H='1'
HAVE_DPRINTF='1'
HAVE_DUP3='1'
HAVE_DUPLOCALE='1'
HAVE_ERROR='0'
HAVE_ERROR_AT_LINE='0'
HAVE_ERROR_H='0'
HAVE_EUIDACCESS='1'
HAVE_EXECVPE='1'
HAVE_EXP2='1'
HAVE_EXP2F='1'
HAVE_EXP2L='1'
HAVE_EXPF='1'
HAVE_EXPL='1'
HAVE_EXPLICIT_BZERO='1'
HAVE_EXPM1='1'
HAVE_EXPM1F='1'
HAVE_EXPM1L='1'
HAVE_FABSF='1'
HAVE_FABSL='1'
HAVE_FACCESSAT='1'
HAVE_FCHDIR='1'
HAVE_FCHMODAT='1'
HAVE_FCHOWNAT='1'
HAVE_FCNTL='1'
HAVE_FDATASYNC='1'
HAVE_FDOPENDIR='1'
HAVE_FEATURES_H='1'
HAVE_FFSL='1'
HAVE_FFSLL='1'
HAVE_FMA='1'
HAVE_FMAF='1'
HAVE_FMAL='1'
HAVE_FMODF='1'
HAVE_FMODL='1'
HAVE_FREELOCALE='1'
HAVE_FREXPF='1'
HAVE_FSEEKO='1'
HAVE_FSTATAT='1'
HAVE_FSYNC='1'
HAVE_FTELLO='1'
HAVE_FTRUNCATE='1'
HAVE_FUTIMENS='1'
HAVE_GETDTABLESIZE='1'
HAVE_GETENTROPY='1'
HAVE_GETGROUPS='1'
HAVE_GETHOSTNAME='1'
HAVE_GETLOCALENAME_L='0'
HAVE_GETLOGIN='1'
HAVE_GETOPT_H='1'
HAVE_GETPAGESIZE='1'
HAVE_GETPASS='1'
HAVE_GETPAYLOAD='1'
HAVE_GETPAYLOADF='1'
HAVE_GETPAYLOADL='1'
HAVE_GETPROGNAME='0'
HAVE_GETRANDOM='1'
HAVE_GETSUBOPT='1'
HAVE_GETTIMEOFDAY='1'
HAVE_GETUMASK='1'
HAVE_GRANTPT='1'
HAVE_GROUP_MEMBER='1'
HAVE_HYPOTF='1'
HAVE_HYPOTL='1'
HAVE_ILOGB='1'
HAVE_ILOGBF='1'
HAVE_ILOGBL='1'
HAVE_IMAXABS='1'
HAVE_IMAXDIV='1'
HAVE_IMAXDIV_T='1'
HAVE_INITSTATE='1'
HAVE_INTTYPES_H='1'
HAVE_ISALNUM_L='1'
HAVE_ISALPHA_L='1'
HAVE_ISBLANK='1'
HAVE_ISBLANK_L='1'
HAVE_ISCNTRL_L='1'
HAVE_ISDIGIT_L='1'
HAVE_ISGRAPH_L='1'
HAVE_ISLOWER_L='1'
HAVE_ISNAND='1'
HAVE_ISNANF='1'
HAVE_ISNANL='1'
HAVE_ISPRINT_L='1'
HAVE_ISPUNCT_L='1'
HAVE_ISSPACE_L='1'
HAVE_ISUPPER_L='1'
HAVE_ISWBLANK='1'
HAVE_ISWCNTRL='1'
HAVE_ISXDIGIT_L='1'
HAVE_LANGINFO_ABALTMON='0'
HAVE_LANGINFO_ALTMON='0'
HAVE_LANGINFO_CODESET='1'
HAVE_LANGINFO_ERA='1'
HAVE_LANGINFO_H='1'
HAVE_LCHMOD='1'
HAVE_LCHOWN='1'
HAVE_LDEXPF='1'
HAVE_LINK='1'
HAVE_LINKAT='1'
HAVE_LOCALE_T='1'
HAVE_LOG10F='1'
HAVE_LOG10L='1'
HAVE_LOG1P='1'
HAVE_LOG1PF='1'
HAVE_LOG1PL='1'
HAVE_LOG2='1'
HAVE_LOG2F='1'
HAVE_LOG2L='1'
HAVE_LOGBF='1'
HAVE_LOGBL='1'
HAVE_LOGF='1'
HAVE_LOGL='1'
HAVE_LOGP1='1'
HAVE_LOGP1F='1'
HAVE_LOGP1L='1'
HAVE_LSTAT='1'
HAVE_MAX_ALIGN_T='1'
HAVE_MBRLEN='1'
HAVE_MBRTOC16='1'
HAVE_MBRTOC32='1'
HAVE_MBRTOWC='1'
HAVE_MBSINIT='1'
HAVE_MBSLEN='0'
HAVE_MBSNRTOWCS='1'
HAVE_MBSRTOWCS='1'
HAVE_MBTOWC='1'
HAVE_MEMPCPY='1'
HAVE_MEMSET_EXPLICIT='0'
HAVE_MKDIRAT='1'
HAVE_MKDTEMP='1'
HAVE_MKFIFO='1'
HAVE_MKFIFOAT='1'
HAVE_MKNOD='1'
HAVE_MKNODAT='1'
HAVE_MKOSTEMP='1'
HAVE_MKOSTEMPS='1'
HAVE_MKSTEMP='1'
HAVE_MKSTEMPS='1'
HAVE_MODFF='1'
HAVE_MODFL='1'
HAVE_MSVC_INVALID_PARAMETER_HANDLER='0'
HAVE_NANOSLEEP='1'
HAVE_NETINET_IN_H=''
HAVE_NEWLOCALE='1'
HAVE_NL_LANGINFO='1'
HAVE_OFF64_T='0'
HAVE_OPENAT2='0'
HAVE_OPENAT='1'
HAVE_OPENDIR='1'
HAVE_OS_H='0'
HAVE_PCLOSE='1'
HAVE_PERL_FALSE='#'
HAVE_PERL_TRUE=''
HAVE_PIPE2='1'
HAVE_PIPE='1'
HAVE_POPEN='1'
HAVE_POSIX_MEMALIGN='1'
HAVE_POSIX_OPENPT='1'
HAVE_POSIX_SIGNALBLOCKING='1'
HAVE_POWF='1'
HAVE_PREAD='1'
HAVE_PSELECT='1'
HAVE_PTHREAD_ATTR_DESTROY='1'
HAVE_PTHREAD_ATTR_GETDETACHSTATE='1'
HAVE_PTHREAD_ATTR_INIT='1'
HAVE_PTHREAD_ATTR_SETDETACHSTATE='1'
HAVE_PTHREAD_CONDATTR_DESTROY='1'
HAVE_PTHREAD_CONDATTR_INIT='1'
HAVE_PTHREAD_COND_BROADCAST='1'
HAVE_PTHREAD_COND_DESTROY='1'
HAVE_PTHREAD_COND_INIT='1'
HAVE_PTHREAD_COND_SIGNAL='1'
HAVE_PTHREAD_COND_TIMEDWAIT='1'
HAVE_PTHREAD_COND_WAIT='1'
HAVE_PTHREAD_CREATE='1'
HAVE_PTHREAD_CREATE_DETACHED='1'
HAVE_PTHREAD_DETACH='1'
HAVE_PTHREAD_EQUAL='1'
HAVE_PTHREAD_EXIT='1'
HAVE_PTHREAD_GETSPECIFIC='1'
HAVE_PTHREAD_H='1'
HAVE_PTHREAD_JOIN='1'
HAVE_PTHREAD_KEY_CREATE='1'
HAVE_PTHREAD_KEY_DELETE='1'
HAVE_PTHREAD_MUTEXATTR_DESTROY='1'
HAVE_PTHREAD_MUTEXATTR_GETROBUST='1'
HAVE_PTHREAD_MUTEXATTR_GETTYPE='1'
HAVE_PTHREAD_MUTEXATTR_INIT='1'
HAVE_PTHREAD_MUTEXATTR_SETROBUST='1'
HAVE_PTHREAD_MUTEXATTR_SETTYPE='1'
HAVE_PTHREAD_MUTEX_DESTROY='1'
HAVE_PTHREAD_MUTEX_INIT='1'
HAVE_PTHREAD_MUTEX_LOCK='1'
HAVE_PTHREAD_MUTEX_RECURSIVE='1'
HAVE_PTHREAD_MUTEX_ROBUST='1'
HAVE_PTHREAD_MUTEX_TIMEDLOCK='1'
HAVE_PTHREAD_MUTEX_TRYLOCK='1'
HAVE_PTHREAD_MUTEX_UNLOCK='1'
HAVE_PTHREAD_ONCE='1'
HAVE_PTHREAD_PROCESS_SHARED='1'
HAVE_PTHREAD_RWLOCKATTR_DESTROY='1'
HAVE_PTHREAD_RWLOCKATTR_INIT='1'
HAVE_PTHREAD_RWLOCK_DESTROY='1'
HAVE_PTHREAD_RWLOCK_INIT='1'
HAVE_PTHREAD_RWLOCK_RDLOCK='1'
HAVE_PTHREAD_RWLOCK_TIMEDRDLOCK='1'
HAVE_PTHREAD_RWLOCK_TIMEDWRLOCK='1'
HAVE_PTHREAD_RWLOCK_TRYRDLOCK='1'
HAVE_PTHREAD_RWLOCK_TRYWRLOCK='1'
HAVE_PTHREAD_RWLOCK_UNLOCK='1'
HAVE_PTHREAD_RWLOCK_WRLOCK='1'
HAVE_PTHREAD_SELF='1'
HAVE_PTHREAD_SETSPECIFIC='1'
HAVE_PTHREAD_SIGMASK='1'
HAVE_PTHREAD_SPINLOCK_T='1'
HAVE_PTHREAD_SPIN_DESTROY='1'
HAVE_PTHREAD_SPIN_INIT='1'
HAVE_PTHREAD_SPIN_LOCK='1'
HAVE_PTHREAD_SPIN_TRYLOCK='1'
HAVE_PTHREAD_SPIN_UNLOCK='1'
HAVE_PTHREAD_T='1'
HAVE_PTSNAME='1'
HAVE_PTSNAME_R='1'
HAVE_PWRITE='1'
HAVE_QSORT_R='1'
HAVE_RAISE='1'
HAVE_RANDOM='1'
HAVE_RANDOM_R='0'
HAVE_RAWMEMCHR='0'
HAVE_READDIR='1'
HAVE_READLINK='1'
HAVE_READLINKAT='1'
HAVE_REALLOCARRAY='1'
HAVE_REALPATH='1'
HAVE_REMAINDER='1'
HAVE_REMAINDERF='1'
HAVE_REMAINDERL='1'
HAVE_RENAMEAT='1'
HAVE_REWINDDIR='1'
HAVE_RINT='1'
HAVE_RINTF='1'
HAVE_RINTL='1'
HAVE_ROUND='1'
HAVE_ROUNDF='1'
HAVE_ROUNDL='1'
HAVE_RPMATCH='1'
HAVE_SAME_LONG_DOUBLE_AS_DOUBLE='0'
HAVE_SA_FAMILY_T='1'
HAVE_SCANDIR='1'
HAVE_SCHED_H='1'
HAVE_SCHED_YIELD='1'
HAVE_SECURE_GETENV='1'
HAVE_SETENV='1'
HAVE_SETHOSTNAME='1'
HAVE_SETPAYLOAD='1'
HAVE_SETPAYLOADF='1'
HAVE_SETPAYLOADL='1'
HAVE_SETPAYLOADSIG='1'
HAVE_SETPAYLOADSIGF='1'
HAVE_SETPAYLOADSIGL='1'
HAVE_SETSTATE='1'
HAVE_SIG2STR='1'
HAVE_SIGABBREV_NP='1'
HAVE_SIGACTION='1'
HAVE_SIGDESCR_NP='1'
HAVE_SIGHANDLER_T='1'
HAVE_SIGINFO_T='1'
HAVE_SIGNED_SIG_ATOMIC_T=''
HAVE_SIGNED_WCHAR_T=''
HAVE_SIGNED_WINT_T=''
HAVE_SIGSET_T='1'
HAVE_SINF='1'
HAVE_SINHF='1'
HAVE_SINL='1'
HAVE_SLEEP='1'
HAVE_SQRTF='1'
HAVE_SQRTL='1'
HAVE_STDCKDINT_H='1'
HAVE_STDCOUNTOF_H='0'
HAVE_STDINT_H='1'
HAVE_STPCPY='1'
HAVE_STPNCPY='1'
HAVE_STR2SIG='1'
HAVE_STRCASESTR='1'
HAVE_STRCHRNUL='1'
HAVE_STRERRORNAME_NP='1'
HAVE_STRERROR_L='1'
HAVE_STRPBRK='1'
HAVE_STRPTIME='1'
HAVE_STRSEP='1'
HAVE_STRTOD='1'
HAVE_STRTOF='1'
HAVE_STRTOL='1'
HAVE_STRTOLD='1'
HAVE_STRTOLL='1'
HAVE_STRTOUL='1'
HAVE_STRTOULL='1'
HAVE_STRUCT_RANDOM_DATA='0'
HAVE_STRUCT_SCHED_PARAM='1'
HAVE_STRUCT_SIGACTION_SA_SIGACTION='1'
HAVE_STRUCT_SOCKADDR_STORAGE='1'
HAVE_STRUCT_SOCKADDR_STORAGE_SS_FAMILY='1'
HAVE_STRUCT_TIMEVAL='1'
HAVE_STRVERSCMP='1'
HAVE_SYMLINK='1'
HAVE_SYMLINKAT='1'
HAVE_SYS_BITYPES_H='0'
HAVE_SYS_CDEFS_H='0'
HAVE_SYS_INTTYPES_H='0'
HAVE_SYS_IOCTL_H='1'
HAVE_SYS_LOADAVG_H='0'
HAVE_SYS_PARAM_H='0'
HAVE_SYS_PROCESS_H='0'
HAVE_SYS_RANDOM_H='1'
HAVE_SYS_SELECT_H='1'
HAVE_SYS_SOCKET_H='1'
HAVE_SYS_TIME_H='1'
HAVE_SYS_TYPES_H='1'
HAVE_SYS_UIO_H='1'
HAVE_TANF='1'
HAVE_TANHF='1'
HAVE_TANL='1'
HAVE_TIMEGM='1'
HAVE_TIMESPEC_GET='1'
HAVE_TIMESPEC_GETRES='1'
HAVE_TIMEZONE_T='0'
HAVE_TOLOWER_L='1'
HAVE_TOTALORDER='1'
HAVE_TOTALORDERF='1'
HAVE_TOTALORDERL='1'
HAVE_TOTALORDERMAG='1'
HAVE_TOTALORDERMAGF='1'
HAVE_TOTALORDERMAGL='1'
HAVE_TOUPPER_L='1'
HAVE_TYPE_VOLATILE_SIG_ATOMIC_T='1'
HAVE_TZALLOC='0'
HAVE_UCHAR_H='1'
HAVE_UNISTD_H='1'
HAVE_UNISTRING_WOE32DLL_H='0'
HAVE_UNLINKAT='1'
HAVE_UNLOCKPT='1'
HAVE_USLEEP='1'
HAVE_UTIMENSAT='1'
HAVE_VASPRINTF='1'
HAVE_VDPRINTF='1'
HAVE_VISIBILITY='1'
HAVE_WCHAR_H='1'
HAVE_WCPCPY='1'
HAVE_WCPNCPY='1'
HAVE_WCRTOMB='1'
HAVE_WCSCASECMP='1'
HAVE_WCSCAT='1'
HAVE_WCSCHR='1'
HAVE_WCSCMP='1'
HAVE_WCSCOLL='1'
HAVE_WCSCPY='1'
HAVE_WCSCSPN='1'
HAVE_WCSDUP='1'
HAVE_WCSFTIME='1'
HAVE_WCSLEN='1'
HAVE_WCSNCASECMP='1'
HAVE_WCSNCAT='1'
HAVE_WCSNCMP='1'
HAVE_WCSNCPY='1'
HAVE_WCSNLEN='1'
HAVE_WCSNRTOMBS='1'
HAVE_WCSPBRK='1'
HAVE_WCSRCHR='1'
HAVE_WCSRTOMBS='1'
HAVE_WCSSPN='1'
HAVE_WCSSTR='1'
HAVE_WCSTOK='1'
HAVE_WCSWIDTH='1'
HAVE_WCSXFRM='1'
HAVE_WCTOB='1'
HAVE_WCTRANS_T='1'
HAVE_WCTYPE_H='1'
HAVE_WCTYPE_T='1'
HAVE_WINDOWS_LOCALE_T='0'
HAVE_WINSOCK2_H='0'
HAVE_WINT_T='1'
HAVE_WMEMCHR='1'
HAVE_WMEMCMP='1'
HAVE_WMEMCPY='1'
HAVE_WMEMMOVE='1'
HAVE_WMEMPCPY='1'
HAVE_WMEMSET='1'
HAVE_WORKING_C32RTOMB='1'
HAVE_WORKING_CXX_STDCKDINT_H='0'
HAVE_WORKING_C_STDCKDINT_H='1'
HAVE_WORKING_MBRTOC32='1'
HAVE_WS2TCPIP_H='0'
HAVE_XLOCALE_H='0'
HAVE__EXIT='1'
INCLUDE_NEXT='include_next'
INCLUDE_NEXT_AS_FIRST_DIRECTIVE='include_next'
INET_PTON_LIB=''
INSTALL_DATA='${INSTALL} -m 644'
INSTALL_PROGRAM='${INSTALL}'
INSTALL_SCRIPT='${INSTALL}'
INSTALL_STRIP_PROGRAM='$(install_sh) -c -s'
INT32_MAX_LT_INTMAX_MAX='1'
INT64_MAX_EQ_LONG_MAX='1'
INTLLIBS=''
INTL_MACOSX_LIBS=''
LC_COLLATE_IMPLEMENTED='false'
LC_MONETARY_IMPLEMENTED='false'
LC_NUMERIC_IMPLEMENTED='false'
LC_TIME_IMPLEMENTED='false'
LDFLAGS=''
LIBC_IS_GNU_FALSE=''
LIBC_IS_GNU_TRUE='#'
LIBC_IS_MUSL_FALSE='#'
LIBC_IS_MUSL_TRUE=''
LIBICONV='-liconv'
LIBINTL=''
LIBMULTITHREAD=''
LIBOBJS=''
LIBPMULTITHREAD='-lpthread'
LIBPTHREAD=''
LIBS=''
LIBSED_LIBDEPS=''
LIBSED_LTLIBDEPS=''
LIBSOCKET=''
LIBSTDTHREAD=''
LIBTESTS_LIBDEPS=''
LIBTHREAD=''
LIBUNISTRING_COMPILE_UNICASE_TOLOWER_FALSE='#'
LIBUNISTRING_COMPILE_UNICASE_TOLOWER_TRUE=''
LIBUNISTRING_COMPILE_UNICASE_TOUPPER_FALSE='#'
LIBUNISTRING_COMPILE_UNICASE_TOUPPER_TRUE=''
LIBUNISTRING_COMPILE_UNICTYPE_CTYPE_PRINT_FALSE='#'
LIBUNISTRING_COMPILE_UNICTYPE_CTYPE_PRINT_TRUE=''
LIBUNISTRING_COMPILE_UNICTYPE_CTYPE_SPACE_FALSE='#'
LIBUNISTRING_COMPILE_UNICTYPE_CTYPE_SPACE_TRUE=''
LIBUNISTRING_UNICASE_H='$(top_build_prefix)lib/unicase.h'
LIBUNISTRING_UNICTYPE_H='$(top_build_prefix)lib/unictype.h'
LIBUNISTRING_UNINORM_H='$(top_build_prefix)lib/uninorm.h'
LIBUNISTRING_UNITYPES_H='$(top_build_prefix)lib/unitypes.h'
LIB_ACL=''
LIB_CLOCK_GETTIME=''
LIB_GETRANDOM=''
LIB_HARD_LOCALE=''
LIB_MBRTOWC=''
LIB_NANOSLEEP=''
LIB_NL_LANGINFO=''
LIB_PTHREAD='-lpthread'
LIB_PTHREAD_SIGMASK=''
LIB_SCHED_YIELD=''
LIB_SELECT=''
LIB_SELINUX=''
LIB_SEMAPHORE=''
LIB_SETLOCALE=''
LIB_SETLOCALE_NULL=''
LIB_XATTR=''
LIMITS_H='$(top_build_prefix)lib/limits.h'
LOCALCHARSET_TESTS_ENVIRONMENT=''
LOCALENAME_ENHANCE_LOCALE_FUNCS='0'
LOCALE_EN_UTF8='en_US.UTF-8'
LOCALE_FR='none'
LOCALE_FR_UTF8='fr_FR.UTF-8'
LOCALE_JA='none'
LOCALE_TR_UTF8='none'
LOCALE_ZH_CN='none'
LTLIBICONV='-liconv'
LTLIBINTL=''
LTLIBMULTITHREAD=''
LTLIBOBJS=''
LTLIBTHREAD=''
MAKEINFO='${SHELL} '\''/home/sonakrie/Work/testicular_linux/sed/build-aux/missing'\'' makeinfo'
MBRTOWC_LIB=''
MKDIR_P='/bin/mkdir -p'
MSGFMT='/usr/bin/msgfmt'
MSGFMT_015='/usr/bin/msgfmt'
MSGMERGE='/usr/bin/msgmerge'
NANOSLEEP_LIB=''
NETINET_IN_H=''
NEXT_ARPA_INET_H='<arpa/inet.h>'
NEXT_ASSERT_H=''
NEXT_AS_FIRST_DIRECTIVE_ARPA_INET_H='<arpa/inet.h>'
NEXT_AS_FIRST_DIRECTIVE_ASSERT_H=''
NEXT_AS_FIRST_DIRECTIVE_CTYPE_H='<ctype.h>'
NEXT_AS_FIRST_DIRECTIVE_DIRENT_H='<dirent.h>'
NEXT_AS_FIRST_DIRECTIVE_ERRNO_H=''
NEXT_AS_FIRST_DIRECTIVE_ERROR_H='<error.h>'
NEXT_AS_FIRST_DIRECTIVE_FCNTL_H='<fcntl.h>'
NEXT_AS_FIRST_DIRECTIVE_FLOAT_H='<float.h>'
NEXT_AS_FIRST_DIRECTIVE_GETOPT_H='<getopt.h>'
NEXT_AS_FIRST_DIRECTIVE_INTTYPES_H='<inttypes.h>'
NEXT_AS_FIRST_DIRECTIVE_LANGINFO_H='<langinfo.h>'
NEXT_AS_FIRST_DIRECTIVE_LIMITS_H='<limits.h>'
NEXT_AS_FIRST_DIRECTIVE_LOCALE_H='<locale.h>'
NEXT_AS_FIRST_DIRECTIVE_MATH_H='<math.h>'
NEXT_AS_FIRST_DIRECTIVE_NETINET_IN_H=''
NEXT_AS_FIRST_DIRECTIVE_PTHREAD_H='<pthread.h>'
NEXT_AS_FIRST_DIRECTIVE_SCHED_H='<sched.h>'
NEXT_AS_FIRST_DIRECTIVE_SELINUX_SELINUX_H=''
NEXT_AS_FIRST_DIRECTIVE_SIGNAL_H='<signal.h>'
NEXT_AS_FIRST_DIRECTIVE_STDARG_H=''
NEXT_AS_FIRST_DIRECTIVE_STDCKDINT_H='<stdckdint.h>'
NEXT_AS_FIRST_DIRECTIVE_STDCOUNTOF_H='<stdcountof.h>'
NEXT_AS_FIRST_DIRECTIVE_STDDEF_H='<stddef.h>'
NEXT_AS_FIRST_DIRECTIVE_STDINT_H='<stdint.h>'
NEXT_AS_FIRST_DIRECTIVE_STDIO_H='<stdio.h>'
NEXT_AS_FIRST_DIRECTIVE_STDLIB_H='<stdlib.h>'
NEXT_AS_FIRST_DIRECTIVE_STRING_H='<string.h>'
NEXT_AS_FIRST_DIRECTIVE_SYS_IOCTL_H='<sys/ioctl.h>'
NEXT_AS_FIRST_DIRECTIVE_SYS_RANDOM_H='<sys/random.h>'
NEXT_AS_FIRST_DIRECTIVE_SYS_SELECT_H='<sys/select.h>'
NEXT_AS_FIRST_DIRECTIVE_SYS_SOCKET_H='<sys/socket.h>'
NEXT_AS_FIRST_DIRECTIVE_SYS_STAT_H='<sys/stat.h>'
NEXT_AS_FIRST_DIRECTIVE_SYS_TIME_H='<sys/time.h>'
NEXT_AS_FIRST_DIRECTIVE_SYS_TYPES_H='<sys/types.h>'
NEXT_AS_FIRST_DIRECTIVE_SYS_UIO_H='<sys/uio.h>'
NEXT_AS_FIRST_DIRECTIVE_TIME_H='<time.h>'
NEXT_AS_FIRST_DIRECTIVE_UCHAR_H='<uchar.h>'
NEXT_AS_FIRST_DIRECTIVE_UNISTD_H='<unistd.h>'
NEXT_AS_FIRST_DIRECTIVE_WCHAR_H='<wchar.h>'
NEXT_AS_FIRST_DIRECTIVE_WCTYPE_H='<wctype.h>'
NEXT_CTYPE_H='<ctype.h>'
NEXT_DIRENT_H='<dirent.h>'
NEXT_ERRNO_H=''
NEXT_ERROR_H='<error.h>'
NEXT_FCNTL_H='<fcntl.h>'
NEXT_FLOAT_H='<float.h>'
NEXT_GETOPT_H='<getopt.h>'
NEXT_INTTYPES_H='<inttypes.h>'
NEXT_LANGINFO_H='<langinfo.h>'
NEXT_LIMITS_H='<limits.h>'
NEXT_LOCALE_H='<locale.h>'
NEXT_MATH_H='<math.h>'
NEXT_NETINET_IN_H=''
NEXT_PTHREAD_H='<pthread.h>'
NEXT_SCHED_H='<sched.h>'
NEXT_SELINUX_SELINUX_H=''
NEXT_SIGNAL_H='<signal.h>'
NEXT_STDARG_H='<stdarg.h>'
NEXT_STDCKDINT_H='<stdckdint.h>'
NEXT_STDCOUNTOF_H='<stdcountof.h>'
NEXT_STDDEF_H='<stddef.h>'
NEXT_STDINT_H='<stdint.h>'
NEXT_STDIO_H='<stdio.h>'
NEXT_STDLIB_H='<stdlib.h>'
NEXT_STRING_H='<string.h>'
NEXT_SYS_IOCTL_H='<sys/ioctl.h>'
NEXT_SYS_RANDOM_H='<sys/random.h>'
NEXT_SYS_SELECT_H='<sys/select.h>'
NEXT_SYS_SOCKET_H='<sys/socket.h>'
NEXT_SYS_STAT_H='<sys/stat.h>'
NEXT_SYS_TIME_H='<sys/time.h>'
NEXT_SYS_TYPES_H='<sys/types.h>'
NEXT_SYS_UIO_H='<sys/uio.h>'
NEXT_TIME_H='<time.h>'
NEXT_UCHAR_H='<uchar.h>'
NEXT_UNISTD_H='<unistd.h>'
NEXT_WCHAR_H='<wchar.h>'
NEXT_WCTYPE_H='<wctype.h>'
NULLPTR_T_NEEDS_STDDEF='1'
OBJEXT='o'
OBSTACK_H='$(top_build_prefix)lib/obstack.h'
OS_IS_AIX_FALSE=''
OS_IS_AIX_TRUE='#'
OS_IS_ANDROID_FALSE=''
OS_IS_ANDROID_TRUE='#'
OS_IS_CYGWIN_FALSE=''
OS_IS_CYGWIN_TRUE='#'
OS_IS_FREEBSD_FALSE=''
OS_IS_FREEBSD_TRUE='#'
OS_IS_HAIKU_FALSE=''
OS_IS_HAIKU_TRUE='#'
OS_IS_MACOS11_FALSE=''
OS_IS_MACOS11_TRUE='#'
OS_IS_MACOS12_FALSE=''
OS_IS_MACOS12_TRUE='#'
OS_IS_MACOS13_FALSE=''
OS_IS_MACOS13_TRUE='#'
OS_IS_MACOS14_FALSE=''
OS_IS_MACOS14_TRUE='#'
OS_IS_MACOS_FALSE=''
OS_IS_MACOS_TRUE='#'
OS_IS_NATIVE_WINDOWS_FALSE=''
OS_IS_NATIVE_WINDOWS_TRUE='#'
OS_IS_NETBSD_FALSE=''
OS_IS_NETBSD_TRUE='#'
OS_IS_OPENBSD_FALSE=''
OS_IS_OPENBSD_TRUE='#'
OS_IS_SOLARIS11_FALSE=''
OS_IS_SOLARIS11_TRUE='#'
PACKAGE='sed'
PACKAGE_BUGREPORT='bug-sed@gnu.org'
PACKAGE_NAME='GNU sed'
PACKAGE_STRING='GNU sed 4.10'
PACKAGE_TARNAME='sed'
PACKAGE_URL='https://www.gnu.org/software/sed/'
PACKAGE_VERSION='4.10'
PATH_SEPARATOR=':'
PERL='/usr/bin/perl'
PLATFORM_IS_MINGW_FALSE=''
PLATFORM_IS_MINGW_TRUE='#'
PLATFORM_IS_MSVC_FALSE=''
PLATFORM_IS_MSVC_TRUE='#'
POSUB=''
PRAGMA_COLUMNS=''
PRAGMA_SYSTEM_HEADER='#pragma GCC system_header'
PRIPTR_PREFIX='"l"'
PTHREAD_H_DEFINES_STRUCT_TIMESPEC='0'
PTHREAD_ONCE_LIB=''
PTHREAD_SIGMASK_LIB=''
PTRDIFF_T_SUFFIX=''
QCOPY_ACL_LIB=''
RANLIB='ranlib'
REPLACE_ABORT='0'
REPLACE_ACCESS='0'
REPLACE_ACOSF='0'
REPLACE_ALIGNED_ALLOC='0'
REPLACE_ASINF='0'
REPLACE_ATAN2F='0'
REPLACE_ATANF='0'
REPLACE_BTOWC='0'
REPLACE_C32RTOMB='0'
REPLACE_CALLOC_FOR_CALLOC_GNU='0'
REPLACE_CALLOC_FOR_CALLOC_POSIX='0'
REPLACE_CANONICALIZE_FILE_NAME='0'
REPLACE_CBRTF='0'
REPLACE_CBRTL='0'
REPLACE_CEIL='0'
REPLACE_CEILF='0'
REPLACE_CEILL='0'
REPLACE_CHMOD='0'
REPLACE_CHOWN='0'
REPLACE_CLOSE='0'
REPLACE_CLOSEDIR='0'
REPLACE_COPY_FILE_RANGE='0'
REPLACE_COSF='0'
REPLACE_COSHF='0'
REPLACE_CREAT='0'
REPLACE_CTIME='0'
REPLACE_DIRFD='0'
REPLACE_DPRINTF='0'
REPLACE_DUP2='0'
REPLACE_DUP3='0'
REPLACE_DUP='0'
REPLACE_DUPLOCALE='0'
REPLACE_ERROR='0'
REPLACE_ERROR_AT_LINE='0'
REPLACE_EXECL='0'
REPLACE_EXECLE='0'
REPLACE_EXECLP='0'
REPLACE_EXECV='0'
REPLACE_EXECVE='0'
REPLACE_EXECVP='0'
REPLACE_EXECVPE='0'
REPLACE_EXP2='0'
REPLACE_EXP2L='0'
REPLACE_EXPF='0'
REPLACE_EXPL='0'
REPLACE_EXPM1='0'
REPLACE_EXPM1F='0'
REPLACE_EXPM1L='0'
REPLACE_FABSL='0'
REPLACE_FACCESSAT='0'
REPLACE_FCHDIR='0'
REPLACE_FCHMODAT='0'
REPLACE_FCHOWNAT='0'
REPLACE_FCLOSE='0'
REPLACE_FCNTL='1'
REPLACE_FDATASYNC='0'
REPLACE_FDOPEN='0'
REPLACE_FDOPENDIR='0'
REPLACE_FFLUSH='0'
REPLACE_FFSLL='0'
REPLACE_FLOOR='0'
REPLACE_FLOORF='0'
REPLACE_FLOORL='0'
REPLACE_FMA='0'
REPLACE_FMAF='0'
REPLACE_FMAL='0'
REPLACE_FMOD='0'
REPLACE_FMODF='0'
REPLACE_FMODL='0'
REPLACE_FOPEN='0'
REPLACE_FOPEN_FOR_FOPEN_GNU='0'
REPLACE_FPRINTF='0'
REPLACE_FPURGE='1'
REPLACE_FREE='1'
REPLACE_FREELOCALE='0'
REPLACE_FREOPEN='0'
REPLACE_FREXP='0'
REPLACE_FREXPF='0'
REPLACE_FREXPL='0'
REPLACE_FSEEK='0'
REPLACE_FSEEKO='0'
REPLACE_FSTAT='0'
REPLACE_FSTATAT='0'
REPLACE_FTELL='0'
REPLACE_FTELLO='0'
REPLACE_FTRUNCATE='0'
REPLACE_FUTIMENS='0'
REPLACE_GETCWD='0'
REPLACE_GETDELIM='0'
REPLACE_GETDOMAINNAME='0'
REPLACE_GETDTABLESIZE='0'
REPLACE_GETENTROPY='0'
REPLACE_GETGROUPS='0'
REPLACE_GETLINE='0'
REPLACE_GETLOADAVG='0'
REPLACE_GETLOCALENAME_L='0'
REPLACE_GETLOGIN='0'
REPLACE_GETLOGIN_R='0'
REPLACE_GETPAGESIZE='0'
REPLACE_GETPASS='0'
REPLACE_GETPASS_FOR_GETPASS_GNU='0'
REPLACE_GETPAYLOAD='0'
REPLACE_GETPAYLOADF='0'
REPLACE_GETPAYLOADL='0'
REPLACE_GETPROGNAME='0'
REPLACE_GETRANDOM='0'
REPLACE_GETSUBOPT='0'
REPLACE_GETTIMEOFDAY='0'
REPLACE_GETUSERSHELL='0'
REPLACE_GMTIME='0'
REPLACE_HUGE_VAL='0'
REPLACE_HYPOT='0'
REPLACE_HYPOTF='0'
REPLACE_HYPOTL='0'
REPLACE_ILOGB='0'
REPLACE_ILOGBF='0'
REPLACE_ILOGBL='0'
REPLACE_IMAXABS='0'
REPLACE_IMAXDIV='0'
REPLACE_INET_NTOP='0'
REPLACE_INET_PTON='0'
REPLACE_INITSTATE='0'
REPLACE_IOCTL='0'
REPLACE_ISATTY='0'
REPLACE_ISFINITE='0'
REPLACE_ISINF='0'
REPLACE_ISNAN='0'
REPLACE_ISWBLANK='0'
REPLACE_ISWCNTRL='0'
REPLACE_ISWDIGIT='0'
REPLACE_ISWPUNCT='0'
REPLACE_ISWXDIGIT='0'
REPLACE_ITOLD='0'
REPLACE_LCHOWN='0'
REPLACE_LDEXP='0'
REPLACE_LDEXPL='0'
REPLACE_LINK='0'
REPLACE_LINKAT='0'
REPLACE_LOCALECONV='0'
REPLACE_LOCALTIME='0'
REPLACE_LOCALTIME_R='0'
REPLACE_LOCALTIME_RZ='0'
REPLACE_LOG10='0'
REPLACE_LOG10F='0'
REPLACE_LOG10L='0'
REPLACE_LOG1P='0'
REPLACE_LOG1PF='0'
REPLACE_LOG1PL='0'
REPLACE_LOG2='0'
REPLACE_LOG2F='0'
REPLACE_LOG2L='0'
REPLACE_LOG='0'
REPLACE_LOGB='0'
REPLACE_LOGBF='0'
REPLACE_LOGBL='0'
REPLACE_LOGF='0'
REPLACE_LOGL='0'
REPLACE_LSEEK='0'
REPLACE_LSTAT='0'
REPLACE_MALLOC_FOR_MALLOC_GNU='0'
REPLACE_MALLOC_FOR_MALLOC_POSIX='0'
REPLACE_MBRLEN='0'
REPLACE_MBRTOC16='0'
REPLACE_MBRTOC32='0'
REPLACE_MBRTOWC='0'
REPLACE_MBSINIT='0'
REPLACE_MBSNRTOWCS='0'
REPLACE_MBSRTOWCS='0'
REPLACE_MBSTATE_T='0'
REPLACE_MBSTOWCS='0'
REPLACE_MBTOWC='0'
REPLACE_MB_CUR_MAX='0'
REPLACE_MEMCHR='0'
REPLACE_MEMMEM='0'
REPLACE_MEMPCPY='0'
REPLACE_MEMSET_EXPLICIT='0'
REPLACE_MKDIR='0'
REPLACE_MKFIFO='0'
REPLACE_MKFIFOAT='0'
REPLACE_MKNOD='0'
REPLACE_MKNODAT='0'
REPLACE_MKOSTEMP='0'
REPLACE_MKOSTEMPS='0'
REPLACE_MKSTEMP='0'
REPLACE_MKTIME='0'
REPLACE_MKTIME_Z='0'
REPLACE_MODF='0'
REPLACE_MODFF='0'
REPLACE_MODFL='0'
REPLACE_NAN='0'
REPLACE_NANOSLEEP='1'
REPLACE_NEWLOCALE='0'
REPLACE_NL_LANGINFO='1'
REPLACE_NULL='0'
REPLACE_OBSTACK='0'
REPLACE_OBSTACK_PRINTF='0'
REPLACE_OPEN='0'
REPLACE_OPENAT='0'
REPLACE_OPENDIR='0'
REPLACE_PERROR='0'
REPLACE_PIPE2='0'
REPLACE_POPEN='0'
REPLACE_POSIX_MEMALIGN='0'
REPLACE_POSIX_OPENPT='0'
REPLACE_PREAD='0'
REPLACE_PRINTF='0'
REPLACE_PSELECT='0'
REPLACE_PTHREAD_ATTR_DESTROY='0'
REPLACE_PTHREAD_ATTR_GETDETACHSTATE='0'
REPLACE_PTHREAD_ATTR_INIT='0'
REPLACE_PTHREAD_ATTR_SETDETACHSTATE='0'
REPLACE_PTHREAD_CONDATTR_DESTROY='0'
REPLACE_PTHREAD_CONDATTR_INIT='0'
REPLACE_PTHREAD_COND_BROADCAST='0'
REPLACE_PTHREAD_COND_DESTROY='0'
REPLACE_PTHREAD_COND_INIT='0'
REPLACE_PTHREAD_COND_SIGNAL='0'
REPLACE_PTHREAD_COND_TIMEDWAIT='0'
REPLACE_PTHREAD_COND_WAIT='0'
REPLACE_PTHREAD_CREATE='0'
REPLACE_PTHREAD_DETACH='0'
REPLACE_PTHREAD_EQUAL='0'
REPLACE_PTHREAD_EXIT='0'
REPLACE_PTHREAD_GETSPECIFIC='0'
REPLACE_PTHREAD_JOIN='0'
REPLACE_PTHREAD_KEY_CREATE='0'
REPLACE_PTHREAD_KEY_DELETE='0'
REPLACE_PTHREAD_MUTEXATTR_DESTROY='0'
REPLACE_PTHREAD_MUTEXATTR_GETROBUST='0'
REPLACE_PTHREAD_MUTEXATTR_GETTYPE='0'
REPLACE_PTHREAD_MUTEXATTR_INIT='0'
REPLACE_PTHREAD_MUTEXATTR_SETROBUST='0'
REPLACE_PTHREAD_MUTEXATTR_SETTYPE='0'
REPLACE_PTHREAD_MUTEX_DESTROY='0'
REPLACE_PTHREAD_MUTEX_INIT='0'
REPLACE_PTHREAD_MUTEX_LOCK='0'
REPLACE_PTHREAD_MUTEX_TIMEDLOCK='0'
REPLACE_PTHREAD_MUTEX_TRYLOCK='0'
REPLACE_PTHREAD_MUTEX_UNLOCK='0'
REPLACE_PTHREAD_ONCE='0'
REPLACE_PTHREAD_RWLOCKATTR_DESTROY='0'
REPLACE_PTHREAD_RWLOCKATTR_INIT='0'
REPLACE_PTHREAD_RWLOCK_DESTROY='0'
REPLACE_PTHREAD_RWLOCK_INIT='0'
REPLACE_PTHREAD_RWLOCK_RDLOCK='0'
REPLACE_PTHREAD_RWLOCK_TIMEDRDLOCK='0'
REPLACE_PTHREAD_RWLOCK_TIMEDWRLOCK='0'
REPLACE_PTHREAD_RWLOCK_TRYRDLOCK='0'
REPLACE_PTHREAD_RWLOCK_TRYWRLOCK='0'
REPLACE_PTHREAD_RWLOCK_UNLOCK='0'
REPLACE_PTHREAD_RWLOCK_WRLOCK='0'
REPLACE_PTHREAD_SELF='0'
REPLACE_PTHREAD_SETSPECIFIC='0'
REPLACE_PTHREAD_SIGMASK='1'
REPLACE_PTHREAD_SPIN_DESTROY='0'
REPLACE_PTHREAD_SPIN_INIT='0'
REPLACE_PTHREAD_SPIN_LOCK='0'
REPLACE_PTHREAD_SPIN_TRYLOCK='0'
REPLACE_PTHREAD_SPIN_UNLOCK='0'
REPLACE_PTSNAME='0'
REPLACE_PTSNAME_R='0'
REPLACE_PUTENV='0'
REPLACE_PWRITE='0'
REPLACE_QSORT_R='0'
REPLACE_RAISE='0'
REPLACE_RAND='0'
REPLACE_RANDOM='0'
REPLACE_RANDOM_R='0'
REPLACE_READ='0'
REPLACE_READDIR='0'
REPLACE_READLINK='0'
REPLACE_READLINKAT='0'
REPLACE_REALLOCARRAY='0'
REPLACE_REALLOC_FOR_REALLOC_POSIX='0'
REPLACE_REALPATH='1'
REPLACE_REMAINDER='0'
REPLACE_REMAINDERF='0'
REPLACE_REMAINDERL='0'
REPLACE_REMOVE='0'
REPLACE_RENAME='0'
REPLACE_RENAMEAT='0'
REPLACE_REWINDDIR='0'
REPLACE_RINTL='0'
REPLACE_RMDIR='0'
REPLACE_ROUND='0'
REPLACE_ROUNDF='0'
REPLACE_ROUNDL='0'
REPLACE_SCHED_YIELD='0'
REPLACE_SELECT='0'
REPLACE_SETENV='0'
REPLACE_SETHOSTNAME='0'
REPLACE_SETLOCALE='1'
REPLACE_SETSTATE='0'
REPLACE_SIGNBIT='0'
REPLACE_SIGNBIT_USING_BUILTINS='1'
REPLACE_SINF='0'
REPLACE_SINHF='0'
REPLACE_SINL='0'
REPLACE_SLEEP='0'
REPLACE_SNPRINTF='0'
REPLACE_SPRINTF='0'
REPLACE_SQRTF='0'
REPLACE_SQRTL='0'
REPLACE_STAT='0'
REPLACE_STDIO_READ_FUNCS='0'
REPLACE_STDIO_WRITE_FUNCS='0'
REPLACE_STPCPY='0'
REPLACE_STPNCPY='0'
REPLACE_STRCASESTR='0'
REPLACE_STRCHRNUL='0'
REPLACE_STRDUP='0'
REPLACE_STRERROR='0'
REPLACE_STRERRORNAME_NP='0'
REPLACE_STRERROR_L='0'
REPLACE_STRERROR_R='0'
REPLACE_STRFTIME='0'
REPLACE_STRNCAT='0'
REPLACE_STRNCPY='0'
REPLACE_STRNDUP='0'
REPLACE_STRNLEN='0'
REPLACE_STRSIGNAL='0'
REPLACE_STRSTR='0'
REPLACE_STRTOD='0'
REPLACE_STRTOF='0'
REPLACE_STRTOIMAX='0'
REPLACE_STRTOK_R='0'
REPLACE_STRTOL='0'
REPLACE_STRTOLD='0'
REPLACE_STRTOLL='1'
REPLACE_STRTOUL='0'
REPLACE_STRTOULL='0'
REPLACE_STRTOUMAX='0'
REPLACE_STRUCT_LCONV='0'
REPLACE_STRUCT_TIMEVAL='0'
REPLACE_STRVERSCMP='0'
REPLACE_SYMLINK='0'
REPLACE_SYMLINKAT='0'
REPLACE_TANF='0'
REPLACE_TANHF='0'
REPLACE_TIME='0'
REPLACE_TIMEGM='0'
REPLACE_TIMESPEC_GET='0'
REPLACE_TIMESPEC_GETRES='0'
REPLACE_TMPFILE='0'
REPLACE_TOTALORDER='0'
REPLACE_TOTALORDERF='0'
REPLACE_TOTALORDERL='0'
REPLACE_TOTALORDERMAG='0'
REPLACE_TOTALORDERMAGF='0'
REPLACE_TOTALORDERMAGL='0'
REPLACE_TOWLOWER='0'
REPLACE_TRUNC='0'
REPLACE_TRUNCATE='0'
REPLACE_TRUNCF='0'
REPLACE_TRUNCL='0'
REPLACE_TTYNAME_R='0'
REPLACE_TZSET='0'
REPLACE_UNLINK='0'
REPLACE_UNLINKAT='0'
REPLACE_UNSETENV='0'
REPLACE_USLEEP='0'
REPLACE_UTIMENSAT='0'
REPLACE_VASPRINTF='0'
REPLACE_VDPRINTF='0'
REPLACE_VFPRINTF='0'
REPLACE_VPRINTF='0'
REPLACE_VSNPRINTF='0'
REPLACE_VSPRINTF='0'
REPLACE_WCRTOMB='0'
REPLACE_WCSCMP='0'
REPLACE_WCSFTIME='0'
REPLACE_WCSNCAT='0'
REPLACE_WCSNCMP='0'
REPLACE_WCSNRTOMBS='0'
REPLACE_WCSRTOMBS='0'
REPLACE_WCSSTR='0'
REPLACE_WCSTOK='0'
REPLACE_WCSWIDTH='0'
REPLACE_WCTOB='0'
REPLACE_WCTOMB='0'
REPLACE_WCTRANS='0'
REPLACE_WCTYPE='0'
REPLACE_WCWIDTH='0'
REPLACE_WMEMCMP='0'
REPLACE_WMEMPCPY='0'
REPLACE_WRITE='0'
REPLACE__EXIT='0'
SCHED_YIELD_LIB=''
SED='/bin/sed'
SELECT_LIB=''
SELINUX_CONTEXT_H='$(top_build_prefix)lib/selinux/context.h'
SELINUX_LABEL_H='$(top_build_prefix)lib/selinux/label.h'
SETLOCALE_LIB=''
SETLOCALE_NULL_LIB=''
SET_MAKE=''
SHELL='/bin/sh'
SIG_ATOMIC_T_SUFFIX=''
SIZE_T_SUFFIX=''
SMALL_WCHAR_T='0'
STDARG_H=''
STDCKDINT_H='$(top_build_prefix)lib/stdckdint.h'
STDCOUNTOF_H='$(top_build_prefix)lib/stdcountof.h'
STDDEF_H='$(top_build_prefix)lib/stddef.h'
STDDEF_NOT_IDEMPOTENT='0'
STDINT_H='$(top_build_prefix)lib/stdint.h'
STRIP=''
SYS_IOCTL_H_HAVE_WINSOCK2_H='0'
SYS_IOCTL_H_HAVE_WINSOCK2_H_AND_USE_SOCKETS='0'
SYS_TIME_H_DEFINES_STRUCT_TIMESPEC='0'
TEST_SYMLINKS_FALSE='#'
TEST_SYMLINKS_TRUE=''
TIME_H_DEFINES_STRUCT_TIMESPEC='1'
TIME_H_DEFINES_TIME_UTC='1'
TRUNCL_LIBM=''
TRUNC_LIBM=''
UINT32_MAX_LT_UINTMAX_MAX='1'
UINT64_MAX_EQ_ULONG_MAX='1'
UNDEFINE_STRTOK_R='0'
UNISTD_H_DEFINES_STRUCT_TIMESPEC='0'
UNISTD_H_HAVE_SYS_RANDOM_H='1'
UNISTD_H_HAVE_WINSOCK2_H='0'
UNISTD_H_HAVE_WINSOCK2_H_AND_USE_SOCKETS='0'
USE_ACL='0'
USE_NLS='no'
USE_SELINUX_SELINUX_H='0'
VERSION='4.10'
WARN_CFLAGS=''
WCHAR_T_SUFFIX=''
WERROR_CFLAGS=''
WINDOWS_64_BIT_OFF_T='0'
WINDOWS_64_BIT_ST_SIZE='0'
WINDOWS_STAT_INODES='0'
WINDOWS_STAT_TIMESPEC='0'
WINDRES=''
WINT_T_SUFFIX=''
XFAIL_TESTS=''
XGETTEXT='/usr/bin/xgettext'
XGETTEXT_015='/usr/bin/xgettext'
XGETTEXT_EXTRA_OPTIONS=' --flag=error:3:c-format --flag=error_at_line:5:c-format'
YIELD_LIB=''
abs_aux_dir='/home/sonakrie/Work/testicular_linux/sed/build-aux'
ac_ct_CC='gcc'
am__EXEEXT_FALSE=''
am__EXEEXT_TRUE='#'
am__fastdepCC_FALSE='#'
am__fastdepCC_TRUE=''
am__include='include'
am__isrc=''
am__leading_dot='.'
am__nodep='_no'
am__quote=''
am__rm_f_notfound=''
am__tar='tar --format=ustar -chf - "$$tardir"'
am__untar='tar -xf -'
am__xargs_n='xargs -n'
bindir='${exec_prefix}/bin'
build='x86_64-pc-linux-musl'
build_alias=''
build_cpu='x86_64'
build_os='linux-musl'
build_vendor='pc'
datadir='${datarootdir}'
datarootdir='${prefix}/share'
docdir='${datarootdir}/doc/${PACKAGE_TARNAME}'
dvidir='${docdir}'
exec_prefix='${prefix}'
gl_LIBOBJDEPS=''
gl_LIBOBJS=''
gl_LTLIBOBJS=''
gl_libsed_LIBOBJDEPS=''
gl_libsed_LIBOBJS=''
gl_libsed_LTLIBOBJS=''
gltests_LIBOBJDEPS=''
gltests_LIBOBJS=''
gltests_LTLIBOBJS=''
gltests_WITNESS='IN_SED_GNULIB_TESTS'
gltests_libsed_LIBOBJDEPS=''
gltests_libsed_LIBOBJS=''
gltests_libsed_LTLIBOBJS=''
host='x86_64-pc-linux-musl'
host_alias=''
host_cpu='x86_64'
host_os='linux-musl'
host_vendor='pc'
htmldir='${docdir}'
includedir='${prefix}/include'
infodir='${datarootdir}/info'
install_sh='${SHELL} /home/sonakrie/Work/testicular_linux/sed/build-aux/install-sh'
libdir='${exec_prefix}/lib'
libexecdir='${exec_prefix}/libexec'
localedir='${datarootdir}/locale'
localstatedir='${prefix}/var'
mandir='${datarootdir}/man'
mkdir_p='$(MKDIR_P)'
oldincludedir='/usr/include'
pdfdir='${docdir}'
prefix='/usr'
program_transform_name='s,x,x,'
psdir='${docdir}'
runstatedir='${localstatedir}/run'
sbindir='${exec_prefix}/sbin'
sharedstatedir='${prefix}/com'
sysconfdir='${prefix}/etc'
target_alias=''

## ----------- ##
## confdefs.h. ##
## ----------- ##

/* confdefs.h */
#define PACKAGE_NAME "GNU sed"
#define PACKAGE_TARNAME "sed"
#define PACKAGE_VERSION "4.10"
#define PACKAGE_STRING "GNU sed 4.10"
#define PACKAGE_BUGREPORT "bug-sed@gnu.org"
#define PACKAGE_URL "https://www.gnu.org/software/sed/"
#define PACKAGE "sed"
#define VERSION "4.10"
#define HAVE_STDIO_H 1
#define HAVE_STDLIB_H 1
#define HAVE_STRING_H 1
#define HAVE_INTTYPES_H 1
#define HAVE_STDINT_H 1
#define HAVE_STRINGS_H 1
#define HAVE_SYS_STAT_H 1
#define HAVE_SYS_TYPES_H 1
#define HAVE_UNISTD_H 1
#define HAVE_WCHAR_H 1
#define HAVE_STDBOOL_H 1
#define HAVE_UCHAR_H 1
#define HAVE_SYS_PARAM_H 1
#define HAVE_SYS_SOCKET_H 1
#define HAVE_DIRENT_H 1
#define HAVE_LINUX_XATTR_H 1
#define HAVE_STDIO_EXT_H 1
#define HAVE_GETOPT_H 1
#define HAVE_THREADS_H 1
#define HAVE_LIMITS_H 1
#define HAVE_WCTYPE_H 1
#define HAVE_LANGINFO_H 1
#define HAVE_SYS_MMAN_H 1
#define HAVE_PTHREAD_H 1
#define HAVE_MALLOC_H 1
#define HAVE_SYS_TIME_H 1
#define HAVE_STDCKDINT_H 1
#define HAVE_SYS_RANDOM_H 1
#define HAVE_FEATURES_H 1
#define HAVE_ARPA_INET_H 1
#define HAVE_NETDB_H 1
#define HAVE_NETINET_IN_H 1
#define HAVE_MATH_H 1
#define HAVE_SYS_SELECT_H 1
#define HAVE_SYS_WAIT_H 1
#define HAVE_SEMAPHORE_H 1
#define HAVE_SYS_IOCTL_H 1
#define HAVE_SYS_UN_H 1
#define HAVE_SYS_UIO_H 1
#define HAVE_LOCALE_H 1
#define HAVE_ERRNO_H 1
#define STDC_HEADERS 1
#define _ALL_SOURCE 1
#define _COSMO_SOURCE 1
#define _DARWIN_C_SOURCE 1
#define _GNU_SOURCE 1
#define _HPUX_ALT_XOPEN_SOCKET_API 1
#define _NETBSD_SOURCE 1
#define _OPENBSD_SOURCE 1
#define _POSIX_PTHREAD_SEMANTICS 1
#define __STDC_WANT_IEC_60559_ATTRIBS_EXT__ 1
#define __STDC_WANT_IEC_60559_BFP_EXT__ 1
#define __STDC_WANT_IEC_60559_DFP_EXT__ 1
#define __STDC_WANT_IEC_60559_EXT__ 1
#define __STDC_WANT_IEC_60559_FUNCS_EXT__ 1
#define __STDC_WANT_IEC_60559_TYPES_EXT__ 1
#define __STDC_WANT_LIB_EXT2__ 1
#define __STDC_WANT_MATH_SPEC_FUNCS__ 1
#define _TANDEM_SOURCE 1
#define __EXTENSIONS__ 1
#define _LINUX_SOURCE_COMPAT 1
#define __USE_MINGW_ANSI_STDIO 1
#define HAVE_FCHMOD 1
#define HAVE_BTOWC 1
#define HAVE_MBRTOWC 1
#define HAVE_MBSINIT 1
#define HAVE_REALPATH 1
#define HAVE_LSTAT 1
#define HAVE_FCNTL 1
#define HAVE_SYMLINK 1
#define HAVE_LISTXATTR 1
#define HAVE_GETDTABLESIZE 1
#define HAVE_ISWCNTRL 1
#define HAVE_MPROTECT 1
#define HAVE_READLINK 1
#define HAVE_ISBLANK 1
#define HAVE_ISWCTYPE 1
#define HAVE_LINK 1
#define HAVE_VASPRINTF 1
#define HAVE___XPG_STRERROR_R 1
#define HAVE_STRTOIMAX 1
#define HAVE_WCRTOMB 1
#define HAVE_WCTOB 1
#define HAVE_FPURGE 1
#define HAVE_GETTIMEOFDAY 1
#define HAVE_PIPE 1
#define HAVE_PSELECT 1
#define HAVE_PTHREAD_SIGMASK 1
#define HAVE_SIGPROCMASK 1
#define HAVE_SETENV 1
#define HAVE_SLEEP 1
#define HAVE_SNPRINTF 1
#define HAVE_SHUTDOWN 1
#define HAVE_ISATTY 1
#define HAVE_ISASCII 1
#define HAVE_MEMCPY 1
#define HAVE_STRCHR 1
#define HAVE_STRTOUL 1
#define HAVE_POPEN 1
#define HAVE_PATHCONF 1
#define HAVE_FCHOWN 1
#define HAVE_SETLOCALE 1
#define USE_ACL 0
#define HAVE_ALLOCA_H 1
#define HAVE_ALLOCA 1
#define HAVE_WINT_T 1
#define HAVE_LANGINFO_CODESET 1
#define BITSIZEOF_WCHAR_T 32
#define HAVE_MBSTATE_T 1
#define HAVE_WORKING_MBRTOC32 1
#define HAVE_WORKING_C32RTOMB 1
#define HAVE_MALLOC_PTRDIFF 1
#define HAVE_MALLOC_POSIX 1
#define LSTAT_FOLLOWS_SLASHED_SYMLINK 1
#define FUNC_REALPATH_NEARLY_WORKS 1
#define HAVE_FACCESSAT 1
#define HAVE_GETCWD 1
#define HAVE_DECL_STRERROR_R 1
#define HAVE_STRERROR_R 1
#define HAVE_WORKING_O_DIRECTORY 1
#define HAVE_WORKING_O_NOATIME 1
#define HAVE_WORKING_O_NOFOLLOW 1
#define USE_SELINUX_SELINUX_H 0
#define restrict __restrict__
#define HAVE_DECL_GETDELIM 1
#define HAVE_DECL_GETDTABLESIZE 1
#define HAVE_GETOPT_H 1
#define HAVE_GETOPT_LONG_ONLY 1
#define MUSL_LIBC 1
#define HAVE_PTHREAD_API 1
#define SETLOCALE_NULL_ALL_MTSAFE 0
#define SETLOCALE_NULL_ONE_MTSAFE 1
#define HAVE_WEAK_SYMBOLS 1
#define HAVE_LONG_LONG_INT 1
#define HAVE_UNSIGNED_LONG_LONG_INT 1
#define HAVE_TOWLOWER 1
#define AVOID_ANY_THREADS 1
#define HAVE_MALLOC_0_NONNULL 1
#define HAVE_DECL_MEMEQ 0
#define HAVE_DECL_MEMRCHR 1
#define HAVE_MINMAX_IN_SYS_PARAM_H 1
#define PROMOTED_MODE_T mode_t
#define HAVE_PTHREAD_T 1
#define HAVE_PTHREAD_SPINLOCK_T 1
#define HAVE_DECL_ALARM 1
#define HAVE_SCHED_H 1
#define HAVE_DECL_FCLOSEALL 0
#define HAVE_DECL_GETW 1
#define HAVE_DECL_PUTW 1
#define HAVE_DECL_ECVT 1
#define HAVE_DECL_FCVT 1
#define HAVE_DECL_GCVT 1
#define HAVE_DECL_STREQ 0
#define HAVE_STRERROR_R 1
#define HAVE_DECL_STRTOIMAX 1
#define _USE_STD_STAT 1
#define HAVE_DECL_EXECVPE 1
#define HAVE_DECL_CLEARERR_UNLOCKED 1
#define HAVE_DECL_FEOF_UNLOCKED 1
#define HAVE_DECL_FERROR_UNLOCKED 1
#define HAVE_DECL_FFLUSH_UNLOCKED 1
#define HAVE_DECL_FGETS_UNLOCKED 1
#define HAVE_DECL_FILENO_UNLOCKED 1
#define HAVE_DECL_FPUTC_UNLOCKED 1
#define HAVE_DECL_FPUTS_UNLOCKED 1
#define HAVE_DECL_FREAD_UNLOCKED 1
#define HAVE_DECL_FWRITE_UNLOCKED 1
#define HAVE_DECL_GETC_UNLOCKED 1
#define HAVE_DECL_GETCHAR_UNLOCKED 1
#define HAVE_DECL_PUTC_UNLOCKED 1
#define HAVE_DECL_PUTCHAR_UNLOCKED 1
#define HAVE_DECL_WCSDUP 1
#define HAVE_SHUTDOWN 1
#define HAVE_STRUCT_SOCKADDR_STORAGE 1
#define HAVE_SA_FAMILY_T 1
#define HAVE_STRUCT_SOCKADDR_STORAGE_SS_FAMILY 1
#define HAVE_ENVIRON_DECL 1
#define FUNC_FFLUSH_STDIN 1
#define HAVE_FREXP 1
#define HAVE_FREXPL 1
#define HAVE_DECL_FSEEKO 1
#define FUNC_FFLUSH_STDIN 1
#define HAVE_DECL_FTELLO 1
#define HAVE_USELOCALE 1
#define HAVE_WORKING_USELOCALE 1
#define HAVE_GOOD_USELOCALE 1
#define HAVE_IPV4 1
#define HAVE_IPV6 1
#define DBL_EXPBIT0_WORD 1
#define DBL_EXPBIT0_BIT 20
#define FLT_EXPBIT0_WORD 0
#define FLT_EXPBIT0_BIT 23
#define LDBL_EXPBIT0_WORD 2
#define LDBL_EXPBIT0_BIT 0
#define HAVE_LC_MESSAGES 1
#define HAVE_DECL__PUTENV 0
#define HAVE_SIGSET_T 1
#define HAVE_DECL_INITSTATE 1
#define HAVE_DECL_SETSTATE 1
#define HAVE_DECL_SETENV 1
#define HAVE_SEARCH_H 1
#define HAVE_TSEARCH 1
#define HAVE_DECL_STRDUP 1
#define HAVE_DECL_UNSETENV 1
#define HAVE_C_ALIGNASOF 1
#define HAVE_ALLOCA 1
#define HAVE_C_STATIC_ASSERT 1
#define HAVE_C_BOOL 1
#define GNULIB_TEST_BTOWC 1
#define HAVE___BUILTIN_EXPECT 1
#define GNULIB_TEST_C32ISPRINT 1
#define GNULIB_TEST_C32ISSPACE 1
#define GNULIB_TEST_C32RTOMB 1
#define GNULIB_TEST_C32TOB 1
#define GNULIB_TEST_C32TOLOWER 1
#define GNULIB_TEST_C32TOUPPER 1
#define GNULIB_TEST_CALLOC_GNU 1
#define GNULIB_TEST_CALLOC_POSIX 1
#define GNULIB_CANONICALIZE_LGPL 1
#define GNULIB_TEST_CANONICALIZE_FILE_NAME 1
#define GNULIB_TEST_REALPATH 1
#define GNULIB_TEST_CHDIR 1
#define HAVE_CLOCK_GETRES 1
#define HAVE_CLOCK_GETTIME 1
#define HAVE_CLOCK_SETTIME 1
#define GNULIB_TEST_CLOEXEC 1
#define GNULIB_TEST_CLOSE 1
#define GNULIB_CLOSE 1
#define GNULIB_TEST_DUP2 1
#define GNULIB_TEST_FCNTL 1
#define FLEXIBLE_ARRAY_MEMBER /**/
#define GNULIB_TEST_FREE_POSIX 1
#define HAVE___FSETERR 1
#define GNULIB_TEST_FSTAT 1
#define GNULIB_FSTAT 1
#define HAVE___FWRITING 1
#define HAVE_GETDELIM 1
#define GNULIB_TEST_GETDELIM 1
#define GNULIB_TEST_GETDTABLESIZE 1
#define __GETOPT_PREFIX rpl_
#define GNULIB_TEST_GETOPT_POSIX 1
#define HAVE_DECL_PROGRAM_INVOCATION_NAME 1
#define HAVE_DECL_PROGRAM_INVOCATION_NAME 1
#define HAVE_DECL_PROGRAM_INVOCATION_SHORT_NAME 1
#define HAVE_DECL___ARGV 0
#define GNULIB_TEST_GETPROGNAME 1
#define HAVE_GETRANDOM 1
#define GNULIB_TEST_GETRANDOM 1
#define GNULIB_LOCALEDIR "/usr/share/locale"
#define GNULIB_ISSYMLINK 1
#define HAVE_ISWBLANK 1
#define HAVE_DECL_ISWBLANK 1
#define GNULIB_TEST_ISWBLANK 1
#define GNULIB_TEST_ISWCTYPE 1
#define GNULIB_TEST_ISWDIGIT 1
#define GNULIB_TEST_ISWPUNCT 1
#define GNULIB_TEST_ISWXDIGIT 1
#define HAVE___INLINE 1
#define GNULIB_TEST_LOCALECONV 1
#define GNULIB_LOCALECONV 1
#define GNULIB_LOCK 1
#define GNULIB_TEST_LSTAT 1
#define GNULIB_LSTAT 1
#define GNULIB_TEST_MALLOC_GNU 1
#define GNULIB_TEST_MALLOC_POSIX 1
#define GNULIB_TEST_MBRTOC32 1
#define GNULIB_MBRTOC32_REGULAR 1
#define GNULIB_TEST_MBRTOWC 1
#define GNULIB_TEST_MBSINIT 1
#define GNULIB_TEST_MBSZERO 1
#define HAVE_MBTOWC 1
#define GNULIB_TEST_MBTOWC 1
#define GNULIB_TEST_MEMCHR 1
#define GNULIB_TEST_MEMEQ 1
#define HAVE_MEMPCPY 1
#define GNULIB_TEST_MEMPCPY 1
#define HAVE_MEMRCHR 1
#define GNULIB_TEST_MEMRCHR 1
#define GNULIB_TEST_MKDIR 1
#define HAVE_MKOSTEMP 1
#define GNULIB_MKOSTEMP 1
#define GNULIB_TEST_MKOSTEMP 1
#define GNULIB_MSVC_NOTHROW 1
#define HAVE_NL_LANGINFO 1
#define NL_LANGINFO_MTSAFE 1
#define REPLACE_NL_LANGINFO 1
#define GNULIB_TEST_NL_LANGINFO 1
#define GNULIB_TEST_OPEN 1
#define HAVE_DECL_PROGRAM_INVOCATION_NAME 1
#define HAVE_DECL_PROGRAM_INVOCATION_SHORT_NAME 1
#define GNULIB_TEST_PTHREAD_ONCE 1
#define GNULIB_TEST_RAWMEMCHR 1
#define GNULIB_TEST_READLINK 1
#define HAVE_REALLOC_POSIX 1
#define HAVE_REALLOC_0_NONNULL 1
#define GNULIB_TEST_REALLOC_POSIX 1
#define HAVE_REALLOCARRAY 1
#define GNULIB_REALLOCARRAY 1
#define GNULIB_TEST_REALLOCARRAY 1
#define _REGEX_INCLUDE_LIMITS_H 1
#define _REGEX_LARGE_OFFSETS 1
#define re_syntax_options rpl_re_syntax_options
#define re_set_syntax rpl_re_set_syntax
#define re_compile_pattern rpl_re_compile_pattern
#define re_compile_fastmap rpl_re_compile_fastmap
#define re_search rpl_re_search
#define re_search_2 rpl_re_search_2
#define re_match rpl_re_match
#define re_match_2 rpl_re_match_2
#define re_set_registers rpl_re_set_registers
#define re_comp rpl_re_comp
#define re_exec rpl_re_exec
#define regcomp rpl_regcomp
#define regexec rpl_regexec
#define regerror rpl_regerror
#define regfree rpl_regfree
#define HAVE_DECL_ISBLANK 1
#define GNULIB_TEST_RENAME 1
#define GNULIB_TEST_RMDIR 1
#define HAVE_VISIBILITY 1
#define GNULIB_TEST_SETLOCALE_NULL 1
#define GNULIB_TEST_STAT 1
#define GNULIB_STAT 1
#define HAVE_STRUCT_STAT_ST_ATIM_TV_NSEC 1
#define TYPEOF_STRUCT_STAT_ST_ATIM_IS_STRUCT_TIMESPEC 1
#define GNULIB_TEST_FSCANF 1
#define GNULIB_FSCANF 1
#define GNULIB_TEST_SCANF 1
#define GNULIB_SCANF 1
#define GNULIB_TEST_FGETC 1
#define GNULIB_TEST_GETC 1
#define GNULIB_TEST_GETCHAR 1
#define GNULIB_TEST_FGETS 1
#define GNULIB_TEST_FREAD 1
#define GNULIB_TEST_FPRINTF 1
#define GNULIB_TEST_PRINTF 1
#define GNULIB_TEST_VFPRINTF 1
#define GNULIB_TEST_VPRINTF 1
#define GNULIB_TEST_FPUTC 1
#define GNULIB_TEST_PUTC 1
#define GNULIB_TEST_PUTCHAR 1
#define GNULIB_TEST_FPUTS 1
#define GNULIB_TEST_PUTS 1
#define GNULIB_TEST_FWRITE 1
#define GNULIB_TEST_STREQ 1
#define GNULIB_STRERROR 1
#define GNULIB_TEST_STRERROR 1
#define GNULIB_TEST_STRNCPY 1
#define GNULIB_TEST_STRNUL 1
#define HAVE_STRTOLL 1
#define GNULIB_TEST_STRTOLL 1
#define HAVE_STRVERSCMP 1
#define GNULIB_TEST_STRVERSCMP 1
#define GNULIB_TEMPNAME 1
#define GNULIB_STDIO_SINGLE_THREAD 1
#define USE_UNLOCKED_IO GNULIB_STDIO_SINGLE_THREAD
#define HAVE_C_VARARRAYS 1
#define GNULIB_TEST_WCRTOMB 1
#define GNULIB_TEST_WCTOB 1
#define GNULIB_TEST_WCTOMB 1
#define GNULIB_TEST_WCTYPE 1
#define GNULIB_XALLOC 1
#define GNULIB_XALLOC_DIE 1
#define GNULIB_TEST_ACCEPT 1
#define GNULIB_ACCEPT IN_SED_GNULIB_TESTS
#define GNULIB_TEST_BIND 1
#define GNULIB_BIND IN_SED_GNULIB_TESTS
#define GNULIB_TEST_BTOC32 1
#define HAVE_CLOSEDIR 1
#define GNULIB_TEST_CLOSEDIR 1
#define GNULIB_TEST_CONNECT 1
#define GNULIB_CONNECT IN_SED_GNULIB_TESTS
#define HAVE_DIRFD 1
#define HAVE_DECL_DIRFD 1
#define GNULIB_TEST_DIRFD 1
#define GNULIB_TEST_ENVIRON 1
#define GNULIB_TEST_FDOPEN 1
#define FUNC_FFLUSH_STDIN 1
#define GNULIB_FFLUSH IN_SED_GNULIB_TESTS
#define GNULIB_TEST_FFLUSH 1
#define GNULIB_TEST_FOPEN 1
#define GNULIB_FOPEN_GNU IN_SED_GNULIB_TESTS
#define GNULIB_TEST_FOPEN_GNU 1
#define HAVE___FPURGE 1
#define HAVE_DECL_FPURGE 0
#define GNULIB_TEST_FPURGE 1
#define HAVE___FREADING 1
#define GNULIB_TEST_FREXP 1
#define GNULIB_TEST_FREXPL 1
#define GNULIB_TEST_FSEEK 1
#define FUNC_FFLUSH_STDIN 1
#define GNULIB_TEST_FSEEKO 1
#define GNULIB_TEST_FTELL 1
#define GNULIB_TEST_FTELLO 1
#define HAVE_FTRUNCATE 1
#define GNULIB_TEST_FTRUNCATE 1
#define GNULIB_TEST_GETCWD 1
#define HAVE_NEWLOCALE 1
#define HAVE_DUPLOCALE 1
#define HAVE_FREELOCALE 1
#define GNULIB_TEST_GETLOCALENAME_L_UNSAFE 1
#define HAVE_NEWLOCALE 1
#define HAVE_DUPLOCALE 1
#define HAVE_FREELOCALE 1
#define GNULIB_TEST_GETPAGESIZE 1
#define GETTIMEOFDAY_TIMEZONE void
#define GNULIB_TEST_GETTIMEOFDAY 1
#define HAVE_DUPLOCALE 1
#define HAVE_DECL_INET_PTON 1
#define HAVE_IOCTL 1
#define GNULIB_TEST_IOCTL 1
#define GNULIB_IOCTL IN_SED_GNULIB_TESTS
#define GNULIB_ISBLANK IN_SED_GNULIB_TESTS
#define HAVE_ISNAND_IN_LIBC 1
#define HAVE_ISNANF_IN_LIBC 1
#define HAVE_ISNANL_IN_LIBC 1
#define GNULIB_TEST_LINK 1
#define GNULIB_TEST_LISTEN 1
#define GNULIB_LISTEN IN_SED_GNULIB_TESTS
#define HAVE_NEWLOCALE 1
#define GNULIB_TEST_LOCALENAME_ENVIRON 1
#define HAVE_NEWLOCALE 1
#define GNULIB_TEST_LOCALENAME_UNSAFE 1
#define GNULIB_TEST_LSEEK 1
#define GNULIB_TEST_MEMSET_EXPLICIT 1
#define HAVE_MKFIFO 1
#define GNULIB_TEST_MKFIFO 1
#define HAVE_BUG_BIG_NANOSLEEP 1
#define GNULIB_TEST_NANOSLEEP 1
#define HAVE_USELOCALE 1
#define HAVE_WORKING_USELOCALE 1
#define HAVE_OPENDIR 1
#define GNULIB_TEST_OPENDIR 1
#define GNULIB_TEST_PERROR 1
#define GNULIB_TEST_PIPE 1
#define GNULIB_TEST_PSELECT 1
#define GNULIB_TEST_PTHREAD_COND 1
#define GNULIB_TEST_PTHREAD_MUTEX 1
#define GNULIB_TEST_PTHREAD_RWLOCK 1
#define GNULIB_TEST_PTHREAD_THREAD 1
#define GNULIB_TEST_PTHREAD_MUTEX_TIMEDLOCK 1
#define HAVE_PTHREAD_SIGMASK 1
#define GNULIB_TEST_PTHREAD_SIGMASK 1
#define GNULIB_TEST_PUTENV 1
#define HAVE_RAISE 1
#define GNULIB_TEST_RAISE 1
#define HAVE_INITSTATE 1
#define HAVE_SETSTATE 1
#define GNULIB_TEST_RANDOM 1
#define GNULIB_TEST_RANDOM_R 1
#define HAVE_READDIR 1
#define GNULIB_TEST_READDIR 1
#define GNULIB_TEST_SCHED_YIELD 1
#define GNULIB_TEST_SELECT 1
#define GNULIB_SELECT IN_SED_GNULIB_TESTS
#define GNULIB_TEST_SETENV 1
#define NEED_SETLOCALE_IMPROVED 0
#define NEED_SETLOCALE_MTSAFE 1
#define GNULIB_TEST_SETLOCALE 1
#define GNULIB_TEST_SETSOCKOPT 1
#define GNULIB_SETSOCKOPT IN_SED_GNULIB_TESTS
#define GNULIB_TEST_SIGNBIT_NO_CXX 1
#define GNULIB_TEST_SIGPROCMASK 1
#define HAVE_DECL_SLEEP 1
#define GNULIB_TEST_SLEEP 1
#define GNULIB_TEST_SOCKET 1
#define GNULIB_SOCKET IN_SED_GNULIB_TESTS
#define HAVE_STPCPY 1
#define GNULIB_TEST_STPCPY 1
#define GNULIB_TEST_STR_ENDSWITH 1
#define GNULIB_TEST_STR_STARTSWITH 1
#define GNULIB_TEST_STRDUP 1
#define GNULIB_TEST_STRERROR_R 1
#define GNULIB_STRERROR_R_POSIX IN_SED_GNULIB_TESTS
#define GNULIB_TEST_SYMLINK 1
#define HAVE_IPV4 1
#define HAVE_IPV6 1
#define HAVE_UNIXSOCKET 1
#define GNULIB_TEST_TIME 1
#define HAVE_DECL_TRUNC 1
#define GNULIB_TEST_TRUNC 1
#define HAVE_DECL_TRUNCL 1
#define GNULIB_TEST_TRUNCL 1
#define HAVE_UNSETENV 1
#define GNULIB_TEST_UNSETENV 1
#define GNULIB_NO_VLA 1
#define HAVE_FOPEN_RT 1

configure: exit 
