This file contains any messages produced by compilers while
running configure, to aid debugging if configure makes a mistake.

It was created by GNU tar configure 1.35, which was
generated by GNU Autoconf 2.71.  Invocation command line was

  $ ./configure --prefix=/usr --disable-nls

## --------- ##
## Platform. ##
## --------- ##

hostname = nobara-laptop
uname -m = x86_64
uname -r = 7.1.4-200.nobara.fc44.x86_64
uname -s = Linux
uname -v = #1 SMP PREEMPT_DYNAMIC Mon Jul 20 03:39:43 UTC 2026

/usr/bin/uname -p = unknown
/bin/uname -X     = unknown

/bin/arch              = x86_64
/usr/bin/arch -k       = unknown
/usr/convex/getsysinfo = unknown
/usr/bin/hostinfo      = unknown
/bin/machine           = unknown
/usr/bin/oslevel       = unknown
/bin/universe          = unknown

PATH: /home/sonakrie/.local/bin/
PATH: /home/sonakrie/bin/
PATH: /usr/local/sbin/
PATH: /usr/local/bin/
PATH: /usr/sbin/
PATH: /usr/bin/
PATH: /sbin/
PATH: /bin/


## ----------- ##
## Core tests. ##
## ----------- ##

configure:4582: looking for aux files: config.rpath config.guess config.sub compile missing install-sh
configure:4595:  trying ./build-aux/
configure:4624:   ./build-aux/config.rpath found
configure:4624:   ./build-aux/config.guess found
configure:4624:   ./build-aux/config.sub found
configure:4624:   ./build-aux/compile found
configure:4624:   ./build-aux/missing found
configure:4606:   ./build-aux/install-sh found
configure:4758: checking for a BSD-compatible install
configure:4831: result: /usr/bin/install -c
configure:4842: checking whether build environment is sane
configure:4897: result: yes
configure:5056: checking for a race-free mkdir -p
configure:5100: result: /bin/mkdir -p
configure:5107: checking for gawk
configure:5142: result: no
configure:5107: checking for mawk
configure:5142: result: no
configure:5107: checking for nawk
configure:5142: result: no
configure:5107: checking for awk
configure:5128: found /usr/bin/awk
configure:5139: result: awk
configure:5150: checking whether make sets $(MAKE)
configure:5173: result: yes
configure:5203: checking whether make supports nested variables
configure:5221: result: yes
configure:5306: checking whether UID '1000' is supported by ustar format
configure:5309: result: yes
configure:5316: checking whether GID '1000' is supported by ustar format
configure:5319: result: yes
configure:5327: checking how to create a ustar tar archive
configure:5338: tar --version
tar (GNU tar) 1.35
Copyright (C) 2023 Free Software Foundation, Inc.
License GPLv3+: GNU GPL version 3 or later <https://gnu.org/licenses/gpl.html>.
This is free software: you are free to change and redistribute it.
There is NO WARRANTY, to the extent permitted by law.

Written by John Gilmore and Jay Fenlason.
configure:5341: $? = 0
configure:5381: tardir=conftest.dir && eval tar --format=ustar -chf - "$tardir" >conftest.tar
configure:5384: $? = 0
configure:5388: tar -xf - <conftest.tar
configure:5391: $? = 0
configure:5393: cat conftest.dir/file
GrepMe
configure:5396: $? = 0
configure:5410: result: gnutar
configure:5488: checking whether make supports nested variables
configure:5506: result: yes
configure:5580: checking for gcc
configure:5601: found /usr/bin/gcc
configure:5612: result: gcc
configure:5965: checking for C compiler version
configure:5974: gcc --version >&5
gcc (Alpine 15.2.0) 15.2.0
Copyright (C) 2025 Free Software Foundation, Inc.
This is free software; see the source for copying conditions.  There is NO
warranty; not even for MERCHANTABILITY or FITNESS FOR A PARTICULAR PURPOSE.

configure:5985: $? = 0
configure:5974: gcc -v >&5
Using built-in specs.
COLLECT_GCC=gcc
COLLECT_LTO_WRAPPER=/usr/libexec/gcc/x86_64-alpine-linux-musl/15.2.0/lto-wrapper
Target: x86_64-alpine-linux-musl
Configured with: /home/buildozer/aports/main/gcc/src/gcc-15.2.0/configure --prefix=/usr --mandir=/usr/share/man --infodir=/usr/share/info --build=x86_64-alpine-linux-musl --host=x86_64-alpine-linux-musl --target=x86_64-alpine-linux-musl --enable-checking=release --disable-cet --disable-fixed-point --disable-libstdcxx-pch --disable-multilib --disable-nls --disable-werror --disable-symvers --enable-__cxa_atexit --enable-default-pie --enable-default-ssp --enable-languages=c,c++,d,objc,go,fortran,ada --enable-link-serialization=2 --enable-linker-build-id --disable-libssp --enable-libsanitizer --enable-shared --enable-threads --enable-tls --with-bugurl=https://gitlab.alpinelinux.org/alpine/aports/-/issues --with-system-zlib --with-linker-hash-style=gnu --with-pkgversion='Alpine 15.2.0'
Thread model: posix
Supported LTO compression algorithms: zlib
gcc version 15.2.0 (Alpine 15.2.0) 
configure:5985: $? = 0
configure:5974: gcc -V >&5
gcc: error: unrecognized command-line option '-V'
gcc: fatal error: no input files
compilation terminated.
configure:5985: $? = 1
configure:5974: gcc -qversion >&5
gcc: error: unrecognized command-line option '-qversion'; did you mean '--version'?
gcc: fatal error: no input files
compilation terminated.
configure:5985: $? = 1
configure:5974: gcc -version >&5
gcc: error: unrecognized command-line option '-version'
gcc: fatal error: no input files
compilation terminated.
configure:5985: $? = 1
configure:6005: checking whether the C compiler works
configure:6027: gcc    conftest.c  >&5
configure:6031: $? = 0
configure:6081: result: yes
configure:6084: checking for C compiler default output file name
configure:6086: result: a.out
configure:6092: checking for suffix of executables
configure:6099: gcc -o conftest    conftest.c  >&5
configure:6103: $? = 0
configure:6126: result: 
configure:6148: checking whether we are cross compiling
configure:6156: gcc -o conftest    conftest.c  >&5
configure:6160: $? = 0
configure:6167: ./conftest
configure:6171: $? = 0
configure:6186: result: no
configure:6191: checking for suffix of object files
configure:6214: gcc -c   conftest.c >&5
configure:6218: $? = 0
configure:6240: result: o
configure:6244: checking whether the compiler supports GNU C
configure:6264: gcc -c   conftest.c >&5
configure:6264: $? = 0
configure:6274: result: yes
configure:6285: checking whether gcc accepts -g
configure:6306: gcc -c -g  conftest.c >&5
configure:6306: $? = 0
configure:6350: result: yes
configure:6370: checking for gcc option to enable C11 features
configure:6385: gcc  -c -g -O2  conftest.c >&5
conftest.c: In function 'e':
conftest.c:25:14: warning: old-style function definition [-Wold-style-definition]
   25 | static char *e (p, i)
      |              ^
configure:6385: $? = 0
configure:6403: result: none needed
configure:6519: checking whether gcc understands -c and -o together
configure:6542: gcc -c conftest.c -o conftest2.o
configure:6545: $? = 0
configure:6542: gcc -c conftest.c -o conftest2.o
configure:6545: $? = 0
configure:6557: result: yes
configure:6575: checking whether the compiler is clang
configure:6597: gcc -c -g -O2  conftest.c >&5
configure:6597: $? = 0
configure:6606: result: no
configure:6610: checking for compiler option needed when checking for declarations
configure:6643: result: none
configure:6655: checking whether make supports the include directive
configure:6670: make -f confmf.GNU && cat confinc.out
this is the am__doit target
configure:6673: $? = 0
configure:6692: result: yes (GNU style)
configure:6718: checking dependency style of gcc
configure:6830: result: gcc3
configure:6894: checking for ranlib
configure:6915: found /usr/bin/ranlib
configure:6926: result: ranlib
configure:6952: checking for bison
configure:6973: found /usr/bin/bison
configure:6984: result: bison -y
configure:7001: checking for stdio.h
configure:7001: gcc -c -g -O2  conftest.c >&5
configure:7001: $? = 0
configure:7001: result: yes
configure:7001: checking for stdlib.h
configure:7001: gcc -c -g -O2  conftest.c >&5
configure:7001: $? = 0
configure:7001: result: yes
configure:7001: checking for string.h
configure:7001: gcc -c -g -O2  conftest.c >&5
configure:7001: $? = 0
configure:7001: result: yes
configure:7001: checking for inttypes.h
configure:7001: gcc -c -g -O2  conftest.c >&5
configure:7001: $? = 0
configure:7001: result: yes
configure:7001: checking for stdint.h
configure:7001: gcc -c -g -O2  conftest.c >&5
configure:7001: $? = 0
configure:7001: result: yes
configure:7001: checking for strings.h
configure:7001: gcc -c -g -O2  conftest.c >&5
configure:7001: $? = 0
configure:7001: result: yes
configure:7001: checking for sys/stat.h
configure:7001: gcc -c -g -O2  conftest.c >&5
configure:7001: $? = 0
configure:7001: result: yes
configure:7001: checking for sys/types.h
configure:7001: gcc -c -g -O2  conftest.c >&5
configure:7001: $? = 0
configure:7001: result: yes
configure:7001: checking for unistd.h
configure:7001: gcc -c -g -O2  conftest.c >&5
configure:7001: $? = 0
configure:7001: result: yes
configure:7001: checking for wchar.h
configure:7001: gcc -c -g -O2  conftest.c >&5
configure:7001: $? = 0
configure:7001: result: yes
configure:7001: checking for minix/config.h
configure:7001: gcc -c -g -O2  conftest.c >&5
conftest.c:49:10: fatal error: minix/config.h: No such file or directory
   49 | #include <minix/config.h>
      |          ^~~~~~~~~~~~~~~~
compilation terminated.
configure:7001: $? = 1
configure: failed program was:
| /* confdefs.h */
| #define PACKAGE_NAME "GNU tar"
| #define PACKAGE_TARNAME "tar"
| #define PACKAGE_VERSION "1.35"
| #define PACKAGE_STRING "GNU tar 1.35"
| #define PACKAGE_BUGREPORT "bug-tar@gnu.org"
| #define PACKAGE_URL "https://www.gnu.org/software/tar/"
| #define PACKAGE "tar"
| #define VERSION "1.35"
| #define HAVE_STDIO_H 1
| #define HAVE_STDLIB_H 1
| #define HAVE_STRING_H 1
| #define HAVE_INTTYPES_H 1
| #define HAVE_STDINT_H 1
| #define HAVE_STRINGS_H 1
| #define HAVE_SYS_STAT_H 1
| #define HAVE_SYS_TYPES_H 1
| #define HAVE_UNISTD_H 1
| #define HAVE_WCHAR_H 1
| /* end confdefs.h.  */
| #include <stddef.h>
| #ifdef HAVE_STDIO_H
| # include <stdio.h>
| #endif
| #ifdef HAVE_STDLIB_H
| # include <stdlib.h>
| #endif
| #ifdef HAVE_STRING_H
| # include <string.h>
| #endif
| #ifdef HAVE_INTTYPES_H
| # include <inttypes.h>
| #endif
| #ifdef HAVE_STDINT_H
| # include <stdint.h>
| #endif
| #ifdef HAVE_STRINGS_H
| # include <strings.h>
| #endif
| #ifdef HAVE_SYS_TYPES_H
| # include <sys/types.h>
| #endif
| #ifdef HAVE_SYS_STAT_H
| # include <sys/stat.h>
| #endif
| #ifdef HAVE_UNISTD_H
| # include <unistd.h>
| #endif
| #include <minix/config.h>
configure:7001: result: no
configure:7001: checking for fcntl.h
configure:7001: gcc -c -g -O2  conftest.c >&5
configure:7001: $? = 0
configure:7001: result: yes
configure:7001: checking for linux/fd.h
configure:7001: gcc -c -g -O2  conftest.c >&5
configure:7001: $? = 0
configure:7001: result: yes
configure:7001: checking for memory.h
configure:7001: gcc -c -g -O2  conftest.c >&5
configure:7001: $? = 0
configure:7001: result: yes
configure:7001: checking for net/errno.h
configure:7001: gcc -c -g -O2  conftest.c >&5
conftest.c:52:10: fatal error: net/errno.h: No such file or directory
   52 | #include <net/errno.h>
      |          ^~~~~~~~~~~~~
compilation terminated.
configure:7001: $? = 1
configure: failed program was:
| /* confdefs.h */
| #define PACKAGE_NAME "GNU tar"
| #define PACKAGE_TARNAME "tar"
| #define PACKAGE_VERSION "1.35"
| #define PACKAGE_STRING "GNU tar 1.35"
| #define PACKAGE_BUGREPORT "bug-tar@gnu.org"
| #define PACKAGE_URL "https://www.gnu.org/software/tar/"
| #define PACKAGE "tar"
| #define VERSION "1.35"
| #define HAVE_STDIO_H 1
| #define HAVE_STDLIB_H 1
| #define HAVE_STRING_H 1
| #define HAVE_INTTYPES_H 1
| #define HAVE_STDINT_H 1
| #define HAVE_STRINGS_H 1
| #define HAVE_SYS_STAT_H 1
| #define HAVE_SYS_TYPES_H 1
| #define HAVE_UNISTD_H 1
| #define HAVE_WCHAR_H 1
| #define HAVE_FCNTL_H 1
| #define HAVE_LINUX_FD_H 1
| #define HAVE_MEMORY_H 1
| /* end confdefs.h.  */
| #include <stddef.h>
| #ifdef HAVE_STDIO_H
| # include <stdio.h>
| #endif
| #ifdef HAVE_STDLIB_H
| # include <stdlib.h>
| #endif
| #ifdef HAVE_STRING_H
| # include <string.h>
| #endif
| #ifdef HAVE_INTTYPES_H
| # include <inttypes.h>
| #endif
| #ifdef HAVE_STDINT_H
| # include <stdint.h>
| #endif
| #ifdef HAVE_STRINGS_H
| # include <strings.h>
| #endif
| #ifdef HAVE_SYS_TYPES_H
| # include <sys/types.h>
| #endif
| #ifdef HAVE_SYS_STAT_H
| # include <sys/stat.h>
| #endif
| #ifdef HAVE_UNISTD_H
| # include <unistd.h>
| #endif
| #include <net/errno.h>
configure:7001: result: no
configure:7001: checking for sgtty.h
configure:7001: gcc -c -g -O2  conftest.c >&5
conftest.c:52:10: fatal error: sgtty.h: No such file or directory
   52 | #include <sgtty.h>
      |          ^~~~~~~~~
compilation terminated.
configure:7001: $? = 1
configure: failed program was:
| /* confdefs.h */
| #define PACKAGE_NAME "GNU tar"
| #define PACKAGE_TARNAME "tar"
| #define PACKAGE_VERSION "1.35"
| #define PACKAGE_STRING "GNU tar 1.35"
| #define PACKAGE_BUGREPORT "bug-tar@gnu.org"
| #define PACKAGE_URL "https://www.gnu.org/software/tar/"
| #define PACKAGE "tar"
| #define VERSION "1.35"
| #define HAVE_STDIO_H 1
| #define HAVE_STDLIB_H 1
| #define HAVE_STRING_H 1
| #define HAVE_INTTYPES_H 1
| #define HAVE_STDINT_H 1
| #define HAVE_STRINGS_H 1
| #define HAVE_SYS_STAT_H 1
| #define HAVE_SYS_TYPES_H 1
| #define HAVE_UNISTD_H 1
| #define HAVE_WCHAR_H 1
| #define HAVE_FCNTL_H 1
| #define HAVE_LINUX_FD_H 1
| #define HAVE_MEMORY_H 1
| /* end confdefs.h.  */
| #include <stddef.h>
| #ifdef HAVE_STDIO_H
| # include <stdio.h>
| #endif
| #ifdef HAVE_STDLIB_H
| # include <stdlib.h>
| #endif
| #ifdef HAVE_STRING_H
| # include <string.h>
| #endif
| #ifdef HAVE_INTTYPES_H
| # include <inttypes.h>
| #endif
| #ifdef HAVE_STDINT_H
| # include <stdint.h>
| #endif
| #ifdef HAVE_STRINGS_H
| # include <strings.h>
| #endif
| #ifdef HAVE_SYS_TYPES_H
| # include <sys/types.h>
| #endif
| #ifdef HAVE_SYS_STAT_H
| # include <sys/stat.h>
| #endif
| #ifdef HAVE_UNISTD_H
| # include <unistd.h>
| #endif
| #include <sgtty.h>
configure:7001: result: no
configure:7001: checking for sys/param.h
configure:7001: gcc -c -g -O2  conftest.c >&5
configure:7001: $? = 0
configure:7001: result: yes
configure:7001: checking for sys/device.h
configure:7001: gcc -c -g -O2  conftest.c >&5
conftest.c:53:10: fatal error: sys/device.h: No such file or directory
   53 | #include <sys/device.h>
      |          ^~~~~~~~~~~~~~
compilation terminated.
configure:7001: $? = 1
configure: failed program was:
| /* confdefs.h */
| #define PACKAGE_NAME "GNU tar"
| #define PACKAGE_TARNAME "tar"
| #define PACKAGE_VERSION "1.35"
| #define PACKAGE_STRING "GNU tar 1.35"
| #define PACKAGE_BUGREPORT "bug-tar@gnu.org"
| #define PACKAGE_URL "https://www.gnu.org/software/tar/"
| #define PACKAGE "tar"
| #define VERSION "1.35"
| #define HAVE_STDIO_H 1
| #define HAVE_STDLIB_H 1
| #define HAVE_STRING_H 1
| #define HAVE_INTTYPES_H 1
| #define HAVE_STDINT_H 1
| #define HAVE_STRINGS_H 1
| #define HAVE_SYS_STAT_H 1
| #define HAVE_SYS_TYPES_H 1
| #define HAVE_UNISTD_H 1
| #define HAVE_WCHAR_H 1
| #define HAVE_FCNTL_H 1
| #define HAVE_LINUX_FD_H 1
| #define HAVE_MEMORY_H 1
| #define HAVE_SYS_PARAM_H 1
| /* end confdefs.h.  */
| #include <stddef.h>
| #ifdef HAVE_STDIO_H
| # include <stdio.h>
| #endif
| #ifdef HAVE_STDLIB_H
| # include <stdlib.h>
| #endif
| #ifdef HAVE_STRING_H
| # include <string.h>
| #endif
| #ifdef HAVE_INTTYPES_H
| # include <inttypes.h>
| #endif
| #ifdef HAVE_STDINT_H
| # include <stdint.h>
| #endif
| #ifdef HAVE_STRINGS_H
| # include <strings.h>
| #endif
| #ifdef HAVE_SYS_TYPES_H
| # include <sys/types.h>
| #endif
| #ifdef HAVE_SYS_STAT_H
| # include <sys/stat.h>
| #endif
| #ifdef HAVE_UNISTD_H
| # include <unistd.h>
| #endif
| #include <sys/device.h>
configure:7001: result: no
configure:7001: checking for sys/gentape.h
configure:7001: gcc -c -g -O2  conftest.c >&5
conftest.c:53:10: fatal error: sys/gentape.h: No such file or directory
   53 | #include <sys/gentape.h>
      |          ^~~~~~~~~~~~~~~
compilation terminated.
configure:7001: $? = 1
configure: failed program was:
| /* confdefs.h */
| #define PACKAGE_NAME "GNU tar"
| #define PACKAGE_TARNAME "tar"
| #define PACKAGE_VERSION "1.35"
| #define PACKAGE_STRING "GNU tar 1.35"
| #define PACKAGE_BUGREPORT "bug-tar@gnu.org"
| #define PACKAGE_URL "https://www.gnu.org/software/tar/"
| #define PACKAGE "tar"
| #define VERSION "1.35"
| #define HAVE_STDIO_H 1
| #define HAVE_STDLIB_H 1
| #define HAVE_STRING_H 1
| #define HAVE_INTTYPES_H 1
| #define HAVE_STDINT_H 1
| #define HAVE_STRINGS_H 1
| #define HAVE_SYS_STAT_H 1
| #define HAVE_SYS_TYPES_H 1
| #define HAVE_UNISTD_H 1
| #define HAVE_WCHAR_H 1
| #define HAVE_FCNTL_H 1
| #define HAVE_LINUX_FD_H 1
| #define HAVE_MEMORY_H 1
| #define HAVE_SYS_PARAM_H 1
| /* end confdefs.h.  */
| #include <stddef.h>
| #ifdef HAVE_STDIO_H
| # include <stdio.h>
| #endif
| #ifdef HAVE_STDLIB_H
| # include <stdlib.h>
| #endif
| #ifdef HAVE_STRING_H
| # include <string.h>
| #endif
| #ifdef HAVE_INTTYPES_H
| # include <inttypes.h>
| #endif
| #ifdef HAVE_STDINT_H
| # include <stdint.h>
| #endif
| #ifdef HAVE_STRINGS_H
| # include <strings.h>
| #endif
| #ifdef HAVE_SYS_TYPES_H
| # include <sys/types.h>
| #endif
| #ifdef HAVE_SYS_STAT_H
| # include <sys/stat.h>
| #endif
| #ifdef HAVE_UNISTD_H
| # include <unistd.h>
| #endif
| #include <sys/gentape.h>
configure:7001: result: no
configure:7001: checking for sys/inet.h
configure:7001: gcc -c -g -O2  conftest.c >&5
conftest.c:53:10: fatal error: sys/inet.h: No such file or directory
   53 | #include <sys/inet.h>
      |          ^~~~~~~~~~~~
compilation terminated.
configure:7001: $? = 1
configure: failed program was:
| /* confdefs.h */
| #define PACKAGE_NAME "GNU tar"
| #define PACKAGE_TARNAME "tar"
| #define PACKAGE_VERSION "1.35"
| #define PACKAGE_STRING "GNU tar 1.35"
| #define PACKAGE_BUGREPORT "bug-tar@gnu.org"
| #define PACKAGE_URL "https://www.gnu.org/software/tar/"
| #define PACKAGE "tar"
| #define VERSION "1.35"
| #define HAVE_STDIO_H 1
| #define HAVE_STDLIB_H 1
| #define HAVE_STRING_H 1
| #define HAVE_INTTYPES_H 1
| #define HAVE_STDINT_H 1
| #define HAVE_STRINGS_H 1
| #define HAVE_SYS_STAT_H 1
| #define HAVE_SYS_TYPES_H 1
| #define HAVE_UNISTD_H 1
| #define HAVE_WCHAR_H 1
| #define HAVE_FCNTL_H 1
| #define HAVE_LINUX_FD_H 1
| #define HAVE_MEMORY_H 1
| #define HAVE_SYS_PARAM_H 1
| /* end confdefs.h.  */
| #include <stddef.h>
| #ifdef HAVE_STDIO_H
| # include <stdio.h>
| #endif
| #ifdef HAVE_STDLIB_H
| # include <stdlib.h>
| #endif
| #ifdef HAVE_STRING_H
| # include <string.h>
| #endif
| #ifdef HAVE_INTTYPES_H
| # include <inttypes.h>
| #endif
| #ifdef HAVE_STDINT_H
| # include <stdint.h>
| #endif
| #ifdef HAVE_STRINGS_H
| # include <strings.h>
| #endif
| #ifdef HAVE_SYS_TYPES_H
| # include <sys/types.h>
| #endif
| #ifdef HAVE_SYS_STAT_H
| # include <sys/stat.h>
| #endif
| #ifdef HAVE_UNISTD_H
| # include <unistd.h>
| #endif
| #include <sys/inet.h>
configure:7001: result: no
configure:7001: checking for sys/io/trioctl.h
configure:7001: gcc -c -g -O2  conftest.c >&5
conftest.c:53:10: fatal error: sys/io/trioctl.h: No such file or directory
   53 | #include <sys/io/trioctl.h>
      |          ^~~~~~~~~~~~~~~~~~
compilation terminated.
configure:7001: $? = 1
configure: failed program was:
| /* confdefs.h */
| #define PACKAGE_NAME "GNU tar"
| #define PACKAGE_TARNAME "tar"
| #define PACKAGE_VERSION "1.35"
| #define PACKAGE_STRING "GNU tar 1.35"
| #define PACKAGE_BUGREPORT "bug-tar@gnu.org"
| #define PACKAGE_URL "https://www.gnu.org/software/tar/"
| #define PACKAGE "tar"
| #define VERSION "1.35"
| #define HAVE_STDIO_H 1
| #define HAVE_STDLIB_H 1
| #define HAVE_STRING_H 1
| #define HAVE_INTTYPES_H 1
| #define HAVE_STDINT_H 1
| #define HAVE_STRINGS_H 1
| #define HAVE_SYS_STAT_H 1
| #define HAVE_SYS_TYPES_H 1
| #define HAVE_UNISTD_H 1
| #define HAVE_WCHAR_H 1
| #define HAVE_FCNTL_H 1
| #define HAVE_LINUX_FD_H 1
| #define HAVE_MEMORY_H 1
| #define HAVE_SYS_PARAM_H 1
| /* end confdefs.h.  */
| #include <stddef.h>
| #ifdef HAVE_STDIO_H
| # include <stdio.h>
| #endif
| #ifdef HAVE_STDLIB_H
| # include <stdlib.h>
| #endif
| #ifdef HAVE_STRING_H
| # include <string.h>
| #endif
| #ifdef HAVE_INTTYPES_H
| # include <inttypes.h>
| #endif
| #ifdef HAVE_STDINT_H
| # include <stdint.h>
| #endif
| #ifdef HAVE_STRINGS_H
| # include <strings.h>
| #endif
| #ifdef HAVE_SYS_TYPES_H
| # include <sys/types.h>
| #endif
| #ifdef HAVE_SYS_STAT_H
| # include <sys/stat.h>
| #endif
| #ifdef HAVE_UNISTD_H
| # include <unistd.h>
| #endif
| #include <sys/io/trioctl.h>
configure:7001: result: no
configure:7001: checking for sys/mtio.h
configure:7001: gcc -c -g -O2  conftest.c >&5
configure:7001: $? = 0
configure:7001: result: yes
configure:7001: checking for sys/time.h
configure:7001: gcc -c -g -O2  conftest.c >&5
configure:7001: $? = 0
configure:7001: result: yes
configure:7001: checking for sys/tprintf.h
configure:7001: gcc -c -g -O2  conftest.c >&5
conftest.c:55:10: fatal error: sys/tprintf.h: No such file or directory
   55 | #include <sys/tprintf.h>
      |          ^~~~~~~~~~~~~~~
compilation terminated.
configure:7001: $? = 1
configure: failed program was:
| /* confdefs.h */
| #define PACKAGE_NAME "GNU tar"
| #define PACKAGE_TARNAME "tar"
| #define PACKAGE_VERSION "1.35"
| #define PACKAGE_STRING "GNU tar 1.35"
| #define PACKAGE_BUGREPORT "bug-tar@gnu.org"
| #define PACKAGE_URL "https://www.gnu.org/software/tar/"
| #define PACKAGE "tar"
| #define VERSION "1.35"
| #define HAVE_STDIO_H 1
| #define HAVE_STDLIB_H 1
| #define HAVE_STRING_H 1
| #define HAVE_INTTYPES_H 1
| #define HAVE_STDINT_H 1
| #define HAVE_STRINGS_H 1
| #define HAVE_SYS_STAT_H 1
| #define HAVE_SYS_TYPES_H 1
| #define HAVE_UNISTD_H 1
| #define HAVE_WCHAR_H 1
| #define HAVE_FCNTL_H 1
| #define HAVE_LINUX_FD_H 1
| #define HAVE_MEMORY_H 1
| #define HAVE_SYS_PARAM_H 1
| #define HAVE_SYS_MTIO_H 1
| #define HAVE_SYS_TIME_H 1
| /* end confdefs.h.  */
| #include <stddef.h>
| #ifdef HAVE_STDIO_H
| # include <stdio.h>
| #endif
| #ifdef HAVE_STDLIB_H
| # include <stdlib.h>
| #endif
| #ifdef HAVE_STRING_H
| # include <string.h>
| #endif
| #ifdef HAVE_INTTYPES_H
| # include <inttypes.h>
| #endif
| #ifdef HAVE_STDINT_H
| # include <stdint.h>
| #endif
| #ifdef HAVE_STRINGS_H
| # include <strings.h>
| #endif
| #ifdef HAVE_SYS_TYPES_H
| # include <sys/types.h>
| #endif
| #ifdef HAVE_SYS_STAT_H
| # include <sys/stat.h>
| #endif
| #ifdef HAVE_UNISTD_H
| # include <unistd.h>
| #endif
| #include <sys/tprintf.h>
configure:7001: result: no
configure:7001: checking for sys/tape.h
configure:7001: gcc -c -g -O2  conftest.c >&5
conftest.c:55:10: fatal error: sys/tape.h: No such file or directory
   55 | #include <sys/tape.h>
      |          ^~~~~~~~~~~~
compilation terminated.
configure:7001: $? = 1
configure: failed program was:
| /* confdefs.h */
| #define PACKAGE_NAME "GNU tar"
| #define PACKAGE_TARNAME "tar"
| #define PACKAGE_VERSION "1.35"
| #define PACKAGE_STRING "GNU tar 1.35"
| #define PACKAGE_BUGREPORT "bug-tar@gnu.org"
| #define PACKAGE_URL "https://www.gnu.org/software/tar/"
| #define PACKAGE "tar"
| #define VERSION "1.35"
| #define HAVE_STDIO_H 1
| #define HAVE_STDLIB_H 1
| #define HAVE_STRING_H 1
| #define HAVE_INTTYPES_H 1
| #define HAVE_STDINT_H 1
| #define HAVE_STRINGS_H 1
| #define HAVE_SYS_STAT_H 1
| #define HAVE_SYS_TYPES_H 1
| #define HAVE_UNISTD_H 1
| #define HAVE_WCHAR_H 1
| #define HAVE_FCNTL_H 1
| #define HAVE_LINUX_FD_H 1
| #define HAVE_MEMORY_H 1
| #define HAVE_SYS_PARAM_H 1
| #define HAVE_SYS_MTIO_H 1
| #define HAVE_SYS_TIME_H 1
| /* end confdefs.h.  */
| #include <stddef.h>
| #ifdef HAVE_STDIO_H
| # include <stdio.h>
| #endif
| #ifdef HAVE_STDLIB_H
| # include <stdlib.h>
| #endif
| #ifdef HAVE_STRING_H
| # include <string.h>
| #endif
| #ifdef HAVE_INTTYPES_H
| # include <inttypes.h>
| #endif
| #ifdef HAVE_STDINT_H
| # include <stdint.h>
| #endif
| #ifdef HAVE_STRINGS_H
| # include <strings.h>
| #endif
| #ifdef HAVE_SYS_TYPES_H
| # include <sys/types.h>
| #endif
| #ifdef HAVE_SYS_STAT_H
| # include <sys/stat.h>
| #endif
| #ifdef HAVE_UNISTD_H
| # include <unistd.h>
| #endif
| #include <sys/tape.h>
configure:7001: result: no
configure:7001: checking for locale.h
configure:7001: gcc -c -g -O2  conftest.c >&5
configure:7001: $? = 0
configure:7001: result: yes
configure:7001: checking for features.h
configure:7001: gcc -c -g -O2  conftest.c >&5
configure:7001: $? = 0
configure:7001: result: yes
configure:7001: checking for linewrap.h
configure:7001: gcc -c -g -O2  conftest.c >&5
conftest.c:57:10: fatal error: linewrap.h: No such file or directory
   57 | #include <linewrap.h>
      |          ^~~~~~~~~~~~
compilation terminated.
configure:7001: $? = 1
configure: failed program was:
| /* confdefs.h */
| #define PACKAGE_NAME "GNU tar"
| #define PACKAGE_TARNAME "tar"
| #define PACKAGE_VERSION "1.35"
| #define PACKAGE_STRING "GNU tar 1.35"
| #define PACKAGE_BUGREPORT "bug-tar@gnu.org"
| #define PACKAGE_URL "https://www.gnu.org/software/tar/"
| #define PACKAGE "tar"
| #define VERSION "1.35"
| #define HAVE_STDIO_H 1
| #define HAVE_STDLIB_H 1
| #define HAVE_STRING_H 1
| #define HAVE_INTTYPES_H 1
| #define HAVE_STDINT_H 1
| #define HAVE_STRINGS_H 1
| #define HAVE_SYS_STAT_H 1
| #define HAVE_SYS_TYPES_H 1
| #define HAVE_UNISTD_H 1
| #define HAVE_WCHAR_H 1
| #define HAVE_FCNTL_H 1
| #define HAVE_LINUX_FD_H 1
| #define HAVE_MEMORY_H 1
| #define HAVE_SYS_PARAM_H 1
| #define HAVE_SYS_MTIO_H 1
| #define HAVE_SYS_TIME_H 1
| #define HAVE_LOCALE_H 1
| #define HAVE_FEATURES_H 1
| /* end confdefs.h.  */
| #include <stddef.h>
| #ifdef HAVE_STDIO_H
| # include <stdio.h>
| #endif
| #ifdef HAVE_STDLIB_H
| # include <stdlib.h>
| #endif
| #ifdef HAVE_STRING_H
| # include <string.h>
| #endif
| #ifdef HAVE_INTTYPES_H
| # include <inttypes.h>
| #endif
| #ifdef HAVE_STDINT_H
| # include <stdint.h>
| #endif
| #ifdef HAVE_STRINGS_H
| # include <strings.h>
| #endif
| #ifdef HAVE_SYS_TYPES_H
| # include <sys/types.h>
| #endif
| #ifdef HAVE_SYS_STAT_H
| # include <sys/stat.h>
| #endif
| #ifdef HAVE_UNISTD_H
| # include <unistd.h>
| #endif
| #include <linewrap.h>
configure:7001: result: no
configure:7001: checking for uchar.h
configure:7001: gcc -c -g -O2  conftest.c >&5
configure:7001: $? = 0
configure:7001: result: yes
configure:7001: checking for sys/socket.h
configure:7001: gcc -c -g -O2  conftest.c >&5
configure:7001: $? = 0
configure:7001: result: yes
configure:7001: checking for dirent.h
configure:7001: gcc -c -g -O2  conftest.c >&5
configure:7001: $? = 0
configure:7001: result: yes
configure:7001: checking for error.h
configure:7001: gcc -c -g -O2  conftest.c >&5
conftest.c:60:10: fatal error: error.h: No such file or directory
   60 | #include <error.h>
      |          ^~~~~~~~~
compilation terminated.
configure:7001: $? = 1
configure: failed program was:
| /* confdefs.h */
| #define PACKAGE_NAME "GNU tar"
| #define PACKAGE_TARNAME "tar"
| #define PACKAGE_VERSION "1.35"
| #define PACKAGE_STRING "GNU tar 1.35"
| #define PACKAGE_BUGREPORT "bug-tar@gnu.org"
| #define PACKAGE_URL "https://www.gnu.org/software/tar/"
| #define PACKAGE "tar"
| #define VERSION "1.35"
| #define HAVE_STDIO_H 1
| #define HAVE_STDLIB_H 1
| #define HAVE_STRING_H 1
| #define HAVE_INTTYPES_H 1
| #define HAVE_STDINT_H 1
| #define HAVE_STRINGS_H 1
| #define HAVE_SYS_STAT_H 1
| #define HAVE_SYS_TYPES_H 1
| #define HAVE_UNISTD_H 1
| #define HAVE_WCHAR_H 1
| #define HAVE_FCNTL_H 1
| #define HAVE_LINUX_FD_H 1
| #define HAVE_MEMORY_H 1
| #define HAVE_SYS_PARAM_H 1
| #define HAVE_SYS_MTIO_H 1
| #define HAVE_SYS_TIME_H 1
| #define HAVE_LOCALE_H 1
| #define HAVE_FEATURES_H 1
| #define HAVE_UCHAR_H 1
| #define HAVE_SYS_SOCKET_H 1
| #define HAVE_DIRENT_H 1
| /* end confdefs.h.  */
| #include <stddef.h>
| #ifdef HAVE_STDIO_H
| # include <stdio.h>
| #endif
| #ifdef HAVE_STDLIB_H
| # include <stdlib.h>
| #endif
| #ifdef HAVE_STRING_H
| # include <string.h>
| #endif
| #ifdef HAVE_INTTYPES_H
| # include <inttypes.h>
| #endif
| #ifdef HAVE_STDINT_H
| # include <stdint.h>
| #endif
| #ifdef HAVE_STRINGS_H
| # include <strings.h>
| #endif
| #ifdef HAVE_SYS_TYPES_H
| # include <sys/types.h>
| #endif
| #ifdef HAVE_SYS_STAT_H
| # include <sys/stat.h>
| #endif
| #ifdef HAVE_UNISTD_H
| # include <unistd.h>
| #endif
| #include <error.h>
configure:7001: result: no
configure:7001: checking for linux/xattr.h
configure:7001: gcc -c -g -O2  conftest.c >&5
configure:7001: $? = 0
configure:7001: result: yes
configure:7001: checking for fnmatch.h
configure:7001: gcc -c -g -O2  conftest.c >&5
configure:7001: $? = 0
configure:7001: result: yes
configure:7001: checking for stdio_ext.h
configure:7001: gcc -c -g -O2  conftest.c >&5
configure:7001: $? = 0
configure:7001: result: yes
configure:7001: checking for getopt.h
configure:7001: gcc -c -g -O2  conftest.c >&5
configure:7001: $? = 0
configure:7001: result: yes
configure:7001: checking for sys/cdefs.h
configure:7001: gcc -c -g -O2  conftest.c >&5
conftest.c:64:10: fatal error: sys/cdefs.h: No such file or directory
   64 | #include <sys/cdefs.h>
      |          ^~~~~~~~~~~~~
compilation terminated.
configure:7001: $? = 1
configure: failed program was:
| /* confdefs.h */
| #define PACKAGE_NAME "GNU tar"
| #define PACKAGE_TARNAME "tar"
| #define PACKAGE_VERSION "1.35"
| #define PACKAGE_STRING "GNU tar 1.35"
| #define PACKAGE_BUGREPORT "bug-tar@gnu.org"
| #define PACKAGE_URL "https://www.gnu.org/software/tar/"
| #define PACKAGE "tar"
| #define VERSION "1.35"
| #define HAVE_STDIO_H 1
| #define HAVE_STDLIB_H 1
| #define HAVE_STRING_H 1
| #define HAVE_INTTYPES_H 1
| #define HAVE_STDINT_H 1
| #define HAVE_STRINGS_H 1
| #define HAVE_SYS_STAT_H 1
| #define HAVE_SYS_TYPES_H 1
| #define HAVE_UNISTD_H 1
| #define HAVE_WCHAR_H 1
| #define HAVE_FCNTL_H 1
| #define HAVE_LINUX_FD_H 1
| #define HAVE_MEMORY_H 1
| #define HAVE_SYS_PARAM_H 1
| #define HAVE_SYS_MTIO_H 1
| #define HAVE_SYS_TIME_H 1
| #define HAVE_LOCALE_H 1
| #define HAVE_FEATURES_H 1
| #define HAVE_UCHAR_H 1
| #define HAVE_SYS_SOCKET_H 1
| #define HAVE_DIRENT_H 1
| #define HAVE_LINUX_XATTR_H 1
| #define HAVE_FNMATCH_H 1
| #define HAVE_STDIO_EXT_H 1
| #define HAVE_GETOPT_H 1
| /* end confdefs.h.  */
| #include <stddef.h>
| #ifdef HAVE_STDIO_H
| # include <stdio.h>
| #endif
| #ifdef HAVE_STDLIB_H
| # include <stdlib.h>
| #endif
| #ifdef HAVE_STRING_H
| # include <string.h>
| #endif
| #ifdef HAVE_INTTYPES_H
| # include <inttypes.h>
| #endif
| #ifdef HAVE_STDINT_H
| # include <stdint.h>
| #endif
| #ifdef HAVE_STRINGS_H
| # include <strings.h>
| #endif
| #ifdef HAVE_SYS_TYPES_H
| # include <sys/types.h>
| #endif
| #ifdef HAVE_SYS_STAT_H
| # include <sys/stat.h>
| #endif
| #ifdef HAVE_UNISTD_H
| # include <unistd.h>
| #endif
| #include <sys/cdefs.h>
configure:7001: result: no
configure:7001: checking for threads.h
configure:7001: gcc -c -g -O2  conftest.c >&5
configure:7001: $? = 0
configure:7001: result: yes
configure:7001: checking for limits.h
configure:7001: gcc -c -g -O2  conftest.c >&5
configure:7001: $? = 0
configure:7001: result: yes
configure:7001: checking for crtdefs.h
configure:7001: gcc -c -g -O2  conftest.c >&5
conftest.c:66:10: fatal error: crtdefs.h: No such file or directory
   66 | #include <crtdefs.h>
      |          ^~~~~~~~~~~
compilation terminated.
configure:7001: $? = 1
configure: failed program was:
| /* confdefs.h */
| #define PACKAGE_NAME "GNU tar"
| #define PACKAGE_TARNAME "tar"
| #define PACKAGE_VERSION "1.35"
| #define PACKAGE_STRING "GNU tar 1.35"
| #define PACKAGE_BUGREPORT "bug-tar@gnu.org"
| #define PACKAGE_URL "https://www.gnu.org/software/tar/"
| #define PACKAGE "tar"
| #define VERSION "1.35"
| #define HAVE_STDIO_H 1
| #define HAVE_STDLIB_H 1
| #define HAVE_STRING_H 1
| #define HAVE_INTTYPES_H 1
| #define HAVE_STDINT_H 1
| #define HAVE_STRINGS_H 1
| #define HAVE_SYS_STAT_H 1
| #define HAVE_SYS_TYPES_H 1
| #define HAVE_UNISTD_H 1
| #define HAVE_WCHAR_H 1
| #define HAVE_FCNTL_H 1
| #define HAVE_LINUX_FD_H 1
| #define HAVE_MEMORY_H 1
| #define HAVE_SYS_PARAM_H 1
| #define HAVE_SYS_MTIO_H 1
| #define HAVE_SYS_TIME_H 1
| #define HAVE_LOCALE_H 1
| #define HAVE_FEATURES_H 1
| #define HAVE_UCHAR_H 1
| #define HAVE_SYS_SOCKET_H 1
| #define HAVE_DIRENT_H 1
| #define HAVE_LINUX_XATTR_H 1
| #define HAVE_FNMATCH_H 1
| #define HAVE_STDIO_EXT_H 1
| #define HAVE_GETOPT_H 1
| #define HAVE_THREADS_H 1
| #define HAVE_LIMITS_H 1
| /* end confdefs.h.  */
| #include <stddef.h>
| #ifdef HAVE_STDIO_H
| # include <stdio.h>
| #endif
| #ifdef HAVE_STDLIB_H
| # include <stdlib.h>
| #endif
| #ifdef HAVE_STRING_H
| # include <string.h>
| #endif
| #ifdef HAVE_INTTYPES_H
| # include <inttypes.h>
| #endif
| #ifdef HAVE_STDINT_H
| # include <stdint.h>
| #endif
| #ifdef HAVE_STRINGS_H
| # include <strings.h>
| #endif
| #ifdef HAVE_SYS_TYPES_H
| # include <sys/types.h>
| #endif
| #ifdef HAVE_SYS_STAT_H
| # include <sys/stat.h>
| #endif
| #ifdef HAVE_UNISTD_H
| # include <unistd.h>
| #endif
| #include <crtdefs.h>
configure:7001: result: no
configure:7001: checking for wctype.h
configure:7001: gcc -c -g -O2  conftest.c >&5
configure:7001: $? = 0
configure:7001: result: yes
configure:7001: checking for langinfo.h
configure:7001: gcc -c -g -O2  conftest.c >&5
configure:7001: $? = 0
configure:7001: result: yes
configure:7001: checking for xlocale.h
configure:7001: gcc -c -g -O2  conftest.c >&5
conftest.c:68:10: fatal error: xlocale.h: No such file or directory
   68 | #include <xlocale.h>
      |          ^~~~~~~~~~~
compilation terminated.
configure:7001: $? = 1
configure: failed program was:
| /* confdefs.h */
| #define PACKAGE_NAME "GNU tar"
| #define PACKAGE_TARNAME "tar"
| #define PACKAGE_VERSION "1.35"
| #define PACKAGE_STRING "GNU tar 1.35"
| #define PACKAGE_BUGREPORT "bug-tar@gnu.org"
| #define PACKAGE_URL "https://www.gnu.org/software/tar/"
| #define PACKAGE "tar"
| #define VERSION "1.35"
| #define HAVE_STDIO_H 1
| #define HAVE_STDLIB_H 1
| #define HAVE_STRING_H 1
| #define HAVE_INTTYPES_H 1
| #define HAVE_STDINT_H 1
| #define HAVE_STRINGS_H 1
| #define HAVE_SYS_STAT_H 1
| #define HAVE_SYS_TYPES_H 1
| #define HAVE_UNISTD_H 1
| #define HAVE_WCHAR_H 1
| #define HAVE_FCNTL_H 1
| #define HAVE_LINUX_FD_H 1
| #define HAVE_MEMORY_H 1
| #define HAVE_SYS_PARAM_H 1
| #define HAVE_SYS_MTIO_H 1
| #define HAVE_SYS_TIME_H 1
| #define HAVE_LOCALE_H 1
| #define HAVE_FEATURES_H 1
| #define HAVE_UCHAR_H 1
| #define HAVE_SYS_SOCKET_H 1
| #define HAVE_DIRENT_H 1
| #define HAVE_LINUX_XATTR_H 1
| #define HAVE_FNMATCH_H 1
| #define HAVE_STDIO_EXT_H 1
| #define HAVE_GETOPT_H 1
| #define HAVE_THREADS_H 1
| #define HAVE_LIMITS_H 1
| #define HAVE_WCTYPE_H 1
| #define HAVE_LANGINFO_H 1
| /* end confdefs.h.  */
| #include <stddef.h>
| #ifdef HAVE_STDIO_H
| # include <stdio.h>
| #endif
| #ifdef HAVE_STDLIB_H
| # include <stdlib.h>
| #endif
| #ifdef HAVE_STRING_H
| # include <string.h>
| #endif
| #ifdef HAVE_INTTYPES_H
| # include <inttypes.h>
| #endif
| #ifdef HAVE_STDINT_H
| # include <stdint.h>
| #endif
| #ifdef HAVE_STRINGS_H
| # include <strings.h>
| #endif
| #ifdef HAVE_SYS_TYPES_H
| # include <sys/types.h>
| #endif
| #ifdef HAVE_SYS_STAT_H
| # include <sys/stat.h>
| #endif
| #ifdef HAVE_UNISTD_H
| # include <unistd.h>
| #endif
| #include <xlocale.h>
configure:7001: result: no
configure:7001: checking for sys/mman.h
configure:7001: gcc -c -g -O2  conftest.c >&5
configure:7001: $? = 0
configure:7001: result: yes
configure:7001: checking for priv.h
configure:7001: gcc -c -g -O2  conftest.c >&5
conftest.c:69:10: fatal error: priv.h: No such file or directory
   69 | #include <priv.h>
      |          ^~~~~~~~
compilation terminated.
configure:7001: $? = 1
configure: failed program was:
| /* confdefs.h */
| #define PACKAGE_NAME "GNU tar"
| #define PACKAGE_TARNAME "tar"
| #define PACKAGE_VERSION "1.35"
| #define PACKAGE_STRING "GNU tar 1.35"
| #define PACKAGE_BUGREPORT "bug-tar@gnu.org"
| #define PACKAGE_URL "https://www.gnu.org/software/tar/"
| #define PACKAGE "tar"
| #define VERSION "1.35"
| #define HAVE_STDIO_H 1
| #define HAVE_STDLIB_H 1
| #define HAVE_STRING_H 1
| #define HAVE_INTTYPES_H 1
| #define HAVE_STDINT_H 1
| #define HAVE_STRINGS_H 1
| #define HAVE_SYS_STAT_H 1
| #define HAVE_SYS_TYPES_H 1
| #define HAVE_UNISTD_H 1
| #define HAVE_WCHAR_H 1
| #define HAVE_FCNTL_H 1
| #define HAVE_LINUX_FD_H 1
| #define HAVE_MEMORY_H 1
| #define HAVE_SYS_PARAM_H 1
| #define HAVE_SYS_MTIO_H 1
| #define HAVE_SYS_TIME_H 1
| #define HAVE_LOCALE_H 1
| #define HAVE_FEATURES_H 1
| #define HAVE_UCHAR_H 1
| #define HAVE_SYS_SOCKET_H 1
| #define HAVE_DIRENT_H 1
| #define HAVE_LINUX_XATTR_H 1
| #define HAVE_FNMATCH_H 1
| #define HAVE_STDIO_EXT_H 1
| #define HAVE_GETOPT_H 1
| #define HAVE_THREADS_H 1
| #define HAVE_LIMITS_H 1
| #define HAVE_WCTYPE_H 1
| #define HAVE_LANGINFO_H 1
| #define HAVE_SYS_MMAN_H 1
| /* end confdefs.h.  */
| #include <stddef.h>
| #ifdef HAVE_STDIO_H
| # include <stdio.h>
| #endif
| #ifdef HAVE_STDLIB_H
| # include <stdlib.h>
| #endif
| #ifdef HAVE_STRING_H
| # include <string.h>
| #endif
| #ifdef HAVE_INTTYPES_H
| # include <inttypes.h>
| #endif
| #ifdef HAVE_STDINT_H
| # include <stdint.h>
| #endif
| #ifdef HAVE_STRINGS_H
| # include <strings.h>
| #endif
| #ifdef HAVE_SYS_TYPES_H
| # include <sys/types.h>
| #endif
| #ifdef HAVE_SYS_STAT_H
| # include <sys/stat.h>
| #endif
| #ifdef HAVE_UNISTD_H
| # include <unistd.h>
| #endif
| #include <priv.h>
configure:7001: result: no
configure:7001: checking for malloc.h
configure:7001: gcc -c -g -O2  conftest.c >&5
configure:7001: $? = 0
configure:7001: result: yes
configure:7001: checking for selinux/selinux.h
configure:7001: gcc -c -g -O2  conftest.c >&5
conftest.c:70:10: fatal error: selinux/selinux.h: No such file or directory
   70 | #include <selinux/selinux.h>
      |          ^~~~~~~~~~~~~~~~~~~
compilation terminated.
configure:7001: $? = 1
configure: failed program was:
| /* confdefs.h */
| #define PACKAGE_NAME "GNU tar"
| #define PACKAGE_TARNAME "tar"
| #define PACKAGE_VERSION "1.35"
| #define PACKAGE_STRING "GNU tar 1.35"
| #define PACKAGE_BUGREPORT "bug-tar@gnu.org"
| #define PACKAGE_URL "https://www.gnu.org/software/tar/"
| #define PACKAGE "tar"
| #define VERSION "1.35"
| #define HAVE_STDIO_H 1
| #define HAVE_STDLIB_H 1
| #define HAVE_STRING_H 1
| #define HAVE_INTTYPES_H 1
| #define HAVE_STDINT_H 1
| #define HAVE_STRINGS_H 1
| #define HAVE_SYS_STAT_H 1
| #define HAVE_SYS_TYPES_H 1
| #define HAVE_UNISTD_H 1
| #define HAVE_WCHAR_H 1
| #define HAVE_FCNTL_H 1
| #define HAVE_LINUX_FD_H 1
| #define HAVE_MEMORY_H 1
| #define HAVE_SYS_PARAM_H 1
| #define HAVE_SYS_MTIO_H 1
| #define HAVE_SYS_TIME_H 1
| #define HAVE_LOCALE_H 1
| #define HAVE_FEATURES_H 1
| #define HAVE_UCHAR_H 1
| #define HAVE_SYS_SOCKET_H 1
| #define HAVE_DIRENT_H 1
| #define HAVE_LINUX_XATTR_H 1
| #define HAVE_FNMATCH_H 1
| #define HAVE_STDIO_EXT_H 1
| #define HAVE_GETOPT_H 1
| #define HAVE_THREADS_H 1
| #define HAVE_LIMITS_H 1
| #define HAVE_WCTYPE_H 1
| #define HAVE_LANGINFO_H 1
| #define HAVE_SYS_MMAN_H 1
| #define HAVE_MALLOC_H 1
| /* end confdefs.h.  */
| #include <stddef.h>
| #ifdef HAVE_STDIO_H
| # include <stdio.h>
| #endif
| #ifdef HAVE_STDLIB_H
| # include <stdlib.h>
| #endif
| #ifdef HAVE_STRING_H
| # include <string.h>
| #endif
| #ifdef HAVE_INTTYPES_H
| # include <inttypes.h>
| #endif
| #ifdef HAVE_STDINT_H
| # include <stdint.h>
| #endif
| #ifdef HAVE_STRINGS_H
| # include <strings.h>
| #endif
| #ifdef HAVE_SYS_TYPES_H
| # include <sys/types.h>
| #endif
| #ifdef HAVE_SYS_STAT_H
| # include <sys/stat.h>
| #endif
| #ifdef HAVE_UNISTD_H
| # include <unistd.h>
| #endif
| #include <selinux/selinux.h>
configure:7001: result: no
configure:7001: checking for stdbool.h
configure:7001: gcc -c -g -O2  conftest.c >&5
configure:7001: $? = 0
configure:7001: result: yes
configure:7001: checking for stdckdint.h
configure:7001: gcc -c -g -O2  conftest.c >&5
configure:7001: $? = 0
configure:7001: result: yes
configure:7001: checking for sys/random.h
configure:7001: gcc -c -g -O2  conftest.c >&5
configure:7001: $? = 0
configure:7001: result: yes
configure:7001: checking for sysexits.h
configure:7001: gcc -c -g -O2  conftest.c >&5
configure:7001: $? = 0
configure:7001: result: yes
configure:7001: checking for utime.h
configure:7001: gcc -c -g -O2  conftest.c >&5
configure:7001: $? = 0
configure:7001: result: yes
configure:7001: checking for netdb.h
configure:7001: gcc -c -g -O2  conftest.c >&5
configure:7001: $? = 0
configure:7001: result: yes
configure:7001: checking for sys/wait.h
configure:7001: gcc -c -g -O2  conftest.c >&5
configure:7001: $? = 0
configure:7001: result: yes
configure:7001: checking for pwd.h
configure:7001: gcc -c -g -O2  conftest.c >&5
configure:7001: $? = 0
configure:7001: result: yes
configure:7001: checking for grp.h
configure:7001: gcc -c -g -O2  conftest.c >&5
configure:7001: $? = 0
configure:7001: result: yes
configure:7032: checking whether it is safe to define __EXTENSIONS__
configure:7051: gcc -c -g -O2  conftest.c >&5
configure:7051: $? = 0
configure:7059: result: yes
configure:7062: checking whether _XOPEN_SOURCE should be defined
configure:7084: gcc -c -g -O2  conftest.c >&5
configure:7084: $? = 0
configure:7111: result: no
configure:7175: checking build system type
configure:7190: result: x86_64-pc-linux-musl
configure:7210: checking host system type
configure:7224: result: x86_64-pc-linux-musl
configure:7261: checking how to run the C preprocessor
configure:7287: gcc -E  conftest.c
configure:7287: $? = 0
configure:7302: gcc -E  conftest.c
conftest.c:69:10: fatal error: ac_nonexistent.h: No such file or directory
   69 | #include <ac_nonexistent.h>
      |          ^~~~~~~~~~~~~~~~~~
compilation terminated.
configure:7302: $? = 1
configure: failed program was:
| /* confdefs.h */
| #define PACKAGE_NAME "GNU tar"
| #define PACKAGE_TARNAME "tar"
| #define PACKAGE_VERSION "1.35"
| #define PACKAGE_STRING "GNU tar 1.35"
| #define PACKAGE_BUGREPORT "bug-tar@gnu.org"
| #define PACKAGE_URL "https://www.gnu.org/software/tar/"
| #define PACKAGE "tar"
| #define VERSION "1.35"
| #define HAVE_STDIO_H 1
| #define HAVE_STDLIB_H 1
| #define HAVE_STRING_H 1
| #define HAVE_INTTYPES_H 1
| #define HAVE_STDINT_H 1
| #define HAVE_STRINGS_H 1
| #define HAVE_SYS_STAT_H 1
| #define HAVE_SYS_TYPES_H 1
| #define HAVE_UNISTD_H 1
| #define HAVE_WCHAR_H 1
| #define HAVE_FCNTL_H 1
| #define HAVE_LINUX_FD_H 1
| #define HAVE_MEMORY_H 1
| #define HAVE_SYS_PARAM_H 1
| #define HAVE_SYS_MTIO_H 1
| #define HAVE_SYS_TIME_H 1
| #define HAVE_LOCALE_H 1
| #define HAVE_FEATURES_H 1
| #define HAVE_UCHAR_H 1
| #define HAVE_SYS_SOCKET_H 1
| #define HAVE_DIRENT_H 1
| #define HAVE_LINUX_XATTR_H 1
| #define HAVE_FNMATCH_H 1
| #define HAVE_STDIO_EXT_H 1
| #define HAVE_GETOPT_H 1
| #define HAVE_THREADS_H 1
| #define HAVE_LIMITS_H 1
| #define HAVE_WCTYPE_H 1
| #define HAVE_LANGINFO_H 1
| #define HAVE_SYS_MMAN_H 1
| #define HAVE_MALLOC_H 1
| #define HAVE_STDBOOL_H 1
| #define HAVE_STDCKDINT_H 1
| #define HAVE_SYS_RANDOM_H 1
| #define HAVE_SYSEXITS_H 1
| #define HAVE_UTIME_H 1
| #define HAVE_NETDB_H 1
| #define HAVE_SYS_WAIT_H 1
| #define HAVE_PWD_H 1
| #define HAVE_GRP_H 1
| #define STDC_HEADERS 1
| #define _ALL_SOURCE 1
| #define _DARWIN_C_SOURCE 1
| #define _GNU_SOURCE 1
| #define _HPUX_ALT_XOPEN_SOCKET_API 1
| #define _NETBSD_SOURCE 1
| #define _OPENBSD_SOURCE 1
| #define _POSIX_PTHREAD_SEMANTICS 1
| #define __STDC_WANT_IEC_60559_ATTRIBS_EXT__ 1
| #define __STDC_WANT_IEC_60559_BFP_EXT__ 1
| #define __STDC_WANT_IEC_60559_DFP_EXT__ 1
| #define __STDC_WANT_IEC_60559_EXT__ 1
| #define __STDC_WANT_IEC_60559_FUNCS_EXT__ 1
| #define __STDC_WANT_IEC_60559_TYPES_EXT__ 1
| #define __STDC_WANT_LIB_EXT2__ 1
| #define __STDC_WANT_MATH_SPEC_FUNCS__ 1
| #define _TANDEM_SOURCE 1
| #define __EXTENSIONS__ 1
| /* end confdefs.h.  */
| #include <ac_nonexistent.h>
configure:7329: result: gcc -E
configure:7343: gcc -E  conftest.c
configure:7343: $? = 0
configure:7358: gcc -E  conftest.c
conftest.c:69:10: fatal error: ac_nonexistent.h: No such file or directory
   69 | #include <ac_nonexistent.h>
      |          ^~~~~~~~~~~~~~~~~~
compilation terminated.
configure:7358: $? = 1
configure: failed program was:
| /* confdefs.h */
| #define PACKAGE_NAME "GNU tar"
| #define PACKAGE_TARNAME "tar"
| #define PACKAGE_VERSION "1.35"
| #define PACKAGE_STRING "GNU tar 1.35"
| #define PACKAGE_BUGREPORT "bug-tar@gnu.org"
| #define PACKAGE_URL "https://www.gnu.org/software/tar/"
| #define PACKAGE "tar"
| #define VERSION "1.35"
| #define HAVE_STDIO_H 1
| #define HAVE_STDLIB_H 1
| #define HAVE_STRING_H 1
| #define HAVE_INTTYPES_H 1
| #define HAVE_STDINT_H 1
| #define HAVE_STRINGS_H 1
| #define HAVE_SYS_STAT_H 1
| #define HAVE_SYS_TYPES_H 1
| #define HAVE_UNISTD_H 1
| #define HAVE_WCHAR_H 1
| #define HAVE_FCNTL_H 1
| #define HAVE_LINUX_FD_H 1
| #define HAVE_MEMORY_H 1
| #define HAVE_SYS_PARAM_H 1
| #define HAVE_SYS_MTIO_H 1
| #define HAVE_SYS_TIME_H 1
| #define HAVE_LOCALE_H 1
| #define HAVE_FEATURES_H 1
| #define HAVE_UCHAR_H 1
| #define HAVE_SYS_SOCKET_H 1
| #define HAVE_DIRENT_H 1
| #define HAVE_LINUX_XATTR_H 1
| #define HAVE_FNMATCH_H 1
| #define HAVE_STDIO_EXT_H 1
| #define HAVE_GETOPT_H 1
| #define HAVE_THREADS_H 1
| #define HAVE_LIMITS_H 1
| #define HAVE_WCTYPE_H 1
| #define HAVE_LANGINFO_H 1
| #define HAVE_SYS_MMAN_H 1
| #define HAVE_MALLOC_H 1
| #define HAVE_STDBOOL_H 1
| #define HAVE_STDCKDINT_H 1
| #define HAVE_SYS_RANDOM_H 1
| #define HAVE_SYSEXITS_H 1
| #define HAVE_UTIME_H 1
| #define HAVE_NETDB_H 1
| #define HAVE_SYS_WAIT_H 1
| #define HAVE_PWD_H 1
| #define HAVE_GRP_H 1
| #define STDC_HEADERS 1
| #define _ALL_SOURCE 1
| #define _DARWIN_C_SOURCE 1
| #define _GNU_SOURCE 1
| #define _HPUX_ALT_XOPEN_SOCKET_API 1
| #define _NETBSD_SOURCE 1
| #define _OPENBSD_SOURCE 1
| #define _POSIX_PTHREAD_SEMANTICS 1
| #define __STDC_WANT_IEC_60559_ATTRIBS_EXT__ 1
| #define __STDC_WANT_IEC_60559_BFP_EXT__ 1
| #define __STDC_WANT_IEC_60559_DFP_EXT__ 1
| #define __STDC_WANT_IEC_60559_EXT__ 1
| #define __STDC_WANT_IEC_60559_FUNCS_EXT__ 1
| #define __STDC_WANT_IEC_60559_TYPES_EXT__ 1
| #define __STDC_WANT_LIB_EXT2__ 1
| #define __STDC_WANT_MATH_SPEC_FUNCS__ 1
| #define _TANDEM_SOURCE 1
| #define __EXTENSIONS__ 1
| /* end confdefs.h.  */
| #include <ac_nonexistent.h>
configure:7389: checking for grep that handles long lines and -e
configure:7453: result: /bin/grep
configure:7458: checking for egrep
configure:7526: result: /bin/grep -E
configure:7534: checking for Minix Amsterdam compiler
configure:7560: result: no
configure:7622: checking for ar
configure:7643: found /usr/bin/ar
configure:7654: result: ar
configure:7794: checking for _LARGEFILE_SOURCE value needed for large files
configure:7814: gcc -o conftest -g -O2   conftest.c  >&5
configure:7814: $? = 0
configure:7844: result: no
configure:7879: checking for gcc option to enable large file support
configure:7914: gcc -c -g -O2  conftest.c >&5
configure:7914: $? = 0
configure:7920: gcc -DFTYPE=ino_t -c -g -O2  conftest.c >&5
configure:7920: $? = 0
configure:7955: result: none needed
configure:7982: checking for gcc option for timestamps after 2038
configure:8014: gcc -c -g -O2  conftest.c >&5
configure:8014: $? = 0
configure:8025: result: none needed
configure:8569: checking for gcc option to enable large file support
configure:8645: result: none needed
configure:8672: checking for gcc option for timestamps after 2038
configure:8715: result: none needed
configure:8764: checking for sys/buf.h
configure:8764: gcc -c -g -O2  conftest.c >&5
conftest.c:75:10: fatal error: sys/buf.h: No such file or directory
   75 | #include <sys/buf.h>
      |          ^~~~~~~~~~~
compilation terminated.
configure:8764: $? = 1
configure: failed program was:
| /* confdefs.h */
| #define PACKAGE_NAME "GNU tar"
| #define PACKAGE_TARNAME "tar"
| #define PACKAGE_VERSION "1.35"
| #define PACKAGE_STRING "GNU tar 1.35"
| #define PACKAGE_BUGREPORT "bug-tar@gnu.org"
| #define PACKAGE_URL "https://www.gnu.org/software/tar/"
| #define PACKAGE "tar"
| #define VERSION "1.35"
| #define HAVE_STDIO_H 1
| #define HAVE_STDLIB_H 1
| #define HAVE_STRING_H 1
| #define HAVE_INTTYPES_H 1
| #define HAVE_STDINT_H 1
| #define HAVE_STRINGS_H 1
| #define HAVE_SYS_STAT_H 1
| #define HAVE_SYS_TYPES_H 1
| #define HAVE_UNISTD_H 1
| #define HAVE_WCHAR_H 1
| #define HAVE_FCNTL_H 1
| #define HAVE_LINUX_FD_H 1
| #define HAVE_MEMORY_H 1
| #define HAVE_SYS_PARAM_H 1
| #define HAVE_SYS_MTIO_H 1
| #define HAVE_SYS_TIME_H 1
| #define HAVE_LOCALE_H 1
| #define HAVE_FEATURES_H 1
| #define HAVE_UCHAR_H 1
| #define HAVE_SYS_SOCKET_H 1
| #define HAVE_DIRENT_H 1
| #define HAVE_LINUX_XATTR_H 1
| #define HAVE_FNMATCH_H 1
| #define HAVE_STDIO_EXT_H 1
| #define HAVE_GETOPT_H 1
| #define HAVE_THREADS_H 1
| #define HAVE_LIMITS_H 1
| #define HAVE_WCTYPE_H 1
| #define HAVE_LANGINFO_H 1
| #define HAVE_SYS_MMAN_H 1
| #define HAVE_MALLOC_H 1
| #define HAVE_STDBOOL_H 1
| #define HAVE_STDCKDINT_H 1
| #define HAVE_SYS_RANDOM_H 1
| #define HAVE_SYSEXITS_H 1
| #define HAVE_UTIME_H 1
| #define HAVE_NETDB_H 1
| #define HAVE_SYS_WAIT_H 1
| #define HAVE_PWD_H 1
| #define HAVE_GRP_H 1
| #define STDC_HEADERS 1
| #define _ALL_SOURCE 1
| #define _DARWIN_C_SOURCE 1
| #define _GNU_SOURCE 1
| #define _HPUX_ALT_XOPEN_SOCKET_API 1
| #define _NETBSD_SOURCE 1
| #define _OPENBSD_SOURCE 1
| #define _POSIX_PTHREAD_SEMANTICS 1
| #define __STDC_WANT_IEC_60559_ATTRIBS_EXT__ 1
| #define __STDC_WANT_IEC_60559_BFP_EXT__ 1
| #define __STDC_WANT_IEC_60559_DFP_EXT__ 1
| #define __STDC_WANT_IEC_60559_EXT__ 1
| #define __STDC_WANT_IEC_60559_FUNCS_EXT__ 1
| #define __STDC_WANT_IEC_60559_TYPES_EXT__ 1
| #define __STDC_WANT_LIB_EXT2__ 1
| #define __STDC_WANT_MATH_SPEC_FUNCS__ 1
| #define _TANDEM_SOURCE 1
| #define __EXTENSIONS__ 1
| #define HAVE_FSEEKO 1
| #define __USE_MINGW_ANSI_STDIO 1
| /* end confdefs.h.  */
| #if HAVE_SYS_PARAM_H
| #include <sys/param.h>
| #endif
| 
| #include <sys/buf.h>
configure:8764: result: no
configure:8776: checking for sys/mkdev.h
configure:8776: gcc -c -g -O2  conftest.c >&5
conftest.c:99:10: fatal error: sys/mkdev.h: No such file or directory
   99 | #include <sys/mkdev.h>
      |          ^~~~~~~~~~~~~
compilation terminated.
configure:8776: $? = 1
configure: failed program was:
| /* confdefs.h */
| #define PACKAGE_NAME "GNU tar"
| #define PACKAGE_TARNAME "tar"
| #define PACKAGE_VERSION "1.35"
| #define PACKAGE_STRING "GNU tar 1.35"
| #define PACKAGE_BUGREPORT "bug-tar@gnu.org"
| #define PACKAGE_URL "https://www.gnu.org/software/tar/"
| #define PACKAGE "tar"
| #define VERSION "1.35"
| #define HAVE_STDIO_H 1
| #define HAVE_STDLIB_H 1
| #define HAVE_STRING_H 1
| #define HAVE_INTTYPES_H 1
| #define HAVE_STDINT_H 1
| #define HAVE_STRINGS_H 1
| #define HAVE_SYS_STAT_H 1
| #define HAVE_SYS_TYPES_H 1
| #define HAVE_UNISTD_H 1
| #define HAVE_WCHAR_H 1
| #define HAVE_FCNTL_H 1
| #define HAVE_LINUX_FD_H 1
| #define HAVE_MEMORY_H 1
| #define HAVE_SYS_PARAM_H 1
| #define HAVE_SYS_MTIO_H 1
| #define HAVE_SYS_TIME_H 1
| #define HAVE_LOCALE_H 1
| #define HAVE_FEATURES_H 1
| #define HAVE_UCHAR_H 1
| #define HAVE_SYS_SOCKET_H 1
| #define HAVE_DIRENT_H 1
| #define HAVE_LINUX_XATTR_H 1
| #define HAVE_FNMATCH_H 1
| #define HAVE_STDIO_EXT_H 1
| #define HAVE_GETOPT_H 1
| #define HAVE_THREADS_H 1
| #define HAVE_LIMITS_H 1
| #define HAVE_WCTYPE_H 1
| #define HAVE_LANGINFO_H 1
| #define HAVE_SYS_MMAN_H 1
| #define HAVE_MALLOC_H 1
| #define HAVE_STDBOOL_H 1
| #define HAVE_STDCKDINT_H 1
| #define HAVE_SYS_RANDOM_H 1
| #define HAVE_SYSEXITS_H 1
| #define HAVE_UTIME_H 1
| #define HAVE_NETDB_H 1
| #define HAVE_SYS_WAIT_H 1
| #define HAVE_PWD_H 1
| #define HAVE_GRP_H 1
| #define STDC_HEADERS 1
| #define _ALL_SOURCE 1
| #define _DARWIN_C_SOURCE 1
| #define _GNU_SOURCE 1
| #define _HPUX_ALT_XOPEN_SOCKET_API 1
| #define _NETBSD_SOURCE 1
| #define _OPENBSD_SOURCE 1
| #define _POSIX_PTHREAD_SEMANTICS 1
| #define __STDC_WANT_IEC_60559_ATTRIBS_EXT__ 1
| #define __STDC_WANT_IEC_60559_BFP_EXT__ 1
| #define __STDC_WANT_IEC_60559_DFP_EXT__ 1
| #define __STDC_WANT_IEC_60559_EXT__ 1
| #define __STDC_WANT_IEC_60559_FUNCS_EXT__ 1
| #define __STDC_WANT_IEC_60559_TYPES_EXT__ 1
| #define __STDC_WANT_LIB_EXT2__ 1
| #define __STDC_WANT_MATH_SPEC_FUNCS__ 1
| #define _TANDEM_SOURCE 1
| #define __EXTENSIONS__ 1
| #define HAVE_FSEEKO 1
| #define __USE_MINGW_ANSI_STDIO 1
| /* end confdefs.h.  */
| #include <stddef.h>
| #ifdef HAVE_STDIO_H
| # include <stdio.h>
| #endif
| #ifdef HAVE_STDLIB_H
| # include <stdlib.h>
| #endif
| #ifdef HAVE_STRING_H
| # include <string.h>
| #endif
| #ifdef HAVE_INTTYPES_H
| # include <inttypes.h>
| #endif
| #ifdef HAVE_STDINT_H
| # include <stdint.h>
| #endif
| #ifdef HAVE_STRINGS_H
| # include <strings.h>
| #endif
| #ifdef HAVE_SYS_TYPES_H
| # include <sys/types.h>
| #endif
| #ifdef HAVE_SYS_STAT_H
| # include <sys/stat.h>
| #endif
| #ifdef HAVE_UNISTD_H
| # include <unistd.h>
| #endif
| #include <sys/mkdev.h>
configure:8776: result: no
configure:8785: checking for sys/sysmacros.h
configure:8785: gcc -c -g -O2  conftest.c >&5
configure:8785: $? = 0
configure:8785: result: yes
configure:8796: checking for st_fstype string in struct stat
configure:8815: gcc -c -g -O2  conftest.c >&5
conftest.c: In function 'main':
conftest.c:78:17: error: 'struct stat' has no member named 'st_fstype'
   78 | struct stat s; s.st_fstype[0] = 'x';
      |                 ^
configure:8815: $? = 1
configure: failed program was:
| /* confdefs.h */
| #define PACKAGE_NAME "GNU tar"
| #define PACKAGE_TARNAME "tar"
| #define PACKAGE_VERSION "1.35"
| #define PACKAGE_STRING "GNU tar 1.35"
| #define PACKAGE_BUGREPORT "bug-tar@gnu.org"
| #define PACKAGE_URL "https://www.gnu.org/software/tar/"
| #define PACKAGE "tar"
| #define VERSION "1.35"
| #define HAVE_STDIO_H 1
| #define HAVE_STDLIB_H 1
| #define HAVE_STRING_H 1
| #define HAVE_INTTYPES_H 1
| #define HAVE_STDINT_H 1
| #define HAVE_STRINGS_H 1
| #define HAVE_SYS_STAT_H 1
| #define HAVE_SYS_TYPES_H 1
| #define HAVE_UNISTD_H 1
| #define HAVE_WCHAR_H 1
| #define HAVE_FCNTL_H 1
| #define HAVE_LINUX_FD_H 1
| #define HAVE_MEMORY_H 1
| #define HAVE_SYS_PARAM_H 1
| #define HAVE_SYS_MTIO_H 1
| #define HAVE_SYS_TIME_H 1
| #define HAVE_LOCALE_H 1
| #define HAVE_FEATURES_H 1
| #define HAVE_UCHAR_H 1
| #define HAVE_SYS_SOCKET_H 1
| #define HAVE_DIRENT_H 1
| #define HAVE_LINUX_XATTR_H 1
| #define HAVE_FNMATCH_H 1
| #define HAVE_STDIO_EXT_H 1
| #define HAVE_GETOPT_H 1
| #define HAVE_THREADS_H 1
| #define HAVE_LIMITS_H 1
| #define HAVE_WCTYPE_H 1
| #define HAVE_LANGINFO_H 1
| #define HAVE_SYS_MMAN_H 1
| #define HAVE_MALLOC_H 1
| #define HAVE_STDBOOL_H 1
| #define HAVE_STDCKDINT_H 1
| #define HAVE_SYS_RANDOM_H 1
| #define HAVE_SYSEXITS_H 1
| #define HAVE_UTIME_H 1
| #define HAVE_NETDB_H 1
| #define HAVE_SYS_WAIT_H 1
| #define HAVE_PWD_H 1
| #define HAVE_GRP_H 1
| #define STDC_HEADERS 1
| #define _ALL_SOURCE 1
| #define _DARWIN_C_SOURCE 1
| #define _GNU_SOURCE 1
| #define _HPUX_ALT_XOPEN_SOCKET_API 1
| #define _NETBSD_SOURCE 1
| #define _OPENBSD_SOURCE 1
| #define _POSIX_PTHREAD_SEMANTICS 1
| #define __STDC_WANT_IEC_60559_ATTRIBS_EXT__ 1
| #define __STDC_WANT_IEC_60559_BFP_EXT__ 1
| #define __STDC_WANT_IEC_60559_DFP_EXT__ 1
| #define __STDC_WANT_IEC_60559_EXT__ 1
| #define __STDC_WANT_IEC_60559_FUNCS_EXT__ 1
| #define __STDC_WANT_IEC_60559_TYPES_EXT__ 1
| #define __STDC_WANT_LIB_EXT2__ 1
| #define __STDC_WANT_MATH_SPEC_FUNCS__ 1
| #define _TANDEM_SOURCE 1
| #define __EXTENSIONS__ 1
| #define HAVE_FSEEKO 1
| #define __USE_MINGW_ANSI_STDIO 1
| #define MAJOR_IN_SYSMACROS 1
| /* end confdefs.h.  */
| #include <sys/types.h>
|           #include <sys/stat.h>
| 
| int
| main (void)
| {
| struct stat s; s.st_fstype[0] = 'x';
|   ;
|   return 0;
| }
configure:8824: result: no
configure:8847: checking for sys/acl.h
configure:8847: gcc -c -g -O2  conftest.c >&5
conftest.c:100:10: fatal error: sys/acl.h: No such file or directory
  100 | #include <sys/acl.h>
      |          ^~~~~~~~~~~
compilation terminated.
configure:8847: $? = 1
configure: failed program was:
| /* confdefs.h */
| #define PACKAGE_NAME "GNU tar"
| #define PACKAGE_TARNAME "tar"
| #define PACKAGE_VERSION "1.35"
| #define PACKAGE_STRING "GNU tar 1.35"
| #define PACKAGE_BUGREPORT "bug-tar@gnu.org"
| #define PACKAGE_URL "https://www.gnu.org/software/tar/"
| #define PACKAGE "tar"
| #define VERSION "1.35"
| #define HAVE_STDIO_H 1
| #define HAVE_STDLIB_H 1
| #define HAVE_STRING_H 1
| #define HAVE_INTTYPES_H 1
| #define HAVE_STDINT_H 1
| #define HAVE_STRINGS_H 1
| #define HAVE_SYS_STAT_H 1
| #define HAVE_SYS_TYPES_H 1
| #define HAVE_UNISTD_H 1
| #define HAVE_WCHAR_H 1
| #define HAVE_FCNTL_H 1
| #define HAVE_LINUX_FD_H 1
| #define HAVE_MEMORY_H 1
| #define HAVE_SYS_PARAM_H 1
| #define HAVE_SYS_MTIO_H 1
| #define HAVE_SYS_TIME_H 1
| #define HAVE_LOCALE_H 1
| #define HAVE_FEATURES_H 1
| #define HAVE_UCHAR_H 1
| #define HAVE_SYS_SOCKET_H 1
| #define HAVE_DIRENT_H 1
| #define HAVE_LINUX_XATTR_H 1
| #define HAVE_FNMATCH_H 1
| #define HAVE_STDIO_EXT_H 1
| #define HAVE_GETOPT_H 1
| #define HAVE_THREADS_H 1
| #define HAVE_LIMITS_H 1
| #define HAVE_WCTYPE_H 1
| #define HAVE_LANGINFO_H 1
| #define HAVE_SYS_MMAN_H 1
| #define HAVE_MALLOC_H 1
| #define HAVE_STDBOOL_H 1
| #define HAVE_STDCKDINT_H 1
| #define HAVE_SYS_RANDOM_H 1
| #define HAVE_SYSEXITS_H 1
| #define HAVE_UTIME_H 1
| #define HAVE_NETDB_H 1
| #define HAVE_SYS_WAIT_H 1
| #define HAVE_PWD_H 1
| #define HAVE_GRP_H 1
| #define STDC_HEADERS 1
| #define _ALL_SOURCE 1
| #define _DARWIN_C_SOURCE 1
| #define _GNU_SOURCE 1
| #define _HPUX_ALT_XOPEN_SOCKET_API 1
| #define _NETBSD_SOURCE 1
| #define _OPENBSD_SOURCE 1
| #define _POSIX_PTHREAD_SEMANTICS 1
| #define __STDC_WANT_IEC_60559_ATTRIBS_EXT__ 1
| #define __STDC_WANT_IEC_60559_BFP_EXT__ 1
| #define __STDC_WANT_IEC_60559_DFP_EXT__ 1
| #define __STDC_WANT_IEC_60559_EXT__ 1
| #define __STDC_WANT_IEC_60559_FUNCS_EXT__ 1
| #define __STDC_WANT_IEC_60559_TYPES_EXT__ 1
| #define __STDC_WANT_LIB_EXT2__ 1
| #define __STDC_WANT_MATH_SPEC_FUNCS__ 1
| #define _TANDEM_SOURCE 1
| #define __EXTENSIONS__ 1
| #define HAVE_FSEEKO 1
| #define __USE_MINGW_ANSI_STDIO 1
| #define MAJOR_IN_SYSMACROS 1
| /* end confdefs.h.  */
| #include <stddef.h>
| #ifdef HAVE_STDIO_H
| # include <stdio.h>
| #endif
| #ifdef HAVE_STDLIB_H
| # include <stdlib.h>
| #endif
| #ifdef HAVE_STRING_H
| # include <string.h>
| #endif
| #ifdef HAVE_INTTYPES_H
| # include <inttypes.h>
| #endif
| #ifdef HAVE_STDINT_H
| # include <stdint.h>
| #endif
| #ifdef HAVE_STRINGS_H
| # include <strings.h>
| #endif
| #ifdef HAVE_SYS_TYPES_H
| # include <sys/types.h>
| #endif
| #ifdef HAVE_SYS_STAT_H
| # include <sys/stat.h>
| #endif
| #ifdef HAVE_UNISTD_H
| # include <unistd.h>
| #endif
| #include <sys/acl.h>
configure:8847: result: no
configure:8935: checking for mode_t
configure:8935: gcc -c -g -O2  conftest.c >&5
configure:8935: $? = 0
configure:8935: gcc -c -g -O2  conftest.c >&5
conftest.c: In function 'main':
conftest.c:103:21: error: expected expression before ')' token
  103 | if (sizeof ((mode_t)))
      |                     ^
configure:8935: $? = 1
configure: failed program was:
| /* confdefs.h */
| #define PACKAGE_NAME "GNU tar"
| #define PACKAGE_TARNAME "tar"
| #define PACKAGE_VERSION "1.35"
| #define PACKAGE_STRING "GNU tar 1.35"
| #define PACKAGE_BUGREPORT "bug-tar@gnu.org"
| #define PACKAGE_URL "https://www.gnu.org/software/tar/"
| #define PACKAGE "tar"
| #define VERSION "1.35"
| #define HAVE_STDIO_H 1
| #define HAVE_STDLIB_H 1
| #define HAVE_STRING_H 1
| #define HAVE_INTTYPES_H 1
| #define HAVE_STDINT_H 1
| #define HAVE_STRINGS_H 1
| #define HAVE_SYS_STAT_H 1
| #define HAVE_SYS_TYPES_H 1
| #define HAVE_UNISTD_H 1
| #define HAVE_WCHAR_H 1
| #define HAVE_FCNTL_H 1
| #define HAVE_LINUX_FD_H 1
| #define HAVE_MEMORY_H 1
| #define HAVE_SYS_PARAM_H 1
| #define HAVE_SYS_MTIO_H 1
| #define HAVE_SYS_TIME_H 1
| #define HAVE_LOCALE_H 1
| #define HAVE_FEATURES_H 1
| #define HAVE_UCHAR_H 1
| #define HAVE_SYS_SOCKET_H 1
| #define HAVE_DIRENT_H 1
| #define HAVE_LINUX_XATTR_H 1
| #define HAVE_FNMATCH_H 1
| #define HAVE_STDIO_EXT_H 1
| #define HAVE_GETOPT_H 1
| #define HAVE_THREADS_H 1
| #define HAVE_LIMITS_H 1
| #define HAVE_WCTYPE_H 1
| #define HAVE_LANGINFO_H 1
| #define HAVE_SYS_MMAN_H 1
| #define HAVE_MALLOC_H 1
| #define HAVE_STDBOOL_H 1
| #define HAVE_STDCKDINT_H 1
| #define HAVE_SYS_RANDOM_H 1
| #define HAVE_SYSEXITS_H 1
| #define HAVE_UTIME_H 1
| #define HAVE_NETDB_H 1
| #define HAVE_SYS_WAIT_H 1
| #define HAVE_PWD_H 1
| #define HAVE_GRP_H 1
| #define STDC_HEADERS 1
| #define _ALL_SOURCE 1
| #define _DARWIN_C_SOURCE 1
| #define _GNU_SOURCE 1
| #define _HPUX_ALT_XOPEN_SOCKET_API 1
| #define _NETBSD_SOURCE 1
| #define _OPENBSD_SOURCE 1
| #define _POSIX_PTHREAD_SEMANTICS 1
| #define __STDC_WANT_IEC_60559_ATTRIBS_EXT__ 1
| #define __STDC_WANT_IEC_60559_BFP_EXT__ 1
| #define __STDC_WANT_IEC_60559_DFP_EXT__ 1
| #define __STDC_WANT_IEC_60559_EXT__ 1
| #define __STDC_WANT_IEC_60559_FUNCS_EXT__ 1
| #define __STDC_WANT_IEC_60559_TYPES_EXT__ 1
| #define __STDC_WANT_LIB_EXT2__ 1
| #define __STDC_WANT_MATH_SPEC_FUNCS__ 1
| #define _TANDEM_SOURCE 1
| #define __EXTENSIONS__ 1
| #define HAVE_FSEEKO 1
| #define __USE_MINGW_ANSI_STDIO 1
| #define MAJOR_IN_SYSMACROS 1
| /* end confdefs.h.  */
| #include <stddef.h>
| #ifdef HAVE_STDIO_H
| # include <stdio.h>
| #endif
| #ifdef HAVE_STDLIB_H
| # include <stdlib.h>
| #endif
| #ifdef HAVE_STRING_H
| # include <string.h>
| #endif
| #ifdef HAVE_INTTYPES_H
| # include <inttypes.h>
| #endif
| #ifdef HAVE_STDINT_H
| # include <stdint.h>
| #endif
| #ifdef HAVE_STRINGS_H
| # include <strings.h>
| #endif
| #ifdef HAVE_SYS_TYPES_H
| # include <sys/types.h>
| #endif
| #ifdef HAVE_SYS_STAT_H
| # include <sys/stat.h>
| #endif
| #ifdef HAVE_UNISTD_H
| # include <unistd.h>
| #endif
| int
| main (void)
| {
| if (sizeof ((mode_t)))
| 	    return 0;
|   ;
|   return 0;
| }
configure:8935: result: yes
configure:8946: checking for pid_t
configure:8946: gcc -c -g -O2  conftest.c >&5
configure:8946: $? = 0
configure:8946: gcc -c -g -O2  conftest.c >&5
conftest.c: In function 'main':
conftest.c:104:20: error: expected expression before ')' token
  104 | if (sizeof ((pid_t)))
      |                    ^
configure:8946: $? = 1
configure: failed program was:
| /* confdefs.h */
| #define PACKAGE_NAME "GNU tar"
| #define PACKAGE_TARNAME "tar"
| #define PACKAGE_VERSION "1.35"
| #define PACKAGE_STRING "GNU tar 1.35"
| #define PACKAGE_BUGREPORT "bug-tar@gnu.org"
| #define PACKAGE_URL "https://www.gnu.org/software/tar/"
| #define PACKAGE "tar"
| #define VERSION "1.35"
| #define HAVE_STDIO_H 1
| #define HAVE_STDLIB_H 1
| #define HAVE_STRING_H 1
| #define HAVE_INTTYPES_H 1
| #define HAVE_STDINT_H 1
| #define HAVE_STRINGS_H 1
| #define HAVE_SYS_STAT_H 1
| #define HAVE_SYS_TYPES_H 1
| #define HAVE_UNISTD_H 1
| #define HAVE_WCHAR_H 1
| #define HAVE_FCNTL_H 1
| #define HAVE_LINUX_FD_H 1
| #define HAVE_MEMORY_H 1
| #define HAVE_SYS_PARAM_H 1
| #define HAVE_SYS_MTIO_H 1
| #define HAVE_SYS_TIME_H 1
| #define HAVE_LOCALE_H 1
| #define HAVE_FEATURES_H 1
| #define HAVE_UCHAR_H 1
| #define HAVE_SYS_SOCKET_H 1
| #define HAVE_DIRENT_H 1
| #define HAVE_LINUX_XATTR_H 1
| #define HAVE_FNMATCH_H 1
| #define HAVE_STDIO_EXT_H 1
| #define HAVE_GETOPT_H 1
| #define HAVE_THREADS_H 1
| #define HAVE_LIMITS_H 1
| #define HAVE_WCTYPE_H 1
| #define HAVE_LANGINFO_H 1
| #define HAVE_SYS_MMAN_H 1
| #define HAVE_MALLOC_H 1
| #define HAVE_STDBOOL_H 1
| #define HAVE_STDCKDINT_H 1
| #define HAVE_SYS_RANDOM_H 1
| #define HAVE_SYSEXITS_H 1
| #define HAVE_UTIME_H 1
| #define HAVE_NETDB_H 1
| #define HAVE_SYS_WAIT_H 1
| #define HAVE_PWD_H 1
| #define HAVE_GRP_H 1
| #define STDC_HEADERS 1
| #define _ALL_SOURCE 1
| #define _DARWIN_C_SOURCE 1
| #define _GNU_SOURCE 1
| #define _HPUX_ALT_XOPEN_SOCKET_API 1
| #define _NETBSD_SOURCE 1
| #define _OPENBSD_SOURCE 1
| #define _POSIX_PTHREAD_SEMANTICS 1
| #define __STDC_WANT_IEC_60559_ATTRIBS_EXT__ 1
| #define __STDC_WANT_IEC_60559_BFP_EXT__ 1
| #define __STDC_WANT_IEC_60559_DFP_EXT__ 1
| #define __STDC_WANT_IEC_60559_EXT__ 1
| #define __STDC_WANT_IEC_60559_FUNCS_EXT__ 1
| #define __STDC_WANT_IEC_60559_TYPES_EXT__ 1
| #define __STDC_WANT_LIB_EXT2__ 1
| #define __STDC_WANT_MATH_SPEC_FUNCS__ 1
| #define _TANDEM_SOURCE 1
| #define __EXTENSIONS__ 1
| #define HAVE_FSEEKO 1
| #define __USE_MINGW_ANSI_STDIO 1
| #define MAJOR_IN_SYSMACROS 1
| /* end confdefs.h.  */
| #include <stddef.h>
| #ifdef HAVE_STDIO_H
| # include <stdio.h>
| #endif
| #ifdef HAVE_STDLIB_H
| # include <stdlib.h>
| #endif
| #ifdef HAVE_STRING_H
| # include <string.h>
| #endif
| #ifdef HAVE_INTTYPES_H
| # include <inttypes.h>
| #endif
| #ifdef HAVE_STDINT_H
| # include <stdint.h>
| #endif
| #ifdef HAVE_STRINGS_H
| # include <strings.h>
| #endif
| #ifdef HAVE_SYS_TYPES_H
| # include <sys/types.h>
| #endif
| #ifdef HAVE_SYS_STAT_H
| # include <sys/stat.h>
| #endif
| #ifdef HAVE_UNISTD_H
| # include <unistd.h>
| #endif
| 
| int
| main (void)
| {
| if (sizeof ((pid_t)))
| 	    return 0;
|   ;
|   return 0;
| }
configure:8946: result: yes
configure:8982: checking for off_t
configure:8982: gcc -c -g -O2  conftest.c >&5
configure:8982: $? = 0
configure:8982: gcc -c -g -O2  conftest.c >&5
conftest.c: In function 'main':
conftest.c:103:20: error: expected expression before ')' token
  103 | if (sizeof ((off_t)))
      |                    ^
configure:8982: $? = 1
configure: failed program was:
| /* confdefs.h */
| #define PACKAGE_NAME "GNU tar"
| #define PACKAGE_TARNAME "tar"
| #define PACKAGE_VERSION "1.35"
| #define PACKAGE_STRING "GNU tar 1.35"
| #define PACKAGE_BUGREPORT "bug-tar@gnu.org"
| #define PACKAGE_URL "https://www.gnu.org/software/tar/"
| #define PACKAGE "tar"
| #define VERSION "1.35"
| #define HAVE_STDIO_H 1
| #define HAVE_STDLIB_H 1
| #define HAVE_STRING_H 1
| #define HAVE_INTTYPES_H 1
| #define HAVE_STDINT_H 1
| #define HAVE_STRINGS_H 1
| #define HAVE_SYS_STAT_H 1
| #define HAVE_SYS_TYPES_H 1
| #define HAVE_UNISTD_H 1
| #define HAVE_WCHAR_H 1
| #define HAVE_FCNTL_H 1
| #define HAVE_LINUX_FD_H 1
| #define HAVE_MEMORY_H 1
| #define HAVE_SYS_PARAM_H 1
| #define HAVE_SYS_MTIO_H 1
| #define HAVE_SYS_TIME_H 1
| #define HAVE_LOCALE_H 1
| #define HAVE_FEATURES_H 1
| #define HAVE_UCHAR_H 1
| #define HAVE_SYS_SOCKET_H 1
| #define HAVE_DIRENT_H 1
| #define HAVE_LINUX_XATTR_H 1
| #define HAVE_FNMATCH_H 1
| #define HAVE_STDIO_EXT_H 1
| #define HAVE_GETOPT_H 1
| #define HAVE_THREADS_H 1
| #define HAVE_LIMITS_H 1
| #define HAVE_WCTYPE_H 1
| #define HAVE_LANGINFO_H 1
| #define HAVE_SYS_MMAN_H 1
| #define HAVE_MALLOC_H 1
| #define HAVE_STDBOOL_H 1
| #define HAVE_STDCKDINT_H 1
| #define HAVE_SYS_RANDOM_H 1
| #define HAVE_SYSEXITS_H 1
| #define HAVE_UTIME_H 1
| #define HAVE_NETDB_H 1
| #define HAVE_SYS_WAIT_H 1
| #define HAVE_PWD_H 1
| #define HAVE_GRP_H 1
| #define STDC_HEADERS 1
| #define _ALL_SOURCE 1
| #define _DARWIN_C_SOURCE 1
| #define _GNU_SOURCE 1
| #define _HPUX_ALT_XOPEN_SOCKET_API 1
| #define _NETBSD_SOURCE 1
| #define _OPENBSD_SOURCE 1
| #define _POSIX_PTHREAD_SEMANTICS 1
| #define __STDC_WANT_IEC_60559_ATTRIBS_EXT__ 1
| #define __STDC_WANT_IEC_60559_BFP_EXT__ 1
| #define __STDC_WANT_IEC_60559_DFP_EXT__ 1
| #define __STDC_WANT_IEC_60559_EXT__ 1
| #define __STDC_WANT_IEC_60559_FUNCS_EXT__ 1
| #define __STDC_WANT_IEC_60559_TYPES_EXT__ 1
| #define __STDC_WANT_LIB_EXT2__ 1
| #define __STDC_WANT_MATH_SPEC_FUNCS__ 1
| #define _TANDEM_SOURCE 1
| #define __EXTENSIONS__ 1
| #define HAVE_FSEEKO 1
| #define __USE_MINGW_ANSI_STDIO 1
| #define MAJOR_IN_SYSMACROS 1
| /* end confdefs.h.  */
| #include <stddef.h>
| #ifdef HAVE_STDIO_H
| # include <stdio.h>
| #endif
| #ifdef HAVE_STDLIB_H
| # include <stdlib.h>
| #endif
| #ifdef HAVE_STRING_H
| # include <string.h>
| #endif
| #ifdef HAVE_INTTYPES_H
| # include <inttypes.h>
| #endif
| #ifdef HAVE_STDINT_H
| # include <stdint.h>
| #endif
| #ifdef HAVE_STRINGS_H
| # include <strings.h>
| #endif
| #ifdef HAVE_SYS_TYPES_H
| # include <sys/types.h>
| #endif
| #ifdef HAVE_SYS_STAT_H
| # include <sys/stat.h>
| #endif
| #ifdef HAVE_UNISTD_H
| # include <unistd.h>
| #endif
| int
| main (void)
| {
| if (sizeof ((off_t)))
| 	    return 0;
|   ;
|   return 0;
| }
configure:8982: result: yes
configure:8992: checking for uid_t in sys/types.h
configure:9013: result: yes
configure:9024: checking for major_t
configure:9024: gcc -c -g -O2  conftest.c >&5
conftest.c: In function 'main':
conftest.c:103:13: error: 'major_t' undeclared (first use in this function)
  103 | if (sizeof (major_t))
      |             ^~~~~~~
conftest.c:103:13: note: each undeclared identifier is reported only once for each function it appears in
configure:9024: $? = 1
configure: failed program was:
| /* confdefs.h */
| #define PACKAGE_NAME "GNU tar"
| #define PACKAGE_TARNAME "tar"
| #define PACKAGE_VERSION "1.35"
| #define PACKAGE_STRING "GNU tar 1.35"
| #define PACKAGE_BUGREPORT "bug-tar@gnu.org"
| #define PACKAGE_URL "https://www.gnu.org/software/tar/"
| #define PACKAGE "tar"
| #define VERSION "1.35"
| #define HAVE_STDIO_H 1
| #define HAVE_STDLIB_H 1
| #define HAVE_STRING_H 1
| #define HAVE_INTTYPES_H 1
| #define HAVE_STDINT_H 1
| #define HAVE_STRINGS_H 1
| #define HAVE_SYS_STAT_H 1
| #define HAVE_SYS_TYPES_H 1
| #define HAVE_UNISTD_H 1
| #define HAVE_WCHAR_H 1
| #define HAVE_FCNTL_H 1
| #define HAVE_LINUX_FD_H 1
| #define HAVE_MEMORY_H 1
| #define HAVE_SYS_PARAM_H 1
| #define HAVE_SYS_MTIO_H 1
| #define HAVE_SYS_TIME_H 1
| #define HAVE_LOCALE_H 1
| #define HAVE_FEATURES_H 1
| #define HAVE_UCHAR_H 1
| #define HAVE_SYS_SOCKET_H 1
| #define HAVE_DIRENT_H 1
| #define HAVE_LINUX_XATTR_H 1
| #define HAVE_FNMATCH_H 1
| #define HAVE_STDIO_EXT_H 1
| #define HAVE_GETOPT_H 1
| #define HAVE_THREADS_H 1
| #define HAVE_LIMITS_H 1
| #define HAVE_WCTYPE_H 1
| #define HAVE_LANGINFO_H 1
| #define HAVE_SYS_MMAN_H 1
| #define HAVE_MALLOC_H 1
| #define HAVE_STDBOOL_H 1
| #define HAVE_STDCKDINT_H 1
| #define HAVE_SYS_RANDOM_H 1
| #define HAVE_SYSEXITS_H 1
| #define HAVE_UTIME_H 1
| #define HAVE_NETDB_H 1
| #define HAVE_SYS_WAIT_H 1
| #define HAVE_PWD_H 1
| #define HAVE_GRP_H 1
| #define STDC_HEADERS 1
| #define _ALL_SOURCE 1
| #define _DARWIN_C_SOURCE 1
| #define _GNU_SOURCE 1
| #define _HPUX_ALT_XOPEN_SOCKET_API 1
| #define _NETBSD_SOURCE 1
| #define _OPENBSD_SOURCE 1
| #define _POSIX_PTHREAD_SEMANTICS 1
| #define __STDC_WANT_IEC_60559_ATTRIBS_EXT__ 1
| #define __STDC_WANT_IEC_60559_BFP_EXT__ 1
| #define __STDC_WANT_IEC_60559_DFP_EXT__ 1
| #define __STDC_WANT_IEC_60559_EXT__ 1
| #define __STDC_WANT_IEC_60559_FUNCS_EXT__ 1
| #define __STDC_WANT_IEC_60559_TYPES_EXT__ 1
| #define __STDC_WANT_LIB_EXT2__ 1
| #define __STDC_WANT_MATH_SPEC_FUNCS__ 1
| #define _TANDEM_SOURCE 1
| #define __EXTENSIONS__ 1
| #define HAVE_FSEEKO 1
| #define __USE_MINGW_ANSI_STDIO 1
| #define MAJOR_IN_SYSMACROS 1
| /* end confdefs.h.  */
| #include <stddef.h>
| #ifdef HAVE_STDIO_H
| # include <stdio.h>
| #endif
| #ifdef HAVE_STDLIB_H
| # include <stdlib.h>
| #endif
| #ifdef HAVE_STRING_H
| # include <string.h>
| #endif
| #ifdef HAVE_INTTYPES_H
| # include <inttypes.h>
| #endif
| #ifdef HAVE_STDINT_H
| # include <stdint.h>
| #endif
| #ifdef HAVE_STRINGS_H
| # include <strings.h>
| #endif
| #ifdef HAVE_SYS_TYPES_H
| # include <sys/types.h>
| #endif
| #ifdef HAVE_SYS_STAT_H
| # include <sys/stat.h>
| #endif
| #ifdef HAVE_UNISTD_H
| # include <unistd.h>
| #endif
| int
| main (void)
| {
| if (sizeof (major_t))
| 	 return 0;
|   ;
|   return 0;
| }
configure:9024: result: no
configure:9034: checking for minor_t
configure:9034: gcc -c -g -O2  conftest.c >&5
conftest.c: In function 'main':
conftest.c:104:13: error: 'minor_t' undeclared (first use in this function); did you mean 'ino_t'?
  104 | if (sizeof (minor_t))
      |             ^~~~~~~
      |             ino_t
conftest.c:104:13: note: each undeclared identifier is reported only once for each function it appears in
configure:9034: $? = 1
configure: failed program was:
| /* confdefs.h */
| #define PACKAGE_NAME "GNU tar"
| #define PACKAGE_TARNAME "tar"
| #define PACKAGE_VERSION "1.35"
| #define PACKAGE_STRING "GNU tar 1.35"
| #define PACKAGE_BUGREPORT "bug-tar@gnu.org"
| #define PACKAGE_URL "https://www.gnu.org/software/tar/"
| #define PACKAGE "tar"
| #define VERSION "1.35"
| #define HAVE_STDIO_H 1
| #define HAVE_STDLIB_H 1
| #define HAVE_STRING_H 1
| #define HAVE_INTTYPES_H 1
| #define HAVE_STDINT_H 1
| #define HAVE_STRINGS_H 1
| #define HAVE_SYS_STAT_H 1
| #define HAVE_SYS_TYPES_H 1
| #define HAVE_UNISTD_H 1
| #define HAVE_WCHAR_H 1
| #define HAVE_FCNTL_H 1
| #define HAVE_LINUX_FD_H 1
| #define HAVE_MEMORY_H 1
| #define HAVE_SYS_PARAM_H 1
| #define HAVE_SYS_MTIO_H 1
| #define HAVE_SYS_TIME_H 1
| #define HAVE_LOCALE_H 1
| #define HAVE_FEATURES_H 1
| #define HAVE_UCHAR_H 1
| #define HAVE_SYS_SOCKET_H 1
| #define HAVE_DIRENT_H 1
| #define HAVE_LINUX_XATTR_H 1
| #define HAVE_FNMATCH_H 1
| #define HAVE_STDIO_EXT_H 1
| #define HAVE_GETOPT_H 1
| #define HAVE_THREADS_H 1
| #define HAVE_LIMITS_H 1
| #define HAVE_WCTYPE_H 1
| #define HAVE_LANGINFO_H 1
| #define HAVE_SYS_MMAN_H 1
| #define HAVE_MALLOC_H 1
| #define HAVE_STDBOOL_H 1
| #define HAVE_STDCKDINT_H 1
| #define HAVE_SYS_RANDOM_H 1
| #define HAVE_SYSEXITS_H 1
| #define HAVE_UTIME_H 1
| #define HAVE_NETDB_H 1
| #define HAVE_SYS_WAIT_H 1
| #define HAVE_PWD_H 1
| #define HAVE_GRP_H 1
| #define STDC_HEADERS 1
| #define _ALL_SOURCE 1
| #define _DARWIN_C_SOURCE 1
| #define _GNU_SOURCE 1
| #define _HPUX_ALT_XOPEN_SOCKET_API 1
| #define _NETBSD_SOURCE 1
| #define _OPENBSD_SOURCE 1
| #define _POSIX_PTHREAD_SEMANTICS 1
| #define __STDC_WANT_IEC_60559_ATTRIBS_EXT__ 1
| #define __STDC_WANT_IEC_60559_BFP_EXT__ 1
| #define __STDC_WANT_IEC_60559_DFP_EXT__ 1
| #define __STDC_WANT_IEC_60559_EXT__ 1
| #define __STDC_WANT_IEC_60559_FUNCS_EXT__ 1
| #define __STDC_WANT_IEC_60559_TYPES_EXT__ 1
| #define __STDC_WANT_LIB_EXT2__ 1
| #define __STDC_WANT_MATH_SPEC_FUNCS__ 1
| #define _TANDEM_SOURCE 1
| #define __EXTENSIONS__ 1
| #define HAVE_FSEEKO 1
| #define __USE_MINGW_ANSI_STDIO 1
| #define MAJOR_IN_SYSMACROS 1
| #define major_t int
| /* end confdefs.h.  */
| #include <stddef.h>
| #ifdef HAVE_STDIO_H
| # include <stdio.h>
| #endif
| #ifdef HAVE_STDLIB_H
| # include <stdlib.h>
| #endif
| #ifdef HAVE_STRING_H
| # include <string.h>
| #endif
| #ifdef HAVE_INTTYPES_H
| # include <inttypes.h>
| #endif
| #ifdef HAVE_STDINT_H
| # include <stdint.h>
| #endif
| #ifdef HAVE_STRINGS_H
| # include <strings.h>
| #endif
| #ifdef HAVE_SYS_TYPES_H
| # include <sys/types.h>
| #endif
| #ifdef HAVE_SYS_STAT_H
| # include <sys/stat.h>
| #endif
| #ifdef HAVE_UNISTD_H
| # include <unistd.h>
| #endif
| int
| main (void)
| {
| if (sizeof (minor_t))
| 	 return 0;
|   ;
|   return 0;
| }
configure:9034: result: no
configure:9044: checking for dev_t
configure:9044: gcc -c -g -O2  conftest.c >&5
configure:9044: $? = 0
configure:9044: gcc -c -g -O2  conftest.c >&5
conftest.c: In function 'main':
conftest.c:105:20: error: expected expression before ')' token
  105 | if (sizeof ((dev_t)))
      |                    ^
configure:9044: $? = 1
configure: failed program was:
| /* confdefs.h */
| #define PACKAGE_NAME "GNU tar"
| #define PACKAGE_TARNAME "tar"
| #define PACKAGE_VERSION "1.35"
| #define PACKAGE_STRING "GNU tar 1.35"
| #define PACKAGE_BUGREPORT "bug-tar@gnu.org"
| #define PACKAGE_URL "https://www.gnu.org/software/tar/"
| #define PACKAGE "tar"
| #define VERSION "1.35"
| #define HAVE_STDIO_H 1
| #define HAVE_STDLIB_H 1
| #define HAVE_STRING_H 1
| #define HAVE_INTTYPES_H 1
| #define HAVE_STDINT_H 1
| #define HAVE_STRINGS_H 1
| #define HAVE_SYS_STAT_H 1
| #define HAVE_SYS_TYPES_H 1
| #define HAVE_UNISTD_H 1
| #define HAVE_WCHAR_H 1
| #define HAVE_FCNTL_H 1
| #define HAVE_LINUX_FD_H 1
| #define HAVE_MEMORY_H 1
| #define HAVE_SYS_PARAM_H 1
| #define HAVE_SYS_MTIO_H 1
| #define HAVE_SYS_TIME_H 1
| #define HAVE_LOCALE_H 1
| #define HAVE_FEATURES_H 1
| #define HAVE_UCHAR_H 1
| #define HAVE_SYS_SOCKET_H 1
| #define HAVE_DIRENT_H 1
| #define HAVE_LINUX_XATTR_H 1
| #define HAVE_FNMATCH_H 1
| #define HAVE_STDIO_EXT_H 1
| #define HAVE_GETOPT_H 1
| #define HAVE_THREADS_H 1
| #define HAVE_LIMITS_H 1
| #define HAVE_WCTYPE_H 1
| #define HAVE_LANGINFO_H 1
| #define HAVE_SYS_MMAN_H 1
| #define HAVE_MALLOC_H 1
| #define HAVE_STDBOOL_H 1
| #define HAVE_STDCKDINT_H 1
| #define HAVE_SYS_RANDOM_H 1
| #define HAVE_SYSEXITS_H 1
| #define HAVE_UTIME_H 1
| #define HAVE_NETDB_H 1
| #define HAVE_SYS_WAIT_H 1
| #define HAVE_PWD_H 1
| #define HAVE_GRP_H 1
| #define STDC_HEADERS 1
| #define _ALL_SOURCE 1
| #define _DARWIN_C_SOURCE 1
| #define _GNU_SOURCE 1
| #define _HPUX_ALT_XOPEN_SOCKET_API 1
| #define _NETBSD_SOURCE 1
| #define _OPENBSD_SOURCE 1
| #define _POSIX_PTHREAD_SEMANTICS 1
| #define __STDC_WANT_IEC_60559_ATTRIBS_EXT__ 1
| #define __STDC_WANT_IEC_60559_BFP_EXT__ 1
| #define __STDC_WANT_IEC_60559_DFP_EXT__ 1
| #define __STDC_WANT_IEC_60559_EXT__ 1
| #define __STDC_WANT_IEC_60559_FUNCS_EXT__ 1
| #define __STDC_WANT_IEC_60559_TYPES_EXT__ 1
| #define __STDC_WANT_LIB_EXT2__ 1
| #define __STDC_WANT_MATH_SPEC_FUNCS__ 1
| #define _TANDEM_SOURCE 1
| #define __EXTENSIONS__ 1
| #define HAVE_FSEEKO 1
| #define __USE_MINGW_ANSI_STDIO 1
| #define MAJOR_IN_SYSMACROS 1
| #define major_t int
| #define minor_t int
| /* end confdefs.h.  */
| #include <stddef.h>
| #ifdef HAVE_STDIO_H
| # include <stdio.h>
| #endif
| #ifdef HAVE_STDLIB_H
| # include <stdlib.h>
| #endif
| #ifdef HAVE_STRING_H
| # include <string.h>
| #endif
| #ifdef HAVE_INTTYPES_H
| # include <inttypes.h>
| #endif
| #ifdef HAVE_STDINT_H
| # include <stdint.h>
| #endif
| #ifdef HAVE_STRINGS_H
| # include <strings.h>
| #endif
| #ifdef HAVE_SYS_TYPES_H
| # include <sys/types.h>
| #endif
| #ifdef HAVE_SYS_STAT_H
| # include <sys/stat.h>
| #endif
| #ifdef HAVE_UNISTD_H
| # include <unistd.h>
| #endif
| int
| main (void)
| {
| if (sizeof ((dev_t)))
| 	    return 0;
|   ;
|   return 0;
| }
configure:9044: result: yes
configure:9054: checking for ino_t
configure:9054: gcc -c -g -O2  conftest.c >&5
configure:9054: $? = 0
configure:9054: gcc -c -g -O2  conftest.c >&5
conftest.c: In function 'main':
conftest.c:105:20: error: expected expression before ')' token
  105 | if (sizeof ((ino_t)))
      |                    ^
configure:9054: $? = 1
configure: failed program was:
| /* confdefs.h */
| #define PACKAGE_NAME "GNU tar"
| #define PACKAGE_TARNAME "tar"
| #define PACKAGE_VERSION "1.35"
| #define PACKAGE_STRING "GNU tar 1.35"
| #define PACKAGE_BUGREPORT "bug-tar@gnu.org"
| #define PACKAGE_URL "https://www.gnu.org/software/tar/"
| #define PACKAGE "tar"
| #define VERSION "1.35"
| #define HAVE_STDIO_H 1
| #define HAVE_STDLIB_H 1
| #define HAVE_STRING_H 1
| #define HAVE_INTTYPES_H 1
| #define HAVE_STDINT_H 1
| #define HAVE_STRINGS_H 1
| #define HAVE_SYS_STAT_H 1
| #define HAVE_SYS_TYPES_H 1
| #define HAVE_UNISTD_H 1
| #define HAVE_WCHAR_H 1
| #define HAVE_FCNTL_H 1
| #define HAVE_LINUX_FD_H 1
| #define HAVE_MEMORY_H 1
| #define HAVE_SYS_PARAM_H 1
| #define HAVE_SYS_MTIO_H 1
| #define HAVE_SYS_TIME_H 1
| #define HAVE_LOCALE_H 1
| #define HAVE_FEATURES_H 1
| #define HAVE_UCHAR_H 1
| #define HAVE_SYS_SOCKET_H 1
| #define HAVE_DIRENT_H 1
| #define HAVE_LINUX_XATTR_H 1
| #define HAVE_FNMATCH_H 1
| #define HAVE_STDIO_EXT_H 1
| #define HAVE_GETOPT_H 1
| #define HAVE_THREADS_H 1
| #define HAVE_LIMITS_H 1
| #define HAVE_WCTYPE_H 1
| #define HAVE_LANGINFO_H 1
| #define HAVE_SYS_MMAN_H 1
| #define HAVE_MALLOC_H 1
| #define HAVE_STDBOOL_H 1
| #define HAVE_STDCKDINT_H 1
| #define HAVE_SYS_RANDOM_H 1
| #define HAVE_SYSEXITS_H 1
| #define HAVE_UTIME_H 1
| #define HAVE_NETDB_H 1
| #define HAVE_SYS_WAIT_H 1
| #define HAVE_PWD_H 1
| #define HAVE_GRP_H 1
| #define STDC_HEADERS 1
| #define _ALL_SOURCE 1
| #define _DARWIN_C_SOURCE 1
| #define _GNU_SOURCE 1
| #define _HPUX_ALT_XOPEN_SOCKET_API 1
| #define _NETBSD_SOURCE 1
| #define _OPENBSD_SOURCE 1
| #define _POSIX_PTHREAD_SEMANTICS 1
| #define __STDC_WANT_IEC_60559_ATTRIBS_EXT__ 1
| #define __STDC_WANT_IEC_60559_BFP_EXT__ 1
| #define __STDC_WANT_IEC_60559_DFP_EXT__ 1
| #define __STDC_WANT_IEC_60559_EXT__ 1
| #define __STDC_WANT_IEC_60559_FUNCS_EXT__ 1
| #define __STDC_WANT_IEC_60559_TYPES_EXT__ 1
| #define __STDC_WANT_LIB_EXT2__ 1
| #define __STDC_WANT_MATH_SPEC_FUNCS__ 1
| #define _TANDEM_SOURCE 1
| #define __EXTENSIONS__ 1
| #define HAVE_FSEEKO 1
| #define __USE_MINGW_ANSI_STDIO 1
| #define MAJOR_IN_SYSMACROS 1
| #define major_t int
| #define minor_t int
| /* end confdefs.h.  */
| #include <stddef.h>
| #ifdef HAVE_STDIO_H
| # include <stdio.h>
| #endif
| #ifdef HAVE_STDLIB_H
| # include <stdlib.h>
| #endif
| #ifdef HAVE_STRING_H
| # include <string.h>
| #endif
| #ifdef HAVE_INTTYPES_H
| # include <inttypes.h>
| #endif
| #ifdef HAVE_STDINT_H
| # include <stdint.h>
| #endif
| #ifdef HAVE_STRINGS_H
| # include <strings.h>
| #endif
| #ifdef HAVE_SYS_TYPES_H
| # include <sys/types.h>
| #endif
| #ifdef HAVE_SYS_STAT_H
| # include <sys/stat.h>
| #endif
| #ifdef HAVE_UNISTD_H
| # include <unistd.h>
| #endif
| int
| main (void)
| {
| if (sizeof ((ino_t)))
| 	    return 0;
|   ;
|   return 0;
| }
configure:9054: result: yes
configure:9066: checking for ssize_t
configure:9084: gcc -c -g -O2  conftest.c >&5
configure:9084: $? = 0
configure:9092: result: yes
configure:9186: checking for fchmod
configure:9186: gcc -o conftest -g -O2   conftest.c  >&5
configure:9186: $? = 0
configure:9186: result: yes
configure:9186: checking for flockfile
configure:9186: gcc -o conftest -g -O2   conftest.c  >&5
configure:9186: $? = 0
configure:9186: result: yes
configure:9186: checking for funlockfile
configure:9186: gcc -o conftest -g -O2   conftest.c  >&5
configure:9186: $? = 0
configure:9186: result: yes
configure:9186: checking for pathconf
configure:9186: gcc -o conftest -g -O2   conftest.c  >&5
configure:9186: $? = 0
configure:9186: result: yes
configure:9186: checking for btowc
configure:9186: gcc -o conftest -g -O2   conftest.c  >&5
configure:9186: $? = 0
configure:9186: result: yes
configure:9186: checking for mbrtowc
configure:9186: gcc -o conftest -g -O2   conftest.c  >&5
configure:9186: $? = 0
configure:9186: result: yes
configure:9186: checking for mbsinit
configure:9186: gcc -o conftest -g -O2   conftest.c  >&5
configure:9186: $? = 0
configure:9186: result: yes
configure:9186: checking for canonicalize_file_name
configure:9186: gcc -o conftest -g -O2   conftest.c  >&5
/usr/lib/gcc/x86_64-alpine-linux-musl/15.2.0/../../../../x86_64-alpine-linux-musl/bin/ld: /tmp/ccfDBkjh.o: in function `main':
/home/sonakrie/Work/testicular_linux/tar/conftest.c:108:(.text.startup+0x5): undefined reference to `canonicalize_file_name'
collect2: error: ld returned 1 exit status
configure:9186: $? = 1
configure: failed program was:
| /* confdefs.h */
| #define PACKAGE_NAME "GNU tar"
| #define PACKAGE_TARNAME "tar"
| #define PACKAGE_VERSION "1.35"
| #define PACKAGE_STRING "GNU tar 1.35"
| #define PACKAGE_BUGREPORT "bug-tar@gnu.org"
| #define PACKAGE_URL "https://www.gnu.org/software/tar/"
| #define PACKAGE "tar"
| #define VERSION "1.35"
| #define HAVE_STDIO_H 1
| #define HAVE_STDLIB_H 1
| #define HAVE_STRING_H 1
| #define HAVE_INTTYPES_H 1
| #define HAVE_STDINT_H 1
| #define HAVE_STRINGS_H 1
| #define HAVE_SYS_STAT_H 1
| #define HAVE_SYS_TYPES_H 1
| #define HAVE_UNISTD_H 1
| #define HAVE_WCHAR_H 1
| #define HAVE_FCNTL_H 1
| #define HAVE_LINUX_FD_H 1
| #define HAVE_MEMORY_H 1
| #define HAVE_SYS_PARAM_H 1
| #define HAVE_SYS_MTIO_H 1
| #define HAVE_SYS_TIME_H 1
| #define HAVE_LOCALE_H 1
| #define HAVE_FEATURES_H 1
| #define HAVE_UCHAR_H 1
| #define HAVE_SYS_SOCKET_H 1
| #define HAVE_DIRENT_H 1
| #define HAVE_LINUX_XATTR_H 1
| #define HAVE_FNMATCH_H 1
| #define HAVE_STDIO_EXT_H 1
| #define HAVE_GETOPT_H 1
| #define HAVE_THREADS_H 1
| #define HAVE_LIMITS_H 1
| #define HAVE_WCTYPE_H 1
| #define HAVE_LANGINFO_H 1
| #define HAVE_SYS_MMAN_H 1
| #define HAVE_MALLOC_H 1
| #define HAVE_STDBOOL_H 1
| #define HAVE_STDCKDINT_H 1
| #define HAVE_SYS_RANDOM_H 1
| #define HAVE_SYSEXITS_H 1
| #define HAVE_UTIME_H 1
| #define HAVE_NETDB_H 1
| #define HAVE_SYS_WAIT_H 1
| #define HAVE_PWD_H 1
| #define HAVE_GRP_H 1
| #define STDC_HEADERS 1
| #define _ALL_SOURCE 1
| #define _DARWIN_C_SOURCE 1
| #define _GNU_SOURCE 1
| #define _HPUX_ALT_XOPEN_SOCKET_API 1
| #define _NETBSD_SOURCE 1
| #define _OPENBSD_SOURCE 1
| #define _POSIX_PTHREAD_SEMANTICS 1
| #define __STDC_WANT_IEC_60559_ATTRIBS_EXT__ 1
| #define __STDC_WANT_IEC_60559_BFP_EXT__ 1
| #define __STDC_WANT_IEC_60559_DFP_EXT__ 1
| #define __STDC_WANT_IEC_60559_EXT__ 1
| #define __STDC_WANT_IEC_60559_FUNCS_EXT__ 1
| #define __STDC_WANT_IEC_60559_TYPES_EXT__ 1
| #define __STDC_WANT_LIB_EXT2__ 1
| #define __STDC_WANT_MATH_SPEC_FUNCS__ 1
| #define _TANDEM_SOURCE 1
| #define __EXTENSIONS__ 1
| #define HAVE_FSEEKO 1
| #define __USE_MINGW_ANSI_STDIO 1
| #define MAJOR_IN_SYSMACROS 1
| #define major_t int
| #define minor_t int
| #define HAVE_FCHMOD 1
| #define HAVE_FLOCKFILE 1
| #define HAVE_FUNLOCKFILE 1
| #define HAVE_PATHCONF 1
| #define HAVE_BTOWC 1
| #define HAVE_MBRTOWC 1
| #define HAVE_MBSINIT 1
| /* end confdefs.h.  */
| /* Define canonicalize_file_name to an innocuous variant, in case <limits.h> declares canonicalize_file_name.
|    For example, HP-UX 11i <limits.h> declares gettimeofday.  */
| #define canonicalize_file_name innocuous_canonicalize_file_name
| 
| /* System header to define __stub macros and hopefully few prototypes,
|    which can conflict with char canonicalize_file_name (); below.  */
| 
| #include <limits.h>
| #undef canonicalize_file_name
| 
| /* Override any GCC internal prototype to avoid an error.
|    Use char because int might match the return type of a GCC
|    builtin and then its argument prototype would still apply.  */
| #ifdef __cplusplus
| extern "C"
| #endif
| char canonicalize_file_name ();
| /* The GNU C library defines this for functions which it implements
|     to always fail with ENOSYS.  Some functions are actually named
|     something starting with __ and the normal name is an alias.  */
| #if defined __stub_canonicalize_file_name || defined __stub___canonicalize_file_name
| choke me
| #endif
| 
| int
| main (void)
| {
| return canonicalize_file_name ();
|   ;
|   return 0;
| }
configure:9186: result: no
configure:9186: checking for realpath
configure:9186: gcc -o conftest -g -O2   conftest.c  >&5
configure:9186: $? = 0
configure:9186: result: yes
configure:9186: checking for lstat
configure:9186: gcc -o conftest -g -O2   conftest.c  >&5
configure:9186: $? = 0
configure:9186: result: yes
configure:9186: checking for chown
configure:9186: gcc -o conftest -g -O2   conftest.c  >&5
configure:9186: $? = 0
configure:9186: result: yes
configure:9186: checking for fchown
configure:9186: gcc -o conftest -g -O2   conftest.c  >&5
configure:9186: $? = 0
configure:9186: result: yes
configure:9186: checking for _set_invalid_parameter_handler
configure:9186: gcc -o conftest -g -O2   conftest.c  >&5
/usr/lib/gcc/x86_64-alpine-linux-musl/15.2.0/../../../../x86_64-alpine-linux-musl/bin/ld: /tmp/ccKNppKo.o: in function `main':
/home/sonakrie/Work/testicular_linux/tar/conftest.c:112:(.text.startup+0x5): undefined reference to `_set_invalid_parameter_handler'
collect2: error: ld returned 1 exit status
configure:9186: $? = 1
configure: failed program was:
| /* confdefs.h */
| #define PACKAGE_NAME "GNU tar"
| #define PACKAGE_TARNAME "tar"
| #define PACKAGE_VERSION "1.35"
| #define PACKAGE_STRING "GNU tar 1.35"
| #define PACKAGE_BUGREPORT "bug-tar@gnu.org"
| #define PACKAGE_URL "https://www.gnu.org/software/tar/"
| #define PACKAGE "tar"
| #define VERSION "1.35"
| #define HAVE_STDIO_H 1
| #define HAVE_STDLIB_H 1
| #define HAVE_STRING_H 1
| #define HAVE_INTTYPES_H 1
| #define HAVE_STDINT_H 1
| #define HAVE_STRINGS_H 1
| #define HAVE_SYS_STAT_H 1
| #define HAVE_SYS_TYPES_H 1
| #define HAVE_UNISTD_H 1
| #define HAVE_WCHAR_H 1
| #define HAVE_FCNTL_H 1
| #define HAVE_LINUX_FD_H 1
| #define HAVE_MEMORY_H 1
| #define HAVE_SYS_PARAM_H 1
| #define HAVE_SYS_MTIO_H 1
| #define HAVE_SYS_TIME_H 1
| #define HAVE_LOCALE_H 1
| #define HAVE_FEATURES_H 1
| #define HAVE_UCHAR_H 1
| #define HAVE_SYS_SOCKET_H 1
| #define HAVE_DIRENT_H 1
| #define HAVE_LINUX_XATTR_H 1
| #define HAVE_FNMATCH_H 1
| #define HAVE_STDIO_EXT_H 1
| #define HAVE_GETOPT_H 1
| #define HAVE_THREADS_H 1
| #define HAVE_LIMITS_H 1
| #define HAVE_WCTYPE_H 1
| #define HAVE_LANGINFO_H 1
| #define HAVE_SYS_MMAN_H 1
| #define HAVE_MALLOC_H 1
| #define HAVE_STDBOOL_H 1
| #define HAVE_STDCKDINT_H 1
| #define HAVE_SYS_RANDOM_H 1
| #define HAVE_SYSEXITS_H 1
| #define HAVE_UTIME_H 1
| #define HAVE_NETDB_H 1
| #define HAVE_SYS_WAIT_H 1
| #define HAVE_PWD_H 1
| #define HAVE_GRP_H 1
| #define STDC_HEADERS 1
| #define _ALL_SOURCE 1
| #define _DARWIN_C_SOURCE 1
| #define _GNU_SOURCE 1
| #define _HPUX_ALT_XOPEN_SOCKET_API 1
| #define _NETBSD_SOURCE 1
| #define _OPENBSD_SOURCE 1
| #define _POSIX_PTHREAD_SEMANTICS 1
| #define __STDC_WANT_IEC_60559_ATTRIBS_EXT__ 1
| #define __STDC_WANT_IEC_60559_BFP_EXT__ 1
| #define __STDC_WANT_IEC_60559_DFP_EXT__ 1
| #define __STDC_WANT_IEC_60559_EXT__ 1
| #define __STDC_WANT_IEC_60559_FUNCS_EXT__ 1
| #define __STDC_WANT_IEC_60559_TYPES_EXT__ 1
| #define __STDC_WANT_LIB_EXT2__ 1
| #define __STDC_WANT_MATH_SPEC_FUNCS__ 1
| #define _TANDEM_SOURCE 1
| #define __EXTENSIONS__ 1
| #define HAVE_FSEEKO 1
| #define __USE_MINGW_ANSI_STDIO 1
| #define MAJOR_IN_SYSMACROS 1
| #define major_t int
| #define minor_t int
| #define HAVE_FCHMOD 1
| #define HAVE_FLOCKFILE 1
| #define HAVE_FUNLOCKFILE 1
| #define HAVE_PATHCONF 1
| #define HAVE_BTOWC 1
| #define HAVE_MBRTOWC 1
| #define HAVE_MBSINIT 1
| #define HAVE_REALPATH 1
| #define HAVE_LSTAT 1
| #define HAVE_CHOWN 1
| #define HAVE_FCHOWN 1
| /* end confdefs.h.  */
| /* Define _set_invalid_parameter_handler to an innocuous variant, in case <limits.h> declares _set_invalid_parameter_handler.
|    For example, HP-UX 11i <limits.h> declares gettimeofday.  */
| #define _set_invalid_parameter_handler innocuous__set_invalid_parameter_handler
| 
| /* System header to define __stub macros and hopefully few prototypes,
|    which can conflict with char _set_invalid_parameter_handler (); below.  */
| 
| #include <limits.h>
| #undef _set_invalid_parameter_handler
| 
| /* Override any GCC internal prototype to avoid an error.
|    Use char because int might match the return type of a GCC
|    builtin and then its argument prototype would still apply.  */
| #ifdef __cplusplus
| extern "C"
| #endif
| char _set_invalid_parameter_handler ();
| /* The GNU C library defines this for functions which it implements
|     to always fail with ENOSYS.  Some functions are actually named
|     something starting with __ and the normal name is an alias.  */
| #if defined __stub__set_invalid_parameter_handler || defined __stub____set_invalid_parameter_handler
| choke me
| #endif
| 
| int
| main (void)
| {
| return _set_invalid_parameter_handler ();
|   ;
|   return 0;
| }
configure:9186: result: no
configure:9186: checking for fchdir
configure:9186: gcc -o conftest -g -O2   conftest.c  >&5
configure:9186: $? = 0
configure:9186: result: yes
configure:9186: checking for fdopendir
configure:9186: gcc -o conftest -g -O2   conftest.c  >&5
configure:9186: $? = 0
configure:9186: result: yes
configure:9186: checking for fchmodat
configure:9186: gcc -o conftest -g -O2   conftest.c  >&5
configure:9186: $? = 0
configure:9186: result: yes
configure:9186: checking for lchmod
configure:9186: gcc -o conftest -g -O2   conftest.c  >&5
configure:9186: $? = 0
configure:9186: result: yes
configure:9186: checking for fcntl
configure:9186: gcc -o conftest -g -O2   conftest.c  >&5
configure:9186: $? = 0
configure:9186: result: yes
configure:9186: checking for symlink
configure:9186: gcc -o conftest -g -O2   conftest.c  >&5
configure:9186: $? = 0
configure:9186: result: yes
configure:9186: checking for listxattr
configure:9186: gcc -o conftest -g -O2   conftest.c  >&5
configure:9186: $? = 0
configure:9186: result: yes
configure:9186: checking for fnmatch
configure:9186: gcc -o conftest -g -O2   conftest.c  >&5
configure:9186: $? = 0
configure:9186: result: yes
configure:9186: checking for mbsrtowcs
configure:9186: gcc -o conftest -g -O2   conftest.c  >&5
configure:9186: $? = 0
configure:9186: result: yes
configure:9186: checking for fstatat
configure:9186: gcc -o conftest -g -O2   conftest.c  >&5
configure:9186: $? = 0
configure:9186: result: yes
configure:9186: checking for getdtablesize
configure:9186: gcc -o conftest -g -O2   conftest.c  >&5
configure:9186: $? = 0
configure:9186: result: yes
configure:9186: checking for getexecname
configure:9186: gcc -o conftest -g -O2   conftest.c  >&5
/usr/lib/gcc/x86_64-alpine-linux-musl/15.2.0/../../../../x86_64-alpine-linux-musl/bin/ld: /tmp/ccIOmCBa.o: in function `main':
/home/sonakrie/Work/testicular_linux/tar/conftest.c:123:(.text.startup+0x5): undefined reference to `getexecname'
collect2: error: ld returned 1 exit status
configure:9186: $? = 1
configure: failed program was:
| /* confdefs.h */
| #define PACKAGE_NAME "GNU tar"
| #define PACKAGE_TARNAME "tar"
| #define PACKAGE_VERSION "1.35"
| #define PACKAGE_STRING "GNU tar 1.35"
| #define PACKAGE_BUGREPORT "bug-tar@gnu.org"
| #define PACKAGE_URL "https://www.gnu.org/software/tar/"
| #define PACKAGE "tar"
| #define VERSION "1.35"
| #define HAVE_STDIO_H 1
| #define HAVE_STDLIB_H 1
| #define HAVE_STRING_H 1
| #define HAVE_INTTYPES_H 1
| #define HAVE_STDINT_H 1
| #define HAVE_STRINGS_H 1
| #define HAVE_SYS_STAT_H 1
| #define HAVE_SYS_TYPES_H 1
| #define HAVE_UNISTD_H 1
| #define HAVE_WCHAR_H 1
| #define HAVE_FCNTL_H 1
| #define HAVE_LINUX_FD_H 1
| #define HAVE_MEMORY_H 1
| #define HAVE_SYS_PARAM_H 1
| #define HAVE_SYS_MTIO_H 1
| #define HAVE_SYS_TIME_H 1
| #define HAVE_LOCALE_H 1
| #define HAVE_FEATURES_H 1
| #define HAVE_UCHAR_H 1
| #define HAVE_SYS_SOCKET_H 1
| #define HAVE_DIRENT_H 1
| #define HAVE_LINUX_XATTR_H 1
| #define HAVE_FNMATCH_H 1
| #define HAVE_STDIO_EXT_H 1
| #define HAVE_GETOPT_H 1
| #define HAVE_THREADS_H 1
| #define HAVE_LIMITS_H 1
| #define HAVE_WCTYPE_H 1
| #define HAVE_LANGINFO_H 1
| #define HAVE_SYS_MMAN_H 1
| #define HAVE_MALLOC_H 1
| #define HAVE_STDBOOL_H 1
| #define HAVE_STDCKDINT_H 1
| #define HAVE_SYS_RANDOM_H 1
| #define HAVE_SYSEXITS_H 1
| #define HAVE_UTIME_H 1
| #define HAVE_NETDB_H 1
| #define HAVE_SYS_WAIT_H 1
| #define HAVE_PWD_H 1
| #define HAVE_GRP_H 1
| #define STDC_HEADERS 1
| #define _ALL_SOURCE 1
| #define _DARWIN_C_SOURCE 1
| #define _GNU_SOURCE 1
| #define _HPUX_ALT_XOPEN_SOCKET_API 1
| #define _NETBSD_SOURCE 1
| #define _OPENBSD_SOURCE 1
| #define _POSIX_PTHREAD_SEMANTICS 1
| #define __STDC_WANT_IEC_60559_ATTRIBS_EXT__ 1
| #define __STDC_WANT_IEC_60559_BFP_EXT__ 1
| #define __STDC_WANT_IEC_60559_DFP_EXT__ 1
| #define __STDC_WANT_IEC_60559_EXT__ 1
| #define __STDC_WANT_IEC_60559_FUNCS_EXT__ 1
| #define __STDC_WANT_IEC_60559_TYPES_EXT__ 1
| #define __STDC_WANT_LIB_EXT2__ 1
| #define __STDC_WANT_MATH_SPEC_FUNCS__ 1
| #define _TANDEM_SOURCE 1
| #define __EXTENSIONS__ 1
| #define HAVE_FSEEKO 1
| #define __USE_MINGW_ANSI_STDIO 1
| #define MAJOR_IN_SYSMACROS 1
| #define major_t int
| #define minor_t int
| #define HAVE_FCHMOD 1
| #define HAVE_FLOCKFILE 1
| #define HAVE_FUNLOCKFILE 1
| #define HAVE_PATHCONF 1
| #define HAVE_BTOWC 1
| #define HAVE_MBRTOWC 1
| #define HAVE_MBSINIT 1
| #define HAVE_REALPATH 1
| #define HAVE_LSTAT 1
| #define HAVE_CHOWN 1
| #define HAVE_FCHOWN 1
| #define HAVE_FCHDIR 1
| #define HAVE_FDOPENDIR 1
| #define HAVE_FCHMODAT 1
| #define HAVE_LCHMOD 1
| #define HAVE_FCNTL 1
| #define HAVE_SYMLINK 1
| #define HAVE_LISTXATTR 1
| #define HAVE_FNMATCH 1
| #define HAVE_MBSRTOWCS 1
| #define HAVE_FSTATAT 1
| #define HAVE_GETDTABLESIZE 1
| /* end confdefs.h.  */
| /* Define getexecname to an innocuous variant, in case <limits.h> declares getexecname.
|    For example, HP-UX 11i <limits.h> declares gettimeofday.  */
| #define getexecname innocuous_getexecname
| 
| /* System header to define __stub macros and hopefully few prototypes,
|    which can conflict with char getexecname (); below.  */
| 
| #include <limits.h>
| #undef getexecname
| 
| /* Override any GCC internal prototype to avoid an error.
|    Use char because int might match the return type of a GCC
|    builtin and then its argument prototype would still apply.  */
| #ifdef __cplusplus
| extern "C"
| #endif
| char getexecname ();
| /* The GNU C library defines this for functions which it implements
|     to always fail with ENOSYS.  Some functions are actually named
|     something starting with __ and the normal name is an alias.  */
| #if defined __stub_getexecname || defined __stub___getexecname
| choke me
| #endif
| 
| int
| main (void)
| {
| return getexecname ();
|   ;
|   return 0;
| }
configure:9186: result: no
configure:9186: checking for gettimeofday
configure:9186: gcc -o conftest -g -O2   conftest.c  >&5
configure:9186: $? = 0
configure:9186: result: yes
configure:9186: checking for isblank
configure:9186: gcc -o conftest -g -O2   conftest.c  >&5
conftest.c:113:6: warning: conflicting types for built-in function 'isblank'; expected 'int(int)' [-Wbuiltin-declaration-mismatch]
  113 | char isblank ();
      |      ^~~~~~~
conftest.c:105:1: note: 'isblank' is declared in header '<ctype.h>'
  104 | #include <limits.h>
  105 | #undef isblank
configure:9186: $? = 0
configure:9186: result: yes
configure:9186: checking for iswcntrl
configure:9186: gcc -o conftest -g -O2   conftest.c  >&5
conftest.c:114:6: warning: conflicting types for built-in function 'iswcntrl'; expected 'int(unsigned int)' [-Wbuiltin-declaration-mismatch]
  114 | char iswcntrl ();
      |      ^~~~~~~~
conftest.c:106:1: note: 'iswcntrl' is declared in header '<wctype.h>'
  105 | #include <limits.h>
  106 | #undef iswcntrl
configure:9186: $? = 0
configure:9186: result: yes
configure:9186: checking for link
configure:9186: gcc -o conftest -g -O2   conftest.c  >&5
configure:9186: $? = 0
configure:9186: result: yes
configure:9186: checking for readlink
configure:9186: gcc -o conftest -g -O2   conftest.c  >&5
configure:9186: $? = 0
configure:9186: result: yes
configure:9186: checking for openat
configure:9186: gcc -o conftest -g -O2   conftest.c  >&5
configure:9186: $? = 0
configure:9186: result: yes
configure:9186: checking for mprotect
configure:9186: gcc -o conftest -g -O2   conftest.c  >&5
configure:9186: $? = 0
configure:9186: result: yes
configure:9186: checking for mkdirat
configure:9186: gcc -o conftest -g -O2   conftest.c  >&5
configure:9186: $? = 0
configure:9186: result: yes
configure:9186: checking for mknod
configure:9186: gcc -o conftest -g -O2   conftest.c  >&5
configure:9186: $? = 0
configure:9186: result: yes
configure:9186: checking for pipe
configure:9186: gcc -o conftest -g -O2   conftest.c  >&5
configure:9186: $? = 0
configure:9186: result: yes
configure:9186: checking for iswctype
configure:9186: gcc -o conftest -g -O2   conftest.c  >&5
configure:9186: $? = 0
configure:9186: result: yes
configure:9186: checking for renameat
configure:9186: gcc -o conftest -g -O2   conftest.c  >&5
configure:9186: $? = 0
configure:9186: result: yes
configure:9186: checking for setenv
configure:9186: gcc -o conftest -g -O2   conftest.c  >&5
configure:9186: $? = 0
configure:9186: result: yes
configure:9186: checking for sleep
configure:9186: gcc -o conftest -g -O2   conftest.c  >&5
configure:9186: $? = 0
configure:9186: result: yes
configure:9186: checking for snprintf
configure:9186: gcc -o conftest -g -O2   conftest.c  >&5
conftest.c:126:6: warning: conflicting types for built-in function 'snprintf'; expected 'int(char *, long unsigned int,  const char *, ...)' [-Wbuiltin-declaration-mismatch]
  126 | char snprintf ();
      |      ^~~~~~~~
conftest.c:118:1: note: 'snprintf' is declared in header '<stdio.h>'
  117 | #include <limits.h>
  118 | #undef snprintf
configure:9186: $? = 0
configure:9186: result: yes
configure:9186: checking for strndup
configure:9186: gcc -o conftest -g -O2   conftest.c  >&5
conftest.c:127:6: warning: conflicting types for built-in function 'strndup'; expected 'char *(const char *, long unsigned int)' [-Wbuiltin-declaration-mismatch]
  127 | char strndup ();
      |      ^~~~~~~
configure:9186: $? = 0
configure:9186: result: yes
configure:9186: checking for strtoimax
configure:9186: gcc -o conftest -g -O2   conftest.c  >&5
configure:9186: $? = 0
configure:9186: result: yes
configure:9186: checking for strtoumax
configure:9186: gcc -o conftest -g -O2   conftest.c  >&5
configure:9186: $? = 0
configure:9186: result: yes
configure:9186: checking for localtime_r
configure:9186: gcc -o conftest -g -O2   conftest.c  >&5
configure:9186: $? = 0
configure:9186: result: yes
configure:9186: checking for unlinkat
configure:9186: gcc -o conftest -g -O2   conftest.c  >&5
configure:9186: $? = 0
configure:9186: result: yes
configure:9186: checking for vasnprintf
configure:9186: gcc -o conftest -g -O2   conftest.c  >&5
/usr/lib/gcc/x86_64-alpine-linux-musl/15.2.0/../../../../x86_64-alpine-linux-musl/bin/ld: /tmp/ccNDMkCO.o: in function `main':
/home/sonakrie/Work/testicular_linux/tar/conftest.c:143:(.text.startup+0x5): undefined reference to `vasnprintf'
collect2: error: ld returned 1 exit status
configure:9186: $? = 1
configure: failed program was:
| /* confdefs.h */
| #define PACKAGE_NAME "GNU tar"
| #define PACKAGE_TARNAME "tar"
| #define PACKAGE_VERSION "1.35"
| #define PACKAGE_STRING "GNU tar 1.35"
| #define PACKAGE_BUGREPORT "bug-tar@gnu.org"
| #define PACKAGE_URL "https://www.gnu.org/software/tar/"
| #define PACKAGE "tar"
| #define VERSION "1.35"
| #define HAVE_STDIO_H 1
| #define HAVE_STDLIB_H 1
| #define HAVE_STRING_H 1
| #define HAVE_INTTYPES_H 1
| #define HAVE_STDINT_H 1
| #define HAVE_STRINGS_H 1
| #define HAVE_SYS_STAT_H 1
| #define HAVE_SYS_TYPES_H 1
| #define HAVE_UNISTD_H 1
| #define HAVE_WCHAR_H 1
| #define HAVE_FCNTL_H 1
| #define HAVE_LINUX_FD_H 1
| #define HAVE_MEMORY_H 1
| #define HAVE_SYS_PARAM_H 1
| #define HAVE_SYS_MTIO_H 1
| #define HAVE_SYS_TIME_H 1
| #define HAVE_LOCALE_H 1
| #define HAVE_FEATURES_H 1
| #define HAVE_UCHAR_H 1
| #define HAVE_SYS_SOCKET_H 1
| #define HAVE_DIRENT_H 1
| #define HAVE_LINUX_XATTR_H 1
| #define HAVE_FNMATCH_H 1
| #define HAVE_STDIO_EXT_H 1
| #define HAVE_GETOPT_H 1
| #define HAVE_THREADS_H 1
| #define HAVE_LIMITS_H 1
| #define HAVE_WCTYPE_H 1
| #define HAVE_LANGINFO_H 1
| #define HAVE_SYS_MMAN_H 1
| #define HAVE_MALLOC_H 1
| #define HAVE_STDBOOL_H 1
| #define HAVE_STDCKDINT_H 1
| #define HAVE_SYS_RANDOM_H 1
| #define HAVE_SYSEXITS_H 1
| #define HAVE_UTIME_H 1
| #define HAVE_NETDB_H 1
| #define HAVE_SYS_WAIT_H 1
| #define HAVE_PWD_H 1
| #define HAVE_GRP_H 1
| #define STDC_HEADERS 1
| #define _ALL_SOURCE 1
| #define _DARWIN_C_SOURCE 1
| #define _GNU_SOURCE 1
| #define _HPUX_ALT_XOPEN_SOCKET_API 1
| #define _NETBSD_SOURCE 1
| #define _OPENBSD_SOURCE 1
| #define _POSIX_PTHREAD_SEMANTICS 1
| #define __STDC_WANT_IEC_60559_ATTRIBS_EXT__ 1
| #define __STDC_WANT_IEC_60559_BFP_EXT__ 1
| #define __STDC_WANT_IEC_60559_DFP_EXT__ 1
| #define __STDC_WANT_IEC_60559_EXT__ 1
| #define __STDC_WANT_IEC_60559_FUNCS_EXT__ 1
| #define __STDC_WANT_IEC_60559_TYPES_EXT__ 1
| #define __STDC_WANT_LIB_EXT2__ 1
| #define __STDC_WANT_MATH_SPEC_FUNCS__ 1
| #define _TANDEM_SOURCE 1
| #define __EXTENSIONS__ 1
| #define HAVE_FSEEKO 1
| #define __USE_MINGW_ANSI_STDIO 1
| #define MAJOR_IN_SYSMACROS 1
| #define major_t int
| #define minor_t int
| #define HAVE_FCHMOD 1
| #define HAVE_FLOCKFILE 1
| #define HAVE_FUNLOCKFILE 1
| #define HAVE_PATHCONF 1
| #define HAVE_BTOWC 1
| #define HAVE_MBRTOWC 1
| #define HAVE_MBSINIT 1
| #define HAVE_REALPATH 1
| #define HAVE_LSTAT 1
| #define HAVE_CHOWN 1
| #define HAVE_FCHOWN 1
| #define HAVE_FCHDIR 1
| #define HAVE_FDOPENDIR 1
| #define HAVE_FCHMODAT 1
| #define HAVE_LCHMOD 1
| #define HAVE_FCNTL 1
| #define HAVE_SYMLINK 1
| #define HAVE_LISTXATTR 1
| #define HAVE_FNMATCH 1
| #define HAVE_MBSRTOWCS 1
| #define HAVE_FSTATAT 1
| #define HAVE_GETDTABLESIZE 1
| #define HAVE_GETTIMEOFDAY 1
| #define HAVE_ISBLANK 1
| #define HAVE_ISWCNTRL 1
| #define HAVE_LINK 1
| #define HAVE_READLINK 1
| #define HAVE_OPENAT 1
| #define HAVE_MPROTECT 1
| #define HAVE_MKDIRAT 1
| #define HAVE_MKNOD 1
| #define HAVE_PIPE 1
| #define HAVE_ISWCTYPE 1
| #define HAVE_RENAMEAT 1
| #define HAVE_SETENV 1
| #define HAVE_SLEEP 1
| #define HAVE_SNPRINTF 1
| #define HAVE_STRNDUP 1
| #define HAVE_STRTOIMAX 1
| #define HAVE_STRTOUMAX 1
| #define HAVE_LOCALTIME_R 1
| #define HAVE_UNLINKAT 1
| /* end confdefs.h.  */
| /* Define vasnprintf to an innocuous variant, in case <limits.h> declares vasnprintf.
|    For example, HP-UX 11i <limits.h> declares gettimeofday.  */
| #define vasnprintf innocuous_vasnprintf
| 
| /* System header to define __stub macros and hopefully few prototypes,
|    which can conflict with char vasnprintf (); below.  */
| 
| #include <limits.h>
| #undef vasnprintf
| 
| /* Override any GCC internal prototype to avoid an error.
|    Use char because int might match the return type of a GCC
|    builtin and then its argument prototype would still apply.  */
| #ifdef __cplusplus
| extern "C"
| #endif
| char vasnprintf ();
| /* The GNU C library defines this for functions which it implements
|     to always fail with ENOSYS.  Some functions are actually named
|     something starting with __ and the normal name is an alias.  */
| #if defined __stub_vasnprintf || defined __stub___vasnprintf
| choke me
| #endif
| 
| int
| main (void)
| {
| return vasnprintf ();
|   ;
|   return 0;
| }
configure:9186: result: no
configure:9186: checking for wcrtomb
configure:9186: gcc -o conftest -g -O2   conftest.c  >&5
configure:9186: $? = 0
configure:9186: result: yes
configure:9186: checking for wcwidth
configure:9186: gcc -o conftest -g -O2   conftest.c  >&5
configure:9186: $? = 0
configure:9186: result: yes
configure:9186: checking for mkfifo
configure:9186: gcc -o conftest -g -O2   conftest.c  >&5
configure:9186: $? = 0
configure:9186: result: yes
configure:9186: checking for setlocale
configure:9186: gcc -o conftest -g -O2   conftest.c  >&5
configure:9186: $? = 0
configure:9186: result: yes
configure:9186: checking for fsync
configure:9186: gcc -o conftest -g -O2   conftest.c  >&5
configure:9186: $? = 0
configure:9186: result: yes
configure:9201: checking for sys/acl.h
configure:9201: result: no
configure:9661: WARNING: libacl development library was not found or not usable.
configure:9663: WARNING: GNU tar will be built without ACL support.
configure:9677: checking for size_t
configure:9677: gcc -c -g -O2  conftest.c >&5
configure:9677: $? = 0
configure:9677: gcc -c -g -O2  conftest.c >&5
conftest.c: In function 'main':
conftest.c:153:21: error: expected expression before ')' token
  153 | if (sizeof ((size_t)))
      |                     ^
configure:9677: $? = 1
configure: failed program was:
| /* confdefs.h */
| #define PACKAGE_NAME "GNU tar"
| #define PACKAGE_TARNAME "tar"
| #define PACKAGE_VERSION "1.35"
| #define PACKAGE_STRING "GNU tar 1.35"
| #define PACKAGE_BUGREPORT "bug-tar@gnu.org"
| #define PACKAGE_URL "https://www.gnu.org/software/tar/"
| #define PACKAGE "tar"
| #define VERSION "1.35"
| #define HAVE_STDIO_H 1
| #define HAVE_STDLIB_H 1
| #define HAVE_STRING_H 1
| #define HAVE_INTTYPES_H 1
| #define HAVE_STDINT_H 1
| #define HAVE_STRINGS_H 1
| #define HAVE_SYS_STAT_H 1
| #define HAVE_SYS_TYPES_H 1
| #define HAVE_UNISTD_H 1
| #define HAVE_WCHAR_H 1
| #define HAVE_FCNTL_H 1
| #define HAVE_LINUX_FD_H 1
| #define HAVE_MEMORY_H 1
| #define HAVE_SYS_PARAM_H 1
| #define HAVE_SYS_MTIO_H 1
| #define HAVE_SYS_TIME_H 1
| #define HAVE_LOCALE_H 1
| #define HAVE_FEATURES_H 1
| #define HAVE_UCHAR_H 1
| #define HAVE_SYS_SOCKET_H 1
| #define HAVE_DIRENT_H 1
| #define HAVE_LINUX_XATTR_H 1
| #define HAVE_FNMATCH_H 1
| #define HAVE_STDIO_EXT_H 1
| #define HAVE_GETOPT_H 1
| #define HAVE_THREADS_H 1
| #define HAVE_LIMITS_H 1
| #define HAVE_WCTYPE_H 1
| #define HAVE_LANGINFO_H 1
| #define HAVE_SYS_MMAN_H 1
| #define HAVE_MALLOC_H 1
| #define HAVE_STDBOOL_H 1
| #define HAVE_STDCKDINT_H 1
| #define HAVE_SYS_RANDOM_H 1
| #define HAVE_SYSEXITS_H 1
| #define HAVE_UTIME_H 1
| #define HAVE_NETDB_H 1
| #define HAVE_SYS_WAIT_H 1
| #define HAVE_PWD_H 1
| #define HAVE_GRP_H 1
| #define STDC_HEADERS 1
| #define _ALL_SOURCE 1
| #define _DARWIN_C_SOURCE 1
| #define _GNU_SOURCE 1
| #define _HPUX_ALT_XOPEN_SOCKET_API 1
| #define _NETBSD_SOURCE 1
| #define _OPENBSD_SOURCE 1
| #define _POSIX_PTHREAD_SEMANTICS 1
| #define __STDC_WANT_IEC_60559_ATTRIBS_EXT__ 1
| #define __STDC_WANT_IEC_60559_BFP_EXT__ 1
| #define __STDC_WANT_IEC_60559_DFP_EXT__ 1
| #define __STDC_WANT_IEC_60559_EXT__ 1
| #define __STDC_WANT_IEC_60559_FUNCS_EXT__ 1
| #define __STDC_WANT_IEC_60559_TYPES_EXT__ 1
| #define __STDC_WANT_LIB_EXT2__ 1
| #define __STDC_WANT_MATH_SPEC_FUNCS__ 1
| #define _TANDEM_SOURCE 1
| #define __EXTENSIONS__ 1
| #define HAVE_FSEEKO 1
| #define __USE_MINGW_ANSI_STDIO 1
| #define MAJOR_IN_SYSMACROS 1
| #define major_t int
| #define minor_t int
| #define HAVE_FCHMOD 1
| #define HAVE_FLOCKFILE 1
| #define HAVE_FUNLOCKFILE 1
| #define HAVE_PATHCONF 1
| #define HAVE_BTOWC 1
| #define HAVE_MBRTOWC 1
| #define HAVE_MBSINIT 1
| #define HAVE_REALPATH 1
| #define HAVE_LSTAT 1
| #define HAVE_CHOWN 1
| #define HAVE_FCHOWN 1
| #define HAVE_FCHDIR 1
| #define HAVE_FDOPENDIR 1
| #define HAVE_FCHMODAT 1
| #define HAVE_LCHMOD 1
| #define HAVE_FCNTL 1
| #define HAVE_SYMLINK 1
| #define HAVE_LISTXATTR 1
| #define HAVE_FNMATCH 1
| #define HAVE_MBSRTOWCS 1
| #define HAVE_FSTATAT 1
| #define HAVE_GETDTABLESIZE 1
| #define HAVE_GETTIMEOFDAY 1
| #define HAVE_ISBLANK 1
| #define HAVE_ISWCNTRL 1
| #define HAVE_LINK 1
| #define HAVE_READLINK 1
| #define HAVE_OPENAT 1
| #define HAVE_MPROTECT 1
| #define HAVE_MKDIRAT 1
| #define HAVE_MKNOD 1
| #define HAVE_PIPE 1
| #define HAVE_ISWCTYPE 1
| #define HAVE_RENAMEAT 1
| #define HAVE_SETENV 1
| #define HAVE_SLEEP 1
| #define HAVE_SNPRINTF 1
| #define HAVE_STRNDUP 1
| #define HAVE_STRTOIMAX 1
| #define HAVE_STRTOUMAX 1
| #define HAVE_LOCALTIME_R 1
| #define HAVE_UNLINKAT 1
| #define HAVE_WCRTOMB 1
| #define HAVE_WCWIDTH 1
| #define HAVE_MKFIFO 1
| #define HAVE_SETLOCALE 1
| #define HAVE_FSYNC 1
| #define USE_ACL 0
| /* end confdefs.h.  */
| #include <stddef.h>
| #ifdef HAVE_STDIO_H
| # include <stdio.h>
| #endif
| #ifdef HAVE_STDLIB_H
| # include <stdlib.h>
| #endif
| #ifdef HAVE_STRING_H
| # include <string.h>
| #endif
| #ifdef HAVE_INTTYPES_H
| # include <inttypes.h>
| #endif
| #ifdef HAVE_STDINT_H
| # include <stdint.h>
| #endif
| #ifdef HAVE_STRINGS_H
| # include <strings.h>
| #endif
| #ifdef HAVE_SYS_TYPES_H
| # include <sys/types.h>
| #endif
| #ifdef HAVE_SYS_STAT_H
| # include <sys/stat.h>
| #endif
| #ifdef HAVE_UNISTD_H
| # include <unistd.h>
| #endif
| int
| main (void)
| {
| if (sizeof ((size_t)))
| 	    return 0;
|   ;
|   return 0;
| }
configure:9677: result: yes
configure:9689: checking for working alloca.h
configure:9707: gcc -o conftest -g -O2   conftest.c  >&5
configure:9707: $? = 0
configure:9716: result: yes
configure:9724: checking for alloca
configure:9769: result: yes
configure:9840: checking for inline
configure:9857: gcc -c -g -O2  conftest.c >&5
configure:9857: $? = 0
configure:9866: result: inline
configure:9884: checking for C/C++ restrict keyword
configure:9914: gcc -c -g -O2  conftest.c >&5
configure:9914: $? = 0
configure:9923: result: __restrict__
configure:9934: checking for gcc options needed to detect all undeclared functions
configure:9956: gcc -c -g -O2   conftest.c >&5
conftest.c: In function 'main':
conftest.c:129:8: error: 'strchr' undeclared (first use in this function)
  129 | (void) strchr;
      |        ^~~~~~
conftest.c:1:1: note: 'strchr' is defined in header '<string.h>'; this is probably fixable by adding '#include <string.h>'
    1 | /* confdefs.h */
conftest.c:129:8: note: each undeclared identifier is reported only once for each function it appears in
  129 | (void) strchr;
      |        ^~~~~~
configure:9956: $? = 1
configure: failed program was:
| /* confdefs.h */
| #define PACKAGE_NAME "GNU tar"
| #define PACKAGE_TARNAME "tar"
| #define PACKAGE_VERSION "1.35"
| #define PACKAGE_STRING "GNU tar 1.35"
| #define PACKAGE_BUGREPORT "bug-tar@gnu.org"
| #define PACKAGE_URL "https://www.gnu.org/software/tar/"
| #define PACKAGE "tar"
| #define VERSION "1.35"
| #define HAVE_STDIO_H 1
| #define HAVE_STDLIB_H 1
| #define HAVE_STRING_H 1
| #define HAVE_INTTYPES_H 1
| #define HAVE_STDINT_H 1
| #define HAVE_STRINGS_H 1
| #define HAVE_SYS_STAT_H 1
| #define HAVE_SYS_TYPES_H 1
| #define HAVE_UNISTD_H 1
| #define HAVE_WCHAR_H 1
| #define HAVE_FCNTL_H 1
| #define HAVE_LINUX_FD_H 1
| #define HAVE_MEMORY_H 1
| #define HAVE_SYS_PARAM_H 1
| #define HAVE_SYS_MTIO_H 1
| #define HAVE_SYS_TIME_H 1
| #define HAVE_LOCALE_H 1
| #define HAVE_FEATURES_H 1
| #define HAVE_UCHAR_H 1
| #define HAVE_SYS_SOCKET_H 1
| #define HAVE_DIRENT_H 1
| #define HAVE_LINUX_XATTR_H 1
| #define HAVE_FNMATCH_H 1
| #define HAVE_STDIO_EXT_H 1
| #define HAVE_GETOPT_H 1
| #define HAVE_THREADS_H 1
| #define HAVE_LIMITS_H 1
| #define HAVE_WCTYPE_H 1
| #define HAVE_LANGINFO_H 1
| #define HAVE_SYS_MMAN_H 1
| #define HAVE_MALLOC_H 1
| #define HAVE_STDBOOL_H 1
| #define HAVE_STDCKDINT_H 1
| #define HAVE_SYS_RANDOM_H 1
| #define HAVE_SYSEXITS_H 1
| #define HAVE_UTIME_H 1
| #define HAVE_NETDB_H 1
| #define HAVE_SYS_WAIT_H 1
| #define HAVE_PWD_H 1
| #define HAVE_GRP_H 1
| #define STDC_HEADERS 1
| #define _ALL_SOURCE 1
| #define _DARWIN_C_SOURCE 1
| #define _GNU_SOURCE 1
| #define _HPUX_ALT_XOPEN_SOCKET_API 1
| #define _NETBSD_SOURCE 1
| #define _OPENBSD_SOURCE 1
| #define _POSIX_PTHREAD_SEMANTICS 1
| #define __STDC_WANT_IEC_60559_ATTRIBS_EXT__ 1
| #define __STDC_WANT_IEC_60559_BFP_EXT__ 1
| #define __STDC_WANT_IEC_60559_DFP_EXT__ 1
| #define __STDC_WANT_IEC_60559_EXT__ 1
| #define __STDC_WANT_IEC_60559_FUNCS_EXT__ 1
| #define __STDC_WANT_IEC_60559_TYPES_EXT__ 1
| #define __STDC_WANT_LIB_EXT2__ 1
| #define __STDC_WANT_MATH_SPEC_FUNCS__ 1
| #define _TANDEM_SOURCE 1
| #define __EXTENSIONS__ 1
| #define HAVE_FSEEKO 1
| #define __USE_MINGW_ANSI_STDIO 1
| #define MAJOR_IN_SYSMACROS 1
| #define major_t int
| #define minor_t int
| #define HAVE_FCHMOD 1
| #define HAVE_FLOCKFILE 1
| #define HAVE_FUNLOCKFILE 1
| #define HAVE_PATHCONF 1
| #define HAVE_BTOWC 1
| #define HAVE_MBRTOWC 1
| #define HAVE_MBSINIT 1
| #define HAVE_REALPATH 1
| #define HAVE_LSTAT 1
| #define HAVE_CHOWN 1
| #define HAVE_FCHOWN 1
| #define HAVE_FCHDIR 1
| #define HAVE_FDOPENDIR 1
| #define HAVE_FCHMODAT 1
| #define HAVE_LCHMOD 1
| #define HAVE_FCNTL 1
| #define HAVE_SYMLINK 1
| #define HAVE_LISTXATTR 1
| #define HAVE_FNMATCH 1
| #define HAVE_MBSRTOWCS 1
| #define HAVE_FSTATAT 1
| #define HAVE_GETDTABLESIZE 1
| #define HAVE_GETTIMEOFDAY 1
| #define HAVE_ISBLANK 1
| #define HAVE_ISWCNTRL 1
| #define HAVE_LINK 1
| #define HAVE_READLINK 1
| #define HAVE_OPENAT 1
| #define HAVE_MPROTECT 1
| #define HAVE_MKDIRAT 1
| #define HAVE_MKNOD 1
| #define HAVE_PIPE 1
| #define HAVE_ISWCTYPE 1
| #define HAVE_RENAMEAT 1
| #define HAVE_SETENV 1
| #define HAVE_SLEEP 1
| #define HAVE_SNPRINTF 1
| #define HAVE_STRNDUP 1
| #define HAVE_STRTOIMAX 1
| #define HAVE_STRTOUMAX 1
| #define HAVE_LOCALTIME_R 1
| #define HAVE_UNLINKAT 1
| #define HAVE_WCRTOMB 1
| #define HAVE_WCWIDTH 1
| #define HAVE_MKFIFO 1
| #define HAVE_SETLOCALE 1
| #define HAVE_FSYNC 1
| #define USE_ACL 0
| #define HAVE_ALLOCA_H 1
| #define HAVE_ALLOCA 1
| #define restrict __restrict__
| /* end confdefs.h.  */
| 
| int
| main (void)
| {
| (void) strchr;
|   ;
|   return 0;
| }
configure:9983: gcc -c -g -O2   conftest.c >&5
configure:9983: $? = 0
configure:10000: result: none needed
configure:10014: checking whether clearerr_unlocked is declared
configure:10014: gcc -c -g -O2   conftest.c >&5
configure:10014: $? = 0
configure:10014: result: yes
configure:10023: checking whether feof_unlocked is declared
configure:10023: gcc -c -g -O2   conftest.c >&5
configure:10023: $? = 0
configure:10023: result: yes
configure:10032: checking whether ferror_unlocked is declared
configure:10032: gcc -c -g -O2   conftest.c >&5
configure:10032: $? = 0
configure:10032: result: yes
configure:10041: checking whether fflush_unlocked is declared
configure:10041: gcc -c -g -O2   conftest.c >&5
configure:10041: $? = 0
configure:10041: result: yes
configure:10050: checking whether fgets_unlocked is declared
configure:10050: gcc -c -g -O2   conftest.c >&5
configure:10050: $? = 0
configure:10050: result: yes
configure:10059: checking whether fputc_unlocked is declared
configure:10059: gcc -c -g -O2   conftest.c >&5
configure:10059: $? = 0
configure:10059: result: yes
configure:10068: checking whether fputs_unlocked is declared
configure:10068: gcc -c -g -O2   conftest.c >&5
configure:10068: $? = 0
configure:10068: result: yes
configure:10077: checking whether fread_unlocked is declared
configure:10077: gcc -c -g -O2   conftest.c >&5
configure:10077: $? = 0
configure:10077: result: yes
configure:10086: checking whether fwrite_unlocked is declared
configure:10086: gcc -c -g -O2   conftest.c >&5
configure:10086: $? = 0
configure:10086: result: yes
configure:10095: checking whether getc_unlocked is declared
configure:10095: gcc -c -g -O2   conftest.c >&5
configure:10095: $? = 0
configure:10095: result: yes
configure:10104: checking whether getchar_unlocked is declared
configure:10104: gcc -c -g -O2   conftest.c >&5
configure:10104: $? = 0
configure:10104: result: yes
configure:10113: checking whether putc_unlocked is declared
configure:10113: gcc -c -g -O2   conftest.c >&5
configure:10113: $? = 0
configure:10113: result: yes
configure:10122: checking whether putchar_unlocked is declared
configure:10122: gcc -c -g -O2   conftest.c >&5
configure:10122: $? = 0
configure:10122: result: yes
configure:10135: checking whether strerror_r is declared
configure:10135: gcc -c -g -O2   conftest.c >&5
configure:10135: $? = 0
configure:10135: result: yes
configure:10154: checking whether strerror_r returns char *
configure:10179: gcc -c -g -O2  conftest.c >&5
conftest.c: In function 'main':
conftest.c:146:20: error: invalid type argument of unary '*' (have 'int')
  146 |           char x = *strerror_r (0, buf, sizeof buf);
      |                    ^~~~~~~~~~~~~~~~~~~~~~~~~~~~~~~~
conftest.c:147:21: error: initialization of 'char *' from 'int' makes pointer from integer without a cast [-Wint-conversion]
  147 |           char *p = strerror_r (0, buf, sizeof buf);
      |                     ^~~~~~~~~~
configure:10179: $? = 1
configure: failed program was:
| /* confdefs.h */
| #define PACKAGE_NAME "GNU tar"
| #define PACKAGE_TARNAME "tar"
| #define PACKAGE_VERSION "1.35"
| #define PACKAGE_STRING "GNU tar 1.35"
| #define PACKAGE_BUGREPORT "bug-tar@gnu.org"
| #define PACKAGE_URL "https://www.gnu.org/software/tar/"
| #define PACKAGE "tar"
| #define VERSION "1.35"
| #define HAVE_STDIO_H 1
| #define HAVE_STDLIB_H 1
| #define HAVE_STRING_H 1
| #define HAVE_INTTYPES_H 1
| #define HAVE_STDINT_H 1
| #define HAVE_STRINGS_H 1
| #define HAVE_SYS_STAT_H 1
| #define HAVE_SYS_TYPES_H 1
| #define HAVE_UNISTD_H 1
| #define HAVE_WCHAR_H 1
| #define HAVE_FCNTL_H 1
| #define HAVE_LINUX_FD_H 1
| #define HAVE_MEMORY_H 1
| #define HAVE_SYS_PARAM_H 1
| #define HAVE_SYS_MTIO_H 1
| #define HAVE_SYS_TIME_H 1
| #define HAVE_LOCALE_H 1
| #define HAVE_FEATURES_H 1
| #define HAVE_UCHAR_H 1
| #define HAVE_SYS_SOCKET_H 1
| #define HAVE_DIRENT_H 1
| #define HAVE_LINUX_XATTR_H 1
| #define HAVE_FNMATCH_H 1
| #define HAVE_STDIO_EXT_H 1
| #define HAVE_GETOPT_H 1
| #define HAVE_THREADS_H 1
| #define HAVE_LIMITS_H 1
| #define HAVE_WCTYPE_H 1
| #define HAVE_LANGINFO_H 1
| #define HAVE_SYS_MMAN_H 1
| #define HAVE_MALLOC_H 1
| #define HAVE_STDBOOL_H 1
| #define HAVE_STDCKDINT_H 1
| #define HAVE_SYS_RANDOM_H 1
| #define HAVE_SYSEXITS_H 1
| #define HAVE_UTIME_H 1
| #define HAVE_NETDB_H 1
| #define HAVE_SYS_WAIT_H 1
| #define HAVE_PWD_H 1
| #define HAVE_GRP_H 1
| #define STDC_HEADERS 1
| #define _ALL_SOURCE 1
| #define _DARWIN_C_SOURCE 1
| #define _GNU_SOURCE 1
| #define _HPUX_ALT_XOPEN_SOCKET_API 1
| #define _NETBSD_SOURCE 1
| #define _OPENBSD_SOURCE 1
| #define _POSIX_PTHREAD_SEMANTICS 1
| #define __STDC_WANT_IEC_60559_ATTRIBS_EXT__ 1
| #define __STDC_WANT_IEC_60559_BFP_EXT__ 1
| #define __STDC_WANT_IEC_60559_DFP_EXT__ 1
| #define __STDC_WANT_IEC_60559_EXT__ 1
| #define __STDC_WANT_IEC_60559_FUNCS_EXT__ 1
| #define __STDC_WANT_IEC_60559_TYPES_EXT__ 1
| #define __STDC_WANT_LIB_EXT2__ 1
| #define __STDC_WANT_MATH_SPEC_FUNCS__ 1
| #define _TANDEM_SOURCE 1
| #define __EXTENSIONS__ 1
| #define HAVE_FSEEKO 1
| #define __USE_MINGW_ANSI_STDIO 1
| #define MAJOR_IN_SYSMACROS 1
| #define major_t int
| #define minor_t int
| #define HAVE_FCHMOD 1
| #define HAVE_FLOCKFILE 1
| #define HAVE_FUNLOCKFILE 1
| #define HAVE_PATHCONF 1
| #define HAVE_BTOWC 1
| #define HAVE_MBRTOWC 1
| #define HAVE_MBSINIT 1
| #define HAVE_REALPATH 1
| #define HAVE_LSTAT 1
| #define HAVE_CHOWN 1
| #define HAVE_FCHOWN 1
| #define HAVE_FCHDIR 1
| #define HAVE_FDOPENDIR 1
| #define HAVE_FCHMODAT 1
| #define HAVE_LCHMOD 1
| #define HAVE_FCNTL 1
| #define HAVE_SYMLINK 1
| #define HAVE_LISTXATTR 1
| #define HAVE_FNMATCH 1
| #define HAVE_MBSRTOWCS 1
| #define HAVE_FSTATAT 1
| #define HAVE_GETDTABLESIZE 1
| #define HAVE_GETTIMEOFDAY 1
| #define HAVE_ISBLANK 1
| #define HAVE_ISWCNTRL 1
| #define HAVE_LINK 1
| #define HAVE_READLINK 1
| #define HAVE_OPENAT 1
| #define HAVE_MPROTECT 1
| #define HAVE_MKDIRAT 1
| #define HAVE_MKNOD 1
| #define HAVE_PIPE 1
| #define HAVE_ISWCTYPE 1
| #define HAVE_RENAMEAT 1
| #define HAVE_SETENV 1
| #define HAVE_SLEEP 1
| #define HAVE_SNPRINTF 1
| #define HAVE_STRNDUP 1
| #define HAVE_STRTOIMAX 1
| #define HAVE_STRTOUMAX 1
| #define HAVE_LOCALTIME_R 1
| #define HAVE_UNLINKAT 1
| #define HAVE_WCRTOMB 1
| #define HAVE_WCWIDTH 1
| #define HAVE_MKFIFO 1
| #define HAVE_SETLOCALE 1
| #define HAVE_FSYNC 1
| #define USE_ACL 0
| #define HAVE_ALLOCA_H 1
| #define HAVE_ALLOCA 1
| #define restrict __restrict__
| #define HAVE_DECL_CLEARERR_UNLOCKED 1
| #define HAVE_DECL_FEOF_UNLOCKED 1
| #define HAVE_DECL_FERROR_UNLOCKED 1
| #define HAVE_DECL_FFLUSH_UNLOCKED 1
| #define HAVE_DECL_FGETS_UNLOCKED 1
| #define HAVE_DECL_FPUTC_UNLOCKED 1
| #define HAVE_DECL_FPUTS_UNLOCKED 1
| #define HAVE_DECL_FREAD_UNLOCKED 1
| #define HAVE_DECL_FWRITE_UNLOCKED 1
| #define HAVE_DECL_GETC_UNLOCKED 1
| #define HAVE_DECL_GETCHAR_UNLOCKED 1
| #define HAVE_DECL_PUTC_UNLOCKED 1
| #define HAVE_DECL_PUTCHAR_UNLOCKED 1
| #define HAVE_DECL_STRERROR_R 1
| #define HAVE_STRERROR_R 1
| /* end confdefs.h.  */
| #include <string.h>
| int
| main (void)
| {
| 
| 	  char buf[100];
| 	  char x = *strerror_r (0, buf, sizeof buf);
| 	  char *p = strerror_r (0, buf, sizeof buf);
| 	  return !p || x;
| 
|   ;
|   return 0;
| }
configure:10188: result: no
configure:10201: checking whether the preprocessor supports include_next
configure:10240: gcc -c -g -O2  -Iconftestd1b -Iconftestd2 conftest.c >&5
configure:10240: $? = 0
configure:10263: result: yes
configure:10285: checking whether source code line length is unlimited
configure:10310: result: yes
configure:10319: checking for d_ino member in directory struct
configure:10369: gcc -o conftest -g -O2   conftest.c  >&5
configure:10369: $? = 0
configure:10369: ./conftest
configure:10369: $? = 0
configure:10380: result: yes
configure:10391: checking for long file names
configure:10424: result: yes
configure:10499: checking whether <wchar.h> uses 'inline' correctly
configure:10555: result: yes
configure:10571: checking for nl_langinfo and CODESET
configure:10588: gcc -o conftest -g -O2   conftest.c  >&5
configure:10588: $? = 0
configure:10598: result: yes
configure:10609: checking for a traditional french locale
configure:10685: gcc -o conftest -g -O2   conftest.c  >&5
configure:10688: $? = 0
configure:10744: result: none
configure:11220: checking whether char8_t is correctly defined
configure:11244: gcc -c -g -O2  conftest.c >&5
conftest.c:148:23: error: 'char8_t' undeclared here (not in a function); did you mean 'char32_t'?
  148 |           int verify[(char8_t)(-1) >= 0 && sizeof (char8_t) == sizeof (unsigned char) ? 1 : -1];
      |                       ^~~~~~~
      |                       char32_t
configure:11244: $? = 1
configure: failed program was:
| /* confdefs.h */
| #define PACKAGE_NAME "GNU tar"
| #define PACKAGE_TARNAME "tar"
| #define PACKAGE_VERSION "1.35"
| #define PACKAGE_STRING "GNU tar 1.35"
| #define PACKAGE_BUGREPORT "bug-tar@gnu.org"
| #define PACKAGE_URL "https://www.gnu.org/software/tar/"
| #define PACKAGE "tar"
| #define VERSION "1.35"
| #define HAVE_STDIO_H 1
| #define HAVE_STDLIB_H 1
| #define HAVE_STRING_H 1
| #define HAVE_INTTYPES_H 1
| #define HAVE_STDINT_H 1
| #define HAVE_STRINGS_H 1
| #define HAVE_SYS_STAT_H 1
| #define HAVE_SYS_TYPES_H 1
| #define HAVE_UNISTD_H 1
| #define HAVE_WCHAR_H 1
| #define HAVE_FCNTL_H 1
| #define HAVE_LINUX_FD_H 1
| #define HAVE_MEMORY_H 1
| #define HAVE_SYS_PARAM_H 1
| #define HAVE_SYS_MTIO_H 1
| #define HAVE_SYS_TIME_H 1
| #define HAVE_LOCALE_H 1
| #define HAVE_FEATURES_H 1
| #define HAVE_UCHAR_H 1
| #define HAVE_SYS_SOCKET_H 1
| #define HAVE_DIRENT_H 1
| #define HAVE_LINUX_XATTR_H 1
| #define HAVE_FNMATCH_H 1
| #define HAVE_STDIO_EXT_H 1
| #define HAVE_GETOPT_H 1
| #define HAVE_THREADS_H 1
| #define HAVE_LIMITS_H 1
| #define HAVE_WCTYPE_H 1
| #define HAVE_LANGINFO_H 1
| #define HAVE_SYS_MMAN_H 1
| #define HAVE_MALLOC_H 1
| #define HAVE_STDBOOL_H 1
| #define HAVE_STDCKDINT_H 1
| #define HAVE_SYS_RANDOM_H 1
| #define HAVE_SYSEXITS_H 1
| #define HAVE_UTIME_H 1
| #define HAVE_NETDB_H 1
| #define HAVE_SYS_WAIT_H 1
| #define HAVE_PWD_H 1
| #define HAVE_GRP_H 1
| #define STDC_HEADERS 1
| #define _ALL_SOURCE 1
| #define _DARWIN_C_SOURCE 1
| #define _GNU_SOURCE 1
| #define _HPUX_ALT_XOPEN_SOCKET_API 1
| #define _NETBSD_SOURCE 1
| #define _OPENBSD_SOURCE 1
| #define _POSIX_PTHREAD_SEMANTICS 1
| #define __STDC_WANT_IEC_60559_ATTRIBS_EXT__ 1
| #define __STDC_WANT_IEC_60559_BFP_EXT__ 1
| #define __STDC_WANT_IEC_60559_DFP_EXT__ 1
| #define __STDC_WANT_IEC_60559_EXT__ 1
| #define __STDC_WANT_IEC_60559_FUNCS_EXT__ 1
| #define __STDC_WANT_IEC_60559_TYPES_EXT__ 1
| #define __STDC_WANT_LIB_EXT2__ 1
| #define __STDC_WANT_MATH_SPEC_FUNCS__ 1
| #define _TANDEM_SOURCE 1
| #define __EXTENSIONS__ 1
| #define HAVE_FSEEKO 1
| #define __USE_MINGW_ANSI_STDIO 1
| #define MAJOR_IN_SYSMACROS 1
| #define major_t int
| #define minor_t int
| #define HAVE_FCHMOD 1
| #define HAVE_FLOCKFILE 1
| #define HAVE_FUNLOCKFILE 1
| #define HAVE_PATHCONF 1
| #define HAVE_BTOWC 1
| #define HAVE_MBRTOWC 1
| #define HAVE_MBSINIT 1
| #define HAVE_REALPATH 1
| #define HAVE_LSTAT 1
| #define HAVE_CHOWN 1
| #define HAVE_FCHOWN 1
| #define HAVE_FCHDIR 1
| #define HAVE_FDOPENDIR 1
| #define HAVE_FCHMODAT 1
| #define HAVE_LCHMOD 1
| #define HAVE_FCNTL 1
| #define HAVE_SYMLINK 1
| #define HAVE_LISTXATTR 1
| #define HAVE_FNMATCH 1
| #define HAVE_MBSRTOWCS 1
| #define HAVE_FSTATAT 1
| #define HAVE_GETDTABLESIZE 1
| #define HAVE_GETTIMEOFDAY 1
| #define HAVE_ISBLANK 1
| #define HAVE_ISWCNTRL 1
| #define HAVE_LINK 1
| #define HAVE_READLINK 1
| #define HAVE_OPENAT 1
| #define HAVE_MPROTECT 1
| #define HAVE_MKDIRAT 1
| #define HAVE_MKNOD 1
| #define HAVE_PIPE 1
| #define HAVE_ISWCTYPE 1
| #define HAVE_RENAMEAT 1
| #define HAVE_SETENV 1
| #define HAVE_SLEEP 1
| #define HAVE_SNPRINTF 1
| #define HAVE_STRNDUP 1
| #define HAVE_STRTOIMAX 1
| #define HAVE_STRTOUMAX 1
| #define HAVE_LOCALTIME_R 1
| #define HAVE_UNLINKAT 1
| #define HAVE_WCRTOMB 1
| #define HAVE_WCWIDTH 1
| #define HAVE_MKFIFO 1
| #define HAVE_SETLOCALE 1
| #define HAVE_FSYNC 1
| #define USE_ACL 0
| #define HAVE_ALLOCA_H 1
| #define HAVE_ALLOCA 1
| #define restrict __restrict__
| #define HAVE_DECL_CLEARERR_UNLOCKED 1
| #define HAVE_DECL_FEOF_UNLOCKED 1
| #define HAVE_DECL_FERROR_UNLOCKED 1
| #define HAVE_DECL_FFLUSH_UNLOCKED 1
| #define HAVE_DECL_FGETS_UNLOCKED 1
| #define HAVE_DECL_FPUTC_UNLOCKED 1
| #define HAVE_DECL_FPUTS_UNLOCKED 1
| #define HAVE_DECL_FREAD_UNLOCKED 1
| #define HAVE_DECL_FWRITE_UNLOCKED 1
| #define HAVE_DECL_GETC_UNLOCKED 1
| #define HAVE_DECL_GETCHAR_UNLOCKED 1
| #define HAVE_DECL_PUTC_UNLOCKED 1
| #define HAVE_DECL_PUTCHAR_UNLOCKED 1
| #define HAVE_DECL_STRERROR_R 1
| #define HAVE_STRERROR_R 1
| #define D_INO_IN_DIRENT 1
| #define HAVE_LONG_FILE_NAMES 1
| #define HAVE_LANGINFO_CODESET 1
| /* end confdefs.h.  */
| 
|           #ifdef __HAIKU__
|            #include <stdint.h>
|           #endif
|           #include <uchar.h>
|           int verify[(char8_t)(-1) >= 0 && sizeof (char8_t) == sizeof (unsigned char) ? 1 : -1];
| 
| int
| main (void)
| {
| 
|   ;
|   return 0;
| }
| 
configure:11253: result: no
configure:11263: checking whether char16_t is correctly defined
configure:11289: gcc -c -g -O2  conftest.c >&5
configure:11289: $? = 0
configure:11298: result: yes
configure:11308: checking whether char32_t is correctly defined
configure:11334: gcc -c -g -O2  conftest.c >&5
configure:11334: $? = 0
configure:11343: result: yes
configure:11519: checking for bit size of wchar_t
configure:11525: gcc -o conftest -g -O2   conftest.c  >&5
configure:11525: $? = 0
configure:11525: ./conftest
configure:11525: $? = 0
configure:11543: result: 32
configure:11569: checking for mbstate_t
configure:11587: gcc -c -g -O2  conftest.c >&5
configure:11587: $? = 0
configure:11595: result: yes
configure:11611: checking for a traditional japanese locale
configure:11691: gcc -o conftest -g -O2   conftest.c  >&5
configure:11694: $? = 0
configure:11752: result: none
configure:11760: checking for a french Unicode locale
configure:11889: result: fr_FR.UTF-8
configure:11916: checking for a transitional chinese locale
configure:11997: gcc -o conftest -g -O2   conftest.c  >&5
configure:12000: $? = 0
configure:12051: result: none
configure:12072: checking whether mbrtowc handles incomplete characters
configure:12150: gcc -o conftest -g -O2   conftest.c  >&5
configure:12150: $? = 0
configure:12150: ./conftest
configure:12150: $? = 0
configure:12164: result: yes
configure:12170: checking whether mbrtowc works as well as mbtowc
configure:12227: result: guessing yes
configure:12244: checking whether mbrtoc32 is declared
configure:12244: gcc -c -g -O2   conftest.c >&5
configure:12244: $? = 0
configure:12244: result: yes
configure:12255: checking for mbrtoc32
configure:12280: gcc -o conftest -g -O2   conftest.c  >&5
configure:12280: $? = 0
configure:12290: result: yes
configure:12305: checking whether mbrtoc32 works as well as mbrtowc
configure:12391: result: guessing yes
configure:12516: checking whether malloc is ptrdiff_t safe
configure:12553: gcc -c -g -O2  conftest.c >&5
configure:12553: $? = 0
configure:12562: result: yes
configure:12572: checking whether malloc, realloc, calloc set errno on failure
configure:12590: result: yes
configure:12613: checking whether lstat correctly handles trailing slash
configure:12660: gcc -o conftest -g -O2   conftest.c  >&5
configure:12660: $? = 0
configure:12660: ./conftest
configure:12660: $? = 0
configure:12673: result: yes
configure:12686: checking whether // is distinct from /
configure:12716: result: no
configure:12728: checking whether realpath works
configure:12942: gcc -o conftest -g -O2   conftest.c  >&5
configure:12942: $? = 0
configure:12942: ./conftest
configure:12942: $? = 32
configure: program exited with status 32
configure: failed program was:
| /* confdefs.h */
| #define PACKAGE_NAME "GNU tar"
| #define PACKAGE_TARNAME "tar"
| #define PACKAGE_VERSION "1.35"
| #define PACKAGE_STRING "GNU tar 1.35"
| #define PACKAGE_BUGREPORT "bug-tar@gnu.org"
| #define PACKAGE_URL "https://www.gnu.org/software/tar/"
| #define PACKAGE "tar"
| #define VERSION "1.35"
| #define HAVE_STDIO_H 1
| #define HAVE_STDLIB_H 1
| #define HAVE_STRING_H 1
| #define HAVE_INTTYPES_H 1
| #define HAVE_STDINT_H 1
| #define HAVE_STRINGS_H 1
| #define HAVE_SYS_STAT_H 1
| #define HAVE_SYS_TYPES_H 1
| #define HAVE_UNISTD_H 1
| #define HAVE_WCHAR_H 1
| #define HAVE_FCNTL_H 1
| #define HAVE_LINUX_FD_H 1
| #define HAVE_MEMORY_H 1
| #define HAVE_SYS_PARAM_H 1
| #define HAVE_SYS_MTIO_H 1
| #define HAVE_SYS_TIME_H 1
| #define HAVE_LOCALE_H 1
| #define HAVE_FEATURES_H 1
| #define HAVE_UCHAR_H 1
| #define HAVE_SYS_SOCKET_H 1
| #define HAVE_DIRENT_H 1
| #define HAVE_LINUX_XATTR_H 1
| #define HAVE_FNMATCH_H 1
| #define HAVE_STDIO_EXT_H 1
| #define HAVE_GETOPT_H 1
| #define HAVE_THREADS_H 1
| #define HAVE_LIMITS_H 1
| #define HAVE_WCTYPE_H 1
| #define HAVE_LANGINFO_H 1
| #define HAVE_SYS_MMAN_H 1
| #define HAVE_MALLOC_H 1
| #define HAVE_STDBOOL_H 1
| #define HAVE_STDCKDINT_H 1
| #define HAVE_SYS_RANDOM_H 1
| #define HAVE_SYSEXITS_H 1
| #define HAVE_UTIME_H 1
| #define HAVE_NETDB_H 1
| #define HAVE_SYS_WAIT_H 1
| #define HAVE_PWD_H 1
| #define HAVE_GRP_H 1
| #define STDC_HEADERS 1
| #define _ALL_SOURCE 1
| #define _DARWIN_C_SOURCE 1
| #define _GNU_SOURCE 1
| #define _HPUX_ALT_XOPEN_SOCKET_API 1
| #define _NETBSD_SOURCE 1
| #define _OPENBSD_SOURCE 1
| #define _POSIX_PTHREAD_SEMANTICS 1
| #define __STDC_WANT_IEC_60559_ATTRIBS_EXT__ 1
| #define __STDC_WANT_IEC_60559_BFP_EXT__ 1
| #define __STDC_WANT_IEC_60559_DFP_EXT__ 1
| #define __STDC_WANT_IEC_60559_EXT__ 1
| #define __STDC_WANT_IEC_60559_FUNCS_EXT__ 1
| #define __STDC_WANT_IEC_60559_TYPES_EXT__ 1
| #define __STDC_WANT_LIB_EXT2__ 1
| #define __STDC_WANT_MATH_SPEC_FUNCS__ 1
| #define _TANDEM_SOURCE 1
| #define __EXTENSIONS__ 1
| #define HAVE_FSEEKO 1
| #define __USE_MINGW_ANSI_STDIO 1
| #define MAJOR_IN_SYSMACROS 1
| #define major_t int
| #define minor_t int
| #define HAVE_FCHMOD 1
| #define HAVE_FLOCKFILE 1
| #define HAVE_FUNLOCKFILE 1
| #define HAVE_PATHCONF 1
| #define HAVE_BTOWC 1
| #define HAVE_MBRTOWC 1
| #define HAVE_MBSINIT 1
| #define HAVE_REALPATH 1
| #define HAVE_LSTAT 1
| #define HAVE_CHOWN 1
| #define HAVE_FCHOWN 1
| #define HAVE_FCHDIR 1
| #define HAVE_FDOPENDIR 1
| #define HAVE_FCHMODAT 1
| #define HAVE_LCHMOD 1
| #define HAVE_FCNTL 1
| #define HAVE_SYMLINK 1
| #define HAVE_LISTXATTR 1
| #define HAVE_FNMATCH 1
| #define HAVE_MBSRTOWCS 1
| #define HAVE_FSTATAT 1
| #define HAVE_GETDTABLESIZE 1
| #define HAVE_GETTIMEOFDAY 1
| #define HAVE_ISBLANK 1
| #define HAVE_ISWCNTRL 1
| #define HAVE_LINK 1
| #define HAVE_READLINK 1
| #define HAVE_OPENAT 1
| #define HAVE_MPROTECT 1
| #define HAVE_MKDIRAT 1
| #define HAVE_MKNOD 1
| #define HAVE_PIPE 1
| #define HAVE_ISWCTYPE 1
| #define HAVE_RENAMEAT 1
| #define HAVE_SETENV 1
| #define HAVE_SLEEP 1
| #define HAVE_SNPRINTF 1
| #define HAVE_STRNDUP 1
| #define HAVE_STRTOIMAX 1
| #define HAVE_STRTOUMAX 1
| #define HAVE_LOCALTIME_R 1
| #define HAVE_UNLINKAT 1
| #define HAVE_WCRTOMB 1
| #define HAVE_WCWIDTH 1
| #define HAVE_MKFIFO 1
| #define HAVE_SETLOCALE 1
| #define HAVE_FSYNC 1
| #define USE_ACL 0
| #define HAVE_ALLOCA_H 1
| #define HAVE_ALLOCA 1
| #define restrict __restrict__
| #define HAVE_DECL_CLEARERR_UNLOCKED 1
| #define HAVE_DECL_FEOF_UNLOCKED 1
| #define HAVE_DECL_FERROR_UNLOCKED 1
| #define HAVE_DECL_FFLUSH_UNLOCKED 1
| #define HAVE_DECL_FGETS_UNLOCKED 1
| #define HAVE_DECL_FPUTC_UNLOCKED 1
| #define HAVE_DECL_FPUTS_UNLOCKED 1
| #define HAVE_DECL_FREAD_UNLOCKED 1
| #define HAVE_DECL_FWRITE_UNLOCKED 1
| #define HAVE_DECL_GETC_UNLOCKED 1
| #define HAVE_DECL_GETCHAR_UNLOCKED 1
| #define HAVE_DECL_PUTC_UNLOCKED 1
| #define HAVE_DECL_PUTCHAR_UNLOCKED 1
| #define HAVE_DECL_STRERROR_R 1
| #define HAVE_STRERROR_R 1
| #define D_INO_IN_DIRENT 1
| #define HAVE_LONG_FILE_NAMES 1
| #define HAVE_LANGINFO_CODESET 1
| #define BITSIZEOF_WCHAR_T 32
| #define HAVE_MBSTATE_T 1
| #define HAVE_WORKING_MBRTOC32 1
| #define HAVE_MALLOC_POSIX 1
| #define LSTAT_FOLLOWS_SLASHED_SYMLINK 1
| /* end confdefs.h.  */
| 
| 
| 
| #include <stdlib.h>
| #if defined __MACH__ && defined __APPLE__
| /* Avoid a crash on Mac OS X.  */
| #include <mach/mach.h>
| #include <mach/mach_error.h>
| #include <mach/thread_status.h>
| #include <mach/exception.h>
| #include <mach/task.h>
| #include <pthread.h>
| /* The exception port on which our thread listens.  */
| static mach_port_t our_exception_port;
| /* The main function of the thread listening for exceptions of type
|    EXC_BAD_ACCESS.  */
| static void *
| mach_exception_thread (void *arg)
| {
|   /* Buffer for a message to be received.  */
|   struct {
|     mach_msg_header_t head;
|     mach_msg_body_t msgh_body;
|     char data[1024];
|   } msg;
|   mach_msg_return_t retval;
|   /* Wait for a message on the exception port.  */
|   retval = mach_msg (&msg.head, MACH_RCV_MSG | MACH_RCV_LARGE, 0, sizeof (msg),
|                      our_exception_port, MACH_MSG_TIMEOUT_NONE, MACH_PORT_NULL);
|   if (retval != MACH_MSG_SUCCESS)
|     abort ();
|   exit (1);
| }
| static void
| nocrash_init (void)
| {
|   mach_port_t self = mach_task_self ();
|   /* Allocate a port on which the thread shall listen for exceptions.  */
|   if (mach_port_allocate (self, MACH_PORT_RIGHT_RECEIVE, &our_exception_port)
|       == KERN_SUCCESS) {
|     /* See https://web.mit.edu/darwin/src/modules/xnu/osfmk/man/mach_port_insert_right.html.  */
|     if (mach_port_insert_right (self, our_exception_port, our_exception_port,
|                                 MACH_MSG_TYPE_MAKE_SEND)
|         == KERN_SUCCESS) {
|       /* The exceptions we want to catch.  Only EXC_BAD_ACCESS is interesting
|          for us.  */
|       exception_mask_t mask = EXC_MASK_BAD_ACCESS;
|       /* Create the thread listening on the exception port.  */
|       pthread_attr_t attr;
|       pthread_t thread;
|       if (pthread_attr_init (&attr) == 0
|           && pthread_attr_setdetachstate (&attr, PTHREAD_CREATE_DETACHED) == 0
|           && pthread_create (&thread, &attr, mach_exception_thread, NULL) == 0) {
|         pthread_attr_destroy (&attr);
|         /* Replace the exception port info for these exceptions with our own.
|            Note that we replace the exception port for the entire task, not only
|            for a particular thread.  This has the effect that when our exception
|            port gets the message, the thread specific exception port has already
|            been asked, and we don't need to bother about it.
|            See https://web.mit.edu/darwin/src/modules/xnu/osfmk/man/task_set_exception_ports.html.  */
|         task_set_exception_ports (self, mask, our_exception_port,
|                                   EXCEPTION_DEFAULT, MACHINE_THREAD_STATE);
|       }
|     }
|   }
| }
| #elif defined _WIN32 && ! defined __CYGWIN__
| /* Avoid a crash on native Windows.  */
| #define WIN32_LEAN_AND_MEAN
| #include <windows.h>
| #include <winerror.h>
| static LONG WINAPI
| exception_filter (EXCEPTION_POINTERS *ExceptionInfo)
| {
|   switch (ExceptionInfo->ExceptionRecord->ExceptionCode)
|     {
|     case EXCEPTION_ACCESS_VIOLATION:
|     case EXCEPTION_IN_PAGE_ERROR:
|     case EXCEPTION_STACK_OVERFLOW:
|     case EXCEPTION_GUARD_PAGE:
|     case EXCEPTION_PRIV_INSTRUCTION:
|     case EXCEPTION_ILLEGAL_INSTRUCTION:
|     case EXCEPTION_DATATYPE_MISALIGNMENT:
|     case EXCEPTION_ARRAY_BOUNDS_EXCEEDED:
|     case EXCEPTION_NONCONTINUABLE_EXCEPTION:
|       exit (1);
|     }
|   return EXCEPTION_CONTINUE_SEARCH;
| }
| static void
| nocrash_init (void)
| {
|   SetUnhandledExceptionFilter ((LPTOP_LEVEL_EXCEPTION_FILTER) exception_filter);
| }
| #else
| /* Avoid a crash on POSIX systems.  */
| #include <signal.h>
| #include <unistd.h>
| /* A POSIX signal handler.  */
| static void
| exception_handler (int sig)
| {
|   _exit (1);
| }
| static void
| nocrash_init (void)
| {
| #ifdef SIGSEGV
|   signal (SIGSEGV, exception_handler);
| #endif
| #ifdef SIGBUS
|   signal (SIGBUS, exception_handler);
| #endif
| }
| #endif
| 
|         #include <errno.h>
|         #include <stdlib.h>
|         #include <string.h>
| 
| int
| main (void)
| {
| 
|         int result = 0;
|         /* This test fails on Solaris 10.  */
|         {
|           char *name = realpath ("conftest.a", NULL);
|           if (!(name && *name == '/'))
|             result |= 1;
|           free (name);
|         }
|         /* This test fails on older versions of Cygwin.  */
|         {
|           char *name = realpath ("conftest.b/../conftest.a", NULL);
|           if (name != NULL)
|             result |= 2;
|           free (name);
|         }
|         /* This test fails on Cygwin 2.9.  */
|         #if HAVE_LSTAT
|         {
|           char *name = realpath ("conftest.l/../conftest.a", NULL);
|           if (name != NULL || errno != ENOTDIR)
|             result |= 4;
|           free (name);
|         }
|         #endif
|         /* This test fails on Mac OS X 10.13, OpenBSD 6.0.  */
|         {
|           char *name = realpath ("conftest.a/", NULL);
|           if (name != NULL)
|             result |= 8;
|           free (name);
|         }
|         /* This test fails on AIX 7, Solaris 10.  */
|         {
|           char *name1 = realpath (".", NULL);
|           char *name2 = realpath ("conftest.d//./..", NULL);
|           if (! name1 || ! name2 || strcmp (name1, name2))
|             result |= 16;
|           free (name1);
|           free (name2);
|         }
|         #ifdef __linux__
|         /* On Linux, // is the same as /. See also double-slash-root.m4.
|            realpath() should respect this.
|            This test fails on musl libc 1.2.2.  */
|         {
|           char *name = realpath ("//", NULL);
|           if (! name || strcmp (name, "/"))
|             result |= 32;
|           free (name);
|         }
|         #endif
|         return result;
| 
|   ;
|   return 0;
| }
| 
configure:12959: result: nearly
configure:12980: checking for faccessat
configure:13017: checking for faccessat
configure:13017: gcc -o conftest -g -O2   conftest.c  >&5
configure:13017: $? = 0
configure:13017: result: yes
configure:13032: result: yes
configure:13050: checking for getcwd
configure:13050: gcc -o conftest -g -O2   conftest.c  >&5
configure:13050: $? = 0
configure:13050: result: yes
configure:13676: checking for unistd.h
configure:13676: result: yes
configure:13683: checking for working chown
configure:13733: gcc -o conftest -g -O2   conftest.c  >&5
configure:13733: $? = 0
configure:13733: ./conftest
configure:13733: $? = 0
configure:13746: result: yes
configure:13757: checking whether chown dereferences symlinks
configure:13799: gcc -o conftest -g -O2   conftest.c  >&5
configure:13799: $? = 0
configure:13799: ./conftest
configure:13799: $? = 0
configure:13812: result: yes
configure:13850: checking whether chown honors trailing slash
configure:13889: gcc -o conftest -g -O2   conftest.c  >&5
configure:13889: $? = 0
configure:13889: ./conftest
configure:13889: $? = 0
configure:13901: result: yes
configure:13913: checking whether chown always updates ctime
configure:13958: gcc -o conftest -g -O2   conftest.c  >&5
configure:13958: $? = 0
configure:13958: ./conftest
configure:13958: $? = 0
configure:13970: result: yes
configure:14333: checking if environ is properly declared
configure:14357: gcc -c -g -O2  conftest.c >&5
conftest.c:160:26: error: conflicting types for 'environ'; have 'foo_t'
  160 |             extern foo_t environ;
      |                          ^~~~~~~
In file included from /usr/include/fortify/unistd.h:23,
                 from conftest.c:154:
/usr/include/unistd.h:188:15: note: previous declaration of 'environ' with type 'char **'
  188 | extern char **environ;
      |               ^~~~~~~
configure:14357: $? = 1
configure: failed program was:
| /* confdefs.h */
| #define PACKAGE_NAME "GNU tar"
| #define PACKAGE_TARNAME "tar"
| #define PACKAGE_VERSION "1.35"
| #define PACKAGE_STRING "GNU tar 1.35"
| #define PACKAGE_BUGREPORT "bug-tar@gnu.org"
| #define PACKAGE_URL "https://www.gnu.org/software/tar/"
| #define PACKAGE "tar"
| #define VERSION "1.35"
| #define HAVE_STDIO_H 1
| #define HAVE_STDLIB_H 1
| #define HAVE_STRING_H 1
| #define HAVE_INTTYPES_H 1
| #define HAVE_STDINT_H 1
| #define HAVE_STRINGS_H 1
| #define HAVE_SYS_STAT_H 1
| #define HAVE_SYS_TYPES_H 1
| #define HAVE_UNISTD_H 1
| #define HAVE_WCHAR_H 1
| #define HAVE_FCNTL_H 1
| #define HAVE_LINUX_FD_H 1
| #define HAVE_MEMORY_H 1
| #define HAVE_SYS_PARAM_H 1
| #define HAVE_SYS_MTIO_H 1
| #define HAVE_SYS_TIME_H 1
| #define HAVE_LOCALE_H 1
| #define HAVE_FEATURES_H 1
| #define HAVE_UCHAR_H 1
| #define HAVE_SYS_SOCKET_H 1
| #define HAVE_DIRENT_H 1
| #define HAVE_LINUX_XATTR_H 1
| #define HAVE_FNMATCH_H 1
| #define HAVE_STDIO_EXT_H 1
| #define HAVE_GETOPT_H 1
| #define HAVE_THREADS_H 1
| #define HAVE_LIMITS_H 1
| #define HAVE_WCTYPE_H 1
| #define HAVE_LANGINFO_H 1
| #define HAVE_SYS_MMAN_H 1
| #define HAVE_MALLOC_H 1
| #define HAVE_STDBOOL_H 1
| #define HAVE_STDCKDINT_H 1
| #define HAVE_SYS_RANDOM_H 1
| #define HAVE_SYSEXITS_H 1
| #define HAVE_UTIME_H 1
| #define HAVE_NETDB_H 1
| #define HAVE_SYS_WAIT_H 1
| #define HAVE_PWD_H 1
| #define HAVE_GRP_H 1
| #define STDC_HEADERS 1
| #define _ALL_SOURCE 1
| #define _DARWIN_C_SOURCE 1
| #define _GNU_SOURCE 1
| #define _HPUX_ALT_XOPEN_SOCKET_API 1
| #define _NETBSD_SOURCE 1
| #define _OPENBSD_SOURCE 1
| #define _POSIX_PTHREAD_SEMANTICS 1
| #define __STDC_WANT_IEC_60559_ATTRIBS_EXT__ 1
| #define __STDC_WANT_IEC_60559_BFP_EXT__ 1
| #define __STDC_WANT_IEC_60559_DFP_EXT__ 1
| #define __STDC_WANT_IEC_60559_EXT__ 1
| #define __STDC_WANT_IEC_60559_FUNCS_EXT__ 1
| #define __STDC_WANT_IEC_60559_TYPES_EXT__ 1
| #define __STDC_WANT_LIB_EXT2__ 1
| #define __STDC_WANT_MATH_SPEC_FUNCS__ 1
| #define _TANDEM_SOURCE 1
| #define __EXTENSIONS__ 1
| #define HAVE_FSEEKO 1
| #define __USE_MINGW_ANSI_STDIO 1
| #define MAJOR_IN_SYSMACROS 1
| #define major_t int
| #define minor_t int
| #define HAVE_FCHMOD 1
| #define HAVE_FLOCKFILE 1
| #define HAVE_FUNLOCKFILE 1
| #define HAVE_PATHCONF 1
| #define HAVE_BTOWC 1
| #define HAVE_MBRTOWC 1
| #define HAVE_MBSINIT 1
| #define HAVE_REALPATH 1
| #define HAVE_LSTAT 1
| #define HAVE_CHOWN 1
| #define HAVE_FCHOWN 1
| #define HAVE_FCHDIR 1
| #define HAVE_FDOPENDIR 1
| #define HAVE_FCHMODAT 1
| #define HAVE_LCHMOD 1
| #define HAVE_FCNTL 1
| #define HAVE_SYMLINK 1
| #define HAVE_LISTXATTR 1
| #define HAVE_FNMATCH 1
| #define HAVE_MBSRTOWCS 1
| #define HAVE_FSTATAT 1
| #define HAVE_GETDTABLESIZE 1
| #define HAVE_GETTIMEOFDAY 1
| #define HAVE_ISBLANK 1
| #define HAVE_ISWCNTRL 1
| #define HAVE_LINK 1
| #define HAVE_READLINK 1
| #define HAVE_OPENAT 1
| #define HAVE_MPROTECT 1
| #define HAVE_MKDIRAT 1
| #define HAVE_MKNOD 1
| #define HAVE_PIPE 1
| #define HAVE_ISWCTYPE 1
| #define HAVE_RENAMEAT 1
| #define HAVE_SETENV 1
| #define HAVE_SLEEP 1
| #define HAVE_SNPRINTF 1
| #define HAVE_STRNDUP 1
| #define HAVE_STRTOIMAX 1
| #define HAVE_STRTOUMAX 1
| #define HAVE_LOCALTIME_R 1
| #define HAVE_UNLINKAT 1
| #define HAVE_WCRTOMB 1
| #define HAVE_WCWIDTH 1
| #define HAVE_MKFIFO 1
| #define HAVE_SETLOCALE 1
| #define HAVE_FSYNC 1
| #define USE_ACL 0
| #define HAVE_ALLOCA_H 1
| #define HAVE_ALLOCA 1
| #define restrict __restrict__
| #define HAVE_DECL_CLEARERR_UNLOCKED 1
| #define HAVE_DECL_FEOF_UNLOCKED 1
| #define HAVE_DECL_FERROR_UNLOCKED 1
| #define HAVE_DECL_FFLUSH_UNLOCKED 1
| #define HAVE_DECL_FGETS_UNLOCKED 1
| #define HAVE_DECL_FPUTC_UNLOCKED 1
| #define HAVE_DECL_FPUTS_UNLOCKED 1
| #define HAVE_DECL_FREAD_UNLOCKED 1
| #define HAVE_DECL_FWRITE_UNLOCKED 1
| #define HAVE_DECL_GETC_UNLOCKED 1
| #define HAVE_DECL_GETCHAR_UNLOCKED 1
| #define HAVE_DECL_PUTC_UNLOCKED 1
| #define HAVE_DECL_PUTCHAR_UNLOCKED 1
| #define HAVE_DECL_STRERROR_R 1
| #define HAVE_STRERROR_R 1
| #define D_INO_IN_DIRENT 1
| #define HAVE_LONG_FILE_NAMES 1
| #define HAVE_LANGINFO_CODESET 1
| #define BITSIZEOF_WCHAR_T 32
| #define HAVE_MBSTATE_T 1
| #define HAVE_WORKING_MBRTOC32 1
| #define HAVE_MALLOC_POSIX 1
| #define LSTAT_FOLLOWS_SLASHED_SYMLINK 1
| #define FUNC_REALPATH_NEARLY_WORKS 1
| #define HAVE_FACCESSAT 1
| #define HAVE_GETCWD 1
| #define HAVE_UNISTD_H 1
| #define HAVE_CHOWN 1
| /* end confdefs.h.  */
| #if HAVE_UNISTD_H
|      #include <unistd.h>
|      #endif
|      /* mingw, BeOS, Haiku declare environ in <stdlib.h>, not in <unistd.h>.  */
|      #include <stdlib.h>
| 
|             typedef struct { int foo; } foo_t;
|             extern foo_t environ;
| int
| main (void)
| {
| environ.foo = 1;
|   ;
|   return 0;
| }
configure:14365: result: yes
configure:14380: checking for complete errno.h
configure:14455: result: yes
configure:14853: checking for error
configure:14890: checking for error
configure:14890: gcc -o conftest -g -O2   conftest.c  >&5
/usr/lib/gcc/x86_64-alpine-linux-musl/15.2.0/../../../../x86_64-alpine-linux-musl/bin/ld: /tmp/ccFpPlFD.o: in function `main':
/home/sonakrie/Work/testicular_linux/tar/conftest.c:181:(.text.startup+0x5): undefined reference to `error'
collect2: error: ld returned 1 exit status
configure:14890: $? = 1
configure: failed program was:
| /* confdefs.h */
| #define PACKAGE_NAME "GNU tar"
| #define PACKAGE_TARNAME "tar"
| #define PACKAGE_VERSION "1.35"
| #define PACKAGE_STRING "GNU tar 1.35"
| #define PACKAGE_BUGREPORT "bug-tar@gnu.org"
| #define PACKAGE_URL "https://www.gnu.org/software/tar/"
| #define PACKAGE "tar"
| #define VERSION "1.35"
| #define HAVE_STDIO_H 1
| #define HAVE_STDLIB_H 1
| #define HAVE_STRING_H 1
| #define HAVE_INTTYPES_H 1
| #define HAVE_STDINT_H 1
| #define HAVE_STRINGS_H 1
| #define HAVE_SYS_STAT_H 1
| #define HAVE_SYS_TYPES_H 1
| #define HAVE_UNISTD_H 1
| #define HAVE_WCHAR_H 1
| #define HAVE_FCNTL_H 1
| #define HAVE_LINUX_FD_H 1
| #define HAVE_MEMORY_H 1
| #define HAVE_SYS_PARAM_H 1
| #define HAVE_SYS_MTIO_H 1
| #define HAVE_SYS_TIME_H 1
| #define HAVE_LOCALE_H 1
| #define HAVE_FEATURES_H 1
| #define HAVE_UCHAR_H 1
| #define HAVE_SYS_SOCKET_H 1
| #define HAVE_DIRENT_H 1
| #define HAVE_LINUX_XATTR_H 1
| #define HAVE_FNMATCH_H 1
| #define HAVE_STDIO_EXT_H 1
| #define HAVE_GETOPT_H 1
| #define HAVE_THREADS_H 1
| #define HAVE_LIMITS_H 1
| #define HAVE_WCTYPE_H 1
| #define HAVE_LANGINFO_H 1
| #define HAVE_SYS_MMAN_H 1
| #define HAVE_MALLOC_H 1
| #define HAVE_STDBOOL_H 1
| #define HAVE_STDCKDINT_H 1
| #define HAVE_SYS_RANDOM_H 1
| #define HAVE_SYSEXITS_H 1
| #define HAVE_UTIME_H 1
| #define HAVE_NETDB_H 1
| #define HAVE_SYS_WAIT_H 1
| #define HAVE_PWD_H 1
| #define HAVE_GRP_H 1
| #define STDC_HEADERS 1
| #define _ALL_SOURCE 1
| #define _DARWIN_C_SOURCE 1
| #define _GNU_SOURCE 1
| #define _HPUX_ALT_XOPEN_SOCKET_API 1
| #define _NETBSD_SOURCE 1
| #define _OPENBSD_SOURCE 1
| #define _POSIX_PTHREAD_SEMANTICS 1
| #define __STDC_WANT_IEC_60559_ATTRIBS_EXT__ 1
| #define __STDC_WANT_IEC_60559_BFP_EXT__ 1
| #define __STDC_WANT_IEC_60559_DFP_EXT__ 1
| #define __STDC_WANT_IEC_60559_EXT__ 1
| #define __STDC_WANT_IEC_60559_FUNCS_EXT__ 1
| #define __STDC_WANT_IEC_60559_TYPES_EXT__ 1
| #define __STDC_WANT_LIB_EXT2__ 1
| #define __STDC_WANT_MATH_SPEC_FUNCS__ 1
| #define _TANDEM_SOURCE 1
| #define __EXTENSIONS__ 1
| #define HAVE_FSEEKO 1
| #define __USE_MINGW_ANSI_STDIO 1
| #define MAJOR_IN_SYSMACROS 1
| #define major_t int
| #define minor_t int
| #define HAVE_FCHMOD 1
| #define HAVE_FLOCKFILE 1
| #define HAVE_FUNLOCKFILE 1
| #define HAVE_PATHCONF 1
| #define HAVE_BTOWC 1
| #define HAVE_MBRTOWC 1
| #define HAVE_MBSINIT 1
| #define HAVE_REALPATH 1
| #define HAVE_LSTAT 1
| #define HAVE_CHOWN 1
| #define HAVE_FCHOWN 1
| #define HAVE_FCHDIR 1
| #define HAVE_FDOPENDIR 1
| #define HAVE_FCHMODAT 1
| #define HAVE_LCHMOD 1
| #define HAVE_FCNTL 1
| #define HAVE_SYMLINK 1
| #define HAVE_LISTXATTR 1
| #define HAVE_FNMATCH 1
| #define HAVE_MBSRTOWCS 1
| #define HAVE_FSTATAT 1
| #define HAVE_GETDTABLESIZE 1
| #define HAVE_GETTIMEOFDAY 1
| #define HAVE_ISBLANK 1
| #define HAVE_ISWCNTRL 1
| #define HAVE_LINK 1
| #define HAVE_READLINK 1
| #define HAVE_OPENAT 1
| #define HAVE_MPROTECT 1
| #define HAVE_MKDIRAT 1
| #define HAVE_MKNOD 1
| #define HAVE_PIPE 1
| #define HAVE_ISWCTYPE 1
| #define HAVE_RENAMEAT 1
| #define HAVE_SETENV 1
| #define HAVE_SLEEP 1
| #define HAVE_SNPRINTF 1
| #define HAVE_STRNDUP 1
| #define HAVE_STRTOIMAX 1
| #define HAVE_STRTOUMAX 1
| #define HAVE_LOCALTIME_R 1
| #define HAVE_UNLINKAT 1
| #define HAVE_WCRTOMB 1
| #define HAVE_WCWIDTH 1
| #define HAVE_MKFIFO 1
| #define HAVE_SETLOCALE 1
| #define HAVE_FSYNC 1
| #define USE_ACL 0
| #define HAVE_ALLOCA_H 1
| #define HAVE_ALLOCA 1
| #define restrict __restrict__
| #define HAVE_DECL_CLEARERR_UNLOCKED 1
| #define HAVE_DECL_FEOF_UNLOCKED 1
| #define HAVE_DECL_FERROR_UNLOCKED 1
| #define HAVE_DECL_FFLUSH_UNLOCKED 1
| #define HAVE_DECL_FGETS_UNLOCKED 1
| #define HAVE_DECL_FPUTC_UNLOCKED 1
| #define HAVE_DECL_FPUTS_UNLOCKED 1
| #define HAVE_DECL_FREAD_UNLOCKED 1
| #define HAVE_DECL_FWRITE_UNLOCKED 1
| #define HAVE_DECL_GETC_UNLOCKED 1
| #define HAVE_DECL_GETCHAR_UNLOCKED 1
| #define HAVE_DECL_PUTC_UNLOCKED 1
| #define HAVE_DECL_PUTCHAR_UNLOCKED 1
| #define HAVE_DECL_STRERROR_R 1
| #define HAVE_STRERROR_R 1
| #define D_INO_IN_DIRENT 1
| #define HAVE_LONG_FILE_NAMES 1
| #define HAVE_LANGINFO_CODESET 1
| #define BITSIZEOF_WCHAR_T 32
| #define HAVE_MBSTATE_T 1
| #define HAVE_WORKING_MBRTOC32 1
| #define HAVE_MALLOC_POSIX 1
| #define LSTAT_FOLLOWS_SLASHED_SYMLINK 1
| #define FUNC_REALPATH_NEARLY_WORKS 1
| #define HAVE_FACCESSAT 1
| #define HAVE_GETCWD 1
| #define HAVE_UNISTD_H 1
| #define HAVE_CHOWN 1
| #define HAVE_ENVIRON_DECL 1
| /* end confdefs.h.  */
| /* Define error to an innocuous variant, in case <limits.h> declares error.
|    For example, HP-UX 11i <limits.h> declares gettimeofday.  */
| #define error innocuous_error
| 
| /* System header to define __stub macros and hopefully few prototypes,
|    which can conflict with char error (); below.  */
| 
| #include <limits.h>
| #undef error
| 
| /* Override any GCC internal prototype to avoid an error.
|    Use char because int might match the return type of a GCC
|    builtin and then its argument prototype would still apply.  */
| #ifdef __cplusplus
| extern "C"
| #endif
| char error ();
| /* The GNU C library defines this for functions which it implements
|     to always fail with ENOSYS.  Some functions are actually named
|     something starting with __ and the normal name is an alias.  */
| #if defined __stub_error || defined __stub___error
| choke me
| #endif
| 
| int
| main (void)
| {
| return error ();
|   ;
|   return 0;
| }
configure:14890: result: no
configure:14905: result: no
configure:14928: checking whether error_at_line is declared
configure:14928: gcc -c -g -O2   conftest.c >&5
conftest.c:154:10: fatal error: error.h: No such file or directory
  154 | #include <error.h>
      |          ^~~~~~~~~
compilation terminated.
configure:14928: $? = 1
configure: failed program was:
| /* confdefs.h */
| #define PACKAGE_NAME "GNU tar"
| #define PACKAGE_TARNAME "tar"
| #define PACKAGE_VERSION "1.35"
| #define PACKAGE_STRING "GNU tar 1.35"
| #define PACKAGE_BUGREPORT "bug-tar@gnu.org"
| #define PACKAGE_URL "https://www.gnu.org/software/tar/"
| #define PACKAGE "tar"
| #define VERSION "1.35"
| #define HAVE_STDIO_H 1
| #define HAVE_STDLIB_H 1
| #define HAVE_STRING_H 1
| #define HAVE_INTTYPES_H 1
| #define HAVE_STDINT_H 1
| #define HAVE_STRINGS_H 1
| #define HAVE_SYS_STAT_H 1
| #define HAVE_SYS_TYPES_H 1
| #define HAVE_UNISTD_H 1
| #define HAVE_WCHAR_H 1
| #define HAVE_FCNTL_H 1
| #define HAVE_LINUX_FD_H 1
| #define HAVE_MEMORY_H 1
| #define HAVE_SYS_PARAM_H 1
| #define HAVE_SYS_MTIO_H 1
| #define HAVE_SYS_TIME_H 1
| #define HAVE_LOCALE_H 1
| #define HAVE_FEATURES_H 1
| #define HAVE_UCHAR_H 1
| #define HAVE_SYS_SOCKET_H 1
| #define HAVE_DIRENT_H 1
| #define HAVE_LINUX_XATTR_H 1
| #define HAVE_FNMATCH_H 1
| #define HAVE_STDIO_EXT_H 1
| #define HAVE_GETOPT_H 1
| #define HAVE_THREADS_H 1
| #define HAVE_LIMITS_H 1
| #define HAVE_WCTYPE_H 1
| #define HAVE_LANGINFO_H 1
| #define HAVE_SYS_MMAN_H 1
| #define HAVE_MALLOC_H 1
| #define HAVE_STDBOOL_H 1
| #define HAVE_STDCKDINT_H 1
| #define HAVE_SYS_RANDOM_H 1
| #define HAVE_SYSEXITS_H 1
| #define HAVE_UTIME_H 1
| #define HAVE_NETDB_H 1
| #define HAVE_SYS_WAIT_H 1
| #define HAVE_PWD_H 1
| #define HAVE_GRP_H 1
| #define STDC_HEADERS 1
| #define _ALL_SOURCE 1
| #define _DARWIN_C_SOURCE 1
| #define _GNU_SOURCE 1
| #define _HPUX_ALT_XOPEN_SOCKET_API 1
| #define _NETBSD_SOURCE 1
| #define _OPENBSD_SOURCE 1
| #define _POSIX_PTHREAD_SEMANTICS 1
| #define __STDC_WANT_IEC_60559_ATTRIBS_EXT__ 1
| #define __STDC_WANT_IEC_60559_BFP_EXT__ 1
| #define __STDC_WANT_IEC_60559_DFP_EXT__ 1
| #define __STDC_WANT_IEC_60559_EXT__ 1
| #define __STDC_WANT_IEC_60559_FUNCS_EXT__ 1
| #define __STDC_WANT_IEC_60559_TYPES_EXT__ 1
| #define __STDC_WANT_LIB_EXT2__ 1
| #define __STDC_WANT_MATH_SPEC_FUNCS__ 1
| #define _TANDEM_SOURCE 1
| #define __EXTENSIONS__ 1
| #define HAVE_FSEEKO 1
| #define __USE_MINGW_ANSI_STDIO 1
| #define MAJOR_IN_SYSMACROS 1
| #define major_t int
| #define minor_t int
| #define HAVE_FCHMOD 1
| #define HAVE_FLOCKFILE 1
| #define HAVE_FUNLOCKFILE 1
| #define HAVE_PATHCONF 1
| #define HAVE_BTOWC 1
| #define HAVE_MBRTOWC 1
| #define HAVE_MBSINIT 1
| #define HAVE_REALPATH 1
| #define HAVE_LSTAT 1
| #define HAVE_CHOWN 1
| #define HAVE_FCHOWN 1
| #define HAVE_FCHDIR 1
| #define HAVE_FDOPENDIR 1
| #define HAVE_FCHMODAT 1
| #define HAVE_LCHMOD 1
| #define HAVE_FCNTL 1
| #define HAVE_SYMLINK 1
| #define HAVE_LISTXATTR 1
| #define HAVE_FNMATCH 1
| #define HAVE_MBSRTOWCS 1
| #define HAVE_FSTATAT 1
| #define HAVE_GETDTABLESIZE 1
| #define HAVE_GETTIMEOFDAY 1
| #define HAVE_ISBLANK 1
| #define HAVE_ISWCNTRL 1
| #define HAVE_LINK 1
| #define HAVE_READLINK 1
| #define HAVE_OPENAT 1
| #define HAVE_MPROTECT 1
| #define HAVE_MKDIRAT 1
| #define HAVE_MKNOD 1
| #define HAVE_PIPE 1
| #define HAVE_ISWCTYPE 1
| #define HAVE_RENAMEAT 1
| #define HAVE_SETENV 1
| #define HAVE_SLEEP 1
| #define HAVE_SNPRINTF 1
| #define HAVE_STRNDUP 1
| #define HAVE_STRTOIMAX 1
| #define HAVE_STRTOUMAX 1
| #define HAVE_LOCALTIME_R 1
| #define HAVE_UNLINKAT 1
| #define HAVE_WCRTOMB 1
| #define HAVE_WCWIDTH 1
| #define HAVE_MKFIFO 1
| #define HAVE_SETLOCALE 1
| #define HAVE_FSYNC 1
| #define USE_ACL 0
| #define HAVE_ALLOCA_H 1
| #define HAVE_ALLOCA 1
| #define restrict __restrict__
| #define HAVE_DECL_CLEARERR_UNLOCKED 1
| #define HAVE_DECL_FEOF_UNLOCKED 1
| #define HAVE_DECL_FERROR_UNLOCKED 1
| #define HAVE_DECL_FFLUSH_UNLOCKED 1
| #define HAVE_DECL_FGETS_UNLOCKED 1
| #define HAVE_DECL_FPUTC_UNLOCKED 1
| #define HAVE_DECL_FPUTS_UNLOCKED 1
| #define HAVE_DECL_FREAD_UNLOCKED 1
| #define HAVE_DECL_FWRITE_UNLOCKED 1
| #define HAVE_DECL_GETC_UNLOCKED 1
| #define HAVE_DECL_GETCHAR_UNLOCKED 1
| #define HAVE_DECL_PUTC_UNLOCKED 1
| #define HAVE_DECL_PUTCHAR_UNLOCKED 1
| #define HAVE_DECL_STRERROR_R 1
| #define HAVE_STRERROR_R 1
| #define D_INO_IN_DIRENT 1
| #define HAVE_LONG_FILE_NAMES 1
| #define HAVE_LANGINFO_CODESET 1
| #define BITSIZEOF_WCHAR_T 32
| #define HAVE_MBSTATE_T 1
| #define HAVE_WORKING_MBRTOC32 1
| #define HAVE_MALLOC_POSIX 1
| #define LSTAT_FOLLOWS_SLASHED_SYMLINK 1
| #define FUNC_REALPATH_NEARLY_WORKS 1
| #define HAVE_FACCESSAT 1
| #define HAVE_GETCWD 1
| #define HAVE_UNISTD_H 1
| #define HAVE_CHOWN 1
| #define HAVE_ENVIRON_DECL 1
| /* end confdefs.h.  */
| #include <error.h>
| 
| int
| main (void)
| {
| #ifndef error_at_line
| #ifdef __cplusplus
|   (void) error_at_line;
| #else
|   (void) error_at_line;
| #endif
| #endif
| 
|   ;
|   return 0;
| }
configure:14928: result: no
configure:15076: checking type of array argument to getgroups
configure:15112: gcc -o conftest -g -O2   conftest.c  >&5
configure:15112: $? = 0
configure:15112: ./conftest
configure:15112: $? = 0
configure:15139: result: gid_t
configure:15146: checking whether ctype.h defines __header_inline
configure:15160: gcc -E  conftest.c
conftest.c:157:28: error: #error "<ctype.h> does not define __header_inline"
  157 |                           #error "<ctype.h> does not define __header_inline"
      |                            ^~~~~
configure:15160: $? = 1
configure: failed program was:
| /* confdefs.h */
| #define PACKAGE_NAME "GNU tar"
| #define PACKAGE_TARNAME "tar"
| #define PACKAGE_VERSION "1.35"
| #define PACKAGE_STRING "GNU tar 1.35"
| #define PACKAGE_BUGREPORT "bug-tar@gnu.org"
| #define PACKAGE_URL "https://www.gnu.org/software/tar/"
| #define PACKAGE "tar"
| #define VERSION "1.35"
| #define HAVE_STDIO_H 1
| #define HAVE_STDLIB_H 1
| #define HAVE_STRING_H 1
| #define HAVE_INTTYPES_H 1
| #define HAVE_STDINT_H 1
| #define HAVE_STRINGS_H 1
| #define HAVE_SYS_STAT_H 1
| #define HAVE_SYS_TYPES_H 1
| #define HAVE_UNISTD_H 1
| #define HAVE_WCHAR_H 1
| #define HAVE_FCNTL_H 1
| #define HAVE_LINUX_FD_H 1
| #define HAVE_MEMORY_H 1
| #define HAVE_SYS_PARAM_H 1
| #define HAVE_SYS_MTIO_H 1
| #define HAVE_SYS_TIME_H 1
| #define HAVE_LOCALE_H 1
| #define HAVE_FEATURES_H 1
| #define HAVE_UCHAR_H 1
| #define HAVE_SYS_SOCKET_H 1
| #define HAVE_DIRENT_H 1
| #define HAVE_LINUX_XATTR_H 1
| #define HAVE_FNMATCH_H 1
| #define HAVE_STDIO_EXT_H 1
| #define HAVE_GETOPT_H 1
| #define HAVE_THREADS_H 1
| #define HAVE_LIMITS_H 1
| #define HAVE_WCTYPE_H 1
| #define HAVE_LANGINFO_H 1
| #define HAVE_SYS_MMAN_H 1
| #define HAVE_MALLOC_H 1
| #define HAVE_STDBOOL_H 1
| #define HAVE_STDCKDINT_H 1
| #define HAVE_SYS_RANDOM_H 1
| #define HAVE_SYSEXITS_H 1
| #define HAVE_UTIME_H 1
| #define HAVE_NETDB_H 1
| #define HAVE_SYS_WAIT_H 1
| #define HAVE_PWD_H 1
| #define HAVE_GRP_H 1
| #define STDC_HEADERS 1
| #define _ALL_SOURCE 1
| #define _DARWIN_C_SOURCE 1
| #define _GNU_SOURCE 1
| #define _HPUX_ALT_XOPEN_SOCKET_API 1
| #define _NETBSD_SOURCE 1
| #define _OPENBSD_SOURCE 1
| #define _POSIX_PTHREAD_SEMANTICS 1
| #define __STDC_WANT_IEC_60559_ATTRIBS_EXT__ 1
| #define __STDC_WANT_IEC_60559_BFP_EXT__ 1
| #define __STDC_WANT_IEC_60559_DFP_EXT__ 1
| #define __STDC_WANT_IEC_60559_EXT__ 1
| #define __STDC_WANT_IEC_60559_FUNCS_EXT__ 1
| #define __STDC_WANT_IEC_60559_TYPES_EXT__ 1
| #define __STDC_WANT_LIB_EXT2__ 1
| #define __STDC_WANT_MATH_SPEC_FUNCS__ 1
| #define _TANDEM_SOURCE 1
| #define __EXTENSIONS__ 1
| #define HAVE_FSEEKO 1
| #define __USE_MINGW_ANSI_STDIO 1
| #define MAJOR_IN_SYSMACROS 1
| #define major_t int
| #define minor_t int
| #define HAVE_FCHMOD 1
| #define HAVE_FLOCKFILE 1
| #define HAVE_FUNLOCKFILE 1
| #define HAVE_PATHCONF 1
| #define HAVE_BTOWC 1
| #define HAVE_MBRTOWC 1
| #define HAVE_MBSINIT 1
| #define HAVE_REALPATH 1
| #define HAVE_LSTAT 1
| #define HAVE_CHOWN 1
| #define HAVE_FCHOWN 1
| #define HAVE_FCHDIR 1
| #define HAVE_FDOPENDIR 1
| #define HAVE_FCHMODAT 1
| #define HAVE_LCHMOD 1
| #define HAVE_FCNTL 1
| #define HAVE_SYMLINK 1
| #define HAVE_LISTXATTR 1
| #define HAVE_FNMATCH 1
| #define HAVE_MBSRTOWCS 1
| #define HAVE_FSTATAT 1
| #define HAVE_GETDTABLESIZE 1
| #define HAVE_GETTIMEOFDAY 1
| #define HAVE_ISBLANK 1
| #define HAVE_ISWCNTRL 1
| #define HAVE_LINK 1
| #define HAVE_READLINK 1
| #define HAVE_OPENAT 1
| #define HAVE_MPROTECT 1
| #define HAVE_MKDIRAT 1
| #define HAVE_MKNOD 1
| #define HAVE_PIPE 1
| #define HAVE_ISWCTYPE 1
| #define HAVE_RENAMEAT 1
| #define HAVE_SETENV 1
| #define HAVE_SLEEP 1
| #define HAVE_SNPRINTF 1
| #define HAVE_STRNDUP 1
| #define HAVE_STRTOIMAX 1
| #define HAVE_STRTOUMAX 1
| #define HAVE_LOCALTIME_R 1
| #define HAVE_UNLINKAT 1
| #define HAVE_WCRTOMB 1
| #define HAVE_WCWIDTH 1
| #define HAVE_MKFIFO 1
| #define HAVE_SETLOCALE 1
| #define HAVE_FSYNC 1
| #define USE_ACL 0
| #define HAVE_ALLOCA_H 1
| #define HAVE_ALLOCA 1
| #define restrict __restrict__
| #define HAVE_DECL_CLEARERR_UNLOCKED 1
| #define HAVE_DECL_FEOF_UNLOCKED 1
| #define HAVE_DECL_FERROR_UNLOCKED 1
| #define HAVE_DECL_FFLUSH_UNLOCKED 1
| #define HAVE_DECL_FGETS_UNLOCKED 1
| #define HAVE_DECL_FPUTC_UNLOCKED 1
| #define HAVE_DECL_FPUTS_UNLOCKED 1
| #define HAVE_DECL_FREAD_UNLOCKED 1
| #define HAVE_DECL_FWRITE_UNLOCKED 1
| #define HAVE_DECL_GETC_UNLOCKED 1
| #define HAVE_DECL_GETCHAR_UNLOCKED 1
| #define HAVE_DECL_PUTC_UNLOCKED 1
| #define HAVE_DECL_PUTCHAR_UNLOCKED 1
| #define HAVE_DECL_STRERROR_R 1
| #define HAVE_STRERROR_R 1
| #define D_INO_IN_DIRENT 1
| #define HAVE_LONG_FILE_NAMES 1
| #define HAVE_LANGINFO_CODESET 1
| #define BITSIZEOF_WCHAR_T 32
| #define HAVE_MBSTATE_T 1
| #define HAVE_WORKING_MBRTOC32 1
| #define HAVE_MALLOC_POSIX 1
| #define LSTAT_FOLLOWS_SLASHED_SYMLINK 1
| #define FUNC_REALPATH_NEARLY_WORKS 1
| #define HAVE_FACCESSAT 1
| #define HAVE_GETCWD 1
| #define HAVE_UNISTD_H 1
| #define HAVE_CHOWN 1
| #define HAVE_ENVIRON_DECL 1
| #define GETGROUPS_T gid_t
| /* end confdefs.h.  */
| #include <ctype.h>
|                          #ifndef __header_inline
|                           #error "<ctype.h> does not define __header_inline"
|                          #endif
| 
configure:15168: result: no
configure:15178: checking whether fchdir is declared
configure:15178: gcc -c -g -O2   conftest.c >&5
configure:15178: $? = 0
configure:15178: result: yes
configure:15234: checking for working fcntl.h
configure:15348: gcc -o conftest -g -O2   conftest.c  >&5
configure:15348: $? = 0
configure:15348: ./conftest
configure:15348: $? = 0
configure:15365: result: yes
configure:15470: checking for promoted mode_t type
configure:15488: gcc -c -g -O2  conftest.c >&5
conftest.c: In function 'main':
conftest.c:162:13: error: size of array 'array' is negative
  162 | typedef int array[2 * (sizeof (mode_t) < sizeof (int)) - 1];
      |             ^~~~~
configure:15488: $? = 1
configure: failed program was:
| /* confdefs.h */
| #define PACKAGE_NAME "GNU tar"
| #define PACKAGE_TARNAME "tar"
| #define PACKAGE_VERSION "1.35"
| #define PACKAGE_STRING "GNU tar 1.35"
| #define PACKAGE_BUGREPORT "bug-tar@gnu.org"
| #define PACKAGE_URL "https://www.gnu.org/software/tar/"
| #define PACKAGE "tar"
| #define VERSION "1.35"
| #define HAVE_STDIO_H 1
| #define HAVE_STDLIB_H 1
| #define HAVE_STRING_H 1
| #define HAVE_INTTYPES_H 1
| #define HAVE_STDINT_H 1
| #define HAVE_STRINGS_H 1
| #define HAVE_SYS_STAT_H 1
| #define HAVE_SYS_TYPES_H 1
| #define HAVE_UNISTD_H 1
| #define HAVE_WCHAR_H 1
| #define HAVE_FCNTL_H 1
| #define HAVE_LINUX_FD_H 1
| #define HAVE_MEMORY_H 1
| #define HAVE_SYS_PARAM_H 1
| #define HAVE_SYS_MTIO_H 1
| #define HAVE_SYS_TIME_H 1
| #define HAVE_LOCALE_H 1
| #define HAVE_FEATURES_H 1
| #define HAVE_UCHAR_H 1
| #define HAVE_SYS_SOCKET_H 1
| #define HAVE_DIRENT_H 1
| #define HAVE_LINUX_XATTR_H 1
| #define HAVE_FNMATCH_H 1
| #define HAVE_STDIO_EXT_H 1
| #define HAVE_GETOPT_H 1
| #define HAVE_THREADS_H 1
| #define HAVE_LIMITS_H 1
| #define HAVE_WCTYPE_H 1
| #define HAVE_LANGINFO_H 1
| #define HAVE_SYS_MMAN_H 1
| #define HAVE_MALLOC_H 1
| #define HAVE_STDBOOL_H 1
| #define HAVE_STDCKDINT_H 1
| #define HAVE_SYS_RANDOM_H 1
| #define HAVE_SYSEXITS_H 1
| #define HAVE_UTIME_H 1
| #define HAVE_NETDB_H 1
| #define HAVE_SYS_WAIT_H 1
| #define HAVE_PWD_H 1
| #define HAVE_GRP_H 1
| #define STDC_HEADERS 1
| #define _ALL_SOURCE 1
| #define _DARWIN_C_SOURCE 1
| #define _GNU_SOURCE 1
| #define _HPUX_ALT_XOPEN_SOCKET_API 1
| #define _NETBSD_SOURCE 1
| #define _OPENBSD_SOURCE 1
| #define _POSIX_PTHREAD_SEMANTICS 1
| #define __STDC_WANT_IEC_60559_ATTRIBS_EXT__ 1
| #define __STDC_WANT_IEC_60559_BFP_EXT__ 1
| #define __STDC_WANT_IEC_60559_DFP_EXT__ 1
| #define __STDC_WANT_IEC_60559_EXT__ 1
| #define __STDC_WANT_IEC_60559_FUNCS_EXT__ 1
| #define __STDC_WANT_IEC_60559_TYPES_EXT__ 1
| #define __STDC_WANT_LIB_EXT2__ 1
| #define __STDC_WANT_MATH_SPEC_FUNCS__ 1
| #define _TANDEM_SOURCE 1
| #define __EXTENSIONS__ 1
| #define HAVE_FSEEKO 1
| #define __USE_MINGW_ANSI_STDIO 1
| #define MAJOR_IN_SYSMACROS 1
| #define major_t int
| #define minor_t int
| #define HAVE_FCHMOD 1
| #define HAVE_FLOCKFILE 1
| #define HAVE_FUNLOCKFILE 1
| #define HAVE_PATHCONF 1
| #define HAVE_BTOWC 1
| #define HAVE_MBRTOWC 1
| #define HAVE_MBSINIT 1
| #define HAVE_REALPATH 1
| #define HAVE_LSTAT 1
| #define HAVE_CHOWN 1
| #define HAVE_FCHOWN 1
| #define HAVE_FCHDIR 1
| #define HAVE_FDOPENDIR 1
| #define HAVE_FCHMODAT 1
| #define HAVE_LCHMOD 1
| #define HAVE_FCNTL 1
| #define HAVE_SYMLINK 1
| #define HAVE_LISTXATTR 1
| #define HAVE_FNMATCH 1
| #define HAVE_MBSRTOWCS 1
| #define HAVE_FSTATAT 1
| #define HAVE_GETDTABLESIZE 1
| #define HAVE_GETTIMEOFDAY 1
| #define HAVE_ISBLANK 1
| #define HAVE_ISWCNTRL 1
| #define HAVE_LINK 1
| #define HAVE_READLINK 1
| #define HAVE_OPENAT 1
| #define HAVE_MPROTECT 1
| #define HAVE_MKDIRAT 1
| #define HAVE_MKNOD 1
| #define HAVE_PIPE 1
| #define HAVE_ISWCTYPE 1
| #define HAVE_RENAMEAT 1
| #define HAVE_SETENV 1
| #define HAVE_SLEEP 1
| #define HAVE_SNPRINTF 1
| #define HAVE_STRNDUP 1
| #define HAVE_STRTOIMAX 1
| #define HAVE_STRTOUMAX 1
| #define HAVE_LOCALTIME_R 1
| #define HAVE_UNLINKAT 1
| #define HAVE_WCRTOMB 1
| #define HAVE_WCWIDTH 1
| #define HAVE_MKFIFO 1
| #define HAVE_SETLOCALE 1
| #define HAVE_FSYNC 1
| #define USE_ACL 0
| #define HAVE_ALLOCA_H 1
| #define HAVE_ALLOCA 1
| #define restrict __restrict__
| #define HAVE_DECL_CLEARERR_UNLOCKED 1
| #define HAVE_DECL_FEOF_UNLOCKED 1
| #define HAVE_DECL_FERROR_UNLOCKED 1
| #define HAVE_DECL_FFLUSH_UNLOCKED 1
| #define HAVE_DECL_FGETS_UNLOCKED 1
| #define HAVE_DECL_FPUTC_UNLOCKED 1
| #define HAVE_DECL_FPUTS_UNLOCKED 1
| #define HAVE_DECL_FREAD_UNLOCKED 1
| #define HAVE_DECL_FWRITE_UNLOCKED 1
| #define HAVE_DECL_GETC_UNLOCKED 1
| #define HAVE_DECL_GETCHAR_UNLOCKED 1
| #define HAVE_DECL_PUTC_UNLOCKED 1
| #define HAVE_DECL_PUTCHAR_UNLOCKED 1
| #define HAVE_DECL_STRERROR_R 1
| #define HAVE_STRERROR_R 1
| #define D_INO_IN_DIRENT 1
| #define HAVE_LONG_FILE_NAMES 1
| #define HAVE_LANGINFO_CODESET 1
| #define BITSIZEOF_WCHAR_T 32
| #define HAVE_MBSTATE_T 1
| #define HAVE_WORKING_MBRTOC32 1
| #define HAVE_MALLOC_POSIX 1
| #define LSTAT_FOLLOWS_SLASHED_SYMLINK 1
| #define FUNC_REALPATH_NEARLY_WORKS 1
| #define HAVE_FACCESSAT 1
| #define HAVE_GETCWD 1
| #define HAVE_UNISTD_H 1
| #define HAVE_CHOWN 1
| #define HAVE_ENVIRON_DECL 1
| #define GETGROUPS_T gid_t
| #define HAVE_DECL_FCHDIR 1
| #define HAVE_WORKING_O_NOATIME 1
| #define HAVE_WORKING_O_NOFOLLOW 1
| /* end confdefs.h.  */
| #include <sys/types.h>
| int
| main (void)
| {
| typedef int array[2 * (sizeof (mode_t) < sizeof (int)) - 1];
|   ;
|   return 0;
| }
configure:15497: result: mode_t
configure:15688: checking whether fopen recognizes a trailing slash
configure:15720: gcc -o conftest -g -O2   conftest.c  >&5
configure:15720: $? = 0
configure:15720: ./conftest
configure:15720: $? = 0
configure:15733: result: yes
configure:15752: checking whether fflush works on input streams
configure:15825: gcc -o conftest -g -O2   conftest.c  >&5
configure:15825: $? = 0
configure:15825: ./conftest
configure:15825: $? = 0
configure:15838: result: yes
configure:15866: checking whether fclose works on input streams
configure:15934: gcc -o conftest -g -O2   conftest.c  >&5
configure:15934: $? = 0
configure:15934: ./conftest
configure:15934: $? = 0
configure:15947: result: yes
configure:16200: checking whether stdin defaults to large file offsets
configure:16225: gcc -o conftest -g -O2   conftest.c  >&5
configure:16225: $? = 0
configure:16234: result: yes
configure:16418: checking whether fseeko is declared
configure:16418: gcc -c -g -O2   conftest.c >&5
configure:16418: $? = 0
configure:16418: result: yes
configure:16435: checking for fseeko
configure:16454: gcc -o conftest -g -O2   conftest.c  >&5
configure:16454: $? = 0
configure:16464: result: yes
configure:16484: checking whether fflush works on input streams
configure:16570: result: yes
configure:16588: checking whether stat file-mode macros are broken
configure:16616: gcc -c -g -O2  conftest.c >&5
configure:16616: $? = 0
configure:16624: result: no
configure:16729: checking for nlink_t
configure:16729: gcc -c -g -O2  conftest.c >&5
configure:16729: $? = 0
configure:16729: gcc -c -g -O2  conftest.c >&5
conftest.c: In function 'main':
conftest.c:169:22: error: expected expression before ')' token
  169 | if (sizeof ((nlink_t)))
      |                      ^
configure:16729: $? = 1
configure: failed program was:
| /* confdefs.h */
| #define PACKAGE_NAME "GNU tar"
| #define PACKAGE_TARNAME "tar"
| #define PACKAGE_VERSION "1.35"
| #define PACKAGE_STRING "GNU tar 1.35"
| #define PACKAGE_BUGREPORT "bug-tar@gnu.org"
| #define PACKAGE_URL "https://www.gnu.org/software/tar/"
| #define PACKAGE "tar"
| #define VERSION "1.35"
| #define HAVE_STDIO_H 1
| #define HAVE_STDLIB_H 1
| #define HAVE_STRING_H 1
| #define HAVE_INTTYPES_H 1
| #define HAVE_STDINT_H 1
| #define HAVE_STRINGS_H 1
| #define HAVE_SYS_STAT_H 1
| #define HAVE_SYS_TYPES_H 1
| #define HAVE_UNISTD_H 1
| #define HAVE_WCHAR_H 1
| #define HAVE_FCNTL_H 1
| #define HAVE_LINUX_FD_H 1
| #define HAVE_MEMORY_H 1
| #define HAVE_SYS_PARAM_H 1
| #define HAVE_SYS_MTIO_H 1
| #define HAVE_SYS_TIME_H 1
| #define HAVE_LOCALE_H 1
| #define HAVE_FEATURES_H 1
| #define HAVE_UCHAR_H 1
| #define HAVE_SYS_SOCKET_H 1
| #define HAVE_DIRENT_H 1
| #define HAVE_LINUX_XATTR_H 1
| #define HAVE_FNMATCH_H 1
| #define HAVE_STDIO_EXT_H 1
| #define HAVE_GETOPT_H 1
| #define HAVE_THREADS_H 1
| #define HAVE_LIMITS_H 1
| #define HAVE_WCTYPE_H 1
| #define HAVE_LANGINFO_H 1
| #define HAVE_SYS_MMAN_H 1
| #define HAVE_MALLOC_H 1
| #define HAVE_STDBOOL_H 1
| #define HAVE_STDCKDINT_H 1
| #define HAVE_SYS_RANDOM_H 1
| #define HAVE_SYSEXITS_H 1
| #define HAVE_UTIME_H 1
| #define HAVE_NETDB_H 1
| #define HAVE_SYS_WAIT_H 1
| #define HAVE_PWD_H 1
| #define HAVE_GRP_H 1
| #define STDC_HEADERS 1
| #define _ALL_SOURCE 1
| #define _DARWIN_C_SOURCE 1
| #define _GNU_SOURCE 1
| #define _HPUX_ALT_XOPEN_SOCKET_API 1
| #define _NETBSD_SOURCE 1
| #define _OPENBSD_SOURCE 1
| #define _POSIX_PTHREAD_SEMANTICS 1
| #define __STDC_WANT_IEC_60559_ATTRIBS_EXT__ 1
| #define __STDC_WANT_IEC_60559_BFP_EXT__ 1
| #define __STDC_WANT_IEC_60559_DFP_EXT__ 1
| #define __STDC_WANT_IEC_60559_EXT__ 1
| #define __STDC_WANT_IEC_60559_FUNCS_EXT__ 1
| #define __STDC_WANT_IEC_60559_TYPES_EXT__ 1
| #define __STDC_WANT_LIB_EXT2__ 1
| #define __STDC_WANT_MATH_SPEC_FUNCS__ 1
| #define _TANDEM_SOURCE 1
| #define __EXTENSIONS__ 1
| #define HAVE_FSEEKO 1
| #define __USE_MINGW_ANSI_STDIO 1
| #define MAJOR_IN_SYSMACROS 1
| #define major_t int
| #define minor_t int
| #define HAVE_FCHMOD 1
| #define HAVE_FLOCKFILE 1
| #define HAVE_FUNLOCKFILE 1
| #define HAVE_PATHCONF 1
| #define HAVE_BTOWC 1
| #define HAVE_MBRTOWC 1
| #define HAVE_MBSINIT 1
| #define HAVE_REALPATH 1
| #define HAVE_LSTAT 1
| #define HAVE_CHOWN 1
| #define HAVE_FCHOWN 1
| #define HAVE_FCHDIR 1
| #define HAVE_FDOPENDIR 1
| #define HAVE_FCHMODAT 1
| #define HAVE_LCHMOD 1
| #define HAVE_FCNTL 1
| #define HAVE_SYMLINK 1
| #define HAVE_LISTXATTR 1
| #define HAVE_FNMATCH 1
| #define HAVE_MBSRTOWCS 1
| #define HAVE_FSTATAT 1
| #define HAVE_GETDTABLESIZE 1
| #define HAVE_GETTIMEOFDAY 1
| #define HAVE_ISBLANK 1
| #define HAVE_ISWCNTRL 1
| #define HAVE_LINK 1
| #define HAVE_READLINK 1
| #define HAVE_OPENAT 1
| #define HAVE_MPROTECT 1
| #define HAVE_MKDIRAT 1
| #define HAVE_MKNOD 1
| #define HAVE_PIPE 1
| #define HAVE_ISWCTYPE 1
| #define HAVE_RENAMEAT 1
| #define HAVE_SETENV 1
| #define HAVE_SLEEP 1
| #define HAVE_SNPRINTF 1
| #define HAVE_STRNDUP 1
| #define HAVE_STRTOIMAX 1
| #define HAVE_STRTOUMAX 1
| #define HAVE_LOCALTIME_R 1
| #define HAVE_UNLINKAT 1
| #define HAVE_WCRTOMB 1
| #define HAVE_WCWIDTH 1
| #define HAVE_MKFIFO 1
| #define HAVE_SETLOCALE 1
| #define HAVE_FSYNC 1
| #define USE_ACL 0
| #define HAVE_ALLOCA_H 1
| #define HAVE_ALLOCA 1
| #define restrict __restrict__
| #define HAVE_DECL_CLEARERR_UNLOCKED 1
| #define HAVE_DECL_FEOF_UNLOCKED 1
| #define HAVE_DECL_FERROR_UNLOCKED 1
| #define HAVE_DECL_FFLUSH_UNLOCKED 1
| #define HAVE_DECL_FGETS_UNLOCKED 1
| #define HAVE_DECL_FPUTC_UNLOCKED 1
| #define HAVE_DECL_FPUTS_UNLOCKED 1
| #define HAVE_DECL_FREAD_UNLOCKED 1
| #define HAVE_DECL_FWRITE_UNLOCKED 1
| #define HAVE_DECL_GETC_UNLOCKED 1
| #define HAVE_DECL_GETCHAR_UNLOCKED 1
| #define HAVE_DECL_PUTC_UNLOCKED 1
| #define HAVE_DECL_PUTCHAR_UNLOCKED 1
| #define HAVE_DECL_STRERROR_R 1
| #define HAVE_STRERROR_R 1
| #define D_INO_IN_DIRENT 1
| #define HAVE_LONG_FILE_NAMES 1
| #define HAVE_LANGINFO_CODESET 1
| #define BITSIZEOF_WCHAR_T 32
| #define HAVE_MBSTATE_T 1
| #define HAVE_WORKING_MBRTOC32 1
| #define HAVE_MALLOC_POSIX 1
| #define LSTAT_FOLLOWS_SLASHED_SYMLINK 1
| #define FUNC_REALPATH_NEARLY_WORKS 1
| #define HAVE_FACCESSAT 1
| #define HAVE_GETCWD 1
| #define HAVE_UNISTD_H 1
| #define HAVE_CHOWN 1
| #define HAVE_ENVIRON_DECL 1
| #define GETGROUPS_T gid_t
| #define HAVE_DECL_FCHDIR 1
| #define HAVE_WORKING_O_NOATIME 1
| #define HAVE_WORKING_O_NOFOLLOW 1
| #define PROMOTED_MODE_T mode_t
| #define FUNC_FFLUSH_STDIN 1
| #define _USE_STD_STAT 1
| #define HAVE_DECL_FSEEKO 1
| #define FUNC_FFLUSH_STDIN 1
| /* end confdefs.h.  */
| #include <sys/types.h>
|      #include <sys/stat.h>
| 
| int
| main (void)
| {
| if (sizeof ((nlink_t)))
| 	    return 0;
|   ;
|   return 0;
| }
configure:16729: result: yes
configure:16765: checking whether getcwd (NULL, 0) allocates memory for result
configure:16832: gcc -o conftest -g -O2   conftest.c  >&5
conftest.c:228:16: error: conflicting types for 'getcwd'; have 'char *(void)'
  228 |          char *getcwd ();
      |                ^~~~~~
In file included from conftest.c:166:
/usr/include/fortify/unistd.h:56:27: note: previous definition of 'getcwd' with type 'char *(char *, size_t)' {aka 'char *(char *, long unsigned int)'}
   56 | _FORTIFY_FN(getcwd) char *getcwd(char * _FORTIFY_POS0 __s, size_t __l)
      |                           ^~~~~~
conftest.c: In function 'main':
conftest.c:243:26: error: too many arguments to function 'getcwd'; expected 0, have 2
  243 |                char *f = getcwd (NULL, 0);
      |                          ^~~~~~  ~~~~
conftest.c:228:16: note: declared here
  228 |          char *getcwd ();
      |                ^~~~~~
configure:16832: $? = 1
configure: program exited with status 1
configure: failed program was:
| /* confdefs.h */
| #define PACKAGE_NAME "GNU tar"
| #define PACKAGE_TARNAME "tar"
| #define PACKAGE_VERSION "1.35"
| #define PACKAGE_STRING "GNU tar 1.35"
| #define PACKAGE_BUGREPORT "bug-tar@gnu.org"
| #define PACKAGE_URL "https://www.gnu.org/software/tar/"
| #define PACKAGE "tar"
| #define VERSION "1.35"
| #define HAVE_STDIO_H 1
| #define HAVE_STDLIB_H 1
| #define HAVE_STRING_H 1
| #define HAVE_INTTYPES_H 1
| #define HAVE_STDINT_H 1
| #define HAVE_STRINGS_H 1
| #define HAVE_SYS_STAT_H 1
| #define HAVE_SYS_TYPES_H 1
| #define HAVE_UNISTD_H 1
| #define HAVE_WCHAR_H 1
| #define HAVE_FCNTL_H 1
| #define HAVE_LINUX_FD_H 1
| #define HAVE_MEMORY_H 1
| #define HAVE_SYS_PARAM_H 1
| #define HAVE_SYS_MTIO_H 1
| #define HAVE_SYS_TIME_H 1
| #define HAVE_LOCALE_H 1
| #define HAVE_FEATURES_H 1
| #define HAVE_UCHAR_H 1
| #define HAVE_SYS_SOCKET_H 1
| #define HAVE_DIRENT_H 1
| #define HAVE_LINUX_XATTR_H 1
| #define HAVE_FNMATCH_H 1
| #define HAVE_STDIO_EXT_H 1
| #define HAVE_GETOPT_H 1
| #define HAVE_THREADS_H 1
| #define HAVE_LIMITS_H 1
| #define HAVE_WCTYPE_H 1
| #define HAVE_LANGINFO_H 1
| #define HAVE_SYS_MMAN_H 1
| #define HAVE_MALLOC_H 1
| #define HAVE_STDBOOL_H 1
| #define HAVE_STDCKDINT_H 1
| #define HAVE_SYS_RANDOM_H 1
| #define HAVE_SYSEXITS_H 1
| #define HAVE_UTIME_H 1
| #define HAVE_NETDB_H 1
| #define HAVE_SYS_WAIT_H 1
| #define HAVE_PWD_H 1
| #define HAVE_GRP_H 1
| #define STDC_HEADERS 1
| #define _ALL_SOURCE 1
| #define _DARWIN_C_SOURCE 1
| #define _GNU_SOURCE 1
| #define _HPUX_ALT_XOPEN_SOCKET_API 1
| #define _NETBSD_SOURCE 1
| #define _OPENBSD_SOURCE 1
| #define _POSIX_PTHREAD_SEMANTICS 1
| #define __STDC_WANT_IEC_60559_ATTRIBS_EXT__ 1
| #define __STDC_WANT_IEC_60559_BFP_EXT__ 1
| #define __STDC_WANT_IEC_60559_DFP_EXT__ 1
| #define __STDC_WANT_IEC_60559_EXT__ 1
| #define __STDC_WANT_IEC_60559_FUNCS_EXT__ 1
| #define __STDC_WANT_IEC_60559_TYPES_EXT__ 1
| #define __STDC_WANT_LIB_EXT2__ 1
| #define __STDC_WANT_MATH_SPEC_FUNCS__ 1
| #define _TANDEM_SOURCE 1
| #define __EXTENSIONS__ 1
| #define HAVE_FSEEKO 1
| #define __USE_MINGW_ANSI_STDIO 1
| #define MAJOR_IN_SYSMACROS 1
| #define major_t int
| #define minor_t int
| #define HAVE_FCHMOD 1
| #define HAVE_FLOCKFILE 1
| #define HAVE_FUNLOCKFILE 1
| #define HAVE_PATHCONF 1
| #define HAVE_BTOWC 1
| #define HAVE_MBRTOWC 1
| #define HAVE_MBSINIT 1
| #define HAVE_REALPATH 1
| #define HAVE_LSTAT 1
| #define HAVE_CHOWN 1
| #define HAVE_FCHOWN 1
| #define HAVE_FCHDIR 1
| #define HAVE_FDOPENDIR 1
| #define HAVE_FCHMODAT 1
| #define HAVE_LCHMOD 1
| #define HAVE_FCNTL 1
| #define HAVE_SYMLINK 1
| #define HAVE_LISTXATTR 1
| #define HAVE_FNMATCH 1
| #define HAVE_MBSRTOWCS 1
| #define HAVE_FSTATAT 1
| #define HAVE_GETDTABLESIZE 1
| #define HAVE_GETTIMEOFDAY 1
| #define HAVE_ISBLANK 1
| #define HAVE_ISWCNTRL 1
| #define HAVE_LINK 1
| #define HAVE_READLINK 1
| #define HAVE_OPENAT 1
| #define HAVE_MPROTECT 1
| #define HAVE_MKDIRAT 1
| #define HAVE_MKNOD 1
| #define HAVE_PIPE 1
| #define HAVE_ISWCTYPE 1
| #define HAVE_RENAMEAT 1
| #define HAVE_SETENV 1
| #define HAVE_SLEEP 1
| #define HAVE_SNPRINTF 1
| #define HAVE_STRNDUP 1
| #define HAVE_STRTOIMAX 1
| #define HAVE_STRTOUMAX 1
| #define HAVE_LOCALTIME_R 1
| #define HAVE_UNLINKAT 1
| #define HAVE_WCRTOMB 1
| #define HAVE_WCWIDTH 1
| #define HAVE_MKFIFO 1
| #define HAVE_SETLOCALE 1
| #define HAVE_FSYNC 1
| #define USE_ACL 0
| #define HAVE_ALLOCA_H 1
| #define HAVE_ALLOCA 1
| #define restrict __restrict__
| #define HAVE_DECL_CLEARERR_UNLOCKED 1
| #define HAVE_DECL_FEOF_UNLOCKED 1
| #define HAVE_DECL_FERROR_UNLOCKED 1
| #define HAVE_DECL_FFLUSH_UNLOCKED 1
| #define HAVE_DECL_FGETS_UNLOCKED 1
| #define HAVE_DECL_FPUTC_UNLOCKED 1
| #define HAVE_DECL_FPUTS_UNLOCKED 1
| #define HAVE_DECL_FREAD_UNLOCKED 1
| #define HAVE_DECL_FWRITE_UNLOCKED 1
| #define HAVE_DECL_GETC_UNLOCKED 1
| #define HAVE_DECL_GETCHAR_UNLOCKED 1
| #define HAVE_DECL_PUTC_UNLOCKED 1
| #define HAVE_DECL_PUTCHAR_UNLOCKED 1
| #define HAVE_DECL_STRERROR_R 1
| #define HAVE_STRERROR_R 1
| #define D_INO_IN_DIRENT 1
| #define HAVE_LONG_FILE_NAMES 1
| #define HAVE_LANGINFO_CODESET 1
| #define BITSIZEOF_WCHAR_T 32
| #define HAVE_MBSTATE_T 1
| #define HAVE_WORKING_MBRTOC32 1
| #define HAVE_MALLOC_POSIX 1
| #define LSTAT_FOLLOWS_SLASHED_SYMLINK 1
| #define FUNC_REALPATH_NEARLY_WORKS 1
| #define HAVE_FACCESSAT 1
| #define HAVE_GETCWD 1
| #define HAVE_UNISTD_H 1
| #define HAVE_CHOWN 1
| #define HAVE_ENVIRON_DECL 1
| #define GETGROUPS_T gid_t
| #define HAVE_DECL_FCHDIR 1
| #define HAVE_WORKING_O_NOATIME 1
| #define HAVE_WORKING_O_NOFOLLOW 1
| #define PROMOTED_MODE_T mode_t
| #define FUNC_FFLUSH_STDIN 1
| #define _USE_STD_STAT 1
| #define HAVE_DECL_FSEEKO 1
| #define FUNC_FFLUSH_STDIN 1
| /* end confdefs.h.  */
| 
| #	 include <stdlib.h>
| #        if HAVE_UNISTD_H
| #         include <unistd.h>
| #        else /* on Windows with MSVC */
| #         include <direct.h>
| #        endif
| 
| 
| 
| #if defined _WIN32 && !defined __CYGWIN__
| #define access    _access
| #define chdir     _chdir
| #define chmod     _chmod
| #define close     _close
| #define creat     _creat
| #define dup       _dup
| #define dup2      _dup2
| #define ecvt      _ecvt
| #define execl     _execl
| #define execle    _execle
| #define execlp    _execlp
| #define execv     _execv
| #define execve    _execve
| #define execvp    _execvp
| #define execvpe   _execvpe
| #define fcloseall _fcloseall
| #define fcvt      _fcvt
| #define fdopen    _fdopen
| #define fileno    _fileno
| #define gcvt      _gcvt
| #define getcwd    _getcwd
| #define getpid    _getpid
| #define getw      _getw
| #define isatty    _isatty
| #define j0        _j0
| #define j1        _j1
| #define jn        _jn
| #define lfind     _lfind
| #define lsearch   _lsearch
| #define lseek     _lseek
| #define memccpy   _memccpy
| #define mkdir     _mkdir
| #define mktemp    _mktemp
| #define open      _open
| #define putenv    _putenv
| #define putw      _putw
| #define read      _read
| #define rmdir     _rmdir
| #define strdup    _strdup
| #define swab      _swab
| #define tempnam   _tempnam
| #define tzset     _tzset
| #define umask     _umask
| #define unlink    _unlink
| #define utime     _utime
| #define wcsdup    _wcsdup
| #define write     _write
| #define y0        _y0
| #define y1        _y1
| #define yn        _yn
| #endif
| 
| 
| #        ifndef getcwd
|          char *getcwd ();
| #        endif
| 
| int
| main (void)
| {
| 
| #if defined _WIN32 && ! defined __CYGWIN__
| /* mingw cwd does not start with '/', but _getcwd does allocate.
|    However, mingw fails to honor non-zero size.  */
| #else
|            if (chdir ("/") != 0)
|              return 1;
|            else
|              {
|                char *f = getcwd (NULL, 0);
|                if (! f)
|                  return 2;
|                if (f[0] != '/')
|                  { free (f); return 3; }
|                if (f[1] != '\0')
|                  { free (f); return 4; }
|                free (f);
|                return 0;
|              }
| #endif
| 
|   ;
|   return 0;
| }
configure:16843: result: no
configure:16847: checking for getcwd with POSIX signature
configure:16874: gcc -c -g -O2  conftest.c >&5
configure:16874: $? = 0
configure:16883: result: yes
configure:16886: checking whether getcwd is declared
configure:16886: gcc -c -g -O2   conftest.c >&5
configure:16886: $? = 0
configure:16886: result: yes
configure:16895: checking whether getdelim is declared
configure:16895: gcc -c -g -O2   conftest.c >&5
configure:16895: $? = 0
configure:16895: result: yes
configure:16905: checking whether getdtablesize is declared
configure:16905: gcc -c -g -O2   conftest.c >&5
configure:16905: $? = 0
configure:16905: result: yes
configure:16914: checking whether getline is declared
configure:16914: gcc -c -g -O2   conftest.c >&5
configure:16914: $? = 0
configure:16914: result: yes
configure:17019: checking for getopt.h
configure:17019: result: yes
configure:17035: checking for getopt_long_only
configure:17035: gcc -o conftest -g -O2   conftest.c  >&5
configure:17035: $? = 0
configure:17035: result: yes
configure:17048: checking whether getopt is POSIX compatible
configure:17092: gcc -o conftest -g -O2   conftest.c  >&5
configure:17092: $? = 0
configure:17092: ./conftest
configure:17092: $? = 0
configure:17153: gcc -o conftest -g -O2   conftest.c  >&5
configure:17153: $? = 0
configure:17153: ./conftest
configure:17153: $? = 0
configure:17197: gcc -o conftest -g -O2   conftest.c  >&5
configure:17197: $? = 0
configure:17197: ./conftest
program: option requires an argument: b
configure:17197: $? = 16
configure: program exited with status 16
configure: failed program was:
| /* confdefs.h */
| #define PACKAGE_NAME "GNU tar"
| #define PACKAGE_TARNAME "tar"
| #define PACKAGE_VERSION "1.35"
| #define PACKAGE_STRING "GNU tar 1.35"
| #define PACKAGE_BUGREPORT "bug-tar@gnu.org"
| #define PACKAGE_URL "https://www.gnu.org/software/tar/"
| #define PACKAGE "tar"
| #define VERSION "1.35"
| #define HAVE_STDIO_H 1
| #define HAVE_STDLIB_H 1
| #define HAVE_STRING_H 1
| #define HAVE_INTTYPES_H 1
| #define HAVE_STDINT_H 1
| #define HAVE_STRINGS_H 1
| #define HAVE_SYS_STAT_H 1
| #define HAVE_SYS_TYPES_H 1
| #define HAVE_UNISTD_H 1
| #define HAVE_WCHAR_H 1
| #define HAVE_FCNTL_H 1
| #define HAVE_LINUX_FD_H 1
| #define HAVE_MEMORY_H 1
| #define HAVE_SYS_PARAM_H 1
| #define HAVE_SYS_MTIO_H 1
| #define HAVE_SYS_TIME_H 1
| #define HAVE_LOCALE_H 1
| #define HAVE_FEATURES_H 1
| #define HAVE_UCHAR_H 1
| #define HAVE_SYS_SOCKET_H 1
| #define HAVE_DIRENT_H 1
| #define HAVE_LINUX_XATTR_H 1
| #define HAVE_FNMATCH_H 1
| #define HAVE_STDIO_EXT_H 1
| #define HAVE_GETOPT_H 1
| #define HAVE_THREADS_H 1
| #define HAVE_LIMITS_H 1
| #define HAVE_WCTYPE_H 1
| #define HAVE_LANGINFO_H 1
| #define HAVE_SYS_MMAN_H 1
| #define HAVE_MALLOC_H 1
| #define HAVE_STDBOOL_H 1
| #define HAVE_STDCKDINT_H 1
| #define HAVE_SYS_RANDOM_H 1
| #define HAVE_SYSEXITS_H 1
| #define HAVE_UTIME_H 1
| #define HAVE_NETDB_H 1
| #define HAVE_SYS_WAIT_H 1
| #define HAVE_PWD_H 1
| #define HAVE_GRP_H 1
| #define STDC_HEADERS 1
| #define _ALL_SOURCE 1
| #define _DARWIN_C_SOURCE 1
| #define _GNU_SOURCE 1
| #define _HPUX_ALT_XOPEN_SOCKET_API 1
| #define _NETBSD_SOURCE 1
| #define _OPENBSD_SOURCE 1
| #define _POSIX_PTHREAD_SEMANTICS 1
| #define __STDC_WANT_IEC_60559_ATTRIBS_EXT__ 1
| #define __STDC_WANT_IEC_60559_BFP_EXT__ 1
| #define __STDC_WANT_IEC_60559_DFP_EXT__ 1
| #define __STDC_WANT_IEC_60559_EXT__ 1
| #define __STDC_WANT_IEC_60559_FUNCS_EXT__ 1
| #define __STDC_WANT_IEC_60559_TYPES_EXT__ 1
| #define __STDC_WANT_LIB_EXT2__ 1
| #define __STDC_WANT_MATH_SPEC_FUNCS__ 1
| #define _TANDEM_SOURCE 1
| #define __EXTENSIONS__ 1
| #define HAVE_FSEEKO 1
| #define __USE_MINGW_ANSI_STDIO 1
| #define MAJOR_IN_SYSMACROS 1
| #define major_t int
| #define minor_t int
| #define HAVE_FCHMOD 1
| #define HAVE_FLOCKFILE 1
| #define HAVE_FUNLOCKFILE 1
| #define HAVE_PATHCONF 1
| #define HAVE_BTOWC 1
| #define HAVE_MBRTOWC 1
| #define HAVE_MBSINIT 1
| #define HAVE_REALPATH 1
| #define HAVE_LSTAT 1
| #define HAVE_CHOWN 1
| #define HAVE_FCHOWN 1
| #define HAVE_FCHDIR 1
| #define HAVE_FDOPENDIR 1
| #define HAVE_FCHMODAT 1
| #define HAVE_LCHMOD 1
| #define HAVE_FCNTL 1
| #define HAVE_SYMLINK 1
| #define HAVE_LISTXATTR 1
| #define HAVE_FNMATCH 1
| #define HAVE_MBSRTOWCS 1
| #define HAVE_FSTATAT 1
| #define HAVE_GETDTABLESIZE 1
| #define HAVE_GETTIMEOFDAY 1
| #define HAVE_ISBLANK 1
| #define HAVE_ISWCNTRL 1
| #define HAVE_LINK 1
| #define HAVE_READLINK 1
| #define HAVE_OPENAT 1
| #define HAVE_MPROTECT 1
| #define HAVE_MKDIRAT 1
| #define HAVE_MKNOD 1
| #define HAVE_PIPE 1
| #define HAVE_ISWCTYPE 1
| #define HAVE_RENAMEAT 1
| #define HAVE_SETENV 1
| #define HAVE_SLEEP 1
| #define HAVE_SNPRINTF 1
| #define HAVE_STRNDUP 1
| #define HAVE_STRTOIMAX 1
| #define HAVE_STRTOUMAX 1
| #define HAVE_LOCALTIME_R 1
| #define HAVE_UNLINKAT 1
| #define HAVE_WCRTOMB 1
| #define HAVE_WCWIDTH 1
| #define HAVE_MKFIFO 1
| #define HAVE_SETLOCALE 1
| #define HAVE_FSYNC 1
| #define USE_ACL 0
| #define HAVE_ALLOCA_H 1
| #define HAVE_ALLOCA 1
| #define restrict __restrict__
| #define HAVE_DECL_CLEARERR_UNLOCKED 1
| #define HAVE_DECL_FEOF_UNLOCKED 1
| #define HAVE_DECL_FERROR_UNLOCKED 1
| #define HAVE_DECL_FFLUSH_UNLOCKED 1
| #define HAVE_DECL_FGETS_UNLOCKED 1
| #define HAVE_DECL_FPUTC_UNLOCKED 1
| #define HAVE_DECL_FPUTS_UNLOCKED 1
| #define HAVE_DECL_FREAD_UNLOCKED 1
| #define HAVE_DECL_FWRITE_UNLOCKED 1
| #define HAVE_DECL_GETC_UNLOCKED 1
| #define HAVE_DECL_GETCHAR_UNLOCKED 1
| #define HAVE_DECL_PUTC_UNLOCKED 1
| #define HAVE_DECL_PUTCHAR_UNLOCKED 1
| #define HAVE_DECL_STRERROR_R 1
| #define HAVE_STRERROR_R 1
| #define D_INO_IN_DIRENT 1
| #define HAVE_LONG_FILE_NAMES 1
| #define HAVE_LANGINFO_CODESET 1
| #define BITSIZEOF_WCHAR_T 32
| #define HAVE_MBSTATE_T 1
| #define HAVE_WORKING_MBRTOC32 1
| #define HAVE_MALLOC_POSIX 1
| #define LSTAT_FOLLOWS_SLASHED_SYMLINK 1
| #define FUNC_REALPATH_NEARLY_WORKS 1
| #define HAVE_FACCESSAT 1
| #define HAVE_GETCWD 1
| #define HAVE_UNISTD_H 1
| #define HAVE_CHOWN 1
| #define HAVE_ENVIRON_DECL 1
| #define GETGROUPS_T gid_t
| #define HAVE_DECL_FCHDIR 1
| #define HAVE_WORKING_O_NOATIME 1
| #define HAVE_WORKING_O_NOFOLLOW 1
| #define PROMOTED_MODE_T mode_t
| #define FUNC_FFLUSH_STDIN 1
| #define _USE_STD_STAT 1
| #define HAVE_DECL_FSEEKO 1
| #define FUNC_FFLUSH_STDIN 1
| #define HAVE_DECL_GETCWD 1
| #define HAVE_DECL_GETDELIM 1
| #define HAVE_DECL_GETDTABLESIZE 1
| #define HAVE_DECL_GETLINE 1
| #define HAVE_GETOPT_H 1
| #define HAVE_GETOPT_LONG_ONLY 1
| /* end confdefs.h.  */
| 
| #include <unistd.h>
| #include <stdlib.h>
| #include <string.h>
| 
| int
| main ()
| {
|   static char program[] = "program";
|   static char ab[] = "-ab";
|   char *argv[3] = { program, ab, NULL };
|   if (getopt (2, argv, "ab:") != 'a')
|     return 13;
|   if (getopt (2, argv, "ab:") != '?')
|     return 14;
|   if (optopt != 'b')
|     return 15;
|   if (optind != 2)
|     return 16;
|   return 0;
| }
| 
configure:17216: result: no
configure:17556: checking whether timespec_get is declared
configure:17556: gcc -c -g -O2   conftest.c >&5
configure:17556: $? = 0
configure:17556: result: yes
configure:17562: checking for timespec_get
configure:17583: gcc -o conftest -g -O2   conftest.c  >&5
configure:17583: $? = 0
configure:17603: result: yes
configure:17727: checking for struct timeval
configure:17751: gcc -c -g -O2  conftest.c >&5
configure:17751: $? = 0
configure:17760: result: yes
configure:17765: checking for wide-enough struct timeval.tv_sec member
configure:17793: gcc -c -g -O2  conftest.c >&5
configure:17793: $? = 0
configure:17802: result: yes
configure:17854: checking for pthread.h
configure:17854: gcc -c -g -O2  conftest.c >&5
configure:17854: $? = 0
configure:17854: result: yes
configure:17891: gcc -o conftest -g -O2   conftest.c   >&5
configure:17891: $? = 0
configure:17902: gl_pthread_api=yes
configure:17903: LIBPTHREAD=
configure:17929: gl_pthread_in_glibc=no
configure:17936: checking for pthread_kill in -lpthread
configure:17959: gcc -o conftest -g -O2   conftest.c -lpthread   >&5
configure:17959: $? = 0
configure:17969: result: yes
configure:18083: LIBPMULTITHREAD=-lpthread
configure:18085: checking whether POSIX threads API is available
configure:18087: result: yes
configure:18108: gcc -o conftest -g -O2   conftest.c  >&5
configure:18108: $? = 0
configure:18212: checking whether setlocale (LC_ALL, NULL) is multithread-safe
configure:18254: result: no
configure:18272: checking whether setlocale (category, NULL) is multithread-safe
configure:18291: result: yes
configure:18315: checking whether imported symbols can be declared weak
configure:18339: gcc -o conftest -g -O2   conftest.c  >&5
configure:18339: $? = 0
configure:18376: gcc -o conftest -g -O2   conftest.c  >&5
configure:18376: $? = 0
configure:18376: ./conftest
configure:18376: $? = 0
configure:18415: result: yes
configure:18520: checking whether limits.h has WORD_BIT, BOOL_WIDTH etc.
configure:18547: gcc -c -g -O2  conftest.c >&5
conftest.c:179:24: error: 'ULLONG_WIDTH' undeclared here (not in a function)
  179 |             int ullw = ULLONG_WIDTH;
      |                        ^~~~~~~~~~~~
conftest.c:180:22: error: 'BOOL_WIDTH' undeclared here (not in a function)
  180 |             int bw = BOOL_WIDTH;
      |                      ^~~~~~~~~~
conftest.c:181:22: error: 'BOOL_MAX' undeclared here (not in a function)
  181 |             int bm = BOOL_MAX;
      |                      ^~~~~~~~
configure:18547: $? = 1
configure: failed program was:
| /* confdefs.h */
| #define PACKAGE_NAME "GNU tar"
| #define PACKAGE_TARNAME "tar"
| #define PACKAGE_VERSION "1.35"
| #define PACKAGE_STRING "GNU tar 1.35"
| #define PACKAGE_BUGREPORT "bug-tar@gnu.org"
| #define PACKAGE_URL "https://www.gnu.org/software/tar/"
| #define PACKAGE "tar"
| #define VERSION "1.35"
| #define HAVE_STDIO_H 1
| #define HAVE_STDLIB_H 1
| #define HAVE_STRING_H 1
| #define HAVE_INTTYPES_H 1
| #define HAVE_STDINT_H 1
| #define HAVE_STRINGS_H 1
| #define HAVE_SYS_STAT_H 1
| #define HAVE_SYS_TYPES_H 1
| #define HAVE_UNISTD_H 1
| #define HAVE_WCHAR_H 1
| #define HAVE_FCNTL_H 1
| #define HAVE_LINUX_FD_H 1
| #define HAVE_MEMORY_H 1
| #define HAVE_SYS_PARAM_H 1
| #define HAVE_SYS_MTIO_H 1
| #define HAVE_SYS_TIME_H 1
| #define HAVE_LOCALE_H 1
| #define HAVE_FEATURES_H 1
| #define HAVE_UCHAR_H 1
| #define HAVE_SYS_SOCKET_H 1
| #define HAVE_DIRENT_H 1
| #define HAVE_LINUX_XATTR_H 1
| #define HAVE_FNMATCH_H 1
| #define HAVE_STDIO_EXT_H 1
| #define HAVE_GETOPT_H 1
| #define HAVE_THREADS_H 1
| #define HAVE_LIMITS_H 1
| #define HAVE_WCTYPE_H 1
| #define HAVE_LANGINFO_H 1
| #define HAVE_SYS_MMAN_H 1
| #define HAVE_MALLOC_H 1
| #define HAVE_STDBOOL_H 1
| #define HAVE_STDCKDINT_H 1
| #define HAVE_SYS_RANDOM_H 1
| #define HAVE_SYSEXITS_H 1
| #define HAVE_UTIME_H 1
| #define HAVE_NETDB_H 1
| #define HAVE_SYS_WAIT_H 1
| #define HAVE_PWD_H 1
| #define HAVE_GRP_H 1
| #define STDC_HEADERS 1
| #define _ALL_SOURCE 1
| #define _DARWIN_C_SOURCE 1
| #define _GNU_SOURCE 1
| #define _HPUX_ALT_XOPEN_SOCKET_API 1
| #define _NETBSD_SOURCE 1
| #define _OPENBSD_SOURCE 1
| #define _POSIX_PTHREAD_SEMANTICS 1
| #define __STDC_WANT_IEC_60559_ATTRIBS_EXT__ 1
| #define __STDC_WANT_IEC_60559_BFP_EXT__ 1
| #define __STDC_WANT_IEC_60559_DFP_EXT__ 1
| #define __STDC_WANT_IEC_60559_EXT__ 1
| #define __STDC_WANT_IEC_60559_FUNCS_EXT__ 1
| #define __STDC_WANT_IEC_60559_TYPES_EXT__ 1
| #define __STDC_WANT_LIB_EXT2__ 1
| #define __STDC_WANT_MATH_SPEC_FUNCS__ 1
| #define _TANDEM_SOURCE 1
| #define __EXTENSIONS__ 1
| #define HAVE_FSEEKO 1
| #define __USE_MINGW_ANSI_STDIO 1
| #define MAJOR_IN_SYSMACROS 1
| #define major_t int
| #define minor_t int
| #define HAVE_FCHMOD 1
| #define HAVE_FLOCKFILE 1
| #define HAVE_FUNLOCKFILE 1
| #define HAVE_PATHCONF 1
| #define HAVE_BTOWC 1
| #define HAVE_MBRTOWC 1
| #define HAVE_MBSINIT 1
| #define HAVE_REALPATH 1
| #define HAVE_LSTAT 1
| #define HAVE_CHOWN 1
| #define HAVE_FCHOWN 1
| #define HAVE_FCHDIR 1
| #define HAVE_FDOPENDIR 1
| #define HAVE_FCHMODAT 1
| #define HAVE_LCHMOD 1
| #define HAVE_FCNTL 1
| #define HAVE_SYMLINK 1
| #define HAVE_LISTXATTR 1
| #define HAVE_FNMATCH 1
| #define HAVE_MBSRTOWCS 1
| #define HAVE_FSTATAT 1
| #define HAVE_GETDTABLESIZE 1
| #define HAVE_GETTIMEOFDAY 1
| #define HAVE_ISBLANK 1
| #define HAVE_ISWCNTRL 1
| #define HAVE_LINK 1
| #define HAVE_READLINK 1
| #define HAVE_OPENAT 1
| #define HAVE_MPROTECT 1
| #define HAVE_MKDIRAT 1
| #define HAVE_MKNOD 1
| #define HAVE_PIPE 1
| #define HAVE_ISWCTYPE 1
| #define HAVE_RENAMEAT 1
| #define HAVE_SETENV 1
| #define HAVE_SLEEP 1
| #define HAVE_SNPRINTF 1
| #define HAVE_STRNDUP 1
| #define HAVE_STRTOIMAX 1
| #define HAVE_STRTOUMAX 1
| #define HAVE_LOCALTIME_R 1
| #define HAVE_UNLINKAT 1
| #define HAVE_WCRTOMB 1
| #define HAVE_WCWIDTH 1
| #define HAVE_MKFIFO 1
| #define HAVE_SETLOCALE 1
| #define HAVE_FSYNC 1
| #define USE_ACL 0
| #define HAVE_ALLOCA_H 1
| #define HAVE_ALLOCA 1
| #define restrict __restrict__
| #define HAVE_DECL_CLEARERR_UNLOCKED 1
| #define HAVE_DECL_FEOF_UNLOCKED 1
| #define HAVE_DECL_FERROR_UNLOCKED 1
| #define HAVE_DECL_FFLUSH_UNLOCKED 1
| #define HAVE_DECL_FGETS_UNLOCKED 1
| #define HAVE_DECL_FPUTC_UNLOCKED 1
| #define HAVE_DECL_FPUTS_UNLOCKED 1
| #define HAVE_DECL_FREAD_UNLOCKED 1
| #define HAVE_DECL_FWRITE_UNLOCKED 1
| #define HAVE_DECL_GETC_UNLOCKED 1
| #define HAVE_DECL_GETCHAR_UNLOCKED 1
| #define HAVE_DECL_PUTC_UNLOCKED 1
| #define HAVE_DECL_PUTCHAR_UNLOCKED 1
| #define HAVE_DECL_STRERROR_R 1
| #define HAVE_STRERROR_R 1
| #define D_INO_IN_DIRENT 1
| #define HAVE_LONG_FILE_NAMES 1
| #define HAVE_LANGINFO_CODESET 1
| #define BITSIZEOF_WCHAR_T 32
| #define HAVE_MBSTATE_T 1
| #define HAVE_WORKING_MBRTOC32 1
| #define HAVE_MALLOC_POSIX 1
| #define LSTAT_FOLLOWS_SLASHED_SYMLINK 1
| #define FUNC_REALPATH_NEARLY_WORKS 1
| #define HAVE_FACCESSAT 1
| #define HAVE_GETCWD 1
| #define HAVE_UNISTD_H 1
| #define HAVE_CHOWN 1
| #define HAVE_ENVIRON_DECL 1
| #define GETGROUPS_T gid_t
| #define HAVE_DECL_FCHDIR 1
| #define HAVE_WORKING_O_NOATIME 1
| #define HAVE_WORKING_O_NOFOLLOW 1
| #define PROMOTED_MODE_T mode_t
| #define FUNC_FFLUSH_STDIN 1
| #define _USE_STD_STAT 1
| #define HAVE_DECL_FSEEKO 1
| #define FUNC_FFLUSH_STDIN 1
| #define HAVE_DECL_GETCWD 1
| #define HAVE_DECL_GETDELIM 1
| #define HAVE_DECL_GETDTABLESIZE 1
| #define HAVE_DECL_GETLINE 1
| #define HAVE_GETOPT_H 1
| #define HAVE_GETOPT_LONG_ONLY 1
| #define HAVE_PTHREAD_API 1
| #define SETLOCALE_NULL_ALL_MTSAFE 0
| #define SETLOCALE_NULL_ONE_MTSAFE 1
| #define HAVE_WEAK_SYMBOLS 1
| /* end confdefs.h.  */
| #ifndef __STDC_WANT_IEC_60559_BFP_EXT__
|              #define __STDC_WANT_IEC_60559_BFP_EXT__ 1
|             #endif
|             #include <limits.h>
|             long long llm = LLONG_MAX;
|             int wb = WORD_BIT;
|             int ullw = ULLONG_WIDTH;
|             int bw = BOOL_WIDTH;
|             int bm = BOOL_MAX;
|             int mblm = MB_LEN_MAX;
| 
| int
| main (void)
| {
| 
|   ;
|   return 0;
| }
configure:18555: result: no
configure:18590: checking for wint_t
configure:18608: gcc -c -g -O2  conftest.c >&5
configure:18608: $? = 0
configure:18616: result: yes
configure:18623: checking whether wint_t is large enough
configure:18642: gcc -c -g -O2  conftest.c >&5
configure:18642: $? = 0
configure:18650: result: yes
configure:18663: checking whether the compiler produces multi-arch binaries
configure:18678: gcc -c -g -O2  conftest.c >&5
conftest.c:175:13: error: unknown type name 'not'
  175 |             not a universal capable compiler
      |             ^~~
conftest.c:175:19: error: expected '=', ',', ';', 'asm' or '__attribute__' before 'universal'
  175 |             not a universal capable compiler
      |                   ^~~~~~~~~
conftest.c:175:19: error: unknown type name 'universal'
configure:18678: $? = 1
configure: failed program was:
| /* confdefs.h */
| #define PACKAGE_NAME "GNU tar"
| #define PACKAGE_TARNAME "tar"
| #define PACKAGE_VERSION "1.35"
| #define PACKAGE_STRING "GNU tar 1.35"
| #define PACKAGE_BUGREPORT "bug-tar@gnu.org"
| #define PACKAGE_URL "https://www.gnu.org/software/tar/"
| #define PACKAGE "tar"
| #define VERSION "1.35"
| #define HAVE_STDIO_H 1
| #define HAVE_STDLIB_H 1
| #define HAVE_STRING_H 1
| #define HAVE_INTTYPES_H 1
| #define HAVE_STDINT_H 1
| #define HAVE_STRINGS_H 1
| #define HAVE_SYS_STAT_H 1
| #define HAVE_SYS_TYPES_H 1
| #define HAVE_UNISTD_H 1
| #define HAVE_WCHAR_H 1
| #define HAVE_FCNTL_H 1
| #define HAVE_LINUX_FD_H 1
| #define HAVE_MEMORY_H 1
| #define HAVE_SYS_PARAM_H 1
| #define HAVE_SYS_MTIO_H 1
| #define HAVE_SYS_TIME_H 1
| #define HAVE_LOCALE_H 1
| #define HAVE_FEATURES_H 1
| #define HAVE_UCHAR_H 1
| #define HAVE_SYS_SOCKET_H 1
| #define HAVE_DIRENT_H 1
| #define HAVE_LINUX_XATTR_H 1
| #define HAVE_FNMATCH_H 1
| #define HAVE_STDIO_EXT_H 1
| #define HAVE_GETOPT_H 1
| #define HAVE_THREADS_H 1
| #define HAVE_LIMITS_H 1
| #define HAVE_WCTYPE_H 1
| #define HAVE_LANGINFO_H 1
| #define HAVE_SYS_MMAN_H 1
| #define HAVE_MALLOC_H 1
| #define HAVE_STDBOOL_H 1
| #define HAVE_STDCKDINT_H 1
| #define HAVE_SYS_RANDOM_H 1
| #define HAVE_SYSEXITS_H 1
| #define HAVE_UTIME_H 1
| #define HAVE_NETDB_H 1
| #define HAVE_SYS_WAIT_H 1
| #define HAVE_PWD_H 1
| #define HAVE_GRP_H 1
| #define STDC_HEADERS 1
| #define _ALL_SOURCE 1
| #define _DARWIN_C_SOURCE 1
| #define _GNU_SOURCE 1
| #define _HPUX_ALT_XOPEN_SOCKET_API 1
| #define _NETBSD_SOURCE 1
| #define _OPENBSD_SOURCE 1
| #define _POSIX_PTHREAD_SEMANTICS 1
| #define __STDC_WANT_IEC_60559_ATTRIBS_EXT__ 1
| #define __STDC_WANT_IEC_60559_BFP_EXT__ 1
| #define __STDC_WANT_IEC_60559_DFP_EXT__ 1
| #define __STDC_WANT_IEC_60559_EXT__ 1
| #define __STDC_WANT_IEC_60559_FUNCS_EXT__ 1
| #define __STDC_WANT_IEC_60559_TYPES_EXT__ 1
| #define __STDC_WANT_LIB_EXT2__ 1
| #define __STDC_WANT_MATH_SPEC_FUNCS__ 1
| #define _TANDEM_SOURCE 1
| #define __EXTENSIONS__ 1
| #define HAVE_FSEEKO 1
| #define __USE_MINGW_ANSI_STDIO 1
| #define MAJOR_IN_SYSMACROS 1
| #define major_t int
| #define minor_t int
| #define HAVE_FCHMOD 1
| #define HAVE_FLOCKFILE 1
| #define HAVE_FUNLOCKFILE 1
| #define HAVE_PATHCONF 1
| #define HAVE_BTOWC 1
| #define HAVE_MBRTOWC 1
| #define HAVE_MBSINIT 1
| #define HAVE_REALPATH 1
| #define HAVE_LSTAT 1
| #define HAVE_CHOWN 1
| #define HAVE_FCHOWN 1
| #define HAVE_FCHDIR 1
| #define HAVE_FDOPENDIR 1
| #define HAVE_FCHMODAT 1
| #define HAVE_LCHMOD 1
| #define HAVE_FCNTL 1
| #define HAVE_SYMLINK 1
| #define HAVE_LISTXATTR 1
| #define HAVE_FNMATCH 1
| #define HAVE_MBSRTOWCS 1
| #define HAVE_FSTATAT 1
| #define HAVE_GETDTABLESIZE 1
| #define HAVE_GETTIMEOFDAY 1
| #define HAVE_ISBLANK 1
| #define HAVE_ISWCNTRL 1
| #define HAVE_LINK 1
| #define HAVE_READLINK 1
| #define HAVE_OPENAT 1
| #define HAVE_MPROTECT 1
| #define HAVE_MKDIRAT 1
| #define HAVE_MKNOD 1
| #define HAVE_PIPE 1
| #define HAVE_ISWCTYPE 1
| #define HAVE_RENAMEAT 1
| #define HAVE_SETENV 1
| #define HAVE_SLEEP 1
| #define HAVE_SNPRINTF 1
| #define HAVE_STRNDUP 1
| #define HAVE_STRTOIMAX 1
| #define HAVE_STRTOUMAX 1
| #define HAVE_LOCALTIME_R 1
| #define HAVE_UNLINKAT 1
| #define HAVE_WCRTOMB 1
| #define HAVE_WCWIDTH 1
| #define HAVE_MKFIFO 1
| #define HAVE_SETLOCALE 1
| #define HAVE_FSYNC 1
| #define USE_ACL 0
| #define HAVE_ALLOCA_H 1
| #define HAVE_ALLOCA 1
| #define restrict __restrict__
| #define HAVE_DECL_CLEARERR_UNLOCKED 1
| #define HAVE_DECL_FEOF_UNLOCKED 1
| #define HAVE_DECL_FERROR_UNLOCKED 1
| #define HAVE_DECL_FFLUSH_UNLOCKED 1
| #define HAVE_DECL_FGETS_UNLOCKED 1
| #define HAVE_DECL_FPUTC_UNLOCKED 1
| #define HAVE_DECL_FPUTS_UNLOCKED 1
| #define HAVE_DECL_FREAD_UNLOCKED 1
| #define HAVE_DECL_FWRITE_UNLOCKED 1
| #define HAVE_DECL_GETC_UNLOCKED 1
| #define HAVE_DECL_GETCHAR_UNLOCKED 1
| #define HAVE_DECL_PUTC_UNLOCKED 1
| #define HAVE_DECL_PUTCHAR_UNLOCKED 1
| #define HAVE_DECL_STRERROR_R 1
| #define HAVE_STRERROR_R 1
| #define D_INO_IN_DIRENT 1
| #define HAVE_LONG_FILE_NAMES 1
| #define HAVE_LANGINFO_CODESET 1
| #define BITSIZEOF_WCHAR_T 32
| #define HAVE_MBSTATE_T 1
| #define HAVE_WORKING_MBRTOC32 1
| #define HAVE_MALLOC_POSIX 1
| #define LSTAT_FOLLOWS_SLASHED_SYMLINK 1
| #define FUNC_REALPATH_NEARLY_WORKS 1
| #define HAVE_FACCESSAT 1
| #define HAVE_GETCWD 1
| #define HAVE_UNISTD_H 1
| #define HAVE_CHOWN 1
| #define HAVE_ENVIRON_DECL 1
| #define GETGROUPS_T gid_t
| #define HAVE_DECL_FCHDIR 1
| #define HAVE_WORKING_O_NOATIME 1
| #define HAVE_WORKING_O_NOFOLLOW 1
| #define PROMOTED_MODE_T mode_t
| #define FUNC_FFLUSH_STDIN 1
| #define _USE_STD_STAT 1
| #define HAVE_DECL_FSEEKO 1
| #define FUNC_FFLUSH_STDIN 1
| #define HAVE_DECL_GETCWD 1
| #define HAVE_DECL_GETDELIM 1
| #define HAVE_DECL_GETDTABLESIZE 1
| #define HAVE_DECL_GETLINE 1
| #define HAVE_GETOPT_H 1
| #define HAVE_GETOPT_LONG_ONLY 1
| #define HAVE_PTHREAD_API 1
| #define SETLOCALE_NULL_ALL_MTSAFE 0
| #define SETLOCALE_NULL_ONE_MTSAFE 1
| #define HAVE_WEAK_SYMBOLS 1
| #define HAVE_WINT_T 1
| /* end confdefs.h.  */
| #ifndef __APPLE_CC__
|             not a universal capable compiler
|            #endif
|            typedef int dummy;
| 
configure:18706: result: no
configure:18838: checking whether stdint.h conforms to C99
configure:19015: gcc -c -g -O2  conftest.c >&5
configure:19015: $? = 0
configure:19100: gcc -o conftest -g -O2   conftest.c  >&5
configure:19100: $? = 0
configure:19100: ./conftest
configure:19100: $? = 0
configure:19113: result: yes
configure:19124: checking whether stdint.h works without ISO C predefines
configure:19157: gcc -c -g -O2  conftest.c >&5
configure:19157: $? = 0
configure:19164: result: yes
configure:19175: checking whether stdint.h has UINTMAX_WIDTH etc.
configure:19208: gcc -c -g -O2  conftest.c >&5
conftest.c:190:24: error: 'UINTMAX_WIDTH' undeclared here (not in a function); did you mean 'UINTMAX_MAX'?
  190 |               int iw = UINTMAX_WIDTH;
      |                        ^~~~~~~~~~~~~
      |                        UINTMAX_MAX
configure:19208: $? = 1
configure: failed program was:
| /* confdefs.h */
| #define PACKAGE_NAME "GNU tar"
| #define PACKAGE_TARNAME "tar"
| #define PACKAGE_VERSION "1.35"
| #define PACKAGE_STRING "GNU tar 1.35"
| #define PACKAGE_BUGREPORT "bug-tar@gnu.org"
| #define PACKAGE_URL "https://www.gnu.org/software/tar/"
| #define PACKAGE "tar"
| #define VERSION "1.35"
| #define HAVE_STDIO_H 1
| #define HAVE_STDLIB_H 1
| #define HAVE_STRING_H 1
| #define HAVE_INTTYPES_H 1
| #define HAVE_STDINT_H 1
| #define HAVE_STRINGS_H 1
| #define HAVE_SYS_STAT_H 1
| #define HAVE_SYS_TYPES_H 1
| #define HAVE_UNISTD_H 1
| #define HAVE_WCHAR_H 1
| #define HAVE_FCNTL_H 1
| #define HAVE_LINUX_FD_H 1
| #define HAVE_MEMORY_H 1
| #define HAVE_SYS_PARAM_H 1
| #define HAVE_SYS_MTIO_H 1
| #define HAVE_SYS_TIME_H 1
| #define HAVE_LOCALE_H 1
| #define HAVE_FEATURES_H 1
| #define HAVE_UCHAR_H 1
| #define HAVE_SYS_SOCKET_H 1
| #define HAVE_DIRENT_H 1
| #define HAVE_LINUX_XATTR_H 1
| #define HAVE_FNMATCH_H 1
| #define HAVE_STDIO_EXT_H 1
| #define HAVE_GETOPT_H 1
| #define HAVE_THREADS_H 1
| #define HAVE_LIMITS_H 1
| #define HAVE_WCTYPE_H 1
| #define HAVE_LANGINFO_H 1
| #define HAVE_SYS_MMAN_H 1
| #define HAVE_MALLOC_H 1
| #define HAVE_STDBOOL_H 1
| #define HAVE_STDCKDINT_H 1
| #define HAVE_SYS_RANDOM_H 1
| #define HAVE_SYSEXITS_H 1
| #define HAVE_UTIME_H 1
| #define HAVE_NETDB_H 1
| #define HAVE_SYS_WAIT_H 1
| #define HAVE_PWD_H 1
| #define HAVE_GRP_H 1
| #define STDC_HEADERS 1
| #define _ALL_SOURCE 1
| #define _DARWIN_C_SOURCE 1
| #define _GNU_SOURCE 1
| #define _HPUX_ALT_XOPEN_SOCKET_API 1
| #define _NETBSD_SOURCE 1
| #define _OPENBSD_SOURCE 1
| #define _POSIX_PTHREAD_SEMANTICS 1
| #define __STDC_WANT_IEC_60559_ATTRIBS_EXT__ 1
| #define __STDC_WANT_IEC_60559_BFP_EXT__ 1
| #define __STDC_WANT_IEC_60559_DFP_EXT__ 1
| #define __STDC_WANT_IEC_60559_EXT__ 1
| #define __STDC_WANT_IEC_60559_FUNCS_EXT__ 1
| #define __STDC_WANT_IEC_60559_TYPES_EXT__ 1
| #define __STDC_WANT_LIB_EXT2__ 1
| #define __STDC_WANT_MATH_SPEC_FUNCS__ 1
| #define _TANDEM_SOURCE 1
| #define __EXTENSIONS__ 1
| #define HAVE_FSEEKO 1
| #define __USE_MINGW_ANSI_STDIO 1
| #define MAJOR_IN_SYSMACROS 1
| #define major_t int
| #define minor_t int
| #define HAVE_FCHMOD 1
| #define HAVE_FLOCKFILE 1
| #define HAVE_FUNLOCKFILE 1
| #define HAVE_PATHCONF 1
| #define HAVE_BTOWC 1
| #define HAVE_MBRTOWC 1
| #define HAVE_MBSINIT 1
| #define HAVE_REALPATH 1
| #define HAVE_LSTAT 1
| #define HAVE_CHOWN 1
| #define HAVE_FCHOWN 1
| #define HAVE_FCHDIR 1
| #define HAVE_FDOPENDIR 1
| #define HAVE_FCHMODAT 1
| #define HAVE_LCHMOD 1
| #define HAVE_FCNTL 1
| #define HAVE_SYMLINK 1
| #define HAVE_LISTXATTR 1
| #define HAVE_FNMATCH 1
| #define HAVE_MBSRTOWCS 1
| #define HAVE_FSTATAT 1
| #define HAVE_GETDTABLESIZE 1
| #define HAVE_GETTIMEOFDAY 1
| #define HAVE_ISBLANK 1
| #define HAVE_ISWCNTRL 1
| #define HAVE_LINK 1
| #define HAVE_READLINK 1
| #define HAVE_OPENAT 1
| #define HAVE_MPROTECT 1
| #define HAVE_MKDIRAT 1
| #define HAVE_MKNOD 1
| #define HAVE_PIPE 1
| #define HAVE_ISWCTYPE 1
| #define HAVE_RENAMEAT 1
| #define HAVE_SETENV 1
| #define HAVE_SLEEP 1
| #define HAVE_SNPRINTF 1
| #define HAVE_STRNDUP 1
| #define HAVE_STRTOIMAX 1
| #define HAVE_STRTOUMAX 1
| #define HAVE_LOCALTIME_R 1
| #define HAVE_UNLINKAT 1
| #define HAVE_WCRTOMB 1
| #define HAVE_WCWIDTH 1
| #define HAVE_MKFIFO 1
| #define HAVE_SETLOCALE 1
| #define HAVE_FSYNC 1
| #define USE_ACL 0
| #define HAVE_ALLOCA_H 1
| #define HAVE_ALLOCA 1
| #define restrict __restrict__
| #define HAVE_DECL_CLEARERR_UNLOCKED 1
| #define HAVE_DECL_FEOF_UNLOCKED 1
| #define HAVE_DECL_FERROR_UNLOCKED 1
| #define HAVE_DECL_FFLUSH_UNLOCKED 1
| #define HAVE_DECL_FGETS_UNLOCKED 1
| #define HAVE_DECL_FPUTC_UNLOCKED 1
| #define HAVE_DECL_FPUTS_UNLOCKED 1
| #define HAVE_DECL_FREAD_UNLOCKED 1
| #define HAVE_DECL_FWRITE_UNLOCKED 1
| #define HAVE_DECL_GETC_UNLOCKED 1
| #define HAVE_DECL_GETCHAR_UNLOCKED 1
| #define HAVE_DECL_PUTC_UNLOCKED 1
| #define HAVE_DECL_PUTCHAR_UNLOCKED 1
| #define HAVE_DECL_STRERROR_R 1
| #define HAVE_STRERROR_R 1
| #define D_INO_IN_DIRENT 1
| #define HAVE_LONG_FILE_NAMES 1
| #define HAVE_LANGINFO_CODESET 1
| #define BITSIZEOF_WCHAR_T 32
| #define HAVE_MBSTATE_T 1
| #define HAVE_WORKING_MBRTOC32 1
| #define HAVE_MALLOC_POSIX 1
| #define LSTAT_FOLLOWS_SLASHED_SYMLINK 1
| #define FUNC_REALPATH_NEARLY_WORKS 1
| #define HAVE_FACCESSAT 1
| #define HAVE_GETCWD 1
| #define HAVE_UNISTD_H 1
| #define HAVE_CHOWN 1
| #define HAVE_ENVIRON_DECL 1
| #define GETGROUPS_T gid_t
| #define HAVE_DECL_FCHDIR 1
| #define HAVE_WORKING_O_NOATIME 1
| #define HAVE_WORKING_O_NOFOLLOW 1
| #define PROMOTED_MODE_T mode_t
| #define FUNC_FFLUSH_STDIN 1
| #define _USE_STD_STAT 1
| #define HAVE_DECL_FSEEKO 1
| #define FUNC_FFLUSH_STDIN 1
| #define HAVE_DECL_GETCWD 1
| #define HAVE_DECL_GETDELIM 1
| #define HAVE_DECL_GETDTABLESIZE 1
| #define HAVE_DECL_GETLINE 1
| #define HAVE_GETOPT_H 1
| #define HAVE_GETOPT_LONG_ONLY 1
| #define HAVE_PTHREAD_API 1
| #define SETLOCALE_NULL_ALL_MTSAFE 0
| #define SETLOCALE_NULL_ONE_MTSAFE 1
| #define HAVE_WEAK_SYMBOLS 1
| #define HAVE_WINT_T 1
| #define HAVE_LONG_LONG_INT 1
| #define HAVE_UNSIGNED_LONG_LONG_INT 1
| /* end confdefs.h.  */
| 
|               /* Work if build is not clean.  */
|               #define _GL_JUST_INCLUDE_SYSTEM_STDINT_H 1
|               #ifndef __STDC_WANT_IEC_60559_BFP_EXT__
|                #define __STDC_WANT_IEC_60559_BFP_EXT__ 1
|               #endif
|               #include <stdint.h>
| 
|   #include <stddef.h>
|   #include <signal.h>
|   #if HAVE_WCHAR_H
|   # include <wchar.h>
|   #endif
| 
|               int iw = UINTMAX_WIDTH;
| 
| int
| main (void)
| {
| 
|   ;
|   return 0;
| }
configure:19214: result: no
configure:19663: gcc -c -g -O2  conftest.c >&5
configure:19663: $? = 0
configure:19702: checking whether INT32_MAX < INTMAX_MAX
configure:19735: gcc -c -g -O2  conftest.c >&5
configure:19735: $? = 0
configure:19743: result: yes
configure:19754: checking whether INT64_MAX == LONG_MAX
configure:19787: gcc -c -g -O2  conftest.c >&5
configure:19787: $? = 0
configure:19795: result: yes
configure:19808: checking whether UINT32_MAX < UINTMAX_MAX
configure:19841: gcc -c -g -O2  conftest.c >&5
configure:19841: $? = 0
configure:19849: result: yes
configure:19860: checking whether UINT64_MAX == ULONG_MAX
configure:19893: gcc -c -g -O2  conftest.c >&5
configure:19893: $? = 0
configure:19901: result: yes
configure:20057: checking whether iswcntrl works
configure:20097: gcc -o conftest -g -O2   conftest.c  >&5
configure:20097: $? = 0
configure:20097: ./conftest
configure:20097: $? = 0
configure:20109: result: yes
configure:20135: checking for towlower
configure:20135: gcc -o conftest -g -O2   conftest.c  >&5
conftest.c:192:6: warning: conflicting types for built-in function 'towlower'; expected 'unsigned int(unsigned int)' [-Wbuiltin-declaration-mismatch]
  192 | char towlower ();
      |      ^~~~~~~~
conftest.c:184:1: note: 'towlower' is declared in header '<wctype.h>'
  183 | #include <limits.h>
  184 | #undef towlower
configure:20135: $? = 0
configure:20135: result: yes
configure:20172: checking for wctype_t
configure:20194: gcc -c -g -O2  conftest.c >&5
configure:20194: $? = 0
configure:20203: result: yes
configure:20209: checking for wctrans_t
configure:20229: gcc -c -g -O2  conftest.c >&5
configure:20229: $? = 0
configure:20238: result: yes
configure:20376: checking whether langinfo.h defines CODESET
configure:20395: gcc -c -g -O2  conftest.c >&5
configure:20395: $? = 0
configure:20404: result: yes
configure:20409: checking whether langinfo.h defines T_FMT_AMPM
configure:20428: gcc -c -g -O2  conftest.c >&5
configure:20428: $? = 0
configure:20437: result: yes
configure:20442: checking whether langinfo.h defines ALTMON_1
configure:20461: gcc -c -g -O2  conftest.c >&5
conftest.c:178:9: error: 'ALTMON_1' undeclared here (not in a function); did you mean 'ABMON_1'?
  178 | int a = ALTMON_1;
      |         ^~~~~~~~
      |         ABMON_1
configure:20461: $? = 1
configure: failed program was:
| /* confdefs.h */
| #define PACKAGE_NAME "GNU tar"
| #define PACKAGE_TARNAME "tar"
| #define PACKAGE_VERSION "1.35"
| #define PACKAGE_STRING "GNU tar 1.35"
| #define PACKAGE_BUGREPORT "bug-tar@gnu.org"
| #define PACKAGE_URL "https://www.gnu.org/software/tar/"
| #define PACKAGE "tar"
| #define VERSION "1.35"
| #define HAVE_STDIO_H 1
| #define HAVE_STDLIB_H 1
| #define HAVE_STRING_H 1
| #define HAVE_INTTYPES_H 1
| #define HAVE_STDINT_H 1
| #define HAVE_STRINGS_H 1
| #define HAVE_SYS_STAT_H 1
| #define HAVE_SYS_TYPES_H 1
| #define HAVE_UNISTD_H 1
| #define HAVE_WCHAR_H 1
| #define HAVE_FCNTL_H 1
| #define HAVE_LINUX_FD_H 1
| #define HAVE_MEMORY_H 1
| #define HAVE_SYS_PARAM_H 1
| #define HAVE_SYS_MTIO_H 1
| #define HAVE_SYS_TIME_H 1
| #define HAVE_LOCALE_H 1
| #define HAVE_FEATURES_H 1
| #define HAVE_UCHAR_H 1
| #define HAVE_SYS_SOCKET_H 1
| #define HAVE_DIRENT_H 1
| #define HAVE_LINUX_XATTR_H 1
| #define HAVE_FNMATCH_H 1
| #define HAVE_STDIO_EXT_H 1
| #define HAVE_GETOPT_H 1
| #define HAVE_THREADS_H 1
| #define HAVE_LIMITS_H 1
| #define HAVE_WCTYPE_H 1
| #define HAVE_LANGINFO_H 1
| #define HAVE_SYS_MMAN_H 1
| #define HAVE_MALLOC_H 1
| #define HAVE_STDBOOL_H 1
| #define HAVE_STDCKDINT_H 1
| #define HAVE_SYS_RANDOM_H 1
| #define HAVE_SYSEXITS_H 1
| #define HAVE_UTIME_H 1
| #define HAVE_NETDB_H 1
| #define HAVE_SYS_WAIT_H 1
| #define HAVE_PWD_H 1
| #define HAVE_GRP_H 1
| #define STDC_HEADERS 1
| #define _ALL_SOURCE 1
| #define _DARWIN_C_SOURCE 1
| #define _GNU_SOURCE 1
| #define _HPUX_ALT_XOPEN_SOCKET_API 1
| #define _NETBSD_SOURCE 1
| #define _OPENBSD_SOURCE 1
| #define _POSIX_PTHREAD_SEMANTICS 1
| #define __STDC_WANT_IEC_60559_ATTRIBS_EXT__ 1
| #define __STDC_WANT_IEC_60559_BFP_EXT__ 1
| #define __STDC_WANT_IEC_60559_DFP_EXT__ 1
| #define __STDC_WANT_IEC_60559_EXT__ 1
| #define __STDC_WANT_IEC_60559_FUNCS_EXT__ 1
| #define __STDC_WANT_IEC_60559_TYPES_EXT__ 1
| #define __STDC_WANT_LIB_EXT2__ 1
| #define __STDC_WANT_MATH_SPEC_FUNCS__ 1
| #define _TANDEM_SOURCE 1
| #define __EXTENSIONS__ 1
| #define HAVE_FSEEKO 1
| #define __USE_MINGW_ANSI_STDIO 1
| #define MAJOR_IN_SYSMACROS 1
| #define major_t int
| #define minor_t int
| #define HAVE_FCHMOD 1
| #define HAVE_FLOCKFILE 1
| #define HAVE_FUNLOCKFILE 1
| #define HAVE_PATHCONF 1
| #define HAVE_BTOWC 1
| #define HAVE_MBRTOWC 1
| #define HAVE_MBSINIT 1
| #define HAVE_REALPATH 1
| #define HAVE_LSTAT 1
| #define HAVE_CHOWN 1
| #define HAVE_FCHOWN 1
| #define HAVE_FCHDIR 1
| #define HAVE_FDOPENDIR 1
| #define HAVE_FCHMODAT 1
| #define HAVE_LCHMOD 1
| #define HAVE_FCNTL 1
| #define HAVE_SYMLINK 1
| #define HAVE_LISTXATTR 1
| #define HAVE_FNMATCH 1
| #define HAVE_MBSRTOWCS 1
| #define HAVE_FSTATAT 1
| #define HAVE_GETDTABLESIZE 1
| #define HAVE_GETTIMEOFDAY 1
| #define HAVE_ISBLANK 1
| #define HAVE_ISWCNTRL 1
| #define HAVE_LINK 1
| #define HAVE_READLINK 1
| #define HAVE_OPENAT 1
| #define HAVE_MPROTECT 1
| #define HAVE_MKDIRAT 1
| #define HAVE_MKNOD 1
| #define HAVE_PIPE 1
| #define HAVE_ISWCTYPE 1
| #define HAVE_RENAMEAT 1
| #define HAVE_SETENV 1
| #define HAVE_SLEEP 1
| #define HAVE_SNPRINTF 1
| #define HAVE_STRNDUP 1
| #define HAVE_STRTOIMAX 1
| #define HAVE_STRTOUMAX 1
| #define HAVE_LOCALTIME_R 1
| #define HAVE_UNLINKAT 1
| #define HAVE_WCRTOMB 1
| #define HAVE_WCWIDTH 1
| #define HAVE_MKFIFO 1
| #define HAVE_SETLOCALE 1
| #define HAVE_FSYNC 1
| #define USE_ACL 0
| #define HAVE_ALLOCA_H 1
| #define HAVE_ALLOCA 1
| #define restrict __restrict__
| #define HAVE_DECL_CLEARERR_UNLOCKED 1
| #define HAVE_DECL_FEOF_UNLOCKED 1
| #define HAVE_DECL_FERROR_UNLOCKED 1
| #define HAVE_DECL_FFLUSH_UNLOCKED 1
| #define HAVE_DECL_FGETS_UNLOCKED 1
| #define HAVE_DECL_FPUTC_UNLOCKED 1
| #define HAVE_DECL_FPUTS_UNLOCKED 1
| #define HAVE_DECL_FREAD_UNLOCKED 1
| #define HAVE_DECL_FWRITE_UNLOCKED 1
| #define HAVE_DECL_GETC_UNLOCKED 1
| #define HAVE_DECL_GETCHAR_UNLOCKED 1
| #define HAVE_DECL_PUTC_UNLOCKED 1
| #define HAVE_DECL_PUTCHAR_UNLOCKED 1
| #define HAVE_DECL_STRERROR_R 1
| #define HAVE_STRERROR_R 1
| #define D_INO_IN_DIRENT 1
| #define HAVE_LONG_FILE_NAMES 1
| #define HAVE_LANGINFO_CODESET 1
| #define BITSIZEOF_WCHAR_T 32
| #define HAVE_MBSTATE_T 1
| #define HAVE_WORKING_MBRTOC32 1
| #define HAVE_MALLOC_POSIX 1
| #define LSTAT_FOLLOWS_SLASHED_SYMLINK 1
| #define FUNC_REALPATH_NEARLY_WORKS 1
| #define HAVE_FACCESSAT 1
| #define HAVE_GETCWD 1
| #define HAVE_UNISTD_H 1
| #define HAVE_CHOWN 1
| #define HAVE_ENVIRON_DECL 1
| #define GETGROUPS_T gid_t
| #define HAVE_DECL_FCHDIR 1
| #define HAVE_WORKING_O_NOATIME 1
| #define HAVE_WORKING_O_NOFOLLOW 1
| #define PROMOTED_MODE_T mode_t
| #define FUNC_FFLUSH_STDIN 1
| #define _USE_STD_STAT 1
| #define HAVE_DECL_FSEEKO 1
| #define FUNC_FFLUSH_STDIN 1
| #define HAVE_DECL_GETCWD 1
| #define HAVE_DECL_GETDELIM 1
| #define HAVE_DECL_GETDTABLESIZE 1
| #define HAVE_DECL_GETLINE 1
| #define HAVE_GETOPT_H 1
| #define HAVE_GETOPT_LONG_ONLY 1
| #define HAVE_PTHREAD_API 1
| #define SETLOCALE_NULL_ALL_MTSAFE 0
| #define SETLOCALE_NULL_ONE_MTSAFE 1
| #define HAVE_WEAK_SYMBOLS 1
| #define HAVE_WINT_T 1
| #define HAVE_LONG_LONG_INT 1
| #define HAVE_UNSIGNED_LONG_LONG_INT 1
| #define HAVE_TOWLOWER 1
| /* end confdefs.h.  */
| #include <langinfo.h>
| int a = ALTMON_1;
| 
| int
| main (void)
| {
| 
|   ;
|   return 0;
| }
configure:20470: result: no
configure:20475: checking whether langinfo.h defines ERA
configure:20494: gcc -c -g -O2  conftest.c >&5
configure:20494: $? = 0
configure:20503: result: yes
configure:20508: checking whether langinfo.h defines YESEXPR
configure:20527: gcc -c -g -O2  conftest.c >&5
configure:20527: $? = 0
configure:20536: result: yes
configure:20565: checking for O_CLOEXEC
configure:20586: gcc -c -g -O2  conftest.c >&5
configure:20586: $? = 0
configure:20594: result: yes
configure:20635: checking for wchar_t
configure:20653: gcc -c -g -O2  conftest.c >&5
configure:20653: $? = 0
configure:20661: result: yes
configure:20677: checking for good max_align_t
configure:20714: gcc -c -g -O2  conftest.c >&5
configure:20714: $? = 0
configure:20723: result: yes
configure:20735: checking whether NULL can be used in arbitrary expressions
configure:20754: gcc -c -g -O2  conftest.c >&5
configure:20754: $? = 0
configure:20762: result: yes
configure:20769: checking for unreachable
configure:20788: gcc -o conftest -g -O2   conftest.c  >&5
conftest.c: In function 'main':
conftest.c:183:1: error: implicit declaration of function 'unreachable' [-Wimplicit-function-declaration]
  183 | unreachable ();
      | ^~~~~~~~~~~
configure:20788: $? = 1
configure: failed program was:
| /* confdefs.h */
| #define PACKAGE_NAME "GNU tar"
| #define PACKAGE_TARNAME "tar"
| #define PACKAGE_VERSION "1.35"
| #define PACKAGE_STRING "GNU tar 1.35"
| #define PACKAGE_BUGREPORT "bug-tar@gnu.org"
| #define PACKAGE_URL "https://www.gnu.org/software/tar/"
| #define PACKAGE "tar"
| #define VERSION "1.35"
| #define HAVE_STDIO_H 1
| #define HAVE_STDLIB_H 1
| #define HAVE_STRING_H 1
| #define HAVE_INTTYPES_H 1
| #define HAVE_STDINT_H 1
| #define HAVE_STRINGS_H 1
| #define HAVE_SYS_STAT_H 1
| #define HAVE_SYS_TYPES_H 1
| #define HAVE_UNISTD_H 1
| #define HAVE_WCHAR_H 1
| #define HAVE_FCNTL_H 1
| #define HAVE_LINUX_FD_H 1
| #define HAVE_MEMORY_H 1
| #define HAVE_SYS_PARAM_H 1
| #define HAVE_SYS_MTIO_H 1
| #define HAVE_SYS_TIME_H 1
| #define HAVE_LOCALE_H 1
| #define HAVE_FEATURES_H 1
| #define HAVE_UCHAR_H 1
| #define HAVE_SYS_SOCKET_H 1
| #define HAVE_DIRENT_H 1
| #define HAVE_LINUX_XATTR_H 1
| #define HAVE_FNMATCH_H 1
| #define HAVE_STDIO_EXT_H 1
| #define HAVE_GETOPT_H 1
| #define HAVE_THREADS_H 1
| #define HAVE_LIMITS_H 1
| #define HAVE_WCTYPE_H 1
| #define HAVE_LANGINFO_H 1
| #define HAVE_SYS_MMAN_H 1
| #define HAVE_MALLOC_H 1
| #define HAVE_STDBOOL_H 1
| #define HAVE_STDCKDINT_H 1
| #define HAVE_SYS_RANDOM_H 1
| #define HAVE_SYSEXITS_H 1
| #define HAVE_UTIME_H 1
| #define HAVE_NETDB_H 1
| #define HAVE_SYS_WAIT_H 1
| #define HAVE_PWD_H 1
| #define HAVE_GRP_H 1
| #define STDC_HEADERS 1
| #define _ALL_SOURCE 1
| #define _DARWIN_C_SOURCE 1
| #define _GNU_SOURCE 1
| #define _HPUX_ALT_XOPEN_SOCKET_API 1
| #define _NETBSD_SOURCE 1
| #define _OPENBSD_SOURCE 1
| #define _POSIX_PTHREAD_SEMANTICS 1
| #define __STDC_WANT_IEC_60559_ATTRIBS_EXT__ 1
| #define __STDC_WANT_IEC_60559_BFP_EXT__ 1
| #define __STDC_WANT_IEC_60559_DFP_EXT__ 1
| #define __STDC_WANT_IEC_60559_EXT__ 1
| #define __STDC_WANT_IEC_60559_FUNCS_EXT__ 1
| #define __STDC_WANT_IEC_60559_TYPES_EXT__ 1
| #define __STDC_WANT_LIB_EXT2__ 1
| #define __STDC_WANT_MATH_SPEC_FUNCS__ 1
| #define _TANDEM_SOURCE 1
| #define __EXTENSIONS__ 1
| #define HAVE_FSEEKO 1
| #define __USE_MINGW_ANSI_STDIO 1
| #define MAJOR_IN_SYSMACROS 1
| #define major_t int
| #define minor_t int
| #define HAVE_FCHMOD 1
| #define HAVE_FLOCKFILE 1
| #define HAVE_FUNLOCKFILE 1
| #define HAVE_PATHCONF 1
| #define HAVE_BTOWC 1
| #define HAVE_MBRTOWC 1
| #define HAVE_MBSINIT 1
| #define HAVE_REALPATH 1
| #define HAVE_LSTAT 1
| #define HAVE_CHOWN 1
| #define HAVE_FCHOWN 1
| #define HAVE_FCHDIR 1
| #define HAVE_FDOPENDIR 1
| #define HAVE_FCHMODAT 1
| #define HAVE_LCHMOD 1
| #define HAVE_FCNTL 1
| #define HAVE_SYMLINK 1
| #define HAVE_LISTXATTR 1
| #define HAVE_FNMATCH 1
| #define HAVE_MBSRTOWCS 1
| #define HAVE_FSTATAT 1
| #define HAVE_GETDTABLESIZE 1
| #define HAVE_GETTIMEOFDAY 1
| #define HAVE_ISBLANK 1
| #define HAVE_ISWCNTRL 1
| #define HAVE_LINK 1
| #define HAVE_READLINK 1
| #define HAVE_OPENAT 1
| #define HAVE_MPROTECT 1
| #define HAVE_MKDIRAT 1
| #define HAVE_MKNOD 1
| #define HAVE_PIPE 1
| #define HAVE_ISWCTYPE 1
| #define HAVE_RENAMEAT 1
| #define HAVE_SETENV 1
| #define HAVE_SLEEP 1
| #define HAVE_SNPRINTF 1
| #define HAVE_STRNDUP 1
| #define HAVE_STRTOIMAX 1
| #define HAVE_STRTOUMAX 1
| #define HAVE_LOCALTIME_R 1
| #define HAVE_UNLINKAT 1
| #define HAVE_WCRTOMB 1
| #define HAVE_WCWIDTH 1
| #define HAVE_MKFIFO 1
| #define HAVE_SETLOCALE 1
| #define HAVE_FSYNC 1
| #define USE_ACL 0
| #define HAVE_ALLOCA_H 1
| #define HAVE_ALLOCA 1
| #define restrict __restrict__
| #define HAVE_DECL_CLEARERR_UNLOCKED 1
| #define HAVE_DECL_FEOF_UNLOCKED 1
| #define HAVE_DECL_FERROR_UNLOCKED 1
| #define HAVE_DECL_FFLUSH_UNLOCKED 1
| #define HAVE_DECL_FGETS_UNLOCKED 1
| #define HAVE_DECL_FPUTC_UNLOCKED 1
| #define HAVE_DECL_FPUTS_UNLOCKED 1
| #define HAVE_DECL_FREAD_UNLOCKED 1
| #define HAVE_DECL_FWRITE_UNLOCKED 1
| #define HAVE_DECL_GETC_UNLOCKED 1
| #define HAVE_DECL_GETCHAR_UNLOCKED 1
| #define HAVE_DECL_PUTC_UNLOCKED 1
| #define HAVE_DECL_PUTCHAR_UNLOCKED 1
| #define HAVE_DECL_STRERROR_R 1
| #define HAVE_STRERROR_R 1
| #define D_INO_IN_DIRENT 1
| #define HAVE_LONG_FILE_NAMES 1
| #define HAVE_LANGINFO_CODESET 1
| #define BITSIZEOF_WCHAR_T 32
| #define HAVE_MBSTATE_T 1
| #define HAVE_WORKING_MBRTOC32 1
| #define HAVE_MALLOC_POSIX 1
| #define LSTAT_FOLLOWS_SLASHED_SYMLINK 1
| #define FUNC_REALPATH_NEARLY_WORKS 1
| #define HAVE_FACCESSAT 1
| #define HAVE_GETCWD 1
| #define HAVE_UNISTD_H 1
| #define HAVE_CHOWN 1
| #define HAVE_ENVIRON_DECL 1
| #define GETGROUPS_T gid_t
| #define HAVE_DECL_FCHDIR 1
| #define HAVE_WORKING_O_NOATIME 1
| #define HAVE_WORKING_O_NOFOLLOW 1
| #define PROMOTED_MODE_T mode_t
| #define FUNC_FFLUSH_STDIN 1
| #define _USE_STD_STAT 1
| #define HAVE_DECL_FSEEKO 1
| #define FUNC_FFLUSH_STDIN 1
| #define HAVE_DECL_GETCWD 1
| #define HAVE_DECL_GETDELIM 1
| #define HAVE_DECL_GETDTABLESIZE 1
| #define HAVE_DECL_GETLINE 1
| #define HAVE_GETOPT_H 1
| #define HAVE_GETOPT_LONG_ONLY 1
| #define HAVE_PTHREAD_API 1
| #define SETLOCALE_NULL_ALL_MTSAFE 0
| #define SETLOCALE_NULL_ONE_MTSAFE 1
| #define HAVE_WEAK_SYMBOLS 1
| #define HAVE_WINT_T 1
| #define HAVE_LONG_LONG_INT 1
| #define HAVE_UNSIGNED_LONG_LONG_INT 1
| #define HAVE_TOWLOWER 1
| #define HAVE_WCHAR_T 1
| /* end confdefs.h.  */
| #include <stddef.h>
| 
| int
| main (void)
| {
| unreachable ();
| 
|   ;
|   return 0;
| }
configure:20798: result: no
configure:20883: checking whether locale.h defines locale_t
configure:20901: gcc -c -g -O2  conftest.c >&5
configure:20901: $? = 0
configure:20910: result: yes
configure:20951: checking whether locale.h conforms to POSIX:2001
configure:20970: gcc -c -g -O2  conftest.c >&5
configure:20970: $? = 0
configure:20978: result: yes
configure:20981: checking whether struct lconv is properly defined
configure:21001: gcc -c -g -O2  conftest.c >&5
configure:21001: $? = 0
configure:21010: result: yes
configure:21138: checking whether malloc (0) returns nonnull
configure:21173: gcc -o conftest -g -O2   conftest.c  >&5
configure:21173: $? = 0
configure:21173: ./conftest
configure:21173: $? = 0
configure:21185: result: yes
configure:21428: checking for mmap
configure:21428: gcc -o conftest -g -O2   conftest.c  >&5
configure:21428: $? = 0
configure:21428: result: yes
configure:21440: checking for MAP_ANONYMOUS
configure:21479: result: yes
configure:21506: checking whether memchr works
configure:21592: gcc -o conftest -g -O2   conftest.c  >&5
configure:21592: $? = 0
configure:21592: ./conftest
configure:21592: $? = 0
configure:21604: result: yes
configure:21611: checking whether memrchr is declared
configure:21611: gcc -c -g -O2   conftest.c >&5
configure:21611: $? = 0
configure:21611: result: yes
configure:21624: checking whether <limits.h> defines MIN and MAX
configure:21642: gcc -c -g -O2  conftest.c >&5
conftest.c:182:21: error: implicit declaration of function 'MIN' [-Wimplicit-function-declaration]
  182 |             int x = MIN (42, 17);
      |                     ^~~
conftest.c:182:21: error: initializer element is not constant
configure:21642: $? = 1
configure: failed program was:
| /* confdefs.h */
| #define PACKAGE_NAME "GNU tar"
| #define PACKAGE_TARNAME "tar"
| #define PACKAGE_VERSION "1.35"
| #define PACKAGE_STRING "GNU tar 1.35"
| #define PACKAGE_BUGREPORT "bug-tar@gnu.org"
| #define PACKAGE_URL "https://www.gnu.org/software/tar/"
| #define PACKAGE "tar"
| #define VERSION "1.35"
| #define HAVE_STDIO_H 1
| #define HAVE_STDLIB_H 1
| #define HAVE_STRING_H 1
| #define HAVE_INTTYPES_H 1
| #define HAVE_STDINT_H 1
| #define HAVE_STRINGS_H 1
| #define HAVE_SYS_STAT_H 1
| #define HAVE_SYS_TYPES_H 1
| #define HAVE_UNISTD_H 1
| #define HAVE_WCHAR_H 1
| #define HAVE_FCNTL_H 1
| #define HAVE_LINUX_FD_H 1
| #define HAVE_MEMORY_H 1
| #define HAVE_SYS_PARAM_H 1
| #define HAVE_SYS_MTIO_H 1
| #define HAVE_SYS_TIME_H 1
| #define HAVE_LOCALE_H 1
| #define HAVE_FEATURES_H 1
| #define HAVE_UCHAR_H 1
| #define HAVE_SYS_SOCKET_H 1
| #define HAVE_DIRENT_H 1
| #define HAVE_LINUX_XATTR_H 1
| #define HAVE_FNMATCH_H 1
| #define HAVE_STDIO_EXT_H 1
| #define HAVE_GETOPT_H 1
| #define HAVE_THREADS_H 1
| #define HAVE_LIMITS_H 1
| #define HAVE_WCTYPE_H 1
| #define HAVE_LANGINFO_H 1
| #define HAVE_SYS_MMAN_H 1
| #define HAVE_MALLOC_H 1
| #define HAVE_STDBOOL_H 1
| #define HAVE_STDCKDINT_H 1
| #define HAVE_SYS_RANDOM_H 1
| #define HAVE_SYSEXITS_H 1
| #define HAVE_UTIME_H 1
| #define HAVE_NETDB_H 1
| #define HAVE_SYS_WAIT_H 1
| #define HAVE_PWD_H 1
| #define HAVE_GRP_H 1
| #define STDC_HEADERS 1
| #define _ALL_SOURCE 1
| #define _DARWIN_C_SOURCE 1
| #define _GNU_SOURCE 1
| #define _HPUX_ALT_XOPEN_SOCKET_API 1
| #define _NETBSD_SOURCE 1
| #define _OPENBSD_SOURCE 1
| #define _POSIX_PTHREAD_SEMANTICS 1
| #define __STDC_WANT_IEC_60559_ATTRIBS_EXT__ 1
| #define __STDC_WANT_IEC_60559_BFP_EXT__ 1
| #define __STDC_WANT_IEC_60559_DFP_EXT__ 1
| #define __STDC_WANT_IEC_60559_EXT__ 1
| #define __STDC_WANT_IEC_60559_FUNCS_EXT__ 1
| #define __STDC_WANT_IEC_60559_TYPES_EXT__ 1
| #define __STDC_WANT_LIB_EXT2__ 1
| #define __STDC_WANT_MATH_SPEC_FUNCS__ 1
| #define _TANDEM_SOURCE 1
| #define __EXTENSIONS__ 1
| #define HAVE_FSEEKO 1
| #define __USE_MINGW_ANSI_STDIO 1
| #define MAJOR_IN_SYSMACROS 1
| #define major_t int
| #define minor_t int
| #define HAVE_FCHMOD 1
| #define HAVE_FLOCKFILE 1
| #define HAVE_FUNLOCKFILE 1
| #define HAVE_PATHCONF 1
| #define HAVE_BTOWC 1
| #define HAVE_MBRTOWC 1
| #define HAVE_MBSINIT 1
| #define HAVE_REALPATH 1
| #define HAVE_LSTAT 1
| #define HAVE_CHOWN 1
| #define HAVE_FCHOWN 1
| #define HAVE_FCHDIR 1
| #define HAVE_FDOPENDIR 1
| #define HAVE_FCHMODAT 1
| #define HAVE_LCHMOD 1
| #define HAVE_FCNTL 1
| #define HAVE_SYMLINK 1
| #define HAVE_LISTXATTR 1
| #define HAVE_FNMATCH 1
| #define HAVE_MBSRTOWCS 1
| #define HAVE_FSTATAT 1
| #define HAVE_GETDTABLESIZE 1
| #define HAVE_GETTIMEOFDAY 1
| #define HAVE_ISBLANK 1
| #define HAVE_ISWCNTRL 1
| #define HAVE_LINK 1
| #define HAVE_READLINK 1
| #define HAVE_OPENAT 1
| #define HAVE_MPROTECT 1
| #define HAVE_MKDIRAT 1
| #define HAVE_MKNOD 1
| #define HAVE_PIPE 1
| #define HAVE_ISWCTYPE 1
| #define HAVE_RENAMEAT 1
| #define HAVE_SETENV 1
| #define HAVE_SLEEP 1
| #define HAVE_SNPRINTF 1
| #define HAVE_STRNDUP 1
| #define HAVE_STRTOIMAX 1
| #define HAVE_STRTOUMAX 1
| #define HAVE_LOCALTIME_R 1
| #define HAVE_UNLINKAT 1
| #define HAVE_WCRTOMB 1
| #define HAVE_WCWIDTH 1
| #define HAVE_MKFIFO 1
| #define HAVE_SETLOCALE 1
| #define HAVE_FSYNC 1
| #define USE_ACL 0
| #define HAVE_ALLOCA_H 1
| #define HAVE_ALLOCA 1
| #define restrict __restrict__
| #define HAVE_DECL_CLEARERR_UNLOCKED 1
| #define HAVE_DECL_FEOF_UNLOCKED 1
| #define HAVE_DECL_FERROR_UNLOCKED 1
| #define HAVE_DECL_FFLUSH_UNLOCKED 1
| #define HAVE_DECL_FGETS_UNLOCKED 1
| #define HAVE_DECL_FPUTC_UNLOCKED 1
| #define HAVE_DECL_FPUTS_UNLOCKED 1
| #define HAVE_DECL_FREAD_UNLOCKED 1
| #define HAVE_DECL_FWRITE_UNLOCKED 1
| #define HAVE_DECL_GETC_UNLOCKED 1
| #define HAVE_DECL_GETCHAR_UNLOCKED 1
| #define HAVE_DECL_PUTC_UNLOCKED 1
| #define HAVE_DECL_PUTCHAR_UNLOCKED 1
| #define HAVE_DECL_STRERROR_R 1
| #define HAVE_STRERROR_R 1
| #define D_INO_IN_DIRENT 1
| #define HAVE_LONG_FILE_NAMES 1
| #define HAVE_LANGINFO_CODESET 1
| #define BITSIZEOF_WCHAR_T 32
| #define HAVE_MBSTATE_T 1
| #define HAVE_WORKING_MBRTOC32 1
| #define HAVE_MALLOC_POSIX 1
| #define LSTAT_FOLLOWS_SLASHED_SYMLINK 1
| #define FUNC_REALPATH_NEARLY_WORKS 1
| #define HAVE_FACCESSAT 1
| #define HAVE_GETCWD 1
| #define HAVE_UNISTD_H 1
| #define HAVE_CHOWN 1
| #define HAVE_ENVIRON_DECL 1
| #define GETGROUPS_T gid_t
| #define HAVE_DECL_FCHDIR 1
| #define HAVE_WORKING_O_NOATIME 1
| #define HAVE_WORKING_O_NOFOLLOW 1
| #define PROMOTED_MODE_T mode_t
| #define FUNC_FFLUSH_STDIN 1
| #define _USE_STD_STAT 1
| #define HAVE_DECL_FSEEKO 1
| #define FUNC_FFLUSH_STDIN 1
| #define HAVE_DECL_GETCWD 1
| #define HAVE_DECL_GETDELIM 1
| #define HAVE_DECL_GETDTABLESIZE 1
| #define HAVE_DECL_GETLINE 1
| #define HAVE_GETOPT_H 1
| #define HAVE_GETOPT_LONG_ONLY 1
| #define HAVE_PTHREAD_API 1
| #define SETLOCALE_NULL_ALL_MTSAFE 0
| #define SETLOCALE_NULL_ONE_MTSAFE 1
| #define HAVE_WEAK_SYMBOLS 1
| #define HAVE_WINT_T 1
| #define HAVE_LONG_LONG_INT 1
| #define HAVE_UNSIGNED_LONG_LONG_INT 1
| #define HAVE_TOWLOWER 1
| #define HAVE_WCHAR_T 1
| #define MALLOC_0_IS_NONNULL 1
| #define HAVE_MAP_ANONYMOUS 1
| #define HAVE_DECL_MEMRCHR 1
| /* end confdefs.h.  */
| #include <limits.h>
|             int x = MIN (42, 17);
| int
| main (void)
| {
| 
|   ;
|   return 0;
| }
configure:21650: result: no
configure:21663: checking whether <sys/param.h> defines MIN and MAX
configure:21681: gcc -c -g -O2  conftest.c >&5
configure:21681: $? = 0
configure:21689: result: yes
configure:21704: checking for compiler option needed when checking for future declarations
configure:21742: result: none
configure:21769: checking whether time_t is signed
configure:21787: gcc -c -g -O2  conftest.c >&5
configure:21787: $? = 0
configure:21795: result: yes
configure:21803: checking whether alarm is declared
configure:21803: gcc -c -g -O2   conftest.c >&5
configure:21803: $? = 0
configure:21803: result: yes
configure:21818: checking for working mktime
configure:22065: gcc -o conftest -g -O2   conftest.c  >&5
configure:22065: $? = 0
configure:22065: ./conftest
configure:22065: $? = 0
configure:22078: result: yes
configure:22142: checking whether struct tm is in sys/time.h or time.h
configure:22163: gcc -c -g -O2  conftest.c >&5
configure:22163: $? = 0
configure:22171: result: time.h
configure:22179: checking for struct tm.tm_zone
configure:22179: gcc -c -g -O2  conftest.c >&5
configure:22179: $? = 0
configure:22179: result: yes
configure:22246: checking for struct tm.tm_gmtoff
configure:22246: gcc -c -g -O2  conftest.c >&5
configure:22246: $? = 0
configure:22246: result: yes
configure:22260: checking for compound literals
configure:22279: gcc -c -g -O2  conftest.c >&5
configure:22279: $? = 0
configure:22288: result: yes
configure:22362: checking for library containing setfilecon
configure:22392: gcc -o conftest -g -O2   conftest.c  >&5
/usr/lib/gcc/x86_64-alpine-linux-musl/15.2.0/../../../../x86_64-alpine-linux-musl/bin/ld: /tmp/cciMfjkL.o: in function `main':
/home/sonakrie/Work/testicular_linux/tar/conftest.c:196:(.text.startup+0x5): undefined reference to `setfilecon'
collect2: error: ld returned 1 exit status
configure:22392: $? = 1
configure: failed program was:
| /* confdefs.h */
| #define PACKAGE_NAME "GNU tar"
| #define PACKAGE_TARNAME "tar"
| #define PACKAGE_VERSION "1.35"
| #define PACKAGE_STRING "GNU tar 1.35"
| #define PACKAGE_BUGREPORT "bug-tar@gnu.org"
| #define PACKAGE_URL "https://www.gnu.org/software/tar/"
| #define PACKAGE "tar"
| #define VERSION "1.35"
| #define HAVE_STDIO_H 1
| #define HAVE_STDLIB_H 1
| #define HAVE_STRING_H 1
| #define HAVE_INTTYPES_H 1
| #define HAVE_STDINT_H 1
| #define HAVE_STRINGS_H 1
| #define HAVE_SYS_STAT_H 1
| #define HAVE_SYS_TYPES_H 1
| #define HAVE_UNISTD_H 1
| #define HAVE_WCHAR_H 1
| #define HAVE_FCNTL_H 1
| #define HAVE_LINUX_FD_H 1
| #define HAVE_MEMORY_H 1
| #define HAVE_SYS_PARAM_H 1
| #define HAVE_SYS_MTIO_H 1
| #define HAVE_SYS_TIME_H 1
| #define HAVE_LOCALE_H 1
| #define HAVE_FEATURES_H 1
| #define HAVE_UCHAR_H 1
| #define HAVE_SYS_SOCKET_H 1
| #define HAVE_DIRENT_H 1
| #define HAVE_LINUX_XATTR_H 1
| #define HAVE_FNMATCH_H 1
| #define HAVE_STDIO_EXT_H 1
| #define HAVE_GETOPT_H 1
| #define HAVE_THREADS_H 1
| #define HAVE_LIMITS_H 1
| #define HAVE_WCTYPE_H 1
| #define HAVE_LANGINFO_H 1
| #define HAVE_SYS_MMAN_H 1
| #define HAVE_MALLOC_H 1
| #define HAVE_STDBOOL_H 1
| #define HAVE_STDCKDINT_H 1
| #define HAVE_SYS_RANDOM_H 1
| #define HAVE_SYSEXITS_H 1
| #define HAVE_UTIME_H 1
| #define HAVE_NETDB_H 1
| #define HAVE_SYS_WAIT_H 1
| #define HAVE_PWD_H 1
| #define HAVE_GRP_H 1
| #define STDC_HEADERS 1
| #define _ALL_SOURCE 1
| #define _DARWIN_C_SOURCE 1
| #define _GNU_SOURCE 1
| #define _HPUX_ALT_XOPEN_SOCKET_API 1
| #define _NETBSD_SOURCE 1
| #define _OPENBSD_SOURCE 1
| #define _POSIX_PTHREAD_SEMANTICS 1
| #define __STDC_WANT_IEC_60559_ATTRIBS_EXT__ 1
| #define __STDC_WANT_IEC_60559_BFP_EXT__ 1
| #define __STDC_WANT_IEC_60559_DFP_EXT__ 1
| #define __STDC_WANT_IEC_60559_EXT__ 1
| #define __STDC_WANT_IEC_60559_FUNCS_EXT__ 1
| #define __STDC_WANT_IEC_60559_TYPES_EXT__ 1
| #define __STDC_WANT_LIB_EXT2__ 1
| #define __STDC_WANT_MATH_SPEC_FUNCS__ 1
| #define _TANDEM_SOURCE 1
| #define __EXTENSIONS__ 1
| #define HAVE_FSEEKO 1
| #define __USE_MINGW_ANSI_STDIO 1
| #define MAJOR_IN_SYSMACROS 1
| #define major_t int
| #define minor_t int
| #define HAVE_FCHMOD 1
| #define HAVE_FLOCKFILE 1
| #define HAVE_FUNLOCKFILE 1
| #define HAVE_PATHCONF 1
| #define HAVE_BTOWC 1
| #define HAVE_MBRTOWC 1
| #define HAVE_MBSINIT 1
| #define HAVE_REALPATH 1
| #define HAVE_LSTAT 1
| #define HAVE_CHOWN 1
| #define HAVE_FCHOWN 1
| #define HAVE_FCHDIR 1
| #define HAVE_FDOPENDIR 1
| #define HAVE_FCHMODAT 1
| #define HAVE_LCHMOD 1
| #define HAVE_FCNTL 1
| #define HAVE_SYMLINK 1
| #define HAVE_LISTXATTR 1
| #define HAVE_FNMATCH 1
| #define HAVE_MBSRTOWCS 1
| #define HAVE_FSTATAT 1
| #define HAVE_GETDTABLESIZE 1
| #define HAVE_GETTIMEOFDAY 1
| #define HAVE_ISBLANK 1
| #define HAVE_ISWCNTRL 1
| #define HAVE_LINK 1
| #define HAVE_READLINK 1
| #define HAVE_OPENAT 1
| #define HAVE_MPROTECT 1
| #define HAVE_MKDIRAT 1
| #define HAVE_MKNOD 1
| #define HAVE_PIPE 1
| #define HAVE_ISWCTYPE 1
| #define HAVE_RENAMEAT 1
| #define HAVE_SETENV 1
| #define HAVE_SLEEP 1
| #define HAVE_SNPRINTF 1
| #define HAVE_STRNDUP 1
| #define HAVE_STRTOIMAX 1
| #define HAVE_STRTOUMAX 1
| #define HAVE_LOCALTIME_R 1
| #define HAVE_UNLINKAT 1
| #define HAVE_WCRTOMB 1
| #define HAVE_WCWIDTH 1
| #define HAVE_MKFIFO 1
| #define HAVE_SETLOCALE 1
| #define HAVE_FSYNC 1
| #define USE_ACL 0
| #define HAVE_ALLOCA_H 1
| #define HAVE_ALLOCA 1
| #define restrict __restrict__
| #define HAVE_DECL_CLEARERR_UNLOCKED 1
| #define HAVE_DECL_FEOF_UNLOCKED 1
| #define HAVE_DECL_FERROR_UNLOCKED 1
| #define HAVE_DECL_FFLUSH_UNLOCKED 1
| #define HAVE_DECL_FGETS_UNLOCKED 1
| #define HAVE_DECL_FPUTC_UNLOCKED 1
| #define HAVE_DECL_FPUTS_UNLOCKED 1
| #define HAVE_DECL_FREAD_UNLOCKED 1
| #define HAVE_DECL_FWRITE_UNLOCKED 1
| #define HAVE_DECL_GETC_UNLOCKED 1
| #define HAVE_DECL_GETCHAR_UNLOCKED 1
| #define HAVE_DECL_PUTC_UNLOCKED 1
| #define HAVE_DECL_PUTCHAR_UNLOCKED 1
| #define HAVE_DECL_STRERROR_R 1
| #define HAVE_STRERROR_R 1
| #define D_INO_IN_DIRENT 1
| #define HAVE_LONG_FILE_NAMES 1
| #define HAVE_LANGINFO_CODESET 1
| #define BITSIZEOF_WCHAR_T 32
| #define HAVE_MBSTATE_T 1
| #define HAVE_WORKING_MBRTOC32 1
| #define HAVE_MALLOC_POSIX 1
| #define LSTAT_FOLLOWS_SLASHED_SYMLINK 1
| #define FUNC_REALPATH_NEARLY_WORKS 1
| #define HAVE_FACCESSAT 1
| #define HAVE_GETCWD 1
| #define HAVE_UNISTD_H 1
| #define HAVE_CHOWN 1
| #define HAVE_ENVIRON_DECL 1
| #define GETGROUPS_T gid_t
| #define HAVE_DECL_FCHDIR 1
| #define HAVE_WORKING_O_NOATIME 1
| #define HAVE_WORKING_O_NOFOLLOW 1
| #define PROMOTED_MODE_T mode_t
| #define FUNC_FFLUSH_STDIN 1
| #define _USE_STD_STAT 1
| #define HAVE_DECL_FSEEKO 1
| #define FUNC_FFLUSH_STDIN 1
| #define HAVE_DECL_GETCWD 1
| #define HAVE_DECL_GETDELIM 1
| #define HAVE_DECL_GETDTABLESIZE 1
| #define HAVE_DECL_GETLINE 1
| #define HAVE_GETOPT_H 1
| #define HAVE_GETOPT_LONG_ONLY 1
| #define HAVE_PTHREAD_API 1
| #define SETLOCALE_NULL_ALL_MTSAFE 0
| #define SETLOCALE_NULL_ONE_MTSAFE 1
| #define HAVE_WEAK_SYMBOLS 1
| #define HAVE_WINT_T 1
| #define HAVE_LONG_LONG_INT 1
| #define HAVE_UNSIGNED_LONG_LONG_INT 1
| #define HAVE_TOWLOWER 1
| #define HAVE_WCHAR_T 1
| #define MALLOC_0_IS_NONNULL 1
| #define HAVE_MAP_ANONYMOUS 1
| #define HAVE_DECL_MEMRCHR 1
| #define HAVE_MINMAX_IN_SYS_PARAM_H 1
| #define TIME_T_IS_SIGNED 1
| #define HAVE_DECL_ALARM 1
| #define HAVE_STRUCT_TM_TM_ZONE 1
| #define HAVE_TM_ZONE 1
| #define HAVE_TM_GMTOFF 1
| #define HAVE_COMPOUND_LITERALS 1
| /* end confdefs.h.  */
| 
| /* Override any GCC internal prototype to avoid an error.
|    Use char because int might match the return type of a GCC
|    builtin and then its argument prototype would still apply.  */
| char setfilecon ();
| int
| main (void)
| {
| return setfilecon ();
|   ;
|   return 0;
| }
configure:22392: gcc -o conftest -g -O2   conftest.c -lselinux   >&5
/usr/lib/gcc/x86_64-alpine-linux-musl/15.2.0/../../../../x86_64-alpine-linux-musl/bin/ld: cannot find -lselinux: No such file or directory
collect2: error: ld returned 1 exit status
configure:22392: $? = 1
configure: failed program was:
| /* confdefs.h */
| #define PACKAGE_NAME "GNU tar"
| #define PACKAGE_TARNAME "tar"
| #define PACKAGE_VERSION "1.35"
| #define PACKAGE_STRING "GNU tar 1.35"
| #define PACKAGE_BUGREPORT "bug-tar@gnu.org"
| #define PACKAGE_URL "https://www.gnu.org/software/tar/"
| #define PACKAGE "tar"
| #define VERSION "1.35"
| #define HAVE_STDIO_H 1
| #define HAVE_STDLIB_H 1
| #define HAVE_STRING_H 1
| #define HAVE_INTTYPES_H 1
| #define HAVE_STDINT_H 1
| #define HAVE_STRINGS_H 1
| #define HAVE_SYS_STAT_H 1
| #define HAVE_SYS_TYPES_H 1
| #define HAVE_UNISTD_H 1
| #define HAVE_WCHAR_H 1
| #define HAVE_FCNTL_H 1
| #define HAVE_LINUX_FD_H 1
| #define HAVE_MEMORY_H 1
| #define HAVE_SYS_PARAM_H 1
| #define HAVE_SYS_MTIO_H 1
| #define HAVE_SYS_TIME_H 1
| #define HAVE_LOCALE_H 1
| #define HAVE_FEATURES_H 1
| #define HAVE_UCHAR_H 1
| #define HAVE_SYS_SOCKET_H 1
| #define HAVE_DIRENT_H 1
| #define HAVE_LINUX_XATTR_H 1
| #define HAVE_FNMATCH_H 1
| #define HAVE_STDIO_EXT_H 1
| #define HAVE_GETOPT_H 1
| #define HAVE_THREADS_H 1
| #define HAVE_LIMITS_H 1
| #define HAVE_WCTYPE_H 1
| #define HAVE_LANGINFO_H 1
| #define HAVE_SYS_MMAN_H 1
| #define HAVE_MALLOC_H 1
| #define HAVE_STDBOOL_H 1
| #define HAVE_STDCKDINT_H 1
| #define HAVE_SYS_RANDOM_H 1
| #define HAVE_SYSEXITS_H 1
| #define HAVE_UTIME_H 1
| #define HAVE_NETDB_H 1
| #define HAVE_SYS_WAIT_H 1
| #define HAVE_PWD_H 1
| #define HAVE_GRP_H 1
| #define STDC_HEADERS 1
| #define _ALL_SOURCE 1
| #define _DARWIN_C_SOURCE 1
| #define _GNU_SOURCE 1
| #define _HPUX_ALT_XOPEN_SOCKET_API 1
| #define _NETBSD_SOURCE 1
| #define _OPENBSD_SOURCE 1
| #define _POSIX_PTHREAD_SEMANTICS 1
| #define __STDC_WANT_IEC_60559_ATTRIBS_EXT__ 1
| #define __STDC_WANT_IEC_60559_BFP_EXT__ 1
| #define __STDC_WANT_IEC_60559_DFP_EXT__ 1
| #define __STDC_WANT_IEC_60559_EXT__ 1
| #define __STDC_WANT_IEC_60559_FUNCS_EXT__ 1
| #define __STDC_WANT_IEC_60559_TYPES_EXT__ 1
| #define __STDC_WANT_LIB_EXT2__ 1
| #define __STDC_WANT_MATH_SPEC_FUNCS__ 1
| #define _TANDEM_SOURCE 1
| #define __EXTENSIONS__ 1
| #define HAVE_FSEEKO 1
| #define __USE_MINGW_ANSI_STDIO 1
| #define MAJOR_IN_SYSMACROS 1
| #define major_t int
| #define minor_t int
| #define HAVE_FCHMOD 1
| #define HAVE_FLOCKFILE 1
| #define HAVE_FUNLOCKFILE 1
| #define HAVE_PATHCONF 1
| #define HAVE_BTOWC 1
| #define HAVE_MBRTOWC 1
| #define HAVE_MBSINIT 1
| #define HAVE_REALPATH 1
| #define HAVE_LSTAT 1
| #define HAVE_CHOWN 1
| #define HAVE_FCHOWN 1
| #define HAVE_FCHDIR 1
| #define HAVE_FDOPENDIR 1
| #define HAVE_FCHMODAT 1
| #define HAVE_LCHMOD 1
| #define HAVE_FCNTL 1
| #define HAVE_SYMLINK 1
| #define HAVE_LISTXATTR 1
| #define HAVE_FNMATCH 1
| #define HAVE_MBSRTOWCS 1
| #define HAVE_FSTATAT 1
| #define HAVE_GETDTABLESIZE 1
| #define HAVE_GETTIMEOFDAY 1
| #define HAVE_ISBLANK 1
| #define HAVE_ISWCNTRL 1
| #define HAVE_LINK 1
| #define HAVE_READLINK 1
| #define HAVE_OPENAT 1
| #define HAVE_MPROTECT 1
| #define HAVE_MKDIRAT 1
| #define HAVE_MKNOD 1
| #define HAVE_PIPE 1
| #define HAVE_ISWCTYPE 1
| #define HAVE_RENAMEAT 1
| #define HAVE_SETENV 1
| #define HAVE_SLEEP 1
| #define HAVE_SNPRINTF 1
| #define HAVE_STRNDUP 1
| #define HAVE_STRTOIMAX 1
| #define HAVE_STRTOUMAX 1
| #define HAVE_LOCALTIME_R 1
| #define HAVE_UNLINKAT 1
| #define HAVE_WCRTOMB 1
| #define HAVE_WCWIDTH 1
| #define HAVE_MKFIFO 1
| #define HAVE_SETLOCALE 1
| #define HAVE_FSYNC 1
| #define USE_ACL 0
| #define HAVE_ALLOCA_H 1
| #define HAVE_ALLOCA 1
| #define restrict __restrict__
| #define HAVE_DECL_CLEARERR_UNLOCKED 1
| #define HAVE_DECL_FEOF_UNLOCKED 1
| #define HAVE_DECL_FERROR_UNLOCKED 1
| #define HAVE_DECL_FFLUSH_UNLOCKED 1
| #define HAVE_DECL_FGETS_UNLOCKED 1
| #define HAVE_DECL_FPUTC_UNLOCKED 1
| #define HAVE_DECL_FPUTS_UNLOCKED 1
| #define HAVE_DECL_FREAD_UNLOCKED 1
| #define HAVE_DECL_FWRITE_UNLOCKED 1
| #define HAVE_DECL_GETC_UNLOCKED 1
| #define HAVE_DECL_GETCHAR_UNLOCKED 1
| #define HAVE_DECL_PUTC_UNLOCKED 1
| #define HAVE_DECL_PUTCHAR_UNLOCKED 1
| #define HAVE_DECL_STRERROR_R 1
| #define HAVE_STRERROR_R 1
| #define D_INO_IN_DIRENT 1
| #define HAVE_LONG_FILE_NAMES 1
| #define HAVE_LANGINFO_CODESET 1
| #define BITSIZEOF_WCHAR_T 32
| #define HAVE_MBSTATE_T 1
| #define HAVE_WORKING_MBRTOC32 1
| #define HAVE_MALLOC_POSIX 1
| #define LSTAT_FOLLOWS_SLASHED_SYMLINK 1
| #define FUNC_REALPATH_NEARLY_WORKS 1
| #define HAVE_FACCESSAT 1
| #define HAVE_GETCWD 1
| #define HAVE_UNISTD_H 1
| #define HAVE_CHOWN 1
| #define HAVE_ENVIRON_DECL 1
| #define GETGROUPS_T gid_t
| #define HAVE_DECL_FCHDIR 1
| #define HAVE_WORKING_O_NOATIME 1
| #define HAVE_WORKING_O_NOFOLLOW 1
| #define PROMOTED_MODE_T mode_t
| #define FUNC_FFLUSH_STDIN 1
| #define _USE_STD_STAT 1
| #define HAVE_DECL_FSEEKO 1
| #define FUNC_FFLUSH_STDIN 1
| #define HAVE_DECL_GETCWD 1
| #define HAVE_DECL_GETDELIM 1
| #define HAVE_DECL_GETDTABLESIZE 1
| #define HAVE_DECL_GETLINE 1
| #define HAVE_GETOPT_H 1
| #define HAVE_GETOPT_LONG_ONLY 1
| #define HAVE_PTHREAD_API 1
| #define SETLOCALE_NULL_ALL_MTSAFE 0
| #define SETLOCALE_NULL_ONE_MTSAFE 1
| #define HAVE_WEAK_SYMBOLS 1
| #define HAVE_WINT_T 1
| #define HAVE_LONG_LONG_INT 1
| #define HAVE_UNSIGNED_LONG_LONG_INT 1
| #define HAVE_TOWLOWER 1
| #define HAVE_WCHAR_T 1
| #define MALLOC_0_IS_NONNULL 1
| #define HAVE_MAP_ANONYMOUS 1
| #define HAVE_DECL_MEMRCHR 1
| #define HAVE_MINMAX_IN_SYS_PARAM_H 1
| #define TIME_T_IS_SIGNED 1
| #define HAVE_DECL_ALARM 1
| #define HAVE_STRUCT_TM_TM_ZONE 1
| #define HAVE_TM_ZONE 1
| #define HAVE_TM_GMTOFF 1
| #define HAVE_COMPOUND_LITERALS 1
| /* end confdefs.h.  */
| 
| /* Override any GCC internal prototype to avoid an error.
|    Use char because int might match the return type of a GCC
|    builtin and then its argument prototype would still apply.  */
| char setfilecon ();
| int
| main (void)
| {
| return setfilecon ();
|   ;
|   return 0;
| }
configure:22412: result: no
configure:22438: checking whether setenv is declared
configure:22438: gcc -c -g -O2   conftest.c >&5
configure:22438: $? = 0
configure:22438: result: yes
configure:22458: checking for search.h
configure:22458: gcc -c -g -O2  conftest.c >&5
configure:22458: $? = 0
configure:22458: result: yes
configure:22467: checking for tsearch
configure:22504: checking for tsearch
configure:22504: gcc -o conftest -g -O2   conftest.c  >&5
configure:22504: $? = 0
configure:22504: result: yes
configure:22519: result: yes
configure:22536: checking for sigset_t
configure:22536: gcc -c -g -O2  conftest.c >&5
configure:22536: $? = 0
configure:22536: gcc -c -g -O2  conftest.c >&5
conftest.c: In function 'main':
conftest.c:200:23: error: expected expression before ')' token
  200 | if (sizeof ((sigset_t)))
      |                       ^
configure:22536: $? = 1
configure: failed program was:
| /* confdefs.h */
| #define PACKAGE_NAME "GNU tar"
| #define PACKAGE_TARNAME "tar"
| #define PACKAGE_VERSION "1.35"
| #define PACKAGE_STRING "GNU tar 1.35"
| #define PACKAGE_BUGREPORT "bug-tar@gnu.org"
| #define PACKAGE_URL "https://www.gnu.org/software/tar/"
| #define PACKAGE "tar"
| #define VERSION "1.35"
| #define HAVE_STDIO_H 1
| #define HAVE_STDLIB_H 1
| #define HAVE_STRING_H 1
| #define HAVE_INTTYPES_H 1
| #define HAVE_STDINT_H 1
| #define HAVE_STRINGS_H 1
| #define HAVE_SYS_STAT_H 1
| #define HAVE_SYS_TYPES_H 1
| #define HAVE_UNISTD_H 1
| #define HAVE_WCHAR_H 1
| #define HAVE_FCNTL_H 1
| #define HAVE_LINUX_FD_H 1
| #define HAVE_MEMORY_H 1
| #define HAVE_SYS_PARAM_H 1
| #define HAVE_SYS_MTIO_H 1
| #define HAVE_SYS_TIME_H 1
| #define HAVE_LOCALE_H 1
| #define HAVE_FEATURES_H 1
| #define HAVE_UCHAR_H 1
| #define HAVE_SYS_SOCKET_H 1
| #define HAVE_DIRENT_H 1
| #define HAVE_LINUX_XATTR_H 1
| #define HAVE_FNMATCH_H 1
| #define HAVE_STDIO_EXT_H 1
| #define HAVE_GETOPT_H 1
| #define HAVE_THREADS_H 1
| #define HAVE_LIMITS_H 1
| #define HAVE_WCTYPE_H 1
| #define HAVE_LANGINFO_H 1
| #define HAVE_SYS_MMAN_H 1
| #define HAVE_MALLOC_H 1
| #define HAVE_STDBOOL_H 1
| #define HAVE_STDCKDINT_H 1
| #define HAVE_SYS_RANDOM_H 1
| #define HAVE_SYSEXITS_H 1
| #define HAVE_UTIME_H 1
| #define HAVE_NETDB_H 1
| #define HAVE_SYS_WAIT_H 1
| #define HAVE_PWD_H 1
| #define HAVE_GRP_H 1
| #define STDC_HEADERS 1
| #define _ALL_SOURCE 1
| #define _DARWIN_C_SOURCE 1
| #define _GNU_SOURCE 1
| #define _HPUX_ALT_XOPEN_SOCKET_API 1
| #define _NETBSD_SOURCE 1
| #define _OPENBSD_SOURCE 1
| #define _POSIX_PTHREAD_SEMANTICS 1
| #define __STDC_WANT_IEC_60559_ATTRIBS_EXT__ 1
| #define __STDC_WANT_IEC_60559_BFP_EXT__ 1
| #define __STDC_WANT_IEC_60559_DFP_EXT__ 1
| #define __STDC_WANT_IEC_60559_EXT__ 1
| #define __STDC_WANT_IEC_60559_FUNCS_EXT__ 1
| #define __STDC_WANT_IEC_60559_TYPES_EXT__ 1
| #define __STDC_WANT_LIB_EXT2__ 1
| #define __STDC_WANT_MATH_SPEC_FUNCS__ 1
| #define _TANDEM_SOURCE 1
| #define __EXTENSIONS__ 1
| #define HAVE_FSEEKO 1
| #define __USE_MINGW_ANSI_STDIO 1
| #define MAJOR_IN_SYSMACROS 1
| #define major_t int
| #define minor_t int
| #define HAVE_FCHMOD 1
| #define HAVE_FLOCKFILE 1
| #define HAVE_FUNLOCKFILE 1
| #define HAVE_PATHCONF 1
| #define HAVE_BTOWC 1
| #define HAVE_MBRTOWC 1
| #define HAVE_MBSINIT 1
| #define HAVE_REALPATH 1
| #define HAVE_LSTAT 1
| #define HAVE_CHOWN 1
| #define HAVE_FCHOWN 1
| #define HAVE_FCHDIR 1
| #define HAVE_FDOPENDIR 1
| #define HAVE_FCHMODAT 1
| #define HAVE_LCHMOD 1
| #define HAVE_FCNTL 1
| #define HAVE_SYMLINK 1
| #define HAVE_LISTXATTR 1
| #define HAVE_FNMATCH 1
| #define HAVE_MBSRTOWCS 1
| #define HAVE_FSTATAT 1
| #define HAVE_GETDTABLESIZE 1
| #define HAVE_GETTIMEOFDAY 1
| #define HAVE_ISBLANK 1
| #define HAVE_ISWCNTRL 1
| #define HAVE_LINK 1
| #define HAVE_READLINK 1
| #define HAVE_OPENAT 1
| #define HAVE_MPROTECT 1
| #define HAVE_MKDIRAT 1
| #define HAVE_MKNOD 1
| #define HAVE_PIPE 1
| #define HAVE_ISWCTYPE 1
| #define HAVE_RENAMEAT 1
| #define HAVE_SETENV 1
| #define HAVE_SLEEP 1
| #define HAVE_SNPRINTF 1
| #define HAVE_STRNDUP 1
| #define HAVE_STRTOIMAX 1
| #define HAVE_STRTOUMAX 1
| #define HAVE_LOCALTIME_R 1
| #define HAVE_UNLINKAT 1
| #define HAVE_WCRTOMB 1
| #define HAVE_WCWIDTH 1
| #define HAVE_MKFIFO 1
| #define HAVE_SETLOCALE 1
| #define HAVE_FSYNC 1
| #define USE_ACL 0
| #define HAVE_ALLOCA_H 1
| #define HAVE_ALLOCA 1
| #define restrict __restrict__
| #define HAVE_DECL_CLEARERR_UNLOCKED 1
| #define HAVE_DECL_FEOF_UNLOCKED 1
| #define HAVE_DECL_FERROR_UNLOCKED 1
| #define HAVE_DECL_FFLUSH_UNLOCKED 1
| #define HAVE_DECL_FGETS_UNLOCKED 1
| #define HAVE_DECL_FPUTC_UNLOCKED 1
| #define HAVE_DECL_FPUTS_UNLOCKED 1
| #define HAVE_DECL_FREAD_UNLOCKED 1
| #define HAVE_DECL_FWRITE_UNLOCKED 1
| #define HAVE_DECL_GETC_UNLOCKED 1
| #define HAVE_DECL_GETCHAR_UNLOCKED 1
| #define HAVE_DECL_PUTC_UNLOCKED 1
| #define HAVE_DECL_PUTCHAR_UNLOCKED 1
| #define HAVE_DECL_STRERROR_R 1
| #define HAVE_STRERROR_R 1
| #define D_INO_IN_DIRENT 1
| #define HAVE_LONG_FILE_NAMES 1
| #define HAVE_LANGINFO_CODESET 1
| #define BITSIZEOF_WCHAR_T 32
| #define HAVE_MBSTATE_T 1
| #define HAVE_WORKING_MBRTOC32 1
| #define HAVE_MALLOC_POSIX 1
| #define LSTAT_FOLLOWS_SLASHED_SYMLINK 1
| #define FUNC_REALPATH_NEARLY_WORKS 1
| #define HAVE_FACCESSAT 1
| #define HAVE_GETCWD 1
| #define HAVE_UNISTD_H 1
| #define HAVE_CHOWN 1
| #define HAVE_ENVIRON_DECL 1
| #define GETGROUPS_T gid_t
| #define HAVE_DECL_FCHDIR 1
| #define HAVE_WORKING_O_NOATIME 1
| #define HAVE_WORKING_O_NOFOLLOW 1
| #define PROMOTED_MODE_T mode_t
| #define FUNC_FFLUSH_STDIN 1
| #define _USE_STD_STAT 1
| #define HAVE_DECL_FSEEKO 1
| #define FUNC_FFLUSH_STDIN 1
| #define HAVE_DECL_GETCWD 1
| #define HAVE_DECL_GETDELIM 1
| #define HAVE_DECL_GETDTABLESIZE 1
| #define HAVE_DECL_GETLINE 1
| #define HAVE_GETOPT_H 1
| #define HAVE_GETOPT_LONG_ONLY 1
| #define HAVE_PTHREAD_API 1
| #define SETLOCALE_NULL_ALL_MTSAFE 0
| #define SETLOCALE_NULL_ONE_MTSAFE 1
| #define HAVE_WEAK_SYMBOLS 1
| #define HAVE_WINT_T 1
| #define HAVE_LONG_LONG_INT 1
| #define HAVE_UNSIGNED_LONG_LONG_INT 1
| #define HAVE_TOWLOWER 1
| #define HAVE_WCHAR_T 1
| #define MALLOC_0_IS_NONNULL 1
| #define HAVE_MAP_ANONYMOUS 1
| #define HAVE_DECL_MEMRCHR 1
| #define HAVE_MINMAX_IN_SYS_PARAM_H 1
| #define TIME_T_IS_SIGNED 1
| #define HAVE_DECL_ALARM 1
| #define HAVE_STRUCT_TM_TM_ZONE 1
| #define HAVE_TM_ZONE 1
| #define HAVE_TM_GMTOFF 1
| #define HAVE_COMPOUND_LITERALS 1
| #define HAVE_DECL_SETENV 1
| #define HAVE_SEARCH_H 1
| #define HAVE_TSEARCH 1
| /* end confdefs.h.  */
| 
|       #include <signal.h>
|       /* Mingw defines sigset_t not in <signal.h>, but in <sys/types.h>.  */
|       #include <sys/types.h>
| 
| 
| int
| main (void)
| {
| if (sizeof ((sigset_t)))
| 	    return 0;
|   ;
|   return 0;
| }
configure:22536: result: yes
configure:22634: checking for volatile sig_atomic_t
configure:22634: gcc -c -g -O2  conftest.c >&5
configure:22634: $? = 0
configure:22634: gcc -c -g -O2  conftest.c >&5
conftest.c: In function 'main':
conftest.c:199:36: error: expected expression before ')' token
  199 | if (sizeof ((volatile sig_atomic_t)))
      |                                    ^
configure:22634: $? = 1
configure: failed program was:
| /* confdefs.h */
| #define PACKAGE_NAME "GNU tar"
| #define PACKAGE_TARNAME "tar"
| #define PACKAGE_VERSION "1.35"
| #define PACKAGE_STRING "GNU tar 1.35"
| #define PACKAGE_BUGREPORT "bug-tar@gnu.org"
| #define PACKAGE_URL "https://www.gnu.org/software/tar/"
| #define PACKAGE "tar"
| #define VERSION "1.35"
| #define HAVE_STDIO_H 1
| #define HAVE_STDLIB_H 1
| #define HAVE_STRING_H 1
| #define HAVE_INTTYPES_H 1
| #define HAVE_STDINT_H 1
| #define HAVE_STRINGS_H 1
| #define HAVE_SYS_STAT_H 1
| #define HAVE_SYS_TYPES_H 1
| #define HAVE_UNISTD_H 1
| #define HAVE_WCHAR_H 1
| #define HAVE_FCNTL_H 1
| #define HAVE_LINUX_FD_H 1
| #define HAVE_MEMORY_H 1
| #define HAVE_SYS_PARAM_H 1
| #define HAVE_SYS_MTIO_H 1
| #define HAVE_SYS_TIME_H 1
| #define HAVE_LOCALE_H 1
| #define HAVE_FEATURES_H 1
| #define HAVE_UCHAR_H 1
| #define HAVE_SYS_SOCKET_H 1
| #define HAVE_DIRENT_H 1
| #define HAVE_LINUX_XATTR_H 1
| #define HAVE_FNMATCH_H 1
| #define HAVE_STDIO_EXT_H 1
| #define HAVE_GETOPT_H 1
| #define HAVE_THREADS_H 1
| #define HAVE_LIMITS_H 1
| #define HAVE_WCTYPE_H 1
| #define HAVE_LANGINFO_H 1
| #define HAVE_SYS_MMAN_H 1
| #define HAVE_MALLOC_H 1
| #define HAVE_STDBOOL_H 1
| #define HAVE_STDCKDINT_H 1
| #define HAVE_SYS_RANDOM_H 1
| #define HAVE_SYSEXITS_H 1
| #define HAVE_UTIME_H 1
| #define HAVE_NETDB_H 1
| #define HAVE_SYS_WAIT_H 1
| #define HAVE_PWD_H 1
| #define HAVE_GRP_H 1
| #define STDC_HEADERS 1
| #define _ALL_SOURCE 1
| #define _DARWIN_C_SOURCE 1
| #define _GNU_SOURCE 1
| #define _HPUX_ALT_XOPEN_SOCKET_API 1
| #define _NETBSD_SOURCE 1
| #define _OPENBSD_SOURCE 1
| #define _POSIX_PTHREAD_SEMANTICS 1
| #define __STDC_WANT_IEC_60559_ATTRIBS_EXT__ 1
| #define __STDC_WANT_IEC_60559_BFP_EXT__ 1
| #define __STDC_WANT_IEC_60559_DFP_EXT__ 1
| #define __STDC_WANT_IEC_60559_EXT__ 1
| #define __STDC_WANT_IEC_60559_FUNCS_EXT__ 1
| #define __STDC_WANT_IEC_60559_TYPES_EXT__ 1
| #define __STDC_WANT_LIB_EXT2__ 1
| #define __STDC_WANT_MATH_SPEC_FUNCS__ 1
| #define _TANDEM_SOURCE 1
| #define __EXTENSIONS__ 1
| #define HAVE_FSEEKO 1
| #define __USE_MINGW_ANSI_STDIO 1
| #define MAJOR_IN_SYSMACROS 1
| #define major_t int
| #define minor_t int
| #define HAVE_FCHMOD 1
| #define HAVE_FLOCKFILE 1
| #define HAVE_FUNLOCKFILE 1
| #define HAVE_PATHCONF 1
| #define HAVE_BTOWC 1
| #define HAVE_MBRTOWC 1
| #define HAVE_MBSINIT 1
| #define HAVE_REALPATH 1
| #define HAVE_LSTAT 1
| #define HAVE_CHOWN 1
| #define HAVE_FCHOWN 1
| #define HAVE_FCHDIR 1
| #define HAVE_FDOPENDIR 1
| #define HAVE_FCHMODAT 1
| #define HAVE_LCHMOD 1
| #define HAVE_FCNTL 1
| #define HAVE_SYMLINK 1
| #define HAVE_LISTXATTR 1
| #define HAVE_FNMATCH 1
| #define HAVE_MBSRTOWCS 1
| #define HAVE_FSTATAT 1
| #define HAVE_GETDTABLESIZE 1
| #define HAVE_GETTIMEOFDAY 1
| #define HAVE_ISBLANK 1
| #define HAVE_ISWCNTRL 1
| #define HAVE_LINK 1
| #define HAVE_READLINK 1
| #define HAVE_OPENAT 1
| #define HAVE_MPROTECT 1
| #define HAVE_MKDIRAT 1
| #define HAVE_MKNOD 1
| #define HAVE_PIPE 1
| #define HAVE_ISWCTYPE 1
| #define HAVE_RENAMEAT 1
| #define HAVE_SETENV 1
| #define HAVE_SLEEP 1
| #define HAVE_SNPRINTF 1
| #define HAVE_STRNDUP 1
| #define HAVE_STRTOIMAX 1
| #define HAVE_STRTOUMAX 1
| #define HAVE_LOCALTIME_R 1
| #define HAVE_UNLINKAT 1
| #define HAVE_WCRTOMB 1
| #define HAVE_WCWIDTH 1
| #define HAVE_MKFIFO 1
| #define HAVE_SETLOCALE 1
| #define HAVE_FSYNC 1
| #define USE_ACL 0
| #define HAVE_ALLOCA_H 1
| #define HAVE_ALLOCA 1
| #define restrict __restrict__
| #define HAVE_DECL_CLEARERR_UNLOCKED 1
| #define HAVE_DECL_FEOF_UNLOCKED 1
| #define HAVE_DECL_FERROR_UNLOCKED 1
| #define HAVE_DECL_FFLUSH_UNLOCKED 1
| #define HAVE_DECL_FGETS_UNLOCKED 1
| #define HAVE_DECL_FPUTC_UNLOCKED 1
| #define HAVE_DECL_FPUTS_UNLOCKED 1
| #define HAVE_DECL_FREAD_UNLOCKED 1
| #define HAVE_DECL_FWRITE_UNLOCKED 1
| #define HAVE_DECL_GETC_UNLOCKED 1
| #define HAVE_DECL_GETCHAR_UNLOCKED 1
| #define HAVE_DECL_PUTC_UNLOCKED 1
| #define HAVE_DECL_PUTCHAR_UNLOCKED 1
| #define HAVE_DECL_STRERROR_R 1
| #define HAVE_STRERROR_R 1
| #define D_INO_IN_DIRENT 1
| #define HAVE_LONG_FILE_NAMES 1
| #define HAVE_LANGINFO_CODESET 1
| #define BITSIZEOF_WCHAR_T 32
| #define HAVE_MBSTATE_T 1
| #define HAVE_WORKING_MBRTOC32 1
| #define HAVE_MALLOC_POSIX 1
| #define LSTAT_FOLLOWS_SLASHED_SYMLINK 1
| #define FUNC_REALPATH_NEARLY_WORKS 1
| #define HAVE_FACCESSAT 1
| #define HAVE_GETCWD 1
| #define HAVE_UNISTD_H 1
| #define HAVE_CHOWN 1
| #define HAVE_ENVIRON_DECL 1
| #define GETGROUPS_T gid_t
| #define HAVE_DECL_FCHDIR 1
| #define HAVE_WORKING_O_NOATIME 1
| #define HAVE_WORKING_O_NOFOLLOW 1
| #define PROMOTED_MODE_T mode_t
| #define FUNC_FFLUSH_STDIN 1
| #define _USE_STD_STAT 1
| #define HAVE_DECL_FSEEKO 1
| #define FUNC_FFLUSH_STDIN 1
| #define HAVE_DECL_GETCWD 1
| #define HAVE_DECL_GETDELIM 1
| #define HAVE_DECL_GETDTABLESIZE 1
| #define HAVE_DECL_GETLINE 1
| #define HAVE_GETOPT_H 1
| #define HAVE_GETOPT_LONG_ONLY 1
| #define HAVE_PTHREAD_API 1
| #define SETLOCALE_NULL_ALL_MTSAFE 0
| #define SETLOCALE_NULL_ONE_MTSAFE 1
| #define HAVE_WEAK_SYMBOLS 1
| #define HAVE_WINT_T 1
| #define HAVE_LONG_LONG_INT 1
| #define HAVE_UNSIGNED_LONG_LONG_INT 1
| #define HAVE_TOWLOWER 1
| #define HAVE_WCHAR_T 1
| #define MALLOC_0_IS_NONNULL 1
| #define HAVE_MAP_ANONYMOUS 1
| #define HAVE_DECL_MEMRCHR 1
| #define HAVE_MINMAX_IN_SYS_PARAM_H 1
| #define TIME_T_IS_SIGNED 1
| #define HAVE_DECL_ALARM 1
| #define HAVE_STRUCT_TM_TM_ZONE 1
| #define HAVE_TM_ZONE 1
| #define HAVE_TM_GMTOFF 1
| #define HAVE_COMPOUND_LITERALS 1
| #define HAVE_DECL_SETENV 1
| #define HAVE_SEARCH_H 1
| #define HAVE_TSEARCH 1
| #define HAVE_SIGSET_T 1
| /* end confdefs.h.  */
| 
| #include <signal.h>
| 
| 
| int
| main (void)
| {
| if (sizeof ((volatile sig_atomic_t)))
| 	    return 0;
|   ;
|   return 0;
| }
configure:22634: result: yes
configure:22651: checking for sighandler_t
configure:22651: gcc -c -g -O2  conftest.c >&5
configure:22651: $? = 0
configure:22651: gcc -c -g -O2  conftest.c >&5
conftest.c: In function 'main':
conftest.c:199:27: error: expected expression before ')' token
  199 | if (sizeof ((sighandler_t)))
      |                           ^
configure:22651: $? = 1
configure: failed program was:
| /* confdefs.h */
| #define PACKAGE_NAME "GNU tar"
| #define PACKAGE_TARNAME "tar"
| #define PACKAGE_VERSION "1.35"
| #define PACKAGE_STRING "GNU tar 1.35"
| #define PACKAGE_BUGREPORT "bug-tar@gnu.org"
| #define PACKAGE_URL "https://www.gnu.org/software/tar/"
| #define PACKAGE "tar"
| #define VERSION "1.35"
| #define HAVE_STDIO_H 1
| #define HAVE_STDLIB_H 1
| #define HAVE_STRING_H 1
| #define HAVE_INTTYPES_H 1
| #define HAVE_STDINT_H 1
| #define HAVE_STRINGS_H 1
| #define HAVE_SYS_STAT_H 1
| #define HAVE_SYS_TYPES_H 1
| #define HAVE_UNISTD_H 1
| #define HAVE_WCHAR_H 1
| #define HAVE_FCNTL_H 1
| #define HAVE_LINUX_FD_H 1
| #define HAVE_MEMORY_H 1
| #define HAVE_SYS_PARAM_H 1
| #define HAVE_SYS_MTIO_H 1
| #define HAVE_SYS_TIME_H 1
| #define HAVE_LOCALE_H 1
| #define HAVE_FEATURES_H 1
| #define HAVE_UCHAR_H 1
| #define HAVE_SYS_SOCKET_H 1
| #define HAVE_DIRENT_H 1
| #define HAVE_LINUX_XATTR_H 1
| #define HAVE_FNMATCH_H 1
| #define HAVE_STDIO_EXT_H 1
| #define HAVE_GETOPT_H 1
| #define HAVE_THREADS_H 1
| #define HAVE_LIMITS_H 1
| #define HAVE_WCTYPE_H 1
| #define HAVE_LANGINFO_H 1
| #define HAVE_SYS_MMAN_H 1
| #define HAVE_MALLOC_H 1
| #define HAVE_STDBOOL_H 1
| #define HAVE_STDCKDINT_H 1
| #define HAVE_SYS_RANDOM_H 1
| #define HAVE_SYSEXITS_H 1
| #define HAVE_UTIME_H 1
| #define HAVE_NETDB_H 1
| #define HAVE_SYS_WAIT_H 1
| #define HAVE_PWD_H 1
| #define HAVE_GRP_H 1
| #define STDC_HEADERS 1
| #define _ALL_SOURCE 1
| #define _DARWIN_C_SOURCE 1
| #define _GNU_SOURCE 1
| #define _HPUX_ALT_XOPEN_SOCKET_API 1
| #define _NETBSD_SOURCE 1
| #define _OPENBSD_SOURCE 1
| #define _POSIX_PTHREAD_SEMANTICS 1
| #define __STDC_WANT_IEC_60559_ATTRIBS_EXT__ 1
| #define __STDC_WANT_IEC_60559_BFP_EXT__ 1
| #define __STDC_WANT_IEC_60559_DFP_EXT__ 1
| #define __STDC_WANT_IEC_60559_EXT__ 1
| #define __STDC_WANT_IEC_60559_FUNCS_EXT__ 1
| #define __STDC_WANT_IEC_60559_TYPES_EXT__ 1
| #define __STDC_WANT_LIB_EXT2__ 1
| #define __STDC_WANT_MATH_SPEC_FUNCS__ 1
| #define _TANDEM_SOURCE 1
| #define __EXTENSIONS__ 1
| #define HAVE_FSEEKO 1
| #define __USE_MINGW_ANSI_STDIO 1
| #define MAJOR_IN_SYSMACROS 1
| #define major_t int
| #define minor_t int
| #define HAVE_FCHMOD 1
| #define HAVE_FLOCKFILE 1
| #define HAVE_FUNLOCKFILE 1
| #define HAVE_PATHCONF 1
| #define HAVE_BTOWC 1
| #define HAVE_MBRTOWC 1
| #define HAVE_MBSINIT 1
| #define HAVE_REALPATH 1
| #define HAVE_LSTAT 1
| #define HAVE_CHOWN 1
| #define HAVE_FCHOWN 1
| #define HAVE_FCHDIR 1
| #define HAVE_FDOPENDIR 1
| #define HAVE_FCHMODAT 1
| #define HAVE_LCHMOD 1
| #define HAVE_FCNTL 1
| #define HAVE_SYMLINK 1
| #define HAVE_LISTXATTR 1
| #define HAVE_FNMATCH 1
| #define HAVE_MBSRTOWCS 1
| #define HAVE_FSTATAT 1
| #define HAVE_GETDTABLESIZE 1
| #define HAVE_GETTIMEOFDAY 1
| #define HAVE_ISBLANK 1
| #define HAVE_ISWCNTRL 1
| #define HAVE_LINK 1
| #define HAVE_READLINK 1
| #define HAVE_OPENAT 1
| #define HAVE_MPROTECT 1
| #define HAVE_MKDIRAT 1
| #define HAVE_MKNOD 1
| #define HAVE_PIPE 1
| #define HAVE_ISWCTYPE 1
| #define HAVE_RENAMEAT 1
| #define HAVE_SETENV 1
| #define HAVE_SLEEP 1
| #define HAVE_SNPRINTF 1
| #define HAVE_STRNDUP 1
| #define HAVE_STRTOIMAX 1
| #define HAVE_STRTOUMAX 1
| #define HAVE_LOCALTIME_R 1
| #define HAVE_UNLINKAT 1
| #define HAVE_WCRTOMB 1
| #define HAVE_WCWIDTH 1
| #define HAVE_MKFIFO 1
| #define HAVE_SETLOCALE 1
| #define HAVE_FSYNC 1
| #define USE_ACL 0
| #define HAVE_ALLOCA_H 1
| #define HAVE_ALLOCA 1
| #define restrict __restrict__
| #define HAVE_DECL_CLEARERR_UNLOCKED 1
| #define HAVE_DECL_FEOF_UNLOCKED 1
| #define HAVE_DECL_FERROR_UNLOCKED 1
| #define HAVE_DECL_FFLUSH_UNLOCKED 1
| #define HAVE_DECL_FGETS_UNLOCKED 1
| #define HAVE_DECL_FPUTC_UNLOCKED 1
| #define HAVE_DECL_FPUTS_UNLOCKED 1
| #define HAVE_DECL_FREAD_UNLOCKED 1
| #define HAVE_DECL_FWRITE_UNLOCKED 1
| #define HAVE_DECL_GETC_UNLOCKED 1
| #define HAVE_DECL_GETCHAR_UNLOCKED 1
| #define HAVE_DECL_PUTC_UNLOCKED 1
| #define HAVE_DECL_PUTCHAR_UNLOCKED 1
| #define HAVE_DECL_STRERROR_R 1
| #define HAVE_STRERROR_R 1
| #define D_INO_IN_DIRENT 1
| #define HAVE_LONG_FILE_NAMES 1
| #define HAVE_LANGINFO_CODESET 1
| #define BITSIZEOF_WCHAR_T 32
| #define HAVE_MBSTATE_T 1
| #define HAVE_WORKING_MBRTOC32 1
| #define HAVE_MALLOC_POSIX 1
| #define LSTAT_FOLLOWS_SLASHED_SYMLINK 1
| #define FUNC_REALPATH_NEARLY_WORKS 1
| #define HAVE_FACCESSAT 1
| #define HAVE_GETCWD 1
| #define HAVE_UNISTD_H 1
| #define HAVE_CHOWN 1
| #define HAVE_ENVIRON_DECL 1
| #define GETGROUPS_T gid_t
| #define HAVE_DECL_FCHDIR 1
| #define HAVE_WORKING_O_NOATIME 1
| #define HAVE_WORKING_O_NOFOLLOW 1
| #define PROMOTED_MODE_T mode_t
| #define FUNC_FFLUSH_STDIN 1
| #define _USE_STD_STAT 1
| #define HAVE_DECL_FSEEKO 1
| #define FUNC_FFLUSH_STDIN 1
| #define HAVE_DECL_GETCWD 1
| #define HAVE_DECL_GETDELIM 1
| #define HAVE_DECL_GETDTABLESIZE 1
| #define HAVE_DECL_GETLINE 1
| #define HAVE_GETOPT_H 1
| #define HAVE_GETOPT_LONG_ONLY 1
| #define HAVE_PTHREAD_API 1
| #define SETLOCALE_NULL_ALL_MTSAFE 0
| #define SETLOCALE_NULL_ONE_MTSAFE 1
| #define HAVE_WEAK_SYMBOLS 1
| #define HAVE_WINT_T 1
| #define HAVE_LONG_LONG_INT 1
| #define HAVE_UNSIGNED_LONG_LONG_INT 1
| #define HAVE_TOWLOWER 1
| #define HAVE_WCHAR_T 1
| #define MALLOC_0_IS_NONNULL 1
| #define HAVE_MAP_ANONYMOUS 1
| #define HAVE_DECL_MEMRCHR 1
| #define HAVE_MINMAX_IN_SYS_PARAM_H 1
| #define TIME_T_IS_SIGNED 1
| #define HAVE_DECL_ALARM 1
| #define HAVE_STRUCT_TM_TM_ZONE 1
| #define HAVE_TM_ZONE 1
| #define HAVE_TM_GMTOFF 1
| #define HAVE_COMPOUND_LITERALS 1
| #define HAVE_DECL_SETENV 1
| #define HAVE_SEARCH_H 1
| #define HAVE_TSEARCH 1
| #define HAVE_SIGSET_T 1
| /* end confdefs.h.  */
| 
| #include <signal.h>
| 
| 
| int
| main (void)
| {
| if (sizeof ((sighandler_t)))
| 	    return 0;
|   ;
|   return 0;
| }
configure:22651: result: yes
configure:22677: checking whether snprintf returns a byte count as in C99
configure:22772: gcc -o conftest -g -O2   conftest.c  >&5
configure:22772: $? = 0
configure:22772: ./conftest
configure:22772: $? = 0
configure:22784: result: yes
configure:22789: checking whether printf supports POSIX/XSI format strings with positions
configure:22826: gcc -o conftest -g -O2   conftest.c  >&5
configure:22826: $? = 0
configure:22826: ./conftest
configure:22826: $? = 0
configure:22838: result: yes
configure:22841: checking whether snprintf is declared
configure:22841: gcc -c -g -O2   conftest.c >&5
configure:22841: $? = 0
configure:22841: result: yes
configure:22864: checking whether fcloseall is declared
configure:22864: gcc -c -g -O2   conftest.c >&5
conftest.c: In function 'main':
conftest.c:229:10: error: 'fcloseall' undeclared (first use in this function); did you mean 'fclose'?
  229 |   (void) fcloseall;
      |          ^~~~~~~~~
      |          fclose
conftest.c:229:10: note: each undeclared identifier is reported only once for each function it appears in
configure:22864: $? = 1
configure: failed program was:
| /* confdefs.h */
| #define PACKAGE_NAME "GNU tar"
| #define PACKAGE_TARNAME "tar"
| #define PACKAGE_VERSION "1.35"
| #define PACKAGE_STRING "GNU tar 1.35"
| #define PACKAGE_BUGREPORT "bug-tar@gnu.org"
| #define PACKAGE_URL "https://www.gnu.org/software/tar/"
| #define PACKAGE "tar"
| #define VERSION "1.35"
| #define HAVE_STDIO_H 1
| #define HAVE_STDLIB_H 1
| #define HAVE_STRING_H 1
| #define HAVE_INTTYPES_H 1
| #define HAVE_STDINT_H 1
| #define HAVE_STRINGS_H 1
| #define HAVE_SYS_STAT_H 1
| #define HAVE_SYS_TYPES_H 1
| #define HAVE_UNISTD_H 1
| #define HAVE_WCHAR_H 1
| #define HAVE_FCNTL_H 1
| #define HAVE_LINUX_FD_H 1
| #define HAVE_MEMORY_H 1
| #define HAVE_SYS_PARAM_H 1
| #define HAVE_SYS_MTIO_H 1
| #define HAVE_SYS_TIME_H 1
| #define HAVE_LOCALE_H 1
| #define HAVE_FEATURES_H 1
| #define HAVE_UCHAR_H 1
| #define HAVE_SYS_SOCKET_H 1
| #define HAVE_DIRENT_H 1
| #define HAVE_LINUX_XATTR_H 1
| #define HAVE_FNMATCH_H 1
| #define HAVE_STDIO_EXT_H 1
| #define HAVE_GETOPT_H 1
| #define HAVE_THREADS_H 1
| #define HAVE_LIMITS_H 1
| #define HAVE_WCTYPE_H 1
| #define HAVE_LANGINFO_H 1
| #define HAVE_SYS_MMAN_H 1
| #define HAVE_MALLOC_H 1
| #define HAVE_STDBOOL_H 1
| #define HAVE_STDCKDINT_H 1
| #define HAVE_SYS_RANDOM_H 1
| #define HAVE_SYSEXITS_H 1
| #define HAVE_UTIME_H 1
| #define HAVE_NETDB_H 1
| #define HAVE_SYS_WAIT_H 1
| #define HAVE_PWD_H 1
| #define HAVE_GRP_H 1
| #define STDC_HEADERS 1
| #define _ALL_SOURCE 1
| #define _DARWIN_C_SOURCE 1
| #define _GNU_SOURCE 1
| #define _HPUX_ALT_XOPEN_SOCKET_API 1
| #define _NETBSD_SOURCE 1
| #define _OPENBSD_SOURCE 1
| #define _POSIX_PTHREAD_SEMANTICS 1
| #define __STDC_WANT_IEC_60559_ATTRIBS_EXT__ 1
| #define __STDC_WANT_IEC_60559_BFP_EXT__ 1
| #define __STDC_WANT_IEC_60559_DFP_EXT__ 1
| #define __STDC_WANT_IEC_60559_EXT__ 1
| #define __STDC_WANT_IEC_60559_FUNCS_EXT__ 1
| #define __STDC_WANT_IEC_60559_TYPES_EXT__ 1
| #define __STDC_WANT_LIB_EXT2__ 1
| #define __STDC_WANT_MATH_SPEC_FUNCS__ 1
| #define _TANDEM_SOURCE 1
| #define __EXTENSIONS__ 1
| #define HAVE_FSEEKO 1
| #define __USE_MINGW_ANSI_STDIO 1
| #define MAJOR_IN_SYSMACROS 1
| #define major_t int
| #define minor_t int
| #define HAVE_FCHMOD 1
| #define HAVE_FLOCKFILE 1
| #define HAVE_FUNLOCKFILE 1
| #define HAVE_PATHCONF 1
| #define HAVE_BTOWC 1
| #define HAVE_MBRTOWC 1
| #define HAVE_MBSINIT 1
| #define HAVE_REALPATH 1
| #define HAVE_LSTAT 1
| #define HAVE_CHOWN 1
| #define HAVE_FCHOWN 1
| #define HAVE_FCHDIR 1
| #define HAVE_FDOPENDIR 1
| #define HAVE_FCHMODAT 1
| #define HAVE_LCHMOD 1
| #define HAVE_FCNTL 1
| #define HAVE_SYMLINK 1
| #define HAVE_LISTXATTR 1
| #define HAVE_FNMATCH 1
| #define HAVE_MBSRTOWCS 1
| #define HAVE_FSTATAT 1
| #define HAVE_GETDTABLESIZE 1
| #define HAVE_GETTIMEOFDAY 1
| #define HAVE_ISBLANK 1
| #define HAVE_ISWCNTRL 1
| #define HAVE_LINK 1
| #define HAVE_READLINK 1
| #define HAVE_OPENAT 1
| #define HAVE_MPROTECT 1
| #define HAVE_MKDIRAT 1
| #define HAVE_MKNOD 1
| #define HAVE_PIPE 1
| #define HAVE_ISWCTYPE 1
| #define HAVE_RENAMEAT 1
| #define HAVE_SETENV 1
| #define HAVE_SLEEP 1
| #define HAVE_SNPRINTF 1
| #define HAVE_STRNDUP 1
| #define HAVE_STRTOIMAX 1
| #define HAVE_STRTOUMAX 1
| #define HAVE_LOCALTIME_R 1
| #define HAVE_UNLINKAT 1
| #define HAVE_WCRTOMB 1
| #define HAVE_WCWIDTH 1
| #define HAVE_MKFIFO 1
| #define HAVE_SETLOCALE 1
| #define HAVE_FSYNC 1
| #define USE_ACL 0
| #define HAVE_ALLOCA_H 1
| #define HAVE_ALLOCA 1
| #define restrict __restrict__
| #define HAVE_DECL_CLEARERR_UNLOCKED 1
| #define HAVE_DECL_FEOF_UNLOCKED 1
| #define HAVE_DECL_FERROR_UNLOCKED 1
| #define HAVE_DECL_FFLUSH_UNLOCKED 1
| #define HAVE_DECL_FGETS_UNLOCKED 1
| #define HAVE_DECL_FPUTC_UNLOCKED 1
| #define HAVE_DECL_FPUTS_UNLOCKED 1
| #define HAVE_DECL_FREAD_UNLOCKED 1
| #define HAVE_DECL_FWRITE_UNLOCKED 1
| #define HAVE_DECL_GETC_UNLOCKED 1
| #define HAVE_DECL_GETCHAR_UNLOCKED 1
| #define HAVE_DECL_PUTC_UNLOCKED 1
| #define HAVE_DECL_PUTCHAR_UNLOCKED 1
| #define HAVE_DECL_STRERROR_R 1
| #define HAVE_STRERROR_R 1
| #define D_INO_IN_DIRENT 1
| #define HAVE_LONG_FILE_NAMES 1
| #define HAVE_LANGINFO_CODESET 1
| #define BITSIZEOF_WCHAR_T 32
| #define HAVE_MBSTATE_T 1
| #define HAVE_WORKING_MBRTOC32 1
| #define HAVE_MALLOC_POSIX 1
| #define LSTAT_FOLLOWS_SLASHED_SYMLINK 1
| #define FUNC_REALPATH_NEARLY_WORKS 1
| #define HAVE_FACCESSAT 1
| #define HAVE_GETCWD 1
| #define HAVE_UNISTD_H 1
| #define HAVE_CHOWN 1
| #define HAVE_ENVIRON_DECL 1
| #define GETGROUPS_T gid_t
| #define HAVE_DECL_FCHDIR 1
| #define HAVE_WORKING_O_NOATIME 1
| #define HAVE_WORKING_O_NOFOLLOW 1
| #define PROMOTED_MODE_T mode_t
| #define FUNC_FFLUSH_STDIN 1
| #define _USE_STD_STAT 1
| #define HAVE_DECL_FSEEKO 1
| #define FUNC_FFLUSH_STDIN 1
| #define HAVE_DECL_GETCWD 1
| #define HAVE_DECL_GETDELIM 1
| #define HAVE_DECL_GETDTABLESIZE 1
| #define HAVE_DECL_GETLINE 1
| #define HAVE_GETOPT_H 1
| #define HAVE_GETOPT_LONG_ONLY 1
| #define HAVE_PTHREAD_API 1
| #define SETLOCALE_NULL_ALL_MTSAFE 0
| #define SETLOCALE_NULL_ONE_MTSAFE 1
| #define HAVE_WEAK_SYMBOLS 1
| #define HAVE_WINT_T 1
| #define HAVE_LONG_LONG_INT 1
| #define HAVE_UNSIGNED_LONG_LONG_INT 1
| #define HAVE_TOWLOWER 1
| #define HAVE_WCHAR_T 1
| #define MALLOC_0_IS_NONNULL 1
| #define HAVE_MAP_ANONYMOUS 1
| #define HAVE_DECL_MEMRCHR 1
| #define HAVE_MINMAX_IN_SYS_PARAM_H 1
| #define TIME_T_IS_SIGNED 1
| #define HAVE_DECL_ALARM 1
| #define HAVE_STRUCT_TM_TM_ZONE 1
| #define HAVE_TM_ZONE 1
| #define HAVE_TM_GMTOFF 1
| #define HAVE_COMPOUND_LITERALS 1
| #define HAVE_DECL_SETENV 1
| #define HAVE_SEARCH_H 1
| #define HAVE_TSEARCH 1
| #define HAVE_SIGSET_T 1
| #define HAVE_DECL_SNPRINTF 1
| #define MUSL_LIBC 1
| /* end confdefs.h.  */
| #include <stddef.h>
| #ifdef HAVE_STDIO_H
| # include <stdio.h>
| #endif
| #ifdef HAVE_STDLIB_H
| # include <stdlib.h>
| #endif
| #ifdef HAVE_STRING_H
| # include <string.h>
| #endif
| #ifdef HAVE_INTTYPES_H
| # include <inttypes.h>
| #endif
| #ifdef HAVE_STDINT_H
| # include <stdint.h>
| #endif
| #ifdef HAVE_STRINGS_H
| # include <strings.h>
| #endif
| #ifdef HAVE_SYS_TYPES_H
| # include <sys/types.h>
| #endif
| #ifdef HAVE_SYS_STAT_H
| # include <sys/stat.h>
| #endif
| #ifdef HAVE_UNISTD_H
| # include <unistd.h>
| #endif
| int
| main (void)
| {
| #ifndef fcloseall
| #ifdef __cplusplus
|   (void) fcloseall;
| #else
|   (void) fcloseall;
| #endif
| #endif
| 
|   ;
|   return 0;
| }
configure:22864: result: no
configure:22873: checking whether getw is declared
configure:22873: gcc -c -g -O2   conftest.c >&5
configure:22873: $? = 0
configure:22873: result: yes
configure:22882: checking whether putw is declared
configure:22882: gcc -c -g -O2   conftest.c >&5
configure:22882: $? = 0
configure:22882: result: yes
configure:22966: checking which flavor of printf attribute matches inttypes macros
configure:22994: gcc -c -g -O2  conftest.c >&5
configure:22994: $? = 0
configure:23002: result: system
configure:23038: checking whether ecvt is declared
configure:23038: gcc -c -g -O2   conftest.c >&5
configure:23038: $? = 0
configure:23038: result: yes
configure:23047: checking whether fcvt is declared
configure:23047: gcc -c -g -O2   conftest.c >&5
configure:23047: $? = 0
configure:23047: result: yes
configure:23056: checking whether gcvt is declared
configure:23056: gcc -c -g -O2   conftest.c >&5
configure:23056: $? = 0
configure:23056: result: yes
configure:23148: checking whether MB_CUR_MAX is correct
configure:23182: gcc -o conftest -g -O2   conftest.c  >&5
configure:23182: $? = 0
configure:23182: ./conftest
configure:23182: $? = 0
configure:23195: result: yes
configure:23220: checking whether strdup is declared
configure:23220: gcc -c -g -O2   conftest.c >&5
configure:23220: $? = 0
configure:23220: result: yes
configure:23231: checking whether strerror(0) succeeds
configure:23272: gcc -o conftest -g -O2   conftest.c  >&5
configure:23272: $? = 0
configure:23272: ./conftest
configure:23272: $? = 0
configure:23284: result: yes
configure:23476: checking whether strndup is declared
configure:23476: gcc -c -g -O2   conftest.c >&5
configure:23476: $? = 0
configure:23476: result: yes
configure:23486: checking whether strnlen is declared
configure:23486: gcc -c -g -O2   conftest.c >&5
configure:23486: $? = 0
configure:23486: result: yes
configure:23496: checking whether strtoimax is declared
configure:23496: gcc -c -g -O2   conftest.c >&5
configure:23496: $? = 0
configure:23496: result: yes
configure:23506: checking whether strtoumax is declared
configure:23506: gcc -c -g -O2   conftest.c >&5
configure:23506: $? = 0
configure:23506: result: yes
configure:23618: checking for struct timespec in <time.h>
configure:23636: gcc -c -g -O2  conftest.c >&5
configure:23636: $? = 0
configure:23644: result: yes
configure:23838: checking for TIME_UTC in <time.h>
configure:23856: gcc -c -g -O2  conftest.c >&5
configure:23856: $? = 0
configure:23864: result: yes
configure:24491: checking whether execvpe is declared
configure:24491: gcc -c -g -O2   conftest.c >&5
configure:24491: $? = 0
configure:24491: result: yes
configure:24605: checking whether unsetenv is declared
configure:24605: gcc -c -g -O2   conftest.c >&5
configure:24605: $? = 0
configure:24605: result: yes
configure:24726: checking whether the utimes function works
configure:24867: gcc -o conftest -g -O2   conftest.c  >&5
configure:24867: $? = 0
configure:24867: ./conftest
configure:24867: $? = 0
configure:24879: result: yes
configure:24901: checking for inttypes.h
configure:24921: gcc -c -g -O2  conftest.c >&5
configure:24921: $? = 0
configure:24929: result: yes
configure:24938: checking for stdint.h
configure:24956: gcc -c -g -O2  conftest.c >&5
configure:24956: $? = 0
configure:24964: result: yes
configure:24975: checking for intmax_t
configure:25001: gcc -c -g -O2  conftest.c >&5
configure:25001: $? = 0
configure:25009: result: yes
configure:25024: checking whether snprintf truncates the result as in C99
configure:25109: gcc -o conftest -g -O2   conftest.c  >&5
configure:25109: $? = 0
configure:25109: ./conftest
configure:25109: $? = 0
configure:25121: result: yes
configure:25125: checking where to find the exponent in a 'double'
configure:25451: gcc -o conftest -g -O2   conftest.c  >&5
configure:25451: $? = 0
configure:25451: ./conftest
configure:25451: $? = 0
configure:25464: result: word 1 bit 20
configure:25483: checking for wcslen
configure:25483: gcc -o conftest -g -O2   conftest.c  >&5
configure:25483: $? = 0
configure:25483: result: yes
configure:25493: checking for snprintf
configure:25493: result: yes
configure:25499: checking for strnlen
configure:25499: gcc -o conftest -g -O2   conftest.c  >&5
conftest.c:231:6: warning: conflicting types for built-in function 'strnlen'; expected 'long unsigned int(const char *, long unsigned int)' [-Wbuiltin-declaration-mismatch]
  231 | char strnlen ();
      |      ^~~~~~~
configure:25499: $? = 0
configure:25499: result: yes
configure:25505: checking for wcrtomb
configure:25505: result: yes
configure:25512: checking whether _snprintf is declared
configure:25512: gcc -c -g -O2   conftest.c >&5
conftest.c: In function 'main':
conftest.c:226:10: error: '_snprintf' undeclared (first use in this function); did you mean 'vsnprintf'?
  226 |   (void) _snprintf;
      |          ^~~~~~~~~
      |          vsnprintf
conftest.c:226:10: note: each undeclared identifier is reported only once for each function it appears in
configure:25512: $? = 1
configure: failed program was:
| /* confdefs.h */
| #define PACKAGE_NAME "GNU tar"
| #define PACKAGE_TARNAME "tar"
| #define PACKAGE_VERSION "1.35"
| #define PACKAGE_STRING "GNU tar 1.35"
| #define PACKAGE_BUGREPORT "bug-tar@gnu.org"
| #define PACKAGE_URL "https://www.gnu.org/software/tar/"
| #define PACKAGE "tar"
| #define VERSION "1.35"
| #define HAVE_STDIO_H 1
| #define HAVE_STDLIB_H 1
| #define HAVE_STRING_H 1
| #define HAVE_INTTYPES_H 1
| #define HAVE_STDINT_H 1
| #define HAVE_STRINGS_H 1
| #define HAVE_SYS_STAT_H 1
| #define HAVE_SYS_TYPES_H 1
| #define HAVE_UNISTD_H 1
| #define HAVE_WCHAR_H 1
| #define HAVE_FCNTL_H 1
| #define HAVE_LINUX_FD_H 1
| #define HAVE_MEMORY_H 1
| #define HAVE_SYS_PARAM_H 1
| #define HAVE_SYS_MTIO_H 1
| #define HAVE_SYS_TIME_H 1
| #define HAVE_LOCALE_H 1
| #define HAVE_FEATURES_H 1
| #define HAVE_UCHAR_H 1
| #define HAVE_SYS_SOCKET_H 1
| #define HAVE_DIRENT_H 1
| #define HAVE_LINUX_XATTR_H 1
| #define HAVE_FNMATCH_H 1
| #define HAVE_STDIO_EXT_H 1
| #define HAVE_GETOPT_H 1
| #define HAVE_THREADS_H 1
| #define HAVE_LIMITS_H 1
| #define HAVE_WCTYPE_H 1
| #define HAVE_LANGINFO_H 1
| #define HAVE_SYS_MMAN_H 1
| #define HAVE_MALLOC_H 1
| #define HAVE_STDBOOL_H 1
| #define HAVE_STDCKDINT_H 1
| #define HAVE_SYS_RANDOM_H 1
| #define HAVE_SYSEXITS_H 1
| #define HAVE_UTIME_H 1
| #define HAVE_NETDB_H 1
| #define HAVE_SYS_WAIT_H 1
| #define HAVE_PWD_H 1
| #define HAVE_GRP_H 1
| #define STDC_HEADERS 1
| #define _ALL_SOURCE 1
| #define _DARWIN_C_SOURCE 1
| #define _GNU_SOURCE 1
| #define _HPUX_ALT_XOPEN_SOCKET_API 1
| #define _NETBSD_SOURCE 1
| #define _OPENBSD_SOURCE 1
| #define _POSIX_PTHREAD_SEMANTICS 1
| #define __STDC_WANT_IEC_60559_ATTRIBS_EXT__ 1
| #define __STDC_WANT_IEC_60559_BFP_EXT__ 1
| #define __STDC_WANT_IEC_60559_DFP_EXT__ 1
| #define __STDC_WANT_IEC_60559_EXT__ 1
| #define __STDC_WANT_IEC_60559_FUNCS_EXT__ 1
| #define __STDC_WANT_IEC_60559_TYPES_EXT__ 1
| #define __STDC_WANT_LIB_EXT2__ 1
| #define __STDC_WANT_MATH_SPEC_FUNCS__ 1
| #define _TANDEM_SOURCE 1
| #define __EXTENSIONS__ 1
| #define HAVE_FSEEKO 1
| #define __USE_MINGW_ANSI_STDIO 1
| #define MAJOR_IN_SYSMACROS 1
| #define major_t int
| #define minor_t int
| #define HAVE_FCHMOD 1
| #define HAVE_FLOCKFILE 1
| #define HAVE_FUNLOCKFILE 1
| #define HAVE_PATHCONF 1
| #define HAVE_BTOWC 1
| #define HAVE_MBRTOWC 1
| #define HAVE_MBSINIT 1
| #define HAVE_REALPATH 1
| #define HAVE_LSTAT 1
| #define HAVE_CHOWN 1
| #define HAVE_FCHOWN 1
| #define HAVE_FCHDIR 1
| #define HAVE_FDOPENDIR 1
| #define HAVE_FCHMODAT 1
| #define HAVE_LCHMOD 1
| #define HAVE_FCNTL 1
| #define HAVE_SYMLINK 1
| #define HAVE_LISTXATTR 1
| #define HAVE_FNMATCH 1
| #define HAVE_MBSRTOWCS 1
| #define HAVE_FSTATAT 1
| #define HAVE_GETDTABLESIZE 1
| #define HAVE_GETTIMEOFDAY 1
| #define HAVE_ISBLANK 1
| #define HAVE_ISWCNTRL 1
| #define HAVE_LINK 1
| #define HAVE_READLINK 1
| #define HAVE_OPENAT 1
| #define HAVE_MPROTECT 1
| #define HAVE_MKDIRAT 1
| #define HAVE_MKNOD 1
| #define HAVE_PIPE 1
| #define HAVE_ISWCTYPE 1
| #define HAVE_RENAMEAT 1
| #define HAVE_SETENV 1
| #define HAVE_SLEEP 1
| #define HAVE_SNPRINTF 1
| #define HAVE_STRNDUP 1
| #define HAVE_STRTOIMAX 1
| #define HAVE_STRTOUMAX 1
| #define HAVE_LOCALTIME_R 1
| #define HAVE_UNLINKAT 1
| #define HAVE_WCRTOMB 1
| #define HAVE_WCWIDTH 1
| #define HAVE_MKFIFO 1
| #define HAVE_SETLOCALE 1
| #define HAVE_FSYNC 1
| #define USE_ACL 0
| #define HAVE_ALLOCA_H 1
| #define HAVE_ALLOCA 1
| #define restrict __restrict__
| #define HAVE_DECL_CLEARERR_UNLOCKED 1
| #define HAVE_DECL_FEOF_UNLOCKED 1
| #define HAVE_DECL_FERROR_UNLOCKED 1
| #define HAVE_DECL_FFLUSH_UNLOCKED 1
| #define HAVE_DECL_FGETS_UNLOCKED 1
| #define HAVE_DECL_FPUTC_UNLOCKED 1
| #define HAVE_DECL_FPUTS_UNLOCKED 1
| #define HAVE_DECL_FREAD_UNLOCKED 1
| #define HAVE_DECL_FWRITE_UNLOCKED 1
| #define HAVE_DECL_GETC_UNLOCKED 1
| #define HAVE_DECL_GETCHAR_UNLOCKED 1
| #define HAVE_DECL_PUTC_UNLOCKED 1
| #define HAVE_DECL_PUTCHAR_UNLOCKED 1
| #define HAVE_DECL_STRERROR_R 1
| #define HAVE_STRERROR_R 1
| #define D_INO_IN_DIRENT 1
| #define HAVE_LONG_FILE_NAMES 1
| #define HAVE_LANGINFO_CODESET 1
| #define BITSIZEOF_WCHAR_T 32
| #define HAVE_MBSTATE_T 1
| #define HAVE_WORKING_MBRTOC32 1
| #define HAVE_MALLOC_POSIX 1
| #define LSTAT_FOLLOWS_SLASHED_SYMLINK 1
| #define FUNC_REALPATH_NEARLY_WORKS 1
| #define HAVE_FACCESSAT 1
| #define HAVE_GETCWD 1
| #define HAVE_UNISTD_H 1
| #define HAVE_CHOWN 1
| #define HAVE_ENVIRON_DECL 1
| #define GETGROUPS_T gid_t
| #define HAVE_DECL_FCHDIR 1
| #define HAVE_WORKING_O_NOATIME 1
| #define HAVE_WORKING_O_NOFOLLOW 1
| #define PROMOTED_MODE_T mode_t
| #define FUNC_FFLUSH_STDIN 1
| #define _USE_STD_STAT 1
| #define HAVE_DECL_FSEEKO 1
| #define FUNC_FFLUSH_STDIN 1
| #define HAVE_DECL_GETCWD 1
| #define HAVE_DECL_GETDELIM 1
| #define HAVE_DECL_GETDTABLESIZE 1
| #define HAVE_DECL_GETLINE 1
| #define HAVE_GETOPT_H 1
| #define HAVE_GETOPT_LONG_ONLY 1
| #define HAVE_PTHREAD_API 1
| #define SETLOCALE_NULL_ALL_MTSAFE 0
| #define SETLOCALE_NULL_ONE_MTSAFE 1
| #define HAVE_WEAK_SYMBOLS 1
| #define HAVE_WINT_T 1
| #define HAVE_LONG_LONG_INT 1
| #define HAVE_UNSIGNED_LONG_LONG_INT 1
| #define HAVE_TOWLOWER 1
| #define HAVE_WCHAR_T 1
| #define MALLOC_0_IS_NONNULL 1
| #define HAVE_MAP_ANONYMOUS 1
| #define HAVE_DECL_MEMRCHR 1
| #define HAVE_MINMAX_IN_SYS_PARAM_H 1
| #define TIME_T_IS_SIGNED 1
| #define HAVE_DECL_ALARM 1
| #define HAVE_STRUCT_TM_TM_ZONE 1
| #define HAVE_TM_ZONE 1
| #define HAVE_TM_GMTOFF 1
| #define HAVE_COMPOUND_LITERALS 1
| #define HAVE_DECL_SETENV 1
| #define HAVE_SEARCH_H 1
| #define HAVE_TSEARCH 1
| #define HAVE_SIGSET_T 1
| #define HAVE_DECL_SNPRINTF 1
| #define MUSL_LIBC 1
| #define HAVE_DECL_FCLOSEALL 0
| #define HAVE_DECL_GETW 1
| #define HAVE_DECL_PUTW 1
| #define HAVE_DECL_ECVT 1
| #define HAVE_DECL_FCVT 1
| #define HAVE_DECL_GCVT 1
| #define HAVE_DECL_STRDUP 1
| #define HAVE_DECL_STRNDUP 1
| #define HAVE_DECL_STRNLEN 1
| #define HAVE_DECL_STRTOIMAX 1
| #define HAVE_DECL_STRTOUMAX 1
| #define HAVE_DECL_EXECVPE 1
| #define HAVE_DECL_UNSETENV 1
| #define HAVE_WORKING_UTIMES 1
| #define HAVE_INTTYPES_H_WITH_UINTMAX 1
| #define HAVE_STDINT_H_WITH_UINTMAX 1
| #define HAVE_INTMAX_T 1
| #define DBL_EXPBIT0_WORD 1
| #define DBL_EXPBIT0_BIT 20
| #define HAVE_WCSLEN 1
| #define HAVE_SNPRINTF 1
| #define HAVE_STRNLEN 1
| #define HAVE_WCRTOMB 1
| /* end confdefs.h.  */
| #include <stdio.h>
| 
| int
| main (void)
| {
| #ifndef _snprintf
| #ifdef __cplusplus
|   (void) _snprintf;
| #else
|   (void) _snprintf;
| #endif
| #endif
| 
|   ;
|   return 0;
| }
configure:25512: result: no
configure:25540: checking whether vsnprintf is declared
configure:25540: gcc -c -g -O2   conftest.c >&5
configure:25540: $? = 0
configure:25540: result: yes
configure:25656: checking whether wcsdup is declared
configure:25656: gcc -c -g -O2   conftest.c >&5

## ---------------- ##
## Cache variables. ##
## ---------------- ##

ac_cv_build='x86_64-pc-linux-musl'
ac_cv_c_compiler_gnu='yes'
ac_cv_c_inline='inline'
ac_cv_c_restrict='__restrict__'
ac_cv_c_undeclared_builtin_options='none needed'
ac_cv_env_CC_set=''
ac_cv_env_CC_value=''
ac_cv_env_CFLAGS_set=''
ac_cv_env_CFLAGS_value=''
ac_cv_env_CPPFLAGS_set=''
ac_cv_env_CPPFLAGS_value=''
ac_cv_env_CPP_set=''
ac_cv_env_CPP_value=''
ac_cv_env_DEFAULT_ARCHIVE_FORMAT_set=''
ac_cv_env_DEFAULT_ARCHIVE_FORMAT_value=''
ac_cv_env_DEFAULT_ARCHIVE_set=''
ac_cv_env_DEFAULT_ARCHIVE_value=''
ac_cv_env_DEFAULT_BLOCKING_set=''
ac_cv_env_DEFAULT_BLOCKING_value=''
ac_cv_env_DEFAULT_QUOTING_STYLE_set=''
ac_cv_env_DEFAULT_QUOTING_STYLE_value=''
ac_cv_env_DEFAULT_RMT_DIR_set=''
ac_cv_env_DEFAULT_RMT_DIR_value=''
ac_cv_env_LDFLAGS_set=''
ac_cv_env_LDFLAGS_value=''
ac_cv_env_LIBS_set=''
ac_cv_env_LIBS_value=''
ac_cv_env_RSH_set=''
ac_cv_env_RSH_value=''
ac_cv_env_YACC_set=''
ac_cv_env_YACC_value=''
ac_cv_env_YFLAGS_set=''
ac_cv_env_YFLAGS_value=''
ac_cv_env_build_alias_set=''
ac_cv_env_build_alias_value=''
ac_cv_env_host_alias_set=''
ac_cv_env_host_alias_value=''
ac_cv_env_target_alias_set=''
ac_cv_env_target_alias_value=''
ac_cv_func__set_invalid_parameter_handler='no'
ac_cv_func_alloca_works='yes'
ac_cv_func_btowc='yes'
ac_cv_func_canonicalize_file_name='no'
ac_cv_func_chown='yes'
ac_cv_func_chown_works='yes'
ac_cv_func_error='no'
ac_cv_func_faccessat='yes'
ac_cv_func_fchdir='yes'
ac_cv_func_fchmod='yes'
ac_cv_func_fchmodat='yes'
ac_cv_func_fchown='yes'
ac_cv_func_fcntl='yes'
ac_cv_func_fdopendir='yes'
ac_cv_func_flockfile='yes'
ac_cv_func_fnmatch='yes'
ac_cv_func_fstatat='yes'
ac_cv_func_fsync='yes'
ac_cv_func_funlockfile='yes'
ac_cv_func_getcwd='yes'
ac_cv_func_getdtablesize='yes'
ac_cv_func_getexecname='no'
ac_cv_func_getopt_long_only='yes'
ac_cv_func_gettimeofday='yes'
ac_cv_func_isblank='yes'
ac_cv_func_iswcntrl='yes'
ac_cv_func_iswctype='yes'
ac_cv_func_lchmod='yes'
ac_cv_func_link='yes'
ac_cv_func_listxattr='yes'
ac_cv_func_localtime_r='yes'
ac_cv_func_lstat='yes'
ac_cv_func_malloc_0_nonnull='yes'
ac_cv_func_mbrtowc='yes'
ac_cv_func_mbsinit='yes'
ac_cv_func_mbsrtowcs='yes'
ac_cv_func_mkdirat='yes'
ac_cv_func_mkfifo='yes'
ac_cv_func_mknod='yes'
ac_cv_func_mmap='yes'
ac_cv_func_mprotect='yes'
ac_cv_func_openat='yes'
ac_cv_func_pathconf='yes'
ac_cv_func_pipe='yes'
ac_cv_func_readlink='yes'
ac_cv_func_realpath='yes'
ac_cv_func_renameat='yes'
ac_cv_func_setenv='yes'
ac_cv_func_setlocale='yes'
ac_cv_func_sleep='yes'
ac_cv_func_snprintf='yes'
ac_cv_func_strerror_r_char_p='no'
ac_cv_func_strndup='yes'
ac_cv_func_strnlen='yes'
ac_cv_func_strtoimax='yes'
ac_cv_func_strtoumax='yes'
ac_cv_func_symlink='yes'
ac_cv_func_towlower='yes'
ac_cv_func_tsearch='yes'
ac_cv_func_unlinkat='yes'
ac_cv_func_vasnprintf='no'
ac_cv_func_wcrtomb='yes'
ac_cv_func_wcslen='yes'
ac_cv_func_wcwidth='yes'
ac_cv_have_decl__snprintf='no'
ac_cv_have_decl_alarm='yes'
ac_cv_have_decl_clearerr_unlocked='yes'
ac_cv_have_decl_ecvt='yes'
ac_cv_have_decl_error_at_line='no'
ac_cv_have_decl_execvpe='yes'
ac_cv_have_decl_fchdir='yes'
ac_cv_have_decl_fcloseall='no'
ac_cv_have_decl_fcvt='yes'
ac_cv_have_decl_feof_unlocked='yes'
ac_cv_have_decl_ferror_unlocked='yes'
ac_cv_have_decl_fflush_unlocked='yes'
ac_cv_have_decl_fgets_unlocked='yes'
ac_cv_have_decl_fputc_unlocked='yes'
ac_cv_have_decl_fputs_unlocked='yes'
ac_cv_have_decl_fread_unlocked='yes'
ac_cv_have_decl_fseeko='yes'
ac_cv_have_decl_fwrite_unlocked='yes'
ac_cv_have_decl_gcvt='yes'
ac_cv_have_decl_getc_unlocked='yes'
ac_cv_have_decl_getchar_unlocked='yes'
ac_cv_have_decl_getcwd='yes'
ac_cv_have_decl_getdelim='yes'
ac_cv_have_decl_getdtablesize='yes'
ac_cv_have_decl_getline='yes'
ac_cv_have_decl_getw='yes'
ac_cv_have_decl_mbrtoc32='yes'
ac_cv_have_decl_memrchr='yes'
ac_cv_have_decl_putc_unlocked='yes'
ac_cv_have_decl_putchar_unlocked='yes'
ac_cv_have_decl_putw='yes'
ac_cv_have_decl_setenv='yes'
ac_cv_have_decl_snprintf='yes'
ac_cv_have_decl_strdup='yes'
ac_cv_have_decl_strerror_r='yes'
ac_cv_have_decl_strndup='yes'
ac_cv_have_decl_strnlen='yes'
ac_cv_have_decl_strtoimax='yes'
ac_cv_have_decl_strtoumax='yes'
ac_cv_have_decl_timespec_get='yes'
ac_cv_have_decl_unsetenv='yes'
ac_cv_have_decl_vsnprintf='yes'
ac_cv_header_crtdefs_h='no'
ac_cv_header_dirent_h='yes'
ac_cv_header_error_h='no'
ac_cv_header_fcntl_h='yes'
ac_cv_header_features_h='yes'
ac_cv_header_fnmatch_h='yes'
ac_cv_header_getopt_h='yes'
ac_cv_header_grp_h='yes'
ac_cv_header_inttypes_h='yes'
ac_cv_header_langinfo_h='yes'
ac_cv_header_limits_h='yes'
ac_cv_header_linewrap_h='no'
ac_cv_header_linux_fd_h='yes'
ac_cv_header_linux_xattr_h='yes'
ac_cv_header_locale_h='yes'
ac_cv_header_malloc_h='yes'
ac_cv_header_memory_h='yes'
ac_cv_header_minix_config_h='no'
ac_cv_header_net_errno_h='no'
ac_cv_header_netdb_h='yes'
ac_cv_header_priv_h='no'
ac_cv_header_pthread_h='yes'
ac_cv_header_pwd_h='yes'
ac_cv_header_search_h='yes'
ac_cv_header_selinux_selinux_h='no'
ac_cv_header_sgtty_h='no'
ac_cv_header_stat_broken='no'
ac_cv_header_stdbool_h='yes'
ac_cv_header_stdckdint_h='yes'
ac_cv_header_stdint_h='yes'
ac_cv_header_stdio_ext_h='yes'
ac_cv_header_stdio_h='yes'
ac_cv_header_stdlib_h='yes'
ac_cv_header_string_h='yes'
ac_cv_header_strings_h='yes'
ac_cv_header_sys_acl_h='no'
ac_cv_header_sys_buf_h='no'
ac_cv_header_sys_cdefs_h='no'
ac_cv_header_sys_device_h='no'
ac_cv_header_sys_gentape_h='no'
ac_cv_header_sys_inet_h='no'
ac_cv_header_sys_io_trioctl_h='no'
ac_cv_header_sys_mkdev_h='no'
ac_cv_header_sys_mman_h='yes'
ac_cv_header_sys_mtio_h='yes'
ac_cv_header_sys_param_h='yes'
ac_cv_header_sys_random_h='yes'
ac_cv_header_sys_socket_h='yes'
ac_cv_header_sys_stat_h='yes'
ac_cv_header_sys_sysmacros_h='yes'
ac_cv_header_sys_tape_h='no'
ac_cv_header_sys_time_h='yes'
ac_cv_header_sys_tprintf_h='no'
ac_cv_header_sys_types_h='yes'
ac_cv_header_sys_wait_h='yes'
ac_cv_header_sysexits_h='yes'
ac_cv_header_threads_h='yes'
ac_cv_header_uchar_h='yes'
ac_cv_header_unistd_h='yes'
ac_cv_header_utime_h='yes'
ac_cv_header_wchar_h='yes'
ac_cv_header_wctype_h='yes'
ac_cv_header_xlocale_h='no'
ac_cv_host='x86_64-pc-linux-musl'
ac_cv_lib_error_at_line='no'
ac_cv_lib_pthread_pthread_kill='yes'
ac_cv_member_struct_tm_tm_gmtoff='yes'
ac_cv_member_struct_tm_tm_zone='yes'
ac_cv_objext='o'
ac_cv_path_EGREP='/bin/grep -E'
ac_cv_path_GREP='/bin/grep'
ac_cv_path_install='/usr/bin/install -c'
ac_cv_path_mkdir='/bin/mkdir'
ac_cv_prog_AWK='awk'
ac_cv_prog_CPP='gcc -E'
ac_cv_prog_YACC='bison -y'
ac_cv_prog_ac_ct_AR='ar'
ac_cv_prog_ac_ct_CC='gcc'
ac_cv_prog_ac_ct_RANLIB='ranlib'
ac_cv_prog_cc_c11=''
ac_cv_prog_cc_g='yes'
ac_cv_prog_cc_stdc=''
ac_cv_prog_make_make_set='yes'
ac_cv_safe_to_define___extensions__='yes'
ac_cv_search_setfilecon='no'
ac_cv_should_define__xopen_source='no'
ac_cv_struct_tm='time.h'
ac_cv_sys_largefile_opts='none needed'
ac_cv_sys_largefile_source='no'
ac_cv_sys_long_file_names='yes'
ac_cv_sys_year2038_opts='none needed'
ac_cv_type_dev_t='yes'
ac_cv_type_getgroups='gid_t'
ac_cv_type_ino_t='yes'
ac_cv_type_major_t='no'
ac_cv_type_mbstate_t='yes'
ac_cv_type_minor_t='no'
ac_cv_type_mode_t='yes'
ac_cv_type_nlink_t='yes'
ac_cv_type_off_t='yes'
ac_cv_type_pid_t='yes'
ac_cv_type_sighandler_t='yes'
ac_cv_type_sigset_t='yes'
ac_cv_type_size_t='yes'
ac_cv_type_uid_t='yes'
ac_cv_type_volatile_sig_atomic_t='yes'
ac_cv_working_alloca_h='yes'
am_cv_CC_dependencies_compiler_type='gcc3'
am_cv_langinfo_codeset='yes'
am_cv_make_support_nested_variables='yes'
am_cv_prog_cc_c_o='yes'
am_cv_prog_tar_ustar='gnutar'
diff_cv_st_fstype_string='no'
gl_cv_bitsizeof_wchar_t='32'
gl_cv_c_amsterdam_compiler='no'
gl_cv_c_multiarch='no'
gl_cv_cc_double_expbit0='word 1 bit 20'
gl_cv_compiler_check_decl_option='none'
gl_cv_compiler_check_future_option='none'
gl_cv_compiler_clang='no'
gl_cv_compound_literals='yes'
gl_cv_decl_null_works='yes'
gl_cv_double_slash_root='no'
gl_cv_func_chown_ctime_works='yes'
gl_cv_func_chown_follows_symlink='yes'
gl_cv_func_chown_slash_works='yes'
gl_cv_func_fclose_stdin='yes'
gl_cv_func_fflush_stdin='yes'
gl_cv_func_fopen_slash='yes'
gl_cv_func_fseeko='yes'
gl_cv_func_getcwd_null='no'
gl_cv_func_getcwd_posix_signature='yes'
gl_cv_func_getopt_posix='no'
gl_cv_func_iswcntrl_works='yes'
gl_cv_func_lstat_dereferences_slashed_symlink='yes'
gl_cv_func_malloc_0_nonnull='1'
gl_cv_func_malloc_posix='yes'
gl_cv_func_mbrtoc32='yes'
gl_cv_func_mbrtoc32_sanitycheck='guessing yes'
gl_cv_func_mbrtowc_incomplete_state='yes'
gl_cv_func_mbrtowc_sanitycheck='guessing yes'
gl_cv_func_memchr_works='yes'
gl_cv_func_printf_attribute_flavor='system'
gl_cv_func_printf_positions='yes'
gl_cv_func_realpath_works='nearly'
gl_cv_func_setlocale_null_all_mtsafe='no'
gl_cv_func_setlocale_null_one_mtsafe='yes'
gl_cv_func_snprintf_retval_c99='yes'
gl_cv_func_snprintf_truncation_c99='yes'
gl_cv_func_strerror_0_works='yes'
gl_cv_func_timespec_get='yes'
gl_cv_func_unreachable='no'
gl_cv_func_working_mktime='yes'
gl_cv_func_working_utimes='yes'
gl_cv_have___header_inline='no'
gl_cv_have_include_next='yes'
gl_cv_have_weak='yes'
gl_cv_header_errno_h_complete='yes'
gl_cv_header_inttypes_h='yes'
gl_cv_header_langinfo_altmon='no'
gl_cv_header_langinfo_codeset='yes'
gl_cv_header_langinfo_era='yes'
gl_cv_header_langinfo_t_fmt_ampm='yes'
gl_cv_header_langinfo_yesexpr='yes'
gl_cv_header_limits_width='no'
gl_cv_header_locale_h_needs_xlocale_h='no'
gl_cv_header_locale_h_posix2001='yes'
gl_cv_header_locale_has_locale_t='yes'
gl_cv_header_stdint_h='yes'
gl_cv_header_stdint_width='no'
gl_cv_header_stdint_without_STDC_macros='yes'
gl_cv_header_wchar_h_correct_inline='yes'
gl_cv_header_working_fcntl_h='yes'
gl_cv_header_working_stdint_h='yes'
gl_cv_macro_MB_CUR_MAX_good='yes'
gl_cv_macro_O_CLOEXEC='yes'
gl_cv_malloc_ptrdiff='yes'
gl_cv_minmax_in_limits_h='no'
gl_cv_minmax_in_sys_param_h='yes'
gl_cv_next_ctype_h='<ctype.h>'
gl_cv_next_dirent_h='<dirent.h>'
gl_cv_next_error_h='<error.h>'
gl_cv_next_fcntl_h='<fcntl.h>'
gl_cv_next_fnmatch_h='<fnmatch.h>'
gl_cv_next_getopt_h='<getopt.h>'
gl_cv_next_inttypes_h='<inttypes.h>'
gl_cv_next_langinfo_h='<langinfo.h>'
gl_cv_next_limits_h='<limits.h>'
gl_cv_next_locale_h='<locale.h>'
gl_cv_next_signal_h='<signal.h>'
gl_cv_next_stddef_h='<stddef.h>'
gl_cv_next_stdint_h='<stdint.h>'
gl_cv_next_stdio_h='<stdio.h>'
gl_cv_next_stdlib_h='<stdlib.h>'
gl_cv_next_string_h='<string.h>'
gl_cv_next_strings_h='<strings.h>'
gl_cv_next_sys_random_h='<sys/random.h>'
gl_cv_next_sys_stat_h='<sys/stat.h>'
gl_cv_next_sys_time_h='<sys/time.h>'
gl_cv_next_sys_types_h='<sys/types.h>'
gl_cv_next_time_h='<time.h>'
gl_cv_next_uchar_h='<uchar.h>'
gl_cv_next_unistd_h='<unistd.h>'
gl_cv_next_utime_h='<utime.h>'
gl_cv_next_wchar_h='<wchar.h>'
gl_cv_next_wctype_h='<wctype.h>'
gl_cv_onwards_func_error='no'
gl_cv_onwards_func_faccessat='yes'
gl_cv_onwards_func_timespec_get='yes'
gl_cv_onwards_func_tsearch='yes'
gl_cv_promoted_mode_t='mode_t'
gl_cv_source_line_length_unlimited='yes'
gl_cv_ssize_t='yes'
gl_cv_struct_dirent_d_ino='yes'
gl_cv_sys_struct_lconv_ok='yes'
gl_cv_sys_struct_timespec_in_time_h='yes'
gl_cv_sys_struct_timeval='yes'
gl_cv_sys_struct_timeval_tv_sec='yes'
gl_cv_test_INT32_MAX_LT_INTMAX_MAX='yes'
gl_cv_test_INT64_MAX_EQ_LONG_MAX='yes'
gl_cv_test_UINT32_MAX_LT_UINTMAX_MAX='yes'
gl_cv_test_UINT64_MAX_EQ_ULONG_MAX='yes'
gl_cv_time_h_has_TIME_UTC='yes'
gl_cv_time_t_is_signed='yes'
gl_cv_type_char16_t_works='yes'
gl_cv_type_char32_t_works='yes'
gl_cv_type_char8_t_works='no'
gl_cv_type_max_align_t='yes'
gl_cv_type_sigset_t='yes'
gl_cv_type_wctrans_t='yes'
gl_cv_type_wctype_t='yes'
gl_cv_type_wint_t_large_enough='yes'
gl_cv_var_stdin_large_offset='yes'
gt_cv_c_intmax_t='yes'
gt_cv_c_wchar_t='yes'
gt_cv_c_wint_t='yes'
gt_cv_locale_fr='none'
gt_cv_locale_fr_utf8='fr_FR.UTF-8'
gt_cv_locale_ja='none'
gt_cv_locale_zh_CN='none'
gt_cv_var_environ_declaration='yes'

## ----------------- ##
## Output variables. ##
## ----------------- ##

ACLOCAL='${SHELL} '\''/home/sonakrie/Work/testicular_linux/tar/build-aux/missing'\'' aclocal-1.16'
ALLOCA=''
ALLOCA_H=''
AMDEPBACKSLASH='\'
AMDEP_FALSE='#'
AMDEP_TRUE=''
AMTAR='$${TAR-tar}'
AM_BACKSLASH='\'
AM_DEFAULT_V='$(AM_DEFAULT_VERBOSITY)'
AM_DEFAULT_VERBOSITY='0'
AM_V='$(V)'
APPLE_UNIVERSAL_BUILD='0'
AR='ar'
ARFLAGS='cr'
ASSERT_H=''
AUTOCONF='${SHELL} '\''/home/sonakrie/Work/testicular_linux/tar/build-aux/missing'\'' autoconf'
AUTOHEADER='${SHELL} '\''/home/sonakrie/Work/testicular_linux/tar/build-aux/missing'\'' autoheader'
AUTOM4TE=''
AUTOMAKE='${SHELL} '\''/home/sonakrie/Work/testicular_linux/tar/build-aux/missing'\'' automake-1.16'
AWK='awk'
BACKUP_LIBEXEC_SCRIPTS=''
BACKUP_SBIN_SCRIPTS=''
BACKUP_SED_COND=''
BITSIZEOF_PTRDIFF_T=''
BITSIZEOF_SIG_ATOMIC_T=''
BITSIZEOF_SIZE_T=''
BITSIZEOF_WCHAR_T='32'
BITSIZEOF_WINT_T=''
CC='gcc'
CCDEPMODE='depmode=gcc3'
CFLAGS='-g -O2 '
CFLAG_VISIBILITY=''
CLOCK_TIME_LIB=''
CPP='gcc -E'
CPPFLAGS=''
CSCOPE='cscope'
CTAGS='ctags'
CXX_HAS_CHAR8_TYPE='0'
CXX_HAS_UCHAR_TYPES='0'
CYGPATH_W='echo'
DEFAULT_ARCHIVE=''
DEFAULT_ARCHIVE_FORMAT=''
DEFAULT_BLOCKING=''
DEFAULT_QUOTING_STYLE=''
DEFAULT_RMT_COMMAND=''
DEFAULT_RMT_DIR=''
DEFS=''
DEPDIR='.deps'
DIR_HAS_FD_MEMBER='1'
ECHO_C=''
ECHO_N='-n'
ECHO_T=''
EGREP='/bin/grep -E'
EMULTIHOP_HIDDEN=''
EMULTIHOP_VALUE=''
ENOLINK_HIDDEN=''
ENOLINK_VALUE=''
EOVERFLOW_HIDDEN=''
EOVERFLOW_VALUE=''
ERRNO_H=''
ETAGS='etags'
EUIDACCESS_LIBGEN=''
EXEEXT=''
FILE_HAS_ACL_LIB=''
FLOAT_H=''
FNMATCH_H=''
GETOPT_CDEFS_H=''
GETOPT_H=''
GETRANDOM_LIB=''
GETTEXT_MACRO_VERSION=''
GL_CFLAG_ALLOW_WARNINGS=''
GL_CFLAG_GNULIB_WARNINGS=''
GL_COND_LIBTOOL_FALSE=''
GL_COND_LIBTOOL_TRUE=''
GL_COND_OBJ_BTOWC_FALSE=''
GL_COND_OBJ_BTOWC_TRUE=''
GL_COND_OBJ_CANONICALIZE_LGPL_FALSE=''
GL_COND_OBJ_CANONICALIZE_LGPL_TRUE=''
GL_COND_OBJ_CHDIR_LONG_FALSE=''
GL_COND_OBJ_CHDIR_LONG_TRUE=''
GL_COND_OBJ_CHMOD_FALSE=''
GL_COND_OBJ_CHMOD_TRUE=''
GL_COND_OBJ_CHOWN_FALSE=''
GL_COND_OBJ_CHOWN_TRUE=''
GL_COND_OBJ_CLOSEDIR_FALSE=''
GL_COND_OBJ_CLOSEDIR_TRUE=''
GL_COND_OBJ_CLOSE_FALSE=''
GL_COND_OBJ_CLOSE_TRUE=''
GL_COND_OBJ_DIRFD_FALSE=''
GL_COND_OBJ_DIRFD_TRUE=''
GL_COND_OBJ_DUP2_FALSE=''
GL_COND_OBJ_DUP2_TRUE=''
GL_COND_OBJ_DUP_FALSE=''
GL_COND_OBJ_DUP_TRUE=''
GL_COND_OBJ_ERROR_FALSE=''
GL_COND_OBJ_ERROR_TRUE=''
GL_COND_OBJ_EUIDACCESS_FALSE=''
GL_COND_OBJ_EUIDACCESS_TRUE=''
GL_COND_OBJ_FACCESSAT_FALSE=''
GL_COND_OBJ_FACCESSAT_TRUE=''
GL_COND_OBJ_FCHDIR_FALSE=''
GL_COND_OBJ_FCHDIR_TRUE=''
GL_COND_OBJ_FCHMODAT_FALSE=''
GL_COND_OBJ_FCHMODAT_TRUE=''
GL_COND_OBJ_FCHOWNAT_FALSE=''
GL_COND_OBJ_FCHOWNAT_TRUE=''
GL_COND_OBJ_FCHOWN_STUB_FALSE=''
GL_COND_OBJ_FCHOWN_STUB_TRUE=''
GL_COND_OBJ_FCNTL_FALSE=''
GL_COND_OBJ_FCNTL_TRUE=''
GL_COND_OBJ_FDOPENDIR_FALSE=''
GL_COND_OBJ_FDOPENDIR_TRUE=''
GL_COND_OBJ_FILEBLOCKS_FALSE=''
GL_COND_OBJ_FILEBLOCKS_TRUE=''
GL_COND_OBJ_FLOAT_FALSE=''
GL_COND_OBJ_FLOAT_TRUE=''
GL_COND_OBJ_FPENDING_FALSE=''
GL_COND_OBJ_FPENDING_TRUE=''
GL_COND_OBJ_FREE_FALSE=''
GL_COND_OBJ_FREE_TRUE=''
GL_COND_OBJ_FSEEKO_FALSE=''
GL_COND_OBJ_FSEEKO_TRUE=''
GL_COND_OBJ_FSEEK_FALSE=''
GL_COND_OBJ_FSEEK_TRUE=''
GL_COND_OBJ_FSTATAT_FALSE=''
GL_COND_OBJ_FSTATAT_TRUE=''
GL_COND_OBJ_FSTAT_FALSE=''
GL_COND_OBJ_FSTAT_TRUE=''
GL_COND_OBJ_FUTIMENS_FALSE=''
GL_COND_OBJ_FUTIMENS_TRUE=''
GL_COND_OBJ_GETCWD_FALSE=''
GL_COND_OBJ_GETCWD_LGPL_FALSE=''
GL_COND_OBJ_GETCWD_LGPL_TRUE=''
GL_COND_OBJ_GETCWD_TRUE=''
GL_COND_OBJ_GETDELIM_FALSE=''
GL_COND_OBJ_GETDELIM_TRUE=''
GL_COND_OBJ_GETDTABLESIZE_FALSE=''
GL_COND_OBJ_GETDTABLESIZE_TRUE=''
GL_COND_OBJ_GETFILECON_FALSE=''
GL_COND_OBJ_GETFILECON_TRUE=''
GL_COND_OBJ_GETGROUPS_FALSE=''
GL_COND_OBJ_GETGROUPS_TRUE=''
GL_COND_OBJ_GETLINE_FALSE=''
GL_COND_OBJ_GETLINE_TRUE=''
GL_COND_OBJ_GETOPT_FALSE=''
GL_COND_OBJ_GETOPT_TRUE=''
GL_COND_OBJ_GETPAGESIZE_FALSE=''
GL_COND_OBJ_GETPAGESIZE_TRUE=''
GL_COND_OBJ_GETPROGNAME_FALSE=''
GL_COND_OBJ_GETPROGNAME_TRUE=''
GL_COND_OBJ_GETRANDOM_FALSE=''
GL_COND_OBJ_GETRANDOM_TRUE=''
GL_COND_OBJ_GETTIMEOFDAY_FALSE=''
GL_COND_OBJ_GETTIMEOFDAY_TRUE=''
GL_COND_OBJ_GROUP_MEMBER_FALSE=''
GL_COND_OBJ_GROUP_MEMBER_TRUE=''
GL_COND_OBJ_ISBLANK_FALSE=''
GL_COND_OBJ_ISBLANK_TRUE=''
GL_COND_OBJ_ISWBLANK_FALSE=''
GL_COND_OBJ_ISWBLANK_TRUE=''
GL_COND_OBJ_ISWDIGIT_FALSE=''
GL_COND_OBJ_ISWDIGIT_TRUE=''
GL_COND_OBJ_ISWXDIGIT_FALSE=''
GL_COND_OBJ_ISWXDIGIT_TRUE=''
GL_COND_OBJ_ITOLD_FALSE=''
GL_COND_OBJ_ITOLD_TRUE=''
GL_COND_OBJ_LCHMOD_FALSE=''
GL_COND_OBJ_LCHMOD_TRUE=''
GL_COND_OBJ_LCHOWN_FALSE=''
GL_COND_OBJ_LCHOWN_TRUE=''
GL_COND_OBJ_LINKAT_FALSE=''
GL_COND_OBJ_LINKAT_TRUE=''
GL_COND_OBJ_LINK_FALSE=''
GL_COND_OBJ_LINK_TRUE=''
GL_COND_OBJ_LOCALECONV_FALSE=''
GL_COND_OBJ_LOCALECONV_TRUE=''
GL_COND_OBJ_LSEEK_FALSE=''
GL_COND_OBJ_LSEEK_TRUE=''
GL_COND_OBJ_LSTAT_FALSE=''
GL_COND_OBJ_LSTAT_TRUE=''
GL_COND_OBJ_MBRTOC32_FALSE=''
GL_COND_OBJ_MBRTOC32_TRUE=''
GL_COND_OBJ_MBRTOWC_FALSE=''
GL_COND_OBJ_MBRTOWC_TRUE=''
GL_COND_OBJ_MBSINIT_FALSE=''
GL_COND_OBJ_MBSINIT_TRUE=''
GL_COND_OBJ_MBSRTOWCS_FALSE=''
GL_COND_OBJ_MBSRTOWCS_TRUE=''
GL_COND_OBJ_MBTOWC_FALSE=''
GL_COND_OBJ_MBTOWC_TRUE=''
GL_COND_OBJ_MEMCHR_FALSE=''
GL_COND_OBJ_MEMCHR_TRUE=''
GL_COND_OBJ_MEMPCPY_FALSE=''
GL_COND_OBJ_MEMPCPY_TRUE=''
GL_COND_OBJ_MEMRCHR_FALSE=''
GL_COND_OBJ_MEMRCHR_TRUE=''
GL_COND_OBJ_MKDIRAT_FALSE=''
GL_COND_OBJ_MKDIRAT_TRUE=''
GL_COND_OBJ_MKDIR_FALSE=''
GL_COND_OBJ_MKDIR_TRUE=''
GL_COND_OBJ_MKDTEMP_FALSE=''
GL_COND_OBJ_MKDTEMP_TRUE=''
GL_COND_OBJ_MKFIFOAT_FALSE=''
GL_COND_OBJ_MKFIFOAT_TRUE=''
GL_COND_OBJ_MKFIFO_FALSE=''
GL_COND_OBJ_MKFIFO_TRUE=''
GL_COND_OBJ_MKNODAT_FALSE=''
GL_COND_OBJ_MKNODAT_TRUE=''
GL_COND_OBJ_MKNOD_FALSE=''
GL_COND_OBJ_MKNOD_TRUE=''
GL_COND_OBJ_MSVC_INVAL_FALSE=''
GL_COND_OBJ_MSVC_INVAL_TRUE=''
GL_COND_OBJ_MSVC_NOTHROW_FALSE=''
GL_COND_OBJ_MSVC_NOTHROW_TRUE=''
GL_COND_OBJ_NL_LANGINFO_FALSE=''
GL_COND_OBJ_NL_LANGINFO_LOCK_FALSE=''
GL_COND_OBJ_NL_LANGINFO_LOCK_TRUE=''
GL_COND_OBJ_NL_LANGINFO_TRUE=''
GL_COND_OBJ_OBSTACK_FALSE=''
GL_COND_OBJ_OBSTACK_TRUE=''
GL_COND_OBJ_OPENAT_FALSE=''
GL_COND_OBJ_OPENAT_TRUE=''
GL_COND_OBJ_OPENDIR_FALSE=''
GL_COND_OBJ_OPENDIR_TRUE=''
GL_COND_OBJ_OPEN_FALSE=''
GL_COND_OBJ_OPEN_TRUE=''
GL_COND_OBJ_PIPE_FALSE=''
GL_COND_OBJ_PIPE_TRUE=''
GL_COND_OBJ_RAISE_FALSE=''
GL_COND_OBJ_RAISE_TRUE=''
GL_COND_OBJ_RAWMEMCHR_FALSE=''
GL_COND_OBJ_RAWMEMCHR_TRUE=''
GL_COND_OBJ_READDIR_FALSE=''
GL_COND_OBJ_READDIR_TRUE=''
GL_COND_OBJ_READLINKAT_FALSE=''
GL_COND_OBJ_READLINKAT_TRUE=''
GL_COND_OBJ_READLINK_FALSE=''
GL_COND_OBJ_READLINK_TRUE=''
GL_COND_OBJ_READ_FALSE=''
GL_COND_OBJ_READ_TRUE=''
GL_COND_OBJ_REALLOCARRAY_FALSE=''
GL_COND_OBJ_REALLOCARRAY_TRUE=''
GL_COND_OBJ_REGEX_FALSE=''
GL_COND_OBJ_REGEX_TRUE=''
GL_COND_OBJ_RENAMEAT_FALSE=''
GL_COND_OBJ_RENAMEAT_TRUE=''
GL_COND_OBJ_RENAME_FALSE=''
GL_COND_OBJ_RENAME_TRUE=''
GL_COND_OBJ_REWINDDIR_FALSE=''
GL_COND_OBJ_REWINDDIR_TRUE=''
GL_COND_OBJ_RMDIR_FALSE=''
GL_COND_OBJ_RMDIR_TRUE=''
GL_COND_OBJ_RPMATCH_FALSE=''
GL_COND_OBJ_RPMATCH_TRUE=''
GL_COND_OBJ_SETENV_FALSE=''
GL_COND_OBJ_SETENV_TRUE=''
GL_COND_OBJ_SETLOCALE_LOCK_FALSE=''
GL_COND_OBJ_SETLOCALE_LOCK_TRUE=''
GL_COND_OBJ_SLEEP_FALSE=''
GL_COND_OBJ_SLEEP_TRUE=''
GL_COND_OBJ_STAT_FALSE=''
GL_COND_OBJ_STAT_TRUE=''
GL_COND_OBJ_STDIO_READ_FALSE=''
GL_COND_OBJ_STDIO_READ_TRUE=''
GL_COND_OBJ_STDIO_WRITE_FALSE=''
GL_COND_OBJ_STDIO_WRITE_TRUE=''
GL_COND_OBJ_STPCPY_FALSE=''
GL_COND_OBJ_STPCPY_TRUE=''
GL_COND_OBJ_STRCASECMP_FALSE=''
GL_COND_OBJ_STRCASECMP_TRUE=''
GL_COND_OBJ_STRCHRNUL_FALSE=''
GL_COND_OBJ_STRCHRNUL_TRUE=''
GL_COND_OBJ_STRDUP_FALSE=''
GL_COND_OBJ_STRDUP_TRUE=''
GL_COND_OBJ_STRERROR_FALSE=''
GL_COND_OBJ_STRERROR_OVERRIDE_FALSE=''
GL_COND_OBJ_STRERROR_OVERRIDE_TRUE=''
GL_COND_OBJ_STRERROR_TRUE=''
GL_COND_OBJ_STRNCASECMP_FALSE=''
GL_COND_OBJ_STRNCASECMP_TRUE=''
GL_COND_OBJ_STRNDUP_FALSE=''
GL_COND_OBJ_STRNDUP_TRUE=''
GL_COND_OBJ_STRNLEN_FALSE=''
GL_COND_OBJ_STRNLEN_TRUE=''
GL_COND_OBJ_STRTOIMAX_FALSE=''
GL_COND_OBJ_STRTOIMAX_TRUE=''
GL_COND_OBJ_STRTOLL_FALSE=''
GL_COND_OBJ_STRTOLL_TRUE=''
GL_COND_OBJ_STRTOL_FALSE=''
GL_COND_OBJ_STRTOL_TRUE=''
GL_COND_OBJ_STRTOULL_FALSE=''
GL_COND_OBJ_STRTOULL_TRUE=''
GL_COND_OBJ_STRTOUL_FALSE=''
GL_COND_OBJ_STRTOUL_TRUE=''
GL_COND_OBJ_STRTOUMAX_FALSE=''
GL_COND_OBJ_STRTOUMAX_TRUE=''
GL_COND_OBJ_SYMLINKAT_FALSE=''
GL_COND_OBJ_SYMLINKAT_TRUE=''
GL_COND_OBJ_SYMLINK_FALSE=''
GL_COND_OBJ_SYMLINK_TRUE=''
GL_COND_OBJ_TIMEGM_FALSE=''
GL_COND_OBJ_TIMEGM_TRUE=''
GL_COND_OBJ_TIME_RZ_FALSE=''
GL_COND_OBJ_TIME_RZ_TRUE=''
GL_COND_OBJ_TIME_R_FALSE=''
GL_COND_OBJ_TIME_R_TRUE=''
GL_COND_OBJ_TZSET_FALSE=''
GL_COND_OBJ_TZSET_TRUE=''
GL_COND_OBJ_UNLINKAT_FALSE=''
GL_COND_OBJ_UNLINKAT_TRUE=''
GL_COND_OBJ_UNLINK_FALSE=''
GL_COND_OBJ_UNLINK_TRUE=''
GL_COND_OBJ_UNSETENV_FALSE=''
GL_COND_OBJ_UNSETENV_TRUE=''
GL_COND_OBJ_UTIMENSAT_FALSE=''
GL_COND_OBJ_UTIMENSAT_TRUE=''
GL_COND_OBJ_UTIME_FALSE=''
GL_COND_OBJ_UTIME_TRUE=''
GL_COND_OBJ_WCRTOMB_FALSE=''
GL_COND_OBJ_WCRTOMB_TRUE=''
GL_COND_OBJ_WCWIDTH_FALSE=''
GL_COND_OBJ_WCWIDTH_TRUE=''
GL_COND_OBJ_WMEMCHR_FALSE=''
GL_COND_OBJ_WMEMCHR_TRUE=''
GL_COND_OBJ_WMEMPCPY_FALSE=''
GL_COND_OBJ_WMEMPCPY_TRUE=''
GL_COND_OBJ_WRITE_FALSE=''
GL_COND_OBJ_WRITE_TRUE=''
GL_GENERATE_ALLOCA_H_FALSE=''
GL_GENERATE_ALLOCA_H_TRUE=''
GL_GENERATE_ASSERT_H_FALSE=''
GL_GENERATE_ASSERT_H_TRUE=''
GL_GENERATE_ERRNO_H_FALSE=''
GL_GENERATE_ERRNO_H_TRUE=''
GL_GENERATE_FLOAT_H_FALSE=''
GL_GENERATE_FLOAT_H_TRUE=''
GL_GENERATE_FNMATCH_H_FALSE=''
GL_GENERATE_FNMATCH_H_TRUE=''
GL_GENERATE_GETOPT_CDEFS_H_FALSE=''
GL_GENERATE_GETOPT_CDEFS_H_TRUE=''
GL_GENERATE_GETOPT_H_FALSE=''
GL_GENERATE_GETOPT_H_TRUE=''
GL_GENERATE_LIMITS_H_FALSE=''
GL_GENERATE_LIMITS_H_TRUE=''
GL_GENERATE_SELINUX_CONTEXT_H_FALSE=''
GL_GENERATE_SELINUX_CONTEXT_H_TRUE=''
GL_GENERATE_SELINUX_LABEL_H_FALSE=''
GL_GENERATE_SELINUX_LABEL_H_TRUE=''
GL_GENERATE_STDARG_H_FALSE=''
GL_GENERATE_STDARG_H_TRUE=''
GL_GENERATE_STDCKDINT_H_FALSE=''
GL_GENERATE_STDCKDINT_H_TRUE=''
GL_GENERATE_STDDEF_H_FALSE=''
GL_GENERATE_STDDEF_H_TRUE=''
GL_GENERATE_STDINT_H_FALSE=''
GL_GENERATE_STDINT_H_TRUE=''
GL_GENERATE_SYSEXITS_H_FALSE=''
GL_GENERATE_SYSEXITS_H_TRUE=''
GL_GNULIB_ACCESS='0'
GL_GNULIB_ALIGNED_ALLOC='0'
GL_GNULIB_ALPHASORT='0'
GL_GNULIB_ATOLL='0'
GL_GNULIB_BTOC32='0'
GL_GNULIB_BTOWC='0'
GL_GNULIB_C32ISALNUM='0'
GL_GNULIB_C32ISALPHA='0'
GL_GNULIB_C32ISBLANK='0'
GL_GNULIB_C32ISCNTRL='0'
GL_GNULIB_C32ISDIGIT='0'
GL_GNULIB_C32ISGRAPH='0'
GL_GNULIB_C32ISLOWER='0'
GL_GNULIB_C32ISPRINT='0'
GL_GNULIB_C32ISPUNCT='0'
GL_GNULIB_C32ISSPACE='0'
GL_GNULIB_C32ISUPPER='0'
GL_GNULIB_C32ISXDIGIT='0'
GL_GNULIB_C32RTOMB='0'
GL_GNULIB_C32SNRTOMBS='0'
GL_GNULIB_C32SRTOMBS='0'
GL_GNULIB_C32STOMBS='0'
GL_GNULIB_C32SWIDTH='0'
GL_GNULIB_C32TOB='0'
GL_GNULIB_C32TOLOWER='0'
GL_GNULIB_C32TOUPPER='0'
GL_GNULIB_C32WIDTH='0'
GL_GNULIB_CALLOC_GNU='0'
GL_GNULIB_CALLOC_POSIX='0'
GL_GNULIB_CANONICALIZE_FILE_NAME='0'
GL_GNULIB_CHDIR='0'
GL_GNULIB_CHMOD='0'
GL_GNULIB_CHOWN='0'
GL_GNULIB_CLOSE='0'
GL_GNULIB_CLOSEDIR='0'
GL_GNULIB_COPY_FILE_RANGE='0'
GL_GNULIB_CREAT='0'
GL_GNULIB_CTIME='0'
GL_GNULIB_DIRFD='0'
GL_GNULIB_DPRINTF='0'
GL_GNULIB_DUP2='0'
GL_GNULIB_DUP3='0'
GL_GNULIB_DUP='0'
GL_GNULIB_DUPLOCALE='0'
GL_GNULIB_ENVIRON='0'
GL_GNULIB_EUIDACCESS='0'
GL_GNULIB_EXECL='0'
GL_GNULIB_EXECLE='0'
GL_GNULIB_EXECLP='0'
GL_GNULIB_EXECV='0'
GL_GNULIB_EXECVE='0'
GL_GNULIB_EXECVP='0'
GL_GNULIB_EXECVPE='0'
GL_GNULIB_EXPLICIT_BZERO='0'
GL_GNULIB_FACCESSAT='0'
GL_GNULIB_FCHDIR='0'
GL_GNULIB_FCHMODAT='0'
GL_GNULIB_FCHOWNAT='0'
GL_GNULIB_FCLOSE='0'
GL_GNULIB_FCNTL='0'
GL_GNULIB_FDATASYNC='0'
GL_GNULIB_FDOPEN='0'
GL_GNULIB_FDOPENDIR='0'
GL_GNULIB_FFLUSH='0'
GL_GNULIB_FFS='0'
GL_GNULIB_FFSL='0'
GL_GNULIB_FFSLL='0'
GL_GNULIB_FGETC='0'
GL_GNULIB_FGETS='0'
GL_GNULIB_FNMATCH='0'
GL_GNULIB_FOPEN='0'
GL_GNULIB_FOPEN_GNU='0'
GL_GNULIB_FPRINTF='0'
GL_GNULIB_FPRINTF_POSIX='0'
GL_GNULIB_FPURGE='0'
GL_GNULIB_FPUTC='0'
GL_GNULIB_FPUTS='0'
GL_GNULIB_FREAD='0'
GL_GNULIB_FREE_POSIX='0'
GL_GNULIB_FREOPEN='0'
GL_GNULIB_FSCANF='0'
GL_GNULIB_FSEEK='0'
GL_GNULIB_FSEEKO='0'
GL_GNULIB_FSTAT='0'
GL_GNULIB_FSTATAT='0'
GL_GNULIB_FSYNC='0'
GL_GNULIB_FTELL='0'
GL_GNULIB_FTELLO='0'
GL_GNULIB_FTRUNCATE='0'
GL_GNULIB_FUTIMENS='0'
GL_GNULIB_FWRITE='0'
GL_GNULIB_GETC='0'
GL_GNULIB_GETCHAR='0'
GL_GNULIB_GETCWD='0'
GL_GNULIB_GETDELIM='0'
GL_GNULIB_GETDOMAINNAME='0'
GL_GNULIB_GETDTABLESIZE='0'
GL_GNULIB_GETENTROPY='0'
GL_GNULIB_GETGROUPS='0'
GL_GNULIB_GETHOSTNAME='0'
GL_GNULIB_GETLINE='0'
GL_GNULIB_GETLOADAVG='0'
GL_GNULIB_GETLOGIN='0'
GL_GNULIB_GETLOGIN_R='0'
GL_GNULIB_GETOPT_POSIX='0'
GL_GNULIB_GETPAGESIZE='0'
GL_GNULIB_GETPASS='0'
GL_GNULIB_GETPASS_GNU='0'
GL_GNULIB_GETPROGNAME='0'
GL_GNULIB_GETRANDOM='0'
GL_GNULIB_GETSUBOPT='0'
GL_GNULIB_GETTIMEOFDAY='0'
GL_GNULIB_GETUMASK='0'
GL_GNULIB_GETUSERSHELL='0'
GL_GNULIB_GRANTPT='0'
GL_GNULIB_GROUP_MEMBER='0'
GL_GNULIB_IMAXABS='0'
GL_GNULIB_IMAXDIV='0'
GL_GNULIB_ISATTY='0'
GL_GNULIB_ISBLANK='0'
GL_GNULIB_ISWBLANK='0'
GL_GNULIB_ISWCTYPE='0'
GL_GNULIB_ISWDIGIT='0'
GL_GNULIB_ISWXDIGIT='0'
GL_GNULIB_LCHMOD='0'
GL_GNULIB_LCHOWN='0'
GL_GNULIB_LINK='0'
GL_GNULIB_LINKAT='0'
GL_GNULIB_LOCALECONV='0'
GL_GNULIB_LOCALENAME='0'
GL_GNULIB_LOCALTIME='0'
GL_GNULIB_LSEEK='0'
GL_GNULIB_LSTAT='0'
GL_GNULIB_MALLOC_GNU='0'
GL_GNULIB_MALLOC_POSIX='0'
GL_GNULIB_MBRLEN='0'
GL_GNULIB_MBRTOC16='0'
GL_GNULIB_MBRTOC32='0'
GL_GNULIB_MBRTOWC='0'
GL_GNULIB_MBSCASECMP='0'
GL_GNULIB_MBSCASESTR='0'
GL_GNULIB_MBSCHR='0'
GL_GNULIB_MBSCSPN='0'
GL_GNULIB_MBSINIT='0'
GL_GNULIB_MBSLEN='0'
GL_GNULIB_MBSNCASECMP='0'
GL_GNULIB_MBSNLEN='0'
GL_GNULIB_MBSNRTOC32S='0'
GL_GNULIB_MBSNRTOWCS='0'
GL_GNULIB_MBSPBRK='0'
GL_GNULIB_MBSPCASECMP='0'
GL_GNULIB_MBSRCHR='0'
GL_GNULIB_MBSRTOC32S='0'
GL_GNULIB_MBSRTOWCS='0'
GL_GNULIB_MBSSEP='0'
GL_GNULIB_MBSSPN='0'
GL_GNULIB_MBSSTR='0'
GL_GNULIB_MBSTOC32S='0'
GL_GNULIB_MBSTOK_R='0'
GL_GNULIB_MBSTOWCS='0'
GL_GNULIB_MBTOWC='0'
GL_GNULIB_MDA_ACCESS='1'
GL_GNULIB_MDA_CHDIR='1'
GL_GNULIB_MDA_CHMOD='1'
GL_GNULIB_MDA_CLOSE='1'
GL_GNULIB_MDA_CREAT='1'
GL_GNULIB_MDA_DUP2='1'
GL_GNULIB_MDA_DUP='1'
GL_GNULIB_MDA_ECVT='1'
GL_GNULIB_MDA_EXECL='1'
GL_GNULIB_MDA_EXECLE='1'
GL_GNULIB_MDA_EXECLP='1'
GL_GNULIB_MDA_EXECV='1'
GL_GNULIB_MDA_EXECVE='1'
GL_GNULIB_MDA_EXECVP='1'
GL_GNULIB_MDA_EXECVPE='1'
GL_GNULIB_MDA_FCLOSEALL='1'
GL_GNULIB_MDA_FCVT='1'
GL_GNULIB_MDA_FDOPEN='1'
GL_GNULIB_MDA_FILENO='1'
GL_GNULIB_MDA_GCVT='1'
GL_GNULIB_MDA_GETCWD='1'
GL_GNULIB_MDA_GETPID='1'
GL_GNULIB_MDA_GETW='1'
GL_GNULIB_MDA_ISATTY='1'
GL_GNULIB_MDA_LSEEK='1'
GL_GNULIB_MDA_MEMCCPY='1'
GL_GNULIB_MDA_MKDIR='1'
GL_GNULIB_MDA_MKTEMP='1'
GL_GNULIB_MDA_OPEN='1'
GL_GNULIB_MDA_PUTENV='1'
GL_GNULIB_MDA_PUTW='1'
GL_GNULIB_MDA_READ='1'
GL_GNULIB_MDA_RMDIR='1'
GL_GNULIB_MDA_STRDUP='1'
GL_GNULIB_MDA_SWAB='1'
GL_GNULIB_MDA_TEMPNAM='1'
GL_GNULIB_MDA_TZSET='1'
GL_GNULIB_MDA_UMASK='1'
GL_GNULIB_MDA_UNLINK='1'
GL_GNULIB_MDA_UTIME='1'
GL_GNULIB_MDA_WCSDUP='1'
GL_GNULIB_MDA_WRITE='1'
GL_GNULIB_MEMCHR='0'
GL_GNULIB_MEMMEM='0'
GL_GNULIB_MEMPCPY='0'
GL_GNULIB_MEMRCHR='0'
GL_GNULIB_MEMSET_EXPLICIT='0'
GL_GNULIB_MKDIR='0'
GL_GNULIB_MKDIRAT='0'
GL_GNULIB_MKDTEMP='0'
GL_GNULIB_MKFIFO='0'
GL_GNULIB_MKFIFOAT='0'
GL_GNULIB_MKNOD='0'
GL_GNULIB_MKNODAT='0'
GL_GNULIB_MKOSTEMP='0'
GL_GNULIB_MKOSTEMPS='0'
GL_GNULIB_MKSTEMP='0'
GL_GNULIB_MKSTEMPS='0'
GL_GNULIB_MKTIME='0'
GL_GNULIB_NANOSLEEP='0'
GL_GNULIB_NL_LANGINFO='0'
GL_GNULIB_NONBLOCKING='0'
GL_GNULIB_OBSTACK_PRINTF='0'
GL_GNULIB_OBSTACK_PRINTF_POSIX='0'
GL_GNULIB_OPEN='0'
GL_GNULIB_OPENAT='0'
GL_GNULIB_OPENDIR='0'
GL_GNULIB_OVERRIDES_STRUCT_STAT='0'
GL_GNULIB_PCLOSE='0'
GL_GNULIB_PERROR='0'
GL_GNULIB_PIPE2='0'
GL_GNULIB_PIPE='0'
GL_GNULIB_POPEN='0'
GL_GNULIB_POSIX_MEMALIGN='0'
GL_GNULIB_POSIX_OPENPT='0'
GL_GNULIB_PREAD='0'
GL_GNULIB_PRINTF='0'
GL_GNULIB_PRINTF_POSIX='0'
GL_GNULIB_PTHREAD_SIGMASK='0'
GL_GNULIB_PTSNAME='0'
GL_GNULIB_PTSNAME_R='0'
GL_GNULIB_PUTC='0'
GL_GNULIB_PUTCHAR='0'
GL_GNULIB_PUTENV='0'
GL_GNULIB_PUTS='0'
GL_GNULIB_PWRITE='0'
GL_GNULIB_QSORT_R='0'
GL_GNULIB_RAISE='0'
GL_GNULIB_RANDOM='0'
GL_GNULIB_RANDOM_R='0'
GL_GNULIB_RAWMEMCHR='0'
GL_GNULIB_READ='0'
GL_GNULIB_READDIR='0'
GL_GNULIB_READLINK='0'
GL_GNULIB_READLINKAT='0'
GL_GNULIB_REALLOCARRAY='0'
GL_GNULIB_REALLOC_GNU='0'
GL_GNULIB_REALLOC_POSIX='0'
GL_GNULIB_REALPATH='0'
GL_GNULIB_REMOVE='0'
GL_GNULIB_RENAME='0'
GL_GNULIB_RENAMEAT='0'
GL_GNULIB_REWINDDIR='0'
GL_GNULIB_RMDIR='0'
GL_GNULIB_RPMATCH='0'
GL_GNULIB_SCANDIR='0'
GL_GNULIB_SCANF='0'
GL_GNULIB_SECURE_GETENV='0'
GL_GNULIB_SETENV='0'
GL_GNULIB_SETHOSTNAME='0'
GL_GNULIB_SETLOCALE='0'
GL_GNULIB_SETLOCALE_NULL='0'
GL_GNULIB_SIGABBREV_NP='0'
GL_GNULIB_SIGACTION='0'
GL_GNULIB_SIGDESCR_NP='0'
GL_GNULIB_SIGNAL_H_SIGPIPE='0'
GL_GNULIB_SIGPROCMASK='0'
GL_GNULIB_SLEEP='0'
GL_GNULIB_SNPRINTF='0'
GL_GNULIB_SPRINTF_POSIX='0'
GL_GNULIB_STAT='0'
GL_GNULIB_STDIO_H_NONBLOCKING='0'
GL_GNULIB_STDIO_H_SIGPIPE='0'
GL_GNULIB_STPCPY='0'
GL_GNULIB_STPNCPY='0'
GL_GNULIB_STRCASESTR='0'
GL_GNULIB_STRCHRNUL='0'
GL_GNULIB_STRDUP='0'
GL_GNULIB_STRERROR='0'
GL_GNULIB_STRERRORNAME_NP='0'
GL_GNULIB_STRERROR_R='0'
GL_GNULIB_STRFTIME='0'
GL_GNULIB_STRNCAT='0'
GL_GNULIB_STRNDUP='0'
GL_GNULIB_STRNLEN='0'
GL_GNULIB_STRPBRK='0'
GL_GNULIB_STRPTIME='0'
GL_GNULIB_STRSEP='0'
GL_GNULIB_STRSIGNAL='0'
GL_GNULIB_STRSTR='0'
GL_GNULIB_STRTOD='0'
GL_GNULIB_STRTOIMAX='0'
GL_GNULIB_STRTOK_R='0'
GL_GNULIB_STRTOL='0'
GL_GNULIB_STRTOLD='0'
GL_GNULIB_STRTOLL='0'
GL_GNULIB_STRTOUL='0'
GL_GNULIB_STRTOULL='0'
GL_GNULIB_STRTOUMAX='0'
GL_GNULIB_STRVERSCMP='0'
GL_GNULIB_SYMLINK='0'
GL_GNULIB_SYMLINKAT='0'
GL_GNULIB_SYSTEM_POSIX='0'
GL_GNULIB_TIME='0'
GL_GNULIB_TIMEGM='0'
GL_GNULIB_TIMESPEC_GET='0'
GL_GNULIB_TIMESPEC_GETRES='0'
GL_GNULIB_TIME_R='0'
GL_GNULIB_TIME_RZ='0'
GL_GNULIB_TMPFILE='0'
GL_GNULIB_TOWCTRANS='0'
GL_GNULIB_TRUNCATE='0'
GL_GNULIB_TTYNAME_R='0'
GL_GNULIB_TZSET='0'
GL_GNULIB_UNICASE_EMPTY_PREFIX_CONTEXT_DLL_VARIABLE='LIBUNISTRING_DLL_VARIABLE'
GL_GNULIB_UNICASE_EMPTY_SUFFIX_CONTEXT_DLL_VARIABLE='LIBUNISTRING_DLL_VARIABLE'
GL_GNULIB_UNICTYPE_CATEGORY_CC_DLL_VARIABLE='LIBUNISTRING_DLL_VARIABLE'
GL_GNULIB_UNICTYPE_CATEGORY_CF_DLL_VARIABLE='LIBUNISTRING_DLL_VARIABLE'
GL_GNULIB_UNICTYPE_CATEGORY_CN_DLL_VARIABLE='LIBUNISTRING_DLL_VARIABLE'
GL_GNULIB_UNICTYPE_CATEGORY_CO_DLL_VARIABLE='LIBUNISTRING_DLL_VARIABLE'
GL_GNULIB_UNICTYPE_CATEGORY_CS_DLL_VARIABLE='LIBUNISTRING_DLL_VARIABLE'
GL_GNULIB_UNICTYPE_CATEGORY_C_DLL_VARIABLE='LIBUNISTRING_DLL_VARIABLE'
GL_GNULIB_UNICTYPE_CATEGORY_LC_DLL_VARIABLE='LIBUNISTRING_DLL_VARIABLE'
GL_GNULIB_UNICTYPE_CATEGORY_LL_DLL_VARIABLE='LIBUNISTRING_DLL_VARIABLE'
GL_GNULIB_UNICTYPE_CATEGORY_LM_DLL_VARIABLE='LIBUNISTRING_DLL_VARIABLE'
GL_GNULIB_UNICTYPE_CATEGORY_LO_DLL_VARIABLE='LIBUNISTRING_DLL_VARIABLE'
GL_GNULIB_UNICTYPE_CATEGORY_LT_DLL_VARIABLE='LIBUNISTRING_DLL_VARIABLE'
GL_GNULIB_UNICTYPE_CATEGORY_LU_DLL_VARIABLE='LIBUNISTRING_DLL_VARIABLE'
GL_GNULIB_UNICTYPE_CATEGORY_L_DLL_VARIABLE='LIBUNISTRING_DLL_VARIABLE'
GL_GNULIB_UNICTYPE_CATEGORY_MC_DLL_VARIABLE='LIBUNISTRING_DLL_VARIABLE'
GL_GNULIB_UNICTYPE_CATEGORY_ME_DLL_VARIABLE='LIBUNISTRING_DLL_VARIABLE'
GL_GNULIB_UNICTYPE_CATEGORY_MN_DLL_VARIABLE='LIBUNISTRING_DLL_VARIABLE'
GL_GNULIB_UNICTYPE_CATEGORY_M_DLL_VARIABLE='LIBUNISTRING_DLL_VARIABLE'
GL_GNULIB_UNICTYPE_CATEGORY_ND_DLL_VARIABLE='LIBUNISTRING_DLL_VARIABLE'
GL_GNULIB_UNICTYPE_CATEGORY_NL_DLL_VARIABLE='LIBUNISTRING_DLL_VARIABLE'
GL_GNULIB_UNICTYPE_CATEGORY_NO_DLL_VARIABLE='LIBUNISTRING_DLL_VARIABLE'
GL_GNULIB_UNICTYPE_CATEGORY_N_DLL_VARIABLE='LIBUNISTRING_DLL_VARIABLE'
GL_GNULIB_UNICTYPE_CATEGORY_PC_DLL_VARIABLE='LIBUNISTRING_DLL_VARIABLE'
GL_GNULIB_UNICTYPE_CATEGORY_PD_DLL_VARIABLE='LIBUNISTRING_DLL_VARIABLE'
GL_GNULIB_UNICTYPE_CATEGORY_PE_DLL_VARIABLE='LIBUNISTRING_DLL_VARIABLE'
GL_GNULIB_UNICTYPE_CATEGORY_PF_DLL_VARIABLE='LIBUNISTRING_DLL_VARIABLE'
GL_GNULIB_UNICTYPE_CATEGORY_PI_DLL_VARIABLE='LIBUNISTRING_DLL_VARIABLE'
GL_GNULIB_UNICTYPE_CATEGORY_PO_DLL_VARIABLE='LIBUNISTRING_DLL_VARIABLE'
GL_GNULIB_UNICTYPE_CATEGORY_PS_DLL_VARIABLE='LIBUNISTRING_DLL_VARIABLE'
GL_GNULIB_UNICTYPE_CATEGORY_P_DLL_VARIABLE='LIBUNISTRING_DLL_VARIABLE'
GL_GNULIB_UNICTYPE_CATEGORY_SC_DLL_VARIABLE='LIBUNISTRING_DLL_VARIABLE'
GL_GNULIB_UNICTYPE_CATEGORY_SK_DLL_VARIABLE='LIBUNISTRING_DLL_VARIABLE'
GL_GNULIB_UNICTYPE_CATEGORY_SM_DLL_VARIABLE='LIBUNISTRING_DLL_VARIABLE'
GL_GNULIB_UNICTYPE_CATEGORY_SO_DLL_VARIABLE='LIBUNISTRING_DLL_VARIABLE'
GL_GNULIB_UNICTYPE_CATEGORY_S_DLL_VARIABLE='LIBUNISTRING_DLL_VARIABLE'
GL_GNULIB_UNICTYPE_CATEGORY_ZL_DLL_VARIABLE='LIBUNISTRING_DLL_VARIABLE'
GL_GNULIB_UNICTYPE_CATEGORY_ZP_DLL_VARIABLE='LIBUNISTRING_DLL_VARIABLE'
GL_GNULIB_UNICTYPE_CATEGORY_ZS_DLL_VARIABLE='LIBUNISTRING_DLL_VARIABLE'
GL_GNULIB_UNICTYPE_CATEGORY_Z_DLL_VARIABLE='LIBUNISTRING_DLL_VARIABLE'
GL_GNULIB_UNICTYPE_PROPERTY_ALPHABETIC_DLL_VARIABLE='LIBUNISTRING_DLL_VARIABLE'
GL_GNULIB_UNICTYPE_PROPERTY_ASCII_HEX_DIGIT_DLL_VARIABLE='LIBUNISTRING_DLL_VARIABLE'
GL_GNULIB_UNICTYPE_PROPERTY_BIDI_ARABIC_DIGIT_DLL_VARIABLE='LIBUNISTRING_DLL_VARIABLE'
GL_GNULIB_UNICTYPE_PROPERTY_BIDI_ARABIC_RIGHT_TO_LEFT_DLL_VARIABLE='LIBUNISTRING_DLL_VARIABLE'
GL_GNULIB_UNICTYPE_PROPERTY_BIDI_BLOCK_SEPARATOR_DLL_VARIABLE='LIBUNISTRING_DLL_VARIABLE'
GL_GNULIB_UNICTYPE_PROPERTY_BIDI_BOUNDARY_NEUTRAL_DLL_VARIABLE='LIBUNISTRING_DLL_VARIABLE'
GL_GNULIB_UNICTYPE_PROPERTY_BIDI_COMMON_SEPARATOR_DLL_VARIABLE='LIBUNISTRING_DLL_VARIABLE'
GL_GNULIB_UNICTYPE_PROPERTY_BIDI_CONTROL_DLL_VARIABLE='LIBUNISTRING_DLL_VARIABLE'
GL_GNULIB_UNICTYPE_PROPERTY_BIDI_EMBEDDING_OR_OVERRIDE_DLL_VARIABLE='LIBUNISTRING_DLL_VARIABLE'
GL_GNULIB_UNICTYPE_PROPERTY_BIDI_EUROPEAN_DIGIT_DLL_VARIABLE='LIBUNISTRING_DLL_VARIABLE'
GL_GNULIB_UNICTYPE_PROPERTY_BIDI_EUR_NUM_SEPARATOR_DLL_VARIABLE='LIBUNISTRING_DLL_VARIABLE'
GL_GNULIB_UNICTYPE_PROPERTY_BIDI_EUR_NUM_TERMINATOR_DLL_VARIABLE='LIBUNISTRING_DLL_VARIABLE'
GL_GNULIB_UNICTYPE_PROPERTY_BIDI_HEBREW_RIGHT_TO_LEFT_DLL_VARIABLE='LIBUNISTRING_DLL_VARIABLE'
GL_GNULIB_UNICTYPE_PROPERTY_BIDI_LEFT_TO_RIGHT_DLL_VARIABLE='LIBUNISTRING_DLL_VARIABLE'
GL_GNULIB_UNICTYPE_PROPERTY_BIDI_NON_SPACING_MARK_DLL_VARIABLE='LIBUNISTRING_DLL_VARIABLE'
GL_GNULIB_UNICTYPE_PROPERTY_BIDI_OTHER_NEUTRAL_DLL_VARIABLE='LIBUNISTRING_DLL_VARIABLE'
GL_GNULIB_UNICTYPE_PROPERTY_BIDI_PDF_DLL_VARIABLE='LIBUNISTRING_DLL_VARIABLE'
GL_GNULIB_UNICTYPE_PROPERTY_BIDI_SEGMENT_SEPARATOR_DLL_VARIABLE='LIBUNISTRING_DLL_VARIABLE'
GL_GNULIB_UNICTYPE_PROPERTY_BIDI_WHITESPACE_DLL_VARIABLE='LIBUNISTRING_DLL_VARIABLE'
GL_GNULIB_UNICTYPE_PROPERTY_CASED_DLL_VARIABLE='LIBUNISTRING_DLL_VARIABLE'
GL_GNULIB_UNICTYPE_PROPERTY_CASE_IGNORABLE_DLL_VARIABLE='LIBUNISTRING_DLL_VARIABLE'
GL_GNULIB_UNICTYPE_PROPERTY_CHANGES_WHEN_CASEFOLDED_DLL_VARIABLE='LIBUNISTRING_DLL_VARIABLE'
GL_GNULIB_UNICTYPE_PROPERTY_CHANGES_WHEN_CASEMAPPED_DLL_VARIABLE='LIBUNISTRING_DLL_VARIABLE'
GL_GNULIB_UNICTYPE_PROPERTY_CHANGES_WHEN_LOWERCASED_DLL_VARIABLE='LIBUNISTRING_DLL_VARIABLE'
GL_GNULIB_UNICTYPE_PROPERTY_CHANGES_WHEN_TITLECASED_DLL_VARIABLE='LIBUNISTRING_DLL_VARIABLE'
GL_GNULIB_UNICTYPE_PROPERTY_CHANGES_WHEN_UPPERCASED_DLL_VARIABLE='LIBUNISTRING_DLL_VARIABLE'
GL_GNULIB_UNICTYPE_PROPERTY_COMBINING_DLL_VARIABLE='LIBUNISTRING_DLL_VARIABLE'
GL_GNULIB_UNICTYPE_PROPERTY_COMPOSITE_DLL_VARIABLE='LIBUNISTRING_DLL_VARIABLE'
GL_GNULIB_UNICTYPE_PROPERTY_CURRENCY_SYMBOL_DLL_VARIABLE='LIBUNISTRING_DLL_VARIABLE'
GL_GNULIB_UNICTYPE_PROPERTY_DASH_DLL_VARIABLE='LIBUNISTRING_DLL_VARIABLE'
GL_GNULIB_UNICTYPE_PROPERTY_DECIMAL_DIGIT_DLL_VARIABLE='LIBUNISTRING_DLL_VARIABLE'
GL_GNULIB_UNICTYPE_PROPERTY_DEFAULT_IGNORABLE_CODE_POINT_DLL_VARIABLE='LIBUNISTRING_DLL_VARIABLE'
GL_GNULIB_UNICTYPE_PROPERTY_DEPRECATED_DLL_VARIABLE='LIBUNISTRING_DLL_VARIABLE'
GL_GNULIB_UNICTYPE_PROPERTY_DIACRITIC_DLL_VARIABLE='LIBUNISTRING_DLL_VARIABLE'
GL_GNULIB_UNICTYPE_PROPERTY_EMOJI_COMPONENT_DLL_VARIABLE='LIBUNISTRING_DLL_VARIABLE'
GL_GNULIB_UNICTYPE_PROPERTY_EMOJI_DLL_VARIABLE='LIBUNISTRING_DLL_VARIABLE'
GL_GNULIB_UNICTYPE_PROPERTY_EMOJI_MODIFIER_BASE_DLL_VARIABLE='LIBUNISTRING_DLL_VARIABLE'
GL_GNULIB_UNICTYPE_PROPERTY_EMOJI_MODIFIER_DLL_VARIABLE='LIBUNISTRING_DLL_VARIABLE'
GL_GNULIB_UNICTYPE_PROPERTY_EMOJI_PRESENTATION_DLL_VARIABLE='LIBUNISTRING_DLL_VARIABLE'
GL_GNULIB_UNICTYPE_PROPERTY_EXTENDED_PICTOGRAPHIC_DLL_VARIABLE='LIBUNISTRING_DLL_VARIABLE'
GL_GNULIB_UNICTYPE_PROPERTY_EXTENDER_DLL_VARIABLE='LIBUNISTRING_DLL_VARIABLE'
GL_GNULIB_UNICTYPE_PROPERTY_FORMAT_CONTROL_DLL_VARIABLE='LIBUNISTRING_DLL_VARIABLE'
GL_GNULIB_UNICTYPE_PROPERTY_GRAPHEME_BASE_DLL_VARIABLE='LIBUNISTRING_DLL_VARIABLE'
GL_GNULIB_UNICTYPE_PROPERTY_GRAPHEME_EXTEND_DLL_VARIABLE='LIBUNISTRING_DLL_VARIABLE'
GL_GNULIB_UNICTYPE_PROPERTY_GRAPHEME_LINK_DLL_VARIABLE='LIBUNISTRING_DLL_VARIABLE'
GL_GNULIB_UNICTYPE_PROPERTY_HEX_DIGIT_DLL_VARIABLE='LIBUNISTRING_DLL_VARIABLE'
GL_GNULIB_UNICTYPE_PROPERTY_HYPHEN_DLL_VARIABLE='LIBUNISTRING_DLL_VARIABLE'
GL_GNULIB_UNICTYPE_PROPERTY_IDEOGRAPHIC_DLL_VARIABLE='LIBUNISTRING_DLL_VARIABLE'
GL_GNULIB_UNICTYPE_PROPERTY_IDS_BINARY_OPERATOR_DLL_VARIABLE='LIBUNISTRING_DLL_VARIABLE'
GL_GNULIB_UNICTYPE_PROPERTY_IDS_TRINARY_OPERATOR_DLL_VARIABLE='LIBUNISTRING_DLL_VARIABLE'
GL_GNULIB_UNICTYPE_PROPERTY_ID_CONTINUE_DLL_VARIABLE='LIBUNISTRING_DLL_VARIABLE'
GL_GNULIB_UNICTYPE_PROPERTY_ID_START_DLL_VARIABLE='LIBUNISTRING_DLL_VARIABLE'
GL_GNULIB_UNICTYPE_PROPERTY_IGNORABLE_CONTROL_DLL_VARIABLE='LIBUNISTRING_DLL_VARIABLE'
GL_GNULIB_UNICTYPE_PROPERTY_ISO_CONTROL_DLL_VARIABLE='LIBUNISTRING_DLL_VARIABLE'
GL_GNULIB_UNICTYPE_PROPERTY_JOIN_CONTROL_DLL_VARIABLE='LIBUNISTRING_DLL_VARIABLE'
GL_GNULIB_UNICTYPE_PROPERTY_LEFT_OF_PAIR_DLL_VARIABLE='LIBUNISTRING_DLL_VARIABLE'
GL_GNULIB_UNICTYPE_PROPERTY_LINE_SEPARATOR_DLL_VARIABLE='LIBUNISTRING_DLL_VARIABLE'
GL_GNULIB_UNICTYPE_PROPERTY_LOGICAL_ORDER_EXCEPTION_DLL_VARIABLE='LIBUNISTRING_DLL_VARIABLE'
GL_GNULIB_UNICTYPE_PROPERTY_LOWERCASE_DLL_VARIABLE='LIBUNISTRING_DLL_VARIABLE'
GL_GNULIB_UNICTYPE_PROPERTY_MATH_DLL_VARIABLE='LIBUNISTRING_DLL_VARIABLE'
GL_GNULIB_UNICTYPE_PROPERTY_NON_BREAK_DLL_VARIABLE='LIBUNISTRING_DLL_VARIABLE'
GL_GNULIB_UNICTYPE_PROPERTY_NOT_A_CHARACTER_DLL_VARIABLE='LIBUNISTRING_DLL_VARIABLE'
GL_GNULIB_UNICTYPE_PROPERTY_NUMERIC_DLL_VARIABLE='LIBUNISTRING_DLL_VARIABLE'
GL_GNULIB_UNICTYPE_PROPERTY_OTHER_ALPHABETIC_DLL_VARIABLE='LIBUNISTRING_DLL_VARIABLE'
GL_GNULIB_UNICTYPE_PROPERTY_OTHER_DEFAULT_IGNORABLE_CODE_POINT_DLL_VARIABLE='LIBUNISTRING_DLL_VARIABLE'
GL_GNULIB_UNICTYPE_PROPERTY_OTHER_GRAPHEME_EXTEND_DLL_VARIABLE='LIBUNISTRING_DLL_VARIABLE'
GL_GNULIB_UNICTYPE_PROPERTY_OTHER_ID_CONTINUE_DLL_VARIABLE='LIBUNISTRING_DLL_VARIABLE'
GL_GNULIB_UNICTYPE_PROPERTY_OTHER_ID_START_DLL_VARIABLE='LIBUNISTRING_DLL_VARIABLE'
GL_GNULIB_UNICTYPE_PROPERTY_OTHER_LOWERCASE_DLL_VARIABLE='LIBUNISTRING_DLL_VARIABLE'
GL_GNULIB_UNICTYPE_PROPERTY_OTHER_MATH_DLL_VARIABLE='LIBUNISTRING_DLL_VARIABLE'
GL_GNULIB_UNICTYPE_PROPERTY_OTHER_UPPERCASE_DLL_VARIABLE='LIBUNISTRING_DLL_VARIABLE'
GL_GNULIB_UNICTYPE_PROPERTY_PAIRED_PUNCTUATION_DLL_VARIABLE='LIBUNISTRING_DLL_VARIABLE'
GL_GNULIB_UNICTYPE_PROPERTY_PARAGRAPH_SEPARATOR_DLL_VARIABLE='LIBUNISTRING_DLL_VARIABLE'
GL_GNULIB_UNICTYPE_PROPERTY_PATTERN_SYNTAX_DLL_VARIABLE='LIBUNISTRING_DLL_VARIABLE'
GL_GNULIB_UNICTYPE_PROPERTY_PATTERN_WHITE_SPACE_DLL_VARIABLE='LIBUNISTRING_DLL_VARIABLE'
GL_GNULIB_UNICTYPE_PROPERTY_PRIVATE_USE_DLL_VARIABLE='LIBUNISTRING_DLL_VARIABLE'
GL_GNULIB_UNICTYPE_PROPERTY_PUNCTUATION_DLL_VARIABLE='LIBUNISTRING_DLL_VARIABLE'
GL_GNULIB_UNICTYPE_PROPERTY_QUOTATION_MARK_DLL_VARIABLE='LIBUNISTRING_DLL_VARIABLE'
GL_GNULIB_UNICTYPE_PROPERTY_RADICAL_DLL_VARIABLE='LIBUNISTRING_DLL_VARIABLE'
GL_GNULIB_UNICTYPE_PROPERTY_REGIONAL_INDICATOR_DLL_VARIABLE='LIBUNISTRING_DLL_VARIABLE'
GL_GNULIB_UNICTYPE_PROPERTY_SENTENCE_TERMINAL_DLL_VARIABLE='LIBUNISTRING_DLL_VARIABLE'
GL_GNULIB_UNICTYPE_PROPERTY_SOFT_DOTTED_DLL_VARIABLE='LIBUNISTRING_DLL_VARIABLE'
GL_GNULIB_UNICTYPE_PROPERTY_SPACE_DLL_VARIABLE='LIBUNISTRING_DLL_VARIABLE'
GL_GNULIB_UNICTYPE_PROPERTY_TERMINAL_PUNCTUATION_DLL_VARIABLE='LIBUNISTRING_DLL_VARIABLE'
GL_GNULIB_UNICTYPE_PROPERTY_TITLECASE_DLL_VARIABLE='LIBUNISTRING_DLL_VARIABLE'
GL_GNULIB_UNICTYPE_PROPERTY_UNASSIGNED_CODE_VALUE_DLL_VARIABLE='LIBUNISTRING_DLL_VARIABLE'
GL_GNULIB_UNICTYPE_PROPERTY_UNIFIED_IDEOGRAPH_DLL_VARIABLE='LIBUNISTRING_DLL_VARIABLE'
GL_GNULIB_UNICTYPE_PROPERTY_UPPERCASE_DLL_VARIABLE='LIBUNISTRING_DLL_VARIABLE'
GL_GNULIB_UNICTYPE_PROPERTY_VARIATION_SELECTOR_DLL_VARIABLE='LIBUNISTRING_DLL_VARIABLE'
GL_GNULIB_UNICTYPE_PROPERTY_WHITE_SPACE_DLL_VARIABLE='LIBUNISTRING_DLL_VARIABLE'
GL_GNULIB_UNICTYPE_PROPERTY_XID_CONTINUE_DLL_VARIABLE='LIBUNISTRING_DLL_VARIABLE'
GL_GNULIB_UNICTYPE_PROPERTY_XID_START_DLL_VARIABLE='LIBUNISTRING_DLL_VARIABLE'
GL_GNULIB_UNICTYPE_PROPERTY_ZERO_WIDTH_DLL_VARIABLE='LIBUNISTRING_DLL_VARIABLE'
GL_GNULIB_UNINORM_NFC_DLL_VARIABLE='LIBUNISTRING_DLL_VARIABLE'
GL_GNULIB_UNINORM_NFD_DLL_VARIABLE='LIBUNISTRING_DLL_VARIABLE'
GL_GNULIB_UNINORM_NFKC_DLL_VARIABLE='LIBUNISTRING_DLL_VARIABLE'
GL_GNULIB_UNINORM_NFKD_DLL_VARIABLE='LIBUNISTRING_DLL_VARIABLE'
GL_GNULIB_UNISTD_H_GETOPT='0'
GL_GNULIB_UNISTD_H_NONBLOCKING='0'
GL_GNULIB_UNISTD_H_SIGPIPE='0'
GL_GNULIB_UNLINK='0'
GL_GNULIB_UNLINKAT='0'
GL_GNULIB_UNLOCKPT='0'
GL_GNULIB_UNSETENV='0'
GL_GNULIB_USLEEP='0'
GL_GNULIB_UTIME='0'
GL_GNULIB_UTIMENSAT='0'
GL_GNULIB_VASPRINTF='0'
GL_GNULIB_VDPRINTF='0'
GL_GNULIB_VFPRINTF='0'
GL_GNULIB_VFPRINTF_POSIX='0'
GL_GNULIB_VFSCANF='0'
GL_GNULIB_VPRINTF='0'
GL_GNULIB_VPRINTF_POSIX='0'
GL_GNULIB_VSCANF='0'
GL_GNULIB_VSNPRINTF='0'
GL_GNULIB_VSPRINTF_POSIX='0'
GL_GNULIB_WCPCPY='0'
GL_GNULIB_WCPNCPY='0'
GL_GNULIB_WCRTOMB='0'
GL_GNULIB_WCSCASECMP='0'
GL_GNULIB_WCSCAT='0'
GL_GNULIB_WCSCHR='0'
GL_GNULIB_WCSCMP='0'
GL_GNULIB_WCSCOLL='0'
GL_GNULIB_WCSCPY='0'
GL_GNULIB_WCSCSPN='0'
GL_GNULIB_WCSDUP='0'
GL_GNULIB_WCSFTIME='0'
GL_GNULIB_WCSLEN='0'
GL_GNULIB_WCSNCASECMP='0'
GL_GNULIB_WCSNCAT='0'
GL_GNULIB_WCSNCMP='0'
GL_GNULIB_WCSNCPY='0'
GL_GNULIB_WCSNLEN='0'
GL_GNULIB_WCSNRTOMBS='0'
GL_GNULIB_WCSPBRK='0'
GL_GNULIB_WCSRCHR='0'
GL_GNULIB_WCSRTOMBS='0'
GL_GNULIB_WCSSPN='0'
GL_GNULIB_WCSSTR='0'
GL_GNULIB_WCSTOK='0'
GL_GNULIB_WCSWIDTH='0'
GL_GNULIB_WCSXFRM='0'
GL_GNULIB_WCTOB='0'
GL_GNULIB_WCTOMB='0'
GL_GNULIB_WCTRANS='0'
GL_GNULIB_WCTYPE='0'
GL_GNULIB_WCWIDTH='0'
GL_GNULIB_WMEMCHR='0'
GL_GNULIB_WMEMCMP='0'
GL_GNULIB_WMEMCPY='0'
GL_GNULIB_WMEMMOVE='0'
GL_GNULIB_WMEMPCPY='0'
GL_GNULIB_WMEMSET='0'
GL_GNULIB_WRITE='0'
GL_GNULIB__EXIT='0'
GMSGFMT=''
GMSGFMT_015=''
GNULIBHEADERS_OVERRIDE_CHAR16_T='0'
GNULIBHEADERS_OVERRIDE_CHAR32_T='0'
GNULIBHEADERS_OVERRIDE_CHAR8_T='1'
GNULIBHEADERS_OVERRIDE_WINT_T='0'
GNULIB_GETTIMEOFDAY='0'
GNULIB_TEST_WARN_CFLAGS=''
GNULIB_WARN_CFLAGS=''
GREP='/bin/grep'
HARD_LOCALE_LIB=''
HAVE_ALIGNED_ALLOC='1'
HAVE_ALLOCA_H=''
HAVE_ALPHASORT='1'
HAVE_ATOLL='1'
HAVE_BTOWC='1'
HAVE_C32RTOMB='1'
HAVE_C99_STDINT_H='1'
HAVE_CANONICALIZE_FILE_NAME='1'
HAVE_CHOWN='1'
HAVE_CLOSEDIR='1'
HAVE_COPY_FILE_RANGE='1'
HAVE_CRTDEFS_H='0'
HAVE_DECL_DIRFD='1'
HAVE_DECL_ECVT='1'
HAVE_DECL_ENVIRON='1'
HAVE_DECL_EXECVPE='1'
HAVE_DECL_FCHDIR='1'
HAVE_DECL_FCLOSEALL='0'
HAVE_DECL_FCVT='1'
HAVE_DECL_FDATASYNC='1'
HAVE_DECL_FDOPENDIR='1'
HAVE_DECL_FPURGE='1'
HAVE_DECL_FSEEKO='1'
HAVE_DECL_FTELLO='1'
HAVE_DECL_GCVT='1'
HAVE_DECL_GETDELIM='1'
HAVE_DECL_GETDOMAINNAME='1'
HAVE_DECL_GETLINE='1'
HAVE_DECL_GETLOADAVG='1'
HAVE_DECL_GETLOGIN='1'
HAVE_DECL_GETLOGIN_R='1'
HAVE_DECL_GETPAGESIZE='1'
HAVE_DECL_GETUSERSHELL='1'
HAVE_DECL_GETW='1'
HAVE_DECL_IMAXABS='1'
HAVE_DECL_IMAXDIV='1'
HAVE_DECL_INITSTATE='1'
HAVE_DECL_LOCALTIME_R='1'
HAVE_DECL_MEMMEM='1'
HAVE_DECL_MEMRCHR='1'
HAVE_DECL_OBSTACK_PRINTF='1'
HAVE_DECL_PROGRAM_INVOCATION_NAME='1'
HAVE_DECL_PUTW='1'
HAVE_DECL_SETENV='1'
HAVE_DECL_SETHOSTNAME='1'
HAVE_DECL_SETSTATE='1'
HAVE_DECL_SNPRINTF='1'
HAVE_DECL_STRDUP='1'
HAVE_DECL_STRERROR_R='1'
HAVE_DECL_STRNCASECMP='1'
HAVE_DECL_STRNDUP='1'
HAVE_DECL_STRNLEN='1'
HAVE_DECL_STRSIGNAL='1'
HAVE_DECL_STRTOIMAX='1'
HAVE_DECL_STRTOK_R='1'
HAVE_DECL_STRTOUMAX='1'
HAVE_DECL_TRUNCATE='1'
HAVE_DECL_TTYNAME_R='1'
HAVE_DECL_UNSETENV='1'
HAVE_DECL_VSNPRINTF='1'
HAVE_DECL_WCSDUP='1'
HAVE_DECL_WCTOB='1'
HAVE_DECL_WCWIDTH='1'
HAVE_DIRENT_H='1'
HAVE_DPRINTF='1'
HAVE_DUP3='1'
HAVE_DUPLOCALE='1'
HAVE_ERROR='0'
HAVE_ERROR_AT_LINE='0'
HAVE_ERROR_H='0'
HAVE_EUIDACCESS='1'
HAVE_EXECVPE='1'
HAVE_EXPLICIT_BZERO='1'
HAVE_FACCESSAT='1'
HAVE_FCHDIR='1'
HAVE_FCHMODAT='1'
HAVE_FCHOWNAT='1'
HAVE_FCNTL='1'
HAVE_FDATASYNC='1'
HAVE_FDOPENDIR='1'
HAVE_FEATURES_H='1'
HAVE_FFS='1'
HAVE_FFSL='1'
HAVE_FFSLL='1'
HAVE_FNMATCH='1'
HAVE_FNMATCH_H='1'
HAVE_FREELOCALE='1'
HAVE_FSEEKO='1'
HAVE_FSTATAT='1'
HAVE_FSYNC='1'
HAVE_FTELLO='1'
HAVE_FTRUNCATE='1'
HAVE_FUTIMENS='1'
HAVE_GETDTABLESIZE='1'
HAVE_GETENTROPY='1'
HAVE_GETGROUPS='1'
HAVE_GETHOSTNAME='1'
HAVE_GETLOGIN='1'
HAVE_GETOPT_H='1'
HAVE_GETPAGESIZE='1'
HAVE_GETPASS='1'
HAVE_GETPROGNAME='1'
HAVE_GETRANDOM='1'
HAVE_GETSUBOPT='1'
HAVE_GETTIMEOFDAY='1'
HAVE_GETUMASK='1'
HAVE_GRANTPT='1'
HAVE_GROUP_MEMBER='1'
HAVE_IMAXABS='1'
HAVE_IMAXDIV='1'
HAVE_IMAXDIV_T='1'
HAVE_INITSTATE='1'
HAVE_INTTYPES_H='1'
HAVE_ISBLANK='1'
HAVE_ISWBLANK='1'
HAVE_ISWCNTRL='1'
HAVE_LANGINFO_ALTMON='0'
HAVE_LANGINFO_CODESET='1'
HAVE_LANGINFO_ERA='1'
HAVE_LANGINFO_H='1'
HAVE_LANGINFO_T_FMT_AMPM='1'
HAVE_LANGINFO_YESEXPR='1'
HAVE_LCHMOD='1'
HAVE_LCHOWN='1'
HAVE_LINK='1'
HAVE_LINKAT='1'
HAVE_LSTAT='1'
HAVE_MAX_ALIGN_T='1'
HAVE_MBRLEN='1'
HAVE_MBRTOC16='1'
HAVE_MBRTOC32='1'
HAVE_MBRTOWC='1'
HAVE_MBSINIT='1'
HAVE_MBSLEN='0'
HAVE_MBSNRTOWCS='1'
HAVE_MBSRTOWCS='1'
HAVE_MBTOWC='1'
HAVE_MEMPCPY='1'
HAVE_MEMSET_EXPLICIT='1'
HAVE_MKDIRAT='1'
HAVE_MKDTEMP='1'
HAVE_MKFIFO='1'
HAVE_MKFIFOAT='1'
HAVE_MKNOD='1'
HAVE_MKNODAT='1'
HAVE_MKOSTEMP='1'
HAVE_MKOSTEMPS='1'
HAVE_MKSTEMP='1'
HAVE_MKSTEMPS='1'
HAVE_MSVC_INVALID_PARAMETER_HANDLER='0'
HAVE_NANOSLEEP='1'
HAVE_NEWLOCALE='1'
HAVE_NL_LANGINFO='1'
HAVE_OPENAT='1'
HAVE_OPENDIR='1'
HAVE_OS_H='0'
HAVE_PCLOSE='1'
HAVE_PIPE2='1'
HAVE_PIPE='1'
HAVE_POPEN='1'
HAVE_POSIX_MEMALIGN='1'
HAVE_POSIX_OPENPT='1'
HAVE_POSIX_SIGNALBLOCKING='1'
HAVE_PREAD='1'
HAVE_PTHREAD_SIGMASK='1'
HAVE_PTSNAME='1'
HAVE_PTSNAME_R='1'
HAVE_PWRITE='1'
HAVE_QSORT_R='1'
HAVE_RAISE='1'
HAVE_RANDOM='1'
HAVE_RANDOM_H='1'
HAVE_RANDOM_R='1'
HAVE_RAWMEMCHR='1'
HAVE_READDIR='1'
HAVE_READLINK='1'
HAVE_READLINKAT='1'
HAVE_REALLOCARRAY='1'
HAVE_REALPATH='1'
HAVE_RENAMEAT='1'
HAVE_REWINDDIR='1'
HAVE_RPMATCH='1'
HAVE_SCANDIR='1'
HAVE_SECURE_GETENV='1'
HAVE_SELINUX_SELINUX_H=''
HAVE_SETENV='1'
HAVE_SETHOSTNAME='1'
HAVE_SETSTATE='1'
HAVE_SIGABBREV_NP='1'
HAVE_SIGACTION='1'
HAVE_SIGDESCR_NP='1'
HAVE_SIGHANDLER_T='1'
HAVE_SIGINFO_T='1'
HAVE_SIGNED_SIG_ATOMIC_T=''
HAVE_SIGNED_WCHAR_T=''
HAVE_SIGNED_WINT_T=''
HAVE_SIGSET_T='1'
HAVE_SLEEP='1'
HAVE_STDINT_H='1'
HAVE_STPCPY='1'
HAVE_STPNCPY='1'
HAVE_STRCASECMP='1'
HAVE_STRCASESTR='1'
HAVE_STRCHRNUL='1'
HAVE_STRERRORNAME_NP='1'
HAVE_STRINGS_H='1'
HAVE_STRPBRK='1'
HAVE_STRPTIME='1'
HAVE_STRSEP='1'
HAVE_STRTOD='1'
HAVE_STRTOL='1'
HAVE_STRTOLD='1'
HAVE_STRTOLL='1'
HAVE_STRTOUL='1'
HAVE_STRTOULL='1'
HAVE_STRUCT_RANDOM_DATA='1'
HAVE_STRUCT_SIGACTION_SA_SIGACTION='1'
HAVE_STRUCT_TIMEVAL='1'
HAVE_STRVERSCMP='1'
HAVE_SYMLINK='1'
HAVE_SYMLINKAT='1'
HAVE_SYSEXITS_H=''
HAVE_SYS_BITYPES_H='0'
HAVE_SYS_CDEFS_H=''
HAVE_SYS_INTTYPES_H='0'
HAVE_SYS_LOADAVG_H='0'
HAVE_SYS_PARAM_H='0'
HAVE_SYS_RANDOM_H='1'
HAVE_SYS_TIME_H='1'
HAVE_SYS_TYPES_H='1'
HAVE_TIMEGM='1'
HAVE_TIMESPEC_GET='1'
HAVE_TIMESPEC_GETRES='1'
HAVE_TIMEZONE_T='0'
HAVE_TYPE_VOLATILE_SIG_ATOMIC_T='1'
HAVE_UCHAR_H='1'
HAVE_UNISTD_H='1'
HAVE_UNISTRING_WOE32DLL_H='0'
HAVE_UNLINKAT='1'
HAVE_UNLOCKPT='1'
HAVE_USLEEP='1'
HAVE_UTIME='1'
HAVE_UTIMENSAT='1'
HAVE_UTIME_H='1'
HAVE_VASPRINTF='1'
HAVE_VDPRINTF='1'
HAVE_VISIBILITY=''
HAVE_WCHAR_H='1'
HAVE_WCHAR_T='1'
HAVE_WCPCPY='1'
HAVE_WCPNCPY='1'
HAVE_WCRTOMB='1'
HAVE_WCSCASECMP='1'
HAVE_WCSCAT='1'
HAVE_WCSCHR='1'
HAVE_WCSCMP='1'
HAVE_WCSCOLL='1'
HAVE_WCSCPY='1'
HAVE_WCSCSPN='1'
HAVE_WCSDUP='1'
HAVE_WCSFTIME='1'
HAVE_WCSLEN='1'
HAVE_WCSNCASECMP='1'
HAVE_WCSNCAT='1'
HAVE_WCSNCMP='1'
HAVE_WCSNCPY='1'
HAVE_WCSNLEN='1'
HAVE_WCSNRTOMBS='1'
HAVE_WCSPBRK='1'
HAVE_WCSRCHR='1'
HAVE_WCSRTOMBS='1'
HAVE_WCSSPN='1'
HAVE_WCSSTR='1'
HAVE_WCSTOK='1'
HAVE_WCSWIDTH='1'
HAVE_WCSXFRM='1'
HAVE_WCTRANS_T='1'
HAVE_WCTYPE_H='1'
HAVE_WCTYPE_T='1'
HAVE_WINSOCK2_H='0'
HAVE_WINT_T='1'
HAVE_WMEMCHR='1'
HAVE_WMEMCMP='1'
HAVE_WMEMCPY='1'
HAVE_WMEMMOVE='1'
HAVE_WMEMPCPY='1'
HAVE_WMEMSET='1'
HAVE_WORKING_MBRTOC32='1'
HAVE_XLOCALE_H='0'
HAVE__EXIT='1'
INCLUDE_NEXT='include_next'
INCLUDE_NEXT_AS_FIRST_DIRECTIVE='include_next'
INSTALL_DATA='${INSTALL} -m 644'
INSTALL_PROGRAM='${INSTALL}'
INSTALL_SCRIPT='${INSTALL}'
INSTALL_STRIP_PROGRAM='$(install_sh) -c -s'
INT32_MAX_LT_INTMAX_MAX='1'
INT64_MAX_EQ_LONG_MAX='1'
INTLLIBS=''
INTL_MACOSX_LIBS=''
LC_COLLATE_IMPLEMENTED='false'
LC_MONETARY_IMPLEMENTED='false'
LC_NUMERIC_IMPLEMENTED='false'
LC_TIME_IMPLEMENTED='false'
LDFLAGS=''
LIBGNU_LIBDEPS=''
LIBGNU_LTLIBDEPS=''
LIBICONV=''
LIBINTL=''
LIBOBJS=''
LIBPMULTITHREAD='-lpthread'
LIBPTHREAD=''
LIBS=''
LIBUNISTRING_COMPILE_UNICASE_TOLOWER_FALSE=''
LIBUNISTRING_COMPILE_UNICASE_TOLOWER_TRUE=''
LIBUNISTRING_COMPILE_UNICTYPE_CTYPE_ALNUM_FALSE=''
LIBUNISTRING_COMPILE_UNICTYPE_CTYPE_ALNUM_TRUE=''
LIBUNISTRING_COMPILE_UNICTYPE_CTYPE_ALPHA_FALSE=''
LIBUNISTRING_COMPILE_UNICTYPE_CTYPE_ALPHA_TRUE=''
LIBUNISTRING_COMPILE_UNICTYPE_CTYPE_BLANK_FALSE=''
LIBUNISTRING_COMPILE_UNICTYPE_CTYPE_BLANK_TRUE=''
LIBUNISTRING_COMPILE_UNICTYPE_CTYPE_CNTRL_FALSE=''
LIBUNISTRING_COMPILE_UNICTYPE_CTYPE_CNTRL_TRUE=''
LIBUNISTRING_COMPILE_UNICTYPE_CTYPE_DIGIT_FALSE=''
LIBUNISTRING_COMPILE_UNICTYPE_CTYPE_DIGIT_TRUE=''
LIBUNISTRING_COMPILE_UNICTYPE_CTYPE_GRAPH_FALSE=''
LIBUNISTRING_COMPILE_UNICTYPE_CTYPE_GRAPH_TRUE=''
LIBUNISTRING_COMPILE_UNICTYPE_CTYPE_LOWER_FALSE=''
LIBUNISTRING_COMPILE_UNICTYPE_CTYPE_LOWER_TRUE=''
LIBUNISTRING_COMPILE_UNICTYPE_CTYPE_PRINT_FALSE=''
LIBUNISTRING_COMPILE_UNICTYPE_CTYPE_PRINT_TRUE=''
LIBUNISTRING_COMPILE_UNICTYPE_CTYPE_PUNCT_FALSE=''
LIBUNISTRING_COMPILE_UNICTYPE_CTYPE_PUNCT_TRUE=''
LIBUNISTRING_COMPILE_UNICTYPE_CTYPE_SPACE_FALSE=''
LIBUNISTRING_COMPILE_UNICTYPE_CTYPE_SPACE_TRUE=''
LIBUNISTRING_COMPILE_UNICTYPE_CTYPE_UPPER_FALSE=''
LIBUNISTRING_COMPILE_UNICTYPE_CTYPE_UPPER_TRUE=''
LIBUNISTRING_COMPILE_UNICTYPE_CTYPE_XDIGIT_FALSE=''
LIBUNISTRING_COMPILE_UNICTYPE_CTYPE_XDIGIT_TRUE=''
LIBUNISTRING_COMPILE_UNIWIDTH_WIDTH_FALSE=''
LIBUNISTRING_COMPILE_UNIWIDTH_WIDTH_TRUE=''
LIBUNISTRING_UNICASE_H=''
LIBUNISTRING_UNICTYPE_H=''
LIBUNISTRING_UNINORM_H=''
LIBUNISTRING_UNITYPES_H=''
LIBUNISTRING_UNIWIDTH_H=''
LIB_ACL=''
LIB_CLOCK_GETTIME=''
LIB_EACCESS=''
LIB_GETRANDOM=''
LIB_HARD_LOCALE=''
LIB_MBRTOWC=''
LIB_NL_LANGINFO=''
LIB_SCHED_YIELD=''
LIB_SELINUX=''
LIB_SETLOCALE_NULL=''
LIB_SETSOCKOPT=''
LIMITS_H=''
LOCALCHARSET_TESTS_ENVIRONMENT=''
LOCALENAME_ENHANCE_LOCALE_FUNCS='0'
LOCALE_FR='none'
LOCALE_FR_UTF8='fr_FR.UTF-8'
LOCALE_JA='none'
LOCALE_ZH_CN='none'
LTLIBICONV=''
LTLIBINTL=''
LTLIBOBJS=''
MAKEINFO='${SHELL} '\''/home/sonakrie/Work/testicular_linux/tar/build-aux/missing'\'' makeinfo'
MBRTOWC_LIB=''
MKDIR_P='/bin/mkdir -p'
MSGFMT=''
MSGMERGE=''
MSGMERGE_FOR_MSGFMT_OPTION=''
NEXT_ASSERT_H=''
NEXT_AS_FIRST_DIRECTIVE_ASSERT_H=''
NEXT_AS_FIRST_DIRECTIVE_CTYPE_H='<ctype.h>'
NEXT_AS_FIRST_DIRECTIVE_DIRENT_H='<dirent.h>'
NEXT_AS_FIRST_DIRECTIVE_ERRNO_H=''
NEXT_AS_FIRST_DIRECTIVE_ERROR_H='<error.h>'
NEXT_AS_FIRST_DIRECTIVE_FCNTL_H='<fcntl.h>'
NEXT_AS_FIRST_DIRECTIVE_FLOAT_H=''
NEXT_AS_FIRST_DIRECTIVE_FNMATCH_H='<fnmatch.h>'
NEXT_AS_FIRST_DIRECTIVE_GETOPT_H='<getopt.h>'
NEXT_AS_FIRST_DIRECTIVE_INTTYPES_H='<inttypes.h>'
NEXT_AS_FIRST_DIRECTIVE_LANGINFO_H='<langinfo.h>'
NEXT_AS_FIRST_DIRECTIVE_LIMITS_H='<limits.h>'
NEXT_AS_FIRST_DIRECTIVE_LOCALE_H='<locale.h>'
NEXT_AS_FIRST_DIRECTIVE_SELINUX_SELINUX_H=''
NEXT_AS_FIRST_DIRECTIVE_SIGNAL_H='<signal.h>'
NEXT_AS_FIRST_DIRECTIVE_STDARG_H=''
NEXT_AS_FIRST_DIRECTIVE_STDDEF_H='<stddef.h>'
NEXT_AS_FIRST_DIRECTIVE_STDINT_H='<stdint.h>'
NEXT_AS_FIRST_DIRECTIVE_STDIO_H='<stdio.h>'
NEXT_AS_FIRST_DIRECTIVE_STDLIB_H='<stdlib.h>'
NEXT_AS_FIRST_DIRECTIVE_STRINGS_H='<strings.h>'
NEXT_AS_FIRST_DIRECTIVE_STRING_H='<string.h>'
NEXT_AS_FIRST_DIRECTIVE_SYSEXITS_H=''
NEXT_AS_FIRST_DIRECTIVE_SYS_RANDOM_H='<sys/random.h>'
NEXT_AS_FIRST_DIRECTIVE_SYS_STAT_H='<sys/stat.h>'
NEXT_AS_FIRST_DIRECTIVE_SYS_TIME_H='<sys/time.h>'
NEXT_AS_FIRST_DIRECTIVE_SYS_TYPES_H='<sys/types.h>'
NEXT_AS_FIRST_DIRECTIVE_TIME_H='<time.h>'
NEXT_AS_FIRST_DIRECTIVE_UCHAR_H='<uchar.h>'
NEXT_AS_FIRST_DIRECTIVE_UNISTD_H='<unistd.h>'
NEXT_AS_FIRST_DIRECTIVE_UTIME_H='<utime.h>'
NEXT_AS_FIRST_DIRECTIVE_WCHAR_H='<wchar.h>'
NEXT_AS_FIRST_DIRECTIVE_WCTYPE_H='<wctype.h>'
NEXT_CTYPE_H='<ctype.h>'
NEXT_DIRENT_H='<dirent.h>'
NEXT_ERRNO_H=''
NEXT_ERROR_H='<error.h>'
NEXT_FCNTL_H='<fcntl.h>'
NEXT_FLOAT_H=''
NEXT_FNMATCH_H='<fnmatch.h>'
NEXT_GETOPT_H='<getopt.h>'
NEXT_INTTYPES_H='<inttypes.h>'
NEXT_LANGINFO_H='<langinfo.h>'
NEXT_LIMITS_H='<limits.h>'
NEXT_LOCALE_H='<locale.h>'
NEXT_SELINUX_SELINUX_H=''
NEXT_SIGNAL_H='<signal.h>'
NEXT_STDARG_H=''
NEXT_STDDEF_H='<stddef.h>'
NEXT_STDINT_H='<stdint.h>'
NEXT_STDIO_H='<stdio.h>'
NEXT_STDLIB_H='<stdlib.h>'
NEXT_STRINGS_H='<strings.h>'
NEXT_STRING_H='<string.h>'
NEXT_SYSEXITS_H=''
NEXT_SYS_RANDOM_H='<sys/random.h>'
NEXT_SYS_STAT_H='<sys/stat.h>'
NEXT_SYS_TIME_H='<sys/time.h>'
NEXT_SYS_TYPES_H='<sys/types.h>'
NEXT_TIME_H='<time.h>'
NEXT_UCHAR_H='<uchar.h>'
NEXT_UNISTD_H='<unistd.h>'
NEXT_UTIME_H='<utime.h>'
NEXT_WCHAR_H='<wchar.h>'
NEXT_WCTYPE_H='<wctype.h>'
OBJEXT='o'
PACKAGE='tar'
PACKAGE_BUGREPORT='bug-tar@gnu.org'
PACKAGE_NAME='GNU tar'
PACKAGE_STRING='GNU tar 1.35'
PACKAGE_TARNAME='tar'
PACKAGE_URL='https://www.gnu.org/software/tar/'
PACKAGE_VERSION='1.35'
PARSE_DATETIME_BISON=''
PATH_SEPARATOR=':'
POSUB=''
PRAGMA_COLUMNS=''
PRAGMA_SYSTEM_HEADER='#pragma GCC system_header'
PRIPTR_PREFIX='"l"'
PTHREAD_H_DEFINES_STRUCT_TIMESPEC='0'
PTRDIFF_T_SUFFIX=''
PU_RMT_COND_FALSE=''
PU_RMT_COND_TRUE=''
PU_RMT_PROG=''
RANLIB='ranlib'
REPLACE_ACCESS='0'
REPLACE_ALIGNED_ALLOC='0'
REPLACE_BTOWC='0'
REPLACE_C32RTOMB='0'
REPLACE_CALLOC_FOR_CALLOC_GNU='0'
REPLACE_CALLOC_FOR_CALLOC_POSIX='0'
REPLACE_CANONICALIZE_FILE_NAME='0'
REPLACE_CHMOD='0'
REPLACE_CHOWN='0'
REPLACE_CLOSE='0'
REPLACE_CLOSEDIR='0'
REPLACE_COPY_FILE_RANGE='0'
REPLACE_CREAT='0'
REPLACE_CTIME='GNULIB_PORTCHECK'
REPLACE_DIRFD='0'
REPLACE_DPRINTF='0'
REPLACE_DUP2='0'
REPLACE_DUP3='0'
REPLACE_DUP='0'
REPLACE_DUPLOCALE='0'
REPLACE_ERROR='0'
REPLACE_ERROR_AT_LINE='0'
REPLACE_EXECL='0'
REPLACE_EXECLE='0'
REPLACE_EXECLP='0'
REPLACE_EXECV='0'
REPLACE_EXECVE='0'
REPLACE_EXECVP='0'
REPLACE_EXECVPE='0'
REPLACE_FACCESSAT='0'
REPLACE_FCHMODAT='0'
REPLACE_FCHOWNAT='0'
REPLACE_FCLOSE='0'
REPLACE_FCNTL='0'
REPLACE_FDATASYNC='0'
REPLACE_FDOPEN='0'
REPLACE_FDOPENDIR='0'
REPLACE_FFLUSH='0'
REPLACE_FFSLL='0'
REPLACE_FNMATCH='0'
REPLACE_FOPEN='0'
REPLACE_FOPEN_FOR_FOPEN_GNU='0'
REPLACE_FPRINTF='0'
REPLACE_FPURGE='0'
REPLACE_FREE='0'
REPLACE_FREELOCALE='0'
REPLACE_FREOPEN='0'
REPLACE_FSEEK='0'
REPLACE_FSEEKO='0'
REPLACE_FSTAT='0'
REPLACE_FSTATAT='0'
REPLACE_FTELL='0'
REPLACE_FTELLO='0'
REPLACE_FTRUNCATE='0'
REPLACE_FUTIMENS='0'
REPLACE_GETCWD='0'
REPLACE_GETDELIM='0'
REPLACE_GETDOMAINNAME='0'
REPLACE_GETDTABLESIZE='0'
REPLACE_GETENTROPY='0'
REPLACE_GETGROUPS='0'
REPLACE_GETLINE='0'
REPLACE_GETLOADAVG='0'
REPLACE_GETLOGIN_R='0'
REPLACE_GETPAGESIZE='0'
REPLACE_GETPASS='0'
REPLACE_GETPASS_FOR_GETPASS_GNU='0'
REPLACE_GETPROGNAME='0'
REPLACE_GETRANDOM='0'
REPLACE_GETSUBOPT='0'
REPLACE_GETTIMEOFDAY='0'
REPLACE_GMTIME='0'
REPLACE_IMAXABS='0'
REPLACE_IMAXDIV='0'
REPLACE_INITSTATE='0'
REPLACE_ISATTY='0'
REPLACE_ISWBLANK='0'
REPLACE_ISWCNTRL='0'
REPLACE_ISWDIGIT='0'
REPLACE_ISWXDIGIT='0'
REPLACE_ITOLD=''
REPLACE_LCHOWN='0'
REPLACE_LINK='0'
REPLACE_LINKAT='0'
REPLACE_LOCALECONV='0'
REPLACE_LOCALTIME='0'
REPLACE_LOCALTIME_R='GNULIB_PORTCHECK'
REPLACE_LSEEK='0'
REPLACE_LSTAT='0'
REPLACE_MALLOC_FOR_MALLOC_GNU='0'
REPLACE_MALLOC_FOR_MALLOC_POSIX='0'
REPLACE_MBRLEN='0'
REPLACE_MBRTOC16='0'
REPLACE_MBRTOC32='0'
REPLACE_MBRTOWC='0'
REPLACE_MBSINIT='0'
REPLACE_MBSNRTOWCS='0'
REPLACE_MBSRTOWCS='0'
REPLACE_MBSTATE_T='0'
REPLACE_MBSTOWCS='0'
REPLACE_MBTOWC='0'
REPLACE_MB_CUR_MAX='0'
REPLACE_MEMCHR='0'
REPLACE_MEMMEM='0'
REPLACE_MEMPCPY='0'
REPLACE_MKDIR='0'
REPLACE_MKFIFO='0'
REPLACE_MKFIFOAT='0'
REPLACE_MKNOD='0'
REPLACE_MKNODAT='0'
REPLACE_MKOSTEMP='0'
REPLACE_MKOSTEMPS='0'
REPLACE_MKSTEMP='0'
REPLACE_MKTIME='GNULIB_PORTCHECK'
REPLACE_NANOSLEEP='GNULIB_PORTCHECK'
REPLACE_NEWLOCALE='0'
REPLACE_NL_LANGINFO='0'
REPLACE_NULL='0'
REPLACE_OBSTACK_PRINTF='0'
REPLACE_OPEN='0'
REPLACE_OPENAT='0'
REPLACE_OPENDIR='0'
REPLACE_PERROR='0'
REPLACE_PIPE2='0'
REPLACE_POPEN='0'
REPLACE_POSIX_MEMALIGN='0'
REPLACE_POSIX_OPENPT='0'
REPLACE_PREAD='0'
REPLACE_PRINTF='0'
REPLACE_PTHREAD_SIGMASK='0'
REPLACE_PTSNAME='0'
REPLACE_PTSNAME_R='0'
REPLACE_PUTENV='0'
REPLACE_PWRITE='0'
REPLACE_QSORT_R='0'
REPLACE_RAISE='0'
REPLACE_RANDOM='0'
REPLACE_RANDOM_R='0'
REPLACE_READ='0'
REPLACE_READDIR='0'
REPLACE_READLINK='0'
REPLACE_READLINKAT='0'
REPLACE_REALLOCARRAY='0'
REPLACE_REALLOC_FOR_REALLOC_GNU='0'
REPLACE_REALLOC_FOR_REALLOC_POSIX='0'
REPLACE_REALPATH='0'
REPLACE_REMOVE='0'
REPLACE_RENAME='0'
REPLACE_RENAMEAT='0'
REPLACE_REWINDDIR='0'
REPLACE_RMDIR='0'
REPLACE_SETENV='0'
REPLACE_SETHOSTNAME='0'
REPLACE_SETLOCALE='0'
REPLACE_SETSTATE='0'
REPLACE_SLEEP='0'
REPLACE_SNPRINTF='0'
REPLACE_SPRINTF='0'
REPLACE_STAT='0'
REPLACE_STDIO_READ_FUNCS='0'
REPLACE_STDIO_WRITE_FUNCS='0'
REPLACE_STPCPY='0'
REPLACE_STPNCPY='0'
REPLACE_STRCASESTR='0'
REPLACE_STRCHRNUL='0'
REPLACE_STRDUP='0'
REPLACE_STRERROR='0'
REPLACE_STRERRORNAME_NP='0'
REPLACE_STRERROR_R='0'
REPLACE_STRFTIME='GNULIB_PORTCHECK'
REPLACE_STRNCAT='0'
REPLACE_STRNDUP='0'
REPLACE_STRNLEN='0'
REPLACE_STRSIGNAL='0'
REPLACE_STRSTR='0'
REPLACE_STRTOD='0'
REPLACE_STRTOIMAX='0'
REPLACE_STRTOK_R='0'
REPLACE_STRTOL='0'
REPLACE_STRTOLD='0'
REPLACE_STRTOLL='0'
REPLACE_STRTOUL='0'
REPLACE_STRTOULL='0'
REPLACE_STRTOUMAX='0'
REPLACE_STRUCT_LCONV='0'
REPLACE_STRUCT_TIMEVAL='0'
REPLACE_SYMLINK='0'
REPLACE_SYMLINKAT='0'
REPLACE_TIME='0'
REPLACE_TIMEGM='GNULIB_PORTCHECK'
REPLACE_TIMESPEC_GET='GNULIB_PORTCHECK'
REPLACE_TMPFILE='0'
REPLACE_TOWLOWER='0'
REPLACE_TRUNCATE='0'
REPLACE_TTYNAME_R='0'
REPLACE_TZSET='GNULIB_PORTCHECK'
REPLACE_UNLINK='0'
REPLACE_UNLINKAT='0'
REPLACE_UNSETENV='0'
REPLACE_USLEEP='0'
REPLACE_UTIME='0'
REPLACE_UTIMENSAT='0'
REPLACE_VASPRINTF='0'
REPLACE_VDPRINTF='0'
REPLACE_VFPRINTF='0'
REPLACE_VPRINTF='0'
REPLACE_VSNPRINTF='0'
REPLACE_VSPRINTF='0'
REPLACE_WCRTOMB='0'
REPLACE_WCSCMP='0'
REPLACE_WCSFTIME='0'
REPLACE_WCSNCMP='0'
REPLACE_WCSNRTOMBS='0'
REPLACE_WCSRTOMBS='0'
REPLACE_WCSSTR='0'
REPLACE_WCSTOK='0'
REPLACE_WCSWIDTH='0'
REPLACE_WCTOB='0'
REPLACE_WCTOMB='0'
REPLACE_WCWIDTH='0'
REPLACE_WMEMCMP='0'
REPLACE_WMEMPCPY='0'
REPLACE_WRITE='0'
REPLACE__EXIT='0'
RSH=''
SCHED_YIELD_LIB=''
SED=''
SELINUX_CONTEXT_H=''
SELINUX_LABEL_H=''
SETLOCALE_NULL_LIB=''
SET_MAKE=''
SHELL='/bin/sh'
SIG_ATOMIC_T_SUFFIX=''
SIZE_T_SUFFIX=''
SMALL_WCHAR_T='0'
STDARG_H=''
STDCKDINT_H=''
STDDEF_H=''
STDINT_H=''
STRIP=''
SYSEXITS_H=''
SYS_TIME_H_DEFINES_STRUCT_TIMESPEC='0'
TAR_COND_XATTR_H_FALSE=''
TAR_COND_XATTR_H_TRUE=''
TIME_H_DEFINES_STRUCT_TIMESPEC='1'
TIME_H_DEFINES_TIME_UTC='1'
UINT32_MAX_LT_UINTMAX_MAX='1'
UINT64_MAX_EQ_ULONG_MAX='1'
UNDEFINE_STRTOK_R='0'
UNISTD_H_DEFINES_STRUCT_TIMESPEC='0'
UNISTD_H_HAVE_SYS_RANDOM_H='1'
UNISTD_H_HAVE_WINSOCK2_H='0'
UNISTD_H_HAVE_WINSOCK2_H_AND_USE_SOCKETS='0'
USE_ACL='0'
USE_NLS=''
VERSION='1.35'
WARN_CFLAGS=''
WCHAR_T_SUFFIX=''
WERROR_CFLAGS=''
WINDOWS_64_BIT_OFF_T='0'
WINDOWS_64_BIT_ST_SIZE='0'
WINDOWS_STAT_INODES='0'
WINDOWS_STAT_TIMESPEC='0'
WINT_T_SUFFIX=''
XGETTEXT=''
XGETTEXT_015=''
XGETTEXT_EXTRA_OPTIONS=''
YACC='bison -y'
YFLAGS=''
ac_ct_AR='ar'
ac_ct_CC='gcc'
am__EXEEXT_FALSE=''
am__EXEEXT_TRUE=''
am__fastdepCC_FALSE='#'
am__fastdepCC_TRUE=''
am__include='include'
am__isrc=''
am__leading_dot='.'
am__nodep='_no'
am__quote=''
am__tar='tar --format=ustar -chf - "$$tardir"'
am__untar='tar -xf -'
bindir='${exec_prefix}/bin'
bindir_c=''
bindir_c_make=''
build='x86_64-pc-linux-musl'
build_alias=''
build_cpu='x86_64'
build_os='linux-musl'
build_vendor='pc'
datadir='${datarootdir}'
datadir_c=''
datadir_c_make=''
datarootdir='${prefix}/share'
datarootdir_c=''
datarootdir_c_make=''
docdir='${datarootdir}/doc/${PACKAGE_TARNAME}'
docdir_c=''
docdir_c_make=''
dvidir='${docdir}'
dvidir_c=''
dvidir_c_make=''
exec_prefix='NONE'
exec_prefix_c=''
exec_prefix_c_make=''
gl_LIBOBJDEPS=''
gl_LIBOBJS=''
gl_LTLIBOBJS=''
gltests_LIBOBJDEPS=''
gltests_LIBOBJS=''
gltests_LTLIBOBJS=''
gltests_WITNESS=''
host='x86_64-pc-linux-musl'
host_alias=''
host_cpu='x86_64'
host_os='linux-musl'
host_vendor='pc'
htmldir='${docdir}'
htmldir_c=''
htmldir_c_make=''
includedir='${prefix}/include'
includedir_c=''
includedir_c_make=''
infodir='${datarootdir}/info'
infodir_c=''
infodir_c_make=''
install_sh='${SHELL} /home/sonakrie/Work/testicular_linux/tar/build-aux/install-sh'
libdir='${exec_prefix}/lib'
libdir_c=''
libdir_c_make=''
libexecdir='${exec_prefix}/libexec'
libexecdir_c=''
libexecdir_c_make=''
lispdir='${datarootdir}/emacs/site-lisp'
lispdir_c=''
lispdir_c_make=''
localedir='${datarootdir}/locale'
localedir_c=''
localedir_c_make=''
localstatedir='${prefix}/var'
localstatedir_c=''
localstatedir_c_make=''
mandir='${datarootdir}/man'
mandir_c=''
mandir_c_make=''
mkdir_p='$(MKDIR_P)'
oldincludedir='/usr/include'
oldincludedir_c=''
oldincludedir_c_make=''
pdfdir='${docdir}'
pdfdir_c=''
pdfdir_c_make=''
pkgdatadir='${datadir}/${PACKAGE}'
pkgdatadir_c=''
pkgdatadir_c_make=''
pkgincludedir='${includedir}/${PACKAGE}'
pkgincludedir_c=''
pkgincludedir_c_make=''
pkglibdir='${libdir}/${PACKAGE}'
pkglibdir_c=''
pkglibdir_c_make=''
pkglibexecdir='${libexecdir}/${PACKAGE}'
pkglibexecdir_c=''
pkglibexecdir_c_make=''
prefix='/usr'
prefix_c=''
prefix_c_make=''
program_transform_name='s,x,x,'
psdir='${docdir}'
psdir_c=''
psdir_c_make=''
runstatedir='${localstatedir}/run'
runstatedir_c=''
runstatedir_c_make=''
sbindir='${exec_prefix}/sbin'
sbindir_c=''
sbindir_c_make=''
sharedstatedir='${prefix}/com'
sharedstatedir_c=''
sharedstatedir_c_make=''
sysconfdir='${prefix}/etc'
sysconfdir_c=''
sysconfdir_c_make=''
target_alias=''

## ----------- ##
## confdefs.h. ##
## ----------- ##

/* confdefs.h */
#define PACKAGE_NAME "GNU tar"
#define PACKAGE_TARNAME "tar"
#define PACKAGE_VERSION "1.35"
#define PACKAGE_STRING "GNU tar 1.35"
#define PACKAGE_BUGREPORT "bug-tar@gnu.org"
#define PACKAGE_URL "https://www.gnu.org/software/tar/"
#define PACKAGE "tar"
#define VERSION "1.35"
#define HAVE_STDIO_H 1
#define HAVE_STDLIB_H 1
#define HAVE_STRING_H 1
#define HAVE_INTTYPES_H 1
#define HAVE_STDINT_H 1
#define HAVE_STRINGS_H 1
#define HAVE_SYS_STAT_H 1
#define HAVE_SYS_TYPES_H 1
#define HAVE_UNISTD_H 1
#define HAVE_WCHAR_H 1
#define HAVE_FCNTL_H 1
#define HAVE_LINUX_FD_H 1
#define HAVE_MEMORY_H 1
#define HAVE_SYS_PARAM_H 1
#define HAVE_SYS_MTIO_H 1
#define HAVE_SYS_TIME_H 1
#define HAVE_LOCALE_H 1
#define HAVE_FEATURES_H 1
#define HAVE_UCHAR_H 1
#define HAVE_SYS_SOCKET_H 1
#define HAVE_DIRENT_H 1
#define HAVE_LINUX_XATTR_H 1
#define HAVE_FNMATCH_H 1
#define HAVE_STDIO_EXT_H 1
#define HAVE_GETOPT_H 1
#define HAVE_THREADS_H 1
#define HAVE_LIMITS_H 1
#define HAVE_WCTYPE_H 1
#define HAVE_LANGINFO_H 1
#define HAVE_SYS_MMAN_H 1
#define HAVE_MALLOC_H 1
#define HAVE_STDBOOL_H 1
#define HAVE_STDCKDINT_H 1
#define HAVE_SYS_RANDOM_H 1
#define HAVE_SYSEXITS_H 1
#define HAVE_UTIME_H 1
#define HAVE_NETDB_H 1
#define HAVE_SYS_WAIT_H 1
#define HAVE_PWD_H 1
#define HAVE_GRP_H 1
#define STDC_HEADERS 1
#define _ALL_SOURCE 1
#define _DARWIN_C_SOURCE 1
#define _GNU_SOURCE 1
#define _HPUX_ALT_XOPEN_SOCKET_API 1
#define _NETBSD_SOURCE 1
#define _OPENBSD_SOURCE 1
#define _POSIX_PTHREAD_SEMANTICS 1
#define __STDC_WANT_IEC_60559_ATTRIBS_EXT__ 1
#define __STDC_WANT_IEC_60559_BFP_EXT__ 1
#define __STDC_WANT_IEC_60559_DFP_EXT__ 1
#define __STDC_WANT_IEC_60559_EXT__ 1
#define __STDC_WANT_IEC_60559_FUNCS_EXT__ 1
#define __STDC_WANT_IEC_60559_TYPES_EXT__ 1
#define __STDC_WANT_LIB_EXT2__ 1
#define __STDC_WANT_MATH_SPEC_FUNCS__ 1
#define _TANDEM_SOURCE 1
#define __EXTENSIONS__ 1
#define HAVE_FSEEKO 1
#define __USE_MINGW_ANSI_STDIO 1
#define MAJOR_IN_SYSMACROS 1
#define major_t int
#define minor_t int
#define HAVE_FCHMOD 1
#define HAVE_FLOCKFILE 1
#define HAVE_FUNLOCKFILE 1
#define HAVE_PATHCONF 1
#define HAVE_BTOWC 1
#define HAVE_MBRTOWC 1
#define HAVE_MBSINIT 1
#define HAVE_REALPATH 1
#define HAVE_LSTAT 1
#define HAVE_CHOWN 1
#define HAVE_FCHOWN 1
#define HAVE_FCHDIR 1
#define HAVE_FDOPENDIR 1
#define HAVE_FCHMODAT 1
#define HAVE_LCHMOD 1
#define HAVE_FCNTL 1
#define HAVE_SYMLINK 1
#define HAVE_LISTXATTR 1
#define HAVE_FNMATCH 1
#define HAVE_MBSRTOWCS 1
#define HAVE_FSTATAT 1
#define HAVE_GETDTABLESIZE 1
#define HAVE_GETTIMEOFDAY 1
#define HAVE_ISBLANK 1
#define HAVE_ISWCNTRL 1
#define HAVE_LINK 1
#define HAVE_READLINK 1
#define HAVE_OPENAT 1
#define HAVE_MPROTECT 1
#define HAVE_MKDIRAT 1
#define HAVE_MKNOD 1
#define HAVE_PIPE 1
#define HAVE_ISWCTYPE 1
#define HAVE_RENAMEAT 1
#define HAVE_SETENV 1
#define HAVE_SLEEP 1
#define HAVE_SNPRINTF 1
#define HAVE_STRNDUP 1
#define HAVE_STRTOIMAX 1
#define HAVE_STRTOUMAX 1
#define HAVE_LOCALTIME_R 1
#define HAVE_UNLINKAT 1
#define HAVE_WCRTOMB 1
#define HAVE_WCWIDTH 1
#define HAVE_MKFIFO 1
#define HAVE_SETLOCALE 1
#define HAVE_FSYNC 1
#define USE_ACL 0
#define HAVE_ALLOCA_H 1
#define HAVE_ALLOCA 1
#define restrict __restrict__
#define HAVE_DECL_CLEARERR_UNLOCKED 1
#define HAVE_DECL_FEOF_UNLOCKED 1
#define HAVE_DECL_FERROR_UNLOCKED 1
#define HAVE_DECL_FFLUSH_UNLOCKED 1
#define HAVE_DECL_FGETS_UNLOCKED 1
#define HAVE_DECL_FPUTC_UNLOCKED 1
#define HAVE_DECL_FPUTS_UNLOCKED 1
#define HAVE_DECL_FREAD_UNLOCKED 1
#define HAVE_DECL_FWRITE_UNLOCKED 1
#define HAVE_DECL_GETC_UNLOCKED 1
#define HAVE_DECL_GETCHAR_UNLOCKED 1
#define HAVE_DECL_PUTC_UNLOCKED 1
#define HAVE_DECL_PUTCHAR_UNLOCKED 1
#define HAVE_DECL_STRERROR_R 1
#define HAVE_STRERROR_R 1
#define D_INO_IN_DIRENT 1
#define HAVE_LONG_FILE_NAMES 1
#define HAVE_LANGINFO_CODESET 1
#define BITSIZEOF_WCHAR_T 32
#define HAVE_MBSTATE_T 1
#define HAVE_WORKING_MBRTOC32 1
#define HAVE_MALLOC_POSIX 1
#define LSTAT_FOLLOWS_SLASHED_SYMLINK 1
#define FUNC_REALPATH_NEARLY_WORKS 1
#define HAVE_FACCESSAT 1
#define HAVE_GETCWD 1
#define HAVE_UNISTD_H 1
#define HAVE_CHOWN 1
#define HAVE_ENVIRON_DECL 1
#define GETGROUPS_T gid_t
#define HAVE_DECL_FCHDIR 1
#define HAVE_WORKING_O_NOATIME 1
#define HAVE_WORKING_O_NOFOLLOW 1
#define PROMOTED_MODE_T mode_t
#define FUNC_FFLUSH_STDIN 1
#define _USE_STD_STAT 1
#define HAVE_DECL_FSEEKO 1
#define FUNC_FFLUSH_STDIN 1
#define HAVE_DECL_GETCWD 1
#define HAVE_DECL_GETDELIM 1
#define HAVE_DECL_GETDTABLESIZE 1
#define HAVE_DECL_GETLINE 1
#define HAVE_GETOPT_H 1
#define HAVE_GETOPT_LONG_ONLY 1
#define HAVE_PTHREAD_API 1
#define SETLOCALE_NULL_ALL_MTSAFE 0
#define SETLOCALE_NULL_ONE_MTSAFE 1
#define HAVE_WEAK_SYMBOLS 1
#define HAVE_WINT_T 1
#define HAVE_LONG_LONG_INT 1
#define HAVE_UNSIGNED_LONG_LONG_INT 1
#define HAVE_TOWLOWER 1
#define HAVE_WCHAR_T 1
#define MALLOC_0_IS_NONNULL 1
#define HAVE_MAP_ANONYMOUS 1
#define HAVE_DECL_MEMRCHR 1
#define HAVE_MINMAX_IN_SYS_PARAM_H 1
#define TIME_T_IS_SIGNED 1
#define HAVE_DECL_ALARM 1
#define HAVE_STRUCT_TM_TM_ZONE 1
#define HAVE_TM_ZONE 1
#define HAVE_TM_GMTOFF 1
#define HAVE_COMPOUND_LITERALS 1
#define HAVE_DECL_SETENV 1
#define HAVE_SEARCH_H 1
#define HAVE_TSEARCH 1
#define HAVE_SIGSET_T 1
#define HAVE_DECL_SNPRINTF 1
#define MUSL_LIBC 1
#define HAVE_DECL_FCLOSEALL 0
#define HAVE_DECL_GETW 1
#define HAVE_DECL_PUTW 1
#define HAVE_DECL_ECVT 1
#define HAVE_DECL_FCVT 1
#define HAVE_DECL_GCVT 1
#define HAVE_DECL_STRDUP 1
#define HAVE_DECL_STRNDUP 1
#define HAVE_DECL_STRNLEN 1
#define HAVE_DECL_STRTOIMAX 1
#define HAVE_DECL_STRTOUMAX 1
#define HAVE_DECL_EXECVPE 1
#define HAVE_DECL_UNSETENV 1
#define HAVE_WORKING_UTIMES 1
#define HAVE_INTTYPES_H_WITH_UINTMAX 1
#define HAVE_STDINT_H_WITH_UINTMAX 1
#define HAVE_INTMAX_T 1
#define DBL_EXPBIT0_WORD 1
#define DBL_EXPBIT0_BIT 20
#define HAVE_WCSLEN 1
#define HAVE_SNPRINTF 1
#define HAVE_STRNLEN 1
#define HAVE_WCRTOMB 1
#define HAVE_DECL__SNPRINTF 0
#define HAVE_SNPRINTF_RETVAL_C99 1
#define HAVE_SNPRINTF_TRUNCATION_C99 1
#define HAVE_DECL_VSNPRINTF 1

configure: caught signal 2
configure: exit 1
