This file contains any messages produced by compilers while
running configure, to aid debugging if configure makes a mistake.

It was created by gzip configure 1.14, which was
generated by GNU Autoconf 2.72.76-2f64.  Invocation command line was

  $ ./configure --prefix=/usr

## --------- ##
## Platform. ##
## --------- ##

hostname = nobara-laptop
uname -m = x86_64
uname -r = 7.1.4-200.nobara.fc44.x86_64
uname -s = Linux
uname -v = #1 SMP PREEMPT_DYNAMIC Mon Jul 20 03:39:43 UTC 2026

/usr/bin/uname -p = unknown
/bin/uname -X     = unknown

/bin/arch              = x86_64
/usr/bin/arch -k       = unknown
/usr/convex/getsysinfo = unknown
/usr/bin/hostinfo      = unknown
/bin/machine           = unknown
/usr/bin/oslevel       = unknown
/bin/universe          = unknown

PATH: /home/sonakrie/.local/bin/
PATH: /home/sonakrie/bin/
PATH: /usr/local/sbin/
PATH: /usr/local/bin/
PATH: /usr/sbin/
PATH: /usr/bin/
PATH: /sbin/
PATH: /bin/


## ----------- ##
## Core tests. ##
## ----------- ##

configure:4409: looking for aux files: config.guess config.sub compile missing install-sh
configure:4422:  trying ./build-aux/
configure:4451:   ./build-aux/config.guess found
configure:4451:   ./build-aux/config.sub found
configure:4451:   ./build-aux/compile found
configure:4451:   ./build-aux/missing found
configure:4433:   ./build-aux/install-sh found
configure:4610: checking for a BSD-compatible install
configure:4684: result: /usr/bin/install -c
configure:4695: checking whether sleep supports fractional seconds
configure:4711: result: yes
configure:4714: checking filesystem timestamp resolution
configure:4849: result: 0.01
configure:4854: checking whether build environment is sane
configure:4899: result: yes
configure:5070: checking for a race-free mkdir -p
configure:5113: result: /bin/mkdir -p
configure:5120: checking for gawk
configure:5141: found /usr/bin/gawk
configure:5153: result: gawk
configure:5164: checking whether make sets $(MAKE)
configure:5188: result: yes
configure:5214: checking whether make supports nested variables
configure:5233: result: yes
configure:5247: checking xargs -n works
configure:5263: result: yes
configure:5437: checking for gcc
configure:5458: found /usr/bin/gcc
configure:5470: result: gcc
configure:5829: checking for C compiler version
configure:5838: gcc --version >&5
gcc (Alpine 15.2.0) 15.2.0
Copyright (C) 2025 Free Software Foundation, Inc.
This is free software; see the source for copying conditions.  There is NO
warranty; not even for MERCHANTABILITY or FITNESS FOR A PARTICULAR PURPOSE.

configure:5849: $? = 0
configure:5838: gcc -v >&5
Using built-in specs.
COLLECT_GCC=gcc
COLLECT_LTO_WRAPPER=/usr/libexec/gcc/x86_64-alpine-linux-musl/15.2.0/lto-wrapper
Target: x86_64-alpine-linux-musl
Configured with: /home/buildozer/aports/main/gcc/src/gcc-15.2.0/configure --prefix=/usr --mandir=/usr/share/man --infodir=/usr/share/info --build=x86_64-alpine-linux-musl --host=x86_64-alpine-linux-musl --target=x86_64-alpine-linux-musl --enable-checking=release --disable-cet --disable-fixed-point --disable-libstdcxx-pch --disable-multilib --disable-nls --disable-werror --disable-symvers --enable-__cxa_atexit --enable-default-pie --enable-default-ssp --enable-languages=c,c++,d,objc,go,fortran,ada --enable-link-serialization=2 --enable-linker-build-id --disable-libssp --enable-libsanitizer --enable-shared --enable-threads --enable-tls --with-bugurl=https://gitlab.alpinelinux.org/alpine/aports/-/issues --with-system-zlib --with-linker-hash-style=gnu --with-pkgversion='Alpine 15.2.0'
Thread model: posix
Supported LTO compression algorithms: zlib
gcc version 15.2.0 (Alpine 15.2.0) 
configure:5849: $? = 0
configure:5838: gcc -V >&5
gcc: error: unrecognized command-line option '-V'
gcc: fatal error: no input files
compilation terminated.
configure:5849: $? = 1
configure:5838: gcc -qversion >&5
gcc: error: unrecognized command-line option '-qversion'; did you mean '--version'?
gcc: fatal error: no input files
compilation terminated.
configure:5849: $? = 1
configure:5838: gcc -version >&5
gcc: error: unrecognized command-line option '-version'
gcc: fatal error: no input files
compilation terminated.
configure:5849: $? = 1
configure:5869: checking whether the C compiler works
configure:5891: gcc    conftest.c  >&5
configure:5895: $? = 0
configure:5946: result: yes
configure:5950: checking for C compiler default output file name
configure:5952: result: a.out
configure:5958: checking for suffix of executables
configure:5965: gcc -o conftest    conftest.c  >&5
configure:5969: $? = 0
configure:5993: result: 
configure:6017: checking whether we are cross compiling
configure:6025: gcc -o conftest    conftest.c  >&5
configure:6029: $? = 0
configure:6036: ./conftest
configure:6040: $? = 0
configure:6055: result: no
configure:6061: checking for suffix of object files
configure:6084: gcc -c   conftest.c >&5
configure:6088: $? = 0
configure:6112: result: o
configure:6116: checking whether the compiler supports GNU C
configure:6136: gcc -c   conftest.c >&5
configure:6136: $? = 0
configure:6148: result: yes
configure:6159: checking whether gcc accepts -g
configure:6180: gcc -c -g  conftest.c >&5
configure:6180: $? = 0
configure:6227: result: yes
configure:6247: checking for gcc option to enable C23 features
configure:6262: gcc  -c -g -O2  conftest.c >&5
conftest.c:74:11: error: unknown type name 'nullptr_t'
   74 | constexpr nullptr_t null_pointer = nullptr;
      |           ^~~~~~~~~
conftest.c:74:36: error: incompatible types when initializing type 'int' using type 'typeof (nullptr)'
   74 | constexpr nullptr_t null_pointer = nullptr;
      |                                    ^~~~~~~
configure:6262: $? = 1
configure: failed program was:
| /* confdefs.h */
| #define PACKAGE_NAME "gzip"
| #define PACKAGE_TARNAME "gzip"
| #define PACKAGE_VERSION "1.14"
| #define PACKAGE_STRING "gzip 1.14"
| #define PACKAGE_BUGREPORT "bug-gzip@gnu.org"
| #define PACKAGE_URL ""
| #define PACKAGE "gzip"
| #define VERSION "1.14"
| /* end confdefs.h.  */
| 
| /* Does the compiler advertise conformance to C17 or earlier?
|    Although GCC 14 does not do that, even with -std=gnu23,
|    it is close enough, and defines __STDC_VERSION == 202000L.  */
| #if !defined __STDC_VERSION__ || __STDC_VERSION__ <= 201710L
| # error "Compiler advertises conformance to C17 or earlier"
| #endif
| 
| // Check alignas.
| char alignas (double) c23_aligned_as_double;
| char alignas (0) c23_no_special_alignment;
| extern char c23_aligned_as_int;
| char alignas (0) alignas (int) c23_aligned_as_int;
| 
| // Check alignof.
| enum
| {
|   c23_int_alignment = alignof (int),
|   c23_int_array_alignment = alignof (int[100]),
|   c23_char_alignment = alignof (char)
| };
| static_assert (0 < -alignof (int), "alignof is signed");
| 
| int function_with_unnamed_parameter (int) { return 0; }
| 
| void c23_noreturn ();
| 
| /* Test parsing of string and char UTF-8 literals (including hex escapes).
|    The parens pacify GCC 15.  */
| bool use_u8 = (!sizeof u8"\xFF") == (!u8'x');
| 
| bool check_that_bool_works = true | false | !nullptr;
| #if !true
| # error "true does not work in #if"
| #endif
| #if false
| #elifdef __STDC_VERSION__
| #else
| # error "#elifdef does not work"
| #endif
| 
| #ifndef __has_c_attribute
| # error "__has_c_attribute not defined"
| #endif
| 
| #ifndef __has_include
| # error "__has_include not defined"
| #endif
| 
| #define LPAREN() (
| #define FORTY_TWO(x) 42
| #define VA_OPT_TEST(r, x, ...) __VA_OPT__ (FORTY_TWO r x))
| static_assert (VA_OPT_TEST (LPAREN (), 0, <:-) == 42);
| 
| static_assert (0b101010 == 42);
| static_assert (0B101010 == 42);
| static_assert (0xDEAD'BEEF == 3'735'928'559);
| static_assert (0.500'000'000 == 0.5);
| 
| enum unsignedish : unsigned int { uione = 1 };
| static_assert (0 < -uione);
| 
| #include <stddef.h>
| constexpr nullptr_t null_pointer = nullptr;
| 
| static typeof (1 + 1L) two () { return 2; }
| static long int three () { return 3; }
| 
| 
| int
| main (int, char **)
| {
|   int ok = 0;
|   
|   {
|     label_before_declaration:
|       int arr[10] = {};
|       if (arr[0])
|         goto label_before_declaration;
|       if (!arr[0])
|         goto label_at_end_of_block;
|     label_at_end_of_block:
|   }
|   ok |= !null_pointer;
|   ok |= two != three;
| 
|   return ok;
| }
| 
configure:6262: gcc -std=gnu23 -c -g -O2  conftest.c >&5
conftest.c:74:11: error: unknown type name 'nullptr_t'
   74 | constexpr nullptr_t null_pointer = nullptr;
      |           ^~~~~~~~~
conftest.c:74:36: error: incompatible types when initializing type 'int' using type 'typeof (nullptr)'
   74 | constexpr nullptr_t null_pointer = nullptr;
      |                                    ^~~~~~~
configure:6262: $? = 1
configure: failed program was:
| /* confdefs.h */
| #define PACKAGE_NAME "gzip"
| #define PACKAGE_TARNAME "gzip"
| #define PACKAGE_VERSION "1.14"
| #define PACKAGE_STRING "gzip 1.14"
| #define PACKAGE_BUGREPORT "bug-gzip@gnu.org"
| #define PACKAGE_URL ""
| #define PACKAGE "gzip"
| #define VERSION "1.14"
| /* end confdefs.h.  */
| 
| /* Does the compiler advertise conformance to C17 or earlier?
|    Although GCC 14 does not do that, even with -std=gnu23,
|    it is close enough, and defines __STDC_VERSION == 202000L.  */
| #if !defined __STDC_VERSION__ || __STDC_VERSION__ <= 201710L
| # error "Compiler advertises conformance to C17 or earlier"
| #endif
| 
| // Check alignas.
| char alignas (double) c23_aligned_as_double;
| char alignas (0) c23_no_special_alignment;
| extern char c23_aligned_as_int;
| char alignas (0) alignas (int) c23_aligned_as_int;
| 
| // Check alignof.
| enum
| {
|   c23_int_alignment = alignof (int),
|   c23_int_array_alignment = alignof (int[100]),
|   c23_char_alignment = alignof (char)
| };
| static_assert (0 < -alignof (int), "alignof is signed");
| 
| int function_with_unnamed_parameter (int) { return 0; }
| 
| void c23_noreturn ();
| 
| /* Test parsing of string and char UTF-8 literals (including hex escapes).
|    The parens pacify GCC 15.  */
| bool use_u8 = (!sizeof u8"\xFF") == (!u8'x');
| 
| bool check_that_bool_works = true | false | !nullptr;
| #if !true
| # error "true does not work in #if"
| #endif
| #if false
| #elifdef __STDC_VERSION__
| #else
| # error "#elifdef does not work"
| #endif
| 
| #ifndef __has_c_attribute
| # error "__has_c_attribute not defined"
| #endif
| 
| #ifndef __has_include
| # error "__has_include not defined"
| #endif
| 
| #define LPAREN() (
| #define FORTY_TWO(x) 42
| #define VA_OPT_TEST(r, x, ...) __VA_OPT__ (FORTY_TWO r x))
| static_assert (VA_OPT_TEST (LPAREN (), 0, <:-) == 42);
| 
| static_assert (0b101010 == 42);
| static_assert (0B101010 == 42);
| static_assert (0xDEAD'BEEF == 3'735'928'559);
| static_assert (0.500'000'000 == 0.5);
| 
| enum unsignedish : unsigned int { uione = 1 };
| static_assert (0 < -uione);
| 
| #include <stddef.h>
| constexpr nullptr_t null_pointer = nullptr;
| 
| static typeof (1 + 1L) two () { return 2; }
| static long int three () { return 3; }
| 
| 
| int
| main (int, char **)
| {
|   int ok = 0;
|   
|   {
|     label_before_declaration:
|       int arr[10] = {};
|       if (arr[0])
|         goto label_before_declaration;
|       if (!arr[0])
|         goto label_at_end_of_block;
|     label_at_end_of_block:
|   }
|   ok |= !null_pointer;
|   ok |= two != three;
| 
|   return ok;
| }
| 
configure:6276: result: unsupported
configure:6296: checking for gcc option to enable C11 features
configure:6311: gcc  -c -g -O2  conftest.c >&5
configure:6311: $? = 0
configure:6330: result: none needed
configure:6454: checking whether gcc understands -c and -o together
configure:6477: gcc -c conftest.c -o conftest2.o
configure:6480: $? = 0
configure:6477: gcc -c conftest.c -o conftest2.o
configure:6480: $? = 0
configure:6496: result: yes
configure:6514: checking whether the compiler is clang
configure:6536: gcc -c -g -O2  conftest.c >&5
configure:6536: $? = 0
configure:6547: result: no
configure:6551: checking for compiler option needed when checking for declarations
configure:6586: result: none
configure:6598: checking whether make supports the include directive
configure:6613: make -f confmf.GNU && cat confinc.out
this is the am__doit target
configure:6616: $? = 0
configure:6635: result: yes (GNU style)
configure:6661: checking dependency style of gcc
configure:6774: result: gcc3
configure:6795: checking how to run the C preprocessor
configure:6821: gcc -E  conftest.c
configure:6821: $? = 0
configure:6837: gcc -E  conftest.c
conftest.c:11:10: fatal error: ac_nonexistent.h: No such file or directory
   11 | #include <ac_nonexistent.h>
      |          ^~~~~~~~~~~~~~~~~~
compilation terminated.
configure:6837: $? = 1
configure: failed program was:
| /* confdefs.h */
| #define PACKAGE_NAME "gzip"
| #define PACKAGE_TARNAME "gzip"
| #define PACKAGE_VERSION "1.14"
| #define PACKAGE_STRING "gzip 1.14"
| #define PACKAGE_BUGREPORT "bug-gzip@gnu.org"
| #define PACKAGE_URL ""
| #define PACKAGE "gzip"
| #define VERSION "1.14"
| /* end confdefs.h.  */
| #include <ac_nonexistent.h>
configure:6866: result: gcc -E
configure:6880: gcc -E  conftest.c
configure:6880: $? = 0
configure:6896: gcc -E  conftest.c
conftest.c:11:10: fatal error: ac_nonexistent.h: No such file or directory
   11 | #include <ac_nonexistent.h>
      |          ^~~~~~~~~~~~~~~~~~
compilation terminated.
configure:6896: $? = 1
configure: failed program was:
| /* confdefs.h */
| #define PACKAGE_NAME "gzip"
| #define PACKAGE_TARNAME "gzip"
| #define PACKAGE_VERSION "1.14"
| #define PACKAGE_STRING "gzip 1.14"
| #define PACKAGE_BUGREPORT "bug-gzip@gnu.org"
| #define PACKAGE_URL ""
| #define PACKAGE "gzip"
| #define VERSION "1.14"
| /* end confdefs.h.  */
| #include <ac_nonexistent.h>
configure:6928: checking for grep that handles long lines and -e
configure:6994: result: /bin/grep
configure:7001: checking for less
configure:7022: found /usr/bin/less
configure:7034: result: less
configure:7052: checking for more
configure:7073: found /bin/more
configure:7085: result: more
configure:7150: checking for nm
configure:7171: found /usr/bin/nm
configure:7183: result: nm
configure:7205: checking whether ln -s works
configure:7209: result: yes
configure:7265: checking for ranlib
configure:7286: found /usr/bin/ranlib
configure:7298: result: ranlib
configure:7320: checking for a POSIX-compliant shell
configure:7390: result: /bin/sh
configure:7409: checking for stdio.h
configure:7409: gcc -c -g -O2  conftest.c >&5
configure:7409: $? = 0
configure:7409: result: yes
configure:7409: checking for stdlib.h
configure:7409: gcc -c -g -O2  conftest.c >&5
configure:7409: $? = 0
configure:7409: result: yes
configure:7409: checking for string.h
configure:7409: gcc -c -g -O2  conftest.c >&5
configure:7409: $? = 0
configure:7409: result: yes
configure:7409: checking for inttypes.h
configure:7409: gcc -c -g -O2  conftest.c >&5
configure:7409: $? = 0
configure:7409: result: yes
configure:7409: checking for stdint.h
configure:7409: gcc -c -g -O2  conftest.c >&5
configure:7409: $? = 0
configure:7409: result: yes
configure:7409: checking for strings.h
configure:7409: gcc -c -g -O2  conftest.c >&5
configure:7409: $? = 0
configure:7409: result: yes
configure:7409: checking for sys/stat.h
configure:7409: gcc -c -g -O2  conftest.c >&5
configure:7409: $? = 0
configure:7409: result: yes
configure:7409: checking for sys/types.h
configure:7409: gcc -c -g -O2  conftest.c >&5
configure:7409: $? = 0
configure:7409: result: yes
configure:7409: checking for unistd.h
configure:7409: gcc -c -g -O2  conftest.c >&5
configure:7409: $? = 0
configure:7409: result: yes
configure:7409: checking for wchar.h
configure:7409: gcc -c -g -O2  conftest.c >&5
configure:7409: $? = 0
configure:7409: result: yes
configure:7409: checking for minix/config.h
configure:7409: gcc -c -g -O2  conftest.c >&5
conftest.c:49:10: fatal error: minix/config.h: No such file or directory
   49 | #include <minix/config.h>
      |          ^~~~~~~~~~~~~~~~
compilation terminated.
configure:7409: $? = 1
configure: failed program was:
| /* confdefs.h */
| #define PACKAGE_NAME "gzip"
| #define PACKAGE_TARNAME "gzip"
| #define PACKAGE_VERSION "1.14"
| #define PACKAGE_STRING "gzip 1.14"
| #define PACKAGE_BUGREPORT "bug-gzip@gnu.org"
| #define PACKAGE_URL ""
| #define PACKAGE "gzip"
| #define VERSION "1.14"
| #define HAVE_STDIO_H 1
| #define HAVE_STDLIB_H 1
| #define HAVE_STRING_H 1
| #define HAVE_INTTYPES_H 1
| #define HAVE_STDINT_H 1
| #define HAVE_STRINGS_H 1
| #define HAVE_SYS_STAT_H 1
| #define HAVE_SYS_TYPES_H 1
| #define HAVE_UNISTD_H 1
| #define HAVE_WCHAR_H 1
| /* end confdefs.h.  */
| #include <stddef.h>
| #ifdef HAVE_STDIO_H
| # include <stdio.h>
| #endif
| #ifdef HAVE_STDLIB_H
| # include <stdlib.h>
| #endif
| #ifdef HAVE_STRING_H
| # include <string.h>
| #endif
| #ifdef HAVE_INTTYPES_H
| # include <inttypes.h>
| #endif
| #ifdef HAVE_STDINT_H
| # include <stdint.h>
| #endif
| #ifdef HAVE_STRINGS_H
| # include <strings.h>
| #endif
| #ifdef HAVE_SYS_TYPES_H
| # include <sys/types.h>
| #endif
| #ifdef HAVE_SYS_STAT_H
| # include <sys/stat.h>
| #endif
| #ifdef HAVE_UNISTD_H
| # include <unistd.h>
| #endif
| #include <minix/config.h>
configure:7409: result: no
configure:7409: checking for stdbool.h
configure:7409: gcc -c -g -O2  conftest.c >&5
configure:7409: $? = 0
configure:7409: result: yes
configure:7409: checking for byteswap.h
configure:7409: gcc -c -g -O2  conftest.c >&5
configure:7409: $? = 0
configure:7409: result: yes
configure:7409: checking for sys/param.h
configure:7409: gcc -c -g -O2  conftest.c >&5
configure:7409: $? = 0
configure:7409: result: yes
configure:7409: checking for sys/socket.h
configure:7409: gcc -c -g -O2  conftest.c >&5
configure:7409: $? = 0
configure:7409: result: yes
configure:7409: checking for dirent.h
configure:7409: gcc -c -g -O2  conftest.c >&5
configure:7409: $? = 0
configure:7409: result: yes
configure:7409: checking for endian.h
configure:7409: gcc -c -g -O2  conftest.c >&5
configure:7409: $? = 0
configure:7409: result: yes
configure:7409: checking for sys/endian.h
configure:7409: gcc -c -g -O2  conftest.c >&5
conftest.c:55:10: fatal error: sys/endian.h: No such file or directory
   55 | #include <sys/endian.h>
      |          ^~~~~~~~~~~~~~
compilation terminated.
configure:7409: $? = 1
configure: failed program was:
| /* confdefs.h */
| #define PACKAGE_NAME "gzip"
| #define PACKAGE_TARNAME "gzip"
| #define PACKAGE_VERSION "1.14"
| #define PACKAGE_STRING "gzip 1.14"
| #define PACKAGE_BUGREPORT "bug-gzip@gnu.org"
| #define PACKAGE_URL ""
| #define PACKAGE "gzip"
| #define VERSION "1.14"
| #define HAVE_STDIO_H 1
| #define HAVE_STDLIB_H 1
| #define HAVE_STRING_H 1
| #define HAVE_INTTYPES_H 1
| #define HAVE_STDINT_H 1
| #define HAVE_STRINGS_H 1
| #define HAVE_SYS_STAT_H 1
| #define HAVE_SYS_TYPES_H 1
| #define HAVE_UNISTD_H 1
| #define HAVE_WCHAR_H 1
| #define HAVE_STDBOOL_H 1
| #define HAVE_BYTESWAP_H 1
| #define HAVE_SYS_PARAM_H 1
| #define HAVE_SYS_SOCKET_H 1
| #define HAVE_DIRENT_H 1
| #define HAVE_ENDIAN_H 1
| /* end confdefs.h.  */
| #include <stddef.h>
| #ifdef HAVE_STDIO_H
| # include <stdio.h>
| #endif
| #ifdef HAVE_STDLIB_H
| # include <stdlib.h>
| #endif
| #ifdef HAVE_STRING_H
| # include <string.h>
| #endif
| #ifdef HAVE_INTTYPES_H
| # include <inttypes.h>
| #endif
| #ifdef HAVE_STDINT_H
| # include <stdint.h>
| #endif
| #ifdef HAVE_STRINGS_H
| # include <strings.h>
| #endif
| #ifdef HAVE_SYS_TYPES_H
| # include <sys/types.h>
| #endif
| #ifdef HAVE_SYS_STAT_H
| # include <sys/stat.h>
| #endif
| #ifdef HAVE_UNISTD_H
| # include <unistd.h>
| #endif
| #include <sys/endian.h>
configure:7409: result: no
configure:7409: checking for error.h
configure:7409: gcc -c -g -O2  conftest.c >&5
conftest.c:55:10: fatal error: error.h: No such file or directory
   55 | #include <error.h>
      |          ^~~~~~~~~
compilation terminated.
configure:7409: $? = 1
configure: failed program was:
| /* confdefs.h */
| #define PACKAGE_NAME "gzip"
| #define PACKAGE_TARNAME "gzip"
| #define PACKAGE_VERSION "1.14"
| #define PACKAGE_STRING "gzip 1.14"
| #define PACKAGE_BUGREPORT "bug-gzip@gnu.org"
| #define PACKAGE_URL ""
| #define PACKAGE "gzip"
| #define VERSION "1.14"
| #define HAVE_STDIO_H 1
| #define HAVE_STDLIB_H 1
| #define HAVE_STRING_H 1
| #define HAVE_INTTYPES_H 1
| #define HAVE_STDINT_H 1
| #define HAVE_STRINGS_H 1
| #define HAVE_SYS_STAT_H 1
| #define HAVE_SYS_TYPES_H 1
| #define HAVE_UNISTD_H 1
| #define HAVE_WCHAR_H 1
| #define HAVE_STDBOOL_H 1
| #define HAVE_BYTESWAP_H 1
| #define HAVE_SYS_PARAM_H 1
| #define HAVE_SYS_SOCKET_H 1
| #define HAVE_DIRENT_H 1
| #define HAVE_ENDIAN_H 1
| /* end confdefs.h.  */
| #include <stddef.h>
| #ifdef HAVE_STDIO_H
| # include <stdio.h>
| #endif
| #ifdef HAVE_STDLIB_H
| # include <stdlib.h>
| #endif
| #ifdef HAVE_STRING_H
| # include <string.h>
| #endif
| #ifdef HAVE_INTTYPES_H
| # include <inttypes.h>
| #endif
| #ifdef HAVE_STDINT_H
| # include <stdint.h>
| #endif
| #ifdef HAVE_STRINGS_H
| # include <strings.h>
| #endif
| #ifdef HAVE_SYS_TYPES_H
| # include <sys/types.h>
| #endif
| #ifdef HAVE_SYS_STAT_H
| # include <sys/stat.h>
| #endif
| #ifdef HAVE_UNISTD_H
| # include <unistd.h>
| #endif
| #include <error.h>
configure:7409: result: no
configure:7409: checking for features.h
configure:7409: gcc -c -g -O2  conftest.c >&5
configure:7409: $? = 0
configure:7409: result: yes
configure:7409: checking for stdio_ext.h
configure:7409: gcc -c -g -O2  conftest.c >&5
configure:7409: $? = 0
configure:7409: result: yes
configure:7409: checking for getopt.h
configure:7409: gcc -c -g -O2  conftest.c >&5
configure:7409: $? = 0
configure:7409: result: yes
configure:7409: checking for sys/time.h
configure:7409: gcc -c -g -O2  conftest.c >&5
configure:7409: $? = 0
configure:7409: result: yes
configure:7409: checking for limits.h
configure:7409: gcc -c -g -O2  conftest.c >&5
configure:7409: $? = 0
configure:7409: result: yes
configure:7409: checking for math.h
configure:7409: gcc -c -g -O2  conftest.c >&5
configure:7409: $? = 0
configure:7409: result: yes
configure:7409: checking for sys/mman.h
configure:7409: gcc -c -g -O2  conftest.c >&5
configure:7409: $? = 0
configure:7409: result: yes
configure:7409: checking for stdckdint.h
configure:7409: gcc -c -g -O2  conftest.c >&5
configure:7409: $? = 0
configure:7409: result: yes
configure:7409: checking for utime.h
configure:7409: gcc -c -g -O2  conftest.c >&5
configure:7409: $? = 0
configure:7409: result: yes
configure:7409: checking for crtdefs.h
configure:7409: gcc -c -g -O2  conftest.c >&5
conftest.c:64:10: fatal error: crtdefs.h: No such file or directory
   64 | #include <crtdefs.h>
      |          ^~~~~~~~~~~
compilation terminated.
configure:7409: $? = 1
configure: failed program was:
| /* confdefs.h */
| #define PACKAGE_NAME "gzip"
| #define PACKAGE_TARNAME "gzip"
| #define PACKAGE_VERSION "1.14"
| #define PACKAGE_STRING "gzip 1.14"
| #define PACKAGE_BUGREPORT "bug-gzip@gnu.org"
| #define PACKAGE_URL ""
| #define PACKAGE "gzip"
| #define VERSION "1.14"
| #define HAVE_STDIO_H 1
| #define HAVE_STDLIB_H 1
| #define HAVE_STRING_H 1
| #define HAVE_INTTYPES_H 1
| #define HAVE_STDINT_H 1
| #define HAVE_STRINGS_H 1
| #define HAVE_SYS_STAT_H 1
| #define HAVE_SYS_TYPES_H 1
| #define HAVE_UNISTD_H 1
| #define HAVE_WCHAR_H 1
| #define HAVE_STDBOOL_H 1
| #define HAVE_BYTESWAP_H 1
| #define HAVE_SYS_PARAM_H 1
| #define HAVE_SYS_SOCKET_H 1
| #define HAVE_DIRENT_H 1
| #define HAVE_ENDIAN_H 1
| #define HAVE_FEATURES_H 1
| #define HAVE_STDIO_EXT_H 1
| #define HAVE_GETOPT_H 1
| #define HAVE_SYS_TIME_H 1
| #define HAVE_LIMITS_H 1
| #define HAVE_MATH_H 1
| #define HAVE_SYS_MMAN_H 1
| #define HAVE_STDCKDINT_H 1
| #define HAVE_UTIME_H 1
| /* end confdefs.h.  */
| #include <stddef.h>
| #ifdef HAVE_STDIO_H
| # include <stdio.h>
| #endif
| #ifdef HAVE_STDLIB_H
| # include <stdlib.h>
| #endif
| #ifdef HAVE_STRING_H
| # include <string.h>
| #endif
| #ifdef HAVE_INTTYPES_H
| # include <inttypes.h>
| #endif
| #ifdef HAVE_STDINT_H
| # include <stdint.h>
| #endif
| #ifdef HAVE_STRINGS_H
| # include <strings.h>
| #endif
| #ifdef HAVE_SYS_TYPES_H
| # include <sys/types.h>
| #endif
| #ifdef HAVE_SYS_STAT_H
| # include <sys/stat.h>
| #endif
| #ifdef HAVE_UNISTD_H
| # include <unistd.h>
| #endif
| #include <crtdefs.h>
configure:7409: result: no
configure:7409: checking for fcntl.h
configure:7409: gcc -c -g -O2  conftest.c >&5
configure:7409: $? = 0
configure:7409: result: yes
configure:7409: checking for memory.h
configure:7409: gcc -c -g -O2  conftest.c >&5
configure:7409: $? = 0
configure:7409: result: yes
configure:7409: checking for time.h
configure:7409: gcc -c -g -O2  conftest.c >&5
configure:7409: $? = 0
configure:7409: result: yes
configure:7409: checking for sys/sdt.h
configure:7409: gcc -c -g -O2  conftest.c >&5
conftest.c:67:10: fatal error: sys/sdt.h: No such file or directory
   67 | #include <sys/sdt.h>
      |          ^~~~~~~~~~~
compilation terminated.
configure:7409: $? = 1
configure: failed program was:
| /* confdefs.h */
| #define PACKAGE_NAME "gzip"
| #define PACKAGE_TARNAME "gzip"
| #define PACKAGE_VERSION "1.14"
| #define PACKAGE_STRING "gzip 1.14"
| #define PACKAGE_BUGREPORT "bug-gzip@gnu.org"
| #define PACKAGE_URL ""
| #define PACKAGE "gzip"
| #define VERSION "1.14"
| #define HAVE_STDIO_H 1
| #define HAVE_STDLIB_H 1
| #define HAVE_STRING_H 1
| #define HAVE_INTTYPES_H 1
| #define HAVE_STDINT_H 1
| #define HAVE_STRINGS_H 1
| #define HAVE_SYS_STAT_H 1
| #define HAVE_SYS_TYPES_H 1
| #define HAVE_UNISTD_H 1
| #define HAVE_WCHAR_H 1
| #define HAVE_STDBOOL_H 1
| #define HAVE_BYTESWAP_H 1
| #define HAVE_SYS_PARAM_H 1
| #define HAVE_SYS_SOCKET_H 1
| #define HAVE_DIRENT_H 1
| #define HAVE_ENDIAN_H 1
| #define HAVE_FEATURES_H 1
| #define HAVE_STDIO_EXT_H 1
| #define HAVE_GETOPT_H 1
| #define HAVE_SYS_TIME_H 1
| #define HAVE_LIMITS_H 1
| #define HAVE_MATH_H 1
| #define HAVE_SYS_MMAN_H 1
| #define HAVE_STDCKDINT_H 1
| #define HAVE_UTIME_H 1
| #define HAVE_FCNTL_H 1
| #define HAVE_MEMORY_H 1
| #define HAVE_TIME_H 1
| /* end confdefs.h.  */
| #include <stddef.h>
| #ifdef HAVE_STDIO_H
| # include <stdio.h>
| #endif
| #ifdef HAVE_STDLIB_H
| # include <stdlib.h>
| #endif
| #ifdef HAVE_STRING_H
| # include <string.h>
| #endif
| #ifdef HAVE_INTTYPES_H
| # include <inttypes.h>
| #endif
| #ifdef HAVE_STDINT_H
| # include <stdint.h>
| #endif
| #ifdef HAVE_STRINGS_H
| # include <strings.h>
| #endif
| #ifdef HAVE_SYS_TYPES_H
| # include <sys/types.h>
| #endif
| #ifdef HAVE_SYS_STAT_H
| # include <sys/stat.h>
| #endif
| #ifdef HAVE_UNISTD_H
| # include <unistd.h>
| #endif
| #include <sys/sdt.h>
configure:7409: result: no
configure:7440: checking whether it is safe to define __EXTENSIONS__
configure:7459: gcc -c -g -O2  conftest.c >&5
configure:7459: $? = 0
configure:7469: result: yes
configure:7472: checking whether _XOPEN_SOURCE should be defined
configure:7494: gcc -c -g -O2  conftest.c >&5
configure:7494: $? = 0
configure:7523: result: no
configure:7590: checking build system type
configure:7606: result: x86_64-pc-linux-musl
configure:7626: checking host system type
configure:7641: result: x86_64-pc-linux-musl
configure:7676: checking for egrep -e
configure:7806: result: /bin/grep -E
configure:7813: checking for Minix Amsterdam compiler
configure:7841: result: no
configure:7904: checking for ar
configure:7925: found /usr/bin/ar
configure:7937: result: ar
configure:8120: checking for gcc option to support large files
configure:8155: gcc -c -g -O2  conftest.c >&5
configure:8155: $? = 0
configure:8161: gcc -c -g -O2  -DFTYPE=ino_t conftest.c >&5
configure:8161: $? = 0
configure:8198: result: none needed
configure:8223: checking for gcc option to support timestamps after 2038
configure:8255: gcc -c -g -O2  conftest.c >&5
configure:8255: $? = 0
configure:8267: result: none needed
configure:8569: checking for size_t
configure:8569: gcc -c -g -O2  conftest.c >&5
configure:8569: $? = 0
configure:8569: gcc -c -g -O2  conftest.c >&5
conftest.c: In function 'main':
conftest.c:91:21: error: expected expression before ')' token
   91 | if (sizeof ((size_t)))
      |                     ^
configure:8569: $? = 1
configure: failed program was:
| /* confdefs.h */
| #define PACKAGE_NAME "gzip"
| #define PACKAGE_TARNAME "gzip"
| #define PACKAGE_VERSION "1.14"
| #define PACKAGE_STRING "gzip 1.14"
| #define PACKAGE_BUGREPORT "bug-gzip@gnu.org"
| #define PACKAGE_URL ""
| #define PACKAGE "gzip"
| #define VERSION "1.14"
| #define HAVE_STDIO_H 1
| #define HAVE_STDLIB_H 1
| #define HAVE_STRING_H 1
| #define HAVE_INTTYPES_H 1
| #define HAVE_STDINT_H 1
| #define HAVE_STRINGS_H 1
| #define HAVE_SYS_STAT_H 1
| #define HAVE_SYS_TYPES_H 1
| #define HAVE_UNISTD_H 1
| #define HAVE_WCHAR_H 1
| #define HAVE_STDBOOL_H 1
| #define HAVE_BYTESWAP_H 1
| #define HAVE_SYS_PARAM_H 1
| #define HAVE_SYS_SOCKET_H 1
| #define HAVE_DIRENT_H 1
| #define HAVE_ENDIAN_H 1
| #define HAVE_FEATURES_H 1
| #define HAVE_STDIO_EXT_H 1
| #define HAVE_GETOPT_H 1
| #define HAVE_SYS_TIME_H 1
| #define HAVE_LIMITS_H 1
| #define HAVE_MATH_H 1
| #define HAVE_SYS_MMAN_H 1
| #define HAVE_STDCKDINT_H 1
| #define HAVE_UTIME_H 1
| #define HAVE_FCNTL_H 1
| #define HAVE_MEMORY_H 1
| #define HAVE_TIME_H 1
| #define STDC_HEADERS 1
| #define _ALL_SOURCE 1
| #define _COSMO_SOURCE 1
| #define _DARWIN_C_SOURCE 1
| #define _GNU_SOURCE 1
| #define _HPUX_ALT_XOPEN_SOCKET_API 1
| #define _NETBSD_SOURCE 1
| #define _OPENBSD_SOURCE 1
| #define _POSIX_PTHREAD_SEMANTICS 1
| #define __STDC_WANT_IEC_60559_ATTRIBS_EXT__ 1
| #define __STDC_WANT_IEC_60559_BFP_EXT__ 1
| #define __STDC_WANT_IEC_60559_DFP_EXT__ 1
| #define __STDC_WANT_IEC_60559_EXT__ 1
| #define __STDC_WANT_IEC_60559_FUNCS_EXT__ 1
| #define __STDC_WANT_IEC_60559_TYPES_EXT__ 1
| #define __STDC_WANT_LIB_EXT2__ 1
| #define __STDC_WANT_MATH_SPEC_FUNCS__ 1
| #define _TANDEM_SOURCE 1
| #define __EXTENSIONS__ 1
| #define _LINUX_SOURCE_COMPAT 1
| #define __USE_MINGW_ANSI_STDIO 1
| /* end confdefs.h.  */
| #include <stddef.h>
| #ifdef HAVE_STDIO_H
| # include <stdio.h>
| #endif
| #ifdef HAVE_STDLIB_H
| # include <stdlib.h>
| #endif
| #ifdef HAVE_STRING_H
| # include <string.h>
| #endif
| #ifdef HAVE_INTTYPES_H
| # include <inttypes.h>
| #endif
| #ifdef HAVE_STDINT_H
| # include <stdint.h>
| #endif
| #ifdef HAVE_STRINGS_H
| # include <strings.h>
| #endif
| #ifdef HAVE_SYS_TYPES_H
| # include <sys/types.h>
| #endif
| #ifdef HAVE_SYS_STAT_H
| # include <sys/stat.h>
| #endif
| #ifdef HAVE_UNISTD_H
| # include <unistd.h>
| #endif
| int
| main (void)
| {
| if (sizeof ((size_t)))
| 	    return 0;
|   ;
|   return 0;
| }
configure:8569: result: yes
configure:8582: checking for working alloca.h
configure:8600: gcc -o conftest -g -O2   conftest.c  >&5
configure:8600: $? = 0
configure:8611: result: yes
configure:8619: checking for alloca
configure:8664: result: yes
configure:8739: checking whether the preprocessor supports include_next
configure:8778: gcc -c -g -O2  -Iconftestd1b -Iconftestd2 conftest.c >&5
configure:8778: $? = 0
configure:8804: result: yes
configure:8826: checking whether source code line length is unlimited
configure:8853: result: yes
configure:8957: checking whether malloc is ptrdiff_t safe
configure:8994: gcc -c -g -O2  conftest.c >&5
configure:8994: $? = 0
configure:9005: result: yes
configure:9023: checking whether malloc, realloc, calloc set errno on failure
configure:9066: result: yes
configure:9754: checking for _set_invalid_parameter_handler
configure:9754: gcc -o conftest -g -O2   conftest.c  >&5
/usr/lib/gcc/x86_64-alpine-linux-musl/15.2.0/../../../../x86_64-alpine-linux-musl/bin/ld: /tmp/ccmAcbdL.o: in function `main':
/home/sonakrie/Work/testicular_linux/gzip/conftest.c:91:(.text.startup+0x5): undefined reference to `_set_invalid_parameter_handler'
collect2: error: ld returned 1 exit status
configure:9754: $? = 1
configure: failed program was:
| /* confdefs.h */
| #define PACKAGE_NAME "gzip"
| #define PACKAGE_TARNAME "gzip"
| #define PACKAGE_VERSION "1.14"
| #define PACKAGE_STRING "gzip 1.14"
| #define PACKAGE_BUGREPORT "bug-gzip@gnu.org"
| #define PACKAGE_URL ""
| #define PACKAGE "gzip"
| #define VERSION "1.14"
| #define HAVE_STDIO_H 1
| #define HAVE_STDLIB_H 1
| #define HAVE_STRING_H 1
| #define HAVE_INTTYPES_H 1
| #define HAVE_STDINT_H 1
| #define HAVE_STRINGS_H 1
| #define HAVE_SYS_STAT_H 1
| #define HAVE_SYS_TYPES_H 1
| #define HAVE_UNISTD_H 1
| #define HAVE_WCHAR_H 1
| #define HAVE_STDBOOL_H 1
| #define HAVE_BYTESWAP_H 1
| #define HAVE_SYS_PARAM_H 1
| #define HAVE_SYS_SOCKET_H 1
| #define HAVE_DIRENT_H 1
| #define HAVE_ENDIAN_H 1
| #define HAVE_FEATURES_H 1
| #define HAVE_STDIO_EXT_H 1
| #define HAVE_GETOPT_H 1
| #define HAVE_SYS_TIME_H 1
| #define HAVE_LIMITS_H 1
| #define HAVE_MATH_H 1
| #define HAVE_SYS_MMAN_H 1
| #define HAVE_STDCKDINT_H 1
| #define HAVE_UTIME_H 1
| #define HAVE_FCNTL_H 1
| #define HAVE_MEMORY_H 1
| #define HAVE_TIME_H 1
| #define STDC_HEADERS 1
| #define _ALL_SOURCE 1
| #define _COSMO_SOURCE 1
| #define _DARWIN_C_SOURCE 1
| #define _GNU_SOURCE 1
| #define _HPUX_ALT_XOPEN_SOCKET_API 1
| #define _NETBSD_SOURCE 1
| #define _OPENBSD_SOURCE 1
| #define _POSIX_PTHREAD_SEMANTICS 1
| #define __STDC_WANT_IEC_60559_ATTRIBS_EXT__ 1
| #define __STDC_WANT_IEC_60559_BFP_EXT__ 1
| #define __STDC_WANT_IEC_60559_DFP_EXT__ 1
| #define __STDC_WANT_IEC_60559_EXT__ 1
| #define __STDC_WANT_IEC_60559_FUNCS_EXT__ 1
| #define __STDC_WANT_IEC_60559_TYPES_EXT__ 1
| #define __STDC_WANT_LIB_EXT2__ 1
| #define __STDC_WANT_MATH_SPEC_FUNCS__ 1
| #define _TANDEM_SOURCE 1
| #define __EXTENSIONS__ 1
| #define _LINUX_SOURCE_COMPAT 1
| #define __USE_MINGW_ANSI_STDIO 1
| #define HAVE_ALLOCA_H 1
| #define HAVE_ALLOCA 1
| #define HAVE_MALLOC_PTRDIFF 1
| #define HAVE_MALLOC_POSIX 1
| /* end confdefs.h.  */
| /* Define _set_invalid_parameter_handler to an innocuous variant, in case <limits.h> declares _set_invalid_parameter_handler.
|    For example, HP-UX 11i <limits.h> declares gettimeofday.  */
| #define _set_invalid_parameter_handler innocuous__set_invalid_parameter_handler
| 
| /* System header to define __stub macros and hopefully few prototypes,
|    which can conflict with char _set_invalid_parameter_handler (void); below.  */
| 
| #include <limits.h>
| #undef _set_invalid_parameter_handler
| 
| /* Override any GCC internal prototype to avoid an error.
|    Use char because int might match the return type of a GCC
|    builtin and then its argument prototype would still apply.  */
| #ifdef __cplusplus
| extern "C"
| #endif
| char _set_invalid_parameter_handler (void);
| /* The GNU C library defines this for functions which it implements
|     to always fail with ENOSYS.  Some functions are actually named
|     something starting with __ and the normal name is an alias.  */
| #if defined __stub__set_invalid_parameter_handler || defined __stub____set_invalid_parameter_handler
| choke me
| #endif
| 
| int
| main (void)
| {
| return _set_invalid_parameter_handler ();
|   ;
|   return 0;
| }
configure:9754: result: no
configure:9754: checking for fchdir
configure:9754: gcc -o conftest -g -O2   conftest.c  >&5
configure:9754: $? = 0
configure:9754: result: yes
configure:9754: checking for fcntl
configure:9754: gcc -o conftest -g -O2   conftest.c  >&5
configure:9754: $? = 0
configure:9754: result: yes
configure:9754: checking for symlink
configure:9754: gcc -o conftest -g -O2   conftest.c  >&5
configure:9754: $? = 0
configure:9754: result: yes
configure:9754: checking for fdopendir
configure:9754: gcc -o conftest -g -O2   conftest.c  >&5
configure:9754: $? = 0
configure:9754: result: yes
configure:9754: checking for snprintf
configure:9754: gcc -o conftest -g -O2   conftest.c  >&5
conftest.c:84:6: warning: conflicting types for built-in function 'snprintf'; expected 'int(char *, long unsigned int,  const char *, ...)' [-Wbuiltin-declaration-mismatch]
   84 | char snprintf (void);
      |      ^~~~~~~~
conftest.c:76:1: note: 'snprintf' is declared in header '<stdio.h>'
   75 | #include <limits.h>
   76 | #undef snprintf
configure:9754: $? = 0
configure:9754: result: yes
configure:9754: checking for vasnprintf
configure:9754: gcc -o conftest -g -O2   conftest.c  >&5
/usr/lib/gcc/x86_64-alpine-linux-musl/15.2.0/../../../../x86_64-alpine-linux-musl/bin/ld: /tmp/ccdNiMkc.o: in function `main':
/home/sonakrie/Work/testicular_linux/gzip/conftest.c:96:(.text.startup+0x5): undefined reference to `vasnprintf'
collect2: error: ld returned 1 exit status
configure:9754: $? = 1
configure: failed program was:
| /* confdefs.h */
| #define PACKAGE_NAME "gzip"
| #define PACKAGE_TARNAME "gzip"
| #define PACKAGE_VERSION "1.14"
| #define PACKAGE_STRING "gzip 1.14"
| #define PACKAGE_BUGREPORT "bug-gzip@gnu.org"
| #define PACKAGE_URL ""
| #define PACKAGE "gzip"
| #define VERSION "1.14"
| #define HAVE_STDIO_H 1
| #define HAVE_STDLIB_H 1
| #define HAVE_STRING_H 1
| #define HAVE_INTTYPES_H 1
| #define HAVE_STDINT_H 1
| #define HAVE_STRINGS_H 1
| #define HAVE_SYS_STAT_H 1
| #define HAVE_SYS_TYPES_H 1
| #define HAVE_UNISTD_H 1
| #define HAVE_WCHAR_H 1
| #define HAVE_STDBOOL_H 1
| #define HAVE_BYTESWAP_H 1
| #define HAVE_SYS_PARAM_H 1
| #define HAVE_SYS_SOCKET_H 1
| #define HAVE_DIRENT_H 1
| #define HAVE_ENDIAN_H 1
| #define HAVE_FEATURES_H 1
| #define HAVE_STDIO_EXT_H 1
| #define HAVE_GETOPT_H 1
| #define HAVE_SYS_TIME_H 1
| #define HAVE_LIMITS_H 1
| #define HAVE_MATH_H 1
| #define HAVE_SYS_MMAN_H 1
| #define HAVE_STDCKDINT_H 1
| #define HAVE_UTIME_H 1
| #define HAVE_FCNTL_H 1
| #define HAVE_MEMORY_H 1
| #define HAVE_TIME_H 1
| #define STDC_HEADERS 1
| #define _ALL_SOURCE 1
| #define _COSMO_SOURCE 1
| #define _DARWIN_C_SOURCE 1
| #define _GNU_SOURCE 1
| #define _HPUX_ALT_XOPEN_SOCKET_API 1
| #define _NETBSD_SOURCE 1
| #define _OPENBSD_SOURCE 1
| #define _POSIX_PTHREAD_SEMANTICS 1
| #define __STDC_WANT_IEC_60559_ATTRIBS_EXT__ 1
| #define __STDC_WANT_IEC_60559_BFP_EXT__ 1
| #define __STDC_WANT_IEC_60559_DFP_EXT__ 1
| #define __STDC_WANT_IEC_60559_EXT__ 1
| #define __STDC_WANT_IEC_60559_FUNCS_EXT__ 1
| #define __STDC_WANT_IEC_60559_TYPES_EXT__ 1
| #define __STDC_WANT_LIB_EXT2__ 1
| #define __STDC_WANT_MATH_SPEC_FUNCS__ 1
| #define _TANDEM_SOURCE 1
| #define __EXTENSIONS__ 1
| #define _LINUX_SOURCE_COMPAT 1
| #define __USE_MINGW_ANSI_STDIO 1
| #define HAVE_ALLOCA_H 1
| #define HAVE_ALLOCA 1
| #define HAVE_MALLOC_PTRDIFF 1
| #define HAVE_MALLOC_POSIX 1
| #define HAVE_FCHDIR 1
| #define HAVE_FCNTL 1
| #define HAVE_SYMLINK 1
| #define HAVE_FDOPENDIR 1
| #define HAVE_SNPRINTF 1
| /* end confdefs.h.  */
| /* Define vasnprintf to an innocuous variant, in case <limits.h> declares vasnprintf.
|    For example, HP-UX 11i <limits.h> declares gettimeofday.  */
| #define vasnprintf innocuous_vasnprintf
| 
| /* System header to define __stub macros and hopefully few prototypes,
|    which can conflict with char vasnprintf (void); below.  */
| 
| #include <limits.h>
| #undef vasnprintf
| 
| /* Override any GCC internal prototype to avoid an error.
|    Use char because int might match the return type of a GCC
|    builtin and then its argument prototype would still apply.  */
| #ifdef __cplusplus
| extern "C"
| #endif
| char vasnprintf (void);
| /* The GNU C library defines this for functions which it implements
|     to always fail with ENOSYS.  Some functions are actually named
|     something starting with __ and the normal name is an alias.  */
| #if defined __stub_vasnprintf || defined __stub___vasnprintf
| choke me
| #endif
| 
| int
| main (void)
| {
| return vasnprintf ();
|   ;
|   return 0;
| }
configure:9754: result: no
configure:9754: checking for fpurge
configure:9754: gcc -o conftest -g -O2   conftest.c  >&5
configure:9754: $? = 0
configure:9754: result: yes
configure:9754: checking for fsync
configure:9754: gcc -o conftest -g -O2   conftest.c  >&5
configure:9754: $? = 0
configure:9754: result: yes
configure:9754: checking for getdtablesize
configure:9754: gcc -o conftest -g -O2   conftest.c  >&5
configure:9754: $? = 0
configure:9754: result: yes
configure:9754: checking for getexecname
configure:9754: gcc -o conftest -g -O2   conftest.c  >&5
/usr/lib/gcc/x86_64-alpine-linux-musl/15.2.0/../../../../x86_64-alpine-linux-musl/bin/ld: /tmp/ccdagDfh.o: in function `main':
/home/sonakrie/Work/testicular_linux/gzip/conftest.c:99:(.text.startup+0x5): undefined reference to `getexecname'
collect2: error: ld returned 1 exit status
configure:9754: $? = 1
configure: failed program was:
| /* confdefs.h */
| #define PACKAGE_NAME "gzip"
| #define PACKAGE_TARNAME "gzip"
| #define PACKAGE_VERSION "1.14"
| #define PACKAGE_STRING "gzip 1.14"
| #define PACKAGE_BUGREPORT "bug-gzip@gnu.org"
| #define PACKAGE_URL ""
| #define PACKAGE "gzip"
| #define VERSION "1.14"
| #define HAVE_STDIO_H 1
| #define HAVE_STDLIB_H 1
| #define HAVE_STRING_H 1
| #define HAVE_INTTYPES_H 1
| #define HAVE_STDINT_H 1
| #define HAVE_STRINGS_H 1
| #define HAVE_SYS_STAT_H 1
| #define HAVE_SYS_TYPES_H 1
| #define HAVE_UNISTD_H 1
| #define HAVE_WCHAR_H 1
| #define HAVE_STDBOOL_H 1
| #define HAVE_BYTESWAP_H 1
| #define HAVE_SYS_PARAM_H 1
| #define HAVE_SYS_SOCKET_H 1
| #define HAVE_DIRENT_H 1
| #define HAVE_ENDIAN_H 1
| #define HAVE_FEATURES_H 1
| #define HAVE_STDIO_EXT_H 1
| #define HAVE_GETOPT_H 1
| #define HAVE_SYS_TIME_H 1
| #define HAVE_LIMITS_H 1
| #define HAVE_MATH_H 1
| #define HAVE_SYS_MMAN_H 1
| #define HAVE_STDCKDINT_H 1
| #define HAVE_UTIME_H 1
| #define HAVE_FCNTL_H 1
| #define HAVE_MEMORY_H 1
| #define HAVE_TIME_H 1
| #define STDC_HEADERS 1
| #define _ALL_SOURCE 1
| #define _COSMO_SOURCE 1
| #define _DARWIN_C_SOURCE 1
| #define _GNU_SOURCE 1
| #define _HPUX_ALT_XOPEN_SOCKET_API 1
| #define _NETBSD_SOURCE 1
| #define _OPENBSD_SOURCE 1
| #define _POSIX_PTHREAD_SEMANTICS 1
| #define __STDC_WANT_IEC_60559_ATTRIBS_EXT__ 1
| #define __STDC_WANT_IEC_60559_BFP_EXT__ 1
| #define __STDC_WANT_IEC_60559_DFP_EXT__ 1
| #define __STDC_WANT_IEC_60559_EXT__ 1
| #define __STDC_WANT_IEC_60559_FUNCS_EXT__ 1
| #define __STDC_WANT_IEC_60559_TYPES_EXT__ 1
| #define __STDC_WANT_LIB_EXT2__ 1
| #define __STDC_WANT_MATH_SPEC_FUNCS__ 1
| #define _TANDEM_SOURCE 1
| #define __EXTENSIONS__ 1
| #define _LINUX_SOURCE_COMPAT 1
| #define __USE_MINGW_ANSI_STDIO 1
| #define HAVE_ALLOCA_H 1
| #define HAVE_ALLOCA 1
| #define HAVE_MALLOC_PTRDIFF 1
| #define HAVE_MALLOC_POSIX 1
| #define HAVE_FCHDIR 1
| #define HAVE_FCNTL 1
| #define HAVE_SYMLINK 1
| #define HAVE_FDOPENDIR 1
| #define HAVE_SNPRINTF 1
| #define HAVE_FPURGE 1
| #define HAVE_FSYNC 1
| #define HAVE_GETDTABLESIZE 1
| /* end confdefs.h.  */
| /* Define getexecname to an innocuous variant, in case <limits.h> declares getexecname.
|    For example, HP-UX 11i <limits.h> declares gettimeofday.  */
| #define getexecname innocuous_getexecname
| 
| /* System header to define __stub macros and hopefully few prototypes,
|    which can conflict with char getexecname (void); below.  */
| 
| #include <limits.h>
| #undef getexecname
| 
| /* Override any GCC internal prototype to avoid an error.
|    Use char because int might match the return type of a GCC
|    builtin and then its argument prototype would still apply.  */
| #ifdef __cplusplus
| extern "C"
| #endif
| char getexecname (void);
| /* The GNU C library defines this for functions which it implements
|     to always fail with ENOSYS.  Some functions are actually named
|     something starting with __ and the normal name is an alias.  */
| #if defined __stub_getexecname || defined __stub___getexecname
| choke me
| #endif
| 
| int
| main (void)
| {
| return getexecname ();
|   ;
|   return 0;
| }
configure:9754: result: no
configure:9754: checking for gettimeofday
configure:9754: gcc -o conftest -g -O2   conftest.c  >&5
configure:9754: $? = 0
configure:9754: result: yes
configure:9754: checking for lstat
configure:9754: gcc -o conftest -g -O2   conftest.c  >&5
configure:9754: $? = 0
configure:9754: result: yes
configure:9754: checking for mbsinit
configure:9754: gcc -o conftest -g -O2   conftest.c  >&5
configure:9754: $? = 0
configure:9754: result: yes
configure:9754: checking for mbrtowc
configure:9754: gcc -o conftest -g -O2   conftest.c  >&5
configure:9754: $? = 0
configure:9754: result: yes
configure:9754: checking for mprotect
configure:9754: gcc -o conftest -g -O2   conftest.c  >&5
configure:9754: $? = 0
configure:9754: result: yes
configure:9754: checking for openat
configure:9754: gcc -o conftest -g -O2   conftest.c  >&5
configure:9754: $? = 0
configure:9754: result: yes
configure:9754: checking for pipe
configure:9754: gcc -o conftest -g -O2   conftest.c  >&5
configure:9754: $? = 0
configure:9754: result: yes
configure:9754: checking for qsort_r
configure:9754: gcc -o conftest -g -O2   conftest.c  >&5
configure:9754: $? = 0
configure:9754: result: yes
configure:9754: checking for sigaction
configure:9754: gcc -o conftest -g -O2   conftest.c  >&5
configure:9754: $? = 0
configure:9754: result: yes
configure:9754: checking for sigaltstack
configure:9754: gcc -o conftest -g -O2   conftest.c  >&5
configure:9754: $? = 0
configure:9754: result: yes
configure:9754: checking for siginterrupt
configure:9754: gcc -o conftest -g -O2   conftest.c  >&5
configure:9754: $? = 0
configure:9754: result: yes
configure:9754: checking for unlinkat
configure:9754: gcc -o conftest -g -O2   conftest.c  >&5
configure:9754: $? = 0
configure:9754: result: yes
configure:9754: checking for utimens
configure:9754: gcc -o conftest -g -O2   conftest.c  >&5
/usr/lib/gcc/x86_64-alpine-linux-musl/15.2.0/../../../../x86_64-alpine-linux-musl/bin/ld: /tmp/ccgbaFnH.o: in function `main':
/home/sonakrie/Work/testicular_linux/gzip/conftest.c:111:(.text.startup+0x5): undefined reference to `utimens'
collect2: error: ld returned 1 exit status
configure:9754: $? = 1
configure: failed program was:
| /* confdefs.h */
| #define PACKAGE_NAME "gzip"
| #define PACKAGE_TARNAME "gzip"
| #define PACKAGE_VERSION "1.14"
| #define PACKAGE_STRING "gzip 1.14"
| #define PACKAGE_BUGREPORT "bug-gzip@gnu.org"
| #define PACKAGE_URL ""
| #define PACKAGE "gzip"
| #define VERSION "1.14"
| #define HAVE_STDIO_H 1
| #define HAVE_STDLIB_H 1
| #define HAVE_STRING_H 1
| #define HAVE_INTTYPES_H 1
| #define HAVE_STDINT_H 1
| #define HAVE_STRINGS_H 1
| #define HAVE_SYS_STAT_H 1
| #define HAVE_SYS_TYPES_H 1
| #define HAVE_UNISTD_H 1
| #define HAVE_WCHAR_H 1
| #define HAVE_STDBOOL_H 1
| #define HAVE_BYTESWAP_H 1
| #define HAVE_SYS_PARAM_H 1
| #define HAVE_SYS_SOCKET_H 1
| #define HAVE_DIRENT_H 1
| #define HAVE_ENDIAN_H 1
| #define HAVE_FEATURES_H 1
| #define HAVE_STDIO_EXT_H 1
| #define HAVE_GETOPT_H 1
| #define HAVE_SYS_TIME_H 1
| #define HAVE_LIMITS_H 1
| #define HAVE_MATH_H 1
| #define HAVE_SYS_MMAN_H 1
| #define HAVE_STDCKDINT_H 1
| #define HAVE_UTIME_H 1
| #define HAVE_FCNTL_H 1
| #define HAVE_MEMORY_H 1
| #define HAVE_TIME_H 1
| #define STDC_HEADERS 1
| #define _ALL_SOURCE 1
| #define _COSMO_SOURCE 1
| #define _DARWIN_C_SOURCE 1
| #define _GNU_SOURCE 1
| #define _HPUX_ALT_XOPEN_SOCKET_API 1
| #define _NETBSD_SOURCE 1
| #define _OPENBSD_SOURCE 1
| #define _POSIX_PTHREAD_SEMANTICS 1
| #define __STDC_WANT_IEC_60559_ATTRIBS_EXT__ 1
| #define __STDC_WANT_IEC_60559_BFP_EXT__ 1
| #define __STDC_WANT_IEC_60559_DFP_EXT__ 1
| #define __STDC_WANT_IEC_60559_EXT__ 1
| #define __STDC_WANT_IEC_60559_FUNCS_EXT__ 1
| #define __STDC_WANT_IEC_60559_TYPES_EXT__ 1
| #define __STDC_WANT_LIB_EXT2__ 1
| #define __STDC_WANT_MATH_SPEC_FUNCS__ 1
| #define _TANDEM_SOURCE 1
| #define __EXTENSIONS__ 1
| #define _LINUX_SOURCE_COMPAT 1
| #define __USE_MINGW_ANSI_STDIO 1
| #define HAVE_ALLOCA_H 1
| #define HAVE_ALLOCA 1
| #define HAVE_MALLOC_PTRDIFF 1
| #define HAVE_MALLOC_POSIX 1
| #define HAVE_FCHDIR 1
| #define HAVE_FCNTL 1
| #define HAVE_SYMLINK 1
| #define HAVE_FDOPENDIR 1
| #define HAVE_SNPRINTF 1
| #define HAVE_FPURGE 1
| #define HAVE_FSYNC 1
| #define HAVE_GETDTABLESIZE 1
| #define HAVE_GETTIMEOFDAY 1
| #define HAVE_LSTAT 1
| #define HAVE_MBSINIT 1
| #define HAVE_MBRTOWC 1
| #define HAVE_MPROTECT 1
| #define HAVE_OPENAT 1
| #define HAVE_PIPE 1
| #define HAVE_QSORT_R 1
| #define HAVE_SIGACTION 1
| #define HAVE_SIGALTSTACK 1
| #define HAVE_SIGINTERRUPT 1
| #define HAVE_UNLINKAT 1
| /* end confdefs.h.  */
| /* Define utimens to an innocuous variant, in case <limits.h> declares utimens.
|    For example, HP-UX 11i <limits.h> declares gettimeofday.  */
| #define utimens innocuous_utimens
| 
| /* System header to define __stub macros and hopefully few prototypes,
|    which can conflict with char utimens (void); below.  */
| 
| #include <limits.h>
| #undef utimens
| 
| /* Override any GCC internal prototype to avoid an error.
|    Use char because int might match the return type of a GCC
|    builtin and then its argument prototype would still apply.  */
| #ifdef __cplusplus
| extern "C"
| #endif
| char utimens (void);
| /* The GNU C library defines this for functions which it implements
|     to always fail with ENOSYS.  Some functions are actually named
|     something starting with __ and the normal name is an alias.  */
| #if defined __stub_utimens || defined __stub___utimens
| choke me
| #endif
| 
| int
| main (void)
| {
| return utimens ();
|   ;
|   return 0;
| }
configure:9754: result: no
configure:9754: checking for lutimens
configure:9754: gcc -o conftest -g -O2   conftest.c  >&5
/usr/lib/gcc/x86_64-alpine-linux-musl/15.2.0/../../../../x86_64-alpine-linux-musl/bin/ld: /tmp/cchOmIIJ.o: in function `main':
/home/sonakrie/Work/testicular_linux/gzip/conftest.c:111:(.text.startup+0x5): undefined reference to `lutimens'
collect2: error: ld returned 1 exit status
configure:9754: $? = 1
configure: failed program was:
| /* confdefs.h */
| #define PACKAGE_NAME "gzip"
| #define PACKAGE_TARNAME "gzip"
| #define PACKAGE_VERSION "1.14"
| #define PACKAGE_STRING "gzip 1.14"
| #define PACKAGE_BUGREPORT "bug-gzip@gnu.org"
| #define PACKAGE_URL ""
| #define PACKAGE "gzip"
| #define VERSION "1.14"
| #define HAVE_STDIO_H 1
| #define HAVE_STDLIB_H 1
| #define HAVE_STRING_H 1
| #define HAVE_INTTYPES_H 1
| #define HAVE_STDINT_H 1
| #define HAVE_STRINGS_H 1
| #define HAVE_SYS_STAT_H 1
| #define HAVE_SYS_TYPES_H 1
| #define HAVE_UNISTD_H 1
| #define HAVE_WCHAR_H 1
| #define HAVE_STDBOOL_H 1
| #define HAVE_BYTESWAP_H 1
| #define HAVE_SYS_PARAM_H 1
| #define HAVE_SYS_SOCKET_H 1
| #define HAVE_DIRENT_H 1
| #define HAVE_ENDIAN_H 1
| #define HAVE_FEATURES_H 1
| #define HAVE_STDIO_EXT_H 1
| #define HAVE_GETOPT_H 1
| #define HAVE_SYS_TIME_H 1
| #define HAVE_LIMITS_H 1
| #define HAVE_MATH_H 1
| #define HAVE_SYS_MMAN_H 1
| #define HAVE_STDCKDINT_H 1
| #define HAVE_UTIME_H 1
| #define HAVE_FCNTL_H 1
| #define HAVE_MEMORY_H 1
| #define HAVE_TIME_H 1
| #define STDC_HEADERS 1
| #define _ALL_SOURCE 1
| #define _COSMO_SOURCE 1
| #define _DARWIN_C_SOURCE 1
| #define _GNU_SOURCE 1
| #define _HPUX_ALT_XOPEN_SOCKET_API 1
| #define _NETBSD_SOURCE 1
| #define _OPENBSD_SOURCE 1
| #define _POSIX_PTHREAD_SEMANTICS 1
| #define __STDC_WANT_IEC_60559_ATTRIBS_EXT__ 1
| #define __STDC_WANT_IEC_60559_BFP_EXT__ 1
| #define __STDC_WANT_IEC_60559_DFP_EXT__ 1
| #define __STDC_WANT_IEC_60559_EXT__ 1
| #define __STDC_WANT_IEC_60559_FUNCS_EXT__ 1
| #define __STDC_WANT_IEC_60559_TYPES_EXT__ 1
| #define __STDC_WANT_LIB_EXT2__ 1
| #define __STDC_WANT_MATH_SPEC_FUNCS__ 1
| #define _TANDEM_SOURCE 1
| #define __EXTENSIONS__ 1
| #define _LINUX_SOURCE_COMPAT 1
| #define __USE_MINGW_ANSI_STDIO 1
| #define HAVE_ALLOCA_H 1
| #define HAVE_ALLOCA 1
| #define HAVE_MALLOC_PTRDIFF 1
| #define HAVE_MALLOC_POSIX 1
| #define HAVE_FCHDIR 1
| #define HAVE_FCNTL 1
| #define HAVE_SYMLINK 1
| #define HAVE_FDOPENDIR 1
| #define HAVE_SNPRINTF 1
| #define HAVE_FPURGE 1
| #define HAVE_FSYNC 1
| #define HAVE_GETDTABLESIZE 1
| #define HAVE_GETTIMEOFDAY 1
| #define HAVE_LSTAT 1
| #define HAVE_MBSINIT 1
| #define HAVE_MBRTOWC 1
| #define HAVE_MPROTECT 1
| #define HAVE_OPENAT 1
| #define HAVE_PIPE 1
| #define HAVE_QSORT_R 1
| #define HAVE_SIGACTION 1
| #define HAVE_SIGALTSTACK 1
| #define HAVE_SIGINTERRUPT 1
| #define HAVE_UNLINKAT 1
| /* end confdefs.h.  */
| /* Define lutimens to an innocuous variant, in case <limits.h> declares lutimens.
|    For example, HP-UX 11i <limits.h> declares gettimeofday.  */
| #define lutimens innocuous_lutimens
| 
| /* System header to define __stub macros and hopefully few prototypes,
|    which can conflict with char lutimens (void); below.  */
| 
| #include <limits.h>
| #undef lutimens
| 
| /* Override any GCC internal prototype to avoid an error.
|    Use char because int might match the return type of a GCC
|    builtin and then its argument prototype would still apply.  */
| #ifdef __cplusplus
| extern "C"
| #endif
| char lutimens (void);
| /* The GNU C library defines this for functions which it implements
|     to always fail with ENOSYS.  Some functions are actually named
|     something starting with __ and the normal name is an alias.  */
| #if defined __stub_lutimens || defined __stub___lutimens
| choke me
| #endif
| 
| int
| main (void)
| {
| return lutimens ();
|   ;
|   return 0;
| }
configure:9754: result: no
configure:9754: checking for chown
configure:9754: gcc -o conftest -g -O2   conftest.c  >&5
configure:9754: $? = 0
configure:9754: result: yes
configure:9754: checking for fchmod
configure:9754: gcc -o conftest -g -O2   conftest.c  >&5
configure:9754: $? = 0
configure:9754: result: yes
configure:9754: checking for fchown
configure:9754: gcc -o conftest -g -O2   conftest.c  >&5
configure:9754: $? = 0
configure:9754: result: yes
configure:9891: checking whether to enable CRC slice-by-8 algorithm
configure:9894: result: yes
configure:9969: checking if pclmul intrinsic exists
configure:9997: gcc -o conftest -g -O2   conftest.c  >&5
configure:9997: $? = 0
configure:10013: result: yes
configure:10124: checking for gcc options needed to detect all undeclared functions
configure:10146: gcc -c -g -O2   conftest.c >&5
conftest.c: In function 'main':
conftest.c:93:8: error: 'strchr' undeclared (first use in this function)
   93 | (void) strchr;
      |        ^~~~~~
conftest.c:1:1: note: 'strchr' is defined in header '<string.h>'; this is probably fixable by adding '#include <string.h>'
    1 | /* confdefs.h */
conftest.c:93:8: note: each undeclared identifier is reported only once for each function it appears in
   93 | (void) strchr;
      |        ^~~~~~
configure:10146: $? = 1
configure: failed program was:
| /* confdefs.h */
| #define PACKAGE_NAME "gzip"
| #define PACKAGE_TARNAME "gzip"
| #define PACKAGE_VERSION "1.14"
| #define PACKAGE_STRING "gzip 1.14"
| #define PACKAGE_BUGREPORT "bug-gzip@gnu.org"
| #define PACKAGE_URL ""
| #define PACKAGE "gzip"
| #define VERSION "1.14"
| #define HAVE_STDIO_H 1
| #define HAVE_STDLIB_H 1
| #define HAVE_STRING_H 1
| #define HAVE_INTTYPES_H 1
| #define HAVE_STDINT_H 1
| #define HAVE_STRINGS_H 1
| #define HAVE_SYS_STAT_H 1
| #define HAVE_SYS_TYPES_H 1
| #define HAVE_UNISTD_H 1
| #define HAVE_WCHAR_H 1
| #define HAVE_STDBOOL_H 1
| #define HAVE_BYTESWAP_H 1
| #define HAVE_SYS_PARAM_H 1
| #define HAVE_SYS_SOCKET_H 1
| #define HAVE_DIRENT_H 1
| #define HAVE_ENDIAN_H 1
| #define HAVE_FEATURES_H 1
| #define HAVE_STDIO_EXT_H 1
| #define HAVE_GETOPT_H 1
| #define HAVE_SYS_TIME_H 1
| #define HAVE_LIMITS_H 1
| #define HAVE_MATH_H 1
| #define HAVE_SYS_MMAN_H 1
| #define HAVE_STDCKDINT_H 1
| #define HAVE_UTIME_H 1
| #define HAVE_FCNTL_H 1
| #define HAVE_MEMORY_H 1
| #define HAVE_TIME_H 1
| #define STDC_HEADERS 1
| #define _ALL_SOURCE 1
| #define _COSMO_SOURCE 1
| #define _DARWIN_C_SOURCE 1
| #define _GNU_SOURCE 1
| #define _HPUX_ALT_XOPEN_SOCKET_API 1
| #define _NETBSD_SOURCE 1
| #define _OPENBSD_SOURCE 1
| #define _POSIX_PTHREAD_SEMANTICS 1
| #define __STDC_WANT_IEC_60559_ATTRIBS_EXT__ 1
| #define __STDC_WANT_IEC_60559_BFP_EXT__ 1
| #define __STDC_WANT_IEC_60559_DFP_EXT__ 1
| #define __STDC_WANT_IEC_60559_EXT__ 1
| #define __STDC_WANT_IEC_60559_FUNCS_EXT__ 1
| #define __STDC_WANT_IEC_60559_TYPES_EXT__ 1
| #define __STDC_WANT_LIB_EXT2__ 1
| #define __STDC_WANT_MATH_SPEC_FUNCS__ 1
| #define _TANDEM_SOURCE 1
| #define __EXTENSIONS__ 1
| #define _LINUX_SOURCE_COMPAT 1
| #define __USE_MINGW_ANSI_STDIO 1
| #define HAVE_ALLOCA_H 1
| #define HAVE_ALLOCA 1
| #define HAVE_MALLOC_PTRDIFF 1
| #define HAVE_MALLOC_POSIX 1
| #define HAVE_FCHDIR 1
| #define HAVE_FCNTL 1
| #define HAVE_SYMLINK 1
| #define HAVE_FDOPENDIR 1
| #define HAVE_SNPRINTF 1
| #define HAVE_FPURGE 1
| #define HAVE_FSYNC 1
| #define HAVE_GETDTABLESIZE 1
| #define HAVE_GETTIMEOFDAY 1
| #define HAVE_LSTAT 1
| #define HAVE_MBSINIT 1
| #define HAVE_MBRTOWC 1
| #define HAVE_MPROTECT 1
| #define HAVE_OPENAT 1
| #define HAVE_PIPE 1
| #define HAVE_QSORT_R 1
| #define HAVE_SIGACTION 1
| #define HAVE_SIGALTSTACK 1
| #define HAVE_SIGINTERRUPT 1
| #define HAVE_UNLINKAT 1
| #define HAVE_CHOWN 1
| #define HAVE_FCHMOD 1
| #define HAVE_FCHOWN 1
| #define GL_CRC_SLICE_BY_8 1
| #define GL_CRC_X86_64_PCLMUL 1
| /* end confdefs.h.  */
| 
| int
| main (void)
| {
| (void) strchr;
|   ;
|   return 0;
| }
configure:10173: gcc -c -g -O2   conftest.c >&5
configure:10173: $? = 0
configure:10193: result: none needed
configure:10263: checking whether byte ordering is bigendian
configure:10279: gcc -c -g -O2  conftest.c >&5
conftest.c:90:16: error: unknown type name 'not'
   90 |                not a universal capable compiler
      |                ^~~
conftest.c:90:22: error: expected '=', ',', ';', 'asm' or '__attribute__' before 'universal'
   90 |                not a universal capable compiler
      |                      ^~~~~~~~~
conftest.c:90:22: error: unknown type name 'universal'
configure:10279: $? = 1
configure: failed program was:
| /* confdefs.h */
| #define PACKAGE_NAME "gzip"
| #define PACKAGE_TARNAME "gzip"
| #define PACKAGE_VERSION "1.14"
| #define PACKAGE_STRING "gzip 1.14"
| #define PACKAGE_BUGREPORT "bug-gzip@gnu.org"
| #define PACKAGE_URL ""
| #define PACKAGE "gzip"
| #define VERSION "1.14"
| #define HAVE_STDIO_H 1
| #define HAVE_STDLIB_H 1
| #define HAVE_STRING_H 1
| #define HAVE_INTTYPES_H 1
| #define HAVE_STDINT_H 1
| #define HAVE_STRINGS_H 1
| #define HAVE_SYS_STAT_H 1
| #define HAVE_SYS_TYPES_H 1
| #define HAVE_UNISTD_H 1
| #define HAVE_WCHAR_H 1
| #define HAVE_STDBOOL_H 1
| #define HAVE_BYTESWAP_H 1
| #define HAVE_SYS_PARAM_H 1
| #define HAVE_SYS_SOCKET_H 1
| #define HAVE_DIRENT_H 1
| #define HAVE_ENDIAN_H 1
| #define HAVE_FEATURES_H 1
| #define HAVE_STDIO_EXT_H 1
| #define HAVE_GETOPT_H 1
| #define HAVE_SYS_TIME_H 1
| #define HAVE_LIMITS_H 1
| #define HAVE_MATH_H 1
| #define HAVE_SYS_MMAN_H 1
| #define HAVE_STDCKDINT_H 1
| #define HAVE_UTIME_H 1
| #define HAVE_FCNTL_H 1
| #define HAVE_MEMORY_H 1
| #define HAVE_TIME_H 1
| #define STDC_HEADERS 1
| #define _ALL_SOURCE 1
| #define _COSMO_SOURCE 1
| #define _DARWIN_C_SOURCE 1
| #define _GNU_SOURCE 1
| #define _HPUX_ALT_XOPEN_SOCKET_API 1
| #define _NETBSD_SOURCE 1
| #define _OPENBSD_SOURCE 1
| #define _POSIX_PTHREAD_SEMANTICS 1
| #define __STDC_WANT_IEC_60559_ATTRIBS_EXT__ 1
| #define __STDC_WANT_IEC_60559_BFP_EXT__ 1
| #define __STDC_WANT_IEC_60559_DFP_EXT__ 1
| #define __STDC_WANT_IEC_60559_EXT__ 1
| #define __STDC_WANT_IEC_60559_FUNCS_EXT__ 1
| #define __STDC_WANT_IEC_60559_TYPES_EXT__ 1
| #define __STDC_WANT_LIB_EXT2__ 1
| #define __STDC_WANT_MATH_SPEC_FUNCS__ 1
| #define _TANDEM_SOURCE 1
| #define __EXTENSIONS__ 1
| #define _LINUX_SOURCE_COMPAT 1
| #define __USE_MINGW_ANSI_STDIO 1
| #define HAVE_ALLOCA_H 1
| #define HAVE_ALLOCA 1
| #define HAVE_MALLOC_PTRDIFF 1
| #define HAVE_MALLOC_POSIX 1
| #define HAVE_FCHDIR 1
| #define HAVE_FCNTL 1
| #define HAVE_SYMLINK 1
| #define HAVE_FDOPENDIR 1
| #define HAVE_SNPRINTF 1
| #define HAVE_FPURGE 1
| #define HAVE_FSYNC 1
| #define HAVE_GETDTABLESIZE 1
| #define HAVE_GETTIMEOFDAY 1
| #define HAVE_LSTAT 1
| #define HAVE_MBSINIT 1
| #define HAVE_MBRTOWC 1
| #define HAVE_MPROTECT 1
| #define HAVE_OPENAT 1
| #define HAVE_PIPE 1
| #define HAVE_QSORT_R 1
| #define HAVE_SIGACTION 1
| #define HAVE_SIGALTSTACK 1
| #define HAVE_SIGINTERRUPT 1
| #define HAVE_UNLINKAT 1
| #define HAVE_CHOWN 1
| #define HAVE_FCHMOD 1
| #define HAVE_FCHOWN 1
| #define GL_CRC_SLICE_BY_8 1
| #define GL_CRC_X86_64_PCLMUL 1
| /* end confdefs.h.  */
| #ifndef __APPLE_CC__
| 	       not a universal capable compiler
| 	     #endif
| 	     typedef int dummy;
| 
configure:10325: gcc -c -g -O2  conftest.c >&5
configure:10325: $? = 0
configure:10344: gcc -c -g -O2  conftest.c >&5
conftest.c: In function 'main':
conftest.c:96:18: error: unknown type name 'not'; did you mean 'ino_t'?
   96 |                  not big endian
      |                  ^~~
      |                  ino_t
conftest.c:96:26: error: expected '=', ',', ';', 'asm' or '__attribute__' before 'endian'
   96 |                  not big endian
      |                          ^~~~~~
configure:10344: $? = 1
configure: failed program was:
| /* confdefs.h */
| #define PACKAGE_NAME "gzip"
| #define PACKAGE_TARNAME "gzip"
| #define PACKAGE_VERSION "1.14"
| #define PACKAGE_STRING "gzip 1.14"
| #define PACKAGE_BUGREPORT "bug-gzip@gnu.org"
| #define PACKAGE_URL ""
| #define PACKAGE "gzip"
| #define VERSION "1.14"
| #define HAVE_STDIO_H 1
| #define HAVE_STDLIB_H 1
| #define HAVE_STRING_H 1
| #define HAVE_INTTYPES_H 1
| #define HAVE_STDINT_H 1
| #define HAVE_STRINGS_H 1
| #define HAVE_SYS_STAT_H 1
| #define HAVE_SYS_TYPES_H 1
| #define HAVE_UNISTD_H 1
| #define HAVE_WCHAR_H 1
| #define HAVE_STDBOOL_H 1
| #define HAVE_BYTESWAP_H 1
| #define HAVE_SYS_PARAM_H 1
| #define HAVE_SYS_SOCKET_H 1
| #define HAVE_DIRENT_H 1
| #define HAVE_ENDIAN_H 1
| #define HAVE_FEATURES_H 1
| #define HAVE_STDIO_EXT_H 1
| #define HAVE_GETOPT_H 1
| #define HAVE_SYS_TIME_H 1
| #define HAVE_LIMITS_H 1
| #define HAVE_MATH_H 1
| #define HAVE_SYS_MMAN_H 1
| #define HAVE_STDCKDINT_H 1
| #define HAVE_UTIME_H 1
| #define HAVE_FCNTL_H 1
| #define HAVE_MEMORY_H 1
| #define HAVE_TIME_H 1
| #define STDC_HEADERS 1
| #define _ALL_SOURCE 1
| #define _COSMO_SOURCE 1
| #define _DARWIN_C_SOURCE 1
| #define _GNU_SOURCE 1
| #define _HPUX_ALT_XOPEN_SOCKET_API 1
| #define _NETBSD_SOURCE 1
| #define _OPENBSD_SOURCE 1
| #define _POSIX_PTHREAD_SEMANTICS 1
| #define __STDC_WANT_IEC_60559_ATTRIBS_EXT__ 1
| #define __STDC_WANT_IEC_60559_BFP_EXT__ 1
| #define __STDC_WANT_IEC_60559_DFP_EXT__ 1
| #define __STDC_WANT_IEC_60559_EXT__ 1
| #define __STDC_WANT_IEC_60559_FUNCS_EXT__ 1
| #define __STDC_WANT_IEC_60559_TYPES_EXT__ 1
| #define __STDC_WANT_LIB_EXT2__ 1
| #define __STDC_WANT_MATH_SPEC_FUNCS__ 1
| #define _TANDEM_SOURCE 1
| #define __EXTENSIONS__ 1
| #define _LINUX_SOURCE_COMPAT 1
| #define __USE_MINGW_ANSI_STDIO 1
| #define HAVE_ALLOCA_H 1
| #define HAVE_ALLOCA 1
| #define HAVE_MALLOC_PTRDIFF 1
| #define HAVE_MALLOC_POSIX 1
| #define HAVE_FCHDIR 1
| #define HAVE_FCNTL 1
| #define HAVE_SYMLINK 1
| #define HAVE_FDOPENDIR 1
| #define HAVE_SNPRINTF 1
| #define HAVE_FPURGE 1
| #define HAVE_FSYNC 1
| #define HAVE_GETDTABLESIZE 1
| #define HAVE_GETTIMEOFDAY 1
| #define HAVE_LSTAT 1
| #define HAVE_MBSINIT 1
| #define HAVE_MBRTOWC 1
| #define HAVE_MPROTECT 1
| #define HAVE_OPENAT 1
| #define HAVE_PIPE 1
| #define HAVE_QSORT_R 1
| #define HAVE_SIGACTION 1
| #define HAVE_SIGALTSTACK 1
| #define HAVE_SIGINTERRUPT 1
| #define HAVE_UNLINKAT 1
| #define HAVE_CHOWN 1
| #define HAVE_FCHMOD 1
| #define HAVE_FCHOWN 1
| #define GL_CRC_SLICE_BY_8 1
| #define GL_CRC_X86_64_PCLMUL 1
| /* end confdefs.h.  */
| #include <sys/types.h>
| 		#include <sys/param.h>
| 
| int
| main (void)
| {
| #if BYTE_ORDER != BIG_ENDIAN
| 		 not big endian
| 		#endif
| 
|   ;
|   return 0;
| }
configure:10485: result: no
configure:10592: checking if endian.h defines stdint types
configure:10614: gcc -c -g -O2  conftest.c >&5
configure:10614: $? = 0
configure:10625: result: yes
configure:10627: checking if endian.h defines functions and macros
configure:10680: gcc -o conftest -g -O2   conftest.c  >&5
configure:10680: $? = 0
configure:10692: result: yes
configure:10832: checking for complete errno.h
configure:10912: result: yes
configure:11318: checking for error
configure:11355: checking for error
configure:11355: gcc -o conftest -g -O2   conftest.c  >&5
/usr/lib/gcc/x86_64-alpine-linux-musl/15.2.0/../../../../x86_64-alpine-linux-musl/bin/ld: /tmp/ccoDOfII.o: in function `main':
/home/sonakrie/Work/testicular_linux/gzip/conftest.c:116:(.text.startup+0x5): undefined reference to `error'
collect2: error: ld returned 1 exit status
configure:11355: $? = 1
configure: failed program was:
| /* confdefs.h */
| #define PACKAGE_NAME "gzip"
| #define PACKAGE_TARNAME "gzip"
| #define PACKAGE_VERSION "1.14"
| #define PACKAGE_STRING "gzip 1.14"
| #define PACKAGE_BUGREPORT "bug-gzip@gnu.org"
| #define PACKAGE_URL ""
| #define PACKAGE "gzip"
| #define VERSION "1.14"
| #define HAVE_STDIO_H 1
| #define HAVE_STDLIB_H 1
| #define HAVE_STRING_H 1
| #define HAVE_INTTYPES_H 1
| #define HAVE_STDINT_H 1
| #define HAVE_STRINGS_H 1
| #define HAVE_SYS_STAT_H 1
| #define HAVE_SYS_TYPES_H 1
| #define HAVE_UNISTD_H 1
| #define HAVE_WCHAR_H 1
| #define HAVE_STDBOOL_H 1
| #define HAVE_BYTESWAP_H 1
| #define HAVE_SYS_PARAM_H 1
| #define HAVE_SYS_SOCKET_H 1
| #define HAVE_DIRENT_H 1
| #define HAVE_ENDIAN_H 1
| #define HAVE_FEATURES_H 1
| #define HAVE_STDIO_EXT_H 1
| #define HAVE_GETOPT_H 1
| #define HAVE_SYS_TIME_H 1
| #define HAVE_LIMITS_H 1
| #define HAVE_MATH_H 1
| #define HAVE_SYS_MMAN_H 1
| #define HAVE_STDCKDINT_H 1
| #define HAVE_UTIME_H 1
| #define HAVE_FCNTL_H 1
| #define HAVE_MEMORY_H 1
| #define HAVE_TIME_H 1
| #define STDC_HEADERS 1
| #define _ALL_SOURCE 1
| #define _COSMO_SOURCE 1
| #define _DARWIN_C_SOURCE 1
| #define _GNU_SOURCE 1
| #define _HPUX_ALT_XOPEN_SOCKET_API 1
| #define _NETBSD_SOURCE 1
| #define _OPENBSD_SOURCE 1
| #define _POSIX_PTHREAD_SEMANTICS 1
| #define __STDC_WANT_IEC_60559_ATTRIBS_EXT__ 1
| #define __STDC_WANT_IEC_60559_BFP_EXT__ 1
| #define __STDC_WANT_IEC_60559_DFP_EXT__ 1
| #define __STDC_WANT_IEC_60559_EXT__ 1
| #define __STDC_WANT_IEC_60559_FUNCS_EXT__ 1
| #define __STDC_WANT_IEC_60559_TYPES_EXT__ 1
| #define __STDC_WANT_LIB_EXT2__ 1
| #define __STDC_WANT_MATH_SPEC_FUNCS__ 1
| #define _TANDEM_SOURCE 1
| #define __EXTENSIONS__ 1
| #define _LINUX_SOURCE_COMPAT 1
| #define __USE_MINGW_ANSI_STDIO 1
| #define HAVE_ALLOCA_H 1
| #define HAVE_ALLOCA 1
| #define HAVE_MALLOC_PTRDIFF 1
| #define HAVE_MALLOC_POSIX 1
| #define HAVE_FCHDIR 1
| #define HAVE_FCNTL 1
| #define HAVE_SYMLINK 1
| #define HAVE_FDOPENDIR 1
| #define HAVE_SNPRINTF 1
| #define HAVE_FPURGE 1
| #define HAVE_FSYNC 1
| #define HAVE_GETDTABLESIZE 1
| #define HAVE_GETTIMEOFDAY 1
| #define HAVE_LSTAT 1
| #define HAVE_MBSINIT 1
| #define HAVE_MBRTOWC 1
| #define HAVE_MPROTECT 1
| #define HAVE_OPENAT 1
| #define HAVE_PIPE 1
| #define HAVE_QSORT_R 1
| #define HAVE_SIGACTION 1
| #define HAVE_SIGALTSTACK 1
| #define HAVE_SIGINTERRUPT 1
| #define HAVE_UNLINKAT 1
| #define HAVE_CHOWN 1
| #define HAVE_FCHMOD 1
| #define HAVE_FCHOWN 1
| #define GL_CRC_SLICE_BY_8 1
| #define GL_CRC_X86_64_PCLMUL 1
| /* end confdefs.h.  */
| /* Define error to an innocuous variant, in case <limits.h> declares error.
|    For example, HP-UX 11i <limits.h> declares gettimeofday.  */
| #define error innocuous_error
| 
| /* System header to define __stub macros and hopefully few prototypes,
|    which can conflict with char error (void); below.  */
| 
| #include <limits.h>
| #undef error
| 
| /* Override any GCC internal prototype to avoid an error.
|    Use char because int might match the return type of a GCC
|    builtin and then its argument prototype would still apply.  */
| #ifdef __cplusplus
| extern "C"
| #endif
| char error (void);
| /* The GNU C library defines this for functions which it implements
|     to always fail with ENOSYS.  Some functions are actually named
|     something starting with __ and the normal name is an alias.  */
| #if defined __stub_error || defined __stub___error
| choke me
| #endif
| 
| int
| main (void)
| {
| return error ();
|   ;
|   return 0;
| }
configure:11355: result: no
configure:11371: result: no
configure:11394: checking whether error_at_line is declared
configure:11394: gcc -c -g -O2   conftest.c >&5
conftest.c:89:10: fatal error: error.h: No such file or directory
   89 | #include <error.h>
      |          ^~~~~~~~~
compilation terminated.
configure:11394: $? = 1
configure: failed program was:
| /* confdefs.h */
| #define PACKAGE_NAME "gzip"
| #define PACKAGE_TARNAME "gzip"
| #define PACKAGE_VERSION "1.14"
| #define PACKAGE_STRING "gzip 1.14"
| #define PACKAGE_BUGREPORT "bug-gzip@gnu.org"
| #define PACKAGE_URL ""
| #define PACKAGE "gzip"
| #define VERSION "1.14"
| #define HAVE_STDIO_H 1
| #define HAVE_STDLIB_H 1
| #define HAVE_STRING_H 1
| #define HAVE_INTTYPES_H 1
| #define HAVE_STDINT_H 1
| #define HAVE_STRINGS_H 1
| #define HAVE_SYS_STAT_H 1
| #define HAVE_SYS_TYPES_H 1
| #define HAVE_UNISTD_H 1
| #define HAVE_WCHAR_H 1
| #define HAVE_STDBOOL_H 1
| #define HAVE_BYTESWAP_H 1
| #define HAVE_SYS_PARAM_H 1
| #define HAVE_SYS_SOCKET_H 1
| #define HAVE_DIRENT_H 1
| #define HAVE_ENDIAN_H 1
| #define HAVE_FEATURES_H 1
| #define HAVE_STDIO_EXT_H 1
| #define HAVE_GETOPT_H 1
| #define HAVE_SYS_TIME_H 1
| #define HAVE_LIMITS_H 1
| #define HAVE_MATH_H 1
| #define HAVE_SYS_MMAN_H 1
| #define HAVE_STDCKDINT_H 1
| #define HAVE_UTIME_H 1
| #define HAVE_FCNTL_H 1
| #define HAVE_MEMORY_H 1
| #define HAVE_TIME_H 1
| #define STDC_HEADERS 1
| #define _ALL_SOURCE 1
| #define _COSMO_SOURCE 1
| #define _DARWIN_C_SOURCE 1
| #define _GNU_SOURCE 1
| #define _HPUX_ALT_XOPEN_SOCKET_API 1
| #define _NETBSD_SOURCE 1
| #define _OPENBSD_SOURCE 1
| #define _POSIX_PTHREAD_SEMANTICS 1
| #define __STDC_WANT_IEC_60559_ATTRIBS_EXT__ 1
| #define __STDC_WANT_IEC_60559_BFP_EXT__ 1
| #define __STDC_WANT_IEC_60559_DFP_EXT__ 1
| #define __STDC_WANT_IEC_60559_EXT__ 1
| #define __STDC_WANT_IEC_60559_FUNCS_EXT__ 1
| #define __STDC_WANT_IEC_60559_TYPES_EXT__ 1
| #define __STDC_WANT_LIB_EXT2__ 1
| #define __STDC_WANT_MATH_SPEC_FUNCS__ 1
| #define _TANDEM_SOURCE 1
| #define __EXTENSIONS__ 1
| #define _LINUX_SOURCE_COMPAT 1
| #define __USE_MINGW_ANSI_STDIO 1
| #define HAVE_ALLOCA_H 1
| #define HAVE_ALLOCA 1
| #define HAVE_MALLOC_PTRDIFF 1
| #define HAVE_MALLOC_POSIX 1
| #define HAVE_FCHDIR 1
| #define HAVE_FCNTL 1
| #define HAVE_SYMLINK 1
| #define HAVE_FDOPENDIR 1
| #define HAVE_SNPRINTF 1
| #define HAVE_FPURGE 1
| #define HAVE_FSYNC 1
| #define HAVE_GETDTABLESIZE 1
| #define HAVE_GETTIMEOFDAY 1
| #define HAVE_LSTAT 1
| #define HAVE_MBSINIT 1
| #define HAVE_MBRTOWC 1
| #define HAVE_MPROTECT 1
| #define HAVE_OPENAT 1
| #define HAVE_PIPE 1
| #define HAVE_QSORT_R 1
| #define HAVE_SIGACTION 1
| #define HAVE_SIGALTSTACK 1
| #define HAVE_SIGINTERRUPT 1
| #define HAVE_UNLINKAT 1
| #define HAVE_CHOWN 1
| #define HAVE_FCHMOD 1
| #define HAVE_FCHOWN 1
| #define GL_CRC_SLICE_BY_8 1
| #define GL_CRC_X86_64_PCLMUL 1
| /* end confdefs.h.  */
| #include <error.h>
| 
| int
| main (void)
| {
| #ifndef error_at_line
| #ifdef __cplusplus
|   (void) error_at_line;
| #else
|   (void) error_at_line;
| #endif
| #endif
| 
|   ;
|   return 0;
| }
configure:11394: result: no
configure:11548: checking whether strerror_r is declared
configure:11548: gcc -c -g -O2   conftest.c >&5
configure:11548: $? = 0
configure:11548: result: yes
configure:11568: checking whether strerror_r returns char *
configure:11593: gcc -c -g -O2  conftest.c >&5
conftest.c: In function 'main':
conftest.c:97:20: error: invalid type argument of unary '*' (have 'int')
   97 |           char x = *strerror_r (0, buf, sizeof buf);
      |                    ^~~~~~~~~~~~~~~~~~~~~~~~~~~~~~~~
conftest.c:98:21: error: initialization of 'char *' from 'int' makes pointer from integer without a cast [-Wint-conversion]
   98 |           char *p = strerror_r (0, buf, sizeof buf);
      |                     ^~~~~~~~~~
configure:11593: $? = 1
configure: failed program was:
| /* confdefs.h */
| #define PACKAGE_NAME "gzip"
| #define PACKAGE_TARNAME "gzip"
| #define PACKAGE_VERSION "1.14"
| #define PACKAGE_STRING "gzip 1.14"
| #define PACKAGE_BUGREPORT "bug-gzip@gnu.org"
| #define PACKAGE_URL ""
| #define PACKAGE "gzip"
| #define VERSION "1.14"
| #define HAVE_STDIO_H 1
| #define HAVE_STDLIB_H 1
| #define HAVE_STRING_H 1
| #define HAVE_INTTYPES_H 1
| #define HAVE_STDINT_H 1
| #define HAVE_STRINGS_H 1
| #define HAVE_SYS_STAT_H 1
| #define HAVE_SYS_TYPES_H 1
| #define HAVE_UNISTD_H 1
| #define HAVE_WCHAR_H 1
| #define HAVE_STDBOOL_H 1
| #define HAVE_BYTESWAP_H 1
| #define HAVE_SYS_PARAM_H 1
| #define HAVE_SYS_SOCKET_H 1
| #define HAVE_DIRENT_H 1
| #define HAVE_ENDIAN_H 1
| #define HAVE_FEATURES_H 1
| #define HAVE_STDIO_EXT_H 1
| #define HAVE_GETOPT_H 1
| #define HAVE_SYS_TIME_H 1
| #define HAVE_LIMITS_H 1
| #define HAVE_MATH_H 1
| #define HAVE_SYS_MMAN_H 1
| #define HAVE_STDCKDINT_H 1
| #define HAVE_UTIME_H 1
| #define HAVE_FCNTL_H 1
| #define HAVE_MEMORY_H 1
| #define HAVE_TIME_H 1
| #define STDC_HEADERS 1
| #define _ALL_SOURCE 1
| #define _COSMO_SOURCE 1
| #define _DARWIN_C_SOURCE 1
| #define _GNU_SOURCE 1
| #define _HPUX_ALT_XOPEN_SOCKET_API 1
| #define _NETBSD_SOURCE 1
| #define _OPENBSD_SOURCE 1
| #define _POSIX_PTHREAD_SEMANTICS 1
| #define __STDC_WANT_IEC_60559_ATTRIBS_EXT__ 1
| #define __STDC_WANT_IEC_60559_BFP_EXT__ 1
| #define __STDC_WANT_IEC_60559_DFP_EXT__ 1
| #define __STDC_WANT_IEC_60559_EXT__ 1
| #define __STDC_WANT_IEC_60559_FUNCS_EXT__ 1
| #define __STDC_WANT_IEC_60559_TYPES_EXT__ 1
| #define __STDC_WANT_LIB_EXT2__ 1
| #define __STDC_WANT_MATH_SPEC_FUNCS__ 1
| #define _TANDEM_SOURCE 1
| #define __EXTENSIONS__ 1
| #define _LINUX_SOURCE_COMPAT 1
| #define __USE_MINGW_ANSI_STDIO 1
| #define HAVE_ALLOCA_H 1
| #define HAVE_ALLOCA 1
| #define HAVE_MALLOC_PTRDIFF 1
| #define HAVE_MALLOC_POSIX 1
| #define HAVE_FCHDIR 1
| #define HAVE_FCNTL 1
| #define HAVE_SYMLINK 1
| #define HAVE_FDOPENDIR 1
| #define HAVE_SNPRINTF 1
| #define HAVE_FPURGE 1
| #define HAVE_FSYNC 1
| #define HAVE_GETDTABLESIZE 1
| #define HAVE_GETTIMEOFDAY 1
| #define HAVE_LSTAT 1
| #define HAVE_MBSINIT 1
| #define HAVE_MBRTOWC 1
| #define HAVE_MPROTECT 1
| #define HAVE_OPENAT 1
| #define HAVE_PIPE 1
| #define HAVE_QSORT_R 1
| #define HAVE_SIGACTION 1
| #define HAVE_SIGALTSTACK 1
| #define HAVE_SIGINTERRUPT 1
| #define HAVE_UNLINKAT 1
| #define HAVE_CHOWN 1
| #define HAVE_FCHMOD 1
| #define HAVE_FCHOWN 1
| #define GL_CRC_SLICE_BY_8 1
| #define GL_CRC_X86_64_PCLMUL 1
| #define HAVE_DECL_STRERROR_R 1
| #define HAVE_STRERROR_R 1
| /* end confdefs.h.  */
| #include <string.h>
| int
| main (void)
| {
| 
| 	  char buf[100];
| 	  char x = *strerror_r (0, buf, sizeof buf);
| 	  char *p = strerror_r (0, buf, sizeof buf);
| 	  return !p || x;
| 
|   ;
|   return 0;
| }
configure:11603: result: no
configure:11615: checking whether ctype.h defines __header_inline
configure:11629: gcc -E  conftest.c
conftest.c:93:28: error: #error "<ctype.h> does not define __header_inline"
   93 |                           #error "<ctype.h> does not define __header_inline"
      |                            ^~~~~
configure:11629: $? = 1
configure: failed program was:
| /* confdefs.h */
| #define PACKAGE_NAME "gzip"
| #define PACKAGE_TARNAME "gzip"
| #define PACKAGE_VERSION "1.14"
| #define PACKAGE_STRING "gzip 1.14"
| #define PACKAGE_BUGREPORT "bug-gzip@gnu.org"
| #define PACKAGE_URL ""
| #define PACKAGE "gzip"
| #define VERSION "1.14"
| #define HAVE_STDIO_H 1
| #define HAVE_STDLIB_H 1
| #define HAVE_STRING_H 1
| #define HAVE_INTTYPES_H 1
| #define HAVE_STDINT_H 1
| #define HAVE_STRINGS_H 1
| #define HAVE_SYS_STAT_H 1
| #define HAVE_SYS_TYPES_H 1
| #define HAVE_UNISTD_H 1
| #define HAVE_WCHAR_H 1
| #define HAVE_STDBOOL_H 1
| #define HAVE_BYTESWAP_H 1
| #define HAVE_SYS_PARAM_H 1
| #define HAVE_SYS_SOCKET_H 1
| #define HAVE_DIRENT_H 1
| #define HAVE_ENDIAN_H 1
| #define HAVE_FEATURES_H 1
| #define HAVE_STDIO_EXT_H 1
| #define HAVE_GETOPT_H 1
| #define HAVE_SYS_TIME_H 1
| #define HAVE_LIMITS_H 1
| #define HAVE_MATH_H 1
| #define HAVE_SYS_MMAN_H 1
| #define HAVE_STDCKDINT_H 1
| #define HAVE_UTIME_H 1
| #define HAVE_FCNTL_H 1
| #define HAVE_MEMORY_H 1
| #define HAVE_TIME_H 1
| #define STDC_HEADERS 1
| #define _ALL_SOURCE 1
| #define _COSMO_SOURCE 1
| #define _DARWIN_C_SOURCE 1
| #define _GNU_SOURCE 1
| #define _HPUX_ALT_XOPEN_SOCKET_API 1
| #define _NETBSD_SOURCE 1
| #define _OPENBSD_SOURCE 1
| #define _POSIX_PTHREAD_SEMANTICS 1
| #define __STDC_WANT_IEC_60559_ATTRIBS_EXT__ 1
| #define __STDC_WANT_IEC_60559_BFP_EXT__ 1
| #define __STDC_WANT_IEC_60559_DFP_EXT__ 1
| #define __STDC_WANT_IEC_60559_EXT__ 1
| #define __STDC_WANT_IEC_60559_FUNCS_EXT__ 1
| #define __STDC_WANT_IEC_60559_TYPES_EXT__ 1
| #define __STDC_WANT_LIB_EXT2__ 1
| #define __STDC_WANT_MATH_SPEC_FUNCS__ 1
| #define _TANDEM_SOURCE 1
| #define __EXTENSIONS__ 1
| #define _LINUX_SOURCE_COMPAT 1
| #define __USE_MINGW_ANSI_STDIO 1
| #define HAVE_ALLOCA_H 1
| #define HAVE_ALLOCA 1
| #define HAVE_MALLOC_PTRDIFF 1
| #define HAVE_MALLOC_POSIX 1
| #define HAVE_FCHDIR 1
| #define HAVE_FCNTL 1
| #define HAVE_SYMLINK 1
| #define HAVE_FDOPENDIR 1
| #define HAVE_SNPRINTF 1
| #define HAVE_FPURGE 1
| #define HAVE_FSYNC 1
| #define HAVE_GETDTABLESIZE 1
| #define HAVE_GETTIMEOFDAY 1
| #define HAVE_LSTAT 1
| #define HAVE_MBSINIT 1
| #define HAVE_MBRTOWC 1
| #define HAVE_MPROTECT 1
| #define HAVE_OPENAT 1
| #define HAVE_PIPE 1
| #define HAVE_QSORT_R 1
| #define HAVE_SIGACTION 1
| #define HAVE_SIGALTSTACK 1
| #define HAVE_SIGINTERRUPT 1
| #define HAVE_UNLINKAT 1
| #define HAVE_CHOWN 1
| #define HAVE_FCHMOD 1
| #define HAVE_FCHOWN 1
| #define GL_CRC_SLICE_BY_8 1
| #define GL_CRC_X86_64_PCLMUL 1
| #define HAVE_DECL_STRERROR_R 1
| #define HAVE_STRERROR_R 1
| /* end confdefs.h.  */
| #include <ctype.h>
|                          #ifndef __header_inline
|                           #error "<ctype.h> does not define __header_inline"
|                          #endif
| 
configure:11639: result: no
configure:11649: checking whether fchdir is declared
configure:11649: gcc -c -g -O2   conftest.c >&5
configure:11649: $? = 0
configure:11649: result: yes
configure:11719: checking whether fflush works on input streams
configure:11793: gcc -o conftest -g -O2   conftest.c  >&5
configure:11793: $? = 0
configure:11793: ./conftest
configure:11793: $? = 0
configure:11809: result: yes
configure:11837: checking whether fclose works on input streams
configure:11905: gcc -o conftest -g -O2   conftest.c  >&5
configure:11905: $? = 0
configure:11905: ./conftest
configure:11905: $? = 0
configure:11921: result: yes
configure:12265: checking for working fcntl.h
configure:12379: gcc -o conftest -g -O2   conftest.c  >&5
configure:12379: $? = 0
configure:12379: ./conftest
configure:12379: $? = 0
configure:12399: result: yes
configure:12419: checking for pid_t
configure:12419: gcc -c -g -O2  conftest.c >&5
configure:12419: $? = 0
configure:12419: gcc -c -g -O2  conftest.c >&5
conftest.c: In function 'main':
conftest.c:127:20: error: expected expression before ')' token
  127 | if (sizeof ((pid_t)))
      |                    ^
configure:12419: $? = 1
configure: failed program was:
| /* confdefs.h */
| #define PACKAGE_NAME "gzip"
| #define PACKAGE_TARNAME "gzip"
| #define PACKAGE_VERSION "1.14"
| #define PACKAGE_STRING "gzip 1.14"
| #define PACKAGE_BUGREPORT "bug-gzip@gnu.org"
| #define PACKAGE_URL ""
| #define PACKAGE "gzip"
| #define VERSION "1.14"
| #define HAVE_STDIO_H 1
| #define HAVE_STDLIB_H 1
| #define HAVE_STRING_H 1
| #define HAVE_INTTYPES_H 1
| #define HAVE_STDINT_H 1
| #define HAVE_STRINGS_H 1
| #define HAVE_SYS_STAT_H 1
| #define HAVE_SYS_TYPES_H 1
| #define HAVE_UNISTD_H 1
| #define HAVE_WCHAR_H 1
| #define HAVE_STDBOOL_H 1
| #define HAVE_BYTESWAP_H 1
| #define HAVE_SYS_PARAM_H 1
| #define HAVE_SYS_SOCKET_H 1
| #define HAVE_DIRENT_H 1
| #define HAVE_ENDIAN_H 1
| #define HAVE_FEATURES_H 1
| #define HAVE_STDIO_EXT_H 1
| #define HAVE_GETOPT_H 1
| #define HAVE_SYS_TIME_H 1
| #define HAVE_LIMITS_H 1
| #define HAVE_MATH_H 1
| #define HAVE_SYS_MMAN_H 1
| #define HAVE_STDCKDINT_H 1
| #define HAVE_UTIME_H 1
| #define HAVE_FCNTL_H 1
| #define HAVE_MEMORY_H 1
| #define HAVE_TIME_H 1
| #define STDC_HEADERS 1
| #define _ALL_SOURCE 1
| #define _COSMO_SOURCE 1
| #define _DARWIN_C_SOURCE 1
| #define _GNU_SOURCE 1
| #define _HPUX_ALT_XOPEN_SOCKET_API 1
| #define _NETBSD_SOURCE 1
| #define _OPENBSD_SOURCE 1
| #define _POSIX_PTHREAD_SEMANTICS 1
| #define __STDC_WANT_IEC_60559_ATTRIBS_EXT__ 1
| #define __STDC_WANT_IEC_60559_BFP_EXT__ 1
| #define __STDC_WANT_IEC_60559_DFP_EXT__ 1
| #define __STDC_WANT_IEC_60559_EXT__ 1
| #define __STDC_WANT_IEC_60559_FUNCS_EXT__ 1
| #define __STDC_WANT_IEC_60559_TYPES_EXT__ 1
| #define __STDC_WANT_LIB_EXT2__ 1
| #define __STDC_WANT_MATH_SPEC_FUNCS__ 1
| #define _TANDEM_SOURCE 1
| #define __EXTENSIONS__ 1
| #define _LINUX_SOURCE_COMPAT 1
| #define __USE_MINGW_ANSI_STDIO 1
| #define HAVE_ALLOCA_H 1
| #define HAVE_ALLOCA 1
| #define HAVE_MALLOC_PTRDIFF 1
| #define HAVE_MALLOC_POSIX 1
| #define HAVE_FCHDIR 1
| #define HAVE_FCNTL 1
| #define HAVE_SYMLINK 1
| #define HAVE_FDOPENDIR 1
| #define HAVE_SNPRINTF 1
| #define HAVE_FPURGE 1
| #define HAVE_FSYNC 1
| #define HAVE_GETDTABLESIZE 1
| #define HAVE_GETTIMEOFDAY 1
| #define HAVE_LSTAT 1
| #define HAVE_MBSINIT 1
| #define HAVE_MBRTOWC 1
| #define HAVE_MPROTECT 1
| #define HAVE_OPENAT 1
| #define HAVE_PIPE 1
| #define HAVE_QSORT_R 1
| #define HAVE_SIGACTION 1
| #define HAVE_SIGALTSTACK 1
| #define HAVE_SIGINTERRUPT 1
| #define HAVE_UNLINKAT 1
| #define HAVE_CHOWN 1
| #define HAVE_FCHMOD 1
| #define HAVE_FCHOWN 1
| #define GL_CRC_SLICE_BY_8 1
| #define GL_CRC_X86_64_PCLMUL 1
| #define HAVE_DECL_STRERROR_R 1
| #define HAVE_STRERROR_R 1
| #define HAVE_DECL_FCHDIR 1
| #define FUNC_FFLUSH_STDIN 1
| #define HAVE_WORKING_O_NOATIME 1
| #define HAVE_WORKING_O_NOFOLLOW 1
| /* end confdefs.h.  */
| #include <stddef.h>
| #ifdef HAVE_STDIO_H
| # include <stdio.h>
| #endif
| #ifdef HAVE_STDLIB_H
| # include <stdlib.h>
| #endif
| #ifdef HAVE_STRING_H
| # include <string.h>
| #endif
| #ifdef HAVE_INTTYPES_H
| # include <inttypes.h>
| #endif
| #ifdef HAVE_STDINT_H
| # include <stdint.h>
| #endif
| #ifdef HAVE_STRINGS_H
| # include <strings.h>
| #endif
| #ifdef HAVE_SYS_TYPES_H
| # include <sys/types.h>
| #endif
| #ifdef HAVE_SYS_STAT_H
| # include <sys/stat.h>
| #endif
| #ifdef HAVE_UNISTD_H
| # include <unistd.h>
| #endif
| 
| int
| main (void)
| {
| if (sizeof ((pid_t)))
| 	    return 0;
|   ;
|   return 0;
| }
configure:12419: result: yes
configure:12457: checking for mode_t
configure:12457: gcc -c -g -O2  conftest.c >&5
configure:12457: $? = 0
configure:12457: gcc -c -g -O2  conftest.c >&5
conftest.c: In function 'main':
conftest.c:126:21: error: expected expression before ')' token
  126 | if (sizeof ((mode_t)))
      |                     ^
configure:12457: $? = 1
configure: failed program was:
| /* confdefs.h */
| #define PACKAGE_NAME "gzip"
| #define PACKAGE_TARNAME "gzip"
| #define PACKAGE_VERSION "1.14"
| #define PACKAGE_STRING "gzip 1.14"
| #define PACKAGE_BUGREPORT "bug-gzip@gnu.org"
| #define PACKAGE_URL ""
| #define PACKAGE "gzip"
| #define VERSION "1.14"
| #define HAVE_STDIO_H 1
| #define HAVE_STDLIB_H 1
| #define HAVE_STRING_H 1
| #define HAVE_INTTYPES_H 1
| #define HAVE_STDINT_H 1
| #define HAVE_STRINGS_H 1
| #define HAVE_SYS_STAT_H 1
| #define HAVE_SYS_TYPES_H 1
| #define HAVE_UNISTD_H 1
| #define HAVE_WCHAR_H 1
| #define HAVE_STDBOOL_H 1
| #define HAVE_BYTESWAP_H 1
| #define HAVE_SYS_PARAM_H 1
| #define HAVE_SYS_SOCKET_H 1
| #define HAVE_DIRENT_H 1
| #define HAVE_ENDIAN_H 1
| #define HAVE_FEATURES_H 1
| #define HAVE_STDIO_EXT_H 1
| #define HAVE_GETOPT_H 1
| #define HAVE_SYS_TIME_H 1
| #define HAVE_LIMITS_H 1
| #define HAVE_MATH_H 1
| #define HAVE_SYS_MMAN_H 1
| #define HAVE_STDCKDINT_H 1
| #define HAVE_UTIME_H 1
| #define HAVE_FCNTL_H 1
| #define HAVE_MEMORY_H 1
| #define HAVE_TIME_H 1
| #define STDC_HEADERS 1
| #define _ALL_SOURCE 1
| #define _COSMO_SOURCE 1
| #define _DARWIN_C_SOURCE 1
| #define _GNU_SOURCE 1
| #define _HPUX_ALT_XOPEN_SOCKET_API 1
| #define _NETBSD_SOURCE 1
| #define _OPENBSD_SOURCE 1
| #define _POSIX_PTHREAD_SEMANTICS 1
| #define __STDC_WANT_IEC_60559_ATTRIBS_EXT__ 1
| #define __STDC_WANT_IEC_60559_BFP_EXT__ 1
| #define __STDC_WANT_IEC_60559_DFP_EXT__ 1
| #define __STDC_WANT_IEC_60559_EXT__ 1
| #define __STDC_WANT_IEC_60559_FUNCS_EXT__ 1
| #define __STDC_WANT_IEC_60559_TYPES_EXT__ 1
| #define __STDC_WANT_LIB_EXT2__ 1
| #define __STDC_WANT_MATH_SPEC_FUNCS__ 1
| #define _TANDEM_SOURCE 1
| #define __EXTENSIONS__ 1
| #define _LINUX_SOURCE_COMPAT 1
| #define __USE_MINGW_ANSI_STDIO 1
| #define HAVE_ALLOCA_H 1
| #define HAVE_ALLOCA 1
| #define HAVE_MALLOC_PTRDIFF 1
| #define HAVE_MALLOC_POSIX 1
| #define HAVE_FCHDIR 1
| #define HAVE_FCNTL 1
| #define HAVE_SYMLINK 1
| #define HAVE_FDOPENDIR 1
| #define HAVE_SNPRINTF 1
| #define HAVE_FPURGE 1
| #define HAVE_FSYNC 1
| #define HAVE_GETDTABLESIZE 1
| #define HAVE_GETTIMEOFDAY 1
| #define HAVE_LSTAT 1
| #define HAVE_MBSINIT 1
| #define HAVE_MBRTOWC 1
| #define HAVE_MPROTECT 1
| #define HAVE_OPENAT 1
| #define HAVE_PIPE 1
| #define HAVE_QSORT_R 1
| #define HAVE_SIGACTION 1
| #define HAVE_SIGALTSTACK 1
| #define HAVE_SIGINTERRUPT 1
| #define HAVE_UNLINKAT 1
| #define HAVE_CHOWN 1
| #define HAVE_FCHMOD 1
| #define HAVE_FCHOWN 1
| #define GL_CRC_SLICE_BY_8 1
| #define GL_CRC_X86_64_PCLMUL 1
| #define HAVE_DECL_STRERROR_R 1
| #define HAVE_STRERROR_R 1
| #define HAVE_DECL_FCHDIR 1
| #define FUNC_FFLUSH_STDIN 1
| #define HAVE_WORKING_O_NOATIME 1
| #define HAVE_WORKING_O_NOFOLLOW 1
| /* end confdefs.h.  */
| #include <stddef.h>
| #ifdef HAVE_STDIO_H
| # include <stdio.h>
| #endif
| #ifdef HAVE_STDLIB_H
| # include <stdlib.h>
| #endif
| #ifdef HAVE_STRING_H
| # include <string.h>
| #endif
| #ifdef HAVE_INTTYPES_H
| # include <inttypes.h>
| #endif
| #ifdef HAVE_STDINT_H
| # include <stdint.h>
| #endif
| #ifdef HAVE_STRINGS_H
| # include <strings.h>
| #endif
| #ifdef HAVE_SYS_TYPES_H
| # include <sys/types.h>
| #endif
| #ifdef HAVE_SYS_STAT_H
| # include <sys/stat.h>
| #endif
| #ifdef HAVE_UNISTD_H
| # include <unistd.h>
| #endif
| int
| main (void)
| {
| if (sizeof ((mode_t)))
| 	    return 0;
|   ;
|   return 0;
| }
configure:12457: result: yes
configure:12553: checking for promoted mode_t type
configure:12571: gcc -c -g -O2  conftest.c >&5
conftest.c: In function 'main':
conftest.c:99:13: error: size of array 'array' is negative
   99 | typedef int array[2 * (sizeof (mode_t) < sizeof (int)) - 1];
      |             ^~~~~
configure:12571: $? = 1
configure: failed program was:
| /* confdefs.h */
| #define PACKAGE_NAME "gzip"
| #define PACKAGE_TARNAME "gzip"
| #define PACKAGE_VERSION "1.14"
| #define PACKAGE_STRING "gzip 1.14"
| #define PACKAGE_BUGREPORT "bug-gzip@gnu.org"
| #define PACKAGE_URL ""
| #define PACKAGE "gzip"
| #define VERSION "1.14"
| #define HAVE_STDIO_H 1
| #define HAVE_STDLIB_H 1
| #define HAVE_STRING_H 1
| #define HAVE_INTTYPES_H 1
| #define HAVE_STDINT_H 1
| #define HAVE_STRINGS_H 1
| #define HAVE_SYS_STAT_H 1
| #define HAVE_SYS_TYPES_H 1
| #define HAVE_UNISTD_H 1
| #define HAVE_WCHAR_H 1
| #define HAVE_STDBOOL_H 1
| #define HAVE_BYTESWAP_H 1
| #define HAVE_SYS_PARAM_H 1
| #define HAVE_SYS_SOCKET_H 1
| #define HAVE_DIRENT_H 1
| #define HAVE_ENDIAN_H 1
| #define HAVE_FEATURES_H 1
| #define HAVE_STDIO_EXT_H 1
| #define HAVE_GETOPT_H 1
| #define HAVE_SYS_TIME_H 1
| #define HAVE_LIMITS_H 1
| #define HAVE_MATH_H 1
| #define HAVE_SYS_MMAN_H 1
| #define HAVE_STDCKDINT_H 1
| #define HAVE_UTIME_H 1
| #define HAVE_FCNTL_H 1
| #define HAVE_MEMORY_H 1
| #define HAVE_TIME_H 1
| #define STDC_HEADERS 1
| #define _ALL_SOURCE 1
| #define _COSMO_SOURCE 1
| #define _DARWIN_C_SOURCE 1
| #define _GNU_SOURCE 1
| #define _HPUX_ALT_XOPEN_SOCKET_API 1
| #define _NETBSD_SOURCE 1
| #define _OPENBSD_SOURCE 1
| #define _POSIX_PTHREAD_SEMANTICS 1
| #define __STDC_WANT_IEC_60559_ATTRIBS_EXT__ 1
| #define __STDC_WANT_IEC_60559_BFP_EXT__ 1
| #define __STDC_WANT_IEC_60559_DFP_EXT__ 1
| #define __STDC_WANT_IEC_60559_EXT__ 1
| #define __STDC_WANT_IEC_60559_FUNCS_EXT__ 1
| #define __STDC_WANT_IEC_60559_TYPES_EXT__ 1
| #define __STDC_WANT_LIB_EXT2__ 1
| #define __STDC_WANT_MATH_SPEC_FUNCS__ 1
| #define _TANDEM_SOURCE 1
| #define __EXTENSIONS__ 1
| #define _LINUX_SOURCE_COMPAT 1
| #define __USE_MINGW_ANSI_STDIO 1
| #define HAVE_ALLOCA_H 1
| #define HAVE_ALLOCA 1
| #define HAVE_MALLOC_PTRDIFF 1
| #define HAVE_MALLOC_POSIX 1
| #define HAVE_FCHDIR 1
| #define HAVE_FCNTL 1
| #define HAVE_SYMLINK 1
| #define HAVE_FDOPENDIR 1
| #define HAVE_SNPRINTF 1
| #define HAVE_FPURGE 1
| #define HAVE_FSYNC 1
| #define HAVE_GETDTABLESIZE 1
| #define HAVE_GETTIMEOFDAY 1
| #define HAVE_LSTAT 1
| #define HAVE_MBSINIT 1
| #define HAVE_MBRTOWC 1
| #define HAVE_MPROTECT 1
| #define HAVE_OPENAT 1
| #define HAVE_PIPE 1
| #define HAVE_QSORT_R 1
| #define HAVE_SIGACTION 1
| #define HAVE_SIGALTSTACK 1
| #define HAVE_SIGINTERRUPT 1
| #define HAVE_UNLINKAT 1
| #define HAVE_CHOWN 1
| #define HAVE_FCHMOD 1
| #define HAVE_FCHOWN 1
| #define GL_CRC_SLICE_BY_8 1
| #define GL_CRC_X86_64_PCLMUL 1
| #define HAVE_DECL_STRERROR_R 1
| #define HAVE_STRERROR_R 1
| #define HAVE_DECL_FCHDIR 1
| #define FUNC_FFLUSH_STDIN 1
| #define HAVE_WORKING_O_NOATIME 1
| #define HAVE_WORKING_O_NOFOLLOW 1
| /* end confdefs.h.  */
| #include <sys/types.h>
| int
| main (void)
| {
| typedef int array[2 * (sizeof (mode_t) < sizeof (int)) - 1];
|   ;
|   return 0;
| }
configure:12582: result: mode_t
configure:12588: checking whether fdatasync is declared
configure:12588: gcc -c -g -O2   conftest.c >&5
configure:12588: $? = 0
configure:12588: result: yes
configure:12608: checking whether fopen recognizes a trailing slash
configure:12640: gcc -o conftest -g -O2   conftest.c  >&5
configure:12640: $? = 0
configure:12640: ./conftest
configure:12640: $? = 0
configure:12656: result: yes
configure:12670: checking for stdint.h
configure:12688: gcc -c -g -O2  conftest.c >&5
configure:12688: $? = 0
configure:12698: result: yes
configure:12707: checking for inttypes.h
configure:12727: gcc -c -g -O2  conftest.c >&5
configure:12727: $? = 0
configure:12737: result: yes
configure:12749: checking whether printf supports size specifiers as in C99
configure:12850: gcc -o conftest -g -O2   conftest.c  >&5
configure:12850: $? = 0
configure:12850: ./conftest
configure:12850: $? = 0
configure:12865: result: yes
configure:12872: checking whether printf supports size specifiers as in C23
configure:12952: gcc -o conftest -g -O2   conftest.c  >&5
configure:12952: $? = 0
configure:12952: ./conftest
configure:12952: $? = 15
configure: program exited with status 15
configure: failed program was:
| /* confdefs.h */
| #define PACKAGE_NAME "gzip"
| #define PACKAGE_TARNAME "gzip"
| #define PACKAGE_VERSION "1.14"
| #define PACKAGE_STRING "gzip 1.14"
| #define PACKAGE_BUGREPORT "bug-gzip@gnu.org"
| #define PACKAGE_URL ""
| #define PACKAGE "gzip"
| #define VERSION "1.14"
| #define HAVE_STDIO_H 1
| #define HAVE_STDLIB_H 1
| #define HAVE_STRING_H 1
| #define HAVE_INTTYPES_H 1
| #define HAVE_STDINT_H 1
| #define HAVE_STRINGS_H 1
| #define HAVE_SYS_STAT_H 1
| #define HAVE_SYS_TYPES_H 1
| #define HAVE_UNISTD_H 1
| #define HAVE_WCHAR_H 1
| #define HAVE_STDBOOL_H 1
| #define HAVE_BYTESWAP_H 1
| #define HAVE_SYS_PARAM_H 1
| #define HAVE_SYS_SOCKET_H 1
| #define HAVE_DIRENT_H 1
| #define HAVE_ENDIAN_H 1
| #define HAVE_FEATURES_H 1
| #define HAVE_STDIO_EXT_H 1
| #define HAVE_GETOPT_H 1
| #define HAVE_SYS_TIME_H 1
| #define HAVE_LIMITS_H 1
| #define HAVE_MATH_H 1
| #define HAVE_SYS_MMAN_H 1
| #define HAVE_STDCKDINT_H 1
| #define HAVE_UTIME_H 1
| #define HAVE_FCNTL_H 1
| #define HAVE_MEMORY_H 1
| #define HAVE_TIME_H 1
| #define STDC_HEADERS 1
| #define _ALL_SOURCE 1
| #define _COSMO_SOURCE 1
| #define _DARWIN_C_SOURCE 1
| #define _GNU_SOURCE 1
| #define _HPUX_ALT_XOPEN_SOCKET_API 1
| #define _NETBSD_SOURCE 1
| #define _OPENBSD_SOURCE 1
| #define _POSIX_PTHREAD_SEMANTICS 1
| #define __STDC_WANT_IEC_60559_ATTRIBS_EXT__ 1
| #define __STDC_WANT_IEC_60559_BFP_EXT__ 1
| #define __STDC_WANT_IEC_60559_DFP_EXT__ 1
| #define __STDC_WANT_IEC_60559_EXT__ 1
| #define __STDC_WANT_IEC_60559_FUNCS_EXT__ 1
| #define __STDC_WANT_IEC_60559_TYPES_EXT__ 1
| #define __STDC_WANT_LIB_EXT2__ 1
| #define __STDC_WANT_MATH_SPEC_FUNCS__ 1
| #define _TANDEM_SOURCE 1
| #define __EXTENSIONS__ 1
| #define _LINUX_SOURCE_COMPAT 1
| #define __USE_MINGW_ANSI_STDIO 1
| #define HAVE_ALLOCA_H 1
| #define HAVE_ALLOCA 1
| #define HAVE_MALLOC_PTRDIFF 1
| #define HAVE_MALLOC_POSIX 1
| #define HAVE_FCHDIR 1
| #define HAVE_FCNTL 1
| #define HAVE_SYMLINK 1
| #define HAVE_FDOPENDIR 1
| #define HAVE_SNPRINTF 1
| #define HAVE_FPURGE 1
| #define HAVE_FSYNC 1
| #define HAVE_GETDTABLESIZE 1
| #define HAVE_GETTIMEOFDAY 1
| #define HAVE_LSTAT 1
| #define HAVE_MBSINIT 1
| #define HAVE_MBRTOWC 1
| #define HAVE_MPROTECT 1
| #define HAVE_OPENAT 1
| #define HAVE_PIPE 1
| #define HAVE_QSORT_R 1
| #define HAVE_SIGACTION 1
| #define HAVE_SIGALTSTACK 1
| #define HAVE_SIGINTERRUPT 1
| #define HAVE_UNLINKAT 1
| #define HAVE_CHOWN 1
| #define HAVE_FCHMOD 1
| #define HAVE_FCHOWN 1
| #define GL_CRC_SLICE_BY_8 1
| #define GL_CRC_X86_64_PCLMUL 1
| #define HAVE_DECL_STRERROR_R 1
| #define HAVE_STRERROR_R 1
| #define HAVE_DECL_FCHDIR 1
| #define FUNC_FFLUSH_STDIN 1
| #define HAVE_WORKING_O_NOATIME 1
| #define HAVE_WORKING_O_NOFOLLOW 1
| #define PROMOTED_MODE_T mode_t
| #define HAVE_DECL_FDATASYNC 1
| #define HAVE_STDINT_H_WITH_UINTMAX 1
| #define HAVE_INTTYPES_H_WITH_UINTMAX 1
| /* end confdefs.h.  */
| 
| #include <stddef.h>
| #include <stdio.h>
| #include <string.h>
| #include <sys/types.h>
| #if HAVE_STDINT_H_WITH_UINTMAX
| # include <stdint.h>
| #endif
| #if HAVE_INTTYPES_H_WITH_UINTMAX
| # include <inttypes.h>
| #endif
| static char buf[100];
| int main ()
| {
|   int result = 0;
|   buf[0] = '\0';
|   if (sprintf (buf, "%w8u %d", (uint8_t) 123, 33, 44, 55) < 0
|       || strcmp (buf, "123 33") != 0)
|     result |= 1;
|   buf[0] = '\0';
|   if (sprintf (buf, "%wf8u %d", (uint_fast8_t) 123, 33, 44, 55) < 0
|       || strcmp (buf, "123 33") != 0)
|     result |= 1;
|   buf[0] = '\0';
|   if (sprintf (buf, "%w16u %d", (uint16_t) 12345, 33, 44, 55) < 0
|       || strcmp (buf, "12345 33") != 0)
|     result |= 2;
|   buf[0] = '\0';
|   if (sprintf (buf, "%wf16u %d", (uint_fast16_t) 12345, 33, 44, 55) < 0
|       || strcmp (buf, "12345 33") != 0)
|     result |= 2;
|   buf[0] = '\0';
|   if (sprintf (buf, "%w32u %d", (uint32_t) 12345671, 33, 44, 55) < 0
|       || strcmp (buf, "12345671 33") != 0)
|     result |= 4;
|   buf[0] = '\0';
|   if (sprintf (buf, "%wf32u %d", (uint_fast32_t) 12345671, 33, 44, 55) < 0
|       || strcmp (buf, "12345671 33") != 0)
|     result |= 4;
| #if HAVE_STDINT_H_WITH_UINTMAX || HAVE_INTTYPES_H_WITH_UINTMAX
|   buf[0] = '\0';
|   if (sprintf (buf, "%w64u %d", (uint64_t) 12345671, 33, 44, 55) < 0
|       || strcmp (buf, "12345671 33") != 0)
|     result |= 8;
|   buf[0] = '\0';
|   if (sprintf (buf, "%wf64u %d", (uint_fast64_t) 12345671, 33, 44, 55) < 0
|       || strcmp (buf, "12345671 33") != 0)
|     result |= 8;
| #else
|   result |= 8;
| #endif
|   return result;
| }
configure:12967: result: no
configure:12972: checking whether printf supports 'long double' arguments
configure:13035: gcc -o conftest -g -O2   conftest.c  >&5
configure:13035: $? = 0
configure:13035: ./conftest
configure:13035: $? = 0
configure:13050: result: yes
configure:13055: checking whether printf supports infinite 'double' arguments
configure:13187: gcc -o conftest -g -O2   conftest.c  >&5
configure:13187: $? = 0
configure:13187: ./conftest
configure:13187: $? = 0
configure:13202: result: yes
configure:13206: checking whether long double and double are the same
configure:13228: gcc -c -g -O2  conftest.c >&5
conftest.c: In function 'main':
conftest.c:103:13: error: size of array 'check' is negative
  103 | typedef int check[sizeof (long double) == sizeof (double)
      |             ^~~~~
configure:13228: $? = 1
configure: failed program was:
| /* confdefs.h */
| #define PACKAGE_NAME "gzip"
| #define PACKAGE_TARNAME "gzip"
| #define PACKAGE_VERSION "1.14"
| #define PACKAGE_STRING "gzip 1.14"
| #define PACKAGE_BUGREPORT "bug-gzip@gnu.org"
| #define PACKAGE_URL ""
| #define PACKAGE "gzip"
| #define VERSION "1.14"
| #define HAVE_STDIO_H 1
| #define HAVE_STDLIB_H 1
| #define HAVE_STRING_H 1
| #define HAVE_INTTYPES_H 1
| #define HAVE_STDINT_H 1
| #define HAVE_STRINGS_H 1
| #define HAVE_SYS_STAT_H 1
| #define HAVE_SYS_TYPES_H 1
| #define HAVE_UNISTD_H 1
| #define HAVE_WCHAR_H 1
| #define HAVE_STDBOOL_H 1
| #define HAVE_BYTESWAP_H 1
| #define HAVE_SYS_PARAM_H 1
| #define HAVE_SYS_SOCKET_H 1
| #define HAVE_DIRENT_H 1
| #define HAVE_ENDIAN_H 1
| #define HAVE_FEATURES_H 1
| #define HAVE_STDIO_EXT_H 1
| #define HAVE_GETOPT_H 1
| #define HAVE_SYS_TIME_H 1
| #define HAVE_LIMITS_H 1
| #define HAVE_MATH_H 1
| #define HAVE_SYS_MMAN_H 1
| #define HAVE_STDCKDINT_H 1
| #define HAVE_UTIME_H 1
| #define HAVE_FCNTL_H 1
| #define HAVE_MEMORY_H 1
| #define HAVE_TIME_H 1
| #define STDC_HEADERS 1
| #define _ALL_SOURCE 1
| #define _COSMO_SOURCE 1
| #define _DARWIN_C_SOURCE 1
| #define _GNU_SOURCE 1
| #define _HPUX_ALT_XOPEN_SOCKET_API 1
| #define _NETBSD_SOURCE 1
| #define _OPENBSD_SOURCE 1
| #define _POSIX_PTHREAD_SEMANTICS 1
| #define __STDC_WANT_IEC_60559_ATTRIBS_EXT__ 1
| #define __STDC_WANT_IEC_60559_BFP_EXT__ 1
| #define __STDC_WANT_IEC_60559_DFP_EXT__ 1
| #define __STDC_WANT_IEC_60559_EXT__ 1
| #define __STDC_WANT_IEC_60559_FUNCS_EXT__ 1
| #define __STDC_WANT_IEC_60559_TYPES_EXT__ 1
| #define __STDC_WANT_LIB_EXT2__ 1
| #define __STDC_WANT_MATH_SPEC_FUNCS__ 1
| #define _TANDEM_SOURCE 1
| #define __EXTENSIONS__ 1
| #define _LINUX_SOURCE_COMPAT 1
| #define __USE_MINGW_ANSI_STDIO 1
| #define HAVE_ALLOCA_H 1
| #define HAVE_ALLOCA 1
| #define HAVE_MALLOC_PTRDIFF 1
| #define HAVE_MALLOC_POSIX 1
| #define HAVE_FCHDIR 1
| #define HAVE_FCNTL 1
| #define HAVE_SYMLINK 1
| #define HAVE_FDOPENDIR 1
| #define HAVE_SNPRINTF 1
| #define HAVE_FPURGE 1
| #define HAVE_FSYNC 1
| #define HAVE_GETDTABLESIZE 1
| #define HAVE_GETTIMEOFDAY 1
| #define HAVE_LSTAT 1
| #define HAVE_MBSINIT 1
| #define HAVE_MBRTOWC 1
| #define HAVE_MPROTECT 1
| #define HAVE_OPENAT 1
| #define HAVE_PIPE 1
| #define HAVE_QSORT_R 1
| #define HAVE_SIGACTION 1
| #define HAVE_SIGALTSTACK 1
| #define HAVE_SIGINTERRUPT 1
| #define HAVE_UNLINKAT 1
| #define HAVE_CHOWN 1
| #define HAVE_FCHMOD 1
| #define HAVE_FCHOWN 1
| #define GL_CRC_SLICE_BY_8 1
| #define GL_CRC_X86_64_PCLMUL 1
| #define HAVE_DECL_STRERROR_R 1
| #define HAVE_STRERROR_R 1
| #define HAVE_DECL_FCHDIR 1
| #define FUNC_FFLUSH_STDIN 1
| #define HAVE_WORKING_O_NOATIME 1
| #define HAVE_WORKING_O_NOFOLLOW 1
| #define PROMOTED_MODE_T mode_t
| #define HAVE_DECL_FDATASYNC 1
| #define HAVE_STDINT_H_WITH_UINTMAX 1
| #define HAVE_INTTYPES_H_WITH_UINTMAX 1
| /* end confdefs.h.  */
| #include <float.h>
| int
| main (void)
| {
| typedef int check[sizeof (long double) == sizeof (double)
|                               && LDBL_MANT_DIG == DBL_MANT_DIG
|                               && LDBL_MAX_EXP == DBL_MAX_EXP
|                               && LDBL_MIN_EXP == DBL_MIN_EXP
|                               ? 1 : -1];
| 
|   ;
|   return 0;
| }
configure:13239: result: no
configure:13263: checking whether printf supports infinite 'long double' arguments
configure:13586: gcc -o conftest -g -O2   conftest.c  >&5
configure:13586: $? = 0
configure:13586: ./conftest
configure:13586: $? = 0
configure:13601: result: yes
configure:13611: checking whether printf supports the 'a' and 'A' directives
configure:13720: gcc -o conftest -g -O2   conftest.c  >&5
configure:13720: $? = 0
configure:13720: ./conftest
configure:13720: $? = 0
configure:13735: result: yes
configure:13740: checking whether printf supports the 'b' directive
configure:13801: gcc -o conftest -g -O2   conftest.c  >&5
configure:13801: $? = 0
configure:13801: ./conftest
configure:13801: $? = 1
configure: program exited with status 1
configure: failed program was:
| /* confdefs.h */
| #define PACKAGE_NAME "gzip"
| #define PACKAGE_TARNAME "gzip"
| #define PACKAGE_VERSION "1.14"
| #define PACKAGE_STRING "gzip 1.14"
| #define PACKAGE_BUGREPORT "bug-gzip@gnu.org"
| #define PACKAGE_URL ""
| #define PACKAGE "gzip"
| #define VERSION "1.14"
| #define HAVE_STDIO_H 1
| #define HAVE_STDLIB_H 1
| #define HAVE_STRING_H 1
| #define HAVE_INTTYPES_H 1
| #define HAVE_STDINT_H 1
| #define HAVE_STRINGS_H 1
| #define HAVE_SYS_STAT_H 1
| #define HAVE_SYS_TYPES_H 1
| #define HAVE_UNISTD_H 1
| #define HAVE_WCHAR_H 1
| #define HAVE_STDBOOL_H 1
| #define HAVE_BYTESWAP_H 1
| #define HAVE_SYS_PARAM_H 1
| #define HAVE_SYS_SOCKET_H 1
| #define HAVE_DIRENT_H 1
| #define HAVE_ENDIAN_H 1
| #define HAVE_FEATURES_H 1
| #define HAVE_STDIO_EXT_H 1
| #define HAVE_GETOPT_H 1
| #define HAVE_SYS_TIME_H 1
| #define HAVE_LIMITS_H 1
| #define HAVE_MATH_H 1
| #define HAVE_SYS_MMAN_H 1
| #define HAVE_STDCKDINT_H 1
| #define HAVE_UTIME_H 1
| #define HAVE_FCNTL_H 1
| #define HAVE_MEMORY_H 1
| #define HAVE_TIME_H 1
| #define STDC_HEADERS 1
| #define _ALL_SOURCE 1
| #define _COSMO_SOURCE 1
| #define _DARWIN_C_SOURCE 1
| #define _GNU_SOURCE 1
| #define _HPUX_ALT_XOPEN_SOCKET_API 1
| #define _NETBSD_SOURCE 1
| #define _OPENBSD_SOURCE 1
| #define _POSIX_PTHREAD_SEMANTICS 1
| #define __STDC_WANT_IEC_60559_ATTRIBS_EXT__ 1
| #define __STDC_WANT_IEC_60559_BFP_EXT__ 1
| #define __STDC_WANT_IEC_60559_DFP_EXT__ 1
| #define __STDC_WANT_IEC_60559_EXT__ 1
| #define __STDC_WANT_IEC_60559_FUNCS_EXT__ 1
| #define __STDC_WANT_IEC_60559_TYPES_EXT__ 1
| #define __STDC_WANT_LIB_EXT2__ 1
| #define __STDC_WANT_MATH_SPEC_FUNCS__ 1
| #define _TANDEM_SOURCE 1
| #define __EXTENSIONS__ 1
| #define _LINUX_SOURCE_COMPAT 1
| #define __USE_MINGW_ANSI_STDIO 1
| #define HAVE_ALLOCA_H 1
| #define HAVE_ALLOCA 1
| #define HAVE_MALLOC_PTRDIFF 1
| #define HAVE_MALLOC_POSIX 1
| #define HAVE_FCHDIR 1
| #define HAVE_FCNTL 1
| #define HAVE_SYMLINK 1
| #define HAVE_FDOPENDIR 1
| #define HAVE_SNPRINTF 1
| #define HAVE_FPURGE 1
| #define HAVE_FSYNC 1
| #define HAVE_GETDTABLESIZE 1
| #define HAVE_GETTIMEOFDAY 1
| #define HAVE_LSTAT 1
| #define HAVE_MBSINIT 1
| #define HAVE_MBRTOWC 1
| #define HAVE_MPROTECT 1
| #define HAVE_OPENAT 1
| #define HAVE_PIPE 1
| #define HAVE_QSORT_R 1
| #define HAVE_SIGACTION 1
| #define HAVE_SIGALTSTACK 1
| #define HAVE_SIGINTERRUPT 1
| #define HAVE_UNLINKAT 1
| #define HAVE_CHOWN 1
| #define HAVE_FCHMOD 1
| #define HAVE_FCHOWN 1
| #define GL_CRC_SLICE_BY_8 1
| #define GL_CRC_X86_64_PCLMUL 1
| #define HAVE_DECL_STRERROR_R 1
| #define HAVE_STRERROR_R 1
| #define HAVE_DECL_FCHDIR 1
| #define FUNC_FFLUSH_STDIN 1
| #define HAVE_WORKING_O_NOATIME 1
| #define HAVE_WORKING_O_NOFOLLOW 1
| #define PROMOTED_MODE_T mode_t
| #define HAVE_DECL_FDATASYNC 1
| #define HAVE_STDINT_H_WITH_UINTMAX 1
| #define HAVE_INTTYPES_H_WITH_UINTMAX 1
| #define CHECK_PRINTF_SAFE 1
| /* end confdefs.h.  */
| 
| #include <stdio.h>
| #include <string.h>
| static char buf[100];
| int main ()
| {
|   int result = 0;
|   if (sprintf (buf, "%b %d", 12345, 33, 44, 55) < 0
|       || strcmp (buf, "11000000111001 33") != 0)
|     result |= 1;
|   return result;
| }
configure:13816: result: no
configure:13821: checking whether printf supports the 'F' directive
configure:13900: gcc -o conftest -g -O2   conftest.c  >&5
configure:13900: $? = 0
configure:13900: ./conftest
configure:13900: $? = 0
configure:13915: result: yes
configure:13920: checking whether printf supports the 'ls' directive
configure:13993: gcc -o conftest -g -O2   conftest.c  >&5
configure:13993: $? = 0
configure:13993: ./conftest
configure:13993: $? = 0
configure:14008: result: yes
configure:14013: checking whether printf supports the 'lc' directive correctly
configure:14051: gcc -o conftest -g -O2   conftest.c  >&5
configure:14051: $? = 0
configure:14051: ./conftest
configure:14051: $? = 0
configure:14066: result: yes
configure:14071: checking whether printf supports POSIX/XSI format strings with positions
configure:14112: gcc -o conftest -g -O2   conftest.c  >&5
configure:14112: $? = 0
configure:14112: ./conftest
configure:14112: $? = 0
configure:14127: result: yes
configure:14132: checking whether printf supports the grouping flag
configure:14167: gcc -o conftest -g -O2   conftest.c  >&5
configure:14167: $? = 0
configure:14167: ./conftest
configure:14167: $? = 0
configure:14182: result: yes
configure:14187: checking whether printf supports the left-adjust flag correctly
configure:14226: gcc -o conftest -g -O2   conftest.c  >&5
configure:14226: $? = 0
configure:14226: ./conftest
configure:14226: $? = 0
configure:14241: result: yes
configure:14246: checking whether printf supports the zero flag correctly
configure:14288: gcc -o conftest -g -O2   conftest.c  >&5
configure:14288: $? = 0
configure:14288: ./conftest
configure:14288: $? = 0
configure:14303: result: yes
configure:14308: checking whether printf supports the alternative flag with a zero precision
configure:14342: gcc -o conftest -g -O2   conftest.c  >&5
configure:14342: $? = 0
configure:14342: ./conftest
configure:14342: $? = 0
configure:14357: result: yes
configure:14362: checking whether printf supports large precisions
configure:14409: gcc -o conftest -g -O2   conftest.c  >&5
configure:14409: $? = 0
configure:14409: ./conftest
configure:14409: $? = 0
configure:14424: result: yes
configure:14428: checking whether the compiler produces multi-arch binaries
configure:14443: gcc -c -g -O2  conftest.c >&5
conftest.c:101:13: error: unknown type name 'not'
  101 |             not a universal capable compiler
      |             ^~~
conftest.c:101:19: error: expected '=', ',', ';', 'asm' or '__attribute__' before 'universal'
  101 |             not a universal capable compiler
      |                   ^~~~~~~~~
conftest.c:101:19: error: unknown type name 'universal'
configure:14443: $? = 1
configure: failed program was:
| /* confdefs.h */
| #define PACKAGE_NAME "gzip"
| #define PACKAGE_TARNAME "gzip"
| #define PACKAGE_VERSION "1.14"
| #define PACKAGE_STRING "gzip 1.14"
| #define PACKAGE_BUGREPORT "bug-gzip@gnu.org"
| #define PACKAGE_URL ""
| #define PACKAGE "gzip"
| #define VERSION "1.14"
| #define HAVE_STDIO_H 1
| #define HAVE_STDLIB_H 1
| #define HAVE_STRING_H 1
| #define HAVE_INTTYPES_H 1
| #define HAVE_STDINT_H 1
| #define HAVE_STRINGS_H 1
| #define HAVE_SYS_STAT_H 1
| #define HAVE_SYS_TYPES_H 1
| #define HAVE_UNISTD_H 1
| #define HAVE_WCHAR_H 1
| #define HAVE_STDBOOL_H 1
| #define HAVE_BYTESWAP_H 1
| #define HAVE_SYS_PARAM_H 1
| #define HAVE_SYS_SOCKET_H 1
| #define HAVE_DIRENT_H 1
| #define HAVE_ENDIAN_H 1
| #define HAVE_FEATURES_H 1
| #define HAVE_STDIO_EXT_H 1
| #define HAVE_GETOPT_H 1
| #define HAVE_SYS_TIME_H 1
| #define HAVE_LIMITS_H 1
| #define HAVE_MATH_H 1
| #define HAVE_SYS_MMAN_H 1
| #define HAVE_STDCKDINT_H 1
| #define HAVE_UTIME_H 1
| #define HAVE_FCNTL_H 1
| #define HAVE_MEMORY_H 1
| #define HAVE_TIME_H 1
| #define STDC_HEADERS 1
| #define _ALL_SOURCE 1
| #define _COSMO_SOURCE 1
| #define _DARWIN_C_SOURCE 1
| #define _GNU_SOURCE 1
| #define _HPUX_ALT_XOPEN_SOCKET_API 1
| #define _NETBSD_SOURCE 1
| #define _OPENBSD_SOURCE 1
| #define _POSIX_PTHREAD_SEMANTICS 1
| #define __STDC_WANT_IEC_60559_ATTRIBS_EXT__ 1
| #define __STDC_WANT_IEC_60559_BFP_EXT__ 1
| #define __STDC_WANT_IEC_60559_DFP_EXT__ 1
| #define __STDC_WANT_IEC_60559_EXT__ 1
| #define __STDC_WANT_IEC_60559_FUNCS_EXT__ 1
| #define __STDC_WANT_IEC_60559_TYPES_EXT__ 1
| #define __STDC_WANT_LIB_EXT2__ 1
| #define __STDC_WANT_MATH_SPEC_FUNCS__ 1
| #define _TANDEM_SOURCE 1
| #define __EXTENSIONS__ 1
| #define _LINUX_SOURCE_COMPAT 1
| #define __USE_MINGW_ANSI_STDIO 1
| #define HAVE_ALLOCA_H 1
| #define HAVE_ALLOCA 1
| #define HAVE_MALLOC_PTRDIFF 1
| #define HAVE_MALLOC_POSIX 1
| #define HAVE_FCHDIR 1
| #define HAVE_FCNTL 1
| #define HAVE_SYMLINK 1
| #define HAVE_FDOPENDIR 1
| #define HAVE_SNPRINTF 1
| #define HAVE_FPURGE 1
| #define HAVE_FSYNC 1
| #define HAVE_GETDTABLESIZE 1
| #define HAVE_GETTIMEOFDAY 1
| #define HAVE_LSTAT 1
| #define HAVE_MBSINIT 1
| #define HAVE_MBRTOWC 1
| #define HAVE_MPROTECT 1
| #define HAVE_OPENAT 1
| #define HAVE_PIPE 1
| #define HAVE_QSORT_R 1
| #define HAVE_SIGACTION 1
| #define HAVE_SIGALTSTACK 1
| #define HAVE_SIGINTERRUPT 1
| #define HAVE_UNLINKAT 1
| #define HAVE_CHOWN 1
| #define HAVE_FCHMOD 1
| #define HAVE_FCHOWN 1
| #define GL_CRC_SLICE_BY_8 1
| #define GL_CRC_X86_64_PCLMUL 1
| #define HAVE_DECL_STRERROR_R 1
| #define HAVE_STRERROR_R 1
| #define HAVE_DECL_FCHDIR 1
| #define FUNC_FFLUSH_STDIN 1
| #define HAVE_WORKING_O_NOATIME 1
| #define HAVE_WORKING_O_NOFOLLOW 1
| #define PROMOTED_MODE_T mode_t
| #define HAVE_DECL_FDATASYNC 1
| #define HAVE_STDINT_H_WITH_UINTMAX 1
| #define HAVE_INTTYPES_H_WITH_UINTMAX 1
| #define CHECK_PRINTF_SAFE 1
| /* end confdefs.h.  */
| #ifndef __APPLE_CC__
|             not a universal capable compiler
|            #endif
|            typedef int dummy;
| 
configure:14472: result: no
configure:14484: checking whether printf survives out-of-memory conditions
configure:14657: gcc -o conftest -g -O2   conftest.c  >&5
configure:14660: $? = 0
configure:14664: $? = 0
configure:14712: result: yes
configure:14818: checking whether snprintf returns a byte count as in C99
configure:14915: gcc -o conftest -g -O2   conftest.c  >&5
configure:14915: $? = 0
configure:14915: ./conftest
configure:14915: $? = 0
configure:14930: result: yes
configure:14936: checking whether snprintf truncates the result as in C99
configure:15021: gcc -o conftest -g -O2   conftest.c  >&5
configure:15021: $? = 0
configure:15021: ./conftest
configure:15021: $? = 0
configure:15036: result: yes
configure:15040: checking for wint_t
configure:15058: gcc -c -g -O2  conftest.c >&5
configure:15058: $? = 0
configure:15068: result: yes
configure:15075: checking whether wint_t is large enough
configure:15094: gcc -c -g -O2  conftest.c >&5
configure:15094: $? = 0
configure:15104: result: yes
configure:15117: checking where to find the exponent in a 'double'
configure:15451: gcc -o conftest -g -O2   conftest.c  >&5
configure:15451: $? = 0
configure:15451: ./conftest
configure:15451: $? = 0
configure:15467: result: word 1 bit 20
configure:15485: checking for wcslen
configure:15485: gcc -o conftest -g -O2   conftest.c  >&5
configure:15485: $? = 0
configure:15485: result: yes
configure:15495: checking for snprintf
configure:15495: result: yes
configure:15501: checking for strnlen
configure:15501: gcc -o conftest -g -O2   conftest.c  >&5
conftest.c:121:6: warning: conflicting types for built-in function 'strnlen'; expected 'long unsigned int(const char *, long unsigned int)' [-Wbuiltin-declaration-mismatch]
  121 | char strnlen (void);
      |      ^~~~~~~
configure:15501: $? = 0
configure:15501: result: yes
configure:15507: checking for wcrtomb
configure:15507: gcc -o conftest -g -O2   conftest.c  >&5
configure:15507: $? = 0
configure:15507: result: yes
configure:15514: checking whether _snprintf is declared
configure:15514: gcc -c -g -O2   conftest.c >&5
conftest.c: In function 'main':
conftest.c:116:10: error: '_snprintf' undeclared (first use in this function); did you mean 'vsnprintf'?
  116 |   (void) _snprintf;
      |          ^~~~~~~~~
      |          vsnprintf
conftest.c:116:10: note: each undeclared identifier is reported only once for each function it appears in
configure:15514: $? = 1
configure: failed program was:
| /* confdefs.h */
| #define PACKAGE_NAME "gzip"
| #define PACKAGE_TARNAME "gzip"
| #define PACKAGE_VERSION "1.14"
| #define PACKAGE_STRING "gzip 1.14"
| #define PACKAGE_BUGREPORT "bug-gzip@gnu.org"
| #define PACKAGE_URL ""
| #define PACKAGE "gzip"
| #define VERSION "1.14"
| #define HAVE_STDIO_H 1
| #define HAVE_STDLIB_H 1
| #define HAVE_STRING_H 1
| #define HAVE_INTTYPES_H 1
| #define HAVE_STDINT_H 1
| #define HAVE_STRINGS_H 1
| #define HAVE_SYS_STAT_H 1
| #define HAVE_SYS_TYPES_H 1
| #define HAVE_UNISTD_H 1
| #define HAVE_WCHAR_H 1
| #define HAVE_STDBOOL_H 1
| #define HAVE_BYTESWAP_H 1
| #define HAVE_SYS_PARAM_H 1
| #define HAVE_SYS_SOCKET_H 1
| #define HAVE_DIRENT_H 1
| #define HAVE_ENDIAN_H 1
| #define HAVE_FEATURES_H 1
| #define HAVE_STDIO_EXT_H 1
| #define HAVE_GETOPT_H 1
| #define HAVE_SYS_TIME_H 1
| #define HAVE_LIMITS_H 1
| #define HAVE_MATH_H 1
| #define HAVE_SYS_MMAN_H 1
| #define HAVE_STDCKDINT_H 1
| #define HAVE_UTIME_H 1
| #define HAVE_FCNTL_H 1
| #define HAVE_MEMORY_H 1
| #define HAVE_TIME_H 1
| #define STDC_HEADERS 1
| #define _ALL_SOURCE 1
| #define _COSMO_SOURCE 1
| #define _DARWIN_C_SOURCE 1
| #define _GNU_SOURCE 1
| #define _HPUX_ALT_XOPEN_SOCKET_API 1
| #define _NETBSD_SOURCE 1
| #define _OPENBSD_SOURCE 1
| #define _POSIX_PTHREAD_SEMANTICS 1
| #define __STDC_WANT_IEC_60559_ATTRIBS_EXT__ 1
| #define __STDC_WANT_IEC_60559_BFP_EXT__ 1
| #define __STDC_WANT_IEC_60559_DFP_EXT__ 1
| #define __STDC_WANT_IEC_60559_EXT__ 1
| #define __STDC_WANT_IEC_60559_FUNCS_EXT__ 1
| #define __STDC_WANT_IEC_60559_TYPES_EXT__ 1
| #define __STDC_WANT_LIB_EXT2__ 1
| #define __STDC_WANT_MATH_SPEC_FUNCS__ 1
| #define _TANDEM_SOURCE 1
| #define __EXTENSIONS__ 1
| #define _LINUX_SOURCE_COMPAT 1
| #define __USE_MINGW_ANSI_STDIO 1
| #define HAVE_ALLOCA_H 1
| #define HAVE_ALLOCA 1
| #define HAVE_MALLOC_PTRDIFF 1
| #define HAVE_MALLOC_POSIX 1
| #define HAVE_FCHDIR 1
| #define HAVE_FCNTL 1
| #define HAVE_SYMLINK 1
| #define HAVE_FDOPENDIR 1
| #define HAVE_SNPRINTF 1
| #define HAVE_FPURGE 1
| #define HAVE_FSYNC 1
| #define HAVE_GETDTABLESIZE 1
| #define HAVE_GETTIMEOFDAY 1
| #define HAVE_LSTAT 1
| #define HAVE_MBSINIT 1
| #define HAVE_MBRTOWC 1
| #define HAVE_MPROTECT 1
| #define HAVE_OPENAT 1
| #define HAVE_PIPE 1
| #define HAVE_QSORT_R 1
| #define HAVE_SIGACTION 1
| #define HAVE_SIGALTSTACK 1
| #define HAVE_SIGINTERRUPT 1
| #define HAVE_UNLINKAT 1
| #define HAVE_CHOWN 1
| #define HAVE_FCHMOD 1
| #define HAVE_FCHOWN 1
| #define GL_CRC_SLICE_BY_8 1
| #define GL_CRC_X86_64_PCLMUL 1
| #define HAVE_DECL_STRERROR_R 1
| #define HAVE_STRERROR_R 1
| #define HAVE_DECL_FCHDIR 1
| #define FUNC_FFLUSH_STDIN 1
| #define HAVE_WORKING_O_NOATIME 1
| #define HAVE_WORKING_O_NOFOLLOW 1
| #define PROMOTED_MODE_T mode_t
| #define HAVE_DECL_FDATASYNC 1
| #define HAVE_STDINT_H_WITH_UINTMAX 1
| #define HAVE_INTTYPES_H_WITH_UINTMAX 1
| #define CHECK_PRINTF_SAFE 1
| #define HAVE_WINT_T 1
| #define DBL_EXPBIT0_WORD 1
| #define DBL_EXPBIT0_BIT 20
| #define HAVE_WCSLEN 1
| #define HAVE_SNPRINTF 1
| #define HAVE_STRNLEN 1
| #define HAVE_WCRTOMB 1
| /* end confdefs.h.  */
| #include <stdio.h>
| 
| int
| main (void)
| {
| #ifndef _snprintf
| #ifdef __cplusplus
|   (void) _snprintf;
| #else
|   (void) _snprintf;
| #endif
| #endif
| 
|   ;
|   return 0;
| }
configure:15514: result: no
configure:15569: checking for intmax_t
configure:15595: gcc -c -g -O2  conftest.c >&5
configure:15595: $? = 0
configure:15605: result: yes
configure:15825: checking whether frexp() can be used without linking with libm
configure:15844: gcc -o conftest -g -O2   conftest.c  >&5
configure:15844: $? = 0
configure:15856: result: yes
configure:15859: checking whether alarm is declared
configure:15859: gcc -c -g -O2   conftest.c >&5
configure:15859: $? = 0
configure:15859: result: yes
configure:16352: checking whether stdin defaults to large file offsets
configure:16377: gcc -o conftest -g -O2   conftest.c  >&5
configure:16377: $? = 0
configure:16388: result: yes
configure:16488: checking for off64_t
configure:16506: gcc -c -g -O2  conftest.c >&5
conftest.c: In function 'main':
conftest.c:116:17: error: 'off64_t' undeclared (first use in this function); did you mean 'off_t'?
  116 | int x = sizeof (off64_t *) + sizeof (off64_t);
      |                 ^~~~~~~
      |                 off_t
conftest.c:116:17: note: each undeclared identifier is reported only once for each function it appears in
conftest.c:116:26: error: expected expression before ')' token
  116 | int x = sizeof (off64_t *) + sizeof (off64_t);
      |                          ^
configure:16506: $? = 1
configure: failed program was:
| /* confdefs.h */
| #define PACKAGE_NAME "gzip"
| #define PACKAGE_TARNAME "gzip"
| #define PACKAGE_VERSION "1.14"
| #define PACKAGE_STRING "gzip 1.14"
| #define PACKAGE_BUGREPORT "bug-gzip@gnu.org"
| #define PACKAGE_URL ""
| #define PACKAGE "gzip"
| #define VERSION "1.14"
| #define HAVE_STDIO_H 1
| #define HAVE_STDLIB_H 1
| #define HAVE_STRING_H 1
| #define HAVE_INTTYPES_H 1
| #define HAVE_STDINT_H 1
| #define HAVE_STRINGS_H 1
| #define HAVE_SYS_STAT_H 1
| #define HAVE_SYS_TYPES_H 1
| #define HAVE_UNISTD_H 1
| #define HAVE_WCHAR_H 1
| #define HAVE_STDBOOL_H 1
| #define HAVE_BYTESWAP_H 1
| #define HAVE_SYS_PARAM_H 1
| #define HAVE_SYS_SOCKET_H 1
| #define HAVE_DIRENT_H 1
| #define HAVE_ENDIAN_H 1
| #define HAVE_FEATURES_H 1
| #define HAVE_STDIO_EXT_H 1
| #define HAVE_GETOPT_H 1
| #define HAVE_SYS_TIME_H 1
| #define HAVE_LIMITS_H 1
| #define HAVE_MATH_H 1
| #define HAVE_SYS_MMAN_H 1
| #define HAVE_STDCKDINT_H 1
| #define HAVE_UTIME_H 1
| #define HAVE_FCNTL_H 1
| #define HAVE_MEMORY_H 1
| #define HAVE_TIME_H 1
| #define STDC_HEADERS 1
| #define _ALL_SOURCE 1
| #define _COSMO_SOURCE 1
| #define _DARWIN_C_SOURCE 1
| #define _GNU_SOURCE 1
| #define _HPUX_ALT_XOPEN_SOCKET_API 1
| #define _NETBSD_SOURCE 1
| #define _OPENBSD_SOURCE 1
| #define _POSIX_PTHREAD_SEMANTICS 1
| #define __STDC_WANT_IEC_60559_ATTRIBS_EXT__ 1
| #define __STDC_WANT_IEC_60559_BFP_EXT__ 1
| #define __STDC_WANT_IEC_60559_DFP_EXT__ 1
| #define __STDC_WANT_IEC_60559_EXT__ 1
| #define __STDC_WANT_IEC_60559_FUNCS_EXT__ 1
| #define __STDC_WANT_IEC_60559_TYPES_EXT__ 1
| #define __STDC_WANT_LIB_EXT2__ 1
| #define __STDC_WANT_MATH_SPEC_FUNCS__ 1
| #define _TANDEM_SOURCE 1
| #define __EXTENSIONS__ 1
| #define _LINUX_SOURCE_COMPAT 1
| #define __USE_MINGW_ANSI_STDIO 1
| #define HAVE_ALLOCA_H 1
| #define HAVE_ALLOCA 1
| #define HAVE_MALLOC_PTRDIFF 1
| #define HAVE_MALLOC_POSIX 1
| #define HAVE_FCHDIR 1
| #define HAVE_FCNTL 1
| #define HAVE_SYMLINK 1
| #define HAVE_FDOPENDIR 1
| #define HAVE_SNPRINTF 1
| #define HAVE_FPURGE 1
| #define HAVE_FSYNC 1
| #define HAVE_GETDTABLESIZE 1
| #define HAVE_GETTIMEOFDAY 1
| #define HAVE_LSTAT 1
| #define HAVE_MBSINIT 1
| #define HAVE_MBRTOWC 1
| #define HAVE_MPROTECT 1
| #define HAVE_OPENAT 1
| #define HAVE_PIPE 1
| #define HAVE_QSORT_R 1
| #define HAVE_SIGACTION 1
| #define HAVE_SIGALTSTACK 1
| #define HAVE_SIGINTERRUPT 1
| #define HAVE_UNLINKAT 1
| #define HAVE_CHOWN 1
| #define HAVE_FCHMOD 1
| #define HAVE_FCHOWN 1
| #define GL_CRC_SLICE_BY_8 1
| #define GL_CRC_X86_64_PCLMUL 1
| #define HAVE_DECL_STRERROR_R 1
| #define HAVE_STRERROR_R 1
| #define HAVE_DECL_FCHDIR 1
| #define FUNC_FFLUSH_STDIN 1
| #define HAVE_WORKING_O_NOATIME 1
| #define HAVE_WORKING_O_NOFOLLOW 1
| #define PROMOTED_MODE_T mode_t
| #define HAVE_DECL_FDATASYNC 1
| #define HAVE_STDINT_H_WITH_UINTMAX 1
| #define HAVE_INTTYPES_H_WITH_UINTMAX 1
| #define CHECK_PRINTF_SAFE 1
| #define HAVE_WINT_T 1
| #define DBL_EXPBIT0_WORD 1
| #define DBL_EXPBIT0_BIT 20
| #define HAVE_WCSLEN 1
| #define HAVE_SNPRINTF 1
| #define HAVE_STRNLEN 1
| #define HAVE_WCRTOMB 1
| #define HAVE_DECL__SNPRINTF 0
| #define HAVE_SNPRINTF_RETVAL_C99 1
| #define HAVE_SNPRINTF_TRUNCATION_C99 1
| #define HAVE_INTMAX_T 1
| #define HAVE_DECL_ALARM 1
| /* end confdefs.h.  */
| #include <sys/types.h>
| int
| main (void)
| {
| int x = sizeof (off64_t *) + sizeof (off64_t);
|             return !x;
|   ;
|   return 0;
| }
configure:16516: result: no
configure:16620: checking for blksize_t
configure:16620: gcc -c -g -O2  conftest.c >&5
configure:16620: $? = 0
configure:16620: gcc -c -g -O2  conftest.c >&5
conftest.c: In function 'main':
conftest.c:144:24: error: expected expression before ')' token
  144 | if (sizeof ((blksize_t)))
      |                        ^
configure:16620: $? = 1
configure: failed program was:
| /* confdefs.h */
| #define PACKAGE_NAME "gzip"
| #define PACKAGE_TARNAME "gzip"
| #define PACKAGE_VERSION "1.14"
| #define PACKAGE_STRING "gzip 1.14"
| #define PACKAGE_BUGREPORT "bug-gzip@gnu.org"
| #define PACKAGE_URL ""
| #define PACKAGE "gzip"
| #define VERSION "1.14"
| #define HAVE_STDIO_H 1
| #define HAVE_STDLIB_H 1
| #define HAVE_STRING_H 1
| #define HAVE_INTTYPES_H 1
| #define HAVE_STDINT_H 1
| #define HAVE_STRINGS_H 1
| #define HAVE_SYS_STAT_H 1
| #define HAVE_SYS_TYPES_H 1
| #define HAVE_UNISTD_H 1
| #define HAVE_WCHAR_H 1
| #define HAVE_STDBOOL_H 1
| #define HAVE_BYTESWAP_H 1
| #define HAVE_SYS_PARAM_H 1
| #define HAVE_SYS_SOCKET_H 1
| #define HAVE_DIRENT_H 1
| #define HAVE_ENDIAN_H 1
| #define HAVE_FEATURES_H 1
| #define HAVE_STDIO_EXT_H 1
| #define HAVE_GETOPT_H 1
| #define HAVE_SYS_TIME_H 1
| #define HAVE_LIMITS_H 1
| #define HAVE_MATH_H 1
| #define HAVE_SYS_MMAN_H 1
| #define HAVE_STDCKDINT_H 1
| #define HAVE_UTIME_H 1
| #define HAVE_FCNTL_H 1
| #define HAVE_MEMORY_H 1
| #define HAVE_TIME_H 1
| #define STDC_HEADERS 1
| #define _ALL_SOURCE 1
| #define _COSMO_SOURCE 1
| #define _DARWIN_C_SOURCE 1
| #define _GNU_SOURCE 1
| #define _HPUX_ALT_XOPEN_SOCKET_API 1
| #define _NETBSD_SOURCE 1
| #define _OPENBSD_SOURCE 1
| #define _POSIX_PTHREAD_SEMANTICS 1
| #define __STDC_WANT_IEC_60559_ATTRIBS_EXT__ 1
| #define __STDC_WANT_IEC_60559_BFP_EXT__ 1
| #define __STDC_WANT_IEC_60559_DFP_EXT__ 1
| #define __STDC_WANT_IEC_60559_EXT__ 1
| #define __STDC_WANT_IEC_60559_FUNCS_EXT__ 1
| #define __STDC_WANT_IEC_60559_TYPES_EXT__ 1
| #define __STDC_WANT_LIB_EXT2__ 1
| #define __STDC_WANT_MATH_SPEC_FUNCS__ 1
| #define _TANDEM_SOURCE 1
| #define __EXTENSIONS__ 1
| #define _LINUX_SOURCE_COMPAT 1
| #define __USE_MINGW_ANSI_STDIO 1
| #define HAVE_ALLOCA_H 1
| #define HAVE_ALLOCA 1
| #define HAVE_MALLOC_PTRDIFF 1
| #define HAVE_MALLOC_POSIX 1
| #define HAVE_FCHDIR 1
| #define HAVE_FCNTL 1
| #define HAVE_SYMLINK 1
| #define HAVE_FDOPENDIR 1
| #define HAVE_SNPRINTF 1
| #define HAVE_FPURGE 1
| #define HAVE_FSYNC 1
| #define HAVE_GETDTABLESIZE 1
| #define HAVE_GETTIMEOFDAY 1
| #define HAVE_LSTAT 1
| #define HAVE_MBSINIT 1
| #define HAVE_MBRTOWC 1
| #define HAVE_MPROTECT 1
| #define HAVE_OPENAT 1
| #define HAVE_PIPE 1
| #define HAVE_QSORT_R 1
| #define HAVE_SIGACTION 1
| #define HAVE_SIGALTSTACK 1
| #define HAVE_SIGINTERRUPT 1
| #define HAVE_UNLINKAT 1
| #define HAVE_CHOWN 1
| #define HAVE_FCHMOD 1
| #define HAVE_FCHOWN 1
| #define GL_CRC_SLICE_BY_8 1
| #define GL_CRC_X86_64_PCLMUL 1
| #define HAVE_DECL_STRERROR_R 1
| #define HAVE_STRERROR_R 1
| #define HAVE_DECL_FCHDIR 1
| #define FUNC_FFLUSH_STDIN 1
| #define HAVE_WORKING_O_NOATIME 1
| #define HAVE_WORKING_O_NOFOLLOW 1
| #define PROMOTED_MODE_T mode_t
| #define HAVE_DECL_FDATASYNC 1
| #define HAVE_STDINT_H_WITH_UINTMAX 1
| #define HAVE_INTTYPES_H_WITH_UINTMAX 1
| #define CHECK_PRINTF_SAFE 1
| #define HAVE_WINT_T 1
| #define DBL_EXPBIT0_WORD 1
| #define DBL_EXPBIT0_BIT 20
| #define HAVE_WCSLEN 1
| #define HAVE_SNPRINTF 1
| #define HAVE_STRNLEN 1
| #define HAVE_WCRTOMB 1
| #define HAVE_DECL__SNPRINTF 0
| #define HAVE_SNPRINTF_RETVAL_C99 1
| #define HAVE_SNPRINTF_TRUNCATION_C99 1
| #define HAVE_INTMAX_T 1
| #define HAVE_DECL_ALARM 1
| #define _USE_STD_STAT 1
| /* end confdefs.h.  */
| #include <stddef.h>
| #ifdef HAVE_STDIO_H
| # include <stdio.h>
| #endif
| #ifdef HAVE_STDLIB_H
| # include <stdlib.h>
| #endif
| #ifdef HAVE_STRING_H
| # include <string.h>
| #endif
| #ifdef HAVE_INTTYPES_H
| # include <inttypes.h>
| #endif
| #ifdef HAVE_STDINT_H
| # include <stdint.h>
| #endif
| #ifdef HAVE_STRINGS_H
| # include <strings.h>
| #endif
| #ifdef HAVE_SYS_TYPES_H
| # include <sys/types.h>
| #endif
| #ifdef HAVE_SYS_STAT_H
| # include <sys/stat.h>
| #endif
| #ifdef HAVE_UNISTD_H
| # include <unistd.h>
| #endif
| int
| main (void)
| {
| if (sizeof ((blksize_t)))
| 	    return 0;
|   ;
|   return 0;
| }
configure:16620: result: yes
configure:16631: checking for blkcnt_t
configure:16631: gcc -c -g -O2  conftest.c >&5
configure:16631: $? = 0
configure:16631: gcc -c -g -O2  conftest.c >&5
conftest.c: In function 'main':
conftest.c:144:23: error: expected expression before ')' token
  144 | if (sizeof ((blkcnt_t)))
      |                       ^
configure:16631: $? = 1
configure: failed program was:
| /* confdefs.h */
| #define PACKAGE_NAME "gzip"
| #define PACKAGE_TARNAME "gzip"
| #define PACKAGE_VERSION "1.14"
| #define PACKAGE_STRING "gzip 1.14"
| #define PACKAGE_BUGREPORT "bug-gzip@gnu.org"
| #define PACKAGE_URL ""
| #define PACKAGE "gzip"
| #define VERSION "1.14"
| #define HAVE_STDIO_H 1
| #define HAVE_STDLIB_H 1
| #define HAVE_STRING_H 1
| #define HAVE_INTTYPES_H 1
| #define HAVE_STDINT_H 1
| #define HAVE_STRINGS_H 1
| #define HAVE_SYS_STAT_H 1
| #define HAVE_SYS_TYPES_H 1
| #define HAVE_UNISTD_H 1
| #define HAVE_WCHAR_H 1
| #define HAVE_STDBOOL_H 1
| #define HAVE_BYTESWAP_H 1
| #define HAVE_SYS_PARAM_H 1
| #define HAVE_SYS_SOCKET_H 1
| #define HAVE_DIRENT_H 1
| #define HAVE_ENDIAN_H 1
| #define HAVE_FEATURES_H 1
| #define HAVE_STDIO_EXT_H 1
| #define HAVE_GETOPT_H 1
| #define HAVE_SYS_TIME_H 1
| #define HAVE_LIMITS_H 1
| #define HAVE_MATH_H 1
| #define HAVE_SYS_MMAN_H 1
| #define HAVE_STDCKDINT_H 1
| #define HAVE_UTIME_H 1
| #define HAVE_FCNTL_H 1
| #define HAVE_MEMORY_H 1
| #define HAVE_TIME_H 1
| #define STDC_HEADERS 1
| #define _ALL_SOURCE 1
| #define _COSMO_SOURCE 1
| #define _DARWIN_C_SOURCE 1
| #define _GNU_SOURCE 1
| #define _HPUX_ALT_XOPEN_SOCKET_API 1
| #define _NETBSD_SOURCE 1
| #define _OPENBSD_SOURCE 1
| #define _POSIX_PTHREAD_SEMANTICS 1
| #define __STDC_WANT_IEC_60559_ATTRIBS_EXT__ 1
| #define __STDC_WANT_IEC_60559_BFP_EXT__ 1
| #define __STDC_WANT_IEC_60559_DFP_EXT__ 1
| #define __STDC_WANT_IEC_60559_EXT__ 1
| #define __STDC_WANT_IEC_60559_FUNCS_EXT__ 1
| #define __STDC_WANT_IEC_60559_TYPES_EXT__ 1
| #define __STDC_WANT_LIB_EXT2__ 1
| #define __STDC_WANT_MATH_SPEC_FUNCS__ 1
| #define _TANDEM_SOURCE 1
| #define __EXTENSIONS__ 1
| #define _LINUX_SOURCE_COMPAT 1
| #define __USE_MINGW_ANSI_STDIO 1
| #define HAVE_ALLOCA_H 1
| #define HAVE_ALLOCA 1
| #define HAVE_MALLOC_PTRDIFF 1
| #define HAVE_MALLOC_POSIX 1
| #define HAVE_FCHDIR 1
| #define HAVE_FCNTL 1
| #define HAVE_SYMLINK 1
| #define HAVE_FDOPENDIR 1
| #define HAVE_SNPRINTF 1
| #define HAVE_FPURGE 1
| #define HAVE_FSYNC 1
| #define HAVE_GETDTABLESIZE 1
| #define HAVE_GETTIMEOFDAY 1
| #define HAVE_LSTAT 1
| #define HAVE_MBSINIT 1
| #define HAVE_MBRTOWC 1
| #define HAVE_MPROTECT 1
| #define HAVE_OPENAT 1
| #define HAVE_PIPE 1
| #define HAVE_QSORT_R 1
| #define HAVE_SIGACTION 1
| #define HAVE_SIGALTSTACK 1
| #define HAVE_SIGINTERRUPT 1
| #define HAVE_UNLINKAT 1
| #define HAVE_CHOWN 1
| #define HAVE_FCHMOD 1
| #define HAVE_FCHOWN 1
| #define GL_CRC_SLICE_BY_8 1
| #define GL_CRC_X86_64_PCLMUL 1
| #define HAVE_DECL_STRERROR_R 1
| #define HAVE_STRERROR_R 1
| #define HAVE_DECL_FCHDIR 1
| #define FUNC_FFLUSH_STDIN 1
| #define HAVE_WORKING_O_NOATIME 1
| #define HAVE_WORKING_O_NOFOLLOW 1
| #define PROMOTED_MODE_T mode_t
| #define HAVE_DECL_FDATASYNC 1
| #define HAVE_STDINT_H_WITH_UINTMAX 1
| #define HAVE_INTTYPES_H_WITH_UINTMAX 1
| #define CHECK_PRINTF_SAFE 1
| #define HAVE_WINT_T 1
| #define DBL_EXPBIT0_WORD 1
| #define DBL_EXPBIT0_BIT 20
| #define HAVE_WCSLEN 1
| #define HAVE_SNPRINTF 1
| #define HAVE_STRNLEN 1
| #define HAVE_WCRTOMB 1
| #define HAVE_DECL__SNPRINTF 0
| #define HAVE_SNPRINTF_RETVAL_C99 1
| #define HAVE_SNPRINTF_TRUNCATION_C99 1
| #define HAVE_INTMAX_T 1
| #define HAVE_DECL_ALARM 1
| #define _USE_STD_STAT 1
| /* end confdefs.h.  */
| #include <stddef.h>
| #ifdef HAVE_STDIO_H
| # include <stdio.h>
| #endif
| #ifdef HAVE_STDLIB_H
| # include <stdlib.h>
| #endif
| #ifdef HAVE_STRING_H
| # include <string.h>
| #endif
| #ifdef HAVE_INTTYPES_H
| # include <inttypes.h>
| #endif
| #ifdef HAVE_STDINT_H
| # include <stdint.h>
| #endif
| #ifdef HAVE_STRINGS_H
| # include <strings.h>
| #endif
| #ifdef HAVE_SYS_TYPES_H
| # include <sys/types.h>
| #endif
| #ifdef HAVE_SYS_STAT_H
| # include <sys/stat.h>
| #endif
| #ifdef HAVE_UNISTD_H
| # include <unistd.h>
| #endif
| int
| main (void)
| {
| if (sizeof ((blkcnt_t)))
| 	    return 0;
|   ;
|   return 0;
| }
configure:16631: result: yes
configure:16642: checking whether fseeko is declared
configure:16642: gcc -c -g -O2   conftest.c >&5
configure:16642: $? = 0
configure:16642: result: yes
configure:16660: checking for fseeko
configure:16679: gcc -o conftest -g -O2   conftest.c  >&5
configure:16679: $? = 0
configure:16691: result: yes
configure:16711: checking whether fflush works on input streams
configure:16801: result: yes
configure:16846: checking whether stat file-mode macros are broken
configure:16874: gcc -c -g -O2  conftest.c >&5
configure:16874: $? = 0
configure:16884: result: no
configure:16892: checking for C/C++ restrict keyword
configure:16922: gcc -c -g -O2  conftest.c >&5
configure:16922: $? = 0
configure:16932: result: __restrict__
configure:17041: checking for nlink_t
configure:17041: gcc -c -g -O2  conftest.c >&5
configure:17041: $? = 0
configure:17041: gcc -c -g -O2  conftest.c >&5
conftest.c: In function 'main':
conftest.c:122:22: error: expected expression before ')' token
  122 | if (sizeof ((nlink_t)))
      |                      ^
configure:17041: $? = 1
configure: failed program was:
| /* confdefs.h */
| #define PACKAGE_NAME "gzip"
| #define PACKAGE_TARNAME "gzip"
| #define PACKAGE_VERSION "1.14"
| #define PACKAGE_STRING "gzip 1.14"
| #define PACKAGE_BUGREPORT "bug-gzip@gnu.org"
| #define PACKAGE_URL ""
| #define PACKAGE "gzip"
| #define VERSION "1.14"
| #define HAVE_STDIO_H 1
| #define HAVE_STDLIB_H 1
| #define HAVE_STRING_H 1
| #define HAVE_INTTYPES_H 1
| #define HAVE_STDINT_H 1
| #define HAVE_STRINGS_H 1
| #define HAVE_SYS_STAT_H 1
| #define HAVE_SYS_TYPES_H 1
| #define HAVE_UNISTD_H 1
| #define HAVE_WCHAR_H 1
| #define HAVE_STDBOOL_H 1
| #define HAVE_BYTESWAP_H 1
| #define HAVE_SYS_PARAM_H 1
| #define HAVE_SYS_SOCKET_H 1
| #define HAVE_DIRENT_H 1
| #define HAVE_ENDIAN_H 1
| #define HAVE_FEATURES_H 1
| #define HAVE_STDIO_EXT_H 1
| #define HAVE_GETOPT_H 1
| #define HAVE_SYS_TIME_H 1
| #define HAVE_LIMITS_H 1
| #define HAVE_MATH_H 1
| #define HAVE_SYS_MMAN_H 1
| #define HAVE_STDCKDINT_H 1
| #define HAVE_UTIME_H 1
| #define HAVE_FCNTL_H 1
| #define HAVE_MEMORY_H 1
| #define HAVE_TIME_H 1
| #define STDC_HEADERS 1
| #define _ALL_SOURCE 1
| #define _COSMO_SOURCE 1
| #define _DARWIN_C_SOURCE 1
| #define _GNU_SOURCE 1
| #define _HPUX_ALT_XOPEN_SOCKET_API 1
| #define _NETBSD_SOURCE 1
| #define _OPENBSD_SOURCE 1
| #define _POSIX_PTHREAD_SEMANTICS 1
| #define __STDC_WANT_IEC_60559_ATTRIBS_EXT__ 1
| #define __STDC_WANT_IEC_60559_BFP_EXT__ 1
| #define __STDC_WANT_IEC_60559_DFP_EXT__ 1
| #define __STDC_WANT_IEC_60559_EXT__ 1
| #define __STDC_WANT_IEC_60559_FUNCS_EXT__ 1
| #define __STDC_WANT_IEC_60559_TYPES_EXT__ 1
| #define __STDC_WANT_LIB_EXT2__ 1
| #define __STDC_WANT_MATH_SPEC_FUNCS__ 1
| #define _TANDEM_SOURCE 1
| #define __EXTENSIONS__ 1
| #define _LINUX_SOURCE_COMPAT 1
| #define __USE_MINGW_ANSI_STDIO 1
| #define HAVE_ALLOCA_H 1
| #define HAVE_ALLOCA 1
| #define HAVE_MALLOC_PTRDIFF 1
| #define HAVE_MALLOC_POSIX 1
| #define HAVE_FCHDIR 1
| #define HAVE_FCNTL 1
| #define HAVE_SYMLINK 1
| #define HAVE_FDOPENDIR 1
| #define HAVE_SNPRINTF 1
| #define HAVE_FPURGE 1
| #define HAVE_FSYNC 1
| #define HAVE_GETDTABLESIZE 1
| #define HAVE_GETTIMEOFDAY 1
| #define HAVE_LSTAT 1
| #define HAVE_MBSINIT 1
| #define HAVE_MBRTOWC 1
| #define HAVE_MPROTECT 1
| #define HAVE_OPENAT 1
| #define HAVE_PIPE 1
| #define HAVE_QSORT_R 1
| #define HAVE_SIGACTION 1
| #define HAVE_SIGALTSTACK 1
| #define HAVE_SIGINTERRUPT 1
| #define HAVE_UNLINKAT 1
| #define HAVE_CHOWN 1
| #define HAVE_FCHMOD 1
| #define HAVE_FCHOWN 1
| #define GL_CRC_SLICE_BY_8 1
| #define GL_CRC_X86_64_PCLMUL 1
| #define HAVE_DECL_STRERROR_R 1
| #define HAVE_STRERROR_R 1
| #define HAVE_DECL_FCHDIR 1
| #define FUNC_FFLUSH_STDIN 1
| #define HAVE_WORKING_O_NOATIME 1
| #define HAVE_WORKING_O_NOFOLLOW 1
| #define PROMOTED_MODE_T mode_t
| #define HAVE_DECL_FDATASYNC 1
| #define HAVE_STDINT_H_WITH_UINTMAX 1
| #define HAVE_INTTYPES_H_WITH_UINTMAX 1
| #define CHECK_PRINTF_SAFE 1
| #define HAVE_WINT_T 1
| #define DBL_EXPBIT0_WORD 1
| #define DBL_EXPBIT0_BIT 20
| #define HAVE_WCSLEN 1
| #define HAVE_SNPRINTF 1
| #define HAVE_STRNLEN 1
| #define HAVE_WCRTOMB 1
| #define HAVE_DECL__SNPRINTF 0
| #define HAVE_SNPRINTF_RETVAL_C99 1
| #define HAVE_SNPRINTF_TRUNCATION_C99 1
| #define HAVE_INTMAX_T 1
| #define HAVE_DECL_ALARM 1
| #define _USE_STD_STAT 1
| #define HAVE_DECL_FSEEKO 1
| #define FUNC_FFLUSH_STDIN 1
| #define restrict __restrict__
| /* end confdefs.h.  */
| #include <sys/types.h>
|      #include <sys/stat.h>
| 
| int
| main (void)
| {
| if (sizeof ((nlink_t)))
| 	    return 0;
|   ;
|   return 0;
| }
configure:17041: result: yes
configure:17160: checking whether ftello is declared
configure:17160: gcc -c -g -O2   conftest.c >&5
configure:17160: $? = 0
configure:17160: result: yes
configure:17173: checking whether ungetc works on arbitrary bytes
configure:17234: gcc -o conftest -g -O2   conftest.c  >&5
configure:17234: $? = 0
configure:17234: ./conftest
configure:17234: $? = 0
configure:17249: result: yes
configure:17279: checking for ftello
configure:17297: gcc -o conftest -g -O2   conftest.c  >&5
configure:17297: $? = 0
configure:17309: result: yes
configure:17327: checking whether ftello works
configure:17407: gcc -o conftest -g -O2   conftest.c  >&5
configure:17407: $? = 0
configure:17407: ./conftest
configure:17407: $? = 0
configure:17422: result: yes
configure:17447: checking whether getcwd (NULL, 0) allocates memory for result
configure:17510: gcc -o conftest -g -O2   conftest.c  >&5
configure:17510: $? = 0
configure:17510: ./conftest
configure:17510: $? = 0
configure:17524: result: yes
configure:17528: checking for getcwd with POSIX signature
configure:17555: gcc -c -g -O2  conftest.c >&5
configure:17555: $? = 0
configure:17566: result: yes
configure:17570: checking whether getdtablesize is declared
configure:17570: gcc -c -g -O2   conftest.c >&5
configure:17570: $? = 0
configure:17570: result: yes
configure:17677: checking for getopt.h
configure:17677: result: yes
configure:17694: checking for getopt_long_only
configure:17694: gcc -o conftest -g -O2   conftest.c  >&5
configure:17694: $? = 0
configure:17694: result: yes
configure:17708: checking whether getopt is POSIX compatible
configure:17752: gcc -o conftest -g -O2   conftest.c  >&5
configure:17752: $? = 0
configure:17752: ./conftest
configure:17752: $? = 0
configure:17815: gcc -o conftest -g -O2   conftest.c  >&5
configure:17815: $? = 0
configure:17815: ./conftest
configure:17815: $? = 0
configure:17861: gcc -o conftest -g -O2   conftest.c  >&5
configure:17861: $? = 0
configure:17861: ./conftest
program: option requires an argument: b
configure:17861: $? = 16
configure: program exited with status 16
configure: failed program was:
| /* confdefs.h */
| #define PACKAGE_NAME "gzip"
| #define PACKAGE_TARNAME "gzip"
| #define PACKAGE_VERSION "1.14"
| #define PACKAGE_STRING "gzip 1.14"
| #define PACKAGE_BUGREPORT "bug-gzip@gnu.org"
| #define PACKAGE_URL ""
| #define PACKAGE "gzip"
| #define VERSION "1.14"
| #define HAVE_STDIO_H 1
| #define HAVE_STDLIB_H 1
| #define HAVE_STRING_H 1
| #define HAVE_INTTYPES_H 1
| #define HAVE_STDINT_H 1
| #define HAVE_STRINGS_H 1
| #define HAVE_SYS_STAT_H 1
| #define HAVE_SYS_TYPES_H 1
| #define HAVE_UNISTD_H 1
| #define HAVE_WCHAR_H 1
| #define HAVE_STDBOOL_H 1
| #define HAVE_BYTESWAP_H 1
| #define HAVE_SYS_PARAM_H 1
| #define HAVE_SYS_SOCKET_H 1
| #define HAVE_DIRENT_H 1
| #define HAVE_ENDIAN_H 1
| #define HAVE_FEATURES_H 1
| #define HAVE_STDIO_EXT_H 1
| #define HAVE_GETOPT_H 1
| #define HAVE_SYS_TIME_H 1
| #define HAVE_LIMITS_H 1
| #define HAVE_MATH_H 1
| #define HAVE_SYS_MMAN_H 1
| #define HAVE_STDCKDINT_H 1
| #define HAVE_UTIME_H 1
| #define HAVE_FCNTL_H 1
| #define HAVE_MEMORY_H 1
| #define HAVE_TIME_H 1
| #define STDC_HEADERS 1
| #define _ALL_SOURCE 1
| #define _COSMO_SOURCE 1
| #define _DARWIN_C_SOURCE 1
| #define _GNU_SOURCE 1
| #define _HPUX_ALT_XOPEN_SOCKET_API 1
| #define _NETBSD_SOURCE 1
| #define _OPENBSD_SOURCE 1
| #define _POSIX_PTHREAD_SEMANTICS 1
| #define __STDC_WANT_IEC_60559_ATTRIBS_EXT__ 1
| #define __STDC_WANT_IEC_60559_BFP_EXT__ 1
| #define __STDC_WANT_IEC_60559_DFP_EXT__ 1
| #define __STDC_WANT_IEC_60559_EXT__ 1
| #define __STDC_WANT_IEC_60559_FUNCS_EXT__ 1
| #define __STDC_WANT_IEC_60559_TYPES_EXT__ 1
| #define __STDC_WANT_LIB_EXT2__ 1
| #define __STDC_WANT_MATH_SPEC_FUNCS__ 1
| #define _TANDEM_SOURCE 1
| #define __EXTENSIONS__ 1
| #define _LINUX_SOURCE_COMPAT 1
| #define __USE_MINGW_ANSI_STDIO 1
| #define HAVE_ALLOCA_H 1
| #define HAVE_ALLOCA 1
| #define HAVE_MALLOC_PTRDIFF 1
| #define HAVE_MALLOC_POSIX 1
| #define HAVE_FCHDIR 1
| #define HAVE_FCNTL 1
| #define HAVE_SYMLINK 1
| #define HAVE_FDOPENDIR 1
| #define HAVE_SNPRINTF 1
| #define HAVE_FPURGE 1
| #define HAVE_FSYNC 1
| #define HAVE_GETDTABLESIZE 1
| #define HAVE_GETTIMEOFDAY 1
| #define HAVE_LSTAT 1
| #define HAVE_MBSINIT 1
| #define HAVE_MBRTOWC 1
| #define HAVE_MPROTECT 1
| #define HAVE_OPENAT 1
| #define HAVE_PIPE 1
| #define HAVE_QSORT_R 1
| #define HAVE_SIGACTION 1
| #define HAVE_SIGALTSTACK 1
| #define HAVE_SIGINTERRUPT 1
| #define HAVE_UNLINKAT 1
| #define HAVE_CHOWN 1
| #define HAVE_FCHMOD 1
| #define HAVE_FCHOWN 1
| #define GL_CRC_SLICE_BY_8 1
| #define GL_CRC_X86_64_PCLMUL 1
| #define HAVE_DECL_STRERROR_R 1
| #define HAVE_STRERROR_R 1
| #define HAVE_DECL_FCHDIR 1
| #define FUNC_FFLUSH_STDIN 1
| #define HAVE_WORKING_O_NOATIME 1
| #define HAVE_WORKING_O_NOFOLLOW 1
| #define PROMOTED_MODE_T mode_t
| #define HAVE_DECL_FDATASYNC 1
| #define HAVE_STDINT_H_WITH_UINTMAX 1
| #define HAVE_INTTYPES_H_WITH_UINTMAX 1
| #define CHECK_PRINTF_SAFE 1
| #define HAVE_WINT_T 1
| #define DBL_EXPBIT0_WORD 1
| #define DBL_EXPBIT0_BIT 20
| #define HAVE_WCSLEN 1
| #define HAVE_SNPRINTF 1
| #define HAVE_STRNLEN 1
| #define HAVE_WCRTOMB 1
| #define HAVE_DECL__SNPRINTF 0
| #define HAVE_SNPRINTF_RETVAL_C99 1
| #define HAVE_SNPRINTF_TRUNCATION_C99 1
| #define HAVE_INTMAX_T 1
| #define HAVE_DECL_ALARM 1
| #define _USE_STD_STAT 1
| #define HAVE_DECL_FSEEKO 1
| #define FUNC_FFLUSH_STDIN 1
| #define restrict __restrict__
| #define HAVE_DECL_FTELLO 1
| #define HAVE_DECL_GETDTABLESIZE 1
| #define HAVE_GETOPT_H 1
| #define HAVE_GETOPT_LONG_ONLY 1
| /* end confdefs.h.  */
| 
| #include <unistd.h>
| #include <stdlib.h>
| #include <string.h>
| 
| int
| main ()
| {
|   static char program[] = "program";
|   static char ab[] = "-ab";
|   char *argv[3] = { program, ab, NULL };
|   if (getopt (2, argv, "ab:") != 'a')
|     return 13;
|   if (getopt (2, argv, "ab:") != '?')
|     return 14;
|   if (optopt != 'b')
|     return 15;
|   if (optind != 2)
|     return 16;
|   return 0;
| }
| 
configure:17883: result: no
configure:18211: checking for glibc-compatible sys/cdefs.h
configure:18224: gcc -c -g -O2  conftest.c >&5
conftest.c:121:19: fatal error: sys/cdefs.h: No such file or directory
  121 |          #include <sys/cdefs.h>
      |                   ^~~~~~~~~~~~~
compilation terminated.
configure:18224: $? = 1
configure: failed program was:
| /* confdefs.h */
| #define PACKAGE_NAME "gzip"
| #define PACKAGE_TARNAME "gzip"
| #define PACKAGE_VERSION "1.14"
| #define PACKAGE_STRING "gzip 1.14"
| #define PACKAGE_BUGREPORT "bug-gzip@gnu.org"
| #define PACKAGE_URL ""
| #define PACKAGE "gzip"
| #define VERSION "1.14"
| #define HAVE_STDIO_H 1
| #define HAVE_STDLIB_H 1
| #define HAVE_STRING_H 1
| #define HAVE_INTTYPES_H 1
| #define HAVE_STDINT_H 1
| #define HAVE_STRINGS_H 1
| #define HAVE_SYS_STAT_H 1
| #define HAVE_SYS_TYPES_H 1
| #define HAVE_UNISTD_H 1
| #define HAVE_WCHAR_H 1
| #define HAVE_STDBOOL_H 1
| #define HAVE_BYTESWAP_H 1
| #define HAVE_SYS_PARAM_H 1
| #define HAVE_SYS_SOCKET_H 1
| #define HAVE_DIRENT_H 1
| #define HAVE_ENDIAN_H 1
| #define HAVE_FEATURES_H 1
| #define HAVE_STDIO_EXT_H 1
| #define HAVE_GETOPT_H 1
| #define HAVE_SYS_TIME_H 1
| #define HAVE_LIMITS_H 1
| #define HAVE_MATH_H 1
| #define HAVE_SYS_MMAN_H 1
| #define HAVE_STDCKDINT_H 1
| #define HAVE_UTIME_H 1
| #define HAVE_FCNTL_H 1
| #define HAVE_MEMORY_H 1
| #define HAVE_TIME_H 1
| #define STDC_HEADERS 1
| #define _ALL_SOURCE 1
| #define _COSMO_SOURCE 1
| #define _DARWIN_C_SOURCE 1
| #define _GNU_SOURCE 1
| #define _HPUX_ALT_XOPEN_SOCKET_API 1
| #define _NETBSD_SOURCE 1
| #define _OPENBSD_SOURCE 1
| #define _POSIX_PTHREAD_SEMANTICS 1
| #define __STDC_WANT_IEC_60559_ATTRIBS_EXT__ 1
| #define __STDC_WANT_IEC_60559_BFP_EXT__ 1
| #define __STDC_WANT_IEC_60559_DFP_EXT__ 1
| #define __STDC_WANT_IEC_60559_EXT__ 1
| #define __STDC_WANT_IEC_60559_FUNCS_EXT__ 1
| #define __STDC_WANT_IEC_60559_TYPES_EXT__ 1
| #define __STDC_WANT_LIB_EXT2__ 1
| #define __STDC_WANT_MATH_SPEC_FUNCS__ 1
| #define _TANDEM_SOURCE 1
| #define __EXTENSIONS__ 1
| #define _LINUX_SOURCE_COMPAT 1
| #define __USE_MINGW_ANSI_STDIO 1
| #define HAVE_ALLOCA_H 1
| #define HAVE_ALLOCA 1
| #define HAVE_MALLOC_PTRDIFF 1
| #define HAVE_MALLOC_POSIX 1
| #define HAVE_FCHDIR 1
| #define HAVE_FCNTL 1
| #define HAVE_SYMLINK 1
| #define HAVE_FDOPENDIR 1
| #define HAVE_SNPRINTF 1
| #define HAVE_FPURGE 1
| #define HAVE_FSYNC 1
| #define HAVE_GETDTABLESIZE 1
| #define HAVE_GETTIMEOFDAY 1
| #define HAVE_LSTAT 1
| #define HAVE_MBSINIT 1
| #define HAVE_MBRTOWC 1
| #define HAVE_MPROTECT 1
| #define HAVE_OPENAT 1
| #define HAVE_PIPE 1
| #define HAVE_QSORT_R 1
| #define HAVE_SIGACTION 1
| #define HAVE_SIGALTSTACK 1
| #define HAVE_SIGINTERRUPT 1
| #define HAVE_UNLINKAT 1
| #define HAVE_CHOWN 1
| #define HAVE_FCHMOD 1
| #define HAVE_FCHOWN 1
| #define GL_CRC_SLICE_BY_8 1
| #define GL_CRC_X86_64_PCLMUL 1
| #define HAVE_DECL_STRERROR_R 1
| #define HAVE_STRERROR_R 1
| #define HAVE_DECL_FCHDIR 1
| #define FUNC_FFLUSH_STDIN 1
| #define HAVE_WORKING_O_NOATIME 1
| #define HAVE_WORKING_O_NOFOLLOW 1
| #define PROMOTED_MODE_T mode_t
| #define HAVE_DECL_FDATASYNC 1
| #define HAVE_STDINT_H_WITH_UINTMAX 1
| #define HAVE_INTTYPES_H_WITH_UINTMAX 1
| #define CHECK_PRINTF_SAFE 1
| #define HAVE_WINT_T 1
| #define DBL_EXPBIT0_WORD 1
| #define DBL_EXPBIT0_BIT 20
| #define HAVE_WCSLEN 1
| #define HAVE_SNPRINTF 1
| #define HAVE_STRNLEN 1
| #define HAVE_WCRTOMB 1
| #define HAVE_DECL__SNPRINTF 0
| #define HAVE_SNPRINTF_RETVAL_C99 1
| #define HAVE_SNPRINTF_TRUNCATION_C99 1
| #define HAVE_INTMAX_T 1
| #define HAVE_DECL_ALARM 1
| #define _USE_STD_STAT 1
| #define HAVE_DECL_FSEEKO 1
| #define FUNC_FFLUSH_STDIN 1
| #define restrict __restrict__
| #define HAVE_DECL_FTELLO 1
| #define HAVE_DECL_GETDTABLESIZE 1
| #define HAVE_GETOPT_H 1
| #define HAVE_GETOPT_LONG_ONLY 1
| /* end confdefs.h.  */
| 
|          #include <sys/cdefs.h>
|           enum { foo = __GNUC_PREREQ (14, 1) } bar;
| 
configure:18234: result: no
configure:18259: checking whether timespec_get is declared
configure:18259: gcc -c -g -O2   conftest.c >&5
configure:18259: $? = 0
configure:18259: result: yes
configure:18265: checking for timespec_get
configure:18286: gcc -o conftest -g -O2   conftest.c  >&5
configure:18286: $? = 0
configure:18308: result: yes
configure:18434: checking for struct timeval
configure:18458: gcc -c -g -O2  conftest.c >&5
configure:18458: $? = 0
configure:18469: result: yes
configure:18474: checking for wide-enough struct timeval.tv_sec member
configure:18502: gcc -c -g -O2  conftest.c >&5
configure:18502: $? = 0
configure:18513: result: yes
configure:18612: checking whether limits.h has WORD_BIT, BOOL_WIDTH etc.
configure:18639: gcc -c -g -O2  conftest.c >&5
conftest.c:127:24: error: 'ULLONG_WIDTH' undeclared here (not in a function)
  127 |             int ullw = ULLONG_WIDTH;
      |                        ^~~~~~~~~~~~
conftest.c:128:22: error: 'BOOL_WIDTH' undeclared here (not in a function)
  128 |             int bw = BOOL_WIDTH;
      |                      ^~~~~~~~~~
conftest.c:129:22: error: 'BOOL_MAX' undeclared here (not in a function)
  129 |             int bm = BOOL_MAX;
      |                      ^~~~~~~~
configure:18639: $? = 1
configure: failed program was:
| /* confdefs.h */
| #define PACKAGE_NAME "gzip"
| #define PACKAGE_TARNAME "gzip"
| #define PACKAGE_VERSION "1.14"
| #define PACKAGE_STRING "gzip 1.14"
| #define PACKAGE_BUGREPORT "bug-gzip@gnu.org"
| #define PACKAGE_URL ""
| #define PACKAGE "gzip"
| #define VERSION "1.14"
| #define HAVE_STDIO_H 1
| #define HAVE_STDLIB_H 1
| #define HAVE_STRING_H 1
| #define HAVE_INTTYPES_H 1
| #define HAVE_STDINT_H 1
| #define HAVE_STRINGS_H 1
| #define HAVE_SYS_STAT_H 1
| #define HAVE_SYS_TYPES_H 1
| #define HAVE_UNISTD_H 1
| #define HAVE_WCHAR_H 1
| #define HAVE_STDBOOL_H 1
| #define HAVE_BYTESWAP_H 1
| #define HAVE_SYS_PARAM_H 1
| #define HAVE_SYS_SOCKET_H 1
| #define HAVE_DIRENT_H 1
| #define HAVE_ENDIAN_H 1
| #define HAVE_FEATURES_H 1
| #define HAVE_STDIO_EXT_H 1
| #define HAVE_GETOPT_H 1
| #define HAVE_SYS_TIME_H 1
| #define HAVE_LIMITS_H 1
| #define HAVE_MATH_H 1
| #define HAVE_SYS_MMAN_H 1
| #define HAVE_STDCKDINT_H 1
| #define HAVE_UTIME_H 1
| #define HAVE_FCNTL_H 1
| #define HAVE_MEMORY_H 1
| #define HAVE_TIME_H 1
| #define STDC_HEADERS 1
| #define _ALL_SOURCE 1
| #define _COSMO_SOURCE 1
| #define _DARWIN_C_SOURCE 1
| #define _GNU_SOURCE 1
| #define _HPUX_ALT_XOPEN_SOCKET_API 1
| #define _NETBSD_SOURCE 1
| #define _OPENBSD_SOURCE 1
| #define _POSIX_PTHREAD_SEMANTICS 1
| #define __STDC_WANT_IEC_60559_ATTRIBS_EXT__ 1
| #define __STDC_WANT_IEC_60559_BFP_EXT__ 1
| #define __STDC_WANT_IEC_60559_DFP_EXT__ 1
| #define __STDC_WANT_IEC_60559_EXT__ 1
| #define __STDC_WANT_IEC_60559_FUNCS_EXT__ 1
| #define __STDC_WANT_IEC_60559_TYPES_EXT__ 1
| #define __STDC_WANT_LIB_EXT2__ 1
| #define __STDC_WANT_MATH_SPEC_FUNCS__ 1
| #define _TANDEM_SOURCE 1
| #define __EXTENSIONS__ 1
| #define _LINUX_SOURCE_COMPAT 1
| #define __USE_MINGW_ANSI_STDIO 1
| #define HAVE_ALLOCA_H 1
| #define HAVE_ALLOCA 1
| #define HAVE_MALLOC_PTRDIFF 1
| #define HAVE_MALLOC_POSIX 1
| #define HAVE_FCHDIR 1
| #define HAVE_FCNTL 1
| #define HAVE_SYMLINK 1
| #define HAVE_FDOPENDIR 1
| #define HAVE_SNPRINTF 1
| #define HAVE_FPURGE 1
| #define HAVE_FSYNC 1
| #define HAVE_GETDTABLESIZE 1
| #define HAVE_GETTIMEOFDAY 1
| #define HAVE_LSTAT 1
| #define HAVE_MBSINIT 1
| #define HAVE_MBRTOWC 1
| #define HAVE_MPROTECT 1
| #define HAVE_OPENAT 1
| #define HAVE_PIPE 1
| #define HAVE_QSORT_R 1
| #define HAVE_SIGACTION 1
| #define HAVE_SIGALTSTACK 1
| #define HAVE_SIGINTERRUPT 1
| #define HAVE_UNLINKAT 1
| #define HAVE_CHOWN 1
| #define HAVE_FCHMOD 1
| #define HAVE_FCHOWN 1
| #define GL_CRC_SLICE_BY_8 1
| #define GL_CRC_X86_64_PCLMUL 1
| #define HAVE_DECL_STRERROR_R 1
| #define HAVE_STRERROR_R 1
| #define HAVE_DECL_FCHDIR 1
| #define FUNC_FFLUSH_STDIN 1
| #define HAVE_WORKING_O_NOATIME 1
| #define HAVE_WORKING_O_NOFOLLOW 1
| #define PROMOTED_MODE_T mode_t
| #define HAVE_DECL_FDATASYNC 1
| #define HAVE_STDINT_H_WITH_UINTMAX 1
| #define HAVE_INTTYPES_H_WITH_UINTMAX 1
| #define CHECK_PRINTF_SAFE 1
| #define HAVE_WINT_T 1
| #define DBL_EXPBIT0_WORD 1
| #define DBL_EXPBIT0_BIT 20
| #define HAVE_WCSLEN 1
| #define HAVE_SNPRINTF 1
| #define HAVE_STRNLEN 1
| #define HAVE_WCRTOMB 1
| #define HAVE_DECL__SNPRINTF 0
| #define HAVE_SNPRINTF_RETVAL_C99 1
| #define HAVE_SNPRINTF_TRUNCATION_C99 1
| #define HAVE_INTMAX_T 1
| #define HAVE_DECL_ALARM 1
| #define _USE_STD_STAT 1
| #define HAVE_DECL_FSEEKO 1
| #define FUNC_FFLUSH_STDIN 1
| #define restrict __restrict__
| #define HAVE_DECL_FTELLO 1
| #define HAVE_DECL_GETDTABLESIZE 1
| #define HAVE_GETOPT_H 1
| #define HAVE_GETOPT_LONG_ONLY 1
| #define MUSL_LIBC 1
| /* end confdefs.h.  */
| #ifndef __STDC_WANT_IEC_60559_BFP_EXT__
|              #define __STDC_WANT_IEC_60559_BFP_EXT__ 1
|             #endif
|             #include <limits.h>
|             long long llm = LLONG_MAX;
|             int wb = WORD_BIT;
|             int ullw = ULLONG_WIDTH;
|             int bw = BOOL_WIDTH;
|             int bm = BOOL_MAX;
|             int mblm = MB_LEN_MAX;
| 
| int
| main (void)
| {
| 
|   ;
|   return 0;
| }
configure:18649: result: no
configure:18809: checking whether stdint.h conforms to C99
configure:18989: gcc -c -g -O2  conftest.c >&5
configure:18989: $? = 0
configure:19074: gcc -o conftest -g -O2   conftest.c  >&5
configure:19074: $? = 0
configure:19074: ./conftest
configure:19074: $? = 0
configure:19089: result: yes
configure:19100: checking whether stdint.h works without ISO C predefines
configure:19133: gcc -c -g -O2  conftest.c >&5
configure:19133: $? = 0
configure:19141: result: yes
configure:19152: checking whether stdint.h has UINTMAX_WIDTH etc.
configure:19185: gcc -c -g -O2  conftest.c >&5
conftest.c:137:24: error: 'UINTMAX_WIDTH' undeclared here (not in a function); did you mean 'UINTMAX_MAX'?
  137 |               int iw = UINTMAX_WIDTH;
      |                        ^~~~~~~~~~~~~
      |                        UINTMAX_MAX
configure:19185: $? = 1
configure: failed program was:
| /* confdefs.h */
| #define PACKAGE_NAME "gzip"
| #define PACKAGE_TARNAME "gzip"
| #define PACKAGE_VERSION "1.14"
| #define PACKAGE_STRING "gzip 1.14"
| #define PACKAGE_BUGREPORT "bug-gzip@gnu.org"
| #define PACKAGE_URL ""
| #define PACKAGE "gzip"
| #define VERSION "1.14"
| #define HAVE_STDIO_H 1
| #define HAVE_STDLIB_H 1
| #define HAVE_STRING_H 1
| #define HAVE_INTTYPES_H 1
| #define HAVE_STDINT_H 1
| #define HAVE_STRINGS_H 1
| #define HAVE_SYS_STAT_H 1
| #define HAVE_SYS_TYPES_H 1
| #define HAVE_UNISTD_H 1
| #define HAVE_WCHAR_H 1
| #define HAVE_STDBOOL_H 1
| #define HAVE_BYTESWAP_H 1
| #define HAVE_SYS_PARAM_H 1
| #define HAVE_SYS_SOCKET_H 1
| #define HAVE_DIRENT_H 1
| #define HAVE_ENDIAN_H 1
| #define HAVE_FEATURES_H 1
| #define HAVE_STDIO_EXT_H 1
| #define HAVE_GETOPT_H 1
| #define HAVE_SYS_TIME_H 1
| #define HAVE_LIMITS_H 1
| #define HAVE_MATH_H 1
| #define HAVE_SYS_MMAN_H 1
| #define HAVE_STDCKDINT_H 1
| #define HAVE_UTIME_H 1
| #define HAVE_FCNTL_H 1
| #define HAVE_MEMORY_H 1
| #define HAVE_TIME_H 1
| #define STDC_HEADERS 1
| #define _ALL_SOURCE 1
| #define _COSMO_SOURCE 1
| #define _DARWIN_C_SOURCE 1
| #define _GNU_SOURCE 1
| #define _HPUX_ALT_XOPEN_SOCKET_API 1
| #define _NETBSD_SOURCE 1
| #define _OPENBSD_SOURCE 1
| #define _POSIX_PTHREAD_SEMANTICS 1
| #define __STDC_WANT_IEC_60559_ATTRIBS_EXT__ 1
| #define __STDC_WANT_IEC_60559_BFP_EXT__ 1
| #define __STDC_WANT_IEC_60559_DFP_EXT__ 1
| #define __STDC_WANT_IEC_60559_EXT__ 1
| #define __STDC_WANT_IEC_60559_FUNCS_EXT__ 1
| #define __STDC_WANT_IEC_60559_TYPES_EXT__ 1
| #define __STDC_WANT_LIB_EXT2__ 1
| #define __STDC_WANT_MATH_SPEC_FUNCS__ 1
| #define _TANDEM_SOURCE 1
| #define __EXTENSIONS__ 1
| #define _LINUX_SOURCE_COMPAT 1
| #define __USE_MINGW_ANSI_STDIO 1
| #define HAVE_ALLOCA_H 1
| #define HAVE_ALLOCA 1
| #define HAVE_MALLOC_PTRDIFF 1
| #define HAVE_MALLOC_POSIX 1
| #define HAVE_FCHDIR 1
| #define HAVE_FCNTL 1
| #define HAVE_SYMLINK 1
| #define HAVE_FDOPENDIR 1
| #define HAVE_SNPRINTF 1
| #define HAVE_FPURGE 1
| #define HAVE_FSYNC 1
| #define HAVE_GETDTABLESIZE 1
| #define HAVE_GETTIMEOFDAY 1
| #define HAVE_LSTAT 1
| #define HAVE_MBSINIT 1
| #define HAVE_MBRTOWC 1
| #define HAVE_MPROTECT 1
| #define HAVE_OPENAT 1
| #define HAVE_PIPE 1
| #define HAVE_QSORT_R 1
| #define HAVE_SIGACTION 1
| #define HAVE_SIGALTSTACK 1
| #define HAVE_SIGINTERRUPT 1
| #define HAVE_UNLINKAT 1
| #define HAVE_CHOWN 1
| #define HAVE_FCHMOD 1
| #define HAVE_FCHOWN 1
| #define GL_CRC_SLICE_BY_8 1
| #define GL_CRC_X86_64_PCLMUL 1
| #define HAVE_DECL_STRERROR_R 1
| #define HAVE_STRERROR_R 1
| #define HAVE_DECL_FCHDIR 1
| #define FUNC_FFLUSH_STDIN 1
| #define HAVE_WORKING_O_NOATIME 1
| #define HAVE_WORKING_O_NOFOLLOW 1
| #define PROMOTED_MODE_T mode_t
| #define HAVE_DECL_FDATASYNC 1
| #define HAVE_STDINT_H_WITH_UINTMAX 1
| #define HAVE_INTTYPES_H_WITH_UINTMAX 1
| #define CHECK_PRINTF_SAFE 1
| #define HAVE_WINT_T 1
| #define DBL_EXPBIT0_WORD 1
| #define DBL_EXPBIT0_BIT 20
| #define HAVE_WCSLEN 1
| #define HAVE_SNPRINTF 1
| #define HAVE_STRNLEN 1
| #define HAVE_WCRTOMB 1
| #define HAVE_DECL__SNPRINTF 0
| #define HAVE_SNPRINTF_RETVAL_C99 1
| #define HAVE_SNPRINTF_TRUNCATION_C99 1
| #define HAVE_INTMAX_T 1
| #define HAVE_DECL_ALARM 1
| #define _USE_STD_STAT 1
| #define HAVE_DECL_FSEEKO 1
| #define FUNC_FFLUSH_STDIN 1
| #define restrict __restrict__
| #define HAVE_DECL_FTELLO 1
| #define HAVE_DECL_GETDTABLESIZE 1
| #define HAVE_GETOPT_H 1
| #define HAVE_GETOPT_LONG_ONLY 1
| #define MUSL_LIBC 1
| #define HAVE_LONG_LONG_INT 1
| #define HAVE_UNSIGNED_LONG_LONG_INT 1
| /* end confdefs.h.  */
| 
|               /* Work if build is not clean.  */
|               #define _GL_JUST_INCLUDE_SYSTEM_STDINT_H 1
|               #ifndef __STDC_WANT_IEC_60559_BFP_EXT__
|                #define __STDC_WANT_IEC_60559_BFP_EXT__ 1
|               #endif
|               #include <stdint.h>
| 
|   #include <stddef.h>
|   #include <signal.h>
|   #if HAVE_WCHAR_H
|   # include <wchar.h>
|   #endif
| 
|               int iw = UINTMAX_WIDTH;
| 
| int
| main (void)
| {
| 
|   ;
|   return 0;
| }
configure:19192: result: no
configure:19648: gcc -c -g -O2  conftest.c >&5
configure:19648: $? = 0
configure:19688: checking whether INT32_MAX < INTMAX_MAX
configure:19721: gcc -c -g -O2  conftest.c >&5
configure:19721: $? = 0
configure:19731: result: yes
configure:19742: checking whether INT64_MAX == LONG_MAX
configure:19775: gcc -c -g -O2  conftest.c >&5
configure:19775: $? = 0
configure:19785: result: yes
configure:19798: checking whether UINT32_MAX < UINTMAX_MAX
configure:19831: gcc -c -g -O2  conftest.c >&5
configure:19831: $? = 0
configure:19841: result: yes
configure:19852: checking whether UINT64_MAX == ULONG_MAX
configure:19885: gcc -c -g -O2  conftest.c >&5
configure:19885: $? = 0
configure:19895: result: yes
configure:19928: checking where to find the exponent in a 'float'
configure:20007: gcc -o conftest -g -O2   conftest.c  >&5
configure:20007: $? = 0
configure:20007: ./conftest
configure:20007: $? = 0
configure:20023: result: word 0 bit 23
configure:20040: checking where to find the exponent in a 'long double'
configure:20156: gcc -o conftest -g -O2   conftest.c  >&5
configure:20156: $? = 0
configure:20156: ./conftest
configure:20156: $? = 0
configure:20172: result: word 2 bit 0
configure:20189: checking whether lstat correctly handles trailing slash
configure:20236: gcc -o conftest -g -O2   conftest.c  >&5
configure:20236: $? = 0
configure:20236: ./conftest
configure:20236: $? = 0
configure:20252: result: yes
configure:20262: checking for a sed that does not truncate output
configure:20334: result: /bin/sed
configure:20341: checking whether malloc (0) returns nonnull
configure:20377: gcc -o conftest -g -O2   conftest.c  >&5
configure:20377: $? = 0
configure:20377: ./conftest
configure:20377: $? = 0
configure:20391: result: yes
configure:20487: checking whether NAN macro works
configure:20511: gcc -c -g -O2  conftest.c >&5
configure:20511: $? = 0
configure:20521: result: yes
configure:20526: checking whether HUGE_VAL works
configure:20545: gcc -c -g -O2  conftest.c >&5
configure:20545: $? = 0
configure:20555: result: yes
configure:20565: checking for mbstate_t
configure:20583: gcc -c -g -O2  conftest.c >&5
configure:20583: $? = 0
configure:20593: result: yes
configure:20673: checking for nl_langinfo and CODESET
configure:20690: gcc -o conftest -g -O2   conftest.c  >&5
configure:20690: $? = 0
configure:20702: result: yes
configure:20713: checking for a traditional japanese locale
configure:20793: gcc -o conftest -g -O2   conftest.c  >&5
configure:20796: $? = 0
configure:20856: result: none
configure:20870: checking for an english Unicode locale
configure:20993: result: en_US.UTF-8
configure:21007: checking for a transitional chinese locale
configure:21102: gcc -o conftest -g -O2   conftest.c  >&5
configure:21105: $? = 0
configure:21158: result: none
configure:21185: checking whether mbrtowc handles incomplete characters
configure:21265: gcc -o conftest -g -O2   conftest.c  >&5
configure:21265: $? = 0
configure:21265: ./conftest
configure:21265: $? = 0
configure:21282: result: yes
configure:21288: checking whether mbrtowc works as well as mbtowc
configure:21348: result: guessing yes
configure:21548: checking for mmap
configure:21548: gcc -o conftest -g -O2   conftest.c  >&5
configure:21548: $? = 0
configure:21548: result: yes
configure:21561: checking for MAP_ANONYMOUS
configure:21600: result: yes
configure:21675: checking whether memchr works
configure:21761: gcc -o conftest -g -O2   conftest.c  >&5
configure:21761: $? = 0
configure:21761: ./conftest
configure:21761: $? = 0
configure:21776: result: yes
configure:21977: checking whether memrchr is declared
configure:21977: gcc -c -g -O2   conftest.c >&5
configure:21977: $? = 0
configure:21977: result: yes
configure:21991: checking whether <limits.h> defines MIN and MAX
configure:22009: gcc -c -g -O2  conftest.c >&5
conftest.c:134:21: error: implicit declaration of function 'MIN' [-Wimplicit-function-declaration]
  134 |             int x = MIN (42, 17);
      |                     ^~~
conftest.c:134:21: error: initializer element is not constant
configure:22009: $? = 1
configure: failed program was:
| /* confdefs.h */
| #define PACKAGE_NAME "gzip"
| #define PACKAGE_TARNAME "gzip"
| #define PACKAGE_VERSION "1.14"
| #define PACKAGE_STRING "gzip 1.14"
| #define PACKAGE_BUGREPORT "bug-gzip@gnu.org"
| #define PACKAGE_URL ""
| #define PACKAGE "gzip"
| #define VERSION "1.14"
| #define HAVE_STDIO_H 1
| #define HAVE_STDLIB_H 1
| #define HAVE_STRING_H 1
| #define HAVE_INTTYPES_H 1
| #define HAVE_STDINT_H 1
| #define HAVE_STRINGS_H 1
| #define HAVE_SYS_STAT_H 1
| #define HAVE_SYS_TYPES_H 1
| #define HAVE_UNISTD_H 1
| #define HAVE_WCHAR_H 1
| #define HAVE_STDBOOL_H 1
| #define HAVE_BYTESWAP_H 1
| #define HAVE_SYS_PARAM_H 1
| #define HAVE_SYS_SOCKET_H 1
| #define HAVE_DIRENT_H 1
| #define HAVE_ENDIAN_H 1
| #define HAVE_FEATURES_H 1
| #define HAVE_STDIO_EXT_H 1
| #define HAVE_GETOPT_H 1
| #define HAVE_SYS_TIME_H 1
| #define HAVE_LIMITS_H 1
| #define HAVE_MATH_H 1
| #define HAVE_SYS_MMAN_H 1
| #define HAVE_STDCKDINT_H 1
| #define HAVE_UTIME_H 1
| #define HAVE_FCNTL_H 1
| #define HAVE_MEMORY_H 1
| #define HAVE_TIME_H 1
| #define STDC_HEADERS 1
| #define _ALL_SOURCE 1
| #define _COSMO_SOURCE 1
| #define _DARWIN_C_SOURCE 1
| #define _GNU_SOURCE 1
| #define _HPUX_ALT_XOPEN_SOCKET_API 1
| #define _NETBSD_SOURCE 1
| #define _OPENBSD_SOURCE 1
| #define _POSIX_PTHREAD_SEMANTICS 1
| #define __STDC_WANT_IEC_60559_ATTRIBS_EXT__ 1
| #define __STDC_WANT_IEC_60559_BFP_EXT__ 1
| #define __STDC_WANT_IEC_60559_DFP_EXT__ 1
| #define __STDC_WANT_IEC_60559_EXT__ 1
| #define __STDC_WANT_IEC_60559_FUNCS_EXT__ 1
| #define __STDC_WANT_IEC_60559_TYPES_EXT__ 1
| #define __STDC_WANT_LIB_EXT2__ 1
| #define __STDC_WANT_MATH_SPEC_FUNCS__ 1
| #define _TANDEM_SOURCE 1
| #define __EXTENSIONS__ 1
| #define _LINUX_SOURCE_COMPAT 1
| #define __USE_MINGW_ANSI_STDIO 1
| #define HAVE_ALLOCA_H 1
| #define HAVE_ALLOCA 1
| #define HAVE_MALLOC_PTRDIFF 1
| #define HAVE_MALLOC_POSIX 1
| #define HAVE_FCHDIR 1
| #define HAVE_FCNTL 1
| #define HAVE_SYMLINK 1
| #define HAVE_FDOPENDIR 1
| #define HAVE_SNPRINTF 1
| #define HAVE_FPURGE 1
| #define HAVE_FSYNC 1
| #define HAVE_GETDTABLESIZE 1
| #define HAVE_GETTIMEOFDAY 1
| #define HAVE_LSTAT 1
| #define HAVE_MBSINIT 1
| #define HAVE_MBRTOWC 1
| #define HAVE_MPROTECT 1
| #define HAVE_OPENAT 1
| #define HAVE_PIPE 1
| #define HAVE_QSORT_R 1
| #define HAVE_SIGACTION 1
| #define HAVE_SIGALTSTACK 1
| #define HAVE_SIGINTERRUPT 1
| #define HAVE_UNLINKAT 1
| #define HAVE_CHOWN 1
| #define HAVE_FCHMOD 1
| #define HAVE_FCHOWN 1
| #define GL_CRC_SLICE_BY_8 1
| #define GL_CRC_X86_64_PCLMUL 1
| #define HAVE_DECL_STRERROR_R 1
| #define HAVE_STRERROR_R 1
| #define HAVE_DECL_FCHDIR 1
| #define FUNC_FFLUSH_STDIN 1
| #define HAVE_WORKING_O_NOATIME 1
| #define HAVE_WORKING_O_NOFOLLOW 1
| #define PROMOTED_MODE_T mode_t
| #define HAVE_DECL_FDATASYNC 1
| #define HAVE_STDINT_H_WITH_UINTMAX 1
| #define HAVE_INTTYPES_H_WITH_UINTMAX 1
| #define CHECK_PRINTF_SAFE 1
| #define HAVE_WINT_T 1
| #define DBL_EXPBIT0_WORD 1
| #define DBL_EXPBIT0_BIT 20
| #define HAVE_WCSLEN 1
| #define HAVE_SNPRINTF 1
| #define HAVE_STRNLEN 1
| #define HAVE_WCRTOMB 1
| #define HAVE_DECL__SNPRINTF 0
| #define HAVE_SNPRINTF_RETVAL_C99 1
| #define HAVE_SNPRINTF_TRUNCATION_C99 1
| #define HAVE_INTMAX_T 1
| #define HAVE_DECL_ALARM 1
| #define _USE_STD_STAT 1
| #define HAVE_DECL_FSEEKO 1
| #define FUNC_FFLUSH_STDIN 1
| #define restrict __restrict__
| #define HAVE_DECL_FTELLO 1
| #define HAVE_DECL_GETDTABLESIZE 1
| #define HAVE_GETOPT_H 1
| #define HAVE_GETOPT_LONG_ONLY 1
| #define MUSL_LIBC 1
| #define HAVE_LONG_LONG_INT 1
| #define HAVE_UNSIGNED_LONG_LONG_INT 1
| #define FLT_EXPBIT0_WORD 0
| #define FLT_EXPBIT0_BIT 23
| #define LDBL_EXPBIT0_WORD 2
| #define LDBL_EXPBIT0_BIT 0
| #define LSTAT_FOLLOWS_SLASHED_SYMLINK 1
| #define HAVE_MALLOC_0_NONNULL 1
| #define HAVE_MBSTATE_T 1
| #define HAVE_LANGINFO_CODESET 1
| #define HAVE_MAP_ANONYMOUS 1
| #define HAVE_DECL_MEMRCHR 1
| /* end confdefs.h.  */
| #include <limits.h>
|             int x = MIN (42, 17);
| int
| main (void)
| {
| 
|   ;
|   return 0;
| }
configure:22019: result: no
configure:22032: checking whether <sys/param.h> defines MIN and MAX
configure:22050: gcc -c -g -O2  conftest.c >&5
configure:22050: $? = 0
configure:22060: result: yes
configure:22075: checking for O_CLOEXEC
configure:22096: gcc -c -g -O2  conftest.c >&5
configure:22096: $? = 0
configure:22106: result: yes
configure:22211: checking for egrep
configure:22281: result: /bin/grep -E
configure:22329: checking whether C symbols are prefixed with underscore at the linker level
configure:22343: gcc -g -O2  -S conftest.c
configure:22346: $? = 0
configure:22357: result: no
configure:22389: checking for sigset_t
configure:22389: gcc -c -g -O2  conftest.c >&5
configure:22389: $? = 0
configure:22389: gcc -c -g -O2  conftest.c >&5
conftest.c: In function 'main':
conftest.c:144:23: error: expected expression before ')' token
  144 | if (sizeof ((sigset_t)))
      |                       ^
configure:22389: $? = 1
configure: failed program was:
| /* confdefs.h */
| #define PACKAGE_NAME "gzip"
| #define PACKAGE_TARNAME "gzip"
| #define PACKAGE_VERSION "1.14"
| #define PACKAGE_STRING "gzip 1.14"
| #define PACKAGE_BUGREPORT "bug-gzip@gnu.org"
| #define PACKAGE_URL ""
| #define PACKAGE "gzip"
| #define VERSION "1.14"
| #define HAVE_STDIO_H 1
| #define HAVE_STDLIB_H 1
| #define HAVE_STRING_H 1
| #define HAVE_INTTYPES_H 1
| #define HAVE_STDINT_H 1
| #define HAVE_STRINGS_H 1
| #define HAVE_SYS_STAT_H 1
| #define HAVE_SYS_TYPES_H 1
| #define HAVE_UNISTD_H 1
| #define HAVE_WCHAR_H 1
| #define HAVE_STDBOOL_H 1
| #define HAVE_BYTESWAP_H 1
| #define HAVE_SYS_PARAM_H 1
| #define HAVE_SYS_SOCKET_H 1
| #define HAVE_DIRENT_H 1
| #define HAVE_ENDIAN_H 1
| #define HAVE_FEATURES_H 1
| #define HAVE_STDIO_EXT_H 1
| #define HAVE_GETOPT_H 1
| #define HAVE_SYS_TIME_H 1
| #define HAVE_LIMITS_H 1
| #define HAVE_MATH_H 1
| #define HAVE_SYS_MMAN_H 1
| #define HAVE_STDCKDINT_H 1
| #define HAVE_UTIME_H 1
| #define HAVE_FCNTL_H 1
| #define HAVE_MEMORY_H 1
| #define HAVE_TIME_H 1
| #define STDC_HEADERS 1
| #define _ALL_SOURCE 1
| #define _COSMO_SOURCE 1
| #define _DARWIN_C_SOURCE 1
| #define _GNU_SOURCE 1
| #define _HPUX_ALT_XOPEN_SOCKET_API 1
| #define _NETBSD_SOURCE 1
| #define _OPENBSD_SOURCE 1
| #define _POSIX_PTHREAD_SEMANTICS 1
| #define __STDC_WANT_IEC_60559_ATTRIBS_EXT__ 1
| #define __STDC_WANT_IEC_60559_BFP_EXT__ 1
| #define __STDC_WANT_IEC_60559_DFP_EXT__ 1
| #define __STDC_WANT_IEC_60559_EXT__ 1
| #define __STDC_WANT_IEC_60559_FUNCS_EXT__ 1
| #define __STDC_WANT_IEC_60559_TYPES_EXT__ 1
| #define __STDC_WANT_LIB_EXT2__ 1
| #define __STDC_WANT_MATH_SPEC_FUNCS__ 1
| #define _TANDEM_SOURCE 1
| #define __EXTENSIONS__ 1
| #define _LINUX_SOURCE_COMPAT 1
| #define __USE_MINGW_ANSI_STDIO 1
| #define HAVE_ALLOCA_H 1
| #define HAVE_ALLOCA 1
| #define HAVE_MALLOC_PTRDIFF 1
| #define HAVE_MALLOC_POSIX 1
| #define HAVE_FCHDIR 1
| #define HAVE_FCNTL 1
| #define HAVE_SYMLINK 1
| #define HAVE_FDOPENDIR 1
| #define HAVE_SNPRINTF 1
| #define HAVE_FPURGE 1
| #define HAVE_FSYNC 1
| #define HAVE_GETDTABLESIZE 1
| #define HAVE_GETTIMEOFDAY 1
| #define HAVE_LSTAT 1
| #define HAVE_MBSINIT 1
| #define HAVE_MBRTOWC 1
| #define HAVE_MPROTECT 1
| #define HAVE_OPENAT 1
| #define HAVE_PIPE 1
| #define HAVE_QSORT_R 1
| #define HAVE_SIGACTION 1
| #define HAVE_SIGALTSTACK 1
| #define HAVE_SIGINTERRUPT 1
| #define HAVE_UNLINKAT 1
| #define HAVE_CHOWN 1
| #define HAVE_FCHMOD 1
| #define HAVE_FCHOWN 1
| #define GL_CRC_SLICE_BY_8 1
| #define GL_CRC_X86_64_PCLMUL 1
| #define HAVE_DECL_STRERROR_R 1
| #define HAVE_STRERROR_R 1
| #define HAVE_DECL_FCHDIR 1
| #define FUNC_FFLUSH_STDIN 1
| #define HAVE_WORKING_O_NOATIME 1
| #define HAVE_WORKING_O_NOFOLLOW 1
| #define PROMOTED_MODE_T mode_t
| #define HAVE_DECL_FDATASYNC 1
| #define HAVE_STDINT_H_WITH_UINTMAX 1
| #define HAVE_INTTYPES_H_WITH_UINTMAX 1
| #define CHECK_PRINTF_SAFE 1
| #define HAVE_WINT_T 1
| #define DBL_EXPBIT0_WORD 1
| #define DBL_EXPBIT0_BIT 20
| #define HAVE_WCSLEN 1
| #define HAVE_SNPRINTF 1
| #define HAVE_STRNLEN 1
| #define HAVE_WCRTOMB 1
| #define HAVE_DECL__SNPRINTF 0
| #define HAVE_SNPRINTF_RETVAL_C99 1
| #define HAVE_SNPRINTF_TRUNCATION_C99 1
| #define HAVE_INTMAX_T 1
| #define HAVE_DECL_ALARM 1
| #define _USE_STD_STAT 1
| #define HAVE_DECL_FSEEKO 1
| #define FUNC_FFLUSH_STDIN 1
| #define restrict __restrict__
| #define HAVE_DECL_FTELLO 1
| #define HAVE_DECL_GETDTABLESIZE 1
| #define HAVE_GETOPT_H 1
| #define HAVE_GETOPT_LONG_ONLY 1
| #define MUSL_LIBC 1
| #define HAVE_LONG_LONG_INT 1
| #define HAVE_UNSIGNED_LONG_LONG_INT 1
| #define FLT_EXPBIT0_WORD 0
| #define FLT_EXPBIT0_BIT 23
| #define LDBL_EXPBIT0_WORD 2
| #define LDBL_EXPBIT0_BIT 0
| #define LSTAT_FOLLOWS_SLASHED_SYMLINK 1
| #define HAVE_MALLOC_0_NONNULL 1
| #define HAVE_MBSTATE_T 1
| #define HAVE_LANGINFO_CODESET 1
| #define HAVE_MAP_ANONYMOUS 1
| #define HAVE_DECL_MEMRCHR 1
| #define HAVE_MINMAX_IN_SYS_PARAM_H 1
| #define USER_LABEL_PREFIX 
| /* end confdefs.h.  */
| 
|       #include <signal.h>
|       /* Mingw defines sigset_t not in <signal.h>, but in <sys/types.h>.  */
|       #include <sys/types.h>
| 
| 
| int
| main (void)
| {
| if (sizeof ((sigset_t)))
| 	    return 0;
|   ;
|   return 0;
| }
configure:22389: result: yes
configure:22437: checking whether realloc should abort upon undefined behaviour
configure:22446: result: no
configure:22450: checking for uid_t
configure:22450: gcc -c -g -O2  conftest.c >&5
configure:22450: $? = 0
configure:22450: gcc -c -g -O2  conftest.c >&5
conftest.c: In function 'main':
conftest.c:167:20: error: expected expression before ')' token
  167 | if (sizeof ((uid_t)))
      |                    ^
configure:22450: $? = 1
configure: failed program was:
| /* confdefs.h */
| #define PACKAGE_NAME "gzip"
| #define PACKAGE_TARNAME "gzip"
| #define PACKAGE_VERSION "1.14"
| #define PACKAGE_STRING "gzip 1.14"
| #define PACKAGE_BUGREPORT "bug-gzip@gnu.org"
| #define PACKAGE_URL ""
| #define PACKAGE "gzip"
| #define VERSION "1.14"
| #define HAVE_STDIO_H 1
| #define HAVE_STDLIB_H 1
| #define HAVE_STRING_H 1
| #define HAVE_INTTYPES_H 1
| #define HAVE_STDINT_H 1
| #define HAVE_STRINGS_H 1
| #define HAVE_SYS_STAT_H 1
| #define HAVE_SYS_TYPES_H 1
| #define HAVE_UNISTD_H 1
| #define HAVE_WCHAR_H 1
| #define HAVE_STDBOOL_H 1
| #define HAVE_BYTESWAP_H 1
| #define HAVE_SYS_PARAM_H 1
| #define HAVE_SYS_SOCKET_H 1
| #define HAVE_DIRENT_H 1
| #define HAVE_ENDIAN_H 1
| #define HAVE_FEATURES_H 1
| #define HAVE_STDIO_EXT_H 1
| #define HAVE_GETOPT_H 1
| #define HAVE_SYS_TIME_H 1
| #define HAVE_LIMITS_H 1
| #define HAVE_MATH_H 1
| #define HAVE_SYS_MMAN_H 1
| #define HAVE_STDCKDINT_H 1
| #define HAVE_UTIME_H 1
| #define HAVE_FCNTL_H 1
| #define HAVE_MEMORY_H 1
| #define HAVE_TIME_H 1
| #define STDC_HEADERS 1
| #define _ALL_SOURCE 1
| #define _COSMO_SOURCE 1
| #define _DARWIN_C_SOURCE 1
| #define _GNU_SOURCE 1
| #define _HPUX_ALT_XOPEN_SOCKET_API 1
| #define _NETBSD_SOURCE 1
| #define _OPENBSD_SOURCE 1
| #define _POSIX_PTHREAD_SEMANTICS 1
| #define __STDC_WANT_IEC_60559_ATTRIBS_EXT__ 1
| #define __STDC_WANT_IEC_60559_BFP_EXT__ 1
| #define __STDC_WANT_IEC_60559_DFP_EXT__ 1
| #define __STDC_WANT_IEC_60559_EXT__ 1
| #define __STDC_WANT_IEC_60559_FUNCS_EXT__ 1
| #define __STDC_WANT_IEC_60559_TYPES_EXT__ 1
| #define __STDC_WANT_LIB_EXT2__ 1
| #define __STDC_WANT_MATH_SPEC_FUNCS__ 1
| #define _TANDEM_SOURCE 1
| #define __EXTENSIONS__ 1
| #define _LINUX_SOURCE_COMPAT 1
| #define __USE_MINGW_ANSI_STDIO 1
| #define HAVE_ALLOCA_H 1
| #define HAVE_ALLOCA 1
| #define HAVE_MALLOC_PTRDIFF 1
| #define HAVE_MALLOC_POSIX 1
| #define HAVE_FCHDIR 1
| #define HAVE_FCNTL 1
| #define HAVE_SYMLINK 1
| #define HAVE_FDOPENDIR 1
| #define HAVE_SNPRINTF 1
| #define HAVE_FPURGE 1
| #define HAVE_FSYNC 1
| #define HAVE_GETDTABLESIZE 1
| #define HAVE_GETTIMEOFDAY 1
| #define HAVE_LSTAT 1
| #define HAVE_MBSINIT 1
| #define HAVE_MBRTOWC 1
| #define HAVE_MPROTECT 1
| #define HAVE_OPENAT 1
| #define HAVE_PIPE 1
| #define HAVE_QSORT_R 1
| #define HAVE_SIGACTION 1
| #define HAVE_SIGALTSTACK 1
| #define HAVE_SIGINTERRUPT 1
| #define HAVE_UNLINKAT 1
| #define HAVE_CHOWN 1
| #define HAVE_FCHMOD 1
| #define HAVE_FCHOWN 1
| #define GL_CRC_SLICE_BY_8 1
| #define GL_CRC_X86_64_PCLMUL 1
| #define HAVE_DECL_STRERROR_R 1
| #define HAVE_STRERROR_R 1
| #define HAVE_DECL_FCHDIR 1
| #define FUNC_FFLUSH_STDIN 1
| #define HAVE_WORKING_O_NOATIME 1
| #define HAVE_WORKING_O_NOFOLLOW 1
| #define PROMOTED_MODE_T mode_t
| #define HAVE_DECL_FDATASYNC 1
| #define HAVE_STDINT_H_WITH_UINTMAX 1
| #define HAVE_INTTYPES_H_WITH_UINTMAX 1
| #define CHECK_PRINTF_SAFE 1
| #define HAVE_WINT_T 1
| #define DBL_EXPBIT0_WORD 1
| #define DBL_EXPBIT0_BIT 20
| #define HAVE_WCSLEN 1
| #define HAVE_SNPRINTF 1
| #define HAVE_STRNLEN 1
| #define HAVE_WCRTOMB 1
| #define HAVE_DECL__SNPRINTF 0
| #define HAVE_SNPRINTF_RETVAL_C99 1
| #define HAVE_SNPRINTF_TRUNCATION_C99 1
| #define HAVE_INTMAX_T 1
| #define HAVE_DECL_ALARM 1
| #define _USE_STD_STAT 1
| #define HAVE_DECL_FSEEKO 1
| #define FUNC_FFLUSH_STDIN 1
| #define restrict __restrict__
| #define HAVE_DECL_FTELLO 1
| #define HAVE_DECL_GETDTABLESIZE 1
| #define HAVE_GETOPT_H 1
| #define HAVE_GETOPT_LONG_ONLY 1
| #define MUSL_LIBC 1
| #define HAVE_LONG_LONG_INT 1
| #define HAVE_UNSIGNED_LONG_LONG_INT 1
| #define FLT_EXPBIT0_WORD 0
| #define FLT_EXPBIT0_BIT 23
| #define LDBL_EXPBIT0_WORD 2
| #define LDBL_EXPBIT0_BIT 0
| #define LSTAT_FOLLOWS_SLASHED_SYMLINK 1
| #define HAVE_MALLOC_0_NONNULL 1
| #define HAVE_MBSTATE_T 1
| #define HAVE_LANGINFO_CODESET 1
| #define HAVE_MAP_ANONYMOUS 1
| #define HAVE_DECL_MEMRCHR 1
| #define HAVE_MINMAX_IN_SYS_PARAM_H 1
| #define USER_LABEL_PREFIX 
| #define HAVE_SIGSET_T 1
| /* end confdefs.h.  */
| #include <stddef.h>
| #ifdef HAVE_STDIO_H
| # include <stdio.h>
| #endif
| #ifdef HAVE_STDLIB_H
| # include <stdlib.h>
| #endif
| #ifdef HAVE_STRING_H
| # include <string.h>
| #endif
| #ifdef HAVE_INTTYPES_H
| # include <inttypes.h>
| #endif
| #ifdef HAVE_STDINT_H
| # include <stdint.h>
| #endif
| #ifdef HAVE_STRINGS_H
| # include <strings.h>
| #endif
| #ifdef HAVE_SYS_TYPES_H
| # include <sys/types.h>
| #endif
| #ifdef HAVE_SYS_STAT_H
| # include <sys/stat.h>
| #endif
| #ifdef HAVE_UNISTD_H
| # include <unistd.h>
| #endif
| int
| main (void)
| {
| if (sizeof ((uid_t)))
| 	    return 0;
|   ;
|   return 0;
| }
configure:22450: result: yes
configure:22461: checking for gid_t
configure:22461: gcc -c -g -O2  conftest.c >&5
configure:22461: $? = 0
configure:22461: gcc -c -g -O2  conftest.c >&5
conftest.c: In function 'main':
conftest.c:167:20: error: expected expression before ')' token
  167 | if (sizeof ((gid_t)))
      |                    ^
configure:22461: $? = 1
configure: failed program was:
| /* confdefs.h */
| #define PACKAGE_NAME "gzip"
| #define PACKAGE_TARNAME "gzip"
| #define PACKAGE_VERSION "1.14"
| #define PACKAGE_STRING "gzip 1.14"
| #define PACKAGE_BUGREPORT "bug-gzip@gnu.org"
| #define PACKAGE_URL ""
| #define PACKAGE "gzip"
| #define VERSION "1.14"
| #define HAVE_STDIO_H 1
| #define HAVE_STDLIB_H 1
| #define HAVE_STRING_H 1
| #define HAVE_INTTYPES_H 1
| #define HAVE_STDINT_H 1
| #define HAVE_STRINGS_H 1
| #define HAVE_SYS_STAT_H 1
| #define HAVE_SYS_TYPES_H 1
| #define HAVE_UNISTD_H 1
| #define HAVE_WCHAR_H 1
| #define HAVE_STDBOOL_H 1
| #define HAVE_BYTESWAP_H 1
| #define HAVE_SYS_PARAM_H 1
| #define HAVE_SYS_SOCKET_H 1
| #define HAVE_DIRENT_H 1
| #define HAVE_ENDIAN_H 1
| #define HAVE_FEATURES_H 1
| #define HAVE_STDIO_EXT_H 1
| #define HAVE_GETOPT_H 1
| #define HAVE_SYS_TIME_H 1
| #define HAVE_LIMITS_H 1
| #define HAVE_MATH_H 1
| #define HAVE_SYS_MMAN_H 1
| #define HAVE_STDCKDINT_H 1
| #define HAVE_UTIME_H 1
| #define HAVE_FCNTL_H 1
| #define HAVE_MEMORY_H 1
| #define HAVE_TIME_H 1
| #define STDC_HEADERS 1
| #define _ALL_SOURCE 1
| #define _COSMO_SOURCE 1
| #define _DARWIN_C_SOURCE 1
| #define _GNU_SOURCE 1
| #define _HPUX_ALT_XOPEN_SOCKET_API 1
| #define _NETBSD_SOURCE 1
| #define _OPENBSD_SOURCE 1
| #define _POSIX_PTHREAD_SEMANTICS 1
| #define __STDC_WANT_IEC_60559_ATTRIBS_EXT__ 1
| #define __STDC_WANT_IEC_60559_BFP_EXT__ 1
| #define __STDC_WANT_IEC_60559_DFP_EXT__ 1
| #define __STDC_WANT_IEC_60559_EXT__ 1
| #define __STDC_WANT_IEC_60559_FUNCS_EXT__ 1
| #define __STDC_WANT_IEC_60559_TYPES_EXT__ 1
| #define __STDC_WANT_LIB_EXT2__ 1
| #define __STDC_WANT_MATH_SPEC_FUNCS__ 1
| #define _TANDEM_SOURCE 1
| #define __EXTENSIONS__ 1
| #define _LINUX_SOURCE_COMPAT 1
| #define __USE_MINGW_ANSI_STDIO 1
| #define HAVE_ALLOCA_H 1
| #define HAVE_ALLOCA 1
| #define HAVE_MALLOC_PTRDIFF 1
| #define HAVE_MALLOC_POSIX 1
| #define HAVE_FCHDIR 1
| #define HAVE_FCNTL 1
| #define HAVE_SYMLINK 1
| #define HAVE_FDOPENDIR 1
| #define HAVE_SNPRINTF 1
| #define HAVE_FPURGE 1
| #define HAVE_FSYNC 1
| #define HAVE_GETDTABLESIZE 1
| #define HAVE_GETTIMEOFDAY 1
| #define HAVE_LSTAT 1
| #define HAVE_MBSINIT 1
| #define HAVE_MBRTOWC 1
| #define HAVE_MPROTECT 1
| #define HAVE_OPENAT 1
| #define HAVE_PIPE 1
| #define HAVE_QSORT_R 1
| #define HAVE_SIGACTION 1
| #define HAVE_SIGALTSTACK 1
| #define HAVE_SIGINTERRUPT 1
| #define HAVE_UNLINKAT 1
| #define HAVE_CHOWN 1
| #define HAVE_FCHMOD 1
| #define HAVE_FCHOWN 1
| #define GL_CRC_SLICE_BY_8 1
| #define GL_CRC_X86_64_PCLMUL 1
| #define HAVE_DECL_STRERROR_R 1
| #define HAVE_STRERROR_R 1
| #define HAVE_DECL_FCHDIR 1
| #define FUNC_FFLUSH_STDIN 1
| #define HAVE_WORKING_O_NOATIME 1
| #define HAVE_WORKING_O_NOFOLLOW 1
| #define PROMOTED_MODE_T mode_t
| #define HAVE_DECL_FDATASYNC 1
| #define HAVE_STDINT_H_WITH_UINTMAX 1
| #define HAVE_INTTYPES_H_WITH_UINTMAX 1
| #define CHECK_PRINTF_SAFE 1
| #define HAVE_WINT_T 1
| #define DBL_EXPBIT0_WORD 1
| #define DBL_EXPBIT0_BIT 20
| #define HAVE_WCSLEN 1
| #define HAVE_SNPRINTF 1
| #define HAVE_STRNLEN 1
| #define HAVE_WCRTOMB 1
| #define HAVE_DECL__SNPRINTF 0
| #define HAVE_SNPRINTF_RETVAL_C99 1
| #define HAVE_SNPRINTF_TRUNCATION_C99 1
| #define HAVE_INTMAX_T 1
| #define HAVE_DECL_ALARM 1
| #define _USE_STD_STAT 1
| #define HAVE_DECL_FSEEKO 1
| #define FUNC_FFLUSH_STDIN 1
| #define restrict __restrict__
| #define HAVE_DECL_FTELLO 1
| #define HAVE_DECL_GETDTABLESIZE 1
| #define HAVE_GETOPT_H 1
| #define HAVE_GETOPT_LONG_ONLY 1
| #define MUSL_LIBC 1
| #define HAVE_LONG_LONG_INT 1
| #define HAVE_UNSIGNED_LONG_LONG_INT 1
| #define FLT_EXPBIT0_WORD 0
| #define FLT_EXPBIT0_BIT 23
| #define LDBL_EXPBIT0_WORD 2
| #define LDBL_EXPBIT0_BIT 0
| #define LSTAT_FOLLOWS_SLASHED_SYMLINK 1
| #define HAVE_MALLOC_0_NONNULL 1
| #define HAVE_MBSTATE_T 1
| #define HAVE_LANGINFO_CODESET 1
| #define HAVE_MAP_ANONYMOUS 1
| #define HAVE_DECL_MEMRCHR 1
| #define HAVE_MINMAX_IN_SYS_PARAM_H 1
| #define USER_LABEL_PREFIX 
| #define HAVE_SIGSET_T 1
| /* end confdefs.h.  */
| #include <stddef.h>
| #ifdef HAVE_STDIO_H
| # include <stdio.h>
| #endif
| #ifdef HAVE_STDLIB_H
| # include <stdlib.h>
| #endif
| #ifdef HAVE_STRING_H
| # include <string.h>
| #endif
| #ifdef HAVE_INTTYPES_H
| # include <inttypes.h>
| #endif
| #ifdef HAVE_STDINT_H
| # include <stdint.h>
| #endif
| #ifdef HAVE_STRINGS_H
| # include <strings.h>
| #endif
| #ifdef HAVE_SYS_TYPES_H
| # include <sys/types.h>
| #endif
| #ifdef HAVE_SYS_STAT_H
| # include <sys/stat.h>
| #endif
| #ifdef HAVE_UNISTD_H
| # include <unistd.h>
| #endif
| int
| main (void)
| {
| if (sizeof ((gid_t)))
| 	    return 0;
|   ;
|   return 0;
| }
configure:22461: result: yes
configure:22554: checking for volatile sig_atomic_t
configure:22554: gcc -c -g -O2  conftest.c >&5
configure:22554: $? = 0
configure:22554: gcc -c -g -O2  conftest.c >&5
conftest.c: In function 'main':
conftest.c:143:36: error: expected expression before ')' token
  143 | if (sizeof ((volatile sig_atomic_t)))
      |                                    ^
configure:22554: $? = 1
configure: failed program was:
| /* confdefs.h */
| #define PACKAGE_NAME "gzip"
| #define PACKAGE_TARNAME "gzip"
| #define PACKAGE_VERSION "1.14"
| #define PACKAGE_STRING "gzip 1.14"
| #define PACKAGE_BUGREPORT "bug-gzip@gnu.org"
| #define PACKAGE_URL ""
| #define PACKAGE "gzip"
| #define VERSION "1.14"
| #define HAVE_STDIO_H 1
| #define HAVE_STDLIB_H 1
| #define HAVE_STRING_H 1
| #define HAVE_INTTYPES_H 1
| #define HAVE_STDINT_H 1
| #define HAVE_STRINGS_H 1
| #define HAVE_SYS_STAT_H 1
| #define HAVE_SYS_TYPES_H 1
| #define HAVE_UNISTD_H 1
| #define HAVE_WCHAR_H 1
| #define HAVE_STDBOOL_H 1
| #define HAVE_BYTESWAP_H 1
| #define HAVE_SYS_PARAM_H 1
| #define HAVE_SYS_SOCKET_H 1
| #define HAVE_DIRENT_H 1
| #define HAVE_ENDIAN_H 1
| #define HAVE_FEATURES_H 1
| #define HAVE_STDIO_EXT_H 1
| #define HAVE_GETOPT_H 1
| #define HAVE_SYS_TIME_H 1
| #define HAVE_LIMITS_H 1
| #define HAVE_MATH_H 1
| #define HAVE_SYS_MMAN_H 1
| #define HAVE_STDCKDINT_H 1
| #define HAVE_UTIME_H 1
| #define HAVE_FCNTL_H 1
| #define HAVE_MEMORY_H 1
| #define HAVE_TIME_H 1
| #define STDC_HEADERS 1
| #define _ALL_SOURCE 1
| #define _COSMO_SOURCE 1
| #define _DARWIN_C_SOURCE 1
| #define _GNU_SOURCE 1
| #define _HPUX_ALT_XOPEN_SOCKET_API 1
| #define _NETBSD_SOURCE 1
| #define _OPENBSD_SOURCE 1
| #define _POSIX_PTHREAD_SEMANTICS 1
| #define __STDC_WANT_IEC_60559_ATTRIBS_EXT__ 1
| #define __STDC_WANT_IEC_60559_BFP_EXT__ 1
| #define __STDC_WANT_IEC_60559_DFP_EXT__ 1
| #define __STDC_WANT_IEC_60559_EXT__ 1
| #define __STDC_WANT_IEC_60559_FUNCS_EXT__ 1
| #define __STDC_WANT_IEC_60559_TYPES_EXT__ 1
| #define __STDC_WANT_LIB_EXT2__ 1
| #define __STDC_WANT_MATH_SPEC_FUNCS__ 1
| #define _TANDEM_SOURCE 1
| #define __EXTENSIONS__ 1
| #define _LINUX_SOURCE_COMPAT 1
| #define __USE_MINGW_ANSI_STDIO 1
| #define HAVE_ALLOCA_H 1
| #define HAVE_ALLOCA 1
| #define HAVE_MALLOC_PTRDIFF 1
| #define HAVE_MALLOC_POSIX 1
| #define HAVE_FCHDIR 1
| #define HAVE_FCNTL 1
| #define HAVE_SYMLINK 1
| #define HAVE_FDOPENDIR 1
| #define HAVE_SNPRINTF 1
| #define HAVE_FPURGE 1
| #define HAVE_FSYNC 1
| #define HAVE_GETDTABLESIZE 1
| #define HAVE_GETTIMEOFDAY 1
| #define HAVE_LSTAT 1
| #define HAVE_MBSINIT 1
| #define HAVE_MBRTOWC 1
| #define HAVE_MPROTECT 1
| #define HAVE_OPENAT 1
| #define HAVE_PIPE 1
| #define HAVE_QSORT_R 1
| #define HAVE_SIGACTION 1
| #define HAVE_SIGALTSTACK 1
| #define HAVE_SIGINTERRUPT 1
| #define HAVE_UNLINKAT 1
| #define HAVE_CHOWN 1
| #define HAVE_FCHMOD 1
| #define HAVE_FCHOWN 1
| #define GL_CRC_SLICE_BY_8 1
| #define GL_CRC_X86_64_PCLMUL 1
| #define HAVE_DECL_STRERROR_R 1
| #define HAVE_STRERROR_R 1
| #define HAVE_DECL_FCHDIR 1
| #define FUNC_FFLUSH_STDIN 1
| #define HAVE_WORKING_O_NOATIME 1
| #define HAVE_WORKING_O_NOFOLLOW 1
| #define PROMOTED_MODE_T mode_t
| #define HAVE_DECL_FDATASYNC 1
| #define HAVE_STDINT_H_WITH_UINTMAX 1
| #define HAVE_INTTYPES_H_WITH_UINTMAX 1
| #define CHECK_PRINTF_SAFE 1
| #define HAVE_WINT_T 1
| #define DBL_EXPBIT0_WORD 1
| #define DBL_EXPBIT0_BIT 20
| #define HAVE_WCSLEN 1
| #define HAVE_SNPRINTF 1
| #define HAVE_STRNLEN 1
| #define HAVE_WCRTOMB 1
| #define HAVE_DECL__SNPRINTF 0
| #define HAVE_SNPRINTF_RETVAL_C99 1
| #define HAVE_SNPRINTF_TRUNCATION_C99 1
| #define HAVE_INTMAX_T 1
| #define HAVE_DECL_ALARM 1
| #define _USE_STD_STAT 1
| #define HAVE_DECL_FSEEKO 1
| #define FUNC_FFLUSH_STDIN 1
| #define restrict __restrict__
| #define HAVE_DECL_FTELLO 1
| #define HAVE_DECL_GETDTABLESIZE 1
| #define HAVE_GETOPT_H 1
| #define HAVE_GETOPT_LONG_ONLY 1
| #define MUSL_LIBC 1
| #define HAVE_LONG_LONG_INT 1
| #define HAVE_UNSIGNED_LONG_LONG_INT 1
| #define FLT_EXPBIT0_WORD 0
| #define FLT_EXPBIT0_BIT 23
| #define LDBL_EXPBIT0_WORD 2
| #define LDBL_EXPBIT0_BIT 0
| #define LSTAT_FOLLOWS_SLASHED_SYMLINK 1
| #define HAVE_MALLOC_0_NONNULL 1
| #define HAVE_MBSTATE_T 1
| #define HAVE_LANGINFO_CODESET 1
| #define HAVE_MAP_ANONYMOUS 1
| #define HAVE_DECL_MEMRCHR 1
| #define HAVE_MINMAX_IN_SYS_PARAM_H 1
| #define USER_LABEL_PREFIX 
| #define HAVE_SIGSET_T 1
| /* end confdefs.h.  */
| 
| #include <signal.h>
| 
| 
| int
| main (void)
| {
| if (sizeof ((volatile sig_atomic_t)))
| 	    return 0;
|   ;
|   return 0;
| }
configure:22554: result: yes
configure:22572: checking for sighandler_t
configure:22572: gcc -c -g -O2  conftest.c >&5
configure:22572: $? = 0
configure:22572: gcc -c -g -O2  conftest.c >&5
conftest.c: In function 'main':
conftest.c:143:27: error: expected expression before ')' token
  143 | if (sizeof ((sighandler_t)))
      |                           ^
configure:22572: $? = 1
configure: failed program was:
| /* confdefs.h */
| #define PACKAGE_NAME "gzip"
| #define PACKAGE_TARNAME "gzip"
| #define PACKAGE_VERSION "1.14"
| #define PACKAGE_STRING "gzip 1.14"
| #define PACKAGE_BUGREPORT "bug-gzip@gnu.org"
| #define PACKAGE_URL ""
| #define PACKAGE "gzip"
| #define VERSION "1.14"
| #define HAVE_STDIO_H 1
| #define HAVE_STDLIB_H 1
| #define HAVE_STRING_H 1
| #define HAVE_INTTYPES_H 1
| #define HAVE_STDINT_H 1
| #define HAVE_STRINGS_H 1
| #define HAVE_SYS_STAT_H 1
| #define HAVE_SYS_TYPES_H 1
| #define HAVE_UNISTD_H 1
| #define HAVE_WCHAR_H 1
| #define HAVE_STDBOOL_H 1
| #define HAVE_BYTESWAP_H 1
| #define HAVE_SYS_PARAM_H 1
| #define HAVE_SYS_SOCKET_H 1
| #define HAVE_DIRENT_H 1
| #define HAVE_ENDIAN_H 1
| #define HAVE_FEATURES_H 1
| #define HAVE_STDIO_EXT_H 1
| #define HAVE_GETOPT_H 1
| #define HAVE_SYS_TIME_H 1
| #define HAVE_LIMITS_H 1
| #define HAVE_MATH_H 1
| #define HAVE_SYS_MMAN_H 1
| #define HAVE_STDCKDINT_H 1
| #define HAVE_UTIME_H 1
| #define HAVE_FCNTL_H 1
| #define HAVE_MEMORY_H 1
| #define HAVE_TIME_H 1
| #define STDC_HEADERS 1
| #define _ALL_SOURCE 1
| #define _COSMO_SOURCE 1
| #define _DARWIN_C_SOURCE 1
| #define _GNU_SOURCE 1
| #define _HPUX_ALT_XOPEN_SOCKET_API 1
| #define _NETBSD_SOURCE 1
| #define _OPENBSD_SOURCE 1
| #define _POSIX_PTHREAD_SEMANTICS 1
| #define __STDC_WANT_IEC_60559_ATTRIBS_EXT__ 1
| #define __STDC_WANT_IEC_60559_BFP_EXT__ 1
| #define __STDC_WANT_IEC_60559_DFP_EXT__ 1
| #define __STDC_WANT_IEC_60559_EXT__ 1
| #define __STDC_WANT_IEC_60559_FUNCS_EXT__ 1
| #define __STDC_WANT_IEC_60559_TYPES_EXT__ 1
| #define __STDC_WANT_LIB_EXT2__ 1
| #define __STDC_WANT_MATH_SPEC_FUNCS__ 1
| #define _TANDEM_SOURCE 1
| #define __EXTENSIONS__ 1
| #define _LINUX_SOURCE_COMPAT 1
| #define __USE_MINGW_ANSI_STDIO 1
| #define HAVE_ALLOCA_H 1
| #define HAVE_ALLOCA 1
| #define HAVE_MALLOC_PTRDIFF 1
| #define HAVE_MALLOC_POSIX 1
| #define HAVE_FCHDIR 1
| #define HAVE_FCNTL 1
| #define HAVE_SYMLINK 1
| #define HAVE_FDOPENDIR 1
| #define HAVE_SNPRINTF 1
| #define HAVE_FPURGE 1
| #define HAVE_FSYNC 1
| #define HAVE_GETDTABLESIZE 1
| #define HAVE_GETTIMEOFDAY 1
| #define HAVE_LSTAT 1
| #define HAVE_MBSINIT 1
| #define HAVE_MBRTOWC 1
| #define HAVE_MPROTECT 1
| #define HAVE_OPENAT 1
| #define HAVE_PIPE 1
| #define HAVE_QSORT_R 1
| #define HAVE_SIGACTION 1
| #define HAVE_SIGALTSTACK 1
| #define HAVE_SIGINTERRUPT 1
| #define HAVE_UNLINKAT 1
| #define HAVE_CHOWN 1
| #define HAVE_FCHMOD 1
| #define HAVE_FCHOWN 1
| #define GL_CRC_SLICE_BY_8 1
| #define GL_CRC_X86_64_PCLMUL 1
| #define HAVE_DECL_STRERROR_R 1
| #define HAVE_STRERROR_R 1
| #define HAVE_DECL_FCHDIR 1
| #define FUNC_FFLUSH_STDIN 1
| #define HAVE_WORKING_O_NOATIME 1
| #define HAVE_WORKING_O_NOFOLLOW 1
| #define PROMOTED_MODE_T mode_t
| #define HAVE_DECL_FDATASYNC 1
| #define HAVE_STDINT_H_WITH_UINTMAX 1
| #define HAVE_INTTYPES_H_WITH_UINTMAX 1
| #define CHECK_PRINTF_SAFE 1
| #define HAVE_WINT_T 1
| #define DBL_EXPBIT0_WORD 1
| #define DBL_EXPBIT0_BIT 20
| #define HAVE_WCSLEN 1
| #define HAVE_SNPRINTF 1
| #define HAVE_STRNLEN 1
| #define HAVE_WCRTOMB 1
| #define HAVE_DECL__SNPRINTF 0
| #define HAVE_SNPRINTF_RETVAL_C99 1
| #define HAVE_SNPRINTF_TRUNCATION_C99 1
| #define HAVE_INTMAX_T 1
| #define HAVE_DECL_ALARM 1
| #define _USE_STD_STAT 1
| #define HAVE_DECL_FSEEKO 1
| #define FUNC_FFLUSH_STDIN 1
| #define restrict __restrict__
| #define HAVE_DECL_FTELLO 1
| #define HAVE_DECL_GETDTABLESIZE 1
| #define HAVE_GETOPT_H 1
| #define HAVE_GETOPT_LONG_ONLY 1
| #define MUSL_LIBC 1
| #define HAVE_LONG_LONG_INT 1
| #define HAVE_UNSIGNED_LONG_LONG_INT 1
| #define FLT_EXPBIT0_WORD 0
| #define FLT_EXPBIT0_BIT 23
| #define LDBL_EXPBIT0_WORD 2
| #define LDBL_EXPBIT0_BIT 0
| #define LSTAT_FOLLOWS_SLASHED_SYMLINK 1
| #define HAVE_MALLOC_0_NONNULL 1
| #define HAVE_MBSTATE_T 1
| #define HAVE_LANGINFO_CODESET 1
| #define HAVE_MAP_ANONYMOUS 1
| #define HAVE_DECL_MEMRCHR 1
| #define HAVE_MINMAX_IN_SYS_PARAM_H 1
| #define USER_LABEL_PREFIX 
| #define HAVE_SIGSET_T 1
| /* end confdefs.h.  */
| 
| #include <signal.h>
| 
| 
| int
| main (void)
| {
| if (sizeof ((sighandler_t)))
| 	    return 0;
|   ;
|   return 0;
| }
configure:22572: result: yes
configure:22603: checking for good max_align_t
configure:22640: gcc -c -g -O2  conftest.c >&5
configure:22640: $? = 0
configure:22651: result: yes
configure:22658: checking whether NULL can be used in arbitrary expressions
configure:22677: gcc -c -g -O2  conftest.c >&5
configure:22677: $? = 0
configure:22687: result: yes
configure:22694: checking for unreachable
configure:22713: gcc -o conftest -g -O2   conftest.c  >&5
conftest.c: In function 'main':
conftest.c:141:1: error: implicit declaration of function 'unreachable' [-Wimplicit-function-declaration]
  141 | unreachable ();
      | ^~~~~~~~~~~
configure:22713: $? = 1
configure: failed program was:
| /* confdefs.h */
| #define PACKAGE_NAME "gzip"
| #define PACKAGE_TARNAME "gzip"
| #define PACKAGE_VERSION "1.14"
| #define PACKAGE_STRING "gzip 1.14"
| #define PACKAGE_BUGREPORT "bug-gzip@gnu.org"
| #define PACKAGE_URL ""
| #define PACKAGE "gzip"
| #define VERSION "1.14"
| #define HAVE_STDIO_H 1
| #define HAVE_STDLIB_H 1
| #define HAVE_STRING_H 1
| #define HAVE_INTTYPES_H 1
| #define HAVE_STDINT_H 1
| #define HAVE_STRINGS_H 1
| #define HAVE_SYS_STAT_H 1
| #define HAVE_SYS_TYPES_H 1
| #define HAVE_UNISTD_H 1
| #define HAVE_WCHAR_H 1
| #define HAVE_STDBOOL_H 1
| #define HAVE_BYTESWAP_H 1
| #define HAVE_SYS_PARAM_H 1
| #define HAVE_SYS_SOCKET_H 1
| #define HAVE_DIRENT_H 1
| #define HAVE_ENDIAN_H 1
| #define HAVE_FEATURES_H 1
| #define HAVE_STDIO_EXT_H 1
| #define HAVE_GETOPT_H 1
| #define HAVE_SYS_TIME_H 1
| #define HAVE_LIMITS_H 1
| #define HAVE_MATH_H 1
| #define HAVE_SYS_MMAN_H 1
| #define HAVE_STDCKDINT_H 1
| #define HAVE_UTIME_H 1
| #define HAVE_FCNTL_H 1
| #define HAVE_MEMORY_H 1
| #define HAVE_TIME_H 1
| #define STDC_HEADERS 1
| #define _ALL_SOURCE 1
| #define _COSMO_SOURCE 1
| #define _DARWIN_C_SOURCE 1
| #define _GNU_SOURCE 1
| #define _HPUX_ALT_XOPEN_SOCKET_API 1
| #define _NETBSD_SOURCE 1
| #define _OPENBSD_SOURCE 1
| #define _POSIX_PTHREAD_SEMANTICS 1
| #define __STDC_WANT_IEC_60559_ATTRIBS_EXT__ 1
| #define __STDC_WANT_IEC_60559_BFP_EXT__ 1
| #define __STDC_WANT_IEC_60559_DFP_EXT__ 1
| #define __STDC_WANT_IEC_60559_EXT__ 1
| #define __STDC_WANT_IEC_60559_FUNCS_EXT__ 1
| #define __STDC_WANT_IEC_60559_TYPES_EXT__ 1
| #define __STDC_WANT_LIB_EXT2__ 1
| #define __STDC_WANT_MATH_SPEC_FUNCS__ 1
| #define _TANDEM_SOURCE 1
| #define __EXTENSIONS__ 1
| #define _LINUX_SOURCE_COMPAT 1
| #define __USE_MINGW_ANSI_STDIO 1
| #define HAVE_ALLOCA_H 1
| #define HAVE_ALLOCA 1
| #define HAVE_MALLOC_PTRDIFF 1
| #define HAVE_MALLOC_POSIX 1
| #define HAVE_FCHDIR 1
| #define HAVE_FCNTL 1
| #define HAVE_SYMLINK 1
| #define HAVE_FDOPENDIR 1
| #define HAVE_SNPRINTF 1
| #define HAVE_FPURGE 1
| #define HAVE_FSYNC 1
| #define HAVE_GETDTABLESIZE 1
| #define HAVE_GETTIMEOFDAY 1
| #define HAVE_LSTAT 1
| #define HAVE_MBSINIT 1
| #define HAVE_MBRTOWC 1
| #define HAVE_MPROTECT 1
| #define HAVE_OPENAT 1
| #define HAVE_PIPE 1
| #define HAVE_QSORT_R 1
| #define HAVE_SIGACTION 1
| #define HAVE_SIGALTSTACK 1
| #define HAVE_SIGINTERRUPT 1
| #define HAVE_UNLINKAT 1
| #define HAVE_CHOWN 1
| #define HAVE_FCHMOD 1
| #define HAVE_FCHOWN 1
| #define GL_CRC_SLICE_BY_8 1
| #define GL_CRC_X86_64_PCLMUL 1
| #define HAVE_DECL_STRERROR_R 1
| #define HAVE_STRERROR_R 1
| #define HAVE_DECL_FCHDIR 1
| #define FUNC_FFLUSH_STDIN 1
| #define HAVE_WORKING_O_NOATIME 1
| #define HAVE_WORKING_O_NOFOLLOW 1
| #define PROMOTED_MODE_T mode_t
| #define HAVE_DECL_FDATASYNC 1
| #define HAVE_STDINT_H_WITH_UINTMAX 1
| #define HAVE_INTTYPES_H_WITH_UINTMAX 1
| #define CHECK_PRINTF_SAFE 1
| #define HAVE_WINT_T 1
| #define DBL_EXPBIT0_WORD 1
| #define DBL_EXPBIT0_BIT 20
| #define HAVE_WCSLEN 1
| #define HAVE_SNPRINTF 1
| #define HAVE_STRNLEN 1
| #define HAVE_WCRTOMB 1
| #define HAVE_DECL__SNPRINTF 0
| #define HAVE_SNPRINTF_RETVAL_C99 1
| #define HAVE_SNPRINTF_TRUNCATION_C99 1
| #define HAVE_INTMAX_T 1
| #define HAVE_DECL_ALARM 1
| #define _USE_STD_STAT 1
| #define HAVE_DECL_FSEEKO 1
| #define FUNC_FFLUSH_STDIN 1
| #define restrict __restrict__
| #define HAVE_DECL_FTELLO 1
| #define HAVE_DECL_GETDTABLESIZE 1
| #define HAVE_GETOPT_H 1
| #define HAVE_GETOPT_LONG_ONLY 1
| #define MUSL_LIBC 1
| #define HAVE_LONG_LONG_INT 1
| #define HAVE_UNSIGNED_LONG_LONG_INT 1
| #define FLT_EXPBIT0_WORD 0
| #define FLT_EXPBIT0_BIT 23
| #define LDBL_EXPBIT0_WORD 2
| #define LDBL_EXPBIT0_BIT 0
| #define LSTAT_FOLLOWS_SLASHED_SYMLINK 1
| #define HAVE_MALLOC_0_NONNULL 1
| #define HAVE_MBSTATE_T 1
| #define HAVE_LANGINFO_CODESET 1
| #define HAVE_MAP_ANONYMOUS 1
| #define HAVE_DECL_MEMRCHR 1
| #define HAVE_MINMAX_IN_SYS_PARAM_H 1
| #define USER_LABEL_PREFIX 
| #define HAVE_SIGSET_T 1
| /* end confdefs.h.  */
| #include <stddef.h>
| 
| int
| main (void)
| {
| unreachable ();
| 
|   ;
|   return 0;
| }
configure:22725: result: no
configure:22731: checking whether nullptr_t needs <stddef.h>
configure:22741: gcc -c -g -O2  conftest.c >&5
conftest.c:136:1: error: unknown type name 'nullptr_t'
  136 | nullptr_t x;
      | ^~~~~~~~~
configure:22741: $? = 1
configure: failed program was:
| /* confdefs.h */
| #define PACKAGE_NAME "gzip"
| #define PACKAGE_TARNAME "gzip"
| #define PACKAGE_VERSION "1.14"
| #define PACKAGE_STRING "gzip 1.14"
| #define PACKAGE_BUGREPORT "bug-gzip@gnu.org"
| #define PACKAGE_URL ""
| #define PACKAGE "gzip"
| #define VERSION "1.14"
| #define HAVE_STDIO_H 1
| #define HAVE_STDLIB_H 1
| #define HAVE_STRING_H 1
| #define HAVE_INTTYPES_H 1
| #define HAVE_STDINT_H 1
| #define HAVE_STRINGS_H 1
| #define HAVE_SYS_STAT_H 1
| #define HAVE_SYS_TYPES_H 1
| #define HAVE_UNISTD_H 1
| #define HAVE_WCHAR_H 1
| #define HAVE_STDBOOL_H 1
| #define HAVE_BYTESWAP_H 1
| #define HAVE_SYS_PARAM_H 1
| #define HAVE_SYS_SOCKET_H 1
| #define HAVE_DIRENT_H 1
| #define HAVE_ENDIAN_H 1
| #define HAVE_FEATURES_H 1
| #define HAVE_STDIO_EXT_H 1
| #define HAVE_GETOPT_H 1
| #define HAVE_SYS_TIME_H 1
| #define HAVE_LIMITS_H 1
| #define HAVE_MATH_H 1
| #define HAVE_SYS_MMAN_H 1
| #define HAVE_STDCKDINT_H 1
| #define HAVE_UTIME_H 1
| #define HAVE_FCNTL_H 1
| #define HAVE_MEMORY_H 1
| #define HAVE_TIME_H 1
| #define STDC_HEADERS 1
| #define _ALL_SOURCE 1
| #define _COSMO_SOURCE 1
| #define _DARWIN_C_SOURCE 1
| #define _GNU_SOURCE 1
| #define _HPUX_ALT_XOPEN_SOCKET_API 1
| #define _NETBSD_SOURCE 1
| #define _OPENBSD_SOURCE 1
| #define _POSIX_PTHREAD_SEMANTICS 1
| #define __STDC_WANT_IEC_60559_ATTRIBS_EXT__ 1
| #define __STDC_WANT_IEC_60559_BFP_EXT__ 1
| #define __STDC_WANT_IEC_60559_DFP_EXT__ 1
| #define __STDC_WANT_IEC_60559_EXT__ 1
| #define __STDC_WANT_IEC_60559_FUNCS_EXT__ 1
| #define __STDC_WANT_IEC_60559_TYPES_EXT__ 1
| #define __STDC_WANT_LIB_EXT2__ 1
| #define __STDC_WANT_MATH_SPEC_FUNCS__ 1
| #define _TANDEM_SOURCE 1
| #define __EXTENSIONS__ 1
| #define _LINUX_SOURCE_COMPAT 1
| #define __USE_MINGW_ANSI_STDIO 1
| #define HAVE_ALLOCA_H 1
| #define HAVE_ALLOCA 1
| #define HAVE_MALLOC_PTRDIFF 1
| #define HAVE_MALLOC_POSIX 1
| #define HAVE_FCHDIR 1
| #define HAVE_FCNTL 1
| #define HAVE_SYMLINK 1
| #define HAVE_FDOPENDIR 1
| #define HAVE_SNPRINTF 1
| #define HAVE_FPURGE 1
| #define HAVE_FSYNC 1
| #define HAVE_GETDTABLESIZE 1
| #define HAVE_GETTIMEOFDAY 1
| #define HAVE_LSTAT 1
| #define HAVE_MBSINIT 1
| #define HAVE_MBRTOWC 1
| #define HAVE_MPROTECT 1
| #define HAVE_OPENAT 1
| #define HAVE_PIPE 1
| #define HAVE_QSORT_R 1
| #define HAVE_SIGACTION 1
| #define HAVE_SIGALTSTACK 1
| #define HAVE_SIGINTERRUPT 1
| #define HAVE_UNLINKAT 1
| #define HAVE_CHOWN 1
| #define HAVE_FCHMOD 1
| #define HAVE_FCHOWN 1
| #define GL_CRC_SLICE_BY_8 1
| #define GL_CRC_X86_64_PCLMUL 1
| #define HAVE_DECL_STRERROR_R 1
| #define HAVE_STRERROR_R 1
| #define HAVE_DECL_FCHDIR 1
| #define FUNC_FFLUSH_STDIN 1
| #define HAVE_WORKING_O_NOATIME 1
| #define HAVE_WORKING_O_NOFOLLOW 1
| #define PROMOTED_MODE_T mode_t
| #define HAVE_DECL_FDATASYNC 1
| #define HAVE_STDINT_H_WITH_UINTMAX 1
| #define HAVE_INTTYPES_H_WITH_UINTMAX 1
| #define CHECK_PRINTF_SAFE 1
| #define HAVE_WINT_T 1
| #define DBL_EXPBIT0_WORD 1
| #define DBL_EXPBIT0_BIT 20
| #define HAVE_WCSLEN 1
| #define HAVE_SNPRINTF 1
| #define HAVE_STRNLEN 1
| #define HAVE_WCRTOMB 1
| #define HAVE_DECL__SNPRINTF 0
| #define HAVE_SNPRINTF_RETVAL_C99 1
| #define HAVE_SNPRINTF_TRUNCATION_C99 1
| #define HAVE_INTMAX_T 1
| #define HAVE_DECL_ALARM 1
| #define _USE_STD_STAT 1
| #define HAVE_DECL_FSEEKO 1
| #define FUNC_FFLUSH_STDIN 1
| #define restrict __restrict__
| #define HAVE_DECL_FTELLO 1
| #define HAVE_DECL_GETDTABLESIZE 1
| #define HAVE_GETOPT_H 1
| #define HAVE_GETOPT_LONG_ONLY 1
| #define MUSL_LIBC 1
| #define HAVE_LONG_LONG_INT 1
| #define HAVE_UNSIGNED_LONG_LONG_INT 1
| #define FLT_EXPBIT0_WORD 0
| #define FLT_EXPBIT0_BIT 23
| #define LDBL_EXPBIT0_WORD 2
| #define LDBL_EXPBIT0_BIT 0
| #define LSTAT_FOLLOWS_SLASHED_SYMLINK 1
| #define HAVE_MALLOC_0_NONNULL 1
| #define HAVE_MBSTATE_T 1
| #define HAVE_LANGINFO_CODESET 1
| #define HAVE_MAP_ANONYMOUS 1
| #define HAVE_DECL_MEMRCHR 1
| #define HAVE_MINMAX_IN_SYS_PARAM_H 1
| #define USER_LABEL_PREFIX 
| #define HAVE_SIGSET_T 1
| /* end confdefs.h.  */
| nullptr_t x;
configure:22751: result: yes
configure:22758: checking for clean definition of __STDC_VERSION_STDDEF_H__
configure:22775: gcc -E  conftest.c
configure:22775: $? = 0
configure:22785: result: yes
configure:22870: checking whether fcloseall is declared
configure:22870: gcc -c -g -O2   conftest.c >&5
conftest.c: In function 'main':
conftest.c:171:10: error: 'fcloseall' undeclared (first use in this function); did you mean 'fclose'?
  171 |   (void) fcloseall;
      |          ^~~~~~~~~
      |          fclose
conftest.c:171:10: note: each undeclared identifier is reported only once for each function it appears in
configure:22870: $? = 1
configure: failed program was:
| /* confdefs.h */
| #define PACKAGE_NAME "gzip"
| #define PACKAGE_TARNAME "gzip"
| #define PACKAGE_VERSION "1.14"
| #define PACKAGE_STRING "gzip 1.14"
| #define PACKAGE_BUGREPORT "bug-gzip@gnu.org"
| #define PACKAGE_URL ""
| #define PACKAGE "gzip"
| #define VERSION "1.14"
| #define HAVE_STDIO_H 1
| #define HAVE_STDLIB_H 1
| #define HAVE_STRING_H 1
| #define HAVE_INTTYPES_H 1
| #define HAVE_STDINT_H 1
| #define HAVE_STRINGS_H 1
| #define HAVE_SYS_STAT_H 1
| #define HAVE_SYS_TYPES_H 1
| #define HAVE_UNISTD_H 1
| #define HAVE_WCHAR_H 1
| #define HAVE_STDBOOL_H 1
| #define HAVE_BYTESWAP_H 1
| #define HAVE_SYS_PARAM_H 1
| #define HAVE_SYS_SOCKET_H 1
| #define HAVE_DIRENT_H 1
| #define HAVE_ENDIAN_H 1
| #define HAVE_FEATURES_H 1
| #define HAVE_STDIO_EXT_H 1
| #define HAVE_GETOPT_H 1
| #define HAVE_SYS_TIME_H 1
| #define HAVE_LIMITS_H 1
| #define HAVE_MATH_H 1
| #define HAVE_SYS_MMAN_H 1
| #define HAVE_STDCKDINT_H 1
| #define HAVE_UTIME_H 1
| #define HAVE_FCNTL_H 1
| #define HAVE_MEMORY_H 1
| #define HAVE_TIME_H 1
| #define STDC_HEADERS 1
| #define _ALL_SOURCE 1
| #define _COSMO_SOURCE 1
| #define _DARWIN_C_SOURCE 1
| #define _GNU_SOURCE 1
| #define _HPUX_ALT_XOPEN_SOCKET_API 1
| #define _NETBSD_SOURCE 1
| #define _OPENBSD_SOURCE 1
| #define _POSIX_PTHREAD_SEMANTICS 1
| #define __STDC_WANT_IEC_60559_ATTRIBS_EXT__ 1
| #define __STDC_WANT_IEC_60559_BFP_EXT__ 1
| #define __STDC_WANT_IEC_60559_DFP_EXT__ 1
| #define __STDC_WANT_IEC_60559_EXT__ 1
| #define __STDC_WANT_IEC_60559_FUNCS_EXT__ 1
| #define __STDC_WANT_IEC_60559_TYPES_EXT__ 1
| #define __STDC_WANT_LIB_EXT2__ 1
| #define __STDC_WANT_MATH_SPEC_FUNCS__ 1
| #define _TANDEM_SOURCE 1
| #define __EXTENSIONS__ 1
| #define _LINUX_SOURCE_COMPAT 1
| #define __USE_MINGW_ANSI_STDIO 1
| #define HAVE_ALLOCA_H 1
| #define HAVE_ALLOCA 1
| #define HAVE_MALLOC_PTRDIFF 1
| #define HAVE_MALLOC_POSIX 1
| #define HAVE_FCHDIR 1
| #define HAVE_FCNTL 1
| #define HAVE_SYMLINK 1
| #define HAVE_FDOPENDIR 1
| #define HAVE_SNPRINTF 1
| #define HAVE_FPURGE 1
| #define HAVE_FSYNC 1
| #define HAVE_GETDTABLESIZE 1
| #define HAVE_GETTIMEOFDAY 1
| #define HAVE_LSTAT 1
| #define HAVE_MBSINIT 1
| #define HAVE_MBRTOWC 1
| #define HAVE_MPROTECT 1
| #define HAVE_OPENAT 1
| #define HAVE_PIPE 1
| #define HAVE_QSORT_R 1
| #define HAVE_SIGACTION 1
| #define HAVE_SIGALTSTACK 1
| #define HAVE_SIGINTERRUPT 1
| #define HAVE_UNLINKAT 1
| #define HAVE_CHOWN 1
| #define HAVE_FCHMOD 1
| #define HAVE_FCHOWN 1
| #define GL_CRC_SLICE_BY_8 1
| #define GL_CRC_X86_64_PCLMUL 1
| #define HAVE_DECL_STRERROR_R 1
| #define HAVE_STRERROR_R 1
| #define HAVE_DECL_FCHDIR 1
| #define FUNC_FFLUSH_STDIN 1
| #define HAVE_WORKING_O_NOATIME 1
| #define HAVE_WORKING_O_NOFOLLOW 1
| #define PROMOTED_MODE_T mode_t
| #define HAVE_DECL_FDATASYNC 1
| #define HAVE_STDINT_H_WITH_UINTMAX 1
| #define HAVE_INTTYPES_H_WITH_UINTMAX 1
| #define CHECK_PRINTF_SAFE 1
| #define HAVE_WINT_T 1
| #define DBL_EXPBIT0_WORD 1
| #define DBL_EXPBIT0_BIT 20
| #define HAVE_WCSLEN 1
| #define HAVE_SNPRINTF 1
| #define HAVE_STRNLEN 1
| #define HAVE_WCRTOMB 1
| #define HAVE_DECL__SNPRINTF 0
| #define HAVE_SNPRINTF_RETVAL_C99 1
| #define HAVE_SNPRINTF_TRUNCATION_C99 1
| #define HAVE_INTMAX_T 1
| #define HAVE_DECL_ALARM 1
| #define _USE_STD_STAT 1
| #define HAVE_DECL_FSEEKO 1
| #define FUNC_FFLUSH_STDIN 1
| #define restrict __restrict__
| #define HAVE_DECL_FTELLO 1
| #define HAVE_DECL_GETDTABLESIZE 1
| #define HAVE_GETOPT_H 1
| #define HAVE_GETOPT_LONG_ONLY 1
| #define MUSL_LIBC 1
| #define HAVE_LONG_LONG_INT 1
| #define HAVE_UNSIGNED_LONG_LONG_INT 1
| #define FLT_EXPBIT0_WORD 0
| #define FLT_EXPBIT0_BIT 23
| #define LDBL_EXPBIT0_WORD 2
| #define LDBL_EXPBIT0_BIT 0
| #define LSTAT_FOLLOWS_SLASHED_SYMLINK 1
| #define HAVE_MALLOC_0_NONNULL 1
| #define HAVE_MBSTATE_T 1
| #define HAVE_LANGINFO_CODESET 1
| #define HAVE_MAP_ANONYMOUS 1
| #define HAVE_DECL_MEMRCHR 1
| #define HAVE_MINMAX_IN_SYS_PARAM_H 1
| #define USER_LABEL_PREFIX 
| #define HAVE_SIGSET_T 1
| /* end confdefs.h.  */
| #include <stddef.h>
| #ifdef HAVE_STDIO_H
| # include <stdio.h>
| #endif
| #ifdef HAVE_STDLIB_H
| # include <stdlib.h>
| #endif
| #ifdef HAVE_STRING_H
| # include <string.h>
| #endif
| #ifdef HAVE_INTTYPES_H
| # include <inttypes.h>
| #endif
| #ifdef HAVE_STDINT_H
| # include <stdint.h>
| #endif
| #ifdef HAVE_STRINGS_H
| # include <strings.h>
| #endif
| #ifdef HAVE_SYS_TYPES_H
| # include <sys/types.h>
| #endif
| #ifdef HAVE_SYS_STAT_H
| # include <sys/stat.h>
| #endif
| #ifdef HAVE_UNISTD_H
| # include <unistd.h>
| #endif
| int
| main (void)
| {
| #ifndef fcloseall
| #ifdef __cplusplus
|   (void) fcloseall;
| #else
|   (void) fcloseall;
| #endif
| #endif
| 
|   ;
|   return 0;
| }
configure:22870: result: no
configure:22880: checking whether getw is declared
configure:22880: gcc -c -g -O2   conftest.c >&5
configure:22880: $? = 0
configure:22880: result: yes
configure:22890: checking whether putw is declared
configure:22890: gcc -c -g -O2   conftest.c >&5
configure:22890: $? = 0
configure:22890: result: yes
configure:22976: checking which flavor of printf attribute matches inttypes macros
configure:23004: gcc -c -g -O2  conftest.c >&5
configure:23004: $? = 0
configure:23014: result: system
configure:23048: checking whether ecvt is declared
configure:23048: gcc -c -g -O2   conftest.c >&5
configure:23048: $? = 0
configure:23048: result: yes
configure:23058: checking whether fcvt is declared
configure:23058: gcc -c -g -O2   conftest.c >&5
configure:23058: $? = 0
configure:23058: result: yes
configure:23068: checking whether gcvt is declared
configure:23068: gcc -c -g -O2   conftest.c >&5
configure:23068: $? = 0
configure:23068: result: yes
configure:23160: checking whether MB_CUR_MAX is correct
configure:23179: gcc -o conftest -g -O2   conftest.c  >&5
configure:23179: $? = 0
configure:23209: gcc -o conftest -g -O2   conftest.c  >&5
configure:23209: $? = 0
configure:23209: ./conftest
configure:23209: $? = 0
configure:23232: result: yes
configure:23258: checking whether strdup is declared
configure:23258: gcc -c -g -O2   conftest.c >&5
configure:23258: $? = 0
configure:23258: result: yes
configure:23270: checking whether strerror(0) succeeds
configure:23311: gcc -o conftest -g -O2   conftest.c  >&5
configure:23311: $? = 0
configure:23311: ./conftest
configure:23311: $? = 0
configure:23326: result: yes
configure:23508: checking for struct timespec in <time.h>
configure:23526: gcc -c -g -O2  conftest.c >&5
configure:23526: $? = 0
configure:23536: result: yes
configure:23735: checking for TIME_UTC in <time.h>
configure:23753: gcc -c -g -O2  conftest.c >&5
configure:23753: $? = 0
configure:23763: result: yes
configure:23772: checking whether execvpe is declared
configure:23772: gcc -c -g -O2   conftest.c >&5
configure:23772: $? = 0
configure:23772: result: yes
configure:23997: checking whether the utimes function works
configure:24138: gcc -o conftest -g -O2   conftest.c  >&5
configure:24138: $? = 0
configure:24138: ./conftest
configure:24138: $? = 0
configure:24153: result: yes
configure:24168: checking whether <wchar.h> uses 'inline' correctly
configure:24225: result: yes
configure:24355: checking whether wcsdup is declared
configure:24355: gcc -c -g -O2   conftest.c >&5
configure:24355: $? = 0
configure:24355: result: yes
configure:24374: checking for C compiler option to allow warnings
configure:24383: gcc -g -O2  -c conftest.c 2>conftest1.err
configure:24386: $? = 0
configure:24389: gcc -g -O2  -Wno-error -c conftest.c 2>conftest2.err
configure:24392: $? = 0
configure:24403: result: -Wno-error
configure:24449: gcc -g -O2  -E conftest.c > conftest.out
configure:24452: $? = 0
configure:24491: checking for alignas and alignof
configure:24549: gcc -c -g -O2  conftest.c >&5
configure:24549: $? = 0
configure:24563: result: yes, keywords
configure:24585: checking for alloca as a compiler built-in
configure:24613: result: yes
configure:24668: checking for static_assert
configure:24706: gcc -c -g -O2  conftest.c >&5
configure:24706: $? = 0
configure:24720: result: yes, a keyword
configure:24845: checking for bool, true, false
configure:24860: gcc -c -g -O2  conftest.c >&5
configure:24860: $? = 0
configure:24870: result: yes
configure:24885: checking for working bswap_16, bswap_32, bswap_64
configure:24909: gcc -c -g -O2  conftest.c >&5
configure:24909: $? = 0
configure:24920: result: yes
configure:24970: checking whether calloc (0, n) and calloc (n, 0) return nonnull
configure:25006: gcc -o conftest -g -O2   conftest.c  >&5
configure:25006: $? = 0
configure:25006: ./conftest
configure:25006: $? = 0
configure:25020: result: yes
configure:25119: checking whether this system supports file names of any length
configure:25164: result: no
configure:25213: checking for library containing clock_gettime
configure:25249: gcc -o conftest -g -O2   conftest.c  >&5
configure:25249: $? = 0
configure:25271: result: none required
configure:25281: checking for clock_getres
configure:25281: gcc -o conftest -g -O2   conftest.c  >&5
configure:25281: $? = 0
configure:25281: result: yes
configure:25287: checking for clock_gettime
configure:25287: gcc -o conftest -g -O2   conftest.c  >&5
configure:25287: $? = 0
configure:25287: result: yes
configure:25293: checking for clock_settime
configure:25293: gcc -o conftest -g -O2   conftest.c  >&5
configure:25293: $? = 0
configure:25293: result: yes
configure:25355: checking for closedir
configure:25355: gcc -o conftest -g -O2   conftest.c  >&5
configure:25355: $? = 0
configure:25355: result: yes
configure:25433: checking for dirfd
configure:25433: gcc -o conftest -g -O2   conftest.c  >&5
configure:25433: $? = 0
configure:25433: result: yes
configure:25440: checking whether dirfd is declared
configure:25440: gcc -c -g -O2   conftest.c >&5
configure:25440: $? = 0
configure:25440: result: yes
configure:25456: checking whether dirfd is a macro
configure:25483: result: no
configure:25585: checking whether // is distinct from /
configure:25616: result: no
configure:25644: checking whether dup works
configure:25680: gcc -o conftest -g -O2   conftest.c  >&5
configure:25680: $? = 0
configure:25680: ./conftest
configure:25680: $? = 0
configure:25695: result: yes
configure:25745: checking whether dup2 works
configure:25838: gcc -o conftest -g -O2   conftest.c  >&5
configure:25838: $? = 0
configure:25838: ./conftest
configure:25838: $? = 0
configure:25853: result: yes
configure:26197: checking whether fcntl handles F_DUPFD correctly
configure:26261: gcc -o conftest -g -O2   conftest.c  >&5
configure:26261: $? = 0
configure:26261: ./conftest
configure:26261: $? = 0
configure:26275: result: yes
configure:26293: checking whether fcntl understands F_DUPFD_CLOEXEC
configure:26328: gcc -o conftest -g -O2   conftest.c  >&5
configure:26328: $? = 0
configure:26328: ./conftest
configure:26328: $? = 0
configure:26347: gcc -c -g -O2  conftest.c >&5
conftest.c:172:1: error: unknown type name 'choke'
  172 | choke me
      | ^~~~~
conftest.c:172:9: error: expected ';' before 'int'
  172 | choke me
      |         ^
      |         ;
......
  175 | int
      | ~~~      
configure:26347: $? = 1
configure: failed program was:
| /* confdefs.h */
| #define PACKAGE_NAME "gzip"
| #define PACKAGE_TARNAME "gzip"
| #define PACKAGE_VERSION "1.14"
| #define PACKAGE_STRING "gzip 1.14"
| #define PACKAGE_BUGREPORT "bug-gzip@gnu.org"
| #define PACKAGE_URL ""
| #define PACKAGE "gzip"
| #define VERSION "1.14"
| #define HAVE_STDIO_H 1
| #define HAVE_STDLIB_H 1
| #define HAVE_STRING_H 1
| #define HAVE_INTTYPES_H 1
| #define HAVE_STDINT_H 1
| #define HAVE_STRINGS_H 1
| #define HAVE_SYS_STAT_H 1
| #define HAVE_SYS_TYPES_H 1
| #define HAVE_UNISTD_H 1
| #define HAVE_WCHAR_H 1
| #define HAVE_STDBOOL_H 1
| #define HAVE_BYTESWAP_H 1
| #define HAVE_SYS_PARAM_H 1
| #define HAVE_SYS_SOCKET_H 1
| #define HAVE_DIRENT_H 1
| #define HAVE_ENDIAN_H 1
| #define HAVE_FEATURES_H 1
| #define HAVE_STDIO_EXT_H 1
| #define HAVE_GETOPT_H 1
| #define HAVE_SYS_TIME_H 1
| #define HAVE_LIMITS_H 1
| #define HAVE_MATH_H 1
| #define HAVE_SYS_MMAN_H 1
| #define HAVE_STDCKDINT_H 1
| #define HAVE_UTIME_H 1
| #define HAVE_FCNTL_H 1
| #define HAVE_MEMORY_H 1
| #define HAVE_TIME_H 1
| #define STDC_HEADERS 1
| #define _ALL_SOURCE 1
| #define _COSMO_SOURCE 1
| #define _DARWIN_C_SOURCE 1
| #define _GNU_SOURCE 1
| #define _HPUX_ALT_XOPEN_SOCKET_API 1
| #define _NETBSD_SOURCE 1
| #define _OPENBSD_SOURCE 1
| #define _POSIX_PTHREAD_SEMANTICS 1
| #define __STDC_WANT_IEC_60559_ATTRIBS_EXT__ 1
| #define __STDC_WANT_IEC_60559_BFP_EXT__ 1
| #define __STDC_WANT_IEC_60559_DFP_EXT__ 1
| #define __STDC_WANT_IEC_60559_EXT__ 1
| #define __STDC_WANT_IEC_60559_FUNCS_EXT__ 1
| #define __STDC_WANT_IEC_60559_TYPES_EXT__ 1
| #define __STDC_WANT_LIB_EXT2__ 1
| #define __STDC_WANT_MATH_SPEC_FUNCS__ 1
| #define _TANDEM_SOURCE 1
| #define __EXTENSIONS__ 1
| #define _LINUX_SOURCE_COMPAT 1
| #define __USE_MINGW_ANSI_STDIO 1
| #define HAVE_ALLOCA_H 1
| #define HAVE_ALLOCA 1
| #define HAVE_MALLOC_PTRDIFF 1
| #define HAVE_MALLOC_POSIX 1
| #define HAVE_FCHDIR 1
| #define HAVE_FCNTL 1
| #define HAVE_SYMLINK 1
| #define HAVE_FDOPENDIR 1
| #define HAVE_SNPRINTF 1
| #define HAVE_FPURGE 1
| #define HAVE_FSYNC 1
| #define HAVE_GETDTABLESIZE 1
| #define HAVE_GETTIMEOFDAY 1
| #define HAVE_LSTAT 1
| #define HAVE_MBSINIT 1
| #define HAVE_MBRTOWC 1
| #define HAVE_MPROTECT 1
| #define HAVE_OPENAT 1
| #define HAVE_PIPE 1
| #define HAVE_QSORT_R 1
| #define HAVE_SIGACTION 1
| #define HAVE_SIGALTSTACK 1
| #define HAVE_SIGINTERRUPT 1
| #define HAVE_UNLINKAT 1
| #define HAVE_CHOWN 1
| #define HAVE_FCHMOD 1
| #define HAVE_FCHOWN 1
| #define GL_CRC_SLICE_BY_8 1
| #define GL_CRC_X86_64_PCLMUL 1
| #define HAVE_DECL_STRERROR_R 1
| #define HAVE_STRERROR_R 1
| #define HAVE_DECL_FCHDIR 1
| #define FUNC_FFLUSH_STDIN 1
| #define HAVE_WORKING_O_NOATIME 1
| #define HAVE_WORKING_O_NOFOLLOW 1
| #define PROMOTED_MODE_T mode_t
| #define HAVE_DECL_FDATASYNC 1
| #define HAVE_STDINT_H_WITH_UINTMAX 1
| #define HAVE_INTTYPES_H_WITH_UINTMAX 1
| #define CHECK_PRINTF_SAFE 1
| #define HAVE_WINT_T 1
| #define DBL_EXPBIT0_WORD 1
| #define DBL_EXPBIT0_BIT 20
| #define HAVE_WCSLEN 1
| #define HAVE_SNPRINTF 1
| #define HAVE_STRNLEN 1
| #define HAVE_WCRTOMB 1
| #define HAVE_DECL__SNPRINTF 0
| #define HAVE_SNPRINTF_RETVAL_C99 1
| #define HAVE_SNPRINTF_TRUNCATION_C99 1
| #define HAVE_INTMAX_T 1
| #define HAVE_DECL_ALARM 1
| #define _USE_STD_STAT 1
| #define HAVE_DECL_FSEEKO 1
| #define FUNC_FFLUSH_STDIN 1
| #define restrict __restrict__
| #define HAVE_DECL_FTELLO 1
| #define HAVE_DECL_GETDTABLESIZE 1
| #define HAVE_GETOPT_H 1
| #define HAVE_GETOPT_LONG_ONLY 1
| #define MUSL_LIBC 1
| #define HAVE_LONG_LONG_INT 1
| #define HAVE_UNSIGNED_LONG_LONG_INT 1
| #define FLT_EXPBIT0_WORD 0
| #define FLT_EXPBIT0_BIT 23
| #define LDBL_EXPBIT0_WORD 2
| #define LDBL_EXPBIT0_BIT 0
| #define LSTAT_FOLLOWS_SLASHED_SYMLINK 1
| #define HAVE_MALLOC_0_NONNULL 1
| #define HAVE_MBSTATE_T 1
| #define HAVE_LANGINFO_CODESET 1
| #define HAVE_MAP_ANONYMOUS 1
| #define HAVE_DECL_MEMRCHR 1
| #define HAVE_MINMAX_IN_SYS_PARAM_H 1
| #define USER_LABEL_PREFIX 
| #define HAVE_SIGSET_T 1
| #define HAVE_DECL_FCLOSEALL 0
| #define HAVE_DECL_GETW 1
| #define HAVE_DECL_PUTW 1
| #define HAVE_DECL_ECVT 1
| #define HAVE_DECL_FCVT 1
| #define HAVE_DECL_GCVT 1
| #define HAVE_DECL_STRDUP 1
| #define HAVE_DECL_EXECVPE 1
| #define HAVE_WORKING_UTIMES 1
| #define HAVE_DECL_WCSDUP 1
| #define HAVE_C_ALIGNASOF 1
| #define HAVE_ALLOCA 1
| #define HAVE_C_STATIC_ASSERT 1
| #define HAVE_C_BOOL 1
| #define GNULIB_TEST_CALLOC_GNU 1
| #define GNULIB_TEST_CALLOC_POSIX 1
| #define GNULIB_TEST_CHDIR 1
| #define HAVE_CLOCK_GETRES 1
| #define HAVE_CLOCK_GETTIME 1
| #define HAVE_CLOCK_SETTIME 1
| #define GNULIB_TEST_CLOEXEC 1
| #define GNULIB_TEST_CLOSE 1
| #define GNULIB_CLOSE 1
| #define HAVE_CLOSEDIR 1
| #define GNULIB_TEST_CLOSEDIR 1
| #define HAVE_DIRFD 1
| #define HAVE_DECL_DIRFD 1
| #define GNULIB_TEST_DIRFD 1
| #define GNULIB_TEST_DUP 1
| #define GNULIB_TEST_DUP2 1
| #define GNULIB_TEST_FCHDIR 1
| #define GNULIB_TEST_FCLOSE 1
| /* end confdefs.h.  */
| 
| #ifdef __linux__
| /* The Linux kernel only added F_DUPFD_CLOEXEC in 2.6.24, so we always replace
|    it to support the semantics on older kernels that failed with EINVAL.  */
| choke me
| #endif
| 
| int
| main (void)
| {
| 
|   ;
|   return 0;
| }
configure:26368: result: needs runtime check
configure:26615: checking for fdatasync
configure:26652: checking for fdatasync
configure:26652: gcc -o conftest -g -O2   conftest.c  >&5
configure:26652: $? = 0
configure:26652: result: yes
configure:26668: result: yes
configure:26733: checking whether fdopendir is declared
configure:26733: gcc -c -g -O2   conftest.c >&5
configure:26733: $? = 0
configure:26733: result: yes
configure:26757: checking whether fdopendir works
configure:26807: gcc -o conftest -g -O2   conftest.c  >&5
configure:26807: $? = 0
configure:26807: ./conftest
configure:26807: $? = 0
configure:26821: result: yes
configure:26873: checking whether fflush works on input streams
configure:26963: result: yes
configure:27025: checking for mempcpy
configure:27062: checking for mempcpy
configure:27062: gcc -o conftest -g -O2   conftest.c  >&5
conftest.c:194:6: warning: conflicting types for built-in function 'mempcpy'; expected 'void *(void *, const void *, long unsigned int)' [-Wbuiltin-declaration-mismatch]
  194 | char mempcpy (void);
      |      ^~~~~~~
configure:27062: $? = 0
configure:27062: result: yes
configure:27078: result: yes
configure:27147: checking whether float.h conforms to ISO C23
configure:27173: gcc -c -g -O2  conftest.c >&5
conftest.c:181:26: error: 'FLT_NORM_MAX' undeclared here (not in a function)
  181 |             float maxf = FLT_NORM_MAX;
      |                          ^~~~~~~~~~~~
conftest.c:182:27: error: 'DBL_NORM_MAX' undeclared here (not in a function)
  182 |             double maxd = DBL_NORM_MAX;
      |                           ^~~~~~~~~~~~
conftest.c:183:32: error: 'LDBL_NORM_MAX' undeclared here (not in a function); did you mean 'LDBL_MAX'?
  183 |             long double maxl = LDBL_NORM_MAX;
      |                                ^~~~~~~~~~~~~
      |                                LDBL_MAX
conftest.c: In function 'main':
conftest.c:188:12: error: 'FLT_SNAN' undeclared (first use in this function)
  188 | float sf = FLT_SNAN;
      |            ^~~~~~~~
conftest.c:188:12: note: each undeclared identifier is reported only once for each function it appears in
conftest.c:189:25: error: 'DBL_SNAN' undeclared (first use in this function)
  189 |             double sd = DBL_SNAN;
      |                         ^~~~~~~~
conftest.c:190:30: error: 'LDBL_SNAN' undeclared (first use in this function); did you mean 'LDBL_MAX'?
  190 |             long double sl = LDBL_SNAN;
      |                              ^~~~~~~~~
      |                              LDBL_MAX
configure:27173: $? = 1
configure: failed program was:
| /* confdefs.h */
| #define PACKAGE_NAME "gzip"
| #define PACKAGE_TARNAME "gzip"
| #define PACKAGE_VERSION "1.14"
| #define PACKAGE_STRING "gzip 1.14"
| #define PACKAGE_BUGREPORT "bug-gzip@gnu.org"
| #define PACKAGE_URL ""
| #define PACKAGE "gzip"
| #define VERSION "1.14"
| #define HAVE_STDIO_H 1
| #define HAVE_STDLIB_H 1
| #define HAVE_STRING_H 1
| #define HAVE_INTTYPES_H 1
| #define HAVE_STDINT_H 1
| #define HAVE_STRINGS_H 1
| #define HAVE_SYS_STAT_H 1
| #define HAVE_SYS_TYPES_H 1
| #define HAVE_UNISTD_H 1
| #define HAVE_WCHAR_H 1
| #define HAVE_STDBOOL_H 1
| #define HAVE_BYTESWAP_H 1
| #define HAVE_SYS_PARAM_H 1
| #define HAVE_SYS_SOCKET_H 1
| #define HAVE_DIRENT_H 1
| #define HAVE_ENDIAN_H 1
| #define HAVE_FEATURES_H 1
| #define HAVE_STDIO_EXT_H 1
| #define HAVE_GETOPT_H 1
| #define HAVE_SYS_TIME_H 1
| #define HAVE_LIMITS_H 1
| #define HAVE_MATH_H 1
| #define HAVE_SYS_MMAN_H 1
| #define HAVE_STDCKDINT_H 1
| #define HAVE_UTIME_H 1
| #define HAVE_FCNTL_H 1
| #define HAVE_MEMORY_H 1
| #define HAVE_TIME_H 1
| #define STDC_HEADERS 1
| #define _ALL_SOURCE 1
| #define _COSMO_SOURCE 1
| #define _DARWIN_C_SOURCE 1
| #define _GNU_SOURCE 1
| #define _HPUX_ALT_XOPEN_SOCKET_API 1
| #define _NETBSD_SOURCE 1
| #define _OPENBSD_SOURCE 1
| #define _POSIX_PTHREAD_SEMANTICS 1
| #define __STDC_WANT_IEC_60559_ATTRIBS_EXT__ 1
| #define __STDC_WANT_IEC_60559_BFP_EXT__ 1
| #define __STDC_WANT_IEC_60559_DFP_EXT__ 1
| #define __STDC_WANT_IEC_60559_EXT__ 1
| #define __STDC_WANT_IEC_60559_FUNCS_EXT__ 1
| #define __STDC_WANT_IEC_60559_TYPES_EXT__ 1
| #define __STDC_WANT_LIB_EXT2__ 1
| #define __STDC_WANT_MATH_SPEC_FUNCS__ 1
| #define _TANDEM_SOURCE 1
| #define __EXTENSIONS__ 1
| #define _LINUX_SOURCE_COMPAT 1
| #define __USE_MINGW_ANSI_STDIO 1
| #define HAVE_ALLOCA_H 1
| #define HAVE_ALLOCA 1
| #define HAVE_MALLOC_PTRDIFF 1
| #define HAVE_MALLOC_POSIX 1
| #define HAVE_FCHDIR 1
| #define HAVE_FCNTL 1
| #define HAVE_SYMLINK 1
| #define HAVE_FDOPENDIR 1
| #define HAVE_SNPRINTF 1
| #define HAVE_FPURGE 1
| #define HAVE_FSYNC 1
| #define HAVE_GETDTABLESIZE 1
| #define HAVE_GETTIMEOFDAY 1
| #define HAVE_LSTAT 1
| #define HAVE_MBSINIT 1
| #define HAVE_MBRTOWC 1
| #define HAVE_MPROTECT 1
| #define HAVE_OPENAT 1
| #define HAVE_PIPE 1
| #define HAVE_QSORT_R 1
| #define HAVE_SIGACTION 1
| #define HAVE_SIGALTSTACK 1
| #define HAVE_SIGINTERRUPT 1
| #define HAVE_UNLINKAT 1
| #define HAVE_CHOWN 1
| #define HAVE_FCHMOD 1
| #define HAVE_FCHOWN 1
| #define GL_CRC_SLICE_BY_8 1
| #define GL_CRC_X86_64_PCLMUL 1
| #define HAVE_DECL_STRERROR_R 1
| #define HAVE_STRERROR_R 1
| #define HAVE_DECL_FCHDIR 1
| #define FUNC_FFLUSH_STDIN 1
| #define HAVE_WORKING_O_NOATIME 1
| #define HAVE_WORKING_O_NOFOLLOW 1
| #define PROMOTED_MODE_T mode_t
| #define HAVE_DECL_FDATASYNC 1
| #define HAVE_STDINT_H_WITH_UINTMAX 1
| #define HAVE_INTTYPES_H_WITH_UINTMAX 1
| #define CHECK_PRINTF_SAFE 1
| #define HAVE_WINT_T 1
| #define DBL_EXPBIT0_WORD 1
| #define DBL_EXPBIT0_BIT 20
| #define HAVE_WCSLEN 1
| #define HAVE_SNPRINTF 1
| #define HAVE_STRNLEN 1
| #define HAVE_WCRTOMB 1
| #define HAVE_DECL__SNPRINTF 0
| #define HAVE_SNPRINTF_RETVAL_C99 1
| #define HAVE_SNPRINTF_TRUNCATION_C99 1
| #define HAVE_INTMAX_T 1
| #define HAVE_DECL_ALARM 1
| #define _USE_STD_STAT 1
| #define HAVE_DECL_FSEEKO 1
| #define FUNC_FFLUSH_STDIN 1
| #define restrict __restrict__
| #define HAVE_DECL_FTELLO 1
| #define HAVE_DECL_GETDTABLESIZE 1
| #define HAVE_GETOPT_H 1
| #define HAVE_GETOPT_LONG_ONLY 1
| #define MUSL_LIBC 1
| #define HAVE_LONG_LONG_INT 1
| #define HAVE_UNSIGNED_LONG_LONG_INT 1
| #define FLT_EXPBIT0_WORD 0
| #define FLT_EXPBIT0_BIT 23
| #define LDBL_EXPBIT0_WORD 2
| #define LDBL_EXPBIT0_BIT 0
| #define LSTAT_FOLLOWS_SLASHED_SYMLINK 1
| #define HAVE_MALLOC_0_NONNULL 1
| #define HAVE_MBSTATE_T 1
| #define HAVE_LANGINFO_CODESET 1
| #define HAVE_MAP_ANONYMOUS 1
| #define HAVE_DECL_MEMRCHR 1
| #define HAVE_MINMAX_IN_SYS_PARAM_H 1
| #define USER_LABEL_PREFIX 
| #define HAVE_SIGSET_T 1
| #define HAVE_DECL_FCLOSEALL 0
| #define HAVE_DECL_GETW 1
| #define HAVE_DECL_PUTW 1
| #define HAVE_DECL_ECVT 1
| #define HAVE_DECL_FCVT 1
| #define HAVE_DECL_GCVT 1
| #define HAVE_DECL_STRDUP 1
| #define HAVE_DECL_EXECVPE 1
| #define HAVE_WORKING_UTIMES 1
| #define HAVE_DECL_WCSDUP 1
| #define HAVE_C_ALIGNASOF 1
| #define HAVE_ALLOCA 1
| #define HAVE_C_STATIC_ASSERT 1
| #define HAVE_C_BOOL 1
| #define GNULIB_TEST_CALLOC_GNU 1
| #define GNULIB_TEST_CALLOC_POSIX 1
| #define GNULIB_TEST_CHDIR 1
| #define HAVE_CLOCK_GETRES 1
| #define HAVE_CLOCK_GETTIME 1
| #define HAVE_CLOCK_SETTIME 1
| #define GNULIB_TEST_CLOEXEC 1
| #define GNULIB_TEST_CLOSE 1
| #define GNULIB_CLOSE 1
| #define HAVE_CLOSEDIR 1
| #define GNULIB_TEST_CLOSEDIR 1
| #define HAVE_DIRFD 1
| #define HAVE_DECL_DIRFD 1
| #define GNULIB_TEST_DIRFD 1
| #define GNULIB_TEST_DUP 1
| #define GNULIB_TEST_DUP2 1
| #define GNULIB_TEST_FCHDIR 1
| #define GNULIB_TEST_FCLOSE 1
| #define GNULIB_TEST_FCNTL 1
| #define GNULIB_FCNTL_SAFER 1
| #define HAVE_FDATASYNC 1
| #define GNULIB_TEST_FDATASYNC 1
| #define HAVE_DECL_FDOPENDIR 1
| #define GNULIB_TEST_FDOPENDIR 1
| #define GNULIB_FDOPENDIR 1
| #define FUNC_FFLUSH_STDIN 1
| #define GNULIB_FFLUSH 1
| #define GNULIB_TEST_FFLUSH 1
| #define HAVE_MEMPCPY 1
| /* end confdefs.h.  */
| #include <float.h>
|             int x[] = { FLT_DECIMAL_DIG, DBL_DECIMAL_DIG, LDBL_DECIMAL_DIG };
|             float maxf = FLT_NORM_MAX;
|             double maxd = DBL_NORM_MAX;
|             long double maxl = LDBL_NORM_MAX;
| 
| int
| main (void)
| {
| float sf = FLT_SNAN;
|             double sd = DBL_SNAN;
|             long double sl = LDBL_SNAN;
|             return (sf != 0) + (sd != 0) + (sl != 0);
| 
|   ;
|   return 0;
| }
configure:27184: result: no
configure:27192: checking whether conversion from 'int' to 'long double' works
configure:27242: gcc -o conftest -g -O2   conftest.c  >&5
configure:27242: $? = 0
configure:27242: ./conftest
configure:27242: $? = 0
configure:27257: result: yes
configure:27747: checking for ptrdiff_t
configure:27747: gcc -c -g -O2  conftest.c >&5
configure:27747: $? = 0
configure:27747: gcc -c -g -O2  conftest.c >&5
conftest.c: In function 'main':
conftest.c:212:24: error: expected expression before ')' token
  212 | if (sizeof ((ptrdiff_t)))
      |                        ^
configure:27747: $? = 1
configure: failed program was:
| /* confdefs.h */
| #define PACKAGE_NAME "gzip"
| #define PACKAGE_TARNAME "gzip"
| #define PACKAGE_VERSION "1.14"
| #define PACKAGE_STRING "gzip 1.14"
| #define PACKAGE_BUGREPORT "bug-gzip@gnu.org"
| #define PACKAGE_URL ""
| #define PACKAGE "gzip"
| #define VERSION "1.14"
| #define HAVE_STDIO_H 1
| #define HAVE_STDLIB_H 1
| #define HAVE_STRING_H 1
| #define HAVE_INTTYPES_H 1
| #define HAVE_STDINT_H 1
| #define HAVE_STRINGS_H 1
| #define HAVE_SYS_STAT_H 1
| #define HAVE_SYS_TYPES_H 1
| #define HAVE_UNISTD_H 1
| #define HAVE_WCHAR_H 1
| #define HAVE_STDBOOL_H 1
| #define HAVE_BYTESWAP_H 1
| #define HAVE_SYS_PARAM_H 1
| #define HAVE_SYS_SOCKET_H 1
| #define HAVE_DIRENT_H 1
| #define HAVE_ENDIAN_H 1
| #define HAVE_FEATURES_H 1
| #define HAVE_STDIO_EXT_H 1
| #define HAVE_GETOPT_H 1
| #define HAVE_SYS_TIME_H 1
| #define HAVE_LIMITS_H 1
| #define HAVE_MATH_H 1
| #define HAVE_SYS_MMAN_H 1
| #define HAVE_STDCKDINT_H 1
| #define HAVE_UTIME_H 1
| #define HAVE_FCNTL_H 1
| #define HAVE_MEMORY_H 1
| #define HAVE_TIME_H 1
| #define STDC_HEADERS 1
| #define _ALL_SOURCE 1
| #define _COSMO_SOURCE 1
| #define _DARWIN_C_SOURCE 1
| #define _GNU_SOURCE 1
| #define _HPUX_ALT_XOPEN_SOCKET_API 1
| #define _NETBSD_SOURCE 1
| #define _OPENBSD_SOURCE 1
| #define _POSIX_PTHREAD_SEMANTICS 1
| #define __STDC_WANT_IEC_60559_ATTRIBS_EXT__ 1
| #define __STDC_WANT_IEC_60559_BFP_EXT__ 1
| #define __STDC_WANT_IEC_60559_DFP_EXT__ 1
| #define __STDC_WANT_IEC_60559_EXT__ 1
| #define __STDC_WANT_IEC_60559_FUNCS_EXT__ 1
| #define __STDC_WANT_IEC_60559_TYPES_EXT__ 1
| #define __STDC_WANT_LIB_EXT2__ 1
| #define __STDC_WANT_MATH_SPEC_FUNCS__ 1
| #define _TANDEM_SOURCE 1
| #define __EXTENSIONS__ 1
| #define _LINUX_SOURCE_COMPAT 1
| #define __USE_MINGW_ANSI_STDIO 1
| #define HAVE_ALLOCA_H 1
| #define HAVE_ALLOCA 1
| #define HAVE_MALLOC_PTRDIFF 1
| #define HAVE_MALLOC_POSIX 1
| #define HAVE_FCHDIR 1
| #define HAVE_FCNTL 1
| #define HAVE_SYMLINK 1
| #define HAVE_FDOPENDIR 1
| #define HAVE_SNPRINTF 1
| #define HAVE_FPURGE 1
| #define HAVE_FSYNC 1
| #define HAVE_GETDTABLESIZE 1
| #define HAVE_GETTIMEOFDAY 1
| #define HAVE_LSTAT 1
| #define HAVE_MBSINIT 1
| #define HAVE_MBRTOWC 1
| #define HAVE_MPROTECT 1
| #define HAVE_OPENAT 1
| #define HAVE_PIPE 1
| #define HAVE_QSORT_R 1
| #define HAVE_SIGACTION 1
| #define HAVE_SIGALTSTACK 1
| #define HAVE_SIGINTERRUPT 1
| #define HAVE_UNLINKAT 1
| #define HAVE_CHOWN 1
| #define HAVE_FCHMOD 1
| #define HAVE_FCHOWN 1
| #define GL_CRC_SLICE_BY_8 1
| #define GL_CRC_X86_64_PCLMUL 1
| #define HAVE_DECL_STRERROR_R 1
| #define HAVE_STRERROR_R 1
| #define HAVE_DECL_FCHDIR 1
| #define FUNC_FFLUSH_STDIN 1
| #define HAVE_WORKING_O_NOATIME 1
| #define HAVE_WORKING_O_NOFOLLOW 1
| #define PROMOTED_MODE_T mode_t
| #define HAVE_DECL_FDATASYNC 1
| #define HAVE_STDINT_H_WITH_UINTMAX 1
| #define HAVE_INTTYPES_H_WITH_UINTMAX 1
| #define CHECK_PRINTF_SAFE 1
| #define HAVE_WINT_T 1
| #define DBL_EXPBIT0_WORD 1
| #define DBL_EXPBIT0_BIT 20
| #define HAVE_WCSLEN 1
| #define HAVE_SNPRINTF 1
| #define HAVE_STRNLEN 1
| #define HAVE_WCRTOMB 1
| #define HAVE_DECL__SNPRINTF 0
| #define HAVE_SNPRINTF_RETVAL_C99 1
| #define HAVE_SNPRINTF_TRUNCATION_C99 1
| #define HAVE_INTMAX_T 1
| #define HAVE_DECL_ALARM 1
| #define _USE_STD_STAT 1
| #define HAVE_DECL_FSEEKO 1
| #define FUNC_FFLUSH_STDIN 1
| #define restrict __restrict__
| #define HAVE_DECL_FTELLO 1
| #define HAVE_DECL_GETDTABLESIZE 1
| #define HAVE_GETOPT_H 1
| #define HAVE_GETOPT_LONG_ONLY 1
| #define MUSL_LIBC 1
| #define HAVE_LONG_LONG_INT 1
| #define HAVE_UNSIGNED_LONG_LONG_INT 1
| #define FLT_EXPBIT0_WORD 0
| #define FLT_EXPBIT0_BIT 23
| #define LDBL_EXPBIT0_WORD 2
| #define LDBL_EXPBIT0_BIT 0
| #define LSTAT_FOLLOWS_SLASHED_SYMLINK 1
| #define HAVE_MALLOC_0_NONNULL 1
| #define HAVE_MBSTATE_T 1
| #define HAVE_LANGINFO_CODESET 1
| #define HAVE_MAP_ANONYMOUS 1
| #define HAVE_DECL_MEMRCHR 1
| #define HAVE_MINMAX_IN_SYS_PARAM_H 1
| #define USER_LABEL_PREFIX 
| #define HAVE_SIGSET_T 1
| #define HAVE_DECL_FCLOSEALL 0
| #define HAVE_DECL_GETW 1
| #define HAVE_DECL_PUTW 1
| #define HAVE_DECL_ECVT 1
| #define HAVE_DECL_FCVT 1
| #define HAVE_DECL_GCVT 1
| #define HAVE_DECL_STRDUP 1
| #define HAVE_DECL_EXECVPE 1
| #define HAVE_WORKING_UTIMES 1
| #define HAVE_DECL_WCSDUP 1
| #define HAVE_C_ALIGNASOF 1
| #define HAVE_ALLOCA 1
| #define HAVE_C_STATIC_ASSERT 1
| #define HAVE_C_BOOL 1
| #define GNULIB_TEST_CALLOC_GNU 1
| #define GNULIB_TEST_CALLOC_POSIX 1
| #define GNULIB_TEST_CHDIR 1
| #define HAVE_CLOCK_GETRES 1
| #define HAVE_CLOCK_GETTIME 1
| #define HAVE_CLOCK_SETTIME 1
| #define GNULIB_TEST_CLOEXEC 1
| #define GNULIB_TEST_CLOSE 1
| #define GNULIB_CLOSE 1
| #define HAVE_CLOSEDIR 1
| #define GNULIB_TEST_CLOSEDIR 1
| #define HAVE_DIRFD 1
| #define HAVE_DECL_DIRFD 1
| #define GNULIB_TEST_DIRFD 1
| #define GNULIB_TEST_DUP 1
| #define GNULIB_TEST_DUP2 1
| #define GNULIB_TEST_FCHDIR 1
| #define GNULIB_TEST_FCLOSE 1
| #define GNULIB_TEST_FCNTL 1
| #define GNULIB_FCNTL_SAFER 1
| #define HAVE_FDATASYNC 1
| #define GNULIB_TEST_FDATASYNC 1
| #define HAVE_DECL_FDOPENDIR 1
| #define GNULIB_TEST_FDOPENDIR 1
| #define GNULIB_FDOPENDIR 1
| #define FUNC_FFLUSH_STDIN 1
| #define GNULIB_FFLUSH 1
| #define GNULIB_TEST_FFLUSH 1
| #define HAVE_MEMPCPY 1
| #define GNULIB_TEST_FOPEN 1
| #define NEED_PRINTF_DIRECTIVE_B 1
| /* end confdefs.h.  */
| #include <stddef.h>
| #ifdef HAVE_STDIO_H
| # include <stdio.h>
| #endif
| #ifdef HAVE_STDLIB_H
| # include <stdlib.h>
| #endif
| #ifdef HAVE_STRING_H
| # include <string.h>
| #endif
| #ifdef HAVE_INTTYPES_H
| # include <inttypes.h>
| #endif
| #ifdef HAVE_STDINT_H
| # include <stdint.h>
| #endif
| #ifdef HAVE_STRINGS_H
| # include <strings.h>
| #endif
| #ifdef HAVE_SYS_TYPES_H
| # include <sys/types.h>
| #endif
| #ifdef HAVE_SYS_STAT_H
| # include <sys/stat.h>
| #endif
| #ifdef HAVE_UNISTD_H
| # include <unistd.h>
| #endif
| int
| main (void)
| {
| if (sizeof ((ptrdiff_t)))
| 	    return 0;
|   ;
|   return 0;
| }
configure:27747: result: yes
configure:27810: checking for __fpurge
configure:27847: checking for __fpurge
configure:27847: gcc -o conftest -g -O2   conftest.c  >&5
configure:27847: $? = 0
configure:27847: result: yes
configure:27863: result: yes
configure:27877: checking whether fpurge is declared
configure:27877: gcc -c -g -O2   conftest.c >&5
conftest.c: In function 'main':
conftest.c:193:10: error: 'fpurge' undeclared (first use in this function)
  193 |   (void) fpurge;
      |          ^~~~~~
conftest.c:193:10: note: each undeclared identifier is reported only once for each function it appears in
configure:27877: $? = 1
configure: failed program was:
| /* confdefs.h */
| #define PACKAGE_NAME "gzip"
| #define PACKAGE_TARNAME "gzip"
| #define PACKAGE_VERSION "1.14"
| #define PACKAGE_STRING "gzip 1.14"
| #define PACKAGE_BUGREPORT "bug-gzip@gnu.org"
| #define PACKAGE_URL ""
| #define PACKAGE "gzip"
| #define VERSION "1.14"
| #define HAVE_STDIO_H 1
| #define HAVE_STDLIB_H 1
| #define HAVE_STRING_H 1
| #define HAVE_INTTYPES_H 1
| #define HAVE_STDINT_H 1
| #define HAVE_STRINGS_H 1
| #define HAVE_SYS_STAT_H 1
| #define HAVE_SYS_TYPES_H 1
| #define HAVE_UNISTD_H 1
| #define HAVE_WCHAR_H 1
| #define HAVE_STDBOOL_H 1
| #define HAVE_BYTESWAP_H 1
| #define HAVE_SYS_PARAM_H 1
| #define HAVE_SYS_SOCKET_H 1
| #define HAVE_DIRENT_H 1
| #define HAVE_ENDIAN_H 1
| #define HAVE_FEATURES_H 1
| #define HAVE_STDIO_EXT_H 1
| #define HAVE_GETOPT_H 1
| #define HAVE_SYS_TIME_H 1
| #define HAVE_LIMITS_H 1
| #define HAVE_MATH_H 1
| #define HAVE_SYS_MMAN_H 1
| #define HAVE_STDCKDINT_H 1
| #define HAVE_UTIME_H 1
| #define HAVE_FCNTL_H 1
| #define HAVE_MEMORY_H 1
| #define HAVE_TIME_H 1
| #define STDC_HEADERS 1
| #define _ALL_SOURCE 1
| #define _COSMO_SOURCE 1
| #define _DARWIN_C_SOURCE 1
| #define _GNU_SOURCE 1
| #define _HPUX_ALT_XOPEN_SOCKET_API 1
| #define _NETBSD_SOURCE 1
| #define _OPENBSD_SOURCE 1
| #define _POSIX_PTHREAD_SEMANTICS 1
| #define __STDC_WANT_IEC_60559_ATTRIBS_EXT__ 1
| #define __STDC_WANT_IEC_60559_BFP_EXT__ 1
| #define __STDC_WANT_IEC_60559_DFP_EXT__ 1
| #define __STDC_WANT_IEC_60559_EXT__ 1
| #define __STDC_WANT_IEC_60559_FUNCS_EXT__ 1
| #define __STDC_WANT_IEC_60559_TYPES_EXT__ 1
| #define __STDC_WANT_LIB_EXT2__ 1
| #define __STDC_WANT_MATH_SPEC_FUNCS__ 1
| #define _TANDEM_SOURCE 1
| #define __EXTENSIONS__ 1
| #define _LINUX_SOURCE_COMPAT 1
| #define __USE_MINGW_ANSI_STDIO 1
| #define HAVE_ALLOCA_H 1
| #define HAVE_ALLOCA 1
| #define HAVE_MALLOC_PTRDIFF 1
| #define HAVE_MALLOC_POSIX 1
| #define HAVE_FCHDIR 1
| #define HAVE_FCNTL 1
| #define HAVE_SYMLINK 1
| #define HAVE_FDOPENDIR 1
| #define HAVE_SNPRINTF 1
| #define HAVE_FPURGE 1
| #define HAVE_FSYNC 1
| #define HAVE_GETDTABLESIZE 1
| #define HAVE_GETTIMEOFDAY 1
| #define HAVE_LSTAT 1
| #define HAVE_MBSINIT 1
| #define HAVE_MBRTOWC 1
| #define HAVE_MPROTECT 1
| #define HAVE_OPENAT 1
| #define HAVE_PIPE 1
| #define HAVE_QSORT_R 1
| #define HAVE_SIGACTION 1
| #define HAVE_SIGALTSTACK 1
| #define HAVE_SIGINTERRUPT 1
| #define HAVE_UNLINKAT 1
| #define HAVE_CHOWN 1
| #define HAVE_FCHMOD 1
| #define HAVE_FCHOWN 1
| #define GL_CRC_SLICE_BY_8 1
| #define GL_CRC_X86_64_PCLMUL 1
| #define HAVE_DECL_STRERROR_R 1
| #define HAVE_STRERROR_R 1
| #define HAVE_DECL_FCHDIR 1
| #define FUNC_FFLUSH_STDIN 1
| #define HAVE_WORKING_O_NOATIME 1
| #define HAVE_WORKING_O_NOFOLLOW 1
| #define PROMOTED_MODE_T mode_t
| #define HAVE_DECL_FDATASYNC 1
| #define HAVE_STDINT_H_WITH_UINTMAX 1
| #define HAVE_INTTYPES_H_WITH_UINTMAX 1
| #define CHECK_PRINTF_SAFE 1
| #define HAVE_WINT_T 1
| #define DBL_EXPBIT0_WORD 1
| #define DBL_EXPBIT0_BIT 20
| #define HAVE_WCSLEN 1
| #define HAVE_SNPRINTF 1
| #define HAVE_STRNLEN 1
| #define HAVE_WCRTOMB 1
| #define HAVE_DECL__SNPRINTF 0
| #define HAVE_SNPRINTF_RETVAL_C99 1
| #define HAVE_SNPRINTF_TRUNCATION_C99 1
| #define HAVE_INTMAX_T 1
| #define HAVE_DECL_ALARM 1
| #define _USE_STD_STAT 1
| #define HAVE_DECL_FSEEKO 1
| #define FUNC_FFLUSH_STDIN 1
| #define restrict __restrict__
| #define HAVE_DECL_FTELLO 1
| #define HAVE_DECL_GETDTABLESIZE 1
| #define HAVE_GETOPT_H 1
| #define HAVE_GETOPT_LONG_ONLY 1
| #define MUSL_LIBC 1
| #define HAVE_LONG_LONG_INT 1
| #define HAVE_UNSIGNED_LONG_LONG_INT 1
| #define FLT_EXPBIT0_WORD 0
| #define FLT_EXPBIT0_BIT 23
| #define LDBL_EXPBIT0_WORD 2
| #define LDBL_EXPBIT0_BIT 0
| #define LSTAT_FOLLOWS_SLASHED_SYMLINK 1
| #define HAVE_MALLOC_0_NONNULL 1
| #define HAVE_MBSTATE_T 1
| #define HAVE_LANGINFO_CODESET 1
| #define HAVE_MAP_ANONYMOUS 1
| #define HAVE_DECL_MEMRCHR 1
| #define HAVE_MINMAX_IN_SYS_PARAM_H 1
| #define USER_LABEL_PREFIX 
| #define HAVE_SIGSET_T 1
| #define HAVE_DECL_FCLOSEALL 0
| #define HAVE_DECL_GETW 1
| #define HAVE_DECL_PUTW 1
| #define HAVE_DECL_ECVT 1
| #define HAVE_DECL_FCVT 1
| #define HAVE_DECL_GCVT 1
| #define HAVE_DECL_STRDUP 1
| #define HAVE_DECL_EXECVPE 1
| #define HAVE_WORKING_UTIMES 1
| #define HAVE_DECL_WCSDUP 1
| #define HAVE_C_ALIGNASOF 1
| #define HAVE_ALLOCA 1
| #define HAVE_C_STATIC_ASSERT 1
| #define HAVE_C_BOOL 1
| #define GNULIB_TEST_CALLOC_GNU 1
| #define GNULIB_TEST_CALLOC_POSIX 1
| #define GNULIB_TEST_CHDIR 1
| #define HAVE_CLOCK_GETRES 1
| #define HAVE_CLOCK_GETTIME 1
| #define HAVE_CLOCK_SETTIME 1
| #define GNULIB_TEST_CLOEXEC 1
| #define GNULIB_TEST_CLOSE 1
| #define GNULIB_CLOSE 1
| #define HAVE_CLOSEDIR 1
| #define GNULIB_TEST_CLOSEDIR 1
| #define HAVE_DIRFD 1
| #define HAVE_DECL_DIRFD 1
| #define GNULIB_TEST_DIRFD 1
| #define GNULIB_TEST_DUP 1
| #define GNULIB_TEST_DUP2 1
| #define GNULIB_TEST_FCHDIR 1
| #define GNULIB_TEST_FCLOSE 1
| #define GNULIB_TEST_FCNTL 1
| #define GNULIB_FCNTL_SAFER 1
| #define HAVE_FDATASYNC 1
| #define GNULIB_TEST_FDATASYNC 1
| #define HAVE_DECL_FDOPENDIR 1
| #define GNULIB_TEST_FDOPENDIR 1
| #define GNULIB_FDOPENDIR 1
| #define FUNC_FFLUSH_STDIN 1
| #define GNULIB_FFLUSH 1
| #define GNULIB_TEST_FFLUSH 1
| #define HAVE_MEMPCPY 1
| #define GNULIB_TEST_FOPEN 1
| #define NEED_PRINTF_DIRECTIVE_B 1
| #define REPLACE_FPRINTF_POSIX 1
| #define GNULIB_TEST_FPRINTF_POSIX 1
| #define HAVE___FPURGE 1
| /* end confdefs.h.  */
| #include <stdio.h>
| 
| int
| main (void)
| {
| #ifndef fpurge
| #ifdef __cplusplus
|   (void) fpurge;
| #else
|   (void) fpurge;
| #endif
| #endif
| 
|   ;
|   return 0;
| }
configure:27877: result: no
configure:27891: checking whether fpurge works
configure:27963: result: no
configure:28013: checking for __freading
configure:28052: checking for __freading
configure:28052: gcc -o conftest -g -O2   conftest.c  >&5
configure:28052: $? = 0
configure:28052: result: yes
configure:28068: result: yes
configure:28086: checking whether free is known to preserve errno
configure:28110: gcc -c -g -O2  conftest.c >&5
conftest.c: In function 'main':
conftest.c:196:16: error: #error "'free' is not known to preserve errno"
  196 |               #error "'free' is not known to preserve errno"
      |                ^~~~~
configure:28110: $? = 1
configure: failed program was:
| /* confdefs.h */
| #define PACKAGE_NAME "gzip"
| #define PACKAGE_TARNAME "gzip"
| #define PACKAGE_VERSION "1.14"
| #define PACKAGE_STRING "gzip 1.14"
| #define PACKAGE_BUGREPORT "bug-gzip@gnu.org"
| #define PACKAGE_URL ""
| #define PACKAGE "gzip"
| #define VERSION "1.14"
| #define HAVE_STDIO_H 1
| #define HAVE_STDLIB_H 1
| #define HAVE_STRING_H 1
| #define HAVE_INTTYPES_H 1
| #define HAVE_STDINT_H 1
| #define HAVE_STRINGS_H 1
| #define HAVE_SYS_STAT_H 1
| #define HAVE_SYS_TYPES_H 1
| #define HAVE_UNISTD_H 1
| #define HAVE_WCHAR_H 1
| #define HAVE_STDBOOL_H 1
| #define HAVE_BYTESWAP_H 1
| #define HAVE_SYS_PARAM_H 1
| #define HAVE_SYS_SOCKET_H 1
| #define HAVE_DIRENT_H 1
| #define HAVE_ENDIAN_H 1
| #define HAVE_FEATURES_H 1
| #define HAVE_STDIO_EXT_H 1
| #define HAVE_GETOPT_H 1
| #define HAVE_SYS_TIME_H 1
| #define HAVE_LIMITS_H 1
| #define HAVE_MATH_H 1
| #define HAVE_SYS_MMAN_H 1
| #define HAVE_STDCKDINT_H 1
| #define HAVE_UTIME_H 1
| #define HAVE_FCNTL_H 1
| #define HAVE_MEMORY_H 1
| #define HAVE_TIME_H 1
| #define STDC_HEADERS 1
| #define _ALL_SOURCE 1
| #define _COSMO_SOURCE 1
| #define _DARWIN_C_SOURCE 1
| #define _GNU_SOURCE 1
| #define _HPUX_ALT_XOPEN_SOCKET_API 1
| #define _NETBSD_SOURCE 1
| #define _OPENBSD_SOURCE 1
| #define _POSIX_PTHREAD_SEMANTICS 1
| #define __STDC_WANT_IEC_60559_ATTRIBS_EXT__ 1
| #define __STDC_WANT_IEC_60559_BFP_EXT__ 1
| #define __STDC_WANT_IEC_60559_DFP_EXT__ 1
| #define __STDC_WANT_IEC_60559_EXT__ 1
| #define __STDC_WANT_IEC_60559_FUNCS_EXT__ 1
| #define __STDC_WANT_IEC_60559_TYPES_EXT__ 1
| #define __STDC_WANT_LIB_EXT2__ 1
| #define __STDC_WANT_MATH_SPEC_FUNCS__ 1
| #define _TANDEM_SOURCE 1
| #define __EXTENSIONS__ 1
| #define _LINUX_SOURCE_COMPAT 1
| #define __USE_MINGW_ANSI_STDIO 1
| #define HAVE_ALLOCA_H 1
| #define HAVE_ALLOCA 1
| #define HAVE_MALLOC_PTRDIFF 1
| #define HAVE_MALLOC_POSIX 1
| #define HAVE_FCHDIR 1
| #define HAVE_FCNTL 1
| #define HAVE_SYMLINK 1
| #define HAVE_FDOPENDIR 1
| #define HAVE_SNPRINTF 1
| #define HAVE_FPURGE 1
| #define HAVE_FSYNC 1
| #define HAVE_GETDTABLESIZE 1
| #define HAVE_GETTIMEOFDAY 1
| #define HAVE_LSTAT 1
| #define HAVE_MBSINIT 1
| #define HAVE_MBRTOWC 1
| #define HAVE_MPROTECT 1
| #define HAVE_OPENAT 1
| #define HAVE_PIPE 1
| #define HAVE_QSORT_R 1
| #define HAVE_SIGACTION 1
| #define HAVE_SIGALTSTACK 1
| #define HAVE_SIGINTERRUPT 1
| #define HAVE_UNLINKAT 1
| #define HAVE_CHOWN 1
| #define HAVE_FCHMOD 1
| #define HAVE_FCHOWN 1
| #define GL_CRC_SLICE_BY_8 1
| #define GL_CRC_X86_64_PCLMUL 1
| #define HAVE_DECL_STRERROR_R 1
| #define HAVE_STRERROR_R 1
| #define HAVE_DECL_FCHDIR 1
| #define FUNC_FFLUSH_STDIN 1
| #define HAVE_WORKING_O_NOATIME 1
| #define HAVE_WORKING_O_NOFOLLOW 1
| #define PROMOTED_MODE_T mode_t
| #define HAVE_DECL_FDATASYNC 1
| #define HAVE_STDINT_H_WITH_UINTMAX 1
| #define HAVE_INTTYPES_H_WITH_UINTMAX 1
| #define CHECK_PRINTF_SAFE 1
| #define HAVE_WINT_T 1
| #define DBL_EXPBIT0_WORD 1
| #define DBL_EXPBIT0_BIT 20
| #define HAVE_WCSLEN 1
| #define HAVE_SNPRINTF 1
| #define HAVE_STRNLEN 1
| #define HAVE_WCRTOMB 1
| #define HAVE_DECL__SNPRINTF 0
| #define HAVE_SNPRINTF_RETVAL_C99 1
| #define HAVE_SNPRINTF_TRUNCATION_C99 1
| #define HAVE_INTMAX_T 1
| #define HAVE_DECL_ALARM 1
| #define _USE_STD_STAT 1
| #define HAVE_DECL_FSEEKO 1
| #define FUNC_FFLUSH_STDIN 1
| #define restrict __restrict__
| #define HAVE_DECL_FTELLO 1
| #define HAVE_DECL_GETDTABLESIZE 1
| #define HAVE_GETOPT_H 1
| #define HAVE_GETOPT_LONG_ONLY 1
| #define MUSL_LIBC 1
| #define HAVE_LONG_LONG_INT 1
| #define HAVE_UNSIGNED_LONG_LONG_INT 1
| #define FLT_EXPBIT0_WORD 0
| #define FLT_EXPBIT0_BIT 23
| #define LDBL_EXPBIT0_WORD 2
| #define LDBL_EXPBIT0_BIT 0
| #define LSTAT_FOLLOWS_SLASHED_SYMLINK 1
| #define HAVE_MALLOC_0_NONNULL 1
| #define HAVE_MBSTATE_T 1
| #define HAVE_LANGINFO_CODESET 1
| #define HAVE_MAP_ANONYMOUS 1
| #define HAVE_DECL_MEMRCHR 1
| #define HAVE_MINMAX_IN_SYS_PARAM_H 1
| #define USER_LABEL_PREFIX 
| #define HAVE_SIGSET_T 1
| #define HAVE_DECL_FCLOSEALL 0
| #define HAVE_DECL_GETW 1
| #define HAVE_DECL_PUTW 1
| #define HAVE_DECL_ECVT 1
| #define HAVE_DECL_FCVT 1
| #define HAVE_DECL_GCVT 1
| #define HAVE_DECL_STRDUP 1
| #define HAVE_DECL_EXECVPE 1
| #define HAVE_WORKING_UTIMES 1
| #define HAVE_DECL_WCSDUP 1
| #define HAVE_C_ALIGNASOF 1
| #define HAVE_ALLOCA 1
| #define HAVE_C_STATIC_ASSERT 1
| #define HAVE_C_BOOL 1
| #define GNULIB_TEST_CALLOC_GNU 1
| #define GNULIB_TEST_CALLOC_POSIX 1
| #define GNULIB_TEST_CHDIR 1
| #define HAVE_CLOCK_GETRES 1
| #define HAVE_CLOCK_GETTIME 1
| #define HAVE_CLOCK_SETTIME 1
| #define GNULIB_TEST_CLOEXEC 1
| #define GNULIB_TEST_CLOSE 1
| #define GNULIB_CLOSE 1
| #define HAVE_CLOSEDIR 1
| #define GNULIB_TEST_CLOSEDIR 1
| #define HAVE_DIRFD 1
| #define HAVE_DECL_DIRFD 1
| #define GNULIB_TEST_DIRFD 1
| #define GNULIB_TEST_DUP 1
| #define GNULIB_TEST_DUP2 1
| #define GNULIB_TEST_FCHDIR 1
| #define GNULIB_TEST_FCLOSE 1
| #define GNULIB_TEST_FCNTL 1
| #define GNULIB_FCNTL_SAFER 1
| #define HAVE_FDATASYNC 1
| #define GNULIB_TEST_FDATASYNC 1
| #define HAVE_DECL_FDOPENDIR 1
| #define GNULIB_TEST_FDOPENDIR 1
| #define GNULIB_FDOPENDIR 1
| #define FUNC_FFLUSH_STDIN 1
| #define GNULIB_FFLUSH 1
| #define GNULIB_TEST_FFLUSH 1
| #define HAVE_MEMPCPY 1
| #define GNULIB_TEST_FOPEN 1
| #define NEED_PRINTF_DIRECTIVE_B 1
| #define REPLACE_FPRINTF_POSIX 1
| #define GNULIB_TEST_FPRINTF_POSIX 1
| #define HAVE___FPURGE 1
| #define HAVE_DECL_FPURGE 0
| #define GNULIB_TEST_FPURGE 1
| #define HAVE___FREADING 1
| /* end confdefs.h.  */
| #include <stdlib.h>
| 
| int
| main (void)
| {
| #if 2 < __GLIBC__ + (33 <= __GLIBC_MINOR__)
|             #elif defined __OpenBSD__
|             #elif defined __sun
|             #else
|               #error "'free' is not known to preserve errno"
|             #endif
| 
|   ;
|   return 0;
| }
configure:28121: result: no
configure:28178: checking whether frexp works
configure:28285: gcc -o conftest -g -O2   conftest.c  >&5
configure:28285: $? = 0
configure:28285: ./conftest
configure:28285: $? = 0
configure:28300: result: yes
configure:28351: checking whether frexpl is declared
configure:28351: gcc -c -g -O2   conftest.c >&5
configure:28351: $? = 0
configure:28351: result: yes
configure:28362: checking whether frexpl() can be used without linking with libm
configure:28381: gcc -o conftest -g -O2   conftest.c  >&5
configure:28381: $? = 0
configure:28393: result: yes
configure:28399: checking whether frexpl works
configure:28514: gcc -o conftest -g -O2   conftest.c  >&5
configure:28514: $? = 0
configure:28514: ./conftest
configure:28514: $? = 0
configure:28529: result: yes
configure:28626: checking for fseeko
configure:28657: result: yes
configure:28677: checking whether fflush works on input streams
configure:28767: result: yes
configure:28851: checking for __fseterr
configure:28890: checking for __fseterr
configure:28890: gcc -o conftest -g -O2   conftest.c  >&5
configure:28890: $? = 0
configure:28890: result: yes
configure:28906: result: yes
configure:29122: checking for ftello
configure:29152: result: yes
configure:29170: checking whether ftello works
configure:29265: result: yes
configure:29391: checking whether getdtablesize works
configure:29431: gcc -o conftest -g -O2   conftest.c  >&5
configure:29431: $? = 0
configure:29431: ./conftest
configure:29431: $? = 0
configure:29448: result: yes
configure:29641: checking for getprogname
configure:29678: checking for getprogname
configure:29678: gcc -o conftest -g -O2   conftest.c  >&5
/usr/lib/gcc/x86_64-alpine-linux-musl/15.2.0/../../../../x86_64-alpine-linux-musl/bin/ld: /tmp/ccFcoLDf.o: in function `main':
/home/sonakrie/Work/testicular_linux/gzip/conftest.c:232:(.text.startup+0x5): undefined reference to `getprogname'
collect2: error: ld returned 1 exit status
configure:29678: $? = 1
configure: failed program was:
| /* confdefs.h */
| #define PACKAGE_NAME "gzip"
| #define PACKAGE_TARNAME "gzip"
| #define PACKAGE_VERSION "1.14"
| #define PACKAGE_STRING "gzip 1.14"
| #define PACKAGE_BUGREPORT "bug-gzip@gnu.org"
| #define PACKAGE_URL ""
| #define PACKAGE "gzip"
| #define VERSION "1.14"
| #define HAVE_STDIO_H 1
| #define HAVE_STDLIB_H 1
| #define HAVE_STRING_H 1
| #define HAVE_INTTYPES_H 1
| #define HAVE_STDINT_H 1
| #define HAVE_STRINGS_H 1
| #define HAVE_SYS_STAT_H 1
| #define HAVE_SYS_TYPES_H 1
| #define HAVE_UNISTD_H 1
| #define HAVE_WCHAR_H 1
| #define HAVE_STDBOOL_H 1
| #define HAVE_BYTESWAP_H 1
| #define HAVE_SYS_PARAM_H 1
| #define HAVE_SYS_SOCKET_H 1
| #define HAVE_DIRENT_H 1
| #define HAVE_ENDIAN_H 1
| #define HAVE_FEATURES_H 1
| #define HAVE_STDIO_EXT_H 1
| #define HAVE_GETOPT_H 1
| #define HAVE_SYS_TIME_H 1
| #define HAVE_LIMITS_H 1
| #define HAVE_MATH_H 1
| #define HAVE_SYS_MMAN_H 1
| #define HAVE_STDCKDINT_H 1
| #define HAVE_UTIME_H 1
| #define HAVE_FCNTL_H 1
| #define HAVE_MEMORY_H 1
| #define HAVE_TIME_H 1
| #define STDC_HEADERS 1
| #define _ALL_SOURCE 1
| #define _COSMO_SOURCE 1
| #define _DARWIN_C_SOURCE 1
| #define _GNU_SOURCE 1
| #define _HPUX_ALT_XOPEN_SOCKET_API 1
| #define _NETBSD_SOURCE 1
| #define _OPENBSD_SOURCE 1
| #define _POSIX_PTHREAD_SEMANTICS 1
| #define __STDC_WANT_IEC_60559_ATTRIBS_EXT__ 1
| #define __STDC_WANT_IEC_60559_BFP_EXT__ 1
| #define __STDC_WANT_IEC_60559_DFP_EXT__ 1
| #define __STDC_WANT_IEC_60559_EXT__ 1
| #define __STDC_WANT_IEC_60559_FUNCS_EXT__ 1
| #define __STDC_WANT_IEC_60559_TYPES_EXT__ 1
| #define __STDC_WANT_LIB_EXT2__ 1
| #define __STDC_WANT_MATH_SPEC_FUNCS__ 1
| #define _TANDEM_SOURCE 1
| #define __EXTENSIONS__ 1
| #define _LINUX_SOURCE_COMPAT 1
| #define __USE_MINGW_ANSI_STDIO 1
| #define HAVE_ALLOCA_H 1
| #define HAVE_ALLOCA 1
| #define HAVE_MALLOC_PTRDIFF 1
| #define HAVE_MALLOC_POSIX 1
| #define HAVE_FCHDIR 1
| #define HAVE_FCNTL 1
| #define HAVE_SYMLINK 1
| #define HAVE_FDOPENDIR 1
| #define HAVE_SNPRINTF 1
| #define HAVE_FPURGE 1
| #define HAVE_FSYNC 1
| #define HAVE_GETDTABLESIZE 1
| #define HAVE_GETTIMEOFDAY 1
| #define HAVE_LSTAT 1
| #define HAVE_MBSINIT 1
| #define HAVE_MBRTOWC 1
| #define HAVE_MPROTECT 1
| #define HAVE_OPENAT 1
| #define HAVE_PIPE 1
| #define HAVE_QSORT_R 1
| #define HAVE_SIGACTION 1
| #define HAVE_SIGALTSTACK 1
| #define HAVE_SIGINTERRUPT 1
| #define HAVE_UNLINKAT 1
| #define HAVE_CHOWN 1
| #define HAVE_FCHMOD 1
| #define HAVE_FCHOWN 1
| #define GL_CRC_SLICE_BY_8 1
| #define GL_CRC_X86_64_PCLMUL 1
| #define HAVE_DECL_STRERROR_R 1
| #define HAVE_STRERROR_R 1
| #define HAVE_DECL_FCHDIR 1
| #define FUNC_FFLUSH_STDIN 1
| #define HAVE_WORKING_O_NOATIME 1
| #define HAVE_WORKING_O_NOFOLLOW 1
| #define PROMOTED_MODE_T mode_t
| #define HAVE_DECL_FDATASYNC 1
| #define HAVE_STDINT_H_WITH_UINTMAX 1
| #define HAVE_INTTYPES_H_WITH_UINTMAX 1
| #define CHECK_PRINTF_SAFE 1
| #define HAVE_WINT_T 1
| #define DBL_EXPBIT0_WORD 1
| #define DBL_EXPBIT0_BIT 20
| #define HAVE_WCSLEN 1
| #define HAVE_SNPRINTF 1
| #define HAVE_STRNLEN 1
| #define HAVE_WCRTOMB 1
| #define HAVE_DECL__SNPRINTF 0
| #define HAVE_SNPRINTF_RETVAL_C99 1
| #define HAVE_SNPRINTF_TRUNCATION_C99 1
| #define HAVE_INTMAX_T 1
| #define HAVE_DECL_ALARM 1
| #define _USE_STD_STAT 1
| #define HAVE_DECL_FSEEKO 1
| #define FUNC_FFLUSH_STDIN 1
| #define restrict __restrict__
| #define HAVE_DECL_FTELLO 1
| #define HAVE_DECL_GETDTABLESIZE 1
| #define HAVE_GETOPT_H 1
| #define HAVE_GETOPT_LONG_ONLY 1
| #define MUSL_LIBC 1
| #define HAVE_LONG_LONG_INT 1
| #define HAVE_UNSIGNED_LONG_LONG_INT 1
| #define FLT_EXPBIT0_WORD 0
| #define FLT_EXPBIT0_BIT 23
| #define LDBL_EXPBIT0_WORD 2
| #define LDBL_EXPBIT0_BIT 0
| #define LSTAT_FOLLOWS_SLASHED_SYMLINK 1
| #define HAVE_MALLOC_0_NONNULL 1
| #define HAVE_MBSTATE_T 1
| #define HAVE_LANGINFO_CODESET 1
| #define HAVE_MAP_ANONYMOUS 1
| #define HAVE_DECL_MEMRCHR 1
| #define HAVE_MINMAX_IN_SYS_PARAM_H 1
| #define USER_LABEL_PREFIX 
| #define HAVE_SIGSET_T 1
| #define HAVE_DECL_FCLOSEALL 0
| #define HAVE_DECL_GETW 1
| #define HAVE_DECL_PUTW 1
| #define HAVE_DECL_ECVT 1
| #define HAVE_DECL_FCVT 1
| #define HAVE_DECL_GCVT 1
| #define HAVE_DECL_STRDUP 1
| #define HAVE_DECL_EXECVPE 1
| #define HAVE_WORKING_UTIMES 1
| #define HAVE_DECL_WCSDUP 1
| #define HAVE_C_ALIGNASOF 1
| #define HAVE_ALLOCA 1
| #define HAVE_C_STATIC_ASSERT 1
| #define HAVE_C_BOOL 1
| #define GNULIB_TEST_CALLOC_GNU 1
| #define GNULIB_TEST_CALLOC_POSIX 1
| #define GNULIB_TEST_CHDIR 1
| #define HAVE_CLOCK_GETRES 1
| #define HAVE_CLOCK_GETTIME 1
| #define HAVE_CLOCK_SETTIME 1
| #define GNULIB_TEST_CLOEXEC 1
| #define GNULIB_TEST_CLOSE 1
| #define GNULIB_CLOSE 1
| #define HAVE_CLOSEDIR 1
| #define GNULIB_TEST_CLOSEDIR 1
| #define HAVE_DIRFD 1
| #define HAVE_DECL_DIRFD 1
| #define GNULIB_TEST_DIRFD 1
| #define GNULIB_TEST_DUP 1
| #define GNULIB_TEST_DUP2 1
| #define GNULIB_TEST_FCHDIR 1
| #define GNULIB_TEST_FCLOSE 1
| #define GNULIB_TEST_FCNTL 1
| #define GNULIB_FCNTL_SAFER 1
| #define HAVE_FDATASYNC 1
| #define GNULIB_TEST_FDATASYNC 1
| #define HAVE_DECL_FDOPENDIR 1
| #define GNULIB_TEST_FDOPENDIR 1
| #define GNULIB_FDOPENDIR 1
| #define FUNC_FFLUSH_STDIN 1
| #define GNULIB_FFLUSH 1
| #define GNULIB_TEST_FFLUSH 1
| #define HAVE_MEMPCPY 1
| #define GNULIB_TEST_FOPEN 1
| #define NEED_PRINTF_DIRECTIVE_B 1
| #define REPLACE_FPRINTF_POSIX 1
| #define GNULIB_TEST_FPRINTF_POSIX 1
| #define HAVE___FPURGE 1
| #define HAVE_DECL_FPURGE 0
| #define GNULIB_TEST_FPURGE 1
| #define HAVE___FREADING 1
| #define GNULIB_TEST_FREE_POSIX 1
| #define HAVE_FREXP_IN_LIBC 1
| #define GNULIB_TEST_FREXP 1
| #define HAVE_FREXPL_IN_LIBC 1
| #define GNULIB_TEST_FREXPL 1
| #define GNULIB_TEST_FSEEK 1
| #define FUNC_FFLUSH_STDIN 1
| #define GNULIB_TEST_FSEEKO 1
| #define HAVE___FSETERR 1
| #define GNULIB_TEST_FSTAT 1
| #define GNULIB_FSTAT 1
| #define GNULIB_TEST_FSYNC 1
| #define GNULIB_TEST_FTELL 1
| #define GNULIB_TEST_FTELLO 1
| #define GNULIB_TEST_GETCWD 1
| #define GNULIB_TEST_GETDTABLESIZE 1
| #define __GETOPT_PREFIX rpl_
| #define GNULIB_TEST_GETOPT_POSIX 1
| /* end confdefs.h.  */
| /* Define getprogname to an innocuous variant, in case <limits.h> declares getprogname.
|    For example, HP-UX 11i <limits.h> declares gettimeofday.  */
| #define getprogname innocuous_getprogname
| 
| /* System header to define __stub macros and hopefully few prototypes,
|    which can conflict with char getprogname (void); below.  */
| 
| #include <limits.h>
| #undef getprogname
| 
| /* Override any GCC internal prototype to avoid an error.
|    Use char because int might match the return type of a GCC
|    builtin and then its argument prototype would still apply.  */
| #ifdef __cplusplus
| extern "C"
| #endif
| char getprogname (void);
| /* The GNU C library defines this for functions which it implements
|     to always fail with ENOSYS.  Some functions are actually named
|     something starting with __ and the normal name is an alias.  */
| #if defined __stub_getprogname || defined __stub___getprogname
| choke me
| #endif
| 
| int
| main (void)
| {
| return getprogname ();
|   ;
|   return 0;
| }
configure:29678: result: no
configure:29694: result: no
configure:29714: checking whether program_invocation_name is declared
configure:29714: gcc -c -g -O2   conftest.c >&5
configure:29714: $? = 0
configure:29714: result: yes
configure:29753: checking whether program_invocation_name is declared
configure:29753: result: yes
configure:29768: checking whether program_invocation_short_name is declared
configure:29768: gcc -c -g -O2   conftest.c >&5
configure:29768: $? = 0
configure:29768: result: yes
configure:29783: checking whether __argv is declared
configure:29783: gcc -c -g -O2   conftest.c >&5
conftest.c: In function 'main':
conftest.c:217:10: error: '__argv' undeclared (first use in this function)
  217 |   (void) __argv;
      |          ^~~~~~
conftest.c:217:10: note: each undeclared identifier is reported only once for each function it appears in
configure:29783: $? = 1
configure: failed program was:
| /* confdefs.h */
| #define PACKAGE_NAME "gzip"
| #define PACKAGE_TARNAME "gzip"
| #define PACKAGE_VERSION "1.14"
| #define PACKAGE_STRING "gzip 1.14"
| #define PACKAGE_BUGREPORT "bug-gzip@gnu.org"
| #define PACKAGE_URL ""
| #define PACKAGE "gzip"
| #define VERSION "1.14"
| #define HAVE_STDIO_H 1
| #define HAVE_STDLIB_H 1
| #define HAVE_STRING_H 1
| #define HAVE_INTTYPES_H 1
| #define HAVE_STDINT_H 1
| #define HAVE_STRINGS_H 1
| #define HAVE_SYS_STAT_H 1
| #define HAVE_SYS_TYPES_H 1
| #define HAVE_UNISTD_H 1
| #define HAVE_WCHAR_H 1
| #define HAVE_STDBOOL_H 1
| #define HAVE_BYTESWAP_H 1
| #define HAVE_SYS_PARAM_H 1
| #define HAVE_SYS_SOCKET_H 1
| #define HAVE_DIRENT_H 1
| #define HAVE_ENDIAN_H 1
| #define HAVE_FEATURES_H 1
| #define HAVE_STDIO_EXT_H 1
| #define HAVE_GETOPT_H 1
| #define HAVE_SYS_TIME_H 1
| #define HAVE_LIMITS_H 1
| #define HAVE_MATH_H 1
| #define HAVE_SYS_MMAN_H 1
| #define HAVE_STDCKDINT_H 1
| #define HAVE_UTIME_H 1
| #define HAVE_FCNTL_H 1
| #define HAVE_MEMORY_H 1
| #define HAVE_TIME_H 1
| #define STDC_HEADERS 1
| #define _ALL_SOURCE 1
| #define _COSMO_SOURCE 1
| #define _DARWIN_C_SOURCE 1
| #define _GNU_SOURCE 1
| #define _HPUX_ALT_XOPEN_SOCKET_API 1
| #define _NETBSD_SOURCE 1
| #define _OPENBSD_SOURCE 1
| #define _POSIX_PTHREAD_SEMANTICS 1
| #define __STDC_WANT_IEC_60559_ATTRIBS_EXT__ 1
| #define __STDC_WANT_IEC_60559_BFP_EXT__ 1
| #define __STDC_WANT_IEC_60559_DFP_EXT__ 1
| #define __STDC_WANT_IEC_60559_EXT__ 1
| #define __STDC_WANT_IEC_60559_FUNCS_EXT__ 1
| #define __STDC_WANT_IEC_60559_TYPES_EXT__ 1
| #define __STDC_WANT_LIB_EXT2__ 1
| #define __STDC_WANT_MATH_SPEC_FUNCS__ 1
| #define _TANDEM_SOURCE 1
| #define __EXTENSIONS__ 1
| #define _LINUX_SOURCE_COMPAT 1
| #define __USE_MINGW_ANSI_STDIO 1
| #define HAVE_ALLOCA_H 1
| #define HAVE_ALLOCA 1
| #define HAVE_MALLOC_PTRDIFF 1
| #define HAVE_MALLOC_POSIX 1
| #define HAVE_FCHDIR 1
| #define HAVE_FCNTL 1
| #define HAVE_SYMLINK 1
| #define HAVE_FDOPENDIR 1
| #define HAVE_SNPRINTF 1
| #define HAVE_FPURGE 1
| #define HAVE_FSYNC 1
| #define HAVE_GETDTABLESIZE 1
| #define HAVE_GETTIMEOFDAY 1
| #define HAVE_LSTAT 1
| #define HAVE_MBSINIT 1
| #define HAVE_MBRTOWC 1
| #define HAVE_MPROTECT 1
| #define HAVE_OPENAT 1
| #define HAVE_PIPE 1
| #define HAVE_QSORT_R 1
| #define HAVE_SIGACTION 1
| #define HAVE_SIGALTSTACK 1
| #define HAVE_SIGINTERRUPT 1
| #define HAVE_UNLINKAT 1
| #define HAVE_CHOWN 1
| #define HAVE_FCHMOD 1
| #define HAVE_FCHOWN 1
| #define GL_CRC_SLICE_BY_8 1
| #define GL_CRC_X86_64_PCLMUL 1
| #define HAVE_DECL_STRERROR_R 1
| #define HAVE_STRERROR_R 1
| #define HAVE_DECL_FCHDIR 1
| #define FUNC_FFLUSH_STDIN 1
| #define HAVE_WORKING_O_NOATIME 1
| #define HAVE_WORKING_O_NOFOLLOW 1
| #define PROMOTED_MODE_T mode_t
| #define HAVE_DECL_FDATASYNC 1
| #define HAVE_STDINT_H_WITH_UINTMAX 1
| #define HAVE_INTTYPES_H_WITH_UINTMAX 1
| #define CHECK_PRINTF_SAFE 1
| #define HAVE_WINT_T 1
| #define DBL_EXPBIT0_WORD 1
| #define DBL_EXPBIT0_BIT 20
| #define HAVE_WCSLEN 1
| #define HAVE_SNPRINTF 1
| #define HAVE_STRNLEN 1
| #define HAVE_WCRTOMB 1
| #define HAVE_DECL__SNPRINTF 0
| #define HAVE_SNPRINTF_RETVAL_C99 1
| #define HAVE_SNPRINTF_TRUNCATION_C99 1
| #define HAVE_INTMAX_T 1
| #define HAVE_DECL_ALARM 1
| #define _USE_STD_STAT 1
| #define HAVE_DECL_FSEEKO 1
| #define FUNC_FFLUSH_STDIN 1
| #define restrict __restrict__
| #define HAVE_DECL_FTELLO 1
| #define HAVE_DECL_GETDTABLESIZE 1
| #define HAVE_GETOPT_H 1
| #define HAVE_GETOPT_LONG_ONLY 1
| #define MUSL_LIBC 1
| #define HAVE_LONG_LONG_INT 1
| #define HAVE_UNSIGNED_LONG_LONG_INT 1
| #define FLT_EXPBIT0_WORD 0
| #define FLT_EXPBIT0_BIT 23
| #define LDBL_EXPBIT0_WORD 2
| #define LDBL_EXPBIT0_BIT 0
| #define LSTAT_FOLLOWS_SLASHED_SYMLINK 1
| #define HAVE_MALLOC_0_NONNULL 1
| #define HAVE_MBSTATE_T 1
| #define HAVE_LANGINFO_CODESET 1
| #define HAVE_MAP_ANONYMOUS 1
| #define HAVE_DECL_MEMRCHR 1
| #define HAVE_MINMAX_IN_SYS_PARAM_H 1
| #define USER_LABEL_PREFIX 
| #define HAVE_SIGSET_T 1
| #define HAVE_DECL_FCLOSEALL 0
| #define HAVE_DECL_GETW 1
| #define HAVE_DECL_PUTW 1
| #define HAVE_DECL_ECVT 1
| #define HAVE_DECL_FCVT 1
| #define HAVE_DECL_GCVT 1
| #define HAVE_DECL_STRDUP 1
| #define HAVE_DECL_EXECVPE 1
| #define HAVE_WORKING_UTIMES 1
| #define HAVE_DECL_WCSDUP 1
| #define HAVE_C_ALIGNASOF 1
| #define HAVE_ALLOCA 1
| #define HAVE_C_STATIC_ASSERT 1
| #define HAVE_C_BOOL 1
| #define GNULIB_TEST_CALLOC_GNU 1
| #define GNULIB_TEST_CALLOC_POSIX 1
| #define GNULIB_TEST_CHDIR 1
| #define HAVE_CLOCK_GETRES 1
| #define HAVE_CLOCK_GETTIME 1
| #define HAVE_CLOCK_SETTIME 1
| #define GNULIB_TEST_CLOEXEC 1
| #define GNULIB_TEST_CLOSE 1
| #define GNULIB_CLOSE 1
| #define HAVE_CLOSEDIR 1
| #define GNULIB_TEST_CLOSEDIR 1
| #define HAVE_DIRFD 1
| #define HAVE_DECL_DIRFD 1
| #define GNULIB_TEST_DIRFD 1
| #define GNULIB_TEST_DUP 1
| #define GNULIB_TEST_DUP2 1
| #define GNULIB_TEST_FCHDIR 1
| #define GNULIB_TEST_FCLOSE 1
| #define GNULIB_TEST_FCNTL 1
| #define GNULIB_FCNTL_SAFER 1
| #define HAVE_FDATASYNC 1
| #define GNULIB_TEST_FDATASYNC 1
| #define HAVE_DECL_FDOPENDIR 1
| #define GNULIB_TEST_FDOPENDIR 1
| #define GNULIB_FDOPENDIR 1
| #define FUNC_FFLUSH_STDIN 1
| #define GNULIB_FFLUSH 1
| #define GNULIB_TEST_FFLUSH 1
| #define HAVE_MEMPCPY 1
| #define GNULIB_TEST_FOPEN 1
| #define NEED_PRINTF_DIRECTIVE_B 1
| #define REPLACE_FPRINTF_POSIX 1
| #define GNULIB_TEST_FPRINTF_POSIX 1
| #define HAVE___FPURGE 1
| #define HAVE_DECL_FPURGE 0
| #define GNULIB_TEST_FPURGE 1
| #define HAVE___FREADING 1
| #define GNULIB_TEST_FREE_POSIX 1
| #define HAVE_FREXP_IN_LIBC 1
| #define GNULIB_TEST_FREXP 1
| #define HAVE_FREXPL_IN_LIBC 1
| #define GNULIB_TEST_FREXPL 1
| #define GNULIB_TEST_FSEEK 1
| #define FUNC_FFLUSH_STDIN 1
| #define GNULIB_TEST_FSEEKO 1
| #define HAVE___FSETERR 1
| #define GNULIB_TEST_FSTAT 1
| #define GNULIB_FSTAT 1
| #define GNULIB_TEST_FSYNC 1
| #define GNULIB_TEST_FTELL 1
| #define GNULIB_TEST_FTELLO 1
| #define GNULIB_TEST_GETCWD 1
| #define GNULIB_TEST_GETDTABLESIZE 1
| #define __GETOPT_PREFIX rpl_
| #define GNULIB_TEST_GETOPT_POSIX 1
| #define HAVE_DECL_PROGRAM_INVOCATION_NAME 1
| #define HAVE_DECL_PROGRAM_INVOCATION_NAME 1
| #define HAVE_DECL_PROGRAM_INVOCATION_SHORT_NAME 1
| /* end confdefs.h.  */
| #include <stdlib.h>
| 
| int
| main (void)
| {
| #ifndef __argv
| #ifdef __cplusplus
|   (void) __argv;
| #else
|   (void) __argv;
| #endif
| #endif
| 
|   ;
|   return 0;
| }
configure:29783: result: no
configure:29888: checking for gettimeofday with POSIX signature
configure:29917: gcc -c -g -O2  conftest.c >&5
configure:29917: $? = 0
configure:29947: result: yes
configure:30031: checking whether isnan(double) can be used without linking with libm
configure:30057: gcc -o conftest -g -O2   conftest.c  >&5
configure:30057: $? = 0
configure:30069: result: yes
configure:30096: checking whether isnan(float) can be used without linking with libm
configure:30122: gcc -o conftest -g -O2   conftest.c  >&5
configure:30122: $? = 0
configure:30134: result: yes
configure:30141: checking whether isnan(float) works
configure:30231: gcc -o conftest -g -O2   conftest.c  >&5
configure:30231: $? = 0
configure:30231: ./conftest
configure:30231: $? = 0
configure:30246: result: yes
configure:30281: checking whether isnan(long double) can be used without linking with libm
configure:30307: gcc -o conftest -g -O2   conftest.c  >&5
configure:30307: $? = 0
configure:30319: result: yes
configure:30328: checking whether isnanl works
configure:30475: gcc -o conftest -g -O2   conftest.c  >&5
configure:30475: $? = 0
configure:30475: ./conftest
configure:30475: $? = 0
configure:30490: result: yes
configure:30522: checking for C compiler flag to ignore unused libraries
configure:30559: gcc -o conftest -g -O2  -Wl,--as-needed  conftest.c  -lm >&5
configure:30559: $? = 0
configure:30573: result: -Wl,--as-needed
configure:30621: checking whether lseek detects pipes
configure:30658: gcc -o conftest -g -O2   conftest.c  >&5
configure:30658: $? = 0
configure:30698: result: yes
configure:30714: checking whether SEEK_DATA works but is incompatible with GNU
configure:30736: gcc -E  conftest.c
conftest.c:226:18: error: #error "No need to work around the bug"
  226 |                 #error "No need to work around the bug"
      |                  ^~~~~
configure:30736: $? = 1
configure: failed program was:
| /* confdefs.h */
| #define PACKAGE_NAME "gzip"
| #define PACKAGE_TARNAME "gzip"
| #define PACKAGE_VERSION "1.14"
| #define PACKAGE_STRING "gzip 1.14"
| #define PACKAGE_BUGREPORT "bug-gzip@gnu.org"
| #define PACKAGE_URL ""
| #define PACKAGE "gzip"
| #define VERSION "1.14"
| #define HAVE_STDIO_H 1
| #define HAVE_STDLIB_H 1
| #define HAVE_STRING_H 1
| #define HAVE_INTTYPES_H 1
| #define HAVE_STDINT_H 1
| #define HAVE_STRINGS_H 1
| #define HAVE_SYS_STAT_H 1
| #define HAVE_SYS_TYPES_H 1
| #define HAVE_UNISTD_H 1
| #define HAVE_WCHAR_H 1
| #define HAVE_STDBOOL_H 1
| #define HAVE_BYTESWAP_H 1
| #define HAVE_SYS_PARAM_H 1
| #define HAVE_SYS_SOCKET_H 1
| #define HAVE_DIRENT_H 1
| #define HAVE_ENDIAN_H 1
| #define HAVE_FEATURES_H 1
| #define HAVE_STDIO_EXT_H 1
| #define HAVE_GETOPT_H 1
| #define HAVE_SYS_TIME_H 1
| #define HAVE_LIMITS_H 1
| #define HAVE_MATH_H 1
| #define HAVE_SYS_MMAN_H 1
| #define HAVE_STDCKDINT_H 1
| #define HAVE_UTIME_H 1
| #define HAVE_FCNTL_H 1
| #define HAVE_MEMORY_H 1
| #define HAVE_TIME_H 1
| #define STDC_HEADERS 1
| #define _ALL_SOURCE 1
| #define _COSMO_SOURCE 1
| #define _DARWIN_C_SOURCE 1
| #define _GNU_SOURCE 1
| #define _HPUX_ALT_XOPEN_SOCKET_API 1
| #define _NETBSD_SOURCE 1
| #define _OPENBSD_SOURCE 1
| #define _POSIX_PTHREAD_SEMANTICS 1
| #define __STDC_WANT_IEC_60559_ATTRIBS_EXT__ 1
| #define __STDC_WANT_IEC_60559_BFP_EXT__ 1
| #define __STDC_WANT_IEC_60559_DFP_EXT__ 1
| #define __STDC_WANT_IEC_60559_EXT__ 1
| #define __STDC_WANT_IEC_60559_FUNCS_EXT__ 1
| #define __STDC_WANT_IEC_60559_TYPES_EXT__ 1
| #define __STDC_WANT_LIB_EXT2__ 1
| #define __STDC_WANT_MATH_SPEC_FUNCS__ 1
| #define _TANDEM_SOURCE 1
| #define __EXTENSIONS__ 1
| #define _LINUX_SOURCE_COMPAT 1
| #define __USE_MINGW_ANSI_STDIO 1
| #define HAVE_ALLOCA_H 1
| #define HAVE_ALLOCA 1
| #define HAVE_MALLOC_PTRDIFF 1
| #define HAVE_MALLOC_POSIX 1
| #define HAVE_FCHDIR 1
| #define HAVE_FCNTL 1
| #define HAVE_SYMLINK 1
| #define HAVE_FDOPENDIR 1
| #define HAVE_SNPRINTF 1
| #define HAVE_FPURGE 1
| #define HAVE_FSYNC 1
| #define HAVE_GETDTABLESIZE 1
| #define HAVE_GETTIMEOFDAY 1
| #define HAVE_LSTAT 1
| #define HAVE_MBSINIT 1
| #define HAVE_MBRTOWC 1
| #define HAVE_MPROTECT 1
| #define HAVE_OPENAT 1
| #define HAVE_PIPE 1
| #define HAVE_QSORT_R 1
| #define HAVE_SIGACTION 1
| #define HAVE_SIGALTSTACK 1
| #define HAVE_SIGINTERRUPT 1
| #define HAVE_UNLINKAT 1
| #define HAVE_CHOWN 1
| #define HAVE_FCHMOD 1
| #define HAVE_FCHOWN 1
| #define GL_CRC_SLICE_BY_8 1
| #define GL_CRC_X86_64_PCLMUL 1
| #define HAVE_DECL_STRERROR_R 1
| #define HAVE_STRERROR_R 1
| #define HAVE_DECL_FCHDIR 1
| #define FUNC_FFLUSH_STDIN 1
| #define HAVE_WORKING_O_NOATIME 1
| #define HAVE_WORKING_O_NOFOLLOW 1
| #define PROMOTED_MODE_T mode_t
| #define HAVE_DECL_FDATASYNC 1
| #define HAVE_STDINT_H_WITH_UINTMAX 1
| #define HAVE_INTTYPES_H_WITH_UINTMAX 1
| #define CHECK_PRINTF_SAFE 1
| #define HAVE_WINT_T 1
| #define DBL_EXPBIT0_WORD 1
| #define DBL_EXPBIT0_BIT 20
| #define HAVE_WCSLEN 1
| #define HAVE_SNPRINTF 1
| #define HAVE_STRNLEN 1
| #define HAVE_WCRTOMB 1
| #define HAVE_DECL__SNPRINTF 0
| #define HAVE_SNPRINTF_RETVAL_C99 1
| #define HAVE_SNPRINTF_TRUNCATION_C99 1
| #define HAVE_INTMAX_T 1
| #define HAVE_DECL_ALARM 1
| #define _USE_STD_STAT 1
| #define HAVE_DECL_FSEEKO 1
| #define FUNC_FFLUSH_STDIN 1
| #define restrict __restrict__
| #define HAVE_DECL_FTELLO 1
| #define HAVE_DECL_GETDTABLESIZE 1
| #define HAVE_GETOPT_H 1
| #define HAVE_GETOPT_LONG_ONLY 1
| #define MUSL_LIBC 1
| #define HAVE_LONG_LONG_INT 1
| #define HAVE_UNSIGNED_LONG_LONG_INT 1
| #define FLT_EXPBIT0_WORD 0
| #define FLT_EXPBIT0_BIT 23
| #define LDBL_EXPBIT0_WORD 2
| #define LDBL_EXPBIT0_BIT 0
| #define LSTAT_FOLLOWS_SLASHED_SYMLINK 1
| #define HAVE_MALLOC_0_NONNULL 1
| #define HAVE_MBSTATE_T 1
| #define HAVE_LANGINFO_CODESET 1
| #define HAVE_MAP_ANONYMOUS 1
| #define HAVE_DECL_MEMRCHR 1
| #define HAVE_MINMAX_IN_SYS_PARAM_H 1
| #define USER_LABEL_PREFIX 
| #define HAVE_SIGSET_T 1
| #define HAVE_DECL_FCLOSEALL 0
| #define HAVE_DECL_GETW 1
| #define HAVE_DECL_PUTW 1
| #define HAVE_DECL_ECVT 1
| #define HAVE_DECL_FCVT 1
| #define HAVE_DECL_GCVT 1
| #define HAVE_DECL_STRDUP 1
| #define HAVE_DECL_EXECVPE 1
| #define HAVE_WORKING_UTIMES 1
| #define HAVE_DECL_WCSDUP 1
| #define HAVE_C_ALIGNASOF 1
| #define HAVE_ALLOCA 1
| #define HAVE_C_STATIC_ASSERT 1
| #define HAVE_C_BOOL 1
| #define GNULIB_TEST_CALLOC_GNU 1
| #define GNULIB_TEST_CALLOC_POSIX 1
| #define GNULIB_TEST_CHDIR 1
| #define HAVE_CLOCK_GETRES 1
| #define HAVE_CLOCK_GETTIME 1
| #define HAVE_CLOCK_SETTIME 1
| #define GNULIB_TEST_CLOEXEC 1
| #define GNULIB_TEST_CLOSE 1
| #define GNULIB_CLOSE 1
| #define HAVE_CLOSEDIR 1
| #define GNULIB_TEST_CLOSEDIR 1
| #define HAVE_DIRFD 1
| #define HAVE_DECL_DIRFD 1
| #define GNULIB_TEST_DIRFD 1
| #define GNULIB_TEST_DUP 1
| #define GNULIB_TEST_DUP2 1
| #define GNULIB_TEST_FCHDIR 1
| #define GNULIB_TEST_FCLOSE 1
| #define GNULIB_TEST_FCNTL 1
| #define GNULIB_FCNTL_SAFER 1
| #define HAVE_FDATASYNC 1
| #define GNULIB_TEST_FDATASYNC 1
| #define HAVE_DECL_FDOPENDIR 1
| #define GNULIB_TEST_FDOPENDIR 1
| #define GNULIB_FDOPENDIR 1
| #define FUNC_FFLUSH_STDIN 1
| #define GNULIB_FFLUSH 1
| #define GNULIB_TEST_FFLUSH 1
| #define HAVE_MEMPCPY 1
| #define GNULIB_TEST_FOPEN 1
| #define NEED_PRINTF_DIRECTIVE_B 1
| #define REPLACE_FPRINTF_POSIX 1
| #define GNULIB_TEST_FPRINTF_POSIX 1
| #define HAVE___FPURGE 1
| #define HAVE_DECL_FPURGE 0
| #define GNULIB_TEST_FPURGE 1
| #define HAVE___FREADING 1
| #define GNULIB_TEST_FREE_POSIX 1
| #define HAVE_FREXP_IN_LIBC 1
| #define GNULIB_TEST_FREXP 1
| #define HAVE_FREXPL_IN_LIBC 1
| #define GNULIB_TEST_FREXPL 1
| #define GNULIB_TEST_FSEEK 1
| #define FUNC_FFLUSH_STDIN 1
| #define GNULIB_TEST_FSEEKO 1
| #define HAVE___FSETERR 1
| #define GNULIB_TEST_FSTAT 1
| #define GNULIB_FSTAT 1
| #define GNULIB_TEST_FSYNC 1
| #define GNULIB_TEST_FTELL 1
| #define GNULIB_TEST_FTELLO 1
| #define GNULIB_TEST_GETCWD 1
| #define GNULIB_TEST_GETDTABLESIZE 1
| #define __GETOPT_PREFIX rpl_
| #define GNULIB_TEST_GETOPT_POSIX 1
| #define HAVE_DECL_PROGRAM_INVOCATION_NAME 1
| #define HAVE_DECL_PROGRAM_INVOCATION_NAME 1
| #define HAVE_DECL_PROGRAM_INVOCATION_SHORT_NAME 1
| #define HAVE_DECL___ARGV 0
| #define GNULIB_TEST_GETPROGNAME 1
| #define HAVE_TIMESPEC_GET 1
| #define GETTIMEOFDAY_TIMEZONE void
| #define GNULIB_TEST_GETTIMEOFDAY 1
| #define HAVE_ISNAND_IN_LIBC 1
| #define HAVE_ISNANF_IN_LIBC 1
| #define HAVE_ISNANL_IN_LIBC 1
| /* end confdefs.h.  */
|                           #include <unistd.h>
|                #if defined __APPLE__ && defined __MACH__ && defined SEEK_DATA
|                # ifdef __ENVIRONMENT_MAC_OS_X_VERSION_MIN_REQUIRED__
|                #  include <AvailabilityMacros.h>
|                # endif
|                # if 99990000 <= MAC_OS_X_VERSION_MIN_REQUIRED
|                #  define LSEEK_WORKS_BUT_IS_INCOMPATIBLE_WITH_GNU
|                # endif
|                #endif
|                #ifndef LSEEK_WORKS_BUT_IS_INCOMPATIBLE_WITH_GNU
|                 #error "No need to work around the bug"
|                #endif
| 
configure:30746: result: no
configure:31019: checking for mempcpy
configure:31072: result: yes
configure:31147: checking for memrchr
configure:31147: gcc -o conftest -g -O2   conftest.c  >&5
configure:31147: $? = 0
configure:31147: result: yes
configure:31252: checking whether open recognizes a trailing slash
configure:31297: gcc -o conftest -g -O2   conftest.c  >&5
configure:31297: $? = 0
configure:31297: ./conftest
configure:31297: $? = 0
configure:31313: result: yes
configure:31463: checking for opendir
configure:31463: gcc -o conftest -g -O2   conftest.c  >&5
configure:31463: $? = 0
configure:31463: result: yes
configure:31574: checking whether frexp works
configure:31696: result: yes
configure:31708: checking whether ldexp can be used without linking with libm
configure:31728: gcc -o conftest -g -O2   conftest.c  >&5
configure:31728: $? = 0
configure:31740: result: yes
configure:31753: checking whether frexpl() can be used without linking with libm
configure:31784: result: yes
configure:31790: checking whether frexpl works
configure:31920: result: yes
configure:31935: checking whether frexpl is declared
configure:31935: result: yes
configure:31947: checking whether ldexpl() can be used without linking with libm
configure:31966: gcc -o conftest -g -O2   conftest.c  >&5
configure:31966: $? = 0
configure:31978: result: yes
configure:31984: checking whether ldexpl works
configure:32029: gcc -o conftest -g -O2   conftest.c  >&5
configure:32029: $? = 0
configure:32029: ./conftest
configure:32029: $? = 0
configure:32044: result: yes
configure:32052: checking whether ldexpl is declared
configure:32052: gcc -c -g -O2   conftest.c >&5
configure:32052: $? = 0
configure:32052: result: yes
configure:32368: checking for ptrdiff_t
configure:32368: result: yes
configure:32434: checking for qsort_r signature
configure:32460: gcc -o conftest -g -O2   conftest.c  >&5
configure:32460: $? = 0
configure:32498: result: GNU
configure:32559: checking for raise
configure:32559: gcc -o conftest -g -O2   conftest.c  >&5
configure:32559: $? = 0
configure:32559: result: yes
configure:32581: checking for sigprocmask
configure:32581: gcc -o conftest -g -O2   conftest.c  >&5
configure:32581: $? = 0
configure:32581: result: yes
configure:32636: checking for readdir
configure:32636: gcc -o conftest -g -O2   conftest.c  >&5
configure:32636: $? = 0
configure:32636: result: yes
configure:32701: checking whether realloc (..., 0) returns nonnull
configure:32739: gcc -o conftest -g -O2   conftest.c  >&5
configure:32739: $? = 0
configure:32739: ./conftest
configure:32739: $? = 0
configure:32753: result: yes
configure:32811: checking for reallocarray
configure:32848: checking for reallocarray
configure:32848: gcc -o conftest -g -O2   conftest.c  >&5
configure:32848: $? = 0
configure:32848: result: yes
configure:32864: result: yes
configure:32939: checking whether rmdir works
configure:32992: gcc -o conftest -g -O2   conftest.c  >&5
configure:32992: $? = 0
configure:32992: ./conftest
configure:32992: $? = 0
configure:33007: result: yes
configure:33059: checking for struct sigaction.sa_sigaction
configure:33059: gcc -c -g -O2  conftest.c >&5
configure:33059: $? = 0
configure:33059: result: yes
configure:33145: checking for signbit macro
configure:33256: gcc -o conftest -g -O2   conftest.c  >&5
configure:33256: $? = 0
configure:33256: ./conftest
configure:33256: $? = 0
configure:33271: result: yes
configure:33273: checking for signbit compiler built-ins
configure:33386: gcc -o conftest -g -O2   conftest.c  >&5
configure:33386: $? = 0
configure:33386: ./conftest
configure:33386: $? = 0
configure:33401: result: yes
configure:33948: checking for sigprocmask
configure:33948: result: yes
configure:33995: checking for stdint.h
configure:33995: result: yes
configure:34002: checking for SIZE_MAX
configure:34081: result: yes
configure:34091: checking for ssize_t
configure:34109: gcc -c -g -O2  conftest.c >&5
configure:34109: $? = 0
configure:34119: result: yes
configure:34172: checking whether stat handles trailing slashes on files
configure:34218: gcc -o conftest -g -O2   conftest.c  >&5
configure:34218: $? = 0
configure:34218: ./conftest
configure:34218: $? = 0
configure:34233: result: yes
configure:34314: checking for struct stat.st_atim.tv_nsec
configure:34314: gcc -c -g -O2  conftest.c >&5
configure:34314: $? = 0
configure:34314: result: yes
configure:34322: checking whether struct stat.st_atim is of type struct timespec
configure:34350: gcc -c -g -O2  conftest.c >&5
configure:34350: $? = 0
configure:34360: result: yes
configure:34412: checking for struct stat.st_birthtimespec.tv_nsec
configure:34412: gcc -c -g -O2  conftest.c >&5
conftest.c: In function 'main':
conftest.c:269:12: error: 'struct stat' has no member named 'st_birthtimespec'
  269 | if (ac_aggr.st_birthtimespec.tv_nsec)
      |            ^
configure:34412: $? = 1
configure: failed program was:
| /* confdefs.h */
| #define PACKAGE_NAME "gzip"
| #define PACKAGE_TARNAME "gzip"
| #define PACKAGE_VERSION "1.14"
| #define PACKAGE_STRING "gzip 1.14"
| #define PACKAGE_BUGREPORT "bug-gzip@gnu.org"
| #define PACKAGE_URL ""
| #define PACKAGE "gzip"
| #define VERSION "1.14"
| #define HAVE_STDIO_H 1
| #define HAVE_STDLIB_H 1
| #define HAVE_STRING_H 1
| #define HAVE_INTTYPES_H 1
| #define HAVE_STDINT_H 1
| #define HAVE_STRINGS_H 1
| #define HAVE_SYS_STAT_H 1
| #define HAVE_SYS_TYPES_H 1
| #define HAVE_UNISTD_H 1
| #define HAVE_WCHAR_H 1
| #define HAVE_STDBOOL_H 1
| #define HAVE_BYTESWAP_H 1
| #define HAVE_SYS_PARAM_H 1
| #define HAVE_SYS_SOCKET_H 1
| #define HAVE_DIRENT_H 1
| #define HAVE_ENDIAN_H 1
| #define HAVE_FEATURES_H 1
| #define HAVE_STDIO_EXT_H 1
| #define HAVE_GETOPT_H 1
| #define HAVE_SYS_TIME_H 1
| #define HAVE_LIMITS_H 1
| #define HAVE_MATH_H 1
| #define HAVE_SYS_MMAN_H 1
| #define HAVE_STDCKDINT_H 1
| #define HAVE_UTIME_H 1
| #define HAVE_FCNTL_H 1
| #define HAVE_MEMORY_H 1
| #define HAVE_TIME_H 1
| #define STDC_HEADERS 1
| #define _ALL_SOURCE 1
| #define _COSMO_SOURCE 1
| #define _DARWIN_C_SOURCE 1
| #define _GNU_SOURCE 1
| #define _HPUX_ALT_XOPEN_SOCKET_API 1
| #define _NETBSD_SOURCE 1
| #define _OPENBSD_SOURCE 1
| #define _POSIX_PTHREAD_SEMANTICS 1
| #define __STDC_WANT_IEC_60559_ATTRIBS_EXT__ 1
| #define __STDC_WANT_IEC_60559_BFP_EXT__ 1
| #define __STDC_WANT_IEC_60559_DFP_EXT__ 1
| #define __STDC_WANT_IEC_60559_EXT__ 1
| #define __STDC_WANT_IEC_60559_FUNCS_EXT__ 1
| #define __STDC_WANT_IEC_60559_TYPES_EXT__ 1
| #define __STDC_WANT_LIB_EXT2__ 1
| #define __STDC_WANT_MATH_SPEC_FUNCS__ 1
| #define _TANDEM_SOURCE 1
| #define __EXTENSIONS__ 1
| #define _LINUX_SOURCE_COMPAT 1
| #define __USE_MINGW_ANSI_STDIO 1
| #define HAVE_ALLOCA_H 1
| #define HAVE_ALLOCA 1
| #define HAVE_MALLOC_PTRDIFF 1
| #define HAVE_MALLOC_POSIX 1
| #define HAVE_FCHDIR 1
| #define HAVE_FCNTL 1
| #define HAVE_SYMLINK 1
| #define HAVE_FDOPENDIR 1
| #define HAVE_SNPRINTF 1
| #define HAVE_FPURGE 1
| #define HAVE_FSYNC 1
| #define HAVE_GETDTABLESIZE 1
| #define HAVE_GETTIMEOFDAY 1
| #define HAVE_LSTAT 1
| #define HAVE_MBSINIT 1
| #define HAVE_MBRTOWC 1
| #define HAVE_MPROTECT 1
| #define HAVE_OPENAT 1
| #define HAVE_PIPE 1
| #define HAVE_QSORT_R 1
| #define HAVE_SIGACTION 1
| #define HAVE_SIGALTSTACK 1
| #define HAVE_SIGINTERRUPT 1
| #define HAVE_UNLINKAT 1
| #define HAVE_CHOWN 1
| #define HAVE_FCHMOD 1
| #define HAVE_FCHOWN 1
| #define GL_CRC_SLICE_BY_8 1
| #define GL_CRC_X86_64_PCLMUL 1
| #define HAVE_DECL_STRERROR_R 1
| #define HAVE_STRERROR_R 1
| #define HAVE_DECL_FCHDIR 1
| #define FUNC_FFLUSH_STDIN 1
| #define HAVE_WORKING_O_NOATIME 1
| #define HAVE_WORKING_O_NOFOLLOW 1
| #define PROMOTED_MODE_T mode_t
| #define HAVE_DECL_FDATASYNC 1
| #define HAVE_STDINT_H_WITH_UINTMAX 1
| #define HAVE_INTTYPES_H_WITH_UINTMAX 1
| #define CHECK_PRINTF_SAFE 1
| #define HAVE_WINT_T 1
| #define DBL_EXPBIT0_WORD 1
| #define DBL_EXPBIT0_BIT 20
| #define HAVE_WCSLEN 1
| #define HAVE_SNPRINTF 1
| #define HAVE_STRNLEN 1
| #define HAVE_WCRTOMB 1
| #define HAVE_DECL__SNPRINTF 0
| #define HAVE_SNPRINTF_RETVAL_C99 1
| #define HAVE_SNPRINTF_TRUNCATION_C99 1
| #define HAVE_INTMAX_T 1
| #define HAVE_DECL_ALARM 1
| #define _USE_STD_STAT 1
| #define HAVE_DECL_FSEEKO 1
| #define FUNC_FFLUSH_STDIN 1
| #define restrict __restrict__
| #define HAVE_DECL_FTELLO 1
| #define HAVE_DECL_GETDTABLESIZE 1
| #define HAVE_GETOPT_H 1
| #define HAVE_GETOPT_LONG_ONLY 1
| #define MUSL_LIBC 1
| #define HAVE_LONG_LONG_INT 1
| #define HAVE_UNSIGNED_LONG_LONG_INT 1
| #define FLT_EXPBIT0_WORD 0
| #define FLT_EXPBIT0_BIT 23
| #define LDBL_EXPBIT0_WORD 2
| #define LDBL_EXPBIT0_BIT 0
| #define LSTAT_FOLLOWS_SLASHED_SYMLINK 1
| #define HAVE_MALLOC_0_NONNULL 1
| #define HAVE_MBSTATE_T 1
| #define HAVE_LANGINFO_CODESET 1
| #define HAVE_MAP_ANONYMOUS 1
| #define HAVE_DECL_MEMRCHR 1
| #define HAVE_MINMAX_IN_SYS_PARAM_H 1
| #define USER_LABEL_PREFIX 
| #define HAVE_SIGSET_T 1
| #define HAVE_DECL_FCLOSEALL 0
| #define HAVE_DECL_GETW 1
| #define HAVE_DECL_PUTW 1
| #define HAVE_DECL_ECVT 1
| #define HAVE_DECL_FCVT 1
| #define HAVE_DECL_GCVT 1
| #define HAVE_DECL_STRDUP 1
| #define HAVE_DECL_EXECVPE 1
| #define HAVE_WORKING_UTIMES 1
| #define HAVE_DECL_WCSDUP 1
| #define HAVE_C_ALIGNASOF 1
| #define HAVE_ALLOCA 1
| #define HAVE_C_STATIC_ASSERT 1
| #define HAVE_C_BOOL 1
| #define GNULIB_TEST_CALLOC_GNU 1
| #define GNULIB_TEST_CALLOC_POSIX 1
| #define GNULIB_TEST_CHDIR 1
| #define HAVE_CLOCK_GETRES 1
| #define HAVE_CLOCK_GETTIME 1
| #define HAVE_CLOCK_SETTIME 1
| #define GNULIB_TEST_CLOEXEC 1
| #define GNULIB_TEST_CLOSE 1
| #define GNULIB_CLOSE 1
| #define HAVE_CLOSEDIR 1
| #define GNULIB_TEST_CLOSEDIR 1
| #define HAVE_DIRFD 1
| #define HAVE_DECL_DIRFD 1
| #define GNULIB_TEST_DIRFD 1
| #define GNULIB_TEST_DUP 1
| #define GNULIB_TEST_DUP2 1
| #define GNULIB_TEST_FCHDIR 1
| #define GNULIB_TEST_FCLOSE 1
| #define GNULIB_TEST_FCNTL 1
| #define GNULIB_FCNTL_SAFER 1
| #define HAVE_FDATASYNC 1
| #define GNULIB_TEST_FDATASYNC 1
| #define HAVE_DECL_FDOPENDIR 1
| #define GNULIB_TEST_FDOPENDIR 1
| #define GNULIB_FDOPENDIR 1
| #define FUNC_FFLUSH_STDIN 1
| #define GNULIB_FFLUSH 1
| #define GNULIB_TEST_FFLUSH 1
| #define HAVE_MEMPCPY 1
| #define GNULIB_TEST_FOPEN 1
| #define NEED_PRINTF_DIRECTIVE_B 1
| #define REPLACE_FPRINTF_POSIX 1
| #define GNULIB_TEST_FPRINTF_POSIX 1
| #define HAVE___FPURGE 1
| #define HAVE_DECL_FPURGE 0
| #define GNULIB_TEST_FPURGE 1
| #define HAVE___FREADING 1
| #define GNULIB_TEST_FREE_POSIX 1
| #define HAVE_FREXP_IN_LIBC 1
| #define GNULIB_TEST_FREXP 1
| #define HAVE_FREXPL_IN_LIBC 1
| #define GNULIB_TEST_FREXPL 1
| #define GNULIB_TEST_FSEEK 1
| #define FUNC_FFLUSH_STDIN 1
| #define GNULIB_TEST_FSEEKO 1
| #define HAVE___FSETERR 1
| #define GNULIB_TEST_FSTAT 1
| #define GNULIB_FSTAT 1
| #define GNULIB_TEST_FSYNC 1
| #define GNULIB_TEST_FTELL 1
| #define GNULIB_TEST_FTELLO 1
| #define GNULIB_TEST_GETCWD 1
| #define GNULIB_TEST_GETDTABLESIZE 1
| #define __GETOPT_PREFIX rpl_
| #define GNULIB_TEST_GETOPT_POSIX 1
| #define HAVE_DECL_PROGRAM_INVOCATION_NAME 1
| #define HAVE_DECL_PROGRAM_INVOCATION_NAME 1
| #define HAVE_DECL_PROGRAM_INVOCATION_SHORT_NAME 1
| #define HAVE_DECL___ARGV 0
| #define GNULIB_TEST_GETPROGNAME 1
| #define HAVE_TIMESPEC_GET 1
| #define GETTIMEOFDAY_TIMEZONE void
| #define GNULIB_TEST_GETTIMEOFDAY 1
| #define HAVE_ISNAND_IN_LIBC 1
| #define HAVE_ISNANF_IN_LIBC 1
| #define HAVE_ISNANL_IN_LIBC 1
| #define GNULIB_TEST_LSEEK 1
| #define GNULIB_TEST_LSTAT 1
| #define GNULIB_LSTAT 1
| #define GNULIB_TEST_MALLOC_GNU 1
| #define GNULIB_TEST_MALLOC_POSIX 1
| #define GNULIB_TEST_MBSZERO 1
| #define GNULIB_TEST_MEMCHR 1
| #define HAVE_MEMPCPY 1
| #define GNULIB_TEST_MEMPCPY 1
| #define HAVE_MEMRCHR 1
| #define GNULIB_TEST_MEMRCHR 1
| #define GNULIB_MSVC_NOTHROW 1
| #define GNULIB_TEST_OPEN 1
| #define GNULIB_OPENAT 1
| #define GNULIB_TEST_OPENAT 1
| #define GNULIB_OPENAT_SAFER 1
| #define HAVE_OPENDIR 1
| #define GNULIB_TEST_OPENDIR 1
| #define GNULIB_TEST_PIPE 1
| #define HAVE_FREXP_IN_LIBC 1
| #define HAVE_LDEXP_IN_LIBC 1
| #define HAVE_FREXPL_IN_LIBC 1
| #define HAVE_LDEXPL_IN_LIBC 1
| #define NEED_PRINTF_DIRECTIVE_B 1
| #define REPLACE_PRINTF_POSIX 1
| #define GNULIB_TEST_PRINTF_POSIX 1
| #define GNULIB_TEST_QSORT_R 1
| #define HAVE_RAISE 1
| #define GNULIB_TEST_RAISE 1
| #define HAVE_READDIR 1
| #define GNULIB_TEST_READDIR 1
| #define HAVE_REALLOC_0_NONNULL 1
| #define GNULIB_TEST_REALLOC_POSIX 1
| #define HAVE_REALLOCARRAY 1
| #define GNULIB_REALLOCARRAY 1
| #define GNULIB_TEST_REALLOCARRAY 1
| #define GNULIB_TEST_RMDIR 1
| #define HAVE_STRUCT_SIGACTION_SA_SIGACTION 1
| #define GNULIB_TEST_SIGACTION 1
| #define GNULIB_TEST_SIGNBIT 1
| #define GNULIB_TEST_SIGPROCMASK 1
| #define HAVE_STDINT_H 1
| #define GNULIB_TEST_STAT 1
| #define GNULIB_STAT 1
| #define HAVE_STRUCT_STAT_ST_ATIM_TV_NSEC 1
| #define TYPEOF_STRUCT_STAT_ST_ATIM_IS_STRUCT_TIMESPEC 1
| /* end confdefs.h.  */
| #include <sys/types.h>
|      #include <sys/stat.h>
| 
| int
| main (void)
| {
| static struct stat ac_aggr;
| if (ac_aggr.st_birthtimespec.tv_nsec)
| return 0;
|   ;
|   return 0;
| }
configure:34412: gcc -c -g -O2  conftest.c >&5
conftest.c: In function 'main':
conftest.c:269:19: error: 'struct stat' has no member named 'st_birthtimespec'
  269 | if (sizeof ac_aggr.st_birthtimespec.tv_nsec)
      |                   ^
configure:34412: $? = 1
configure: failed program was:
| /* confdefs.h */
| #define PACKAGE_NAME "gzip"
| #define PACKAGE_TARNAME "gzip"
| #define PACKAGE_VERSION "1.14"
| #define PACKAGE_STRING "gzip 1.14"
| #define PACKAGE_BUGREPORT "bug-gzip@gnu.org"
| #define PACKAGE_URL ""
| #define PACKAGE "gzip"
| #define VERSION "1.14"
| #define HAVE_STDIO_H 1
| #define HAVE_STDLIB_H 1
| #define HAVE_STRING_H 1
| #define HAVE_INTTYPES_H 1
| #define HAVE_STDINT_H 1
| #define HAVE_STRINGS_H 1
| #define HAVE_SYS_STAT_H 1
| #define HAVE_SYS_TYPES_H 1
| #define HAVE_UNISTD_H 1
| #define HAVE_WCHAR_H 1
| #define HAVE_STDBOOL_H 1
| #define HAVE_BYTESWAP_H 1
| #define HAVE_SYS_PARAM_H 1
| #define HAVE_SYS_SOCKET_H 1
| #define HAVE_DIRENT_H 1
| #define HAVE_ENDIAN_H 1
| #define HAVE_FEATURES_H 1
| #define HAVE_STDIO_EXT_H 1
| #define HAVE_GETOPT_H 1
| #define HAVE_SYS_TIME_H 1
| #define HAVE_LIMITS_H 1
| #define HAVE_MATH_H 1
| #define HAVE_SYS_MMAN_H 1
| #define HAVE_STDCKDINT_H 1
| #define HAVE_UTIME_H 1
| #define HAVE_FCNTL_H 1
| #define HAVE_MEMORY_H 1
| #define HAVE_TIME_H 1
| #define STDC_HEADERS 1
| #define _ALL_SOURCE 1
| #define _COSMO_SOURCE 1
| #define _DARWIN_C_SOURCE 1
| #define _GNU_SOURCE 1
| #define _HPUX_ALT_XOPEN_SOCKET_API 1
| #define _NETBSD_SOURCE 1
| #define _OPENBSD_SOURCE 1
| #define _POSIX_PTHREAD_SEMANTICS 1
| #define __STDC_WANT_IEC_60559_ATTRIBS_EXT__ 1
| #define __STDC_WANT_IEC_60559_BFP_EXT__ 1
| #define __STDC_WANT_IEC_60559_DFP_EXT__ 1
| #define __STDC_WANT_IEC_60559_EXT__ 1
| #define __STDC_WANT_IEC_60559_FUNCS_EXT__ 1
| #define __STDC_WANT_IEC_60559_TYPES_EXT__ 1
| #define __STDC_WANT_LIB_EXT2__ 1
| #define __STDC_WANT_MATH_SPEC_FUNCS__ 1
| #define _TANDEM_SOURCE 1
| #define __EXTENSIONS__ 1
| #define _LINUX_SOURCE_COMPAT 1
| #define __USE_MINGW_ANSI_STDIO 1
| #define HAVE_ALLOCA_H 1
| #define HAVE_ALLOCA 1
| #define HAVE_MALLOC_PTRDIFF 1
| #define HAVE_MALLOC_POSIX 1
| #define HAVE_FCHDIR 1
| #define HAVE_FCNTL 1
| #define HAVE_SYMLINK 1
| #define HAVE_FDOPENDIR 1
| #define HAVE_SNPRINTF 1
| #define HAVE_FPURGE 1
| #define HAVE_FSYNC 1
| #define HAVE_GETDTABLESIZE 1
| #define HAVE_GETTIMEOFDAY 1
| #define HAVE_LSTAT 1
| #define HAVE_MBSINIT 1
| #define HAVE_MBRTOWC 1
| #define HAVE_MPROTECT 1
| #define HAVE_OPENAT 1
| #define HAVE_PIPE 1
| #define HAVE_QSORT_R 1
| #define HAVE_SIGACTION 1
| #define HAVE_SIGALTSTACK 1
| #define HAVE_SIGINTERRUPT 1
| #define HAVE_UNLINKAT 1
| #define HAVE_CHOWN 1
| #define HAVE_FCHMOD 1
| #define HAVE_FCHOWN 1
| #define GL_CRC_SLICE_BY_8 1
| #define GL_CRC_X86_64_PCLMUL 1
| #define HAVE_DECL_STRERROR_R 1
| #define HAVE_STRERROR_R 1
| #define HAVE_DECL_FCHDIR 1
| #define FUNC_FFLUSH_STDIN 1
| #define HAVE_WORKING_O_NOATIME 1
| #define HAVE_WORKING_O_NOFOLLOW 1
| #define PROMOTED_MODE_T mode_t
| #define HAVE_DECL_FDATASYNC 1
| #define HAVE_STDINT_H_WITH_UINTMAX 1
| #define HAVE_INTTYPES_H_WITH_UINTMAX 1
| #define CHECK_PRINTF_SAFE 1
| #define HAVE_WINT_T 1
| #define DBL_EXPBIT0_WORD 1
| #define DBL_EXPBIT0_BIT 20
| #define HAVE_WCSLEN 1
| #define HAVE_SNPRINTF 1
| #define HAVE_STRNLEN 1
| #define HAVE_WCRTOMB 1
| #define HAVE_DECL__SNPRINTF 0
| #define HAVE_SNPRINTF_RETVAL_C99 1
| #define HAVE_SNPRINTF_TRUNCATION_C99 1
| #define HAVE_INTMAX_T 1
| #define HAVE_DECL_ALARM 1
| #define _USE_STD_STAT 1
| #define HAVE_DECL_FSEEKO 1
| #define FUNC_FFLUSH_STDIN 1
| #define restrict __restrict__
| #define HAVE_DECL_FTELLO 1
| #define HAVE_DECL_GETDTABLESIZE 1
| #define HAVE_GETOPT_H 1
| #define HAVE_GETOPT_LONG_ONLY 1
| #define MUSL_LIBC 1
| #define HAVE_LONG_LONG_INT 1
| #define HAVE_UNSIGNED_LONG_LONG_INT 1
| #define FLT_EXPBIT0_WORD 0
| #define FLT_EXPBIT0_BIT 23
| #define LDBL_EXPBIT0_WORD 2
| #define LDBL_EXPBIT0_BIT 0
| #define LSTAT_FOLLOWS_SLASHED_SYMLINK 1
| #define HAVE_MALLOC_0_NONNULL 1
| #define HAVE_MBSTATE_T 1
| #define HAVE_LANGINFO_CODESET 1
| #define HAVE_MAP_ANONYMOUS 1
| #define HAVE_DECL_MEMRCHR 1
| #define HAVE_MINMAX_IN_SYS_PARAM_H 1
| #define USER_LABEL_PREFIX 
| #define HAVE_SIGSET_T 1
| #define HAVE_DECL_FCLOSEALL 0
| #define HAVE_DECL_GETW 1
| #define HAVE_DECL_PUTW 1
| #define HAVE_DECL_ECVT 1
| #define HAVE_DECL_FCVT 1
| #define HAVE_DECL_GCVT 1
| #define HAVE_DECL_STRDUP 1
| #define HAVE_DECL_EXECVPE 1
| #define HAVE_WORKING_UTIMES 1
| #define HAVE_DECL_WCSDUP 1
| #define HAVE_C_ALIGNASOF 1
| #define HAVE_ALLOCA 1
| #define HAVE_C_STATIC_ASSERT 1
| #define HAVE_C_BOOL 1
| #define GNULIB_TEST_CALLOC_GNU 1
| #define GNULIB_TEST_CALLOC_POSIX 1
| #define GNULIB_TEST_CHDIR 1
| #define HAVE_CLOCK_GETRES 1
| #define HAVE_CLOCK_GETTIME 1
| #define HAVE_CLOCK_SETTIME 1
| #define GNULIB_TEST_CLOEXEC 1
| #define GNULIB_TEST_CLOSE 1
| #define GNULIB_CLOSE 1
| #define HAVE_CLOSEDIR 1
| #define GNULIB_TEST_CLOSEDIR 1
| #define HAVE_DIRFD 1
| #define HAVE_DECL_DIRFD 1
| #define GNULIB_TEST_DIRFD 1
| #define GNULIB_TEST_DUP 1
| #define GNULIB_TEST_DUP2 1
| #define GNULIB_TEST_FCHDIR 1
| #define GNULIB_TEST_FCLOSE 1
| #define GNULIB_TEST_FCNTL 1
| #define GNULIB_FCNTL_SAFER 1
| #define HAVE_FDATASYNC 1
| #define GNULIB_TEST_FDATASYNC 1
| #define HAVE_DECL_FDOPENDIR 1
| #define GNULIB_TEST_FDOPENDIR 1
| #define GNULIB_FDOPENDIR 1
| #define FUNC_FFLUSH_STDIN 1
| #define GNULIB_FFLUSH 1
| #define GNULIB_TEST_FFLUSH 1
| #define HAVE_MEMPCPY 1
| #define GNULIB_TEST_FOPEN 1
| #define NEED_PRINTF_DIRECTIVE_B 1
| #define REPLACE_FPRINTF_POSIX 1
| #define GNULIB_TEST_FPRINTF_POSIX 1
| #define HAVE___FPURGE 1
| #define HAVE_DECL_FPURGE 0
| #define GNULIB_TEST_FPURGE 1
| #define HAVE___FREADING 1
| #define GNULIB_TEST_FREE_POSIX 1
| #define HAVE_FREXP_IN_LIBC 1
| #define GNULIB_TEST_FREXP 1
| #define HAVE_FREXPL_IN_LIBC 1
| #define GNULIB_TEST_FREXPL 1
| #define GNULIB_TEST_FSEEK 1
| #define FUNC_FFLUSH_STDIN 1
| #define GNULIB_TEST_FSEEKO 1
| #define HAVE___FSETERR 1
| #define GNULIB_TEST_FSTAT 1
| #define GNULIB_FSTAT 1
| #define GNULIB_TEST_FSYNC 1
| #define GNULIB_TEST_FTELL 1
| #define GNULIB_TEST_FTELLO 1
| #define GNULIB_TEST_GETCWD 1
| #define GNULIB_TEST_GETDTABLESIZE 1
| #define __GETOPT_PREFIX rpl_
| #define GNULIB_TEST_GETOPT_POSIX 1
| #define HAVE_DECL_PROGRAM_INVOCATION_NAME 1
| #define HAVE_DECL_PROGRAM_INVOCATION_NAME 1
| #define HAVE_DECL_PROGRAM_INVOCATION_SHORT_NAME 1
| #define HAVE_DECL___ARGV 0
| #define GNULIB_TEST_GETPROGNAME 1
| #define HAVE_TIMESPEC_GET 1
| #define GETTIMEOFDAY_TIMEZONE void
| #define GNULIB_TEST_GETTIMEOFDAY 1
| #define HAVE_ISNAND_IN_LIBC 1
| #define HAVE_ISNANF_IN_LIBC 1
| #define HAVE_ISNANL_IN_LIBC 1
| #define GNULIB_TEST_LSEEK 1
| #define GNULIB_TEST_LSTAT 1
| #define GNULIB_LSTAT 1
| #define GNULIB_TEST_MALLOC_GNU 1
| #define GNULIB_TEST_MALLOC_POSIX 1
| #define GNULIB_TEST_MBSZERO 1
| #define GNULIB_TEST_MEMCHR 1
| #define HAVE_MEMPCPY 1
| #define GNULIB_TEST_MEMPCPY 1
| #define HAVE_MEMRCHR 1
| #define GNULIB_TEST_MEMRCHR 1
| #define GNULIB_MSVC_NOTHROW 1
| #define GNULIB_TEST_OPEN 1
| #define GNULIB_OPENAT 1
| #define GNULIB_TEST_OPENAT 1
| #define GNULIB_OPENAT_SAFER 1
| #define HAVE_OPENDIR 1
| #define GNULIB_TEST_OPENDIR 1
| #define GNULIB_TEST_PIPE 1
| #define HAVE_FREXP_IN_LIBC 1
| #define HAVE_LDEXP_IN_LIBC 1
| #define HAVE_FREXPL_IN_LIBC 1
| #define HAVE_LDEXPL_IN_LIBC 1
| #define NEED_PRINTF_DIRECTIVE_B 1
| #define REPLACE_PRINTF_POSIX 1
| #define GNULIB_TEST_PRINTF_POSIX 1
| #define GNULIB_TEST_QSORT_R 1
| #define HAVE_RAISE 1
| #define GNULIB_TEST_RAISE 1
| #define HAVE_READDIR 1
| #define GNULIB_TEST_READDIR 1
| #define HAVE_REALLOC_0_NONNULL 1
| #define GNULIB_TEST_REALLOC_POSIX 1
| #define HAVE_REALLOCARRAY 1
| #define GNULIB_REALLOCARRAY 1
| #define GNULIB_TEST_REALLOCARRAY 1
| #define GNULIB_TEST_RMDIR 1
| #define HAVE_STRUCT_SIGACTION_SA_SIGACTION 1
| #define GNULIB_TEST_SIGACTION 1
| #define GNULIB_TEST_SIGNBIT 1
| #define GNULIB_TEST_SIGPROCMASK 1
| #define HAVE_STDINT_H 1
| #define GNULIB_TEST_STAT 1
| #define GNULIB_STAT 1
| #define HAVE_STRUCT_STAT_ST_ATIM_TV_NSEC 1
| #define TYPEOF_STRUCT_STAT_ST_ATIM_IS_STRUCT_TIMESPEC 1
| /* end confdefs.h.  */
| #include <sys/types.h>
|      #include <sys/stat.h>
| 
| int
| main (void)
| {
| static struct stat ac_aggr;
| if (sizeof ac_aggr.st_birthtimespec.tv_nsec)
| return 0;
|   ;
|   return 0;
| }
configure:34412: result: no
configure:34422: checking for struct stat.st_birthtimensec
configure:34422: gcc -c -g -O2  conftest.c >&5
conftest.c: In function 'main':
conftest.c:269:12: error: 'struct stat' has no member named 'st_birthtimensec'
  269 | if (ac_aggr.st_birthtimensec)
      |            ^
configure:34422: $? = 1
configure: failed program was:
| /* confdefs.h */
| #define PACKAGE_NAME "gzip"
| #define PACKAGE_TARNAME "gzip"
| #define PACKAGE_VERSION "1.14"
| #define PACKAGE_STRING "gzip 1.14"
| #define PACKAGE_BUGREPORT "bug-gzip@gnu.org"
| #define PACKAGE_URL ""
| #define PACKAGE "gzip"
| #define VERSION "1.14"
| #define HAVE_STDIO_H 1
| #define HAVE_STDLIB_H 1
| #define HAVE_STRING_H 1
| #define HAVE_INTTYPES_H 1
| #define HAVE_STDINT_H 1
| #define HAVE_STRINGS_H 1
| #define HAVE_SYS_STAT_H 1
| #define HAVE_SYS_TYPES_H 1
| #define HAVE_UNISTD_H 1
| #define HAVE_WCHAR_H 1
| #define HAVE_STDBOOL_H 1
| #define HAVE_BYTESWAP_H 1
| #define HAVE_SYS_PARAM_H 1
| #define HAVE_SYS_SOCKET_H 1
| #define HAVE_DIRENT_H 1
| #define HAVE_ENDIAN_H 1
| #define HAVE_FEATURES_H 1
| #define HAVE_STDIO_EXT_H 1
| #define HAVE_GETOPT_H 1
| #define HAVE_SYS_TIME_H 1
| #define HAVE_LIMITS_H 1
| #define HAVE_MATH_H 1
| #define HAVE_SYS_MMAN_H 1
| #define HAVE_STDCKDINT_H 1
| #define HAVE_UTIME_H 1
| #define HAVE_FCNTL_H 1
| #define HAVE_MEMORY_H 1
| #define HAVE_TIME_H 1
| #define STDC_HEADERS 1
| #define _ALL_SOURCE 1
| #define _COSMO_SOURCE 1
| #define _DARWIN_C_SOURCE 1
| #define _GNU_SOURCE 1
| #define _HPUX_ALT_XOPEN_SOCKET_API 1
| #define _NETBSD_SOURCE 1
| #define _OPENBSD_SOURCE 1
| #define _POSIX_PTHREAD_SEMANTICS 1
| #define __STDC_WANT_IEC_60559_ATTRIBS_EXT__ 1
| #define __STDC_WANT_IEC_60559_BFP_EXT__ 1
| #define __STDC_WANT_IEC_60559_DFP_EXT__ 1
| #define __STDC_WANT_IEC_60559_EXT__ 1
| #define __STDC_WANT_IEC_60559_FUNCS_EXT__ 1
| #define __STDC_WANT_IEC_60559_TYPES_EXT__ 1
| #define __STDC_WANT_LIB_EXT2__ 1
| #define __STDC_WANT_MATH_SPEC_FUNCS__ 1
| #define _TANDEM_SOURCE 1
| #define __EXTENSIONS__ 1
| #define _LINUX_SOURCE_COMPAT 1
| #define __USE_MINGW_ANSI_STDIO 1
| #define HAVE_ALLOCA_H 1
| #define HAVE_ALLOCA 1
| #define HAVE_MALLOC_PTRDIFF 1
| #define HAVE_MALLOC_POSIX 1
| #define HAVE_FCHDIR 1
| #define HAVE_FCNTL 1
| #define HAVE_SYMLINK 1
| #define HAVE_FDOPENDIR 1
| #define HAVE_SNPRINTF 1
| #define HAVE_FPURGE 1
| #define HAVE_FSYNC 1
| #define HAVE_GETDTABLESIZE 1
| #define HAVE_GETTIMEOFDAY 1
| #define HAVE_LSTAT 1
| #define HAVE_MBSINIT 1
| #define HAVE_MBRTOWC 1
| #define HAVE_MPROTECT 1
| #define HAVE_OPENAT 1
| #define HAVE_PIPE 1
| #define HAVE_QSORT_R 1
| #define HAVE_SIGACTION 1
| #define HAVE_SIGALTSTACK 1
| #define HAVE_SIGINTERRUPT 1
| #define HAVE_UNLINKAT 1
| #define HAVE_CHOWN 1
| #define HAVE_FCHMOD 1
| #define HAVE_FCHOWN 1
| #define GL_CRC_SLICE_BY_8 1
| #define GL_CRC_X86_64_PCLMUL 1
| #define HAVE_DECL_STRERROR_R 1
| #define HAVE_STRERROR_R 1
| #define HAVE_DECL_FCHDIR 1
| #define FUNC_FFLUSH_STDIN 1
| #define HAVE_WORKING_O_NOATIME 1
| #define HAVE_WORKING_O_NOFOLLOW 1
| #define PROMOTED_MODE_T mode_t
| #define HAVE_DECL_FDATASYNC 1
| #define HAVE_STDINT_H_WITH_UINTMAX 1
| #define HAVE_INTTYPES_H_WITH_UINTMAX 1
| #define CHECK_PRINTF_SAFE 1
| #define HAVE_WINT_T 1
| #define DBL_EXPBIT0_WORD 1
| #define DBL_EXPBIT0_BIT 20
| #define HAVE_WCSLEN 1
| #define HAVE_SNPRINTF 1
| #define HAVE_STRNLEN 1
| #define HAVE_WCRTOMB 1
| #define HAVE_DECL__SNPRINTF 0
| #define HAVE_SNPRINTF_RETVAL_C99 1
| #define HAVE_SNPRINTF_TRUNCATION_C99 1
| #define HAVE_INTMAX_T 1
| #define HAVE_DECL_ALARM 1
| #define _USE_STD_STAT 1
| #define HAVE_DECL_FSEEKO 1
| #define FUNC_FFLUSH_STDIN 1
| #define restrict __restrict__
| #define HAVE_DECL_FTELLO 1
| #define HAVE_DECL_GETDTABLESIZE 1
| #define HAVE_GETOPT_H 1
| #define HAVE_GETOPT_LONG_ONLY 1
| #define MUSL_LIBC 1
| #define HAVE_LONG_LONG_INT 1
| #define HAVE_UNSIGNED_LONG_LONG_INT 1
| #define FLT_EXPBIT0_WORD 0
| #define FLT_EXPBIT0_BIT 23
| #define LDBL_EXPBIT0_WORD 2
| #define LDBL_EXPBIT0_BIT 0
| #define LSTAT_FOLLOWS_SLASHED_SYMLINK 1
| #define HAVE_MALLOC_0_NONNULL 1
| #define HAVE_MBSTATE_T 1
| #define HAVE_LANGINFO_CODESET 1
| #define HAVE_MAP_ANONYMOUS 1
| #define HAVE_DECL_MEMRCHR 1
| #define HAVE_MINMAX_IN_SYS_PARAM_H 1
| #define USER_LABEL_PREFIX 
| #define HAVE_SIGSET_T 1
| #define HAVE_DECL_FCLOSEALL 0
| #define HAVE_DECL_GETW 1
| #define HAVE_DECL_PUTW 1
| #define HAVE_DECL_ECVT 1
| #define HAVE_DECL_FCVT 1
| #define HAVE_DECL_GCVT 1
| #define HAVE_DECL_STRDUP 1
| #define HAVE_DECL_EXECVPE 1
| #define HAVE_WORKING_UTIMES 1
| #define HAVE_DECL_WCSDUP 1
| #define HAVE_C_ALIGNASOF 1
| #define HAVE_ALLOCA 1
| #define HAVE_C_STATIC_ASSERT 1
| #define HAVE_C_BOOL 1
| #define GNULIB_TEST_CALLOC_GNU 1
| #define GNULIB_TEST_CALLOC_POSIX 1
| #define GNULIB_TEST_CHDIR 1
| #define HAVE_CLOCK_GETRES 1
| #define HAVE_CLOCK_GETTIME 1
| #define HAVE_CLOCK_SETTIME 1
| #define GNULIB_TEST_CLOEXEC 1
| #define GNULIB_TEST_CLOSE 1
| #define GNULIB_CLOSE 1
| #define HAVE_CLOSEDIR 1
| #define GNULIB_TEST_CLOSEDIR 1
| #define HAVE_DIRFD 1
| #define HAVE_DECL_DIRFD 1
| #define GNULIB_TEST_DIRFD 1
| #define GNULIB_TEST_DUP 1
| #define GNULIB_TEST_DUP2 1
| #define GNULIB_TEST_FCHDIR 1
| #define GNULIB_TEST_FCLOSE 1
| #define GNULIB_TEST_FCNTL 1
| #define GNULIB_FCNTL_SAFER 1
| #define HAVE_FDATASYNC 1
| #define GNULIB_TEST_FDATASYNC 1
| #define HAVE_DECL_FDOPENDIR 1
| #define GNULIB_TEST_FDOPENDIR 1
| #define GNULIB_FDOPENDIR 1
| #define FUNC_FFLUSH_STDIN 1
| #define GNULIB_FFLUSH 1
| #define GNULIB_TEST_FFLUSH 1
| #define HAVE_MEMPCPY 1
| #define GNULIB_TEST_FOPEN 1
| #define NEED_PRINTF_DIRECTIVE_B 1
| #define REPLACE_FPRINTF_POSIX 1
| #define GNULIB_TEST_FPRINTF_POSIX 1
| #define HAVE___FPURGE 1
| #define HAVE_DECL_FPURGE 0
| #define GNULIB_TEST_FPURGE 1
| #define HAVE___FREADING 1
| #define GNULIB_TEST_FREE_POSIX 1
| #define HAVE_FREXP_IN_LIBC 1
| #define GNULIB_TEST_FREXP 1
| #define HAVE_FREXPL_IN_LIBC 1
| #define GNULIB_TEST_FREXPL 1
| #define GNULIB_TEST_FSEEK 1
| #define FUNC_FFLUSH_STDIN 1
| #define GNULIB_TEST_FSEEKO 1
| #define HAVE___FSETERR 1
| #define GNULIB_TEST_FSTAT 1
| #define GNULIB_FSTAT 1
| #define GNULIB_TEST_FSYNC 1
| #define GNULIB_TEST_FTELL 1
| #define GNULIB_TEST_FTELLO 1
| #define GNULIB_TEST_GETCWD 1
| #define GNULIB_TEST_GETDTABLESIZE 1
| #define __GETOPT_PREFIX rpl_
| #define GNULIB_TEST_GETOPT_POSIX 1
| #define HAVE_DECL_PROGRAM_INVOCATION_NAME 1
| #define HAVE_DECL_PROGRAM_INVOCATION_NAME 1
| #define HAVE_DECL_PROGRAM_INVOCATION_SHORT_NAME 1
| #define HAVE_DECL___ARGV 0
| #define GNULIB_TEST_GETPROGNAME 1
| #define HAVE_TIMESPEC_GET 1
| #define GETTIMEOFDAY_TIMEZONE void
| #define GNULIB_TEST_GETTIMEOFDAY 1
| #define HAVE_ISNAND_IN_LIBC 1
| #define HAVE_ISNANF_IN_LIBC 1
| #define HAVE_ISNANL_IN_LIBC 1
| #define GNULIB_TEST_LSEEK 1
| #define GNULIB_TEST_LSTAT 1
| #define GNULIB_LSTAT 1
| #define GNULIB_TEST_MALLOC_GNU 1
| #define GNULIB_TEST_MALLOC_POSIX 1
| #define GNULIB_TEST_MBSZERO 1
| #define GNULIB_TEST_MEMCHR 1
| #define HAVE_MEMPCPY 1
| #define GNULIB_TEST_MEMPCPY 1
| #define HAVE_MEMRCHR 1
| #define GNULIB_TEST_MEMRCHR 1
| #define GNULIB_MSVC_NOTHROW 1
| #define GNULIB_TEST_OPEN 1
| #define GNULIB_OPENAT 1
| #define GNULIB_TEST_OPENAT 1
| #define GNULIB_OPENAT_SAFER 1
| #define HAVE_OPENDIR 1
| #define GNULIB_TEST_OPENDIR 1
| #define GNULIB_TEST_PIPE 1
| #define HAVE_FREXP_IN_LIBC 1
| #define HAVE_LDEXP_IN_LIBC 1
| #define HAVE_FREXPL_IN_LIBC 1
| #define HAVE_LDEXPL_IN_LIBC 1
| #define NEED_PRINTF_DIRECTIVE_B 1
| #define REPLACE_PRINTF_POSIX 1
| #define GNULIB_TEST_PRINTF_POSIX 1
| #define GNULIB_TEST_QSORT_R 1
| #define HAVE_RAISE 1
| #define GNULIB_TEST_RAISE 1
| #define HAVE_READDIR 1
| #define GNULIB_TEST_READDIR 1
| #define HAVE_REALLOC_0_NONNULL 1
| #define GNULIB_TEST_REALLOC_POSIX 1
| #define HAVE_REALLOCARRAY 1
| #define GNULIB_REALLOCARRAY 1
| #define GNULIB_TEST_REALLOCARRAY 1
| #define GNULIB_TEST_RMDIR 1
| #define HAVE_STRUCT_SIGACTION_SA_SIGACTION 1
| #define GNULIB_TEST_SIGACTION 1
| #define GNULIB_TEST_SIGNBIT 1
| #define GNULIB_TEST_SIGPROCMASK 1
| #define HAVE_STDINT_H 1
| #define GNULIB_TEST_STAT 1
| #define GNULIB_STAT 1
| #define HAVE_STRUCT_STAT_ST_ATIM_TV_NSEC 1
| #define TYPEOF_STRUCT_STAT_ST_ATIM_IS_STRUCT_TIMESPEC 1
| /* end confdefs.h.  */
| #include <sys/types.h>
|         #include <sys/stat.h>
| 
| int
| main (void)
| {
| static struct stat ac_aggr;
| if (ac_aggr.st_birthtimensec)
| return 0;
|   ;
|   return 0;
| }
configure:34422: gcc -c -g -O2  conftest.c >&5
conftest.c: In function 'main':
conftest.c:269:19: error: 'struct stat' has no member named 'st_birthtimensec'
  269 | if (sizeof ac_aggr.st_birthtimensec)
      |                   ^
configure:34422: $? = 1
configure: failed program was:
| /* confdefs.h */
| #define PACKAGE_NAME "gzip"
| #define PACKAGE_TARNAME "gzip"
| #define PACKAGE_VERSION "1.14"
| #define PACKAGE_STRING "gzip 1.14"
| #define PACKAGE_BUGREPORT "bug-gzip@gnu.org"
| #define PACKAGE_URL ""
| #define PACKAGE "gzip"
| #define VERSION "1.14"
| #define HAVE_STDIO_H 1
| #define HAVE_STDLIB_H 1
| #define HAVE_STRING_H 1
| #define HAVE_INTTYPES_H 1
| #define HAVE_STDINT_H 1
| #define HAVE_STRINGS_H 1
| #define HAVE_SYS_STAT_H 1
| #define HAVE_SYS_TYPES_H 1
| #define HAVE_UNISTD_H 1
| #define HAVE_WCHAR_H 1
| #define HAVE_STDBOOL_H 1
| #define HAVE_BYTESWAP_H 1
| #define HAVE_SYS_PARAM_H 1
| #define HAVE_SYS_SOCKET_H 1
| #define HAVE_DIRENT_H 1
| #define HAVE_ENDIAN_H 1
| #define HAVE_FEATURES_H 1
| #define HAVE_STDIO_EXT_H 1
| #define HAVE_GETOPT_H 1
| #define HAVE_SYS_TIME_H 1
| #define HAVE_LIMITS_H 1
| #define HAVE_MATH_H 1
| #define HAVE_SYS_MMAN_H 1
| #define HAVE_STDCKDINT_H 1
| #define HAVE_UTIME_H 1
| #define HAVE_FCNTL_H 1
| #define HAVE_MEMORY_H 1
| #define HAVE_TIME_H 1
| #define STDC_HEADERS 1
| #define _ALL_SOURCE 1
| #define _COSMO_SOURCE 1
| #define _DARWIN_C_SOURCE 1
| #define _GNU_SOURCE 1
| #define _HPUX_ALT_XOPEN_SOCKET_API 1
| #define _NETBSD_SOURCE 1
| #define _OPENBSD_SOURCE 1
| #define _POSIX_PTHREAD_SEMANTICS 1
| #define __STDC_WANT_IEC_60559_ATTRIBS_EXT__ 1
| #define __STDC_WANT_IEC_60559_BFP_EXT__ 1
| #define __STDC_WANT_IEC_60559_DFP_EXT__ 1
| #define __STDC_WANT_IEC_60559_EXT__ 1
| #define __STDC_WANT_IEC_60559_FUNCS_EXT__ 1
| #define __STDC_WANT_IEC_60559_TYPES_EXT__ 1
| #define __STDC_WANT_LIB_EXT2__ 1
| #define __STDC_WANT_MATH_SPEC_FUNCS__ 1
| #define _TANDEM_SOURCE 1
| #define __EXTENSIONS__ 1
| #define _LINUX_SOURCE_COMPAT 1
| #define __USE_MINGW_ANSI_STDIO 1
| #define HAVE_ALLOCA_H 1
| #define HAVE_ALLOCA 1
| #define HAVE_MALLOC_PTRDIFF 1
| #define HAVE_MALLOC_POSIX 1
| #define HAVE_FCHDIR 1
| #define HAVE_FCNTL 1
| #define HAVE_SYMLINK 1
| #define HAVE_FDOPENDIR 1
| #define HAVE_SNPRINTF 1
| #define HAVE_FPURGE 1
| #define HAVE_FSYNC 1
| #define HAVE_GETDTABLESIZE 1
| #define HAVE_GETTIMEOFDAY 1
| #define HAVE_LSTAT 1
| #define HAVE_MBSINIT 1
| #define HAVE_MBRTOWC 1
| #define HAVE_MPROTECT 1
| #define HAVE_OPENAT 1
| #define HAVE_PIPE 1
| #define HAVE_QSORT_R 1
| #define HAVE_SIGACTION 1
| #define HAVE_SIGALTSTACK 1
| #define HAVE_SIGINTERRUPT 1
| #define HAVE_UNLINKAT 1
| #define HAVE_CHOWN 1
| #define HAVE_FCHMOD 1
| #define HAVE_FCHOWN 1
| #define GL_CRC_SLICE_BY_8 1
| #define GL_CRC_X86_64_PCLMUL 1
| #define HAVE_DECL_STRERROR_R 1
| #define HAVE_STRERROR_R 1
| #define HAVE_DECL_FCHDIR 1
| #define FUNC_FFLUSH_STDIN 1
| #define HAVE_WORKING_O_NOATIME 1
| #define HAVE_WORKING_O_NOFOLLOW 1
| #define PROMOTED_MODE_T mode_t
| #define HAVE_DECL_FDATASYNC 1
| #define HAVE_STDINT_H_WITH_UINTMAX 1
| #define HAVE_INTTYPES_H_WITH_UINTMAX 1
| #define CHECK_PRINTF_SAFE 1
| #define HAVE_WINT_T 1
| #define DBL_EXPBIT0_WORD 1
| #define DBL_EXPBIT0_BIT 20
| #define HAVE_WCSLEN 1
| #define HAVE_SNPRINTF 1
| #define HAVE_STRNLEN 1
| #define HAVE_WCRTOMB 1
| #define HAVE_DECL__SNPRINTF 0
| #define HAVE_SNPRINTF_RETVAL_C99 1
| #define HAVE_SNPRINTF_TRUNCATION_C99 1
| #define HAVE_INTMAX_T 1
| #define HAVE_DECL_ALARM 1
| #define _USE_STD_STAT 1
| #define HAVE_DECL_FSEEKO 1
| #define FUNC_FFLUSH_STDIN 1
| #define restrict __restrict__
| #define HAVE_DECL_FTELLO 1
| #define HAVE_DECL_GETDTABLESIZE 1
| #define HAVE_GETOPT_H 1
| #define HAVE_GETOPT_LONG_ONLY 1
| #define MUSL_LIBC 1
| #define HAVE_LONG_LONG_INT 1
| #define HAVE_UNSIGNED_LONG_LONG_INT 1
| #define FLT_EXPBIT0_WORD 0
| #define FLT_EXPBIT0_BIT 23
| #define LDBL_EXPBIT0_WORD 2
| #define LDBL_EXPBIT0_BIT 0
| #define LSTAT_FOLLOWS_SLASHED_SYMLINK 1
| #define HAVE_MALLOC_0_NONNULL 1
| #define HAVE_MBSTATE_T 1
| #define HAVE_LANGINFO_CODESET 1
| #define HAVE_MAP_ANONYMOUS 1
| #define HAVE_DECL_MEMRCHR 1
| #define HAVE_MINMAX_IN_SYS_PARAM_H 1
| #define USER_LABEL_PREFIX 
| #define HAVE_SIGSET_T 1
| #define HAVE_DECL_FCLOSEALL 0
| #define HAVE_DECL_GETW 1
| #define HAVE_DECL_PUTW 1
| #define HAVE_DECL_ECVT 1
| #define HAVE_DECL_FCVT 1
| #define HAVE_DECL_GCVT 1
| #define HAVE_DECL_STRDUP 1
| #define HAVE_DECL_EXECVPE 1
| #define HAVE_WORKING_UTIMES 1
| #define HAVE_DECL_WCSDUP 1
| #define HAVE_C_ALIGNASOF 1
| #define HAVE_ALLOCA 1
| #define HAVE_C_STATIC_ASSERT 1
| #define HAVE_C_BOOL 1
| #define GNULIB_TEST_CALLOC_GNU 1
| #define GNULIB_TEST_CALLOC_POSIX 1
| #define GNULIB_TEST_CHDIR 1
| #define HAVE_CLOCK_GETRES 1
| #define HAVE_CLOCK_GETTIME 1
| #define HAVE_CLOCK_SETTIME 1
| #define GNULIB_TEST_CLOEXEC 1
| #define GNULIB_TEST_CLOSE 1
| #define GNULIB_CLOSE 1
| #define HAVE_CLOSEDIR 1
| #define GNULIB_TEST_CLOSEDIR 1
| #define HAVE_DIRFD 1
| #define HAVE_DECL_DIRFD 1
| #define GNULIB_TEST_DIRFD 1
| #define GNULIB_TEST_DUP 1
| #define GNULIB_TEST_DUP2 1
| #define GNULIB_TEST_FCHDIR 1
| #define GNULIB_TEST_FCLOSE 1
| #define GNULIB_TEST_FCNTL 1
| #define GNULIB_FCNTL_SAFER 1
| #define HAVE_FDATASYNC 1
| #define GNULIB_TEST_FDATASYNC 1
| #define HAVE_DECL_FDOPENDIR 1
| #define GNULIB_TEST_FDOPENDIR 1
| #define GNULIB_FDOPENDIR 1
| #define FUNC_FFLUSH_STDIN 1
| #define GNULIB_FFLUSH 1
| #define GNULIB_TEST_FFLUSH 1
| #define HAVE_MEMPCPY 1
| #define GNULIB_TEST_FOPEN 1
| #define NEED_PRINTF_DIRECTIVE_B 1
| #define REPLACE_FPRINTF_POSIX 1
| #define GNULIB_TEST_FPRINTF_POSIX 1
| #define HAVE___FPURGE 1
| #define HAVE_DECL_FPURGE 0
| #define GNULIB_TEST_FPURGE 1
| #define HAVE___FREADING 1
| #define GNULIB_TEST_FREE_POSIX 1
| #define HAVE_FREXP_IN_LIBC 1
| #define GNULIB_TEST_FREXP 1
| #define HAVE_FREXPL_IN_LIBC 1
| #define GNULIB_TEST_FREXPL 1
| #define GNULIB_TEST_FSEEK 1
| #define FUNC_FFLUSH_STDIN 1
| #define GNULIB_TEST_FSEEKO 1
| #define HAVE___FSETERR 1
| #define GNULIB_TEST_FSTAT 1
| #define GNULIB_FSTAT 1
| #define GNULIB_TEST_FSYNC 1
| #define GNULIB_TEST_FTELL 1
| #define GNULIB_TEST_FTELLO 1
| #define GNULIB_TEST_GETCWD 1
| #define GNULIB_TEST_GETDTABLESIZE 1
| #define __GETOPT_PREFIX rpl_
| #define GNULIB_TEST_GETOPT_POSIX 1
| #define HAVE_DECL_PROGRAM_INVOCATION_NAME 1
| #define HAVE_DECL_PROGRAM_INVOCATION_NAME 1
| #define HAVE_DECL_PROGRAM_INVOCATION_SHORT_NAME 1
| #define HAVE_DECL___ARGV 0
| #define GNULIB_TEST_GETPROGNAME 1
| #define HAVE_TIMESPEC_GET 1
| #define GETTIMEOFDAY_TIMEZONE void
| #define GNULIB_TEST_GETTIMEOFDAY 1
| #define HAVE_ISNAND_IN_LIBC 1
| #define HAVE_ISNANF_IN_LIBC 1
| #define HAVE_ISNANL_IN_LIBC 1
| #define GNULIB_TEST_LSEEK 1
| #define GNULIB_TEST_LSTAT 1
| #define GNULIB_LSTAT 1
| #define GNULIB_TEST_MALLOC_GNU 1
| #define GNULIB_TEST_MALLOC_POSIX 1
| #define GNULIB_TEST_MBSZERO 1
| #define GNULIB_TEST_MEMCHR 1
| #define HAVE_MEMPCPY 1
| #define GNULIB_TEST_MEMPCPY 1
| #define HAVE_MEMRCHR 1
| #define GNULIB_TEST_MEMRCHR 1
| #define GNULIB_MSVC_NOTHROW 1
| #define GNULIB_TEST_OPEN 1
| #define GNULIB_OPENAT 1
| #define GNULIB_TEST_OPENAT 1
| #define GNULIB_OPENAT_SAFER 1
| #define HAVE_OPENDIR 1
| #define GNULIB_TEST_OPENDIR 1
| #define GNULIB_TEST_PIPE 1
| #define HAVE_FREXP_IN_LIBC 1
| #define HAVE_LDEXP_IN_LIBC 1
| #define HAVE_FREXPL_IN_LIBC 1
| #define HAVE_LDEXPL_IN_LIBC 1
| #define NEED_PRINTF_DIRECTIVE_B 1
| #define REPLACE_PRINTF_POSIX 1
| #define GNULIB_TEST_PRINTF_POSIX 1
| #define GNULIB_TEST_QSORT_R 1
| #define HAVE_RAISE 1
| #define GNULIB_TEST_RAISE 1
| #define HAVE_READDIR 1
| #define GNULIB_TEST_READDIR 1
| #define HAVE_REALLOC_0_NONNULL 1
| #define GNULIB_TEST_REALLOC_POSIX 1
| #define HAVE_REALLOCARRAY 1
| #define GNULIB_REALLOCARRAY 1
| #define GNULIB_TEST_REALLOCARRAY 1
| #define GNULIB_TEST_RMDIR 1
| #define HAVE_STRUCT_SIGACTION_SA_SIGACTION 1
| #define GNULIB_TEST_SIGACTION 1
| #define GNULIB_TEST_SIGNBIT 1
| #define GNULIB_TEST_SIGPROCMASK 1
| #define HAVE_STDINT_H 1
| #define GNULIB_TEST_STAT 1
| #define GNULIB_STAT 1
| #define HAVE_STRUCT_STAT_ST_ATIM_TV_NSEC 1
| #define TYPEOF_STRUCT_STAT_ST_ATIM_IS_STRUCT_TIMESPEC 1
| /* end confdefs.h.  */
| #include <sys/types.h>
|         #include <sys/stat.h>
| 
| int
| main (void)
| {
| static struct stat ac_aggr;
| if (sizeof ac_aggr.st_birthtimensec)
| return 0;
|   ;
|   return 0;
| }
configure:34422: result: no
configure:34432: checking for struct stat.st_birthtim.tv_nsec
configure:34432: gcc -c -g -O2  conftest.c >&5
conftest.c: In function 'main':
conftest.c:269:12: error: 'struct stat' has no member named 'st_birthtim'
  269 | if (ac_aggr.st_birthtim.tv_nsec)
      |            ^
configure:34432: $? = 1
configure: failed program was:
| /* confdefs.h */
| #define PACKAGE_NAME "gzip"
| #define PACKAGE_TARNAME "gzip"
| #define PACKAGE_VERSION "1.14"
| #define PACKAGE_STRING "gzip 1.14"
| #define PACKAGE_BUGREPORT "bug-gzip@gnu.org"
| #define PACKAGE_URL ""
| #define PACKAGE "gzip"
| #define VERSION "1.14"
| #define HAVE_STDIO_H 1
| #define HAVE_STDLIB_H 1
| #define HAVE_STRING_H 1
| #define HAVE_INTTYPES_H 1
| #define HAVE_STDINT_H 1
| #define HAVE_STRINGS_H 1
| #define HAVE_SYS_STAT_H 1
| #define HAVE_SYS_TYPES_H 1
| #define HAVE_UNISTD_H 1
| #define HAVE_WCHAR_H 1
| #define HAVE_STDBOOL_H 1
| #define HAVE_BYTESWAP_H 1
| #define HAVE_SYS_PARAM_H 1
| #define HAVE_SYS_SOCKET_H 1
| #define HAVE_DIRENT_H 1
| #define HAVE_ENDIAN_H 1
| #define HAVE_FEATURES_H 1
| #define HAVE_STDIO_EXT_H 1
| #define HAVE_GETOPT_H 1
| #define HAVE_SYS_TIME_H 1
| #define HAVE_LIMITS_H 1
| #define HAVE_MATH_H 1
| #define HAVE_SYS_MMAN_H 1
| #define HAVE_STDCKDINT_H 1
| #define HAVE_UTIME_H 1
| #define HAVE_FCNTL_H 1
| #define HAVE_MEMORY_H 1
| #define HAVE_TIME_H 1
| #define STDC_HEADERS 1
| #define _ALL_SOURCE 1
| #define _COSMO_SOURCE 1
| #define _DARWIN_C_SOURCE 1
| #define _GNU_SOURCE 1
| #define _HPUX_ALT_XOPEN_SOCKET_API 1
| #define _NETBSD_SOURCE 1
| #define _OPENBSD_SOURCE 1
| #define _POSIX_PTHREAD_SEMANTICS 1
| #define __STDC_WANT_IEC_60559_ATTRIBS_EXT__ 1
| #define __STDC_WANT_IEC_60559_BFP_EXT__ 1
| #define __STDC_WANT_IEC_60559_DFP_EXT__ 1
| #define __STDC_WANT_IEC_60559_EXT__ 1
| #define __STDC_WANT_IEC_60559_FUNCS_EXT__ 1
| #define __STDC_WANT_IEC_60559_TYPES_EXT__ 1
| #define __STDC_WANT_LIB_EXT2__ 1
| #define __STDC_WANT_MATH_SPEC_FUNCS__ 1
| #define _TANDEM_SOURCE 1
| #define __EXTENSIONS__ 1
| #define _LINUX_SOURCE_COMPAT 1
| #define __USE_MINGW_ANSI_STDIO 1
| #define HAVE_ALLOCA_H 1
| #define HAVE_ALLOCA 1
| #define HAVE_MALLOC_PTRDIFF 1
| #define HAVE_MALLOC_POSIX 1
| #define HAVE_FCHDIR 1
| #define HAVE_FCNTL 1
| #define HAVE_SYMLINK 1
| #define HAVE_FDOPENDIR 1
| #define HAVE_SNPRINTF 1
| #define HAVE_FPURGE 1
| #define HAVE_FSYNC 1
| #define HAVE_GETDTABLESIZE 1
| #define HAVE_GETTIMEOFDAY 1
| #define HAVE_LSTAT 1
| #define HAVE_MBSINIT 1
| #define HAVE_MBRTOWC 1
| #define HAVE_MPROTECT 1
| #define HAVE_OPENAT 1
| #define HAVE_PIPE 1
| #define HAVE_QSORT_R 1
| #define HAVE_SIGACTION 1
| #define HAVE_SIGALTSTACK 1
| #define HAVE_SIGINTERRUPT 1
| #define HAVE_UNLINKAT 1
| #define HAVE_CHOWN 1
| #define HAVE_FCHMOD 1
| #define HAVE_FCHOWN 1
| #define GL_CRC_SLICE_BY_8 1
| #define GL_CRC_X86_64_PCLMUL 1
| #define HAVE_DECL_STRERROR_R 1
| #define HAVE_STRERROR_R 1
| #define HAVE_DECL_FCHDIR 1
| #define FUNC_FFLUSH_STDIN 1
| #define HAVE_WORKING_O_NOATIME 1
| #define HAVE_WORKING_O_NOFOLLOW 1
| #define PROMOTED_MODE_T mode_t
| #define HAVE_DECL_FDATASYNC 1
| #define HAVE_STDINT_H_WITH_UINTMAX 1
| #define HAVE_INTTYPES_H_WITH_UINTMAX 1
| #define CHECK_PRINTF_SAFE 1
| #define HAVE_WINT_T 1
| #define DBL_EXPBIT0_WORD 1
| #define DBL_EXPBIT0_BIT 20
| #define HAVE_WCSLEN 1
| #define HAVE_SNPRINTF 1
| #define HAVE_STRNLEN 1
| #define HAVE_WCRTOMB 1
| #define HAVE_DECL__SNPRINTF 0
| #define HAVE_SNPRINTF_RETVAL_C99 1
| #define HAVE_SNPRINTF_TRUNCATION_C99 1
| #define HAVE_INTMAX_T 1
| #define HAVE_DECL_ALARM 1
| #define _USE_STD_STAT 1
| #define HAVE_DECL_FSEEKO 1
| #define FUNC_FFLUSH_STDIN 1
| #define restrict __restrict__
| #define HAVE_DECL_FTELLO 1
| #define HAVE_DECL_GETDTABLESIZE 1
| #define HAVE_GETOPT_H 1
| #define HAVE_GETOPT_LONG_ONLY 1
| #define MUSL_LIBC 1
| #define HAVE_LONG_LONG_INT 1
| #define HAVE_UNSIGNED_LONG_LONG_INT 1
| #define FLT_EXPBIT0_WORD 0
| #define FLT_EXPBIT0_BIT 23
| #define LDBL_EXPBIT0_WORD 2
| #define LDBL_EXPBIT0_BIT 0
| #define LSTAT_FOLLOWS_SLASHED_SYMLINK 1
| #define HAVE_MALLOC_0_NONNULL 1
| #define HAVE_MBSTATE_T 1
| #define HAVE_LANGINFO_CODESET 1
| #define HAVE_MAP_ANONYMOUS 1
| #define HAVE_DECL_MEMRCHR 1
| #define HAVE_MINMAX_IN_SYS_PARAM_H 1
| #define USER_LABEL_PREFIX 
| #define HAVE_SIGSET_T 1
| #define HAVE_DECL_FCLOSEALL 0
| #define HAVE_DECL_GETW 1
| #define HAVE_DECL_PUTW 1
| #define HAVE_DECL_ECVT 1
| #define HAVE_DECL_FCVT 1
| #define HAVE_DECL_GCVT 1
| #define HAVE_DECL_STRDUP 1
| #define HAVE_DECL_EXECVPE 1
| #define HAVE_WORKING_UTIMES 1
| #define HAVE_DECL_WCSDUP 1
| #define HAVE_C_ALIGNASOF 1
| #define HAVE_ALLOCA 1
| #define HAVE_C_STATIC_ASSERT 1
| #define HAVE_C_BOOL 1
| #define GNULIB_TEST_CALLOC_GNU 1
| #define GNULIB_TEST_CALLOC_POSIX 1
| #define GNULIB_TEST_CHDIR 1
| #define HAVE_CLOCK_GETRES 1
| #define HAVE_CLOCK_GETTIME 1
| #define HAVE_CLOCK_SETTIME 1
| #define GNULIB_TEST_CLOEXEC 1
| #define GNULIB_TEST_CLOSE 1
| #define GNULIB_CLOSE 1
| #define HAVE_CLOSEDIR 1
| #define GNULIB_TEST_CLOSEDIR 1
| #define HAVE_DIRFD 1
| #define HAVE_DECL_DIRFD 1
| #define GNULIB_TEST_DIRFD 1
| #define GNULIB_TEST_DUP 1
| #define GNULIB_TEST_DUP2 1
| #define GNULIB_TEST_FCHDIR 1
| #define GNULIB_TEST_FCLOSE 1
| #define GNULIB_TEST_FCNTL 1
| #define GNULIB_FCNTL_SAFER 1
| #define HAVE_FDATASYNC 1
| #define GNULIB_TEST_FDATASYNC 1
| #define HAVE_DECL_FDOPENDIR 1
| #define GNULIB_TEST_FDOPENDIR 1
| #define GNULIB_FDOPENDIR 1
| #define FUNC_FFLUSH_STDIN 1
| #define GNULIB_FFLUSH 1
| #define GNULIB_TEST_FFLUSH 1
| #define HAVE_MEMPCPY 1
| #define GNULIB_TEST_FOPEN 1
| #define NEED_PRINTF_DIRECTIVE_B 1
| #define REPLACE_FPRINTF_POSIX 1
| #define GNULIB_TEST_FPRINTF_POSIX 1
| #define HAVE___FPURGE 1
| #define HAVE_DECL_FPURGE 0
| #define GNULIB_TEST_FPURGE 1
| #define HAVE___FREADING 1
| #define GNULIB_TEST_FREE_POSIX 1
| #define HAVE_FREXP_IN_LIBC 1
| #define GNULIB_TEST_FREXP 1
| #define HAVE_FREXPL_IN_LIBC 1
| #define GNULIB_TEST_FREXPL 1
| #define GNULIB_TEST_FSEEK 1
| #define FUNC_FFLUSH_STDIN 1
| #define GNULIB_TEST_FSEEKO 1
| #define HAVE___FSETERR 1
| #define GNULIB_TEST_FSTAT 1
| #define GNULIB_FSTAT 1
| #define GNULIB_TEST_FSYNC 1
| #define GNULIB_TEST_FTELL 1
| #define GNULIB_TEST_FTELLO 1
| #define GNULIB_TEST_GETCWD 1
| #define GNULIB_TEST_GETDTABLESIZE 1
| #define __GETOPT_PREFIX rpl_
| #define GNULIB_TEST_GETOPT_POSIX 1
| #define HAVE_DECL_PROGRAM_INVOCATION_NAME 1
| #define HAVE_DECL_PROGRAM_INVOCATION_NAME 1
| #define HAVE_DECL_PROGRAM_INVOCATION_SHORT_NAME 1
| #define HAVE_DECL___ARGV 0
| #define GNULIB_TEST_GETPROGNAME 1
| #define HAVE_TIMESPEC_GET 1
| #define GETTIMEOFDAY_TIMEZONE void
| #define GNULIB_TEST_GETTIMEOFDAY 1
| #define HAVE_ISNAND_IN_LIBC 1
| #define HAVE_ISNANF_IN_LIBC 1
| #define HAVE_ISNANL_IN_LIBC 1
| #define GNULIB_TEST_LSEEK 1
| #define GNULIB_TEST_LSTAT 1
| #define GNULIB_LSTAT 1
| #define GNULIB_TEST_MALLOC_GNU 1
| #define GNULIB_TEST_MALLOC_POSIX 1
| #define GNULIB_TEST_MBSZERO 1
| #define GNULIB_TEST_MEMCHR 1
| #define HAVE_MEMPCPY 1
| #define GNULIB_TEST_MEMPCPY 1
| #define HAVE_MEMRCHR 1
| #define GNULIB_TEST_MEMRCHR 1
| #define GNULIB_MSVC_NOTHROW 1
| #define GNULIB_TEST_OPEN 1
| #define GNULIB_OPENAT 1
| #define GNULIB_TEST_OPENAT 1
| #define GNULIB_OPENAT_SAFER 1
| #define HAVE_OPENDIR 1
| #define GNULIB_TEST_OPENDIR 1
| #define GNULIB_TEST_PIPE 1
| #define HAVE_FREXP_IN_LIBC 1
| #define HAVE_LDEXP_IN_LIBC 1
| #define HAVE_FREXPL_IN_LIBC 1
| #define HAVE_LDEXPL_IN_LIBC 1
| #define NEED_PRINTF_DIRECTIVE_B 1
| #define REPLACE_PRINTF_POSIX 1
| #define GNULIB_TEST_PRINTF_POSIX 1
| #define GNULIB_TEST_QSORT_R 1
| #define HAVE_RAISE 1
| #define GNULIB_TEST_RAISE 1
| #define HAVE_READDIR 1
| #define GNULIB_TEST_READDIR 1
| #define HAVE_REALLOC_0_NONNULL 1
| #define GNULIB_TEST_REALLOC_POSIX 1
| #define HAVE_REALLOCARRAY 1
| #define GNULIB_REALLOCARRAY 1
| #define GNULIB_TEST_REALLOCARRAY 1
| #define GNULIB_TEST_RMDIR 1
| #define HAVE_STRUCT_SIGACTION_SA_SIGACTION 1
| #define GNULIB_TEST_SIGACTION 1
| #define GNULIB_TEST_SIGNBIT 1
| #define GNULIB_TEST_SIGPROCMASK 1
| #define HAVE_STDINT_H 1
| #define GNULIB_TEST_STAT 1
| #define GNULIB_STAT 1
| #define HAVE_STRUCT_STAT_ST_ATIM_TV_NSEC 1
| #define TYPEOF_STRUCT_STAT_ST_ATIM_IS_STRUCT_TIMESPEC 1
| /* end confdefs.h.  */
| #include <sys/types.h>
|           #include <sys/stat.h>
| 
| int
| main (void)
| {
| static struct stat ac_aggr;
| if (ac_aggr.st_birthtim.tv_nsec)
| return 0;
|   ;
|   return 0;
| }
configure:34432: gcc -c -g -O2  conftest.c >&5
conftest.c: In function 'main':
conftest.c:269:19: error: 'struct stat' has no member named 'st_birthtim'
  269 | if (sizeof ac_aggr.st_birthtim.tv_nsec)
      |                   ^
configure:34432: $? = 1
configure: failed program was:
| /* confdefs.h */
| #define PACKAGE_NAME "gzip"
| #define PACKAGE_TARNAME "gzip"
| #define PACKAGE_VERSION "1.14"
| #define PACKAGE_STRING "gzip 1.14"
| #define PACKAGE_BUGREPORT "bug-gzip@gnu.org"
| #define PACKAGE_URL ""
| #define PACKAGE "gzip"
| #define VERSION "1.14"
| #define HAVE_STDIO_H 1
| #define HAVE_STDLIB_H 1
| #define HAVE_STRING_H 1
| #define HAVE_INTTYPES_H 1
| #define HAVE_STDINT_H 1
| #define HAVE_STRINGS_H 1
| #define HAVE_SYS_STAT_H 1
| #define HAVE_SYS_TYPES_H 1
| #define HAVE_UNISTD_H 1
| #define HAVE_WCHAR_H 1
| #define HAVE_STDBOOL_H 1
| #define HAVE_BYTESWAP_H 1
| #define HAVE_SYS_PARAM_H 1
| #define HAVE_SYS_SOCKET_H 1
| #define HAVE_DIRENT_H 1
| #define HAVE_ENDIAN_H 1
| #define HAVE_FEATURES_H 1
| #define HAVE_STDIO_EXT_H 1
| #define HAVE_GETOPT_H 1
| #define HAVE_SYS_TIME_H 1
| #define HAVE_LIMITS_H 1
| #define HAVE_MATH_H 1
| #define HAVE_SYS_MMAN_H 1
| #define HAVE_STDCKDINT_H 1
| #define HAVE_UTIME_H 1
| #define HAVE_FCNTL_H 1
| #define HAVE_MEMORY_H 1
| #define HAVE_TIME_H 1
| #define STDC_HEADERS 1
| #define _ALL_SOURCE 1
| #define _COSMO_SOURCE 1
| #define _DARWIN_C_SOURCE 1
| #define _GNU_SOURCE 1
| #define _HPUX_ALT_XOPEN_SOCKET_API 1
| #define _NETBSD_SOURCE 1
| #define _OPENBSD_SOURCE 1
| #define _POSIX_PTHREAD_SEMANTICS 1
| #define __STDC_WANT_IEC_60559_ATTRIBS_EXT__ 1
| #define __STDC_WANT_IEC_60559_BFP_EXT__ 1
| #define __STDC_WANT_IEC_60559_DFP_EXT__ 1
| #define __STDC_WANT_IEC_60559_EXT__ 1
| #define __STDC_WANT_IEC_60559_FUNCS_EXT__ 1
| #define __STDC_WANT_IEC_60559_TYPES_EXT__ 1
| #define __STDC_WANT_LIB_EXT2__ 1
| #define __STDC_WANT_MATH_SPEC_FUNCS__ 1
| #define _TANDEM_SOURCE 1
| #define __EXTENSIONS__ 1
| #define _LINUX_SOURCE_COMPAT 1
| #define __USE_MINGW_ANSI_STDIO 1
| #define HAVE_ALLOCA_H 1
| #define HAVE_ALLOCA 1
| #define HAVE_MALLOC_PTRDIFF 1
| #define HAVE_MALLOC_POSIX 1
| #define HAVE_FCHDIR 1
| #define HAVE_FCNTL 1
| #define HAVE_SYMLINK 1
| #define HAVE_FDOPENDIR 1
| #define HAVE_SNPRINTF 1
| #define HAVE_FPURGE 1
| #define HAVE_FSYNC 1
| #define HAVE_GETDTABLESIZE 1
| #define HAVE_GETTIMEOFDAY 1
| #define HAVE_LSTAT 1
| #define HAVE_MBSINIT 1
| #define HAVE_MBRTOWC 1
| #define HAVE_MPROTECT 1
| #define HAVE_OPENAT 1
| #define HAVE_PIPE 1
| #define HAVE_QSORT_R 1
| #define HAVE_SIGACTION 1
| #define HAVE_SIGALTSTACK 1
| #define HAVE_SIGINTERRUPT 1
| #define HAVE_UNLINKAT 1
| #define HAVE_CHOWN 1
| #define HAVE_FCHMOD 1
| #define HAVE_FCHOWN 1
| #define GL_CRC_SLICE_BY_8 1
| #define GL_CRC_X86_64_PCLMUL 1
| #define HAVE_DECL_STRERROR_R 1
| #define HAVE_STRERROR_R 1
| #define HAVE_DECL_FCHDIR 1
| #define FUNC_FFLUSH_STDIN 1
| #define HAVE_WORKING_O_NOATIME 1
| #define HAVE_WORKING_O_NOFOLLOW 1
| #define PROMOTED_MODE_T mode_t
| #define HAVE_DECL_FDATASYNC 1
| #define HAVE_STDINT_H_WITH_UINTMAX 1
| #define HAVE_INTTYPES_H_WITH_UINTMAX 1
| #define CHECK_PRINTF_SAFE 1
| #define HAVE_WINT_T 1
| #define DBL_EXPBIT0_WORD 1
| #define DBL_EXPBIT0_BIT 20
| #define HAVE_WCSLEN 1
| #define HAVE_SNPRINTF 1
| #define HAVE_STRNLEN 1
| #define HAVE_WCRTOMB 1
| #define HAVE_DECL__SNPRINTF 0
| #define HAVE_SNPRINTF_RETVAL_C99 1
| #define HAVE_SNPRINTF_TRUNCATION_C99 1
| #define HAVE_INTMAX_T 1
| #define HAVE_DECL_ALARM 1
| #define _USE_STD_STAT 1
| #define HAVE_DECL_FSEEKO 1
| #define FUNC_FFLUSH_STDIN 1
| #define restrict __restrict__
| #define HAVE_DECL_FTELLO 1
| #define HAVE_DECL_GETDTABLESIZE 1
| #define HAVE_GETOPT_H 1
| #define HAVE_GETOPT_LONG_ONLY 1
| #define MUSL_LIBC 1
| #define HAVE_LONG_LONG_INT 1
| #define HAVE_UNSIGNED_LONG_LONG_INT 1
| #define FLT_EXPBIT0_WORD 0
| #define FLT_EXPBIT0_BIT 23
| #define LDBL_EXPBIT0_WORD 2
| #define LDBL_EXPBIT0_BIT 0
| #define LSTAT_FOLLOWS_SLASHED_SYMLINK 1
| #define HAVE_MALLOC_0_NONNULL 1
| #define HAVE_MBSTATE_T 1
| #define HAVE_LANGINFO_CODESET 1
| #define HAVE_MAP_ANONYMOUS 1
| #define HAVE_DECL_MEMRCHR 1
| #define HAVE_MINMAX_IN_SYS_PARAM_H 1
| #define USER_LABEL_PREFIX 
| #define HAVE_SIGSET_T 1
| #define HAVE_DECL_FCLOSEALL 0
| #define HAVE_DECL_GETW 1
| #define HAVE_DECL_PUTW 1
| #define HAVE_DECL_ECVT 1
| #define HAVE_DECL_FCVT 1
| #define HAVE_DECL_GCVT 1
| #define HAVE_DECL_STRDUP 1
| #define HAVE_DECL_EXECVPE 1
| #define HAVE_WORKING_UTIMES 1
| #define HAVE_DECL_WCSDUP 1
| #define HAVE_C_ALIGNASOF 1
| #define HAVE_ALLOCA 1
| #define HAVE_C_STATIC_ASSERT 1
| #define HAVE_C_BOOL 1
| #define GNULIB_TEST_CALLOC_GNU 1
| #define GNULIB_TEST_CALLOC_POSIX 1
| #define GNULIB_TEST_CHDIR 1
| #define HAVE_CLOCK_GETRES 1
| #define HAVE_CLOCK_GETTIME 1
| #define HAVE_CLOCK_SETTIME 1
| #define GNULIB_TEST_CLOEXEC 1
| #define GNULIB_TEST_CLOSE 1
| #define GNULIB_CLOSE 1
| #define HAVE_CLOSEDIR 1
| #define GNULIB_TEST_CLOSEDIR 1
| #define HAVE_DIRFD 1
| #define HAVE_DECL_DIRFD 1
| #define GNULIB_TEST_DIRFD 1
| #define GNULIB_TEST_DUP 1
| #define GNULIB_TEST_DUP2 1
| #define GNULIB_TEST_FCHDIR 1
| #define GNULIB_TEST_FCLOSE 1
| #define GNULIB_TEST_FCNTL 1
| #define GNULIB_FCNTL_SAFER 1
| #define HAVE_FDATASYNC 1
| #define GNULIB_TEST_FDATASYNC 1
| #define HAVE_DECL_FDOPENDIR 1
| #define GNULIB_TEST_FDOPENDIR 1
| #define GNULIB_FDOPENDIR 1
| #define FUNC_FFLUSH_STDIN 1
| #define GNULIB_FFLUSH 1
| #define GNULIB_TEST_FFLUSH 1
| #define HAVE_MEMPCPY 1
| #define GNULIB_TEST_FOPEN 1
| #define NEED_PRINTF_DIRECTIVE_B 1
| #define REPLACE_FPRINTF_POSIX 1
| #define GNULIB_TEST_FPRINTF_POSIX 1
| #define HAVE___FPURGE 1
| #define HAVE_DECL_FPURGE 0
| #define GNULIB_TEST_FPURGE 1
| #define HAVE___FREADING 1
| #define GNULIB_TEST_FREE_POSIX 1
| #define HAVE_FREXP_IN_LIBC 1
| #define GNULIB_TEST_FREXP 1
| #define HAVE_FREXPL_IN_LIBC 1
| #define GNULIB_TEST_FREXPL 1
| #define GNULIB_TEST_FSEEK 1
| #define FUNC_FFLUSH_STDIN 1
| #define GNULIB_TEST_FSEEKO 1
| #define HAVE___FSETERR 1
| #define GNULIB_TEST_FSTAT 1
| #define GNULIB_FSTAT 1
| #define GNULIB_TEST_FSYNC 1
| #define GNULIB_TEST_FTELL 1
| #define GNULIB_TEST_FTELLO 1
| #define GNULIB_TEST_GETCWD 1
| #define GNULIB_TEST_GETDTABLESIZE 1
| #define __GETOPT_PREFIX rpl_
| #define GNULIB_TEST_GETOPT_POSIX 1
| #define HAVE_DECL_PROGRAM_INVOCATION_NAME 1
| #define HAVE_DECL_PROGRAM_INVOCATION_NAME 1
| #define HAVE_DECL_PROGRAM_INVOCATION_SHORT_NAME 1
| #define HAVE_DECL___ARGV 0
| #define GNULIB_TEST_GETPROGNAME 1
| #define HAVE_TIMESPEC_GET 1
| #define GETTIMEOFDAY_TIMEZONE void
| #define GNULIB_TEST_GETTIMEOFDAY 1
| #define HAVE_ISNAND_IN_LIBC 1
| #define HAVE_ISNANF_IN_LIBC 1
| #define HAVE_ISNANL_IN_LIBC 1
| #define GNULIB_TEST_LSEEK 1
| #define GNULIB_TEST_LSTAT 1
| #define GNULIB_LSTAT 1
| #define GNULIB_TEST_MALLOC_GNU 1
| #define GNULIB_TEST_MALLOC_POSIX 1
| #define GNULIB_TEST_MBSZERO 1
| #define GNULIB_TEST_MEMCHR 1
| #define HAVE_MEMPCPY 1
| #define GNULIB_TEST_MEMPCPY 1
| #define HAVE_MEMRCHR 1
| #define GNULIB_TEST_MEMRCHR 1
| #define GNULIB_MSVC_NOTHROW 1
| #define GNULIB_TEST_OPEN 1
| #define GNULIB_OPENAT 1
| #define GNULIB_TEST_OPENAT 1
| #define GNULIB_OPENAT_SAFER 1
| #define HAVE_OPENDIR 1
| #define GNULIB_TEST_OPENDIR 1
| #define GNULIB_TEST_PIPE 1
| #define HAVE_FREXP_IN_LIBC 1
| #define HAVE_LDEXP_IN_LIBC 1
| #define HAVE_FREXPL_IN_LIBC 1
| #define HAVE_LDEXPL_IN_LIBC 1
| #define NEED_PRINTF_DIRECTIVE_B 1
| #define REPLACE_PRINTF_POSIX 1
| #define GNULIB_TEST_PRINTF_POSIX 1
| #define GNULIB_TEST_QSORT_R 1
| #define HAVE_RAISE 1
| #define GNULIB_TEST_RAISE 1
| #define HAVE_READDIR 1
| #define GNULIB_TEST_READDIR 1
| #define HAVE_REALLOC_0_NONNULL 1
| #define GNULIB_TEST_REALLOC_POSIX 1
| #define HAVE_REALLOCARRAY 1
| #define GNULIB_REALLOCARRAY 1
| #define GNULIB_TEST_REALLOCARRAY 1
| #define GNULIB_TEST_RMDIR 1
| #define HAVE_STRUCT_SIGACTION_SA_SIGACTION 1
| #define GNULIB_TEST_SIGACTION 1
| #define GNULIB_TEST_SIGNBIT 1
| #define GNULIB_TEST_SIGPROCMASK 1
| #define HAVE_STDINT_H 1
| #define GNULIB_TEST_STAT 1
| #define GNULIB_STAT 1
| #define HAVE_STRUCT_STAT_ST_ATIM_TV_NSEC 1
| #define TYPEOF_STRUCT_STAT_ST_ATIM_IS_STRUCT_TIMESPEC 1
| /* end confdefs.h.  */
| #include <sys/types.h>
|           #include <sys/stat.h>
| 
| int
| main (void)
| {
| static struct stat ac_aggr;
| if (sizeof ac_aggr.st_birthtim.tv_nsec)
| return 0;
|   ;
|   return 0;
| }
configure:34432: result: no
configure:34977: checking for stpcpy
configure:35014: checking for stpcpy
configure:35014: gcc -o conftest -g -O2   conftest.c  >&5
conftest.c:297:6: warning: conflicting types for built-in function 'stpcpy'; expected 'char *(char *, const char *)' [-Wbuiltin-declaration-mismatch]
  297 | char stpcpy (void);
      |      ^~~~~~
configure:35014: $? = 0
configure:35014: result: yes
configure:35030: result: yes
configure:35157: checking for working strerror function
configure:35187: gcc -o conftest -g -O2   conftest.c  >&5
configure:35187: $? = 0
configure:35187: ./conftest
configure:35187: $? = 0
configure:35202: result: yes
configure:35335: checking whether time() works
configure:35373: result: guessing yes
configure:35447: checking whether unlink honors trailing slashes
configure:35506: gcc -o conftest -g -O2   conftest.c  >&5
configure:35506: $? = 0
configure:35506: ./conftest
configure:35506: $? = 0
configure:35521: result: yes
configure:35529: checking whether unlink of a parent directory fails as it should
configure:35611: result: guessing yes
configure:35722: checking for utime
configure:35722: gcc -o conftest -g -O2   conftest.c  >&5
configure:35722: $? = 0
configure:35722: result: yes
configure:35732: checking whether utime handles trailing slashes on files
configure:35779: gcc -o conftest -g -O2   conftest.c  >&5
configure:35779: $? = 0
configure:35779: ./conftest
configure:35779: $? = 0
configure:35795: result: yes
configure:35859: checking for futimes
configure:35896: checking for futimes
configure:35896: gcc -o conftest -g -O2   conftest.c  >&5
configure:35896: $? = 0
configure:35896: result: yes
configure:35912: result: yes
configure:35928: checking for futimesat
configure:35965: checking for futimesat
configure:35965: gcc -o conftest -g -O2   conftest.c  >&5
configure:35965: $? = 0
configure:35965: result: yes
configure:35981: result: yes
configure:35997: checking for lutimes
configure:36034: checking for lutimes
configure:36034: gcc -o conftest -g -O2   conftest.c  >&5
configure:36034: $? = 0
configure:36034: result: yes
configure:36050: result: yes
configure:36066: checking for futimens
configure:36103: checking for futimens
configure:36103: gcc -o conftest -g -O2   conftest.c  >&5
configure:36103: $? = 0
configure:36103: result: yes
configure:36119: result: yes
configure:36135: checking for utimensat
configure:36172: checking for utimensat
configure:36172: gcc -o conftest -g -O2   conftest.c  >&5
configure:36172: $? = 0
configure:36172: result: yes
configure:36188: result: yes
configure:36274: checking for variable-length arrays
configure:36287: gcc -c -g -O2  conftest.c >&5
conftest.c:298:10: error: #error __STDC_NO_VLA__ not defined
  298 |         #error __STDC_NO_VLA__ not defined
      |          ^~~~~
configure:36287: $? = 1
configure: failed program was:
| /* confdefs.h */
| #define PACKAGE_NAME "gzip"
| #define PACKAGE_TARNAME "gzip"
| #define PACKAGE_VERSION "1.14"
| #define PACKAGE_STRING "gzip 1.14"
| #define PACKAGE_BUGREPORT "bug-gzip@gnu.org"
| #define PACKAGE_URL ""
| #define PACKAGE "gzip"
| #define VERSION "1.14"
| #define HAVE_STDIO_H 1
| #define HAVE_STDLIB_H 1
| #define HAVE_STRING_H 1
| #define HAVE_INTTYPES_H 1
| #define HAVE_STDINT_H 1
| #define HAVE_STRINGS_H 1
| #define HAVE_SYS_STAT_H 1
| #define HAVE_SYS_TYPES_H 1
| #define HAVE_UNISTD_H 1
| #define HAVE_WCHAR_H 1
| #define HAVE_STDBOOL_H 1
| #define HAVE_BYTESWAP_H 1
| #define HAVE_SYS_PARAM_H 1
| #define HAVE_SYS_SOCKET_H 1
| #define HAVE_DIRENT_H 1
| #define HAVE_ENDIAN_H 1
| #define HAVE_FEATURES_H 1
| #define HAVE_STDIO_EXT_H 1
| #define HAVE_GETOPT_H 1
| #define HAVE_SYS_TIME_H 1
| #define HAVE_LIMITS_H 1
| #define HAVE_MATH_H 1
| #define HAVE_SYS_MMAN_H 1
| #define HAVE_STDCKDINT_H 1
| #define HAVE_UTIME_H 1
| #define HAVE_FCNTL_H 1
| #define HAVE_MEMORY_H 1
| #define HAVE_TIME_H 1
| #define STDC_HEADERS 1
| #define _ALL_SOURCE 1
| #define _COSMO_SOURCE 1
| #define _DARWIN_C_SOURCE 1
| #define _GNU_SOURCE 1
| #define _HPUX_ALT_XOPEN_SOCKET_API 1
| #define _NETBSD_SOURCE 1
| #define _OPENBSD_SOURCE 1
| #define _POSIX_PTHREAD_SEMANTICS 1
| #define __STDC_WANT_IEC_60559_ATTRIBS_EXT__ 1
| #define __STDC_WANT_IEC_60559_BFP_EXT__ 1
| #define __STDC_WANT_IEC_60559_DFP_EXT__ 1
| #define __STDC_WANT_IEC_60559_EXT__ 1
| #define __STDC_WANT_IEC_60559_FUNCS_EXT__ 1
| #define __STDC_WANT_IEC_60559_TYPES_EXT__ 1
| #define __STDC_WANT_LIB_EXT2__ 1
| #define __STDC_WANT_MATH_SPEC_FUNCS__ 1
| #define _TANDEM_SOURCE 1
| #define __EXTENSIONS__ 1
| #define _LINUX_SOURCE_COMPAT 1
| #define __USE_MINGW_ANSI_STDIO 1
| #define HAVE_ALLOCA_H 1
| #define HAVE_ALLOCA 1
| #define HAVE_MALLOC_PTRDIFF 1
| #define HAVE_MALLOC_POSIX 1
| #define HAVE_FCHDIR 1
| #define HAVE_FCNTL 1
| #define HAVE_SYMLINK 1
| #define HAVE_FDOPENDIR 1
| #define HAVE_SNPRINTF 1
| #define HAVE_FPURGE 1
| #define HAVE_FSYNC 1
| #define HAVE_GETDTABLESIZE 1
| #define HAVE_GETTIMEOFDAY 1
| #define HAVE_LSTAT 1
| #define HAVE_MBSINIT 1
| #define HAVE_MBRTOWC 1
| #define HAVE_MPROTECT 1
| #define HAVE_OPENAT 1
| #define HAVE_PIPE 1
| #define HAVE_QSORT_R 1
| #define HAVE_SIGACTION 1
| #define HAVE_SIGALTSTACK 1
| #define HAVE_SIGINTERRUPT 1
| #define HAVE_UNLINKAT 1
| #define HAVE_CHOWN 1
| #define HAVE_FCHMOD 1
| #define HAVE_FCHOWN 1
| #define GL_CRC_SLICE_BY_8 1
| #define GL_CRC_X86_64_PCLMUL 1
| #define HAVE_DECL_STRERROR_R 1
| #define HAVE_STRERROR_R 1
| #define HAVE_DECL_FCHDIR 1
| #define FUNC_FFLUSH_STDIN 1
| #define HAVE_WORKING_O_NOATIME 1
| #define HAVE_WORKING_O_NOFOLLOW 1
| #define PROMOTED_MODE_T mode_t
| #define HAVE_DECL_FDATASYNC 1
| #define HAVE_STDINT_H_WITH_UINTMAX 1
| #define HAVE_INTTYPES_H_WITH_UINTMAX 1
| #define CHECK_PRINTF_SAFE 1
| #define HAVE_WINT_T 1
| #define DBL_EXPBIT0_WORD 1
| #define DBL_EXPBIT0_BIT 20
| #define HAVE_WCSLEN 1
| #define HAVE_SNPRINTF 1
| #define HAVE_STRNLEN 1
| #define HAVE_WCRTOMB 1
| #define HAVE_DECL__SNPRINTF 0
| #define HAVE_SNPRINTF_RETVAL_C99 1
| #define HAVE_SNPRINTF_TRUNCATION_C99 1
| #define HAVE_INTMAX_T 1
| #define HAVE_DECL_ALARM 1
| #define _USE_STD_STAT 1
| #define HAVE_DECL_FSEEKO 1
| #define FUNC_FFLUSH_STDIN 1
| #define restrict __restrict__
| #define HAVE_DECL_FTELLO 1
| #define HAVE_DECL_GETDTABLESIZE 1
| #define HAVE_GETOPT_H 1
| #define HAVE_GETOPT_LONG_ONLY 1
| #define MUSL_LIBC 1
| #define HAVE_LONG_LONG_INT 1
| #define HAVE_UNSIGNED_LONG_LONG_INT 1
| #define FLT_EXPBIT0_WORD 0
| #define FLT_EXPBIT0_BIT 23
| #define LDBL_EXPBIT0_WORD 2
| #define LDBL_EXPBIT0_BIT 0
| #define LSTAT_FOLLOWS_SLASHED_SYMLINK 1
| #define HAVE_MALLOC_0_NONNULL 1
| #define HAVE_MBSTATE_T 1
| #define HAVE_LANGINFO_CODESET 1
| #define HAVE_MAP_ANONYMOUS 1
| #define HAVE_DECL_MEMRCHR 1
| #define HAVE_MINMAX_IN_SYS_PARAM_H 1
| #define USER_LABEL_PREFIX 
| #define HAVE_SIGSET_T 1
| #define HAVE_DECL_FCLOSEALL 0
| #define HAVE_DECL_GETW 1
| #define HAVE_DECL_PUTW 1
| #define HAVE_DECL_ECVT 1
| #define HAVE_DECL_FCVT 1
| #define HAVE_DECL_GCVT 1
| #define HAVE_DECL_STRDUP 1
| #define HAVE_DECL_EXECVPE 1
| #define HAVE_WORKING_UTIMES 1
| #define HAVE_DECL_WCSDUP 1
| #define HAVE_C_ALIGNASOF 1
| #define HAVE_ALLOCA 1
| #define HAVE_C_STATIC_ASSERT 1
| #define HAVE_C_BOOL 1
| #define GNULIB_TEST_CALLOC_GNU 1
| #define GNULIB_TEST_CALLOC_POSIX 1
| #define GNULIB_TEST_CHDIR 1
| #define HAVE_CLOCK_GETRES 1
| #define HAVE_CLOCK_GETTIME 1
| #define HAVE_CLOCK_SETTIME 1
| #define GNULIB_TEST_CLOEXEC 1
| #define GNULIB_TEST_CLOSE 1
| #define GNULIB_CLOSE 1
| #define HAVE_CLOSEDIR 1
| #define GNULIB_TEST_CLOSEDIR 1
| #define HAVE_DIRFD 1
| #define HAVE_DECL_DIRFD 1
| #define GNULIB_TEST_DIRFD 1
| #define GNULIB_TEST_DUP 1
| #define GNULIB_TEST_DUP2 1
| #define GNULIB_TEST_FCHDIR 1
| #define GNULIB_TEST_FCLOSE 1
| #define GNULIB_TEST_FCNTL 1
| #define GNULIB_FCNTL_SAFER 1
| #define HAVE_FDATASYNC 1
| #define GNULIB_TEST_FDATASYNC 1
| #define HAVE_DECL_FDOPENDIR 1
| #define GNULIB_TEST_FDOPENDIR 1
| #define GNULIB_FDOPENDIR 1
| #define FUNC_FFLUSH_STDIN 1
| #define GNULIB_FFLUSH 1
| #define GNULIB_TEST_FFLUSH 1
| #define HAVE_MEMPCPY 1
| #define GNULIB_TEST_FOPEN 1
| #define NEED_PRINTF_DIRECTIVE_B 1
| #define REPLACE_FPRINTF_POSIX 1
| #define GNULIB_TEST_FPRINTF_POSIX 1
| #define HAVE___FPURGE 1
| #define HAVE_DECL_FPURGE 0
| #define GNULIB_TEST_FPURGE 1
| #define HAVE___FREADING 1
| #define GNULIB_TEST_FREE_POSIX 1
| #define HAVE_FREXP_IN_LIBC 1
| #define GNULIB_TEST_FREXP 1
| #define HAVE_FREXPL_IN_LIBC 1
| #define GNULIB_TEST_FREXPL 1
| #define GNULIB_TEST_FSEEK 1
| #define FUNC_FFLUSH_STDIN 1
| #define GNULIB_TEST_FSEEKO 1
| #define HAVE___FSETERR 1
| #define GNULIB_TEST_FSTAT 1
| #define GNULIB_FSTAT 1
| #define GNULIB_TEST_FSYNC 1
| #define GNULIB_TEST_FTELL 1
| #define GNULIB_TEST_FTELLO 1
| #define GNULIB_TEST_GETCWD 1
| #define GNULIB_TEST_GETDTABLESIZE 1
| #define __GETOPT_PREFIX rpl_
| #define GNULIB_TEST_GETOPT_POSIX 1
| #define HAVE_DECL_PROGRAM_INVOCATION_NAME 1
| #define HAVE_DECL_PROGRAM_INVOCATION_NAME 1
| #define HAVE_DECL_PROGRAM_INVOCATION_SHORT_NAME 1
| #define HAVE_DECL___ARGV 0
| #define GNULIB_TEST_GETPROGNAME 1
| #define HAVE_TIMESPEC_GET 1
| #define GETTIMEOFDAY_TIMEZONE void
| #define GNULIB_TEST_GETTIMEOFDAY 1
| #define HAVE_ISNAND_IN_LIBC 1
| #define HAVE_ISNANF_IN_LIBC 1
| #define HAVE_ISNANL_IN_LIBC 1
| #define GNULIB_TEST_LSEEK 1
| #define GNULIB_TEST_LSTAT 1
| #define GNULIB_LSTAT 1
| #define GNULIB_TEST_MALLOC_GNU 1
| #define GNULIB_TEST_MALLOC_POSIX 1
| #define GNULIB_TEST_MBSZERO 1
| #define GNULIB_TEST_MEMCHR 1
| #define HAVE_MEMPCPY 1
| #define GNULIB_TEST_MEMPCPY 1
| #define HAVE_MEMRCHR 1
| #define GNULIB_TEST_MEMRCHR 1
| #define GNULIB_MSVC_NOTHROW 1
| #define GNULIB_TEST_OPEN 1
| #define GNULIB_OPENAT 1
| #define GNULIB_TEST_OPENAT 1
| #define GNULIB_OPENAT_SAFER 1
| #define HAVE_OPENDIR 1
| #define GNULIB_TEST_OPENDIR 1
| #define GNULIB_TEST_PIPE 1
| #define HAVE_FREXP_IN_LIBC 1
| #define HAVE_LDEXP_IN_LIBC 1
| #define HAVE_FREXPL_IN_LIBC 1
| #define HAVE_LDEXPL_IN_LIBC 1
| #define NEED_PRINTF_DIRECTIVE_B 1
| #define REPLACE_PRINTF_POSIX 1
| #define GNULIB_TEST_PRINTF_POSIX 1
| #define GNULIB_TEST_QSORT_R 1
| #define HAVE_RAISE 1
| #define GNULIB_TEST_RAISE 1
| #define HAVE_READDIR 1
| #define GNULIB_TEST_READDIR 1
| #define HAVE_REALLOC_0_NONNULL 1
| #define GNULIB_TEST_REALLOC_POSIX 1
| #define HAVE_REALLOCARRAY 1
| #define GNULIB_REALLOCARRAY 1
| #define GNULIB_TEST_REALLOCARRAY 1
| #define GNULIB_TEST_RMDIR 1
| #define HAVE_STRUCT_SIGACTION_SA_SIGACTION 1
| #define GNULIB_TEST_SIGACTION 1
| #define GNULIB_TEST_SIGNBIT 1
| #define GNULIB_TEST_SIGPROCMASK 1
| #define HAVE_STDINT_H 1
| #define GNULIB_TEST_STAT 1
| #define GNULIB_STAT 1
| #define HAVE_STRUCT_STAT_ST_ATIM_TV_NSEC 1
| #define TYPEOF_STRUCT_STAT_ST_ATIM_IS_STRUCT_TIMESPEC 1
| #define GNULIB_TEST_FSCANF 1
| #define GNULIB_FSCANF 1
| #define GNULIB_TEST_SCANF 1
| #define GNULIB_SCANF 1
| #define GNULIB_TEST_FGETC 1
| #define GNULIB_TEST_GETC 1
| #define GNULIB_TEST_GETCHAR 1
| #define GNULIB_TEST_FGETS 1
| #define GNULIB_TEST_FREAD 1
| #define GNULIB_TEST_FPRINTF 1
| #define GNULIB_TEST_PRINTF 1
| #define GNULIB_TEST_VFPRINTF 1
| #define GNULIB_TEST_VPRINTF 1
| #define GNULIB_TEST_FPUTC 1
| #define GNULIB_TEST_PUTC 1
| #define GNULIB_TEST_PUTCHAR 1
| #define GNULIB_TEST_FPUTS 1
| #define GNULIB_TEST_PUTS 1
| #define GNULIB_TEST_FWRITE 1
| #define HAVE_STPCPY 1
| #define GNULIB_TEST_STPCPY 1
| #define GNULIB_TEST_STRDUP 1
| #define GNULIB_STRERROR 1
| #define GNULIB_TEST_STRERROR 1
| #define GNULIB_TEST_TIME 1
| #define GNULIB_UNISTD_SAFER 1
| #define GNULIB_TEST_UNLINK 1
| #define GNULIB_TEST_UNLINKAT 1
| #define HAVE_UTIME 1
| #define GNULIB_TEST_UTIME 1
| #define HAVE_FUTIMES 1
| #define HAVE_FUTIMESAT 1
| #define HAVE_LUTIMES 1
| #define HAVE_FUTIMENS 1
| #define HAVE_UTIMENSAT 1
| /* end confdefs.h.  */
| 	#ifndef __STDC_NO_VLA__
| 	#error __STDC_NO_VLA__ not defined
| 	#endif
| 
configure:36331: gcc -c -g -O2  conftest.c >&5
configure:36331: $? = 0
configure:36344: result: yes
configure:36460: checking for ptrdiff_t
configure:36460: result: yes
configure:36783: checking for ptrdiff_t
configure:36783: result: yes
configure:36889: checking for stdint.h
configure:36889: result: yes
configure:36994: gcc -E  conftest.c
configure:36994: $? = 0
configure:37973: checking for underline in external names
configure:37991: gcc -c -g -O2  conftest.c >&5
configure:37991: $? = 0
configure:37999: result: no
configure:38010: checking for an assembler syntax supported by this package
configure:38042: result: no
configure:38093: checking for an ANSI C-conforming const
configure:38160: gcc -c -g -O2  conftest.c >&5
configure:38160: $? = 0
configure:38170: result: yes
configure:38190: checking for dirent.h that defines DIR
configure:38210: gcc -c -g -O2  conftest.c >&5
configure:38210: $? = 0
configure:38221: result: yes
configure:38235: checking for library containing opendir
configure:38271: gcc -o conftest -g -O2   conftest.c  >&5
configure:38271: $? = 0
configure:38293: result: none required
configure:38372: checking for size_t
configure:38372: result: yes
configure:38383: checking for off_t
configure:38383: gcc -c -g -O2  conftest.c >&5
configure:38383: $? = 0
configure:38383: gcc -c -g -O2  conftest.c >&5
conftest.c: In function 'main':
conftest.c:339:20: error: expected expression before ')' token
  339 | if (sizeof ((off_t)))
      |                    ^
configure:38383: $? = 1
configure: failed program was:
| /* confdefs.h */
| #define PACKAGE_NAME "gzip"
| #define PACKAGE_TARNAME "gzip"
| #define PACKAGE_VERSION "1.14"
| #define PACKAGE_STRING "gzip 1.14"
| #define PACKAGE_BUGREPORT "bug-gzip@gnu.org"
| #define PACKAGE_URL ""
| #define PACKAGE "gzip"
| #define VERSION "1.14"
| #define HAVE_STDIO_H 1
| #define HAVE_STDLIB_H 1
| #define HAVE_STRING_H 1
| #define HAVE_INTTYPES_H 1
| #define HAVE_STDINT_H 1
| #define HAVE_STRINGS_H 1
| #define HAVE_SYS_STAT_H 1
| #define HAVE_SYS_TYPES_H 1
| #define HAVE_UNISTD_H 1
| #define HAVE_WCHAR_H 1
| #define HAVE_STDBOOL_H 1
| #define HAVE_BYTESWAP_H 1
| #define HAVE_SYS_PARAM_H 1
| #define HAVE_SYS_SOCKET_H 1
| #define HAVE_DIRENT_H 1
| #define HAVE_ENDIAN_H 1
| #define HAVE_FEATURES_H 1
| #define HAVE_STDIO_EXT_H 1
| #define HAVE_GETOPT_H 1
| #define HAVE_SYS_TIME_H 1
| #define HAVE_LIMITS_H 1
| #define HAVE_MATH_H 1
| #define HAVE_SYS_MMAN_H 1
| #define HAVE_STDCKDINT_H 1
| #define HAVE_UTIME_H 1
| #define HAVE_FCNTL_H 1
| #define HAVE_MEMORY_H 1
| #define HAVE_TIME_H 1
| #define STDC_HEADERS 1
| #define _ALL_SOURCE 1
| #define _COSMO_SOURCE 1
| #define _DARWIN_C_SOURCE 1
| #define _GNU_SOURCE 1
| #define _HPUX_ALT_XOPEN_SOCKET_API 1
| #define _NETBSD_SOURCE 1
| #define _OPENBSD_SOURCE 1
| #define _POSIX_PTHREAD_SEMANTICS 1
| #define __STDC_WANT_IEC_60559_ATTRIBS_EXT__ 1
| #define __STDC_WANT_IEC_60559_BFP_EXT__ 1
| #define __STDC_WANT_IEC_60559_DFP_EXT__ 1
| #define __STDC_WANT_IEC_60559_EXT__ 1
| #define __STDC_WANT_IEC_60559_FUNCS_EXT__ 1
| #define __STDC_WANT_IEC_60559_TYPES_EXT__ 1
| #define __STDC_WANT_LIB_EXT2__ 1
| #define __STDC_WANT_MATH_SPEC_FUNCS__ 1
| #define _TANDEM_SOURCE 1
| #define __EXTENSIONS__ 1
| #define _LINUX_SOURCE_COMPAT 1
| #define __USE_MINGW_ANSI_STDIO 1
| #define HAVE_ALLOCA_H 1
| #define HAVE_ALLOCA 1
| #define HAVE_MALLOC_PTRDIFF 1
| #define HAVE_MALLOC_POSIX 1
| #define HAVE_FCHDIR 1
| #define HAVE_FCNTL 1
| #define HAVE_SYMLINK 1
| #define HAVE_FDOPENDIR 1
| #define HAVE_SNPRINTF 1
| #define HAVE_FPURGE 1
| #define HAVE_FSYNC 1
| #define HAVE_GETDTABLESIZE 1
| #define HAVE_GETTIMEOFDAY 1
| #define HAVE_LSTAT 1
| #define HAVE_MBSINIT 1
| #define HAVE_MBRTOWC 1
| #define HAVE_MPROTECT 1
| #define HAVE_OPENAT 1
| #define HAVE_PIPE 1
| #define HAVE_QSORT_R 1
| #define HAVE_SIGACTION 1
| #define HAVE_SIGALTSTACK 1
| #define HAVE_SIGINTERRUPT 1
| #define HAVE_UNLINKAT 1
| #define HAVE_CHOWN 1
| #define HAVE_FCHMOD 1
| #define HAVE_FCHOWN 1
| #define GL_CRC_SLICE_BY_8 1
| #define GL_CRC_X86_64_PCLMUL 1
| #define HAVE_DECL_STRERROR_R 1
| #define HAVE_STRERROR_R 1
| #define HAVE_DECL_FCHDIR 1
| #define FUNC_FFLUSH_STDIN 1
| #define HAVE_WORKING_O_NOATIME 1
| #define HAVE_WORKING_O_NOFOLLOW 1
| #define PROMOTED_MODE_T mode_t
| #define HAVE_DECL_FDATASYNC 1
| #define HAVE_STDINT_H_WITH_UINTMAX 1
| #define HAVE_INTTYPES_H_WITH_UINTMAX 1
| #define CHECK_PRINTF_SAFE 1
| #define HAVE_WINT_T 1
| #define DBL_EXPBIT0_WORD 1
| #define DBL_EXPBIT0_BIT 20
| #define HAVE_WCSLEN 1
| #define HAVE_SNPRINTF 1
| #define HAVE_STRNLEN 1
| #define HAVE_WCRTOMB 1
| #define HAVE_DECL__SNPRINTF 0
| #define HAVE_SNPRINTF_RETVAL_C99 1
| #define HAVE_SNPRINTF_TRUNCATION_C99 1
| #define HAVE_INTMAX_T 1
| #define HAVE_DECL_ALARM 1
| #define _USE_STD_STAT 1
| #define HAVE_DECL_FSEEKO 1
| #define FUNC_FFLUSH_STDIN 1
| #define restrict __restrict__
| #define HAVE_DECL_FTELLO 1
| #define HAVE_DECL_GETDTABLESIZE 1
| #define HAVE_GETOPT_H 1
| #define HAVE_GETOPT_LONG_ONLY 1
| #define MUSL_LIBC 1
| #define HAVE_LONG_LONG_INT 1
| #define HAVE_UNSIGNED_LONG_LONG_INT 1
| #define FLT_EXPBIT0_WORD 0
| #define FLT_EXPBIT0_BIT 23
| #define LDBL_EXPBIT0_WORD 2
| #define LDBL_EXPBIT0_BIT 0
| #define LSTAT_FOLLOWS_SLASHED_SYMLINK 1
| #define HAVE_MALLOC_0_NONNULL 1
| #define HAVE_MBSTATE_T 1
| #define HAVE_LANGINFO_CODESET 1
| #define HAVE_MAP_ANONYMOUS 1
| #define HAVE_DECL_MEMRCHR 1
| #define HAVE_MINMAX_IN_SYS_PARAM_H 1
| #define USER_LABEL_PREFIX 
| #define HAVE_SIGSET_T 1
| #define HAVE_DECL_FCLOSEALL 0
| #define HAVE_DECL_GETW 1
| #define HAVE_DECL_PUTW 1
| #define HAVE_DECL_ECVT 1
| #define HAVE_DECL_FCVT 1
| #define HAVE_DECL_GCVT 1
| #define HAVE_DECL_STRDUP 1
| #define HAVE_DECL_EXECVPE 1
| #define HAVE_WORKING_UTIMES 1
| #define HAVE_DECL_WCSDUP 1
| #define HAVE_C_ALIGNASOF 1
| #define HAVE_ALLOCA 1
| #define HAVE_C_STATIC_ASSERT 1
| #define HAVE_C_BOOL 1
| #define GNULIB_TEST_CALLOC_GNU 1
| #define GNULIB_TEST_CALLOC_POSIX 1
| #define GNULIB_TEST_CHDIR 1
| #define HAVE_CLOCK_GETRES 1
| #define HAVE_CLOCK_GETTIME 1
| #define HAVE_CLOCK_SETTIME 1
| #define GNULIB_TEST_CLOEXEC 1
| #define GNULIB_TEST_CLOSE 1
| #define GNULIB_CLOSE 1
| #define HAVE_CLOSEDIR 1
| #define GNULIB_TEST_CLOSEDIR 1
| #define HAVE_DIRFD 1
| #define HAVE_DECL_DIRFD 1
| #define GNULIB_TEST_DIRFD 1
| #define GNULIB_TEST_DUP 1
| #define GNULIB_TEST_DUP2 1
| #define GNULIB_TEST_FCHDIR 1
| #define GNULIB_TEST_FCLOSE 1
| #define GNULIB_TEST_FCNTL 1
| #define GNULIB_FCNTL_SAFER 1
| #define HAVE_FDATASYNC 1
| #define GNULIB_TEST_FDATASYNC 1
| #define HAVE_DECL_FDOPENDIR 1
| #define GNULIB_TEST_FDOPENDIR 1
| #define GNULIB_FDOPENDIR 1
| #define FUNC_FFLUSH_STDIN 1
| #define GNULIB_FFLUSH 1
| #define GNULIB_TEST_FFLUSH 1
| #define HAVE_MEMPCPY 1
| #define GNULIB_TEST_FOPEN 1
| #define NEED_PRINTF_DIRECTIVE_B 1
| #define REPLACE_FPRINTF_POSIX 1
| #define GNULIB_TEST_FPRINTF_POSIX 1
| #define HAVE___FPURGE 1
| #define HAVE_DECL_FPURGE 0
| #define GNULIB_TEST_FPURGE 1
| #define HAVE___FREADING 1
| #define GNULIB_TEST_FREE_POSIX 1
| #define HAVE_FREXP_IN_LIBC 1
| #define GNULIB_TEST_FREXP 1
| #define HAVE_FREXPL_IN_LIBC 1
| #define GNULIB_TEST_FREXPL 1
| #define GNULIB_TEST_FSEEK 1
| #define FUNC_FFLUSH_STDIN 1
| #define GNULIB_TEST_FSEEKO 1
| #define HAVE___FSETERR 1
| #define GNULIB_TEST_FSTAT 1
| #define GNULIB_FSTAT 1
| #define GNULIB_TEST_FSYNC 1
| #define GNULIB_TEST_FTELL 1
| #define GNULIB_TEST_FTELLO 1
| #define GNULIB_TEST_GETCWD 1
| #define GNULIB_TEST_GETDTABLESIZE 1
| #define __GETOPT_PREFIX rpl_
| #define GNULIB_TEST_GETOPT_POSIX 1
| #define HAVE_DECL_PROGRAM_INVOCATION_NAME 1
| #define HAVE_DECL_PROGRAM_INVOCATION_NAME 1
| #define HAVE_DECL_PROGRAM_INVOCATION_SHORT_NAME 1
| #define HAVE_DECL___ARGV 0
| #define GNULIB_TEST_GETPROGNAME 1
| #define HAVE_TIMESPEC_GET 1
| #define GETTIMEOFDAY_TIMEZONE void
| #define GNULIB_TEST_GETTIMEOFDAY 1
| #define HAVE_ISNAND_IN_LIBC 1
| #define HAVE_ISNANF_IN_LIBC 1
| #define HAVE_ISNANL_IN_LIBC 1
| #define GNULIB_TEST_LSEEK 1
| #define GNULIB_TEST_LSTAT 1
| #define GNULIB_LSTAT 1
| #define GNULIB_TEST_MALLOC_GNU 1
| #define GNULIB_TEST_MALLOC_POSIX 1
| #define GNULIB_TEST_MBSZERO 1
| #define GNULIB_TEST_MEMCHR 1
| #define HAVE_MEMPCPY 1
| #define GNULIB_TEST_MEMPCPY 1
| #define HAVE_MEMRCHR 1
| #define GNULIB_TEST_MEMRCHR 1
| #define GNULIB_MSVC_NOTHROW 1
| #define GNULIB_TEST_OPEN 1
| #define GNULIB_OPENAT 1
| #define GNULIB_TEST_OPENAT 1
| #define GNULIB_OPENAT_SAFER 1
| #define HAVE_OPENDIR 1
| #define GNULIB_TEST_OPENDIR 1
| #define GNULIB_TEST_PIPE 1
| #define HAVE_FREXP_IN_LIBC 1
| #define HAVE_LDEXP_IN_LIBC 1
| #define HAVE_FREXPL_IN_LIBC 1
| #define HAVE_LDEXPL_IN_LIBC 1
| #define NEED_PRINTF_DIRECTIVE_B 1
| #define REPLACE_PRINTF_POSIX 1
| #define GNULIB_TEST_PRINTF_POSIX 1
| #define GNULIB_TEST_QSORT_R 1
| #define HAVE_RAISE 1
| #define GNULIB_TEST_RAISE 1
| #define HAVE_READDIR 1
| #define GNULIB_TEST_READDIR 1
| #define HAVE_REALLOC_0_NONNULL 1
| #define GNULIB_TEST_REALLOC_POSIX 1
| #define HAVE_REALLOCARRAY 1
| #define GNULIB_REALLOCARRAY 1
| #define GNULIB_TEST_REALLOCARRAY 1
| #define GNULIB_TEST_RMDIR 1
| #define HAVE_STRUCT_SIGACTION_SA_SIGACTION 1
| #define GNULIB_TEST_SIGACTION 1
| #define GNULIB_TEST_SIGNBIT 1
| #define GNULIB_TEST_SIGPROCMASK 1
| #define HAVE_STDINT_H 1
| #define GNULIB_TEST_STAT 1
| #define GNULIB_STAT 1
| #define HAVE_STRUCT_STAT_ST_ATIM_TV_NSEC 1
| #define TYPEOF_STRUCT_STAT_ST_ATIM_IS_STRUCT_TIMESPEC 1
| #define GNULIB_TEST_FSCANF 1
| #define GNULIB_FSCANF 1
| #define GNULIB_TEST_SCANF 1
| #define GNULIB_SCANF 1
| #define GNULIB_TEST_FGETC 1
| #define GNULIB_TEST_GETC 1
| #define GNULIB_TEST_GETCHAR 1
| #define GNULIB_TEST_FGETS 1
| #define GNULIB_TEST_FREAD 1
| #define GNULIB_TEST_FPRINTF 1
| #define GNULIB_TEST_PRINTF 1
| #define GNULIB_TEST_VFPRINTF 1
| #define GNULIB_TEST_VPRINTF 1
| #define GNULIB_TEST_FPUTC 1
| #define GNULIB_TEST_PUTC 1
| #define GNULIB_TEST_PUTCHAR 1
| #define GNULIB_TEST_FPUTS 1
| #define GNULIB_TEST_PUTS 1
| #define GNULIB_TEST_FWRITE 1
| #define HAVE_STPCPY 1
| #define GNULIB_TEST_STPCPY 1
| #define GNULIB_TEST_STRDUP 1
| #define GNULIB_STRERROR 1
| #define GNULIB_TEST_STRERROR 1
| #define GNULIB_TEST_TIME 1
| #define GNULIB_UNISTD_SAFER 1
| #define GNULIB_TEST_UNLINK 1
| #define GNULIB_TEST_UNLINKAT 1
| #define HAVE_UTIME 1
| #define GNULIB_TEST_UTIME 1
| #define HAVE_FUTIMES 1
| #define HAVE_FUTIMESAT 1
| #define HAVE_LUTIMES 1
| #define HAVE_FUTIMENS 1
| #define HAVE_UTIMENSAT 1
| #define HAVE_C_VARARRAYS 1
| #define NEED_PRINTF_DIRECTIVE_B 1
| #define REPLACE_VFPRINTF_POSIX 1
| #define GNULIB_TEST_VFPRINTF_POSIX 1
| #define GNULIB_VFPRINTF_POSIX 1
| #define GNULIB_TEST_VFZPRINTF 1
| #define GNULIB_XALLOC 1
| #define GNULIB_XALLOC_DIE 1
| #define HAVE_STDINT_H 1
| #define GNULIB_NO_VLA 1
| #define HAVE_DIRENT_H 1
| /* end confdefs.h.  */
| #include <stddef.h>
| #ifdef HAVE_STDIO_H
| # include <stdio.h>
| #endif
| #ifdef HAVE_STDLIB_H
| # include <stdlib.h>
| #endif
| #ifdef HAVE_STRING_H
| # include <string.h>
| #endif
| #ifdef HAVE_INTTYPES_H
| # include <inttypes.h>
| #endif
| #ifdef HAVE_STDINT_H
| # include <stdint.h>
| #endif
| #ifdef HAVE_STRINGS_H
| # include <strings.h>
| #endif
| #ifdef HAVE_SYS_TYPES_H
| # include <sys/types.h>
| #endif
| #ifdef HAVE_SYS_STAT_H
| # include <sys/stat.h>
| #endif
| #ifdef HAVE_UNISTD_H
| # include <unistd.h>
| #endif
| int
| main (void)
| {
| if (sizeof ((off_t)))
| 	    return 0;
|   ;
|   return 0;
| }
configure:38383: result: yes
configure:38506: checking that generated files are newer than configure
configure:38512: result: done
configure:38655: creating ./config.status

## ---------------------- ##
## Running config.status. ##
## ---------------------- ##

This file was extended by gzip config.status 1.14, which was
generated by GNU Autoconf 2.72.76-2f64.  Invocation command line was

  CONFIG_FILES    = 
  CONFIG_HEADERS  = 
  CONFIG_LINKS    = 
  CONFIG_COMMANDS = 
  $ ./config.status 

on nobara-laptop

config.status:2621: creating Makefile
config.status:2621: creating doc/Makefile
config.status:2621: creating lib/Makefile
config.status:2621: creating tests/Makefile
config.status:2621: creating lib/config.h
config.status:2802: lib/config.h is unchanged
config.status:2881: executing depfiles commands
config.status:2956: cd .       && sed -e '/# am--include-marker/d' Makefile         | make -f - am--depfiles
make: Nothing to be done for 'am--depfiles'.
config.status:2963: $? = 0
config.status:2956: cd lib       && sed -e '/# am--include-marker/d' Makefile         | make -f - am--depfiles
make: Nothing to be done for 'am--depfiles'.
config.status:2963: $? = 0

## ---------------- ##
## Cache variables. ##
## ---------------- ##n
ac_cv_build='x86_64-pc-linux-musl'
ac_cv_c_bigendian='no'
ac_cv_c_compiler_gnu='yes'
ac_cv_c_const='yes'
ac_cv_c_restrict='__restrict__'
ac_cv_c_undeclared_builtin_options='none needed'
ac_cv_c_vararrays='yes'
ac_cv_env_CC_set=''
ac_cv_env_CC_value=''
ac_cv_env_CFLAGS_set=''
ac_cv_env_CFLAGS_value=''
ac_cv_env_CPPFLAGS_set=''
ac_cv_env_CPPFLAGS_value=''
ac_cv_env_CPP_set=''
ac_cv_env_CPP_value=''
ac_cv_env_LDFLAGS_set=''
ac_cv_env_LDFLAGS_value=''
ac_cv_env_LIBS_set=''
ac_cv_env_LIBS_value=''
ac_cv_env_build_alias_set=''
ac_cv_env_build_alias_value=''
ac_cv_env_host_alias_set=''
ac_cv_env_host_alias_value=''
ac_cv_env_target_alias_set=''
ac_cv_env_target_alias_value=''
ac_cv_func___fpurge='yes'
ac_cv_func___freading='yes'
ac_cv_func___fseterr='yes'
ac_cv_func__set_invalid_parameter_handler='no'
ac_cv_func_alloca_works='yes'
ac_cv_func_chown='yes'
ac_cv_func_clock_getres='yes'
ac_cv_func_clock_gettime='yes'
ac_cv_func_clock_settime='yes'
ac_cv_func_closedir='yes'
ac_cv_func_dirfd='yes'
ac_cv_func_error='no'
ac_cv_func_fchdir='yes'
ac_cv_func_fchmod='yes'
ac_cv_func_fchown='yes'
ac_cv_func_fcntl='yes'
ac_cv_func_fdatasync='yes'
ac_cv_func_fdopendir='yes'
ac_cv_func_fpurge='yes'
ac_cv_func_fsync='yes'
ac_cv_func_futimens='yes'
ac_cv_func_futimes='yes'
ac_cv_func_futimesat='yes'
ac_cv_func_getdtablesize='yes'
ac_cv_func_getexecname='no'
ac_cv_func_getopt_long_only='yes'
ac_cv_func_getprogname='no'
ac_cv_func_gettimeofday='yes'
ac_cv_func_lstat='yes'
ac_cv_func_lutimens='no'
ac_cv_func_lutimes='yes'
ac_cv_func_malloc_0_nonnull='yes'
ac_cv_func_mbrtowc='yes'
ac_cv_func_mbsinit='yes'
ac_cv_func_mempcpy='yes'
ac_cv_func_memrchr='yes'
ac_cv_func_mmap='yes'
ac_cv_func_mprotect='yes'
ac_cv_func_openat='yes'
ac_cv_func_opendir='yes'
ac_cv_func_pipe='yes'
ac_cv_func_qsort_r='yes'
ac_cv_func_raise='yes'
ac_cv_func_readdir='yes'
ac_cv_func_reallocarray='yes'
ac_cv_func_sigaction='yes'
ac_cv_func_sigaltstack='yes'
ac_cv_func_siginterrupt='yes'
ac_cv_func_sigprocmask='yes'
ac_cv_func_snprintf='yes'
ac_cv_func_stpcpy='yes'
ac_cv_func_strerror_r_char_p='no'
ac_cv_func_strnlen='yes'
ac_cv_func_symlink='yes'
ac_cv_func_unlinkat='yes'
ac_cv_func_utime='yes'
ac_cv_func_utimens='no'
ac_cv_func_utimensat='yes'
ac_cv_func_vasnprintf='no'
ac_cv_func_wcrtomb='yes'
ac_cv_func_wcslen='yes'
ac_cv_have_decl___argv='no'
ac_cv_have_decl__snprintf='no'
ac_cv_have_decl_alarm='yes'
ac_cv_have_decl_dirfd='yes'
ac_cv_have_decl_ecvt='yes'
ac_cv_have_decl_error_at_line='no'
ac_cv_have_decl_execvpe='yes'
ac_cv_have_decl_fchdir='yes'
ac_cv_have_decl_fcloseall='no'
ac_cv_have_decl_fcvt='yes'
ac_cv_have_decl_fdatasync='yes'
ac_cv_have_decl_fdopendir='yes'
ac_cv_have_decl_fpurge='no'
ac_cv_have_decl_frexpl='yes'
ac_cv_have_decl_fseeko='yes'
ac_cv_have_decl_ftello='yes'
ac_cv_have_decl_gcvt='yes'
ac_cv_have_decl_getdtablesize='yes'
ac_cv_have_decl_getw='yes'
ac_cv_have_decl_ldexpl='yes'
ac_cv_have_decl_memrchr='yes'
ac_cv_have_decl_program_invocation_name='yes'
ac_cv_have_decl_program_invocation_short_name='yes'
ac_cv_have_decl_putw='yes'
ac_cv_have_decl_strdup='yes'
ac_cv_have_decl_strerror_r='yes'
ac_cv_have_decl_timespec_get='yes'
ac_cv_have_decl_wcsdup='yes'
ac_cv_header_byteswap_h='yes'
ac_cv_header_crtdefs_h='no'
ac_cv_header_dirent_dirent_h='yes'
ac_cv_header_dirent_h='yes'
ac_cv_header_endian_h='yes'
ac_cv_header_error_h='no'
ac_cv_header_fcntl_h='yes'
ac_cv_header_features_h='yes'
ac_cv_header_getopt_h='yes'
ac_cv_header_inttypes_h='yes'
ac_cv_header_limits_h='yes'
ac_cv_header_math_h='yes'
ac_cv_header_memory_h='yes'
ac_cv_header_minix_config_h='no'
ac_cv_header_stat_broken='no'
ac_cv_header_stdbool_h='yes'
ac_cv_header_stdckdint_h='yes'
ac_cv_header_stdint_h='yes'
ac_cv_header_stdio_ext_h='yes'
ac_cv_header_stdio_h='yes'
ac_cv_header_stdlib_h='yes'
ac_cv_header_string_h='yes'
ac_cv_header_strings_h='yes'
ac_cv_header_sys_endian_h='no'
ac_cv_header_sys_mman_h='yes'
ac_cv_header_sys_param_h='yes'
ac_cv_header_sys_sdt_h='no'
ac_cv_header_sys_socket_h='yes'
ac_cv_header_sys_stat_h='yes'
ac_cv_header_sys_time_h='yes'
ac_cv_header_sys_types_h='yes'
ac_cv_header_time_h='yes'
ac_cv_header_unistd_h='yes'
ac_cv_header_utime_h='yes'
ac_cv_header_wchar_h='yes'
ac_cv_host='x86_64-pc-linux-musl'
ac_cv_lib_error_at_line='no'
ac_cv_member_struct_sigaction_sa_sigaction='yes'
ac_cv_member_struct_stat_st_atim_tv_nsec='yes'
ac_cv_member_struct_stat_st_birthtim_tv_nsec='no'
ac_cv_member_struct_stat_st_birthtimensec='no'
ac_cv_member_struct_stat_st_birthtimespec_tv_nsec='no'
ac_cv_objext='o'
ac_cv_path_EGREP='/bin/grep -E'
ac_cv_path_EGREP_TRADITIONAL='/bin/grep -E'
ac_cv_path_GREP='/bin/grep'
ac_cv_path_SED='/bin/sed'
ac_cv_path_install='/usr/bin/install -c'
ac_cv_path_mkdir='/bin/mkdir'
ac_cv_path_shell='/bin/sh'
ac_cv_prog_AWK='gawk'
ac_cv_prog_CPP='gcc -E'
ac_cv_prog_LESS='less'
ac_cv_prog_MORE='more'
ac_cv_prog_ac_ct_AR='ar'
ac_cv_prog_ac_ct_CC='gcc'
ac_cv_prog_ac_ct_NM='nm'
ac_cv_prog_ac_ct_RANLIB='ranlib'
ac_cv_prog_cc_c11=''
ac_cv_prog_cc_c23='no'
ac_cv_prog_cc_g='yes'
ac_cv_prog_cc_stdc=''
ac_cv_prog_make_make_set='yes'
ac_cv_safe_to_define___extensions__='yes'
ac_cv_search_clock_gettime='none required'
ac_cv_search_opendir='none required'
ac_cv_should_define__xopen_source='no'
ac_cv_sys_largefile_opts='none needed'
ac_cv_sys_year2038_opts='none needed'
ac_cv_type_blkcnt_t='yes'
ac_cv_type_blksize_t='yes'
ac_cv_type_gid_t='yes'
ac_cv_type_mbstate_t='yes'
ac_cv_type_mode_t='yes'
ac_cv_type_nlink_t='yes'
ac_cv_type_off_t='yes'
ac_cv_type_pid_t='yes'
ac_cv_type_ptrdiff_t='yes'
ac_cv_type_sighandler_t='yes'
ac_cv_type_sigset_t='yes'
ac_cv_type_size_t='yes'
ac_cv_type_uid_t='yes'
ac_cv_type_volatile_sig_atomic_t='yes'
ac_cv_typeof_struct_stat_st_atim_is_struct_timespec='yes'
ac_cv_working_alloca_h='yes'
am_cv_CC_dependencies_compiler_type='gcc3'
am_cv_filesystem_timestamp_resolution='0.01'
am_cv_langinfo_codeset='yes'
am_cv_make_support_nested_variables='yes'
am_cv_prog_cc_c_o='yes'
am_cv_sleep_fractional_seconds='yes'
am_cv_xargs_n_works='yes'
gl_cv_c_amsterdam_compiler='no'
gl_cv_c_bool='yes'
gl_cv_c_multiarch='no'
gl_cv_cc_double_expbit0='word 1 bit 20'
gl_cv_cc_float_expbit0='word 0 bit 23'
gl_cv_cc_long_double_expbit0='word 2 bit 0'
gl_cv_cc_wallow='-Wno-error'
gl_cv_clean_version_stddef='yes'
gl_cv_compiler_check_decl_option='none'
gl_cv_compiler_clang='no'
gl_cv_crc_pclmul='yes'
gl_cv_decl_null_works='yes'
gl_cv_double_slash_root='no'
gl_cv_func_calloc_0_nonnull='yes'
gl_cv_func_dirfd_macro='no'
gl_cv_func_dup2_works='yes'
gl_cv_func_dup_works='yes'
gl_cv_func_fclose_stdin='yes'
gl_cv_func_fcntl_f_dupfd_cloexec='needs runtime check'
gl_cv_func_fcntl_f_dupfd_works='yes'
gl_cv_func_fdopendir_works='yes'
gl_cv_func_fflush_stdin='yes'
gl_cv_func_fopen_slash='yes'
gl_cv_func_fprintf_posix='no'
gl_cv_func_fpurge_works='no'
gl_cv_func_free_preserves_errno='no'
gl_cv_func_frexp_no_libm='yes'
gl_cv_func_frexp_works='yes'
gl_cv_func_frexpl_no_libm='yes'
gl_cv_func_frexpl_works='yes'
gl_cv_func_fseeko='yes'
gl_cv_func_ftello='yes'
gl_cv_func_ftello_works='yes'
gl_cv_func_getcwd_null='yes'
gl_cv_func_getcwd_posix_signature='yes'
gl_cv_func_getdtablesize_works='yes'
gl_cv_func_getopt_posix='no'
gl_cv_func_gettimeofday_posix_signature='yes'
gl_cv_func_isnand_no_libm='yes'
gl_cv_func_isnanf_no_libm='yes'
gl_cv_func_isnanf_works='yes'
gl_cv_func_isnanl_no_libm='yes'
gl_cv_func_isnanl_works='yes'
gl_cv_func_itold_works='yes'
gl_cv_func_ldexp_no_libm='yes'
gl_cv_func_ldexpl_no_libm='yes'
gl_cv_func_ldexpl_works='yes'
gl_cv_func_lseek_pipe='yes'
gl_cv_func_lseek_works_but_incompatible='no'
gl_cv_func_lstat_dereferences_slashed_symlink='yes'
gl_cv_func_malloc_posix='yes'
gl_cv_func_mbrtowc_incomplete_state='yes'
gl_cv_func_mbrtowc_sanitycheck='guessing yes'
gl_cv_func_memchr_works='yes'
gl_cv_func_open_slash='yes'
gl_cv_func_printf_attribute_flavor='system'
gl_cv_func_printf_directive_a='yes'
gl_cv_func_printf_directive_b='no'
gl_cv_func_printf_directive_f='yes'
gl_cv_func_printf_directive_lc='yes'
gl_cv_func_printf_directive_ls='yes'
gl_cv_func_printf_enomem='yes'
gl_cv_func_printf_flag_alt_precision_zero='yes'
gl_cv_func_printf_flag_grouping='yes'
gl_cv_func_printf_flag_leftadjust='yes'
gl_cv_func_printf_flag_zero='yes'
gl_cv_func_printf_infinite='yes'
gl_cv_func_printf_infinite_long_double='yes'
gl_cv_func_printf_long_double='yes'
gl_cv_func_printf_positions='yes'
gl_cv_func_printf_posix='no'
gl_cv_func_printf_precision='yes'
gl_cv_func_printf_sizes_c23='no'
gl_cv_func_printf_sizes_c99='yes'
gl_cv_func_realloc_0_nonnull='yes'
gl_cv_func_realloc_sanitize='no'
gl_cv_func_rmdir_works='yes'
gl_cv_func_signbit='yes'
gl_cv_func_signbit_builtins='yes'
gl_cv_func_snprintf_retval_c99='yes'
gl_cv_func_snprintf_truncation_c99='yes'
gl_cv_func_stat_file_slash='yes'
gl_cv_func_strerror_0_works='yes'
gl_cv_func_time_works='guessing yes'
gl_cv_func_timespec_get='yes'
gl_cv_func_ungetc_works='yes'
gl_cv_func_unlink_honors_slashes='yes'
gl_cv_func_unlink_parent_fails='guessing yes'
gl_cv_func_unreachable='no'
gl_cv_func_utime_file_slash='yes'
gl_cv_func_vfprintf_posix='no'
gl_cv_func_working_strerror='yes'
gl_cv_func_working_utimes='yes'
gl_cv_have___header_inline='no'
gl_cv_have_include_next='yes'
gl_cv_have_unlimited_file_name_length='no'
gl_cv_header_endian_h_stdint_types='yes'
gl_cv_header_errno_h_complete='yes'
gl_cv_header_float_h_isoc23='no'
gl_cv_header_inttypes_h='yes'
gl_cv_header_limits_width='no'
gl_cv_header_math_huge_val_works='yes'
gl_cv_header_math_nan_works='yes'
gl_cv_header_stdint_h='yes'
gl_cv_header_stdint_width='no'
gl_cv_header_stdint_without_STDC_macros='yes'
gl_cv_header_sys_cdefs_h='no'
gl_cv_header_wchar_h_correct_inline='yes'
gl_cv_header_working_byteswap_h='yes'
gl_cv_header_working_endian_h='yes'
gl_cv_header_working_fcntl_h='yes'
gl_cv_header_working_stdalign_h='yes, keywords'
gl_cv_header_working_stdint_h='yes'
gl_cv_long_double_equals_double='no'
gl_cv_macro_MB_CUR_MAX_good='yes'
gl_cv_macro_O_CLOEXEC='yes'
gl_cv_malloc_ptrdiff='yes'
gl_cv_minmax_in_limits_h='no'
gl_cv_minmax_in_sys_param_h='yes'
gl_cv_next_dirent_h='<dirent.h>'
gl_cv_next_endian_h='<endian.h>'
gl_cv_next_error_h='<error.h>'
gl_cv_next_fcntl_h='<fcntl.h>'
gl_cv_next_float_h='<float.h>'
gl_cv_next_getopt_h='<getopt.h>'
gl_cv_next_inttypes_h='<inttypes.h>'
gl_cv_next_limits_h='<limits.h>'
gl_cv_next_math_h='<math.h>'
gl_cv_next_signal_h='<signal.h>'
gl_cv_next_stddef_h='<stddef.h>'
gl_cv_next_stdint_h='<stdint.h>'
gl_cv_next_stdio_h='<stdio.h>'
gl_cv_next_stdlib_h='<stdlib.h>'
gl_cv_next_string_h='<string.h>'
gl_cv_next_sys_stat_h='<sys/stat.h>'
gl_cv_next_sys_time_h='<sys/time.h>'
gl_cv_next_sys_types_h='<sys/types.h>'
gl_cv_next_time_h='<time.h>'
gl_cv_next_unistd_h='<unistd.h>'
gl_cv_next_utime_h='<utime.h>'
gl_cv_next_wchar_h='<wchar.h>'
gl_cv_nullptr_t_needs_stddef='yes'
gl_cv_off64_t='no'
gl_cv_onwards_func___fpurge='yes'
gl_cv_onwards_func___freading='yes'
gl_cv_onwards_func___fseterr='yes'
gl_cv_onwards_func_error='no'
gl_cv_onwards_func_fdatasync='yes'
gl_cv_onwards_func_futimens='yes'
gl_cv_onwards_func_futimes='yes'
gl_cv_onwards_func_futimesat='yes'
gl_cv_onwards_func_getprogname='no'
gl_cv_onwards_func_lutimes='yes'
gl_cv_onwards_func_mempcpy='yes'
gl_cv_onwards_func_reallocarray='yes'
gl_cv_onwards_func_stpcpy='yes'
gl_cv_onwards_func_timespec_get='yes'
gl_cv_onwards_func_utimensat='yes'
gl_cv_prog_as_underscore='no'
gl_cv_prog_c_ignore_unused_libraries='-Wl,--as-needed'
gl_cv_promoted_mode_t='mode_t'
gl_cv_qsort_r_signature='GNU'
gl_cv_rpl_alloca='yes'
gl_cv_size_max='yes'
gl_cv_source_line_length_unlimited='yes'
gl_cv_ssize_t='yes'
gl_cv_static_assert='yes, a keyword'
gl_cv_sys_struct_timespec_in_time_h='yes'
gl_cv_sys_struct_timeval='yes'
gl_cv_sys_struct_timeval_tv_sec='yes'
gl_cv_test_INT32_MAX_LT_INTMAX_MAX='yes'
gl_cv_test_INT64_MAX_EQ_LONG_MAX='yes'
gl_cv_test_UINT32_MAX_LT_UINTMAX_MAX='yes'
gl_cv_test_UINT64_MAX_EQ_ULONG_MAX='yes'
gl_cv_time_h_has_TIME_UTC='yes'
gl_cv_type_max_align_t='yes'
gl_cv_type_sigset_t='yes'
gl_cv_type_wint_t_large_enough='yes'
gl_cv_var_stdin_large_offset='yes'
gt_cv_c_intmax_t='yes'
gt_cv_c_wint_t='yes'
gt_cv_locale_en_utf8='en_US.UTF-8'
gt_cv_locale_ja='none'
gt_cv_locale_zh_CN='none'
gzip_cv_assembler='no'
gzip_cv_underline='no'

## ----------------- ##
## Output variables. ##
## ----------------- ##n
gltests_LIBOBJDEPS=''ngltests_LTLIBOBJS=''ngltests_LIBOBJS=''ngl_LIBOBJDEPS=' ./$(DEPDIR)/asnprintf.Po ./$(DEPDIR)/fprintf.Po ./$(DEPDIR)/printf.Po ./$(DEPDIR)/printf-args.Po ./$(DEPDIR)/printf-parse.Po ./$(DEPDIR)/vasnprintf.Po ./$(DEPDIR)/vfprintf.Po'ngl_LTLIBOBJS=' asnprintf.lo fprintf.lo printf.lo printf-args.lo printf-parse.lo vasnprintf.lo vfprintf.lo'ngl_LIBOBJS=' asnprintf.o fprintf.o printf.o printf-args.o printf-parse.o vasnprintf.o vfprintf.o'nCONFIG_INCLUDE='lib/config.h'nam__EXEEXT_FALSE=''nam__EXEEXT_TRUE='#'nLTLIBOBJS=''nZGREP_IS_TRANSFORMED_FALSE=''nZGREP_IS_TRANSFORMED_TRUE='#'nZDIFF_IS_TRANSFORMED_FALSE=''nZDIFF_IS_TRANSFORMED_TRUE='#'nGZIP_IS_TRANSFORMED_FALSE=''nGZIP_IS_TRANSFORMED_TRUE='#'nZGREP_TRANSFORMED='zgrep'nZDIFF_TRANSFORMED='zdiff'nGZIP_TRANSFORMED='gzip'nASFLAGS_config=''nLIBOBJS=''nASCPPFLAGS='-DNO_UNDERLINE'nASCPPPOST='sed '\''/^ *\#/d; s,//.*,,; s/% /%/g; s/\. /./g'\''n'nIBM_Z_DFLTCC_FALSE=''nIBM_Z_DFLTCC_TRUE='#'nGNULIB_WARN_CFLAGS=''nWARN_CFLAGS=''nWERROR_CFLAGS=''nLIBGZIP_LTLIBDEPS=''nLIBGZIP_LIBDEPS=''nGL_CFLAG_GNULIB_WARNINGS=' -Wno-cast-qual -Wno-conversion -Wno-float-equal -Wno-sign-compare -Wno-undef -Wno-unused-function -Wno-unused-parameter -Wno-float-conversion -Wimplicit-fallthrough -Wno-pedantic -Wno-sign-conversion -Wno-type-limits -Wno-unused-const-variable -Wno-unsuffixed-float-constants'nGL_CFLAG_ALLOW_WARNINGS='-Wno-error'ngltests_WITNESS='IN_GZIP_GNULIB_TESTS'nHAVE_CRTDEFS_H='0'nHAVE_WINT_T='1'nNEXT_AS_FIRST_DIRECTIVE_WCHAR_H='<wchar.h>'nNEXT_WCHAR_H='<wchar.h>'nHAVE_UTIME_H='1'nNEXT_AS_FIRST_DIRECTIVE_UTIME_H='<utime.h>'nNEXT_UTIME_H='<utime.h>'nGL_GNULIB_MDA_UTIME='1'nGL_GNULIB_UTIME='1'nGL_COND_OBJ_UTIME_FALSE=''nGL_COND_OBJ_UTIME_TRUE='#'nREPLACE_UTIME='0'nHAVE_UTIME='1'nGL_COND_OBJ_UNLINKAT_FALSE=''nGL_COND_OBJ_UNLINKAT_TRUE='#'nGL_COND_OBJ_UNLINK_FALSE=''nGL_COND_OBJ_UNLINK_TRUE='#'nHAVE_UNISTD_H='1'nNEXT_AS_FIRST_DIRECTIVE_UNISTD_H='<unistd.h>'nNEXT_UNISTD_H='<unistd.h>'nTIME_H_DEFINES_TIME_UTC='1'nUNISTD_H_DEFINES_STRUCT_TIMESPEC='0'nPTHREAD_H_DEFINES_STRUCT_TIMESPEC='0'nSYS_TIME_H_DEFINES_STRUCT_TIMESPEC='0'nTIME_H_DEFINES_STRUCT_TIMESPEC='1'nNEXT_AS_FIRST_DIRECTIVE_TIME_H='<time.h>'nNEXT_TIME_H='<time.h>'nREPLACE_TZSET='0'nREPLACE_TIMESPEC_GETRES='0'nREPLACE_TIMESPEC_GET='0'nREPLACE_TIMEGM='0'nREPLACE_TIME='0'nREPLACE_STRFTIME='0'nREPLACE_NANOSLEEP='0'nREPLACE_MKTIME_Z='0'nREPLACE_MKTIME='0'nREPLACE_LOCALTIME_RZ='0'nREPLACE_LOCALTIME_R='0'nREPLACE_LOCALTIME='0'nREPLACE_GMTIME='0'nREPLACE_CTIME='0'nHAVE_TZALLOC='0'nHAVE_TIMEZONE_T='0'nHAVE_TIMESPEC_GETRES='1'nHAVE_TIMESPEC_GET='1'nHAVE_TIMEGM='1'nHAVE_STRPTIME='1'nHAVE_NANOSLEEP='1'nHAVE_DECL_LOCALTIME_R='1'nGL_GNULIB_MDA_TZSET='1'nGL_GNULIB_TZSET='0'nGL_GNULIB_TZNAME='0'nGL_GNULIB_TIME_RZ='0'nGL_GNULIB_TIME_R='0'nGL_GNULIB_TIMESPEC_GETRES='0'nGL_GNULIB_TIMESPEC_GET='0'nGL_GNULIB_TIMEGM='0'nGL_GNULIB_TIME='1'nGL_GNULIB_STRPTIME='0'nGL_GNULIB_STRFTIME='0'nGL_GNULIB_NANOSLEEP='0'nGL_GNULIB_LOCALTIME='0'nGL_GNULIB_MKTIME='0'nGL_GNULIB_CTIME='0'nGL_COND_OBJ_TIME_FALSE=''nGL_COND_OBJ_TIME_TRUE='#'nNEXT_AS_FIRST_DIRECTIVE_STRING_H='<string.h>'nNEXT_STRING_H='<string.h>'nGL_COND_OBJ_STRERROR_OVERRIDE_FALSE=''nGL_COND_OBJ_STRERROR_OVERRIDE_TRUE='#'nGL_COND_OBJ_STRERROR_FALSE=''nGL_COND_OBJ_STRERROR_TRUE='#'nGL_COND_OBJ_STRDUP_FALSE=''nGL_COND_OBJ_STRDUP_TRUE='#'nGL_COND_OBJ_STPCPY_FALSE=''nGL_COND_OBJ_STPCPY_TRUE='#'nNEXT_AS_FIRST_DIRECTIVE_STDLIB_H='<stdlib.h>'nNEXT_STDLIB_H='<stdlib.h>'nGL_COND_OBJ_STDIO_WRITE_FALSE=''nGL_COND_OBJ_STDIO_WRITE_TRUE='#'nGL_COND_OBJ_STDIO_READ_FALSE=''nGL_COND_OBJ_STDIO_READ_TRUE='#'nNEXT_AS_FIRST_DIRECTIVE_STDIO_H='<stdio.h>'nNEXT_STDIO_H='<stdio.h>'nGL_GENERATE_STDINT_H_FALSE='#'nGL_GENERATE_STDINT_H_TRUE=''nSTDINT_H='stdint.h'nGL_GENERATE_STDDEF_H_FALSE='#'nGL_GENERATE_STDDEF_H_TRUE=''nSTDDEF_H='stddef.h'nNEXT_AS_FIRST_DIRECTIVE_STDDEF_H='<stddef.h>'nNEXT_STDDEF_H='<stddef.h>'nHAVE_MAX_ALIGN_T='1'nREPLACE_NULL='0'nSTDDEF_NOT_IDEMPOTENT='0'nNULLPTR_T_NEEDS_STDDEF='1'nGL_GENERATE_STDCKDINT_H_FALSE=''nGL_GENERATE_STDCKDINT_H_TRUE='#'nSTDCKDINT_H=''nGL_COND_OBJ_STAT_FALSE=''nGL_COND_OBJ_STAT_TRUE='#'nGL_COND_OBJ_SIGPROCMASK_FALSE=''nGL_COND_OBJ_SIGPROCMASK_TRUE='#'nGL_COND_OBJ_SIGNBIT3_FALSE=''nGL_COND_OBJ_SIGNBIT3_TRUE='#'nNEXT_AS_FIRST_DIRECTIVE_SIGNAL_H='<signal.h>'nNEXT_SIGNAL_H='<signal.h>'nGL_COND_OBJ_SIGACTION_FALSE=''nGL_COND_OBJ_SIGACTION_TRUE='#'nGL_COND_OBJ_RMDIR_FALSE=''nGL_COND_OBJ_RMDIR_TRUE='#'nGL_COND_OBJ_REALLOCARRAY_FALSE=''nGL_COND_OBJ_REALLOCARRAY_TRUE='#'nGL_COND_OBJ_REALLOC_POSIX_FALSE=''nGL_COND_OBJ_REALLOC_POSIX_TRUE='#'nGL_COND_OBJ_READDIR_FALSE=''nGL_COND_OBJ_READDIR_TRUE='#'nGL_GNULIB_SIGACTION='1'nGL_GNULIB_SIGPROCMASK='1'nGL_GNULIB_SIGNAL_H_SIGPIPE='0'nGL_GNULIB_SIG2STR='0'nGL_GNULIB_RAISE='1'nGL_GNULIB_PTHREAD_SIGMASK='0'nGL_COND_OBJ_RAISE_FALSE=''nGL_COND_OBJ_RAISE_TRUE='#'nREPLACE_RAISE='0'nREPLACE_PTHREAD_SIGMASK='0'nHAVE_SIGHANDLER_T='1'nHAVE_TYPE_VOLATILE_SIG_ATOMIC_T='1'nHAVE_STRUCT_SIGACTION_SA_SIGACTION='1'nHAVE_STR2SIG='1'nHAVE_SIGACTION='1'nHAVE_SIGINFO_T='1'nHAVE_SIGSET_T='1'nHAVE_SIG2STR='1'nHAVE_RAISE='1'nHAVE_PTHREAD_SIGMASK='1'nHAVE_POSIX_SIGNALBLOCKING='1'nGL_COND_OBJ_QSORT_R_FALSE=''nGL_COND_OBJ_QSORT_R_TRUE='#'nGL_COND_OBJ_QSORT_FALSE=''nGL_COND_OBJ_QSORT_TRUE='#'nASM_SYMBOL_PREFIX='""'nEGREP='/bin/grep -E'nGL_COND_OBJ_PIPE_FALSE=''nGL_COND_OBJ_PIPE_TRUE='#'nGL_COND_OBJ_OPENDIR_FALSE=''nGL_COND_OBJ_OPENDIR_TRUE='#'nGL_COND_OBJ_OPENAT_FALSE=''nGL_COND_OBJ_OPENAT_TRUE='#'nGL_COND_OBJ_OPEN_FALSE=''nGL_COND_OBJ_OPEN_TRUE='#'nGL_COND_OBJ_MSVC_NOTHROW_FALSE=''nGL_COND_OBJ_MSVC_NOTHROW_TRUE='#'nGL_COND_OBJ_MSVC_INVAL_FALSE=''nGL_COND_OBJ_MSVC_INVAL_TRUE='#'nGL_COND_OBJ_MEMRCHR_FALSE=''nGL_COND_OBJ_MEMRCHR_TRUE='#'nGL_COND_OBJ_MEMPCPY_FALSE=''nGL_COND_OBJ_MEMPCPY_TRUE='#'nGL_GNULIB_MDA_STRDUP='1'nGL_GNULIB_MDA_MEMCCPY='1'nGL_GNULIB_STRVERSCMP='0'nGL_GNULIB_STRSIGNAL='0'nGL_GNULIB_SIGDESCR_NP='0'nGL_GNULIB_SIGABBREV_NP='0'nGL_GNULIB_STRERRORNAME_NP='0'nGL_GNULIB_STRERROR_R='0'nGL_GNULIB_STRERROR='1'nGL_GNULIB_MBS_ENDSWITH='0'nGL_GNULIB_MBS_STARTSWITH='0'nGL_GNULIB_MBSTOK_R='0'nGL_GNULIB_MBSSEP='0'nGL_GNULIB_MBSSPN='0'nGL_GNULIB_MBSPBRK='0'nGL_GNULIB_MBSCSPN='0'nGL_GNULIB_MBSCASESTR='0'nGL_GNULIB_MBSPCASECMP='0'nGL_GNULIB_MBSNCASECMP='0'nGL_GNULIB_MBSCASECMP='0'nGL_GNULIB_MBSSTR='0'nGL_GNULIB_MBSRCHR='0'nGL_GNULIB_MBSCHR='0'nGL_GNULIB_MBSNLEN='0'nGL_GNULIB_MBSLEN='0'nGL_GNULIB_STR_ENDSWITH='0'nGL_GNULIB_STR_STARTSWITH='0'nGL_GNULIB_STRTOK_R='0'nGL_GNULIB_STRCASESTR='0'nGL_GNULIB_STRSTR='0'nGL_GNULIB_STRSEP='0'nGL_GNULIB_STRPBRK='0'nGL_GNULIB_STRNLEN='0'nGL_GNULIB_STRNDUP='0'nGL_GNULIB_STRNCAT='0'nGL_GNULIB_STRDUP='1'nGL_GNULIB_STRCHRNUL='0'nGL_GNULIB_STPNCPY='0'nGL_GNULIB_STPCPY='1'nGL_GNULIB_RAWMEMCHR='0'nGL_GNULIB_MEMSET_EXPLICIT='0'nGL_GNULIB_MEMRCHR='1'nGL_GNULIB_MEMPCPY='1'nGL_GNULIB_MEMMEM='0'nGL_GNULIB_MEMCHR='1'nGL_GNULIB_FFSLL='0'nGL_GNULIB_FFSL='0'nGL_GNULIB_EXPLICIT_BZERO='0'nGL_COND_OBJ_MEMCHR_FALSE=''nGL_COND_OBJ_MEMCHR_TRUE='#'nUNDEFINE_STRTOK_R='0'nREPLACE_STRVERSCMP='0'nREPLACE_STRSIGNAL='0'nREPLACE_STRERRORNAME_NP='0'nREPLACE_STRERROR_R='0'nREPLACE_STRERROR='0'nREPLACE_STRTOK_R='0'nREPLACE_STRCASESTR='0'nREPLACE_STRSTR='0'nREPLACE_STRNLEN='0'nREPLACE_STRNDUP='0'nREPLACE_STRNCAT='0'nREPLACE_STRDUP='0'nREPLACE_STRCHRNUL='0'nREPLACE_STPNCPY='0'nREPLACE_STPCPY='0'nREPLACE_MEMSET_EXPLICIT='0'nREPLACE_MEMPCPY='0'nREPLACE_MEMMEM='0'nREPLACE_MEMCHR='0'nREPLACE_FFSLL='0'nHAVE_STRVERSCMP='1'nHAVE_DECL_STRSIGNAL='1'nHAVE_SIGDESCR_NP='1'nHAVE_SIGABBREV_NP='1'nHAVE_STRERRORNAME_NP='1'nHAVE_DECL_STRERROR_R='1'nHAVE_DECL_STRTOK_R='1'nHAVE_STRCASESTR='1'nHAVE_STRSEP='1'nHAVE_STRPBRK='1'nHAVE_DECL_STRNLEN='1'nHAVE_DECL_STRNDUP='1'nHAVE_DECL_STRDUP='1'nHAVE_STRCHRNUL='1'nHAVE_STPNCPY='1'nHAVE_STPCPY='1'nHAVE_RAWMEMCHR='1'nHAVE_DECL_MEMRCHR='1'nHAVE_MEMSET_EXPLICIT='1'nHAVE_MEMPCPY='1'nHAVE_DECL_MEMMEM='1'nHAVE_FFSLL='1'nHAVE_FFSL='1'nHAVE_EXPLICIT_BZERO='1'nHAVE_MBSLEN='0'nGL_GNULIB_MDA_WCSDUP='1'nGL_GNULIB_WGETCWD='0'nGL_GNULIB_WCSFTIME='0'nGL_GNULIB_WCSWIDTH='0'nGL_GNULIB_WCSTOK='0'nGL_GNULIB_WCSSTR='0'nGL_GNULIB_WCSPBRK='0'nGL_GNULIB_WCSSPN='0'nGL_GNULIB_WCSCSPN='0'nGL_GNULIB_WCSRCHR='0'nGL_GNULIB_WCSCHR='0'nGL_GNULIB_WCSDUP='0'nGL_GNULIB_WCSXFRM='0'nGL_GNULIB_WCSCOLL='0'nGL_GNULIB_WCSNCASECMP='0'nGL_GNULIB_WCSCASECMP='0'nGL_GNULIB_WCSNCMP='0'nGL_GNULIB_WCSCMP='0'nGL_GNULIB_WCSNCAT='0'nGL_GNULIB_WCSCAT='0'nGL_GNULIB_WCPNCPY='0'nGL_GNULIB_WCSNCPY='0'nGL_GNULIB_WCPCPY='0'nGL_GNULIB_WCSCPY='0'nGL_GNULIB_WCSNLEN='0'nGL_GNULIB_WCSLEN='0'nGL_GNULIB_WMEMSET='0'nGL_GNULIB_WMEMPCPY='0'nGL_GNULIB_WMEMMOVE='0'nGL_GNULIB_WMEMCPY='0'nGL_GNULIB_WMEMCMP='0'nGL_GNULIB_WMEMCHR='0'nGL_GNULIB_WCWIDTH='0'nGL_GNULIB_WCSNRTOMBS='0'nGL_GNULIB_WCSRTOMBS='0'nGL_GNULIB_WCRTOMB='0'nGL_GNULIB_MBSNRTOWCS='0'nGL_GNULIB_MBSRTOWCS='0'nGL_GNULIB_MBRLEN='0'nGL_GNULIB_MBRTOWC='0'nGL_GNULIB_MBSZERO='1'nGL_GNULIB_MBSINIT='0'nGL_GNULIB_WCTOB='0'nGL_GNULIB_BTOWC='0'nLOCALE_ZH_CN='none'nLOCALE_EN_UTF8='en_US.UTF-8'nLOCALE_JA='none'nREPLACE_WMEMPCPY='0'nREPLACE_WMEMCMP='0'nREPLACE_WCSTOK='0'nREPLACE_WCSSTR='0'nREPLACE_WCSNCMP='0'nREPLACE_WCSNCAT='0'nREPLACE_WCSCMP='0'nREPLACE_WCSFTIME='0'nREPLACE_WCSWIDTH='0'nREPLACE_WCWIDTH='0'nREPLACE_WCSNRTOMBS='0'nREPLACE_WCSRTOMBS='0'nREPLACE_WCRTOMB='0'nREPLACE_MBSNRTOWCS='0'nREPLACE_MBSRTOWCS='0'nREPLACE_MBRLEN='0'nREPLACE_MBRTOWC='0'nREPLACE_MBSINIT='0'nREPLACE_WCTOB='0'nREPLACE_BTOWC='0'nREPLACE_MBSTATE_T='0'nHAVE_DECL_WCWIDTH='1'nHAVE_DECL_WCSDUP='1'nHAVE_DECL_WCTOB='1'nHAVE_WCSFTIME='1'nHAVE_WCSWIDTH='1'nHAVE_WCSTOK='1'nHAVE_WCSSTR='1'nHAVE_WCSPBRK='1'nHAVE_WCSSPN='1'nHAVE_WCSCSPN='1'nHAVE_WCSRCHR='1'nHAVE_WCSCHR='1'nHAVE_WCSDUP='1'nHAVE_WCSXFRM='1'nHAVE_WCSCOLL='1'nHAVE_WCSNCASECMP='1'nHAVE_WCSCASECMP='1'nHAVE_WCSNCMP='1'nHAVE_WCSCMP='1'nHAVE_WCSNCAT='1'nHAVE_WCSCAT='1'nHAVE_WCPNCPY='1'nHAVE_WCSNCPY='1'nHAVE_WCPCPY='1'nHAVE_WCSCPY='1'nHAVE_WCSNLEN='1'nHAVE_WCSLEN='1'nHAVE_WMEMSET='1'nHAVE_WMEMPCPY='1'nHAVE_WMEMMOVE='1'nHAVE_WMEMCPY='1'nHAVE_WMEMCMP='1'nHAVE_WMEMCHR='1'nHAVE_WCSNRTOMBS='1'nHAVE_WCSRTOMBS='1'nHAVE_WCRTOMB='1'nHAVE_MBSNRTOWCS='1'nHAVE_MBSRTOWCS='1'nHAVE_MBRLEN='1'nHAVE_MBRTOWC='1'nHAVE_MBSINIT='1'nHAVE_BTOWC='1'nNEXT_AS_FIRST_DIRECTIVE_MATH_H='<math.h>'nNEXT_MATH_H='<math.h>'nSED='/bin/sed'nGL_COND_OBJ_LSTAT_FALSE=''nGL_COND_OBJ_LSTAT_TRUE='#'nGL_COND_OBJ_LSEEK_FALSE=''nGL_COND_OBJ_LSEEK_TRUE='#'nGL_GENERATE_LIMITS_H_FALSE='#'nGL_GENERATE_LIMITS_H_TRUE=''nLIMITS_H='limits.h'nIGNORE_UNUSED_LIBRARIES_CFLAGS='-Wl,--as-needed'nGL_GNULIB_STRTOUMAX='0'nGL_GNULIB_STRTOIMAX='0'nGL_GNULIB_IMAXDIV='0'nGL_GNULIB_IMAXABS='0'nNEXT_AS_FIRST_DIRECTIVE_INTTYPES_H='<inttypes.h>'nNEXT_INTTYPES_H='<inttypes.h>'nUINT64_MAX_EQ_ULONG_MAX='1'nUINT32_MAX_LT_UINTMAX_MAX='1'nPRIPTR_PREFIX='"l"'nINT64_MAX_EQ_LONG_MAX='1'nINT32_MAX_LT_INTMAX_MAX='1'nREPLACE_STRTOUMAX='0'nREPLACE_STRTOIMAX='0'nREPLACE_IMAXDIV='0'nREPLACE_IMAXABS='0'nHAVE_IMAXDIV='1'nHAVE_IMAXABS='1'nHAVE_IMAXDIV_T='1'nHAVE_DECL_STRTOUMAX='1'nHAVE_DECL_STRTOIMAX='1'nHAVE_DECL_IMAXDIV='1'nHAVE_DECL_IMAXABS='1'nHAVE_SYS_INTTYPES_H='0'nHAVE_SYS_BITYPES_H='0'nHAVE_C99_STDINT_H='1'nWINT_T_SUFFIX=''nWCHAR_T_SUFFIX=''nSIG_ATOMIC_T_SUFFIX=''nSIZE_T_SUFFIX=''nPTRDIFF_T_SUFFIX=''nHAVE_SIGNED_WINT_T=''nHAVE_SIGNED_WCHAR_T=''nHAVE_SIGNED_SIG_ATOMIC_T=''nBITSIZEOF_WINT_T=''nBITSIZEOF_WCHAR_T=''nBITSIZEOF_SIG_ATOMIC_T=''nBITSIZEOF_SIZE_T=''nBITSIZEOF_PTRDIFF_T=''nHAVE_STDINT_H='1'nNEXT_AS_FIRST_DIRECTIVE_STDINT_H='<stdint.h>'nNEXT_STDINT_H='<stdint.h>'nHAVE_SYS_TYPES_H='1'nHAVE_INTTYPES_H='1'nHAVE_WCHAR_H='1'nNEXT_AS_FIRST_DIRECTIVE_LIMITS_H='<limits.h>'nNEXT_LIMITS_H='<limits.h>'nGNU_MAKE_FALSE='#'nGNU_MAKE_TRUE=''nGL_GNULIB_GETTIMEOFDAY='1'nGL_COND_OBJ_GETTIMEOFDAY_FALSE=''nGL_COND_OBJ_GETTIMEOFDAY_TRUE='#'nNEXT_AS_FIRST_DIRECTIVE_SYS_TIME_H='<sys/time.h>'nNEXT_SYS_TIME_H='<sys/time.h>'nREPLACE_STRUCT_TIMEVAL='0'nREPLACE_GETTIMEOFDAY='0'nHAVE_SYS_TIME_H='1'nHAVE_STRUCT_TIMEVAL='1'nHAVE_GETTIMEOFDAY='1'nLTLIBINTL=''nLIBINTL=''nGL_COND_OBJ_GETPROGNAME_FALSE='#'nGL_COND_OBJ_GETPROGNAME_TRUE=''nGL_COND_OBJ_GETOPT_FALSE='#'nGL_COND_OBJ_GETOPT_TRUE=''nGL_GENERATE_GETOPT_CDEFS_H_FALSE='#'nGL_GENERATE_GETOPT_CDEFS_H_TRUE=''nGETOPT_CDEFS_H='getopt-cdefs.h'nGL_GENERATE_GETOPT_H_FALSE='#'nGL_GENERATE_GETOPT_H_TRUE=''nGETOPT_H='getopt.h'nHAVE_SYS_CDEFS_H='0'nHAVE_GETOPT_H='1'nNEXT_AS_FIRST_DIRECTIVE_GETOPT_H='<getopt.h>'nNEXT_GETOPT_H='<getopt.h>'nGL_COND_OBJ_GETDTABLESIZE_FALSE=''nGL_COND_OBJ_GETDTABLESIZE_TRUE='#'nGL_COND_OBJ_GETCWD_LGPL_FALSE=''nGL_COND_OBJ_GETCWD_LGPL_TRUE='#'nGL_COND_OBJ_FTELLO_FALSE=''nGL_COND_OBJ_FTELLO_TRUE='#'nGL_COND_OBJ_FTELL_FALSE=''nGL_COND_OBJ_FTELL_TRUE='#'nGL_COND_OBJ_FSYNC_FALSE=''nGL_COND_OBJ_FSYNC_TRUE='#'nGL_GNULIB_MDA_UMASK='1'nGL_GNULIB_MDA_MKDIR='1'nGL_GNULIB_MDA_CHMOD='1'nGL_GNULIB_OVERRIDES_STRUCT_STAT='0'nGL_GNULIB_UTIMENSAT='0'nGL_GNULIB_STAT='1'nGL_GNULIB_MKNODAT='0'nGL_GNULIB_MKNOD='0'nGL_GNULIB_MKFIFOAT='0'nGL_GNULIB_MKFIFO='0'nGL_GNULIB_MKDIRAT='0'nGL_GNULIB_MKDIR='0'nGL_GNULIB_LSTAT='1'nGL_GNULIB_LCHMOD='0'nGL_GNULIB_GETUMASK='0'nGL_GNULIB_FUTIMENS='0'nGL_GNULIB_FSTATAT='0'nGL_GNULIB_FSTAT='1'nGL_GNULIB_FCHMODAT='0'nGL_GNULIB_CHMOD='0'nWINDOWS_64_BIT_ST_SIZE='0'nWINDOWS_STAT_TIMESPEC='0'nNEXT_AS_FIRST_DIRECTIVE_SYS_STAT_H='<sys/stat.h>'nNEXT_SYS_STAT_H='<sys/stat.h>'nGL_COND_OBJ_FSTAT_FALSE=''nGL_COND_OBJ_FSTAT_TRUE='#'nREPLACE_UTIMENSAT='0'nREPLACE_STAT='0'nREPLACE_MKNODAT='0'nREPLACE_MKNOD='0'nREPLACE_MKFIFOAT='0'nREPLACE_MKFIFO='0'nREPLACE_MKDIR='0'nREPLACE_LSTAT='0'nREPLACE_FUTIMENS='0'nREPLACE_FSTATAT='0'nREPLACE_FSTAT='0'nREPLACE_FCHMODAT='0'nREPLACE_CHMOD='0'nHAVE_UTIMENSAT='1'nHAVE_MKNODAT='1'nHAVE_MKNOD='1'nHAVE_MKFIFOAT='1'nHAVE_MKFIFO='1'nHAVE_MKDIRAT='1'nHAVE_LSTAT='1'nHAVE_LCHMOD='1'nHAVE_GETUMASK='1'nHAVE_FUTIMENS='1'nHAVE_FSTATAT='1'nHAVE_FCHMODAT='1'nGL_COND_OBJ_FSETERR_FALSE=''nGL_COND_OBJ_FSETERR_TRUE='#'nGL_COND_OBJ_FSEEKO_FALSE=''nGL_COND_OBJ_FSEEKO_TRUE='#'nGL_COND_OBJ_FSEEK_FALSE=''nGL_COND_OBJ_FSEEK_TRUE='#'nHAVE_BLKCNT_T='1'nHAVE_BLKSIZE_T='1'nWINDOWS_STAT_INODES='0'nHAVE_OFF64_T='0'nWINDOWS_64_BIT_OFF_T='0'nNEXT_AS_FIRST_DIRECTIVE_SYS_TYPES_H='<sys/types.h>'nNEXT_SYS_TYPES_H='<sys/types.h>'nGL_GNULIB_MDA_YN='1'nGL_GNULIB_MDA_Y1='1'nGL_GNULIB_MDA_Y0='1'nGL_GNULIB_MDA_JN='1'nGL_GNULIB_MDA_J1='1'nGL_GNULIB_MDA_J0='1'nGL_GNULIB_TRUNCL='0'nGL_GNULIB_TRUNCF='0'nGL_GNULIB_TRUNC='0'nGL_GNULIB_TOTALORDERMAGL='0'nGL_GNULIB_TOTALORDERMAGF='0'nGL_GNULIB_TOTALORDERMAG='0'nGL_GNULIB_TOTALORDERL='0'nGL_GNULIB_TOTALORDERF='0'nGL_GNULIB_TOTALORDER='0'nGL_GNULIB_TANHF='0'nGL_GNULIB_TANL='0'nGL_GNULIB_TANF='0'nGL_GNULIB_SQRTL='0'nGL_GNULIB_SQRTF='0'nGL_GNULIB_SINHF='0'nGL_GNULIB_SINL='0'nGL_GNULIB_SINF='0'nGL_GNULIB_SIGNBIT='1'nGL_GNULIB_SETPAYLOADSIGL='0'nGL_GNULIB_SETPAYLOADSIGF='0'nGL_GNULIB_SETPAYLOADSIG='0'nGL_GNULIB_SETPAYLOADL='0'nGL_GNULIB_SETPAYLOADF='0'nGL_GNULIB_SETPAYLOAD='0'nGL_GNULIB_ROUNDL='0'nGL_GNULIB_ROUNDF='0'nGL_GNULIB_ROUND='0'nGL_GNULIB_RINTL='0'nGL_GNULIB_RINTF='0'nGL_GNULIB_RINT='0'nGL_GNULIB_REMAINDERL='0'nGL_GNULIB_REMAINDERF='0'nGL_GNULIB_REMAINDER='0'nGL_GNULIB_POWF='0'nGL_GNULIB_MODFL='0'nGL_GNULIB_MODFF='0'nGL_GNULIB_MODF='0'nGL_GNULIB_LOGP1L='0'nGL_GNULIB_LOGP1F='0'nGL_GNULIB_LOGP1='0'nGL_GNULIB_LOGBL='0'nGL_GNULIB_LOGBF='0'nGL_GNULIB_LOGB='0'nGL_GNULIB_LOG2L='0'nGL_GNULIB_LOG2F='0'nGL_GNULIB_LOG2='0'nGL_GNULIB_LOG1PL='0'nGL_GNULIB_LOG1PF='0'nGL_GNULIB_LOG1P='0'nGL_GNULIB_LOG10L='0'nGL_GNULIB_LOG10F='0'nGL_GNULIB_LOG10='0'nGL_GNULIB_LOGL='0'nGL_GNULIB_LOGF='0'nGL_GNULIB_LOG='0'nGL_GNULIB_LDEXPL='0'nGL_GNULIB_LDEXPF='0'nGL_GNULIB_LDEXP='0'nGL_GNULIB_ISNANL='0'nGL_GNULIB_ISNAND='0'nGL_GNULIB_ISNANF='0'nGL_GNULIB_ISNAN='0'nGL_GNULIB_ISINF='0'nGL_GNULIB_ISFINITE='0'nGL_GNULIB_ILOGBL='0'nGL_GNULIB_ILOGBF='0'nGL_GNULIB_ILOGB='0'nGL_GNULIB_HYPOTL='0'nGL_GNULIB_HYPOTF='0'nGL_GNULIB_HYPOT='0'nGL_GNULIB_GETPAYLOADL='0'nGL_GNULIB_GETPAYLOADF='0'nGL_GNULIB_GETPAYLOAD='0'nGL_GNULIB_FREXPL='1'nGL_GNULIB_FREXP='1'nGL_GNULIB_FREXPF='0'nGL_GNULIB_FMODL='0'nGL_GNULIB_FMODF='0'nGL_GNULIB_FMOD='0'nGL_GNULIB_FMAL='0'nGL_GNULIB_FMAF='0'nGL_GNULIB_FMA='0'nGL_GNULIB_FLOORL='0'nGL_GNULIB_FLOORF='0'nGL_GNULIB_FLOOR='0'nGL_GNULIB_FABSL='0'nGL_GNULIB_FABSF='0'nGL_GNULIB_EXPM1L='0'nGL_GNULIB_EXPM1F='0'nGL_GNULIB_EXPM1='0'nGL_GNULIB_EXP2L='0'nGL_GNULIB_EXP2F='0'nGL_GNULIB_EXP2='0'nGL_GNULIB_EXPL='0'nGL_GNULIB_EXPF='0'nGL_GNULIB_COSHF='0'nGL_GNULIB_COSL='0'nGL_GNULIB_COSF='0'nGL_GNULIB_COPYSIGNL='0'nGL_GNULIB_COPYSIGNF='0'nGL_GNULIB_COPYSIGN='0'nGL_GNULIB_CEILL='0'nGL_GNULIB_CEILF='0'nGL_GNULIB_CEIL='0'nGL_GNULIB_CBRTL='0'nGL_GNULIB_CBRTF='0'nGL_GNULIB_CBRT='0'nGL_GNULIB_ATAN2F='0'nGL_GNULIB_ATANL='0'nGL_GNULIB_ATANF='0'nGL_GNULIB_ASINL='0'nGL_GNULIB_ASINF='0'nGL_GNULIB_ACOSL='0'nGL_GNULIB_ACOSF='0'nREPLACE_TRUNCL='0'nREPLACE_TRUNCF='0'nREPLACE_TRUNC='0'nREPLACE_TOTALORDERMAGL='0'nREPLACE_TOTALORDERMAGF='0'nREPLACE_TOTALORDERMAG='0'nREPLACE_TOTALORDERL='0'nREPLACE_TOTALORDERF='0'nREPLACE_TOTALORDER='0'nREPLACE_TANHF='0'nREPLACE_TANF='0'nREPLACE_SQRTL='0'nREPLACE_SQRTF='0'nREPLACE_SINHF='0'nREPLACE_SINF='0'nREPLACE_SIGNBIT_USING_BUILTINS='1'nREPLACE_SIGNBIT='0'nREPLACE_ROUNDL='0'nREPLACE_ROUNDF='0'nREPLACE_ROUND='0'nREPLACE_RINTL='0'nREPLACE_REMAINDERL='0'nREPLACE_REMAINDERF='0'nREPLACE_REMAINDER='0'nREPLACE_NAN='0'nREPLACE_MODFL='0'nREPLACE_MODFF='0'nREPLACE_MODF='0'nREPLACE_LOGBL='0'nREPLACE_LOGBF='0'nREPLACE_LOGB='0'nREPLACE_LOG2L='0'nREPLACE_LOG2F='0'nREPLACE_LOG2='0'nREPLACE_LOG1PL='0'nREPLACE_LOG1PF='0'nREPLACE_LOG1P='0'nREPLACE_LOG10L='0'nREPLACE_LOG10F='0'nREPLACE_LOG10='0'nREPLACE_LOGL='0'nREPLACE_LOGF='0'nREPLACE_LOG='0'nREPLACE_LDEXPL='0'nREPLACE_LDEXP='0'nREPLACE_ISNAN='0'nREPLACE_ISINF='0'nREPLACE_ISFINITE='0'nREPLACE_ILOGBL='0'nREPLACE_ILOGBF='0'nREPLACE_ILOGB='0'nREPLACE_HYPOTL='0'nREPLACE_HYPOTF='0'nREPLACE_HYPOT='0'nREPLACE_HUGE_VAL='0'nREPLACE_GETPAYLOADL='0'nREPLACE_GETPAYLOADF='0'nREPLACE_GETPAYLOAD='0'nREPLACE_FREXPL='0'nREPLACE_FREXP='0'nREPLACE_FREXPF='0'nREPLACE_FMODL='0'nREPLACE_FMODF='0'nREPLACE_FMOD='0'nREPLACE_FMAL='0'nREPLACE_FMAF='0'nREPLACE_FMA='0'nREPLACE_FLOORL='0'nREPLACE_FLOORF='0'nREPLACE_FLOOR='0'nREPLACE_FABSL='0'nREPLACE_EXP2L='0'nREPLACE_EXP2='0'nREPLACE_EXPM1L='0'nREPLACE_EXPM1F='0'nREPLACE_EXPM1='0'nREPLACE_EXPL='0'nREPLACE_EXPF='0'nREPLACE_COSHF='0'nREPLACE_COSF='0'nREPLACE_CEILL='0'nREPLACE_CEILF='0'nREPLACE_CEIL='0'nREPLACE_CBRTL='0'nREPLACE_CBRTF='0'nREPLACE_ATAN2F='0'nREPLACE_ATANF='0'nREPLACE_ASINF='0'nREPLACE_ACOSF='0'nHAVE_DECL_TRUNCL='1'nHAVE_DECL_TRUNCF='1'nHAVE_DECL_TRUNC='1'nHAVE_DECL_TANL='1'nHAVE_DECL_SQRTL='1'nHAVE_DECL_SINL='1'nHAVE_DECL_ROUNDL='1'nHAVE_DECL_ROUNDF='1'nHAVE_DECL_ROUND='1'nHAVE_DECL_RINTF='1'nHAVE_DECL_REMAINDERL='1'nHAVE_DECL_REMAINDER='1'nHAVE_DECL_LOGB='1'nHAVE_DECL_LOG2L='1'nHAVE_DECL_LOG2F='1'nHAVE_DECL_LOG2='1'nHAVE_DECL_LOG10L='1'nHAVE_DECL_LOGL='1'nHAVE_DECL_LDEXPL='1'nHAVE_DECL_FREXPL='1'nHAVE_DECL_FLOORL='1'nHAVE_DECL_FLOORF='1'nHAVE_DECL_EXPM1L='1'nHAVE_DECL_EXP2L='1'nHAVE_DECL_EXP2F='1'nHAVE_DECL_EXP2='1'nHAVE_DECL_EXPL='1'nHAVE_DECL_COSL='1'nHAVE_DECL_COPYSIGNF='1'nHAVE_DECL_CEILL='1'nHAVE_DECL_CEILF='1'nHAVE_DECL_CBRTL='1'nHAVE_DECL_CBRTF='1'nHAVE_DECL_ATANL='1'nHAVE_DECL_ASINL='1'nHAVE_DECL_ACOSL='1'nHAVE_TOTALORDERMAGL='1'nHAVE_TOTALORDERMAGF='1'nHAVE_TOTALORDERMAG='1'nHAVE_TOTALORDERL='1'nHAVE_TOTALORDERF='1'nHAVE_TOTALORDER='1'nHAVE_TANHF='1'nHAVE_TANL='1'nHAVE_TANF='1'nHAVE_SQRTL='1'nHAVE_SQRTF='1'nHAVE_SINHF='1'nHAVE_SINL='1'nHAVE_SINF='1'nHAVE_SETPAYLOADSIGL='1'nHAVE_SETPAYLOADSIGF='1'nHAVE_SETPAYLOADSIG='1'nHAVE_SETPAYLOADL='1'nHAVE_SETPAYLOADF='1'nHAVE_SETPAYLOAD='1'nHAVE_RINTL='1'nHAVE_RINT='1'nHAVE_REMAINDERF='1'nHAVE_REMAINDER='1'nHAVE_POWF='1'nHAVE_MODFL='1'nHAVE_MODFF='1'nHAVE_LOGP1L='1'nHAVE_LOGP1F='1'nHAVE_LOGP1='1'nHAVE_LOGBL='1'nHAVE_LOGBF='1'nHAVE_LOG1PL='1'nHAVE_LOG1PF='1'nHAVE_LOG1P='1'nHAVE_LOG10L='1'nHAVE_LOG10F='1'nHAVE_LOGL='1'nHAVE_LOGF='1'nHAVE_LDEXPF='1'nHAVE_ISNANL='1'nHAVE_ISNAND='1'nHAVE_ISNANF='1'nHAVE_ILOGBL='1'nHAVE_ILOGBF='1'nHAVE_ILOGB='1'nHAVE_HYPOTL='1'nHAVE_HYPOTF='1'nHAVE_GETPAYLOADL='1'nHAVE_GETPAYLOADF='1'nHAVE_GETPAYLOAD='1'nHAVE_FREXPF='1'nHAVE_FMODL='1'nHAVE_FMODF='1'nHAVE_FMAL='1'nHAVE_FMAF='1'nHAVE_FMA='1'nHAVE_FABSL='1'nHAVE_FABSF='1'nHAVE_EXPM1F='1'nHAVE_EXPM1='1'nHAVE_EXPL='1'nHAVE_EXPF='1'nHAVE_COSHF='1'nHAVE_COSL='1'nHAVE_COSF='1'nHAVE_COPYSIGNL='1'nHAVE_COPYSIGN='1'nHAVE_CBRTL='1'nHAVE_CBRTF='1'nHAVE_CBRT='1'nHAVE_ATAN2F='1'nHAVE_ATANL='1'nHAVE_ATANF='1'nHAVE_ASINL='1'nHAVE_ASINF='1'nHAVE_ACOSL='1'nHAVE_ACOSF='1'nGL_COND_OBJ_FREE_FALSE='#'nGL_COND_OBJ_FREE_TRUE=''nGL_COND_OBJ_FPURGE_FALSE='#'nGL_COND_OBJ_FPURGE_TRUE=''nHAVE_FEATURES_H='1'nGNULIBHEADERS_OVERRIDE_WINT_T='0'nAPPLE_UNIVERSAL_BUILD='0'nHAVE_SAME_LONG_DOUBLE_AS_DOUBLE='0'nGL_COND_OBJ_ITOLD_FALSE=''nGL_COND_OBJ_ITOLD_TRUE='#'nGL_COND_OBJ_FLOAT_FALSE='#'nGL_COND_OBJ_FLOAT_TRUE=''nGL_GENERATE_FLOAT_H_FALSE='#'nGL_GENERATE_FLOAT_H_TRUE=''nFLOAT_H='float.h'nREPLACE_ITOLD='0'nNEXT_AS_FIRST_DIRECTIVE_FLOAT_H='<float.h>'nNEXT_FLOAT_H='<float.h>'nGL_COND_OBJ_FFLUSH_FALSE=''nGL_COND_OBJ_FFLUSH_TRUE='#'nGL_COND_OBJ_FDOPENDIR_FALSE=''nGL_COND_OBJ_FDOPENDIR_TRUE='#'nGL_COND_OBJ_FDATASYNC_FALSE=''nGL_COND_OBJ_FDATASYNC_TRUE='#'nLIB_FDATASYNC=''nFDATASYNC_LIB=''nNEXT_AS_FIRST_DIRECTIVE_FCNTL_H='<fcntl.h>'nNEXT_FCNTL_H='<fcntl.h>'nGL_GNULIB_MDA_OPEN='1'nGL_GNULIB_MDA_CREAT='1'nGL_GNULIB_OPENAT='1'nGL_GNULIB_OPEN='1'nGL_GNULIB_NONBLOCKING='0'nGL_GNULIB_FCNTL='1'nGL_GNULIB_CREAT='0'nGL_COND_OBJ_FCNTL_FALSE='#'nGL_COND_OBJ_FCNTL_TRUE=''nREPLACE_OPENAT='0'nREPLACE_OPEN='0'nREPLACE_FCNTL='1'nREPLACE_CREAT='0'nHAVE_OPENAT='1'nHAVE_FCNTL='1'nGL_GNULIB_MDA_TEMPNAM='1'nGL_GNULIB_MDA_PUTW='1'nGL_GNULIB_MDA_GETW='1'nGL_GNULIB_MDA_FILENO='1'nGL_GNULIB_MDA_FDOPEN='1'nGL_GNULIB_MDA_FCLOSEALL='1'nGL_GNULIB_ZPRINTF='0'nGL_GNULIB_VZPRINTF='0'nGL_GNULIB_VSZPRINTF='0'nGL_GNULIB_VSPRINTF_POSIX='0'nGL_GNULIB_VSNZPRINTF='0'nGL_GNULIB_VSNPRINTF='0'nGL_GNULIB_VPRINTF_POSIX='0'nGL_GNULIB_VPRINTF='1'nGL_GNULIB_VFZPRINTF='1'nGL_GNULIB_VFPRINTF_POSIX='1'nGL_GNULIB_VFPRINTF='1'nGL_GNULIB_VDZPRINTF='0'nGL_GNULIB_VDPRINTF='0'nGL_GNULIB_VSCANF='0'nGL_GNULIB_VFSCANF='0'nGL_GNULIB_VASZPRINTF='0'nGL_GNULIB_VASPRINTF='0'nGL_GNULIB_TMPFILE='0'nGL_GNULIB_SZPRINTF='0'nGL_GNULIB_STDIO_H_SIGPIPE='0'nGL_GNULIB_STDIO_H_NONBLOCKING='0'nGL_GNULIB_SPRINTF_POSIX='0'nGL_GNULIB_SNZPRINTF='0'nGL_GNULIB_SNPRINTF='0'nGL_GNULIB_SCANF='1'nGL_GNULIB_RENAMEAT='0'nGL_GNULIB_RENAME='0'nGL_GNULIB_REMOVE='0'nGL_GNULIB_PUTS='1'nGL_GNULIB_PUTCHAR='1'nGL_GNULIB_PUTC='1'nGL_GNULIB_PRINTF_POSIX='1'nGL_GNULIB_PRINTF='1'nGL_GNULIB_POPEN='0'nGL_GNULIB_PERROR='0'nGL_GNULIB_PCLOSE='0'nGL_GNULIB_OBSTACK_ZPRINTF='0'nGL_GNULIB_OBSTACK_PRINTF_POSIX='0'nGL_GNULIB_OBSTACK_PRINTF='0'nGL_GNULIB_GETLINE='0'nGL_GNULIB_GETDELIM='0'nGL_GNULIB_GETCHAR='1'nGL_GNULIB_GETC='1'nGL_GNULIB_FZPRINTF='0'nGL_GNULIB_FWRITE='1'nGL_GNULIB_FTELLO='1'nGL_GNULIB_FTELL='1'nGL_GNULIB_FSEEKO='1'nGL_GNULIB_FSEEK='1'nGL_GNULIB_FSCANF='1'nGL_GNULIB_FREOPEN='0'nGL_GNULIB_FREAD='1'nGL_GNULIB_FPUTS='1'nGL_GNULIB_FPUTC='1'nGL_GNULIB_FPURGE='1'nGL_GNULIB_FPRINTF_POSIX='1'nGL_GNULIB_FPRINTF='1'nGL_GNULIB_FOPEN_GNU='0'nGL_GNULIB_FOPEN='1'nGL_GNULIB_FGETS='1'nGL_GNULIB_FGETC='1'nGL_GNULIB_FFLUSH='1'nGL_GNULIB_FDOPEN='0'nGL_GNULIB_FCLOSE='1'nGL_GNULIB_DZPRINTF='0'nGL_GNULIB_DPRINTF='0'nGL_COND_OBJ_FCLOSE_FALSE=''nGL_COND_OBJ_FCLOSE_TRUE='#'nREPLACE_VSPRINTF='0'nREPLACE_VSNPRINTF='0'nREPLACE_VPRINTF='0'nREPLACE_VFPRINTF='1'nREPLACE_VDPRINTF='0'nREPLACE_VASPRINTF='0'nREPLACE_TMPFILE='0'nREPLACE_STDIO_WRITE_FUNCS='0'nREPLACE_STDIO_READ_FUNCS='0'nREPLACE_SPRINTF='0'nREPLACE_SNPRINTF='0'nREPLACE_RENAMEAT='0'nREPLACE_RENAME='0'nREPLACE_REMOVE='0'nREPLACE_PRINTF='1'nREPLACE_POPEN='0'nREPLACE_PERROR='0'nREPLACE_OBSTACK_PRINTF='0'nREPLACE_GETLINE='0'nREPLACE_GETDELIM='0'nREPLACE_FTELLO='0'nREPLACE_FTELL='0'nREPLACE_FSEEKO='0'nREPLACE_FSEEK='0'nREPLACE_FREOPEN='0'nREPLACE_FPURGE='1'nREPLACE_FPRINTF='1'nREPLACE_FOPEN_FOR_FOPEN_GNU='0'nREPLACE_FOPEN='0'nREPLACE_FFLUSH='0'nREPLACE_FDOPEN='0'nREPLACE_FCLOSE='0'nREPLACE_DPRINTF='0'nHAVE_VDPRINTF='1'nHAVE_VASPRINTF='1'nHAVE_RENAMEAT='1'nHAVE_POPEN='1'nHAVE_PCLOSE='1'nHAVE_FTELLO='1'nHAVE_FSEEKO='1'nHAVE_DPRINTF='1'nHAVE_DECL_VSNPRINTF='1'nHAVE_DECL_SNPRINTF='1'nHAVE_DECL_PUTW='1'nHAVE_DECL_OBSTACK_PRINTF='1'nHAVE_DECL_GETW='1'nHAVE_DECL_GETLINE='1'nHAVE_DECL_GETDELIM='1'nHAVE_DECL_FTELLO='1'nHAVE_DECL_FSEEKO='1'nHAVE_DECL_FPURGE='0'nHAVE_DECL_FCLOSEALL='0'nGL_COND_OBJ_FCHDIR_FALSE=''nGL_COND_OBJ_FCHDIR_TRUE='#'nGL_COND_OBJ_ERROR_FALSE='#'nGL_COND_OBJ_ERROR_TRUE=''nREPLACE_ERROR_AT_LINE='0'nREPLACE_ERROR='0'nHAVE_ERROR_AT_LINE='0'nHAVE_ERROR='0'nHAVE_ERROR_H='0'nNEXT_AS_FIRST_DIRECTIVE_ERROR_H='<error.h>'nNEXT_ERROR_H='<error.h>'nGL_GENERATE_ERRNO_H_FALSE=''nGL_GENERATE_ERRNO_H_TRUE='#'nERRNO_H=''nEOVERFLOW_VALUE=''nEOVERFLOW_HIDDEN=''nENOLINK_VALUE=''nENOLINK_HIDDEN=''nEMULTIHOP_VALUE=''nEMULTIHOP_HIDDEN=''nNEXT_AS_FIRST_DIRECTIVE_ERRNO_H=''nNEXT_ERRNO_H=''nGL_GENERATE_ENDIAN_H_FALSE=''nGL_GENERATE_ENDIAN_H_TRUE='#'nENDIAN_H=''nENDIAN_H_JUST_MISSING_STDINT='1'nHAVE_SYS_ENDIAN_H='0'nHAVE_ENDIAN_H='1'nNEXT_AS_FIRST_DIRECTIVE_ENDIAN_H='<endian.h>'nNEXT_ENDIAN_H='<endian.h>'nGL_COND_OBJ_DUP2_FALSE=''nGL_COND_OBJ_DUP2_TRUE='#'nGL_COND_OBJ_DUP_FALSE=''nGL_COND_OBJ_DUP_TRUE='#'nGL_COND_OBJ_DIRFD_FALSE=''nGL_COND_OBJ_DIRFD_TRUE='#'nHAVE_DIRENT_H='1'nNEXT_AS_FIRST_DIRECTIVE_DIRENT_H='<dirent.h>'nNEXT_DIRENT_H='<dirent.h>'nGL_CRC_X86_64_PCLMUL_FALSE='#'nGL_CRC_X86_64_PCLMUL_TRUE=''nBUILD_LDFLAGS=''nBUILD_CFLAGS='-g -O2'nBUILD_CPPFLAGS=''nBUILD_CC='gcc'nGL_GNULIB_ALPHASORT='0'nGL_GNULIB_SCANDIR='0'nGL_GNULIB_FDOPENDIR='1'nGL_GNULIB_DIRFD='1'nGL_GNULIB_CLOSEDIR='1'nGL_GNULIB_REWINDDIR='0'nGL_GNULIB_READDIR='1'nGL_GNULIB_OPENDIR='1'nGL_COND_OBJ_CLOSEDIR_FALSE=''nGL_COND_OBJ_CLOSEDIR_TRUE='#'nDIR_HAS_FD_MEMBER='1'nREPLACE_FDOPENDIR='0'nREPLACE_DIRFD='0'nREPLACE_CLOSEDIR='0'nREPLACE_REWINDDIR='0'nREPLACE_READDIR='0'nREPLACE_OPENDIR='0'nHAVE_ALPHASORT='1'nHAVE_SCANDIR='1'nHAVE_FDOPENDIR='1'nHAVE_DECL_FDOPENDIR='1'nHAVE_DECL_DIRFD='1'nHAVE_CLOSEDIR='1'nHAVE_REWINDDIR='1'nHAVE_READDIR='1'nHAVE_OPENDIR='1'nGL_COND_OBJ_CLOSE_FALSE=''nGL_COND_OBJ_CLOSE_TRUE='#'nHAVE_WINSOCK2_H='0'nHAVE_MSVC_INVALID_PARAMETER_HANDLER='0'nLIB_CLOCK_GETTIME=''nCLOCK_TIME_LIB=''nGL_COND_OBJ_CHDIR_LONG_FALSE='#'nGL_COND_OBJ_CHDIR_LONG_TRUE=''nUNISTD_H_HAVE_WINSOCK2_H_AND_USE_SOCKETS='0'nUNISTD_H_HAVE_WINSOCK2_H='0'nUNISTD_H_HAVE_SYS_RANDOM_H='0'nREPLACE_WRITE='0'nREPLACE_USLEEP='0'nREPLACE_UNLINKAT='0'nREPLACE_UNLINK='0'nREPLACE_TTYNAME_R='0'nREPLACE_TRUNCATE='0'nREPLACE_SYMLINKAT='0'nREPLACE_SYMLINK='0'nREPLACE_SLEEP='0'nREPLACE_SETHOSTNAME='0'nREPLACE_RMDIR='0'nREPLACE_READLINKAT='0'nREPLACE_READLINK='0'nREPLACE_READ='0'nREPLACE_PWRITE='0'nREPLACE_PREAD='0'nREPLACE_PIPE2='0'nREPLACE_LSEEK='0'nREPLACE_LINKAT='0'nREPLACE_LINK='0'nREPLACE_LCHOWN='0'nREPLACE_ISATTY='0'nREPLACE_GETUSERSHELL='0'nREPLACE_GETPASS_FOR_GETPASS_GNU='0'nREPLACE_GETPASS='0'nREPLACE_GETPAGESIZE='0'nREPLACE_GETGROUPS='0'nREPLACE_GETLOGIN_R='0'nREPLACE_GETENTROPY='0'nREPLACE_GETDTABLESIZE='0'nREPLACE_GETDOMAINNAME='0'nREPLACE_GETCWD='0'nREPLACE_FTRUNCATE='0'nREPLACE_FDATASYNC='0'nREPLACE_FCHOWNAT='0'nREPLACE_FCHDIR='0'nREPLACE_FACCESSAT='0'nREPLACE_EXECVPE='0'nREPLACE_EXECVP='0'nREPLACE_EXECVE='0'nREPLACE_EXECV='0'nREPLACE_EXECLP='0'nREPLACE_EXECLE='0'nREPLACE_EXECL='0'nREPLACE_DUP3='0'nREPLACE_DUP2='0'nREPLACE_DUP='0'nREPLACE_COPY_FILE_RANGE='0'nREPLACE_CLOSE='0'nREPLACE_CHOWN='0'nREPLACE_ACCESS='0'nHAVE_SYS_PARAM_H='0'nHAVE_OS_H='0'nHAVE_DECL_TTYNAME_R='1'nHAVE_DECL_TRUNCATE='1'nHAVE_DECL_SETHOSTNAME='1'nHAVE_DECL_GETUSERSHELL='1'nHAVE_DECL_GETPAGESIZE='1'nHAVE_DECL_GETLOGIN_R='1'nHAVE_DECL_GETLOGIN='1'nHAVE_DECL_GETDOMAINNAME='1'nHAVE_DECL_FDATASYNC='1'nHAVE_DECL_FCHDIR='1'nHAVE_DECL_EXECVPE='1'nHAVE_DECL_ENVIRON='1'nHAVE_USLEEP='1'nHAVE_UNLINKAT='1'nHAVE_SYMLINKAT='1'nHAVE_SYMLINK='1'nHAVE_SLEEP='1'nHAVE_SETHOSTNAME='1'nHAVE_READLINKAT='1'nHAVE_READLINK='1'nHAVE_PWRITE='1'nHAVE_PREAD='1'nHAVE_PIPE2='1'nHAVE_PIPE='1'nHAVE_LINKAT='1'nHAVE_LINK='1'nHAVE_LCHOWN='1'nHAVE_GROUP_MEMBER='1'nHAVE_GETPASS='1'nHAVE_GETPAGESIZE='1'nHAVE_GETLOGIN='1'nHAVE_GETHOSTNAME='1'nHAVE_GETGROUPS='1'nHAVE_GETENTROPY='1'nHAVE_GETDTABLESIZE='1'nHAVE_FTRUNCATE='1'nHAVE_FSYNC='1'nHAVE_FDATASYNC='1'nHAVE_FCHOWNAT='1'nHAVE_FCHDIR='1'nHAVE_FACCESSAT='1'nHAVE_EXECVPE='1'nHAVE_EUIDACCESS='1'nHAVE_DUP3='1'nHAVE_COPY_FILE_RANGE='1'nHAVE_CHOWN='1'nGL_GNULIB_MDA_WRITE='1'nGL_GNULIB_MDA_UNLINK='1'nGL_GNULIB_MDA_SWAB='1'nGL_GNULIB_MDA_RMDIR='1'nGL_GNULIB_MDA_READ='1'nGL_GNULIB_MDA_LSEEK='1'nGL_GNULIB_MDA_ISATTY='1'nGL_GNULIB_MDA_GETPID='1'nGL_GNULIB_MDA_GETCWD='1'nGL_GNULIB_MDA_EXECVPE='1'nGL_GNULIB_MDA_EXECVP='1'nGL_GNULIB_MDA_EXECVE='1'nGL_GNULIB_MDA_EXECV='1'nGL_GNULIB_MDA_EXECLP='1'nGL_GNULIB_MDA_EXECLE='1'nGL_GNULIB_MDA_EXECL='1'nGL_GNULIB_MDA_DUP2='1'nGL_GNULIB_MDA_DUP='1'nGL_GNULIB_MDA_CLOSE='1'nGL_GNULIB_MDA_CHDIR='1'nGL_GNULIB_MDA_ACCESS='1'nGL_GNULIB_WRITE='0'nGL_GNULIB_USLEEP='0'nGL_GNULIB_UNLINKAT='1'nGL_GNULIB_UNLINK='1'nGL_GNULIB_UNISTD_H_SIGPIPE='0'nGL_GNULIB_UNISTD_H_NONBLOCKING='0'nGL_GNULIB_UNISTD_H_GETOPT='1'nGL_GNULIB_TTYNAME_R='0'nGL_GNULIB_TRUNCATE='0'nGL_GNULIB_SYMLINKAT='0'nGL_GNULIB_SYMLINK='0'nGL_GNULIB_SLEEP='0'nGL_GNULIB_SETHOSTNAME='0'nGL_GNULIB_RMDIR='1'nGL_GNULIB_READLINKAT='0'nGL_GNULIB_READLINK='0'nGL_GNULIB_READ='0'nGL_GNULIB_PWRITE='0'nGL_GNULIB_PREAD='0'nGL_GNULIB_PIPE2='0'nGL_GNULIB_PIPE='1'nGL_GNULIB_LSEEK='1'nGL_GNULIB_LINKAT='0'nGL_GNULIB_LINK='0'nGL_GNULIB_LCHOWN='0'nGL_GNULIB_ISATTY='0'nGL_GNULIB_GROUP_MEMBER='0'nGL_GNULIB_GETUSERSHELL='0'nGL_GNULIB_GETPASS_GNU='0'nGL_GNULIB_GETPASS='0'nGL_GNULIB_GETPAGESIZE='0'nGL_GNULIB_GETOPT_POSIX='1'nGL_GNULIB_GETLOGIN_R='0'nGL_GNULIB_GETLOGIN='0'nGL_GNULIB_GETHOSTNAME='0'nGL_GNULIB_GETGROUPS='0'nGL_GNULIB_GETENTROPY='0'nGL_GNULIB_GETDTABLESIZE='1'nGL_GNULIB_GETDOMAINNAME='0'nGL_GNULIB_GETCWD='1'nGL_GNULIB_FTRUNCATE='0'nGL_GNULIB_FSYNC='1'nGL_GNULIB_FDATASYNC='1'nGL_GNULIB_FCHOWNAT='0'nGL_GNULIB_FCHDIR='1'nGL_GNULIB_FACCESSAT='0'nGL_GNULIB_EXECVPE='0'nGL_GNULIB_EXECVP='0'nGL_GNULIB_EXECVE='0'nGL_GNULIB_EXECV='0'nGL_GNULIB_EXECLP='0'nGL_GNULIB_EXECLE='0'nGL_GNULIB_EXECL='0'nGL_GNULIB_EUIDACCESS='0'nGL_GNULIB_ENVIRON='0'nGL_GNULIB_DUP3='0'nGL_GNULIB_DUP2='1'nGL_GNULIB_DUP='1'nGL_GNULIB_COPY_FILE_RANGE='0'nGL_GNULIB_CLOSE='1'nGL_GNULIB_CHOWN='0'nGL_GNULIB_CHDIR='1'nGL_GNULIB_ACCESS='0'nGL_GNULIB_MDA_PUTENV='1'nGL_GNULIB_MDA_MKTEMP='1'nGL_GNULIB_MDA_GCVT='1'nGL_GNULIB_MDA_FCVT='1'nGL_GNULIB_MDA_ECVT='1'nGL_GNULIB_WCTOMB='0'nGL_GNULIB_UNSETENV='0'nGL_GNULIB_UNLOCKPT='0'nGL_GNULIB_SYSTEM_POSIX='0'nGL_GNULIB_STRTOULL='0'nGL_GNULIB_STRTOUL='0'nGL_GNULIB_STRTOLL='0'nGL_GNULIB_STRTOLD='0'nGL_GNULIB_STRTOL='0'nGL_GNULIB_STRTOF='0'nGL_GNULIB_STRTOD='0'nGL_GNULIB_STACK_TRACE='0'nGL_GNULIB_SETENV='0'nGL_GNULIB_SECURE_GETENV='0'nGL_GNULIB_RPMATCH='0'nGL_GNULIB_REALPATH='0'nGL_GNULIB_REALLOC_POSIX='1'nGL_GNULIB_REALLOCARRAY='1'nGL_GNULIB_RANDOM_R='0'nGL_GNULIB_RANDOM='0'nGL_GNULIB_RAND='0'nGL_GNULIB_QSORT_R='1'nGL_GNULIB_PUTENV='0'nGL_GNULIB_PTSNAME_R='0'nGL_GNULIB_PTSNAME='0'nGL_GNULIB_POSIX_OPENPT='0'nGL_GNULIB_POSIX_MEMALIGN='0'nGL_GNULIB_MKSTEMPS='0'nGL_GNULIB_MKSTEMP='0'nGL_GNULIB_MKOSTEMPS='0'nGL_GNULIB_MKOSTEMP='0'nGL_GNULIB_MKDTEMP='0'nGL_GNULIB_MBTOWC='0'nGL_GNULIB_MBSTOWCS='0'nGL_GNULIB_MALLOC_POSIX='1'nGL_GNULIB_MALLOC_GNU='1'nGL_GNULIB_GRANTPT='0'nGL_GNULIB_GETSUBOPT='0'nGL_GNULIB_GETPROGNAME='1'nGL_GNULIB_GETLOADAVG='0'nGL_GNULIB_FREE_POSIX='1'nGL_GNULIB_CANONICALIZE_FILE_NAME='0'nGL_GNULIB_CALLOC_POSIX='1'nGL_GNULIB_CALLOC_GNU='1'nGL_GNULIB_ATOLL='0'nGL_GNULIB_ALIGNED_ALLOC='0'nGL_GNULIB_ABORT_DEBUG='0'nGL_GNULIB__EXIT='0'nCAN_PRINT_STACK_TRACE='0'nREPLACE_WCTOMB='0'nREPLACE_UNSETENV='0'nREPLACE_STRTOULL='0'nREPLACE_STRTOUL='0'nREPLACE_STRTOLL='0'nREPLACE_STRTOLD='0'nREPLACE_STRTOL='0'nREPLACE_STRTOF='0'nREPLACE_STRTOD='0'nREPLACE_SETSTATE='0'nREPLACE_SETENV='0'nREPLACE_REALPATH='0'nREPLACE_REALLOCARRAY='0'nREPLACE_REALLOC_FOR_REALLOC_POSIX='0'nREPLACE_RANDOM_R='0'nREPLACE_RANDOM='0'nREPLACE_RAND='0'nREPLACE_QSORT_R='0'nREPLACE_PUTENV='0'nREPLACE_PTSNAME_R='0'nREPLACE_PTSNAME='0'nREPLACE_POSIX_OPENPT='0'nREPLACE_POSIX_MEMALIGN='0'nREPLACE_MKSTEMP='0'nREPLACE_MKOSTEMPS='0'nREPLACE_MKOSTEMP='0'nREPLACE_MBTOWC='0'nREPLACE_MBSTOWCS='0'nREPLACE_MB_CUR_MAX='0'nREPLACE_MALLOC_FOR_MALLOC_POSIX='0'nREPLACE_MALLOC_FOR_MALLOC_GNU='0'nREPLACE_INITSTATE='0'nREPLACE_GETSUBOPT='0'nREPLACE_GETPROGNAME='0'nREPLACE_GETLOADAVG='0'nREPLACE_FREE='1'nREPLACE_CANONICALIZE_FILE_NAME='0'nREPLACE_CALLOC_FOR_CALLOC_POSIX='0'nREPLACE_CALLOC_FOR_CALLOC_GNU='0'nREPLACE_ALIGNED_ALLOC='0'nREPLACE_ABORT='0'nREPLACE__EXIT='0'nHAVE_DECL_UNSETENV='1'nHAVE_UNLOCKPT='1'nHAVE_SYS_LOADAVG_H='0'nHAVE_STRUCT_RANDOM_DATA='1'nHAVE_STRTOULL='1'nHAVE_STRTOUL='1'nHAVE_STRTOLL='1'nHAVE_STRTOLD='1'nHAVE_STRTOL='1'nHAVE_STRTOF='1'nHAVE_STRTOD='1'nHAVE_DECL_SETSTATE='1'nHAVE_SETSTATE='1'nHAVE_DECL_SETENV='1'nHAVE_SETENV='1'nHAVE_SECURE_GETENV='1'nHAVE_RPMATCH='1'nHAVE_REALPATH='1'nHAVE_REALLOCARRAY='1'nHAVE_RANDOM_R='1'nHAVE_RANDOM_H='1'nHAVE_RANDOM='1'nHAVE_QSORT_R='1'nHAVE_PTSNAME_R='1'nHAVE_PTSNAME='1'nHAVE_POSIX_OPENPT='1'nHAVE_POSIX_MEMALIGN='1'nHAVE_MKSTEMPS='1'nHAVE_MKSTEMP='1'nHAVE_MKOSTEMPS='1'nHAVE_MKOSTEMP='1'nHAVE_MKDTEMP='1'nHAVE_MBTOWC='1'nHAVE_DECL_INITSTATE='1'nHAVE_INITSTATE='1'nHAVE_GRANTPT='1'nHAVE_GETSUBOPT='1'nHAVE_GETPROGNAME='0'nHAVE_DECL_PROGRAM_INVOCATION_NAME='1'nHAVE_DECL_GETLOADAVG='1'nHAVE_DECL_GCVT='1'nHAVE_DECL_FCVT='1'nHAVE_DECL_ECVT='1'nHAVE_CANONICALIZE_FILE_NAME='1'nHAVE_ATOLL='1'nHAVE_ALIGNED_ALLOC='1'nHAVE__EXIT='1'nGL_GENERATE_BYTESWAP_H_FALSE=''nGL_GENERATE_BYTESWAP_H_TRUE='#'nBYTESWAP_H=''nGL_GENERATE_ASSERT_H_FALSE=''nGL_GENERATE_ASSERT_H_TRUE='#'nASSERT_H=''nNEXT_AS_FIRST_DIRECTIVE_ASSERT_H=''nNEXT_ASSERT_H=''nPRAGMA_COLUMNS=''nPRAGMA_SYSTEM_HEADER='#pragma GCC system_header'nINCLUDE_NEXT_AS_FIRST_DIRECTIVE='include_next'nINCLUDE_NEXT='include_next'nGL_GENERATE_ALLOCA_H_FALSE='#'nGL_GENERATE_ALLOCA_H_TRUE=''nALLOCA_H='alloca.h'nHAVE_ALLOCA_H='1'nALLOCA=''nGL_COND_LIBTOOL_FALSE=''nGL_COND_LIBTOOL_TRUE='#'nARFLAGS='cr'nAR='ar'nhost_os='linux-musl'nhost_vendor='pc'nhost_cpu='x86_64'nhost='x86_64-pc-linux-musl'nbuild_os='linux-musl'nbuild_vendor='pc'nbuild_cpu='x86_64'nbuild='x86_64-pc-linux-musl'nRANLIB='ranlib'nLN_S='ln -s'nNM='nm'nMORE_FALSE='#'nMORE_TRUE=''nMORE='more'nLESS_FALSE='#'nLESS_TRUE=''nLESS='less'nGREP='/bin/grep'nCPP='gcc -E'nam__fastdepCC_FALSE='#'nam__fastdepCC_TRUE=''nCCDEPMODE='depmode=gcc3'nam__nodep='_no'nAMDEPBACKSLASH='\'nAMDEP_FALSE='#'nAMDEP_TRUE=''nam__include='include'nDEPDIR='.deps'nOBJEXT='o'nEXEEXT=''nac_ct_CC='gcc'nCPPFLAGS=''nLDFLAGS=''nCFLAGS='-g -O2'nCC='gcc'nam__xargs_n='xargs -n'nam__rm_f_notfound=''nAM_BACKSLASH='\'nAM_DEFAULT_VERBOSITY='0'nAM_DEFAULT_V='$(AM_DEFAULT_VERBOSITY)'nAM_V='$(V)'nCSCOPE='cscope'nETAGS='etags'nCTAGS='ctags'nam__untar='$${TAR-tar} xf -'nam__tar='$${TAR-tar} chof - "$$tardir"'nAMTAR='$${TAR-tar}'nam__leading_dot='.'nSET_MAKE=''nAWK='gawk'nmkdir_p='$(MKDIR_P)'nMKDIR_P='/bin/mkdir -p'nINSTALL_STRIP_PROGRAM='$(install_sh) -c -s'nSTRIP=''ninstall_sh='${SHELL} /home/sonakrie/Work/testicular_linux/gzip/build-aux/install-sh'nMAKEINFO='${SHELL} '\''/home/sonakrie/Work/testicular_linux/gzip/build-aux/missing'\'' makeinfon'nAUTOHEADER='${SHELL} '\''/home/sonakrie/Work/testicular_linux/gzip/build-aux/missing'\'' autoheadern'nAUTOMAKE='${SHELL} '\''/home/sonakrie/Work/testicular_linux/gzip/build-aux/missing'\'' automake-1.17n'nAUTOCONF='${SHELL} '\''/home/sonakrie/Work/testicular_linux/gzip/build-aux/missing'\'' autoconfn'nACLOCAL='${SHELL} '\''/home/sonakrie/Work/testicular_linux/gzip/build-aux/missing'\'' aclocal-1.17n'nVERSION='1.14'nPACKAGE='gzip'nCYGPATH_W='echo'nam__isrc=''nINSTALL_DATA='${INSTALL} -m 644'nINSTALL_SCRIPT='${INSTALL}'nINSTALL_PROGRAM='${INSTALL}'nECHO_T=''nECHO_N='-n'nECHO_C=''ntarget_alias=''nhost_alias=''nbuild_alias=''nLIBS=''nDEFS='-DHAVE_CONFIG_H'nmandir='${datarootdir}/man'nlocaledir='${datarootdir}/locale'nlibdir='${exec_prefix}/lib'npsdir='${docdir}'npdfdir='${docdir}'ndvidir='${docdir}'nhtmldir='${docdir}'ninfodir='${datarootdir}/info'ndocdir='${datarootdir}/doc/${PACKAGE_TARNAME}'noldincludedir='/usr/include'nincludedir='${prefix}/include'nrunstatedir='${localstatedir}/run'nlocalstatedir='${prefix}/var'nsharedstatedir='${prefix}/com'nsysconfdir='${prefix}/etc'ndatadir='${datarootdir}'ndatarootdir='${prefix}/share'nlibexecdir='${exec_prefix}/libexec'nsbindir='${exec_prefix}/sbin'nbindir='${exec_prefix}/bin'nprogram_transform_name='s,x,x,'nprefix='/usr'nexec_prefix='${prefix}'nPACKAGE_URL=''nPACKAGE_BUGREPORT='bug-gzip@gnu.org'nPACKAGE_STRING='gzip 1.14'nPACKAGE_VERSION='1.14'nPACKAGE_TARNAME='gzip'nPACKAGE_NAME='gzip'nPATH_SEPARATOR=':'nSHELL='/bin/sh'nam__quote=''n

## ----------- ##
## confdefs.h. ##
## ----------- ##n
/* confdefs.h */
#define PACKAGE_NAME "gzip"
#define PACKAGE_TARNAME "gzip"
#define PACKAGE_VERSION "1.14"
#define PACKAGE_STRING "gzip 1.14"
#define PACKAGE_BUGREPORT "bug-gzip@gnu.org"
#define PACKAGE_URL ""
#define PACKAGE "gzip"
#define VERSION "1.14"
#define HAVE_STDIO_H 1
#define HAVE_STDLIB_H 1
#define HAVE_STRING_H 1
#define HAVE_INTTYPES_H 1
#define HAVE_STDINT_H 1
#define HAVE_STRINGS_H 1
#define HAVE_SYS_STAT_H 1
#define HAVE_SYS_TYPES_H 1
#define HAVE_UNISTD_H 1
#define HAVE_WCHAR_H 1
#define HAVE_STDBOOL_H 1
#define HAVE_BYTESWAP_H 1
#define HAVE_SYS_PARAM_H 1
#define HAVE_SYS_SOCKET_H 1
#define HAVE_DIRENT_H 1
#define HAVE_ENDIAN_H 1
#define HAVE_FEATURES_H 1
#define HAVE_STDIO_EXT_H 1
#define HAVE_GETOPT_H 1
#define HAVE_SYS_TIME_H 1
#define HAVE_LIMITS_H 1
#define HAVE_MATH_H 1
#define HAVE_SYS_MMAN_H 1
#define HAVE_STDCKDINT_H 1
#define HAVE_UTIME_H 1
#define HAVE_FCNTL_H 1
#define HAVE_MEMORY_H 1
#define HAVE_TIME_H 1
#define STDC_HEADERS 1
#define _ALL_SOURCE 1
#define _COSMO_SOURCE 1
#define _DARWIN_C_SOURCE 1
#define _GNU_SOURCE 1
#define _HPUX_ALT_XOPEN_SOCKET_API 1
#define _NETBSD_SOURCE 1
#define _OPENBSD_SOURCE 1
#define _POSIX_PTHREAD_SEMANTICS 1
#define __STDC_WANT_IEC_60559_ATTRIBS_EXT__ 1
#define __STDC_WANT_IEC_60559_BFP_EXT__ 1
#define __STDC_WANT_IEC_60559_DFP_EXT__ 1
#define __STDC_WANT_IEC_60559_EXT__ 1
#define __STDC_WANT_IEC_60559_FUNCS_EXT__ 1
#define __STDC_WANT_IEC_60559_TYPES_EXT__ 1
#define __STDC_WANT_LIB_EXT2__ 1
#define __STDC_WANT_MATH_SPEC_FUNCS__ 1
#define _TANDEM_SOURCE 1
#define __EXTENSIONS__ 1
#define _LINUX_SOURCE_COMPAT 1
#define __USE_MINGW_ANSI_STDIO 1
#define HAVE_ALLOCA_H 1
#define HAVE_ALLOCA 1
#define HAVE_MALLOC_PTRDIFF 1
#define HAVE_MALLOC_POSIX 1
#define HAVE_FCHDIR 1
#define HAVE_FCNTL 1
#define HAVE_SYMLINK 1
#define HAVE_FDOPENDIR 1
#define HAVE_SNPRINTF 1
#define HAVE_FPURGE 1
#define HAVE_FSYNC 1
#define HAVE_GETDTABLESIZE 1
#define HAVE_GETTIMEOFDAY 1
#define HAVE_LSTAT 1
#define HAVE_MBSINIT 1
#define HAVE_MBRTOWC 1
#define HAVE_MPROTECT 1
#define HAVE_OPENAT 1
#define HAVE_PIPE 1
#define HAVE_QSORT_R 1
#define HAVE_SIGACTION 1
#define HAVE_SIGALTSTACK 1
#define HAVE_SIGINTERRUPT 1
#define HAVE_UNLINKAT 1
#define HAVE_CHOWN 1
#define HAVE_FCHMOD 1
#define HAVE_FCHOWN 1
#define GL_CRC_SLICE_BY_8 1
#define GL_CRC_X86_64_PCLMUL 1
#define HAVE_DECL_STRERROR_R 1
#define HAVE_STRERROR_R 1
#define HAVE_DECL_FCHDIR 1
#define FUNC_FFLUSH_STDIN 1
#define HAVE_WORKING_O_NOATIME 1
#define HAVE_WORKING_O_NOFOLLOW 1
#define PROMOTED_MODE_T mode_t
#define HAVE_DECL_FDATASYNC 1
#define HAVE_STDINT_H_WITH_UINTMAX 1
#define HAVE_INTTYPES_H_WITH_UINTMAX 1
#define CHECK_PRINTF_SAFE 1
#define HAVE_WINT_T 1
#define DBL_EXPBIT0_WORD 1
#define DBL_EXPBIT0_BIT 20
#define HAVE_WCSLEN 1
#define HAVE_SNPRINTF 1
#define HAVE_STRNLEN 1
#define HAVE_WCRTOMB 1
#define HAVE_DECL__SNPRINTF 0
#define HAVE_SNPRINTF_RETVAL_C99 1
#define HAVE_SNPRINTF_TRUNCATION_C99 1
#define HAVE_INTMAX_T 1
#define HAVE_DECL_ALARM 1
#define _USE_STD_STAT 1
#define HAVE_DECL_FSEEKO 1
#define FUNC_FFLUSH_STDIN 1
#define restrict __restrict__
#define HAVE_DECL_FTELLO 1
#define HAVE_DECL_GETDTABLESIZE 1
#define HAVE_GETOPT_H 1
#define HAVE_GETOPT_LONG_ONLY 1
#define MUSL_LIBC 1
#define HAVE_LONG_LONG_INT 1
#define HAVE_UNSIGNED_LONG_LONG_INT 1
#define FLT_EXPBIT0_WORD 0
#define FLT_EXPBIT0_BIT 23
#define LDBL_EXPBIT0_WORD 2
#define LDBL_EXPBIT0_BIT 0
#define LSTAT_FOLLOWS_SLASHED_SYMLINK 1
#define HAVE_MALLOC_0_NONNULL 1
#define HAVE_MBSTATE_T 1
#define HAVE_LANGINFO_CODESET 1
#define HAVE_MAP_ANONYMOUS 1
#define HAVE_DECL_MEMRCHR 1
#define HAVE_MINMAX_IN_SYS_PARAM_H 1
#define USER_LABEL_PREFIX 
#define HAVE_SIGSET_T 1
#define HAVE_DECL_FCLOSEALL 0
#define HAVE_DECL_GETW 1
#define HAVE_DECL_PUTW 1
#define HAVE_DECL_ECVT 1
#define HAVE_DECL_FCVT 1
#define HAVE_DECL_GCVT 1
#define HAVE_DECL_STRDUP 1
#define HAVE_DECL_EXECVPE 1
#define HAVE_WORKING_UTIMES 1
#define HAVE_DECL_WCSDUP 1
#define HAVE_C_ALIGNASOF 1
#define HAVE_ALLOCA 1
#define HAVE_C_STATIC_ASSERT 1
#define HAVE_C_BOOL 1
#define GNULIB_TEST_CALLOC_GNU 1
#define GNULIB_TEST_CALLOC_POSIX 1
#define GNULIB_TEST_CHDIR 1
#define HAVE_CLOCK_GETRES 1
#define HAVE_CLOCK_GETTIME 1
#define HAVE_CLOCK_SETTIME 1
#define GNULIB_TEST_CLOEXEC 1
#define GNULIB_TEST_CLOSE 1
#define GNULIB_CLOSE 1
#define HAVE_CLOSEDIR 1
#define GNULIB_TEST_CLOSEDIR 1
#define HAVE_DIRFD 1
#define HAVE_DECL_DIRFD 1
#define GNULIB_TEST_DIRFD 1
#define GNULIB_TEST_DUP 1
#define GNULIB_TEST_DUP2 1
#define GNULIB_TEST_FCHDIR 1
#define GNULIB_TEST_FCLOSE 1
#define GNULIB_TEST_FCNTL 1
#define GNULIB_FCNTL_SAFER 1
#define HAVE_FDATASYNC 1
#define GNULIB_TEST_FDATASYNC 1
#define HAVE_DECL_FDOPENDIR 1
#define GNULIB_TEST_FDOPENDIR 1
#define GNULIB_FDOPENDIR 1
#define FUNC_FFLUSH_STDIN 1
#define GNULIB_FFLUSH 1
#define GNULIB_TEST_FFLUSH 1
#define HAVE_MEMPCPY 1
#define GNULIB_TEST_FOPEN 1
#define NEED_PRINTF_DIRECTIVE_B 1
#define REPLACE_FPRINTF_POSIX 1
#define GNULIB_TEST_FPRINTF_POSIX 1
#define HAVE___FPURGE 1
#define HAVE_DECL_FPURGE 0
#define GNULIB_TEST_FPURGE 1
#define HAVE___FREADING 1
#define GNULIB_TEST_FREE_POSIX 1
#define HAVE_FREXP_IN_LIBC 1
#define GNULIB_TEST_FREXP 1
#define HAVE_FREXPL_IN_LIBC 1
#define GNULIB_TEST_FREXPL 1
#define GNULIB_TEST_FSEEK 1
#define FUNC_FFLUSH_STDIN 1
#define GNULIB_TEST_FSEEKO 1
#define HAVE___FSETERR 1
#define GNULIB_TEST_FSTAT 1
#define GNULIB_FSTAT 1
#define GNULIB_TEST_FSYNC 1
#define GNULIB_TEST_FTELL 1
#define GNULIB_TEST_FTELLO 1
#define GNULIB_TEST_GETCWD 1
#define GNULIB_TEST_GETDTABLESIZE 1
#define __GETOPT_PREFIX rpl_
#define GNULIB_TEST_GETOPT_POSIX 1
#define HAVE_DECL_PROGRAM_INVOCATION_NAME 1
#define HAVE_DECL_PROGRAM_INVOCATION_NAME 1
#define HAVE_DECL_PROGRAM_INVOCATION_SHORT_NAME 1
#define HAVE_DECL___ARGV 0
#define GNULIB_TEST_GETPROGNAME 1
#define HAVE_TIMESPEC_GET 1
#define GETTIMEOFDAY_TIMEZONE void
#define GNULIB_TEST_GETTIMEOFDAY 1
#define HAVE_ISNAND_IN_LIBC 1
#define HAVE_ISNANF_IN_LIBC 1
#define HAVE_ISNANL_IN_LIBC 1
#define GNULIB_TEST_LSEEK 1
#define GNULIB_TEST_LSTAT 1
#define GNULIB_LSTAT 1
#define GNULIB_TEST_MALLOC_GNU 1
#define GNULIB_TEST_MALLOC_POSIX 1
#define GNULIB_TEST_MBSZERO 1
#define GNULIB_TEST_MEMCHR 1
#define HAVE_MEMPCPY 1
#define GNULIB_TEST_MEMPCPY 1
#define HAVE_MEMRCHR 1
#define GNULIB_TEST_MEMRCHR 1
#define GNULIB_MSVC_NOTHROW 1
#define GNULIB_TEST_OPEN 1
#define GNULIB_OPENAT 1
#define GNULIB_TEST_OPENAT 1
#define GNULIB_OPENAT_SAFER 1
#define HAVE_OPENDIR 1
#define GNULIB_TEST_OPENDIR 1
#define GNULIB_TEST_PIPE 1
#define HAVE_FREXP_IN_LIBC 1
#define HAVE_LDEXP_IN_LIBC 1
#define HAVE_FREXPL_IN_LIBC 1
#define HAVE_LDEXPL_IN_LIBC 1
#define NEED_PRINTF_DIRECTIVE_B 1
#define REPLACE_PRINTF_POSIX 1
#define GNULIB_TEST_PRINTF_POSIX 1
#define GNULIB_TEST_QSORT_R 1
#define HAVE_RAISE 1
#define GNULIB_TEST_RAISE 1
#define HAVE_READDIR 1
#define GNULIB_TEST_READDIR 1
#define HAVE_REALLOC_0_NONNULL 1
#define GNULIB_TEST_REALLOC_POSIX 1
#define HAVE_REALLOCARRAY 1
#define GNULIB_REALLOCARRAY 1
#define GNULIB_TEST_REALLOCARRAY 1
#define GNULIB_TEST_RMDIR 1
#define HAVE_STRUCT_SIGACTION_SA_SIGACTION 1
#define GNULIB_TEST_SIGACTION 1
#define GNULIB_TEST_SIGNBIT 1
#define GNULIB_TEST_SIGPROCMASK 1
#define HAVE_STDINT_H 1
#define GNULIB_TEST_STAT 1
#define GNULIB_STAT 1
#define HAVE_STRUCT_STAT_ST_ATIM_TV_NSEC 1
#define TYPEOF_STRUCT_STAT_ST_ATIM_IS_STRUCT_TIMESPEC 1
#define GNULIB_TEST_FSCANF 1
#define GNULIB_FSCANF 1
#define GNULIB_TEST_SCANF 1
#define GNULIB_SCANF 1
#define GNULIB_TEST_FGETC 1
#define GNULIB_TEST_GETC 1
#define GNULIB_TEST_GETCHAR 1
#define GNULIB_TEST_FGETS 1
#define GNULIB_TEST_FREAD 1
#define GNULIB_TEST_FPRINTF 1
#define GNULIB_TEST_PRINTF 1
#define GNULIB_TEST_VFPRINTF 1
#define GNULIB_TEST_VPRINTF 1
#define GNULIB_TEST_FPUTC 1
#define GNULIB_TEST_PUTC 1
#define GNULIB_TEST_PUTCHAR 1
#define GNULIB_TEST_FPUTS 1
#define GNULIB_TEST_PUTS 1
#define GNULIB_TEST_FWRITE 1
#define HAVE_STPCPY 1
#define GNULIB_TEST_STPCPY 1
#define GNULIB_TEST_STRDUP 1
#define GNULIB_STRERROR 1
#define GNULIB_TEST_STRERROR 1
#define GNULIB_TEST_TIME 1
#define GNULIB_UNISTD_SAFER 1
#define GNULIB_TEST_UNLINK 1
#define GNULIB_TEST_UNLINKAT 1
#define HAVE_UTIME 1
#define GNULIB_TEST_UTIME 1
#define HAVE_FUTIMES 1
#define HAVE_FUTIMESAT 1
#define HAVE_LUTIMES 1
#define HAVE_FUTIMENS 1
#define HAVE_UTIMENSAT 1
#define HAVE_C_VARARRAYS 1
#define NEED_PRINTF_DIRECTIVE_B 1
#define REPLACE_VFPRINTF_POSIX 1
#define GNULIB_TEST_VFPRINTF_POSIX 1
#define GNULIB_VFPRINTF_POSIX 1
#define GNULIB_TEST_VFZPRINTF 1
#define GNULIB_XALLOC 1
#define GNULIB_XALLOC_DIE 1
#define HAVE_STDINT_H 1
#define GNULIB_NO_VLA 1
#define HAVE_DIRENT_H 1

configure: exit 0n